meeting_key,session_key,driver_number,lap_number,date_start,duration_sector_1,duration_sector_2,duration_sector_3,i1_speed,i2_speed,is_pit_out_lap,lap_duration,segments_sector_1,segments_sector_2,segments_sector_3,st_speed
1217,9149,20,1,,,29.953,39.577,243.0,255.0,False,,"[None, 2064, 2064, 2049, 2049, 2049, 2049, 2049]","[2049, 2049, 2049, 2049, 2049, 2049, 2049, 2049]","[2049, 2049, 2049, 2049, 2049, 2049, 2064]",
1217,9149,1,1,2023-08-27T13:03:05.333000+00:00,32.561,28.929,30.478,266.0,258.0,False,91.968,"[None, 2049, 2051, 2051, 2051, 2049, 2049, 2049]","[2049, 2049, 2049, 2049, 2051, 2049, 2049, 2049]","[2049, 2051, 2049, 2051, 2049, 2049, 2051]",205.0
1217,9149,16,1,2023-08-27T13:03:05.333000+00:00,35.128,29.565,38.556,270.0,268.0,False,103.249,"[2049, 2049, 2049, 2049, 2049, 2049, 2049, 2049]","[2049, 2049, 2049, 2049, 2049, 2049, 2049, 2049]","[2049, 2049, 2049, 2049, 2049, 2049, 2064]",204.0
1217,9149,4,1,2023-08-27T13:03:05.333000+00:00,33.432,28.594,30.567,276.0,256.0,False,92.593,"[None, 2051, 2049, 2049, 2049, 2049, 2049, 2049]","[2049, 2049, 2051, 2049, 2049, 2049, 2051, 2049]","[2049, 2049, 2049, 2049, 2049, 2049, 2051]",210.0
1217,9149,2,1,2023-08-27T13:03:05.333000+00:00,36.537,30.081,33.506,234.0,269.0,False,100.124,"[2049, 2049, 2049, 2049, 2049, 2049, 2049, 2049]","[2049, 2049, 2049, 2049, 2049, 2049, 2049, 2049]","[2049, 2049, 2049, 2049, 2049, 2049, 0]",186.0
1217,9149,18,1,2023-08-27T13:03:05.333000+00:00,35.417,29.907,32.066,269.0,260.0,False,97.39,"[2049, 2049, 2049, 2049, 2049, 2049, 2049, 2049]","[2049, 2049, 2049, 2049, 2049, 2049, 2049, 2049]","[2049, 2049, 2049, 2049, 2049, 2049, 0]",222.0
1217,9149,63,1,2023-08-27T13:03:05.333000+00:00,34.11,28.82,30.679,271.0,253.0,False,93.609,"[None, 2049, 2049, 2049, 2049, 2049, 2049, 2049]","[2049, 2049, 2049, 2049, 2049, 2049, 2049, 2049]","[2049, 2049, 2049, 2049, 2051, 2049, 2048]",210.0
1217,9149,10,1,2023-08-27T13:03:05.333000+00:00,35.654,29.821,38.852,249.0,262.0,False,104.327,"[2049, 2049, 2049, 2049, 2049, 2049, 2049, 2049]","[2049, 2049, 2049, 2049, 2049, 2049, 2049, 2049]","[2049, 2049, 2049, 2049, 2049, 2049, 2064]",189.0
1217,9149,23,1,2023-08-27T13:03:05.333000+00:00,34.243,29.096,31.301,266.0,266.0,False,94.64,"[None, 2049, 2049, 2049, 2049, 2049, 2049, 2049]","[2049, 2049, 2049, 2049, 2049, 2049, 2049, 2049]","[2049, 2049, 2049, 2049, 2049, 2049, 2051]",215.0
1217,9149,44,1,2023-08-27T13:03:05.333000+00:00,36.381,29.606,33.122,230.0,266.0,False,99.109,"[2049, 2049, 2049, 2049, 2049, 2049, 2049, 2049]","[2049, 2049, 2049, 2049, 2049, 2049, 2049, 2049]","[2049, 2049, 2049, 2049, 2049, 2049, 0]",205.0
1217,9149,27,1,2023-08-27T13:03:05.333000+00:00,36.03,29.602,32.789,260.0,265.0,False,98.421,"[2049, 2049, 2049, 2049, 2049, 2049, 2049, 2049]","[2049, 2049, 2049, 2049, 2049, 2049, 2049, 2051]","[2049, 2049, 2049, 2049, 2049, 2049, 0]",210.0
1217,9149,24,1,2023-08-27T13:03:05.333000+00:00,36.784,29.945,39.176,247.0,263.0,False,105.905,"[2049, 2049, 2049, 2049, 2049, 2049, 2051, 2049]","[2049, 2049, 2049, 2049, 2049, 2049, 2049, 2049]","[2049, 2049, 2049, 2049, 2049, 2049, 2064]",200.0
1217,9149,14,1,2023-08-27T13:03:05.333000+00:00,33.77,28.764,30.59,272.0,256.0,False,93.124,"[None, 2049, 2049, 2049, 2049, 2051, 2049, 2049]","[2051, 2049, 2049, 2051, 2049, 2049, 2049, 2049]","[2049, 2049, 2051, 2049, 2049, 2051, 2048]",215.0
1217,9149,31,1,2023-08-27T13:03:05.333000+00:00,36.588,29.897,33.03,247.0,263.0,False,99.515,"[2049, 2049, 2049, 2049, 2049, 2049, 2049, 2049]","[2049, 2049, 2049, 2049, 2049, 2049, 2049, 2049]","[2049, 2049, 2049, 2049, 2049, 2049, 0]",231.0
1217,9149,81,1,2023-08-27T13:03:05.333000+00:00,35.358,29.247,31.488,275.0,263.0,False,96.093,"[2049, 2049, 2049, 2049, 2049, 2049, 2049, 2051]","[2049, 2049, 2049, 2049, 2049, 2049, 2049, 2049]","[2049, 2049, 2049, 2049, 2049, 2051, 0]",189.0
1217,9149,55,1,2023-08-27T13:03:05.333000+00:00,34.412,29.401,31.249,260.0,266.0,False,95.062,"[None, 2049, 2049, 2049, 2049, 2049, 2049, 2049]","[2049, 2051, 2049, 2049, 2049, 2049, 2049, 2049]","[2051, 2049, 2049, 2049, 2049, 2049, 2051]",203.0
1217,9149,11,1,2023-08-27T13:03:05.333000+00:00,34.622,29.339,36.163,267.0,265.0,False,100.124,"[None, 2049, 2049, 2049, 2049, 2049, 2049, 2049]","[2049, 2049, 2049, 2049, 2049, 2049, 2049, 2049]","[2049, 2049, 2049, 2049, 2049, 2049, 2064]",207.0
1217,9149,77,1,2023-08-27T13:03:05.333000+00:00,36.284,29.254,32.586,241.0,262.0,False,98.124,"[2049, 2049, 2049, 2049, 2049, 2049, 2049, 2049]","[2049, 2049, 2049, 2049, 2049, 2051, 2049, 2049]","[2049, 2049, 2049, 2049, 2049, 2049, 0]",216.0
1217,9149,22,1,2023-08-27T13:03:05.333000+00:00,37.088,30.312,39.927,241.0,234.0,False,107.327,"[2049, 2049, 2049, 2049, 2049, 2049, 2049, 2049]","[2049, 2049, 2049, 2049, 2049, 2049, 2049, 2049]","[2049, 2049, 2049, 2049, 2049, 2049, 2064]",183.0
1217,9149,40,1,2023-08-27T13:03:05.333000+00:00,37.249,30.748,42.908,252.0,239.0,False,110.905,"[2049, 2049, 2049, 2049, 2049, 2049, 2049, 2049]","[2049, 2049, 2049, 2049, 2049, 2049, 2049, 2049]","[2049, 2049, 2049, 2049, 2049, 2049, 2064]",206.0
1217,9149,1,2,2023-08-27T13:04:37.300000+00:00,36.33,36.685,36.957,211.0,211.0,False,109.972,"[2049, 2048, 2048, 2048, 2048, 2048, 2048, 2048]","[2048, 2048, 2048, 2048, 2048, 2048, 2048, 2048]","[2048, 2048, 2048, 2048, 2048, 2048, 2064]",207.0
1217,9149,4,2,2023-08-27T13:04:37.925000+00:00,37.353,36.44,34.055,209.0,232.0,False,107.848,"[2049, 2048, 2048, 2048, 2048, 2048, 2048, 2048]","[2048, 2048, 2048, 2048, 2048, 2048, 2048, 2048]","[2048, 2048, 2048, 2048, 2048, 2048]",189.0
1217,9149,14,2,2023-08-27T13:04:38.456000+00:00,36.326,36.088,37.731,209.0,217.0,False,110.145,"[2049, 2048, 2048, 2048, 2048, 2048, 2048, 2048]","[2048, 2048, 2048, 2048, 2048, 2048, 2048, 2048]","[2048, 2048, 2048, 2048, 2048, 2048, 2064]",185.0
1217,9149,63,2,2023-08-27T13:04:38.941000+00:00,37.093,36.472,33.596,208.0,177.0,False,107.161,"[2049, 2048, 2048, 2048, 2048, 2048, 2048, 2048]","[2048, 2048, 2048, 2048, 2048, 2048, 2048, 2048]","[2048, 2048, 2048, 2048, 2048, 2048]",179.0
1217,9149,23,2,2023-08-27T13:04:39.972000+00:00,36.857,36.643,34.68,218.0,210.0,False,108.18,"[2049, 2048, 2048, 2048, 2048, 2048, 2048, 2048]","[2048, 2048, 2048, 2048, 2048, 2048, 2048, 2048]","[2048, 2048, 2048, 2048, 2048, 2048]",204.0
1217,9149,55,2,2023-08-27T13:04:40.394000+00:00,37.457,37.208,38.452,197.0,216.0,False,113.117,"[2051, 2048, 2048, 2048, 2048, 2048, 2048, 2048]","[2048, 2048, 2048, 2048, 2048, 2048, 2048, 2048]","[2048, 2048, 2048, 2048, 2048, 2048, 2064]",200.0
1217,9149,81,2,2023-08-27T13:04:41.425000+00:00,37.722,37.531,33.856,195.0,186.0,False,109.109,"[None, 2048, 2048, 2048, 2048, 2048, 2048, 2048]","[2048, 2048, 2048, 2048, 2048, 2048, 2048, 2048]","[2048, 2048, 2048, 2048, 2048, 2048, 2048]",179.0
1217,9149,18,2,2023-08-27T13:04:42.722000+00:00,38.39,37.67,34.181,193.0,213.0,False,110.241,"[None, 2048, 2048, 2048, 2048, 2048, 2048, 2048]","[2048, 2048, 2048, 2048, 2048, 2048, 2048, 2048]","[2048, 2048, 2048, 2048, 2048, 2049]",192.0
1217,9149,77,2,2023-08-27T13:04:43.456000+00:00,37.938,38.497,34.477,184.0,204.0,False,110.912,"[None, 2048, 2048, 2048, 2048, 2048, 2048, 2048]","[2048, 2048, 2048, 2048, 2048, 2048, 2048, 2048]","[2048, 2048, 2048, 2048, 2048, 2048]",198.0
1217,9149,27,2,2023-08-27T13:04:43.753000+00:00,37.884,38.605,34.715,194.0,213.0,False,111.204,"[None, 2048, 2048, 2048, 2048, 2048, 2048, 2048]","[2048, 2048, 2048, 2048, 2048, 2048, 2048, 2048]","[2048, 2048, 2048, 2048, 2048, 2048, 2048]",192.0
1217,9149,44,2,2023-08-27T13:04:44.441000+00:00,39.117,39.717,35.516,192.0,191.0,False,114.35,"[None, 2048, 2048, 2048, 2048, 2048, 2048, 2048]","[2048, 2048, 2048, 2048, 2048, 2048, 2048, 2048]","[2048, 2048, 2048, 2048, 2048, 2048]",186.0
1217,9149,31,2,2023-08-27T13:04:44.847000+00:00,37.481,38.425,41.069,203.0,197.0,False,116.975,"[None, 2048, 2048, 2048, 2048, 2048, 2048, 2048]","[2048, 2048, 2048, 2048, 2048, 2048, 2048, 2048]","[2048, 2048, 2048, 2048, 2048, 2048, 2064]",193.0
1217,9149,11,2,2023-08-27T13:04:45.456000+00:00,52.335,29.343,27.935,269.0,258.0,True,109.613,"[None, 2064, 2064, 2048, 2049, 2048, 2048, 2048]","[2051, 2051, 2049, 2049, 2048, 2048, 2048, 2048]","[2049, 2049, 2049, 2051, 2051, 2051, 0]",
1217,9149,2,2,2023-08-27T13:04:45.456000+00:00,38.342,39.828,35.274,197.0,192.0,False,113.444,"[None, 2048, 2048, 2048, 2048, 2048, 2048, 2048]","[2048, 2048, 2048, 2048, 2048, 2048, 2048, 2048]","[2048, 2048, 2048, 2049, 2048, 2048]",178.0
1217,9149,16,2,2023-08-27T13:04:48.581000+00:00,62.095,30.229,26.645,260.0,264.0,True,118.969,"[2064, 2064, 2064, 2048, 2049, 2049, 2048, 2048]","[2049, 2048, 2048, 2048, 2049, 2048, 2048, 2048]","[2051, 2049, 2049, 2051, 2049, 2049, 2049]",
1217,9149,10,2,2023-08-27T13:04:49.659000+00:00,58.024,29.706,26.727,267.0,254.0,True,114.457,"[2064, 2064, 2064, 2048, 2049, 2048, 2048, 2049]","[2049, 2049, 2049, 2048, 2049, 2048, 2048, 2048]","[2049, 2049, 2051, 2049, 2051, 2051, 0]",
1217,9149,24,2,2023-08-27T13:04:51.237000+00:00,55.076,30.573,26.957,253.0,253.0,True,112.606,"[2064, 2064, 2064, 2048, 2048, 2048, 2048, 2049]","[2049, 2048, 2048, 2049, 2049, 2048, 2048, 2048]","[2049, 2049, 2049, 2049, 2049, 2049, 2051]",
1217,9149,22,2,2023-08-27T13:04:52.659000+00:00,61.721,30.084,27.04,247.0,256.0,True,118.845,"[2064, 2064, 2064, 2048, 2049, 2048, 2048, 2049]","[2049, 2049, 2048, 2049, 2049, 2048, 2049, 2048]","[2049, 2049, 2049, 2049, 2049, 2049, 2049]",
1217,9149,40,2,2023-08-27T13:04:56.237000+00:00,72.898,30.526,26.539,246.0,257.0,True,129.963,"[2064, 2064, 2064, 2048, 2049, 2048, 2048, 2048]","[2049, 2049, 2049, 2049, 2049, 2048, 2049, 2048]","[2049, 2049, 2051, 2049, 2049, 2049, 2049]",
1217,9149,20,2,2023-08-27T13:04:57.722000+00:00,61.517,30.148,26.647,242.0,257.0,True,118.312,"[None, 2064, 2064, 2048, 2048, 2048, 2048, 2049]","[2049, 2049, 2048, 2049, 2048, 2048, 2048, 2049]","[2049, 2051, 2049, 2049, 2049, 2049, 0]",
1217,9149,4,3,2023-08-27T13:06:25.751000+00:00,38.955,38.188,38.001,203.0,238.0,False,115.144,"[2048, 2048, 2048, 2048, 2048, 2048, 2048, 2048]","[2048, 2048, 2048, 2048, 2048, 2048, 2048, 2048]","[2048, 2048, 2048, 2048, 2048, 2048, 2064]",183.0
1217,9149,63,3,2023-08-27T13:06:26.017000+00:00,36.878,37.547,32.485,202.0,222.0,False,106.91,"[None, 2048, 2048, 2048, 2048, 2048, 2048, 2048]","[2048, 2048, 2048, 2048, 2048, 2048, 2048, 2048]","[2048, 2048, 2048, 2048, 2048, 2048, 2048]",191.0
1217,9149,1,3,2023-08-27T13:06:27.329000+00:00,49.822,30.905,27.931,255.0,256.0,True,108.658,"[2064, 2064, 2064, 2048, 2048, 2048, 2048, 2048]","[2049, 2049, 2048, 2048, 2048, 2048, 2048, 2048]","[2049, 2049, 2049, 2049, 2049, 2049, 0]",
1217,9149,23,3,2023-08-27T13:06:28.079000+00:00,37.411,38.924,33.901,201.0,204.0,False,110.236,"[2048, 2048, 2048, 2048, 2048, 2048, 2048, 2048]","[2048, 2048, 2048, 2048, 2048, 2048, 2048, 2048]","[2048, 2048, 2048, 2048, 2048, 2048]",186.0
1217,9149,14,3,2023-08-27T13:06:28.673000+00:00,50.061,31.83,27.466,223.0,246.0,True,109.357,"[2064, 2064, 2064, 2048, 2048, 2048, 2048, 2048]","[2048, 2048, 2048, 2048, 2048, 2048, 2048, 2048]","[2048, 2049, 2051, 2049, 2049, 2049, 0]",
1217,9149,81,3,2023-08-27T13:06:30.314000+00:00,36.883,38.403,34.19,209.0,202.0,False,109.476,"[None, 2049, 2048, 2048, 2048, 2048, 2048, 2048]","[2048, 2048, 2048, 2048, 2048, 2048, 2048, 2048]","[2048, 2048, 2048, 2048, 2048, 2048]",199.0
1217,9149,18,3,2023-08-27T13:06:32.923000+00:00,37.623,39.423,34.984,214.0,206.0,False,112.03,"[2049, 2048, 2048, 2048, 2048, 2048, 2048, 2048]","[2048, 2048, 2048, 2048, 2048, 2048, 2048, 2048]","[2048, 2048, 2048, 2048, 2048, 2048, 2048]",208.0
1217,9149,55,3,2023-08-27T13:06:33.611000+00:00,49.987,30.541,27.697,268.0,263.0,True,108.225,"[2064, 2064, 2064, 2048, 2049, 2048, 2048, 2048]","[2049, 2048, 2048, 2048, 2048, 2048, 2048, 2048]","[2048, 2049, 2049, 2049, 2049, 2049, 2051]",
1217,9149,77,3,2023-08-27T13:06:34.439000+00:00,37.694,39.466,35.164,195.0,202.0,False,112.324,"[None, 2048, 2048, 2048, 2048, 2048, 2048, 2048]","[2048, 2048, 2048, 2048, 2048, 2048, 2048, 2048]","[2048, 2048, 2048, 2048, 2048, 2048, 2048]",197.0
1217,9149,11,3,2023-08-27T13:06:34.986000+00:00,30.629,30.482,26.411,231.0,257.0,False,87.522,"[2049, 2049, 2048, 2048, 2049, 2048, 2048, 2048]","[2048, 2048, 2048, 2048, 2048, 2048, 2049, 2048]","[2049, 2051, 2049, 2051, 2049, 2049]",244.0
1217,9149,27,3,2023-08-27T13:06:34.986000+00:00,37.513,39.9,34.779,205.0,189.0,False,112.192,"[None, 2048, 2048, 2048, 2048, 2048, 2048, 2048]","[2048, 2048, 2048, 2048, 2048, 2048, 2048, 2048]","[2048, 2048, 2048, 2048, 2048, 2048, 2048]",
1217,9149,44,3,2023-08-27T13:06:38.845000+00:00,39.04,40.203,39.772,188.0,206.0,False,119.015,"[None, 2048, 2048, 2048, 2048, 2048, 2048, 2048]","[2048, 2048, 2048, 2048, 2048, 2048, 2048, 2048]","[2048, 2048, 2048, 2048, 2048, 2048, 2064]",192.0
1217,9149,2,3,2023-08-27T13:06:38.923000+00:00,39.442,41.288,35.458,187.0,182.0,False,116.188,"[None, 2048, 2048, 2048, 2048, 2048, 2048, 2048]","[2048, 2048, 2048, 2048, 2048, 2048, 2048, 2048]","[2048, 2048, 2048, 2048, 2048, 2048]",181.0
1217,9149,31,3,2023-08-27T13:06:41.814000+00:00,51.938,30.188,27.969,267.0,256.0,True,110.095,"[2064, 2064, 2064, 2048, 2049, 2048, 2048, 2049]","[2049, 2049, 2048, 2048, 2049, 2048, 2049, 2048]","[2049, 2049, 2049, 2049, 2049, 2049, 0]",
1217,9149,24,3,2023-08-27T13:06:43.907000+00:00,30.667,31.424,27.835,270.0,238.0,False,89.926,"[2049, 2049, 2049, 2049, 2049, 2048, 2048, 2049]","[2049, 2048, 2048, 2048, 2048, 2048, 2048, 2048]","[2048, 2048, 2048, 2048, 2048, 2048]",255.0
1217,9149,10,3,2023-08-27T13:06:43.970000+00:00,30.994,31.092,29.38,276.0,239.0,False,91.466,"[2049, 2049, 2048, 2048, 2048, 2048, 2048, 2049]","[2049, 2049, 2048, 2048, 2048, 2048, 2049, 2048]","[2048, 2048, 2048, 2048, 2048, 2048]",226.0
1217,9149,16,3,2023-08-27T13:06:47.548000+00:00,30.696,31.595,27.99,214.0,266.0,False,90.281,"[2051, 2049, 2048, 2048, 2049, 2049, 2048, 2048]","[2048, 2048, 2048, 2048, 2048, 2048, 2048, 2048]","[2051, 2048, 2049, 2048, 2048, 2048]",250.0
1217,9149,22,3,2023-08-27T13:06:51.454000+00:00,29.403,31.434,28.91,266.0,243.0,False,89.747,"[2049, 2049, 2049, 2049, 2049, 2048, 2048, 2049]","[2049, 2048, 2048, 2048, 2048, 2048, 2049, 2048]","[2048, 2048, 2048, 2048, 2048, 2048]",264.0
1217,9149,20,3,2023-08-27T13:06:55.938000+00:00,29.947,30.181,28.07,268.0,257.0,False,88.198,"[2049, 2049, 2049, 2049, 2048, 2049, 2048, 2049]","[2049, 2049, 2049, 2048, 2048, 2049, 2048, 2049]","[2048, 2048, 2048, 2048, 2048, 2048]",248.0
1217,9149,40,3,2023-08-27T13:07:06.141000+00:00,29.987,29.395,27.436,275.0,258.0,False,86.818,"[2049, 2051, 2049, 2051, 2049, 2048, 2048, 2049]","[2049, 2049, 2049, 2049, 2049, 2048, 2048, 2048]","[2049, 2049, 2048, 2048, 2048, 2048]",278.0
1217,9149,11,4,2023-08-27T13:08:02.484000+00:00,29.484,28.711,26.147,276.0,258.0,False,84.342,"[None, 2049, 2049, 2049, 2051, 2048, 2048, 2048]","[2049, 2051, 2049, 2049, 2048, 2048, 2049, 2048]","[2049, 2051, 2051, 2051, 2048, 2048]",265.0
1217,9149,63,4,2023-08-27T13:08:12.937000+00:00,35.709,37.155,36.917,217.0,198.0,False,109.781,"[None, 2048, 2048, 2048, 2048, 2048, 2048, 2048]","[2048, 2048, 2048, 2048, 2048, 2048, 2048, 2048]","[2048, 2048, 2048, 2048, 2048, 2048, 2064]",208.0
1217,9149,24,4,2023-08-27T13:08:13.624000+00:00,30.041,29.113,26.132,273.0,256.0,False,85.286,"[2048, 2048, 2049, 2049, 2049, 2048, 2048, 2049]","[2049, 2049, 2049, 2049, 2049, 2049, 2049, 2048]","[2049, 2049, 2049, 2049, 2049, 2049]",221.0
1217,9149,10,4,2023-08-27T13:08:15.531000+00:00,30.035,28.887,26.086,269.0,257.0,False,85.008,"[2048, 2049, 2048, 2049, 2049, 2048, 2048, 2048]","[2048, 2049, 2049, 2049, 2049, 2048, 2049, 2048]","[2049, 2049, 2049, 2049, 2049, 2048]",258.0
1217,9149,1,4,2023-08-27T13:08:15.827000+00:00,29.996,29.479,25.776,269.0,263.0,False,85.251,"[2049, 2048, 2048, 2048, 2048, 2048, 2048, 2048]","[2049, 2049, 2048, 2048, 2048, 2049, 2048, 2049]","[2049, 2049, 2049, 2049, 2051, 2049]",252.0
1217,9149,16,4,2023-08-27T13:08:17.687000+00:00,29.466,30.102,26.284,276.0,266.0,False,85.852,"[2048, 2049, 2049, 2049, 2049, 2048, 2048, 2049]","[2051, 2049, 2048, 2048, 2048, 2048, 2048, 2048]","[2048, 2049, 2049, 2049, 2049, 2049]",
1217,9149,14,4,2023-08-27T13:08:18.124000+00:00,29.727,29.997,26.501,261.0,256.0,False,86.225,"[2049, 2049, 2049, 2048, 2049, 2048, 2048, 2048]","[2048, 2049, 2048, 2048, 2048, 2048, 2048, 2049]","[2049, 2049, 2049, 2049, 2049, 2049]",250.0
1217,9149,23,4,2023-08-27T13:08:18.312000+00:00,36.804,37.863,33.674,,215.0,False,108.341,"[None, 2048, 2048, 2048, 2048, 2048, 2048, 2048]","[2048, 2048, 2048, 2048, 2048, 2048, 2048, 2048]","[2048, 2048, 2048, 2048, 2048, 2048, 2048]",202.0
1217,9149,81,4,2023-08-27T13:08:19.781000+00:00,36.056,38.542,33.071,217.0,205.0,False,107.669,"[None, 2049, 2048, 2048, 2048, 2048, 2048, 2048]","[2048, 2048, 2048, 2048, 2048, 2048, 2048, 2048]","[2048, 2048, 2049, 2048, 2048, 2048, 2048]",201.0
1217,9149,4,4,2023-08-27T13:08:20.984000+00:00,50.443,30.068,27.026,226.0,254.0,True,107.537,"[2064, 2064, 2064, 2048, 2048, 2048, 2048, 2048]","[2048, 2048, 2048, 2048, 2048, 2048, 2048, 2048]","[2048, 2048, 2049, 2049, 2049, 2049, 2049]",
1217,9149,22,4,2023-08-27T13:08:21.124000+00:00,31.397,30.784,26.892,259.0,251.0,False,89.073,"[2048, 2048, 2048, 2048, 2048, 2048, 2048, 2048]","[2049, 2049, 2048, 2048, 2048, 2048, 2049, 2048]","[2049, 2048, 2049, 2048, 2049, 2049]",244.0
1217,9149,55,4,2023-08-27T13:08:21.687000+00:00,30.296,29.687,25.751,277.0,263.0,False,85.734,"[2051, 2049, 2048, 2048, 2049, 2048, 2048, 2049]","[2049, 2049, 2048, 2048, 2049, 2048, 2049, 2048]","[2049, 2049, 2051, 2051, 2049, 2051]",252.0
1217,9149,20,4,2023-08-27T13:08:24.124000+00:00,31.186,30.205,25.906,211.0,261.0,False,87.297,"[2048, 2049, 2049, 2049, 2048, 2048, 2048, 2048]","[2048, 2048, 2049, 2049, 2048, 2048, 2048, 2049]","[2049, 2049, 2049, 2049, 2049, 2049]",244.0
1217,9149,18,4,2023-08-27T13:08:25.093000+00:00,36.411,38.134,39.496,226.0,240.0,False,114.041,"[2048, 2048, 2048, 2048, 2048, 2048, 2048, 2048]","[2048, 2048, 2048, 2048, 2048, 2048, 2048, 2048]","[2048, 2048, 2048, 2048, 2048, 2048, 2064]",187.0
1217,9149,77,4,2023-08-27T13:08:26.765000+00:00,35.906,38.267,34.073,186.0,213.0,False,108.246,"[2048, 2048, 2048, 2048, 2048, 2048, 2048, 2048]","[2048, 2048, 2048, 2048, 2048, 2048, 2048, 2048]","[2048, 2048, 2048, 2049, 2048, 2049]",193.0
1217,9149,27,4,2023-08-27T13:08:27.202000+00:00,35.923,38.476,34.054,198.0,204.0,False,108.453,"[None, 2048, 2048, 2048, 2048, 2048, 2048, 2048]","[2048, 2048, 2048, 2048, 2048, 2048, 2048, 2048]","[2048, 2048, 2048, 2048, 2048, 2048]",
1217,9149,31,4,2023-08-27T13:08:31.765000+00:00,30.256,30.615,26.058,250.0,257.0,False,86.929,"[2049, 2049, 2049, 2049, 2049, 2048, 2048, 2048]","[2048, 2048, 2048, 2049, 2048, 2048, 2049, 2048]","[2049, 2048, 2049, 2051, 2049, 2049]",256.0
1217,9149,40,4,2023-08-27T13:08:32.890000+00:00,30.199,31.102,27.142,224.0,258.0,False,88.443,"[None, 2048, 2049, 2048, 2048, 2048, 2048, 2048]","[2048, 2048, 2048, 2048, 2048, 2048, 2048, 2048]","[2048, 2048, 2049, 2049, 2049, 2049, 2049]",268.0
1217,9149,2,4,2023-08-27T13:08:35.108000+00:00,36.184,38.817,33.686,203.0,221.0,False,108.687,"[None, 2049, 2048, 2048, 2048, 2048, 2048, 2048]","[2048, 2048, 2048, 2048, 2048, 2048, 2048, 2048]","[2048, 2048, 2049, 2049, 2048, 2048, 2048]",200.0
1217,9149,44,4,2023-08-27T13:08:38.015000+00:00,48.49,28.695,26.113,274.0,258.0,True,103.298,"[2064, 2064, 2064, 2048, 2049, 2048, 2049, 2049]","[2049, 2049, 2049, 2049, 2049, 2049, 2049, 2048]","[2049, 2051, 2051, 2049, 2049, 2049, 2049]",
1217,9149,11,5,2023-08-27T13:09:26.889000+00:00,28.765,29.44,25.895,278.0,258.0,False,84.1,"[2048, 2049, 2049, 2048, 2048, 2049, 2048, 2048]","[2048, 2048, 2048, 2048, 2048, 2048, 2048, 2048]","[2048, 2048, 2049, 2049, 2048, 2049]",268.0
1217,9149,24,5,2023-08-27T13:09:38.904000+00:00,28.865,29.076,26.036,275.0,256.0,False,83.977,"[None, 2049, 2049, 2048, 2048, 2049, 2048, 2049]","[2049, 2049, 2049, 2049, 2049, 2048, 2049, 2048]","[2049, 2048, 2049, 2048, 2048, 2048]",277.0
1217,9149,10,5,2023-08-27T13:09:40.451000+00:00,28.623,29.168,26.043,275.0,259.0,False,83.834,"[2049, 2049, 2049, 2049, 2049, 2049, 2049, 2049]","[2049, 2048, 2049, 2049, 2048, 2048, 2048, 2048]","[2049, 2049, 2048, 2049, 2049, 2048]",266.0
1217,9149,1,5,2023-08-27T13:09:41.107000+00:00,28.478,29.064,25.919,282.0,260.0,False,83.461,"[None, 2049, 2048, 2048, 2049, 2049, 2049, 2049]","[2049, 2049, 2048, 2048, 2048, 2048, 2048, 2049]","[2048, 2048, 2048, 2049, 2051, 2051]",279.0
1217,9149,16,5,2023-08-27T13:09:43.513000+00:00,29.027,29.768,26.18,282.0,265.0,False,84.975,"[2049, 2049, 2048, 2049, 2049, 2049, 2048, 2049]","[2049, 2049, 2048, 2048, 2048, 2048, 2048, 2048]","[2048, 2049, 2049, 2049, 2049, 2049, 2049]",276.0
1217,9149,14,5,2023-08-27T13:09:44.123000+00:00,28.791,29.539,26.602,281.0,261.0,False,84.932,"[None, 2049, 2049, 2049, 2049, 2048, 2049, 2049]","[2049, 2049, 2048, 2048, 2048, 2048, 2048, 2048]","[2048, 2049, 2049, 2048, 2048, 2048]",274.0
1217,9149,55,5,2023-08-27T13:09:47.404000+00:00,29.012,29.188,25.756,283.0,263.0,False,83.956,"[2048, 2049, 2048, 2049, 2049, 2048, 2049, 2049]","[2051, 2049, 2048, 2049, 2048, 2048, 2048, 2048]","[2049, 2048, 2049, 2048, 2049, 2049, 2048]",280.0
1217,9149,22,5,2023-08-27T13:09:50.154000+00:00,28.842,29.54,26.438,276.0,257.0,False,84.82,"[None, 2049, 2049, 2049, 2049, 2049, 2048, 2049]","[2049, 2049, 2049, 2049, 2048, 2048, 2048, 2048]","[2049, 2049, 2049, 2049, 2049, 2049, 2049]",274.0
1217,9149,20,5,2023-08-27T13:09:51.388000+00:00,28.48,29.788,25.999,280.0,259.0,False,84.267,"[2049, 2049, 2049, 2049, 2049, 2049, 2049, 2049]","[2049, 2048, 2048, 2048, 2048, 2048, 2048, 2049]","[2048, 2049, 2049, 2048, 2048, 2049, 2049]",275.0
1217,9149,31,5,2023-08-27T13:09:58.685000+00:00,28.351,29.188,25.841,274.0,256.0,False,83.38,"[None, 2049, 2049, 2049, 2049, 2049, 2048, 2049]","[2049, 2049, 2049, 2048, 2049, 2048, 2048, 2048]","[2049, 2048, 2049, 2048, 2049, 2049, 2049]",268.0
1217,9149,40,5,2023-08-27T13:10:01.294000+00:00,29.173,29.625,26.281,276.0,258.0,False,85.079,"[None, 2048, 2048, 2048, 2049, 2049, 2048, 2049]","[2049, 2049, 2049, 2049, 2048, 2048, 2048, 2048]","[2049, 2048, 2048, 2049, 2049, 2049, 2048]",275.0
1217,9149,63,5,2023-08-27T13:10:02.857000+00:00,49.452,29.553,28.143,275.0,250.0,True,107.148,"[2064, 2064, 2064, 2048, 2049, 2049, 2049, 2049]","[2049, 2049, 2048, 2048, 2048, 2048, 2048, 2048]","[2048, 2048, 2049, 2049, 2049, 2049, 2049]",
1217,9149,23,5,2023-08-27T13:10:06.747000+00:00,32.428,36.227,32.622,230.0,212.0,False,101.277,"[2049, 2048, 2048, 2048, 2048, 2048, 2048, 2048]","[2048, 2048, 2048, 2048, 2048, 2048, 2048, 2048]","[2048, 2048, 2048, 2048, 2049, 2048]",221.0
1217,9149,81,5,2023-08-27T13:10:07.529000+00:00,32.373,36.085,32.441,238.0,222.0,False,100.899,"[None, 2049, 2048, 2048, 2048, 2048, 2048, 2048]","[2048, 2048, 2048, 2048, 2048, 2048, 2048, 2048]","[2048, 2048, 2049, 2049, 2048, 2048]",218.0
1217,9149,4,5,2023-08-27T13:10:08.482000+00:00,29.482,28.507,25.697,275.0,258.0,False,83.686,"[2049, 2049, 2049, 2049, 2049, 2048, 2048, 2048]","[2049, 2051, 2051, 2048, 2048, 2048, 2048, 2049]","[2051, 2049, 2051, 2048, 2048, 2048]",258.0
1217,9149,77,5,2023-08-27T13:10:14.904000+00:00,31.304,35.245,32.311,244.0,239.0,False,98.86,"[2049, 2049, 2048, 2049, 2049, 2048, 2048, 2049]","[2049, 2048, 2048, 2048, 2048, 2048, 2048, 2048]","[2048, 2048, 2049, 2049, 2049, 2049, 2049]",234.0
1217,9149,27,5,2023-08-27T13:10:15.575000+00:00,31.673,35.389,32.544,244.0,249.0,False,99.606,"[None, 2049, 2049, 2049, 2049, 2048, 2048, 2048]","[2048, 2048, 2048, 2048, 2048, 2048, 2048, 2048]","[2049, 2048, 2049, 2049, 2049, 2049, 2049]",227.0
1217,9149,18,5,2023-08-27T13:10:19.153000+00:00,48.154,28.92,26.831,277.0,261.0,True,103.905,"[2064, 2064, 2064, 2048, 2049, 2049, 2049, 2049]","[2049, 2049, 2049, 2049, 2051, 2048, 2049, 2049]","[2049, 2049, 2049, 2049, 2049, 2049, 2049]",
1217,9149,44,5,2023-08-27T13:10:21.278000+00:00,28.363,30.537,27.148,275.0,259.0,False,86.048,"[2049, 2049, 2049, 2049, 2049, 2051, 2049, 2049]","[2049, 2048, 2048, 2048, 2048, 2048, 2048, 2048]","[2048, 2048, 2048, 2049, 2048, 2048, 2048]",269.0
1217,9149,2,5,2023-08-27T13:10:23.841000+00:00,33.53,36.151,33.335,242.0,249.0,False,103.016,"[None, 2048, 2048, 2049, 2048, 2048, 2048, 2049]","[2049, 2048, 2048, 2048, 2048, 2048, 2048, 2048]","[2048, 2049, 2049, 2048, 2049, 2049]",205.0
1217,9149,11,6,2023-08-27T13:10:51.075000+00:00,28.602,29.695,26.095,271.0,259.0,False,84.392,"[2049, 2048, 2049, 2049, 2049, 2048, 2048, 2048]","[2048, 2048, 2048, 2048, 2048, 2048, 2048, 2048]","[2048, 2048, 2048, 2048, 2048, 2049, 2049]",
1217,9149,24,6,2023-08-27T13:11:02.918000+00:00,28.419,29.16,25.943,,257.0,False,83.522,"[2049, 2049, 2049, 2049, 2049, 2049, 2048, 2049]","[2049, 2048, 2048, 2048, 2048, 2048, 2048, 2048]","[2049, 2048, 2048, 2049, 2049, 2049, 2049]",279.0
1217,9149,10,6,2023-08-27T13:11:04.325000+00:00,29.548,29.441,25.931,,258.0,False,84.92,"[None, 2051, 2048, 2049, 2049, 2048, 2048, 2048]","[2048, 2048, 2048, 2048, 2048, 2048, 2048, 2048]","[2049, 2048, 2048, 2049, 2049, 2048]",284.0
1217,9149,1,6,2023-08-27T13:11:04.637000+00:00,28.276,28.735,25.492,280.0,262.0,False,82.503,"[2051, 2049, 2049, 2048, 2049, 2048, 2048, 2048]","[2048, 2049, 2049, 2049, 2048, 2049, 2048, 2048]","[2049, 2049, 2049, 2049, 2048, 2048]",296.0
1217,9149,16,6,2023-08-27T13:11:08.903000+00:00,28.737,30.222,26.698,,259.0,False,85.657,"[2048, 2048, 2049, 2048, 2049, 2048, 2049, 2048]","[2051, 2049, 2048, 2048, 2048, 2048, 2048, 2048]","[2048, 2048, 2048, 2048, 2049, 2049]",262.0
1217,9149,14,6,2023-08-27T13:11:09.215000+00:00,28.514,29.587,25.874,276.0,261.0,False,83.975,"[2048, 2048, 2049, 2049, 2049, 2048, 2049, 2048]","[2048, 2049, 2048, 2048, 2048, 2049, 2048, 2048]","[2049, 2049, 2049, 2051, 2049, 2048, 2048]",269.0
1217,9149,55,6,2023-08-27T13:11:11.449000+00:00,28.826,29.619,25.852,281.0,264.0,False,84.297,"[2049, 2049, 2048, 2049, 2049, 2048, 2049, 2048]","[2048, 2048, 2049, 2048, 2048, 2048, 2048, 2048]","[2048, 2049, 2048, 2048, 2049, 2049, 2049]",286.0
1217,9149,22,6,2023-08-27T13:11:15.074000+00:00,28.909,29.497,26.432,275.0,258.0,False,84.838,"[2049, 2049, 2048, 2048, 2048, 2049, 2048, 2048]","[2049, 2048, 2049, 2049, 2048, 2048, 2048, 2048]","[2048, 2048, 2049, 2048, 2049, 2049, 2048]",283.0
1217,9149,20,6,2023-08-27T13:11:15.731000+00:00,28.793,30.563,26.31,272.0,256.0,False,85.666,"[None, 2049, 2048, 2048, 2048, 2049, 2048, 2048]","[2048, 2048, 2048, 2048, 2048, 2048, 2048, 2048]","[2048, 2048, 2048, 2048, 2048, 2048, 2048]",
1217,9149,31,6,2023-08-27T13:11:22.090000+00:00,28.501,29.565,25.983,276.0,259.0,False,84.049,"[None, 2049, 2048, 2048, 2048, 2048, 2048, 2049]","[2049, 2048, 2048, 2048, 2048, 2048, 2048, 2048]","[2048, 2049, 2048, 2048, 2049, 2049, 2049]",288.0
1217,9149,40,6,2023-08-27T13:11:26.480000+00:00,28.764,29.736,26.296,,259.0,False,84.796,"[2048, 2048, 2049, 2048, 2049, 2049, 2048, 2049]","[2048, 2049, 2048, 2049, 2048, 2048, 2048, 2048]","[2049, 2048, 2049, 2048, 2048, 2048]",271.0
1217,9149,4,6,2023-08-27T13:11:32.168000+00:00,28.016,28.714,25.673,276.0,258.0,False,82.403,"[2048, 2049, 2049, 2049, 2049, 2049, 2049, 2049]","[2049, 2048, 2048, 2048, 2048, 2048, 2048, 2048]","[2051, 2049, 2048, 2048, 2048, 2048]",271.0
1217,9149,44,6,2023-08-27T13:11:47.167000+00:00,28.064,30.181,26.081,268.0,258.0,False,84.326,"[2048, 2049, 2048, 2049, 2051, 2049, 2048, 2048]","[2048, 2048, 2048, 2048, 2048, 2048, 2048, 2048]","[2048, 2048, 2048, 2049, 2049, 2049]",
1217,9149,23,6,2023-08-27T13:11:47.933000+00:00,29.209,34.356,30.886,277.0,243.0,False,94.451,"[None, 2049, 2049, 2049, 2049, 2049, 2048, 2049]","[2049, 2048, 2048, 2048, 2048, 2048, 2048, 2048]","[2048, 2049, 2049, 2049, 2049, 2049, 2049]",236.0
1217,9149,81,6,2023-08-27T13:11:48.339000+00:00,29.178,34.455,31.531,271.0,251.0,False,95.164,"[None, 2049, 2049, 2049, 2049, 2049, 2048, 2048]","[2049, 2048, 2048, 2048, 2048, 2048, 2048, 2048]","[2048, 2048, 2049, 2048, 2048, 2049]",241.0
1217,9149,63,6,2023-08-27T13:11:49.964000+00:00,28.524,29.976,25.87,279.0,259.0,False,84.37,"[2049, 2049, 2049, 2049, 2049, 2049, 2049, 2049]","[2049, 2048, 2048, 2048, 2048, 2048, 2048, 2048]","[2049, 2049, 2049, 2051, 2049, 2048]",263.0
1217,9149,77,6,2023-08-27T13:11:53.871000+00:00,28.834,32.921,30.713,270.0,254.0,False,92.468,"[None, 2049, 2049, 2049, 2049, 2048, 2048, 2049]","[2049, 2048, 2048, 2048, 2048, 2048, 2048, 2048]","[2049, 2049, 2049, 2049, 2049, 2049, 2049]",273.0
1217,9149,27,6,2023-08-27T13:11:55.292000+00:00,28.66,32.757,31.031,270.0,254.0,False,92.448,"[None, 2049, 2051, 2049, 2049, 2048, 2049, 2049]","[2048, 2048, 2048, 2048, 2048, 2048, 2048, 2048]","[2049, 2049, 2049, 2048, 2049, 2049]",263.0
1217,9149,18,6,2023-08-27T13:12:03.058000+00:00,28.434,29.078,27.042,,262.0,False,84.554,"[2049, 2049, 2049, 2049, 2049, 2049, 2049, 2049]","[2048, 2049, 2049, 2048, 2048, 2048, 2048, 2049]","[2049, 2049, 2049, 2049, 2048, 2048]",268.0
1217,9149,2,6,2023-08-27T13:12:06.855000+00:00,31.79,34.352,32.237,261.0,249.0,False,98.379,"[None, 2049, 2048, 2048, 2049, 2048, 2048, 2049]","[2049, 2048, 2048, 2048, 2048, 2048, 2048, 2048]","[2048, 2049, 2049, 2049, 2049, 2049, 2049]",239.0
1217,9149,11,7,2023-08-27T13:12:15.448000+00:00,29.166,30.305,26.874,252.0,255.0,False,86.345,"[None, 2048, 2048, 2048, 2048, 2048, 2048, 2048]","[2048, 2048, 2048, 2048, 2048, 2048, 2048, 2048]","[2048, 2048, 2048, 2048, 2048, 2048, 2048]",267.0
1217,9149,24,7,2023-08-27T13:12:26.526000+00:00,29.468,29.789,26.192,277.0,258.0,False,85.449,"[None, 2049, 2048, 2048, 2048, 2048, 2048, 2049]","[2049, 2048, 2048, 2048, 2048, 2048, 2048, 2048]","[2048, 2048, 2048, 2048, 2049, 2049]",284.0
1217,9149,1,7,2023-08-27T13:12:27.104000+00:00,27.984,28.882,25.25,278.0,261.0,False,82.116,"[2048, 2048, 2048, 2049, 2049, 2049, 2049, 2048]","[2048, 2048, 2048, 2049, 2048, 2049, 2048, 2048]","[2051, 2048, 2049, 2051, 2048, 2048]",284.0
1217,9149,10,7,2023-08-27T13:12:29.354000+00:00,28.106,29.629,26.155,276.0,258.0,False,83.89,"[2048, 2051, 2048, 2049, 2049, 2049, 2049, 2049]","[2049, 2048, 2048, 2048, 2048, 2048, 2048, 2048]","[2048, 2048, 2048, 2048, 2049, 2048, 2048]",285.0
1217,9149,14,7,2023-08-27T13:12:33.010000+00:00,28.06,29.202,25.92,278.0,262.0,False,83.182,"[None, 2049, 2049, 2049, 2049, 2049, 2049, 2048]","[2049, 2049, 2048, 2048, 2048, 2048, 2048, 2049]","[2049, 2048, 2048, 2048, 2048, 2048]",271.0
1217,9149,16,7,2023-08-27T13:12:34.276000+00:00,28.481,30.169,26.168,284.0,266.0,False,84.818,"[2049, 2048, 2048, 2049, 2049, 2049, 2049, 2051]","[2051, 2049, 2048, 2048, 2048, 2048, 2048, 2048]","[2049, 2048, 2048, 2048, 2049, 2048]",258.0
1217,9149,55,7,2023-08-27T13:12:35.760000+00:00,28.606,29.659,25.876,282.0,264.0,False,84.141,"[None, 2048, 2049, 2048, 2048, 2049, 2049, 2049]","[2049, 2048, 2048, 2048, 2048, 2048, 2048, 2048]","[2049, 2048, 2048, 2048, 2051, 2049, 2049]",281.0
1217,9149,22,7,2023-08-27T13:12:39.932000+00:00,28.527,29.994,26.518,276.0,258.0,False,85.039,"[2048, 2048, 2048, 2049, 2049, 2049, 2048, 2048]","[2049, 2048, 2048, 2048, 2048, 2048, 2048, 2048]","[2048, 2049, 2048, 2048, 2049, 2049, 2049]",
1217,9149,20,7,2023-08-27T13:12:41.417000+00:00,29.562,30.406,26.151,273.0,260.0,False,86.119,"[2048, 2049, 2048, 2048, 2048, 2048, 2048, 2048]","[2048, 2049, 2048, 2048, 2048, 2048, 2048, 2049]","[2049, 2048, 2048, 2048, 2048, 2048, 2048]",286.0
1217,9149,31,7,2023-08-27T13:12:46.245000+00:00,28.358,29.681,25.798,279.0,260.0,False,83.837,"[None, 2048, 2048, 2048, 2048, 2049, 2048, 2049]","[2049, 2048, 2048, 2049, 2048, 2048, 2048, 2048]","[2048, 2048, 2048, 2049, 2049, 2049]",284.0
1217,9149,40,7,2023-08-27T13:12:51.323000+00:00,28.711,30.306,26.353,,258.0,False,85.37,"[None, 2048, 2048, 2048, 2049, 2048, 2048, 2048]","[2048, 2048, 2048, 2048, 2048, 2048, 2048, 2048]","[2048, 2048, 2048, 2048, 2048, 2048, 2048]",280.0
1217,9149,4,7,2023-08-27T13:12:54.479000+00:00,27.686,29.379,25.983,278.0,259.0,False,83.048,"[None, 2049, 2048, 2049, 2049, 2051, 2049, 2049]","[2049, 2048, 2048, 2048, 2048, 2048, 2048, 2048]","[2048, 2048, 2048, 2048, 2048, 2048]",277.0
1217,9149,44,7,2023-08-27T13:13:11.557000+00:00,28.697,30.48,25.666,266.0,258.0,False,84.843,"[None, 2049, 2048, 2048, 2048, 2048, 2048, 2048]","[2048, 2048, 2048, 2048, 2048, 2048, 2048, 2048]","[2049, 2048, 2049, 2049, 2049, 2049, 2049]",271.0
1217,9149,63,7,2023-08-27T13:13:14.353000+00:00,28.927,29.949,25.97,275.0,259.0,False,84.846,"[2048, 2048, 2048, 2048, 2048, 2049, 2049, 2048]","[2049, 2048, 2048, 2048, 2048, 2048, 2048, 2048]","[2048, 2049, 2049, 2048, 2048, 2048, 2048]",271.0
1217,9149,23,7,2023-08-27T13:13:22.478000+00:00,27.453,30.885,28.402,279.0,256.0,False,86.74,"[None, 2049, 2051, 2049, 2051, 2049, 2051, 2049]","[2049, 2049, 2048, 2048, 2048, 2048, 2048, 2048]","[2049, 2049, 2049, 2049, 2049, 2049, 2049]",254.0
1217,9149,81,7,2023-08-27T13:13:23.681000+00:00,27.687,30.784,29.183,275.0,252.0,False,87.654,"[None, 2049, 2049, 2049, 2049, 2049, 2049, 2048]","[2049, 2049, 2048, 2048, 2048, 2048, 2048, 2048]","[2049, 2049, 2049, 2049, 2049, 2049, 2049]",269.0
1217,9149,77,7,2023-08-27T13:13:26.338000+00:00,27.893,30.801,28.825,276.0,256.0,False,87.519,"[None, 2049, 2049, 2051, 2049, 2049, 2049, 2049]","[2049, 2048, 2048, 2048, 2048, 2048, 2048, 2048]","[2049, 2049, 2049, 2049, 2049, 2049]",280.0
1217,9149,18,7,2023-08-27T13:13:27.494000+00:00,29.061,29.947,27.596,280.0,261.0,False,86.604,"[2048, 2048, 2048, 2048, 2048, 2048, 2049, 2049]","[2049, 2048, 2048, 2048, 2048, 2048, 2048, 2049]","[2048, 2048, 2048, 2048, 2049, 2049, 2049]",264.0
1217,9149,27,7,2023-08-27T13:13:27.713000+00:00,28.229,30.379,29.153,282.0,260.0,False,87.761,"[None, 2048, 2048, 2049, 2048, 2049, 2049, 2049]","[2049, 2049, 2049, 2049, 2048, 2048, 2048, 2048]","[2049, 2049, 2049, 2049, 2049, 2049, 2049]",249.0
1217,9149,11,8,2023-08-27T13:13:41.806000+00:00,28.545,30.217,25.837,270.0,261.0,False,84.599,"[2048, 2048, 2048, 2048, 2048, 2048, 2049, 2048]","[2048, 2048, 2048, 2048, 2048, 2048, 2048, 2048]","[2048, 2048, 2049, 2049, 2049, 2048, 2049]",265.0
1217,9149,2,7,2023-08-27T13:13:45.244000+00:00,29.812,32.525,31.628,276.0,254.0,False,93.965,"[None, 2049, 2049, 2049, 2049, 2048, 2049, 2049]","[2049, 2049, 2048, 2049, 2048, 2048, 2048, 2048]","[2049, 2049, 2049, 2048, 2048, 2049, 2049]",249.0
1217,9149,1,8,2023-08-27T13:13:49.181000+00:00,28.241,29.497,25.494,280.0,261.0,False,83.232,"[None, 2049, 2048, 2048, 2048, 2049, 2048, 2048]","[2048, 2048, 2048, 2048, 2048, 2048, 2048, 2048]","[2048, 2048, 2048, 2048, 2048, 2048]",281.0
1217,9149,24,8,2023-08-27T13:13:51.962000+00:00,28.494,29.697,26.693,,258.0,False,84.884,"[None, 2048, 2048, 2049, 2049, 2049, 2048, 2049]","[2048, 2049, 2049, 2048, 2048, 2048, 2048, 2048]","[2048, 2048, 2048, 2048, 2048, 2048, 2048]",271.0
1217,9149,10,8,2023-08-27T13:13:53.181000+00:00,28.213,29.746,26.386,278.0,261.0,False,84.345,"[None, 2048, 2048, 2048, 2048, 2048, 2048, 2049]","[2049, 2049, 2049, 2048, 2048, 2048, 2048, 2048]","[2049, 2048, 2048, 2048, 2048, 2048]",281.0
1217,9149,14,8,2023-08-27T13:13:56.290000+00:00,28.038,29.77,25.948,279.0,262.0,False,83.756,"[None, 2048, 2048, 2048, 2049, 2049, 2049, 2048]","[2048, 2048, 2048, 2048, 2048, 2048, 2048, 2048]","[2049, 2048, 2048, 2048, 2048, 2048, 2049]",269.0
1217,9149,16,8,2023-08-27T13:13:59.071000+00:00,28.484,30.491,26.089,283.0,264.0,False,85.064,"[2048, 2048, 2048, 2048, 2048, 2049, 2049, 2048]","[2048, 2049, 2048, 2048, 2048, 2048, 2048, 2048]","[2048, 2049, 2049, 2048, 2048, 2048, 2048]",266.0
1217,9149,55,8,2023-08-27T13:13:59.868000+00:00,28.616,30.242,26.203,283.0,262.0,False,85.061,"[2048, 2048, 2049, 2048, 2048, 2049, 2049, 2049]","[2048, 2048, 2048, 2048, 2048, 2048, 2048, 2048]","[2048, 2048, 2048, 2048, 2048, 2048, 2048]",276.0
1217,9149,22,8,2023-08-27T13:14:04.978000+00:00,28.941,30.224,26.729,277.0,256.0,False,85.894,"[None, 2048, 2048, 2048, 2048, 2048, 2049, 2049]","[2048, 2048, 2048, 2048, 2048, 2048, 2048, 2048]","[2048, 2049, 2048, 2048, 2049, 2049, 2048]",271.0
1217,9149,20,8,2023-08-27T13:14:07.524000+00:00,28.907,30.129,25.92,278.0,259.0,False,84.956,"[None, 2048, 2048, 2048, 2049, 2048, 2048, 2048]","[2049, 2048, 2049, 2048, 2048, 2048, 2048, 2048]","[2048, 2048, 2048, 2048, 2049, 2049, 2048]",280.0
1217,9149,31,8,2023-08-27T13:14:10.040000+00:00,28.636,29.941,25.814,280.0,261.0,False,84.391,"[None, 2048, 2048, 2048, 2048, 2048, 2048, 2049]","[2049, 2048, 2048, 2048, 2048, 2048, 2048, 2048]","[2049, 2048, 2048, 2048, 2048, 2049, 2049]",280.0
1217,9149,40,8,2023-08-27T13:14:16.649000+00:00,28.8,30.571,26.527,,257.0,False,85.898,"[2049, 2048, 2048, 2048, 2048, 2049, 2048, 2048]","[2048, 2048, 2048, 2049, 2048, 2048, 2048, 2048]","[2048, 2048, 2049, 2048, 2048, 2048, 2048]",278.0
1217,9149,4,8,2023-08-27T13:14:17.602000+00:00,28.183,30.601,26.452,279.0,258.0,False,85.236,"[2049, 2049, 2048, 2048, 2048, 2048, 2048, 2049]","[2048, 2048, 2048, 2048, 2048, 2048, 2048, 2048]","[2048, 2048, 2048, 2048, 2049, 2049, 2049]",284.0
1217,9149,44,8,2023-08-27T13:14:36.399000+00:00,28.981,29.89,25.42,,258.0,False,84.291,"[None, 2049, 2048, 2048, 2048, 2048, 2048, 2048]","[2048, 2048, 2048, 2048, 2048, 2048, 2048, 2048]","[2049, 2051, 2048, 2048, 2048, 2049]",285.0
1217,9149,63,8,2023-08-27T13:14:39.180000+00:00,29.369,29.793,25.8,,260.0,False,84.962,"[None, 2048, 2048, 2048, 2048, 2048, 2048, 2048]","[2048, 2048, 2048, 2048, 2048, 2048, 2049, 2048]","[2049, 2049, 2048, 2048, 2048, 2049, 2048]",266.0
1217,9149,23,8,2023-08-27T13:14:49.289000+00:00,26.743,28.972,26.644,,259.0,False,82.359,"[None, 2049, 2049, 2049, 2049, 2051, 2051, 2049]","[2049, 2051, 2049, 2049, 2049, 2048, 2048, 2048]","[2049, 2049, 2049, 2049, 2049, 2049, 2049]",276.0
1217,9149,81,8,2023-08-27T13:14:51.274000+00:00,26.628,29.095,26.75,274.0,253.0,False,82.473,"[None, 2049, 2051, 2049, 2051, 2049, 2049, 2048]","[2048, 2049, 2049, 2051, 2049, 2048, 2048, 2048]","[2049, 2049, 2049, 2049, 2049, 2049]",289.0
1217,9149,77,8,2023-08-27T13:14:53.852000+00:00,27.184,29.493,27.045,279.0,258.0,False,83.722,"[None, 2049, 2049, 2051, 2049, 2049, 2049, 2049]","[2049, 2049, 2049, 2049, 2049, 2048, 2048, 2048]","[2049, 2049, 2049, 2049, 2049, 2049, 2049]",290.0
1217,9149,18,8,2023-08-27T13:14:54.180000+00:00,28.35,29.753,25.679,,263.0,False,83.782,"[2049, 2048, 2049, 2049, 2048, 2049, 2049, 2048]","[2049, 2049, 2048, 2049, 2048, 2048, 2048, 2049]","[2049, 2049, 2049, 2049, 2049, 2049]",247.0
1217,9149,27,8,2023-08-27T13:14:55.477000+00:00,27.304,30.417,27.548,279.0,260.0,False,85.269,"[None, 2049, 2049, 2049, 2049, 2049, 2049, 2051]","[2048, 2048, 2049, 2049, 2048, 2048, 2048, 2048]","[2049, 2049, 2049, 2049, 2049, 2049]",278.0
1217,9149,11,9,2023-08-27T13:15:06.367000+00:00,28.506,30.034,25.955,273.0,260.0,False,84.495,"[None, 2048, 2048, 2048, 2048, 2049, 2049, 2048]","[2048, 2048, 2048, 2048, 2048, 2048, 2048, 2048]","[2049, 2048, 2048, 2048, 2048, 2048, 2048]",263.0
1217,9149,1,9,2023-08-27T13:15:12.508000+00:00,28.053,29.698,25.562,279.0,262.0,False,83.313,"[None, 2048, 2048, 2049, 2049, 2048, 2049, 2048]","[2048, 2048, 2048, 2048, 2048, 2048, 2048, 2048]","[2048, 2049, 2048, 2048, 2048, 2048, 2048]",
1217,9149,24,9,2023-08-27T13:15:16.867000+00:00,28.94,30.092,26.172,275.0,257.0,False,85.204,"[2048, 2048, 2048, 2048, 2048, 2048, 2048, 2048]","[2048, 2048, 2048, 2048, 2048, 2048, 2048, 2048]","[2048, 2048, 2048, 2048, 2048, 2049, 2048]",274.0
1217,9149,10,9,2023-08-27T13:15:17.523000+00:00,28.55,30.431,26.037,281.0,262.0,False,85.018,"[None, 2048, 2048, 2048, 2048, 2048, 2049, 2049]","[2048, 2048, 2048, 2049, 2048, 2048, 2048, 2048]","[2048, 2048, 2048, 2048, 2049, 2049]",280.0
1217,9149,2,8,2023-08-27T13:15:19.226000+00:00,30.231,31.302,28.345,281.0,259.0,False,89.878,"[None, 2049, 2048, 2048, 2048, 2049, 2049, 2049]","[2049, 2049, 2049, 2049, 2048, 2048, 2048, 2048]","[2049, 2049, 2049, 2049, 2049, 2049, 2049]",257.0
1217,9149,14,9,2023-08-27T13:15:20.039000+00:00,28.381,30.097,25.847,277.0,262.0,False,84.325,"[2049, 2049, 2048, 2048, 2048, 2049, 2048, 2048]","[2048, 2048, 2048, 2048, 2048, 2048, 2048, 2048]","[2049, 2049, 2048, 2048, 2048, 2048, 2048]",275.0
1217,9149,16,9,2023-08-27T13:15:24.148000+00:00,30.152,31.05,26.256,284.0,263.0,False,87.458,"[None, 2048, 2048, 2048, 2048, 2048, 2048, 2048]","[2048, 2048, 2048, 2048, 2048, 2048, 2048, 2048]","[2048, 2049, 2048, 2048, 2049, 2048, 2048]",205.0
1217,9149,55,9,2023-08-27T13:15:24.945000+00:00,28.822,30.343,25.991,281.0,261.0,False,85.156,"[None, 2048, 2048, 2048, 2048, 2048, 2048, 2048]","[2048, 2048, 2048, 2048, 2048, 2048, 2048, 2048]","[2048, 2048, 2048, 2048, 2048, 2048]",269.0
1217,9149,22,9,2023-08-27T13:15:30.851000+00:00,28.782,30.359,26.44,275.0,258.0,False,85.581,"[2049, 2048, 2048, 2048, 2049, 2048, 2048, 2048]","[2048, 2048, 2048, 2048, 2048, 2048, 2048, 2048]","[2049, 2049, 2048, 2048, 2049, 2049, 2048]",281.0
1217,9149,20,9,2023-08-27T13:15:32.476000+00:00,28.466,30.538,30.035,,260.0,False,89.039,"[2049, 2049, 2048, 2049, 2048, 2049, 2048, 2048]","[2049, 2048, 2048, 2049, 2048, 2048, 2048, 2048]","[2048, 2048, 2048, 2048, 2048, 2048, 2064]",
1217,9149,31,9,2023-08-27T13:15:34.523000+00:00,28.63,30.569,25.808,279.0,260.0,False,85.007,"[None, 2048, 2048, 2048, 2048, 2048, 2048, 2048]","[2048, 2048, 2048, 2048, 2048, 2048, 2048, 2048]","[2048, 2048, 2048, 2048, 2048, 2048, 2048]",276.0
1217,9149,40,9,2023-08-27T13:15:42.616000+00:00,29.842,31.234,26.341,278.0,258.0,False,87.417,"[2048, 2048, 2048, 2048, 2048, 2048, 2048, 2049]","[2048, 2048, 2048, 2049, 2048, 2048, 2048, 2048]","[2049, 2048, 2048, 2048, 2049, 2049, 2049]",270.0
1217,9149,4,9,2023-08-27T13:15:42.851000+00:00,28.265,30.212,25.915,276.0,259.0,False,84.392,"[None, 2048, 2048, 2048, 2048, 2048, 2048, 2048]","[2048, 2048, 2048, 2048, 2048, 2048, 2048, 2048]","[2048, 2049, 2048, 2048, 2048, 2048, 2048]",278.0
1217,9149,44,9,2023-08-27T13:16:00.694000+00:00,29.172,30.621,28.65,260.0,259.0,False,88.443,"[None, 2048, 2048, 2048, 2048, 2048, 2048, 2048]","[2048, 2048, 2048, 2048, 2048, 2048, 2048, 2048]","[2049, 2049, 2048, 2051, 2049, 2048, 2064]",274.0
1217,9149,63,9,2023-08-27T13:16:04.132000+00:00,29.153,29.791,25.666,274.0,259.0,False,84.61,"[None, 2048, 2048, 2048, 2048, 2048, 2048, 2048]","[2049, 2048, 2048, 2048, 2048, 2048, 2048, 2048]","[2048, 2049, 2049, 2048, 2048, 2049]",269.0
1217,9149,23,9,2023-08-27T13:16:11.616000+00:00,26.299,28.737,24.747,280.0,258.0,False,79.783,"[None, 2049, 2049, 2051, 2049, 2049, 2048, 2049]","[2049, 2051, 2049, 2049, 2048, 2048, 2048, 2048]","[2051, 2051, 2049, 2049, 2049, 2049, 2049]",292.0
1217,9149,81,9,2023-08-27T13:16:13.725000+00:00,26.136,27.933,24.992,273.0,256.0,False,79.061,"[None, 2051, 2051, 2049, 2051, 2051, 2051, 2048]","[2049, 2049, 2049, 2051, 2049, 2048, 2048, 2048]","[2049, 2049, 2049, 2049, 2051, 2049, 2049]",297.0
1217,9149,77,9,2023-08-27T13:16:17.585000+00:00,26.942,28.869,25.645,278.0,259.0,False,81.456,"[None, 2049, 2049, 2049, 2049, 2049, 2048, 2048]","[2048, 2049, 2051, 2049, 2049, 2048, 2048, 2048]","[2049, 2049, 2049, 2049, 2049, 2049, 2049]",293.0
1217,9149,18,9,2023-08-27T13:16:18.006000+00:00,28.316,30.603,30.188,278.0,262.0,False,89.107,"[None, 2048, 2049, 2048, 2048, 2048, 2048, 2048]","[2048, 2048, 2048, 2048, 2048, 2048, 2048, 2048]","[2048, 2048, 2048, 2049, 2048, 2048, 2064]",270.0
1217,9149,27,9,2023-08-27T13:16:20.835000+00:00,26.899,29.297,26.465,282.0,263.0,False,82.661,"[None, 2049, 2049, 2049, 2049, 2049, 2049, 2048]","[2049, 2049, 2049, 2049, 2048, 2048, 2049, 2048]","[2048, 2048, 2049, 2049, 2049, 2049, 2049]",289.0
1217,9149,11,10,2023-08-27T13:16:30.881000+00:00,28.477,30.159,25.947,279.0,260.0,False,84.583,"[2049, 2049, 2048, 2048, 2048, 2049, 2048, 2048]","[2049, 2048, 2048, 2048, 2048, 2048, 2048, 2048]","[2048, 2048, 2048, 2048, 2049, 2049, 2049]",277.0
1217,9149,1,10,2023-08-27T13:16:35.803000+00:00,28.262,30.004,25.432,278.0,261.0,False,83.698,"[None, 2048, 2048, 2048, 2048, 2049, 2048, 2048]","[2048, 2048, 2048, 2048, 2048, 2048, 2048, 2048]","[2048, 2048, 2048, 2048, 2048, 2048, 2048]",278.0
1217,9149,24,10,2023-08-27T13:16:42.069000+00:00,28.787,30.504,29.844,274.0,256.0,False,89.135,"[None, 2049, 2048, 2048, 2048, 2048, 2048, 2048]","[2048, 2048, 2048, 2049, 2048, 2048, 2048, 2048]","[2048, 2048, 2048, 2048, 2048, 2048, 2064]",280.0
1217,9149,10,10,2023-08-27T13:16:42.568000+00:00,28.446,30.818,25.96,275.0,261.0,False,85.224,"[2049, 2048, 2048, 2048, 2048, 2048, 2048, 2048]","[2048, 2048, 2048, 2048, 2048, 2048, 2048, 2048]","[2048, 2048, 2048, 2049, 2049, 2051]",284.0
1217,9149,14,10,2023-08-27T13:16:44.365000+00:00,28.21,30.648,29.475,279.0,262.0,False,88.333,"[2048, 2049, 2048, 2048, 2048, 2048, 2048, 2048]","[2048, 2048, 2048, 2048, 2048, 2048, 2048, 2048]","[2048, 2049, 2048, 2048, 2049, 2048, 2064]",
1217,9149,2,9,2023-08-27T13:16:49.084000+00:00,27.849,29.517,26.894,279.0,262.0,False,84.26,"[None, 2049, 2049, 2049, 2049, 2049, 2049, 2048]","[2048, 2049, 2049, 2049, 2048, 2048, 2048, 2048]","[2049, 2049, 2049, 2049, 2049, 2049, 2049]",281.0
1217,9149,55,10,2023-08-27T13:16:49.990000+00:00,28.895,30.547,29.139,282.0,263.0,False,88.581,"[None, 2048, 2048, 2048, 2048, 2048, 2048, 2048]","[2048, 2048, 2048, 2049, 2048, 2048, 2048, 2048]","[2049, 2049, 2048, 2048, 2049, 2048, 2064]",270.0
1217,9149,16,10,2023-08-27T13:16:51.600000+00:00,28.906,31.319,26.031,283.0,264.0,False,86.256,"[2049, 2048, 2048, 2048, 2048, 2048, 2048, 2048]","[2048, 2048, 2048, 2048, 2048, 2048, 2048, 2048]","[2048, 2049, 2048, 2048, 2049, 2048, 2048]",259.0
1217,9149,22,10,2023-08-27T13:16:56.428000+00:00,29.22,30.736,30.508,276.0,256.0,False,90.464,"[2048, 2048, 2048, 2048, 2048, 2048, 2048, 2048]","[2048, 2048, 2048, 2048, 2048, 2048, 2048, 2048]","[2048, 2049, 2048, 2048, 2048, 2048, 2064]",275.0
1217,9149,31,10,2023-08-27T13:16:59.537000+00:00,28.655,30.315,30.47,278.0,259.0,False,89.44,"[2048, 2048, 2048, 2048, 2048, 2049, 2048, 2048]","[2048, 2048, 2048, 2049, 2048, 2048, 2048, 2048]","[2048, 2049, 2048, 2048, 2049, 2048, 2064]",279.0
1217,9149,20,10,2023-08-27T13:17:01.568000+00:00,47.212,29.524,25.287,281.0,259.0,True,102.023,"[2064, 2064, 2064, 2048, 2048, 2049, 2049, 2049]","[2049, 2049, 2049, 2049, 2048, 2048, 2048, 2048]","[2049, 2049, 2049, 2048, 2048, 2048, 2048]",
1217,9149,4,10,2023-08-27T13:17:07.177000+00:00,28.657,30.628,29.221,275.0,258.0,False,88.506,"[2048, 2048, 2048, 2048, 2048, 2048, 2048, 2048]","[2048, 2048, 2048, 2048, 2048, 2048, 2048, 2048]","[2049, 2048, 2048, 2049, 2049, 2048, 2064]",276.0
1217,9149,40,10,2023-08-27T13:17:09.990000+00:00,29.391,31.219,29.584,277.0,257.0,False,90.194,"[2049, 2049, 2048, 2048, 2048, 2048, 2048, 2048]","[2049, 2048, 2048, 2049, 2048, 2048, 2048, 2048]","[2049, 2048, 2048, 2048, 2048, 2048, 2064]",283.0
1217,9149,63,10,2023-08-27T13:17:28.693000+00:00,28.947,31.041,29.149,271.0,265.0,False,89.137,"[None, 2049, 2048, 2048, 2048, 2048, 2048, 2048]","[2048, 2048, 2048, 2048, 2048, 2048, 2048, 2048]","[2048, 2048, 2048, 2048, 2049, 2048, 2064]",275.0
1217,9149,44,10,2023-08-27T13:17:29.161000+00:00,45.831,28.877,25.03,279.0,260.0,True,99.738,"[2064, 2064, 2064, 2048, 2048, 2049, 2049, 2049]","[2049, 2049, 2049, 2049, 2048, 2048, 2048, 2048]","[2048, 2049, 2049, 2048, 2049, 2049, 2049]",
1217,9149,23,10,2023-08-27T13:17:31.286000+00:00,26.473,29.828,24.082,260.0,262.0,False,80.383,"[None, 2049, 2049, 2049, 2048, 2048, 2048, 2048]","[2048, 2048, 2048, 2048, 2048, 2048, 2048, 2048]","[2048, 2048, 2049, 2049, 2051, 2051]",295.0
1217,9149,81,10,2023-08-27T13:17:32.786000+00:00,25.901,28.949,23.737,279.0,272.0,False,78.587,"[None, 2051, 2051, 2051, 2051, 2048, 2051, 2049]","[2049, 2048, 2048, 2048, 2048, 2048, 2048, 2051]","[2051, 2049, 2051, 2051, 2049, 2048, 2048]",300.0
1217,9149,77,10,2023-08-27T13:17:39.052000+00:00,26.987,28.266,24.634,279.0,260.0,False,79.887,"[2048, 2048, 2048, 2049, 2049, 2049, 2048, 2048]","[2048, 2049, 2049, 2049, 2049, 2048, 2048, 2048]","[2049, 2049, 2049, 2049, 2049, 2049]",288.0
1217,9149,27,10,2023-08-27T13:17:43.318000+00:00,26.506,28.223,24.333,,261.0,False,79.062,"[None, 2049, 2049, 2049, 2049, 2049, 2049, 2048]","[2049, 2049, 2051, 2049, 2049, 2048, 2049, 2048]","[2049, 2051, 2049, 2049, 2049, 2049]",296.0
1217,9149,18,10,2023-08-27T13:17:47.114000+00:00,47.493,29.522,25.619,281.0,258.0,True,102.634,"[2064, 2064, 2064, 2048, 2048, 2048, 2048, 2048]","[2049, 2049, 2049, 2049, 2048, 2048, 2048, 2048]","[2048, 2049, 2049, 2049, 2049, 2048, 2048]",
1217,9149,11,11,2023-08-27T13:17:55.598000+00:00,28.706,30.65,25.751,278.0,259.0,False,85.107,"[None, 2048, 2048, 2048, 2048, 2048, 2048, 2048]","[2049, 2048, 2048, 2048, 2048, 2048, 2048, 2048]","[2049, 2048, 2048, 2049, 2049, 2048, 2048]",280.0
1217,9149,1,11,2023-08-27T13:17:59.505000+00:00,28.285,30.123,28.609,279.0,262.0,False,87.017,"[None, 2049, 2048, 2048, 2048, 2049, 2048, 2048]","[2048, 2048, 2048, 2048, 2048, 2048, 2048, 2048]","[2048, 2049, 2048, 2048, 2049, 2048, 2064]",285.0
1217,9149,10,11,2023-08-27T13:18:07.676000+00:00,28.345,30.73,29.253,277.0,259.0,False,88.328,"[2049, 2048, 2048, 2048, 2048, 2048, 2048, 2048]","[2048, 2048, 2048, 2048, 2048, 2048, 2048, 2048]","[2048, 2049, 2048, 2049, 2048, 2048, 2064]",277.0
1217,9149,24,11,2023-08-27T13:18:11.239000+00:00,49.29,30.11,25.303,274.0,257.0,True,104.703,"[2064, 2064, 2064, 2048, 2048, 2048, 2048, 2049]","[2048, 2048, 2048, 2048, 2048, 2048, 2048, 2048]","[2048, 2049, 2049, 2049, 2049, 2049, 2049]",
1217,9149,14,11,2023-08-27T13:18:12.770000+00:00,47.324,28.458,24.283,280.0,262.0,True,100.065,"[2064, 2064, 2064, 2048, 2048, 2048, 2048, 2048]","[2049, 2049, 2049, 2048, 2048, 2048, 2048, 2049]","[2049, 2049, 2049, 2049, 2049, 2049, 0]",
1217,9149,2,10,2023-08-27T13:18:13.379000+00:00,26.886,28.8,25.395,,263.0,False,81.081,"[None, 2049, 2049, 2049, 2049, 2049, 2049, 2048]","[2048, 2049, 2049, 2049, 2049, 2048, 2048, 2048]","[2049, 2049, 2049, 2049, 2049, 2049, 2049]",296.0
1217,9149,16,11,2023-08-27T13:18:17.801000+00:00,29.513,31.415,29.964,281.0,263.0,False,90.892,"[2048, 2048, 2048, 2048, 2048, 2048, 2048, 2048]","[2048, 2048, 2048, 2048, 2048, 2048, 2048, 2048]","[2048, 2048, 2048, 2048, 2048, 2048, 2064]",257.0
1217,9149,55,11,2023-08-27T13:18:18.770000+00:00,46.403,28.484,23.94,285.0,265.0,True,98.827,"[2064, 2064, 2064, 2048, 2049, 2049, 2049, 2049]","[2049, 2049, 2049, 2049, 2049, 2048, 2048, 2048]","[2049, 2049, 2049, 2049, 2049, 2049, 2049]",
1217,9149,22,11,2023-08-27T13:18:26.942000+00:00,45.987,28.966,25.329,278.0,258.0,True,100.282,"[2064, 2064, 2064, 2048, 2048, 2049, 2049, 2049]","[2049, 2049, 2049, 2049, 2048, 2048, 2048, 2048]","[2048, 2049, 2049, 2049, 2049, 2049, 2049]",
1217,9149,31,11,2023-08-27T13:18:28.910000+00:00,46.027,29.057,24.207,282.0,262.0,True,99.291,"[2064, 2064, 2064, 2048, 2048, 2049, 2049, 2049]","[2049, 2049, 2049, 2049, 2048, 2048, 2048, 2048]","[2049, 2049, 2049, 2049, 2049, 2049, 2049]",
1217,9149,4,11,2023-08-27T13:18:35.707000+00:00,46.507,27.949,23.654,279.0,262.0,True,98.11,"[2064, 2064, 2064, 2048, 2048, 2048, 2049, 2049]","[2049, 2049, 2049, 2049, 2049, 2048, 2048, 2048]","[2049, 2049, 2051, 2051, 2049, 2048, 2048]",
1217,9149,40,11,2023-08-27T13:18:40.113000+00:00,57.224,29.275,24.417,280.0,257.0,True,110.916,"[2064, 2064, 2064, 2048, 2048, 2049, 2049, 2049]","[2049, 2049, 2049, 2048, 2049, 2048, 2048, 2048]","[2049, 2049, 2049, 2049, 2049, 2049, 0]",
1217,9149,20,11,2023-08-27T13:18:43.566000+00:00,27.067,28.58,24.531,,260.0,False,80.178,"[2048, 2049, 2049, 2049, 2049, 2049, 2049, 2048]","[2048, 2049, 2048, 2048, 2049, 2049, 2048, 2049]","[2049, 2049, 2049, 2049, 2049, 2048]",290.0
1217,9149,81,11,2023-08-27T13:18:51.269000+00:00,25.908,27.061,23.901,274.0,270.0,False,76.87,"[2048, 2051, 2048, 2048, 2048, 2051, 2048, 2048]","[2048, 2051, 2051, 2051, 2049, 2048, 2049, 2051]","[2048, 2049, 2048, 2048, 2051, 2051]",295.0
1217,9149,23,11,2023-08-27T13:18:51.660000+00:00,26.24,27.964,23.655,279.0,265.0,False,77.859,"[2051, 2049, 2048, 2048, 2048, 2048, 2051, 2049]","[2049, 2048, 2049, 2049, 2049, 2048, 2048, 2049]","[2049, 2049, 2049, 2049, 2048, 2048]",306.0
1217,9149,63,11,2023-08-27T13:18:57.941000+00:00,47.043,27.538,24.286,278.0,261.0,True,98.867,"[2064, 2064, 2064, 2048, 2049, 2049, 2049, 2049]","[2049, 2049, 2049, 2049, 2051, 2049, 2049, 2048]","[2049, 2049, 2049, 2049, 2049, 2049, 2049]",
1217,9149,77,11,2023-08-27T13:18:58.816000+00:00,26.83,28.041,24.071,,260.0,False,78.942,"[None, 2049, 2048, 2048, 2048, 2049, 2049, 2049]","[2048, 2049, 2048, 2049, 2049, 2048, 2048, 2049]","[2049, 2049, 2049, 2049, 2049, 2049, 2049]",285.0
1217,9149,27,11,2023-08-27T13:19:02.379000+00:00,26.526,28.073,23.797,277.0,260.0,False,78.396,"[2048, 2049, 2048, 2049, 2048, 2049, 2048, 2048]","[2048, 2049, 2048, 2048, 2049, 2048, 2048, 2048]","[2048, 2051, 2049, 2049, 2049, 2049]",291.0
1217,9149,44,11,2023-08-27T13:19:08.878000+00:00,26.595,28.611,23.696,,260.0,False,78.902,"[2049, 2049, 2049, 2049, 2049, 2049, 2049, 2049]","[2049, 2048, 2048, 2048, 2049, 2048, 2048, 2048]","[2049, 2049, 2049, 2049, 2049, 2049]",290.0
1217,9149,11,12,2023-08-27T13:19:20.534000+00:00,29.203,30.215,29.021,279.0,259.0,False,88.439,"[2048, 2048, 2048, 2048, 2048, 2048, 2048, 2048]","[2049, 2048, 2049, 2048, 2048, 2048, 2048, 2048]","[2048, 2049, 2048, 2049, 2049, 2048, 2064]",278.0
1217,9149,1,12,2023-08-27T13:19:26.581000+00:00,46.13,27.928,23.976,281.0,261.0,True,98.034,"[2064, 2064, 2064, 2048, 2048, 2048, 2048, 2048]","[2049, 2049, 2049, 2049, 2048, 2048, 2048, 2048]","[2048, 2049, 2049, 2049, 2049, 2048, 2048]",
1217,9149,18,11,2023-08-27T13:19:29.691000+00:00,27.549,27.973,24.218,282.0,262.0,False,79.74,"[2048, 2049, 2049, 2049, 2048, 2049, 2049, 2049]","[2049, 2049, 2049, 2049, 2049, 2049, 2048, 2048]","[2049, 2049, 2049, 2049, 2049, 2049, 2048]",283.0
1217,9149,2,11,2023-08-27T13:19:34.487000+00:00,26.922,28.433,24.442,,263.0,False,79.797,"[None, 2049, 2048, 2048, 2048, 2048, 2048, 2048]","[2048, 2049, 2049, 2049, 2049, 2048, 2048, 2048]","[2049, 2049, 2049, 2049, 2049, 2049]",297.0
1217,9149,10,12,2023-08-27T13:19:36.081000+00:00,46.387,27.7,24.049,281.0,261.0,True,98.136,"[2064, 2064, 2064, 2048, 2048, 2048, 2049, 2048]","[2049, 2049, 2049, 2049, 2049, 2048, 2049, 2048]","[2049, 2049, 2049, 2049, 2049, 2048, 2048]",
1217,9149,16,12,2023-08-27T13:19:48.815000+00:00,54.699,28.615,23.886,286.0,267.0,True,107.2,"[2064, 2064, 2064, 2048, 2048, 2048, 2049, 2049]","[2049, 2049, 2049, 2049, 2048, 2048, 2049, 2048]","[2049, 2049, 2049, 2049, 2049, 2049, 2049]",
1217,9149,14,12,2023-08-27T13:19:52.674000+00:00,26.723,27.395,23.861,282.0,264.0,False,77.979,"[2048, 2049, 2049, 2049, 2049, 2049, 2049, 2049]","[2049, 2049, 2049, 2049, 2049, 2048, 2048, 2049]","[2048, 2049, 2051, 2051, 2049, 2049]",290.0
1217,9149,24,12,2023-08-27T13:19:55.878000+00:00,27.47,27.873,24.29,282.0,261.0,False,79.633,"[2049, 2049, 2049, 2049, 2049, 2049, 2048, 2049]","[2049, 2049, 2049, 2049, 2051, 2049, 2049, 2048]","[2049, 2049, 2049, 2049, 2049, 2049, 2049]",280.0
1217,9149,55,12,2023-08-27T13:19:57.534000+00:00,26.877,27.416,23.704,288.0,278.0,False,77.997,"[2049, 2049, 2049, 2049, 2049, 2049, 2049, 2051]","[2051, 2049, 2049, 2049, 2049, 2049, 2049, 2049]","[2048, 2048, 2049, 2049, 2051, 2051]",295.0
1217,9149,20,12,2023-08-27T13:20:03.768000+00:00,26.596,27.683,24.14,282.0,261.0,False,78.419,"[None, 2049, 2049, 2049, 2049, 2049, 2049, 2049]","[2049, 2049, 2049, 2049, 2049, 2049, 2048, 2049]","[2049, 2049, 2049, 2049, 2049, 2049]",296.0
1217,9149,22,12,2023-08-27T13:20:07.190000+00:00,26.677,27.622,23.913,279.0,259.0,False,78.212,"[2049, 2049, 2049, 2049, 2049, 2049, 2049, 2049]","[2049, 2049, 2049, 2049, 2049, 2048, 2049, 2048]","[2049, 2049, 2049, 2049, 2049, 2049]",295.0
1217,9149,81,12,2023-08-27T13:20:08.221000+00:00,26.053,27.421,23.626,282.0,275.0,False,77.1,"[2049, 2048, 2048, 2049, 2048, 2048, 2048, 2049]","[2049, 2048, 2049, 2048, 2048, 2048, 2048, 2048]","[2048, 2048, 2048, 2048, 2048, 2049]",321.0
1217,9149,31,12,2023-08-27T13:20:08.221000+00:00,26.957,27.783,23.306,284.0,265.0,False,78.046,"[2048, 2048, 2049, 2049, 2049, 2049, 2049, 2049]","[2049, 2049, 2049, 2049, 2049, 2049, 2048, 2049]","[2049, 2049, 2049, 2049, 2049, 2049]",261.0
1217,9149,23,12,2023-08-27T13:20:09.549000+00:00,26.324,27.564,23.214,285.0,278.0,False,77.102,"[2048, 2049, 2048, 2048, 2048, 2048, 2048, 2049]","[2049, 2048, 2049, 2049, 2049, 2048, 2048, 2049]","[2049, 2048, 2048, 2049, 2051, 2051]",
1217,9149,4,12,2023-08-27T13:20:13.877000+00:00,26.465,27.084,23.105,280.0,265.0,False,76.654,"[2048, 2049, 2049, 2049, 2049, 2049, 2051, 2049]","[2049, 2049, 2051, 2049, 2049, 2049, 2048, 2049]","[2049, 2049, 2051, 2051, 2049, 2049]",290.0
1217,9149,77,12,2023-08-27T13:20:17.768000+00:00,26.956,27.906,24.045,,273.0,False,78.907,"[2049, 2049, 2048, 2048, 2048, 2049, 2048, 2049]","[2048, 2049, 2048, 2048, 2048, 2048, 2048, 2049]","[2048, 2048, 2049, 2049, 2049, 2049, 2049]",287.0
1217,9149,27,12,2023-08-27T13:20:20.783000+00:00,26.432,27.802,23.372,282.0,263.0,False,77.606,"[2049, 2049, 2048, 2048, 2049, 2048, 2048, 2048]","[2049, 2048, 2049, 2048, 2049, 2048, 2049, 2048]","[2049, 2051, 2049, 2049, 2049, 2049, 2049]",299.0
1217,9149,44,12,2023-08-27T13:20:27.674000+00:00,26.75,28.441,23.406,278.0,261.0,False,78.597,"[2048, 2048, 2048, 2048, 2048, 2049, 2048, 2048]","[2048, 2048, 2048, 2048, 2048, 2049, 2048, 2049]","[2051, 2049, 2049, 2049, 2049, 2049, 2049]",277.0
1217,9149,40,12,2023-08-27T13:20:31.096000+00:00,26.903,27.982,23.949,279.0,261.0,False,78.834,"[2048, 2049, 2049, 2049, 2049, 2049, 2049, 2048]","[2049, 2049, 2049, 2049, 2049, 2049, 2049, 2048]","[2049, 2049, 2049, 2049, 2049, 2049]",293.0
1217,9149,63,12,2023-08-27T13:20:36.783000+00:00,26.846,27.321,23.737,,262.0,False,77.904,"[2049, 2049, 2049, 2049, 2049, 2049, 2049, 2049]","[2049, 2049, 2048, 2049, 2051, 2051, 2048, 2048]","[2049, 2049, 2049, 2049, 2049, 2049, 2049]",288.0
1217,9149,11,13,2023-08-27T13:20:49.080000+00:00,46.063,27.944,24.168,281.0,260.0,True,98.175,"[2064, 2064, 2064, 2048, 2048, 2049, 2048, 2048]","[2049, 2049, 2049, 2049, 2049, 2048, 2048, 2048]","[2048, 2049, 2049, 2049, 2049, 2049, 0]",
1217,9149,18,12,2023-08-27T13:20:49.455000+00:00,26.479,27.417,23.689,,263.0,False,77.585,"[None, 2049, 2049, 2049, 2049, 2049, 2049, 2049]","[2049, 2049, 2049, 2049, 2049, 2049, 2048, 2049]","[2049, 2049, 2049, 2049, 2049, 2048, 2048]",297.0
1217,9149,2,12,2023-08-27T13:20:54.252000+00:00,26.555,27.881,24.252,280.0,263.0,False,78.688,"[None, 2048, 2049, 2049, 2049, 2049, 2049, 2049]","[2048, 2049, 2049, 2049, 2049, 2049, 2048, 2048]","[2049, 2049, 2049, 2049, 2048, 2048]",300.0
1217,9149,1,13,2023-08-27T13:21:04.564000+00:00,27.13,28.012,23.633,282.0,262.0,False,78.775,"[2048, 2048, 2049, 2049, 2049, 2049, 2049, 2049]","[2048, 2048, 2048, 2048, 2049, 2049, 2048, 2049]","[2049, 2049, 2049, 2049, 2049, 2048]",283.0
1217,9149,14,13,2023-08-27T13:21:10.673000+00:00,26.406,27.557,23.68,285.0,265.0,False,77.643,"[None, 2049, 2049, 2049, 2049, 2049, 2049, 2049]","[2049, 2048, 2048, 2048, 2048, 2048, 2048, 2048]","[2049, 2049, 2048, 2048, 2049, 2049]",296.0
1217,9149,10,13,2023-08-27T13:21:14.298000+00:00,26.6,27.129,23.422,,261.0,False,77.151,"[2048, 2049, 2049, 2049, 2049, 2049, 2049, 2049]","[2049, 2049, 2049, 2049, 2049, 2049, 2049, 2049]","[2049, 2049, 2049, 2049, 2049, 2048, 2048]",294.0
1217,9149,55,13,2023-08-27T13:21:15.439000+00:00,26.463,26.996,23.013,,278.0,False,76.472,"[None, 2049, 2049, 2049, 2049, 2048, 2048, 2049]","[2051, 2049, 2049, 2049, 2049, 2049, 2048, 2049]","[2049, 2049, 2049, 2049, 2051, 2051]",307.0
1217,9149,24,13,2023-08-27T13:21:15.532000+00:00,27.304,27.52,23.783,283.0,262.0,False,78.607,"[2048, 2048, 2048, 2049, 2049, 2049, 2048, 2049]","[2049, 2049, 2049, 2049, 2051, 2049, 2048, 2048]","[2049, 2049, 2049, 2049, 2049, 2049]",264.0
1217,9149,20,13,2023-08-27T13:21:22.048000+00:00,26.37,27.687,23.906,,261.0,False,77.963,"[None, 2049, 2048, 2049, 2049, 2049, 2049, 2049]","[2048, 2049, 2049, 2049, 2048, 2048, 2048, 2048]","[2049, 2049, 2049, 2049, 2049, 2049]",295.0
1217,9149,81,13,2023-08-27T13:21:25.267000+00:00,25.918,27.092,23.524,277.0,259.0,False,76.534,"[2048, 2048, 2048, 2048, 2048, 2048, 2049, 2048]","[2048, 2048, 2048, 2049, 2049, 2049, 2048, 2048]","[2048, 2049, 2049, 2049, 2048, 2048]",312.0
1217,9149,22,13,2023-08-27T13:21:25.360000+00:00,26.617,27.626,23.566,283.0,262.0,False,77.809,"[None, 2048, 2048, 2049, 2049, 2049, 2049, 2049]","[2049, 2049, 2048, 2051, 2048, 2049, 2048, 2049]","[2049, 2049, 2049, 2049, 2049, 2049, 2049]",274.0
1217,9149,31,13,2023-08-27T13:21:26.142000+00:00,26.226,27.583,23.287,285.0,274.0,False,77.096,"[2049, 2049, 2049, 2049, 2049, 2049, 2049, 2049]","[2049, 2049, 2049, 2049, 2049, 2048, 2048, 2049]","[2048, 2048, 2048, 2049, 2049, 2049, 2049]",295.0
1217,9149,23,13,2023-08-27T13:21:26.610000+00:00,26.23,27.649,23.203,288.0,276.0,False,77.082,"[2051, 2048, 2048, 2048, 2048, 2048, 2048, 2051]","[2049, 2049, 2049, 2049, 2048, 2048, 2048, 2048]","[2048, 2048, 2048, 2049, 2049, 2051]",318.0
1217,9149,4,13,2023-08-27T13:21:30.470000+00:00,26.089,26.969,23.142,281.0,263.0,False,76.2,"[None, 2049, 2049, 2051, 2049, 2051, 2051, 2049]","[2048, 2049, 2051, 2049, 2049, 2048, 2048, 2048]","[2048, 2048, 2048, 2051, 2049, 2049, 2048]",292.0
1217,9149,16,13,2023-08-27T13:21:35.938000+00:00,26.872,27.826,23.451,287.0,267.0,False,78.149,"[2049, 2049, 2049, 2049, 2049, 2049, 2049, 2049]","[2049, 2049, 2049, 2049, 2049, 2049, 2049, 2048]","[2049, 2049, 2048, 2049, 2049, 2049, 2049]",291.0
1217,9149,77,13,2023-08-27T13:21:36.876000+00:00,26.897,27.587,23.614,281.0,273.0,False,78.098,"[None, 2048, 2048, 2048, 2048, 2048, 2048, 2049]","[2048, 2049, 2049, 2048, 2049, 2048, 2048, 2049]","[2049, 2048, 2049, 2049, 2049, 2049]",308.0
1217,9149,27,13,2023-08-27T13:21:38.516000+00:00,26.283,27.687,23.671,284.0,264.0,False,77.641,"[None, 2049, 2048, 2049, 2048, 2049, 2048, 2048]","[2049, 2048, 2048, 2049, 2048, 2048, 2049, 2048]","[2048, 2048, 2048, 2048, 2049, 2049, 2049]",298.0
1217,9149,44,13,2023-08-27T13:21:46.376000+00:00,26.347,27.182,23.358,279.0,260.0,False,76.887,"[None, 2049, 2049, 2048, 2049, 2049, 2049, 2048]","[2048, 2049, 2049, 2049, 2049, 2049, 2048, 2049]","[2048, 2049, 2048, 2049, 2049, 2049, 2049]",279.0
1217,9149,40,13,2023-08-27T13:21:49.907000+00:00,26.668,27.415,24.347,280.0,259.0,False,78.43,"[2049, 2048, 2049, 2048, 2048, 2049, 2049, 2049]","[2049, 2049, 2049, 2049, 2049, 2049, 2049, 2049]","[2048, 2048, 2048, 2048, 2049, 2049, 2049]",289.0
1217,9149,63,13,2023-08-27T13:21:54.672000+00:00,26.625,26.904,23.521,280.0,262.0,False,77.05,"[None, 2049, 2049, 2049, 2049, 2048, 2048, 2049]","[2049, 2049, 2049, 2048, 2049, 2048, 2049, 2049]","[2048, 2049, 2049, 2049, 2049, 2049, 2049]",295.0
1217,9149,18,13,2023-08-27T13:22:07.031000+00:00,26.738,27.45,24.103,,263.0,False,78.291,"[None, 2048, 2048, 2048, 2048, 2048, 2048, 2048]","[2049, 2049, 2049, 2049, 2048, 2048, 2048, 2048]","[2048, 2048, 2048, 2048, 2048, 2049, 2048]",291.0
1217,9149,2,13,2023-08-27T13:22:12.922000+00:00,26.12,27.446,23.833,281.0,264.0,False,77.399,"[2048, 2048, 2049, 2049, 2049, 2049, 2049, 2049]","[2048, 2049, 2049, 2049, 2049, 2048, 2048, 2048]","[2049, 2049, 2049, 2049, 2049, 2049, 2049]",298.0
1217,9149,1,14,2023-08-27T13:22:23.234000+00:00,26.683,27.606,23.261,283.0,263.0,False,77.55,"[None, 2048, 2049, 2049, 2049, 2049, 2049, 2049]","[2049, 2048, 2048, 2048, 2049, 2049, 2048, 2049]","[2049, 2051, 2049, 2049, 2049, 2048, 2048]",274.0
1217,9149,11,14,2023-08-27T13:22:27.187000+00:00,26.617,26.718,23.541,282.0,263.0,False,76.876,"[2049, 2049, 2049, 2049, 2049, 2049, 2049, 2049]","[2049, 2051, 2051, 2049, 2049, 2048, 2048, 2049]","[2049, 2049, 2049, 2049, 2049, 2049, 2049]",292.0
1217,9149,14,14,2023-08-27T13:22:28.422000+00:00,26.417,27.192,23.804,,266.0,False,77.413,"[2049, 2049, 2048, 2049, 2048, 2048, 2048, 2048]","[2048, 2048, 2049, 2049, 2049, 2049, 2048, 2048]","[2048, 2049, 2048, 2048, 2048, 2048, 2048]",298.0
1217,9149,10,14,2023-08-27T13:22:31.672000+00:00,26.555,27.277,23.369,282.0,262.0,False,77.201,"[None, 2048, 2049, 2049, 2048, 2048, 2049, 2049]","[2049, 2048, 2048, 2049, 2048, 2049, 2049, 2049]","[2049, 2048, 2049, 2049, 2049, 2049]",291.0
1217,9149,55,14,2023-08-27T13:22:32.015000+00:00,26.439,27.319,23.024,289.0,277.0,False,76.782,"[None, 2048, 2048, 2048, 2048, 2049, 2049, 2051]","[2048, 2048, 2048, 2048, 2048, 2048, 2049, 2048]","[2049, 2048, 2048, 2049, 2051, 2051]",295.0
1217,9149,24,14,2023-08-27T13:22:34.125000+00:00,26.825,27.354,23.84,280.0,263.0,False,78.019,"[2049, 2049, 2049, 2049, 2049, 2049, 2049, 2048]","[2048, 2048, 2048, 2048, 2049, 2048, 2049, 2049]","[2049, 2048, 2048, 2049, 2049, 2048, 2048]",280.0
1217,9149,20,14,2023-08-27T13:22:40.125000+00:00,26.3,27.72,23.737,,263.0,False,77.757,"[2049, 2048, 2049, 2049, 2049, 2049, 2049, 2048]","[2048, 2048, 2048, 2049, 2049, 2048, 2048, 2048]","[2049, 2049, 2048, 2049, 2048, 2049, 2049]",
1217,9149,81,14,2023-08-27T13:22:41.906000+00:00,25.929,27.006,23.106,281.0,275.0,False,76.041,"[None, 2051, 2048, 2049, 2051, 2048, 2048, 2048]","[2048, 2048, 2049, 2048, 2048, 2048, 2048, 2051]","[2049, 2049, 2048, 2049, 2048, 2048]",299.0
1217,9149,22,14,2023-08-27T13:22:43.265000+00:00,26.694,27.07,23.455,280.0,262.0,False,77.219,"[None, 2048, 2048, 2048, 2048, 2048, 2048, 2048]","[2048, 2049, 2049, 2051, 2049, 2049, 2049, 2049]","[2049, 2049, 2048, 2049, 2048, 2048]",294.0
1217,9149,31,14,2023-08-27T13:22:43.343000+00:00,26.889,27.219,23.113,278.0,274.0,False,77.221,"[None, 2049, 2048, 2048, 2048, 2048, 2048, 2048]","[2048, 2049, 2049, 2048, 2049, 2048, 2048, 2049]","[2049, 2048, 2048, 2049, 2048, 2048]",309.0
1217,9149,23,14,2023-08-27T13:22:43.843000+00:00,26.716,27.597,23.002,290.0,277.0,False,77.315,"[2048, 2048, 2048, 2048, 2048, 2048, 2048, 2049]","[2048, 2048, 2048, 2048, 2049, 2048, 2048, 2048]","[2049, 2048, 2048, 2049, 2049, 2048, 2048]",310.0
1217,9149,4,14,2023-08-27T13:22:46.687000+00:00,26.218,26.93,23.082,,266.0,False,76.23,"[None, 2049, 2048, 2051, 2048, 2048, 2048, 2048]","[2049, 2048, 2049, 2048, 2048, 2048, 2048, 2048]","[2049, 2048, 2048, 2051, 2049, 2049, 2049]",
1217,9149,16,14,2023-08-27T13:22:54.156000+00:00,26.627,27.586,23.624,,268.0,False,77.837,"[None, 2049, 2049, 2049, 2049, 2049, 2049, 2049]","[2051, 2049, 2049, 2049, 2049, 2049, 2048, 2049]","[2048, 2048, 2048, 2048, 2048, 2048]",301.0
1217,9149,77,14,2023-08-27T13:22:54.890000+00:00,26.726,27.512,23.629,282.0,274.0,False,77.867,"[None, 2048, 2048, 2048, 2048, 2048, 2049, 2049]","[2048, 2048, 2049, 2048, 2048, 2048, 2049, 2048]","[2049, 2048, 2048, 2049, 2049, 2049, 2049]",309.0
1217,9149,27,14,2023-08-27T13:22:56.109000+00:00,26.506,27.617,23.715,,265.0,False,77.838,"[None, 2048, 2048, 2048, 2048, 2048, 2048, 2048]","[2048, 2048, 2048, 2048, 2049, 2049, 2049, 2048]","[2048, 2048, 2048, 2048, 2048, 2049, 2049]",299.0
1217,9149,44,14,2023-08-27T13:23:03.265000+00:00,26.395,26.836,23.189,280.0,262.0,False,76.42,"[None, 2049, 2049, 2048, 2048, 2048, 2048, 2049]","[2048, 2048, 2049, 2048, 2049, 2049, 2049, 2049]","[2048, 2051, 2048, 2049, 2049, 2049]",281.0
1217,9149,40,14,2023-08-27T13:23:08.327000+00:00,26.984,27.21,24.067,,259.0,False,78.261,"[None, 2048, 2048, 2048, 2048, 2048, 2048, 2049]","[2049, 2048, 2048, 2049, 2051, 2049, 2049, 2049]","[2049, 2048, 2048, 2048, 2049, 2049, 2049]",
1217,9149,63,14,2023-08-27T13:23:11.718000+00:00,26.502,26.985,23.617,,263.0,False,77.104,"[None, 2048, 2049, 2048, 2049, 2049, 2049, 2049]","[2049, 2048, 2049, 2048, 2048, 2048, 2048, 2049]","[2048, 2048, 2048, 2049, 2049, 2049, 2049]",296.0
1217,9149,18,14,2023-08-27T13:23:25.436000+00:00,27.063,27.231,23.82,283.0,262.0,False,78.114,"[None, 2048, 2048, 2048, 2048, 2048, 2048, 2048]","[2049, 2048, 2048, 2049, 2049, 2049, 2049, 2048]","[2049, 2048, 2048, 2048, 2049, 2049]",295.0
1217,9149,2,14,2023-08-27T13:23:30.311000+00:00,26.624,27.411,23.789,,262.0,False,77.824,"[2049, 2048, 2048, 2048, 2048, 2048, 2048, 2049]","[2049, 2048, 2048, 2049, 2048, 2049, 2048, 2048]","[2048, 2048, 2049, 2049, 2049, 2049, 2049]",300.0
1217,9149,1,15,2023-08-27T13:23:40.905000+00:00,26.612,27.153,23.165,,263.0,False,76.93,"[None, 2049, 2049, 2048, 2048, 2049, 2049, 2049]","[2049, 2049, 2048, 2048, 2049, 2049, 2048, 2049]","[2048, 2051, 2049, 2049, 2049, 2049]",289.0
1217,9149,11,15,2023-08-27T13:23:44.108000+00:00,26.571,27.017,23.493,284.0,262.0,False,77.081,"[None, 2049, 2048, 2048, 2048, 2049, 2049, 2049]","[2049, 2048, 2048, 2048, 2049, 2049, 2048, 2049]","[2048, 2049, 2048, 2049, 2049, 2049]",299.0
1217,9149,14,15,2023-08-27T13:23:45.811000+00:00,26.491,27.432,23.492,286.0,265.0,False,77.415,"[2048, 2048, 2048, 2048, 2048, 2048, 2048, 2049]","[2049, 2049, 2048, 2048, 2048, 2048, 2048, 2048]","[2048, 2049, 2048, 2049, 2049, 2049, 2048]",290.0
1217,9149,10,15,2023-08-27T13:23:48.717000+00:00,26.839,26.857,23.291,283.0,263.0,False,76.987,"[None, 2049, 2048, 2049, 2048, 2048, 2048, 2049]","[2049, 2049, 2049, 2049, 2049, 2049, 2048, 2049]","[2048, 2049, 2049, 2049, 2049, 2049]",298.0
1217,9149,55,15,2023-08-27T13:23:48.764000+00:00,27.043,27.221,22.862,288.0,274.0,False,77.126,"[2051, 2049, 2048, 2048, 2048, 2048, 2048, 2051]","[2048, 2048, 2048, 2048, 2048, 2048, 2048, 2048]","[2048, 2048, 2048, 2049, 2051, 2051, 2048]",322.0
1217,9149,24,15,2023-08-27T13:23:52.139000+00:00,26.805,27.289,23.746,281.0,260.0,False,77.84,"[2048, 2049, 2048, 2048, 2048, 2048, 2048, 2048]","[2048, 2049, 2049, 2049, 2048, 2048, 2049, 2048]","[2048, 2048, 2048, 2049, 2049, 2048]",291.0
1217,9149,20,15,2023-08-27T13:23:57.905000+00:00,26.723,27.736,23.886,283.0,261.0,False,78.345,"[None, 2048, 2048, 2048, 2048, 2049, 2049, 2048]","[2049, 2049, 2049, 2049, 2048, 2048, 2048, 2048]","[2048, 2048, 2048, 2049, 2049, 2049, 2048]",289.0
1217,9149,81,15,2023-08-27T13:23:57.920000+00:00,27.372,27.953,27.38,277.0,270.0,False,82.705,"[None, 2051, 2048, 2048, 2048, 2048, 2048, 2048]","[2048, 2048, 2048, 2048, 2048, 2048, 2048, 2048]","[2048, 2048, 2048, 2048, 2048, 2048, 2064]",318.0
1217,9149,22,15,2023-08-27T13:24:00.420000+00:00,27.987,27.994,23.18,,273.0,False,79.161,"[None, 2048, 2048, 2048, 2048, 2048, 2048, 2048]","[2048, 2048, 2048, 2048, 2048, 2048, 2048, 2049]","[2048, 2048, 2048, 2049, 2049, 2049]",296.0
1217,9149,31,15,2023-08-27T13:24:00.639000+00:00,26.848,27.684,23.441,270.0,265.0,False,77.973,"[2048, 2049, 2048, 2049, 2048, 2048, 2048, 2048]","[2048, 2048, 2048, 2048, 2048, 2049, 2048, 2048]","[2048, 2049, 2049, 2049, 2048, 2048]",291.0
1217,9149,23,15,2023-08-27T13:24:01.201000+00:00,27.084,27.513,22.947,283.0,276.0,False,77.544,"[None, 2048, 2048, 2048, 2048, 2048, 2048, 2048]","[2048, 2048, 2048, 2048, 2049, 2048, 2048, 2048]","[2048, 2048, 2049, 2049, 2048, 2048]",295.0
1217,9149,4,15,2023-08-27T13:24:02.951000+00:00,26.197,27.693,23.039,285.0,278.0,False,76.929,"[2049, 2048, 2048, 2048, 2048, 2048, 2051, 2049]","[2049, 2048, 2048, 2048, 2048, 2048, 2048, 2048]","[2048, 2048, 2048, 2048, 2049, 2049]",
1217,9149,16,15,2023-08-27T13:24:11.982000+00:00,26.667,27.597,23.357,,268.0,False,77.621,"[None, 2048, 2048, 2048, 2049, 2048, 2048, 2048]","[2051, 2049, 2049, 2049, 2048, 2049, 2048, 2048]","[2049, 2048, 2048, 2049, 2049, 2049, 2049]",299.0
1217,9149,77,15,2023-08-27T13:24:12.779000+00:00,26.479,27.258,23.37,,275.0,False,77.107,"[None, 2049, 2048, 2049, 2048, 2049, 2049, 2049]","[2049, 2049, 2049, 2048, 2048, 2048, 2049, 2048]","[2048, 2049, 2048, 2049, 2049, 2049, 2049]",314.0
1217,9149,27,15,2023-08-27T13:24:13.935000+00:00,26.342,27.511,23.437,,264.0,False,77.29,"[None, 2048, 2048, 2048, 2048, 2048, 2049, 2048]","[2048, 2049, 2049, 2049, 2049, 2048, 2048, 2048]","[2048, 2048, 2048, 2049, 2049, 2049]",300.0
1217,9149,44,15,2023-08-27T13:24:19.670000+00:00,26.09,26.761,23.054,277.0,258.0,False,75.905,"[2049, 2049, 2048, 2049, 2049, 2051, 2049, 2048]","[2048, 2049, 2048, 2049, 2049, 2048, 2048, 2048]","[2048, 2051, 2049, 2049, 2049, 2048, 2049]",283.0
1217,9149,40,15,2023-08-27T13:24:26.607000+00:00,26.612,27.184,23.677,,260.0,False,77.473,"[None, 2048, 2049, 2048, 2048, 2048, 2048, 2049]","[2048, 2049, 2049, 2048, 2048, 2048, 2048, 2048]","[2048, 2049, 2048, 2049, 2049, 2049, 2048]",294.0
1217,9149,63,15,2023-08-27T13:24:28.966000+00:00,26.224,26.931,23.251,282.0,263.0,False,76.406,"[None, 2048, 2049, 2049, 2049, 2049, 2049, 2049]","[2049, 2049, 2049, 2049, 2048, 2048, 2048, 2048]","[2049, 2049, 2048, 2049, 2049, 2049, 2049]",292.0
1217,9149,18,15,2023-08-27T13:24:43.435000+00:00,26.255,27.117,25.148,282.0,263.0,False,78.52,"[None, 2049, 2049, 2049, 2049, 2049, 2049, 2048]","[2048, 2049, 2049, 2049, 2049, 2049, 2048, 2048]","[2049, 2049, 2049, 2048, 2048, 2048, 2048]",300.0
1217,9149,2,15,2023-08-27T13:24:48.169000+00:00,26.099,,,,,False,,"[None, 2049, 2048, 2049, 2048, 2049, 2049, 2049]",[2049],,299.0
1217,9149,1,16,2023-08-27T13:24:57.841000+00:00,26.101,28.078,32.736,,261.0,False,86.915,"[None, 2049, 2049, 2049, 2049, 2049, 2049, 2049]","[2049, 2049, 2048, 2048, 2048, 2048, 2049, 2048]","[2048, 2048, 2049, 2048, 2048, 2048, 2048]",
1217,9149,11,16,2023-08-27T13:25:01.138000+00:00,26.334,27.612,31.834,,262.0,False,85.78,"[2048, 2048, 2048, 2049, 2049, 2049, 2049, 2049]","[2049, 2048, 2048, 2048, 2048, 2048, 2048, 2048]","[2049, 2049, 2048, 2048, 2048, 2048]",285.0
1217,9149,14,16,2023-08-27T13:25:03.231000+00:00,26.287,27.591,33.937,,265.0,False,87.815,"[None, 2049, 2048, 2048, 2049, 2048, 2049, 2049]","[2048, 2049, 2048, 2048, 2048, 2048, 2048, 2048]","[2048, 2048, 2048, 2048, 2048, 2048]",291.0
1217,9149,10,16,2023-08-27T13:25:05.560000+00:00,26.184,27.414,32.979,284.0,264.0,False,86.577,"[None, 2048, 2049, 2048, 2049, 2049, 2049, 2049]","[2049, 2048, 2048, 2048, 2048, 2048, 2049, 2048]","[2048, 2048, 2048, 2048, 2048, 2048, 2048]",301.0
1217,9149,55,16,2023-08-27T13:25:05.903000+00:00,26.224,27.94,34.135,289.0,274.0,False,88.299,"[None, 2048, 2049, 2048, 2048, 2048, 2049, 2051]","[2048, 2048, 2048, 2048, 2048, 2048, 2048, 2048]","[2049, 2048, 2048, 2048, 2048, 2048]",325.0
1217,9149,24,16,2023-08-27T13:25:09.966000+00:00,26.523,27.983,34.354,,259.0,False,88.86,"[None, 2049, 2048, 2049, 2049, 2049, 2049, 2048]","[2048, 2048, 2048, 2048, 2048, 2048, 2048, 2048]","[2048, 2048, 2048, 2048, 2048, 2048, 2048]",
1217,9149,20,16,2023-08-27T13:25:16.184000+00:00,26.344,36.46,31.455,280.0,95.0,False,94.259,"[2048, 2049, 2048, 2048, 2048, 2048, 2049, 2048]","[2048, 2048, 2048, 2048, 2048, 2048, 2048, 2048]","[2048, 2048, 2048, 2048, 2048, 2048, 2048]",293.0
1217,9149,31,16,2023-08-27T13:25:18.434000+00:00,26.479,38.258,31.567,287.0,163.0,False,96.304,"[None, 2048, 2048, 2048, 2048, 2048, 2048, 2048]","[2049, 2048, 2048, 2048, 2048, 2048, 2048, 2048]","[2048, 2048, 2048, 2048, 2048, 2048, 2048]",299.0
1217,9149,23,16,2023-08-27T13:25:18.575000+00:00,25.901,36.226,32.397,,184.0,False,94.524,"[None, 2051, 2048, 2048, 2048, 2049, 2049, 2048]","[2048, 2048, 2048, 2048, 2049, 2048, 2048, 2048]","[2048, 2048, 2048, 2048, 2048, 2048]",323.0
1217,9149,22,16,2023-08-27T13:25:19.497000+00:00,26.35,38.985,31.672,284.0,141.0,False,97.007,"[None, 2049, 2048, 2049, 2049, 2048, 2048, 2049]","[2048, 2048, 2048, 2048, 2048, 2048, 2048, 2048]","[2048, 2048, 2048, 2048, 2048, 2048, 2048]",317.0
1217,9149,4,16,2023-08-27T13:25:19.794000+00:00,26.245,40.011,33.187,288.0,143.0,False,99.443,"[None, 2048, 2048, 2048, 2048, 2048, 2051, 2049]","[2048, 2048, 2048, 2048, 2048, 2048, 2048, 2048]","[2048, 2048, 2048, 2048, 2048, 2048, 2048]",299.0
1217,9149,81,16,2023-08-27T13:25:20.669000+00:00,44.193,41.139,33.881,281.0,198.0,True,119.213,"[2064, 2064, 2064, 2048, 2048, 2048, 2048, 2048]","[2048, 2048, 2048, 2048, 2048, 2048, 2049, 2048]","[2048, 2048, 2048, 2048, 2048, 2048, 2048]",
1217,9149,16,16,2023-08-27T13:25:29.590000+00:00,26.346,35.45,35.512,288.0,251.0,False,97.308,"[2048, 2048, 2048, 2048, 2049, 2049, 2049, 2049]","[2048, 2048, 2048, 2048, 2048, 2048, 2048, 2048]","[2048, 2048, 2048, 2048, 2048, 2048, 2048]",303.0
1217,9149,77,16,2023-08-27T13:25:29.872000+00:00,26.778,39.015,35.728,277.0,208.0,False,101.521,"[None, 2048, 2048, 2048, 2048, 2048, 2049, 2049]","[2048, 2048, 2048, 2048, 2048, 2048, 2048, 2048]","[2048, 2048, 2048, 2048, 2048, 2048, 2064]",304.0
1217,9149,27,16,2023-08-27T13:25:31.262000+00:00,26.459,39.306,35.428,,212.0,False,101.193,"[2048, 2048, 2048, 2048, 2048, 2048, 2048, 2048]","[2048, 2048, 2048, 2048, 2048, 2048, 2048, 2048]","[2048, 2048, 2048, 2048, 2048, 2048, 2064]",297.0
1217,9149,44,16,2023-08-27T13:25:35.590000+00:00,26.085,41.546,31.383,280.0,214.0,False,99.014,"[2048, 2048, 2049, 2048, 2048, 2048, 2049, 2048]","[2048, 2048, 2048, 2048, 2048, 2048, 2048, 2048]","[2048, 2048, 2048, 2048, 2048, 2048]",
1217,9149,40,16,2023-08-27T13:25:44.043000+00:00,31.94,38.078,36.167,158.0,183.0,False,106.185,"[2048, 2048, 2048, 2048, 2048, 2048, 2048, 2048]","[2048, 2048, 2048, 2048, 2048, 2048, 2048, 2048]","[2048, 2048, 2048, 2048, 2048, 2048]",293.0
1217,9149,63,16,2023-08-27T13:25:45.231000+00:00,32.176,37.592,38.126,174.0,151.0,False,107.894,"[None, 2049, 2048, 2048, 2048, 2048, 2048, 2048]","[2048, 2048, 2048, 2048, 2048, 2048, 2048, 2048]","[2048, 2048, 2048, 2048, 2048, 2048, 2064]",300.0
1217,9149,18,16,2023-08-27T13:26:01.934000+00:00,37.716,39.818,36.17,193.0,218.0,False,113.704,"[None, 2049, 2048, 2048, 2048, 2048, 2048, 2048]","[2048, 2048, 2048, 2048, 2048, 2048, 2048, 2048]","[2048, 2048, 2048, 2048, 2048, 2048, 2064]",295.0
1217,9149,1,17,2023-08-27T13:26:24.714000+00:00,39.497,45.949,36.771,126.0,144.0,False,122.217,"[None, 2048, 2048, 2048, 2048, 2048, 2048, 2048]","[2048, 2048, 2048, 2048, 2048, 2048, 2048, 2048]","[2048, 2048, 2048, 2048, 2048, 2048]",209.0
1217,9149,11,17,2023-08-27T13:26:26.886000+00:00,38.49,46.372,36.187,133.0,113.0,False,121.049,"[None, 2048, 2048, 2048, 2048, 2048, 2048, 2048]","[2048, 2048, 2048, 2048, 2048, 2048, 2048, 2048]","[2048, 2048, 2048, 2048, 2048, 2048, 2048]",220.0
1217,9149,14,17,2023-08-27T13:26:31.027000+00:00,38.091,43.842,36.365,146.0,151.0,False,118.298,"[None, 2048, 2048, 2048, 2048, 2048, 2048, 2048]","[2048, 2048, 2048, 2048, 2048, 2048, 2048, 2048]","[2048, 2048, 2048, 2048, 2048, 2048, 2048]",236.0
1217,9149,10,17,2023-08-27T13:26:32.152000+00:00,38.663,43.925,36.806,180.0,215.0,False,119.394,"[None, 2048, 2048, 2048, 2048, 2048, 2048, 2048]","[2048, 2048, 2048, 2048, 2048, 2048, 2048, 2048]","[2048, 2048, 2048, 2048, 2048, 2048, 2048]",246.0
1217,9149,55,17,2023-08-27T13:26:34.199000+00:00,37.199,44.307,36.991,178.0,205.0,False,118.497,"[2048, 2048, 2048, 2048, 2048, 2048, 2048, 2048]","[2048, 2048, 2048, 2048, 2048, 2048, 2048, 2048]","[2048, 2048, 2048, 2048, 2048, 2048, 2048]",226.0
1217,9149,24,17,2023-08-27T13:26:38.808000+00:00,38.588,40.296,36.756,211.0,218.0,False,115.64,"[None, 2048, 2048, 2048, 2048, 2048, 2048, 2048]","[2048, 2048, 2048, 2048, 2048, 2048, 2048, 2048]","[2048, 2048, 2048, 2048, 2048, 2048, 2048]",203.0
1217,9149,20,17,2023-08-27T13:26:50.433000+00:00,37.895,39.044,35.197,171.0,172.0,False,112.136,"[None, 2048, 2048, 2048, 2048, 2048, 2048, 2048]","[2048, 2048, 2048, 2048, 2048, 2048, 2048, 2048]","[2048, 2048, 2048, 2048, 2048, 2048]",220.0
1217,9149,23,17,2023-08-27T13:26:53.089000+00:00,40.437,38.452,33.847,206.0,126.0,False,112.736,"[None, 2048, 2048, 2048, 2048, 2048, 2048, 2048]","[2048, 2048, 2048, 2048, 2048, 2048, 2048, 2048]","[2048, 2048, 2048, 2048, 2048, 2048, 2048]",143.0
1217,9149,31,17,2023-08-27T13:26:54.870000+00:00,39.675,38.374,34.663,201.0,129.0,False,112.712,"[None, 2048, 2048, 2048, 2048, 2048, 2048, 2048]","[2048, 2048, 2048, 2048, 2048, 2048, 2048, 2048]","[2048, 2048, 2048, 2048, 2048, 2048, 2048]",120.0
1217,9149,22,17,2023-08-27T13:26:56.589000+00:00,39.801,37.636,34.999,159.0,192.0,False,112.436,"[2048, 2048, 2048, 2048, 2048, 2048, 2048, 2048]","[2048, 2048, 2048, 2048, 2048, 2048, 2048, 2048]","[2048, 2048, 2048, 2048, 2048, 2048, 2048]",154.0
1217,9149,4,17,2023-08-27T13:26:59.308000+00:00,38.65,39.859,34.269,141.0,240.0,False,112.778,"[2048, 2048, 2048, 2048, 2048, 2048, 2048, 2048]","[2048, 2048, 2048, 2048, 2048, 2048, 2048, 2048]","[2048, 2048, 2048, 2048, 2048, 2048]",255.0
1217,9149,16,17,2023-08-27T13:27:06.901000+00:00,39.328,37.079,37.438,251.0,178.0,False,113.845,"[None, 2048, 2048, 2048, 2048, 2048, 2048, 2048]","[2048, 2048, 2048, 2048, 2048, 2048, 2049, 2048]","[2048, 2048, 2048, 2048, 2048, 2048, 2048]",200.0
1217,9149,77,17,2023-08-27T13:27:11.323000+00:00,55.004,39.245,33.516,157.0,172.0,True,127.765,"[2064, 2064, 2064, 2048, 2048, 2048, 2048, 2048]","[2048, 2048, 2048, 2048, 2048, 2048, 2048, 2048]","[2048, 2048, 2048, 2048, 2048, 2048, 2048]",
1217,9149,27,17,2023-08-27T13:27:12.401000+00:00,54.919,39.481,33.501,152.0,212.0,True,127.901,"[2064, 2064, 2064, 2048, 2048, 2048, 2048, 2048]","[2048, 2048, 2048, 2048, 2048, 2048, 2048, 2048]","[2048, 2048, 2048, 2048, 2048, 2048, 2048]",
1217,9149,44,17,2023-08-27T13:27:14.495000+00:00,42.147,37.371,32.82,241.0,223.0,False,112.338,"[None, 2048, 2048, 2048, 2048, 2048, 2048, 2048]","[2048, 2048, 2048, 2048, 2048, 2048, 2048, 2048]","[2048, 2048, 2048, 2048, 2048, 2048]",212.0
1217,9149,81,17,2023-08-27T13:27:19.854000+00:00,40.899,38.43,33.485,182.0,176.0,False,112.814,"[2048, 2048, 2048, 2048, 2048, 2048, 2048, 2048]","[2048, 2048, 2048, 2048, 2048, 2048, 2048, 2048]","[2048, 2048, 2048, 2048, 2048, 2048]",192.0
1217,9149,40,17,2023-08-27T13:27:30.213000+00:00,39.145,39.309,36.141,146.0,184.0,False,114.595,"[None, 2048, 2048, 2048, 2048, 2048, 2048, 2048]","[2048, 2048, 2048, 2048, 2048, 2048, 2048, 2048]","[2048, 2048, 2048, 2048, 2048, 2048, 2064]",184.0
1217,9149,63,17,2023-08-27T13:27:33.166000+00:00,52.818,39.274,34.17,222.0,223.0,True,126.262,"[2064, 2064, 2064, 2048, 2048, 2048, 2048, 2048]","[2048, 2048, 2048, 2048, 2048, 2048, 2048, 2048]","[2048, 2048, 2048, 2048, 2048, 2048, 2048]",
1217,9149,18,17,2023-08-27T13:27:55.713000+00:00,54.084,38.654,34.868,189.0,225.0,True,127.606,"[2064, 2064, 2064, 2048, 2048, 2048, 2048, 2048]","[2048, 2048, 2048, 2048, 2048, 2048, 2048, 2048]","[2048, 2048, 2048, 2048, 2048, 2048, 2048]",
1217,9149,1,18,2023-08-27T13:28:26.837000+00:00,44.318,45.019,38.978,116.0,139.0,False,128.315,"[None, 2048, 2048, 2048, 2048, 2048, 2048, 2048]","[2048, 2048, 2048, 2048, 2048, 2048, 2048, 2048]","[2048, 2048, 2048, 2048, 2048, 2048, 2048]",198.0
1217,9149,11,18,2023-08-27T13:28:27.947000+00:00,44.108,45.168,39.092,121.0,139.0,False,128.368,"[None, 2048, 2048, 2048, 2048, 2048, 2048, 2048]","[2048, 2048, 2048, 2048, 2048, 2048, 2048, 2048]","[2048, 2048, 2048, 2048, 2048, 2048, 2048]",181.0
1217,9149,14,18,2023-08-27T13:28:29.306000+00:00,44.57,45.254,38.53,115.0,197.0,False,128.354,"[None, 2048, 2048, 2048, 2048, 2048, 2048, 2048]","[2048, 2048, 2048, 2048, 2048, 2048, 2048, 2048]","[2048, 2048, 2048, 2048, 2048, 2048, 2048]",125.0
1217,9149,10,18,2023-08-27T13:28:31.556000+00:00,43.527,46.516,37.737,124.0,221.0,False,127.78,"[None, 2048, 2048, 2048, 2048, 2048, 2048, 2048]","[2048, 2048, 2048, 2048, 2048, 2048, 2048, 2048]","[2048, 2048, 2048, 2048, 2048, 2048, 2048]",113.0
1217,9149,55,18,2023-08-27T13:28:32.681000+00:00,42.86,47.718,36.789,124.0,214.0,False,127.367,"[None, 2048, 2048, 2048, 2048, 2048, 2048, 2048]","[2048, 2048, 2048, 2048, 2048, 2048, 2048, 2048]","[2048, 2048, 2048, 2048, 2048, 2048, 2048]",149.0
1217,9149,24,18,2023-08-27T13:28:34.618000+00:00,42.189,47.788,36.555,106.0,214.0,False,126.532,"[None, 2048, 2048, 2048, 2048, 2048, 2048, 2048]","[2048, 2048, 2048, 2048, 2048, 2048, 2048, 2048]","[2048, 2048, 2048, 2048, 2048, 2048, 2048]",170.0
1217,9149,20,18,2023-08-27T13:28:42.603000+00:00,34.716,48.036,36.804,113.0,225.0,False,119.556,"[None, 2048, 2048, 2048, 2048, 2048, 2048, 2048]","[2048, 2048, 2048, 2048, 2048, 2048, 2048, 2048]","[2048, 2048, 2048, 2048, 2048, 2048]",245.0
1217,9149,23,18,2023-08-27T13:28:45.962000+00:00,32.458,48.799,35.952,143.0,229.0,False,117.209,"[None, 2048, 2048, 2048, 2048, 2048, 2048, 2048]","[2048, 2048, 2048, 2048, 2048, 2048, 2048, 2048]","[2048, 2048, 2048, 2048, 2048, 2048, 2048]",279.0
1217,9149,31,18,2023-08-27T13:28:47.571000+00:00,32.271,48.705,35.574,164.0,213.0,False,116.55,"[None, 2048, 2048, 2048, 2048, 2048, 2048, 2048]","[2048, 2048, 2048, 2048, 2048, 2048, 2048, 2048]","[2048, 2048, 2048, 2048, 2048, 2048, 2048]",180.0
1217,9149,22,18,2023-08-27T13:28:49.024000+00:00,33.041,48.324,34.932,161.0,210.0,False,116.297,"[None, 2048, 2048, 2048, 2048, 2048, 2048, 2048]","[2048, 2048, 2048, 2048, 2048, 2048, 2048, 2048]","[2048, 2048, 2048, 2048, 2048, 2048]",135.0
1217,9149,4,18,2023-08-27T13:28:52.102000+00:00,30.863,49.416,33.966,233.0,214.0,False,114.245,"[None, 2048, 2048, 2048, 2048, 2048, 2048, 2048]","[2048, 2048, 2048, 2048, 2048, 2048, 2048, 2048]","[2048, 2048, 2048, 2048, 2048, 2048]",252.0
1217,9149,16,18,2023-08-27T13:29:00.696000+00:00,31.794,41.259,33.729,264.0,224.0,False,106.782,"[None, 2048, 2048, 2048, 2048, 2048, 2048, 2048]","[2048, 2048, 2048, 2048, 2048, 2048, 2048, 2048]","[2048, 2048, 2048, 2048, 2048, 2048, 2048]",262.0
1217,9149,44,18,2023-08-27T13:29:06.837000+00:00,29.484,41.719,30.723,254.0,233.0,False,101.926,"[None, 2048, 2049, 2048, 2048, 2048, 2048, 2048]","[2048, 2048, 2048, 2048, 2048, 2048, 2048, 2048]","[2048, 2048, 2048, 2048, 2048, 2048, 2048]",275.0
1217,9149,81,18,2023-08-27T13:29:12.540000+00:00,28.564,40.293,28.722,223.0,176.0,False,97.579,"[None, 2048, 2048, 2048, 2048, 2048, 2048, 2048]","[2048, 2048, 2048, 2048, 2048, 2048, 2048, 2048]","[2048, 2048, 2048, 2048, 2048, 2048]",263.0
1217,9149,77,18,2023-08-27T13:29:19.274000+00:00,29.16,33.981,29.15,250.0,175.0,False,92.291,"[2048, 2048, 2048, 2048, 2048, 2048, 2048, 2048]","[2048, 2048, 2048, 2048, 2048, 2048, 2049, 2048]","[2048, 2048, 2048, 2048, 2048, 2048, 2048]",250.0
1217,9149,27,18,2023-08-27T13:29:20.352000+00:00,29.689,35.494,27.756,248.0,221.0,False,92.939,"[2048, 2048, 2048, 2048, 2048, 2048, 2048, 2048]","[2048, 2048, 2048, 2048, 2048, 2048, 2048, 2048]","[2048, 2048, 2048, 2048, 2048, 2048, 2048]",254.0
1217,9149,40,18,2023-08-27T13:29:24.883000+00:00,49.971,33.094,26.731,188.0,248.0,True,109.796,"[2064, 2064, 2064, 2048, 2048, 2048, 2048, 2048]","[2048, 2048, 2048, 2048, 2048, 2048, 2048, 2048]","[2048, 2048, 2048, 2048, 2048, 2048, 2048]",
1217,9149,63,18,2023-08-27T13:29:39.383000+00:00,28.39,32.219,24.023,277.0,257.0,False,84.632,"[2048, 2048, 2048, 2048, 2048, 2048, 2048, 2048]","[2048, 2048, 2048, 2048, 2048, 2048, 2049, 2048]","[2048, 2048, 2048, 2048, 2048, 2048, 2048]",260.0
1217,9149,18,18,2023-08-27T13:30:03.226000+00:00,29.494,29.841,25.001,277.0,251.0,False,84.336,"[2048, 2048, 2048, 2048, 2048, 2048, 2048, 2048]","[2048, 2048, 2048, 2048, 2048, 2048, 2048, 2048]","[2048, 2048, 2048, 2048, 2048, 2048]",234.0
1217,9149,1,19,2023-08-27T13:30:35.288000+00:00,42.928,42.767,34.15,168.0,241.0,False,119.845,"[None, 2048, 2048, 2048, 2048, 2048, 2048, 2048]","[2048, 2048, 2048, 2048, 2048, 2048, 2048, 2048]","[2048, 2048, 2048, 2048, 2048, 2048]",116.0
1217,9149,11,19,2023-08-27T13:30:36.304000+00:00,42.691,42.8,33.784,148.0,239.0,False,119.275,"[None, 2048, 2048, 2048, 2048, 2048, 2048, 2048]","[2048, 2048, 2048, 2048, 2048, 2048, 2048, 2048]","[2048, 2048, 2048, 2048, 2048, 2048, 2048]",110.0
1217,9149,14,19,2023-08-27T13:30:37.694000+00:00,42.625,42.897,33.556,143.0,239.0,False,119.078,"[None, 2048, 2048, 2048, 2048, 2048, 2048, 2048]","[2048, 2048, 2048, 2048, 2048, 2048, 2048, 2048]","[2048, 2048, 2048, 2048, 2048, 2048]",109.0
1217,9149,10,19,2023-08-27T13:30:39.335000+00:00,42.366,43.8,33.511,137.0,226.0,False,119.677,"[None, 2048, 2048, 2048, 2048, 2048, 2048, 2048]","[2048, 2048, 2048, 2048, 2048, 2048, 2048, 2048]","[2048, 2048, 2048, 2048, 2048, 2048, 2048]",140.0
1217,9149,55,19,2023-08-27T13:30:40.054000+00:00,42.434,44.814,33.186,128.0,237.0,False,120.434,"[None, 2048, 2048, 2048, 2048, 2048, 2048, 2048]","[2048, 2048, 2048, 2048, 2048, 2048, 2048, 2048]","[2048, 2048, 2048, 2048, 2048, 2048, 2048]",153.0
1217,9149,24,19,2023-08-27T13:30:40.975000+00:00,42.311,45.496,32.542,119.0,216.0,False,120.349,"[None, 2048, 2048, 2048, 2048, 2048, 2048, 2048]","[2048, 2048, 2048, 2048, 2048, 2048, 2048, 2048]","[2048, 2048, 2048, 2048, 2048, 2048, 2048]",162.0
1217,9149,20,19,2023-08-27T13:30:42.163000+00:00,42.359,45.845,32.069,148.0,228.0,False,120.273,"[None, 2048, 2048, 2048, 2048, 2048, 2048, 2048]","[2048, 2048, 2048, 2048, 2048, 2048, 2048, 2048]","[2048, 2048, 2048, 2048, 2048, 2048, 2048]",180.0
1217,9149,23,19,2023-08-27T13:30:43.116000+00:00,42.2,46.551,31.291,118.0,232.0,False,120.042,"[None, 2048, 2048, 2048, 2048, 2048, 2048, 2048]","[2048, 2048, 2048, 2048, 2048, 2048, 2048, 2048]","[2048, 2048, 2048, 2048, 2048, 2048, 2048]",170.0
1217,9149,31,19,2023-08-27T13:30:44.100000+00:00,42.921,47.284,30.156,160.0,218.0,False,120.361,"[None, 2048, 2048, 2048, 2048, 2048, 2048, 2048]","[2048, 2048, 2048, 2048, 2048, 2048, 2048, 2048]","[2048, 2048, 2048, 2048, 2048, 2048, 2048]",199.0
1217,9149,22,19,2023-08-27T13:30:45.304000+00:00,42.831,47.929,30.223,140.0,214.0,False,120.983,"[None, 2048, 2048, 2048, 2048, 2048, 2048, 2048]","[2048, 2048, 2048, 2048, 2048, 2048, 2048, 2048]","[2048, 2048, 2048, 2048, 2048, 2048]",207.0
1217,9149,4,19,2023-08-27T13:30:46.350000+00:00,43.444,47.967,29.963,248.0,226.0,False,121.374,"[None, 2048, 2048, 2048, 2048, 2048, 2048, 2048]","[2048, 2048, 2048, 2048, 2048, 2048, 2048, 2048]","[2048, 2048, 2048, 2048, 2048, 2048, 2048]",202.0
1217,9149,16,19,2023-08-27T13:30:47.507000+00:00,44.244,48.027,30.748,235.0,220.0,False,123.019,"[None, 2048, 2048, 2048, 2048, 2048, 2048, 2048]","[2048, 2048, 2048, 2048, 2048, 2048, 2048, 2048]","[2048, 2048, 2048, 2048, 2048, 2048, 2048]",191.0
1217,9149,44,19,2023-08-27T13:30:48.866000+00:00,44.838,48.669,29.135,237.0,201.0,False,122.642,"[None, 2048, 2048, 2048, 2048, 2048, 2048, 2048]","[2048, 2048, 2048, 2048, 2048, 2048, 2048, 2048]","[2048, 2048, 2048, 2048, 2048, 2048]",140.0
1217,9149,81,19,2023-08-27T13:30:50.225000+00:00,45.69,49.156,28.739,211.0,216.0,False,123.585,"[None, 2048, 2048, 2048, 2048, 2048, 2048, 2048]","[2048, 2048, 2048, 2048, 2048, 2048, 2048, 2048]","[2048, 2048, 2048, 2048, 2048, 2048, 2048]",115.0
1217,9149,77,19,2023-08-27T13:30:51.413000+00:00,44.861,50.136,29.286,188.0,206.0,False,124.283,"[None, 2048, 2048, 2048, 2048, 2048, 2048, 2048]","[2048, 2048, 2048, 2048, 2048, 2048, 2048, 2048]","[2048, 2048, 2048, 2048, 2048, 2048, 2048]",108.0
1217,9149,27,19,2023-08-27T13:30:53.272000+00:00,44.321,49.732,29.826,218.0,185.0,False,123.879,"[None, 2048, 2048, 2048, 2048, 2048, 2048, 2048]","[2048, 2048, 2048, 2048, 2048, 2048, 2048, 2048]","[2048, 2048, 2048, 2048, 2048, 2048]",108.0
1217,9149,63,19,2023-08-27T13:31:03.913000+00:00,38.408,48.296,28.822,208.0,218.0,False,115.526,"[None, 2048, 2048, 2048, 2048, 2048, 2048, 2048]","[2048, 2048, 2048, 2048, 2048, 2048, 2048, 2048]","[2048, 2048, 2048, 2048, 2048, 2048, 2048]",255.0
1217,9149,40,19,2023-08-27T13:31:14.631000+00:00,30.458,47.24,30.711,229.0,193.0,False,108.409,"[2048, 2048, 2048, 2048, 2048, 2048, 2048, 2048]","[2048, 2048, 2048, 2048, 2048, 2048, 2048, 2048]","[2048, 2048, 2048, 2048, 2048, 2048, 2048]",263.0
1217,9149,18,19,2023-08-27T13:31:27.584000+00:00,26.698,40.015,29.773,282.0,220.0,False,96.486,"[None, 2048, 2048, 2048, 2048, 2048, 2048, 2048]","[2048, 2048, 2048, 2048, 2048, 2048, 2048, 2048]","[2048, 2048, 2048, 2048, 2048, 2048]",294.0
1217,9149,1,20,2023-08-27T13:32:35.177000+00:00,38.697,42.228,34.332,156.0,200.0,False,115.257,"[None, 2048, 2048, 2048, 2048, 2048, 2048, 2048]","[2048, 2048, 2048, 2048, 2048, 2048, 2048, 2048]","[2048, 2048, 2048, 2048, 2048, 2048, 2048]",231.0
1217,9149,11,20,2023-08-27T13:32:35.583000+00:00,38.916,43.023,34.062,152.0,209.0,False,116.001,"[None, 2048, 2048, 2048, 2048, 2048, 2048, 2048]","[2048, 2048, 2048, 2048, 2048, 2048, 2048, 2048]","[2048, 2048, 2048, 2048, 2048, 2048, 2048]",161.0
1217,9149,14,20,2023-08-27T13:32:36.802000+00:00,38.57,43.634,33.839,189.0,232.0,False,116.043,"[None, 2048, 2048, 2048, 2048, 2048, 2048, 2048]","[2048, 2048, 2048, 2048, 2048, 2048, 2048, 2048]","[2048, 2048, 2048, 2048, 2048, 2048, 2048]",124.0
1217,9149,10,20,2023-08-27T13:32:39.020000+00:00,37.566,45.302,32.861,228.0,220.0,False,115.729,"[None, 2048, 2048, 2048, 2048, 2048, 2048, 2048]","[2048, 2048, 2048, 2048, 2048, 2048, 2048, 2048]","[2048, 2048, 2048, 2048, 2048, 2048, 2048]",201.0
1217,9149,55,20,2023-08-27T13:32:40.473000+00:00,37.07,45.119,33.724,173.0,215.0,False,115.913,"[None, 2048, 2048, 2048, 2048, 2048, 2048, 2048]","[2048, 2048, 2048, 2048, 2048, 2048, 2048, 2048]","[2048, 2048, 2048, 2048, 2048, 2048]",242.0
1217,9149,24,20,2023-08-27T13:32:41.348000+00:00,37.087,45.452,33.557,192.0,216.0,False,116.096,"[None, 2048, 2048, 2048, 2048, 2048, 2048, 2048]","[2048, 2048, 2048, 2048, 2048, 2048, 2048, 2048]","[2048, 2048, 2048, 2048, 2048, 2048, 2048]",213.0
1217,9149,20,20,2023-08-27T13:32:42.426000+00:00,37.334,44.859,34.217,147.0,207.0,False,116.41,"[None, 2048, 2048, 2048, 2048, 2048, 2048, 2048]","[2048, 2048, 2048, 2048, 2048, 2048, 2048, 2048]","[2048, 2048, 2048, 2048, 2048, 2048, 2048]",223.0
1217,9149,23,20,2023-08-27T13:32:43.161000+00:00,37.581,46.199,32.854,123.0,227.0,False,116.634,"[None, 2048, 2048, 2048, 2048, 2048, 2048, 2048]","[2048, 2048, 2048, 2048, 2048, 2048, 2048, 2048]","[2048, 2048, 2048, 2048, 2048, 2048]",238.0
1217,9149,31,20,2023-08-27T13:32:44.473000+00:00,37.411,46.186,32.913,124.0,217.0,False,116.51,"[None, 2048, 2048, 2048, 2048, 2048, 2048, 2048]","[2048, 2048, 2048, 2048, 2048, 2048, 2048, 2048]","[2048, 2048, 2048, 2048, 2048, 2048]",245.0
1217,9149,22,20,2023-08-27T13:32:46.551000+00:00,36.956,46.06,32.735,133.0,208.0,False,115.751,"[None, 2048, 2048, 2048, 2048, 2048, 2048, 2048]","[2048, 2048, 2048, 2048, 2048, 2048, 2048, 2048]","[2048, 2048, 2048, 2048, 2048, 2048, 2048]",259.0
1217,9149,4,20,2023-08-27T13:32:47.739000+00:00,37.113,45.798,32.942,239.0,225.0,False,115.853,"[None, 2048, 2048, 2048, 2048, 2048, 2048, 2048]","[2048, 2048, 2048, 2048, 2048, 2048, 2048, 2048]","[2048, 2048, 2048, 2048, 2048, 2048]",261.0
1217,9149,16,20,2023-08-27T13:32:50.473000+00:00,35.596,46.5,32.04,248.0,211.0,False,114.136,"[None, 2048, 2048, 2048, 2048, 2048, 2048, 2048]","[2048, 2048, 2048, 2048, 2048, 2048, 2048, 2048]","[2048, 2048, 2048, 2048, 2048, 2048, 2048]",268.0
1217,9149,44,20,2023-08-27T13:32:51.504000+00:00,36.15,47.006,31.593,254.0,219.0,False,114.749,"[None, 2048, 2048, 2048, 2048, 2048, 2048, 2048]","[2048, 2048, 2048, 2048, 2048, 2048, 2048, 2048]","[2048, 2048, 2048, 2048, 2048, 2048, 2048]",172.0
1217,9149,81,20,2023-08-27T13:32:53.848000+00:00,35.053,47.598,30.362,259.0,220.0,False,113.013,"[None, 2048, 2048, 2048, 2048, 2048, 2048, 2048]","[2048, 2048, 2048, 2048, 2048, 2048, 2048, 2048]","[2048, 2048, 2048, 2048, 2048, 2048, 2048]",249.0
1217,9149,77,20,2023-08-27T13:32:55.692000+00:00,34.762,47.273,30.254,240.0,209.0,False,112.289,"[None, 2048, 2048, 2048, 2048, 2048, 2048, 2048]","[2048, 2048, 2048, 2048, 2048, 2048, 2048, 2048]","[2048, 2048, 2048, 2048, 2048, 2048, 2048]",264.0
1217,9149,27,20,2023-08-27T13:32:57.161000+00:00,34.208,47.503,29.712,244.0,204.0,False,111.423,"[None, 2048, 2048, 2048, 2048, 2048, 2048, 2048]","[2048, 2048, 2048, 2048, 2048, 2048, 2048, 2048]","[2048, 2048, 2048, 2048, 2048, 2048, 2048]",281.0
1217,9149,63,20,2023-08-27T13:32:59.551000+00:00,34.859,46.41,30.007,193.0,224.0,False,111.276,"[None, 2048, 2048, 2048, 2048, 2048, 2048, 2048]","[2048, 2048, 2048, 2048, 2048, 2048, 2048, 2048]","[2048, 2048, 2048, 2048, 2048, 2048]",219.0
1217,9149,40,20,2023-08-27T13:33:03.051000+00:00,32.71,46.821,30.561,184.0,208.0,False,110.092,"[None, 2048, 2048, 2048, 2048, 2048, 2048, 2048]","[2048, 2048, 2048, 2048, 2048, 2048, 2048, 2048]","[2048, 2048, 2048, 2048, 2048, 2048]",266.0
1217,9149,18,20,2023-08-27T13:33:04.223000+00:00,32.905,46.591,30.389,177.0,184.0,False,109.885,"[None, 2048, 2048, 2048, 2048, 2048, 2048, 2048]","[2048, 2048, 2048, 2048, 2048, 2048, 2048, 2048]","[2048, 2048, 2048, 2048, 2048, 2048, 2048]",232.0
1217,9149,1,21,2023-08-27T13:34:30.362000+00:00,,41.054,47.871,166.0,129.0,False,127.622,"[None, 2048, 2048, 2048, 2048, 2048, 2048, 2048]","[2048, 2048, 2048, 2048, 2048, 2048, 2048, 2048]","[2048, 2048, 2048, 2048, 2048, 2048, 2048]",202.0
1217,9149,11,21,2023-08-27T13:34:31.581000+00:00,38.364,41.037,47.526,172.0,159.0,False,126.927,"[None, 2048, 2048, 2048, 2048, 2048, 2048, 2048]","[2048, 2048, 2048, 2048, 2048, 2048, 2048, 2048]","[2048, 2048, 2048, 2048, 2048, 2049, 2049]",225.0
1217,9149,14,21,2023-08-27T13:34:32.815000+00:00,38.355,41.614,45.916,224.0,158.0,False,125.885,"[None, 2048, 2048, 2048, 2048, 2048, 2048, 2048]","[2048, 2048, 2048, 2048, 2048, 2048, 2048, 2048]","[2048, 2048, 2048, 2048, 2048, 2049]",239.0
1217,9149,10,21,2023-08-27T13:34:34.737000+00:00,37.826,41.331,45.304,214.0,193.0,False,124.461,"[None, 2048, 2048, 2048, 2048, 2048, 2048, 2048]","[2048, 2048, 2048, 2048, 2048, 2048, 2048, 2048]","[2048, 2048, 2048, 2048, 2048, 2049, 2048]",263.0
1217,9149,55,21,2023-08-27T13:34:36.456000+00:00,36.989,41.66,44.179,178.0,201.0,False,122.828,"[None, 2048, 2048, 2048, 2048, 2048, 2048, 2048]","[2048, 2048, 2048, 2048, 2048, 2048, 2048, 2048]","[2048, 2048, 2048, 2048, 2048, 2048, 2048]",265.0
1217,9149,24,21,2023-08-27T13:34:37.549000+00:00,36.689,41.732,44.688,211.0,195.0,False,123.109,"[None, 2048, 2048, 2048, 2048, 2048, 2048, 2048]","[2048, 2048, 2048, 2048, 2048, 2048, 2048, 2048]","[2048, 2048, 2048, 2048, 2048, 2048]",239.0
1217,9149,20,21,2023-08-27T13:34:38.815000+00:00,36.176,41.552,44.351,203.0,203.0,False,122.079,"[None, 2048, 2048, 2048, 2048, 2048, 2048, 2048]","[2048, 2048, 2048, 2048, 2048, 2048, 2048, 2048]","[2048, 2048, 2048, 2048, 2048, 2049, 2049]",248.0
1217,9149,23,21,2023-08-27T13:34:39.862000+00:00,36.992,40.542,43.642,167.0,202.0,False,121.176,"[None, 2048, 2048, 2048, 2048, 2048, 2048, 2048]","[2048, 2048, 2048, 2048, 2048, 2048, 2048, 2048]","[2048, 2048, 2048, 2048, 2048, 2048, 2048]",263.0
1217,9149,31,21,2023-08-27T13:34:40.956000+00:00,36.666,40.561,43.088,156.0,162.0,False,120.315,"[None, 2048, 2048, 2048, 2048, 2048, 2048, 2048]","[2048, 2048, 2048, 2048, 2048, 2048, 2048, 2048]","[2048, 2048, 2048, 2048, 2048, 2048]",256.0
1217,9149,22,21,2023-08-27T13:34:42.034000+00:00,36.993,40.298,42.499,127.0,190.0,False,119.79,"[None, 2048, 2048, 2048, 2048, 2048, 2048, 2048]","[2048, 2048, 2048, 2048, 2048, 2048, 2048, 2048]","[2048, 2048, 2048, 2048, 2048, 2048, 2048]",241.0
1217,9149,4,21,2023-08-27T13:34:43.549000+00:00,36.141,40.848,41.473,126.0,211.0,False,118.462,"[None, 2048, 2048, 2048, 2048, 2048, 2048, 2048]","[2048, 2048, 2048, 2048, 2048, 2048, 2048, 2048]","[2048, 2048, 2048, 2048, 2048, 2048, 2048]",228.0
1217,9149,16,21,2023-08-27T13:34:44.627000+00:00,36.485,42.181,38.999,198.0,185.0,False,117.665,"[None, 2048, 2048, 2048, 2048, 2048, 2048, 2048]","[2048, 2048, 2048, 2048, 2048, 2048, 2048, 2048]","[2048, 2048, 2048, 2049, 2049, 2049]",231.0
1217,9149,44,21,2023-08-27T13:34:46.237000+00:00,36.523,40.986,39.383,248.0,170.0,False,116.892,"[None, 2048, 2048, 2048, 2048, 2048, 2048, 2048]","[2048, 2048, 2048, 2048, 2048, 2048, 2048, 2048]","[2048, 2048, 2048, 2048, 2048, 2049]",229.0
1217,9149,81,21,2023-08-27T13:34:46.846000+00:00,37.566,40.139,39.079,251.0,170.0,False,116.784,"[None, 2048, 2048, 2048, 2048, 2048, 2048, 2048]","[2048, 2048, 2048, 2048, 2048, 2048, 2048, 2048]","[2048, 2048, 2048, 2048, 2048, 2048, 2048]",190.0
1217,9149,77,21,2023-08-27T13:34:48.065000+00:00,37.368,40.022,38.743,239.0,200.0,False,116.133,"[None, 2048, 2048, 2048, 2048, 2048, 2048, 2048]","[2048, 2048, 2048, 2048, 2048, 2048, 2048, 2048]","[2048, 2048, 2048, 2049, 2048, 2048, 2048]",181.0
1217,9149,27,21,2023-08-27T13:34:48.580000+00:00,37.476,40.476,39.063,252.0,171.0,False,117.015,"[None, 2048, 2048, 2048, 2048, 2048, 2048, 2048]","[2048, 2048, 2048, 2048, 2048, 2048, 2048, 2048]","[2048, 2048, 2048, 2048, 2048, 2049, 2049]",184.0
1217,9149,63,21,2023-08-27T13:34:50.784000+00:00,37.699,39.653,38.253,,158.0,False,115.605,"[None, 2048, 2048, 2048, 2048, 2048, 2048, 2048]","[2048, 2048, 2048, 2048, 2048, 2048, 2048, 2048]","[2048, 2048, 2048, 2048, 2048, 2049]",195.0
1217,9149,40,21,2023-08-27T13:34:53.112000+00:00,36.591,39.784,37.628,255.0,135.0,False,114.003,"[None, 2048, 2048, 2048, 2048, 2048, 2048, 2048]","[2048, 2048, 2048, 2048, 2048, 2048, 2048, 2048]","[2048, 2048, 2048, 2048, 2049, 2049, 2049]",199.0
1217,9149,18,21,2023-08-27T13:34:53.940000+00:00,37.113,39.322,37.009,254.0,158.0,False,113.444,"[None, 2048, 2048, 2048, 2048, 2048, 2048, 2048]","[2048, 2048, 2048, 2048, 2048, 2048, 2048, 2048]","[2048, 2048, 2048, 2048, 2049, 2049, 2049]",192.0
1217,9149,1,22,2023-08-27T13:36:38.016000+00:00,26.24,26.831,23.234,282.0,259.0,False,76.305,"[None, 2048, 2048, 2048, 2048, 2049, 2049, 2048]","[2048, 2048, 2049, 2048, 2051, 2049, 2049, 2048]","[2048, 2048, 2048, 2051, 2048, 2048, 2048]",291.0
1217,9149,11,22,2023-08-27T13:36:38.563000+00:00,26.467,27.123,23.399,285.0,261.0,False,76.989,"[2049, 2048, 2048, 2048, 2048, 2048, 2049, 2049]","[2049, 2048, 2048, 2048, 2049, 2049, 2048, 2048]","[2048, 2048, 2049, 2049, 2048, 2049, 2048]",300.0
1217,9149,14,22,2023-08-27T13:36:38.766000+00:00,26.863,27.17,23.449,280.0,265.0,False,77.482,"[2049, 2048, 2048, 2048, 2048, 2048, 2049, 2048]","[2048, 2048, 2048, 2049, 2048, 2048, 2051, 2048]","[2049, 2048, 2048, 2049, 2048, 2048, 2048]",280.0
1217,9149,10,22,2023-08-27T13:36:39.266000+00:00,26.82,27.441,23.216,287.0,265.0,False,77.477,"[None, 2048, 2048, 2048, 2048, 2048, 2049, 2049]","[2049, 2048, 2048, 2048, 2048, 2048, 2048, 2049]","[2048, 2048, 2049, 2049, 2048, 2049, 2048]",295.0
1217,9149,55,22,2023-08-27T13:36:39.375000+00:00,26.963,27.583,23.174,294.0,268.0,False,77.72,"[None, 2048, 2049, 2048, 2048, 2048, 2049, 2051]","[2048, 2048, 2048, 2048, 2048, 2048, 2049, 2048]","[2048, 2048, 2048, 2049, 2048, 2048, 2048]",289.0
1217,9149,24,22,2023-08-27T13:36:40.657000+00:00,27.146,27.351,23.787,280.0,259.0,False,78.284,"[None, 2048, 2048, 2048, 2048, 2048, 2048, 2048]","[2048, 2048, 2048, 2048, 2048, 2049, 2048, 2048]","[2048, 2048, 2048, 2049, 2048, 2048, 2048]",284.0
1217,9149,20,22,2023-08-27T13:36:41.078000+00:00,27.187,27.619,23.856,286.0,263.0,False,78.662,"[2049, 2048, 2048, 2048, 2048, 2048, 2048, 2049]","[2049, 2048, 2048, 2049, 2048, 2048, 2049, 2049]","[2048, 2048, 2048, 2049, 2049, 2048, 2048]",295.0
1217,9149,23,22,2023-08-27T13:36:41.125000+00:00,27.467,27.652,23.533,290.0,266.0,False,78.652,"[None, 2048, 2048, 2048, 2048, 2048, 2049, 2049]","[2049, 2048, 2048, 2048, 2048, 2048, 2049, 2048]","[2048, 2048, 2048, 2048, 2048, 2048, 2048]",284.0
1217,9149,31,22,2023-08-27T13:36:41.328000+00:00,27.506,27.797,23.717,288.0,265.0,False,79.02,"[None, 2048, 2048, 2048, 2048, 2048, 2048, 2049]","[2049, 2048, 2048, 2048, 2048, 2048, 2048, 2048]","[2048, 2048, 2048, 2049, 2048, 2048]",275.0
1217,9149,22,22,2023-08-27T13:36:41.860000+00:00,27.405,27.884,23.793,286.0,262.0,False,79.082,"[None, 2048, 2048, 2048, 2048, 2048, 2048, 2049]","[2049, 2048, 2048, 2048, 2048, 2048, 2048, 2048]","[2048, 2048, 2048, 2048, 2048, 2048, 2048]",295.0
1217,9149,4,22,2023-08-27T13:36:42.047000+00:00,27.549,27.845,23.666,289.0,266.0,False,79.06,"[None, 2049, 2048, 2048, 2048, 2048, 2048, 2048]","[2048, 2048, 2048, 2048, 2048, 2048, 2048, 2048]","[2048, 2048, 2048, 2048, 2048, 2048, 2048]",306.0
1217,9149,16,22,2023-08-27T13:36:42.328000+00:00,27.819,27.857,23.696,289.0,269.0,False,79.372,"[2049, 2048, 2048, 2048, 2048, 2048, 2048, 2049]","[2051, 2048, 2048, 2048, 2048, 2048, 2049, 2048]","[2048, 2048, 2048, 2049, 2048, 2048, 2048]",261.0
1217,9149,44,22,2023-08-27T13:36:43.219000+00:00,27.248,28.125,23.77,287.0,263.0,False,79.143,"[2049, 2048, 2048, 2048, 2048, 2048, 2048, 2049]","[2049, 2048, 2048, 2048, 2048, 2048, 2048, 2048]","[2048, 2048, 2048, 2048, 2049, 2049, 2049]",286.0
1217,9149,81,22,2023-08-27T13:36:43.641000+00:00,26.91,29.006,24.366,289.0,262.0,False,80.282,"[None, 2048, 2048, 2048, 2048, 2048, 2048, 2049]","[2048, 2048, 2048, 2048, 2048, 2048, 2048, 2048]","[2048, 2048, 2048, 2048, 2048, 2048]",293.0
1217,9149,77,22,2023-08-27T13:36:44.157000+00:00,27.148,27.956,23.692,284.0,262.0,False,78.796,"[None, 2048, 2048, 2048, 2048, 2048, 2048, 2049]","[2048, 2048, 2048, 2048, 2048, 2048, 2048, 2048]","[2048, 2048, 2049, 2049, 2048, 2048]",301.0
1217,9149,27,22,2023-08-27T13:36:45.625000+00:00,26.914,27.549,24.113,287.0,265.0,False,78.576,"[2049, 2048, 2048, 2048, 2048, 2048, 2048, 2048]","[2049, 2048, 2048, 2048, 2049, 2048, 2049, 2048]","[2048, 2048, 2048, 2048, 2049, 2049, 2049]",300.0
1217,9149,63,22,2023-08-27T13:36:46.406000+00:00,27.196,27.306,24.005,282.0,263.0,False,78.507,"[2049, 2048, 2048, 2048, 2048, 2048, 2048, 2048]","[2049, 2048, 2048, 2048, 2048, 2048, 2048, 2048]","[2048, 2048, 2048, 2048, 2048, 2049, 2049]",283.0
1217,9149,40,22,2023-08-27T13:36:47.188000+00:00,27.395,27.457,23.665,285.0,263.0,False,78.517,"[2049, 2048, 2048, 2048, 2048, 2048, 2048, 2049]","[2049, 2048, 2048, 2048, 2048, 2048, 2048, 2049]","[2048, 2048, 2048, 2049, 2049, 2049, 2048]",283.0
1217,9149,18,22,2023-08-27T13:36:47.391000+00:00,27.458,27.769,23.766,291.0,267.0,False,78.993,"[2049, 2048, 2048, 2048, 2048, 2048, 2048, 2049]","[2049, 2048, 2048, 2048, 2048, 2048, 2048, 2049]","[2048, 2048, 2048, 2048, 2048, 2048]",261.0
1217,9149,1,23,2023-08-27T13:37:54.312000+00:00,26.184,26.911,22.99,283.0,260.0,False,76.085,"[None, 2048, 2049, 2048, 2048, 2049, 2048, 2048]","[2048, 2048, 2048, 2048, 2051, 2048, 2049, 2048]","[2048, 2048, 2049, 2051, 2049, 2048]",288.0
1217,9149,11,23,2023-08-27T13:37:55.921000+00:00,26.001,27.008,23.442,,262.0,False,76.451,"[2048, 2049, 2048, 2049, 2049, 2051, 2049, 2049]","[2048, 2048, 2048, 2048, 2048, 2048, 2049, 2049]","[2049, 2048, 2048, 2048, 2049, 2049]",299.0
1217,9149,14,23,2023-08-27T13:37:56.186000+00:00,26.507,26.99,23.184,286.0,265.0,False,76.681,"[2048, 2049, 2048, 2048, 2049, 2048, 2049, 2049]","[2048, 2048, 2048, 2049, 2049, 2049, 2048, 2048]","[2049, 2049, 2048, 2049, 2049, 2048, 2048]",296.0
1217,9149,10,23,2023-08-27T13:37:56.718000+00:00,26.705,27.057,23.092,,264.0,False,76.854,"[None, 2048, 2048, 2048, 2048, 2048, 2048, 2048]","[2048, 2048, 2048, 2048, 2048, 2048, 2051, 2048]","[2049, 2049, 2048, 2049, 2049, 2048, 2048]",303.0
1217,9149,55,23,2023-08-27T13:37:56.983000+00:00,26.778,27.326,23.11,291.0,265.0,False,77.214,"[None, 2048, 2048, 2048, 2048, 2048, 2049, 2048]","[2049, 2048, 2048, 2049, 2048, 2049, 2048, 2048]","[2048, 2048, 2048, 2048, 2048, 2048, 2048]",292.0
1217,9149,24,23,2023-08-27T13:37:58.874000+00:00,26.649,27.342,23.359,279.0,261.0,False,77.35,"[None, 2048, 2049, 2048, 2048, 2048, 2049, 2048]","[2048, 2048, 2049, 2048, 2048, 2048, 2048, 2048]","[2049, 2049, 2049, 2049, 2049, 2049, 2048]",286.0
1217,9149,20,23,2023-08-27T13:37:59.577000+00:00,26.958,27.69,23.704,287.0,265.0,False,78.352,"[2048, 2048, 2048, 2048, 2048, 2048, 2049, 2049]","[2048, 2048, 2048, 2048, 2048, 2049, 2048, 2048]","[2048, 2048, 2048, 2049, 2049, 2049]",300.0
1217,9149,23,23,2023-08-27T13:37:59.671000+00:00,26.469,27.389,23.185,288.0,265.0,False,77.043,"[None, 2048, 2048, 2048, 2048, 2048, 2048, 2048]","[2048, 2048, 2048, 2048, 2048, 2049, 2048, 2048]","[2048, 2048, 2048, 2049, 2048, 2048]",300.0
1217,9149,31,23,2023-08-27T13:38:00.280000+00:00,26.713,27.417,23.729,289.0,270.0,False,77.859,"[None, 2048, 2048, 2048, 2048, 2048, 2048, 2049]","[2049, 2048, 2048, 2048, 2048, 2048, 2049, 2048]","[2048, 2048, 2048, 2049, 2048, 2048, 2048]",298.0
1217,9149,22,23,2023-08-27T13:38:00.921000+00:00,26.793,27.313,23.71,285.0,262.0,False,77.816,"[None, 2048, 2048, 2048, 2048, 2048, 2048, 2048]","[2049, 2048, 2048, 2048, 2048, 2048, 2049, 2048]","[2048, 2048, 2048, 2048, 2048, 2048]",299.0
1217,9149,4,23,2023-08-27T13:38:01.249000+00:00,26.993,27.792,23.657,276.0,260.0,False,78.442,"[None, 2048, 2048, 2048, 2048, 2048, 2048, 2048]","[2048, 2048, 2048, 2048, 2048, 2048, 2048, 2048]","[2048, 2048, 2048, 2048, 2048, 2048, 2048]",297.0
1217,9149,16,23,2023-08-27T13:38:01.702000+00:00,26.904,27.924,23.439,291.0,270.0,False,78.267,"[2048, 2048, 2048, 2048, 2048, 2048, 2048, 2049]","[2051, 2048, 2048, 2048, 2048, 2048, 2048, 2048]","[2048, 2048, 2048, 2049, 2049, 2048, 2048]",292.0
1217,9149,44,23,2023-08-27T13:38:02.311000+00:00,26.823,27.587,23.876,284.0,271.0,False,78.286,"[None, 2049, 2048, 2048, 2048, 2048, 2048, 2048]","[2048, 2048, 2048, 2048, 2048, 2048, 2048, 2049]","[2048, 2048, 2048, 2048, 2049, 2049, 2049]",298.0
1217,9149,77,23,2023-08-27T13:38:02.827000+00:00,26.612,27.703,23.708,287.0,265.0,False,78.023,"[None, 2048, 2048, 2048, 2048, 2048, 2049, 2049]","[2049, 2049, 2048, 2048, 2048, 2048, 2048, 2048]","[2048, 2048, 2048, 2049, 2048, 2048, 2048]",297.0
1217,9149,81,23,2023-08-27T13:38:03.905000+00:00,26.3,27.759,23.701,286.0,264.0,False,77.76,"[None, 2048, 2048, 2048, 2048, 2048, 2048, 2048]","[2049, 2048, 2048, 2048, 2048, 2048, 2048, 2048]","[2048, 2048, 2048, 2048, 2048, 2048, 2048]",305.0
1217,9149,27,23,2023-08-27T13:38:04.171000+00:00,26.937,27.388,23.737,286.0,266.0,False,78.062,"[None, 2048, 2048, 2048, 2048, 2048, 2048, 2049]","[2048, 2049, 2049, 2049, 2048, 2048, 2049, 2048]","[2048, 2048, 2048, 2048, 2048, 2048, 2048]",282.0
1217,9149,63,23,2023-08-27T13:38:04.921000+00:00,26.895,27.199,23.78,285.0,265.0,False,77.874,"[None, 2048, 2048, 2048, 2048, 2048, 2048, 2049]","[2049, 2048, 2048, 2048, 2048, 2048, 2048, 2048]","[2048, 2048, 2048, 2048, 2048, 2049, 2049]",290.0
1217,9149,40,23,2023-08-27T13:38:05.655000+00:00,27.038,27.545,23.771,284.0,262.0,False,78.354,"[2048, 2049, 2048, 2049, 2048, 2048, 2048, 2048]","[2049, 2048, 2048, 2048, 2048, 2048, 2048, 2048]","[2048, 2048, 2048, 2048, 2048, 2048, 2048]",300.0
1217,9149,18,23,2023-08-27T13:38:06.483000+00:00,26.632,27.836,23.471,290.0,268.0,False,77.939,"[2048, 2048, 2048, 2048, 2048, 2048, 2049, 2049]","[2048, 2048, 2048, 2048, 2048, 2048, 2048, 2048]","[2048, 2048, 2048, 2049, 2049, 2049, 2048]",292.0
1217,9149,1,24,2023-08-27T13:39:10.420000+00:00,26.068,26.783,22.932,282.0,261.0,False,75.783,"[None, 2049, 2049, 2048, 2048, 2049, 2049, 2048]","[2048, 2049, 2049, 2048, 2048, 2048, 2049, 2048]","[2049, 2049, 2048, 2048, 2048, 2048]",287.0
1217,9149,11,24,2023-08-27T13:39:11.998000+00:00,25.999,26.608,23.193,,262.0,False,75.8,"[None, 2048, 2049, 2048, 2049, 2048, 2049, 2048]","[2048, 2048, 2048, 2048, 2048, 2048, 2049, 2048]","[2049, 2048, 2048, 2049, 2049, 2049, 2048]",291.0
1217,9149,14,24,2023-08-27T13:39:12.888000+00:00,26.231,26.873,23.079,,263.0,False,76.183,"[None, 2049, 2048, 2049, 2049, 2049, 2049, 2049]","[2048, 2049, 2049, 2049, 2048, 2051, 2048, 2048]","[2049, 2048, 2048, 2049, 2049, 2048, 2048]",297.0
1217,9149,10,24,2023-08-27T13:39:13.529000+00:00,26.599,26.775,22.892,280.0,260.0,False,76.266,"[None, 2048, 2048, 2048, 2048, 2048, 2048, 2048]","[2048, 2048, 2048, 2049, 2048, 2048, 2051, 2048]","[2048, 2048, 2048, 2049, 2049, 2049, 2049]",
1217,9149,55,24,2023-08-27T13:39:14.154000+00:00,26.346,27.209,22.783,288.0,274.0,False,76.338,"[None, 2048, 2048, 2048, 2049, 2049, 2049, 2048]","[2048, 2048, 2048, 2048, 2048, 2048, 2049, 2048]","[2051, 2048, 2048, 2048, 2048, 2048, 2048]",296.0
1217,9149,24,24,2023-08-27T13:39:16.232000+00:00,26.725,27.177,23.41,275.0,259.0,False,77.312,"[None, 2048, 2048, 2048, 2048, 2048, 2048, 2048]","[2048, 2048, 2048, 2049, 2049, 2048, 2049, 2048]","[2048, 2048, 2048, 2048, 2048, 2049]",291.0
1217,9149,23,24,2023-08-27T13:39:16.560000+00:00,26.632,27.466,22.942,286.0,274.0,False,77.04,"[None, 2048, 2048, 2048, 2048, 2048, 2048, 2048]","[2048, 2048, 2048, 2048, 2048, 2048, 2049, 2048]","[2048, 2048, 2048, 2048, 2049, 2049]",297.0
1217,9149,20,24,2023-08-27T13:39:17.951000+00:00,26.988,27.61,23.266,286.0,277.0,False,77.864,"[None, 2048, 2048, 2048, 2048, 2048, 2049, 2048]","[2048, 2048, 2049, 2048, 2048, 2048, 2049, 2049]","[2048, 2048, 2048, 2049, 2049, 2049]",297.0
1217,9149,31,24,2023-08-27T13:39:18.154000+00:00,26.452,27.125,23.166,272.0,273.0,False,76.743,"[None, 2048, 2048, 2048, 2049, 2048, 2048, 2048]","[2048, 2048, 2048, 2049, 2048, 2048, 2048, 2048]","[2048, 2048, 2048, 2049, 2048, 2048]",306.0
1217,9149,22,24,2023-08-27T13:39:18.732000+00:00,26.79,27.48,23.196,,275.0,False,77.466,"[None, 2048, 2048, 2048, 2048, 2048, 2048, 2048]","[2048, 2048, 2048, 2048, 2048, 2048, 2048, 2049]","[2048, 2048, 2048, 2048, 2049, 2049, 2049]",295.0
1217,9149,4,24,2023-08-27T13:39:19.607000+00:00,26.609,27.402,23.405,284.0,276.0,False,77.416,"[None, 2048, 2048, 2048, 2048, 2048, 2048, 2048]","[2048, 2048, 2048, 2048, 2048, 2048, 2048, 2048]","[2048, 2048, 2048, 2048, 2048, 2048, 2048]",291.0
1217,9149,16,24,2023-08-27T13:39:19.919000+00:00,26.694,27.87,23.205,,278.0,False,77.769,"[None, 2048, 2048, 2048, 2048, 2048, 2048, 2048]","[2051, 2048, 2048, 2048, 2048, 2048, 2048, 2048]","[2048, 2048, 2048, 2048, 2049, 2049]",283.0
1217,9149,44,24,2023-08-27T13:39:20.607000+00:00,26.624,27.381,23.606,,276.0,False,77.611,"[2048, 2048, 2048, 2048, 2048, 2048, 2048, 2048]","[2048, 2048, 2048, 2048, 2048, 2048, 2049, 2048]","[2048, 2048, 2048, 2048, 2049, 2049]",304.0
1217,9149,77,24,2023-08-27T13:39:20.982000+00:00,26.714,27.899,23.29,288.0,276.0,False,77.903,"[None, 2048, 2048, 2048, 2048, 2048, 2048, 2048]","[2049, 2048, 2048, 2048, 2048, 2048, 2048, 2048]","[2049, 2048, 2048, 2048, 2049, 2049, 2049]",304.0
1217,9149,81,24,2023-08-27T13:39:21.654000+00:00,26.287,27.772,23.344,288.0,285.0,False,77.403,"[None, 2048, 2048, 2048, 2048, 2048, 2048, 2048]","[2049, 2048, 2048, 2048, 2048, 2048, 2048, 2048]","[2048, 2048, 2048, 2048, 2049, 2051, 2051]",300.0
1217,9149,27,24,2023-08-27T13:39:22.372000+00:00,26.619,27.568,23.194,287.0,279.0,False,77.381,"[2048, 2048, 2048, 2048, 2048, 2048, 2048, 2049]","[2048, 2048, 2048, 2048, 2048, 2048, 2048, 2049]","[2048, 2048, 2048, 2049, 2049, 2049, 2049]",301.0
1217,9149,63,24,2023-08-27T13:39:23.013000+00:00,26.928,26.975,23.433,284.0,276.0,False,77.336,"[None, 2048, 2048, 2048, 2048, 2048, 2048, 2048]","[2048, 2048, 2048, 2048, 2048, 2048, 2049, 2049]","[2048, 2048, 2048, 2048, 2049, 2049, 2049]",293.0
1217,9149,40,24,2023-08-27T13:39:24.044000+00:00,26.85,27.28,23.496,,265.0,False,77.626,"[None, 2048, 2048, 2048, 2048, 2048, 2049, 2048]","[2048, 2048, 2048, 2049, 2048, 2048, 2049, 2048]","[2049, 2048, 2048, 2049, 2049, 2049, 2049]",293.0
1217,9149,18,24,2023-08-27T13:39:24.372000+00:00,26.811,27.659,22.897,281.0,277.0,False,77.367,"[None, 2048, 2048, 2049, 2048, 2048, 2049, 2048]","[2048, 2048, 2048, 2048, 2048, 2048, 2049, 2049]","[2049, 2048, 2048, 2049, 2049, 2049, 2049]",281.0
1217,9149,1,25,2023-08-27T13:40:26.121000+00:00,25.953,26.72,22.991,283.0,261.0,False,75.664,"[None, 2049, 2049, 2048, 2048, 2051, 2049, 2049]","[2048, 2049, 2049, 2048, 2048, 2048, 2048, 2048]","[2049, 2048, 2048, 2048, 2048, 2048, 2048]",288.0
1217,9149,11,25,2023-08-27T13:40:27.809000+00:00,25.965,26.888,23.322,,262.0,False,76.175,"[2049, 2048, 2048, 2048, 2049, 2048, 2048, 2048]","[2049, 2048, 2048, 2048, 2048, 2048, 2048, 2048]","[2048, 2048, 2049, 2048, 2048, 2048, 2048]",293.0
1217,9149,14,25,2023-08-27T13:40:29.059000+00:00,26.002,26.974,23.078,,265.0,False,76.054,"[None, 2049, 2048, 2048, 2049, 2049, 2048, 2049]","[2048, 2049, 2049, 2048, 2048, 2048, 2048, 2048]","[2049, 2049, 2048, 2048, 2048, 2048, 2048]",298.0
1217,9149,10,25,2023-08-27T13:40:29.809000+00:00,26.257,26.951,23.169,,261.0,False,76.377,"[2049, 2048, 2048, 2048, 2048, 2049, 2048, 2048]","[2048, 2048, 2048, 2048, 2048, 2048, 2048, 2048]","[2049, 2048, 2048, 2048, 2048, 2048, 2048]",305.0
1217,9149,55,25,2023-08-27T13:40:30.543000+00:00,26.382,27.123,22.812,289.0,267.0,False,76.317,"[None, 2048, 2048, 2048, 2048, 2048, 2048, 2048]","[2048, 2048, 2048, 2049, 2048, 2048, 2048, 2048]","[2048, 2048, 2048, 2049, 2048, 2048, 2048]",319.0
1217,9149,24,25,2023-08-27T13:40:33.512000+00:00,27.172,27.235,23.344,278.0,261.0,False,77.751,"[None, 2048, 2048, 2048, 2048, 2048, 2048, 2048]","[2048, 2048, 2049, 2049, 2048, 2048, 2048, 2048]","[2048, 2048, 2048, 2049, 2049, 2049, 2049]",289.0
1217,9149,23,25,2023-08-27T13:40:33.699000+00:00,25.919,27.16,23.149,284.0,262.0,False,76.228,"[None, 2048, 2048, 2048, 2048, 2048, 2048, 2048]","[2048, 2049, 2049, 2049, 2048, 2048, 2049, 2048]","[2048, 2048, 2048, 2049, 2048, 2048]",322.0
1217,9149,31,25,2023-08-27T13:40:34.809000+00:00,26.523,27.058,23.154,284.0,274.0,False,76.735,"[None, 2048, 2048, 2048, 2048, 2048, 2048, 2048]","[2048, 2048, 2048, 2049, 2048, 2049, 2049, 2048]","[2048, 2048, 2048, 2049, 2049, 2048, 2048]",310.0
1217,9149,20,25,2023-08-27T13:40:35.824000+00:00,26.584,27.39,23.375,,265.0,False,77.349,"[2049, 2049, 2048, 2048, 2048, 2048, 2048, 2048]","[2048, 2048, 2049, 2049, 2048, 2048, 2049, 2048]","[2049, 2048, 2048, 2049, 2048, 2048]",324.0
1217,9149,22,25,2023-08-27T13:40:36.199000+00:00,26.74,27.41,23.064,,273.0,False,77.214,"[2049, 2048, 2048, 2048, 2048, 2048, 2048, 2049]","[2049, 2048, 2048, 2048, 2048, 2048, 2048, 2048]","[2049, 2048, 2048, 2049, 2048, 2048, 2048]",
1217,9149,4,25,2023-08-27T13:40:36.949000+00:00,26.63,27.433,23.3,285.0,276.0,False,77.363,"[None, 2048, 2048, 2048, 2048, 2048, 2048, 2048]","[2048, 2048, 2048, 2048, 2048, 2048, 2048, 2049]","[2048, 2048, 2048, 2048, 2048, 2048, 2048]",284.0
1217,9149,16,25,2023-08-27T13:40:37.777000+00:00,26.665,27.816,23.382,,279.0,False,77.863,"[2049, 2048, 2048, 2048, 2048, 2048, 2048, 2048]","[2051, 2048, 2048, 2048, 2048, 2048, 2048, 2048]","[2049, 2048, 2048, 2049, 2048, 2048]",298.0
1217,9149,44,25,2023-08-27T13:40:38.215000+00:00,26.559,27.541,23.502,286.0,276.0,False,77.602,"[2049, 2048, 2048, 2048, 2048, 2048, 2049, 2049]","[2048, 2048, 2048, 2048, 2048, 2048, 2048, 2048]","[2048, 2048, 2048, 2048, 2049, 2049, 2048]",305.0
1217,9149,77,25,2023-08-27T13:40:38.871000+00:00,27.159,27.461,23.217,,279.0,False,77.837,"[2049, 2049, 2048, 2048, 2048, 2048, 2048, 2049]","[2049, 2048, 2048, 2048, 2048, 2048, 2048, 2048]","[2048, 2048, 2048, 2048, 2049, 2049, 2049]",329.0
1217,9149,81,25,2023-08-27T13:40:39.090000+00:00,26.313,27.513,23.574,,280.0,False,77.4,"[2051, 2051, 2048, 2049, 2048, 2048, 2048, 2048]","[2048, 2048, 2048, 2048, 2048, 2048, 2049, 2048]","[2048, 2048, 2048, 2048, 2048, 2048]",334.0
1217,9149,27,25,2023-08-27T13:40:39.652000+00:00,26.648,27.979,22.966,277.0,278.0,False,77.593,"[2049, 2048, 2048, 2048, 2048, 2048, 2048, 2048]","[2048, 2048, 2048, 2048, 2048, 2048, 2048, 2048]","[2048, 2048, 2048, 2049, 2051, 2049, 2048]",323.0
1217,9149,63,25,2023-08-27T13:40:40.152000+00:00,26.956,27.235,23.692,287.0,278.0,False,77.883,"[None, 2048, 2048, 2048, 2048, 2048, 2048, 2049]","[2049, 2048, 2048, 2048, 2048, 2048, 2048, 2049]","[2048, 2048, 2048, 2048, 2048, 2048, 2048]",286.0
1217,9149,40,25,2023-08-27T13:40:41.652000+00:00,27.31,27.397,23.434,285.0,274.0,False,78.141,"[2049, 2049, 2048, 2048, 2048, 2048, 2048, 2048]","[2048, 2048, 2048, 2048, 2048, 2048, 2048, 2049]","[2048, 2048, 2048, 2049, 2049, 2049, 2049]",302.0
1217,9149,18,25,2023-08-27T13:40:41.793000+00:00,26.389,27.486,23.136,287.0,271.0,False,77.011,"[2049, 2048, 2048, 2048, 2048, 2048, 2048, 2048]","[2048, 2048, 2048, 2048, 2048, 2048, 2048, 2048]","[2049, 2048, 2048, 2048, 2048, 2048]",305.0
1217,9149,1,26,2023-08-27T13:41:41.823000+00:00,25.976,26.794,22.889,,261.0,False,75.659,"[None, 2049, 2048, 2048, 2048, 2048, 2049, 2048]","[2048, 2048, 2049, 2048, 2048, 2048, 2048, 2048]","[2049, 2051, 2048, 2048, 2048, 2048, 2048]",290.0
1217,9149,11,26,2023-08-27T13:41:43.964000+00:00,26.207,27.018,23.155,284.0,262.0,False,76.38,"[2048, 2048, 2048, 2048, 2048, 2048, 2048, 2048]","[2048, 2048, 2048, 2048, 2048, 2048, 2048, 2049]","[2048, 2048, 2048, 2048, 2048, 2048, 2048]",288.0
1217,9149,14,26,2023-08-27T13:41:45.089000+00:00,26.03,26.982,22.873,287.0,274.0,False,75.885,"[None, 2049, 2048, 2048, 2049, 2049, 2049, 2049]","[2048, 2049, 2048, 2048, 2048, 2048, 2048, 2048]","[2049, 2048, 2048, 2048, 2049, 2049, 2049]",302.0
1217,9149,10,26,2023-08-27T13:41:46.198000+00:00,26.213,26.85,23.317,282.0,263.0,False,76.38,"[2048, 2048, 2048, 2048, 2049, 2048, 2048, 2048]","[2048, 2049, 2049, 2048, 2048, 2048, 2048, 2048]","[2048, 2048, 2048, 2048, 2048, 2048, 2048]",298.0
1217,9149,55,26,2023-08-27T13:41:46.823000+00:00,26.264,27.534,23.077,291.0,266.0,False,76.875,"[None, 2048, 2048, 2048, 2049, 2049, 2048, 2048]","[2049, 2048, 2048, 2048, 2048, 2048, 2048, 2048]","[2048, 2048, 2048, 2049, 2048, 2048, 2048]",302.0
1217,9149,23,26,2023-08-27T13:41:49.870000+00:00,26.139,27.095,23.157,,262.0,False,76.391,"[None, 2048, 2048, 2048, 2049, 2048, 2049, 2048]","[2048, 2048, 2049, 2049, 2048, 2048, 2049, 2048]","[2048, 2048, 2048, 2049, 2048, 2048, 2048]",301.0
1217,9149,24,26,2023-08-27T13:41:51.276000+00:00,26.743,27.265,23.173,275.0,261.0,False,77.181,"[2049, 2048, 2048, 2048, 2049, 2048, 2048, 2048]","[2048, 2048, 2049, 2049, 2048, 2048, 2048, 2048]","[2049, 2048, 2049, 2049, 2049, 2048, 2048]",292.0
1217,9149,31,26,2023-08-27T13:41:51.635000+00:00,26.636,27.316,23.088,279.0,275.0,False,77.04,"[2049, 2048, 2048, 2048, 2048, 2048, 2049, 2048]","[2048, 2048, 2048, 2049, 2048, 2048, 2048, 2048]","[2048, 2048, 2048, 2049, 2049, 2049, 2048]",303.0
1217,9149,20,26,2023-08-27T13:41:53.135000+00:00,26.331,27.379,23.29,,264.0,False,77.0,"[2048, 2048, 2048, 2049, 2048, 2048, 2049, 2048]","[2048, 2049, 2049, 2048, 2048, 2048, 2048, 2048]","[2048, 2048, 2048, 2049, 2048, 2048]",305.0
1217,9149,22,26,2023-08-27T13:41:53.417000+00:00,26.693,27.341,22.897,284.0,271.0,False,76.931,"[None, 2048, 2048, 2048, 2048, 2048, 2048, 2048]","[2048, 2048, 2049, 2048, 2048, 2048, 2048, 2048]","[2049, 2048, 2048, 2049, 2049, 2048, 2048]",321.0
1217,9149,4,26,2023-08-27T13:41:54.323000+00:00,26.651,27.201,23.044,,276.0,False,76.896,"[None, 2048, 2048, 2048, 2048, 2048, 2048, 2048]","[2049, 2048, 2048, 2048, 2048, 2048, 2048, 2048]","[2048, 2048, 2048, 2048, 2048, 2048]",281.0
1217,9149,16,26,2023-08-27T13:41:55.651000+00:00,27.662,28.065,23.319,281.0,278.0,False,79.046,"[2048, 2048, 2048, 2048, 2048, 2048, 2048, 2048]","[2048, 2048, 2048, 2048, 2048, 2048, 2048, 2048]","[2048, 2048, 2048, 2048, 2048, 2048, 2048]",304.0
1217,9149,44,26,2023-08-27T13:41:55.838000+00:00,26.268,27.181,22.794,276.0,266.0,False,76.243,"[None, 2049, 2048, 2048, 2048, 2048, 2048, 2048]","[2048, 2048, 2048, 2048, 2048, 2048, 2049, 2048]","[2051, 2048, 2048, 2049, 2048, 2048]",322.0
1217,9149,81,26,2023-08-27T13:41:56.370000+00:00,26.661,27.243,23.651,287.0,265.0,False,77.555,"[2048, 2048, 2048, 2048, 2048, 2048, 2048, 2048]","[2048, 2048, 2049, 2048, 2048, 2048, 2049, 2048]","[2048, 2048, 2048, 2048, 2048, 2048]",322.0
1217,9149,77,26,2023-08-27T13:41:56.682000+00:00,26.975,27.834,23.663,290.0,280.0,False,78.472,"[None, 2048, 2048, 2048, 2048, 2048, 2048, 2049]","[2049, 2048, 2048, 2048, 2048, 2048, 2048, 2048]","[2048, 2048, 2048, 2048, 2048, 2048]",317.0
1217,9149,27,26,2023-08-27T13:41:57.260000+00:00,26.698,28.19,23.188,279.0,279.0,False,78.076,"[2048, 2048, 2048, 2048, 2048, 2048, 2048, 2048]","[2048, 2048, 2048, 2048, 2048, 2048, 2048, 2048]","[2048, 2048, 2048, 2048, 2051, 2049, 2051]",304.0
1217,9149,63,26,2023-08-27T13:41:58.042000+00:00,26.702,27.508,23.664,285.0,281.0,False,77.874,"[None, 2048, 2048, 2048, 2048, 2048, 2048, 2048]","[2048, 2048, 2048, 2048, 2048, 2048, 2048, 2049]","[2048, 2048, 2048, 2048, 2048, 2048, 2048]",304.0
1217,9149,18,26,2023-08-27T13:41:58.635000+00:00,26.649,27.732,23.186,288.0,277.0,False,77.567,"[None, 2048, 2048, 2048, 2048, 2048, 2048, 2048]","[2049, 2048, 2048, 2048, 2048, 2048, 2048, 2048]","[2048, 2048, 2048, 2048, 2048, 2048, 2049]",299.0
1217,9149,40,26,2023-08-27T13:41:59.760000+00:00,26.893,27.39,23.46,284.0,266.0,False,77.743,"[None, 2048, 2048, 2048, 2048, 2048, 2048, 2048]","[2048, 2048, 2048, 2048, 2048, 2048, 2048, 2048]","[2048, 2048, 2048, 2049, 2049, 2048, 2048]",304.0
1217,9149,1,27,2023-08-27T13:42:57.666000+00:00,25.834,26.936,22.911,284.0,261.0,False,75.681,"[None, 2049, 2049, 2048, 2049, 2048, 2049, 2049]","[2049, 2048, 2048, 2048, 2048, 2048, 2048, 2048]","[2048, 2051, 2048, 2048, 2048, 2048, 2048]",
1217,9149,11,27,2023-08-27T13:43:00.353000+00:00,26.016,26.988,22.955,285.0,263.0,False,75.959,"[None, 2048, 2049, 2048, 2048, 2048, 2048, 2048]","[2048, 2048, 2048, 2048, 2048, 2048, 2048, 2048]","[2048, 2049, 2049, 2049, 2049, 2049]",294.0
1217,9149,14,27,2023-08-27T13:43:01.025000+00:00,26.089,26.998,22.857,,276.0,False,75.944,"[2049, 2048, 2048, 2051, 2048, 2048, 2051, 2049]","[2048, 2048, 2048, 2048, 2048, 2048, 2048, 2048]","[2048, 2048, 2048, 2048, 2048, 2049]",305.0
1217,9149,10,27,2023-08-27T13:43:02.587000+00:00,26.3,26.939,23.149,283.0,265.0,False,76.388,"[None, 2048, 2048, 2048, 2048, 2048, 2048, 2048]","[2048, 2048, 2048, 2048, 2048, 2048, 2048, 2048]","[2049, 2048, 2048, 2049, 2048, 2048, 2048]",300.0
1217,9149,55,27,2023-08-27T13:43:03.697000+00:00,26.463,27.221,22.935,289.0,267.0,False,76.619,"[None, 2048, 2048, 2048, 2049, 2048, 2048, 2048]","[2048, 2049, 2048, 2049, 2048, 2048, 2049, 2048]","[2049, 2048, 2048, 2049, 2048, 2048, 2048]",301.0
1217,9149,23,27,2023-08-27T13:43:06.322000+00:00,26.374,27.273,23.107,,264.0,False,76.754,"[None, 2048, 2048, 2048, 2048, 2049, 2048, 2048]","[2048, 2048, 2048, 2048, 2048, 2048, 2049, 2048]","[2048, 2049, 2048, 2049, 2048, 2048]",289.0
1217,9149,24,27,2023-08-27T13:43:08.478000+00:00,26.921,27.322,23.457,,272.0,False,77.7,"[2048, 2048, 2048, 2048, 2048, 2048, 2048, 2048]","[2048, 2048, 2048, 2048, 2048, 2048, 2049, 2049]","[2048, 2048, 2048, 2048, 2048, 2048]",296.0
1217,9149,31,27,2023-08-27T13:43:08.681000+00:00,26.003,27.074,23.266,278.0,264.0,False,76.343,"[None, 2049, 2048, 2048, 2049, 2048, 2048, 2048]","[2048, 2048, 2049, 2048, 2048, 2048, 2048, 2048]","[2048, 2048, 2048, 2049, 2048, 2048]",323.0
1217,9149,20,27,2023-08-27T13:43:10.118000+00:00,26.961,27.659,23.113,288.0,277.0,False,77.733,"[None, 2048, 2048, 2048, 2048, 2048, 2048, 2049]","[2048, 2048, 2048, 2048, 2048, 2048, 2048, 2048]","[2049, 2048, 2048, 2048, 2049, 2049, 2048]",304.0
1217,9149,22,27,2023-08-27T13:43:10.400000+00:00,26.439,27.239,23.265,282.0,263.0,False,76.943,"[None, 2049, 2048, 2048, 2048, 2048, 2048, 2048]","[2048, 2048, 2048, 2048, 2049, 2048, 2048, 2048]","[2048, 2048, 2048, 2048, 2048, 2048]",322.0
1217,9149,4,27,2023-08-27T13:43:11.197000+00:00,26.459,27.65,22.688,282.0,278.0,False,76.797,"[None, 2048, 2048, 2048, 2048, 2048, 2048, 2048]","[2048, 2048, 2048, 2048, 2048, 2048, 2048, 2048]","[2049, 2048, 2048, 2048, 2051, 2051, 2049]",296.0
1217,9149,44,27,2023-08-27T13:43:11.931000+00:00,26.188,27.618,22.868,284.0,278.0,False,76.674,"[2048, 2048, 2048, 2048, 2048, 2048, 2048, 2048]","[2048, 2048, 2048, 2048, 2048, 2048, 2048, 2048]","[2048, 2048, 2048, 2048, 2049, 2048, 2049]",299.0
1217,9149,81,27,2023-08-27T13:43:13.962000+00:00,26.017,27.294,23.342,286.0,267.0,False,76.653,"[None, 2048, 2048, 2048, 2048, 2048, 2048, 2048]","[2048, 2048, 2048, 2048, 2048, 2048, 2048, 2048]","[2048, 2049, 2048, 2049, 2048, 2048, 2048]",305.0
1217,9149,16,27,2023-08-27T13:43:14.681000+00:00,26.636,27.687,23.235,290.0,268.0,False,77.558,"[None, 2048, 2048, 2048, 2048, 2048, 2048, 2048]","[2048, 2048, 2048, 2048, 2048, 2048, 2049, 2048]","[2048, 2048, 2048, 2048, 2048, 2048]",296.0
1217,9149,77,27,2023-08-27T13:43:15.165000+00:00,27.275,27.322,23.209,284.0,276.0,False,77.806,"[2048, 2048, 2048, 2048, 2048, 2048, 2048, 2048]","[2048, 2048, 2049, 2048, 2048, 2048, 2049, 2048]","[2048, 2048, 2048, 2049, 2048, 2048, 2048]",323.0
1217,9149,27,27,2023-08-27T13:43:15.290000+00:00,26.525,27.499,23.164,288.0,277.0,False,77.188,"[2051, 2049, 2048, 2048, 2048, 2048, 2049, 2049]","[2049, 2049, 2049, 2048, 2048, 2048, 2048, 2048]","[2048, 2048, 2048, 2048, 2048, 2048]",334.0
1217,9149,63,27,2023-08-27T13:43:15.900000+00:00,26.838,27.456,23.377,287.0,277.0,False,77.671,"[None, 2048, 2048, 2048, 2048, 2048, 2048, 2049]","[2049, 2048, 2048, 2048, 2048, 2048, 2048, 2048]","[2048, 2048, 2048, 2048, 2048, 2048, 2048]",312.0
1217,9149,18,27,2023-08-27T13:43:16.259000+00:00,26.871,28.008,23.078,286.0,277.0,False,77.957,"[2048, 2048, 2048, 2048, 2048, 2048, 2048, 2048]","[2048, 2048, 2048, 2048, 2048, 2048, 2048, 2048]","[2048, 2048, 2048, 2048, 2048, 2048, 2048]",282.0
1217,9149,40,27,2023-08-27T13:43:17.603000+00:00,26.749,27.585,23.22,,274.0,False,77.554,"[2048, 2048, 2048, 2048, 2048, 2049, 2049, 2048]","[2048, 2048, 2048, 2048, 2048, 2048, 2048, 2048]","[2048, 2048, 2048, 2049, 2049, 2049, 2049]",294.0
1217,9149,1,28,2023-08-27T13:44:13.164000+00:00,25.921,26.759,22.819,283.0,261.0,False,75.499,"[None, 2049, 2048, 2048, 2048, 2048, 2048, 2048]","[2048, 2048, 2048, 2049, 2048, 2048, 2048, 2048]","[2049, 2048, 2049, 2048, 2049, 2048, 2048]",
1217,9149,11,28,2023-08-27T13:44:16.305000+00:00,25.959,26.836,22.982,,262.0,False,75.777,"[None, 2048, 2048, 2048, 2051, 2048, 2048, 2048]","[2048, 2048, 2048, 2048, 2048, 2048, 2048, 2048]","[2049, 2048, 2049, 2048, 2048, 2048, 2048]",300.0
1217,9149,14,28,2023-08-27T13:44:16.930000+00:00,26.082,27.141,23.15,,265.0,False,76.373,"[None, 2048, 2048, 2048, 2048, 2048, 2048, 2048]","[2048, 2048, 2048, 2048, 2048, 2048, 2048, 2048]","[2048, 2048, 2048, 2048, 2048, 2048, 2048]",311.0
1217,9149,10,28,2023-08-27T13:44:18.945000+00:00,26.129,26.767,23.005,,264.0,False,75.901,"[None, 2048, 2048, 2048, 2049, 2048, 2048, 2048]","[2048, 2049, 2049, 2048, 2048, 2048, 2048, 2048]","[2049, 2048, 2048, 2049, 2048, 2048, 2048]",298.0
1217,9149,55,28,2023-08-27T13:44:20.305000+00:00,26.142,27.145,22.857,,267.0,False,76.144,"[None, 2048, 2048, 2048, 2049, 2049, 2048, 2048]","[2048, 2048, 2049, 2049, 2048, 2048, 2048, 2048]","[2048, 2048, 2048, 2049, 2048, 2048, 2048]",302.0
1217,9149,23,28,2023-08-27T13:44:23.133000+00:00,26.146,27.304,23.002,,263.0,False,76.452,"[None, 2048, 2048, 2048, 2048, 2049, 2049, 2048]","[2048, 2048, 2048, 2049, 2048, 2048, 2048, 2048]","[2048, 2049, 2048, 2048, 2048, 2048]",293.0
1217,9149,31,28,2023-08-27T13:44:24.930000+00:00,26.174,27.147,23.32,283.0,264.0,False,76.641,"[2048, 2048, 2048, 2048, 2049, 2049, 2049, 2048]","[2048, 2049, 2049, 2048, 2048, 2048, 2048, 2048]","[2048, 2048, 2048, 2049, 2048, 2048, 2048]",297.0
1217,9149,24,28,2023-08-27T13:44:26.211000+00:00,26.387,27.395,23.354,279.0,262.0,False,77.136,"[2049, 2048, 2049, 2049, 2048, 2049, 2049, 2048]","[2048, 2048, 2048, 2048, 2048, 2048, 2048, 2048]","[2048, 2048, 2048, 2048, 2048, 2048, 2048]",294.0
1217,9149,22,28,2023-08-27T13:44:27.211000+00:00,26.485,27.162,23.005,,262.0,False,76.652,"[2048, 2048, 2048, 2048, 2048, 2048, 2048, 2048]","[2048, 2048, 2048, 2048, 2048, 2048, 2049, 2048]","[2048, 2048, 2048, 2049, 2048, 2048, 2048]",302.0
1217,9149,20,28,2023-08-27T13:44:27.898000+00:00,27.106,27.689,23.38,287.0,277.0,False,78.175,"[None, 2048, 2048, 2048, 2048, 2048, 2048, 2048]","[2048, 2048, 2048, 2048, 2048, 2048, 2048, 2048]","[2049, 2048, 2048, 2048, 2048, 2048, 2048]",291.0
1217,9149,4,28,2023-08-27T13:44:28.070000+00:00,26.379,27.356,22.847,283.0,276.0,False,76.582,"[2049, 2049, 2048, 2048, 2048, 2048, 2051, 2048]","[2048, 2048, 2048, 2048, 2048, 2048, 2048, 2048]","[2048, 2048, 2048, 2049, 2048, 2048]",318.0
1217,9149,44,28,2023-08-27T13:44:28.742000+00:00,26.71,27.513,23.12,285.0,278.0,False,77.343,"[None, 2048, 2048, 2048, 2048, 2048, 2048, 2048]","[2048, 2048, 2048, 2048, 2048, 2048, 2048, 2048]","[2048, 2048, 2048, 2048, 2049, 2049]",305.0
1217,9149,81,28,2023-08-27T13:44:30.711000+00:00,26.177,27.34,23.416,285.0,268.0,False,76.933,"[None, 2048, 2048, 2048, 2048, 2048, 2048, 2048]","[2048, 2048, 2048, 2048, 2048, 2048, 2048, 2048]","[2048, 2048, 2048, 2049, 2048, 2048, 2048]",306.0
1217,9149,16,28,2023-08-27T13:44:32.351000+00:00,26.642,27.646,23.143,289.0,269.0,False,77.431,"[None, 2049, 2048, 2048, 2048, 2048, 2048, 2048]","[2048, 2049, 2049, 2048, 2048, 2048, 2048, 2048]","[2048, 2048, 2048, 2049, 2048, 2048, 2048]",310.0
1217,9149,27,28,2023-08-27T13:44:32.383000+00:00,26.888,27.492,23.169,287.0,275.0,False,77.549,"[2048, 2048, 2048, 2048, 2048, 2048, 2048, 2048]","[2048, 2048, 2049, 2048, 2048, 2048, 2048, 2048]","[2048, 2048, 2048, 2048, 2048, 2048, 2048]",317.0
1217,9149,77,28,2023-08-27T13:44:32.945000+00:00,26.792,27.528,23.149,285.0,276.0,False,77.469,"[None, 2048, 2048, 2048, 2048, 2048, 2048, 2048]","[2048, 2048, 2048, 2048, 2048, 2048, 2048, 2048]","[2048, 2048, 2048, 2048, 2048, 2048, 2048]",317.0
1217,9149,63,28,2023-08-27T13:44:33.554000+00:00,26.867,27.396,23.187,284.0,277.0,False,77.45,"[2048, 2048, 2048, 2048, 2048, 2048, 2048, 2048]","[2048, 2048, 2048, 2048, 2048, 2048, 2048, 2048]","[2049, 2048, 2048, 2048, 2048, 2048, 2048]",296.0
1217,9149,18,28,2023-08-27T13:44:34.226000+00:00,26.554,27.947,23.048,290.0,278.0,False,77.549,"[None, 2048, 2048, 2048, 2048, 2048, 2048, 2048]","[2048, 2048, 2048, 2048, 2048, 2048, 2048, 2048]","[2048, 2048, 2048, 2049, 2048, 2048, 2048]",295.0
1217,9149,40,28,2023-08-27T13:44:35.086000+00:00,26.752,27.435,23.338,,277.0,False,77.525,"[2049, 2048, 2048, 2048, 2048, 2048, 2048, 2048]","[2048, 2048, 2048, 2048, 2048, 2048, 2048, 2048]","[2048, 2048, 2048, 2048, 2049, 2048, 2048]",302.0
1217,9149,1,29,2023-08-27T13:45:28.694000+00:00,25.825,26.797,22.752,,261.0,False,75.374,"[None, 2049, 2049, 2048, 2049, 2048, 2048, 2048]","[2048, 2048, 2048, 2048, 2048, 2048, 2048, 2048]","[2048, 2051, 2048, 2051, 2049, 2049]",
1217,9149,11,29,2023-08-27T13:45:32.085000+00:00,25.878,26.801,22.95,284.0,262.0,False,75.629,"[None, 2049, 2049, 2048, 2048, 2049, 2048, 2048]","[2048, 2048, 2048, 2048, 2048, 2048, 2048, 2048]","[2049, 2048, 2048, 2048, 2048, 2049, 2048]",296.0
1217,9149,14,29,2023-08-27T13:45:33.335000+00:00,26.215,27.079,23.039,285.0,266.0,False,76.333,"[2048, 2048, 2048, 2048, 2048, 2048, 2048, 2048]","[2048, 2048, 2048, 2048, 2048, 2048, 2048, 2048]","[2048, 2048, 2048, 2048, 2048, 2048, 2048]",293.0
1217,9149,10,29,2023-08-27T13:45:34.881000+00:00,26.224,26.929,22.934,284.0,264.0,False,76.087,"[None, 2048, 2048, 2048, 2048, 2048, 2048, 2048]","[2048, 2048, 2048, 2048, 2048, 2048, 2048, 2048]","[2049, 2048, 2048, 2049, 2048, 2048, 2048]",
1217,9149,55,29,2023-08-27T13:45:36.788000+00:00,26.135,27.209,22.873,,267.0,False,76.217,"[None, 2048, 2048, 2048, 2049, 2049, 2048, 2048]","[2048, 2048, 2048, 2049, 2048, 2048, 2048, 2048]","[2048, 2048, 2048, 2049, 2048, 2048, 2048]",301.0
1217,9149,23,29,2023-08-27T13:45:39.725000+00:00,26.154,27.207,22.939,,264.0,False,76.3,"[None, 2048, 2048, 2048, 2048, 2048, 2048, 2048]","[2048, 2048, 2048, 2048, 2048, 2048, 2048, 2048]","[2049, 2049, 2048, 2048, 2048, 2048, 2048]",295.0
1217,9149,31,29,2023-08-27T13:45:41.647000+00:00,26.358,27.109,23.105,284.0,266.0,False,76.572,"[None, 2048, 2048, 2048, 2048, 2048, 2048, 2048]","[2048, 2048, 2048, 2049, 2048, 2048, 2048, 2048]","[2048, 2049, 2049, 2049, 2048, 2048, 2048]",
1217,9149,24,29,2023-08-27T13:45:43.272000+00:00,26.439,27.122,23.152,281.0,264.0,False,76.713,"[2048, 2049, 2048, 2049, 2048, 2048, 2048, 2048]","[2048, 2048, 2049, 2048, 2048, 2049, 2048, 2048]","[2048, 2048, 2049, 2049, 2049, 2048, 2048]",298.0
1217,9149,22,29,2023-08-27T13:45:43.928000+00:00,26.609,27.041,22.808,,271.0,False,76.458,"[None, 2048, 2048, 2048, 2048, 2048, 2048, 2048]","[2048, 2048, 2048, 2048, 2048, 2048, 2048, 2048]","[2049, 2048, 2049, 2049, 2049, 2048, 2048]",309.0
1217,9149,4,29,2023-08-27T13:45:44.475000+00:00,26.468,27.606,23.033,285.0,269.0,False,77.107,"[2048, 2048, 2048, 2048, 2048, 2048, 2048, 2048]","[2049, 2048, 2048, 2048, 2048, 2048, 2048, 2048]","[2049, 2048, 2048, 2049, 2048, 2048, 2048]",287.0
1217,9149,20,29,2023-08-27T13:45:46.069000+00:00,27.048,27.866,23.208,,266.0,False,78.122,"[None, 2048, 2048, 2048, 2048, 2048, 2048, 2048]","[2048, 2048, 2048, 2048, 2048, 2048, 2048, 2048]","[2048, 2048, 2048, 2049, 2048, 2048, 2048]",297.0
1217,9149,44,29,2023-08-27T13:45:46.413000+00:00,26.288,27.201,22.805,282.0,271.0,False,76.294,"[None, 2048, 2048, 2048, 2048, 2048, 2048, 2048]","[2048, 2048, 2048, 2048, 2048, 2048, 2048, 2048]","[2051, 2048, 2048, 2049, 2048, 2048]",311.0
1217,9149,81,29,2023-08-27T13:45:47.584000+00:00,26.225,27.524,23.052,287.0,277.0,False,76.801,"[None, 2048, 2048, 2048, 2048, 2048, 2048, 2048]","[2048, 2048, 2048, 2048, 2048, 2048, 2048, 2048]","[2048, 2048, 2048, 2048, 2048, 2048]",299.0
1217,9149,16,29,2023-08-27T13:45:49.631000+00:00,26.647,27.708,23.063,288.0,269.0,False,77.418,"[None, 2048, 2048, 2048, 2048, 2048, 2048, 2048]","[2048, 2049, 2048, 2048, 2048, 2048, 2048, 2048]","[2049, 2048, 2048, 2048, 2048, 2048]",302.0
1217,9149,27,29,2023-08-27T13:45:50.022000+00:00,26.89,27.376,23.031,285.0,277.0,False,77.297,"[None, 2048, 2048, 2048, 2048, 2048, 2048, 2048]","[2048, 2049, 2048, 2048, 2048, 2048, 2048, 2048]","[2048, 2048, 2048, 2048, 2048, 2048, 2048]",296.0
1217,9149,77,29,2023-08-27T13:45:50.444000+00:00,27.078,27.605,22.981,,275.0,False,77.664,"[None, 2048, 2048, 2048, 2048, 2048, 2048, 2048]","[2048, 2048, 2048, 2048, 2048, 2048, 2048, 2048]","[2049, 2048, 2049, 2049, 2048, 2048]",318.0
1217,9149,63,29,2023-08-27T13:45:51.022000+00:00,26.783,27.401,23.409,285.0,276.0,False,77.593,"[None, 2048, 2048, 2048, 2048, 2048, 2049, 2048]","[2048, 2048, 2048, 2048, 2048, 2048, 2048, 2048]","[2048, 2048, 2048, 2048, 2048, 2048, 2048]",308.0
1217,9149,18,29,2023-08-27T13:45:51.787000+00:00,26.518,27.805,23.244,289.0,278.0,False,77.567,"[None, 2048, 2048, 2048, 2048, 2048, 2049, 2048]","[2048, 2048, 2048, 2048, 2048, 2048, 2049, 2048]","[2048, 2048, 2048, 2048, 2048, 2048, 2048]",309.0
1217,9149,40,29,2023-08-27T13:45:52.709000+00:00,26.715,27.587,23.291,,277.0,False,77.593,"[None, 2048, 2048, 2048, 2048, 2049, 2048, 2048]","[2048, 2048, 2048, 2048, 2048, 2048, 2048, 2048]","[2048, 2048, 2048, 2048, 2048, 2048, 2048]",307.0
1217,9149,1,30,2023-08-27T13:46:44.068000+00:00,25.837,26.867,22.806,,261.0,False,75.51,"[None, 2048, 2049, 2048, 2048, 2048, 2048, 2048]","[2048, 2048, 2048, 2048, 2048, 2049, 2048, 2048]","[2048, 2048, 2048, 2048, 2048, 2049, 2048]",
1217,9149,11,30,2023-08-27T13:46:47.693000+00:00,25.851,26.839,22.886,,263.0,False,75.576,"[None, 2049, 2048, 2048, 2049, 2048, 2048, 2048]","[2048, 2048, 2048, 2048, 2048, 2048, 2048, 2048]","[2048, 2049, 2049, 2049, 2049, 2049, 2048]",297.0
1217,9149,14,30,2023-08-27T13:46:49.630000+00:00,25.91,27.046,22.965,286.0,267.0,False,75.921,"[None, 2048, 2048, 2048, 2051, 2048, 2049, 2048]","[2048, 2049, 2048, 2048, 2048, 2048, 2048, 2048]","[2051, 2048, 2049, 2049, 2048, 2048, 2048]",297.0
1217,9149,10,30,2023-08-27T13:46:50.943000+00:00,26.154,26.861,23.08,,265.0,False,76.095,"[None, 2048, 2048, 2048, 2048, 2048, 2048, 2048]","[2048, 2049, 2048, 2048, 2048, 2048, 2048, 2048]","[2049, 2048, 2048, 2048, 2048, 2048, 2048]",299.0
1217,9149,55,30,2023-08-27T13:46:52.693000+00:00,25.999,27.23,22.813,,267.0,False,76.042,"[None, 2048, 2048, 2049, 2049, 2049, 2049, 2048]","[2048, 2048, 2049, 2049, 2048, 2048, 2048, 2048]","[2049, 2048, 2048, 2048, 2048, 2048]",303.0
1217,9149,23,30,2023-08-27T13:46:55.849000+00:00,26.126,27.319,22.957,,262.0,False,76.402,"[None, 2048, 2048, 2048, 2048, 2049, 2048, 2048]","[2048, 2048, 2048, 2048, 2048, 2048, 2048, 2048]","[2048, 2048, 2048, 2048, 2048, 2048, 2048]",297.0
1217,9149,31,30,2023-08-27T13:46:58.271000+00:00,26.15,27.023,23.171,281.0,263.0,False,76.344,"[None, 2048, 2048, 2048, 2049, 2048, 2049, 2048]","[2048, 2048, 2048, 2049, 2048, 2048, 2048, 2048]","[2048, 2048, 2048, 2048, 2048, 2048]",295.0
1217,9149,24,30,2023-08-27T13:47:00.005000+00:00,26.658,27.163,23.165,280.0,263.0,False,76.986,"[None, 2048, 2048, 2048, 2048, 2048, 2048, 2048]","[2048, 2048, 2049, 2049, 2048, 2049, 2048, 2048]","[2048, 2048, 2048, 2049, 2049, 2048, 2048]",291.0
1217,9149,22,30,2023-08-27T13:47:00.411000+00:00,26.836,27.13,22.895,284.0,272.0,False,76.861,"[None, 2048, 2048, 2048, 2048, 2048, 2048, 2048]","[2048, 2048, 2048, 2048, 2048, 2048, 2049, 2048]","[2048, 2048, 2048, 2049, 2049, 2048, 2048]",286.0
1217,9149,4,30,2023-08-27T13:47:01.817000+00:00,26.288,27.292,22.792,,277.0,False,76.372,"[None, 2048, 2048, 2048, 2048, 2048, 2051, 2048]","[2049, 2048, 2048, 2048, 2048, 2048, 2048, 2048]","[2048, 2048, 2048, 2049, 2048, 2048, 2048]",289.0
1217,9149,44,30,2023-08-27T13:47:02.349000+00:00,26.322,27.056,23.022,284.0,276.0,False,76.4,"[None, 2048, 2048, 2048, 2048, 2048, 2048, 2048]","[2048, 2048, 2048, 2048, 2048, 2048, 2048, 2048]","[2048, 2048, 2048, 2048, 2048, 2048, 2048]",297.0
1217,9149,20,30,2023-08-27T13:47:04.161000+00:00,26.87,27.519,22.903,288.0,277.0,False,77.292,"[None, 2048, 2048, 2048, 2048, 2048, 2048, 2048]","[2049, 2048, 2048, 2048, 2048, 2048, 2048, 2048]","[2049, 2048, 2048, 2049, 2049, 2049, 2049]",306.0
1217,9149,81,30,2023-08-27T13:47:04.474000+00:00,26.021,27.274,23.345,284.0,266.0,False,76.64,"[None, 2048, 2048, 2048, 2048, 2048, 2048, 2048]","[2048, 2048, 2048, 2048, 2048, 2048, 2048, 2048]","[2049, 2048, 2048, 2048, 2048, 2048]",324.0
1217,9149,16,30,2023-08-27T13:47:07.067000+00:00,27.481,27.92,23.173,289.0,270.0,False,78.574,"[None, 2049, 2048, 2048, 2048, 2048, 2048, 2048]","[2048, 2048, 2048, 2048, 2048, 2048, 2048, 2048]","[2048, 2048, 2048, 2048, 2048, 2048]",309.0
1217,9149,27,30,2023-08-27T13:47:07.317000+00:00,26.339,27.338,23.33,284.0,264.0,False,77.007,"[None, 2048, 2048, 2048, 2049, 2048, 2049, 2048]","[2048, 2048, 2048, 2048, 2048, 2049, 2048, 2048]","[2049, 2048, 2048, 2048, 2048, 2048, 2048]",323.0
1217,9149,77,30,2023-08-27T13:47:08.083000+00:00,26.954,27.533,23.228,,278.0,False,77.715,"[None, 2048, 2048, 2048, 2048, 2048, 2048, 2048]","[2048, 2048, 2049, 2048, 2048, 2048, 2048, 2048]","[2048, 2048, 2048, 2048, 2049, 2048, 2048]",316.0
1217,9149,63,30,2023-08-27T13:47:08.739000+00:00,26.768,27.679,23.327,286.0,277.0,False,77.774,"[None, 2048, 2048, 2048, 2048, 2048, 2048, 2049]","[2049, 2048, 2048, 2048, 2048, 2048, 2048, 2048]","[2048, 2048, 2048, 2048, 2048, 2048, 2048]",312.0
1217,9149,18,30,2023-08-27T13:47:09.349000+00:00,26.491,27.681,23.412,,280.0,False,77.584,"[2049, 2048, 2048, 2048, 2048, 2048, 2048, 2048]","[2048, 2048, 2048, 2048, 2048, 2048, 2048, 2048]","[2048, 2048, 2048, 2048, 2048, 2048, 2048]",306.0
1217,9149,40,30,2023-08-27T13:47:10.239000+00:00,26.752,27.651,23.33,,273.0,False,77.733,"[2048, 2048, 2048, 2048, 2048, 2048, 2049, 2048]","[2048, 2048, 2048, 2048, 2048, 2048, 2048, 2048]","[2048, 2048, 2048, 2048, 2048, 2048]",310.0
1217,9149,1,31,2023-08-27T13:47:59.598000+00:00,25.91,26.827,22.824,,261.0,False,75.561,"[None, 2049, 2048, 2048, 2048, 2051, 2048, 2048]","[2048, 2048, 2048, 2049, 2048, 2048, 2048, 2048]","[2049, 2048, 2048, 2051, 2048, 2048]",
1217,9149,11,31,2023-08-27T13:48:03.301000+00:00,25.833,27.024,22.84,,262.0,False,75.697,"[None, 2048, 2048, 2049, 2048, 2048, 2048, 2048]","[2048, 2048, 2048, 2048, 2048, 2048, 2048, 2048]","[2049, 2049, 2048, 2048, 2049, 2049, 2048]",295.0
1217,9149,14,31,2023-08-27T13:48:05.582000+00:00,25.915,27.202,22.98,,266.0,False,76.097,"[None, 2049, 2048, 2051, 2048, 2048, 2049, 2048]","[2048, 2048, 2048, 2048, 2048, 2048, 2048, 2048]","[2048, 2048, 2048, 2049, 2048, 2048, 2048]",
1217,9149,10,31,2023-08-27T13:48:07.019000+00:00,26.08,26.876,23.112,285.0,264.0,False,76.068,"[None, 2048, 2048, 2048, 2048, 2049, 2048, 2048]","[2048, 2048, 2048, 2048, 2048, 2048, 2048, 2048]","[2048, 2048, 2048, 2048, 2048, 2048, 2048]",298.0
1217,9149,55,31,2023-08-27T13:48:08.894000+00:00,26.101,27.18,22.773,288.0,266.0,False,76.054,"[None, 2048, 2048, 2048, 2048, 2048, 2048, 2048]","[2048, 2048, 2049, 2048, 2048, 2048, 2048, 2048]","[2048, 2048, 2048, 2048, 2048, 2048, 2048]",302.0
1217,9149,23,31,2023-08-27T13:48:12.238000+00:00,26.038,27.267,22.87,283.0,263.0,False,76.175,"[None, 2048, 2048, 2048, 2049, 2049, 2048, 2048]","[2048, 2048, 2048, 2048, 2048, 2048, 2048, 2048]","[2049, 2048, 2048, 2049, 2048, 2048, 2048]",298.0
1217,9149,31,31,2023-08-27T13:48:14.629000+00:00,26.18,27.054,23.234,282.0,263.0,False,76.468,"[None, 2048, 2048, 2048, 2048, 2049, 2048, 2048]","[2048, 2048, 2048, 2048, 2048, 2048, 2048, 2048]","[2048, 2048, 2048, 2048, 2048, 2048]",296.0
1217,9149,24,31,2023-08-27T13:48:16.972000+00:00,27.433,27.478,23.015,282.0,274.0,False,77.926,"[None, 2048, 2048, 2048, 2048, 2048, 2048, 2049]","[2048, 2048, 2048, 2048, 2048, 2048, 2048, 2049]","[2048, 2048, 2048, 2048, 2049, 2049, 2049]",297.0
1217,9149,22,31,2023-08-27T13:48:17.379000+00:00,26.636,27.273,23.228,281.0,260.0,False,77.137,"[None, 2048, 2048, 2048, 2048, 2049, 2048, 2048]","[2048, 2048, 2048, 2048, 2049, 2048, 2048, 2048]","[2048, 2048, 2048, 2048, 2048, 2048]",318.0
1217,9149,4,31,2023-08-27T13:48:18.050000+00:00,26.692,27.569,22.752,272.0,279.0,False,77.013,"[None, 2048, 2048, 2048, 2048, 2048, 2048, 2048]","[2048, 2048, 2048, 2048, 2048, 2048, 2048, 2048]","[2048, 2048, 2048, 2048, 2051, 2048, 2048]",296.0
1217,9149,44,31,2023-08-27T13:48:18.738000+00:00,26.442,27.652,22.899,287.0,279.0,False,76.993,"[None, 2048, 2048, 2048, 2048, 2048, 2048, 2048]","[2048, 2048, 2048, 2048, 2048, 2048, 2048, 2048]","[2048, 2048, 2049, 2048, 2049, 2048, 2049]",301.0
1217,9149,81,31,2023-08-27T13:48:20.972000+00:00,26.075,27.258,23.299,286.0,268.0,False,76.632,"[None, 2048, 2048, 2048, 2048, 2048, 2049, 2048]","[2048, 2048, 2048, 2048, 2048, 2048, 2049, 2048]","[2048, 2048, 2048, 2049, 2048, 2048, 2048]",301.0
1217,9149,20,31,2023-08-27T13:48:21.675000+00:00,26.594,27.676,23.187,287.0,265.0,False,77.457,"[2049, 2048, 2048, 2048, 2048, 2048, 2048, 2048]","[2048, 2049, 2048, 2048, 2048, 2048, 2048, 2048]","[2048, 2048, 2049, 2049, 2048, 2048, 2048]",296.0
1217,9149,27,31,2023-08-27T13:48:24.472000+00:00,26.433,27.591,23.49,283.0,263.0,False,77.514,"[None, 2048, 2048, 2048, 2049, 2048, 2048, 2048]","[2048, 2048, 2048, 2049, 2048, 2048, 2048, 2048]","[2048, 2048, 2048, 2048, 2048, 2048, 2048]",299.0
1217,9149,16,31,2023-08-27T13:48:25.628000+00:00,26.591,27.902,23.068,290.0,268.0,False,77.561,"[None, 2048, 2048, 2048, 2048, 2048, 2048, 2048]","[2048, 2048, 2048, 2048, 2048, 2048, 2048, 2048]","[2048, 2048, 2048, 2048, 2048, 2048, 2048]",301.0
1217,9149,77,31,2023-08-27T13:48:25.816000+00:00,27.127,27.582,23.042,,275.0,False,77.751,"[None, 2048, 2048, 2048, 2048, 2048, 2048, 2048]","[2048, 2048, 2048, 2048, 2048, 2048, 2048, 2048]","[2048, 2048, 2048, 2049, 2048, 2048, 2048]",295.0
1217,9149,63,31,2023-08-27T13:48:26.378000+00:00,26.728,27.611,23.213,289.0,277.0,False,77.552,"[None, 2048, 2048, 2048, 2048, 2048, 2049, 2049]","[2048, 2048, 2048, 2048, 2048, 2048, 2048, 2049]","[2048, 2048, 2048, 2048, 2049, 2048, 2048]",301.0
1217,9149,18,31,2023-08-27T13:48:26.972000+00:00,26.521,28.026,23.142,292.0,278.0,False,77.689,"[None, 2048, 2048, 2048, 2048, 2048, 2048, 2049]","[2048, 2048, 2048, 2048, 2048, 2048, 2048, 2048]","[2048, 2048, 2048, 2048, 2048, 2048, 2048]",299.0
1217,9149,40,31,2023-08-27T13:48:27.957000+00:00,26.68,27.66,23.243,285.0,275.0,False,77.583,"[None, 2048, 2048, 2048, 2048, 2048, 2048, 2048]","[2048, 2048, 2048, 2048, 2048, 2048, 2048, 2048]","[2048, 2048, 2048, 2048, 2049, 2048, 2048]",303.0
1217,9149,1,32,2023-08-27T13:49:15.143000+00:00,25.772,26.884,22.758,,260.0,False,75.414,"[None, 2049, 2048, 2048, 2049, 2051, 2049, 2048]","[2048, 2048, 2048, 2048, 2048, 2048, 2048, 2048]","[2049, 2048, 2048, 2048, 2049, 2049, 2048]",289.0
1217,9149,11,32,2023-08-27T13:49:18.987000+00:00,25.814,26.876,23.074,,262.0,False,75.764,"[None, 2048, 2049, 2048, 2048, 2048, 2049, 2048]","[2048, 2048, 2048, 2048, 2048, 2048, 2048, 2048]","[2048, 2048, 2048, 2048, 2048, 2048, 2048]",
1217,9149,14,32,2023-08-27T13:49:21.659000+00:00,26.053,27.24,22.989,285.0,265.0,False,76.282,"[None, 2048, 2048, 2048, 2048, 2048, 2051, 2048]","[2048, 2048, 2048, 2048, 2048, 2048, 2048, 2048]","[2048, 2048, 2048, 2048, 2048, 2048, 2048]",296.0
1217,9149,10,32,2023-08-27T13:49:23.096000+00:00,26.118,27.177,23.071,,264.0,False,76.366,"[None, 2048, 2048, 2048, 2048, 2048, 2048, 2048]","[2048, 2048, 2048, 2048, 2048, 2048, 2048, 2048]","[2048, 2048, 2048, 2048, 2048, 2048, 2048]",299.0
1217,9149,55,32,2023-08-27T13:49:24.768000+00:00,25.922,27.247,22.937,290.0,266.0,False,76.106,"[None, 2048, 2048, 2048, 2049, 2049, 2049, 2048]","[2048, 2048, 2048, 2048, 2048, 2048, 2048, 2048]","[2048, 2048, 2048, 2048, 2048, 2048, 2048]",304.0
1217,9149,23,32,2023-08-27T13:49:28.409000+00:00,,27.255,22.855,285.0,263.0,False,76.148,"[None, 2048, 2048, 2048, 2048, 2048, 2048, 2048]","[2048, 2048, 2048, 2048, 2048, 2048, 2048, 2048]","[2051, 2048, 2048, 2048, 2048, 2048, 2048]",299.0
1217,9149,31,32,2023-08-27T13:49:31.034000+00:00,26.16,26.981,23.26,,264.0,False,76.401,"[None, 2048, 2048, 2048, 2048, 2048, 2049, 2048]","[2048, 2048, 2048, 2048, 2048, 2049, 2048, 2048]","[2048, 2048, 2048, 2049, 2048, 2048, 2048]",295.0
1217,9149,22,32,2023-08-27T13:49:34.299000+00:00,26.681,26.976,23.021,280.0,260.0,False,76.678,"[None, 2048, 2048, 2048, 2049, 2048, 2048, 2048]","[2048, 2049, 2048, 2048, 2049, 2048, 2048, 2048]","[2049, 2049, 2048, 2048, 2048, 2048, 2048]",296.0
1217,9149,24,32,2023-08-27T13:49:34.987000+00:00,26.967,27.653,23.402,283.0,275.0,False,78.022,"[2049, 2048, 2048, 2048, 2048, 2048, 2048, 2049]","[2048, 2048, 2048, 2048, 2048, 2048, 2048, 2048]","[2048, 2048, 2048, 2048, 2048, 2048, 2048]",296.0
1217,9149,4,32,2023-08-27T13:49:35.127000+00:00,26.349,27.386,22.681,276.0,275.0,False,76.416,"[None, 2049, 2048, 2048, 2048, 2048, 2048, 2048]","[2048, 2048, 2048, 2048, 2048, 2048, 2048, 2048]","[2049, 2048, 2048, 2049, 2048, 2048]",322.0
1217,9149,44,32,2023-08-27T13:49:35.721000+00:00,26.478,27.432,23.308,,267.0,False,77.218,"[None, 2048, 2048, 2048, 2048, 2048, 2048, 2049]","[2049, 2048, 2048, 2048, 2048, 2048, 2048, 2048]","[2048, 2048, 2048, 2048, 2049, 2049, 2048]",305.0
1217,9149,81,32,2023-08-27T13:49:37.674000+00:00,26.157,27.212,23.012,284.0,269.0,False,76.381,"[None, 2048, 2048, 2048, 2048, 2048, 2048, 2048]","[2048, 2048, 2049, 2048, 2048, 2048, 2048, 2048]","[2048, 2048, 2048, 2049, 2048, 2048, 2048]",307.0
1217,9149,20,32,2023-08-27T13:49:39.049000+00:00,26.554,27.367,23.041,285.0,265.0,False,76.962,"[2048, 2048, 2048, 2048, 2048, 2048, 2048, 2048]","[2048, 2049, 2049, 2048, 2048, 2048, 2048, 2048]","[2048, 2048, 2048, 2049, 2048, 2048, 2048]",304.0
1217,9149,27,32,2023-08-27T13:49:41.861000+00:00,26.473,27.36,23.108,284.0,264.0,False,76.941,"[None, 2048, 2048, 2048, 2048, 2048, 2048, 2048]","[2048, 2049, 2048, 2048, 2048, 2048, 2048, 2048]","[2049, 2048, 2048, 2049, 2048, 2048, 2048]",
1217,9149,16,32,2023-08-27T13:49:43.174000+00:00,26.583,27.853,22.996,,268.0,False,77.432,"[None, 2048, 2048, 2048, 2048, 2048, 2048, 2048]","[2048, 2048, 2048, 2048, 2048, 2048, 2048, 2048]","[2048, 2048, 2049, 2049, 2048, 2048, 2048]",303.0
1217,9149,77,32,2023-08-27T13:49:43.565000+00:00,26.808,27.439,23.182,282.0,274.0,False,77.429,"[None, 2048, 2048, 2048, 2048, 2048, 2048, 2048]","[2048, 2049, 2048, 2048, 2048, 2048, 2048, 2048]","[2048, 2048, 2048, 2048, 2048, 2048, 2048]",314.0
1217,9149,63,32,2023-08-27T13:49:43.955000+00:00,26.712,27.697,23.116,288.0,276.0,False,77.525,"[2049, 2048, 2048, 2048, 2048, 2048, 2049, 2048]","[2049, 2048, 2048, 2048, 2048, 2048, 2048, 2048]","[2048, 2048, 2048, 2049, 2049, 2049]",309.0
1217,9149,18,32,2023-08-27T13:49:44.643000+00:00,26.687,27.613,23.135,288.0,279.0,False,77.435,"[None, 2048, 2048, 2048, 2048, 2048, 2049, 2048]","[2048, 2048, 2048, 2048, 2048, 2048, 2048, 2048]","[2048, 2048, 2048, 2048, 2048, 2048, 2048]",311.0
1217,9149,40,32,2023-08-27T13:49:45.518000+00:00,26.72,27.419,23.127,284.0,274.0,False,77.266,"[None, 2048, 2048, 2048, 2048, 2048, 2048, 2048]","[2048, 2048, 2048, 2048, 2048, 2048, 2048, 2048]","[2048, 2048, 2048, 2049, 2049, 2049, 2049]",
1217,9149,1,33,2023-08-27T13:50:30.564000+00:00,25.748,26.728,22.866,284.0,261.0,False,75.342,"[None, 2049, 2048, 2048, 2049, 2048, 2048, 2048]","[2048, 2049, 2049, 2051, 2048, 2048, 2048, 2048]","[2048, 2048, 2048, 2048, 2049, 2049, 2048]",290.0
1217,9149,11,33,2023-08-27T13:50:34.720000+00:00,25.846,26.944,22.825,285.0,263.0,False,75.615,"[None, 2048, 2048, 2048, 2048, 2048, 2049, 2048]","[2048, 2048, 2048, 2048, 2048, 2048, 2048, 2048]","[2051, 2048, 2048, 2048, 2048, 2049, 2048]",294.0
1217,9149,14,33,2023-08-27T13:50:37.939000+00:00,25.884,27.129,22.829,286.0,264.0,False,75.842,"[None, 2049, 2048, 2048, 2051, 2048, 2048, 2048]","[2048, 2048, 2048, 2048, 2048, 2048, 2048, 2048]","[2048, 2049, 2048, 2049, 2048, 2048, 2048]",
1217,9149,10,33,2023-08-27T13:50:39.439000+00:00,26.031,26.888,23.053,286.0,265.0,False,75.972,"[None, 2048, 2048, 2048, 2048, 2049, 2048, 2048]","[2048, 2049, 2049, 2048, 2048, 2048, 2048, 2048]","[2048, 2048, 2048, 2048, 2048, 2048, 2048]",300.0
1217,9149,55,33,2023-08-27T13:50:40.860000+00:00,26.145,27.201,22.885,,267.0,False,76.231,"[None, 2048, 2048, 2048, 2048, 2048, 2048, 2048]","[2049, 2048, 2048, 2048, 2048, 2048, 2048, 2048]","[2048, 2048, 2048, 2048, 2048, 2048, 2048]",305.0
1217,9149,23,33,2023-08-27T13:50:44.548000+00:00,26.042,27.284,23.01,,263.0,False,76.336,"[None, 2048, 2048, 2048, 2048, 2048, 2048, 2048]","[2048, 2048, 2048, 2048, 2048, 2048, 2048, 2048]","[2048, 2048, 2049, 2048, 2048, 2048, 2048]",
1217,9149,31,33,2023-08-27T13:50:47.438000+00:00,26.158,26.933,23.132,,263.0,False,76.223,"[None, 2048, 2048, 2048, 2049, 2048, 2048, 2048]","[2048, 2048, 2048, 2049, 2048, 2048, 2048, 2048]","[2048, 2048, 2048, 2049, 2048, 2048, 2048]",
1217,9149,22,33,2023-08-27T13:50:51.063000+00:00,26.572,26.921,22.921,282.0,260.0,False,76.414,"[None, 2048, 2048, 2048, 2048, 2048, 2048, 2048]","[2048, 2048, 2049, 2048, 2049, 2048, 2048, 2048]","[2048, 2049, 2048, 2049, 2048, 2048, 2048]",295.0
1217,9149,4,33,2023-08-27T13:50:51.423000+00:00,26.335,27.381,22.657,285.0,275.0,False,76.373,"[None, 2048, 2048, 2048, 2049, 2048, 2048, 2048]","[2048, 2048, 2048, 2048, 2048, 2048, 2048, 2048]","[2049, 2048, 2048, 2049, 2048, 2048, 2048]",290.0
1217,9149,24,33,2023-08-27T13:50:52.938000+00:00,26.917,27.549,23.364,,274.0,False,77.83,"[2048, 2048, 2048, 2048, 2048, 2048, 2049, 2049]","[2048, 2048, 2048, 2048, 2048, 2048, 2048, 2048]","[2048, 2048, 2048, 2048, 2048, 2048, 2048]",280.0
1217,9149,44,33,2023-08-27T13:50:53.079000+00:00,26.213,27.242,23.018,285.0,265.0,False,76.473,"[None, 2049, 2048, 2048, 2048, 2048, 2048, 2048]","[2048, 2048, 2048, 2048, 2048, 2048, 2048, 2048]","[2048, 2048, 2048, 2049, 2048, 2048]",311.0
1217,9149,81,33,2023-08-27T13:50:54.095000+00:00,26.131,27.736,22.966,289.0,279.0,False,76.833,"[None, 2048, 2048, 2048, 2048, 2048, 2049, 2048]","[2049, 2048, 2048, 2048, 2048, 2048, 2048, 2048]","[2048, 2048, 2048, 2048, 2048, 2048, 2048]",312.0
1217,9149,20,33,2023-08-27T13:50:55.985000+00:00,26.262,27.471,23.302,,264.0,False,77.035,"[None, 2049, 2048, 2048, 2048, 2049, 2048, 2048]","[2048, 2048, 2048, 2048, 2048, 2048, 2048, 2048]","[2049, 2048, 2048, 2048, 2048, 2048, 2048]",308.0
1217,9149,27,33,2023-08-27T13:50:58.782000+00:00,26.215,27.442,23.191,,262.0,False,76.848,"[None, 2048, 2048, 2048, 2049, 2049, 2049, 2048]","[2048, 2049, 2048, 2048, 2048, 2048, 2048, 2048]","[2048, 2048, 2048, 2049, 2048, 2048, 2048]",
1217,9149,16,33,2023-08-27T13:51:00.610000+00:00,26.486,27.704,23.087,,269.0,False,77.277,"[None, 2048, 2048, 2048, 2048, 2048, 2048, 2048]","[2048, 2049, 2048, 2048, 2048, 2048, 2048, 2048]","[2049, 2048, 2048, 2048, 2048, 2048, 2048]",301.0
1217,9149,77,33,2023-08-27T13:51:00.985000+00:00,26.742,27.355,23.022,284.0,275.0,False,77.119,"[None, 2048, 2048, 2048, 2048, 2048, 2049, 2048]","[2048, 2049, 2048, 2048, 2048, 2048, 2048, 2048]","[2048, 2048, 2048, 2049, 2048, 2048, 2048]",310.0
1217,9149,63,33,2023-08-27T13:51:01.579000+00:00,26.675,27.374,22.982,287.0,276.0,False,77.031,"[2048, 2048, 2048, 2048, 2048, 2048, 2049, 2048]","[2048, 2048, 2048, 2048, 2048, 2048, 2048, 2048]","[2048, 2048, 2048, 2048, 2048, 2048, 2048]",308.0
1217,9149,18,33,2023-08-27T13:51:02.048000+00:00,26.498,27.959,23.329,290.0,277.0,False,77.786,"[None, 2048, 2048, 2048, 2048, 2048, 2048, 2048]","[2048, 2048, 2048, 2048, 2048, 2048, 2048, 2048]","[2048, 2048, 2048, 2049, 2048, 2048, 2048]",305.0
1217,9149,40,33,2023-08-27T13:51:02.813000+00:00,26.69,27.657,23.2,285.0,276.0,False,77.547,"[2049, 2048, 2048, 2048, 2048, 2048, 2048, 2049]","[2048, 2048, 2048, 2048, 2048, 2048, 2048, 2048]","[2048, 2048, 2048, 2049, 2048, 2048, 2048]",308.0
1217,9149,1,34,2023-08-27T13:51:45.891000+00:00,25.78,26.751,22.741,,262.0,False,75.272,"[None, 2048, 2048, 2048, 2048, 2051, 2048, 2048]","[2048, 2048, 2049, 2048, 2048, 2048, 2048, 2048]","[2048, 2048, 2048, 2051, 2049, 2049, 2048]",293.0
1217,9149,11,34,2023-08-27T13:51:50.344000+00:00,25.772,26.758,22.847,,262.0,False,75.377,"[2049, 2048, 2048, 2048, 2049, 2049, 2049, 2048]","[2049, 2048, 2048, 2048, 2048, 2048, 2048, 2048]","[2048, 2048, 2049, 2049, 2049, 2049, 2048]",297.0
1217,9149,14,34,2023-08-27T13:51:53.781000+00:00,25.744,27.191,22.878,,264.0,False,75.813,"[None, 2049, 2048, 2048, 2051, 2048, 2051, 2048]","[2048, 2048, 2048, 2048, 2048, 2048, 2048, 2048]","[2048, 2048, 2051, 2048, 2048, 2048, 2048]",300.0
1217,9149,10,34,2023-08-27T13:51:55.453000+00:00,26.068,27.087,22.904,285.0,264.0,False,76.059,"[None, 2048, 2048, 2048, 2048, 2048, 2048, 2048]","[2048, 2048, 2048, 2048, 2048, 2048, 2048, 2048]","[2048, 2048, 2048, 2049, 2048, 2048, 2048]",
1217,9149,55,34,2023-08-27T13:51:57.094000+00:00,25.829,27.464,22.853,,267.0,False,76.146,"[None, 2048, 2049, 2048, 2048, 2049, 2048, 2048]","[2049, 2048, 2048, 2048, 2048, 2048, 2048, 2048]","[2049, 2048, 2048, 2048, 2048, 2048, 2048]",306.0
1217,9149,23,34,2023-08-27T13:52:01.062000+00:00,26.033,27.386,22.958,,263.0,False,76.377,"[None, 2048, 2048, 2048, 2048, 2048, 2049, 2048]","[2048, 2048, 2048, 2048, 2048, 2048, 2048, 2048]","[2048, 2048, 2049, 2048, 2048, 2048, 2048]",301.0
1217,9149,31,34,2023-08-27T13:52:03.687000+00:00,26.163,27.098,23.044,283.0,263.0,False,76.305,"[None, 2048, 2048, 2048, 2048, 2048, 2048, 2048]","[2048, 2049, 2049, 2049, 2048, 2048, 2048, 2048]","[2048, 2048, 2048, 2049, 2048, 2048, 2048]",297.0
1217,9149,22,34,2023-08-27T13:52:07.499000+00:00,26.454,27.108,22.834,281.0,259.0,False,76.396,"[None, 2048, 2048, 2048, 2048, 2049, 2049, 2048]","[2048, 2048, 2048, 2048, 2048, 2048, 2048, 2048]","[2049, 2048, 2049, 2049, 2048, 2048]",297.0
1217,9149,4,34,2023-08-27T13:52:07.906000+00:00,26.405,27.405,22.731,287.0,274.0,False,76.541,"[None, 2048, 2048, 2048, 2048, 2048, 2048, 2048]","[2049, 2048, 2048, 2048, 2048, 2048, 2048, 2048]","[2048, 2048, 2048, 2049, 2048, 2048, 2048]",303.0
1217,9149,44,34,2023-08-27T13:52:09.359000+00:00,26.237,26.958,22.667,284.0,275.0,False,75.862,"[None, 2048, 2048, 2048, 2048, 2048, 2049, 2048]","[2048, 2048, 2048, 2049, 2048, 2048, 2048, 2048]","[2049, 2048, 2048, 2049, 2048, 2048, 2048]",289.0
1217,9149,24,34,2023-08-27T13:52:10.765000+00:00,27.087,27.447,23.049,281.0,273.0,False,77.583,"[None, 2048, 2048, 2048, 2048, 2048, 2048, 2048]","[2048, 2048, 2048, 2048, 2048, 2048, 2048, 2048]","[2048, 2048, 2048, 2048, 2049, 2049]",271.0
1217,9149,81,34,2023-08-27T13:52:10.921000+00:00,26.053,27.412,23.449,286.0,265.0,False,76.914,"[None, 2048, 2048, 2048, 2048, 2048, 2048, 2048]","[2048, 2048, 2048, 2048, 2048, 2048, 2048, 2048]","[2048, 2048, 2048, 2049, 2048, 2048]",326.0
1217,9149,20,34,2023-08-27T13:52:12.984000+00:00,26.288,27.499,23.253,287.0,265.0,False,77.04,"[None, 2048, 2048, 2048, 2049, 2049, 2048, 2048]","[2048, 2048, 2049, 2049, 2048, 2048, 2048, 2048]","[2048, 2048, 2048, 2048, 2048, 2048, 2048]",306.0
1217,9149,27,34,2023-08-27T13:52:15.718000+00:00,26.315,27.492,23.136,282.0,261.0,False,76.943,"[None, 2048, 2048, 2048, 2048, 2048, 2048, 2048]","[2048, 2048, 2048, 2048, 2048, 2048, 2048, 2048]","[2048, 2048, 2048, 2049, 2048, 2048, 2048]",297.0
1217,9149,16,34,2023-08-27T13:52:17.921000+00:00,26.78,27.824,23.058,,267.0,False,77.662,"[None, 2048, 2048, 2048, 2048, 2048, 2048, 2048]","[2048, 2048, 2048, 2048, 2048, 2048, 2048, 2048]","[2048, 2048, 2048, 2048, 2048, 2048, 2048]",303.0
1217,9149,77,34,2023-08-27T13:52:18.140000+00:00,27.872,27.502,22.947,283.0,270.0,False,78.321,"[None, 2048, 2048, 2048, 2048, 2048, 2048, 2048]","[2048, 2048, 2048, 2048, 2048, 2048, 2048, 2048]","[2048, 2048, 2048, 2048, 2049, 2048, 2048]",301.0
1217,9149,63,34,2023-08-27T13:52:18.484000+00:00,26.98,27.188,23.135,284.0,275.0,False,77.303,"[None, 2048, 2048, 2048, 2048, 2048, 2048, 2048]","[2048, 2048, 2049, 2049, 2048, 2048, 2048, 2048]","[2048, 2048, 2048, 2049, 2048, 2049]",292.0
1217,9149,18,34,2023-08-27T13:52:19.874000+00:00,26.521,27.659,26.538,291.0,278.0,False,80.718,"[2048, 2048, 2048, 2048, 2048, 2048, 2048, 2048]","[2048, 2048, 2048, 2048, 2048, 2048, 2048, 2048]","[2048, 2048, 2048, 2048, 2048, 2048, 2064]",296.0
1217,9149,40,34,2023-08-27T13:52:20.343000+00:00,26.952,27.499,23.327,286.0,275.0,False,77.778,"[2048, 2048, 2048, 2048, 2048, 2048, 2048, 2049]","[2049, 2048, 2048, 2048, 2048, 2048, 2048, 2048]","[2048, 2048, 2048, 2048, 2048, 2048]",291.0
1217,9149,1,35,2023-08-27T13:53:01.155000+00:00,25.81,26.761,22.704,285.0,262.0,False,75.275,"[None, 2049, 2048, 2048, 2048, 2048, 2048, 2048]","[2049, 2048, 2048, 2048, 2048, 2048, 2048, 2048]","[2048, 2048, 2048, 2048, 2048, 2049, 2048]",299.0
1217,9149,11,35,2023-08-27T13:53:05.733000+00:00,25.831,26.855,22.831,,263.0,False,75.517,"[2048, 2049, 2048, 2048, 2048, 2048, 2048, 2048]","[2049, 2048, 2048, 2048, 2048, 2048, 2048, 2048]","[2048, 2048, 2048, 2049, 2049, 2049, 2048]",296.0
1217,9149,14,35,2023-08-27T13:53:09.592000+00:00,25.73,27.149,22.811,,265.0,False,75.69,"[None, 2049, 2048, 2051, 2048, 2049, 2048, 2048]","[2048, 2049, 2048, 2048, 2048, 2048, 2048, 2048]","[2048, 2048, 2048, 2049, 2048, 2048, 2048]",
1217,9149,10,35,2023-08-27T13:53:11.498000+00:00,25.967,26.976,22.887,,265.0,False,75.83,"[None, 2048, 2048, 2048, 2049, 2049, 2048, 2048]","[2048, 2049, 2048, 2048, 2048, 2048, 2048, 2048]","[2049, 2048, 2048, 2048, 2048, 2048, 2048]",299.0
1217,9149,55,35,2023-08-27T13:53:13.280000+00:00,25.987,27.284,22.77,,268.0,False,76.041,"[None, 2048, 2048, 2048, 2048, 2048, 2048, 2048]","[2048, 2048, 2048, 2048, 2048, 2048, 2048, 2048]","[2049, 2048, 2048, 2049, 2048, 2048]",
1217,9149,23,35,2023-08-27T13:53:17.280000+00:00,26.046,27.26,22.905,,264.0,False,76.211,"[None, 2048, 2048, 2048, 2048, 2048, 2048, 2048]","[2048, 2048, 2048, 2048, 2048, 2048, 2048, 2048]","[2048, 2048, 2049, 2049, 2048, 2048, 2048]",300.0
1217,9149,31,35,2023-08-27T13:53:19.998000+00:00,26.113,27.022,23.119,284.0,265.0,False,76.254,"[None, 2048, 2048, 2048, 2049, 2048, 2048, 2048]","[2048, 2048, 2048, 2048, 2048, 2048, 2048, 2048]","[2048, 2048, 2048, 2049, 2048, 2048]",
1217,9149,22,35,2023-08-27T13:53:23.904000+00:00,26.362,26.919,22.972,,261.0,False,76.253,"[None, 2048, 2048, 2048, 2049, 2049, 2048, 2048]","[2048, 2048, 2048, 2048, 2049, 2048, 2048, 2048]","[2048, 2048, 2048, 2048, 2048, 2048]",295.0
1217,9149,4,35,2023-08-27T13:53:24.436000+00:00,26.176,27.372,22.484,286.0,276.0,False,76.032,"[None, 2048, 2048, 2048, 2048, 2048, 2048, 2048]","[2048, 2048, 2048, 2048, 2048, 2048, 2048, 2048]","[2049, 2048, 2048, 2049, 2048, 2048, 2048]",289.0
1217,9149,44,35,2023-08-27T13:53:25.607000+00:00,25.969,27.09,22.937,285.0,280.0,False,75.996,"[None, 2048, 2048, 2048, 2048, 2048, 2049, 2048]","[2048, 2048, 2048, 2048, 2048, 2048, 2048, 2048]","[2048, 2048, 2048, 2048, 2048, 2048, 2048]",305.0
1217,9149,81,35,2023-08-27T13:53:27.717000+00:00,26.032,27.012,23.087,,266.0,False,76.131,"[None, 2048, 2048, 2048, 2049, 2049, 2049, 2048]","[2048, 2048, 2048, 2049, 2048, 2048, 2048, 2048]","[2049, 2049, 2048, 2049, 2048, 2048, 2048]",299.0
1217,9149,24,35,2023-08-27T13:53:28.326000+00:00,26.399,27.336,23.224,,265.0,False,76.959,"[2049, 2048, 2048, 2048, 2048, 2048, 2048, 2048]","[2048, 2048, 2048, 2048, 2048, 2048, 2048, 2048]","[2048, 2048, 2049, 2048, 2048, 2048, 2048]",289.0
1217,9149,20,35,2023-08-27T13:53:29.982000+00:00,26.418,27.539,26.351,285.0,265.0,False,80.308,"[None, 2048, 2048, 2048, 2048, 2048, 2048, 2048]","[2048, 2048, 2048, 2048, 2048, 2048, 2048, 2048]","[2048, 2048, 2049, 2048, 2048, 2048, 2064]",305.0
1217,9149,27,35,2023-08-27T13:53:32.592000+00:00,26.202,27.483,23.307,284.0,263.0,False,76.992,"[None, 2048, 2048, 2048, 2048, 2048, 2049, 2048]","[2048, 2048, 2048, 2048, 2048, 2048, 2048, 2048]","[2048, 2048, 2048, 2048, 2048, 2048]",298.0
1217,9149,16,35,2023-08-27T13:53:35.560000+00:00,26.908,27.91,23.217,288.0,277.0,False,78.035,"[None, 2048, 2048, 2048, 2048, 2048, 2048, 2048]","[2048, 2048, 2048, 2048, 2048, 2048, 2048, 2049]","[2048, 2048, 2048, 2048, 2049, 2048]",302.0
1217,9149,63,35,2023-08-27T13:53:35.701000+00:00,27.168,27.211,23.064,285.0,263.0,False,77.443,"[None, 2048, 2048, 2048, 2048, 2048, 2048, 2048]","[2048, 2048, 2048, 2048, 2048, 2048, 2048, 2048]","[2049, 2048, 2048, 2049, 2048, 2048]",291.0
1217,9149,77,35,2023-08-27T13:53:36.435000+00:00,27.07,27.606,23.417,286.0,276.0,False,78.093,"[None, 2048, 2048, 2048, 2048, 2048, 2048, 2048]","[2048, 2048, 2048, 2048, 2048, 2048, 2048, 2048]","[2048, 2048, 2048, 2048, 2048, 2048, 2048]",311.0
1217,9149,40,35,2023-08-27T13:53:38.014000+00:00,26.766,27.483,23.328,284.0,264.0,False,77.577,"[None, 2048, 2048, 2048, 2048, 2048, 2049, 2048]","[2048, 2048, 2048, 2049, 2048, 2048, 2048, 2048]","[2048, 2048, 2048, 2049, 2048, 2048]",300.0
1217,9149,18,35,2023-08-27T13:53:40.623000+00:00,45.219,26.432,22.94,283.0,264.0,True,94.591,"[2064, 2064, 2064, 2048, 2048, 2048, 2048, 2048]","[2048, 2049, 2049, 2049, 2049, 2049, 2051, 2048]","[2049, 2051, 2049, 2049, 2048, 2048, 0]",
1217,9149,1,36,2023-08-27T13:54:16.435000+00:00,25.855,26.727,22.639,284.0,262.0,False,75.221,"[None, 2048, 2048, 2048, 2048, 2048, 2048, 2048]","[2048, 2049, 2049, 2048, 2048, 2048, 2048, 2048]","[2048, 2048, 2048, 2051, 2049, 2048, 2048]",300.0
1217,9149,11,36,2023-08-27T13:54:21.247000+00:00,25.848,27.051,22.883,,263.0,False,75.782,"[2049, 2049, 2048, 2048, 2048, 2048, 2048, 2048]","[2048, 2048, 2048, 2048, 2048, 2048, 2048, 2048]","[2048, 2048, 2048, 2048, 2048, 2048, 2048]",298.0
1217,9149,14,36,2023-08-27T13:54:25.310000+00:00,25.752,27.021,22.802,,265.0,False,75.575,"[None, 2048, 2049, 2051, 2048, 2048, 2048, 2048]","[2048, 2048, 2049, 2048, 2048, 2048, 2048, 2048]","[2048, 2049, 2048, 2048, 2048, 2048, 2048]",301.0
1217,9149,10,36,2023-08-27T13:54:27.310000+00:00,26.129,26.894,22.812,,265.0,False,75.835,"[None, 2049, 2048, 2048, 2048, 2048, 2048, 2048]","[2048, 2048, 2048, 2048, 2048, 2048, 2048, 2048]","[2048, 2048, 2048, 2049, 2048, 2048, 2048]",300.0
1217,9149,55,36,2023-08-27T13:54:29.294000+00:00,26.032,27.246,22.839,288.0,267.0,False,76.117,"[None, 2048, 2048, 2048, 2048, 2048, 2048, 2048]","[2048, 2049, 2048, 2048, 2048, 2048, 2048, 2048]","[2049, 2048, 2048, 2048, 2048, 2048, 2048]",305.0
1217,9149,23,36,2023-08-27T13:54:33.481000+00:00,25.972,27.332,22.948,284.0,264.0,False,76.252,"[None, 2048, 2048, 2048, 2049, 2049, 2049, 2048]","[2048, 2048, 2048, 2048, 2048, 2048, 2048, 2048]","[2048, 2048, 2048, 2048, 2048, 2048, 2048]",
1217,9149,31,36,2023-08-27T13:54:36.231000+00:00,26.142,27.107,23.087,283.0,265.0,False,76.336,"[None, 2048, 2048, 2048, 2048, 2048, 2049, 2048]","[2048, 2049, 2048, 2049, 2048, 2048, 2048, 2048]","[2048, 2048, 2049, 2048, 2048, 2048, 2048]",
1217,9149,22,36,2023-08-27T13:54:40.184000+00:00,26.515,27.278,22.851,280.0,260.0,False,76.644,"[None, 2048, 2048, 2048, 2049, 2048, 2048, 2048]","[2048, 2048, 2048, 2048, 2048, 2048, 2048, 2048]","[2048, 2048, 2048, 2049, 2048, 2048, 2048]",
1217,9149,4,36,2023-08-27T13:54:40.466000+00:00,26.702,27.334,22.57,273.0,274.0,False,76.606,"[None, 2048, 2048, 2048, 2048, 2048, 2048, 2048]","[2048, 2048, 2048, 2048, 2048, 2048, 2048, 2048]","[2048, 2048, 2048, 2048, 2048, 2048, 2048]",319.0
1217,9149,44,36,2023-08-27T13:54:41.278000+00:00,26.244,27.464,22.789,286.0,275.0,False,76.497,"[None, 2048, 2048, 2048, 2048, 2048, 2048, 2048]","[2048, 2048, 2048, 2048, 2048, 2048, 2048, 2048]","[2048, 2048, 2048, 2048, 2048, 2048, 2048]",
1217,9149,81,36,2023-08-27T13:54:43.919000+00:00,26.004,27.252,23.177,285.0,268.0,False,76.433,"[None, 2048, 2048, 2048, 2048, 2049, 2049, 2048]","[2048, 2048, 2048, 2048, 2048, 2048, 2048, 2048]","[2048, 2048, 2048, 2048, 2048, 2048]",304.0
1217,9149,24,36,2023-08-27T13:54:45.309000+00:00,26.318,27.353,23.131,283.0,265.0,False,76.802,"[2048, 2048, 2048, 2048, 2048, 2049, 2049, 2048]","[2048, 2048, 2048, 2048, 2048, 2048, 2048, 2048]","[2048, 2048, 2049, 2049, 2048, 2048]",299.0
1217,9149,27,36,2023-08-27T13:54:49.465000+00:00,26.308,27.259,23.057,,262.0,False,76.624,"[None, 2048, 2048, 2049, 2048, 2048, 2048, 2048]","[2048, 2049, 2048, 2048, 2049, 2048, 2048, 2048]","[2049, 2048, 2048, 2049, 2048, 2048]",299.0
1217,9149,20,36,2023-08-27T13:54:50.356000+00:00,46.449,27.111,23.009,282.0,263.0,True,96.569,"[2064, 2064, 2064, 2048, 2048, 2048, 2048, 2048]","[2048, 2048, 2048, 2048, 2049, 2049, 2049, 2048]","[2048, 2049, 2049, 2048, 2048, 2048, 2048]",
1217,9149,63,36,2023-08-27T13:54:53.418000+00:00,26.256,26.81,23.018,281.0,263.0,False,76.084,"[None, 2048, 2048, 2048, 2049, 2048, 2049, 2048]","[2048, 2048, 2048, 2049, 2049, 2048, 2048, 2048]","[2048, 2049, 2048, 2048, 2048, 2048]",297.0
1217,9149,16,36,2023-08-27T13:54:53.575000+00:00,26.793,27.967,23.176,290.0,269.0,False,77.936,"[2049, 2048, 2048, 2048, 2048, 2048, 2048, 2048]","[2048, 2048, 2048, 2048, 2048, 2048, 2048, 2048]","[2048, 2048, 2048, 2048, 2048, 2048]",316.0
1217,9149,77,36,2023-08-27T13:54:54.543000+00:00,26.973,27.383,23.39,285.0,275.0,False,77.746,"[None, 2048, 2048, 2048, 2048, 2048, 2048, 2048]","[2048, 2048, 2048, 2048, 2048, 2048, 2048, 2048]","[2048, 2048, 2048, 2048, 2048, 2048]",308.0
1217,9149,40,36,2023-08-27T13:54:55.700000+00:00,26.765,27.295,23.168,285.0,274.0,False,77.228,"[None, 2049, 2048, 2048, 2049, 2048, 2048, 2048]","[2048, 2048, 2049, 2048, 2048, 2048, 2048, 2048]","[2048, 2048, 2048, 2048, 2048, 2048]",304.0
1217,9149,18,36,2023-08-27T13:55:15.309000+00:00,25.992,26.572,22.951,284.0,266.0,False,75.515,"[2048, 2048, 2049, 2049, 2049, 2049, 2048, 2048]","[2048, 2048, 2048, 2049, 2049, 2048, 2048, 2048]","[2048, 2048, 2049, 2049, 2048, 2048, 2048]",297.0
1217,9149,1,37,2023-08-27T13:55:31.668000+00:00,25.712,26.693,22.762,283.0,261.0,False,75.167,"[None, 2048, 2048, 2048, 2049, 2048, 2048, 2048]","[2048, 2049, 2049, 2048, 2048, 2048, 2048, 2048]","[2048, 2048, 2048, 2048, 2048, 2049, 2048]",
1217,9149,11,37,2023-08-27T13:55:37.027000+00:00,25.854,26.883,22.872,,262.0,False,75.609,"[2048, 2049, 2048, 2048, 2048, 2048, 2049, 2049]","[2048, 2048, 2048, 2048, 2048, 2048, 2048, 2048]","[2048, 2048, 2048, 2048, 2048, 2048]",301.0
1217,9149,14,37,2023-08-27T13:55:40.871000+00:00,25.817,27.068,22.789,287.0,264.0,False,75.674,"[None, 2048, 2048, 2048, 2048, 2048, 2048, 2048]","[2048, 2048, 2048, 2048, 2048, 2048, 2048, 2048]","[2048, 2048, 2048, 2048, 2048, 2048, 2048]",297.0
1217,9149,10,37,2023-08-27T13:55:43.214000+00:00,26.081,26.916,22.865,286.0,264.0,False,75.862,"[None, 2048, 2048, 2048, 2049, 2048, 2048, 2048]","[2048, 2048, 2048, 2048, 2048, 2048, 2048, 2048]","[2048, 2048, 2048, 2049, 2048, 2048, 2048]",299.0
1217,9149,55,37,2023-08-27T13:55:45.433000+00:00,25.948,27.148,22.877,290.0,267.0,False,75.973,"[None, 2048, 2048, 2048, 2049, 2048, 2049, 2048]","[2048, 2049, 2048, 2048, 2048, 2048, 2048, 2048]","[2048, 2048, 2048, 2048, 2048, 2048, 2048]",304.0
1217,9149,23,37,2023-08-27T13:55:49.730000+00:00,25.979,27.292,22.896,286.0,263.0,False,76.167,"[None, 2048, 2048, 2048, 2049, 2048, 2048, 2048]","[2048, 2048, 2048, 2048, 2048, 2048, 2048, 2048]","[2048, 2048, 2048, 2048, 2048, 2048, 2048]",299.0
1217,9149,31,37,2023-08-27T13:55:52.667000+00:00,26.022,27.082,23.012,284.0,265.0,False,76.116,"[None, 2048, 2048, 2048, 2049, 2049, 2048, 2048]","[2048, 2048, 2048, 2048, 2048, 2048, 2048, 2048]","[2049, 2048, 2048, 2048, 2048, 2048, 2048]",
1217,9149,22,37,2023-08-27T13:55:56.808000+00:00,26.432,27.086,22.84,281.0,259.0,False,76.358,"[None, 2048, 2048, 2048, 2049, 2048, 2048, 2048]","[2048, 2048, 2048, 2048, 2048, 2048, 2048, 2048]","[2048, 2048, 2049, 2048, 2048, 2048, 2048]",
1217,9149,4,37,2023-08-27T13:55:57.027000+00:00,26.577,27.299,22.597,288.0,275.0,False,76.473,"[None, 2048, 2048, 2048, 2048, 2048, 2048, 2048]","[2048, 2048, 2048, 2048, 2048, 2048, 2048, 2048]","[2048, 2048, 2048, 2048, 2048, 2048, 2048]",318.0
1217,9149,44,37,2023-08-27T13:55:57.777000+00:00,26.271,27.593,22.664,279.0,277.0,False,76.528,"[None, 2048, 2048, 2048, 2048, 2048, 2048, 2048]","[2048, 2048, 2048, 2048, 2048, 2048, 2048, 2048]","[2048, 2048, 2048, 2048, 2048, 2048, 2048]",308.0
1217,9149,81,37,2023-08-27T13:56:00.402000+00:00,26.015,27.044,22.977,286.0,267.0,False,76.036,"[None, 2048, 2048, 2048, 2048, 2049, 2048, 2048]","[2048, 2048, 2048, 2048, 2048, 2048, 2048, 2048]","[2049, 2049, 2048, 2049, 2048, 2048, 2048]",
1217,9149,24,37,2023-08-27T13:56:02.089000+00:00,26.367,26.988,26.453,284.0,264.0,False,79.808,"[None, 2048, 2048, 2048, 2048, 2048, 2048, 2048]","[2048, 2048, 2049, 2049, 2048, 2048, 2048, 2048]","[2049, 2049, 2049, 2049, 2048, 2048, 2064]",297.0
1217,9149,27,37,2023-08-27T13:56:06.198000+00:00,26.271,27.257,23.021,,263.0,False,76.549,"[None, 2048, 2048, 2048, 2048, 2048, 2048, 2048]","[2048, 2049, 2048, 2048, 2048, 2048, 2048, 2048]","[2049, 2048, 2048, 2048, 2048, 2048, 2048]",
1217,9149,63,37,2023-08-27T13:56:09.480000+00:00,26.167,26.823,23.063,,263.0,False,76.053,"[None, 2048, 2048, 2049, 2048, 2049, 2049, 2048]","[2048, 2048, 2048, 2048, 2048, 2048, 2049, 2048]","[2048, 2048, 2048, 2048, 2048, 2048, 2048]",299.0
1217,9149,16,37,2023-08-27T13:56:11.417000+00:00,26.582,27.753,23.119,289.0,267.0,False,77.454,"[2048, 2048, 2048, 2048, 2048, 2048, 2048, 2048]","[2048, 2048, 2048, 2048, 2049, 2048, 2048, 2048]","[2048, 2048, 2048, 2048, 2048, 2048]",302.0
1217,9149,77,37,2023-08-27T13:56:12.183000+00:00,26.666,27.292,22.93,,274.0,False,76.888,"[None, 2048, 2048, 2048, 2048, 2049, 2048, 2048]","[2048, 2048, 2048, 2048, 2048, 2048, 2048, 2048]","[2048, 2048, 2048, 2048, 2049, 2048, 2048]",314.0
1217,9149,40,37,2023-08-27T13:56:12.823000+00:00,26.708,27.478,23.187,,273.0,False,77.373,"[None, 2048, 2048, 2048, 2048, 2048, 2048, 2048]","[2048, 2048, 2048, 2048, 2048, 2048, 2048, 2049]","[2048, 2048, 2048, 2048, 2048, 2048, 2048]",310.0
1217,9149,20,37,2023-08-27T13:56:26.870000+00:00,26.171,26.489,22.829,,263.0,False,75.489,"[2048, 2048, 2049, 2048, 2049, 2048, 2048, 2048]","[2048, 2049, 2049, 2049, 2049, 2048, 2049, 2048]","[2048, 2049, 2049, 2048, 2048, 2048, 2048]",297.0
1217,9149,18,37,2023-08-27T13:56:30.682000+00:00,25.947,26.502,22.722,285.0,266.0,False,75.171,"[None, 2048, 2049, 2049, 2049, 2048, 2048, 2048]","[2048, 2048, 2048, 2048, 2048, 2048, 2048, 2048]","[2048, 2048, 2051, 2049, 2048, 2048, 2048]",286.0
1217,9149,1,38,2023-08-27T13:56:46.823000+00:00,25.733,26.749,22.589,,263.0,False,75.071,"[None, 2048, 2048, 2048, 2048, 2048, 2048, 2048]","[2048, 2048, 2048, 2051, 2048, 2048, 2048, 2048]","[2048, 2049, 2048, 2048, 2048, 2048, 2048]",293.0
1217,9149,11,38,2023-08-27T13:56:52.635000+00:00,25.865,26.705,22.87,,263.0,False,75.44,"[None, 2048, 2048, 2048, 2048, 2048, 2048, 2048]","[2048, 2048, 2048, 2048, 2048, 2048, 2049, 2048]","[2048, 2048, 2049, 2048, 2048, 2048, 2048]",295.0
1217,9149,14,38,2023-08-27T13:56:56.526000+00:00,25.892,27.137,22.807,285.0,266.0,False,75.836,"[None, 2048, 2048, 2048, 2048, 2048, 2048, 2048]","[2048, 2048, 2048, 2048, 2048, 2048, 2048, 2048]","[2048, 2048, 2048, 2048, 2048, 2048, 2048]",300.0
1217,9149,10,38,2023-08-27T13:56:59.057000+00:00,25.918,26.845,22.863,285.0,266.0,False,75.626,"[None, 2048, 2048, 2048, 2049, 2049, 2049, 2048]","[2048, 2048, 2048, 2048, 2048, 2048, 2048, 2048]","[2049, 2049, 2048, 2048, 2048, 2048, 2048]",
1217,9149,55,38,2023-08-27T13:57:01.432000+00:00,25.962,27.314,22.685,289.0,269.0,False,75.961,"[None, 2048, 2048, 2048, 2048, 2048, 2048, 2048]","[2048, 2048, 2048, 2048, 2048, 2048, 2048, 2048]","[2048, 2048, 2048, 2049, 2048, 2048]",305.0
1217,9149,23,38,2023-08-27T13:57:05.916000+00:00,25.94,27.411,22.845,285.0,265.0,False,76.196,"[None, 2048, 2048, 2049, 2048, 2048, 2048, 2048]","[2048, 2048, 2048, 2048, 2048, 2048, 2048, 2048]","[2048, 2048, 2048, 2048, 2048, 2048, 2048]",300.0
1217,9149,31,38,2023-08-27T13:57:08.697000+00:00,26.062,27.088,23.067,,266.0,False,76.217,"[None, 2048, 2048, 2048, 2048, 2048, 2049, 2048]","[2048, 2049, 2048, 2048, 2048, 2048, 2048, 2048]","[2048, 2048, 2048, 2049, 2048, 2048, 2048]",
1217,9149,22,38,2023-08-27T13:57:13.166000+00:00,26.421,27.04,22.958,280.0,262.0,False,76.419,"[None, 2048, 2048, 2048, 2049, 2048, 2049, 2048]","[2048, 2048, 2048, 2048, 2048, 2048, 2048, 2048]","[2048, 2048, 2048, 2048, 2048, 2048, 2048]",297.0
1217,9149,4,38,2023-08-27T13:57:13.541000+00:00,26.385,27.484,22.574,281.0,276.0,False,76.443,"[None, 2048, 2048, 2048, 2048, 2048, 2051, 2048]","[2048, 2048, 2048, 2048, 2048, 2048, 2048, 2048]","[2048, 2048, 2048, 2048, 2048, 2048, 2048]",294.0
1217,9149,44,38,2023-08-27T13:57:14.322000+00:00,26.205,27.397,22.79,286.0,279.0,False,76.392,"[None, 2048, 2048, 2048, 2048, 2048, 2048, 2048]","[2048, 2048, 2048, 2048, 2048, 2048, 2048, 2048]","[2048, 2048, 2048, 2049, 2048, 2048, 2048]",299.0
1217,9149,81,38,2023-08-27T13:57:16.385000+00:00,25.925,27.315,22.983,285.0,268.0,False,76.223,"[None, 2048, 2048, 2048, 2048, 2048, 2049, 2048]","[2048, 2048, 2048, 2048, 2048, 2048, 2048, 2048]","[2048, 2048, 2048, 2049, 2048, 2048, 2048]",305.0
1217,9149,24,38,2023-08-27T13:57:22.197000+00:00,46.126,26.452,23.07,280.0,263.0,True,95.648,"[2064, 2064, 2064, 2048, 2048, 2048, 2048, 2048]","[2048, 2048, 2048, 2049, 2051, 2049, 2049, 2048]","[2048, 2049, 2049, 2048, 2048, 2048, 2048]",
1217,9149,27,38,2023-08-27T13:57:22.760000+00:00,26.142,27.291,23.122,283.0,263.0,False,76.555,"[None, 2048, 2048, 2048, 2049, 2048, 2049, 2048]","[2048, 2049, 2048, 2048, 2048, 2049, 2048, 2048]","[2048, 2048, 2048, 2048, 2048, 2048]",
1217,9149,63,38,2023-08-27T13:57:25.431000+00:00,26.111,26.782,23.022,,265.0,False,75.915,"[None, 2049, 2048, 2049, 2048, 2049, 2049, 2048]","[2048, 2049, 2048, 2048, 2048, 2048, 2048, 2048]","[2049, 2048, 2048, 2048, 2048, 2048]",298.0
1217,9149,16,38,2023-08-27T13:57:28.963000+00:00,26.886,28.166,23.421,291.0,269.0,False,78.473,"[None, 2048, 2048, 2048, 2048, 2048, 2048, 2048]","[2048, 2048, 2048, 2048, 2048, 2048, 2048, 2048]","[2048, 2048, 2048, 2048, 2048, 2048]",306.0
1217,9149,77,38,2023-08-27T13:57:29.291000+00:00,26.269,27.123,23.185,281.0,262.0,False,76.577,"[None, 2048, 2048, 2049, 2048, 2048, 2048, 2048]","[2048, 2048, 2048, 2049, 2049, 2048, 2048, 2048]","[2048, 2048, 2049, 2049, 2048, 2048]",309.0
1217,9149,40,38,2023-08-27T13:57:30.275000+00:00,26.755,27.377,23.397,284.0,274.0,False,77.529,"[None, 2048, 2048, 2048, 2048, 2048, 2048, 2048]","[2048, 2049, 2049, 2048, 2048, 2048, 2048, 2048]","[2048, 2048, 2048, 2048, 2048, 2048]",302.0
1217,9149,20,38,2023-08-27T13:57:42.384000+00:00,26.253,27.418,22.863,284.0,265.0,False,76.534,"[None, 2048, 2048, 2048, 2048, 2048, 2048, 2048]","[2048, 2048, 2048, 2048, 2048, 2048, 2048, 2048]","[2048, 2048, 2048, 2048, 2048, 2048, 2048]",298.0
1217,9149,18,38,2023-08-27T13:57:45.869000+00:00,25.901,26.795,22.909,,267.0,False,75.605,"[None, 2049, 2048, 2048, 2048, 2048, 2048, 2048]","[2048, 2048, 2048, 2048, 2048, 2048, 2048, 2048]","[2048, 2048, 2048, 2048, 2048, 2048, 2048]",299.0
1217,9149,1,39,2023-08-27T13:58:01.899000+00:00,25.742,26.69,22.761,284.0,262.0,False,75.193,"[None, 2048, 2048, 2048, 2048, 2048, 2049, 2049]","[2048, 2048, 2048, 2048, 2048, 2048, 2048, 2048]","[2048, 2048, 2048, 2048, 2048, 2048, 2048]",297.0
1217,9149,11,39,2023-08-27T13:58:08.118000+00:00,25.774,26.855,22.832,,262.0,False,75.461,"[None, 2048, 2048, 2049, 2049, 2048, 2049, 2048]","[2048, 2048, 2048, 2048, 2048, 2048, 2048, 2048]","[2048, 2048, 2048, 2048, 2048, 2048, 2048]",294.0
1217,9149,14,39,2023-08-27T13:58:12.384000+00:00,25.722,27.107,22.783,,265.0,False,75.612,"[None, 2049, 2049, 2048, 2048, 2048, 2048, 2048]","[2048, 2048, 2048, 2048, 2048, 2048, 2048, 2048]","[2048, 2049, 2048, 2048, 2048, 2048, 2048]",301.0
1217,9149,10,39,2023-08-27T13:58:14.634000+00:00,25.943,26.87,22.827,,264.0,False,75.64,"[None, 2049, 2048, 2048, 2048, 2048, 2048, 2048]","[2048, 2048, 2048, 2048, 2048, 2048, 2048, 2048]","[2048, 2049, 2048, 2049, 2048, 2048]",300.0
1217,9149,55,39,2023-08-27T13:58:17.337000+00:00,25.935,27.318,22.823,,266.0,False,76.076,"[None, 2048, 2048, 2048, 2049, 2048, 2048, 2048]","[2048, 2049, 2048, 2049, 2048, 2048, 2048, 2048]","[2048, 2048, 2048, 2048, 2048, 2048, 2048]",304.0
1217,9149,23,39,2023-08-27T13:58:22.149000+00:00,25.985,27.349,22.885,,263.0,False,76.219,"[None, 2048, 2048, 2048, 2048, 2048, 2048, 2048]","[2048, 2048, 2048, 2048, 2048, 2048, 2048, 2048]","[2048, 2048, 2048, 2048, 2048, 2048]",299.0
1217,9149,31,39,2023-08-27T13:58:24.946000+00:00,26.187,27.432,23.249,,261.0,False,76.868,"[None, 2048, 2048, 2048, 2048, 2048, 2048, 2048]","[2048, 2048, 2048, 2048, 2048, 2048, 2048, 2048]","[2048, 2048, 2048, 2048, 2048, 2048, 2048]",
1217,9149,22,39,2023-08-27T13:58:29.571000+00:00,26.445,27.09,22.994,281.0,259.0,False,76.529,"[None, 2048, 2048, 2048, 2049, 2048, 2048, 2048]","[2048, 2048, 2048, 2048, 2048, 2048, 2048, 2048]","[2048, 2048, 2048, 2048, 2048, 2048, 2048]",295.0
1217,9149,4,39,2023-08-27T13:58:29.961000+00:00,26.495,27.434,22.704,,273.0,False,76.633,"[None, 2048, 2048, 2048, 2049, 2048, 2048, 2048]","[2048, 2048, 2048, 2048, 2048, 2048, 2048, 2048]","[2048, 2048, 2048, 2048, 2048, 2048, 2048]",278.0
1217,9149,44,39,2023-08-27T13:58:30.696000+00:00,26.281,27.408,22.83,287.0,277.0,False,76.519,"[None, 2048, 2048, 2048, 2048, 2048, 2048, 2048]","[2048, 2048, 2048, 2048, 2048, 2048, 2048, 2048]","[2048, 2048, 2048, 2049, 2048, 2048, 2048]",301.0
1217,9149,81,39,2023-08-27T13:58:32.633000+00:00,26.101,27.325,23.068,286.0,264.0,False,76.494,"[None, 2048, 2048, 2048, 2048, 2048, 2048, 2048]","[2048, 2048, 2048, 2048, 2048, 2048, 2048, 2048]","[2048, 2048, 2048, 2048, 2048, 2048, 2048]",304.0
1217,9149,27,39,2023-08-27T13:58:39.227000+00:00,26.208,27.347,23.285,,261.0,False,76.84,"[None, 2048, 2048, 2048, 2049, 2048, 2048, 2048]","[2048, 2048, 2048, 2048, 2048, 2048, 2048, 2048]","[2048, 2048, 2048, 2048, 2048, 2048, 2048]",296.0
1217,9149,63,39,2023-08-27T13:58:41.180000+00:00,26.205,26.976,23.174,282.0,262.0,False,76.355,"[None, 2048, 2048, 2049, 2048, 2048, 2048, 2048]","[2048, 2048, 2048, 2048, 2048, 2048, 2048, 2048]","[2048, 2048, 2048, 2048, 2048, 2048]",299.0
1217,9149,77,39,2023-08-27T13:58:45.649000+00:00,26.238,27.099,23.119,279.0,258.0,False,76.456,"[None, 2048, 2049, 2048, 2049, 2049, 2049, 2048]","[2048, 2048, 2048, 2049, 2048, 2048, 2048, 2048]","[2048, 2049, 2049, 2049, 2048, 2048, 2048]",286.0
1217,9149,16,39,2023-08-27T13:58:47.367000+00:00,26.763,27.87,23.241,290.0,267.0,False,77.874,"[None, 2048, 2048, 2048, 2048, 2048, 2048, 2048]","[2048, 2048, 2048, 2048, 2048, 2048, 2048, 2048]","[2048, 2048, 2048, 2048, 2048, 2048, 2048]",301.0
1217,9149,40,39,2023-08-27T13:58:47.711000+00:00,26.878,27.621,23.377,286.0,273.0,False,77.876,"[None, 2048, 2048, 2048, 2048, 2048, 2048, 2048]","[2048, 2048, 2048, 2048, 2048, 2048, 2048, 2048]","[2048, 2048, 2048, 2048, 2048, 2048]",312.0
1217,9149,24,39,2023-08-27T13:58:57.555000+00:00,25.998,26.416,23.003,281.0,260.0,False,75.417,"[2048, 2048, 2049, 2049, 2049, 2049, 2049, 2048]","[2048, 2048, 2048, 2049, 2048, 2048, 2048, 2048]","[2048, 2048, 2048, 2049, 2048, 2048, 2048]",290.0
1217,9149,20,39,2023-08-27T13:58:58.852000+00:00,26.115,27.196,23.03,,263.0,False,76.341,"[None, 2048, 2048, 2048, 2049, 2049, 2049, 2048]","[2048, 2048, 2048, 2048, 2048, 2048, 2048, 2048]","[2048, 2048, 2048, 2048, 2048, 2048, 2048]",
1217,9149,18,39,2023-08-27T13:59:01.492000+00:00,25.893,26.612,22.904,287.0,266.0,False,75.409,"[None, 2048, 2048, 2049, 2048, 2048, 2049, 2048]","[2048, 2049, 2049, 2048, 2048, 2048, 2048, 2048]","[2048, 2048, 2048, 2048, 2048, 2048]",295.0
1217,9149,1,40,2023-08-27T13:59:17.086000+00:00,25.77,26.752,22.61,285.0,262.0,False,75.132,"[None, 2048, 2048, 2048, 2048, 2048, 2049, 2049]","[2048, 2049, 2048, 2048, 2048, 2048, 2048, 2048]","[2048, 2048, 2049, 2048, 2048, 2049]",298.0
1217,9149,11,40,2023-08-27T13:59:23.554000+00:00,25.858,26.949,22.869,,262.0,False,75.676,"[None, 2048, 2048, 2048, 2048, 2048, 2048, 2049]","[2049, 2048, 2051, 2048, 2048, 2048, 2048, 2048]","[2048, 2048, 2048, 2048, 2048, 2048, 2048]",
1217,9149,14,40,2023-08-27T13:59:27.976000+00:00,25.739,27.11,22.728,286.0,265.0,False,75.577,"[None, 2048, 2048, 2048, 2048, 2048, 2049, 2049]","[2048, 2048, 2048, 2048, 2048, 2048, 2048, 2048]","[2048, 2048, 2048, 2048, 2048, 2048, 2048]",302.0
1217,9149,10,40,2023-08-27T13:59:30.507000+00:00,26.002,26.865,22.787,286.0,265.0,False,75.654,"[None, 2048, 2048, 2048, 2048, 2048, 2049, 2048]","[2048, 2048, 2049, 2049, 2048, 2048, 2048, 2048]","[2049, 2048, 2048, 2049, 2048, 2048, 2048]",299.0
1217,9149,55,40,2023-08-27T13:59:33.460000+00:00,26.001,27.48,22.826,,267.0,False,76.307,"[None, 2048, 2048, 2048, 2048, 2048, 2048, 2048]","[2048, 2048, 2048, 2048, 2048, 2048, 2048, 2048]","[2048, 2048, 2049, 2048, 2048, 2048, 2048]",
1217,9149,23,40,2023-08-27T13:59:38.320000+00:00,25.953,27.384,22.87,286.0,263.0,False,76.207,"[None, 2048, 2048, 2049, 2048, 2048, 2049, 2048]","[2048, 2048, 2048, 2048, 2048, 2048, 2048, 2048]","[2048, 2048, 2048, 2048, 2048, 2048, 2048]",
1217,9149,31,40,2023-08-27T13:59:41.741000+00:00,26.229,27.147,23.15,283.0,263.0,False,76.526,"[None, 2048, 2048, 2048, 2048, 2048, 2048, 2048]","[2048, 2049, 2048, 2048, 2048, 2048, 2048, 2048]","[2048, 2048, 2048, 2048, 2048, 2048]",294.0
1217,9149,22,40,2023-08-27T13:59:46.116000+00:00,26.494,27.145,22.831,282.0,261.0,False,76.47,"[None, 2048, 2048, 2048, 2048, 2048, 2048, 2048]","[2048, 2048, 2048, 2048, 2048, 2048, 2048, 2048]","[2048, 2048, 2048, 2048, 2048, 2048]",290.0
1217,9149,4,40,2023-08-27T13:59:46.601000+00:00,26.406,27.425,22.516,288.0,276.0,False,76.347,"[None, 2048, 2048, 2048, 2048, 2048, 2048, 2048]","[2048, 2048, 2048, 2048, 2048, 2048, 2048, 2048]","[2049, 2048, 2048, 2048, 2048, 2048, 2048]",287.0
1217,9149,44,40,2023-08-27T13:59:47.226000+00:00,26.39,27.288,22.855,,278.0,False,76.533,"[None, 2048, 2048, 2048, 2048, 2048, 2048, 2048]","[2048, 2048, 2048, 2048, 2048, 2048, 2048, 2048]","[2048, 2048, 2048, 2049, 2048, 2048]",295.0
1217,9149,81,40,2023-08-27T13:59:49.116000+00:00,25.99,27.308,22.887,288.0,268.0,False,76.185,"[None, 2048, 2048, 2048, 2048, 2048, 2049, 2048]","[2048, 2048, 2048, 2048, 2048, 2048, 2048, 2048]","[2049, 2048, 2048, 2049, 2048, 2048, 2048]",305.0
1217,9149,27,40,2023-08-27T13:59:56.179000+00:00,26.183,27.378,23.068,282.0,260.0,False,76.629,"[None, 2048, 2048, 2048, 2048, 2049, 2049, 2048]","[2048, 2048, 2048, 2048, 2048, 2049, 2048, 2048]","[2048, 2048, 2048, 2049, 2048, 2048, 2048]",294.0
1217,9149,63,40,2023-08-27T13:59:57.632000+00:00,26.039,26.736,22.787,283.0,264.0,False,75.562,"[None, 2048, 2048, 2049, 2048, 2049, 2049, 2048]","[2048, 2049, 2049, 2048, 2048, 2048, 2048, 2048]","[2048, 2048, 2048, 2048, 2049, 2048, 2048]",300.0
1217,9149,77,40,2023-08-27T14:00:02.194000+00:00,26.288,27.116,23.108,,260.0,False,76.512,"[None, 2048, 2049, 2048, 2048, 2049, 2048, 2048]","[2048, 2049, 2048, 2048, 2048, 2048, 2048, 2048]","[2048, 2049, 2048, 2048, 2048, 2048]",
1217,9149,16,40,2023-08-27T14:00:05.335000+00:00,26.459,27.833,23.804,289.0,269.0,False,78.096,"[None, 2048, 2048, 2048, 2048, 2048, 2048, 2048]","[2048, 2048, 2048, 2048, 2048, 2048, 2048, 2048]","[2048, 2048, 2048, 2048, 2048, 2048, 2048]",305.0
1217,9149,40,40,2023-08-27T14:00:05.975000+00:00,26.685,27.316,23.691,284.0,278.0,False,77.692,"[None, 2048, 2048, 2048, 2048, 2048, 2049, 2048]","[2048, 2049, 2049, 2049, 2048, 2048, 2048, 2048]","[2048, 2048, 2048, 2048, 2048, 2048]",305.0
1217,9149,24,40,2023-08-27T14:00:12.991000+00:00,26.361,26.75,23.016,277.0,262.0,False,76.127,"[None, 2048, 2048, 2048, 2048, 2048, 2048, 2048]","[2048, 2048, 2048, 2048, 2048, 2049, 2048, 2049]","[2048, 2048, 2048, 2048, 2048, 2048, 2048]",287.0
1217,9149,20,40,2023-08-27T14:00:15.350000+00:00,26.123,27.257,23.078,,265.0,False,76.458,"[None, 2048, 2048, 2048, 2048, 2048, 2048, 2048]","[2048, 2048, 2048, 2048, 2048, 2048, 2048, 2048]","[2048, 2048, 2048, 2048, 2048, 2048, 2048]",
1217,9149,18,40,2023-08-27T14:00:16.850000+00:00,26.084,26.77,22.522,286.0,268.0,False,75.376,"[None, 2048, 2048, 2048, 2048, 2048, 2048, 2048]","[2048, 2049, 2048, 2048, 2048, 2048, 2048, 2048]","[2049, 2048, 2048, 2048, 2049, 2048, 2048]",297.0
1217,9149,1,41,2023-08-27T14:00:32.241000+00:00,25.825,26.774,22.707,,263.0,False,75.306,"[None, 2048, 2048, 2048, 2048, 2048, 2048, 2048]","[2049, 2048, 2048, 2048, 2048, 2048, 2048, 2048]","[2048, 2048, 2048, 2048, 2048, 2049, 2048]",293.0
1217,9149,11,41,2023-08-27T14:00:39.256000+00:00,25.814,26.9,22.832,286.0,263.0,False,75.546,"[None, 2048, 2048, 2048, 2048, 2048, 2049, 2049]","[2049, 2051, 2048, 2048, 2048, 2048, 2048, 2048]","[2048, 2048, 2048, 2048, 2048, 2049, 2048]",296.0
1217,9149,14,41,2023-08-27T14:00:43.553000+00:00,25.764,27.243,22.736,287.0,264.0,False,75.743,"[None, 2049, 2048, 2048, 2048, 2048, 2048, 2049]","[2048, 2048, 2048, 2048, 2048, 2048, 2048, 2048]","[2048, 2048, 2048, 2049, 2048, 2048]",303.0
1217,9149,10,41,2023-08-27T14:00:45.928000+00:00,26.003,26.825,22.934,,265.0,False,75.762,"[None, 2049, 2048, 2048, 2048, 2048, 2048, 2048]","[2048, 2048, 2048, 2049, 2048, 2048, 2048, 2048]","[2048, 2048, 2048, 2048, 2048, 2048, 2048]",300.0
1217,9149,55,41,2023-08-27T14:00:49.803000+00:00,26.017,27.475,26.019,290.0,267.0,False,79.511,"[None, 2048, 2048, 2048, 2048, 2048, 2048, 2048]","[2048, 2048, 2048, 2048, 2048, 2048, 2048, 2048]","[2048, 2048, 2048, 2048, 2048, 2048, 2064]",
1217,9149,23,41,2023-08-27T14:00:54.646000+00:00,26.051,27.448,22.985,284.0,264.0,False,76.484,"[None, 2048, 2048, 2048, 2048, 2048, 2048, 2048]","[2048, 2048, 2048, 2048, 2048, 2048, 2048, 2048]","[2048, 2048, 2048, 2048, 2048, 2048]",301.0
1217,9149,31,41,2023-08-27T14:00:58.287000+00:00,26.186,27.234,23.251,282.0,263.0,False,76.671,"[None, 2048, 2048, 2048, 2048, 2048, 2048, 2048]","[2048, 2048, 2048, 2048, 2048, 2048, 2048, 2048]","[2048, 2048, 2048, 2048, 2048, 2048, 2048]",296.0
1217,9149,22,41,2023-08-27T14:01:02.568000+00:00,26.407,27.164,22.869,281.0,261.0,False,76.44,"[None, 2048, 2048, 2048, 2048, 2048, 2049, 2048]","[2048, 2048, 2048, 2048, 2048, 2048, 2048, 2048]","[2048, 2048, 2048, 2048, 2048, 2048, 2048]",297.0
1217,9149,4,41,2023-08-27T14:01:02.943000+00:00,26.377,27.503,22.682,280.0,276.0,False,76.562,"[None, 2048, 2048, 2048, 2048, 2048, 2048, 2048]","[2048, 2048, 2048, 2048, 2048, 2048, 2048, 2048]","[2048, 2048, 2048, 2048, 2048, 2048, 2048]",304.0
1217,9149,44,41,2023-08-27T14:01:03.990000+00:00,26.257,27.425,22.757,286.0,279.0,False,76.439,"[None, 2048, 2048, 2048, 2048, 2048, 2048, 2048]","[2048, 2048, 2048, 2048, 2048, 2048, 2048, 2048]","[2048, 2048, 2048, 2048, 2048, 2048, 2048]",299.0
1217,9149,81,41,2023-08-27T14:01:05.302000+00:00,26.057,27.68,23.038,287.0,268.0,False,76.775,"[None, 2048, 2048, 2048, 2048, 2048, 2048, 2048]","[2048, 2048, 2048, 2048, 2048, 2048, 2048, 2048]","[2048, 2048, 2048, 2048, 2048, 2048]",307.0
1217,9149,27,41,2023-08-27T14:01:12.927000+00:00,26.222,27.419,23.489,283.0,265.0,False,77.13,"[None, 2048, 2048, 2048, 2048, 2048, 2048, 2048]","[2048, 2048, 2048, 2048, 2048, 2048, 2048, 2048]","[2048, 2048, 2048, 2048, 2048, 2048]",300.0
1217,9149,63,41,2023-08-27T14:01:13.209000+00:00,26.397,26.885,23.025,285.0,280.0,False,76.307,"[None, 2048, 2048, 2048, 2048, 2048, 2048, 2048]","[2048, 2048, 2048, 2048, 2048, 2048, 2048, 2048]","[2048, 2048, 2049, 2049, 2048, 2048]",302.0
1217,9149,77,41,2023-08-27T14:01:18.693000+00:00,26.464,27.217,23.024,,261.0,False,76.705,"[None, 2048, 2048, 2048, 2048, 2049, 2048, 2048]","[2048, 2048, 2048, 2048, 2049, 2048, 2048, 2048]","[2048, 2049, 2048, 2048, 2048, 2048, 2048]",287.0
1217,9149,40,41,2023-08-27T14:01:23.287000+00:00,27.482,27.751,23.654,,261.0,False,78.887,"[None, 2048, 2048, 2048, 2048, 2048, 2048, 2048]","[2048, 2048, 2048, 2048, 2048, 2051, 2048, 2048]","[2048, 2048, 2048, 2049, 2048, 2048]",288.0
1217,9149,16,41,2023-08-27T14:01:23.536000+00:00,26.905,28.271,28.486,,278.0,False,83.662,"[None, 2048, 2048, 2048, 2048, 2048, 2048, 2048]","[2048, 2048, 2048, 2048, 2048, 2048, 2048, 2048]","[2048, 2048, 2048, 2048, 2048, 2048, 2064]",310.0
1217,9149,24,41,2023-08-27T14:01:29.083000+00:00,26.295,26.763,23.186,279.0,266.0,False,76.244,"[None, 2048, 2049, 2048, 2048, 2048, 2048, 2048]","[2048, 2048, 2048, 2048, 2048, 2048, 2048, 2048]","[2048, 2048, 2048, 2048, 2048, 2048]",292.0
1217,9149,20,41,2023-08-27T14:01:31.677000+00:00,26.091,27.223,22.93,285.0,264.0,False,76.244,"[None, 2048, 2048, 2048, 2049, 2048, 2048, 2048]","[2048, 2048, 2048, 2048, 2048, 2048, 2048, 2048]","[2049, 2048, 2048, 2048, 2048, 2048, 2048]",299.0
1217,9149,18,41,2023-08-27T14:01:32.255000+00:00,25.949,27.21,22.683,290.0,278.0,False,75.842,"[None, 2048, 2048, 2048, 2048, 2048, 2049, 2048]","[2048, 2048, 2048, 2048, 2048, 2049, 2048, 2049]","[2048, 2048, 2048, 2048, 2049, 2049, 2048]",307.0
1217,9149,1,42,2023-08-27T14:01:47.536000+00:00,25.766,26.93,22.637,,264.0,False,75.333,"[None, 2048, 2048, 2048, 2048, 2048, 2048, 2048]","[2049, 2048, 2048, 2048, 2048, 2048, 2048, 2048]","[2048, 2048, 2048, 2048, 2048, 2048, 2048]",291.0
1217,9149,11,42,2023-08-27T14:01:54.770000+00:00,25.847,27.017,22.958,,264.0,False,75.822,"[2049, 2048, 2048, 2049, 2048, 2049, 2049, 2049]","[2048, 2048, 2048, 2048, 2048, 2048, 2048, 2048]","[2048, 2048, 2048, 2048, 2048, 2048, 2048]",
1217,9149,14,42,2023-08-27T14:01:59.551000+00:00,25.629,27.29,22.767,,266.0,False,75.686,"[None, 2048, 2048, 2051, 2048, 2049, 2051, 2049]","[2048, 2048, 2048, 2048, 2048, 2048, 2048, 2048]","[2048, 2048, 2049, 2048, 2048, 2048, 2048]",302.0
1217,9149,10,42,2023-08-27T14:02:01.708000+00:00,26.092,26.948,22.764,,265.0,False,75.804,"[None, 2048, 2048, 2048, 2048, 2048, 2048, 2048]","[2048, 2049, 2048, 2048, 2048, 2048, 2048, 2048]","[2048, 2049, 2048, 2049, 2048, 2048, 2048]",
1217,9149,55,42,2023-08-27T14:02:09.379000+00:00,44.54,26.393,22.59,288.0,268.0,True,93.523,"[2064, 2064, 2064, 2048, 2048, 2048, 2048, 2048]","[2048, 2048, 2048, 2049, 2049, 2049, 2049, 2048]","[2048, 2049, 2049, 2049, 2048, 2048, 2048]",
1217,9149,23,42,2023-08-27T14:02:10.989000+00:00,25.899,27.473,22.898,285.0,262.0,False,76.27,"[None, 2048, 2048, 2049, 2049, 2048, 2049, 2048]","[2048, 2048, 2048, 2048, 2048, 2048, 2048, 2048]","[2048, 2048, 2048, 2048, 2048, 2048, 2048]",300.0
1217,9149,31,42,2023-08-27T14:02:14.957000+00:00,26.205,27.317,23.288,283.0,262.0,False,76.81,"[None, 2048, 2048, 2048, 2048, 2048, 2048, 2048]","[2048, 2048, 2048, 2048, 2048, 2049, 2048, 2048]","[2048, 2048, 2048, 2048, 2048, 2048, 2048]",294.0
1217,9149,22,42,2023-08-27T14:02:19.192000+00:00,26.393,27.224,22.904,282.0,260.0,False,76.521,"[None, 2048, 2048, 2048, 2049, 2048, 2049, 2048]","[2048, 2048, 2048, 2048, 2048, 2048, 2048, 2048]","[2048, 2048, 2048, 2048, 2048, 2048]",294.0
1217,9149,4,42,2023-08-27T14:02:19.504000+00:00,26.415,27.7,26.05,288.0,274.0,False,80.165,"[None, 2048, 2048, 2048, 2048, 2048, 2048, 2048]","[2049, 2048, 2048, 2048, 2048, 2048, 2048, 2048]","[2048, 2048, 2048, 2048, 2048, 2048, 2064]",284.0
1217,9149,44,42,2023-08-27T14:02:20.254000+00:00,26.177,27.586,22.82,288.0,279.0,False,76.583,"[None, 2048, 2048, 2048, 2048, 2048, 2049, 2049]","[2048, 2048, 2048, 2048, 2048, 2048, 2048, 2048]","[2048, 2048, 2048, 2048, 2049, 2048]",295.0
1217,9149,81,42,2023-08-27T14:02:22.098000+00:00,25.956,27.462,22.785,,267.0,False,76.203,"[None, 2048, 2048, 2048, 2048, 2048, 2049, 2048]","[2048, 2048, 2048, 2048, 2048, 2048, 2048, 2048]","[2048, 2049, 2048, 2049, 2048, 2048]",305.0
1217,9149,63,42,2023-08-27T14:02:29.488000+00:00,26.284,26.877,23.028,281.0,263.0,False,76.189,"[None, 2049, 2048, 2048, 2048, 2048, 2048, 2048]","[2048, 2048, 2048, 2051, 2048, 2048, 2048, 2048]","[2048, 2048, 2048, 2048, 2048, 2048, 2048]",298.0
1217,9149,27,42,2023-08-27T14:02:29.910000+00:00,26.516,27.989,23.104,287.0,262.0,False,77.609,"[None, 2048, 2048, 2048, 2048, 2048, 2048, 2049]","[2048, 2048, 2048, 2048, 2048, 2048, 2048, 2048]","[2048, 2048, 2048, 2048, 2048, 2048, 2048]",295.0
1217,9149,77,42,2023-08-27T14:02:35.410000+00:00,26.169,27.203,23.122,283.0,261.0,False,76.494,"[None, 2048, 2048, 2048, 2049, 2049, 2049, 2048]","[2048, 2049, 2048, 2048, 2048, 2048, 2048, 2048]","[2048, 2048, 2048, 2048, 2048, 2048, 2048]",294.0
1217,9149,40,42,2023-08-27T14:02:42.269000+00:00,26.492,27.407,23.231,282.0,260.0,False,77.13,"[None, 2048, 2048, 2048, 2049, 2049, 2049, 2048]","[2048, 2049, 2048, 2049, 2048, 2048, 2048, 2048]","[2048, 2048, 2049, 2048, 2048, 2048, 2048]",294.0
1217,9149,24,42,2023-08-27T14:02:45.254000+00:00,26.231,26.891,22.995,280.0,262.0,False,76.117,"[None, 2048, 2048, 2048, 2048, 2048, 2048, 2048]","[2048, 2048, 2048, 2048, 2048, 2048, 2048, 2048]","[2048, 2048, 2048, 2049, 2048, 2048, 2048]",290.0
1217,9149,16,42,2023-08-27T14:02:47.113000+00:00,,,,,,False,,,,,
1217,9149,20,42,2023-08-27T14:02:47.910000+00:00,26.869,27.391,23.146,287.0,265.0,False,77.406,"[None, 2048, 2048, 2048, 2048, 2048, 2048, 2048]","[2049, 2048, 2048, 2048, 2048, 2048, 2048, 2048]","[2048, 2048, 2048, 2048, 2048, 2048]",303.0
1217,9149,18,42,2023-08-27T14:02:48.144000+00:00,25.868,26.981,22.954,286.0,266.0,False,75.803,"[None, 2048, 2048, 2048, 2048, 2048, 2048, 2048]","[2048, 2049, 2048, 2048, 2048, 2048, 2048, 2048]","[2048, 2048, 2048, 2048, 2048, 2048]",308.0
1217,9149,1,43,2023-08-27T14:03:02.863000+00:00,25.733,26.92,22.713,286.0,263.0,False,75.366,"[None, 2048, 2048, 2048, 2048, 2048, 2049, 2049]","[2049, 2049, 2048, 2048, 2048, 2048, 2048, 2048]","[2048, 2048, 2048, 2048, 2049, 2049, 2048]",295.0
1217,9149,11,43,2023-08-27T14:03:10.597000+00:00,25.757,27.202,22.817,,262.0,False,75.776,"[2048, 2048, 2048, 2048, 2048, 2049, 2048, 2049]","[2049, 2048, 2048, 2048, 2048, 2048, 2048, 2048]","[2048, 2048, 2048, 2048, 2048, 2049, 2048]",
1217,9149,14,43,2023-08-27T14:03:15.066000+00:00,25.598,27.324,22.907,,264.0,False,75.829,"[None, 2049, 2048, 2051, 2048, 2048, 2051, 2049]","[2048, 2048, 2048, 2048, 2048, 2048, 2048, 2048]","[2048, 2048, 2048, 2048, 2048, 2048, 2048]",303.0
1217,9149,10,43,2023-08-27T14:03:17.503000+00:00,25.825,27.001,22.806,,264.0,False,75.632,"[None, 2049, 2048, 2049, 2048, 2048, 2048, 2048]","[2048, 2048, 2048, 2048, 2048, 2048, 2048, 2048]","[2048, 2048, 2048, 2048, 2048, 2048, 2048]",
1217,9149,23,43,2023-08-27T14:03:27.175000+00:00,25.83,27.611,22.923,286.0,263.0,False,76.364,"[None, 2048, 2048, 2048, 2049, 2048, 2049, 2048]","[2048, 2048, 2048, 2048, 2048, 2048, 2048, 2048]","[2048, 2048, 2048, 2048, 2048, 2048, 2048]",
1217,9149,31,43,2023-08-27T14:03:31.675000+00:00,26.264,27.26,27.019,,261.0,False,80.543,"[None, 2048, 2048, 2048, 2049, 2048, 2048, 2048]","[2048, 2048, 2048, 2048, 2048, 2048, 2048, 2048]","[2048, 2048, 2048, 2048, 2048, 2048, 2064]",
1217,9149,22,43,2023-08-27T14:03:35.409000+00:00,26.386,27.134,22.986,,260.0,False,76.506,"[None, 2048, 2048, 2048, 2048, 2048, 2048, 2048]","[2048, 2048, 2048, 2048, 2049, 2048, 2048, 2048]","[2048, 2048, 2048, 2048, 2048, 2048]",290.0
1217,9149,44,43,2023-08-27T14:03:36.690000+00:00,25.686,27.338,22.705,284.0,275.0,False,75.729,"[None, 2049, 2048, 2048, 2048, 2049, 2048, 2048]","[2048, 2049, 2048, 2048, 2048, 2048, 2048, 2048]","[2048, 2048, 2048, 2048, 2048, 2048, 2048]",311.0
1217,9149,81,43,2023-08-27T14:03:38.175000+00:00,26.081,27.242,22.976,286.0,266.0,False,76.299,"[None, 2048, 2048, 2048, 2048, 2048, 2048, 2048]","[2048, 2048, 2048, 2048, 2048, 2048, 2048, 2048]","[2048, 2048, 2048, 2048, 2048, 2048, 2048]",
1217,9149,4,43,2023-08-27T14:03:39.628000+00:00,43.49,26.089,22.46,282.0,265.0,True,92.039,"[2064, 2064, 2064, 2048, 2048, 2048, 2048, 2048]","[2048, 2048, 2049, 2049, 2051, 2049, 2049, 2048]","[2048, 2051, 2051, 2049, 2048, 2048, 0]",
1217,9149,55,43,2023-08-27T14:03:42.768000+00:00,25.902,26.533,22.54,,268.0,False,74.975,"[2048, 2048, 2048, 2049, 2048, 2048, 2048, 2048]","[2048, 2048, 2048, 2049, 2048, 2048, 2048, 2048]","[2048, 2048, 2049, 2049, 2048, 2048]",303.0
1217,9149,63,43,2023-08-27T14:03:45.721000+00:00,26.0,26.959,22.898,282.0,263.0,False,75.857,"[None, 2049, 2048, 2048, 2049, 2048, 2048, 2048]","[2048, 2048, 2048, 2048, 2048, 2048, 2048, 2048]","[2048, 2048, 2048, 2049, 2048, 2048]",299.0
1217,9149,27,43,2023-08-27T14:03:47.534000+00:00,26.331,27.476,23.033,286.0,263.0,False,76.84,"[None, 2048, 2048, 2048, 2048, 2048, 2048, 2048]","[2048, 2048, 2048, 2048, 2048, 2048, 2048, 2048]","[2049, 2048, 2048, 2048, 2048, 2048]",300.0
1217,9149,77,43,2023-08-27T14:03:51.924000+00:00,26.494,27.242,23.038,,262.0,False,76.774,"[None, 2048, 2048, 2048, 2048, 2048, 2049, 2048]","[2048, 2048, 2048, 2048, 2048, 2048, 2048, 2048]","[2049, 2048, 2048, 2048, 2048, 2048]",293.0
1217,9149,40,43,2023-08-27T14:03:59.424000+00:00,26.571,27.107,23.247,283.0,262.0,False,76.925,"[None, 2048, 2048, 2048, 2048, 2048, 2048, 2048]","[2048, 2048, 2049, 2049, 2048, 2048, 2048, 2048]","[2048, 2048, 2048, 2048, 2048, 2048, 2048]",
1217,9149,24,43,2023-08-27T14:04:01.440000+00:00,26.154,26.852,23.117,281.0,264.0,False,76.123,"[None, 2048, 2048, 2048, 2048, 2048, 2048, 2048]","[2048, 2048, 2048, 2048, 2048, 2048, 2048, 2048]","[2048, 2048, 2048, 2048, 2048, 2048, 2048]",294.0
1217,9149,18,43,2023-08-27T14:04:03.784000+00:00,25.942,27.012,22.859,287.0,267.0,False,75.813,"[None, 2048, 2048, 2048, 2048, 2049, 2048, 2048]","[2048, 2048, 2049, 2048, 2048, 2048, 2048, 2048]","[2048, 2048, 2048, 2048, 2048, 2048, 2048]",299.0
1217,9149,20,43,2023-08-27T14:04:05.237000+00:00,26.295,27.1,22.997,285.0,265.0,False,76.392,"[None, 2048, 2048, 2048, 2048, 2048, 2048, 2048]","[2048, 2048, 2048, 2048, 2048, 2048, 2048, 2048]","[2049, 2048, 2048, 2048, 2048, 2048, 2048]",305.0
1217,9149,1,44,2023-08-27T14:04:18.252000+00:00,25.944,26.885,22.764,,263.0,False,75.593,"[None, 2048, 2048, 2048, 2048, 2048, 2048, 2048]","[2048, 2048, 2048, 2048, 2048, 2048, 2048, 2048]","[2048, 2048, 2048, 2048, 2048, 2049, 2048]",292.0
1217,9149,11,44,2023-08-27T14:04:26.424000+00:00,25.897,26.931,22.894,,263.0,False,75.722,"[None, 2049, 2048, 2048, 2048, 2048, 2048, 2048]","[2048, 2051, 2048, 2048, 2048, 2048, 2048, 2048]","[2048, 2048, 2049, 2048, 2048, 2048, 2049]",297.0
1217,9149,14,44,2023-08-27T14:04:30.846000+00:00,25.66,27.205,22.75,,265.0,False,75.615,"[None, 2048, 2048, 2048, 2048, 2048, 2048, 2048]","[2048, 2048, 2051, 2048, 2048, 2048, 2048, 2048]","[2048, 2048, 2048, 2048, 2048, 2048, 2048]",302.0
1217,9149,10,44,2023-08-27T14:04:33.142000+00:00,25.894,26.974,22.881,,265.0,False,75.749,"[None, 2048, 2048, 2048, 2049, 2049, 2048, 2048]","[2048, 2048, 2048, 2048, 2048, 2048, 2048, 2048]","[2048, 2048, 2048, 2048, 2048, 2048, 2048]",301.0
1217,9149,23,44,2023-08-27T14:04:43.627000+00:00,25.925,27.714,26.231,284.0,263.0,False,79.87,"[None, 2048, 2048, 2048, 2048, 2048, 2048, 2048]","[2048, 2048, 2048, 2048, 2048, 2048, 2048, 2048]","[2048, 2048, 2048, 2048, 2048, 2048, 2064]",301.0
1217,9149,22,44,2023-08-27T14:04:51.923000+00:00,26.474,27.21,22.896,,260.0,False,76.58,"[None, 2048, 2048, 2048, 2048, 2048, 2048, 2048]","[2048, 2048, 2048, 2048, 2048, 2049, 2048, 2048]","[2048, 2048, 2048, 2048, 2048, 2048, 2048]",291.0
1217,9149,31,44,2023-08-27T14:04:52.377000+00:00,44.146,26.136,22.718,285.0,276.0,True,93.0,"[2064, 2064, 2064, 2048, 2048, 2048, 2048, 2048]","[2048, 2048, 2049, 2049, 2049, 2049, 2049, 2048]","[2048, 2049, 2049, 2048, 2048, 2048, 0]",
1217,9149,44,44,2023-08-27T14:04:52.548000+00:00,26.099,27.748,22.653,274.0,275.0,False,76.5,"[None, 2048, 2048, 2048, 2048, 2048, 2048, 2048]","[2048, 2048, 2048, 2048, 2048, 2048, 2048, 2048]","[2049, 2048, 2048, 2048, 2048, 2048]",303.0
1217,9149,81,44,2023-08-27T14:04:54.595000+00:00,25.94,27.299,22.972,288.0,266.0,False,76.211,"[None, 2048, 2048, 2048, 2049, 2048, 2049, 2048]","[2048, 2048, 2049, 2048, 2048, 2048, 2048, 2048]","[2048, 2048, 2048, 2048, 2048, 2048]",303.0
1217,9149,55,44,2023-08-27T14:04:57.673000+00:00,25.872,26.6,22.49,290.0,269.0,False,74.962,"[None, 2049, 2048, 2049, 2048, 2048, 2048, 2048]","[2049, 2048, 2048, 2049, 2048, 2048, 2048, 2048]","[2049, 2048, 2048, 2048, 2048, 2048]",306.0
1217,9149,63,44,2023-08-27T14:05:01.486000+00:00,25.908,26.989,22.762,,263.0,False,75.659,"[None, 2049, 2048, 2048, 2049, 2048, 2049, 2048]","[2048, 2048, 2048, 2051, 2048, 2048, 2048, 2048]","[2049, 2049, 2048, 2049, 2048, 2048]",298.0
1217,9149,27,44,2023-08-27T14:05:04.283000+00:00,26.099,27.441,23.047,285.0,263.0,False,76.587,"[None, 2048, 2048, 2048, 2048, 2049, 2048, 2048]","[2048, 2048, 2048, 2048, 2048, 2048, 2048, 2048]","[2048, 2048, 2048, 2048, 2048, 2048, 2048]",298.0
1217,9149,77,44,2023-08-27T14:05:08.579000+00:00,26.15,27.234,23.249,,263.0,False,76.633,"[None, 2048, 2048, 2048, 2048, 2049, 2048, 2048]","[2048, 2048, 2048, 2048, 2048, 2048, 2048, 2048]","[2048, 2048, 2048, 2048, 2048, 2048]",
1217,9149,4,44,2023-08-27T14:05:11.720000+00:00,25.838,26.595,22.472,284.0,267.0,False,74.905,"[2048, 2048, 2049, 2048, 2048, 2049, 2048, 2048]","[2048, 2048, 2048, 2048, 2048, 2048, 2048, 2048]","[2048, 2048, 2048, 2048, 2048, 2048, 2048]",293.0
1217,9149,40,44,2023-08-27T14:05:16.360000+00:00,26.534,27.359,23.082,282.0,262.0,False,76.975,"[None, 2048, 2048, 2048, 2049, 2048, 2048, 2048]","[2048, 2048, 2049, 2049, 2048, 2048, 2048, 2048]","[2049, 2048, 2048, 2049, 2048, 2048, 2048]",295.0
1217,9149,24,44,2023-08-27T14:05:17.595000+00:00,26.374,26.887,22.619,,274.0,False,75.88,"[None, 2048, 2048, 2048, 2048, 2048, 2048, 2048]","[2048, 2048, 2048, 2048, 2048, 2048, 2048, 2049]","[2048, 2048, 2048, 2048, 2049, 2049, 2049]",301.0
1217,9149,18,44,2023-08-27T14:05:19.720000+00:00,25.857,27.247,22.8,,268.0,False,75.904,"[None, 2048, 2048, 2048, 2048, 2048, 2049, 2048]","[2048, 2048, 2048, 2048, 2048, 2048, 2048, 2048]","[2048, 2048, 2048, 2048, 2048, 2048, 2048]",295.0
1217,9149,20,44,2023-08-27T14:05:21.704000+00:00,26.19,27.168,22.901,,264.0,False,76.259,"[None, 2048, 2048, 2048, 2048, 2049, 2048, 2048]","[2048, 2048, 2048, 2048, 2048, 2048, 2048, 2048]","[2049, 2048, 2048, 2049, 2048, 2048]",300.0
1217,9149,1,45,2023-08-27T14:05:33.798000+00:00,25.775,27.065,22.719,284.0,264.0,False,75.559,"[None, 2048, 2048, 2049, 2048, 2048, 2048, 2048]","[2048, 2048, 2048, 2048, 2048, 2048, 2048, 2048]","[2048, 2048, 2048, 2048, 2049, 2049, 2048]",
1217,9149,11,45,2023-08-27T14:05:42.094000+00:00,25.826,27.017,25.812,285.0,264.0,False,78.655,"[None, 2048, 2048, 2048, 2049, 2048, 2048, 2048]","[2048, 2051, 2048, 2048, 2048, 2048, 2048, 2048]","[2048, 2048, 2049, 2048, 2048, 2048, 2064]",296.0
1217,9149,14,45,2023-08-27T14:05:46.454000+00:00,25.649,27.377,22.711,,266.0,False,75.737,"[None, 2049, 2048, 2048, 2048, 2049, 2048, 2048]","[2048, 2049, 2048, 2048, 2048, 2048, 2048, 2048]","[2048, 2048, 2049, 2048, 2048, 2048]",303.0
1217,9149,10,45,2023-08-27T14:05:48.969000+00:00,25.815,27.165,22.778,,265.0,False,75.758,"[None, 2048, 2048, 2048, 2049, 2049, 2049, 2048]","[2048, 2048, 2048, 2048, 2048, 2048, 2048, 2048]","[2048, 2048, 2048, 2048, 2048, 2048, 2048]",
1217,9149,23,45,2023-08-27T14:06:03.563000+00:00,45.341,26.361,22.582,285.0,264.0,True,94.284,"[2064, 2064, 2064, 2048, 2048, 2048, 2048, 2048]","[2048, 2048, 2049, 2049, 2049, 2049, 2049, 2048]","[2048, 2049, 2049, 2048, 2049, 2049, 0]",
1217,9149,22,45,2023-08-27T14:06:08.641000+00:00,26.342,27.314,22.955,280.0,259.0,False,76.611,"[None, 2048, 2048, 2048, 2048, 2049, 2048, 2048]","[2048, 2048, 2048, 2048, 2048, 2048, 2048, 2048]","[2048, 2048, 2048, 2048, 2048, 2048]",294.0
1217,9149,44,45,2023-08-27T14:06:08.922000+00:00,26.339,27.688,25.805,285.0,273.0,False,79.832,"[None, 2048, 2048, 2048, 2048, 2048, 2048, 2048]","[2048, 2048, 2048, 2048, 2048, 2048, 2048, 2048]","[2048, 2048, 2048, 2048, 2048, 2048, 2064]",312.0
1217,9149,81,45,2023-08-27T14:06:10.703000+00:00,25.919,27.596,23.147,287.0,266.0,False,76.662,"[None, 2048, 2048, 2048, 2048, 2048, 2048, 2048]","[2048, 2048, 2048, 2048, 2048, 2048, 2048, 2048]","[2048, 2048, 2048, 2048, 2048, 2048, 2048]",305.0
1217,9149,55,45,2023-08-27T14:06:12.609000+00:00,25.888,26.871,22.334,291.0,268.0,False,75.093,"[None, 2048, 2048, 2048, 2048, 2048, 2048, 2048]","[2049, 2048, 2048, 2048, 2048, 2048, 2048, 2048]","[2048, 2048, 2049, 2048, 2051, 2049]",307.0
1217,9149,63,45,2023-08-27T14:06:17.141000+00:00,25.806,26.843,22.817,,262.0,False,75.466,"[None, 2048, 2048, 2048, 2049, 2048, 2049, 2048]","[2048, 2048, 2048, 2048, 2048, 2048, 2048, 2048]","[2048, 2048, 2048, 2048, 2048, 2048]",299.0
1217,9149,27,45,2023-08-27T14:06:20.953000+00:00,26.124,27.542,23.062,,262.0,False,76.728,"[None, 2048, 2048, 2048, 2048, 2048, 2048, 2048]","[2048, 2049, 2048, 2048, 2048, 2048, 2048, 2048]","[2048, 2048, 2048, 2048, 2048, 2048]",301.0
1217,9149,77,45,2023-08-27T14:06:25.203000+00:00,26.749,27.732,23.519,286.0,261.0,False,78.0,"[None, 2048, 2048, 2048, 2048, 2048, 2049, 2048]","[2048, 2048, 2048, 2048, 2048, 2048, 2048, 2048]","[2048, 2048, 2048, 2048, 2048, 2048, 2048]",289.0
1217,9149,31,45,2023-08-27T14:06:25.547000+00:00,26.061,26.649,22.947,281.0,261.0,False,75.657,"[2048, 2048, 2048, 2049, 2048, 2048, 2048, 2048]","[2048, 2048, 2048, 2048, 2048, 2049, 2048, 2048]","[2048, 2049, 2049, 2049, 2048, 2048, 2048]",311.0
1217,9149,4,45,2023-08-27T14:06:26.609000+00:00,25.958,27.183,22.638,287.0,276.0,False,75.779,"[None, 2048, 2048, 2048, 2049, 2048, 2048, 2048]","[2048, 2048, 2048, 2048, 2048, 2048, 2048, 2049]","[2048, 2048, 2048, 2049, 2048, 2048]",292.0
1217,9149,40,45,2023-08-27T14:06:33.328000+00:00,26.93,27.859,23.232,283.0,261.0,False,78.021,"[None, 2048, 2048, 2048, 2048, 2048, 2048, 2048]","[2048, 2048, 2048, 2048, 2048, 2048, 2048, 2048]","[2048, 2048, 2048, 2048, 2048, 2048, 2048]",297.0
1217,9149,24,45,2023-08-27T14:06:33.687000+00:00,26.001,27.183,22.955,278.0,258.0,False,76.139,"[2049, 2049, 2048, 2048, 2048, 2048, 2048, 2048]","[2048, 2048, 2048, 2048, 2048, 2048, 2048, 2048]","[2048, 2048, 2048, 2049, 2048, 2048]",321.0
1217,9149,18,45,2023-08-27T14:06:35.625000+00:00,26.333,27.141,22.642,,265.0,False,76.116,"[None, 2049, 2048, 2048, 2048, 2048, 2049, 2048]","[2048, 2048, 2048, 2048, 2048, 2048, 2048, 2048]","[2048, 2048, 2048, 2048, 2048, 2048, 2048]",302.0
1217,9149,20,45,2023-08-27T14:06:37.953000+00:00,26.344,27.271,22.974,284.0,262.0,False,76.589,"[None, 2048, 2048, 2048, 2048, 2048, 2048, 2048]","[2048, 2048, 2048, 2048, 2048, 2048, 2048, 2048]","[2048, 2048, 2048, 2049, 2048, 2048, 2048]",302.0
1217,9149,1,46,2023-08-27T14:06:49.421000+00:00,25.839,26.92,22.751,285.0,263.0,False,75.51,"[None, 2048, 2048, 2048, 2048, 2048, 2048, 2048]","[2048, 2049, 2049, 2048, 2048, 2048, 2048, 2048]","[2048, 2048, 2048, 2048, 2048, 2048]",297.0
1217,9149,11,46,2023-08-27T14:07:00.765000+00:00,43.703,26.665,22.739,284.0,262.0,True,93.107,"[2064, 2064, 2064, 2048, 2048, 2048, 2048, 2048]","[2048, 2048, 2048, 2048, 2049, 2049, 2048, 2049]","[2048, 2048, 2049, 2049, 2049, 2048, 2049]",
1217,9149,14,46,2023-08-27T14:07:02.202000+00:00,25.623,27.442,22.902,,263.0,False,75.967,"[None, 2048, 2048, 2048, 2051, 2049, 2051, 2048]","[2048, 2048, 2048, 2048, 2048, 2048, 2048, 2048]","[2048, 2048, 2048, 2048, 2048, 2048, 2048]",302.0
1217,9149,10,46,2023-08-27T14:07:04.640000+00:00,25.849,27.174,26.15,287.0,263.0,False,79.173,"[None, 2048, 2048, 2048, 2049, 2048, 2048, 2048]","[2048, 2048, 2048, 2048, 2048, 2048, 2048, 2048]","[2048, 2048, 2048, 2048, 2048, 2048, 2064]",300.0
1217,9149,22,46,2023-08-27T14:07:25.139000+00:00,26.348,27.406,22.957,282.0,258.0,False,76.711,"[None, 2048, 2048, 2048, 2048, 2048, 2049, 2048]","[2048, 2048, 2048, 2048, 2048, 2048, 2048, 2048]","[2048, 2048, 2048, 2048, 2048, 2048, 2048]",290.0
1217,9149,81,46,2023-08-27T14:07:27.358000+00:00,26.637,27.823,26.381,286.0,263.0,False,80.841,"[None, 2048, 2048, 2048, 2048, 2048, 2048, 2048]","[2048, 2048, 2048, 2048, 2048, 2048, 2048, 2048]","[2048, 2048, 2048, 2048, 2048, 2048, 2064]",302.0
1217,9149,55,46,2023-08-27T14:07:27.764000+00:00,25.794,26.905,22.551,290.0,268.0,False,75.25,"[2049, 2049, 2048, 2048, 2048, 2048, 2048, 2048]","[2048, 2048, 2048, 2048, 2048, 2048, 2048, 2048]","[2049, 2048, 2048, 2049, 2048, 2048, 2048]",331.0
1217,9149,44,46,2023-08-27T14:07:28.796000+00:00,43.997,25.814,22.668,284.0,266.0,True,92.479,"[2064, 2064, 2064, 2048, 2048, 2048, 2048, 2048]","[2048, 2049, 2049, 2049, 2049, 2049, 2051, 2048]","[2049, 2048, 2049, 2049, 2048, 2048, 2048]",
1217,9149,63,46,2023-08-27T14:07:32.577000+00:00,25.961,26.661,22.734,283.0,261.0,False,75.356,"[None, 2048, 2048, 2048, 2048, 2048, 2048, 2048]","[2048, 2049, 2048, 2048, 2048, 2048, 2048, 2048]","[2048, 2049, 2049, 2049, 2048, 2048]",
1217,9149,27,46,2023-08-27T14:07:37.592000+00:00,26.63,28.021,23.201,288.0,262.0,False,77.852,"[None, 2048, 2048, 2048, 2048, 2048, 2048, 2049]","[2048, 2048, 2048, 2048, 2048, 2048, 2048, 2048]","[2048, 2048, 2048, 2048, 2048, 2048]",
1217,9149,23,46,2023-08-27T14:07:37.874000+00:00,25.94,26.758,22.665,,263.0,False,75.363,"[2048, 2048, 2048, 2048, 2048, 2048, 2048, 2048]","[2048, 2048, 2048, 2048, 2049, 2048, 2049, 2048]","[2048, 2049, 2048, 2048, 2048, 2048]",323.0
1217,9149,31,46,2023-08-27T14:07:40.874000+00:00,25.848,26.816,22.698,284.0,265.0,False,75.362,"[None, 2048, 2049, 2048, 2048, 2049, 2048, 2048]","[2048, 2048, 2048, 2048, 2048, 2048, 2048, 2048]","[2049, 2049, 2049, 2049, 2048, 2048]",297.0
1217,9149,4,46,2023-08-27T14:07:42.342000+00:00,25.795,26.739,22.607,286.0,265.0,False,75.141,"[None, 2048, 2048, 2048, 2049, 2049, 2049, 2048]","[2048, 2049, 2048, 2048, 2048, 2048, 2048, 2048]","[2048, 2048, 2048, 2051, 2048, 2048]",291.0
1217,9149,77,46,2023-08-27T14:07:43.311000+00:00,26.2,27.362,23.339,,262.0,False,76.901,"[None, 2048, 2048, 2048, 2048, 2048, 2049, 2048]","[2048, 2048, 2048, 2048, 2048, 2048, 2048, 2048]","[2048, 2048, 2048, 2048, 2048, 2048]",318.0
1217,9149,24,46,2023-08-27T14:07:49.530000+00:00,26.223,27.107,22.894,281.0,259.0,False,76.224,"[2048, 2048, 2048, 2048, 2048, 2048, 2048, 2048]","[2048, 2048, 2048, 2048, 2048, 2048, 2048, 2048]","[2049, 2048, 2048, 2048, 2048, 2048, 2048]",289.0
1217,9149,40,46,2023-08-27T14:07:51.342000+00:00,26.633,27.338,26.31,285.0,261.0,False,80.281,"[None, 2048, 2048, 2048, 2048, 2048, 2049, 2048]","[2048, 2048, 2048, 2048, 2048, 2048, 2048, 2048]","[2048, 2048, 2048, 2048, 2048, 2048, 2064]",
1217,9149,18,46,2023-08-27T14:07:51.717000+00:00,26.599,27.494,22.812,292.0,277.0,False,76.905,"[None, 2048, 2048, 2048, 2048, 2048, 2048, 2049]","[2048, 2048, 2048, 2048, 2048, 2048, 2048, 2048]","[2048, 2048, 2048, 2048, 2049, 2048, 2048]",282.0
1217,9149,20,46,2023-08-27T14:07:54.623000+00:00,26.128,27.218,23.016,287.0,264.0,False,76.362,"[None, 2048, 2048, 2048, 2048, 2048, 2048, 2048]","[2048, 2049, 2049, 2048, 2048, 2048, 2048, 2048]","[2048, 2048, 2048, 2048, 2048, 2048, 2048]",
1217,9149,1,47,2023-08-27T14:08:04.889000+00:00,25.748,27.099,22.728,286.0,263.0,False,75.575,"[None, 2048, 2048, 2048, 2048, 2048, 2048, 2048]","[2049, 2048, 2048, 2048, 2048, 2048, 2048, 2048]","[2048, 2048, 2048, 2048, 2048, 2049]",
1217,9149,14,47,2023-08-27T14:08:18.045000+00:00,25.71,27.252,22.879,288.0,265.0,False,75.841,"[None, 2048, 2048, 2048, 2048, 2048, 2051, 2048]","[2049, 2048, 2048, 2048, 2048, 2048, 2048, 2048]","[2048, 2048, 2048, 2048, 2048, 2048, 2048]",
1217,9149,10,47,2023-08-27T14:08:23.763000+00:00,50.395,26.263,22.717,287.0,265.0,True,99.375,"[2064, 2064, 2064, 2048, 2048, 2048, 2048, 2048]","[2048, 2048, 2048, 2049, 2049, 2049, 2049, 2048]","[2048, 2049, 2048, 2048, 2048, 2048, 2048]",
1217,9149,11,47,2023-08-27T14:08:33.873000+00:00,25.598,26.269,22.451,286.0,265.0,False,74.318,"[2048, 2048, 2049, 2049, 2051, 2048, 2049, 2048]","[2049, 2048, 2048, 2049, 2049, 2049, 2048, 2049]","[2051, 2049, 2049, 2049, 2049, 2049, 2049]",295.0
1217,9149,22,47,2023-08-27T14:08:41.935000+00:00,26.403,27.314,22.973,,261.0,False,76.69,"[None, 2048, 2048, 2048, 2048, 2048, 2048, 2048]","[2048, 2048, 2048, 2048, 2048, 2048, 2048, 2048]","[2048, 2048, 2048, 2048, 2048, 2048]",
1217,9149,55,47,2023-08-27T14:08:42.951000+00:00,25.961,26.994,22.642,292.0,280.0,False,75.597,"[2048, 2048, 2048, 2048, 2048, 2048, 2048, 2051]","[2048, 2048, 2048, 2048, 2048, 2048, 2048, 2048]","[2048, 2048, 2048, 2048, 2048, 2049, 2049]",304.0
1217,9149,63,47,2023-08-27T14:08:47.982000+00:00,26.29,27.286,22.916,288.0,275.0,False,76.492,"[None, 2049, 2048, 2048, 2048, 2048, 2049, 2048]","[2048, 2048, 2048, 2048, 2048, 2048, 2048, 2048]","[2048, 2048, 2048, 2048, 2048, 2048, 2048]",
1217,9149,81,47,2023-08-27T14:08:48.388000+00:00,44.421,26.668,22.401,285.0,277.0,True,93.49,"[2064, 2064, 2064, 2048, 2048, 2048, 2048, 2048]","[2048, 2048, 2048, 2048, 2049, 2048, 2049, 2048]","[2048, 2049, 2049, 2048, 2049, 2048, 2048]",
1217,9149,23,47,2023-08-27T14:08:53.060000+00:00,25.781,26.558,22.68,287.0,266.0,False,75.019,"[None, 2048, 2048, 2048, 2048, 2048, 2048, 2048]","[2048, 2048, 2048, 2049, 2048, 2048, 2049, 2048]","[2049, 2048, 2048, 2048, 2048, 2048]",302.0
1217,9149,27,47,2023-08-27T14:08:55.419000+00:00,26.075,27.523,23.436,286.0,262.0,False,77.034,"[None, 2049, 2048, 2048, 2048, 2048, 2049, 2048]","[2048, 2048, 2048, 2048, 2048, 2048, 2048, 2048]","[2048, 2048, 2048, 2048, 2048, 2048, 2048]",302.0
1217,9149,31,47,2023-08-27T14:08:56.232000+00:00,25.86,26.843,22.831,,275.0,False,75.534,"[None, 2048, 2049, 2048, 2048, 2048, 2048, 2048]","[2048, 2048, 2048, 2048, 2048, 2048, 2048, 2048]","[2049, 2048, 2048, 2049, 2048, 2048]",298.0
1217,9149,4,47,2023-08-27T14:08:57.450000+00:00,25.676,26.808,22.604,287.0,277.0,False,75.088,"[None, 2048, 2048, 2049, 2049, 2048, 2048, 2048]","[2048, 2048, 2048, 2048, 2048, 2048, 2048, 2048]","[2048, 2048, 2048, 2048, 2048, 2048]",293.0
1217,9149,77,47,2023-08-27T14:09:00.481000+00:00,26.217,27.111,26.211,284.0,262.0,False,79.539,"[None, 2048, 2049, 2048, 2048, 2048, 2048, 2048]","[2048, 2048, 2048, 2048, 2048, 2048, 2048, 2048]","[2048, 2048, 2048, 2049, 2048, 2048, 2064]",295.0
1217,9149,44,47,2023-08-27T14:09:01.341000+00:00,26.011,26.378,22.793,286.0,280.0,False,75.182,"[2048, 2048, 2049, 2049, 2048, 2048, 2048, 2048]","[2048, 2048, 2048, 2048, 2048, 2048, 2048, 2049]","[2048, 2048, 2049, 2048, 2048, 2048, 2048]",292.0
1217,9149,24,47,2023-08-27T14:09:05.841000+00:00,26.168,26.929,22.769,279.0,262.0,False,75.866,"[None, 2048, 2049, 2048, 2048, 2048, 2048, 2048]","[2048, 2048, 2048, 2048, 2048, 2048, 2048, 2048]","[2048, 2049, 2049, 2048, 2048, 2048]",292.0
1217,9149,18,47,2023-08-27T14:09:08.731000+00:00,25.792,27.051,22.874,287.0,265.0,False,75.717,"[None, 2048, 2048, 2048, 2048, 2048, 2048, 2048]","[2048, 2049, 2048, 2048, 2048, 2048, 2048, 2048]","[2048, 2048, 2048, 2048, 2048, 2048, 2048]",310.0
1217,9149,20,47,2023-08-27T14:09:10.841000+00:00,26.123,27.191,23.019,286.0,265.0,False,76.333,"[None, 2048, 2048, 2048, 2048, 2048, 2049, 2048]","[2048, 2048, 2048, 2048, 2048, 2048, 2048, 2048]","[2048, 2048, 2048, 2048, 2048, 2048, 2048]",305.0
1217,9149,40,47,2023-08-27T14:09:11.653000+00:00,44.18,26.485,22.793,281.0,260.0,True,93.458,"[2064, 2064, 2064, 2048, 2048, 2048, 2048, 2048]","[2048, 2048, 2048, 2049, 2048, 2048, 2049, 2048]","[2048, 2049, 2049, 2049, 2048, 2048, 2048]",
1217,9149,1,48,2023-08-27T14:09:20.340000+00:00,25.836,26.84,22.732,,262.0,False,75.408,"[None, 2049, 2048, 2048, 2048, 2048, 2048, 2048]","[2049, 2049, 2051, 2048, 2048, 2048, 2048, 2048]","[2049, 2048, 2048, 2048, 2048, 2049, 2048]",302.0
1217,9149,14,48,2023-08-27T14:09:33.981000+00:00,25.652,27.369,26.298,286.0,265.0,False,79.319,"[None, 2048, 2048, 2048, 2049, 2048, 2048, 2048]","[2048, 2048, 2048, 2048, 2048, 2048, 2048, 2048]","[2049, 2048, 2048, 2048, 2048, 2048, 2064]",303.0
1217,9149,11,48,2023-08-27T14:09:48.121000+00:00,25.581,26.635,22.651,,264.0,False,74.867,"[None, 2048, 2049, 2048, 2051, 2048, 2048, 2048]","[2048, 2048, 2048, 2048, 2048, 2048, 2048, 2048]","[2048, 2048, 2048, 2048, 2048, 2049, 2049]",288.0
1217,9149,22,48,2023-08-27T14:09:58.543000+00:00,26.691,27.487,23.006,285.0,261.0,False,77.184,"[None, 2048, 2048, 2048, 2048, 2048, 2048, 2048]","[2048, 2048, 2048, 2048, 2048, 2048, 2048, 2048]","[2048, 2048, 2048, 2048, 2048, 2048]",282.0
1217,9149,55,48,2023-08-27T14:09:58.715000+00:00,25.743,26.904,22.628,290.0,266.0,False,75.275,"[None, 2048, 2048, 2048, 2049, 2048, 2048, 2048]","[2048, 2048, 2048, 2048, 2048, 2048, 2048, 2048]","[2048, 2048, 2048, 2048, 2048, 2048, 2048]",320.0
1217,9149,10,48,2023-08-27T14:10:03.199000+00:00,25.851,26.749,22.648,285.0,264.0,False,75.248,"[2048, 2048, 2049, 2048, 2048, 2048, 2048, 2048]","[2048, 2048, 2048, 2048, 2048, 2048, 2048, 2048]","[2048, 2048, 2049, 2048, 2048, 2048, 2048]",301.0
1217,9149,63,48,2023-08-27T14:10:04.512000+00:00,25.853,26.807,22.863,284.0,263.0,False,75.523,"[None, 2048, 2048, 2049, 2048, 2049, 2048, 2048]","[2048, 2048, 2049, 2048, 2048, 2048, 2048, 2048]","[2048, 2048, 2048, 2048, 2048, 2048, 2048]",302.0
1217,9149,23,48,2023-08-27T14:10:08.074000+00:00,25.855,26.744,22.666,286.0,264.0,False,75.265,"[None, 2048, 2048, 2048, 2048, 2048, 2048, 2048]","[2048, 2048, 2048, 2048, 2048, 2048, 2048, 2048]","[2048, 2048, 2049, 2048, 2048, 2048]",
1217,9149,31,48,2023-08-27T14:10:11.777000+00:00,25.813,26.359,22.682,279.0,261.0,False,74.854,"[None, 2048, 2048, 2048, 2049, 2048, 2048, 2048]","[2048, 2049, 2049, 2049, 2048, 2048, 2048, 2048]","[2048, 2049, 2049, 2049, 2048, 2048, 2048]",294.0
1217,9149,27,48,2023-08-27T14:10:12.511000+00:00,26.579,27.86,26.54,287.0,263.0,False,80.979,"[None, 2048, 2048, 2048, 2048, 2048, 2048, 2049]","[2048, 2048, 2048, 2048, 2048, 2048, 2048, 2048]","[2048, 2048, 2048, 2048, 2048, 2048, 2064]",299.0
1217,9149,4,48,2023-08-27T14:10:13.011000+00:00,25.742,26.763,22.51,285.0,266.0,False,75.015,"[None, 2048, 2048, 2048, 2048, 2048, 2051, 2048]","[2048, 2048, 2048, 2048, 2048, 2048, 2048, 2048]","[2048, 2048, 2048, 2051, 2048, 2048, 2048]",309.0
1217,9149,44,48,2023-08-27T14:10:16.402000+00:00,25.655,26.513,22.561,284.0,264.0,False,74.729,"[None, 2049, 2048, 2048, 2048, 2049, 2048, 2048]","[2048, 2048, 2048, 2048, 2048, 2048, 2048, 2048]","[2051, 2049, 2048, 2049, 2048, 2048, 2048]",311.0
1217,9149,77,48,2023-08-27T14:10:19.730000+00:00,45.065,26.239,22.768,281.0,261.0,True,94.072,"[2064, 2064, 2064, 2048, 2048, 2048, 2048, 2048]","[2048, 2048, 2049, 2049, 2051, 2048, 2049, 2048]","[2048, 2049, 2049, 2048, 2048, 2048, 2048]",
1217,9149,24,48,2023-08-27T14:10:21.777000+00:00,26.439,27.05,22.87,282.0,261.0,False,76.359,"[None, 2048, 2048, 2048, 2048, 2048, 2049, 2048]","[2048, 2048, 2048, 2048, 2048, 2048, 2048, 2048]","[2048, 2048, 2048, 2048, 2048, 2048]",285.0
1217,9149,81,48,2023-08-27T14:10:22.043000+00:00,25.468,26.604,22.613,284.0,264.0,False,74.685,"[2048, 2048, 2048, 2049, 2049, 2049, 2048, 2048]","[2048, 2048, 2048, 2048, 2049, 2049, 2048, 2048]","[2048, 2049, 2051, 2049, 2048, 2048]",323.0
1217,9149,18,48,2023-08-27T14:10:24.371000+00:00,25.861,26.975,22.887,,266.0,False,75.723,"[None, 2048, 2048, 2048, 2048, 2048, 2048, 2048]","[2048, 2049, 2048, 2048, 2048, 2048, 2048, 2048]","[2048, 2048, 2048, 2048, 2048, 2048]",308.0
1217,9149,20,48,2023-08-27T14:10:27.277000+00:00,26.17,27.099,22.969,,264.0,False,76.238,"[None, 2048, 2048, 2048, 2049, 2048, 2048, 2048]","[2048, 2049, 2048, 2048, 2048, 2048, 2048, 2048]","[2048, 2048, 2048, 2049, 2048, 2048]",303.0
1217,9149,1,49,2023-08-27T14:10:35.855000+00:00,25.737,27.011,25.783,,262.0,False,78.531,"[None, 2049, 2048, 2048, 2048, 2048, 2048, 2048]","[2048, 2048, 2048, 2048, 2048, 2048, 2048, 2048]","[2048, 2048, 2048, 2048, 2048, 2048, 2064]",298.0
1217,9149,40,48,2023-08-27T14:10:45.073000+00:00,26.014,26.157,22.837,282.0,257.0,False,75.008,"[2048, 2048, 2048, 2049, 2049, 2049, 2049, 2048]","[2048, 2049, 2049, 2051, 2049, 2048, 2048, 2048]","[2048, 2048, 2049, 2049, 2048, 2048, 2048]",296.0
1217,9149,14,49,2023-08-27T14:10:53.370000+00:00,49.636,26.455,22.314,287.0,277.0,True,98.405,"[2064, 2064, 2064, 2048, 2048, 2048, 2048, 2048]","[2048, 2048, 2049, 2048, 2049, 2048, 2049, 2049]","[2051, 2049, 2051, 2049, 2048, 2048, 2048]",
1217,9149,11,49,2023-08-27T14:11:03.011000+00:00,25.739,26.474,22.634,,263.0,False,74.847,"[2049, 2048, 2048, 2048, 2048, 2048, 2048, 2048]","[2048, 2048, 2048, 2049, 2048, 2048, 2049, 2048]","[2048, 2048, 2048, 2048, 2048, 2049, 2048]",296.0
1217,9149,55,49,2023-08-27T14:11:13.838000+00:00,25.932,26.859,22.497,288.0,267.0,False,75.288,"[None, 2048, 2049, 2048, 2048, 2048, 2048, 2048]","[2048, 2048, 2048, 2048, 2048, 2048, 2048, 2048]","[2048, 2048, 2048, 2049, 2048, 2048, 2048]",308.0
1217,9149,22,49,2023-08-27T14:11:15.823000+00:00,26.251,27.485,23.118,282.0,260.0,False,76.854,"[None, 2048, 2048, 2048, 2049, 2049, 2048, 2048]","[2048, 2048, 2048, 2048, 2048, 2048, 2048, 2048]","[2048, 2048, 2048, 2048, 2048, 2048, 2048]",293.0
1217,9149,10,49,2023-08-27T14:11:18.667000+00:00,25.767,26.647,22.095,288.0,268.0,False,74.509,"[None, 2048, 2049, 2049, 2048, 2048, 2048, 2049]","[2048, 2048, 2048, 2048, 2048, 2048, 2048, 2048]","[2049, 2049, 2049, 2049, 2049, 2049, 2049]",
1217,9149,63,49,2023-08-27T14:11:20.041000+00:00,25.918,26.954,22.776,283.0,265.0,False,75.648,"[None, 2048, 2048, 2048, 2048, 2048, 2048, 2048]","[2048, 2048, 2048, 2048, 2048, 2048, 2049, 2048]","[2048, 2048, 2048, 2048, 2048, 2048, 2048]",298.0
1217,9149,23,49,2023-08-27T14:11:23.432000+00:00,25.815,26.749,22.568,287.0,266.0,False,75.132,"[None, 2048, 2048, 2048, 2048, 2049, 2048, 2048]","[2048, 2048, 2048, 2048, 2048, 2048, 2048, 2048]","[2049, 2048, 2048, 2049, 2048, 2048]",303.0
1217,9149,31,49,2023-08-27T14:11:26.760000+00:00,25.781,26.406,22.729,281.0,262.0,False,74.916,"[None, 2048, 2048, 2048, 2049, 2049, 2048, 2048]","[2048, 2051, 2049, 2049, 2048, 2048, 2048, 2048]","[2048, 2049, 2048, 2048, 2048, 2048, 2048]",295.0
1217,9149,4,49,2023-08-27T14:11:27.619000+00:00,25.667,26.683,22.454,286.0,266.0,False,74.804,"[None, 2048, 2048, 2048, 2049, 2048, 2048, 2048]","[2048, 2049, 2051, 2049, 2048, 2048, 2048, 2048]","[2048, 2048, 2048, 2048, 2048, 2048, 2048]",294.0
1217,9149,44,49,2023-08-27T14:11:31.151000+00:00,25.657,26.499,22.552,,265.0,False,74.708,"[None, 2048, 2048, 2049, 2049, 2049, 2048, 2048]","[2048, 2048, 2048, 2048, 2048, 2048, 2048, 2048]","[2048, 2049, 2048, 2049, 2048, 2048, 2048]",289.0
1217,9149,27,49,2023-08-27T14:11:33.573000+00:00,44.15,26.855,22.693,284.0,264.0,True,93.698,"[2064, 2064, 2064, 2048, 2048, 2048, 2049, 2048]","[2048, 2048, 2048, 2048, 2049, 2049, 2049, 2048]","[2048, 2049, 2049, 2048, 2048, 2048, 2048]",
1217,9149,81,49,2023-08-27T14:11:36.385000+00:00,25.729,26.627,22.489,285.0,265.0,False,74.845,"[None, 2048, 2048, 2048, 2048, 2049, 2048, 2048]","[2048, 2048, 2048, 2048, 2048, 2048, 2048, 2048]","[2048, 2049, 2048, 2049, 2048, 2048]",297.0
1217,9149,24,49,2023-08-27T14:11:37.979000+00:00,26.127,26.948,22.769,281.0,263.0,False,75.844,"[None, 2048, 2048, 2048, 2048, 2048, 2048, 2048]","[2048, 2048, 2048, 2048, 2048, 2048, 2048, 2048]","[2049, 2048, 2049, 2049, 2048, 2048]",295.0
1217,9149,18,49,2023-08-27T14:11:40.010000+00:00,25.777,27.024,22.824,288.0,266.0,False,75.625,"[None, 2048, 2048, 2048, 2048, 2049, 2049, 2048]","[2048, 2048, 2049, 2048, 2048, 2048, 2048, 2048]","[2048, 2048, 2048, 2048, 2048, 2048]",304.0
1217,9149,20,49,2023-08-27T14:11:43.369000+00:00,26.152,27.169,22.848,,264.0,False,76.169,"[None, 2048, 2048, 2048, 2048, 2049, 2048, 2048]","[2048, 2048, 2049, 2048, 2048, 2048, 2048, 2048]","[2049, 2048, 2048, 2048, 2048, 2048, 2048]",301.0
1217,9149,77,49,2023-08-27T14:11:53.807000+00:00,25.72,26.306,22.672,284.0,262.0,False,74.698,"[2048, 2048, 2051, 2048, 2049, 2049, 2049, 2048]","[2048, 2048, 2049, 2048, 2048, 2049, 2048, 2048]","[2048, 2049, 2048, 2048, 2048, 2048, 2048]",291.0
1217,9149,1,50,2023-08-27T14:11:54.463000+00:00,43.637,26.073,22.294,285.0,264.0,True,92.004,"[2064, 2064, 2064, 2048, 2048, 2048, 2048, 2048]","[2048, 2048, 2048, 2048, 2049, 2049, 2049, 2048]","[2048, 2051, 2049, 2048, 2048, 2048, 2048]",
1217,9149,40,49,2023-08-27T14:12:00.072000+00:00,25.969,26.189,22.662,283.0,255.0,False,74.82,"[None, 2048, 2048, 2048, 2048, 2049, 2049, 2048]","[2048, 2049, 2049, 2048, 2048, 2048, 2048, 2048]","[2049, 2048, 2048, 2049, 2048, 2048, 2048]",295.0
1217,9149,11,50,2023-08-27T14:12:17.790000+00:00,25.627,26.456,22.631,287.0,265.0,False,74.714,"[2048, 2048, 2048, 2048, 2048, 2048, 2048, 2049]","[2049, 2048, 2048, 2048, 2048, 2048, 2048, 2048]","[2048, 2048, 2048, 2048, 2048, 2048, 2049]",294.0
1217,9149,55,50,2023-08-27T14:12:29.103000+00:00,26.079,26.748,22.566,290.0,267.0,False,75.393,"[None, 2048, 2048, 2048, 2048, 2048, 2048, 2048]","[2048, 2048, 2048, 2048, 2048, 2048, 2048, 2048]","[2051, 2048, 2048, 2048, 2048, 2048, 2048]",303.0
1217,9149,14,50,2023-08-27T14:12:31.790000+00:00,25.381,26.357,22.415,,267.0,False,74.153,"[2048, 2048, 2049, 2051, 2051, 2048, 2048, 2048]","[2048, 2049, 2048, 2049, 2049, 2048, 2049, 2048]","[2048, 2049, 2051, 2048, 2048, 2048, 2048]",304.0
1217,9149,22,50,2023-08-27T14:12:32.650000+00:00,26.269,27.633,23.193,283.0,267.0,False,77.095,"[None, 2048, 2048, 2048, 2048, 2048, 2048, 2048]","[2048, 2048, 2048, 2048, 2048, 2048, 2048, 2048]","[2048, 2048, 2048, 2048, 2048, 2048, 2048]",315.0
1217,9149,10,50,2023-08-27T14:12:32.978000+00:00,26.434,26.775,22.669,289.0,276.0,False,75.878,"[2049, 2048, 2048, 2048, 2048, 2048, 2048, 2049]","[2049, 2048, 2048, 2048, 2048, 2048, 2048, 2049]","[2048, 2048, 2048, 2048, 2048, 2048]",296.0
1217,9149,63,50,2023-08-27T14:12:35.696000+00:00,25.822,27.044,22.751,285.0,264.0,False,75.617,"[None, 2048, 2048, 2048, 2048, 2049, 2048, 2048]","[2048, 2048, 2048, 2048, 2048, 2048, 2048, 2048]","[2048, 2049, 2048, 2048, 2048, 2048, 2048]",302.0
1217,9149,23,50,2023-08-27T14:12:38.603000+00:00,25.816,26.749,22.459,,266.0,False,75.024,"[None, 2048, 2048, 2048, 2048, 2048, 2049, 2048]","[2048, 2048, 2048, 2048, 2048, 2048, 2048, 2048]","[2049, 2049, 2048, 2049, 2048, 2048, 2048]",304.0
1217,9149,31,50,2023-08-27T14:12:41.634000+00:00,25.716,26.426,22.7,283.0,265.0,False,74.842,"[None, 2048, 2048, 2049, 2049, 2048, 2048, 2048]","[2048, 2048, 2049, 2048, 2048, 2048, 2048, 2048]","[2048, 2048, 2048, 2049, 2048, 2048, 2048]",297.0
1217,9149,4,50,2023-08-27T14:12:42.493000+00:00,25.701,26.548,22.141,288.0,277.0,False,74.39,"[None, 2048, 2048, 2049, 2049, 2049, 2048, 2048]","[2048, 2049, 2048, 2049, 2048, 2048, 2048, 2048]","[2048, 2048, 2048, 2051, 2051, 2048, 2048]",288.0
1217,9149,44,50,2023-08-27T14:12:45.977000+00:00,25.564,26.836,22.474,285.0,266.0,False,74.874,"[None, 2048, 2048, 2049, 2049, 2051, 2048, 2048]","[2048, 2048, 2048, 2048, 2048, 2048, 2048, 2048]","[2048, 2049, 2048, 2049, 2048, 2048, 2048]",295.0
1217,9149,81,50,2023-08-27T14:12:51.227000+00:00,25.593,26.37,22.449,286.0,266.0,False,74.412,"[None, 2048, 2048, 2048, 2049, 2048, 2048, 2048]","[2048, 2049, 2049, 2048, 2048, 2048, 2048, 2048]","[2048, 2049, 2048, 2049, 2048, 2048, 2048]",299.0
1217,9149,24,50,2023-08-27T14:12:53.852000+00:00,26.014,26.927,22.811,280.0,264.0,False,75.752,"[None, 2048, 2048, 2049, 2048, 2048, 2049, 2048]","[2048, 2048, 2048, 2048, 2048, 2048, 2048, 2048]","[2048, 2048, 2048, 2048, 2048, 2048, 2048]",
1217,9149,18,50,2023-08-27T14:12:55.805000+00:00,25.83,27.085,22.783,287.0,267.0,False,75.698,"[None, 2048, 2048, 2049, 2049, 2048, 2048, 2048]","[2048, 2048, 2048, 2048, 2048, 2048, 2048, 2048]","[2048, 2048, 2048, 2048, 2048, 2048, 2048]",307.0
1217,9149,20,50,2023-08-27T14:12:59.571000+00:00,26.113,27.131,22.797,285.0,264.0,False,76.041,"[None, 2048, 2048, 2048, 2049, 2049, 2048, 2048]","[2048, 2049, 2048, 2048, 2048, 2048, 2048, 2048]","[2048, 2048, 2048, 2049, 2048, 2048, 2048]",
1217,9149,27,50,2023-08-27T14:13:07.290000+00:00,25.739,26.619,22.572,282.0,262.0,False,74.93,"[2048, 2048, 2049, 2048, 2048, 2049, 2048, 2048]","[2048, 2048, 2048, 2048, 2049, 2049, 2049, 2048]","[2048, 2049, 2049, 2049, 2048, 2048, 2048]",296.0
1217,9149,77,50,2023-08-27T14:13:08.555000+00:00,25.801,26.295,22.697,285.0,275.0,False,74.793,"[None, 2048, 2048, 2049, 2049, 2048, 2048, 2048]","[2048, 2048, 2048, 2049, 2048, 2049, 2048, 2048]","[2049, 2048, 2048, 2048, 2048, 2048]",297.0
1217,9149,40,50,2023-08-27T14:13:14.899000+00:00,25.861,26.365,22.814,,257.0,False,75.04,"[None, 2048, 2049, 2048, 2049, 2048, 2049, 2048]","[2048, 2048, 2049, 2048, 2048, 2048, 2048, 2048]","[2048, 2048, 2049, 2048, 2048, 2048, 2048]",
1217,9149,1,51,2023-08-27T14:13:26.414000+00:00,25.659,25.954,22.328,,265.0,False,73.941,"[2048, 2048, 2049, 2049, 2048, 2048, 2048, 2048]","[2048, 2048, 2048, 2048, 2051, 2048, 2049, 2048]","[2049, 2048, 2048, 2049, 2049, 2049]",291.0
1217,9149,11,51,2023-08-27T14:13:32.586000+00:00,25.685,26.516,22.501,,266.0,False,74.702,"[2049, 2048, 2048, 2048, 2048, 2048, 2048, 2048]","[2048, 2048, 2048, 2048, 2048, 2048, 2048, 2048]","[2048, 2048, 2048, 2049, 2049, 2049, 2049]",291.0
1217,9149,55,51,2023-08-27T14:13:44.914000+00:00,25.735,26.888,22.581,,267.0,False,75.204,"[None, 2048, 2049, 2048, 2049, 2048, 2048, 2048]","[2048, 2048, 2048, 2049, 2048, 2048, 2048, 2048]","[2048, 2048, 2048, 2048, 2048, 2048]",304.0
1217,9149,14,51,2023-08-27T14:13:45.820000+00:00,25.35,26.406,22.35,289.0,270.0,False,74.106,"[None, 2048, 2049, 2051, 2048, 2048, 2051, 2049]","[2049, 2048, 2049, 2049, 2048, 2048, 2048, 2048]","[2048, 2048, 2048, 2048, 2049, 2049, 2049]",305.0
1217,9149,10,51,2023-08-27T14:13:48.758000+00:00,25.7,26.689,22.625,284.0,266.0,False,75.014,"[2048, 2048, 2048, 2048, 2048, 2049, 2048, 2048]","[2048, 2048, 2048, 2048, 2048, 2048, 2048, 2048]","[2048, 2048, 2048, 2048, 2048, 2048, 2048]",297.0
1217,9149,22,51,2023-08-27T14:13:49.789000+00:00,26.331,27.392,22.955,284.0,261.0,False,76.678,"[None, 2048, 2048, 2048, 2048, 2048, 2049, 2048]","[2048, 2048, 2048, 2048, 2048, 2048, 2048, 2048]","[2048, 2048, 2048, 2048, 2048, 2048, 2048]",309.0
1217,9149,63,51,2023-08-27T14:13:51.492000+00:00,25.889,26.831,22.58,284.0,276.0,False,75.3,"[None, 2048, 2048, 2049, 2048, 2048, 2048, 2048]","[2048, 2048, 2048, 2048, 2048, 2048, 2048, 2048]","[2048, 2048, 2048, 2048, 2049, 2049, 2048]",
1217,9149,23,51,2023-08-27T14:13:53.617000+00:00,25.641,26.723,22.553,288.0,267.0,False,74.917,"[None, 2048, 2049, 2049, 2048, 2048, 2048, 2049]","[2048, 2049, 2049, 2048, 2048, 2048, 2048, 2048]","[2048, 2048, 2048, 2048, 2048, 2048, 2048]",
1217,9149,31,51,2023-08-27T14:13:56.476000+00:00,25.609,26.332,22.629,,265.0,False,74.57,"[None, 2048, 2048, 2048, 2049, 2049, 2048, 2048]","[2048, 2051, 2051, 2048, 2048, 2048, 2048, 2048]","[2049, 2048, 2048, 2049, 2048, 2048]",
1217,9149,4,51,2023-08-27T14:13:56.851000+00:00,25.771,26.645,22.209,286.0,276.0,False,74.625,"[None, 2048, 2048, 2048, 2048, 2048, 2048, 2048]","[2048, 2048, 2048, 2048, 2048, 2048, 2048, 2048]","[2049, 2048, 2048, 2048, 2048, 2048, 2048]",318.0
1217,9149,44,51,2023-08-27T14:14:00.836000+00:00,25.614,26.27,22.443,283.0,266.0,False,74.327,"[None, 2048, 2049, 2048, 2049, 2048, 2048, 2048]","[2048, 2048, 2049, 2048, 2048, 2048, 2048, 2048]","[2051, 2048, 2049, 2049, 2048, 2048, 2048]",286.0
1217,9149,81,51,2023-08-27T14:14:05.726000+00:00,25.532,26.518,22.371,,266.0,False,74.421,"[None, 2048, 2048, 2048, 2048, 2049, 2048, 2048]","[2048, 2048, 2048, 2048, 2048, 2048, 2049, 2048]","[2049, 2048, 2048, 2049, 2048, 2048, 2048]",302.0
1217,9149,24,51,2023-08-27T14:14:09.710000+00:00,25.949,26.96,22.67,,263.0,False,75.579,"[None, 2048, 2048, 2048, 2048, 2048, 2049, 2048]","[2048, 2048, 2048, 2048, 2048, 2048, 2048, 2048]","[2049, 2049, 2049, 2048, 2048, 2048, 2048]",296.0
1217,9149,18,51,2023-08-27T14:14:11.367000+00:00,25.786,27.011,22.82,288.0,267.0,False,75.617,"[None, 2048, 2048, 2049, 2048, 2048, 2049, 2048]","[2048, 2049, 2048, 2048, 2048, 2048, 2048, 2048]","[2048, 2048, 2048, 2048, 2048, 2048]",
1217,9149,20,51,2023-08-27T14:14:15.773000+00:00,26.047,27.043,22.896,286.0,264.0,False,75.986,"[None, 2048, 2048, 2049, 2049, 2048, 2048, 2048]","[2048, 2049, 2049, 2048, 2048, 2048, 2048, 2048]","[2049, 2048, 2048, 2048, 2048, 2048, 2048]",302.0
1217,9149,27,51,2023-08-27T14:14:22.179000+00:00,25.67,26.643,22.673,,261.0,False,74.986,"[None, 2048, 2049, 2048, 2049, 2049, 2048, 2048]","[2048, 2048, 2048, 2049, 2048, 2049, 2048, 2048]","[2048, 2048, 2049, 2048, 2048, 2048, 2048]",295.0
1217,9149,77,51,2023-08-27T14:14:23.351000+00:00,25.909,26.565,22.749,283.0,261.0,False,75.223,"[None, 2048, 2048, 2048, 2048, 2048, 2048, 2048]","[2048, 2048, 2048, 2049, 2048, 2048, 2048, 2048]","[2048, 2048, 2049, 2048, 2048, 2048, 2048]",293.0
1217,9149,40,51,2023-08-27T14:14:29.960000+00:00,25.747,26.44,22.878,,258.0,False,75.065,"[None, 2048, 2049, 2049, 2049, 2048, 2048, 2048]","[2048, 2048, 2048, 2048, 2048, 2048, 2048, 2048]","[2048, 2048, 2048, 2048, 2048, 2048, 2048]",297.0
1217,9149,1,52,2023-08-27T14:14:40.272000+00:00,,26.141,22.482,286.0,264.0,False,74.282,"[None, 2048, 2049, 2048, 2048, 2048, 2048, 2048]","[2048, 2048, 2048, 2048, 2048, 2048, 2049, 2048]","[2049, 2048, 2048, 2048, 2048, 2048, 2048]",290.0
1217,9149,11,52,2023-08-27T14:14:47.303000+00:00,25.67,26.361,22.627,286.0,263.0,False,74.658,"[2048, 2048, 2048, 2048, 2048, 2048, 2048, 2048]","[2048, 2048, 2048, 2049, 2048, 2048, 2048, 2048]","[2048, 2048, 2048, 2048, 2048, 2048, 2048]",289.0
1217,9149,55,52,2023-08-27T14:14:59.803000+00:00,26.706,27.363,22.723,293.0,278.0,False,76.792,"[None, 2048, 2048, 2048, 2048, 2048, 2048, 2048]","[2048, 2048, 2048, 2048, 2048, 2048, 2048, 2048]","[2048, 2048, 2048, 2048, 2048, 2048, 2048]",306.0
1217,9149,14,52,2023-08-27T14:14:59.991000+00:00,25.911,26.968,22.635,286.0,266.0,False,75.514,"[2049, 2048, 2048, 2048, 2048, 2048, 2048, 2048]","[2048, 2048, 2048, 2048, 2048, 2048, 2048, 2048]","[2048, 2048, 2048, 2048, 2048, 2048]",323.0
1217,9149,10,52,2023-08-27T14:15:03.881000+00:00,25.853,26.587,22.619,286.0,265.0,False,75.059,"[None, 2048, 2048, 2048, 2048, 2049, 2048, 2048]","[2048, 2048, 2048, 2048, 2048, 2048, 2048, 2048]","[2048, 2048, 2048, 2049, 2048, 2048, 2048]",299.0
1217,9149,22,52,2023-08-27T14:15:06.459000+00:00,27.137,27.963,23.372,285.0,274.0,False,78.472,"[None, 2048, 2048, 2048, 2048, 2048, 2049, 2049]","[2048, 2048, 2048, 2048, 2048, 2048, 2048, 2048]","[2048, 2048, 2048, 2048, 2048, 2048]",298.0
1217,9149,63,52,2023-08-27T14:15:06.694000+00:00,26.455,27.611,23.141,282.0,262.0,False,77.207,"[None, 2049, 2048, 2048, 2048, 2048, 2048, 2048]","[2048, 2048, 2048, 2048, 2048, 2048, 2048, 2048]","[2048, 2048, 2048, 2048, 2048, 2048]",323.0
1217,9149,23,52,2023-08-27T14:15:08.506000+00:00,25.754,27.286,23.327,290.0,276.0,False,76.367,"[None, 2048, 2048, 2049, 2048, 2048, 2048, 2049]","[2048, 2048, 2048, 2048, 2048, 2048, 2048, 2048]","[2048, 2048, 2048, 2048, 2049, 2049]",309.0
1217,9149,31,52,2023-08-27T14:15:11.069000+00:00,25.666,26.393,22.777,284.0,268.0,False,74.836,"[None, 2048, 2048, 2048, 2048, 2049, 2049, 2048]","[2048, 2048, 2051, 2048, 2048, 2048, 2048, 2048]","[2048, 2048, 2048, 2048, 2048, 2049, 2049]",306.0
1217,9149,4,52,2023-08-27T14:15:11.475000+00:00,25.812,26.781,22.289,281.0,277.0,False,74.882,"[None, 2048, 2048, 2048, 2048, 2048, 2051, 2048]","[2048, 2048, 2048, 2048, 2048, 2048, 2048, 2048]","[2048, 2048, 2048, 2048, 2048, 2048, 2048]",299.0
1217,9149,44,52,2023-08-27T14:15:15.162000+00:00,25.718,26.338,22.558,284.0,266.0,False,74.614,"[None, 2048, 2048, 2048, 2048, 2048, 2048, 2048]","[2048, 2048, 2048, 2049, 2048, 2048, 2048, 2048]","[2048, 2048, 2048, 2048, 2048, 2048, 2048]",285.0
1217,9149,81,52,2023-08-27T14:15:20.131000+00:00,25.387,26.552,22.469,,265.0,False,74.408,"[None, 2048, 2048, 2048, 2049, 2049, 2049, 2048]","[2048, 2048, 2048, 2048, 2048, 2049, 2048, 2048]","[2048, 2048, 2048, 2049, 2048, 2048, 2048]",
1217,9149,24,52,2023-08-27T14:15:25.256000+00:00,25.987,26.86,22.832,279.0,262.0,False,75.679,"[None, 2048, 2048, 2048, 2048, 2049, 2048, 2048]","[2048, 2048, 2048, 2048, 2048, 2048, 2048, 2048]","[2048, 2048, 2048, 2048, 2048, 2048]",291.0
1217,9149,18,52,2023-08-27T14:15:27.037000+00:00,25.853,27.102,22.812,289.0,266.0,False,75.767,"[None, 2048, 2048, 2048, 2048, 2048, 2048, 2048]","[2048, 2048, 2048, 2048, 2048, 2048, 2048, 2048]","[2048, 2048, 2048, 2048, 2048, 2048, 2048]",306.0
1217,9149,20,52,2023-08-27T14:15:31.678000+00:00,25.987,27.073,22.881,,263.0,False,75.941,"[None, 2048, 2048, 2048, 2049, 2049, 2049, 2048]","[2048, 2049, 2048, 2049, 2048, 2048, 2048, 2048]","[2049, 2048, 2048, 2048, 2048, 2048, 2048]",
1217,9149,27,52,2023-08-27T14:15:37.146000+00:00,25.587,26.522,22.562,286.0,263.0,False,74.671,"[None, 2048, 2048, 2049, 2048, 2049, 2049, 2048]","[2048, 2049, 2049, 2049, 2048, 2049, 2048, 2048]","[2048, 2048, 2048, 2049, 2048, 2048, 2048]",299.0
1217,9149,77,52,2023-08-27T14:15:38.584000+00:00,26.136,26.617,22.854,281.0,259.0,False,75.607,"[None, 2048, 2048, 2048, 2048, 2048, 2049, 2048]","[2048, 2048, 2048, 2048, 2048, 2048, 2048, 2048]","[2048, 2048, 2048, 2048, 2048, 2048, 2048]",291.0
1217,9149,40,52,2023-08-27T14:15:45.037000+00:00,25.915,26.494,22.844,,258.0,False,75.253,"[None, 2048, 2048, 2048, 2048, 2048, 2048, 2048]","[2048, 2048, 2048, 2048, 2048, 2048, 2048, 2048]","[2049, 2048, 2048, 2048, 2048, 2048]",295.0
1217,9149,1,53,2023-08-27T14:15:54.662000+00:00,25.601,26.166,22.505,287.0,264.0,False,74.272,"[None, 2048, 2048, 2048, 2049, 2048, 2048, 2048]","[2048, 2048, 2048, 2048, 2048, 2048, 2049, 2048]","[2048, 2048, 2048, 2048, 2049, 2049]",293.0
1217,9149,11,53,2023-08-27T14:16:01.958000+00:00,25.629,26.478,22.608,,265.0,False,74.715,"[None, 2048, 2048, 2048, 2048, 2048, 2049, 2048]","[2048, 2048, 2048, 2048, 2048, 2048, 2048, 2048]","[2048, 2048, 2048, 2048, 2048, 2048, 2048]",294.0
1217,9149,14,53,2023-08-27T14:16:15.380000+00:00,25.383,26.574,22.391,287.0,266.0,False,74.348,"[2048, 2049, 2048, 2048, 2048, 2048, 2051, 2048]","[2048, 2048, 2048, 2048, 2049, 2048, 2048, 2048]","[2048, 2048, 2048, 2049, 2048, 2048, 2048]",300.0
1217,9149,55,53,2023-08-27T14:16:16.614000+00:00,25.986,26.879,22.746,291.0,268.0,False,75.611,"[None, 2048, 2048, 2048, 2048, 2048, 2048, 2048]","[2048, 2048, 2049, 2048, 2048, 2048, 2048, 2048]","[2048, 2048, 2048, 2048, 2048, 2048, 2048]",305.0
1217,9149,10,53,2023-08-27T14:16:18.911000+00:00,25.874,26.47,22.492,287.0,266.0,False,74.836,"[None, 2048, 2048, 2048, 2048, 2048, 2048, 2048]","[2048, 2048, 2048, 2048, 2048, 2048, 2048, 2048]","[2049, 2049, 2048, 2048, 2048, 2048]",300.0
1217,9149,63,53,2023-08-27T14:16:23.739000+00:00,26.006,26.607,22.791,283.0,263.0,False,75.404,"[None, 2048, 2048, 2048, 2048, 2048, 2048, 2048]","[2048, 2048, 2049, 2048, 2048, 2048, 2048, 2048]","[2048, 2048, 2049, 2049, 2048, 2048, 2048]",298.0
1217,9149,23,53,2023-08-27T14:16:24.770000+00:00,25.769,26.828,22.799,288.0,267.0,False,75.396,"[None, 2048, 2048, 2048, 2048, 2048, 2048, 2048]","[2048, 2048, 2049, 2048, 2048, 2048, 2048, 2048]","[2048, 2048, 2048, 2048, 2048, 2048, 2048]",315.0
1217,9149,22,53,2023-08-27T14:16:25.052000+00:00,27.027,27.634,23.045,286.0,262.0,False,77.706,"[None, 2048, 2048, 2048, 2048, 2048, 2048, 2049]","[2049, 2048, 2048, 2048, 2048, 2048, 2048, 2048]","[2048, 2048, 2048, 2048, 2048, 2048]",286.0
1217,9149,31,53,2023-08-27T14:16:25.864000+00:00,26.156,27.83,22.721,285.0,276.0,False,76.707,"[None, 2048, 2048, 2048, 2048, 2048, 2049, 2049]","[2048, 2048, 2048, 2048, 2048, 2048, 2048, 2048]","[2048, 2048, 2048, 2048, 2049, 2049, 2048]",313.0
1217,9149,4,53,2023-08-27T14:16:26.333000+00:00,25.996,27.892,22.902,295.0,277.0,False,76.79,"[None, 2048, 2048, 2048, 2048, 2048, 2048, 2051]","[2049, 2048, 2048, 2048, 2048, 2048, 2048, 2049]","[2048, 2048, 2048, 2048, 2048, 2048, 2048]",297.0
1217,9149,44,53,2023-08-27T14:16:29.770000+00:00,25.472,26.57,22.579,288.0,267.0,False,74.621,"[None, 2048, 2049, 2049, 2049, 2048, 2049, 2048]","[2048, 2048, 2048, 2048, 2048, 2048, 2048, 2048]","[2048, 2048, 2048, 2048, 2048, 2048, 2048]",291.0
1217,9149,81,53,2023-08-27T14:16:34.552000+00:00,25.419,26.49,22.532,288.0,266.0,False,74.441,"[None, 2048, 2048, 2048, 2048, 2048, 2048, 2048]","[2048, 2048, 2048, 2049, 2048, 2048, 2048, 2048]","[2048, 2048, 2048, 2048, 2048, 2048, 2048]",
1217,9149,24,53,2023-08-27T14:16:40.958000+00:00,26.068,26.908,22.903,282.0,263.0,False,75.879,"[None, 2048, 2048, 2048, 2048, 2048, 2048, 2048]","[2048, 2048, 2048, 2048, 2048, 2048, 2048, 2048]","[2048, 2048, 2048, 2048, 2048, 2048, 2048]",292.0
1217,9149,18,53,2023-08-27T14:16:42.755000+00:00,25.843,27.057,22.882,287.0,267.0,False,75.782,"[None, 2048, 2048, 2048, 2048, 2048, 2048, 2048]","[2049, 2048, 2048, 2048, 2048, 2048, 2048, 2048]","[2048, 2048, 2048, 2048, 2048, 2048, 2048]",304.0
1217,9149,20,53,2023-08-27T14:16:47.645000+00:00,25.922,27.006,22.911,285.0,264.0,False,75.839,"[None, 2048, 2048, 2048, 2049, 2049, 2049, 2048]","[2048, 2049, 2048, 2048, 2048, 2048, 2048, 2048]","[2049, 2048, 2048, 2048, 2048, 2048, 2048]",300.0
1217,9149,27,53,2023-08-27T14:16:51.817000+00:00,25.502,26.475,22.495,,264.0,False,74.472,"[None, 2048, 2049, 2049, 2049, 2049, 2049, 2048]","[2048, 2049, 2049, 2049, 2048, 2048, 2048, 2048]","[2049, 2048, 2048, 2049, 2048, 2048, 2048]",
1217,9149,77,53,2023-08-27T14:16:54.161000+00:00,25.871,26.503,22.701,286.0,262.0,False,75.075,"[None, 2048, 2048, 2048, 2048, 2048, 2048, 2048]","[2048, 2049, 2049, 2049, 2048, 2048, 2048, 2048]","[2048, 2048, 2048, 2048, 2048, 2048, 2048]",292.0
1217,9149,40,53,2023-08-27T14:17:00.332000+00:00,25.807,26.511,22.802,284.0,258.0,False,75.12,"[None, 2049, 2048, 2048, 2049, 2048, 2049, 2048]","[2048, 2048, 2048, 2048, 2048, 2048, 2048, 2048]","[2048, 2048, 2048, 2049, 2048, 2048]",
1217,9149,1,54,2023-08-27T14:17:08.942000+00:00,25.54,26.334,22.382,,264.0,False,74.256,"[None, 2048, 2049, 2048, 2048, 2048, 2048, 2049]","[2048, 2048, 2048, 2048, 2048, 2048, 2048, 2048]","[2048, 2048, 2048, 2049, 2049, 2049, 2048]",291.0
1217,9149,11,54,2023-08-27T14:17:16.676000+00:00,25.637,26.739,22.63,284.0,264.0,False,75.006,"[None, 2048, 2048, 2048, 2048, 2048, 2049, 2048]","[2048, 2048, 2048, 2048, 2048, 2048, 2048, 2048]","[2048, 2048, 2048, 2048, 2048, 2048, 2048]",295.0
1217,9149,14,54,2023-08-27T14:17:29.847000+00:00,25.294,26.355,22.316,,265.0,False,73.965,"[None, 2048, 2049, 2048, 2048, 2049, 2049, 2048]","[2048, 2049, 2049, 2049, 2049, 2048, 2048, 2048]","[2048, 2049, 2048, 2049, 2048, 2048, 2048]",302.0
1217,9149,55,54,2023-08-27T14:17:32.207000+00:00,25.59,26.894,22.45,292.0,268.0,False,74.934,"[None, 2048, 2048, 2049, 2049, 2049, 2049, 2048]","[2048, 2048, 2048, 2048, 2048, 2048, 2048, 2048]","[2048, 2048, 2048, 2049, 2048, 2048, 2048]",
1217,9149,10,54,2023-08-27T14:17:33.800000+00:00,25.606,26.615,22.454,288.0,266.0,False,74.675,"[None, 2048, 2048, 2049, 2049, 2048, 2049, 2048]","[2048, 2048, 2048, 2048, 2048, 2048, 2048, 2048]","[2049, 2048, 2048, 2048, 2048, 2048, 2048]",301.0
1217,9149,63,54,2023-08-27T14:17:39.207000+00:00,25.706,26.742,22.676,,262.0,False,75.124,"[None, 2049, 2048, 2048, 2048, 2049, 2048, 2048]","[2048, 2048, 2048, 2048, 2048, 2048, 2048, 2048]","[2048, 2049, 2049, 2048, 2048, 2048]",
1217,9149,23,54,2023-08-27T14:17:40.285000+00:00,25.636,26.913,22.533,289.0,267.0,False,75.082,"[None, 2048, 2048, 2048, 2048, 2048, 2049, 2048]","[2049, 2048, 2048, 2048, 2048, 2048, 2048, 2048]","[2048, 2048, 2048, 2049, 2048, 2048, 2048]",306.0
1217,9149,31,54,2023-08-27T14:17:42.691000+00:00,25.769,26.771,22.846,282.0,262.0,False,75.386,"[None, 2048, 2048, 2048, 2048, 2048, 2048, 2048]","[2048, 2048, 2048, 2048, 2048, 2048, 2048, 2048]","[2048, 2048, 2048, 2048, 2048, 2048, 2048]",312.0
1217,9149,22,54,2023-08-27T14:17:42.957000+00:00,26.704,27.549,23.03,285.0,262.0,False,77.283,"[None, 2048, 2048, 2048, 2048, 2048, 2048, 2048]","[2048, 2048, 2048, 2048, 2048, 2048, 2048, 2048]","[2048, 2048, 2048, 2048, 2048, 2048, 2048]",289.0
1217,9149,4,54,2023-08-27T14:17:43.222000+00:00,26.338,27.83,22.685,276.0,275.0,False,76.853,"[None, 2048, 2048, 2048, 2048, 2048, 2051, 2048]","[2048, 2048, 2048, 2048, 2048, 2048, 2048, 2048]","[2048, 2048, 2048, 2048, 2048, 2048, 2048]",294.0
1217,9149,44,54,2023-08-27T14:17:44.363000+00:00,25.67,27.303,22.949,290.0,284.0,False,75.922,"[None, 2048, 2048, 2048, 2048, 2048, 2049, 2049]","[2049, 2048, 2048, 2048, 2048, 2048, 2048, 2049]","[2048, 2048, 2048, 2048, 2049, 2051, 2049]",290.0
1217,9149,81,54,2023-08-27T14:17:48.988000+00:00,25.392,26.446,22.461,286.0,267.0,False,74.299,"[None, 2048, 2048, 2048, 2048, 2048, 2048, 2048]","[2048, 2048, 2048, 2048, 2048, 2048, 2048, 2048]","[2049, 2048, 2048, 2048, 2048, 2048, 2048]",303.0
1217,9149,24,54,2023-08-27T14:17:56.816000+00:00,26.01,26.877,22.872,283.0,263.0,False,75.759,"[None, 2048, 2048, 2048, 2048, 2048, 2048, 2048]","[2048, 2048, 2048, 2048, 2048, 2048, 2048, 2048]","[2048, 2048, 2048, 2048, 2048, 2048, 2048]",296.0
1217,9149,18,54,2023-08-27T14:17:58.534000+00:00,25.869,26.937,22.812,288.0,266.0,False,75.618,"[None, 2048, 2048, 2048, 2048, 2048, 2048, 2048]","[2049, 2048, 2048, 2048, 2048, 2048, 2048, 2048]","[2048, 2048, 2049, 2048, 2048, 2048, 2048]",306.0
1217,9149,20,54,2023-08-27T14:18:03.534000+00:00,26.009,27.016,22.905,284.0,263.0,False,75.93,"[None, 2048, 2048, 2048, 2049, 2048, 2048, 2048]","[2048, 2048, 2048, 2048, 2048, 2048, 2048, 2048]","[2048, 2048, 2048, 2048, 2048, 2048, 2048]",
1217,9149,27,54,2023-08-27T14:18:06.300000+00:00,25.579,26.723,22.684,,261.0,False,74.986,"[None, 2049, 2048, 2048, 2048, 2048, 2048, 2048]","[2048, 2048, 2048, 2048, 2048, 2048, 2048, 2048]","[2048, 2048, 2048, 2048, 2048, 2048, 2048]",
1217,9149,77,54,2023-08-27T14:18:09.222000+00:00,25.777,26.698,22.822,284.0,263.0,False,75.297,"[None, 2048, 2048, 2048, 2049, 2048, 2048, 2048]","[2048, 2048, 2048, 2048, 2048, 2048, 2048, 2048]","[2048, 2048, 2048, 2048, 2048, 2048, 2048]",294.0
1217,9149,40,54,2023-08-27T14:18:15.518000+00:00,25.991,26.558,22.759,283.0,258.0,False,75.308,"[None, 2048, 2048, 2048, 2048, 2048, 2048, 2048]","[2048, 2048, 2048, 2048, 2048, 2048, 2048, 2048]","[2048, 2048, 2048, 2049, 2048, 2048, 2048]",296.0
1217,9149,1,55,2023-08-27T14:18:23.190000+00:00,25.593,26.415,22.407,286.0,263.0,False,74.415,"[None, 2048, 2048, 2048, 2048, 2048, 2049, 2048]","[2048, 2048, 2048, 2048, 2048, 2048, 2048, 2048]","[2049, 2048, 2048, 2048, 2048, 2048, 2048]",295.0
1217,9149,11,55,2023-08-27T14:18:31.737000+00:00,25.759,26.699,22.703,283.0,262.0,False,75.161,"[None, 2048, 2048, 2048, 2048, 2048, 2048, 2048]","[2048, 2048, 2048, 2048, 2048, 2048, 2048, 2048]","[2048, 2048, 2048, 2048, 2048, 2048, 2048]",291.0
1217,9149,14,55,2023-08-27T14:18:43.846000+00:00,25.159,26.364,22.339,286.0,265.0,False,73.862,"[None, 2048, 2049, 2048, 2051, 2049, 2049, 2048]","[2048, 2049, 2051, 2048, 2048, 2048, 2048, 2048]","[2048, 2048, 2048, 2048, 2048, 2048, 2048]",301.0
1217,9149,55,55,2023-08-27T14:18:47.143000+00:00,25.692,27.076,22.451,291.0,267.0,False,75.219,"[None, 2048, 2048, 2048, 2048, 2048, 2048, 2048]","[2048, 2048, 2048, 2048, 2048, 2048, 2048, 2048]","[2048, 2048, 2048, 2049, 2048, 2048]",
1217,9149,10,55,2023-08-27T14:18:48.455000+00:00,25.71,26.486,22.245,,276.0,False,74.441,"[None, 2048, 2048, 2048, 2049, 2048, 2048, 2048]","[2048, 2048, 2049, 2048, 2048, 2048, 2048, 2048]","[2048, 2048, 2048, 2048, 2048, 2048, 2048]",302.0
1217,9149,63,55,2023-08-27T14:18:54.393000+00:00,25.911,26.715,22.582,,261.0,False,75.208,"[None, 2048, 2048, 2048, 2048, 2048, 2048, 2048]","[2048, 2048, 2048, 2048, 2048, 2048, 2048, 2048]","[2048, 2049, 2048, 2049, 2048, 2048, 2048]",299.0
1217,9149,23,55,2023-08-27T14:18:55.377000+00:00,25.552,26.816,22.1,290.0,276.0,False,74.468,"[None, 2048, 2049, 2048, 2048, 2049, 2049, 2049]","[2048, 2048, 2048, 2049, 2048, 2048, 2048, 2048]","[2049, 2048, 2049, 2049, 2051, 2048]",307.0
1217,9149,31,55,2023-08-27T14:18:58.002000+00:00,25.887,26.583,22.699,284.0,263.0,False,75.169,"[None, 2048, 2048, 2048, 2048, 2048, 2048, 2048]","[2048, 2048, 2048, 2048, 2048, 2048, 2048, 2048]","[2048, 2048, 2048, 2048, 2048, 2048, 2048]",296.0
1217,9149,22,55,2023-08-27T14:18:59.940000+00:00,27.211,27.814,23.202,286.0,262.0,False,78.227,"[None, 2048, 2048, 2048, 2048, 2048, 2048, 2049]","[2048, 2048, 2048, 2048, 2048, 2048, 2048, 2048]","[2048, 2048, 2048, 2048, 2048, 2048, 2048]",291.0
1217,9149,4,55,2023-08-27T14:19:00.127000+00:00,25.544,26.865,22.588,287.0,264.0,False,74.997,"[None, 2049, 2048, 2048, 2048, 2048, 2048, 2048]","[2048, 2048, 2048, 2048, 2048, 2048, 2048, 2048]","[2048, 2048, 2048, 2048, 2048, 2048, 2048]",322.0
1217,9149,44,55,2023-08-27T14:19:00.377000+00:00,25.792,26.516,22.53,288.0,279.0,False,74.838,"[2049, 2048, 2048, 2049, 2048, 2048, 2049, 2048]","[2048, 2049, 2048, 2048, 2048, 2048, 2048, 2048]","[2048, 2048, 2049, 2048, 2049, 2048]",296.0
1217,9149,81,55,2023-08-27T14:19:03.299000+00:00,25.67,26.683,22.38,287.0,268.0,False,74.733,"[None, 2048, 2048, 2048, 2048, 2048, 2048, 2048]","[2048, 2048, 2048, 2048, 2048, 2048, 2048, 2048]","[2048, 2048, 2048, 2048, 2048, 2048]",306.0
1217,9149,24,55,2023-08-27T14:19:12.596000+00:00,26.09,26.928,22.896,282.0,263.0,False,75.914,"[None, 2048, 2048, 2048, 2048, 2048, 2048, 2048]","[2048, 2048, 2048, 2048, 2048, 2048, 2048, 2048]","[2048, 2048, 2048, 2048, 2048, 2048, 2048]",293.0
1217,9149,18,55,2023-08-27T14:19:14.174000+00:00,25.889,27.174,22.748,287.0,267.0,False,75.811,"[None, 2048, 2048, 2048, 2048, 2048, 2049, 2048]","[2048, 2048, 2048, 2048, 2048, 2048, 2048, 2048]","[2048, 2048, 2048, 2049, 2048, 2048, 2048]",305.0
1217,9149,20,55,2023-08-27T14:19:19.564000+00:00,26.052,27.154,23.089,,264.0,False,76.295,"[None, 2048, 2048, 2048, 2048, 2048, 2048, 2048]","[2048, 2048, 2048, 2048, 2048, 2048, 2048, 2048]","[2049, 2048, 2048, 2048, 2048, 2048, 2048]",301.0
1217,9149,27,55,2023-08-27T14:19:21.252000+00:00,25.481,26.749,22.256,287.0,266.0,False,74.486,"[None, 2048, 2048, 2049, 2048, 2049, 2049, 2048]","[2048, 2049, 2048, 2048, 2048, 2048, 2048, 2048]","[2048, 2048, 2048, 2048, 2049, 2048, 2048]",303.0
1217,9149,77,55,2023-08-27T14:19:24.549000+00:00,25.704,26.636,22.794,,264.0,False,75.134,"[None, 2048, 2048, 2048, 2049, 2048, 2049, 2048]","[2048, 2048, 2048, 2048, 2048, 2048, 2048, 2048]","[2048, 2048, 2048, 2048, 2048, 2048, 2048]",
1217,9149,40,55,2023-08-27T14:19:30.673000+00:00,25.898,26.627,22.839,,253.0,False,75.364,"[None, 2048, 2048, 2048, 2048, 2049, 2049, 2048]","[2048, 2048, 2048, 2048, 2048, 2048, 2048, 2048]","[2048, 2048, 2048, 2049, 2048, 2048, 2048]",292.0
1217,9149,1,56,2023-08-27T14:19:37.548000+00:00,25.549,26.332,22.529,,265.0,False,74.41,"[None, 2049, 2048, 2048, 2048, 2048, 2048, 2048]","[2048, 2048, 2048, 2048, 2048, 2048, 2048, 2048]","[2048, 2048, 2048, 2048, 2048, 2048, 2048]",303.0
1217,9149,11,56,2023-08-27T14:19:46.829000+00:00,25.496,26.535,22.625,287.0,263.0,False,74.656,"[None, 2048, 2048, 2049, 2048, 2049, 2049, 2049]","[2048, 2049, 2048, 2048, 2048, 2048, 2048, 2048]","[2048, 2048, 2048, 2048, 2048, 2048, 2048]",303.0
1217,9149,14,56,2023-08-27T14:19:57.610000+00:00,25.179,26.334,22.324,288.0,266.0,False,73.837,"[None, 2049, 2048, 2048, 2048, 2049, 2048, 2048]","[2048, 2048, 2051, 2049, 2048, 2048, 2048, 2048]","[2048, 2048, 2048, 2048, 2048, 2048]",302.0
1217,9149,55,56,2023-08-27T14:20:02.360000+00:00,25.777,26.808,22.408,292.0,268.0,False,74.993,"[None, 2048, 2048, 2048, 2048, 2049, 2048, 2048]","[2048, 2049, 2049, 2049, 2048, 2048, 2048, 2048]","[2048, 2049, 2048, 2048, 2048, 2048, 2048]",309.0
1217,9149,10,56,2023-08-27T14:20:02.876000+00:00,25.909,26.56,22.456,289.0,276.0,False,74.925,"[None, 2049, 2048, 2048, 2048, 2048, 2048, 2048]","[2048, 2048, 2048, 2048, 2048, 2048, 2048, 2048]","[2048, 2048, 2048, 2048, 2048, 2048]",324.0
1217,9149,63,56,2023-08-27T14:20:09.548000+00:00,26.503,26.939,22.861,286.0,275.0,False,76.303,"[None, 2048, 2048, 2048, 2048, 2048, 2048, 2048]","[2048, 2048, 2048, 2048, 2048, 2048, 2048, 2048]","[2048, 2048, 2048, 2048, 2048, 2048, 2048]",296.0
1217,9149,23,56,2023-08-27T14:20:09.829000+00:00,25.65,26.575,22.591,287.0,264.0,False,74.816,"[2049, 2048, 2048, 2048, 2048, 2048, 2048, 2048]","[2048, 2049, 2049, 2049, 2048, 2048, 2048, 2048]","[2048, 2049, 2048, 2048, 2048, 2048]",327.0
1217,9149,31,56,2023-08-27T14:20:13.157000+00:00,25.758,26.504,22.691,,266.0,False,74.953,"[None, 2048, 2048, 2048, 2048, 2048, 2048, 2048]","[2048, 2048, 2048, 2048, 2048, 2048, 2048, 2048]","[2048, 2048, 2048, 2048, 2048, 2048]",298.0
1217,9149,4,56,2023-08-27T14:20:14.985000+00:00,26.347,27.122,22.687,,266.0,False,76.156,"[None, 2048, 2048, 2048, 2048, 2048, 2048, 2048]","[2048, 2048, 2048, 2048, 2048, 2048, 2048, 2048]","[2048, 2048, 2048, 2048, 2048, 2048, 2048]",301.0
1217,9149,44,56,2023-08-27T14:20:15.360000+00:00,25.274,26.453,22.436,286.0,266.0,False,74.163,"[2048, 2051, 2048, 2049, 2049, 2051, 2049, 2048]","[2048, 2049, 2048, 2049, 2048, 2048, 2048, 2048]","[2048, 2048, 2048, 2049, 2048, 2048]",324.0
1217,9149,81,56,2023-08-27T14:20:17.938000+00:00,25.56,26.758,22.649,,267.0,False,74.967,"[None, 2048, 2048, 2048, 2048, 2048, 2048, 2048]","[2048, 2048, 2049, 2048, 2048, 2048, 2048, 2048]","[2048, 2048, 2048, 2048, 2048, 2048, 2048]",318.0
1217,9149,22,56,2023-08-27T14:20:18.219000+00:00,26.695,27.592,23.258,285.0,263.0,False,77.545,"[None, 2048, 2048, 2049, 2048, 2048, 2048, 2048]","[2048, 2048, 2048, 2048, 2048, 2048, 2048, 2048]","[2048, 2048, 2048, 2048, 2048, 2048, 2048]",287.0
1217,9149,24,56,2023-08-27T14:20:28.485000+00:00,25.939,26.983,22.801,283.0,262.0,False,75.723,"[None, 2048, 2048, 2049, 2048, 2048, 2048, 2048]","[2048, 2048, 2048, 2048, 2048, 2048, 2048, 2048]","[2048, 2048, 2048, 2048, 2048, 2048, 2048]",295.0
1217,9149,18,56,2023-08-27T14:20:29.985000+00:00,25.839,27.092,22.81,289.0,267.0,False,75.741,"[None, 2048, 2048, 2048, 2048, 2048, 2048, 2048]","[2049, 2049, 2049, 2048, 2048, 2048, 2048, 2048]","[2048, 2048, 2048, 2048, 2048, 2048, 2048]",
1217,9149,20,56,2023-08-27T14:20:35.672000+00:00,26.61,27.366,22.885,288.0,264.0,False,76.861,"[None, 2048, 2048, 2048, 2048, 2048, 2048, 2048]","[2048, 2048, 2048, 2048, 2048, 2048, 2048, 2048]","[2048, 2048, 2048, 2048, 2048, 2048, 2048]",295.0
1217,9149,27,56,2023-08-27T14:20:35.907000+00:00,25.402,26.668,22.546,284.0,262.0,False,74.616,"[None, 2048, 2048, 2048, 2049, 2048, 2049, 2048]","[2048, 2048, 2048, 2049, 2048, 2048, 2048, 2048]","[2048, 2048, 2048, 2048, 2048, 2048]",324.0
1217,9149,77,56,2023-08-27T14:20:39.657000+00:00,25.94,26.772,22.941,,261.0,False,75.653,"[None, 2048, 2048, 2048, 2048, 2048, 2048, 2048]","[2048, 2049, 2048, 2048, 2048, 2048, 2048, 2048]","[2048, 2048, 2048, 2048, 2048, 2048, 2048]",292.0
1217,9149,40,56,2023-08-27T14:20:46.016000+00:00,25.955,26.676,22.794,284.0,258.0,False,75.425,"[None, 2048, 2048, 2048, 2048, 2048, 2048, 2048]","[2048, 2048, 2048, 2048, 2048, 2048, 2048, 2048]","[2048, 2048, 2048, 2048, 2048, 2048, 2048]",298.0
1217,9149,1,57,2023-08-27T14:20:51.969000+00:00,25.59,26.093,22.413,288.0,263.0,False,74.096,"[None, 2048, 2048, 2048, 2048, 2048, 2048, 2048]","[2049, 2048, 2049, 2048, 2048, 2048, 2048, 2048]","[2048, 2048, 2048, 2048, 2048, 2048, 2048]",302.0
1217,9149,11,57,2023-08-27T14:21:01.484000+00:00,25.445,26.367,22.503,286.0,262.0,False,74.315,"[None, 2048, 2049, 2048, 2048, 2049, 2049, 2049]","[2048, 2048, 2049, 2051, 2048, 2048, 2048, 2048]","[2048, 2049, 2048, 2048, 2048, 2048]",298.0
1217,9149,14,57,2023-08-27T14:21:11.484000+00:00,25.323,26.55,22.446,286.0,265.0,False,74.319,"[None, 2048, 2048, 2048, 2048, 2048, 2048, 2048]","[2048, 2048, 2048, 2048, 2048, 2048, 2048, 2048]","[2048, 2048, 2048, 2048, 2048, 2048, 2048]",303.0
1217,9149,55,57,2023-08-27T14:21:17.343000+00:00,25.898,26.876,22.395,289.0,266.0,False,75.169,"[None, 2048, 2048, 2048, 2048, 2048, 2049, 2048]","[2048, 2048, 2048, 2049, 2048, 2048, 2048, 2048]","[2048, 2048, 2048, 2049, 2048, 2048, 2048]",308.0
1217,9149,10,57,2023-08-27T14:21:17.781000+00:00,26.078,26.678,22.325,286.0,271.0,False,75.081,"[None, 2048, 2048, 2048, 2048, 2048, 2048, 2048]","[2048, 2048, 2049, 2048, 2048, 2048, 2048, 2048]","[2048, 2048, 2048, 2049, 2048, 2048, 2048]",316.0
1217,9149,23,57,2023-08-27T14:21:24.531000+00:00,25.511,26.626,22.573,,263.0,False,74.71,"[2048, 2048, 2048, 2048, 2049, 2049, 2048, 2048]","[2048, 2049, 2048, 2048, 2048, 2048, 2048, 2048]","[2048, 2048, 2048, 2048, 2048, 2048, 2048]",303.0
1217,9149,63,57,2023-08-27T14:21:25.874000+00:00,25.889,26.904,22.811,285.0,262.0,False,75.604,"[None, 2048, 2048, 2048, 2048, 2048, 2048, 2048]","[2048, 2048, 2048, 2048, 2048, 2048, 2048, 2048]","[2048, 2048, 2048, 2048, 2048, 2048, 2048]",299.0
1217,9149,31,57,2023-08-27T14:21:28.109000+00:00,25.639,26.672,22.712,285.0,264.0,False,75.023,"[None, 2048, 2048, 2048, 2048, 2049, 2048, 2048]","[2048, 2048, 2048, 2048, 2048, 2048, 2048, 2048]","[2048, 2048, 2048, 2048, 2048, 2048, 2048]",297.0
1217,9149,44,57,2023-08-27T14:21:29.203000+00:00,25.273,26.541,22.149,,277.0,False,73.963,"[None, 2048, 2049, 2048, 2049, 2051, 2049, 2048]","[2048, 2049, 2049, 2048, 2048, 2048, 2048, 2048]","[2048, 2048, 2048, 2048, 2048, 2048, 2048]",294.0
1217,9149,4,57,2023-08-27T14:21:31.140000+00:00,25.687,26.829,22.536,,265.0,False,75.052,"[None, 2048, 2048, 2048, 2048, 2048, 2048, 2048]","[2048, 2049, 2049, 2048, 2048, 2048, 2048, 2048]","[2048, 2048, 2048, 2051, 2048, 2048, 2048]",295.0
1217,9149,81,57,2023-08-27T14:21:32.984000+00:00,25.605,26.824,22.526,289.0,266.0,False,74.955,"[None, 2048, 2048, 2048, 2048, 2048, 2048, 2048]","[2048, 2048, 2048, 2049, 2048, 2048, 2048, 2048]","[2048, 2048, 2048, 2048, 2048, 2048, 2048]",302.0
1217,9149,22,57,2023-08-27T14:21:35.671000+00:00,26.468,27.665,23.058,284.0,261.0,False,77.191,"[None, 2048, 2048, 2048, 2048, 2048, 2048, 2048]","[2048, 2048, 2048, 2048, 2048, 2048, 2048, 2048]","[2048, 2048, 2048, 2048, 2048, 2048]",298.0
1217,9149,24,57,2023-08-27T14:21:44.202000+00:00,25.938,27.147,22.947,,262.0,False,76.032,"[None, 2048, 2048, 2048, 2048, 2048, 2048, 2048]","[2048, 2048, 2048, 2048, 2048, 2048, 2048, 2048]","[2048, 2048, 2048, 2048, 2048, 2048, 2048]",293.0
1217,9149,18,57,2023-08-27T14:21:45.702000+00:00,25.728,27.283,22.887,,267.0,False,75.898,"[None, 2048, 2048, 2048, 2049, 2048, 2048, 2048]","[2048, 2048, 2048, 2048, 2048, 2048, 2048, 2048]","[2048, 2048, 2048, 2048, 2048, 2048, 2048]",306.0
1217,9149,27,57,2023-08-27T14:21:50.280000+00:00,25.582,26.792,22.64,283.0,261.0,False,75.014,"[None, 2048, 2048, 2048, 2048, 2048, 2048, 2048]","[2048, 2048, 2048, 2048, 2048, 2048, 2048, 2048]","[2049, 2048, 2048, 2048, 2048, 2048, 2048]",296.0
1217,9149,20,57,2023-08-27T14:21:52.561000+00:00,26.19,27.351,22.912,286.0,263.0,False,76.453,"[None, 2048, 2048, 2048, 2048, 2048, 2048, 2048]","[2048, 2048, 2048, 2048, 2048, 2048, 2048, 2048]","[2048, 2048, 2048, 2048, 2048, 2048, 2048]",303.0
1217,9149,77,57,2023-08-27T14:21:55.327000+00:00,25.899,26.733,22.677,,262.0,False,75.309,"[None, 2048, 2048, 2048, 2048, 2048, 2048, 2048]","[2048, 2049, 2048, 2048, 2048, 2048, 2048, 2048]","[2048, 2048, 2048, 2049, 2048, 2048, 2048]",291.0
1217,9149,40,57,2023-08-27T14:22:01.468000+00:00,26.026,26.693,22.713,,257.0,False,75.432,"[None, 2048, 2048, 2048, 2048, 2048, 2048, 2048]","[2048, 2048, 2048, 2048, 2048, 2048, 2048, 2048]","[2048, 2048, 2048, 2049, 2048, 2048, 2048]",297.0
1217,9149,1,58,2023-08-27T14:22:06.124000+00:00,25.495,26.078,22.316,,266.0,False,73.889,"[None, 2049, 2048, 2048, 2049, 2049, 2049, 2049]","[2049, 2051, 2051, 2051, 2048, 2048, 2048, 2048]","[2049, 2048, 2048, 2049, 2049, 2049, 2049]",303.0
1217,9149,11,58,2023-08-27T14:22:15.842000+00:00,25.5,26.306,22.507,,265.0,False,74.313,"[None, 2048, 2048, 2049, 2048, 2048, 2049, 2048]","[2048, 2049, 2049, 2048, 2048, 2048, 2048, 2048]","[2048, 2048, 2048, 2048, 2048, 2048, 2048]",299.0
1217,9149,14,58,2023-08-27T14:22:25.842000+00:00,25.221,26.535,22.249,287.0,266.0,False,74.005,"[None, 2048, 2048, 2048, 2048, 2048, 2048, 2048]","[2048, 2048, 2048, 2049, 2048, 2048, 2048, 2048]","[2049, 2048, 2048, 2049, 2048, 2048, 2048]",302.0
1217,9149,55,58,2023-08-27T14:22:32.561000+00:00,25.997,26.897,22.405,287.0,263.0,False,75.299,"[None, 2048, 2048, 2048, 2048, 2048, 2048, 2048]","[2048, 2048, 2048, 2048, 2048, 2048, 2048, 2048]","[2048, 2049, 2048, 2048, 2048, 2048, 2048]",307.0
1217,9149,10,58,2023-08-27T14:22:32.873000+00:00,26.482,26.619,22.385,,274.0,False,75.486,"[None, 2048, 2048, 2048, 2048, 2048, 2048, 2048]","[2048, 2048, 2048, 2048, 2048, 2048, 2048, 2048]","[2048, 2048, 2048, 2048, 2048, 2048, 2048]",315.0
1217,9149,23,58,2023-08-27T14:22:39.373000+00:00,25.62,26.58,22.413,288.0,264.0,False,74.613,"[None, 2048, 2048, 2048, 2048, 2048, 2048, 2048]","[2048, 2049, 2048, 2048, 2048, 2048, 2048, 2048]","[2048, 2049, 2048, 2048, 2048, 2048, 2048]",302.0
1217,9149,63,58,2023-08-27T14:22:41.795000+00:00,25.971,26.624,22.675,284.0,263.0,False,75.27,"[None, 2048, 2048, 2048, 2048, 2048, 2048, 2048]","[2048, 2048, 2048, 2048, 2048, 2048, 2048, 2048]","[2048, 2048, 2048, 2048, 2048, 2048, 2048]",
1217,9149,31,58,2023-08-27T14:22:43.139000+00:00,26.302,26.785,22.888,289.0,266.0,False,75.975,"[None, 2048, 2048, 2048, 2048, 2048, 2048, 2049]","[2048, 2048, 2048, 2048, 2048, 2048, 2048, 2048]","[2048, 2048, 2048, 2048, 2048, 2048, 2048]",288.0
1217,9149,44,58,2023-08-27T14:22:43.357000+00:00,25.26,26.466,22.178,287.0,263.0,False,73.904,"[None, 2048, 2048, 2048, 2048, 2048, 2049, 2048]","[2048, 2048, 2048, 2048, 2048, 2048, 2048, 2048]","[2048, 2048, 2048, 2049, 2048, 2048, 2048]",324.0
1217,9149,4,58,2023-08-27T14:22:46.217000+00:00,25.717,26.736,22.623,,266.0,False,75.076,"[None, 2048, 2048, 2048, 2048, 2048, 2048, 2048]","[2048, 2049, 2048, 2048, 2048, 2048, 2048, 2048]","[2048, 2048, 2048, 2048, 2048, 2048, 2048]",300.0
1217,9149,81,58,2023-08-27T14:22:47.982000+00:00,25.53,26.779,22.473,,266.0,False,74.782,"[None, 2048, 2048, 2048, 2048, 2048, 2049, 2048]","[2048, 2048, 2048, 2048, 2048, 2048, 2048, 2048]","[2051, 2048, 2048, 2049, 2048, 2048, 2048]",305.0
1217,9149,22,58,2023-08-27T14:22:52.873000+00:00,26.565,27.528,23.104,,261.0,False,77.197,"[None, 2048, 2048, 2048, 2048, 2048, 2048, 2048]","[2048, 2048, 2048, 2048, 2048, 2048, 2048, 2048]","[2048, 2048, 2048, 2048, 2048, 2048, 2048]",295.0
1217,9149,24,58,2023-08-27T14:23:00.279000+00:00,25.968,26.894,23.033,,261.0,False,75.895,"[None, 2048, 2048, 2048, 2049, 2048, 2049, 2048]","[2048, 2048, 2048, 2048, 2048, 2048, 2048, 2048]","[2048, 2048, 2048, 2048, 2048, 2048, 2048]",291.0
1217,9149,18,58,2023-08-27T14:23:01.638000+00:00,25.766,27.394,22.946,,267.0,False,76.106,"[None, 2048, 2048, 2049, 2048, 2048, 2049, 2048]","[2049, 2048, 2048, 2048, 2048, 2048, 2048, 2048]","[2048, 2048, 2048, 2048, 2048, 2048, 2048]",
1217,9149,27,58,2023-08-27T14:23:05.373000+00:00,25.606,26.596,22.678,286.0,264.0,False,74.88,"[None, 2048, 2048, 2048, 2048, 2048, 2049, 2048]","[2048, 2049, 2049, 2049, 2048, 2048, 2048, 2048]","[2048, 2048, 2048, 2048, 2048, 2048, 2048]",301.0
1217,9149,20,58,2023-08-27T14:23:09.013000+00:00,26.253,27.306,23.001,,263.0,False,76.56,"[None, 2048, 2048, 2048, 2048, 2048, 2048, 2048]","[2048, 2048, 2048, 2048, 2048, 2048, 2048, 2048]","[2048, 2048, 2048, 2048, 2048, 2048]",300.0
1217,9149,77,58,2023-08-27T14:23:10.607000+00:00,26.128,26.804,23.063,285.0,263.0,False,75.995,"[None, 2048, 2048, 2048, 2048, 2048, 2048, 2048]","[2048, 2048, 2048, 2048, 2048, 2048, 2048, 2048]","[2048, 2048, 2048, 2048, 2048, 2048, 2048]",292.0
1217,9149,40,58,2023-08-27T14:23:16.935000+00:00,25.795,26.546,22.74,,258.0,False,75.081,"[None, 2049, 2048, 2048, 2048, 2048, 2049, 2048]","[2048, 2048, 2049, 2049, 2048, 2048, 2048, 2048]","[2048, 2048, 2048, 2048, 2048, 2048, 2048]",296.0
1217,9149,1,59,2023-08-27T14:23:19.966000+00:00,25.379,26.248,22.316,,266.0,False,73.943,"[None, 2048, 2048, 2048, 2049, 2048, 2049, 2049]","[2049, 2048, 2048, 2048, 2048, 2048, 2048, 2048]","[2048, 2048, 2048, 2048, 2049, 2049, 2049]",305.0
1217,9149,11,59,2023-08-27T14:23:30.122000+00:00,25.463,26.255,22.513,,264.0,False,74.231,"[None, 2048, 2048, 2049, 2049, 2048, 2048, 2048]","[2048, 2051, 2048, 2048, 2048, 2048, 2048, 2048]","[2048, 2048, 2048, 2048, 2048, 2049, 2049]",
1217,9149,14,59,2023-08-27T14:23:39.825000+00:00,25.304,26.39,22.464,288.0,267.0,False,74.158,"[None, 2048, 2048, 2048, 2048, 2048, 2048, 2049]","[2048, 2048, 2049, 2048, 2048, 2048, 2048, 2048]","[2051, 2048, 2048, 2048, 2048, 2048, 2048]",
1217,9149,55,59,2023-08-27T14:23:47.809000+00:00,25.909,26.894,22.485,,265.0,False,75.288,"[None, 2048, 2048, 2048, 2048, 2048, 2048, 2048]","[2048, 2048, 2048, 2048, 2048, 2048, 2048, 2048]","[2048, 2048, 2048, 2048, 2048, 2048, 2048]",306.0
1217,9149,10,59,2023-08-27T14:23:48.356000+00:00,26.015,26.533,22.443,285.0,277.0,False,74.991,"[None, 2048, 2048, 2048, 2048, 2048, 2048, 2048]","[2048, 2048, 2048, 2048, 2048, 2048, 2048, 2048]","[2048, 2048, 2048, 2048, 2048, 2048, 2048]",309.0
1217,9149,23,59,2023-08-27T14:23:53.966000+00:00,25.432,26.618,22.433,286.0,265.0,False,74.483,"[None, 2048, 2048, 2048, 2049, 2048, 2049, 2048]","[2048, 2048, 2049, 2048, 2048, 2048, 2048, 2048]","[2048, 2048, 2048, 2049, 2048, 2048]",
1217,9149,63,59,2023-08-27T14:23:56.731000+00:00,25.89,27.666,23.276,283.0,229.0,False,76.832,"[None, 2048, 2048, 2048, 2048, 2048, 2048, 2048]","[2048, 2048, 2048, 2048, 2048, 2048, 2048, 2048]","[2048, 2048, 2048, 2048, 2049, 2048]",300.0
1217,9149,44,59,2023-08-27T14:23:57.091000+00:00,25.707,27.411,22.552,291.0,277.0,False,75.67,"[None, 2048, 2048, 2048, 2048, 2048, 2049, 2049]","[2048, 2048, 2048, 2048, 2048, 2048, 2048, 2048]","[2048, 2048, 2048, 2048, 2048, 2048, 2048]",309.0
1217,9149,31,59,2023-08-27T14:23:59.106000+00:00,25.705,26.9,22.689,286.0,267.0,False,75.294,"[None, 2048, 2048, 2048, 2048, 2048, 2048, 2048]","[2048, 2048, 2048, 2048, 2048, 2048, 2048, 2048]","[2048, 2048, 2048, 2048, 2049, 2049, 2049]",298.0
1217,9149,4,59,2023-08-27T14:24:01.247000+00:00,25.616,26.86,22.609,286.0,268.0,False,75.085,"[None, 2048, 2048, 2048, 2048, 2048, 2048, 2048]","[2048, 2048, 2048, 2048, 2048, 2048, 2048, 2048]","[2048, 2048, 2048, 2048, 2048, 2048, 2048]",295.0
1217,9149,81,59,2023-08-27T14:24:02.731000+00:00,25.569,26.646,22.558,288.0,267.0,False,74.773,"[None, 2048, 2048, 2048, 2048, 2048, 2048, 2048]","[2048, 2048, 2049, 2049, 2048, 2048, 2048, 2048]","[2048, 2048, 2048, 2048, 2048, 2048, 2048]",304.0
1217,9149,22,59,2023-08-27T14:24:10.356000+00:00,26.315,27.458,23.187,283.0,261.0,False,76.96,"[None, 2048, 2048, 2048, 2048, 2048, 2049, 2048]","[2048, 2048, 2048, 2048, 2048, 2048, 2048, 2048]","[2048, 2048, 2048, 2048, 2048, 2048, 2048]",291.0
1217,9149,24,59,2023-08-27T14:24:16.137000+00:00,25.97,26.996,23.002,,263.0,False,75.968,"[None, 2048, 2048, 2049, 2048, 2048, 2048, 2048]","[2049, 2048, 2048, 2048, 2048, 2048, 2048, 2048]","[2048, 2048, 2048, 2048, 2048, 2048, 2048]",293.0
1217,9149,18,59,2023-08-27T14:24:17.715000+00:00,25.904,27.243,22.831,288.0,267.0,False,75.978,"[None, 2048, 2048, 2048, 2049, 2048, 2049, 2048]","[2048, 2048, 2048, 2048, 2048, 2048, 2048, 2048]","[2048, 2048, 2048, 2048, 2048, 2048, 2048]",305.0
1217,9149,27,59,2023-08-27T14:24:20.340000+00:00,25.786,26.832,22.649,285.0,265.0,False,75.267,"[None, 2048, 2048, 2048, 2048, 2048, 2048, 2048]","[2048, 2048, 2048, 2048, 2048, 2048, 2048, 2048]","[2049, 2048, 2048, 2048, 2048, 2048, 2048]",299.0
1217,9149,20,59,2023-08-27T14:24:25.574000+00:00,26.191,27.324,23.006,285.0,263.0,False,76.521,"[None, 2048, 2048, 2048, 2048, 2048, 2048, 2048]","[2048, 2048, 2048, 2048, 2048, 2048, 2048, 2048]","[2048, 2048, 2048, 2048, 2048, 2048, 2048]",299.0
1217,9149,77,59,2023-08-27T14:24:26.637000+00:00,26.114,26.786,27.855,286.0,274.0,False,80.755,"[None, 2048, 2048, 2048, 2048, 2048, 2048, 2048]","[2048, 2048, 2048, 2048, 2048, 2048, 2048, 2048]","[2048, 2048, 2048, 2048, 2049, 2048, 2064]",297.0
1217,9149,40,59,2023-08-27T14:24:32.043000+00:00,25.745,26.603,26.918,285.0,259.0,False,79.266,"[None, 2048, 2048, 2048, 2048, 2048, 2048, 2049]","[2048, 2049, 2049, 2048, 2048, 2048, 2048, 2048]","[2048, 2048, 2048, 2048, 2048, 2048, 2064]",298.0
1217,9149,1,60,2023-08-27T14:24:33.902000+00:00,25.523,26.41,22.569,289.0,266.0,False,74.502,"[2049, 2048, 2048, 2049, 2048, 2048, 2048, 2048]","[2049, 2048, 2048, 2048, 2048, 2048, 2048, 2048]","[2048, 2048, 2048, 2048, 2048, 2048, 2048]",
1217,9149,11,60,2023-08-27T14:24:44.371000+00:00,25.403,26.264,26.682,,265.0,False,78.349,"[None, 2048, 2048, 2048, 2048, 2049, 2048, 2048]","[2048, 2048, 2051, 2048, 2048, 2048, 2048, 2048]","[2048, 2048, 2049, 2048, 2048, 2048, 2064]",303.0
1217,9149,14,60,2023-08-27T14:24:54.011000+00:00,25.254,26.421,22.734,286.0,267.0,False,74.409,"[None, 2048, 2048, 2048, 2051, 2048, 2048, 2048]","[2048, 2048, 2048, 2048, 2048, 2048, 2048, 2048]","[2048, 2048, 2048, 2048, 2048, 2048, 2048]",301.0
1217,9149,55,60,2023-08-27T14:25:03.355000+00:00,26.247,27.324,28.273,291.0,266.0,False,81.844,"[None, 2048, 2048, 2048, 2048, 2048, 2048, 2049]","[2048, 2048, 2048, 2048, 2048, 2048, 2048, 2048]","[2048, 2048, 2048, 2048, 2048, 2048, 2064]",307.0
1217,9149,10,60,2023-08-27T14:25:03.355000+00:00,25.541,26.35,28.464,283.0,263.0,False,80.355,"[None, 2049, 2048, 2048, 2048, 2048, 2048, 2048]","[2048, 2049, 2049, 2048, 2048, 2048, 2048, 2048]","[2048, 2048, 2048, 2048, 2048, 2048, 2064]",323.0
1217,9149,23,60,2023-08-27T14:25:08.480000+00:00,26.253,26.842,23.766,,264.0,False,76.861,"[None, 2048, 2048, 2048, 2048, 2048, 2048, 2048]","[2048, 2048, 2048, 2048, 2048, 2048, 2048, 2048]","[2048, 2048, 2048, 2048, 2048, 2048]",304.0
1217,9149,44,60,2023-08-27T14:25:12.745000+00:00,25.543,26.186,28.142,284.0,264.0,False,79.871,"[None, 2048, 2048, 2048, 2048, 2048, 2048, 2048]","[2048, 2048, 2049, 2048, 2048, 2048, 2048, 2048]","[2048, 2048, 2048, 2048, 2048, 2048, 2064]",298.0
1217,9149,63,60,2023-08-27T14:25:13.558000+00:00,26.215,26.799,29.693,285.0,264.0,False,82.707,"[None, 2048, 2048, 2048, 2048, 2048, 2048, 2048]","[2048, 2048, 2048, 2048, 2048, 2048, 2048, 2048]","[2048, 2048, 2048, 2048, 2048, 2048, 2064]",315.0
1217,9149,31,60,2023-08-27T14:25:14.417000+00:00,26.171,26.723,24.099,287.0,276.0,False,76.993,"[None, 2048, 2048, 2048, 2048, 2048, 2048, 2048]","[2048, 2048, 2048, 2048, 2048, 2048, 2048, 2048]","[2048, 2048, 2048, 2048, 2048, 2048, 2048]",315.0
1217,9149,4,60,2023-08-27T14:25:16.417000+00:00,26.044,26.806,28.324,287.0,266.0,False,81.174,"[None, 2048, 2048, 2048, 2048, 2048, 2048, 2048]","[2048, 2048, 2048, 2048, 2048, 2048, 2048, 2048]","[2048, 2048, 2048, 2048, 2048, 2048, 2064]",302.0
1217,9149,81,60,2023-08-27T14:25:17.480000+00:00,25.913,26.721,33.068,289.0,277.0,False,85.702,"[None, 2048, 2048, 2048, 2048, 2048, 2048, 2048]","[2048, 2048, 2048, 2049, 2048, 2048, 2048, 2048]","[2048, 2048, 2048, 2048, 2048, 2048, 2064]",306.0
1217,9149,22,60,2023-08-27T14:25:27.026000+00:00,26.98,27.45,31.428,282.0,259.0,False,85.858,"[None, 2048, 2048, 2048, 2048, 2048, 2048, 2048]","[2048, 2048, 2048, 2048, 2048, 2048, 2048, 2048]","[2048, 2048, 2048, 2048, 2048, 2048, 2064]",292.0
1217,9149,24,60,2023-08-27T14:25:32.073000+00:00,26.502,27.033,30.513,282.0,262.0,False,84.048,"[None, 2048, 2048, 2048, 2048, 2048, 2048, 2048]","[2048, 2048, 2048, 2048, 2048, 2048, 2048, 2048]","[2048, 2048, 2048, 2048, 2048, 2048, 2064]",292.0
1217,9149,18,60,2023-08-27T14:25:33.714000+00:00,26.575,27.218,32.803,287.0,266.0,False,86.596,"[None, 2048, 2048, 2048, 2048, 2048, 2048, 2048]","[2048, 2048, 2048, 2048, 2048, 2048, 2048, 2048]","[2048, 2048, 2048, 2048, 2048, 2048, 2064]",
1217,9149,27,60,2023-08-27T14:25:35.714000+00:00,26.04,27.267,32.047,287.0,263.0,False,85.354,"[None, 2048, 2048, 2048, 2048, 2048, 2048, 2048]","[2048, 2048, 2048, 2048, 2048, 2048, 2048, 2048]","[2048, 2048, 2048, 2048, 2048, 2048, 2064]",303.0
1217,9149,20,60,2023-08-27T14:25:42.073000+00:00,27.166,27.519,34.609,284.0,263.0,False,89.294,"[None, 2048, 2048, 2048, 2048, 2048, 2048, 2048]","[2048, 2048, 2048, 2048, 2048, 2048, 2048, 2048]","[2048, 2048, 2048, 2048, 2048, 2048, 2064]",
1217,9149,77,60,2023-08-27T14:25:47.479000+00:00,45.804,28.27,25.282,279.0,260.0,True,99.356,"[2064, 2064, 2064, 2048, 2048, 2048, 2048, 2048]","[2048, 2048, 2048, 2048, 2048, 2048, 2048, 2048]","[2048, 2048, 2048, 2048, 2048, 2048, 2048]",
1217,9149,1,61,2023-08-27T14:25:48.401000+00:00,25.955,26.345,32.382,286.0,264.0,False,84.682,"[2048, 2048, 2048, 2048, 2048, 2048, 2048, 2048]","[2048, 2048, 2048, 2048, 2048, 2048, 2048, 2048]","[2048, 2048, 2048, 2048, 2048, 2048, 2064]",292.0
1217,9149,40,60,2023-08-27T14:25:51.213000+00:00,46.163,28.979,25.801,283.0,262.0,True,100.943,"[2064, 2064, 2064, 2048, 2048, 2048, 2048, 2048]","[2048, 2048, 2048, 2048, 2048, 2048, 2048, 2048]","[2048, 2048, 2048, 2048, 2048, 2048, 2048]",
1217,9149,11,61,2023-08-27T14:26:02.745000+00:00,55.206,29.265,25.379,275.0,263.0,True,109.85,"[2064, 2064, 2064, 2048, 2048, 2048, 2048, 2048]","[2048, 2048, 2048, 2048, 2048, 2048, 2048, 2048]","[2048, 2048, 2048, 2048, 2048, 2048, 2048]",
1217,9149,14,61,2023-08-27T14:26:08.401000+00:00,27.02,29.501,32.615,278.0,265.0,False,89.136,"[None, 2048, 2048, 2048, 2048, 2048, 2048, 2048]","[2048, 2048, 2048, 2048, 2048, 2048, 2048, 2048]","[2048, 2048, 2048, 2048, 2048, 2048, 2064]",288.0
1217,9149,10,61,2023-08-27T14:26:23.635000+00:00,46.767,28.441,25.187,281.0,262.0,True,100.395,"[2064, 2064, 2064, 2048, 2048, 2048, 2048, 2048]","[2048, 2048, 2048, 2048, 2048, 2048, 2048, 2048]","[2048, 2048, 2048, 2048, 2048, 2048, 2048]",
1217,9149,55,61,2023-08-27T14:26:25.041000+00:00,46.99,29.053,24.806,283.0,267.0,True,100.849,"[2064, 2064, 2064, 2048, 2048, 2048, 2048, 2048]","[2048, 2048, 2048, 2048, 2048, 2048, 2048, 2048]","[2048, 2048, 2048, 2048, 2048, 2048, 0]",
1217,9149,23,61,2023-08-27T14:26:25.354000+00:00,28.918,31.222,33.811,270.0,256.0,False,93.951,"[None, 2048, 2048, 2048, 2048, 2048, 2048, 2048]","[2048, 2048, 2048, 2048, 2048, 2048, 2048, 2048]","[2048, 2048, 2048, 2048, 2048, 2048, 2064]",285.0
1217,9149,31,61,2023-08-27T14:26:31.275000+00:00,29.549,30.813,33.526,258.0,233.0,False,93.888,"[None, 2048, 2048, 2048, 2048, 2048, 2048, 2048]","[2048, 2048, 2048, 2048, 2048, 2048, 2048, 2048]","[2048, 2048, 2048, 2048, 2048, 2048, 2064]",257.0
1217,9149,44,61,2023-08-27T14:26:32.775000+00:00,47.354,28.425,24.487,262.0,263.0,True,100.266,"[2064, 2064, 2064, 2048, 2048, 2048, 2048, 2048]","[2048, 2048, 2048, 2048, 2048, 2048, 2048, 2048]","[2048, 2048, 2048, 2048, 2048, 2048, 2048]",
1217,9149,63,61,2023-08-27T14:26:36.353000+00:00,50.73,28.356,24.525,282.0,262.0,True,103.611,"[2064, 2064, 2064, 2048, 2048, 2048, 2048, 2048]","[2048, 2048, 2048, 2048, 2048, 2048, 2048, 2048]","[2048, 2048, 2048, 2048, 2048, 2048, 2048]",
1217,9149,4,61,2023-08-27T14:26:37.588000+00:00,46.908,28.622,24.755,280.0,261.0,True,100.285,"[2064, 2064, 2064, 2048, 2048, 2048, 2048, 2048]","[2048, 2048, 2048, 2048, 2048, 2048, 2048, 2048]","[2048, 2048, 2048, 2048, 2048, 2048, 0]",
1217,9149,81,61,2023-08-27T14:26:43.416000+00:00,49.784,28.309,24.574,277.0,263.0,True,102.667,"[2064, 2064, 2064, 2048, 2048, 2048, 2048, 2048]","[2048, 2048, 2048, 2048, 2048, 2048, 2048, 2048]","[2048, 2048, 2048, 2048, 2048, 2048, 2048]",
1217,9149,22,61,2023-08-27T14:26:52.947000+00:00,49.671,29.586,25.788,266.0,258.0,True,105.045,"[2064, 2064, 2064, 2048, 2048, 2048, 2048, 2048]","[2048, 2048, 2048, 2048, 2048, 2048, 2048, 2048]","[2048, 2048, 2048, 2048, 2048, 2048, 2048]",
1217,9149,24,61,2023-08-27T14:26:56.197000+00:00,51.052,29.319,25.479,257.0,259.0,True,105.85,"[2064, 2064, 2064, 2048, 2048, 2048, 2048, 2048]","[2048, 2048, 2048, 2048, 2048, 2048, 2048, 2048]","[2048, 2048, 2048, 2048, 2048, 2048, 2048]",
1217,9149,18,61,2023-08-27T14:27:00.353000+00:00,50.473,29.156,25.652,267.0,263.0,True,105.281,"[2064, 2064, 2064, 2048, 2048, 2048, 2048, 2048]","[2048, 2048, 2048, 2048, 2048, 2048, 2048, 2048]","[2048, 2048, 2048, 2048, 2048, 2048, 2048]",
1217,9149,27,61,2023-08-27T14:27:01.025000+00:00,52.645,29.849,25.216,256.0,260.0,True,107.71,"[2064, 2064, 2064, 2048, 2048, 2048, 2048, 2048]","[2048, 2048, 2048, 2048, 2048, 2048, 2048, 2048]","[2048, 2048, 2048, 2048, 2048, 2048, 2048]",
1217,9149,20,61,2023-08-27T14:27:11.462000+00:00,53.698,29.716,25.049,252.0,262.0,True,108.463,"[2064, 2064, 2064, 2048, 2048, 2048, 2048, 2048]","[2048, 2048, 2048, 2048, 2048, 2048, 2048, 2048]","[2048, 2048, 2048, 2048, 2048, 2048, 2048]",
1217,9149,1,62,2023-08-27T14:27:13.118000+00:00,48.912,28.855,25.183,276.0,262.0,True,102.95,"[2064, 2064, 2064, 2048, 2048, 2048, 2048, 2048]","[2048, 2048, 2048, 2048, 2048, 2048, 2048, 2048]","[2048, 2048, 2048, 2048, 2048, 2048, 2048]",
1217,9149,77,61,2023-08-27T14:27:26.712000+00:00,29.438,28.821,24.902,273.0,260.0,False,83.161,"[2048, 2048, 2048, 2048, 2048, 2048, 2048, 2048]","[2048, 2048, 2048, 2048, 2048, 2048, 2048, 2048]","[2048, 2048, 2048, 2048, 2048, 2048, 2048]",276.0
1217,9149,40,61,2023-08-27T14:27:32.165000+00:00,29.586,30.035,25.368,281.0,260.0,False,84.989,"[2048, 2048, 2048, 2048, 2048, 2048, 2048, 2048]","[2048, 2048, 2048, 2048, 2048, 2048, 2048, 2048]","[2048, 2048, 2048, 2048, 2048, 2048]",269.0
1217,9149,14,62,2023-08-27T14:27:37.462000+00:00,49.17,29.83,25.305,259.0,264.0,True,104.305,"[2064, 2064, 2064, 2048, 2048, 2048, 2048, 2048]","[2048, 2048, 2048, 2048, 2048, 2048, 2048, 2048]","[2048, 2048, 2048, 2048, 2048, 2048, 2048]",
1217,9149,11,62,2023-08-27T14:27:52.555000+00:00,29.171,28.825,25.129,277.0,261.0,False,83.125,"[2048, 2048, 2048, 2048, 2048, 2048, 2048, 2048]","[2048, 2048, 2048, 2048, 2048, 2048, 2048, 2048]","[2048, 2048, 2048, 2048, 2048, 2048]",265.0
1217,9149,23,62,2023-08-27T14:27:59.242000+00:00,50.325,29.574,25.356,278.0,262.0,True,105.255,"[2064, 2064, 2064, 2048, 2048, 2048, 2048, 2048]","[2048, 2048, 2048, 2048, 2048, 2048, 2048, 2048]","[2048, 2048, 2048, 2048, 2048, 2048, 2048]",
1217,9149,10,62,2023-08-27T14:28:04.071000+00:00,28.762,28.759,25.16,277.0,258.0,False,82.681,"[2048, 2048, 2048, 2048, 2048, 2048, 2048, 2048]","[2048, 2048, 2048, 2048, 2048, 2048, 2048, 2048]","[2048, 2048, 2048, 2048, 2048, 2048]",258.0
1217,9149,31,62,2023-08-27T14:28:05.258000+00:00,52.374,30.133,26.489,271.0,246.0,True,108.996,"[2064, 2064, 2064, 2048, 2048, 2048, 2048, 2048]","[2048, 2048, 2048, 2048, 2048, 2048, 2048, 2048]","[2048, 2048, 2048, 2048, 2048, 2048, 2048]",
1217,9149,55,62,2023-08-27T14:28:05.789000+00:00,29.365,29.021,24.931,282.0,267.0,False,83.317,"[2048, 2048, 2048, 2048, 2048, 2048, 2048, 2048]","[2048, 2048, 2048, 2048, 2048, 2048, 2048, 2048]","[2048, 2048, 2048, 2048, 2048, 2048]",262.0
1217,9149,44,62,2023-08-27T14:28:12.992000+00:00,28.84,28.307,24.92,278.0,263.0,False,82.067,"[2048, 2048, 2048, 2048, 2048, 2048, 2048, 2048]","[2048, 2048, 2048, 2048, 2048, 2048, 2048, 2048]","[2048, 2048, 2048, 2048, 2048, 2048, 2048]",257.0
1217,9149,4,62,2023-08-27T14:28:17.711000+00:00,29.309,28.372,24.807,,263.0,False,82.488,"[2048, 2048, 2048, 2048, 2048, 2048, 2048, 2048]","[2048, 2048, 2048, 2048, 2048, 2048, 2048, 2048]","[2048, 2048, 2048, 2048, 2048, 2048]",249.0
1217,9149,63,62,2023-08-27T14:28:19.898000+00:00,29.448,28.043,25.062,281.0,264.0,False,82.553,"[2048, 2048, 2048, 2048, 2048, 2048, 2048, 2048]","[2048, 2048, 2048, 2048, 2048, 2048, 2048, 2048]","[2048, 2048, 2048, 2048, 2048, 2048, 2048]",253.0
1217,9149,81,62,2023-08-27T14:28:25.867000+00:00,29.108,27.835,25.192,281.0,264.0,False,82.135,"[2048, 2048, 2048, 2048, 2048, 2048, 2048, 2048]","[2048, 2048, 2048, 2048, 2048, 2048, 2048, 2048]","[2048, 2048, 2048, 2048, 2048, 2048]",270.0
1217,9149,22,62,2023-08-27T14:28:37.914000+00:00,29.854,29.151,26.525,268.0,258.0,False,85.53,"[2048, 2048, 2048, 2048, 2048, 2048, 2048, 2048]","[2048, 2048, 2048, 2048, 2048, 2048, 2048, 2048]","[2048, 2048, 2048, 2048, 2048, 2048, 2048]",267.0
1217,9149,24,62,2023-08-27T14:28:41.992000+00:00,30.001,28.775,26.309,267.0,258.0,False,85.085,"[2048, 2048, 2048, 2048, 2048, 2048, 2048, 2048]","[2048, 2048, 2048, 2048, 2048, 2048, 2048, 2048]","[2048, 2048, 2048, 2048, 2048, 2048, 2048]",267.0
1217,9149,18,62,2023-08-27T14:28:45.570000+00:00,29.955,28.795,26.729,281.0,262.0,False,85.479,"[2048, 2048, 2048, 2048, 2048, 2048, 2048, 2048]","[2048, 2048, 2048, 2048, 2048, 2048, 2048, 2048]","[2048, 2048, 2048, 2048, 2048, 2048]",241.0
1217,9149,27,62,2023-08-27T14:28:48.617000+00:00,30.085,28.536,26.311,258.0,260.0,False,84.932,"[2048, 2048, 2048, 2048, 2048, 2048, 2048, 2048]","[2048, 2048, 2048, 2048, 2048, 2048, 2048, 2048]","[2048, 2048, 2048, 2048, 2048, 2048, 2048]",258.0
1217,9149,77,62,2023-08-27T14:28:49.788000+00:00,29.642,28.903,26.553,277.0,261.0,False,85.098,"[None, 2048, 2048, 2048, 2048, 2048, 2048, 2048]","[2048, 2048, 2048, 2048, 2048, 2048, 2048, 2048]","[2048, 2048, 2048, 2048, 2048, 2048, 2048]",268.0
1217,9149,1,63,2023-08-27T14:28:56.054000+00:00,31.176,29.425,31.967,268.0,247.0,False,92.568,"[2048, 2048, 2048, 2048, 2048, 2048, 2048, 2048]","[2048, 2048, 2048, 2048, 2048, 2048, 2048, 2048]","[2048, 2048, 2048, 2048, 2048, 2048, 2064]",229.0
1217,9149,40,62,2023-08-27T14:28:57.101000+00:00,30.768,29.593,27.077,275.0,256.0,False,87.438,"[None, 2048, 2048, 2048, 2048, 2048, 2048, 2048]","[2048, 2048, 2048, 2048, 2048, 2048, 2048, 2048]","[2048, 2048, 2048, 2048, 2048, 2048]",239.0
1217,9149,20,62,2023-08-27T14:28:59.820000+00:00,31.028,28.708,26.464,258.0,261.0,False,86.2,"[2048, 2048, 2048, 2048, 2048, 2048, 2048, 2048]","[2048, 2048, 2048, 2048, 2048, 2048, 2048, 2048]","[2048, 2048, 2048, 2048, 2048, 2048, 2048]",236.0
1217,9149,11,63,2023-08-27T14:29:15.632000+00:00,40.544,29.498,40.47,259.0,254.0,False,110.512,"[None, 2048, 2048, 2048, 2048, 2048, 2048, 2048]","[2048, 2048, 2048, 2048, 2048, 2048, 2048, 2048]","[2048, 2048, 2048, 2048, 2048, 2048, 2064]",274.0
1217,9149,14,63,2023-08-27T14:29:21.835000+00:00,32.516,30.085,37.478,228.0,224.0,False,100.079,"[2048, 2048, 2048, 2048, 2048, 2048, 2048, 2048]","[2048, 2048, 2048, 2048, 2048, 2048, 2048, 2048]","[2048, 2048, 2048, 2048, 2048, 2048]",218.0
1217,9149,10,63,2023-08-27T14:29:26.663000+00:00,32.423,28.98,37.515,261.0,258.0,False,98.918,"[None, 2048, 2048, 2048, 2048, 2048, 2048, 2048]","[2048, 2048, 2048, 2048, 2048, 2048, 2048, 2048]","[2048, 2048, 2048, 2048, 2048, 2048]",225.0
1217,9149,55,63,2023-08-27T14:29:29.022000+00:00,33.048,31.046,36.186,227.0,121.0,False,100.28,"[None, 2048, 2048, 2048, 2048, 2048, 2048, 2048]","[2048, 2048, 2048, 2048, 2048, 2048, 2048, 2048]","[2048, 2048, 2048, 2048, 2048, 2048, 2048]",224.0
1217,9149,44,63,2023-08-27T14:29:34.928000+00:00,31.901,33.681,33.126,242.0,190.0,False,98.708,"[None, 2048, 2048, 2048, 2048, 2048, 2048, 2048]","[2048, 2048, 2048, 2048, 2048, 2048, 2048, 2048]","[2048, 2048, 2048, 2048, 2048, 2048, 2048]",224.0
1217,9149,4,63,2023-08-27T14:29:40.256000+00:00,33.354,36.318,41.649,242.0,203.0,False,111.321,"[None, 2048, 2048, 2048, 2048, 2048, 2048, 2048]","[2048, 2048, 2048, 2048, 2048, 2048, 2048, 2048]","[2048, 2048, 2048, 2048, 2048, 2048, 2064]",221.0
1217,9149,63,63,2023-08-27T14:29:42.491000+00:00,33.169,37.088,42.153,233.0,115.0,False,112.41,"[None, 2048, 2048, 2048, 2048, 2048, 2048, 2048]","[2048, 2048, 2048, 2048, 2048, 2048, 2048, 2048]","[2048, 2048, 2048, 2048, 2048, 2048, 2064]",219.0
1217,9149,23,63,2023-08-27T14:29:44.522000+00:00,33.973,39.016,43.111,231.0,152.0,False,116.1,"[2048, 2048, 2048, 2048, 2048, 2048, 2048, 2048]","[2048, 2048, 2048, 2048, 2048, 2048, 2048, 2048]","[2048, 2048, 2048, 2048, 2048, 2048, 2064]",202.0
1217,9149,81,63,2023-08-27T14:29:47.928000+00:00,34.39,39.424,49.454,208.0,174.0,False,123.268,"[None, 2048, 2048, 2048, 2048, 2048, 2048, 2048]","[2048, 2048, 2048, 2048, 2048, 2048, 2048, 2048]","[2048, 2048, 2048, 2048, 2048, 2048, 2064]",227.0
1217,9149,31,63,2023-08-27T14:29:54.272000+00:00,32.818,40.533,48.204,232.0,217.0,False,121.555,"[2048, 2048, 2048, 2048, 2048, 2048, 2048, 2048]","[2048, 2048, 2048, 2048, 2048, 2048, 2048, 2048]","[2048, 2048, 2048, 2048, 2048, 2048, 2064]",222.0
1217,9149,22,63,2023-08-27T14:30:03.428000+00:00,44.793,39.666,48.217,160.0,132.0,False,132.676,"[None, 2048, 0, 0, 2048, 2048, 2048, 2048]","[2048, 2048, 2048, 2048, 2048, 2048, 2048, 2048]","[2048, 2048, 2048, 2048, 2048, 2048, 2064]",239.0
1217,9149,24,63,2023-08-27T14:30:07.084000+00:00,,,,,,False,,"[None, 0, 0, 0, 0, 0, 0, 0]",,,224.0
1217,9149,18,63,2023-08-27T14:30:11.053000+00:00,39.095,40.843,52.302,170.0,103.0,False,132.24,"[None, 2048, 2048, 2048, 2048, 2048, 2048, 2048]","[2048, 2048, 2048, 2048, 2048, 2048, 2048, 2048]","[2048, 2048, 2048, 2048, 2048, 2048, 2064]",199.0
1217,9149,27,63,2023-08-27T14:30:13.787000+00:00,40.314,38.805,52.871,166.0,113.0,False,131.99,"[None, 2048, 2048, 2048, 2048, 2048, 2048, 2048]","[2048, 2048, 2048, 2048, 2048, 2048, 2048, 2048]","[2048, 2048, 2048, 2048, 2048, 2048, 2064]",202.0
1217,9149,77,63,2023-08-27T14:30:15.006000+00:00,49.789,40.584,46.559,163.0,167.0,False,136.932,"[None, 2048, 0, 0, 2048, 2048, 2048, 2048]","[2048, 2048, 2048, 2048, 2048, 2048, 2048, 2048]","[2048, 2048, 2048, 2048, 2048, 2048, 2064]",198.0
1217,9149,40,63,2023-08-27T14:30:24.646000+00:00,44.241,46.427,50.62,148.0,118.0,False,141.288,"[None, 2048, 2048, 2048, 2048, 2048, 2048, 2048]","[2048, 2048, 2048, 2048, 2048, 2048, 2048, 2048]","[2048, 2048, 2048, 2048, 2048, 2048, 2064]",172.0
1217,9149,20,63,2023-08-27T14:30:26.037000+00:00,44.825,47.757,52.709,149.0,127.0,False,145.291,"[None, 2048, 2048, 2048, 2048, 2048, 2048, 2048]","[2048, 2048, 2048, 2048, 2048, 2048, 2048, 2048]","[2048, 2048, 2048, 2048, 2048, 2048, 2064]",159.0
1217,9149,1,64,2023-08-27T14:30:28.646000+00:00,60.299,41.195,43.522,171.0,177.0,True,145.016,"[2064, 2064, 2064, 2048, 2048, 2048, 2048, 2048]","[2048, 2048, 2048, 2048, 2048, 2048, 2048, 2048]","[2048, 2048, 2048, 2048, 2048, 2048, 2064]",
1217,9149,14,64,2023-08-27T14:31:01.802000+00:00,47.81,47.354,47.258,126.0,142.0,False,142.422,"[None, 2048, 2048, 2048, 2048, 2048, 2048, 2048]","[2048, 2048, 2048, 2048, 2048, 2048, 2048, 2048]","[2048, 2048, 2048, 2048, 2048, 2048, 2064]",168.0
1217,9149,10,64,2023-08-27T14:31:05.599000+00:00,52.179,52.13,53.682,118.0,125.0,False,157.991,"[None, 2048, 2048, 2048, 2048, 2048, 2048, 2048]","[2048, 2048, 2048, 2048, 2048, 2048, 2048, 2048]","[2048, 2048, 2048, 2048, 2048, 2048, 2064]",164.0
1217,9149,11,64,2023-08-27T14:31:06.286000+00:00,,31.958,36.705,238.0,236.0,True,2562.49,"[2064, 2064, 2064, 2048, 2048, 2048, 2048, 2048]","[2048, 2048, 2048, 2048, 2048, 2048, 2048, 2048]","[2048, 2048, 2048, 2048, 2048, 2048, 2064]",
1217,9149,55,64,2023-08-27T14:31:09.364000+00:00,54.718,50.786,52.919,106.0,135.0,False,158.423,"[None, 2048, 2048, 2048, 2048, 2048, 2048, 2048]","[2048, 2048, 2048, 2048, 2048, 2048, 2048, 2048]","[2048, 2048, 2048, 2048, 2048, 2048, 2064]",170.0
1217,9149,44,64,2023-08-27T14:31:13.739000+00:00,55.717,55.905,58.405,106.0,108.0,False,170.027,"[None, 2048, 0, 0, 2048, 2048, 2048, 2048]","[2048, 2048, 2048, 2048, 2048, 2048, 2048, 2048]","[2048, 2048, 2048, 2048, 2048, 2048, 2064]",172.0
1217,9149,4,64,2023-08-27T14:31:31.676000+00:00,,30.715,34.673,249.0,243.0,True,2540.47,"[2064, 2064, 2064, 2048, 2048, 2048, 2048, 2048]","[2048, 2048, 2048, 2048, 2048, 2048, 2048, 2048]","[2048, 2048, 2048, 2048, 2048, 2048, 2064]",
1217,9149,63,64,2023-08-27T14:31:34.848000+00:00,,31.13,37.448,252.0,255.0,True,2547.8,"[2064, 2064, 2064, 2048, 2048, 2048, 2048, 2048]","[2048, 2048, 2048, 2048, 2048, 2048, 2048, 2048]","[2048, 2048, 2048, 2048, 2048, 2048, 2064]",
1217,9149,23,64,2023-08-27T14:31:40.629000+00:00,,30.948,36.981,252.0,246.0,True,2544.728,"[2064, 2064, 2064, 2048, 2048, 2048, 2048, 2048]","[2048, 2048, 2048, 2048, 2048, 2048, 2048, 2048]","[2048, 2048, 2048, 2048, 2048, 2048, 2064]",
1217,9149,81,64,2023-08-27T14:31:51.332000+00:00,,30.689,36.688,246.0,232.0,True,2538.279,"[2064, 2064, 2064, 2048, 2048, 2048, 2048, 2048]","[2048, 2048, 2048, 2048, 2048, 2048, 2048, 2048]","[2048, 2048, 2048, 2048, 2048, 2048, 2064]",
1217,9149,31,64,2023-08-27T14:31:55.879000+00:00,,32.466,35.229,225.0,242.0,True,2536.32,"[2064, 2064, 2064, 2048, 2048, 2048, 2048, 2048]","[2048, 2048, 2048, 2048, 2048, 2048, 2048, 2048]","[2048, 2048, 2048, 2048, 2048, 2048, 2064]",
1217,9149,22,64,2023-08-27T14:32:16.191000+00:00,,32.331,36.859,242.0,245.0,True,2520.564,"[2064, 2064, 2064, 2048, 2048, 2048, 2048, 2048]","[2048, 2048, 2048, 2048, 2048, 2048, 2048, 2048]","[2048, 2048, 2048, 2048, 2048, 2048, 2064]",
1217,9149,18,64,2023-08-27T14:32:23.253000+00:00,,32.835,36.982,245.0,231.0,True,2516.25,"[2064, 2064, 2064, 2048, 2048, 2048, 2048, 2048]","[2048, 2048, 2048, 2048, 2048, 2048, 2048, 2048]","[2048, 2048, 2048, 2048, 2048, 2048, 2064]",
1217,9149,27,64,2023-08-27T14:32:25.425000+00:00,,32.795,38.38,212.0,238.0,True,2516.935,"[2064, 2064, 2064, 2048, 2048, 2048, 2048, 2048]","[2048, 2048, 2048, 2048, 2048, 2048, 2048, 2048]","[2048, 2048, 2048, 2048, 2048, 2048, 2064]",
1217,9149,77,64,2023-08-27T14:32:31.972000+00:00,,32.236,40.33,248.0,251.0,True,2513.847,"[2064, 2064, 2064, 2048, 2048, 2048, 2048, 2048]","[2048, 2048, 2048, 2048, 2048, 2048, 2048, 2048]","[2048, 2048, 2048, 2048, 2048, 2048, 2064]",
1217,9149,40,64,2023-08-27T14:32:45.847000+00:00,,33.597,40.226,232.0,224.0,True,2505.647,"[2064, 2064, 2064, 2048, 2048, 2048, 2048, 2048]","[2048, 2048, 2048, 2048, 2048, 2048, 2048, 2048]","[2048, 2048, 2048, 2048, 2048, 2048, 2064]",
1217,9149,20,64,2023-08-27T14:32:51.253000+00:00,,32.743,40.838,227.0,220.0,True,2504.065,"[2064, 2064, 2064, 2048, 2048, 2048, 2048, 2048]","[2048, 2048, 2048, 2048, 2048, 2048, 2048, 2048]","[2048, 2048, 2048, 2048, 2048, 2048, 2064]",
1217,9149,1,65,2023-08-27T14:32:53.909000+00:00,,49.067,40.051,134.0,147.0,True,2625.541,"[None, 2064, 2064, 2048, 2048, 2048, 2048, 2048]","[2048, 2048, 2048, 2048, 2048, 2048, 2048, 2048]","[2048, 2048, 2048, 2048, 2048, 2048, 2048]",
1217,9149,14,65,2023-08-27T14:33:24.377000+00:00,,48.833,39.803,188.0,195.0,True,2595.634,"[2064, 2064, 2064, 2048, 2048, 2048, 2048, 2048]","[2048, 2048, 2048, 2048, 2048, 2048, 2048, 2048]","[2048, 2048, 2048, 2048, 2048, 2048, 2048]",
1217,9149,10,65,2023-08-27T14:33:43.689000+00:00,,49.428,39.576,179.0,168.0,True,2579.227,"[2064, 2064, 2064, 2048, 2048, 2048, 2048, 2048]","[2048, 2048, 2048, 2048, 2048, 2048, 2048, 2048]","[2048, 2048, 2048, 2048, 2048, 2048, 0]",
1217,9149,55,65,2023-08-27T14:33:48.018000+00:00,,50.049,40.294,186.0,156.0,True,2577.121,"[2064, 2064, 2064, 2048, 2048, 2048, 2048, 2048]","[2048, 2048, 2048, 2048, 2048, 2048, 2048, 2048]","[2048, 2048, 2048, 2048, 2048, 2048, 2048]",
1217,9149,44,65,2023-08-27T14:34:03.767000+00:00,,49.318,40.062,191.0,183.0,True,2561.864,"[2064, 2064, 2064, 2048, 2048, 2048, 2048, 2048]","[2048, 2048, 2048, 2048, 2048, 2048, 2048, 2048]","[2048, 2048, 2048, 2048, 2048, 2048, 2048]",
1217,9149,11,65,2023-08-27T15:13:48.928000+00:00,83.888,48.645,39.639,179.0,183.0,True,172.172,"[None, 2064, 2064, 2048, 2048, 2048, 2048, 2048]","[2048, 2048, 2048, 2048, 2048, 2048, 2048, 2048]","[2048, 2048, 2048, 2048, 2048, 2048, 0]",
1217,9149,4,65,2023-08-27T15:13:52.100000+00:00,85.568,49.808,39.71,215.0,222.0,True,175.086,"[None, 2064, 2064, 2048, 2048, 2048, 2048, 2048]","[2048, 2048, 2048, 2048, 2048, 2048, 2048, 2048]","[2048, 2048, 2048, 2048, 2048, 2048, 2048]",
1217,9149,63,65,2023-08-27T15:14:02.646000+00:00,77.358,51.014,38.772,251.0,165.0,True,167.144,"[None, 2064, 2064, 2048, 2048, 2048, 2048, 2048]","[2048, 2048, 2048, 2048, 2048, 2048, 2048, 2048]","[2048, 2048, 2048, 2048, 2048, 2048, 2048]",
1217,9149,23,65,2023-08-27T15:14:05.381000+00:00,76.013,50.657,38.972,249.0,146.0,True,165.642,"[None, 2064, 2064, 2048, 2048, 2048, 2048, 2048]","[2048, 2048, 2048, 2048, 2048, 2048, 2048, 2048]","[2048, 2048, 2048, 2048, 2048, 2048, 2048]",
1217,9149,81,65,2023-08-27T15:14:09.646000+00:00,73.832,50.705,38.319,248.0,134.0,True,162.856,"[None, 2064, 2064, 2048, 2048, 2048, 2048, 2048]","[2048, 2048, 2048, 2048, 2048, 2048, 2048, 2048]","[2048, 2048, 2048, 2048, 2048, 2048, 2048]",
1217,9149,31,65,2023-08-27T15:14:12.240000+00:00,72.949,50.092,38.854,232.0,117.0,True,161.895,"[None, 2064, 2064, 2048, 2048, 2048, 2048, 2048]","[2048, 2048, 2048, 2048, 2048, 2048, 2048, 2048]","[2048, 2048, 2048, 2048, 2048, 2048, 2048]",
1217,9149,22,65,2023-08-27T15:14:16.756000+00:00,70.031,50.238,38.189,244.0,154.0,True,158.458,"[None, 2064, 2064, 2048, 2048, 2048, 2048, 2048]","[2048, 2048, 2048, 2048, 2048, 2048, 2048, 2048]","[2048, 2048, 2048, 2048, 2048, 2048, 2048]",
1217,9149,18,65,2023-08-27T15:14:19.615000+00:00,68.496,49.561,38.82,244.0,154.0,True,156.877,"[None, 2064, 2064, 2048, 2048, 2048, 2048, 2048]","[2048, 2048, 2048, 2048, 2048, 2048, 2048, 2048]","[2048, 2048, 2048, 2048, 2048, 2048, 0]",
1217,9149,27,65,2023-08-27T15:14:22.552000+00:00,66.569,49.686,38.774,223.0,158.0,True,155.029,"[None, 2064, 2064, 2048, 2048, 2048, 2048, 2048]","[2048, 2048, 2048, 2048, 2048, 2048, 2048, 2048]","[2048, 2048, 2048, 2048, 2048, 2048, 2048]",
1217,9149,77,65,2023-08-27T15:14:25.755000+00:00,64.581,50.077,39.061,248.0,202.0,True,153.719,"[None, 2064, 2064, 2048, 2048, 2048, 2048, 2048]","[2048, 2048, 2048, 2048, 2048, 2048, 2048, 2048]","[2048, 2048, 2048, 2048, 2048, 2048, 2048]",
1217,9149,40,65,2023-08-27T15:14:31.849000+00:00,61.867,48.739,39.813,255.0,202.0,True,150.419,"[None, 2064, 2064, 2048, 2048, 2048, 2048, 2048]","[2048, 2048, 2048, 2048, 2048, 2048, 2048, 2048]","[2048, 2048, 2048, 2048, 2048, 2048, 2048]",
1217,9149,20,65,2023-08-27T15:14:35.396000+00:00,62.764,48.463,37.841,235.0,224.0,True,149.068,"[None, 2064, 2064, 2048, 2048, 2048, 2048, 2048]","[2048, 2048, 2048, 2048, 2048, 2048, 2048, 2048]","[2048, 2048, 2048, 2048, 2048, 2048, 2048]",
1217,9149,1,66,2023-08-27T15:16:39.190000+00:00,45.236,46.198,46.589,169.0,160.0,False,138.023,"[2048, 2048, 2048, 2048, 2048, 2048, 2048, 2048]","[2048, 2048, 2048, 2048, 2048, 2048, 2048, 2048]","[2048, 2048, 2048, 2048, 2048, 2048, 2048]",150.0
1217,9149,14,66,2023-08-27T15:16:40.019000+00:00,46.446,46.069,45.018,190.0,123.0,False,137.533,"[2048, 2048, 2048, 2048, 2048, 2048, 2048, 2048]","[2048, 2048, 2048, 2048, 2048, 2048, 2048, 2048]","[2048, 2048, 2048, 2048, 2048, 2048, 2048]",176.0
1217,9149,11,66,2023-08-27T15:16:40.753000+00:00,46.196,45.987,45.253,187.0,142.0,False,137.436,"[2048, 2048, 2048, 2048, 2048, 2048, 2048, 2048]","[2048, 2048, 2048, 2048, 2048, 2048, 2048, 2048]","[2048, 2048, 2048, 2048, 2048, 2048, 2048]",159.0
1217,9149,10,66,2023-08-27T15:16:42.940000+00:00,45.462,45.537,45.097,157.0,181.0,False,136.096,"[2048, 2048, 2048, 2048, 2048, 2048, 2048, 2048]","[2048, 2048, 2048, 2048, 2048, 2048, 2048, 2048]","[2048, 2048, 2048, 2048, 2048, 2048, 2048]",173.0
1217,9149,55,66,2023-08-27T15:16:44.972000+00:00,44.735,45.468,44.787,151.0,180.0,False,134.99,"[2048, 2048, 2048, 2048, 2048, 2048, 2048, 2048]","[2048, 2048, 2048, 2048, 2048, 2048, 2048, 2048]","[2048, 2048, 2048, 2048, 2048, 2048, 2048]",207.0
1217,9149,44,66,2023-08-27T15:16:45.659000+00:00,45.255,45.279,43.998,202.0,161.0,False,134.532,"[2048, 2048, 2048, 2048, 2048, 2048, 2048, 2048]","[2048, 2048, 2048, 2048, 2048, 2048, 2048, 2048]","[2048, 2048, 2048, 2048, 2048, 2048, 2048]",175.0
1217,9149,4,66,2023-08-27T15:16:47.159000+00:00,44.95,44.614,44.274,235.0,179.0,False,133.838,"[2048, 2048, 2048, 2048, 2048, 2048, 2048, 2048]","[2048, 2048, 2048, 2048, 2048, 2048, 2048, 2048]","[2048, 2048, 2048, 2048, 2048, 2048, 2048]",191.0
1217,9149,63,66,2023-08-27T15:16:49.768000+00:00,44.403,44.723,42.363,186.0,177.0,False,131.489,"[2048, 2048, 2048, 2048, 2048, 2048, 2048, 2048]","[2048, 2048, 2048, 2048, 2048, 2048, 2048, 2048]","[2048, 2048, 2048, 2048, 2048, 2048, 2048]",171.0
1217,9149,23,66,2023-08-27T15:16:50.987000+00:00,44.644,44.309,41.693,182.0,185.0,False,130.646,"[2048, 2048, 2048, 2048, 2048, 2048, 2048, 2048]","[2048, 2048, 2048, 2048, 2048, 2048, 2048, 2048]","[2048, 2048, 2048, 2048, 2048, 2048, 2048]",174.0
1217,9149,81,66,2023-08-27T15:16:52.409000+00:00,44.023,44.589,41.252,203.0,147.0,False,129.864,"[2048, 2048, 2048, 2048, 2048, 2048, 2048, 2048]","[2048, 2048, 2048, 2048, 2048, 2048, 2048, 2048]","[2048, 2048, 2048, 2048, 2048, 2048]",173.0
1217,9149,31,66,2023-08-27T15:16:54.050000+00:00,43.451,44.133,41.132,206.0,153.0,False,128.716,"[2048, 2048, 2048, 2048, 2048, 2048, 2048, 2048]","[2048, 2048, 2048, 2048, 2048, 2048, 2048, 2048]","[2048, 2048, 2048, 2048, 2048, 2048, 2048]",196.0
1217,9149,22,66,2023-08-27T15:16:55.175000+00:00,43.433,44.052,40.896,220.0,136.0,False,128.381,"[2048, 2048, 2048, 2048, 2048, 2048, 2048, 2048]","[2048, 2048, 2048, 2048, 2048, 2048, 2048, 2048]","[2048, 2048, 2048, 2048, 2048, 2048, 2048]",155.0
1217,9149,18,66,2023-08-27T15:16:56.440000+00:00,42.965,44.063,40.384,223.0,142.0,False,127.412,"[2048, 2048, 2048, 2048, 2048, 2048, 2048, 2048]","[2048, 2048, 2048, 2048, 2048, 2048, 2048, 2048]","[2048, 2048, 2048, 2048, 2048, 2048]",178.0
1217,9149,27,66,2023-08-27T15:16:57.487000+00:00,43.079,44.473,39.526,197.0,147.0,False,127.078,"[2048, 2048, 2048, 2048, 2048, 2048, 2048, 2048]","[2048, 2048, 2048, 2048, 2048, 2048, 2048, 2048]","[2048, 2048, 2048, 2048, 2048, 2048, 2048]",181.0
1217,9149,77,66,2023-08-27T15:16:59.487000+00:00,42.285,44.124,39.441,218.0,153.0,False,125.85,"[2048, 2048, 2048, 2048, 2048, 2048, 2048, 2048]","[2048, 2048, 2048, 2048, 2048, 2048, 2048, 2048]","[2048, 2048, 2048, 2048, 2048, 2048, 2048]",158.0
1217,9149,40,66,2023-08-27T15:17:01.987000+00:00,40.882,44.809,37.728,225.0,163.0,False,123.419,"[2048, 2048, 2048, 2048, 2048, 2048, 2048, 2048]","[2048, 2048, 2048, 2048, 2048, 2048, 2048, 2048]","[2048, 2048, 2048, 2048, 2048, 2048, 2048]",191.0
1217,9149,20,66,2023-08-27T15:17:04.768000+00:00,42.714,41.793,36.698,,131.0,False,121.205,"[2048, 2048, 2048, 2048, 2048, 2048, 2048, 2048]","[2048, 2048, 2048, 2048, 2048, 2048, 2048, 2048]","[2048, 2048, 2048, 2048, 2048, 2048, 2048]",188.0
1217,9149,1,67,2023-08-27T15:18:57.376000+00:00,29.5,29.893,26.143,270.0,258.0,False,85.536,"[None, 2048, 2048, 2048, 2048, 2048, 2048, 2048]","[2048, 2048, 2048, 2048, 2048, 2048, 2048, 2048]","[2048, 2048, 2048, 2048, 2048, 2048, 2048]",246.0
1217,9149,14,67,2023-08-27T15:18:57.672000+00:00,30.445,29.234,26.321,271.0,260.0,False,86.0,"[None, 2048, 2048, 2048, 2048, 2048, 2048, 2048]","[2048, 2048, 2048, 2048, 2048, 2048, 2048, 2048]","[2048, 2048, 2048, 2048, 2048, 2048, 2048]",241.0
1217,9149,11,67,2023-08-27T15:18:58.282000+00:00,30.518,29.375,26.493,264.0,261.0,False,86.386,"[None, 2048, 2048, 2048, 2048, 2048, 2048, 2048]","[2048, 2048, 2048, 2048, 2048, 2048, 2048, 2048]","[2048, 2048, 2048, 2048, 2048, 2048, 2048]",241.0
1217,9149,10,67,2023-08-27T15:18:59+00:00,31.131,29.729,26.721,266.0,261.0,False,87.581,"[None, 2048, 2048, 2048, 2048, 2048, 2048, 2048]","[2048, 2048, 2048, 2048, 2048, 2048, 2048, 2048]","[2048, 2048, 2048, 2048, 2048, 2048, 2048]",221.0
1217,9149,55,67,2023-08-27T15:18:59.954000+00:00,31.444,30.291,26.626,248.0,263.0,False,88.361,"[None, 2048, 2048, 2048, 2048, 2048, 2048, 2048]","[2048, 2048, 2048, 2048, 2048, 2048, 2048, 2048]","[2048, 2048, 2048, 2048, 2048, 2048, 2048]",233.0
1217,9149,44,67,2023-08-27T15:19:00.219000+00:00,31.602,29.955,27.151,255.0,261.0,False,88.708,"[None, 2048, 2048, 2048, 2048, 2048, 2048, 2048]","[2048, 2048, 2048, 2048, 2048, 2048, 2048, 2048]","[2048, 2048, 2048, 2048, 2048, 2048, 2048]",241.0
1217,9149,4,67,2023-08-27T15:19:01.016000+00:00,31.674,29.774,27.015,250.0,259.0,False,88.463,"[None, 2048, 2048, 2048, 2048, 2048, 2048, 2048]","[2048, 2048, 2048, 2048, 2048, 2048, 2048, 2048]","[2048, 2048, 2048, 2048, 2048, 2048, 2048]",241.0
1217,9149,63,67,2023-08-27T15:19:01.313000+00:00,30.965,30.225,51.563,259.0,257.0,False,112.753,"[None, 2048, 2048, 2048, 2048, 2048, 2048, 2048]","[2048, 2048, 2048, 2048, 2048, 2048, 2048, 2048]","[2048, 2048, 2048, 2048, 2048, 2048, 2064]",227.0
1217,9149,23,67,2023-08-27T15:19:01.813000+00:00,31.568,30.238,26.704,257.0,254.0,False,88.51,"[None, 2048, 2048, 2048, 2048, 2048, 2048, 2048]","[2048, 2048, 2048, 2048, 2048, 2048, 2048, 2048]","[2048, 2048, 2048, 2048, 2048, 2048]",225.0
1217,9149,81,67,2023-08-27T15:19:02.297000+00:00,31.274,30.298,26.969,259.0,246.0,False,88.541,"[None, 2048, 2048, 2048, 2048, 2048, 2048, 2048]","[2048, 2048, 2048, 2048, 2048, 2048, 2048, 2048]","[2048, 2048, 2048, 2048, 2048, 2048, 2048]",217.0
1217,9149,31,67,2023-08-27T15:19:02.985000+00:00,31.612,30.535,27.173,254.0,236.0,False,89.32,"[None, 2048, 2048, 2048, 2048, 2048, 2048, 2048]","[2048, 2048, 2048, 2048, 2048, 2048, 2048, 2048]","[2048, 2048, 2048, 2048, 2048, 2048, 2048]",215.0
1217,9149,22,67,2023-08-27T15:19:03.579000+00:00,31.621,30.879,28.786,258.0,252.0,False,91.286,"[None, 2048, 2048, 2048, 2048, 2048, 2048, 2048]","[2048, 2048, 2048, 2048, 2048, 2048, 2048, 2048]","[2048, 2048, 2048, 2048, 2048, 2048, 2048]",212.0
1217,9149,18,67,2023-08-27T15:19:03.922000+00:00,31.769,30.565,27.191,248.0,245.0,False,89.525,"[None, 2048, 2048, 2048, 2048, 2048, 2048, 2048]","[2048, 2048, 2048, 2048, 2048, 2048, 2048, 2048]","[2048, 2048, 2048, 2048, 2048, 2048]",223.0
1217,9149,27,67,2023-08-27T15:19:04.594000+00:00,31.698,30.663,27.729,247.0,253.0,False,90.09,"[None, 2048, 2048, 2048, 2048, 2048, 2048, 2048]","[2048, 2048, 2048, 2048, 2048, 2048, 2048, 2048]","[2048, 2048, 2048, 2048, 2048, 2048]",217.0
1217,9149,77,67,2023-08-27T15:19:05.391000+00:00,32.297,30.663,27.683,231.0,261.0,False,90.643,"[None, 2048, 2048, 2048, 2048, 2048, 2048, 2048]","[2048, 2048, 2048, 2048, 2048, 2048, 2048, 2048]","[2048, 2048, 2048, 2048, 2048, 2048]",253.0
1217,9149,40,67,2023-08-27T15:19:05.610000+00:00,31.569,30.647,27.312,267.0,253.0,False,89.528,"[None, 2048, 2048, 2048, 2048, 2048, 2048, 2048]","[2048, 2048, 2048, 2048, 2048, 2048, 2048, 2048]","[2048, 2048, 2048, 2048, 2048, 2048, 2048]",235.0
1217,9149,20,67,2023-08-27T15:19:05.813000+00:00,32.497,30.563,27.563,247.0,263.0,False,90.623,"[None, 2048, 2048, 2048, 2048, 2048, 2048, 2048]","[2048, 2048, 2048, 2048, 2048, 2048, 2048, 2048]","[2048, 2048, 2048, 2048, 2048, 2048]",209.0
1217,9149,1,68,2023-08-27T15:20:22.765000+00:00,28.747,28.429,25.691,281.0,261.0,False,82.867,"[None, 2048, 2048, 2048, 2048, 2048, 2048, 2048]","[2048, 2048, 2048, 2048, 2048, 2048, 2048, 2048]","[2048, 2048, 2048, 2048, 2048, 2048, 2048]",260.0
1217,9149,14,68,2023-08-27T15:20:23.499000+00:00,28.941,28.307,25.884,281.0,266.0,False,83.132,"[None, 2048, 2048, 2048, 2048, 2048, 2048, 2048]","[2048, 2048, 2048, 2048, 2048, 2048, 2048, 2048]","[2048, 2048, 2048, 2048, 2048, 2048, 2048]",264.0
1217,9149,11,68,2023-08-27T15:20:24.655000+00:00,28.847,28.316,25.976,284.0,264.0,False,83.139,"[None, 2048, 2048, 2048, 2048, 2048, 2048, 2048]","[2048, 2048, 2048, 2048, 2048, 2048, 2048, 2048]","[2048, 2048, 2048, 2048, 2048, 2048, 2048]",256.0
1217,9149,10,68,2023-08-27T15:20:26.640000+00:00,29.269,28.519,25.789,281.0,263.0,False,83.577,"[None, 2048, 2048, 2048, 2048, 2048, 2048, 2048]","[2048, 2048, 2048, 2048, 2048, 2048, 2048, 2048]","[2048, 2048, 2048, 2048, 2048, 2048]",249.0
1217,9149,55,68,2023-08-27T15:20:28.624000+00:00,29.765,28.786,25.931,276.0,266.0,False,84.482,"[None, 2048, 2048, 2048, 2048, 2048, 2048, 2048]","[2048, 2048, 2048, 2048, 2048, 2048, 2048, 2048]","[2048, 2048, 2048, 2048, 2048, 2048, 2048]",243.0
1217,9149,44,68,2023-08-27T15:20:28.890000+00:00,29.617,28.766,25.957,278.0,266.0,False,84.34,"[None, 2048, 2048, 2048, 2048, 2048, 2048, 2048]","[2048, 2048, 2048, 2048, 2048, 2048, 2048, 2048]","[2048, 2048, 2048, 2048, 2048, 2048]",
1217,9149,4,68,2023-08-27T15:20:29.468000+00:00,29.879,28.819,25.832,273.0,265.0,False,84.53,"[None, 2048, 2048, 2048, 2048, 2048, 2048, 2048]","[2048, 2048, 2048, 2048, 2048, 2048, 2048, 2048]","[2048, 2048, 2048, 2048, 2048, 2048, 2048]",252.0
1217,9149,23,68,2023-08-27T15:20:30.046000+00:00,29.682,29.371,26.063,280.0,265.0,False,85.116,"[None, 2048, 2048, 2048, 2048, 2048, 2048, 2048]","[2048, 2048, 2048, 2048, 2048, 2048, 2048, 2048]","[2048, 2048, 2048, 2048, 2048, 2048, 2048]",244.0
1217,9149,81,68,2023-08-27T15:20:30.749000+00:00,29.89,29.06,26.054,281.0,253.0,False,85.004,"[None, 2048, 2048, 2048, 2048, 2048, 2048, 2048]","[2048, 2048, 2048, 2048, 2048, 2048, 2048, 2048]","[2048, 2048, 2048, 2048, 2048, 2048, 2048]",228.0
1217,9149,31,68,2023-08-27T15:20:32.108000+00:00,29.67,29.226,26.162,281.0,262.0,False,85.058,"[None, 2048, 2048, 2048, 2048, 2048, 2048, 2048]","[2048, 2048, 2048, 2048, 2048, 2048, 2048, 2048]","[2048, 2048, 2048, 2048, 2048, 2048, 2048]",226.0
1217,9149,18,68,2023-08-27T15:20:33.296000+00:00,29.771,29.029,25.978,281.0,266.0,False,84.778,"[None, 2048, 2048, 2048, 2048, 2048, 2048, 2048]","[2048, 2048, 2048, 2048, 2048, 2048, 2048, 2048]","[2048, 2048, 2048, 2048, 2048, 2048]",226.0
1217,9149,27,68,2023-08-27T15:20:34.561000+00:00,29.883,28.794,26.407,270.0,265.0,False,85.084,"[None, 2048, 2048, 2048, 2048, 2048, 2048, 2048]","[2048, 2048, 2048, 2048, 2048, 2048, 2048, 2048]","[2048, 2048, 2048, 2048, 2048, 2048, 2048]",228.0
1217,9149,22,68,2023-08-27T15:20:34.780000+00:00,30.264,29.479,26.295,276.0,264.0,False,86.038,"[None, 2048, 2048, 2048, 2048, 2048, 2048, 2048]","[2048, 2048, 2048, 2048, 2048, 2048, 2048, 2048]","[2048, 2048, 2048, 2048, 2048, 2048, 2048]",222.0
1217,9149,40,68,2023-08-27T15:20:34.999000+00:00,30.643,29.383,26.265,286.0,268.0,False,86.291,"[None, 2048, 2048, 2048, 2048, 2048, 2048, 2048]","[2048, 2048, 2048, 2048, 2048, 2048, 2048, 2048]","[2048, 2048, 2048, 2048, 2048, 2048]",216.0
1217,9149,77,68,2023-08-27T15:20:35.968000+00:00,31.332,29.882,26.509,255.0,263.0,False,87.723,"[None, 2048, 2048, 2048, 2048, 2048, 2048, 2048]","[2048, 2048, 2048, 2048, 2048, 2048, 2048, 2048]","[2048, 2048, 2048, 2048, 2048, 2048, 2048]",265.0
1217,9149,20,68,2023-08-27T15:20:36.202000+00:00,30.555,28.882,26.237,272.0,268.0,False,85.674,"[None, 2048, 2048, 2048, 2048, 2048, 2048, 2048]","[2048, 2048, 2048, 2048, 2048, 2048, 2048, 2049]","[2048, 2048, 2048, 2048, 2048, 2048, 2048]",221.0
1217,9149,63,68,2023-08-27T15:20:54.108000+00:00,52.142,29.344,25.883,278.0,260.0,True,107.369,"[2064, 2064, 2064, 2048, 2048, 2048, 2048, 2048]","[2048, 2048, 2048, 2048, 2048, 2048, 2048, 2048]","[2048, 2048, 2048, 2048, 2048, 2048, 0]",
1217,9149,1,69,2023-08-27T15:21:45.591000+00:00,28.387,28.166,25.206,,260.0,False,81.759,"[None, 2048, 2048, 2048, 2048, 2048, 2048, 2048]","[2048, 2048, 2048, 2048, 2048, 2048, 2048, 2048]","[2048, 2048, 2048, 2048, 2048, 2048, 2048]",265.0
1217,9149,14,69,2023-08-27T15:21:46.623000+00:00,28.478,28.138,25.684,285.0,262.0,False,82.3,"[None, 2048, 2048, 2048, 2048, 2048, 2048, 2048]","[2048, 2048, 2048, 2048, 2048, 2048, 2048, 2048]","[2048, 2048, 2048, 2048, 2048, 2048, 2048]",259.0
1217,9149,11,69,2023-08-27T15:21:47.810000+00:00,28.41,28.128,25.672,,262.0,False,82.21,"[None, 2048, 2048, 2048, 2048, 2048, 2048, 2048]","[2048, 2048, 2048, 2048, 2048, 2048, 2048, 2048]","[2048, 2048, 2048, 2048, 2048, 2048, 2048]",265.0
1217,9149,10,69,2023-08-27T15:21:50.169000+00:00,28.634,27.869,25.389,280.0,259.0,False,81.892,"[None, 2048, 2048, 2048, 2048, 2048, 2048, 2048]","[2048, 2048, 2048, 2048, 2048, 2048, 2048, 2048]","[2048, 2048, 2048, 2048, 2048, 2048, 2048]",255.0
1217,9149,55,69,2023-08-27T15:21:52.779000+00:00,28.725,28.353,25.662,286.0,265.0,False,82.74,"[None, 2048, 2048, 2048, 2048, 2048, 2048, 2048]","[2048, 2048, 2048, 2048, 2048, 2048, 2048, 2048]","[2048, 2048, 2048, 2048, 2048, 2048, 2048]",269.0
1217,9149,44,69,2023-08-27T15:21:53.232000+00:00,28.688,28.206,25.908,283.0,267.0,False,82.802,"[None, 2048, 2048, 2048, 2048, 2048, 2048, 2048]","[2048, 2048, 2048, 2048, 2048, 2048, 2048, 2049]","[2048, 2048, 2048, 2048, 2048, 2048, 2048]",262.0
1217,9149,4,69,2023-08-27T15:21:54.060000+00:00,29.042,28.113,25.351,278.0,260.0,False,82.506,"[None, 2048, 2048, 2048, 2048, 2048, 2048, 2048]","[2048, 2048, 2048, 2048, 2048, 2048, 2048, 2048]","[2048, 2048, 2048, 2048, 2048, 2048, 2048]",268.0
1217,9149,23,69,2023-08-27T15:21:55.310000+00:00,28.989,28.304,25.594,285.0,264.0,False,82.887,"[None, 2048, 2048, 2048, 2048, 2048, 2048, 2048]","[2048, 2048, 2048, 2048, 2048, 2048, 2048, 2048]","[2048, 2048, 2048, 2048, 2048, 2048, 2048]",253.0
1217,9149,81,69,2023-08-27T15:21:55.825000+00:00,28.834,28.632,25.445,287.0,264.0,False,82.911,"[None, 2048, 2048, 2048, 2048, 2048, 2048, 2048]","[2048, 2048, 2048, 2048, 2048, 2048, 2048, 2048]","[2048, 2048, 2048, 2048, 2048, 2048, 2048]",259.0
1217,9149,31,69,2023-08-27T15:21:57.138000+00:00,28.974,28.68,25.524,283.0,263.0,False,83.178,"[None, 2048, 2048, 2048, 2048, 2048, 2048, 2048]","[2048, 2048, 2048, 2048, 2048, 2048, 2048, 2048]","[2048, 2048, 2048, 2048, 2048, 2048, 2048]",247.0
1217,9149,18,69,2023-08-27T15:21:58.310000+00:00,28.996,28.744,25.578,285.0,265.0,False,83.318,"[None, 2048, 2048, 2048, 2048, 2048, 2048, 2048]","[2048, 2048, 2048, 2048, 2048, 2048, 2048, 2048]","[2048, 2048, 2048, 2048, 2048, 2048, 2048]",241.0
1217,9149,27,69,2023-08-27T15:21:59.779000+00:00,29.247,28.3,25.53,278.0,265.0,False,83.077,"[None, 2048, 2048, 2048, 2048, 2048, 2048, 2048]","[2048, 2048, 2048, 2048, 2048, 2048, 2048, 2048]","[2048, 2048, 2048, 2048, 2048, 2048, 2048]",241.0
1217,9149,22,69,2023-08-27T15:22:00.872000+00:00,29.25,28.729,25.793,282.0,261.0,False,83.772,"[None, 2048, 2048, 2048, 2048, 2048, 2048, 2048]","[2048, 2048, 2048, 2048, 2048, 2048, 2048, 2048]","[2048, 2048, 2048, 2048, 2048, 2048, 2048]",249.0
1217,9149,40,69,2023-08-27T15:22:01.200000+00:00,29.219,29.029,25.82,,263.0,False,84.068,"[None, 2048, 2048, 2048, 2048, 2048, 2048, 2049]","[2049, 2048, 2048, 2048, 2048, 2048, 2048, 2048]","[2048, 2048, 2048, 2048, 2048, 2048, 2048]",264.0
1217,9149,20,69,2023-08-27T15:22:01.888000+00:00,29.695,28.71,25.687,283.0,265.0,False,84.092,"[None, 2048, 2048, 2048, 2048, 2048, 2048, 2048]","[2048, 2048, 2048, 2048, 2048, 2048, 2048, 2048]","[2048, 2048, 2048, 2048, 2048, 2048, 2048]",220.0
1217,9149,77,69,2023-08-27T15:22:03.685000+00:00,29.497,28.905,26.199,280.0,262.0,False,84.601,"[None, 2048, 2048, 2048, 2048, 2048, 2048, 2048]","[2048, 2048, 2048, 2048, 2048, 2048, 2048, 2048]","[2048, 2048, 2048, 2048, 2048, 2048, 2048]",266.0
1217,9149,63,69,2023-08-27T15:22:41.434000+00:00,28.812,28.208,24.943,,258.0,False,81.963,"[2048, 2048, 2048, 2048, 2048, 2048, 2048, 2048]","[2048, 2048, 2048, 2048, 2048, 2048, 2048, 2048]","[2048, 2048, 2048, 2048, 2048, 2048, 2048]",248.0
1217,9149,1,70,2023-08-27T15:23:07.324000+00:00,28.192,27.815,24.858,282.0,261.0,False,80.865,"[None, 2048, 2048, 2048, 2048, 2048, 2048, 2048]","[2048, 2048, 2048, 2048, 2048, 2048, 2048, 2048]","[2048, 2048, 2048, 2048, 2048, 2048, 2048]",281.0
1217,9149,14,70,2023-08-27T15:23:08.934000+00:00,28.21,28.518,25.485,286.0,264.0,False,82.213,"[None, 2048, 2048, 2048, 2048, 2048, 2048, 2048]","[2048, 2048, 2048, 2048, 2048, 2048, 2048, 2048]","[2048, 2048, 2048, 2048, 2048, 2048, 2048]",272.0
1217,9149,11,70,2023-08-27T15:23:09.996000+00:00,28.15,28.089,25.589,286.0,266.0,False,81.828,"[None, 2048, 2048, 2048, 2048, 2048, 2048, 2048]","[2049, 2048, 2048, 2048, 2048, 2048, 2048, 2048]","[2048, 2048, 2048, 2048, 2048, 2048, 2048]",279.0
1217,9149,10,70,2023-08-27T15:23:12.043000+00:00,28.733,28.001,25.29,282.0,262.0,False,82.024,"[None, 2048, 2048, 2048, 2048, 2048, 2048, 2048]","[2048, 2048, 2048, 2048, 2048, 2048, 2048, 2048]","[2048, 2048, 2048, 2048, 2048, 2048, 2048]",265.0
1217,9149,55,70,2023-08-27T15:23:15.496000+00:00,28.754,28.128,25.731,287.0,269.0,False,82.613,"[None, 2048, 2048, 2048, 2048, 2048, 2048, 2048]","[2048, 2048, 2048, 2048, 2048, 2048, 2048, 2048]","[2048, 2048, 2048, 2048, 2048, 2048, 2048]",274.0
1217,9149,44,70,2023-08-27T15:23:16.012000+00:00,28.502,28.056,25.888,285.0,272.0,False,82.446,"[None, 2048, 2048, 2048, 2048, 2048, 2048, 2048]","[2048, 2048, 2048, 2048, 2048, 2048, 2048, 2049]","[2048, 2048, 2048, 2048, 2048, 2048, 2048]",259.0
1217,9149,4,70,2023-08-27T15:23:16.512000+00:00,28.973,28.215,25.302,283.0,264.0,False,82.49,"[None, 2048, 2048, 2048, 2048, 2048, 2048, 2048]","[2048, 2048, 2048, 2048, 2048, 2048, 2048, 2048]","[2048, 2048, 2048, 2048, 2048, 2048, 2048]",274.0
1217,9149,23,70,2023-08-27T15:23:18.137000+00:00,28.861,28.193,25.347,,266.0,False,82.401,"[None, 2048, 2048, 2048, 2048, 2048, 2048, 2048]","[2048, 2048, 2048, 2048, 2048, 2048, 2048, 2048]","[2048, 2048, 2048, 2048, 2048, 2048, 2048]",279.0
1217,9149,81,70,2023-08-27T15:23:18.730000+00:00,28.662,28.457,25.54,,268.0,False,82.659,"[None, 2048, 2048, 2048, 2048, 2048, 2048, 2048]","[2048, 2048, 2048, 2048, 2048, 2048, 2048, 2048]","[2048, 2048, 2048, 2048, 2048, 2048, 2048]",273.0
1217,9149,31,70,2023-08-27T15:23:20.324000+00:00,28.754,28.347,25.375,284.0,265.0,False,82.476,"[None, 2048, 2048, 2048, 2048, 2048, 2048, 2048]","[2048, 2048, 2048, 2048, 2048, 2048, 2048, 2048]","[2048, 2048, 2048, 2048, 2048, 2048, 2048]",263.0
1217,9149,18,70,2023-08-27T15:23:21.480000+00:00,28.623,28.304,26.102,286.0,267.0,False,83.029,"[None, 2048, 2048, 2048, 2048, 2048, 2048, 2048]","[2048, 2048, 2048, 2048, 2048, 2048, 2048, 2048]","[2048, 2048, 2048, 2048, 2048, 2048, 2048]",265.0
1217,9149,27,70,2023-08-27T15:23:23.011000+00:00,28.645,28.338,25.61,283.0,266.0,False,82.593,"[None, 2048, 2048, 2048, 2048, 2048, 2048, 2048]","[2048, 2048, 2048, 2048, 2048, 2048, 2048, 2048]","[2048, 2048, 2048, 2048, 2048, 2048, 2048]",281.0
1217,9149,22,70,2023-08-27T15:23:24.621000+00:00,28.85,28.6,25.973,,262.0,False,83.423,"[None, 2048, 2048, 2048, 2048, 2048, 2048, 2048]","[2048, 2048, 2048, 2048, 2048, 2048, 2048, 2048]","[2048, 2048, 2048, 2048, 2048, 2048]",277.0
1217,9149,40,70,2023-08-27T15:23:25.293000+00:00,29.046,28.647,25.603,284.0,265.0,False,83.296,"[None, 2048, 2048, 2048, 2048, 2048, 2048, 2048]","[2048, 2048, 2048, 2048, 2048, 2048, 2048, 2049]","[2048, 2048, 2048, 2048, 2048, 2048]",261.0
1217,9149,20,70,2023-08-27T15:23:26.058000+00:00,28.954,28.548,25.525,284.0,267.0,False,83.027,"[None, 2048, 2048, 2048, 2048, 2048, 2048, 2048]","[2048, 2048, 2048, 2048, 2048, 2048, 2048, 2048]","[2048, 2048, 2048, 2048, 2048, 2048, 2048]",242.0
1217,9149,77,70,2023-08-27T15:23:28.339000+00:00,28.843,28.782,25.706,281.0,261.0,False,83.331,"[None, 2048, 2048, 2048, 2048, 2048, 2048, 2048]","[2048, 2048, 2048, 2048, 2048, 2048, 2048, 2048]","[2048, 2048, 2048, 2048, 2048, 2048, 2048]",271.0
1217,9149,63,70,2023-08-27T15:24:03.433000+00:00,28.481,27.816,24.909,280.0,262.0,False,81.206,"[None, 2048, 2048, 2048, 2048, 2048, 2048, 2048]","[2048, 2048, 2048, 2048, 2048, 2048, 2048, 2048]","[2048, 2048, 2048, 2048, 2048, 2048, 2048]",263.0
1217,9149,1,71,2023-08-27T15:24:28.151000+00:00,28.095,27.983,24.946,283.0,262.0,False,81.024,"[None, 2048, 2048, 2048, 2048, 2048, 2048, 2048]","[2048, 2048, 2048, 2048, 2048, 2048, 2048, 2048]","[2048, 2048, 2048, 2048, 2048, 2048, 2048]",280.0
1217,9149,14,71,2023-08-27T15:24:31.166000+00:00,28.057,28.148,25.417,285.0,264.0,False,81.622,"[None, 2048, 2048, 2048, 2048, 2048, 2048, 2048]","[2048, 2048, 2048, 2048, 2048, 2048, 2048, 2048]","[2048, 2048, 2048, 2048, 2048, 2048, 2048]",275.0
1217,9149,11,71,2023-08-27T15:24:31.854000+00:00,27.982,28.316,25.368,287.0,265.0,False,81.666,"[None, 2048, 2048, 2048, 2048, 2048, 2048, 2048]","[2049, 2048, 2048, 2048, 2048, 2048, 2048, 2048]","[2048, 2048, 2048, 2048, 2048, 2048, 2048]",278.0
1217,9149,10,71,2023-08-27T15:24:34.057000+00:00,28.206,28.169,25.142,284.0,265.0,False,81.517,"[None, 2048, 2048, 2048, 2048, 2048, 2048, 2048]","[2048, 2048, 2048, 2048, 2048, 2048, 2048, 2048]","[2048, 2048, 2048, 2048, 2048, 2048, 2048]",
1217,9149,55,71,2023-08-27T15:24:38.135000+00:00,28.348,28.27,25.284,,268.0,False,81.902,"[None, 2048, 2048, 2048, 2048, 2048, 2048, 2048]","[2048, 2048, 2048, 2048, 2048, 2048, 2048, 2048]","[2048, 2048, 2048, 2048, 2048, 2048, 2048]",278.0
1217,9149,44,71,2023-08-27T15:24:38.463000+00:00,28.352,28.451,25.198,286.0,265.0,False,82.001,"[None, 2048, 2048, 2048, 2048, 2048, 2048, 2048]","[2048, 2048, 2048, 2048, 2048, 2048, 2048, 2048]","[2048, 2048, 2048, 2048, 2048, 2048, 2048]",260.0
1217,9149,4,71,2023-08-27T15:24:39.026000+00:00,28.625,28.171,25.334,285.0,264.0,False,82.13,"[None, 2048, 2048, 2048, 2048, 2048, 2048, 2048]","[2048, 2048, 2048, 2048, 2048, 2048, 2048, 2049]","[2048, 2048, 2048, 2048, 2048, 2048, 2048]",272.0
1217,9149,23,71,2023-08-27T15:24:40.541000+00:00,28.646,28.288,25.313,286.0,264.0,False,82.247,"[None, 2048, 2048, 2048, 2048, 2048, 2048, 2048]","[2048, 2048, 2048, 2048, 2048, 2048, 2048, 2048]","[2048, 2048, 2048, 2048, 2048, 2048, 2048]",263.0
1217,9149,81,71,2023-08-27T15:24:41.385000+00:00,28.423,28.419,25.454,,267.0,False,82.296,"[None, 2048, 2048, 2048, 2048, 2048, 2048, 2048]","[2048, 2048, 2048, 2048, 2048, 2048, 2048, 2048]","[2048, 2048, 2048, 2048, 2048, 2048, 2048]",281.0
1217,9149,31,71,2023-08-27T15:24:42.791000+00:00,28.596,28.525,25.366,285.0,263.0,False,82.487,"[None, 2048, 2048, 2048, 2048, 2048, 2048, 2048]","[2048, 2048, 2048, 2048, 2048, 2048, 2048, 2048]","[2048, 2048, 2048, 2048, 2048, 2048, 2048]",267.0
1217,9149,18,71,2023-08-27T15:24:44.510000+00:00,28.545,28.213,25.785,,267.0,False,82.543,"[None, 2048, 2048, 2048, 2048, 2048, 2048, 2048]","[2048, 2048, 2048, 2048, 2048, 2048, 2048, 2048]","[2048, 2048, 2048, 2048, 2048, 2048, 2048]",262.0
1217,9149,27,71,2023-08-27T15:24:45.401000+00:00,28.605,28.329,25.489,285.0,266.0,False,82.423,"[None, 2048, 2048, 2048, 2048, 2048, 2048, 2048]","[2048, 2048, 2048, 2048, 2048, 2048, 2048, 2049]","[2048, 2048, 2048, 2048, 2048, 2048]",267.0
1217,9149,22,71,2023-08-27T15:24:48.166000+00:00,28.617,28.65,25.834,283.0,263.0,False,83.101,"[None, 2048, 2048, 2048, 2048, 2048, 2048, 2048]","[2048, 2048, 2048, 2048, 2048, 2048, 2048, 2048]","[2048, 2048, 2048, 2048, 2048, 2048, 2048]",291.0
1217,9149,40,71,2023-08-27T15:24:48.588000+00:00,28.992,28.903,26.227,285.0,264.0,False,84.122,"[None, 2048, 2048, 2048, 2048, 2048, 2048, 2048]","[2048, 2048, 2048, 2048, 2048, 2048, 2048, 2048]","[2048, 2048, 2048, 2048, 2048, 2048, 2048]",280.0
1217,9149,20,71,2023-08-27T15:24:49.119000+00:00,29.049,28.527,26.336,286.0,269.0,False,83.912,"[None, 2048, 2048, 2048, 2048, 2048, 2048, 2048]","[2048, 2048, 2048, 2048, 2048, 2048, 2048, 2049]","[2048, 2048, 2048, 2048, 2048, 2048, 2048]",258.0
1217,9149,77,71,2023-08-27T15:24:51.635000+00:00,28.725,28.481,25.667,282.0,263.0,False,82.873,"[None, 2048, 2048, 2048, 2048, 2048, 2048, 2048]","[2048, 2048, 2048, 2048, 2048, 2048, 2048, 2048]","[2048, 2048, 2048, 2048, 2048, 2048, 2048]",282.0
1217,9149,63,71,2023-08-27T15:25:24.603000+00:00,27.937,28.024,24.587,,260.0,False,80.548,"[None, 2048, 2048, 2048, 2048, 2048, 2048, 2048]","[2048, 2048, 2048, 2048, 2048, 2048, 2048, 2048]","[2048, 2048, 2048, 2048, 2048, 2048]",279.0
1217,9149,1,72,2023-08-27T15:25:49.243000+00:00,27.969,27.994,24.952,,261.0,False,80.915,"[None, 2048, 2048, 2048, 2048, 2048, 2048, 2048]","[2048, 2048, 2048, 2048, 2048, 2048, 2048, 2048]","[2048, 2048, 2048, 2048, 2048, 2048, 2048]",
1217,9149,14,72,2023-08-27T15:25:52.774000+00:00,27.877,27.99,25.256,,263.0,False,81.123,"[None, 2048, 2048, 2048, 2048, 2048, 2048, 2048]","[2048, 2048, 2048, 2048, 2048, 2048, 2048, 2048]","[2048, 2048, 2048, 2048, 2048, 2048, 2048]",265.0
1217,9149,11,72,2023-08-27T15:25:53.524000+00:00,28.079,28.269,25.351,285.0,263.0,False,81.699,"[None, 2048, 2048, 2048, 2048, 2048, 2048, 2048]","[2048, 2048, 2048, 2048, 2048, 2048, 2048, 2048]","[2048, 2048, 2048, 2048, 2048, 2048, 2048]",279.0
1217,9149,10,72,2023-08-27T15:25:55.587000+00:00,28.249,28.104,25.253,283.0,262.0,False,81.606,"[None, 2048, 2048, 2048, 2048, 2048, 2048, 2048]","[2048, 2048, 2048, 2048, 2048, 2048, 2048, 2048]","[2048, 2048, 2048, 2048, 2048, 2048]",268.0
1217,9149,55,72,2023-08-27T15:26:00.024000+00:00,28.537,28.326,25.789,,265.0,False,82.652,"[None, 2048, 2048, 2048, 2048, 2048, 2048, 2048]","[2048, 2048, 2048, 2048, 2048, 2048, 2048, 2048]","[2048, 2048, 2048, 2048, 2048, 2048, 2048]",282.0
1217,9149,44,72,2023-08-27T15:26:00.477000+00:00,28.724,28.311,25.844,283.0,263.0,False,82.879,"[None, 2048, 2048, 2048, 2048, 2048, 2048, 2048]","[2048, 2048, 2048, 2048, 2048, 2048, 2048, 2048]","[2048, 2048, 2048, 2048, 2048, 2048, 2048]",277.0
1217,9149,4,72,2023-08-27T15:26:01.118000+00:00,28.5,28.256,25.485,287.0,264.0,False,82.241,"[None, 2048, 2048, 2048, 2048, 2048, 2048, 2048]","[2048, 2048, 2048, 2048, 2048, 2048, 2048, 2048]","[2048, 2048, 2048, 2048, 2048, 2048, 2048]",274.0
1217,9149,23,72,2023-08-27T15:26:02.805000+00:00,28.803,28.282,25.411,285.0,264.0,False,82.496,"[None, 2048, 2048, 2048, 2048, 2048, 2048, 2048]","[2048, 2048, 2048, 2048, 2048, 2048, 2048, 2048]","[2048, 2048, 2048, 2048, 2048, 2048, 2048]",261.0
1217,9149,81,72,2023-08-27T15:26:03.884000+00:00,28.709,28.402,25.923,285.0,265.0,False,83.034,"[None, 2048, 2048, 2048, 2048, 2048, 2048, 2048]","[2048, 2048, 2048, 2048, 2048, 2048, 2048, 2048]","[2048, 2048, 2048, 2048, 2048, 2048]",283.0
1217,9149,31,72,2023-08-27T15:26:05.321000+00:00,28.955,28.565,25.685,284.0,263.0,False,83.205,"[None, 2048, 2048, 2048, 2048, 2048, 2048, 2048]","[2048, 2048, 2048, 2048, 2048, 2048, 2048, 2048]","[2048, 2048, 2048, 2048, 2048, 2048, 2048]",263.0
1217,9149,18,72,2023-08-27T15:26:07.009000+00:00,28.695,28.516,25.983,,266.0,False,83.194,"[None, 2048, 2048, 2048, 2048, 2048, 2048, 2048]","[2048, 2048, 2048, 2048, 2048, 2048, 2048, 2048]","[2048, 2048, 2048, 2048, 2048, 2048, 2048]",276.0
1217,9149,27,72,2023-08-27T15:26:07.837000+00:00,28.755,28.581,25.818,,264.0,False,83.154,"[None, 2048, 2048, 2048, 2048, 2048, 2048, 2048]","[2048, 2048, 2048, 2048, 2048, 2048, 2048, 2048]","[2048, 2048, 2048, 2048, 2048, 2048, 2048]",268.0
1217,9149,22,72,2023-08-27T15:26:11.133000+00:00,28.923,28.789,26.171,,260.0,False,83.883,"[None, 2048, 2048, 2048, 2048, 2048, 2048, 2048]","[2048, 2048, 2048, 2048, 2048, 2048, 2048, 2048]","[2048, 2048, 2048, 2048, 2048, 2048, 2048]",268.0
1217,9149,40,72,2023-08-27T15:26:12.758000+00:00,28.792,28.745,26.055,284.0,262.0,False,83.592,"[None, 2048, 2048, 2048, 2048, 2048, 2048, 2048]","[2048, 2048, 2048, 2048, 2048, 2048, 2048, 2048]","[2048, 2048, 2048, 2048, 2048, 2048]",260.0
1217,9149,20,72,2023-08-27T15:26:12.993000+00:00,29.009,28.794,25.747,,265.0,False,83.55,"[None, 2048, 2048, 2048, 2048, 2048, 2048, 2048]","[2048, 2048, 2048, 2048, 2048, 2048, 2048, 2048]","[2048, 2048, 2048, 2048, 2048, 2048]",250.0
1217,9149,77,72,2023-08-27T15:26:14.493000+00:00,28.882,28.443,25.705,,262.0,False,83.03,"[None, 2048, 2048, 2048, 2048, 2048, 2048, 2048]","[2048, 2048, 2048, 2048, 2048, 2048, 2048, 2048]","[2048, 2048, 2048, 2048, 2048, 2048, 2048]",277.0
1217,9149,63,72,2023-08-27T15:26:45.133000+00:00,27.959,27.849,24.961,279.0,261.0,False,80.769,"[None, 2048, 2048, 2048, 2048, 2048, 2048, 2048]","[2048, 2048, 2048, 2048, 2048, 2048, 2048, 2048]","[2048, 2048, 2048, 2048, 2048, 2048, 2048]",
