meeting_key,session_key,driver_number,lap_number,date_start,duration_sector_1,duration_sector_2,duration_sector_3,i1_speed,i2_speed,is_pit_out_lap,lap_duration,segments_sector_1,segments_sector_2,segments_sector_3,st_speed
1219,9165,24,1,,,45.252,28.998,283.0,238.0,False,,"[None, 2064, 2064, 2049, 2049, 2049, 2049, 2049]","[2049, 2049, 2049, 2049, 2049, 2049, 2049, 2049]","[2049, 2049, 2049, 2049, 2051, 2049, 2049, 2049]",
1219,9165,55,1,2023-09-17T12:03:44.658000+00:00,31.63,43.449,28.577,286.0,254.0,False,103.656,"[None, 2049, 2049, 2051, 2051, 2051, 2049, 2049]","[2051, 2049, 2049, 2049, 2049, 2049, 2049, 2049]","[2049, 2049, 2049, 2051, 2049, 2049, 2051, 2051]",187.0
1219,9165,63,1,2023-09-17T12:03:44.658000+00:00,33.857,43.702,28.566,291.0,264.0,False,106.125,"[None, 2049, 2049, 2049, 2049, 2049, 2049, 2049]","[2049, 2049, 2049, 2049, 2049, 2051, 2049, 2051]","[2049, 2049, 2049, 2049, 2051, 2049, 2049, 2049]",190.0
1219,9165,44,1,2023-09-17T12:03:44.658000+00:00,33.855,42.982,28.538,284.0,254.0,False,105.375,"[2048, 2049, 2051, 2049, 2049, 2049, 2049, 2049]","[2049, 2051, 2049, 2051, 2051, 2049, 2049, 2049]","[2051, 2049, 2049, 2049, 2049, 2049, 2049, 2049]",204.0
1219,9165,16,1,2023-09-17T12:03:44.658000+00:00,32.502,43.537,28.867,271.0,257.0,False,104.906,"[None, 2049, 2049, 2049, 2049, 2049, 2049, 2049]","[2049, 2049, 2051, 2049, 2049, 2049, 2051, 2049]","[2049, 2049, 2049, 2049, 2049, 2049, 2051, 2051]",200.0
1219,9165,4,1,2023-09-17T12:03:44.658000+00:00,33.993,44.349,28.439,280.0,264.0,False,106.781,"[None, 2049, 2049, 2049, 2049, 2049, 2051, 2049]","[2049, 2049, 2049, 2049, 2049, 2049, 2049, 2049]","[2049, 2049, 2051, 2049, 2049, 2049, 2049, 2048]",201.0
1219,9165,14,1,2023-09-17T12:03:44.658000+00:00,34.444,44.826,28.449,298.0,262.0,False,107.719,"[2048, 2049, 2049, 2049, 2049, 2049, 2049, 2049]","[2049, 2049, 2049, 2049, 2049, 2049, 2049, 2049]","[2049, 2049, 2049, 2049, 2049, 2049, 2051, 2048]",211.0
1219,9165,20,1,2023-09-17T12:03:44.658000+00:00,34.85,45.219,28.65,302.0,258.0,False,108.719,"[None, 2049, 2049, 2049, 2049, 2049, 2049, 2049]","[2049, 2049, 2049, 2049, 2049, 2049, 2049, 2049]","[2049, 2049, 2049, 2049, 2049, 2051, 2049, 2051]",210.0
1219,9165,31,1,2023-09-17T12:03:44.658000+00:00,34.554,45.011,28.591,292.0,262.0,False,108.156,"[None, 2049, 2049, 2049, 2049, 2049, 2049, 2049]","[2049, 2049, 2049, 2049, 2049, 2049, 2049, 2049]","[2049, 2051, 2049, 2049, 2049, 2049, 2049, 2049]",215.0
1219,9165,27,1,2023-09-17T12:03:44.658000+00:00,35.215,45.507,28.825,288.0,258.0,False,109.547,"[None, 2049, 2049, 2049, 2049, 2049, 2049, 2049]","[2049, 2049, 2049, 2049, 2049, 2049, 2049, 2049]","[2049, 2049, 2049, 2049, 2049, 2049, 2049, 2048]",220.0
1219,9165,40,1,2023-09-17T12:03:44.658000+00:00,35.87,46.612,28.877,304.0,265.0,False,111.359,"[None, 2049, 2049, 2049, 2049, 2049, 2049, 2051]","[2049, 2049, 2049, 2049, 2049, 2049, 2049, 2049]","[2049, 2049, 2049, 2049, 2049, 2049, 2049, 0]",220.0
1219,9165,11,1,2023-09-17T12:03:44.658000+00:00,36.222,46.76,28.971,299.0,264.0,False,111.953,"[2048, 2049, 2049, 2049, 2049, 2049, 2049, 2049]","[2049, 2049, 2049, 2049, 2049, 2049, 2049, 2049]","[2049, 2049, 2049, 2049, 2049, 2049, 2049, 2049]",231.0
1219,9165,23,1,2023-09-17T12:03:44.658000+00:00,37.128,47.752,28.526,287.0,265.0,False,113.406,"[2048, 2049, 2049, 2049, 2049, 2049, 2049, 2049]","[2049, 2049, 2049, 2049, 2049, 2049, 2049, 2049]","[2049, 2049, 2049, 2049, 2049, 2049, 2049, 0]",231.0
1219,9165,1,1,2023-09-17T12:03:44.658000+00:00,35.639,45.712,28.852,294.0,261.0,False,110.203,"[None, 2049, 2049, 2049, 2049, 2049, 2049, 2049]","[2049, 2049, 2049, 2049, 2049, 2049, 2049, 2049]","[2049, 2049, 2049, 2049, 2049, 2049, 2049, 2048]",224.0
1219,9165,22,1,2023-09-17T12:03:44.658000+00:00,,51.737,,277.0,108.0,False,,"[2048, 2051, 2049, 2049, 2049, 2049, 2049, 2049]","[2049, 2049, 2049, 2049, 2049, 2049, 2049, 2049]","[0, 0, 0, 0, 0, 0, 0, 0]",236.0
1219,9165,10,1,2023-09-17T12:03:44.658000+00:00,35.709,46.116,28.644,293.0,261.0,False,110.469,"[None, 2049, 2049, 2049, 2049, 2049, 2049, 2049]","[2049, 2049, 2049, 2049, 2049, 2049, 2049, 2049]","[2049, 2049, 2049, 2049, 2049, 2049, 2049, 2049]",231.0
1219,9165,81,1,2023-09-17T12:03:44.658000+00:00,37.009,46.249,28.945,286.0,264.0,False,112.203,"[2048, 2049, 2049, 2049, 2049, 2049, 2049, 2049]","[2049, 2049, 2049, 2049, 2049, 2049, 2049, 2049]","[2049, 2049, 2049, 2049, 2049, 2049, 2049, 0]",246.0
1219,9165,77,1,2023-09-17T12:03:44.658000+00:00,37.999,47.958,29.043,282.0,259.0,False,115.0,"[None, 2049, 2049, 2049, 2049, 2049, 2049, 2049]","[2049, 2049, 2049, 2049, 2049, 2049, 2049, 2049]","[2049, 2049, 2049, 2049, 2049, 2049, 2049, 0]",237.0
1219,9165,2,1,2023-09-17T12:03:44.658000+00:00,37.221,48.432,28.675,301.0,265.0,False,114.328,"[2049, 2049, 2049, 2049, 2049, 2049, 2049, 2049]","[2049, 2049, 2049, 2049, 2049, 2049, 2049, 2049]","[2049, 2049, 2049, 2049, 2049, 2049, 2049, 2048]",245.0
1219,9165,55,2,2023-09-17T12:05:28.313000+00:00,29.636,43.26,28.487,280.0,253.0,False,101.383,"[2049, 2051, 2049, 2048, 2048, 2048, 2048, 2048]","[2048, 2051, 2049, 2048, 2048, 2048, 2049, 2048]","[2049, 2049, 2049, 2048, 2048, 2048, 2048]",275.0
1219,9165,16,2,2023-09-17T12:05:29.563000+00:00,29.385,43.571,28.382,277.0,257.0,False,101.338,"[2049, 2049, 2049, 2049, 2048, 2051, 2049, 2049]","[2049, 2049, 2048, 2049, 2049, 2049, 2048, 2048]","[2049, 2049, 2049, 2049, 2049, 2049, 2048]",276.0
1219,9165,44,2,2023-09-17T12:05:30.032000+00:00,29.485,44.938,28.164,266.0,256.0,False,102.587,"[2049, 2049, 2051, 2049, 2051, 2049, 2049, 2049]","[2048, 2048, 2048, 2048, 2048, 2048, 2048, 2048]","[2051, 2049, 2049, 2051, 2048, 2049, 2051, 2051]",266.0
1219,9165,63,2,2023-09-17T12:05:30.782000+00:00,29.58,43.105,28.418,279.0,256.0,False,101.103,"[2049, 2049, 2049, 2051, 2049, 2049, 2049, 2048]","[2049, 2048, 2049, 2048, 2048, 2051, 2049, 2048]","[2049, 2049, 2048, 2049, 2048, 2048, 2048]",268.0
1219,9165,4,2,2023-09-17T12:05:31.438000+00:00,29.585,43.945,28.296,286.0,264.0,False,101.826,"[2049, 2049, 2049, 2049, 2049, 2049, 2048, 2048]","[2049, 2049, 2048, 2048, 2048, 2048, 2049, 2048]","[2048, 2049, 2048, 2049, 2051, 2049, 2049, 2049]",285.0
1219,9165,14,2,2023-09-17T12:05:32.376000+00:00,29.577,44.018,28.66,278.0,263.0,False,102.255,"[2049, 2049, 2049, 2049, 2049, 2049, 2049, 2048]","[2049, 2049, 2049, 2049, 2048, 2048, 2049, 2049]","[2048, 2049, 2049, 2048, 2049, 2049, 2048, 2048]",279.0
1219,9165,31,2,2023-09-17T12:05:32.813000+00:00,29.763,43.941,28.697,283.0,250.0,False,102.401,"[2049, 2049, 2049, 2049, 2048, 2049, 2049, 2048]","[2049, 2049, 2049, 2048, 2048, 2048, 2048, 2048]","[2049, 2049, 2048, 2048, 2048, 2048, 2049, 2049]",275.0
1219,9165,20,2,2023-09-17T12:05:33.376000+00:00,29.84,43.97,28.858,287.0,260.0,False,102.668,"[2049, 2049, 2049, 2049, 2048, 2049, 2049, 2048]","[2049, 2049, 2049, 2049, 2048, 2048, 2048, 2048]","[2048, 2048, 2049, 2048, 2048, 2051, 2048, 2048]",281.0
1219,9165,27,2,2023-09-17T12:05:34.204000+00:00,29.556,44.665,28.628,286.0,260.0,False,102.849,"[2049, 2049, 2049, 2049, 2048, 2049, 2049, 2048]","[2049, 2049, 2049, 2049, 2049, 2049, 2048, 2048]","[2048, 2049, 2051, 2049, 2048, 2049, 2048, 2049]",282.0
1219,9165,1,2,2023-09-17T12:05:34.860000+00:00,29.484,43.638,28.474,288.0,258.0,False,101.596,"[2049, 2049, 2049, 2049, 2049, 2049, 2049, 2048]","[2049, 2049, 2049, 2049, 2049, 2049, 2049, 2048]","[2049, 2049, 2049, 2049, 2049, 2048, 2049]",283.0
1219,9165,10,2,2023-09-17T12:05:35.126000+00:00,29.97,43.39,28.993,277.0,263.0,False,102.353,"[2049, 2049, 2049, 2049, 2049, 2049, 2049, 2048]","[2049, 2049, 2049, 2049, 2049, 2049, 2049, 2048]","[2048, 2049, 2048, 2048, 2048, 2048, 2049, 2048]",277.0
1219,9165,40,2,2023-09-17T12:05:36.016000+00:00,29.845,43.334,28.96,277.0,260.0,False,102.139,"[2049, 2049, 2049, 2049, 2049, 2049, 2049, 2048]","[2049, 2049, 2049, 2049, 2049, 2049, 2049, 2048]","[2048, 2049, 2049, 2048, 2049, 2049, 2049, 2049]",277.0
1219,9165,11,2,2023-09-17T12:05:36.610000+00:00,29.751,43.405,28.853,294.0,265.0,False,102.009,"[2049, 2049, 2049, 2049, 2048, 2049, 2049, 2048]","[2049, 2049, 2049, 2049, 2049, 2049, 2049, 2048]","[2049, 2049, 2049, 2048, 2048, 2048, 2049, 2049]",285.0
1219,9165,81,2,2023-09-17T12:05:36.860000+00:00,29.766,43.68,28.614,289.0,266.0,False,102.06,"[2051, 2049, 2049, 2049, 2049, 2049, 2049, 2049]","[2049, 2049, 2049, 2051, 2049, 2049, 2049, 2048]","[2049, 2049, 2049, 2048, 2048, 2049, 2049, 2051]",285.0
1219,9165,23,2,2023-09-17T12:05:38.063000+00:00,29.559,43.752,28.591,285.0,263.0,False,101.902,"[2049, 2049, 2049, 2049, 2049, 2049, 2049, 2049]","[2049, 2049, 2049, 2049, 2049, 2049, 2049, 2049]","[2049, 2049, 2048, 2048, 2048, 2048, 2049, 2049]",286.0
1219,9165,2,2,2023-09-17T12:05:38.985000+00:00,29.487,43.744,28.752,298.0,260.0,False,101.983,"[None, 2049, 2049, 2049, 2049, 2049, 2049, 2048]","[2049, 2049, 2049, 2049, 2049, 2049, 2049, 2048]","[2049, 2049, 2049, 2048, 2048, 2048, 2049, 2049]",285.0
1219,9165,77,2,2023-09-17T12:05:39.657000+00:00,29.788,43.493,28.901,288.0,258.0,False,102.182,"[2049, 2049, 2049, 2049, 2049, 2049, 2049, 2049]","[2049, 2049, 2049, 2049, 2049, 2049, 2049, 2048]","[2049, 2048, 2049, 2048, 2048, 2048, 2049]",278.0
1219,9165,24,2,2023-09-17T12:05:40.125000+00:00,29.918,43.318,36.733,292.0,239.0,False,109.969,"[2049, 2049, 2049, 2049, 2049, 2049, 2049, 2049]","[2049, 2049, 2049, 2049, 2049, 2049, 2049, 2049]","[2049, 2051, 2049, 2048, 2048, 2064, 2064, 2064]",280.0
1219,9165,55,3,2023-09-17T12:07:09.656000+00:00,29.601,42.876,28.485,273.0,254.0,False,100.962,"[None, 2048, 2049, 2048, 2048, 2048, 2048, 2048]","[2048, 2048, 2049, 2049, 2048, 2049, 2051, 2049]","[2049, 2048, 2049, 2048, 2048, 2048, 2048]",276.0
1219,9165,16,3,2023-09-17T12:07:10.937000+00:00,29.579,42.975,28.198,287.0,260.0,False,100.752,"[None, 2049, 2048, 2048, 2048, 2048, 2048, 2049]","[2049, 2049, 2048, 2049, 2048, 2049, 2049, 2048]","[2051, 2049, 2049, 2048, 2049, 2051, 2048, 2048]",282.0
1219,9165,63,3,2023-09-17T12:07:11.812000+00:00,29.394,43.152,28.398,270.0,252.0,False,100.944,"[2048, 2049, 2049, 2048, 2048, 2049, 2049, 2049]","[2048, 2049, 2048, 2048, 2048, 2048, 2049, 2048]","[2048, 2048, 2048, 2051, 2049, 2049, 2049, 2049]",276.0
1219,9165,44,3,2023-09-17T12:07:12.656000+00:00,29.309,43.484,28.295,293.0,253.0,False,101.088,"[None, 2048, 2048, 2048, 2048, 2049, 2049, 2049]","[2049, 2048, 2048, 2048, 2048, 2048, 2048, 2048]","[2048, 2048, 2049, 2048, 2048, 2048, 2048, 2048]",267.0
1219,9165,4,3,2023-09-17T12:07:13.296000+00:00,29.106,43.583,28.435,293.0,273.0,False,101.124,"[None, 2049, 2049, 2049, 2049, 2049, 2049, 2049]","[2048, 2049, 2048, 2049, 2049, 2049, 2049, 2049]","[2048, 2049, 2048, 2048, 2048, 2048, 2048, 2048]",276.0
1219,9165,14,3,2023-09-17T12:07:14.749000+00:00,29.239,43.697,28.413,284.0,264.0,False,101.349,"[2048, 2051, 2049, 2049, 2049, 2049, 2049, 2049]","[2049, 2049, 2049, 2049, 2048, 2048, 2048, 2048]","[2049, 2048, 2049, 2048, 2049, 2049, 2049]",286.0
1219,9165,31,3,2023-09-17T12:07:15.249000+00:00,29.277,43.371,28.548,298.0,269.0,False,101.196,"[None, 2049, 2049, 2049, 2049, 2049, 2049, 2049]","[2049, 2049, 2049, 2049, 2048, 2048, 2049, 2049]","[2049, 2051, 2051, 2048, 2048, 2048, 2048]",
1219,9165,20,3,2023-09-17T12:07:16.062000+00:00,29.207,43.584,28.748,302.0,273.0,False,101.539,"[None, 2049, 2049, 2049, 2048, 2049, 2049, 2049]","[2049, 2048, 2049, 2049, 2049, 2048, 2048, 2048]","[2049, 2048, 2049, 2048, 2048, 2048, 2048]",283.0
1219,9165,1,3,2023-09-17T12:07:16.359000+00:00,29.192,43.226,29.092,290.0,272.0,False,101.51,"[None, 2048, 2049, 2049, 2049, 2048, 2049, 2049]","[2049, 2048, 2049, 2049, 2049, 2049, 2048, 2051]","[2048, 2049, 2048, 2048, 2049, 2048, 2048, 2048]",281.0
1219,9165,27,3,2023-09-17T12:07:17.109000+00:00,29.278,43.237,28.885,311.0,270.0,False,101.4,"[None, 2048, 2049, 2048, 2048, 2049, 2049, 2049]","[2049, 2048, 2049, 2049, 2049, 2049, 2048, 2049]","[2049, 2048, 2048, 2048, 2049, 2048, 2049]",
1219,9165,10,3,2023-09-17T12:07:17.499000+00:00,29.493,43.116,28.833,300.0,267.0,False,101.442,"[2048, 2049, 2049, 2049, 2049, 2049, 2049, 2049]","[2049, 2048, 2048, 2048, 2049, 2049, 2049, 2049]","[2049, 2048, 2048, 2048, 2048, 2049, 2048, 2048]",275.0
1219,9165,40,3,2023-09-17T12:07:18.109000+00:00,29.54,43.252,28.722,298.0,264.0,False,101.514,"[None, 2049, 2048, 2048, 2049, 2048, 2049, 2049]","[2049, 2048, 2048, 2048, 2049, 2049, 2049, 2048]","[2049, 2049, 2049, 2048, 2048, 2048, 2049, 2048]",282.0
1219,9165,11,3,2023-09-17T12:07:18.609000+00:00,29.517,43.509,28.596,312.0,269.0,False,101.622,"[None, 2048, 2049, 2049, 2048, 2048, 2049, 2049]","[2048, 2048, 2048, 2049, 2049, 2049, 2049, 2049]","[2049, 2049, 2048, 2049, 2049, 2049, 2048, 2048]",283.0
1219,9165,81,3,2023-09-17T12:07:19.062000+00:00,29.247,44.236,28.426,323.0,273.0,False,101.909,"[2049, 2048, 2049, 2049, 2051, 2049, 2051, 2051]","[2048, 2048, 2048, 2048, 2048, 2048, 2049, 2048]","[2049, 2048, 2049, 2049, 2048, 2048, 2048, 2048]",282.0
1219,9165,23,3,2023-09-17T12:07:20.062000+00:00,29.417,43.731,28.635,296.0,273.0,False,101.783,"[None, 2048, 2048, 2049, 2049, 2049, 2049, 2049]","[2049, 2048, 2049, 2048, 2048, 2048, 2048, 2049]","[2048, 2048, 2048, 2048, 2048, 2048, 2048, 2048]",280.0
1219,9165,2,3,2023-09-17T12:07:21.109000+00:00,29.47,43.468,28.762,296.0,270.0,False,101.7,"[None, 2048, 2048, 2048, 2049, 2049, 2049, 2049]","[2049, 2049, 2049, 2049, 2049, 2049, 2048, 2049]","[2049, 2048, 2048, 2048, 2048, 2048, 2048]",286.0
1219,9165,77,3,2023-09-17T12:07:21.906000+00:00,30.254,43.674,29.108,287.0,257.0,False,103.036,"[None, 2049, 2048, 2048, 2048, 2048, 2048, 2048]","[2049, 2048, 2048, 2048, 2048, 2049, 2049, 2048]","[2049, 2048, 2049, 2048, 2048, 2048, 2048, 2048]",277.0
1219,9165,24,3,2023-09-17T12:07:30.124000+00:00,51.808,42.754,28.154,285.0,258.0,True,122.716,"[2064, 2064, 2064, 2048, 2048, 2049, 2048, 2048]","[2049, 2049, 2051, 2049, 2049, 2049, 2049, 2048]","[2049, 2048, 2049, 2051, 2048, 2051, 2051, 2051]",
1219,9165,55,4,2023-09-17T12:08:50.608000+00:00,29.39,42.937,28.253,280.0,256.0,False,100.58,"[None, 2048, 2048, 2048, 2048, 2051, 2048, 2048]","[2048, 2048, 2048, 2048, 2049, 2048, 2048, 2048]","[2049, 2048, 2049, 2049, 2049, 2049, 2049, 2049]",277.0
1219,9165,16,4,2023-09-17T12:08:51.701000+00:00,29.427,43.118,28.116,286.0,259.0,False,100.661,"[None, 2049, 2048, 2048, 2048, 2048, 2048, 2049]","[2048, 2048, 2048, 2048, 2049, 2048, 2048, 2048]","[2048, 2048, 2048, 2049, 2049, 2048, 2048, 2049]",280.0
1219,9165,63,4,2023-09-17T12:08:52.842000+00:00,29.417,43.147,28.522,273.0,252.0,False,101.086,"[2049, 2048, 2049, 2048, 2048, 2049, 2048, 2048]","[2048, 2049, 2049, 2048, 2048, 2048, 2048, 2048]","[2048, 2048, 2049, 2048, 2049, 2048, 2048, 2048]",279.0
1219,9165,44,4,2023-09-17T12:08:53.858000+00:00,29.32,43.99,29.551,282.0,239.0,False,102.861,"[2049, 2049, 2048, 2048, 2048, 2048, 2048, 2048]","[2048, 2048, 2049, 2048, 2048, 2048, 2048, 2048]","[2048, 2048, 2048, 2048, 2049, 2048, 2048, 2048]",276.0
1219,9165,4,4,2023-09-17T12:08:54.405000+00:00,29.17,43.643,28.865,292.0,273.0,False,101.678,"[2049, 2049, 2048, 2048, 2049, 2048, 2048, 2048]","[2048, 2049, 2048, 2049, 2049, 2048, 2048, 2049]","[2048, 2048, 2048, 2048, 2048, 2048, 2049]",291.0
1219,9165,14,4,2023-09-17T12:08:56.076000+00:00,29.331,43.404,28.621,287.0,263.0,False,101.356,"[2049, 2048, 2049, 2049, 2048, 2048, 2048, 2048]","[2049, 2048, 2049, 2049, 2049, 2049, 2048, 2049]","[2049, 2049, 2048, 2048, 2048, 2048, 2048, 2048]",283.0
1219,9165,31,4,2023-09-17T12:08:56.514000+00:00,29.381,43.437,28.557,297.0,262.0,False,101.375,"[None, 2048, 2048, 2048, 2048, 2048, 2048, 2048]","[2048, 2049, 2048, 2048, 2048, 2049, 2048, 2048]","[2048, 2048, 2048, 2048, 2048, 2048, 2048, 2048]",286.0
1219,9165,20,4,2023-09-17T12:08:57.576000+00:00,29.34,43.206,28.458,296.0,273.0,False,101.004,"[2048, 2051, 2048, 2049, 2048, 2048, 2048, 2048]","[2048, 2049, 2049, 2051, 2049, 2049, 2048, 2048]","[2049, 2048, 2049, 2048, 2048, 2049, 2048]",285.0
1219,9165,1,4,2023-09-17T12:08:57.983000+00:00,29.199,43.338,28.606,300.0,261.0,False,101.143,"[None, 2048, 2049, 2048, 2048, 2048, 2048, 2048]","[2048, 2048, 2048, 2048, 2048, 2049, 2048, 2048]","[2048, 2049, 2049, 2048, 2048, 2048, 2049, 2049]",291.0
1219,9165,27,4,2023-09-17T12:08:58.514000+00:00,29.134,43.592,28.53,306.0,271.0,False,101.256,"[2051, 2049, 2048, 2048, 2048, 2049, 2049, 2049]","[2048, 2048, 2048, 2049, 2048, 2048, 2048, 2048]","[2049, 2048, 2048, 2049, 2049, 2048, 2048, 2048]",297.0
1219,9165,10,4,2023-09-17T12:08:58.936000+00:00,29.317,43.488,28.529,288.0,265.0,False,101.334,"[2049, 2049, 2049, 2049, 2048, 2048, 2048, 2049]","[2048, 2048, 2048, 2048, 2048, 2048, 2048, 2048]","[2049, 2049, 2049, 2048, 2048, 2049, 2048]",289.0
1219,9165,40,4,2023-09-17T12:08:59.623000+00:00,29.356,43.333,28.67,289.0,265.0,False,101.359,"[None, 2049, 2048, 2048, 2049, 2049, 2049, 2048]","[2048, 2048, 2048, 2049, 2049, 2048, 2048, 2049]","[2049, 2049, 2048, 2049, 2048, 2049, 2048, 2048]",288.0
1219,9165,11,4,2023-09-17T12:09:00.264000+00:00,29.23,43.438,28.686,310.0,268.0,False,101.354,"[None, 2049, 2048, 2049, 2048, 2048, 2048, 2048]","[2049, 2049, 2049, 2048, 2048, 2048, 2048, 2048]","[2049, 2049, 2048, 2048, 2048, 2048, 2048, 2048]",297.0
1219,9165,81,4,2023-09-17T12:09:00.951000+00:00,29.326,43.599,28.445,308.0,269.0,False,101.37,"[None, 2049, 2049, 2048, 2048, 2049, 2048, 2048]","[2049, 2048, 2048, 2048, 2049, 2048, 2048, 2048]","[2048, 2048, 2048, 2049, 2048, 2048, 2049, 2049]",295.0
1219,9165,23,4,2023-09-17T12:09:01.826000+00:00,29.391,43.751,28.331,303.0,268.0,False,101.473,"[None, 2049, 2048, 2048, 2048, 2048, 2048, 2049]","[2049, 2048, 2048, 2048, 2048, 2048, 2049, 2048]","[2049, 2049, 2049, 2048, 2048, 2048, 2048]",293.0
1219,9165,2,4,2023-09-17T12:09:02.795000+00:00,29.624,43.769,28.482,293.0,260.0,False,101.875,"[None, 2048, 2049, 2048, 2048, 2048, 2048, 2048]","[2048, 2048, 2048, 2048, 2049, 2048, 2048, 2048]","[2049, 2049, 2048, 2049, 2048, 2048, 2049]",291.0
1219,9165,77,4,2023-09-17T12:09:04.951000+00:00,29.856,43.382,28.528,285.0,255.0,False,101.766,"[2048, 2049, 2049, 2048, 2048, 2048, 2048, 2048]","[2048, 2049, 2049, 2048, 2049, 2049, 2048, 2048]","[2049, 2048, 2048, 2049, 2049, 2049, 2049, 2049]",275.0
1219,9165,24,4,2023-09-17T12:09:32.779000+00:00,29.309,42.543,28.017,281.0,255.0,False,99.869,"[2048, 2049, 2049, 2049, 2049, 2049, 2049, 2048]","[2049, 2049, 2048, 2048, 2049, 2051, 2049, 2048]","[2051, 2048, 2048, 2048, 2048, 2048, 2048]",278.0
1219,9165,55,5,2023-09-17T12:10:31.325000+00:00,29.513,42.812,28.226,279.0,257.0,False,100.551,"[None, 2048, 2049, 2048, 2048, 2048, 2048, 2048]","[2048, 2048, 2049, 2049, 2048, 2048, 2048, 2048]","[2051, 2049, 2049, 2048, 2049, 2048, 2048, 2048]",278.0
1219,9165,16,5,2023-09-17T12:10:32.388000+00:00,29.405,42.79,28.133,284.0,260.0,False,100.328,"[None, 2048, 2048, 2048, 2048, 2048, 2048, 2048]","[2051, 2049, 2048, 2048, 2049, 2048, 2049, 2048]","[2049, 2049, 2048, 2048, 2048, 2048, 2048, 2049]",282.0
1219,9165,63,5,2023-09-17T12:10:33.919000+00:00,29.406,42.842,28.216,280.0,260.0,False,100.464,"[2048, 2048, 2048, 2048, 2048, 2048, 2048, 2048]","[2049, 2049, 2048, 2048, 2048, 2048, 2048, 2048]","[2048, 2048, 2049, 2048, 2048, 2049, 2048, 2048]",282.0
1219,9165,4,5,2023-09-17T12:10:36.028000+00:00,29.252,42.811,28.222,279.0,257.0,False,100.285,"[2048, 2048, 2049, 2048, 2049, 2051, 2048, 2048]","[2049, 2049, 2049, 2051, 2049, 2049, 2049, 2048]","[2049, 2048, 2048, 2049, 2048, 2048, 2048, 2048]",279.0
1219,9165,44,5,2023-09-17T12:10:36.575000+00:00,29.145,43.709,28.124,290.0,251.0,False,100.978,"[None, 2049, 2048, 2048, 2048, 2049, 2049, 2048]","[2048, 2048, 2048, 2048, 2048, 2048, 2049, 2048]","[2048, 2048, 2048, 2051, 2048, 2049, 2048, 2048]",295.0
1219,9165,14,5,2023-09-17T12:10:37.356000+00:00,29.345,43.476,28.373,293.0,265.0,False,101.194,"[None, 2048, 2048, 2048, 2048, 2048, 2049, 2049]","[2048, 2048, 2048, 2048, 2048, 2048, 2048, 2049]","[2048, 2049, 2048, 2048, 2049, 2048, 2048, 2048]",294.0
1219,9165,31,5,2023-09-17T12:10:37.778000+00:00,29.399,43.551,28.379,,265.0,False,101.329,"[None, 2049, 2048, 2048, 2048, 2048, 2049, 2049]","[2048, 2048, 2049, 2048, 2048, 2049, 2048, 2048]","[2049, 2048, 2048, 2048, 2048, 2049, 2049, 2049]",288.0
1219,9165,20,5,2023-09-17T12:10:38.638000+00:00,29.26,43.569,28.64,301.0,275.0,False,101.469,"[2049, 2048, 2048, 2048, 2048, 2048, 2048, 2049]","[2048, 2048, 2048, 2048, 2048, 2048, 2048, 2049]","[2049, 2049, 2048, 2048, 2048, 2048, 2048]",297.0
1219,9165,1,5,2023-09-17T12:10:39.106000+00:00,29.224,43.414,28.67,,254.0,False,101.308,"[None, 2049, 2048, 2048, 2048, 2048, 2048, 2049]","[2048, 2048, 2048, 2049, 2048, 2048, 2048, 2048]","[2048, 2048, 2048, 2048, 2049, 2048, 2048, 2048]",295.0
1219,9165,27,5,2023-09-17T12:10:39.747000+00:00,29.162,43.594,28.594,308.0,273.0,False,101.35,"[2051, 2049, 2049, 2048, 2048, 2049, 2048, 2049]","[2048, 2048, 2048, 2049, 2049, 2048, 2048, 2048]","[2048, 2048, 2048, 2049, 2048, 2048, 2048, 2048]",298.0
1219,9165,10,5,2023-09-17T12:10:40.310000+00:00,29.195,43.501,28.596,293.0,265.0,False,101.292,"[None, 2049, 2049, 2048, 2048, 2049, 2048, 2049]","[2048, 2048, 2048, 2048, 2048, 2048, 2048, 2048]","[2048, 2048, 2048, 2049, 2048, 2049, 2048, 2048]",288.0
1219,9165,40,5,2023-09-17T12:10:41.247000+00:00,29.275,43.469,28.607,296.0,256.0,False,101.351,"[2048, 2049, 2049, 2048, 2048, 2049, 2048, 2049]","[2048, 2048, 2048, 2048, 2048, 2048, 2048, 2048]","[2048, 2048, 2048, 2049, 2048, 2049, 2048]",291.0
1219,9165,11,5,2023-09-17T12:10:41.606000+00:00,29.183,43.475,28.673,301.0,264.0,False,101.331,"[None, 2048, 2049, 2048, 2048, 2049, 2049, 2049]","[2049, 2048, 2048, 2048, 2048, 2048, 2048, 2049]","[2048, 2048, 2048, 2048, 2048, 2049, 2049, 2049]",295.0
1219,9165,81,5,2023-09-17T12:10:42.310000+00:00,29.361,43.286,28.594,303.0,270.0,False,101.241,"[2048, 2048, 2048, 2048, 2048, 2048, 2048, 2048]","[2048, 2049, 2049, 2048, 2048, 2048, 2049, 2048]","[2048, 2048, 2048, 2049, 2048, 2048, 2048]",291.0
1219,9165,23,5,2023-09-17T12:10:43.278000+00:00,29.75,43.295,28.316,289.0,266.0,False,101.361,"[None, 2048, 2048, 2048, 2048, 2048, 2048, 2048]","[2048, 2049, 2049, 2049, 2049, 2049, 2049, 2048]","[2049, 2049, 2049, 2048, 2048, 2048, 2048, 2048]",288.0
1219,9165,2,5,2023-09-17T12:10:44.685000+00:00,29.443,43.37,28.451,297.0,264.0,False,101.264,"[2048, 2048, 2049, 2048, 2048, 2049, 2048, 2048]","[2049, 2048, 2049, 2049, 2049, 2049, 2048, 2048]","[2048, 2048, 2049, 2048, 2049, 2048, 2048]",287.0
1219,9165,77,5,2023-09-17T12:10:46.731000+00:00,29.824,43.296,28.637,284.0,255.0,False,101.757,"[None, 2049, 2048, 2048, 2049, 2049, 2048, 2048]","[2049, 2048, 2049, 2048, 2048, 2048, 2048, 2048]","[2048, 2048, 2048, 2048, 2048, 2048, 2048, 2048]",
1219,9165,24,5,2023-09-17T12:11:12.512000+00:00,29.561,42.695,28.115,279.0,255.0,False,100.371,"[None, 2048, 2048, 2049, 2049, 2049, 2048, 2048]","[2048, 2048, 2048, 2048, 2049, 2048, 2048, 2048]","[2048, 2048, 2049, 2048, 2048, 2048, 2048, 2048]",276.0
1219,9165,55,6,2023-09-17T12:12:11.855000+00:00,29.234,42.807,28.072,277.0,257.0,False,100.113,"[2048, 2048, 2048, 2048, 2048, 2051, 2048, 2048]","[2049, 2048, 2048, 2048, 2048, 2048, 2048, 2049]","[2048, 2048, 2049, 2049, 2049, 2048, 2048, 2048]",277.0
1219,9165,16,6,2023-09-17T12:12:12.699000+00:00,29.169,42.939,28.057,288.0,267.0,False,100.165,"[None, 2048, 2048, 2048, 2048, 2048, 2049, 2049]","[2048, 2048, 2048, 2048, 2049, 2049, 2048, 2049]","[2048, 2049, 2049, 2048, 2048, 2051, 2048, 2048]",286.0
1219,9165,63,6,2023-09-17T12:12:14.387000+00:00,29.376,42.721,28.124,281.0,264.0,False,100.221,"[2049, 2048, 2048, 2048, 2048, 2048, 2048, 2048]","[2048, 2048, 2049, 2048, 2049, 2048, 2048, 2048]","[2049, 2048, 2048, 2048, 2048, 2048, 2048, 2048]",283.0
1219,9165,4,6,2023-09-17T12:12:16.355000+00:00,29.381,42.659,27.952,275.0,257.0,False,99.992,"[None, 2048, 2048, 2048, 2048, 2049, 2048, 2048]","[2049, 2048, 2049, 2048, 2049, 2049, 2049, 2048]","[2049, 2048, 2048, 2049, 2048, 2048, 2048]",276.0
1219,9165,44,6,2023-09-17T12:12:17.559000+00:00,29.602,42.597,27.927,276.0,260.0,False,100.126,"[2048, 2049, 2048, 2048, 2048, 2048, 2048, 2048]","[2049, 2048, 2049, 2049, 2051, 2049, 2048, 2048]","[2049, 2048, 2048, 2051, 2051, 2049, 2048, 2048]",276.0
1219,9165,14,6,2023-09-17T12:12:18.590000+00:00,29.186,43.194,28.306,286.0,263.0,False,100.686,"[None, 2048, 2048, 2048, 2048, 2048, 2048, 2048]","[2048, 2049, 2049, 2049, 2049, 2049, 2048, 2048]","[2049, 2048, 2048, 2048, 2048, 2048, 2048]",297.0
1219,9165,31,6,2023-09-17T12:12:19.152000+00:00,29.166,43.306,28.436,293.0,257.0,False,100.908,"[None, 2049, 2048, 2048, 2049, 2049, 2049, 2048]","[2048, 2048, 2049, 2049, 2049, 2048, 2048, 2048]","[2048, 2048, 2048, 2048, 2048, 2048, 2048, 2048]",290.0
1219,9165,20,6,2023-09-17T12:12:20.058000+00:00,29.531,43.645,29.45,297.0,264.0,False,102.626,"[2048, 2048, 2048, 2048, 2048, 2048, 2048, 2048]","[2048, 2048, 2048, 2048, 2049, 2048, 2049, 2048]","[2048, 2049, 2048, 2048, 2048, 2048, 2048, 2048]",295.0
1219,9165,1,6,2023-09-17T12:12:20.402000+00:00,29.28,43.618,28.415,313.0,269.0,False,101.313,"[2048, 2048, 2048, 2048, 2048, 2048, 2048, 2049]","[2048, 2048, 2048, 2048, 2048, 2049, 2048, 2048]","[2048, 2048, 2048, 2049, 2048, 2049, 2048]",
1219,9165,27,6,2023-09-17T12:12:21.121000+00:00,29.253,43.93,28.766,303.0,266.0,False,101.949,"[2048, 2049, 2048, 2048, 2048, 2048, 2049, 2048]","[2048, 2048, 2048, 2048, 2048, 2049, 2049, 2048]","[2048, 2048, 2048, 2048, 2048, 2048, 2048]",297.0
1219,9165,10,6,2023-09-17T12:12:21.558000+00:00,29.128,44.03,28.671,289.0,267.0,False,101.829,"[None, 2048, 2049, 2048, 2049, 2048, 2051, 2049]","[2048, 2048, 2048, 2048, 2048, 2048, 2048, 2048]","[2048, 2048, 2049, 2048, 2048, 2048, 2048]",290.0
1219,9165,40,6,2023-09-17T12:12:22.308000+00:00,29.171,43.905,28.857,302.0,254.0,False,101.933,"[2049, 2048, 2049, 2049, 2048, 2049, 2049, 2048]","[2048, 2048, 2048, 2048, 2048, 2048, 2048, 2048]","[2048, 2048, 2048, 2048, 2048, 2048, 2048, 2048]",287.0
1219,9165,11,6,2023-09-17T12:12:23.074000+00:00,29.253,44.035,29.859,309.0,269.0,False,103.147,"[2049, 2048, 2048, 2048, 2048, 2049, 2049, 2048]","[2048, 2048, 2048, 2048, 2048, 2048, 2048, 2048]","[2048, 2048, 2049, 2048, 2048, 2048, 2048, 2048]",296.0
1219,9165,81,6,2023-09-17T12:12:23.605000+00:00,29.32,43.586,29.767,309.0,277.0,False,102.673,"[2051, 2048, 2048, 2048, 2048, 2048, 2048, 2048]","[2049, 2048, 2048, 2048, 2048, 2048, 2048, 2049]","[2048, 2051, 2051, 2048, 2048, 2048, 2048]",295.0
1219,9165,23,6,2023-09-17T12:12:24.652000+00:00,29.633,43.409,28.959,295.0,268.0,False,102.001,"[2048, 2048, 2048, 2048, 2048, 2049, 2048, 2048]","[2049, 2048, 2048, 2049, 2048, 2049, 2048, 2048]","[2048, 2048, 2048, 2048, 2048, 2048, 2048, 2048]",285.0
1219,9165,2,6,2023-09-17T12:12:25.933000+00:00,29.488,43.426,28.722,291.0,265.0,False,101.636,"[None, 2049, 2049, 2048, 2048, 2048, 2048, 2048]","[2048, 2049, 2048, 2051, 2048, 2048, 2048, 2048]","[2048, 2048, 2048, 2048, 2048, 2048, 2048, 2049]",278.0
1219,9165,77,6,2023-09-17T12:12:28.480000+00:00,29.491,43.291,28.488,289.0,260.0,False,101.27,"[None, 2049, 2048, 2048, 2049, 2049, 2049, 2049]","[2049, 2048, 2049, 2049, 2048, 2049, 2048, 2048]","[2048, 2048, 2048, 2049, 2049, 2048, 2048]",279.0
1219,9165,24,6,2023-09-17T12:12:52.996000+00:00,29.451,42.914,28.106,281.0,255.0,False,100.471,"[None, 2048, 2048, 2049, 2048, 2048, 2048, 2048]","[2049, 2048, 2048, 2048, 2048, 2048, 2048, 2048]","[2049, 2048, 2048, 2048, 2048, 2048, 2048]",275.0
1219,9165,55,7,2023-09-17T12:13:51.964000+00:00,29.413,42.648,28.117,280.0,256.0,False,100.178,"[None, 2048, 2048, 2048, 2048, 2048, 2048, 2048]","[2048, 2048, 2049, 2048, 2048, 2049, 2048, 2048]","[2048, 2048, 2048, 2048, 2048, 2049, 2049, 2049]",276.0
1219,9165,16,7,2023-09-17T12:13:52.823000+00:00,29.182,42.856,28.241,293.0,266.0,False,100.279,"[2048, 2048, 2048, 2048, 2048, 2048, 2048, 2049]","[2048, 2048, 2048, 2048, 2048, 2048, 2051, 2048]","[2049, 2048, 2048, 2048, 2048, 2048, 2048, 2048]",279.0
1219,9165,63,7,2023-09-17T12:13:54.635000+00:00,29.347,42.695,28.229,284.0,262.0,False,100.271,"[2048, 2048, 2049, 2048, 2048, 2049, 2048, 2048]","[2049, 2048, 2048, 2049, 2049, 2048, 2049, 2048]","[2048, 2048, 2048, 2048, 2049, 2048, 2049, 2049]",
1219,9165,4,7,2023-09-17T12:13:56.385000+00:00,29.227,42.587,28.158,273.0,263.0,False,99.972,"[None, 2048, 2048, 2048, 2048, 2048, 2048, 2048]","[2049, 2049, 2048, 2051, 2048, 2049, 2049, 2048]","[2048, 2048, 2048, 2048, 2048, 2048, 2048]",285.0
1219,9165,44,7,2023-09-17T12:13:57.698000+00:00,29.355,42.67,27.893,279.0,243.0,False,99.918,"[None, 2049, 2048, 2048, 2048, 2049, 2048, 2048]","[2048, 2048, 2048, 2048, 2051, 2049, 2049, 2048]","[2051, 2049, 2048, 2048, 2048, 2048, 2049, 2051]",277.0
1219,9165,14,7,2023-09-17T12:13:59.260000+00:00,29.341,43.249,28.184,291.0,263.0,False,100.774,"[2048, 2048, 2048, 2048, 2048, 2049, 2048, 2048]","[2049, 2048, 2049, 2048, 2048, 2048, 2048, 2048]","[2049, 2048, 2049, 2049, 2048, 2048, 2048, 2048]",282.0
1219,9165,31,7,2023-09-17T12:14:00.057000+00:00,29.161,43.281,28.29,,263.0,False,100.732,"[2048, 2048, 2048, 2048, 2048, 2049, 2048, 2048]","[2048, 2049, 2049, 2048, 2048, 2048, 2048, 2048]","[2049, 2048, 2048, 2048, 2048, 2048, 2048]",287.0
1219,9165,1,7,2023-09-17T12:14:01.635000+00:00,29.547,42.619,28.257,286.0,253.0,False,100.423,"[None, 2048, 2048, 2048, 2048, 2049, 2048, 2048]","[2049, 2051, 2049, 2048, 2049, 2051, 2049, 2048]","[2049, 2048, 2049, 2049, 2048, 2048, 2048, 2048]",276.0
1219,9165,20,7,2023-09-17T12:14:02.714000+00:00,29.249,43.169,28.416,302.0,262.0,False,100.834,"[None, 2048, 2048, 2048, 2048, 2048, 2048, 2048]","[2048, 2048, 2048, 2049, 2048, 2049, 2049, 2048]","[2049, 2048, 2048, 2048, 2048, 2048, 2048, 2048]",294.0
1219,9165,27,7,2023-09-17T12:14:03.167000+00:00,29.367,43.306,28.444,302.0,262.0,False,101.117,"[2049, 2048, 2048, 2048, 2048, 2048, 2048, 2048]","[2048, 2048, 2048, 2048, 2048, 2049, 2049, 2048]","[2048, 2048, 2048, 2049, 2048, 2048, 2048, 2048]",292.0
1219,9165,10,7,2023-09-17T12:14:03.401000+00:00,29.472,43.406,28.521,299.0,264.0,False,101.399,"[None, 2048, 2048, 2048, 2048, 2048, 2048, 2049]","[2048, 2048, 2048, 2049, 2048, 2048, 2049, 2048]","[2048, 2048, 2049, 2049, 2048, 2049, 2048, 2048]",293.0
1219,9165,40,7,2023-09-17T12:14:04.245000+00:00,29.56,43.396,28.512,278.0,255.0,False,101.468,"[2048, 2048, 2048, 2048, 2048, 2048, 2048, 2048]","[2048, 2048, 2048, 2048, 2049, 2048, 2048, 2048]","[2048, 2048, 2048, 2049, 2048, 2048, 2048, 2048]",
1219,9165,11,7,2023-09-17T12:14:06.104000+00:00,29.907,43.064,28.382,291.0,251.0,False,101.353,"[2048, 2051, 2048, 2048, 2048, 2048, 2048, 2048]","[2049, 2049, 2049, 2048, 2049, 2048, 2048, 2048]","[2049, 2048, 2048, 2049, 2048, 2048, 2048]",280.0
1219,9165,81,7,2023-09-17T12:14:06.213000+00:00,30.054,44.108,28.147,310.0,259.0,False,102.309,"[2048, 2049, 2048, 2048, 2048, 2048, 2048, 2048]","[2048, 2048, 2048, 2048, 2048, 2049, 2048, 2048]","[2049, 2048, 2048, 2049, 2048, 2049, 2048, 2048]",
1219,9165,23,7,2023-09-17T12:14:06.651000+00:00,30.047,44.121,28.939,298.0,275.0,False,103.107,"[None, 2048, 2048, 2048, 2048, 2048, 2049, 2049]","[2048, 2048, 2048, 2048, 2048, 2048, 2048, 2048]","[2048, 2048, 2048, 2048, 2048, 2048, 2048]",291.0
1219,9165,2,7,2023-09-17T12:14:07.557000+00:00,29.807,44.361,28.718,303.0,270.0,False,102.886,"[None, 2048, 2048, 2048, 2048, 2048, 2049, 2049]","[2048, 2048, 2048, 2048, 2048, 2048, 2048, 2048]","[2048, 2048, 2048, 2048, 2048, 2048, 2048]",288.0
1219,9165,77,7,2023-09-17T12:14:09.760000+00:00,29.97,43.671,28.756,286.0,256.0,False,102.397,"[None, 2048, 2048, 2048, 2048, 2048, 2048, 2048]","[2048, 2048, 2048, 2048, 2048, 2049, 2048, 2048]","[2048, 2048, 2048, 2048, 2048, 2048, 2048, 2048]",277.0
1219,9165,24,7,2023-09-17T12:14:33.494000+00:00,29.509,43.006,28.073,282.0,255.0,False,100.588,"[None, 2048, 2048, 2048, 2048, 2048, 2048, 2048]","[2048, 2048, 2048, 2048, 2048, 2048, 2048, 2048]","[2049, 2048, 2048, 2048, 2048, 2048, 2048, 2048]",276.0
1219,9165,55,8,2023-09-17T12:15:32.150000+00:00,29.665,42.727,28.111,,256.0,False,100.503,"[None, 2048, 2048, 2048, 2048, 2048, 2048, 2048]","[2049, 2049, 2049, 2048, 2048, 2048, 2048, 2048]","[2048, 2048, 2049, 2048, 2049, 2049, 2048, 2049]",277.0
1219,9165,16,8,2023-09-17T12:15:33.103000+00:00,29.261,43.053,28.082,287.0,256.0,False,100.396,"[None, 2048, 2048, 2048, 2048, 2049, 2048, 2048]","[2048, 2048, 2049, 2048, 2048, 2048, 2048, 2048]","[2048, 2049, 2048, 2048, 2048, 2048, 2048, 2048]",276.0
1219,9165,63,8,2023-09-17T12:15:34.884000+00:00,29.389,42.774,28.301,288.0,259.0,False,100.464,"[None, 2048, 2048, 2048, 2048, 2049, 2048, 2048]","[2048, 2048, 2048, 2048, 2049, 2048, 2048, 2048]","[2048, 2048, 2048, 2048, 2048, 2049, 2049, 2049]",282.0
1219,9165,4,8,2023-09-17T12:15:36.337000+00:00,29.356,42.773,28.172,276.0,263.0,False,100.301,"[None, 2048, 2048, 2048, 2048, 2048, 2048, 2048]","[2048, 2048, 2048, 2051, 2048, 2048, 2048, 2048]","[2048, 2048, 2048, 2048, 2048, 2048, 2048]",284.0
1219,9165,44,8,2023-09-17T12:15:37.619000+00:00,29.251,42.903,28.012,275.0,244.0,False,100.166,"[None, 2048, 2048, 2048, 2048, 2049, 2048, 2048]","[2048, 2048, 2049, 2048, 2048, 2048, 2048, 2048]","[2048, 2048, 2048, 2048, 2048, 2048, 2048, 2048]",279.0
1219,9165,14,8,2023-09-17T12:15:40.025000+00:00,29.229,42.747,28.234,290.0,261.0,False,100.21,"[None, 2049, 2048, 2048, 2049, 2049, 2048, 2048]","[2049, 2049, 2049, 2049, 2049, 2051, 2048, 2048]","[2049, 2049, 2048, 2048, 2048, 2049, 2048, 2048]",285.0
1219,9165,31,8,2023-09-17T12:15:41.025000+00:00,29.114,42.991,28.234,294.0,265.0,False,100.339,"[None, 2048, 2048, 2048, 2049, 2049, 2048, 2048]","[2048, 2049, 2049, 2049, 2049, 2048, 2049, 2048]","[2049, 2048, 2048, 2048, 2048, 2048, 2048, 2048]",289.0
1219,9165,1,8,2023-09-17T12:15:42.181000+00:00,29.375,42.775,28.027,288.0,258.0,False,100.177,"[None, 2048, 2049, 2048, 2048, 2048, 2048, 2048]","[2049, 2048, 2049, 2049, 2048, 2048, 2048, 2048]","[2049, 2048, 2049, 2049, 2049, 2049, 2048, 2048]",284.0
1219,9165,20,8,2023-09-17T12:15:43.525000+00:00,29.431,42.799,28.4,290.0,262.0,False,100.63,"[None, 2048, 2048, 2049, 2049, 2048, 2048, 2048]","[2049, 2048, 2049, 2048, 2049, 2048, 2051, 2048]","[2049, 2048, 2048, 2048, 2048, 2048, 2048, 2048]",284.0
1219,9165,27,8,2023-09-17T12:15:44.134000+00:00,29.106,43.242,28.386,291.0,262.0,False,100.734,"[2048, 2048, 2048, 2048, 2048, 2049, 2049, 2048]","[2048, 2048, 2049, 2049, 2049, 2048, 2049, 2048]","[2048, 2048, 2048, 2049, 2048, 2048, 2048, 2048]",288.0
1219,9165,10,8,2023-09-17T12:15:44.853000+00:00,29.236,43.149,28.292,296.0,265.0,False,100.677,"[2048, 2049, 2048, 2048, 2048, 2048, 2048, 2048]","[2048, 2048, 2049, 2049, 2049, 2049, 2048, 2048]","[2049, 2048, 2048, 2049, 2048, 2049, 2048, 2048]",289.0
1219,9165,40,8,2023-09-17T12:15:45.744000+00:00,29.314,42.915,28.664,291.0,260.0,False,100.893,"[None, 2048, 2048, 2048, 2048, 2048, 2048, 2048]","[2049, 2048, 2048, 2048, 2049, 2049, 2048, 2048]","[2048, 2048, 2048, 2048, 2048, 2048, 2048]",
1219,9165,11,8,2023-09-17T12:15:47.431000+00:00,29.459,42.772,28.325,283.0,257.0,False,100.556,"[None, 2048, 2048, 2048, 2048, 2049, 2048, 2048]","[2049, 2049, 2049, 2048, 2049, 2048, 2048, 2048]","[2049, 2048, 2048, 2049, 2049, 2049, 2048, 2048]",281.0
1219,9165,81,8,2023-09-17T12:15:48.556000+00:00,29.683,43.086,28.322,294.0,260.0,False,101.091,"[None, 2048, 2048, 2048, 2048, 2049, 2048, 2048]","[2048, 2048, 2048, 2049, 2049, 2049, 2049, 2048]","[2049, 2048, 2048, 2048, 2048, 2048, 2048, 2048]",284.0
1219,9165,23,8,2023-09-17T12:15:49.744000+00:00,29.594,43.41,28.314,290.0,264.0,False,101.318,"[None, 2049, 2048, 2048, 2048, 2048, 2048, 2048]","[2048, 2048, 2048, 2048, 2048, 2049, 2048, 2048]","[2049, 2048, 2049, 2048, 2048, 2048, 2048, 2048]",286.0
1219,9165,2,8,2023-09-17T12:15:50.447000+00:00,29.431,43.861,28.391,299.0,271.0,False,101.683,"[2049, 2048, 2048, 2048, 2048, 2048, 2049, 2048]","[2048, 2048, 2048, 2048, 2048, 2048, 2048, 2048]","[2048, 2048, 2049, 2048, 2048, 2048, 2048, 2048]",296.0
1219,9165,77,8,2023-09-17T12:15:52.244000+00:00,29.892,43.685,28.576,,256.0,False,102.153,"[None, 2048, 2048, 2048, 2048, 2048, 2048, 2048]","[2048, 2048, 2048, 2048, 2048, 2048, 2048, 2048]","[2048, 2048, 2048, 2048, 2048, 2048, 2048, 2048]",
1219,9165,24,8,2023-09-17T12:16:14.087000+00:00,29.629,43.273,28.338,,255.0,False,101.24,"[None, 2048, 2048, 2048, 2048, 2048, 2048, 2048]","[2048, 2048, 2048, 2048, 2048, 2048, 2048, 2048]","[2048, 2048, 2048, 2048, 2048, 2048, 2048, 2048]",
1219,9165,55,9,2023-09-17T12:17:12.633000+00:00,29.093,42.628,27.905,281.0,257.0,False,99.626,"[2049, 2048, 2048, 2048, 2048, 2051, 2048, 2048]","[2048, 2048, 2048, 2048, 2049, 2049, 2048, 2048]","[2049, 2048, 2048, 2048, 2049, 2048, 2049]",278.0
1219,9165,16,9,2023-09-17T12:17:13.508000+00:00,29.019,42.647,27.98,297.0,265.0,False,99.646,"[None, 2049, 2048, 2048, 2048, 2049, 2048, 2048]","[2051, 2048, 2049, 2048, 2049, 2049, 2048, 2048]","[2051, 2048, 2048, 2048, 2048, 2048, 2048, 2049]",288.0
1219,9165,63,9,2023-09-17T12:17:15.352000+00:00,29.341,42.557,28.141,283.0,262.0,False,100.039,"[2049, 2048, 2049, 2048, 2048, 2048, 2048, 2048]","[2048, 2049, 2048, 2048, 2048, 2048, 2048, 2048]","[2049, 2048, 2048, 2048, 2048, 2049, 2049, 2049]",284.0
1219,9165,4,9,2023-09-17T12:17:16.633000+00:00,29.284,42.752,28.094,277.0,263.0,False,100.13,"[None, 2048, 2048, 2048, 2048, 2048, 2048, 2048]","[2049, 2048, 2048, 2048, 2048, 2048, 2048, 2048]","[2048, 2049, 2048, 2048, 2051, 2048, 2048]",286.0
1219,9165,44,9,2023-09-17T12:17:17.758000+00:00,29.301,43.078,27.933,288.0,241.0,False,100.312,"[None, 2048, 2048, 2048, 2048, 2049, 2048, 2048]","[2049, 2048, 2048, 2048, 2048, 2048, 2048, 2048]","[2048, 2048, 2049, 2048, 2048, 2048, 2048, 2048]",274.0
1219,9165,14,9,2023-09-17T12:17:20.227000+00:00,29.262,42.795,28.365,292.0,265.0,False,100.422,"[None, 2049, 2048, 2048, 2048, 2048, 2048, 2048]","[2049, 2048, 2048, 2049, 2049, 2048, 2048, 2048]","[2048, 2048, 2048, 2048, 2048, 2048, 2048, 2048]",286.0
1219,9165,31,9,2023-09-17T12:17:21.352000+00:00,29.059,43.002,28.282,300.0,264.0,False,100.343,"[None, 2048, 2048, 2048, 2049, 2049, 2049, 2048]","[2049, 2049, 2048, 2048, 2048, 2049, 2048, 2048]","[2048, 2048, 2048, 2048, 2048, 2048, 2048, 2048]",
1219,9165,1,9,2023-09-17T12:17:22.336000+00:00,29.366,42.774,28.124,291.0,257.0,False,100.264,"[None, 2049, 2048, 2048, 2048, 2048, 2048, 2048]","[2048, 2048, 2048, 2049, 2048, 2048, 2049, 2048]","[2049, 2048, 2049, 2048, 2048, 2048, 2048]",286.0
1219,9165,20,9,2023-09-17T12:17:24.164000+00:00,29.576,43.013,28.406,291.0,260.0,False,100.995,"[None, 2048, 2049, 2048, 2048, 2048, 2048, 2048]","[2048, 2048, 2048, 2048, 2049, 2048, 2048, 2048]","[2049, 2048, 2048, 2048, 2048, 2048, 2048, 2048]",283.0
1219,9165,27,9,2023-09-17T12:17:24.883000+00:00,29.225,43.399,28.354,301.0,267.0,False,100.978,"[None, 2048, 2048, 2048, 2048, 2048, 2048, 2048]","[2048, 2048, 2048, 2048, 2049, 2048, 2048, 2048]","[2049, 2048, 2048, 2048, 2048, 2048, 2048, 2048]",285.0
1219,9165,10,9,2023-09-17T12:17:25.508000+00:00,29.148,43.382,28.533,298.0,266.0,False,101.063,"[None, 2048, 2048, 2048, 2048, 2049, 2048, 2048]","[2048, 2048, 2048, 2048, 2048, 2049, 2048, 2048]","[2048, 2048, 2049, 2048, 2048, 2049, 2048, 2048]",290.0
1219,9165,40,9,2023-09-17T12:17:26.618000+00:00,29.484,42.967,28.435,285.0,257.0,False,100.886,"[None, 2049, 2048, 2048, 2048, 2048, 2048, 2048]","[2049, 2048, 2048, 2048, 2048, 2049, 2049, 2048]","[2048, 2048, 2048, 2049, 2048, 2049, 2048, 2048]",288.0
1219,9165,11,9,2023-09-17T12:17:28.039000+00:00,29.46,43.002,28.232,288.0,260.0,False,100.694,"[None, 2048, 2049, 2048, 2048, 2049, 2048, 2048]","[2048, 2049, 2048, 2048, 2048, 2048, 2048, 2048]","[2048, 2048, 2048, 2049, 2049, 2049, 2049, 2049]",284.0
1219,9165,81,9,2023-09-17T12:17:29.602000+00:00,29.479,42.86,28.135,295.0,264.0,False,100.474,"[None, 2048, 2049, 2048, 2048, 2049, 2048, 2048]","[2048, 2049, 2049, 2049, 2049, 2049, 2049, 2048]","[2048, 2048, 2048, 2048, 2048, 2048, 2048, 2048]",285.0
1219,9165,23,9,2023-09-17T12:17:31.102000+00:00,29.531,43.316,28.022,294.0,265.0,False,100.869,"[None, 2048, 2048, 2048, 2048, 2048, 2048, 2048]","[2049, 2048, 2048, 2048, 2048, 2049, 2049, 2048]","[2049, 2048, 2049, 2049, 2048, 2048, 2048]",287.0
1219,9165,2,9,2023-09-17T12:17:32.117000+00:00,29.596,43.279,28.353,296.0,266.0,False,101.228,"[2048, 2049, 2048, 2048, 2049, 2049, 2048, 2048]","[2048, 2048, 2048, 2048, 2048, 2049, 2048, 2048]","[2048, 2048, 2049, 2049, 2048, 2048, 2049]",286.0
1219,9165,77,9,2023-09-17T12:17:34.305000+00:00,29.627,43.201,28.475,285.0,257.0,False,101.303,"[None, 2048, 2049, 2048, 2048, 2048, 2048, 2048]","[2048, 2048, 2048, 2049, 2048, 2049, 2048, 2048]","[2048, 2048, 2048, 2049, 2048, 2048, 2048, 2048]",
1219,9165,24,9,2023-09-17T12:17:55.320000+00:00,29.555,42.774,28.226,,256.0,False,100.555,"[None, 2048, 2048, 2048, 2048, 2048, 2048, 2048]","[2048, 2048, 2048, 2048, 2048, 2048, 2048, 2048]","[2048, 2048, 2049, 2048, 2048, 2048, 2048, 2048]",
1219,9165,55,10,2023-09-17T12:18:52.163000+00:00,29.376,42.736,28.257,284.0,257.0,False,100.369,"[None, 2048, 2048, 2048, 2048, 2048, 2048, 2048]","[2049, 2048, 2048, 2048, 2049, 2048, 2048, 2048]","[2048, 2048, 2048, 2048, 2048, 2048, 2048, 2048]",277.0
1219,9165,16,10,2023-09-17T12:18:53.148000+00:00,29.327,43.219,28.244,290.0,255.0,False,100.79,"[None, 2048, 2048, 2048, 2048, 2048, 2048, 2048]","[2048, 2048, 2048, 2048, 2048, 2048, 2048, 2048]","[2048, 2048, 2048, 2048, 2048, 2048, 2049, 2048]",
1219,9165,63,10,2023-09-17T12:18:55.382000+00:00,29.189,42.5,28.404,275.0,259.0,False,100.093,"[None, 2049, 2051, 2048, 2049, 2049, 2048, 2048]","[2048, 2049, 2049, 2049, 2049, 2048, 2048, 2048]","[2048, 2048, 2048, 2048, 2048, 2048, 2048]",283.0
1219,9165,4,10,2023-09-17T12:18:56.757000+00:00,29.159,42.708,28.107,275.0,264.0,False,99.974,"[None, 2048, 2048, 2048, 2048, 2049, 2048, 2048]","[2048, 2048, 2051, 2048, 2048, 2051, 2048, 2048]","[2049, 2048, 2048, 2048, 2048, 2048, 2048, 2048]",
1219,9165,44,10,2023-09-17T12:18:58.085000+00:00,29.373,42.869,27.902,272.0,251.0,False,100.144,"[None, 2049, 2048, 2048, 2048, 2048, 2048, 2048]","[2048, 2048, 2049, 2048, 2048, 2048, 2049, 2048]","[2048, 2048, 2048, 2048, 2048, 2051, 2048, 2048]",282.0
1219,9165,14,10,2023-09-17T12:19:00.695000+00:00,29.379,42.947,28.229,291.0,264.0,False,100.555,"[None, 2048, 2048, 2048, 2048, 2048, 2048, 2048]","[2048, 2049, 2048, 2048, 2048, 2048, 2048, 2048]","[2048, 2048, 2048, 2049, 2048, 2048, 2048, 2048]",
1219,9165,31,10,2023-09-17T12:19:01.523000+00:00,29.193,43.144,28.352,294.0,266.0,False,100.689,"[None, 2048, 2048, 2048, 2049, 2049, 2048, 2048]","[2048, 2048, 2048, 2049, 2048, 2048, 2048, 2048]","[2048, 2048, 2048, 2048, 2048, 2048, 2048, 2048]",
1219,9165,1,10,2023-09-17T12:19:02.601000+00:00,29.385,42.904,28.119,290.0,259.0,False,100.408,"[None, 2048, 2048, 2048, 2049, 2049, 2048, 2048]","[2048, 2048, 2049, 2049, 2048, 2048, 2048, 2048]","[2049, 2048, 2048, 2048, 2049, 2048, 2049, 2049]",284.0
1219,9165,20,10,2023-09-17T12:19:05.163000+00:00,29.373,42.77,28.361,289.0,259.0,False,100.504,"[None, 2048, 2048, 2049, 2048, 2049, 2048, 2048]","[2049, 2048, 2048, 2048, 2049, 2049, 2048, 2048]","[2048, 2048, 2048, 2048, 2048, 2048, 2049, 2049]",282.0
1219,9165,27,10,2023-09-17T12:19:05.851000+00:00,29.144,43.127,28.362,303.0,272.0,False,100.633,"[None, 2048, 2048, 2048, 2048, 2048, 2048, 2048]","[2048, 2048, 2049, 2049, 2048, 2048, 2048, 2048]","[2048, 2048, 2049, 2048, 2048, 2048, 2048, 2048]",295.0
1219,9165,10,10,2023-09-17T12:19:06.554000+00:00,29.07,43.027,28.281,303.0,268.0,False,100.378,"[None, 2049, 2048, 2048, 2049, 2048, 2048, 2048]","[2048, 2048, 2049, 2049, 2048, 2049, 2048, 2048]","[2048, 2048, 2049, 2048, 2048, 2048, 2049, 2049]",287.0
1219,9165,40,10,2023-09-17T12:19:07.507000+00:00,29.639,42.707,28.252,287.0,258.0,False,100.598,"[None, 2049, 2048, 2048, 2048, 2049, 2048, 2048]","[2049, 2049, 2049, 2051, 2049, 2049, 2048, 2048]","[2049, 2048, 2049, 2048, 2048, 2048, 2048, 2048]",283.0
1219,9165,11,10,2023-09-17T12:19:08.679000+00:00,29.403,43.042,28.198,284.0,260.0,False,100.643,"[None, 2048, 2048, 2048, 2048, 2049, 2048, 2048]","[2048, 2048, 2049, 2048, 2048, 2048, 2048, 2048]","[2049, 2048, 2048, 2048, 2049, 2048, 2048, 2048]",285.0
1219,9165,81,10,2023-09-17T12:19:10.148000+00:00,29.333,43.038,28.157,293.0,263.0,False,100.528,"[None, 2049, 2049, 2048, 2048, 2048, 2048, 2048]","[2048, 2048, 2049, 2048, 2048, 2048, 2048, 2048]","[2049, 2048, 2048, 2048, 2048, 2048, 2049, 2048]",
1219,9165,23,10,2023-09-17T12:19:11.929000+00:00,29.476,43.031,28.118,295.0,266.0,False,100.625,"[None, 2048, 2048, 2048, 2049, 2048, 2048, 2048]","[2048, 2049, 2048, 2048, 2049, 2048, 2049, 2048]","[2048, 2048, 2048, 2048, 2048, 2048, 2048, 2048]",285.0
1219,9165,2,10,2023-09-17T12:19:13.366000+00:00,29.397,43.16,28.182,293.0,266.0,False,100.739,"[None, 2049, 2049, 2048, 2048, 2049, 2048, 2048]","[2048, 2049, 2048, 2048, 2049, 2049, 2048, 2048]","[2049, 2048, 2049, 2049, 2048, 2049, 2048]",
1219,9165,77,10,2023-09-17T12:19:15.601000+00:00,29.545,43.298,28.387,286.0,256.0,False,101.23,"[None, 2048, 2048, 2048, 2048, 2049, 2048, 2048]","[2048, 2048, 2049, 2049, 2049, 2048, 2048, 2048]","[2049, 2048, 2048, 2048, 2048, 2048, 2049]",276.0
1219,9165,24,10,2023-09-17T12:19:35.866000+00:00,29.532,42.896,28.138,,255.0,False,100.566,"[None, 2048, 2048, 2048, 2048, 2049, 2049, 2048]","[2048, 2048, 2048, 2048, 2048, 2048, 2048, 2048]","[2048, 2048, 2048, 2048, 2048, 2048, 2048]",
1219,9165,55,11,2023-09-17T12:20:32.647000+00:00,29.343,42.732,28.222,280.0,257.0,False,100.297,"[2048, 2049, 2048, 2048, 2048, 2048, 2048, 2049]","[2048, 2048, 2048, 2049, 2049, 2048, 2048, 2048]","[2048, 2048, 2048, 2048, 2048, 2048, 2048, 2048]",279.0
1219,9165,16,11,2023-09-17T12:20:33.959000+00:00,29.416,42.914,28.073,281.0,256.0,False,100.403,"[None, 2048, 2048, 2048, 2048, 2049, 2048, 2048]","[2048, 2048, 2049, 2048, 2049, 2048, 2048, 2048]","[2048, 2048, 2048, 2048, 2048, 2048, 2049, 2049]",277.0
1219,9165,63,11,2023-09-17T12:20:35.522000+00:00,29.512,42.899,28.184,286.0,261.0,False,100.595,"[2048, 2048, 2048, 2048, 2048, 2048, 2048, 2048]","[2048, 2048, 2048, 2048, 2048, 2048, 2048, 2048]","[2048, 2048, 2048, 2048, 2048, 2048, 2048]",278.0
1219,9165,4,11,2023-09-17T12:20:36.756000+00:00,29.404,42.912,28.039,274.0,263.0,False,100.355,"[None, 2048, 2048, 2048, 2048, 2048, 2048, 2048]","[2048, 2048, 2048, 2049, 2048, 2048, 2048, 2048]","[2048, 2048, 2048, 2048, 2048, 2049, 2048]",285.0
1219,9165,44,11,2023-09-17T12:20:38.225000+00:00,29.415,42.792,28.034,283.0,253.0,False,100.241,"[None, 2048, 2051, 2048, 2048, 2048, 2048, 2048]","[2048, 2049, 2048, 2048, 2048, 2048, 2048, 2048]","[2048, 2048, 2048, 2048, 2048, 2048, 2048, 2048]",277.0
1219,9165,14,11,2023-09-17T12:20:41.272000+00:00,29.359,42.729,28.059,288.0,264.0,False,100.147,"[None, 2048, 2048, 2048, 2048, 2049, 2048, 2048]","[2048, 2049, 2048, 2049, 2049, 2051, 2048, 2048]","[2049, 2048, 2048, 2049, 2048, 2048, 2048]",283.0
1219,9165,31,11,2023-09-17T12:20:42.178000+00:00,29.109,43.039,27.937,293.0,260.0,False,100.085,"[None, 2048, 2048, 2048, 2049, 2048, 2048, 2048]","[2048, 2049, 2048, 2048, 2048, 2049, 2048, 2048]","[2049, 2048, 2048, 2049, 2048, 2048, 2048, 2048]",287.0
1219,9165,1,11,2023-09-17T12:20:43.006000+00:00,29.174,43.092,28.157,294.0,265.0,False,100.423,"[2049, 2049, 2048, 2048, 2049, 2048, 2048, 2048]","[2048, 2048, 2048, 2048, 2048, 2048, 2048, 2048]","[2048, 2048, 2048, 2048, 2049, 2048, 2048, 2048]",293.0
1219,9165,20,11,2023-09-17T12:20:45.646000+00:00,29.47,42.694,28.251,292.0,261.0,False,100.415,"[None, 2048, 2048, 2048, 2048, 2048, 2048, 2048]","[2048, 2048, 2048, 2048, 2049, 2049, 2048, 2048]","[2049, 2048, 2048, 2048, 2048, 2048, 2048, 2048]",284.0
1219,9165,27,11,2023-09-17T12:20:46.506000+00:00,29.027,43.13,28.402,306.0,266.0,False,100.559,"[None, 2049, 2048, 2048, 2048, 2048, 2048, 2048]","[2048, 2048, 2048, 2049, 2049, 2049, 2048, 2048]","[2048, 2048, 2048, 2048, 2048, 2048, 2048]",
1219,9165,10,11,2023-09-17T12:20:46.943000+00:00,29.165,43.348,28.215,304.0,266.0,False,100.728,"[2049, 2048, 2048, 2048, 2049, 2048, 2048, 2048]","[2048, 2048, 2048, 2048, 2048, 2048, 2048, 2048]","[2049, 2049, 2048, 2049, 2048, 2048, 2048]",293.0
1219,9165,40,11,2023-09-17T12:20:48.115000+00:00,29.601,42.936,28.287,282.0,259.0,False,100.824,"[None, 2048, 2048, 2048, 2048, 2048, 2048, 2048]","[2048, 2048, 2048, 2048, 2048, 2048, 2048, 2048]","[2048, 2048, 2048, 2049, 2048, 2048, 2049, 2048]",279.0
1219,9165,11,11,2023-09-17T12:20:49.334000+00:00,29.483,42.779,28.431,291.0,260.0,False,100.693,"[None, 2048, 2048, 2048, 2048, 2048, 2048, 2048]","[2049, 2048, 2049, 2048, 2048, 2049, 2048, 2048]","[2048, 2048, 2048, 2048, 2048, 2048, 2048, 2048]",281.0
1219,9165,81,11,2023-09-17T12:20:50.600000+00:00,29.277,43.163,28.238,295.0,264.0,False,100.678,"[None, 2048, 2048, 2048, 2048, 2049, 2048, 2048]","[2048, 2048, 2048, 2048, 2048, 2048, 2048, 2048]","[2048, 2048, 2048, 2048, 2048, 2048, 2048, 2048]",
1219,9165,23,11,2023-09-17T12:20:52.693000+00:00,29.488,42.838,28.037,297.0,266.0,False,100.363,"[None, 2048, 2048, 2048, 2048, 2049, 2048, 2048]","[2049, 2049, 2049, 2048, 2048, 2049, 2048, 2048]","[2049, 2049, 2048, 2048, 2048, 2048, 2048, 2048]",286.0
1219,9165,2,11,2023-09-17T12:20:54.131000+00:00,29.544,43.025,28.142,296.0,266.0,False,100.711,"[None, 2048, 2048, 2048, 2049, 2048, 2048, 2048]","[2049, 2049, 2048, 2048, 2048, 2048, 2049, 2048]","[2049, 2048, 2048, 2049, 2048, 2049, 2048]",
1219,9165,77,11,2023-09-17T12:20:56.818000+00:00,29.755,43.166,28.455,287.0,256.0,False,101.376,"[None, 2048, 2048, 2048, 2049, 2048, 2048, 2048]","[2049, 2048, 2048, 2049, 2049, 2048, 2048, 2048]","[2048, 2048, 2048, 2049, 2048, 2048, 2048]",278.0
1219,9165,24,11,2023-09-17T12:21:16.428000+00:00,29.458,42.942,28.134,283.0,255.0,False,100.534,"[None, 2048, 2048, 2048, 2048, 2049, 2048, 2048]","[2048, 2048, 2048, 2048, 2048, 2048, 2048, 2048]","[2048, 2048, 2048, 2048, 2048, 2048, 2048, 2048]",277.0
1219,9165,55,12,2023-09-17T12:22:12.911000+00:00,29.35,43.167,28.013,282.0,257.0,False,100.53,"[None, 2049, 2049, 2048, 2048, 2048, 2048, 2048]","[2049, 2048, 2048, 2048, 2048, 2048, 2048, 2048]","[2051, 2048, 2048, 2048, 2048, 2048, 2048, 2048]",
1219,9165,16,12,2023-09-17T12:22:14.333000+00:00,29.412,42.933,28.047,286.0,257.0,False,100.392,"[None, 2048, 2048, 2048, 2048, 2048, 2048, 2048]","[2048, 2048, 2048, 2048, 2048, 2048, 2048, 2048]","[2048, 2048, 2048, 2048, 2048, 2049, 2048, 2048]",279.0
1219,9165,63,12,2023-09-17T12:22:16.114000+00:00,29.458,42.728,28.277,278.0,262.0,False,100.463,"[None, 2048, 2048, 2048, 2048, 2048, 2048, 2048]","[2048, 2048, 2048, 2048, 2048, 2048, 2048, 2048]","[2048, 2048, 2048, 2048, 2048, 2049, 2049, 2049]",282.0
1219,9165,4,12,2023-09-17T12:22:17.099000+00:00,29.442,43.004,28.02,286.0,262.0,False,100.466,"[None, 2048, 2048, 2048, 2048, 2048, 2048, 2048]","[2048, 2048, 2048, 2048, 2048, 2048, 2048, 2048]","[2048, 2049, 2048, 2048, 2048, 2048, 2048, 2048]",274.0
1219,9165,44,12,2023-09-17T12:22:18.474000+00:00,29.288,42.99,27.94,279.0,252.0,False,100.218,"[None, 2049, 2048, 2048, 2048, 2048, 2048, 2048]","[2048, 2048, 2048, 2048, 2048, 2048, 2048, 2048]","[2048, 2049, 2049, 2048, 2048, 2048, 2048, 2048]",279.0
1219,9165,14,12,2023-09-17T12:22:21.395000+00:00,29.306,42.802,28.275,293.0,264.0,False,100.383,"[None, 2048, 2049, 2048, 2048, 2049, 2048, 2048]","[2049, 2048, 2048, 2048, 2048, 2048, 2048, 2048]","[2048, 2048, 2048, 2048, 2048, 2048, 2048]",
1219,9165,31,12,2023-09-17T12:22:22.255000+00:00,29.134,42.975,28.279,292.0,265.0,False,100.388,"[None, 2048, 2048, 2048, 2048, 2049, 2048, 2048]","[2049, 2048, 2049, 2048, 2048, 2048, 2048, 2048]","[2048, 2048, 2048, 2048, 2048, 2048, 2048, 2048]",288.0
1219,9165,1,12,2023-09-17T12:22:23.442000+00:00,29.376,43.056,28.17,283.0,257.0,False,100.602,"[2048, 2049, 2048, 2048, 2048, 2048, 2048, 2048]","[2048, 2048, 2048, 2048, 2048, 2048, 2048, 2048]","[2048, 2048, 2048, 2048, 2048, 2048, 2048]",282.0
1219,9165,20,12,2023-09-17T12:22:26.067000+00:00,29.42,42.962,28.323,289.0,260.0,False,100.705,"[None, 2048, 2049, 2048, 2048, 2049, 2048, 2048]","[2048, 2049, 2048, 2048, 2048, 2048, 2048, 2048]","[2049, 2048, 2048, 2048, 2048, 2048, 2048, 2048]",283.0
1219,9165,27,12,2023-09-17T12:22:27.098000+00:00,29.071,43.108,28.3,300.0,268.0,False,100.479,"[None, 2048, 2048, 2048, 2048, 2049, 2048, 2048]","[2048, 2048, 2049, 2048, 2048, 2048, 2048, 2048]","[2049, 2048, 2048, 2048, 2048, 2048, 2049, 2049]",294.0
1219,9165,10,12,2023-09-17T12:22:27.630000+00:00,29.013,43.135,28.291,302.0,267.0,False,100.439,"[2048, 2048, 2049, 2048, 2048, 2049, 2048, 2048]","[2048, 2048, 2049, 2048, 2048, 2048, 2048, 2048]","[2049, 2048, 2048, 2048, 2048, 2048, 2048, 2048]",291.0
1219,9165,40,12,2023-09-17T12:22:28.958000+00:00,29.514,42.736,28.204,280.0,258.0,False,100.454,"[None, 2048, 2048, 2048, 2048, 2049, 2048, 2048]","[2048, 2048, 2049, 2048, 2048, 2049, 2049, 2048]","[2049, 2048, 2049, 2048, 2049, 2048, 2048, 2048]",278.0
1219,9165,11,12,2023-09-17T12:22:30.192000+00:00,29.118,43.179,28.418,305.0,259.0,False,100.715,"[None, 2048, 2048, 2048, 2048, 2048, 2048, 2048]","[2048, 2048, 2048, 2049, 2048, 2048, 2048, 2048]","[2048, 2048, 2048, 2048, 2048, 2049, 2048, 2048]",294.0
1219,9165,81,12,2023-09-17T12:22:31.302000+00:00,29.248,43.119,28.196,297.0,264.0,False,100.563,"[None, 2049, 2048, 2048, 2048, 2048, 2048, 2048]","[2048, 2048, 2048, 2048, 2048, 2048, 2048, 2048]","[2048, 2048, 2048, 2048, 2048, 2048, 2048, 2048]",287.0
1219,9165,23,12,2023-09-17T12:22:32.927000+00:00,29.304,43.024,28.13,294.0,265.0,False,100.458,"[None, 2049, 2048, 2048, 2048, 2049, 2048, 2048]","[2048, 2049, 2048, 2048, 2048, 2048, 2049, 2048]","[2048, 2048, 2048, 2048, 2048, 2048, 2048, 2048]",
1219,9165,2,12,2023-09-17T12:22:34.802000+00:00,29.457,42.952,28.145,294.0,266.0,False,100.554,"[None, 2048, 2048, 2048, 2048, 2048, 2048, 2048]","[2049, 2049, 2049, 2048, 2048, 2048, 2049, 2048]","[2048, 2048, 2049, 2049, 2048, 2048, 2048, 2048]",
1219,9165,77,12,2023-09-17T12:22:38.208000+00:00,29.576,43.178,28.309,286.0,257.0,False,101.063,"[2049, 2048, 2049, 2048, 2048, 2048, 2048, 2048]","[2048, 2048, 2048, 2048, 2048, 2048, 2049, 2048]","[2048, 2048, 2049, 2049, 2048, 2048, 2048, 2048]",
1219,9165,24,12,2023-09-17T12:22:56.957000+00:00,29.414,42.814,28.088,,255.0,False,100.316,"[None, 2048, 2049, 2048, 2048, 2048, 2048, 2048]","[2049, 2048, 2051, 2048, 2048, 2048, 2048, 2048]","[2048, 2048, 2048, 2048, 2048, 2048, 2048, 2048]",276.0
1219,9165,55,13,2023-09-17T12:23:53.441000+00:00,29.381,42.839,28.136,283.0,257.0,False,100.356,"[None, 2048, 2048, 2048, 2048, 2048, 2048, 2049]","[2049, 2048, 2048, 2048, 2048, 2048, 2048, 2048]","[2048, 2048, 2048, 2048, 2048, 2048, 2048, 2048]",277.0
1219,9165,16,13,2023-09-17T12:23:54.738000+00:00,29.378,42.608,28.168,,258.0,False,100.154,"[None, 2048, 2048, 2048, 2048, 2049, 2048, 2048]","[2051, 2049, 2048, 2048, 2048, 2048, 2051, 2048]","[2048, 2048, 2048, 2048, 2049, 2048, 2048]",
1219,9165,63,13,2023-09-17T12:23:56.551000+00:00,29.391,42.717,28.236,279.0,262.0,False,100.344,"[2049, 2048, 2048, 2048, 2049, 2048, 2048, 2048]","[2048, 2048, 2048, 2048, 2048, 2049, 2048, 2048]","[2048, 2048, 2048, 2048, 2048, 2048, 2048, 2048]",283.0
1219,9165,4,13,2023-09-17T12:23:57.597000+00:00,29.334,42.962,28.076,277.0,263.0,False,100.372,"[2049, 2048, 2048, 2048, 2048, 2048, 2048, 2048]","[2048, 2048, 2048, 2048, 2048, 2048, 2048, 2048]","[2048, 2048, 2048, 2048, 2048, 2048, 2048, 2048]",284.0
1219,9165,44,13,2023-09-17T12:23:58.676000+00:00,29.272,42.725,28.084,285.0,266.0,False,100.081,"[None, 2048, 2048, 2048, 2048, 2048, 2048, 2048]","[2048, 2048, 2048, 2049, 2048, 2048, 2048, 2048]","[2048, 2048, 2048, 2048, 2048, 2048, 2048, 2048]",286.0
1219,9165,14,13,2023-09-17T12:24:01.754000+00:00,29.407,42.932,28.215,285.0,263.0,False,100.554,"[None, 2048, 2048, 2048, 2048, 2048, 2048, 2048]","[2048, 2048, 2048, 2048, 2048, 2048, 2048, 2048]","[2048, 2048, 2048, 2048, 2048, 2048, 2048, 2048]",287.0
1219,9165,31,13,2023-09-17T12:24:02.597000+00:00,29.216,43.112,28.234,294.0,264.0,False,100.562,"[None, 2049, 2048, 2048, 2048, 2048, 2048, 2048]","[2048, 2048, 2048, 2048, 2048, 2048, 2048, 2048]","[2048, 2048, 2048, 2048, 2048, 2048, 2048]",289.0
1219,9165,1,13,2023-09-17T12:24:04.050000+00:00,29.363,43.118,28.212,288.0,260.0,False,100.693,"[None, 2048, 2048, 2048, 2048, 2048, 2048, 2048]","[2048, 2048, 2048, 2048, 2048, 2048, 2048, 2048]","[2049, 2048, 2048, 2048, 2049, 2048, 2048, 2048]",283.0
1219,9165,20,13,2023-09-17T12:24:06.769000+00:00,29.453,42.993,28.382,290.0,260.0,False,100.828,"[None, 2048, 2048, 2048, 2048, 2048, 2048, 2048]","[2048, 2048, 2048, 2049, 2048, 2048, 2048, 2048]","[2049, 2048, 2048, 2048, 2048, 2048, 2048, 2048]",
1219,9165,27,13,2023-09-17T12:24:07.535000+00:00,29.133,43.354,28.296,298.0,270.0,False,100.783,"[None, 2048, 2049, 2048, 2048, 2048, 2048, 2048]","[2048, 2048, 2048, 2048, 2048, 2048, 2048, 2048]","[2049, 2048, 2048, 2048, 2048, 2048, 2048, 2048]",295.0
1219,9165,10,13,2023-09-17T12:24:08.129000+00:00,29.167,43.354,28.308,303.0,267.0,False,100.829,"[None, 2048, 2048, 2048, 2048, 2048, 2048, 2048]","[2048, 2048, 2048, 2048, 2048, 2048, 2048, 2048]","[2048, 2049, 2048, 2048, 2048, 2048, 2048, 2048]",
1219,9165,40,13,2023-09-17T12:24:09.410000+00:00,29.525,42.945,28.172,,257.0,False,100.642,"[None, 2048, 2049, 2048, 2048, 2048, 2048, 2048]","[2048, 2048, 2048, 2048, 2048, 2048, 2048, 2048]","[2049, 2048, 2048, 2048, 2048, 2048, 2048, 2048]",279.0
1219,9165,11,13,2023-09-17T12:24:10.754000+00:00,29.487,43.075,28.281,292.0,262.0,False,100.843,"[None, 2048, 2048, 2048, 2048, 2048, 2048, 2048]","[2048, 2048, 2048, 2048, 2048, 2048, 2048, 2048]","[2049, 2048, 2048, 2048, 2048, 2048, 2048, 2048]",284.0
1219,9165,81,13,2023-09-17T12:24:11.863000+00:00,29.567,43.319,28.233,295.0,264.0,False,101.119,"[None, 2048, 2048, 2048, 2048, 2048, 2048, 2048]","[2049, 2048, 2048, 2048, 2048, 2048, 2048, 2048]","[2048, 2048, 2048, 2048, 2048, 2048, 2048, 2048]",286.0
1219,9165,23,13,2023-09-17T12:24:13.379000+00:00,29.44,43.039,28.276,297.0,266.0,False,100.755,"[None, 2048, 2048, 2048, 2048, 2048, 2048, 2048]","[2048, 2048, 2048, 2049, 2048, 2048, 2048, 2048]","[2048, 2048, 2049, 2048, 2048, 2048, 2048, 2048]",287.0
1219,9165,2,13,2023-09-17T12:24:15.363000+00:00,29.439,43.089,28.269,296.0,266.0,False,100.797,"[None, 2048, 2048, 2048, 2049, 2049, 2048, 2048]","[2048, 2049, 2048, 2048, 2048, 2048, 2048, 2048]","[2048, 2048, 2048, 2048, 2048, 2048, 2048, 2048]",
1219,9165,77,13,2023-09-17T12:24:19.316000+00:00,29.646,43.251,28.297,285.0,255.0,False,101.194,"[2048, 2048, 2049, 2048, 2048, 2048, 2048, 2048]","[2048, 2048, 2048, 2048, 2048, 2048, 2048, 2048]","[2048, 2048, 2048, 2049, 2048, 2048, 2048]",276.0
1219,9165,24,13,2023-09-17T12:24:37.300000+00:00,29.329,42.913,28.155,,255.0,False,100.397,"[None, 2048, 2048, 2048, 2048, 2049, 2049, 2048]","[2048, 2048, 2048, 2049, 2048, 2048, 2048, 2048]","[2048, 2048, 2048, 2048, 2048, 2048, 2048]",277.0
1219,9165,55,14,2023-09-17T12:25:33.831000+00:00,29.195,43.068,28.135,281.0,257.0,False,100.398,"[None, 2049, 2049, 2048, 2048, 2048, 2048, 2049]","[2048, 2048, 2048, 2048, 2048, 2048, 2048, 2048]","[2048, 2048, 2048, 2048, 2048, 2048, 2048, 2048]",279.0
1219,9165,16,14,2023-09-17T12:25:34.878000+00:00,29.737,43.794,28.091,276.0,258.0,False,101.622,"[None, 2048, 2048, 2048, 2048, 2048, 2048, 2048]","[2048, 2048, 2048, 2048, 2048, 2048, 2048, 2048]","[2048, 2048, 2048, 2048, 2048, 2048, 2048]",
1219,9165,63,14,2023-09-17T12:25:36.940000+00:00,29.417,43.177,28.164,282.0,263.0,False,100.758,"[2048, 2048, 2048, 2048, 2048, 2048, 2048, 2048]","[2048, 2048, 2048, 2048, 2048, 2048, 2048, 2048]","[2048, 2048, 2048, 2048, 2048, 2048, 2049, 2049]",282.0
1219,9165,4,14,2023-09-17T12:25:37.924000+00:00,29.233,42.914,28.274,281.0,263.0,False,100.421,"[2048, 2048, 2049, 2048, 2048, 2048, 2048, 2048]","[2048, 2048, 2048, 2048, 2048, 2048, 2048, 2048]","[2048, 2048, 2048, 2048, 2048, 2048, 2048, 2048]",285.0
1219,9165,44,14,2023-09-17T12:25:38.784000+00:00,28.851,43.246,28.176,300.0,263.0,False,100.273,"[2049, 2049, 2048, 2048, 2048, 2048, 2049, 2049]","[2048, 2048, 2048, 2048, 2048, 2048, 2048, 2048]","[2048, 2048, 2048, 2048, 2048, 2048, 2048, 2048]",292.0
1219,9165,14,14,2023-09-17T12:25:42.284000+00:00,29.252,42.845,28.083,291.0,265.0,False,100.18,"[None, 2048, 2049, 2048, 2049, 2048, 2048, 2048]","[2049, 2048, 2048, 2048, 2048, 2048, 2048, 2048]","[2048, 2048, 2048, 2048, 2048, 2048, 2048]",286.0
1219,9165,31,14,2023-09-17T12:25:43.190000+00:00,29.171,43.14,27.936,,259.0,False,100.247,"[None, 2048, 2048, 2048, 2048, 2048, 2048, 2048]","[2049, 2048, 2048, 2048, 2048, 2048, 2048, 2048]","[2049, 2048, 2048, 2048, 2048, 2048, 2048, 2048]",
1219,9165,1,14,2023-09-17T12:25:44.737000+00:00,29.398,43.147,28.088,290.0,261.0,False,100.633,"[None, 2048, 2048, 2048, 2048, 2048, 2048, 2048]","[2048, 2048, 2048, 2048, 2048, 2048, 2048, 2048]","[2048, 2048, 2048, 2048, 2048, 2048, 2048]",282.0
1219,9165,20,14,2023-09-17T12:25:47.627000+00:00,29.411,42.843,28.261,291.0,263.0,False,100.515,"[None, 2048, 2048, 2048, 2048, 2048, 2048, 2048]","[2048, 2048, 2048, 2049, 2048, 2048, 2048, 2048]","[2048, 2048, 2049, 2048, 2048, 2048, 2048, 2048]",284.0
1219,9165,27,14,2023-09-17T12:25:48.377000+00:00,29.151,43.272,28.218,308.0,271.0,False,100.641,"[None, 2049, 2048, 2048, 2048, 2048, 2048, 2048]","[2048, 2048, 2048, 2049, 2048, 2048, 2048, 2048]","[2048, 2048, 2048, 2049, 2048, 2048, 2049]",296.0
1219,9165,10,14,2023-09-17T12:25:48.987000+00:00,28.995,43.371,28.261,307.0,268.0,False,100.627,"[None, 2048, 2048, 2048, 2049, 2048, 2048, 2049]","[2048, 2048, 2048, 2048, 2049, 2048, 2048, 2048]","[2048, 2049, 2048, 2048, 2048, 2048, 2048, 2048]",292.0
1219,9165,40,14,2023-09-17T12:25:50.034000+00:00,29.55,42.796,28.33,,253.0,False,100.676,"[None, 2048, 2048, 2048, 2049, 2048, 2048, 2048]","[2048, 2048, 2048, 2051, 2048, 2048, 2048, 2048]","[2048, 2048, 2048, 2048, 2048, 2048, 2048]",281.0
1219,9165,11,14,2023-09-17T12:25:51.596000+00:00,29.313,42.716,28.285,289.0,260.0,False,100.314,"[None, 2048, 2049, 2048, 2048, 2049, 2048, 2048]","[2048, 2048, 2049, 2048, 2048, 2048, 2048, 2048]","[2048, 2048, 2048, 2048, 2048, 2048, 2048]",285.0
1219,9165,81,14,2023-09-17T12:25:52.987000+00:00,29.374,42.834,28.099,294.0,264.0,False,100.307,"[None, 2048, 2048, 2048, 2048, 2048, 2048, 2048]","[2048, 2049, 2048, 2049, 2049, 2048, 2049, 2048]","[2048, 2048, 2048, 2048, 2048, 2048, 2048, 2048]",
1219,9165,23,14,2023-09-17T12:25:54.127000+00:00,29.402,43.173,28.2,296.0,266.0,False,100.775,"[None, 2048, 2048, 2048, 2049, 2048, 2048, 2048]","[2048, 2048, 2048, 2048, 2048, 2048, 2048, 2048]","[2048, 2048, 2048, 2048, 2048, 2049, 2048, 2048]",
1219,9165,2,14,2023-09-17T12:25:56.159000+00:00,29.425,43.325,28.233,,266.0,False,100.983,"[None, 2048, 2048, 2048, 2049, 2049, 2048, 2048]","[2048, 2048, 2048, 2048, 2049, 2048, 2048, 2048]","[2048, 2048, 2048, 2048, 2048, 2048, 2048]",287.0
1219,9165,77,14,2023-09-17T12:26:00.471000+00:00,29.642,42.952,28.361,287.0,257.0,False,100.955,"[None, 2048, 2048, 2048, 2048, 2048, 2048, 2048]","[2048, 2048, 2048, 2048, 2049, 2049, 2049, 2048]","[2049, 2048, 2048, 2048, 2048, 2048, 2048, 2048]",278.0
1219,9165,24,14,2023-09-17T12:26:17.690000+00:00,29.342,43.205,28.286,,255.0,False,100.833,"[None, 2048, 2049, 2048, 2048, 2048, 2048, 2048]","[2048, 2048, 2048, 2048, 2048, 2048, 2048, 2048]","[2048, 2048, 2048, 2048, 2048, 2048, 2048, 2048]",
1219,9165,55,15,2023-09-17T12:27:14.220000+00:00,29.135,42.821,27.981,284.0,257.0,False,99.937,"[None, 2048, 2049, 2048, 2048, 2048, 2048, 2049]","[2051, 2048, 2048, 2049, 2048, 2048, 2048, 2048]","[2048, 2048, 2049, 2048, 2048, 2048, 2048]",278.0
1219,9165,16,15,2023-09-17T12:27:16.501000+00:00,29.184,42.57,27.859,287.0,258.0,False,99.613,"[None, 2049, 2048, 2048, 2048, 2051, 2048, 2048]","[2048, 2051, 2049, 2048, 2048, 2049, 2048, 2048]","[2049, 2049, 2048, 2048, 2048, 2048, 2048]",280.0
1219,9165,63,15,2023-09-17T12:27:17.642000+00:00,28.95,42.813,28.202,284.0,263.0,False,99.965,"[2049, 2049, 2051, 2048, 2048, 2048, 2049, 2049]","[2048, 2048, 2048, 2048, 2048, 2048, 2048, 2048]","[2048, 2048, 2048, 2048, 2048, 2048, 2048, 2048]",284.0
1219,9165,4,15,2023-09-17T12:27:18.330000+00:00,28.89,43.203,28.154,287.0,267.0,False,100.247,"[2049, 2049, 2048, 2048, 2049, 2048, 2049, 2048]","[2048, 2048, 2048, 2048, 2048, 2051, 2048, 2048]","[2048, 2048, 2048, 2048, 2048, 2048, 2048]",290.0
1219,9165,44,15,2023-09-17T12:27:19.033000+00:00,29.079,43.228,28.087,283.0,262.0,False,100.394,"[2048, 2048, 2048, 2048, 2048, 2048, 2048, 2048]","[2048, 2048, 2048, 2048, 2048, 2048, 2048, 2048]","[2048, 2049, 2048, 2048, 2048, 2048, 2048, 2048]",285.0
1219,9165,14,15,2023-09-17T12:27:22.470000+00:00,29.271,42.848,27.976,295.0,265.0,False,100.095,"[None, 2048, 2049, 2048, 2049, 2048, 2048, 2048]","[2048, 2048, 2048, 2049, 2048, 2048, 2048, 2048]","[2049, 2049, 2048, 2049, 2048, 2048, 2048, 2048]",284.0
1219,9165,31,15,2023-09-17T12:27:23.423000+00:00,29.129,43.154,28.07,296.0,259.0,False,100.353,"[None, 2048, 2049, 2048, 2048, 2048, 2048, 2048]","[2048, 2048, 2048, 2049, 2048, 2048, 2048, 2048]","[2048, 2048, 2048, 2048, 2048, 2049, 2049]",290.0
1219,9165,1,15,2023-09-17T12:27:25.361000+00:00,29.35,42.748,28.108,289.0,262.0,False,100.206,"[None, 2048, 2048, 2048, 2048, 2049, 2048, 2048]","[2048, 2048, 2049, 2048, 2048, 2048, 2048, 2048]","[2049, 2048, 2048, 2048, 2048, 2048, 2048, 2048]",
1219,9165,20,15,2023-09-17T12:27:28.126000+00:00,29.339,42.949,28.31,,261.0,False,100.598,"[None, 2048, 2049, 2048, 2048, 2048, 2048, 2048]","[2048, 2048, 2048, 2048, 2048, 2048, 2048, 2048]","[2048, 2048, 2048, 2048, 2048, 2048, 2048]",283.0
1219,9165,27,15,2023-09-17T12:27:28.954000+00:00,29.026,43.305,28.362,306.0,269.0,False,100.693,"[None, 2051, 2048, 2048, 2048, 2048, 2048, 2048]","[2048, 2048, 2048, 2048, 2048, 2048, 2048, 2048]","[2048, 2048, 2048, 2048, 2048, 2048, 2048]",
1219,9165,10,15,2023-09-17T12:27:29.548000+00:00,29.043,43.354,28.205,305.0,267.0,False,100.602,"[None, 2048, 2049, 2048, 2049, 2048, 2048, 2048]","[2048, 2048, 2048, 2048, 2048, 2048, 2048, 2048]","[2048, 2048, 2049, 2048, 2048, 2048, 2048, 2048]",291.0
1219,9165,40,15,2023-09-17T12:27:30.704000+00:00,29.487,42.997,28.244,283.0,259.0,False,100.728,"[None, 2048, 2048, 2048, 2049, 2048, 2048, 2048]","[2048, 2048, 2048, 2048, 2048, 2048, 2048, 2048]","[2048, 2048, 2049, 2048, 2048, 2048, 2049, 2048]",
1219,9165,11,15,2023-09-17T12:27:31.939000+00:00,29.373,42.986,28.179,293.0,263.0,False,100.538,"[None, 2048, 2048, 2048, 2048, 2048, 2048, 2048]","[2048, 2048, 2048, 2048, 2048, 2048, 2048, 2048]","[2049, 2048, 2049, 2048, 2048, 2048, 2048, 2048]",
1219,9165,81,15,2023-09-17T12:27:33.298000+00:00,29.463,42.946,28.3,292.0,264.0,False,100.709,"[None, 2048, 2048, 2048, 2048, 2049, 2048, 2048]","[2049, 2049, 2049, 2048, 2048, 2048, 2048, 2048]","[2048, 2048, 2048, 2048, 2048, 2048, 2048, 2048]",283.0
1219,9165,23,15,2023-09-17T12:27:34.923000+00:00,29.384,43.043,28.211,293.0,266.0,False,100.638,"[None, 2048, 2048, 2048, 2049, 2048, 2048, 2048]","[2048, 2048, 2048, 2049, 2048, 2048, 2048, 2048]","[2048, 2048, 2048, 2048, 2048, 2048, 2048]",
1219,9165,2,15,2023-09-17T12:27:37.157000+00:00,29.48,43.162,28.196,297.0,266.0,False,100.838,"[None, 2048, 2048, 2048, 2048, 2048, 2048, 2048]","[2048, 2048, 2048, 2048, 2048, 2048, 2048, 2048]","[2048, 2048, 2048, 2048, 2048, 2048, 2048, 2048]",286.0
1219,9165,77,15,2023-09-17T12:27:41.407000+00:00,29.546,42.96,28.287,285.0,256.0,False,100.793,"[None, 2049, 2048, 2048, 2048, 2048, 2048, 2048]","[2048, 2048, 2048, 2048, 2048, 2049, 2048, 2048]","[2048, 2049, 2048, 2048, 2048, 2049, 2048, 2048]",277.0
1219,9165,24,15,2023-09-17T12:27:58.517000+00:00,29.433,42.938,28.092,,256.0,False,100.463,"[None, 2048, 2048, 2048, 2048, 2049, 2048, 2048]","[2048, 2048, 2048, 2048, 2048, 2048, 2048, 2048]","[2048, 2048, 2048, 2048, 2048, 2048, 2048]",
1219,9165,55,16,2023-09-17T12:28:54.032000+00:00,29.071,42.454,27.873,,258.0,False,99.398,"[None, 2048, 2048, 2048, 2048, 2048, 2048, 2049]","[2048, 2048, 2049, 2048, 2048, 2048, 2048, 2048]","[2048, 2048, 2049, 2048, 2048, 2049, 2048, 2048]",
1219,9165,16,16,2023-09-17T12:28:56.032000+00:00,29.323,42.387,27.915,285.0,256.0,False,99.625,"[None, 2048, 2049, 2048, 2048, 2048, 2048, 2048]","[2051, 2048, 2049, 2048, 2048, 2049, 2048, 2048]","[2048, 2048, 2048, 2048, 2048, 2051, 2048, 2048]",278.0
1219,9165,63,16,2023-09-17T12:28:57.610000+00:00,29.368,42.731,27.963,274.0,261.0,False,100.062,"[2048, 2048, 2048, 2048, 2048, 2048, 2048, 2048]","[2048, 2048, 2048, 2049, 2048, 2049, 2048, 2048]","[2049, 2049, 2048, 2049, 2049, 2049, 2048, 2048]",280.0
1219,9165,4,16,2023-09-17T12:28:58.610000+00:00,29.325,43.123,27.894,282.0,265.0,False,100.342,"[2048, 2048, 2048, 2048, 2048, 2048, 2048, 2048]","[2048, 2048, 2048, 2048, 2048, 2048, 2048, 2048]","[2048, 2048, 2048, 2048, 2048, 2049, 2048, 2048]",296.0
1219,9165,44,16,2023-09-17T12:28:59.422000+00:00,29.3,43.415,28.07,278.0,255.0,False,100.785,"[None, 2048, 2048, 2048, 2048, 2048, 2048, 2048]","[2048, 2048, 2048, 2048, 2048, 2048, 2048, 2048]","[2048, 2048, 2048, 2048, 2048, 2048, 2048, 2048]",289.0
1219,9165,14,16,2023-09-17T12:29:02.594000+00:00,29.292,42.883,28.063,293.0,264.0,False,100.238,"[None, 2048, 2048, 2048, 2049, 2048, 2048, 2048]","[2048, 2048, 2048, 2049, 2048, 2048, 2048, 2048]","[2048, 2048, 2048, 2048, 2048, 2048, 2048, 2048]",287.0
1219,9165,31,16,2023-09-17T12:29:03.797000+00:00,29.311,43.083,27.993,288.0,259.0,False,100.387,"[None, 2048, 2049, 2048, 2049, 2048, 2048, 2048]","[2049, 2048, 2048, 2049, 2048, 2049, 2048, 2048]","[2048, 2048, 2048, 2048, 2048, 2049, 2049, 2048]",282.0
1219,9165,1,16,2023-09-17T12:29:05.563000+00:00,29.385,43.003,28.002,290.0,259.0,False,100.39,"[None, 2048, 2049, 2048, 2048, 2048, 2048, 2048]","[2048, 2048, 2048, 2048, 2048, 2048, 2048, 2048]","[2049, 2048, 2049, 2048, 2048, 2048, 2048, 2048]",281.0
1219,9165,20,16,2023-09-17T12:29:08.735000+00:00,29.415,42.973,28.283,,261.0,False,100.671,"[None, 2048, 2049, 2048, 2048, 2048, 2048, 2048]","[2048, 2048, 2048, 2048, 2048, 2048, 2048, 2048]","[2048, 2048, 2048, 2048, 2048, 2048, 2048, 2048]",282.0
1219,9165,27,16,2023-09-17T12:29:09.656000+00:00,29.393,43.083,28.313,294.0,263.0,False,100.789,"[None, 2048, 2048, 2048, 2048, 2048, 2048, 2048]","[2048, 2048, 2048, 2048, 2048, 2049, 2048, 2048]","[2048, 2048, 2048, 2048, 2048, 2048, 2048, 2048]",293.0
1219,9165,10,16,2023-09-17T12:29:10.109000+00:00,29.386,43.401,28.142,303.0,266.0,False,100.929,"[None, 2049, 2048, 2048, 2048, 2048, 2048, 2048]","[2048, 2048, 2048, 2048, 2048, 2048, 2048, 2048]","[2048, 2048, 2048, 2048, 2048, 2048, 2048, 2048]",293.0
1219,9165,40,16,2023-09-17T12:29:11.422000+00:00,29.503,42.97,28.468,281.0,259.0,False,100.941,"[None, 2048, 2049, 2048, 2048, 2048, 2048, 2048]","[2048, 2048, 2048, 2048, 2048, 2048, 2048, 2048]","[2048, 2048, 2048, 2048, 2048, 2048, 2048, 2048]",282.0
1219,9165,11,16,2023-09-17T12:29:12.438000+00:00,29.052,43.154,28.482,304.0,271.0,False,100.688,"[None, 2049, 2049, 2048, 2048, 2048, 2048, 2048]","[2048, 2048, 2048, 2048, 2048, 2048, 2049, 2048]","[2048, 2049, 2048, 2048, 2048, 2048, 2048, 2048]",297.0
1219,9165,81,16,2023-09-17T12:29:14.031000+00:00,29.355,43.048,28.197,291.0,264.0,False,100.6,"[None, 2048, 2048, 2048, 2048, 2048, 2048, 2048]","[2048, 2049, 2048, 2048, 2048, 2048, 2048, 2048]","[2049, 2048, 2048, 2048, 2048, 2048, 2048, 2048]",284.0
1219,9165,23,16,2023-09-17T12:29:15.531000+00:00,29.383,43.295,28.137,291.0,266.0,False,100.815,"[None, 2048, 2048, 2048, 2048, 2048, 2048, 2048]","[2048, 2048, 2048, 2048, 2048, 2048, 2048, 2048]","[2048, 2048, 2048, 2048, 2048, 2048, 2048]",
1219,9165,2,16,2023-09-17T12:29:18.031000+00:00,29.584,43.15,28.231,294.0,265.0,False,100.965,"[None, 2048, 2048, 2048, 2049, 2048, 2048, 2048]","[2048, 2048, 2048, 2049, 2048, 2048, 2048, 2048]","[2049, 2049, 2048, 2048, 2048, 2048, 2048]",
1219,9165,77,16,2023-09-17T12:29:22.203000+00:00,29.661,43.053,28.211,284.0,255.0,False,100.925,"[None, 2048, 2048, 2048, 2048, 2048, 2048, 2048]","[2049, 2048, 2048, 2048, 2048, 2048, 2048, 2048]","[2048, 2048, 2049, 2049, 2048, 2048, 2048, 2048]",276.0
1219,9165,24,16,2023-09-17T12:29:39+00:00,29.372,42.922,28.131,284.0,257.0,False,100.425,"[None, 2048, 2048, 2048, 2048, 2049, 2048, 2048]","[2049, 2048, 2048, 2048, 2048, 2048, 2048, 2048]","[2048, 2048, 2048, 2048, 2048, 2048, 2048, 2048]",278.0
1219,9165,55,17,2023-09-17T12:30:33.562000+00:00,29.112,42.522,27.814,,257.0,False,99.448,"[None, 2048, 2048, 2048, 2048, 2049, 2048, 2048]","[2048, 2048, 2048, 2049, 2048, 2048, 2048, 2048]","[2048, 2048, 2049, 2051, 2048, 2048, 2048, 2048]",277.0
1219,9165,16,17,2023-09-17T12:30:35.765000+00:00,29.24,42.617,27.943,287.0,258.0,False,99.8,"[None, 2048, 2048, 2048, 2048, 2048, 2048, 2048]","[2048, 2048, 2048, 2049, 2048, 2048, 2048, 2048]","[2048, 2048, 2048, 2049, 2048, 2051, 2048, 2048]",279.0
1219,9165,63,17,2023-09-17T12:30:37.671000+00:00,29.336,42.605,28.088,283.0,263.0,False,100.029,"[None, 2048, 2048, 2048, 2049, 2048, 2048, 2048]","[2048, 2048, 2048, 2048, 2051, 2048, 2048, 2048]","[2048, 2048, 2049, 2048, 2048, 2048, 2048, 2048]",281.0
1219,9165,4,17,2023-09-17T12:30:38.952000+00:00,29.204,42.904,27.916,280.0,264.0,False,100.024,"[None, 2048, 2049, 2048, 2049, 2048, 2048, 2048]","[2048, 2048, 2048, 2048, 2048, 2048, 2048, 2048]","[2048, 2048, 2049, 2048, 2048, 2048, 2048, 2048]",287.0
1219,9165,44,17,2023-09-17T12:30:40.218000+00:00,29.606,42.758,28.016,270.0,252.0,False,100.38,"[None, 2048, 2048, 2048, 2048, 2048, 2048, 2048]","[2048, 2048, 2049, 2048, 2048, 2048, 2048, 2048]","[2048, 2048, 2048, 2048, 2048, 2048, 2048, 2048]",267.0
1219,9165,14,17,2023-09-17T12:30:42.812000+00:00,29.315,43.044,28.14,294.0,264.0,False,100.499,"[None, 2048, 2049, 2048, 2049, 2048, 2048, 2048]","[2048, 2048, 2048, 2048, 2048, 2048, 2048, 2048]","[2048, 2048, 2048, 2048, 2048, 2049, 2048, 2048]",284.0
1219,9165,31,17,2023-09-17T12:30:44.171000+00:00,29.296,43.139,28.14,,259.0,False,100.575,"[None, 2048, 2048, 2048, 2048, 2049, 2048, 2048]","[2048, 2048, 2048, 2049, 2048, 2048, 2048, 2048]","[2048, 2048, 2048, 2048, 2048, 2048, 2048]",281.0
1219,9165,1,17,2023-09-17T12:30:45.936000+00:00,29.424,42.957,28.1,291.0,262.0,False,100.481,"[None, 2048, 2049, 2048, 2048, 2048, 2048, 2048]","[2049, 2048, 2048, 2048, 2048, 2048, 2048, 2048]","[2048, 2048, 2049, 2048, 2048, 2048, 2048, 2048]",283.0
1219,9165,20,17,2023-09-17T12:30:49.358000+00:00,29.47,43.047,28.342,290.0,261.0,False,100.859,"[None, 2048, 2048, 2048, 2048, 2048, 2048, 2048]","[2048, 2048, 2048, 2048, 2048, 2048, 2048, 2048]","[2049, 2048, 2048, 2048, 2048, 2048, 2048]",
1219,9165,27,17,2023-09-17T12:30:50.452000+00:00,29.124,43.362,28.267,309.0,270.0,False,100.753,"[None, 2048, 2048, 2048, 2048, 2048, 2048, 2048]","[2048, 2048, 2048, 2048, 2048, 2048, 2048, 2048]","[2048, 2048, 2048, 2048, 2048, 2048, 2048]",294.0
1219,9165,10,17,2023-09-17T12:30:51.061000+00:00,29.197,43.202,28.274,302.0,267.0,False,100.673,"[None, 2048, 2048, 2048, 2048, 2048, 2048, 2048]","[2048, 2048, 2048, 2048, 2048, 2048, 2048, 2048]","[2048, 2048, 2049, 2048, 2048, 2048, 2048, 2048]",292.0
1219,9165,40,17,2023-09-17T12:30:52.374000+00:00,29.501,43.058,28.381,292.0,255.0,False,100.94,"[None, 2048, 2048, 2048, 2048, 2048, 2048, 2048]","[2048, 2048, 2048, 2048, 2048, 2048, 2048, 2048]","[2048, 2048, 2049, 2048, 2048, 2048, 2048]",278.0
1219,9165,11,17,2023-09-17T12:30:53.093000+00:00,29.279,43.199,28.509,,269.0,False,100.987,"[None, 2048, 2048, 2048, 2048, 2048, 2048, 2048]","[2048, 2048, 2048, 2048, 2048, 2048, 2048, 2048]","[2048, 2048, 2048, 2048, 2048, 2048, 2048, 2048]",296.0
1219,9165,81,17,2023-09-17T12:30:54.593000+00:00,29.348,43.244,28.254,292.0,265.0,False,100.846,"[None, 2048, 2049, 2048, 2048, 2048, 2048, 2048]","[2049, 2048, 2049, 2048, 2048, 2048, 2048, 2048]","[2048, 2048, 2048, 2048, 2048, 2048, 2048, 2048]",285.0
1219,9165,23,17,2023-09-17T12:30:56.358000+00:00,29.315,43.079,28.295,292.0,266.0,False,100.689,"[None, 2048, 2048, 2048, 2048, 2048, 2048, 2048]","[2048, 2048, 2048, 2048, 2048, 2048, 2048, 2048]","[2048, 2048, 2048, 2048, 2048, 2048, 2048, 2048]",285.0
1219,9165,2,17,2023-09-17T12:30:58.952000+00:00,29.476,43.385,28.252,293.0,265.0,False,101.113,"[None, 2048, 2048, 2048, 2049, 2048, 2048, 2048]","[2048, 2048, 2048, 2048, 2048, 2048, 2048, 2048]","[2049, 2048, 2048, 2048, 2048, 2048, 2048, 2048]",285.0
1219,9165,77,17,2023-09-17T12:31:03.139000+00:00,29.56,43.086,28.163,285.0,256.0,False,100.809,"[None, 2049, 2048, 2048, 2048, 2048, 2048, 2048]","[2048, 2048, 2048, 2048, 2048, 2048, 2048, 2048]","[2049, 2048, 2048, 2048, 2048, 2049, 2049]",
1219,9165,24,17,2023-09-17T12:31:19.389000+00:00,29.433,42.758,28.233,,256.0,False,100.424,"[None, 2048, 2048, 2048, 2048, 2048, 2048, 2048]","[2048, 2048, 2048, 2048, 2048, 2048, 2048, 2048]","[2048, 2048, 2048, 2048, 2048, 2048, 2048]",277.0
1219,9165,55,18,2023-09-17T12:32:13.326000+00:00,28.994,42.104,27.894,285.0,258.0,False,98.992,"[None, 2049, 2049, 2048, 2048, 2048, 2048, 2049]","[2051, 2048, 2051, 2049, 2048, 2049, 2049, 2048]","[2048, 2048, 2048, 2048, 2048, 2048, 2048, 2048]",279.0
1219,9165,16,18,2023-09-17T12:32:15.545000+00:00,29.146,42.417,28.05,,258.0,False,99.613,"[None, 2049, 2049, 2048, 2048, 2048, 2048, 2048]","[2048, 2048, 2048, 2049, 2049, 2049, 2048, 2048]","[2048, 2048, 2048, 2048, 2048, 2048, 2048]",280.0
1219,9165,63,18,2023-09-17T12:32:17.717000+00:00,29.27,42.476,27.94,286.0,262.0,False,99.686,"[None, 2048, 2048, 2048, 2049, 2048, 2048, 2048]","[2049, 2048, 2048, 2049, 2048, 2048, 2048, 2048]","[2048, 2049, 2049, 2048, 2048, 2049, 2048, 2048]",283.0
1219,9165,4,18,2023-09-17T12:32:18.967000+00:00,29.255,42.625,27.813,284.0,264.0,False,99.693,"[None, 2048, 2048, 2048, 2048, 2048, 2048, 2048]","[2048, 2048, 2048, 2051, 2048, 2051, 2048, 2048]","[2048, 2049, 2048, 2048, 2048, 2048, 2048, 2048]",285.0
1219,9165,44,18,2023-09-17T12:32:20.623000+00:00,29.494,42.942,27.928,287.0,254.0,False,100.364,"[None, 2048, 2048, 2048, 2048, 2048, 2048, 2048]","[2048, 2048, 2048, 2048, 2048, 2048, 2048, 2048]","[2048, 2048, 2048, 2048, 2048, 2048, 2048, 2048]",275.0
1219,9165,14,18,2023-09-17T12:32:23.310000+00:00,29.325,42.969,28.022,295.0,264.0,False,100.316,"[None, 2048, 2048, 2048, 2048, 2048, 2048, 2048]","[2048, 2048, 2048, 2048, 2048, 2048, 2048, 2048]","[2049, 2049, 2048, 2048, 2048, 2048, 2048]",286.0
1219,9165,31,18,2023-09-17T12:32:24.748000+00:00,29.346,43.028,28.049,289.0,259.0,False,100.423,"[None, 2048, 2048, 2048, 2049, 2048, 2048, 2048]","[2049, 2048, 2049, 2049, 2049, 2048, 2048, 2048]","[2048, 2048, 2048, 2048, 2048, 2048, 2048, 2048]",280.0
1219,9165,1,18,2023-09-17T12:32:26.451000+00:00,29.297,42.985,28.182,290.0,261.0,False,100.464,"[None, 2049, 2048, 2048, 2048, 2049, 2048, 2048]","[2048, 2048, 2048, 2048, 2048, 2048, 2048, 2048]","[2048, 2048, 2048, 2048, 2048, 2048, 2048, 2048]",281.0
1219,9165,20,18,2023-09-17T12:32:30.248000+00:00,29.461,43.07,28.462,292.0,261.0,False,100.993,"[None, 2048, 2048, 2048, 2048, 2048, 2048, 2048]","[2048, 2048, 2048, 2048, 2048, 2049, 2048, 2048]","[2048, 2048, 2048, 2048, 2048, 2048, 2048, 2048]",
1219,9165,27,18,2023-09-17T12:32:31.217000+00:00,29.077,43.589,28.211,312.0,264.0,False,100.877,"[None, 2048, 2048, 2048, 2048, 2048, 2048, 2048]","[2048, 2048, 2048, 2048, 2048, 2048, 2048, 2048]","[2048, 2048, 2048, 2049, 2048, 2048, 2048]",296.0
1219,9165,10,18,2023-09-17T12:32:31.732000+00:00,29.2,43.405,28.261,305.0,267.0,False,100.866,"[None, 2048, 2048, 2048, 2048, 2048, 2048, 2048]","[2049, 2048, 2048, 2048, 2048, 2048, 2048, 2048]","[2048, 2049, 2048, 2048, 2048, 2048, 2048, 2048]",
1219,9165,40,18,2023-09-17T12:32:33.342000+00:00,29.476,43.197,28.446,288.0,259.0,False,101.119,"[None, 2048, 2049, 2048, 2048, 2048, 2048, 2048]","[2049, 2048, 2048, 2048, 2048, 2048, 2048, 2048]","[2048, 2048, 2048, 2048, 2048, 2048, 2048]",279.0
1219,9165,11,18,2023-09-17T12:32:34.123000+00:00,29.25,43.217,28.61,309.0,267.0,False,101.077,"[None, 2048, 2048, 2048, 2048, 2048, 2048, 2048]","[2048, 2048, 2048, 2048, 2048, 2048, 2048, 2048]","[2048, 2049, 2048, 2048, 2048, 2048, 2048, 2049]",
1219,9165,81,18,2023-09-17T12:32:35.451000+00:00,29.415,43.306,28.174,,264.0,False,100.895,"[None, 2048, 2048, 2048, 2048, 2049, 2048, 2048]","[2049, 2048, 2048, 2048, 2048, 2048, 2048, 2048]","[2048, 2048, 2048, 2048, 2048, 2048, 2048, 2048]",286.0
1219,9165,23,18,2023-09-17T12:32:37.045000+00:00,29.369,43.249,28.331,296.0,266.0,False,100.949,"[None, 2048, 2049, 2048, 2049, 2048, 2048, 2048]","[2048, 2048, 2048, 2048, 2048, 2048, 2048, 2048]","[2048, 2048, 2048, 2048, 2048, 2048, 2048]",286.0
1219,9165,2,18,2023-09-17T12:32:40.060000+00:00,29.699,43.369,28.502,294.0,265.0,False,101.57,"[None, 2048, 2048, 2048, 2048, 2048, 2048, 2048]","[2048, 2048, 2048, 2048, 2048, 2048, 2048, 2048]","[2048, 2048, 2048, 2048, 2048, 2048, 2048, 2048]",284.0
1219,9165,77,18,2023-09-17T12:32:43.966000+00:00,29.402,43.214,28.288,286.0,257.0,False,100.904,"[2049, 2049, 2049, 2048, 2048, 2049, 2048, 2048]","[2048, 2048, 2048, 2048, 2048, 2048, 2048, 2048]","[2048, 2048, 2048, 2048, 2048, 2048, 2048]",278.0
1219,9165,24,18,2023-09-17T12:32:59.826000+00:00,29.468,42.855,28.259,,256.0,False,100.582,"[None, 2048, 2048, 2048, 2048, 2048, 2048, 2048]","[2048, 2048, 2048, 2048, 2049, 2048, 2048, 2048]","[2048, 2048, 2048, 2048, 2048, 2048, 2048, 2048]",
1219,9165,55,19,2023-09-17T12:33:51.966000+00:00,28.968,42.318,27.743,,258.0,False,99.029,"[None, 2048, 2051, 2048, 2048, 2048, 2048, 2048]","[2048, 2048, 2048, 2049, 2049, 2048, 2048, 2048]","[2048, 2048, 2048, 2048, 2049, 2049, 2048, 2048]",
1219,9165,16,19,2023-09-17T12:33:55.184000+00:00,29.177,42.503,28.556,,259.0,False,100.236,"[None, 2048, 2048, 2048, 2048, 2048, 2048, 2048]","[2048, 2048, 2048, 2048, 2048, 2048, 2048, 2048]","[2048, 2049, 2049, 2048, 2048, 2048, 2048]",279.0
1219,9165,63,19,2023-09-17T12:33:57.403000+00:00,29.308,42.664,28.024,290.0,263.0,False,99.996,"[None, 2048, 2048, 2048, 2048, 2049, 2048, 2048]","[2049, 2048, 2048, 2048, 2048, 2049, 2048, 2048]","[2049, 2048, 2048, 2048, 2048, 2048, 2048, 2048]",282.0
1219,9165,4,19,2023-09-17T12:33:58.669000+00:00,29.119,42.794,27.967,283.0,265.0,False,99.88,"[None, 2048, 2048, 2048, 2048, 2048, 2048, 2048]","[2048, 2048, 2048, 2051, 2048, 2048, 2048, 2048]","[2048, 2048, 2048, 2048, 2048, 2049, 2048]",
1219,9165,44,19,2023-09-17T12:34:01.028000+00:00,29.252,42.416,27.726,283.0,261.0,False,99.394,"[None, 2048, 2048, 2048, 2048, 2049, 2048, 2048]","[2048, 2048, 2049, 2048, 2048, 2049, 2049, 2048]","[2049, 2049, 2048, 2048, 2048, 2048, 2048, 2048]",280.0
1219,9165,14,19,2023-09-17T12:34:03.622000+00:00,29.305,42.939,28.102,,265.0,False,100.346,"[None, 2048, 2048, 2048, 2048, 2048, 2048, 2048]","[2049, 2048, 2048, 2048, 2048, 2048, 2048, 2048]","[2048, 2048, 2048, 2048, 2048, 2048, 2048, 2048]",
1219,9165,31,19,2023-09-17T12:34:05.153000+00:00,29.282,43.045,28.163,288.0,259.0,False,100.49,"[None, 2048, 2049, 2048, 2048, 2048, 2048, 2048]","[2048, 2048, 2048, 2048, 2049, 2048, 2048, 2048]","[2048, 2048, 2048, 2048, 2048, 2048, 2048]",
1219,9165,1,19,2023-09-17T12:34:06.903000+00:00,29.317,43.302,28.127,,260.0,False,100.746,"[None, 2048, 2049, 2048, 2048, 2048, 2048, 2048]","[2048, 2048, 2048, 2048, 2048, 2048, 2048, 2048]","[2048, 2048, 2048, 2048, 2048, 2048, 2048]",283.0
1219,9165,20,19,2023-09-17T12:34:11.247000+00:00,29.405,43.214,28.388,291.0,261.0,False,101.007,"[None, 2048, 2048, 2048, 2048, 2049, 2048, 2048]","[2048, 2048, 2048, 2049, 2048, 2048, 2048, 2048]","[2048, 2048, 2048, 2048, 2048, 2048, 2048, 2048]",
1219,9165,27,19,2023-09-17T12:34:12.059000+00:00,29.106,43.659,28.331,305.0,272.0,False,101.096,"[None, 2048, 2048, 2048, 2048, 2048, 2048, 2048]","[2048, 2048, 2048, 2048, 2048, 2048, 2048, 2048]","[2049, 2048, 2049, 2048, 2048, 2049, 2048, 2048]",
1219,9165,10,19,2023-09-17T12:34:12.622000+00:00,29.275,43.497,28.289,303.0,267.0,False,101.061,"[None, 2048, 2048, 2048, 2048, 2048, 2048, 2048]","[2049, 2048, 2048, 2048, 2048, 2048, 2048, 2048]","[2049, 2048, 2048, 2048, 2048, 2048, 2048]",
1219,9165,40,19,2023-09-17T12:34:14.434000+00:00,29.739,43.098,28.449,292.0,258.0,False,101.286,"[None, 2048, 2048, 2048, 2048, 2048, 2048, 2048]","[2048, 2048, 2048, 2048, 2048, 2048, 2048, 2048]","[2048, 2048, 2048, 2048, 2048, 2048, 2049]",277.0
1219,9165,11,19,2023-09-17T12:34:15.184000+00:00,29.326,43.54,28.538,310.0,269.0,False,101.404,"[None, 2048, 2048, 2048, 2048, 2048, 2048, 2048]","[2048, 2048, 2048, 2048, 2048, 2048, 2048, 2048]","[2048, 2048, 2048, 2048, 2048, 2048, 2048, 2048]",297.0
1219,9165,81,19,2023-09-17T12:34:16.356000+00:00,29.445,43.515,28.362,,265.0,False,101.322,"[None, 2049, 2048, 2048, 2048, 2048, 2048, 2048]","[2048, 2048, 2048, 2048, 2048, 2048, 2048, 2048]","[2048, 2048, 2048, 2048, 2048, 2048, 2048]",287.0
1219,9165,23,19,2023-09-17T12:34:17.981000+00:00,29.352,43.308,28.514,297.0,265.0,False,101.174,"[None, 2048, 2048, 2048, 2049, 2048, 2048, 2048]","[2048, 2048, 2048, 2048, 2048, 2048, 2048, 2048]","[2048, 2048, 2048, 2048, 2048, 2048, 2048, 2048]",287.0
1219,9165,2,19,2023-09-17T12:34:21.637000+00:00,29.869,71.125,48.651,293.0,176.0,False,149.645,"[None, 2048, 2048, 2048, 2048, 2048, 2048, 2048]","[2048, 2048, 2048, 2048, 2048, 2048, 2048, 2048]","[2048, 2048, 2048, 2048, 2048, 2064, 2064, 2064]",
1219,9165,77,19,2023-09-17T12:34:24.856000+00:00,29.533,43.964,28.289,,256.0,False,101.786,"[2048, 2049, 2048, 2048, 2048, 2049, 2048, 2048]","[2048, 2048, 2048, 2048, 2048, 2048, 2048, 2048]","[2048, 2048, 2048, 2048, 2048, 2048, 2049]",277.0
1219,9165,24,19,2023-09-17T12:34:40.418000+00:00,29.482,43.929,28.273,282.0,255.0,False,101.684,"[None, 2048, 2048, 2048, 2048, 2048, 2048, 2048]","[2048, 2048, 2048, 2048, 2048, 2048, 2048, 2048]","[2048, 2048, 2048, 2048, 2048, 2048, 2048, 2048]",
1219,9165,55,20,2023-09-17T12:35:31.371000+00:00,29.117,42.347,45.36,286.0,255.0,False,116.824,"[None, 2048, 2048, 2048, 2048, 2048, 2048, 2048]","[2051, 2048, 2048, 2048, 2051, 2048, 2048, 2048]","[2048, 2048, 2048, 2048, 2048, 2064, 2064, 2064]",280.0
1219,9165,16,20,2023-09-17T12:35:35.417000+00:00,29.229,49.401,42.994,284.0,118.0,False,121.624,"[None, 2048, 2048, 2048, 2048, 2048, 2048, 2048]","[2048, 2048, 2048, 2049, 2048, 2049, 2048, 2048]","[2048, 2048, 2048, 2048, 2048, 2064, 2064, 2064]",277.0
1219,9165,63,20,2023-09-17T12:35:37.386000+00:00,29.233,48.46,42.712,287.0,180.0,False,120.405,"[None, 2048, 2048, 2048, 2049, 2049, 2048, 2048]","[2049, 2048, 2048, 2048, 2048, 2048, 2048, 2048]","[2048, 2048, 2048, 2048, 2048, 2064, 2064, 2064]",
1219,9165,4,20,2023-09-17T12:35:38.558000+00:00,29.192,48.976,42.99,290.0,171.0,False,121.158,"[None, 2048, 2048, 2048, 2049, 2048, 2048, 2048]","[2049, 2048, 2048, 2048, 2048, 2048, 2048, 2048]","[2048, 2048, 2048, 2048, 2048, 2064, 2064, 2064]",287.0
1219,9165,44,20,2023-09-17T12:35:40.386000+00:00,29.22,49.936,42.659,284.0,194.0,False,121.815,"[None, 2048, 2048, 2048, 2048, 2048, 2048, 2048]","[2048, 2048, 2048, 2048, 2048, 2048, 2048, 2048]","[2048, 2048, 2048, 2048, 2048, 2064, 2064, 2064]",283.0
1219,9165,14,20,2023-09-17T12:35:43.980000+00:00,29.331,50.557,44.412,294.0,179.0,False,124.3,"[None, 2048, 2048, 2048, 2048, 2048, 2048, 2048]","[2048, 2048, 2048, 2048, 2048, 2048, 2048, 2048]","[2048, 2048, 2048, 2048, 2048, 2064, 2064, 2064]",285.0
1219,9165,31,20,2023-09-17T12:35:45.667000+00:00,29.392,51.665,44.83,,163.0,False,125.887,"[None, 2048, 2048, 2048, 2048, 2048, 2048, 2048]","[2049, 2048, 2048, 2048, 2048, 2048, 2048, 2048]","[2048, 2048, 2048, 2048, 2048, 2064, 2064, 2064]",
1219,9165,1,20,2023-09-17T12:35:47.636000+00:00,29.329,51.424,37.541,291.0,178.0,False,118.294,"[None, 2048, 2048, 2048, 2048, 2048, 2048, 2048]","[2049, 2048, 2048, 2048, 2048, 2048, 2048, 2048]","[2048, 2048, 2048, 2048, 2048, 2048, 2048]",281.0
1219,9165,20,20,2023-09-17T12:35:52.292000+00:00,29.467,52.693,44.376,292.0,173.0,False,126.536,"[None, 2048, 2048, 2048, 2048, 2049, 2048, 2048]","[2048, 2048, 2048, 2048, 2048, 2048, 2048, 2048]","[2048, 2048, 2048, 2048, 2048, 2064, 2064, 2064]",
1219,9165,27,20,2023-09-17T12:35:53.214000+00:00,29.077,53.081,46.521,,166.0,False,128.679,"[None, 2048, 2048, 2048, 2048, 2048, 2048, 2048]","[2048, 2048, 2048, 2048, 2048, 2048, 2048, 2048]","[2048, 2048, 2048, 2048, 2048, 2064, 2064, 2064]",295.0
1219,9165,10,20,2023-09-17T12:35:53.714000+00:00,29.059,53.098,46.564,305.0,174.0,False,128.721,"[None, 2048, 2049, 2048, 2048, 2048, 2048, 2048]","[2048, 2048, 2048, 2048, 2048, 2048, 2048, 2048]","[2048, 2048, 2048, 2048, 2048, 2064, 2064, 2064]",293.0
1219,9165,40,20,2023-09-17T12:35:55.761000+00:00,29.62,53.854,44.981,284.0,191.0,False,128.455,"[None, 2048, 2048, 2048, 2048, 2048, 2048, 2048]","[2048, 2048, 2048, 2048, 2048, 2048, 2048, 2048]","[2048, 2048, 2048, 2048, 2048, 2064, 2064, 2064]",279.0
1219,9165,11,20,2023-09-17T12:35:56.605000+00:00,29.307,54.333,37.474,306.0,191.0,False,121.114,"[None, 2048, 2048, 2048, 2048, 2048, 2048, 2048]","[2048, 2048, 2048, 2048, 2048, 2048, 2048, 2048]","[2048, 2048, 2048, 2048, 2048, 2048, 2048]",
1219,9165,81,20,2023-09-17T12:35:57.683000+00:00,29.39,55.107,44.501,293.0,185.0,False,128.998,"[None, 2049, 2048, 2048, 2048, 2048, 2048, 2048]","[2048, 2048, 2048, 2048, 2048, 2048, 2048, 2048]","[2048, 2048, 2048, 2048, 2048, 2064, 2064, 2064]",286.0
1219,9165,23,20,2023-09-17T12:35:59.183000+00:00,29.592,55.322,43.685,,190.0,False,128.599,"[None, 2048, 2048, 2048, 2049, 2048, 2048, 2048]","[2048, 2048, 2048, 2048, 2048, 2048, 2048, 2048]","[2048, 2048, 2048, 2048, 2048, 2064, 2064, 2064]",286.0
1219,9165,77,20,2023-09-17T12:36:06.526000+00:00,29.608,57.914,37.138,284.0,194.0,False,124.66,"[None, 2048, 2048, 2048, 2048, 2048, 2048, 2048]","[2048, 2048, 2048, 2048, 2048, 2048, 2048, 2048]","[2048, 2048, 2048, 2048, 2048, 2048, 2048, 2048]",276.0
1219,9165,24,20,2023-09-17T12:36:21.995000+00:00,34.281,58.467,43.946,189.0,195.0,False,136.694,"[None, 2048, 2048, 2048, 2048, 2048, 2048, 2048]","[2048, 2048, 2048, 2048, 2048, 2048, 2048, 2048]","[2048, 2048, 2048, 2048, 2048, 2064, 2064, 2064]",279.0
1219,9165,2,20,2023-09-17T12:36:51.323000+00:00,,51.675,37.103,246.0,158.0,True,190.891,"[2064, 2064, 2064, 2048, 2048, 2048, 2048, 2048]","[2048, 2048, 2048, 2048, 2048, 2048, 2048, 2048]","[2048, 2048, 2048, 2048, 2048, 2048, 2048, 0]",
1219,9165,55,21,2023-09-17T12:37:27.885000+00:00,72.794,70.138,45.639,118.0,142.0,True,188.571,"[2064, 2064, 2064, 2048, 2048, 2048, 2048, 2048]","[2048, 2048, 2048, 2048, 2048, 2048, 2048, 2048]","[2048, 2048, 2048, 2048, 2048, 2048, 2048, 2048]",
1219,9165,16,21,2023-09-17T12:37:37.072000+00:00,69.859,70.663,44.244,93.0,190.0,True,184.766,"[2064, 2064, 2064, 2048, 2048, 2048, 2048, 2048]","[2048, 2048, 2048, 2048, 2048, 2048, 2048, 2048]","[2048, 2048, 2048, 2048, 2048, 2048, 2048, 2048]",
1219,9165,63,21,2023-09-17T12:37:37.900000+00:00,66.178,69.762,45.309,106.0,129.0,True,181.249,"[2064, 2064, 2064, 2048, 2048, 2048, 2048, 2048]","[2048, 2048, 2048, 2048, 2048, 2048, 2048, 2048]","[2048, 2048, 2048, 2048, 2048, 2048, 2048, 2048]",
1219,9165,4,21,2023-09-17T12:37:39.760000+00:00,66.319,69.87,45.122,85.0,165.0,True,181.311,"[2064, 2064, 2064, 2048, 2048, 2048, 2048, 2048]","[2048, 2048, 2048, 2048, 2048, 2048, 2048, 2048]","[2048, 2048, 2048, 2048, 2048, 2048, 2048, 0]",
1219,9165,44,21,2023-09-17T12:37:42.291000+00:00,66.298,71.817,43.711,117.0,163.0,True,181.826,"[2064, 2064, 2064, 2048, 2048, 2048, 2048, 2048]","[2048, 2048, 2048, 2048, 2048, 2048, 2048, 2048]","[2048, 2048, 2048, 2048, 2048, 2048, 2048, 2048]",
1219,9165,1,21,2023-09-17T12:37:45.838000+00:00,55.545,70.129,46.408,131.0,144.0,False,172.082,"[None, 2048, 2048, 2048, 2048, 2048, 2048, 2048]","[2048, 2048, 2048, 2048, 2048, 2048, 2048, 2048]","[2048, 2048, 2048, 2048, 2048, 2048, 2048]",143.0
1219,9165,14,21,2023-09-17T12:37:48.338000+00:00,64.941,68.645,43.676,147.0,201.0,True,177.262,"[2064, 2064, 2064, 2048, 2048, 2048, 2048, 2048]","[2048, 2048, 2048, 2048, 2048, 2048, 2048, 2048]","[2048, 2048, 2048, 2048, 2048, 2048, 2048, 2048]",
1219,9165,31,21,2023-09-17T12:37:51.603000+00:00,63.645,68.03,44.663,162.0,182.0,True,176.338,"[2064, 2064, 2064, 2048, 2048, 2048, 2048, 2048]","[2048, 2048, 2048, 2048, 2048, 2048, 2048, 2048]","[2048, 2048, 2048, 2048, 2048, 2048, 2048, 2048]",
1219,9165,11,21,2023-09-17T12:37:57.650000+00:00,47.592,69.426,45.623,96.0,125.0,False,162.641,"[None, 2048, 2048, 2048, 2048, 2048, 2048, 2048]","[2048, 2048, 2048, 2048, 2048, 2048, 2048, 2048]","[2048, 2048, 2048, 2048, 2048, 2048, 2048]",207.0
1219,9165,20,21,2023-09-17T12:37:58.838000+00:00,61.025,66.175,44.398,234.0,173.0,True,171.598,"[2064, 2064, 2064, 2048, 2048, 2048, 2048, 2048]","[2048, 2048, 2048, 2048, 2048, 2048, 2048, 2048]","[2048, 2048, 2048, 2048, 2048, 2048, 2048, 2048]",
1219,9165,27,21,2023-09-17T12:38:01.916000+00:00,68.123,62.195,45.562,172.0,142.0,True,175.88,"[2064, 2064, 2064, 2048, 2048, 2048, 2048, 2048]","[2048, 2048, 2048, 2048, 2048, 2048, 2048, 2048]","[2048, 2048, 2048, 2048, 2048, 2048, 2048, 0]",
1219,9165,10,21,2023-09-17T12:38:02.447000+00:00,61.008,63.843,44.846,104.0,193.0,True,169.697,"[2064, 2064, 2064, 2048, 2048, 2048, 2048, 2048]","[2048, 2048, 2048, 2048, 2048, 2048, 2048, 2048]","[2048, 2048, 2048, 2048, 2048, 2048, 2048, 0]",
1219,9165,40,21,2023-09-17T12:38:04.259000+00:00,62.401,64.41,45.217,163.0,129.0,True,172.028,"[2064, 2064, 2064, 2048, 2048, 2048, 2048, 2048]","[2048, 2048, 2048, 2048, 2048, 2048, 2048, 2048]","[2048, 2048, 2048, 2048, 2048, 2048, 2048, 0]",
1219,9165,81,21,2023-09-17T12:38:06.713000+00:00,58.563,63.933,45.268,149.0,161.0,True,167.764,"[2064, 2064, 2064, 2048, 2048, 2048, 2048, 2048]","[2048, 2048, 2048, 2048, 2048, 2048, 2048, 2048]","[2048, 2048, 2048, 2048, 2048, 2048, 2048, 0]",
1219,9165,23,21,2023-09-17T12:38:07.822000+00:00,63.46,62.353,46.475,169.0,193.0,True,172.288,"[2064, 2064, 2064, 2048, 2048, 2048, 2048, 2048]","[2048, 2048, 2048, 2048, 2048, 2048, 2048, 2048]","[2048, 2048, 2048, 2048, 2048, 2048, 2048, 2048]",
1219,9165,77,21,2023-09-17T12:38:11.291000+00:00,45.491,68.216,44.366,128.0,198.0,False,158.073,"[None, 2048, 2048, 2048, 2048, 2048, 2048, 2048]","[2048, 2048, 2048, 2048, 2048, 2048, 2048, 2048]","[2048, 2048, 2048, 2048, 2048, 2048, 2048]",200.0
1219,9165,24,21,2023-09-17T12:38:38.837000+00:00,60.759,58.002,37.479,218.0,205.0,True,156.24,"[2064, 2064, 2064, 2048, 2048, 2048, 2048, 2048]","[2048, 2048, 2048, 2048, 2048, 2048, 2048, 2048]","[2048, 2048, 2048, 2048, 2048, 2048, 2048, 2048]",
1219,9165,2,21,2023-09-17T12:40:02.164000+00:00,41.379,58.111,35.601,238.0,211.0,False,135.091,"[2048, 2048, 2048, 2048, 2048, 2048, 2048, 2048]","[2048, 2048, 2048, 2048, 2048, 2048, 2048, 2048]","[2048, 2048, 2048, 2048, 2048, 2048, 2048, 2049]",239.0
1219,9165,55,22,2023-09-17T12:40:36.414000+00:00,44.446,60.392,45.971,162.0,171.0,False,150.809,"[2048, 2048, 2048, 2048, 2048, 2048, 2048, 2048]","[2048, 2048, 2048, 2048, 2048, 2048, 2048, 2048]","[2048, 2048, 2048, 2048, 2049, 2049, 2048, 2048]",150.0
1219,9165,1,22,2023-09-17T12:40:38.039000+00:00,43.167,60.916,45.883,221.0,110.0,False,149.966,"[None, 2048, 2048, 2048, 2048, 2048, 2048, 2048]","[2048, 2048, 2048, 2048, 2048, 2048, 2048, 2048]","[2048, 2048, 2048, 2048, 2048, 2048, 2048]",138.0
1219,9165,63,22,2023-09-17T12:40:38.914000+00:00,44.297,60.28,44.76,194.0,115.0,False,149.337,"[2048, 2048, 2048, 2048, 2048, 2048, 2048, 2048]","[2048, 2048, 2048, 2048, 2048, 2048, 2048, 2048]","[2048, 2048, 2048, 2048, 2051, 2048, 2048, 2048]",215.0
1219,9165,11,22,2023-09-17T12:40:40.258000+00:00,44.208,59.787,44.567,207.0,106.0,False,148.562,"[None, 2048, 2048, 2048, 2048, 2048, 2048, 2048]","[2048, 2048, 2048, 2048, 2048, 2048, 2048, 2048]","[2048, 2048, 2048, 2048, 2048, 2048, 2048, 2048]",202.0
1219,9165,4,22,2023-09-17T12:40:40.945000+00:00,44.366,59.901,44.0,228.0,165.0,False,148.267,"[2048, 2048, 2048, 2048, 2048, 2048, 2048, 2048]","[2048, 2048, 2048, 2048, 2048, 2048, 2048, 2048]","[2048, 2048, 2048, 2048, 2048, 2048, 2048, 2048]",231.0
1219,9165,16,22,2023-09-17T12:40:41.836000+00:00,45.337,60.22,42.372,236.0,194.0,False,147.929,"[2048, 2048, 2048, 2048, 2048, 2048, 2048, 2048]","[2048, 2048, 2048, 2048, 2048, 2048, 2048, 2048]","[2048, 2048, 2048, 2048, 2049, 2048, 2048]",205.0
1219,9165,44,22,2023-09-17T12:40:44.023000+00:00,45.362,59.337,41.532,256.0,204.0,False,146.231,"[2048, 2048, 2048, 2048, 2048, 2048, 2048, 2048]","[2048, 2048, 2048, 2048, 2048, 2048, 2048, 2048]","[2048, 2048, 2048, 2048, 2048, 2048, 2048, 2048]",208.0
1219,9165,14,22,2023-09-17T12:40:45.554000+00:00,45.306,58.94,40.952,252.0,209.0,False,145.198,"[2048, 2048, 2048, 2048, 2048, 2048, 2048, 2048]","[2048, 2048, 2048, 2048, 2048, 2048, 2048, 2048]","[2048, 2048, 2048, 2048, 2049, 2048, 2048]",207.0
1219,9165,31,22,2023-09-17T12:40:47.898000+00:00,43.831,59.107,40.355,236.0,189.0,False,143.293,"[2048, 2048, 2048, 2048, 2048, 2048, 2048, 2048]","[2048, 2048, 2048, 2048, 2048, 2048, 2048, 2048]","[2048, 2048, 2048, 2048, 2049, 2048, 2048]",206.0
1219,9165,77,22,2023-09-17T12:40:49.320000+00:00,44.189,58.916,39.394,235.0,209.0,False,142.499,"[None, 2048, 2048, 2048, 2048, 2048, 2048, 2048]","[2048, 2048, 2048, 2048, 2048, 2048, 2048, 2048]","[2048, 2048, 2048, 2048, 2048, 2048, 2048]",
1219,9165,20,22,2023-09-17T12:40:50.445000+00:00,44.378,59.16,38.445,233.0,225.0,False,141.983,"[2048, 2048, 2048, 2048, 2048, 2048, 2048, 2048]","[2048, 2048, 2048, 2048, 2048, 2048, 2048, 2048]","[2048, 2048, 2048, 2048, 2049, 2048, 2048]",239.0
1219,9165,10,22,2023-09-17T12:40:52.008000+00:00,43.625,59.313,37.792,253.0,229.0,False,140.73,"[2048, 2048, 2048, 2048, 2048, 2048, 2048, 2048]","[2048, 2048, 2048, 2048, 2048, 2048, 2048, 2048]","[2048, 2048, 2048, 2048, 2049, 2048, 2048]",263.0
1219,9165,81,22,2023-09-17T12:40:54.367000+00:00,42.58,59.912,36.298,253.0,232.0,False,138.79,"[2048, 2048, 2048, 2048, 2048, 2048, 2048, 2048]","[2048, 2048, 2048, 2048, 2048, 2048, 2048, 2048]","[2048, 2048, 2048, 2048, 2049, 2048, 2048, 2048]",275.0
1219,9165,40,22,2023-09-17T12:40:56.148000+00:00,42.385,59.777,35.551,191.0,225.0,False,137.713,"[2048, 2048, 2048, 2048, 2048, 2048, 2048, 2048]","[2048, 2048, 2048, 2048, 2048, 2048, 2048, 2048]","[2048, 2048, 2048, 2048, 2049, 2048, 2048]",237.0
1219,9165,27,22,2023-09-17T12:40:57.742000+00:00,42.259,60.745,33.849,239.0,220.0,False,136.853,"[2048, 2048, 2048, 2048, 2048, 2048, 2048, 2048]","[2048, 2048, 2048, 2048, 2048, 2048, 2048, 2048]","[2048, 2048, 2048, 2048, 2049, 2048, 2048, 2048]",243.0
1219,9165,23,22,2023-09-17T12:41:00.086000+00:00,41.317,61.682,32.183,230.0,228.0,False,135.182,"[2048, 2048, 2048, 2048, 2048, 2048, 2048, 2048]","[2048, 2048, 2048, 2048, 2048, 2048, 2048, 2048]","[2048, 2048, 2048, 2048, 2049, 2048, 2048, 2048]",279.0
1219,9165,24,22,2023-09-17T12:41:15.039000+00:00,30.712,58.371,31.65,273.0,214.0,False,120.733,"[2048, 2048, 2048, 2048, 2048, 2048, 2048, 2048]","[2048, 2048, 2048, 2048, 2048, 2048, 2048, 2048]","[2048, 2048, 2048, 2048, 2048, 2048, 2048, 2048]",249.0
1219,9165,2,22,2023-09-17T12:42:17.257000+00:00,29.546,42.496,28.312,290.0,265.0,False,100.354,"[None, 2048, 2048, 2048, 2049, 2048, 2048, 2048]","[2048, 2049, 2049, 2049, 2049, 2048, 2049, 2048]","[2048, 2048, 2048, 2048, 2048, 2048, 2048, 2048]",283.0
1219,9165,55,23,2023-09-17T12:43:07.209000+00:00,29.279,44.506,28.638,280.0,256.0,False,102.423,"[None, 2048, 2048, 2051, 2048, 2048, 2048, 2048]","[2048, 2048, 2048, 2048, 2048, 2048, 2048, 2048]","[2048, 2048, 2048, 2048, 2048, 2048, 2048, 2048]",282.0
1219,9165,1,23,2023-09-17T12:43:07.990000+00:00,29.525,44.42,29.401,289.0,260.0,False,103.346,"[None, 2048, 2048, 2048, 2048, 2048, 2048, 2048]","[2048, 2048, 2048, 2048, 2048, 2048, 2048, 2048]","[2048, 2048, 2048, 2048, 2048, 2048, 2048, 2048]",284.0
1219,9165,63,23,2023-09-17T12:43:08.397000+00:00,29.296,44.36,28.685,297.0,269.0,False,102.341,"[None, 2048, 2048, 2048, 2049, 2048, 2049, 2048]","[2048, 2048, 2048, 2048, 2048, 2048, 2048, 2049]","[2048, 2048, 2048, 2048, 2048, 2048, 2049]",273.0
1219,9165,11,23,2023-09-17T12:43:08.897000+00:00,29.677,44.387,30.131,292.0,265.0,False,104.195,"[None, 2048, 2048, 2048, 2048, 2048, 2048, 2048]","[2048, 2048, 2048, 2048, 2048, 2048, 2048, 2048]","[2048, 2048, 2048, 2048, 2048, 2048, 2048, 2048]",286.0
1219,9165,4,23,2023-09-17T12:43:09.303000+00:00,29.34,44.449,29.0,297.0,269.0,False,102.789,"[None, 2048, 2048, 2049, 2048, 2048, 2049, 2048]","[2048, 2048, 2048, 2048, 2048, 2048, 2048, 2049]","[2048, 2048, 2049, 2048, 2048, 2048, 2048, 2048]",286.0
1219,9165,16,23,2023-09-17T12:43:09.740000+00:00,29.559,44.934,29.462,295.0,264.0,False,103.955,"[None, 2048, 2048, 2048, 2049, 2048, 2048, 2048]","[2048, 2048, 2048, 2048, 2048, 2048, 2048, 2049]","[2048, 2048, 2049, 2048, 2048, 2048, 2048]",286.0
1219,9165,44,23,2023-09-17T12:43:10.287000+00:00,29.495,43.75,29.835,292.0,272.0,False,103.08,"[None, 2048, 2048, 2048, 2049, 2048, 2048, 2048]","[2048, 2048, 2048, 2048, 2048, 2048, 2048, 2049]","[2048, 2049, 2049, 2048, 2048, 2048, 2048]",286.0
1219,9165,14,23,2023-09-17T12:43:10.772000+00:00,29.517,44.575,29.199,290.0,264.0,False,103.291,"[None, 2048, 2048, 2048, 2049, 2048, 2049, 2048]","[2048, 2048, 2048, 2048, 2048, 2048, 2048, 2048]","[2048, 2048, 2048, 2048, 2048, 2048, 2048, 2048]",288.0
1219,9165,31,23,2023-09-17T12:43:11.193000+00:00,29.478,44.62,29.156,282.0,263.0,False,103.254,"[None, 2048, 2048, 2048, 2048, 2048, 2048, 2048]","[2048, 2048, 2048, 2048, 2048, 2048, 2048, 2048]","[2048, 2048, 2048, 2048, 2048, 2048, 2048, 2048]",287.0
1219,9165,77,23,2023-09-17T12:43:11.850000+00:00,29.593,44.546,31.347,293.0,264.0,False,105.486,"[2049, 2048, 2048, 2048, 2049, 2048, 2049, 2049]","[2048, 2048, 2048, 2048, 2048, 2048, 2048, 2048]","[2048, 2048, 2048, 2048, 2048, 2048, 2048]",283.0
1219,9165,20,23,2023-09-17T12:43:12.397000+00:00,29.478,44.367,29.593,301.0,273.0,False,103.438,"[None, 2048, 2048, 2048, 2048, 2048, 2048, 2048]","[2048, 2048, 2048, 2048, 2048, 2048, 2048, 2049]","[2048, 2048, 2048, 2048, 2048, 2048, 2048]",288.0
1219,9165,10,23,2023-09-17T12:43:12.834000+00:00,29.32,44.439,29.585,297.0,266.0,False,103.344,"[None, 2048, 2048, 2048, 2049, 2048, 2048, 2048]","[2048, 2048, 2048, 2049, 2048, 2048, 2048, 2049]","[2048, 2049, 2048, 2048, 2048, 2048, 2048, 2048]",285.0
1219,9165,81,23,2023-09-17T12:43:13.256000+00:00,29.336,44.625,29.588,293.0,270.0,False,103.549,"[None, 2048, 2048, 2048, 2049, 2048, 2049, 2048]","[2048, 2048, 2048, 2048, 2048, 2048, 2048, 2049]","[2048, 2048, 2048, 2048, 2048, 2048, 2048]",288.0
1219,9165,40,23,2023-09-17T12:43:13.912000+00:00,29.432,44.199,29.892,279.0,268.0,False,103.523,"[None, 2048, 2048, 2048, 2049, 2048, 2048, 2048]","[2048, 2048, 2048, 2048, 2048, 2048, 2048, 2049]","[2048, 2048, 2049, 2048, 2048, 2048, 2048]",280.0
1219,9165,27,23,2023-09-17T12:43:14.615000+00:00,29.496,43.996,29.601,295.0,261.0,False,103.093,"[None, 2048, 2048, 2048, 2048, 2048, 2048, 2048]","[2048, 2048, 2048, 2048, 2048, 2048, 2048, 2049]","[2048, 2049, 2048, 2048, 2048, 2048, 2048, 2048]",285.0
1219,9165,23,23,2023-09-17T12:43:15.240000+00:00,29.205,44.115,29.797,302.0,268.0,False,103.117,"[None, 2048, 2048, 2049, 2051, 2048, 2049, 2048]","[2048, 2048, 2048, 2048, 2048, 2048, 2048, 2049]","[2048, 2049, 2048, 2048, 2048, 2048, 2048]",288.0
1219,9165,24,23,2023-09-17T12:43:15.756000+00:00,29.442,43.914,29.393,298.0,267.0,False,102.749,"[2049, 2048, 2048, 2048, 2049, 2048, 2049, 2049]","[2048, 2048, 2048, 2048, 2048, 2048, 2048, 2049]","[2048, 2048, 2049, 2048, 2048, 2048, 2048]",287.0
1219,9165,2,23,2023-09-17T12:43:57.599000+00:00,29.155,42.491,28.21,,265.0,False,99.856,"[None, 2049, 2049, 2049, 2049, 2048, 2048, 2048]","[2049, 2049, 2049, 2048, 2048, 2049, 2048, 2048]","[2048, 2048, 2048, 2049, 2048, 2048, 2048]",284.0
1219,9165,55,24,2023-09-17T12:44:49.661000+00:00,29.392,42.448,27.952,285.0,260.0,False,99.792,"[None, 2048, 2048, 2048, 2048, 2048, 2048, 2048]","[2048, 2048, 2048, 2048, 2048, 2049, 2051, 2049]","[2048, 2048, 2048, 2048, 2048, 2048, 2048]",277.0
1219,9165,63,24,2023-09-17T12:44:50.630000+00:00,29.232,42.292,27.977,284.0,261.0,False,99.501,"[None, 2048, 2048, 2048, 2048, 2048, 2048, 2048]","[2049, 2048, 2048, 2049, 2048, 2048, 2049, 2048]","[2048, 2049, 2048, 2048, 2048, 2048, 2051, 2051]",279.0
1219,9165,1,24,2023-09-17T12:44:51.333000+00:00,29.646,43.187,29.138,286.0,258.0,False,101.971,"[None, 2048, 2048, 2048, 2048, 2048, 2048, 2048]","[2048, 2048, 2048, 2048, 2048, 2048, 2048, 2048]","[2048, 2048, 2048, 2048, 2048, 2048, 2048, 2048]",
1219,9165,4,24,2023-09-17T12:44:52.020000+00:00,29.515,42.757,28.048,288.0,273.0,False,100.32,"[None, 2048, 2048, 2048, 2048, 2048, 2048, 2048]","[2048, 2049, 2048, 2048, 2048, 2048, 2048, 2048]","[2048, 2048, 2048, 2048, 2048, 2048, 2048]",277.0
1219,9165,11,24,2023-09-17T12:44:53.114000+00:00,29.895,44.454,28.386,287.0,261.0,False,102.735,"[None, 2048, 2048, 2048, 2048, 2048, 2048, 2048]","[2048, 2048, 2048, 2048, 2048, 2048, 2048, 2048]","[2048, 2048, 2048, 2048, 2048, 2048, 2048, 2048]",282.0
1219,9165,44,24,2023-09-17T12:44:53.333000+00:00,29.715,43.282,27.96,299.0,257.0,False,100.957,"[None, 2048, 2048, 2048, 2048, 2048, 2048, 2048]","[2048, 2048, 2048, 2048, 2048, 2048, 2048, 2048]","[2048, 2048, 2048, 2048, 2049, 2048, 2048]",290.0
1219,9165,16,24,2023-09-17T12:44:53.661000+00:00,29.994,44.294,28.38,293.0,258.0,False,102.668,"[None, 2048, 2048, 2048, 2048, 2048, 2048, 2048]","[2048, 2048, 2048, 2048, 2048, 2048, 2048, 2048]","[2048, 2049, 2048, 2048, 2048, 2048, 2049, 2049]",283.0
1219,9165,14,24,2023-09-17T12:44:54.052000+00:00,30.13,44.293,28.714,293.0,265.0,False,103.137,"[None, 2048, 2048, 2048, 2048, 2048, 2048, 2048]","[2048, 2048, 2048, 2048, 2048, 2048, 2048, 2048]","[2048, 2048, 2048, 2048, 2048, 2048, 2048, 2048]",277.0
1219,9165,31,24,2023-09-17T12:44:54.427000+00:00,30.054,44.422,28.615,283.0,264.0,False,103.091,"[None, 2048, 2048, 2048, 2048, 2048, 2048, 2048]","[2048, 2048, 2048, 2048, 2048, 2048, 2048, 2048]","[2048, 2048, 2048, 2048, 2048, 2048, 2048, 2048]",278.0
1219,9165,20,24,2023-09-17T12:44:55.692000+00:00,29.425,44.113,28.805,294.0,266.0,False,102.343,"[None, 2048, 2048, 2048, 2049, 2048, 2048, 2048]","[2048, 2048, 2048, 2048, 2048, 2048, 2048, 2048]","[2048, 2049, 2048, 2048, 2048, 2048, 2048, 2048]",286.0
1219,9165,10,24,2023-09-17T12:44:56.083000+00:00,29.448,44.111,28.848,291.0,259.0,False,102.407,"[None, 2048, 2048, 2048, 2048, 2048, 2048, 2048]","[2048, 2048, 2048, 2048, 2048, 2048, 2048, 2048]","[2048, 2048, 2048, 2048, 2048, 2048, 2049, 2049]",282.0
1219,9165,81,24,2023-09-17T12:44:56.661000+00:00,29.647,43.952,28.639,295.0,265.0,False,102.238,"[None, 2048, 2048, 2048, 2048, 2048, 2048, 2048]","[2048, 2048, 2048, 2048, 2048, 2048, 2048, 2048]","[2048, 2048, 2048, 2048, 2049, 2048, 2048]",282.0
1219,9165,77,24,2023-09-17T12:44:57.364000+00:00,31.828,45.915,28.672,295.0,259.0,False,106.415,"[2048, 2048, 2048, 2048, 2048, 2048, 2048, 2048]","[2048, 2048, 2048, 2048, 2048, 2048, 2048, 2048]","[2048, 2048, 2048, 2048, 2048, 2048, 2048, 2048]",277.0
1219,9165,40,24,2023-09-17T12:44:57.473000+00:00,30.071,43.461,28.762,,246.0,False,102.294,"[None, 2048, 2048, 2048, 2048, 2048, 2048, 2048]","[2048, 2048, 2048, 2048, 2048, 2048, 2048, 2048]","[2048, 2048, 2048, 2048, 2048, 2048, 2049]",
1219,9165,27,24,2023-09-17T12:44:57.661000+00:00,30.479,43.819,28.746,293.0,261.0,False,103.044,"[None, 2048, 2048, 2048, 2049, 2048, 2048, 2048]","[2048, 2048, 2048, 2048, 2048, 2048, 2048, 2048]","[2048, 2048, 2048, 2048, 2048, 2048, 2048]",291.0
1219,9165,23,24,2023-09-17T12:44:58.380000+00:00,30.723,43.718,28.646,299.0,267.0,False,103.087,"[None, 2048, 2048, 2048, 2048, 2048, 2048, 2048]","[2048, 2048, 2048, 2048, 2048, 2048, 2048, 2048]","[2048, 2048, 2048, 2048, 2048, 2048, 2048]",283.0
1219,9165,24,24,2023-09-17T12:44:58.520000+00:00,30.783,44.631,28.535,292.0,260.0,False,103.949,"[None, 2048, 2048, 2048, 2048, 2048, 2049, 2048]","[2048, 2048, 2048, 2048, 2048, 2048, 2048, 2048]","[2048, 2048, 2048, 2048, 2048, 2048, 2048]",292.0
1219,9165,2,24,2023-09-17T12:45:37.473000+00:00,29.44,42.704,28.246,291.0,265.0,False,100.39,"[None, 2048, 2048, 2048, 2048, 2048, 2048, 2048]","[2048, 2048, 2048, 2048, 2048, 2049, 2048, 2048]","[2048, 2048, 2048, 2048, 2049, 2049, 2048, 2048]",
1219,9165,55,25,2023-09-17T12:46:29.441000+00:00,28.996,42.788,27.942,281.0,258.0,False,99.726,"[None, 2048, 2048, 2048, 2048, 2048, 2049, 2048]","[2048, 2048, 2048, 2048, 2051, 2051, 2048, 2049]","[2048, 2049, 2048, 2048, 2048, 2048, 2049, 2051]",
1219,9165,63,25,2023-09-17T12:46:30.222000+00:00,28.84,42.813,27.907,275.0,272.0,False,99.56,"[2049, 2048, 2048, 2048, 2049, 2048, 2048, 2048]","[2048, 2048, 2048, 2049, 2048, 2048, 2048, 2051]","[2048, 2049, 2048, 2048, 2051, 2048, 2051, 2051]",284.0
1219,9165,4,25,2023-09-17T12:46:32.301000+00:00,29.092,42.849,28.299,283.0,263.0,False,100.24,"[None, 2048, 2049, 2048, 2049, 2048, 2048, 2048]","[2048, 2048, 2048, 2048, 2048, 2048, 2048, 2048]","[2048, 2048, 2048, 2048, 2048, 2048, 2048]",276.0
1219,9165,1,25,2023-09-17T12:46:33.300000+00:00,29.509,43.123,28.068,288.0,258.0,False,100.7,"[None, 2048, 2048, 2048, 2048, 2048, 2048, 2048]","[2048, 2048, 2048, 2048, 2048, 2048, 2048, 2048]","[2048, 2049, 2048, 2048, 2048, 2048, 2048, 2048]",279.0
1219,9165,44,25,2023-09-17T12:46:34.191000+00:00,29.46,42.916,28.066,270.0,258.0,False,100.442,"[None, 2048, 2048, 2048, 2048, 2048, 2048, 2048]","[2048, 2048, 2048, 2048, 2048, 2048, 2048, 2048]","[2048, 2048, 2048, 2048, 2048, 2048, 2048, 2049]",282.0
1219,9165,11,25,2023-09-17T12:46:35.863000+00:00,29.429,43.76,28.343,293.0,261.0,False,101.532,"[None, 2048, 2048, 2048, 2048, 2048, 2048, 2048]","[2048, 2048, 2048, 2048, 2048, 2048, 2048, 2048]","[2048, 2048, 2048, 2048, 2048, 2049, 2048, 2048]",285.0
1219,9165,16,25,2023-09-17T12:46:36.363000+00:00,28.864,42.77,28.114,314.0,254.0,False,99.748,"[None, 2048, 2048, 2049, 2048, 2048, 2051, 2049]","[2048, 2048, 2048, 2048, 2048, 2048, 2048, 2048]","[2048, 2048, 2048, 2048, 2048, 2048, 2048]",280.0
1219,9165,14,25,2023-09-17T12:46:37.160000+00:00,29.001,43.344,28.344,311.0,269.0,False,100.689,"[None, 2048, 2048, 2048, 2049, 2048, 2049, 2049]","[2048, 2048, 2048, 2048, 2048, 2048, 2048, 2049]","[2048, 2049, 2048, 2048, 2049, 2048, 2048, 2049]",288.0
1219,9165,31,25,2023-09-17T12:46:37.550000+00:00,29.075,43.408,28.412,299.0,266.0,False,100.895,"[None, 2048, 2048, 2048, 2048, 2048, 2049, 2049]","[2048, 2048, 2048, 2048, 2048, 2048, 2048, 2048]","[2048, 2049, 2048, 2048, 2048, 2048, 2048]",283.0
1219,9165,20,25,2023-09-17T12:46:38.160000+00:00,29.159,43.294,28.656,311.0,267.0,False,101.109,"[None, 2048, 2048, 2048, 2048, 2048, 2049, 2049]","[2048, 2048, 2048, 2048, 2048, 2048, 2048, 2048]","[2048, 2048, 2048, 2048, 2048, 2048, 2048]",284.0
1219,9165,10,25,2023-09-17T12:46:38.613000+00:00,29.149,43.468,28.431,303.0,268.0,False,101.048,"[None, 2048, 2048, 2048, 2048, 2048, 2048, 2049]","[2048, 2048, 2048, 2049, 2048, 2048, 2048, 2048]","[2048, 2048, 2048, 2048, 2048, 2048, 2048]",284.0
1219,9165,81,25,2023-09-17T12:46:39.004000+00:00,29.271,43.498,28.503,312.0,274.0,False,101.272,"[None, 2048, 2048, 2048, 2048, 2048, 2048, 2048]","[2048, 2048, 2048, 2048, 2048, 2048, 2048, 2048]","[2048, 2048, 2048, 2048, 2048, 2048, 2048, 2048]",286.0
1219,9165,40,25,2023-09-17T12:46:39.691000+00:00,29.399,43.255,28.745,293.0,260.0,False,101.399,"[None, 2048, 2048, 2048, 2048, 2048, 2049, 2049]","[2048, 2048, 2048, 2048, 2048, 2048, 2048, 2048]","[2048, 2048, 2048, 2048, 2048, 2048, 2048, 2048]",277.0
1219,9165,27,25,2023-09-17T12:46:40.675000+00:00,29.186,43.637,28.342,303.0,264.0,False,101.165,"[None, 2048, 2048, 2048, 2048, 2048, 2048, 2049]","[2048, 2048, 2048, 2048, 2048, 2048, 2048, 2048]","[2048, 2048, 2048, 2048, 2048, 2048, 2048, 2048]",281.0
1219,9165,23,25,2023-09-17T12:46:41.379000+00:00,29.166,43.35,28.445,309.0,278.0,False,100.961,"[None, 2048, 2048, 2048, 2048, 2048, 2049, 2049]","[2048, 2048, 2048, 2048, 2048, 2048, 2048, 2048]","[2048, 2048, 2048, 2048, 2049, 2048, 2048, 2049]",286.0
1219,9165,24,25,2023-09-17T12:46:42.347000+00:00,29.638,43.391,28.317,291.0,261.0,False,101.346,"[2048, 2048, 2048, 2048, 2048, 2048, 2048, 2048]","[2048, 2048, 2048, 2048, 2048, 2048, 2048, 2048]","[2048, 2048, 2048, 2048, 2048, 2048, 2048, 2049]",282.0
1219,9165,77,25,2023-09-17T12:46:43.800000+00:00,29.751,43.469,28.539,290.0,259.0,False,101.759,"[None, 2048, 2048, 2048, 2048, 2048, 2048, 2048]","[2048, 2048, 2048, 2048, 2048, 2048, 2048, 2048]","[2048, 2049, 2048, 2048, 2048, 2048, 2048, 2048]",279.0
1219,9165,2,25,2023-09-17T12:47:17.847000+00:00,29.31,42.711,28.279,289.0,265.0,False,100.3,"[None, 2048, 2048, 2048, 2048, 2048, 2048, 2048]","[2048, 2048, 2049, 2048, 2048, 2048, 2048, 2048]","[2048, 2048, 2048, 2048, 2048, 2048, 2049, 2049]",285.0
1219,9165,55,26,2023-09-17T12:48:09.174000+00:00,28.813,42.511,27.861,284.0,258.0,False,99.185,"[2049, 2048, 2048, 2048, 2048, 2048, 2048, 2049]","[2048, 2048, 2048, 2051, 2048, 2048, 2048, 2048]","[2048, 2048, 2048, 2048, 2048, 2048, 2048, 2048]",279.0
1219,9165,63,26,2023-09-17T12:48:09.768000+00:00,28.592,42.694,27.887,290.0,274.0,False,99.173,"[None, 2048, 2048, 2048, 2049, 2049, 2049, 2049]","[2048, 2048, 2048, 2048, 2048, 2049, 2048, 2048]","[2048, 2049, 2049, 2048, 2048, 2048, 2048, 2048]",294.0
1219,9165,4,26,2023-09-17T12:48:12.627000+00:00,29.22,42.244,28.02,282.0,262.0,False,99.484,"[None, 2048, 2048, 2048, 2048, 2048, 2048, 2048]","[2049, 2048, 2048, 2048, 2049, 2048, 2048, 2048]","[2048, 2048, 2048, 2048, 2049, 2048, 2048, 2048]",285.0
1219,9165,1,26,2023-09-17T12:48:14.018000+00:00,29.323,42.895,28.026,289.0,260.0,False,100.244,"[None, 2048, 2048, 2048, 2048, 2048, 2048, 2048]","[2048, 2048, 2048, 2048, 2048, 2048, 2049, 2048]","[2048, 2048, 2048, 2048, 2048, 2049, 2049, 2048]",283.0
1219,9165,44,26,2023-09-17T12:48:14.721000+00:00,29.008,42.906,28.04,292.0,271.0,False,99.954,"[2049, 2048, 2048, 2048, 2048, 2048, 2048, 2048]","[2048, 2048, 2048, 2049, 2048, 2048, 2048, 2048]","[2048, 2048, 2048, 2048, 2049, 2048, 2048]",284.0
1219,9165,16,26,2023-09-17T12:48:15.987000+00:00,29.148,42.809,27.935,293.0,262.0,False,99.892,"[None, 2048, 2049, 2048, 2048, 2048, 2048, 2048]","[2048, 2048, 2048, 2049, 2048, 2048, 2048, 2048]","[2048, 2049, 2048, 2048, 2048, 2048, 2048, 2048]",283.0
1219,9165,11,26,2023-09-17T12:48:17.377000+00:00,29.297,43.197,28.101,,261.0,False,100.595,"[None, 2048, 2048, 2048, 2048, 2049, 2048, 2048]","[2048, 2048, 2048, 2048, 2048, 2048, 2048, 2048]","[2049, 2048, 2049, 2048, 2048, 2049, 2048, 2049]",286.0
1219,9165,14,26,2023-09-17T12:48:17.877000+00:00,29.213,43.578,28.105,,274.0,False,100.896,"[2049, 2048, 2048, 2048, 2051, 2048, 2048, 2049]","[2048, 2048, 2048, 2048, 2048, 2048, 2048, 2049]","[2048, 2049, 2048, 2048, 2049, 2048, 2048, 2048]",300.0
1219,9165,31,26,2023-09-17T12:48:18.502000+00:00,28.715,44.005,28.165,296.0,269.0,False,100.885,"[2049, 2048, 2048, 2048, 2049, 2048, 2051, 2049]","[2048, 2048, 2048, 2048, 2048, 2048, 2048, 2048]","[2048, 2048, 2048, 2048, 2048, 2048, 2049]",291.0
1219,9165,20,26,2023-09-17T12:48:19.237000+00:00,28.832,43.62,28.399,,271.0,False,100.851,"[2049, 2048, 2048, 2048, 2049, 2048, 2048, 2049]","[2048, 2048, 2048, 2048, 2048, 2048, 2048, 2048]","[2048, 2049, 2048, 2048, 2048, 2048, 2048, 2049]",296.0
1219,9165,10,26,2023-09-17T12:48:19.627000+00:00,28.963,43.437,28.52,308.0,271.0,False,100.92,"[None, 2048, 2048, 2048, 2048, 2048, 2048, 2048]","[2048, 2048, 2048, 2048, 2048, 2048, 2048, 2048]","[2048, 2048, 2048, 2048, 2048, 2048, 2048]",292.0
1219,9165,81,26,2023-09-17T12:48:20.252000+00:00,28.919,43.22,28.663,308.0,276.0,False,100.802,"[None, 2048, 2048, 2048, 2049, 2048, 2048, 2048]","[2048, 2048, 2048, 2048, 2048, 2048, 2048, 2049]","[2048, 2048, 2048, 2048, 2048, 2048, 2048]",295.0
1219,9165,40,26,2023-09-17T12:48:21.221000+00:00,29.468,42.817,28.686,294.0,259.0,False,100.971,"[None, 2048, 2048, 2048, 2048, 2048, 2048, 2048]","[2048, 2048, 2048, 2048, 2048, 2049, 2048, 2048]","[2048, 2048, 2048, 2048, 2048, 2048, 2049, 2049]",288.0
1219,9165,27,26,2023-09-17T12:48:21.893000+00:00,29.067,43.365,28.498,314.0,271.0,False,100.93,"[2049, 2048, 2048, 2048, 2049, 2048, 2048, 2049]","[2048, 2048, 2049, 2048, 2048, 2048, 2048, 2048]","[2048, 2048, 2048, 2048, 2048, 2048, 2048, 2048]",296.0
1219,9165,23,26,2023-09-17T12:48:22.424000+00:00,28.879,43.65,28.398,320.0,276.0,False,100.927,"[2049, 2048, 2048, 2048, 2049, 2048, 2048, 2049]","[2048, 2048, 2048, 2048, 2048, 2048, 2048, 2048]","[2048, 2048, 2048, 2048, 2048, 2048, 2048, 2048]",302.0
1219,9165,24,26,2023-09-17T12:48:23.815000+00:00,29.338,43.361,28.274,290.0,262.0,False,100.973,"[None, 2048, 2048, 2048, 2048, 2048, 2048, 2048]","[2048, 2048, 2048, 2048, 2048, 2048, 2048, 2048]","[2048, 2048, 2048, 2048, 2048, 2048, 2048, 2048]",283.0
1219,9165,77,26,2023-09-17T12:48:25.534000+00:00,29.44,43.568,28.358,288.0,259.0,False,101.366,"[None, 2048, 2048, 2048, 2048, 2048, 2048, 2048]","[2048, 2048, 2048, 2048, 2048, 2048, 2048, 2048]","[2048, 2048, 2048, 2048, 2048, 2049, 2048, 2048]",278.0
1219,9165,2,26,2023-09-17T12:48:58.158000+00:00,29.434,42.662,28.242,290.0,265.0,False,100.338,"[None, 2048, 2048, 2048, 2048, 2048, 2048, 2048]","[2048, 2048, 2048, 2049, 2048, 2049, 2048, 2048]","[2048, 2048, 2048, 2048, 2049, 2048, 2049, 2049]",284.0
1219,9165,55,27,2023-09-17T12:49:48.345000+00:00,28.726,42.992,28.117,286.0,257.0,False,99.835,"[2048, 2048, 2051, 2051, 2049, 2048, 2049, 2049]","[2048, 2048, 2048, 2048, 2048, 2048, 2048, 2048]","[2048, 2048, 2048, 2048, 2048, 2048, 2048, 2048]",278.0
1219,9165,63,27,2023-09-17T12:49:48.954000+00:00,28.727,42.937,28.541,281.0,265.0,False,100.205,"[None, 2048, 2048, 2048, 2048, 2048, 2048, 2048]","[2048, 2048, 2048, 2048, 2048, 2048, 2048, 2048]","[2048, 2048, 2048, 2048, 2048, 2048, 2048, 2048]",292.0
1219,9165,4,27,2023-09-17T12:49:52.111000+00:00,29.037,42.218,28.151,281.0,265.0,False,99.406,"[None, 2048, 2048, 2048, 2049, 2049, 2048, 2048]","[2048, 2048, 2048, 2048, 2049, 2051, 2049, 2048]","[2049, 2048, 2048, 2048, 2048, 2048, 2048, 2048]",284.0
1219,9165,1,27,2023-09-17T12:49:54.251000+00:00,29.264,43.775,28.141,,261.0,False,101.18,"[None, 2048, 2048, 2048, 2049, 2049, 2048, 2048]","[2048, 2048, 2048, 2048, 2048, 2048, 2048, 2048]","[2048, 2049, 2048, 2048, 2048, 2048, 2048, 2048]",281.0
1219,9165,44,27,2023-09-17T12:49:54.658000+00:00,28.825,42.51,27.891,311.0,254.0,False,99.226,"[None, 2048, 2048, 2048, 2051, 2048, 2049, 2049]","[2048, 2049, 2048, 2049, 2048, 2048, 2049, 2048]","[2048, 2048, 2048, 2048, 2048, 2048, 2048]",294.0
1219,9165,16,27,2023-09-17T12:49:55.986000+00:00,29.015,42.773,28.111,292.0,264.0,False,99.899,"[None, 2048, 2048, 2048, 2048, 2048, 2048, 2048]","[2048, 2048, 2048, 2048, 2048, 2048, 2048, 2048]","[2048, 2049, 2048, 2048, 2048, 2048, 2048]",
1219,9165,11,27,2023-09-17T12:49:58.017000+00:00,29.364,43.012,28.124,,262.0,False,100.5,"[None, 2048, 2048, 2048, 2048, 2048, 2048, 2048]","[2048, 2048, 2048, 2048, 2048, 2048, 2048, 2048]","[2049, 2048, 2048, 2048, 2048, 2051, 2048, 2048]",
1219,9165,14,27,2023-09-17T12:49:58.751000+00:00,29.144,43.054,27.987,301.0,274.0,False,100.185,"[2048, 2048, 2048, 2048, 2048, 2048, 2048, 2048]","[2048, 2048, 2048, 2048, 2048, 2048, 2048, 2048]","[2048, 2048, 2048, 2049, 2049, 2048, 2049, 2049]",298.0
1219,9165,31,27,2023-09-17T12:49:59.361000+00:00,28.965,43.284,28.127,303.0,269.0,False,100.376,"[None, 2048, 2048, 2048, 2048, 2048, 2048, 2048]","[2048, 2048, 2048, 2048, 2048, 2048, 2048, 2048]","[2048, 2048, 2048, 2048, 2048, 2048, 2049, 2049]",293.0
1219,9165,20,27,2023-09-17T12:50:00.595000+00:00,28.932,43.127,28.422,,270.0,False,100.481,"[2051, 2048, 2048, 2048, 2048, 2048, 2049, 2049]","[2048, 2048, 2048, 2049, 2048, 2048, 2048, 2048]","[2048, 2049, 2048, 2048, 2048, 2048, 2048, 2048]",297.0
1219,9165,10,27,2023-09-17T12:50:00.595000+00:00,29.014,43.193,28.189,315.0,269.0,False,100.396,"[2049, 2048, 2048, 2048, 2048, 2048, 2048, 2049]","[2048, 2048, 2048, 2048, 2048, 2048, 2048, 2048]","[2049, 2048, 2048, 2048, 2048, 2048, 2048, 2048]",295.0
1219,9165,81,27,2023-09-17T12:50:01.158000+00:00,28.838,43.227,28.464,311.0,276.0,False,100.529,"[2049, 2048, 2048, 2048, 2049, 2048, 2048, 2048]","[2048, 2048, 2048, 2048, 2048, 2048, 2048, 2048]","[2048, 2048, 2048, 2048, 2048, 2048, 2049, 2049]",298.0
1219,9165,40,27,2023-09-17T12:50:02.173000+00:00,29.288,42.682,28.261,295.0,259.0,False,100.231,"[2049, 2048, 2048, 2048, 2048, 2048, 2048, 2048]","[2049, 2048, 2048, 2049, 2048, 2048, 2048, 2048]","[2048, 2048, 2048, 2048, 2048, 2048, 2048, 2049]",289.0
1219,9165,27,27,2023-09-17T12:50:02.798000+00:00,28.978,43.131,28.316,307.0,273.0,False,100.425,"[None, 2048, 2048, 2048, 2049, 2048, 2048, 2048]","[2048, 2048, 2048, 2048, 2048, 2048, 2048, 2048]","[2048, 2048, 2048, 2048, 2048, 2048, 2048, 2049]",297.0
1219,9165,23,27,2023-09-17T12:50:03.314000+00:00,28.932,43.746,28.631,298.0,270.0,False,101.309,"[2048, 2048, 2048, 2048, 2048, 2048, 2049, 2048]","[2048, 2048, 2048, 2048, 2048, 2048, 2048, 2048]","[2048, 2048, 2048, 2048, 2048, 2048, 2048, 2048]",
1219,9165,24,27,2023-09-17T12:50:04.767000+00:00,29.288,43.083,28.199,294.0,265.0,False,100.57,"[None, 2048, 2048, 2048, 2049, 2048, 2048, 2048]","[2048, 2048, 2048, 2048, 2048, 2048, 2048, 2048]","[2048, 2048, 2048, 2048, 2048, 2048, 2048]",282.0
1219,9165,77,27,2023-09-17T12:50:06.892000+00:00,29.525,43.49,28.273,,258.0,False,101.288,"[2049, 2048, 2048, 2048, 2048, 2048, 2048, 2048]","[2048, 2048, 2048, 2048, 2048, 2048, 2048, 2048]","[2048, 2049, 2048, 2048, 2048, 2048, 2048, 2049]",279.0
1219,9165,2,27,2023-09-17T12:50:38.485000+00:00,29.313,42.506,28.07,289.0,265.0,False,99.889,"[None, 2048, 2048, 2048, 2049, 2048, 2048, 2048]","[2048, 2049, 2051, 2048, 2048, 2048, 2048, 2048]","[2048, 2048, 2048, 2049, 2048, 2048, 2049, 2049]",283.0
1219,9165,55,28,2023-09-17T12:51:28.188000+00:00,29.305,43.69,28.235,281.0,255.0,False,101.23,"[None, 2048, 2048, 2048, 2048, 2048, 2048, 2048]","[2048, 2048, 2048, 2048, 2048, 2048, 2048, 2048]","[2048, 2048, 2048, 2048, 2048, 2048, 2048]",277.0
1219,9165,63,28,2023-09-17T12:51:29.156000+00:00,29.46,43.326,28.395,275.0,256.0,False,101.181,"[2048, 2048, 2048, 2048, 2048, 2048, 2048, 2048]","[2048, 2048, 2048, 2048, 2048, 2048, 2048, 2048]","[2048, 2048, 2048, 2048, 2048, 2048, 2048, 2048]",264.0
1219,9165,4,28,2023-09-17T12:51:31.531000+00:00,29.005,42.994,28.268,270.0,266.0,False,100.267,"[None, 2048, 2048, 2048, 2049, 2049, 2048, 2048]","[2048, 2048, 2048, 2048, 2048, 2048, 2048, 2048]","[2048, 2048, 2048, 2048, 2048, 2048, 2048, 2048]",286.0
1219,9165,44,28,2023-09-17T12:51:33.844000+00:00,29.423,42.461,27.795,272.0,250.0,False,99.679,"[2048, 2048, 2048, 2048, 2048, 2048, 2048, 2048]","[2048, 2049, 2048, 2048, 2048, 2048, 2048, 2048]","[2048, 2049, 2048, 2051, 2048, 2048, 2048]",269.0
1219,9165,1,28,2023-09-17T12:51:35.422000+00:00,29.371,43.923,28.137,,268.0,False,101.431,"[None, 2049, 2048, 2048, 2048, 2048, 2048, 2048]","[2048, 2048, 2048, 2048, 2048, 2048, 2048, 2048]","[2048, 2048, 2048, 2048, 2048, 2048, 2048, 2048]",
1219,9165,16,28,2023-09-17T12:51:35.891000+00:00,28.824,42.838,27.9,307.0,259.0,False,99.562,"[2049, 2048, 2048, 2048, 2048, 2048, 2051, 2048]","[2048, 2048, 2048, 2048, 2048, 2048, 2051, 2048]","[2048, 2048, 2048, 2048, 2048, 2048, 2048]",287.0
1219,9165,11,28,2023-09-17T12:51:38.500000+00:00,29.323,44.298,28.212,295.0,264.0,False,101.833,"[None, 2049, 2048, 2048, 2048, 2049, 2048, 2048]","[2048, 2048, 2048, 2048, 2048, 2048, 2048, 2048]","[2048, 2048, 2049, 2048, 2048, 2048, 2048, 2049]",283.0
1219,9165,14,28,2023-09-17T12:51:39+00:00,29.037,44.36,28.534,316.0,276.0,False,101.931,"[None, 2048, 2048, 2048, 2049, 2048, 2049, 2049]","[2048, 2048, 2048, 2048, 2048, 2048, 2048, 2049]","[2048, 2048, 2048, 2048, 2048, 2048, 2048]",293.0
1219,9165,31,28,2023-09-17T12:51:39.688000+00:00,29.001,44.245,28.509,300.0,267.0,False,101.755,"[2048, 2048, 2048, 2048, 2048, 2048, 2048, 2048]","[2048, 2048, 2048, 2048, 2048, 2048, 2048, 2048]","[2048, 2048, 2048, 2048, 2048, 2048, 2048, 2048]",292.0
1219,9165,20,28,2023-09-17T12:51:40.594000+00:00,28.754,44.107,28.718,313.0,274.0,False,101.579,"[2048, 2048, 2048, 2048, 2049, 2049, 2049, 2049]","[2048, 2048, 2048, 2048, 2048, 2048, 2048, 2048]","[2048, 2048, 2048, 2048, 2048, 2048, 2048, 2048]",
1219,9165,10,28,2023-09-17T12:51:40.938000+00:00,28.824,43.985,28.727,307.0,270.0,False,101.536,"[2048, 2048, 2048, 2048, 2048, 2048, 2048, 2049]","[2048, 2048, 2048, 2048, 2048, 2048, 2048, 2048]","[2048, 2049, 2048, 2048, 2048, 2048, 2048, 2049]",
1219,9165,81,28,2023-09-17T12:51:41.609000+00:00,28.824,43.566,29.08,310.0,283.0,False,101.47,"[2048, 2048, 2049, 2048, 2048, 2049, 2049, 2048]","[2048, 2048, 2048, 2048, 2048, 2048, 2048, 2051]","[2048, 2048, 2048, 2048, 2048, 2048, 2048, 2048]",
1219,9165,40,28,2023-09-17T12:51:42.344000+00:00,29.121,43.635,28.744,,265.0,False,101.5,"[None, 2048, 2048, 2048, 2048, 2048, 2049, 2049]","[2049, 2048, 2048, 2048, 2048, 2048, 2048, 2048]","[2048, 2048, 2048, 2048, 2048, 2048, 2048, 2048]",
1219,9165,27,28,2023-09-17T12:51:43.250000+00:00,29.135,44.158,28.487,304.0,262.0,False,101.78,"[2048, 2048, 2048, 2048, 2048, 2048, 2048, 2048]","[2048, 2048, 2048, 2048, 2048, 2048, 2048, 2048]","[2048, 2048, 2048, 2048, 2048, 2048, 2048, 2048]",298.0
1219,9165,23,28,2023-09-17T12:51:44.641000+00:00,29.346,43.636,28.46,291.0,266.0,False,101.442,"[None, 2048, 2048, 2048, 2048, 2048, 2048, 2048]","[2048, 2048, 2048, 2048, 2048, 2048, 2048, 2048]","[2048, 2048, 2048, 2048, 2048, 2048, 2048, 2048]",285.0
1219,9165,24,28,2023-09-17T12:51:45.328000+00:00,29.255,43.542,28.513,304.0,269.0,False,101.31,"[None, 2048, 2048, 2048, 2048, 2048, 2049, 2049]","[2048, 2048, 2048, 2048, 2048, 2048, 2048, 2048]","[2048, 2048, 2048, 2048, 2048, 2048, 2048]",286.0
1219,9165,77,28,2023-09-17T12:51:48.203000+00:00,29.457,43.497,28.334,287.0,258.0,False,101.288,"[None, 2048, 2049, 2048, 2048, 2048, 2048, 2048]","[2048, 2048, 2048, 2048, 2048, 2048, 2048, 2048]","[2048, 2049, 2049, 2048, 2048, 2048, 2048]",278.0
1219,9165,2,28,2023-09-17T12:52:18.437000+00:00,29.264,42.599,28.109,290.0,265.0,False,99.972,"[None, 2048, 2048, 2048, 2048, 2049, 2048, 2048]","[2048, 2048, 2048, 2048, 2048, 2048, 2048, 2048]","[2048, 2049, 2048, 2048, 2048, 2048, 2048, 2048]",
1219,9165,55,29,2023-09-17T12:53:09.421000+00:00,29.072,43.055,28.098,286.0,260.0,False,100.225,"[None, 2048, 2048, 2048, 2048, 2048, 2048, 2048]","[2048, 2048, 2048, 2048, 2048, 2048, 2048, 2048]","[2048, 2048, 2048, 2048, 2048, 2048, 2048, 2048]",282.0
1219,9165,63,29,2023-09-17T12:53:10.343000+00:00,29.44,42.745,28.228,276.0,255.0,False,100.413,"[None, 2048, 2048, 2048, 2048, 2048, 2048, 2048]","[2048, 2048, 2048, 2048, 2048, 2048, 2048, 2048]","[2048, 2048, 2048, 2048, 2048, 2048, 2048, 2048]",274.0
1219,9165,4,29,2023-09-17T12:53:11.812000+00:00,29.109,42.798,28.19,274.0,264.0,False,100.097,"[None, 2048, 2048, 2048, 2048, 2048, 2048, 2048]","[2048, 2048, 2048, 2048, 2048, 2048, 2048, 2048]","[2048, 2049, 2048, 2048, 2048, 2048, 2048]",281.0
1219,9165,44,29,2023-09-17T12:53:13.562000+00:00,29.248,42.475,27.797,268.0,255.0,False,99.52,"[None, 2048, 2048, 2048, 2048, 2048, 2048, 2048]","[2048, 2048, 2048, 2048, 2048, 2049, 2048, 2048]","[2048, 2048, 2048, 2048, 2048, 2048, 2048, 2048]",275.0
1219,9165,16,29,2023-09-17T12:53:15.390000+00:00,29.066,42.62,27.997,289.0,256.0,False,99.683,"[2048, 2048, 2049, 2048, 2048, 2048, 2048, 2048]","[2048, 2048, 2048, 2049, 2048, 2048, 2048, 2048]","[2048, 2048, 2048, 2048, 2048, 2051, 2048]",279.0
1219,9165,1,29,2023-09-17T12:53:16.843000+00:00,29.239,43.116,28.082,290.0,259.0,False,100.437,"[None, 2048, 2049, 2048, 2048, 2048, 2048, 2048]","[2048, 2048, 2048, 2048, 2048, 2048, 2048, 2048]","[2048, 2049, 2048, 2048, 2048, 2048, 2048, 2048]",282.0
1219,9165,11,29,2023-09-17T12:53:20.296000+00:00,29.224,42.923,28.143,291.0,260.0,False,100.29,"[None, 2048, 2048, 2048, 2048, 2049, 2048, 2048]","[2048, 2048, 2048, 2048, 2048, 2048, 2048, 2048]","[2048, 2048, 2048, 2048, 2048, 2048, 2048, 2048]",
1219,9165,14,29,2023-09-17T12:53:20.874000+00:00,29.218,43.966,28.108,311.0,263.0,False,101.292,"[None, 2051, 0, 0, 2048, 2048, 2048, 2048]","[2048, 2048, 2048, 2048, 2048, 2048, 2048, 2048]","[2048, 2048, 2049, 2048, 2048, 2048, 2048, 2048]",296.0
1219,9165,31,29,2023-09-17T12:53:21.437000+00:00,28.758,44.482,28.294,323.0,267.0,False,101.534,"[None, 2048, 2049, 2048, 2048, 2048, 2048, 2049]","[2048, 2048, 2048, 2048, 2048, 2048, 2048, 2048]","[2048, 2048, 2048, 2048, 2048, 2048, 2048]",
1219,9165,20,29,2023-09-17T12:53:22.171000+00:00,28.947,44.117,28.501,309.0,268.0,False,101.565,"[None, 2048, 2048, 2048, 2048, 2048, 2048, 2048]","[2048, 2048, 2048, 2048, 2048, 2048, 2048, 2048]","[2048, 2048, 2048, 2048, 2048, 2048, 2048]",
1219,9165,10,29,2023-09-17T12:53:22.483000+00:00,29.071,44.09,28.545,309.0,267.0,False,101.706,"[2051, 2048, 2048, 2048, 2048, 2048, 2049, 2049]","[2048, 2048, 2048, 2048, 2048, 2048, 2048, 2048]","[2048, 2048, 2048, 2048, 2048, 2048, 2048]",296.0
1219,9165,81,29,2023-09-17T12:53:23.077000+00:00,29.184,43.521,29.044,311.0,283.0,False,101.749,"[None, 2048, 2048, 2048, 2048, 2048, 2049, 2048]","[2048, 2048, 2048, 2048, 2048, 2048, 2048, 2048]","[2048, 2048, 2048, 2048, 2048, 2048, 2048, 2048]",296.0
1219,9165,40,29,2023-09-17T12:53:23.890000+00:00,29.267,43.707,28.541,297.0,268.0,False,101.515,"[None, 2049, 2048, 2048, 2048, 2048, 2048, 2049]","[2048, 2048, 2048, 2048, 2048, 2048, 2048, 2048]","[2048, 2048, 2048, 2048, 2048, 2048, 2048, 2048]",292.0
1219,9165,27,29,2023-09-17T12:53:25.030000+00:00,29.413,43.607,28.55,298.0,263.0,False,101.57,"[None, 2048, 2048, 2048, 2048, 2048, 2048, 2048]","[2048, 2049, 2048, 2048, 2048, 2048, 2048, 2048]","[2048, 2048, 2048, 2048, 2048, 2048, 2048, 2048]",287.0
1219,9165,23,29,2023-09-17T12:53:26.108000+00:00,29.351,43.526,28.578,290.0,270.0,False,101.455,"[None, 2048, 2048, 2048, 2048, 2048, 2048, 2048]","[2048, 2048, 2048, 2048, 2048, 2048, 2048, 2048]","[2048, 2048, 2048, 2048, 2048, 2048, 2048, 2048]",277.0
1219,9165,24,29,2023-09-17T12:53:26.640000+00:00,29.264,43.695,28.517,298.0,269.0,False,101.476,"[2049, 2048, 2048, 2048, 2048, 2048, 2048, 2048]","[2048, 2048, 2048, 2048, 2048, 2048, 2048, 2048]","[2048, 2048, 2049, 2048, 2048, 2048, 2048]",291.0
1219,9165,77,29,2023-09-17T12:53:29.483000+00:00,29.514,43.572,28.392,288.0,257.0,False,101.478,"[2048, 2048, 2048, 2048, 2048, 2048, 2048, 2048]","[2048, 2048, 2048, 2048, 2048, 2048, 2048, 2048]","[2048, 2049, 2048, 2048, 2048, 2048, 2048, 2048]",
1219,9165,2,29,2023-09-17T12:53:58.358000+00:00,29.29,42.433,28.025,,265.0,False,99.748,"[None, 2048, 2049, 2048, 2048, 2048, 2048, 2048]","[2049, 2049, 2048, 2048, 2048, 2049, 2048, 2048]","[2049, 2049, 2048, 2048, 2048, 2048, 2048, 2048]",284.0
1219,9165,55,30,2023-09-17T12:54:49.639000+00:00,29.173,43.055,27.989,282.0,259.0,False,100.217,"[None, 2048, 2048, 2048, 2048, 2048, 2048, 2048]","[2048, 2048, 2048, 2048, 2048, 2048, 2048, 2048]","[2048, 2048, 2048, 2048, 2048, 2048, 2048, 2048]",280.0
1219,9165,63,30,2023-09-17T12:54:50.764000+00:00,29.274,42.92,27.873,279.0,259.0,False,100.067,"[None, 2048, 2048, 2048, 2048, 2048, 2048, 2048]","[2048, 2048, 2048, 2048, 2048, 2048, 2048, 2048]","[2048, 2048, 2048, 2049, 2048, 2048, 2048, 2048]",276.0
1219,9165,4,30,2023-09-17T12:54:51.889000+00:00,29.07,42.852,27.814,277.0,271.0,False,99.736,"[None, 2048, 2048, 2048, 2048, 2048, 2048, 2048]","[2048, 2048, 2048, 2048, 2048, 2048, 2048, 2048]","[2048, 2049, 2048, 2048, 2049, 2048, 2048, 2049]",282.0
1219,9165,44,30,2023-09-17T12:54:53.107000+00:00,28.956,42.289,27.897,277.0,272.0,False,99.142,"[None, 2048, 2051, 2048, 2048, 2049, 2048, 2048]","[2048, 2048, 2048, 2048, 2048, 2049, 2048, 2048]","[2048, 2049, 2048, 2048, 2048, 2048, 2049, 2051]",278.0
1219,9165,16,30,2023-09-17T12:54:55.139000+00:00,28.99,42.379,27.839,,260.0,False,99.208,"[None, 2048, 2048, 2048, 2048, 2048, 2048, 2048]","[2048, 2048, 2049, 2048, 2048, 2048, 2048, 2048]","[2048, 2048, 2048, 2048, 2048, 2048, 2048, 2048]",280.0
1219,9165,1,30,2023-09-17T12:54:57.310000+00:00,29.215,42.984,28.127,,262.0,False,100.326,"[None, 2048, 2048, 2048, 2049, 2049, 2048, 2048]","[2048, 2048, 2048, 2048, 2048, 2049, 2048, 2048]","[2048, 2048, 2049, 2048, 2048, 2049, 2048]",283.0
1219,9165,11,30,2023-09-17T12:55:00.607000+00:00,29.355,42.93,28.034,,262.0,False,100.319,"[None, 2048, 2048, 2048, 2048, 2048, 2048, 2048]","[2049, 2048, 2048, 2048, 2048, 2048, 2048, 2048]","[2049, 2048, 2048, 2048, 2048, 2048, 2048]",284.0
1219,9165,14,30,2023-09-17T12:55:02.201000+00:00,29.288,42.849,27.991,287.0,266.0,False,100.128,"[None, 2048, 2048, 2048, 2048, 2048, 2048, 2048]","[2048, 2048, 2048, 2049, 2048, 2048, 2048, 2048]","[2048, 2048, 2049, 2048, 2048, 2048, 2048, 2048]",288.0
1219,9165,31,30,2023-09-17T12:55:02.982000+00:00,28.945,43.126,27.969,298.0,266.0,False,100.04,"[None, 2049, 2048, 2048, 2048, 2048, 2048, 2048]","[2048, 2048, 2048, 2048, 2048, 2048, 2048, 2048]","[2048, 2049, 2048, 2048, 2048, 2048, 2049]",291.0
1219,9165,20,30,2023-09-17T12:55:03.748000+00:00,28.94,43.067,28.217,,271.0,False,100.224,"[None, 2048, 2048, 2048, 2048, 2048, 2048, 2048]","[2048, 2048, 2048, 2049, 2048, 2048, 2048, 2048]","[2048, 2049, 2049, 2048, 2048, 2048, 2048, 2048]",299.0
1219,9165,10,30,2023-09-17T12:55:04.217000+00:00,29.215,43.026,28.039,305.0,269.0,False,100.28,"[2048, 2048, 2048, 2048, 2048, 2048, 2048, 2048]","[2048, 2049, 2048, 2049, 2048, 2048, 2048, 2048]","[2049, 2048, 2048, 2048, 2048, 2048, 2048]",293.0
1219,9165,81,30,2023-09-17T12:55:04.826000+00:00,29.239,43.234,28.08,304.0,271.0,False,100.553,"[None, 2048, 2048, 2048, 2048, 2048, 2048, 2048]","[2048, 2048, 2048, 2048, 2048, 2048, 2048, 2048]","[2049, 2048, 2048, 2048, 2048, 2048, 2048, 2048]",294.0
1219,9165,40,30,2023-09-17T12:55:05.357000+00:00,29.329,43.399,28.271,290.0,269.0,False,100.999,"[2048, 2048, 2048, 2048, 2048, 2048, 2049, 2049]","[2048, 2048, 2048, 2048, 2048, 2048, 2048, 2048]","[2048, 2049, 2048, 2048, 2048, 2048, 2048, 2048]",288.0
1219,9165,27,30,2023-09-17T12:55:06.607000+00:00,29.38,43.344,27.968,300.0,268.0,False,100.692,"[None, 2048, 2048, 2048, 2048, 2048, 2048, 2048]","[2049, 2048, 2048, 2048, 2048, 2048, 2048, 2048]","[2049, 2049, 2048, 2048, 2049, 2049, 2049, 2049]",
1219,9165,23,30,2023-09-17T12:55:07.529000+00:00,29.092,43.201,28.176,302.0,277.0,False,100.469,"[None, 2048, 2048, 2048, 2048, 2048, 2048, 2048]","[2048, 2048, 2048, 2048, 2048, 2048, 2048, 2048]","[2048, 2048, 2048, 2048, 2048, 2048, 2048, 2048]",288.0
1219,9165,24,30,2023-09-17T12:55:08.154000+00:00,29.353,43.178,28.335,302.0,268.0,False,100.866,"[None, 2048, 2048, 2048, 2048, 2048, 2049, 2048]","[2048, 2048, 2048, 2048, 2048, 2048, 2048, 2048]","[2048, 2048, 2048, 2048, 2048, 2048, 2048, 2048]",292.0
1219,9165,77,30,2023-09-17T12:55:10.966000+00:00,29.466,43.576,28.327,,258.0,False,101.369,"[None, 2049, 2048, 2048, 2048, 2048, 2048, 2048]","[2048, 2048, 2048, 2048, 2048, 2048, 2048, 2048]","[2048, 2048, 2048, 2048, 2048, 2048, 2048, 2048]",
1219,9165,2,30,2023-09-17T12:55:38.107000+00:00,29.25,42.684,27.97,291.0,264.0,False,99.904,"[None, 2048, 2048, 2048, 2048, 2048, 2048, 2048]","[2048, 2048, 2048, 2048, 2048, 2048, 2048, 2048]","[2048, 2049, 2048, 2049, 2049, 2048, 2049, 2049]",285.0
1219,9165,55,31,2023-09-17T12:56:29.856000+00:00,29.017,42.62,27.996,285.0,258.0,False,99.633,"[None, 2048, 2048, 2048, 2048, 2048, 2048, 2048]","[2048, 2048, 2048, 2048, 2048, 2048, 2048, 2048]","[2048, 2048, 2048, 2048, 2048, 2048, 2048, 2048]",278.0
1219,9165,63,31,2023-09-17T12:56:30.825000+00:00,28.914,42.502,28.042,294.0,272.0,False,99.458,"[None, 2048, 2051, 2048, 2048, 2048, 2048, 2048]","[2048, 2048, 2048, 2048, 2048, 2048, 2048, 2048]","[2048, 2048, 2048, 2048, 2048, 2048, 2051, 2051]",282.0
1219,9165,4,31,2023-09-17T12:56:31.622000+00:00,28.609,42.715,28.043,287.0,274.0,False,99.367,"[2049, 2048, 2048, 2048, 2049, 2049, 2049, 2048]","[2048, 2048, 2048, 2051, 2048, 2048, 2048, 2048]","[2048, 2049, 2048, 2048, 2048, 2048, 2049]",289.0
1219,9165,44,31,2023-09-17T12:56:32.216000+00:00,28.814,42.534,27.972,302.0,273.0,False,99.32,"[2051, 2048, 2048, 2048, 2048, 2048, 2049, 2048]","[2048, 2048, 2048, 2048, 2048, 2048, 2048, 2048]","[2048, 2049, 2048, 2048, 2048, 2048, 2048, 2048]",293.0
1219,9165,16,31,2023-09-17T12:56:34.341000+00:00,28.989,42.602,27.842,291.0,260.0,False,99.433,"[None, 2048, 2048, 2048, 2048, 2048, 2048, 2048]","[2048, 2048, 2048, 2048, 2048, 2048, 2048, 2048]","[2048, 2048, 2048, 2049, 2048, 2048, 2048, 2048]",281.0
1219,9165,1,31,2023-09-17T12:56:37.622000+00:00,29.203,42.946,28.098,291.0,261.0,False,100.247,"[None, 2049, 2048, 2048, 2048, 2049, 2048, 2048]","[2048, 2048, 2048, 2049, 2048, 2048, 2048, 2048]","[2048, 2048, 2048, 2048, 2048, 2048, 2048, 2048]",284.0
1219,9165,11,31,2023-09-17T12:56:40.903000+00:00,29.239,42.881,28.085,,263.0,False,100.205,"[None, 2048, 2048, 2048, 2048, 2048, 2048, 2048]","[2048, 2048, 2048, 2049, 2048, 2048, 2048, 2048]","[2048, 2048, 2048, 2048, 2048, 2048, 2048, 2048]",285.0
1219,9165,14,31,2023-09-17T12:56:42.262000+00:00,29.155,42.805,28.089,290.0,267.0,False,100.049,"[None, 2048, 2048, 2048, 2048, 2048, 2048, 2048]","[2048, 2048, 2049, 2049, 2049, 2048, 2048, 2048]","[2048, 2049, 2048, 2049, 2048, 2048, 2048, 2048]",286.0
1219,9165,31,31,2023-09-17T12:56:43.012000+00:00,29.005,42.959,28.079,,268.0,False,100.043,"[None, 2048, 2048, 2048, 2048, 2048, 2048, 2048]","[2048, 2048, 2048, 2048, 2049, 2048, 2048, 2048]","[2048, 2048, 2048, 2048, 2048, 2048, 2048, 2048]",
1219,9165,20,31,2023-09-17T12:56:43.965000+00:00,28.827,42.835,28.368,,271.0,False,100.03,"[None, 2048, 2048, 2048, 2048, 2048, 2048, 2048]","[2048, 2048, 2048, 2048, 2048, 2048, 2048, 2048]","[2048, 2048, 2049, 2048, 2048, 2048, 2048, 2048]",
1219,9165,10,31,2023-09-17T12:56:44.575000+00:00,29.103,42.73,28.141,306.0,269.0,False,99.974,"[None, 2048, 2048, 2048, 2048, 2048, 2048, 2048]","[2049, 2049, 2049, 2049, 2048, 2048, 2048, 2048]","[2048, 2048, 2048, 2048, 2048, 2048, 2048, 2048]",294.0
1219,9165,81,31,2023-09-17T12:56:45.419000+00:00,28.85,43.088,28.095,,271.0,False,100.033,"[None, 2048, 2048, 2048, 2048, 2049, 2049, 2048]","[2048, 2048, 2048, 2048, 2048, 2048, 2048, 2048]","[2048, 2048, 2048, 2048, 2048, 2048, 2048, 2048]",
1219,9165,40,31,2023-09-17T12:56:46.356000+00:00,29.43,42.897,28.113,,259.0,False,100.44,"[None, 2048, 2048, 2048, 2048, 2048, 2048, 2048]","[2048, 2048, 2048, 2049, 2048, 2049, 2048, 2048]","[2048, 2048, 2048, 2048, 2048, 2048, 2048, 2048]",
1219,9165,27,31,2023-09-17T12:56:47.293000+00:00,28.909,43.188,27.979,312.0,276.0,False,100.076,"[2049, 2048, 2048, 2048, 2048, 2049, 2048, 2048]","[2048, 2048, 2048, 2048, 2048, 2048, 2048, 2048]","[2048, 2049, 2049, 2048, 2048, 2049, 2048]",294.0
1219,9165,23,31,2023-09-17T12:56:48.028000+00:00,29.233,43.432,28.316,297.0,264.0,False,100.981,"[None, 2048, 2048, 2048, 2048, 2048, 2048, 2048]","[2048, 2048, 2048, 2048, 2048, 2048, 2048, 2048]","[2048, 2048, 2048, 2048, 2048, 2048, 2048]",293.0
1219,9165,24,31,2023-09-17T12:56:49.012000+00:00,29.618,42.962,28.198,289.0,260.0,False,100.778,"[2048, 2048, 2048, 2048, 2048, 2048, 2048, 2048]","[2048, 2048, 2048, 2048, 2048, 2048, 2048, 2048]","[2048, 2049, 2049, 2048, 2048, 2048, 2048, 2048]",280.0
1219,9165,77,31,2023-09-17T12:56:52.325000+00:00,29.465,43.15,28.292,,258.0,False,100.907,"[None, 2048, 2048, 2048, 2048, 2049, 2049, 2048]","[2049, 2048, 2048, 2048, 2048, 2048, 2048, 2048]","[2048, 2048, 2049, 2048, 2048, 2048, 2048]",277.0
1219,9165,2,31,2023-09-17T12:57:18.012000+00:00,29.27,42.447,27.973,290.0,264.0,False,99.69,"[None, 2048, 2048, 2048, 2048, 2048, 2048, 2048]","[2049, 2048, 2048, 2048, 2049, 2048, 2048, 2048]","[2048, 2049, 2048, 2048, 2048, 2048, 2048]",
1219,9165,55,32,2023-09-17T12:58:09.480000+00:00,28.74,42.283,28.161,283.0,259.0,False,99.184,"[None, 2049, 2049, 2048, 2048, 2048, 2049, 2048]","[2048, 2048, 2048, 2048, 2048, 2051, 2048, 2048]","[2048, 2049, 2048, 2048, 2048, 2048, 2048, 2048]",280.0
1219,9165,63,32,2023-09-17T12:58:10.277000+00:00,28.621,42.485,28.213,290.0,261.0,False,99.319,"[2049, 2049, 2048, 2048, 2048, 2048, 2048, 2048]","[2048, 2048, 2048, 2048, 2048, 2048, 2048, 2048]","[2048, 2048, 2048, 2048, 2048, 2048, 2048, 2048]",298.0
1219,9165,4,32,2023-09-17T12:58:10.996000+00:00,28.588,42.707,27.996,298.0,276.0,False,99.291,"[None, 2048, 2048, 2048, 2048, 2048, 2051, 2049]","[2048, 2049, 2048, 2048, 2048, 2048, 2048, 2048]","[2048, 2049, 2048, 2048, 2048, 2049, 2048, 2049]",298.0
1219,9165,44,32,2023-09-17T12:58:11.558000+00:00,28.704,42.558,27.924,289.0,274.0,False,99.186,"[None, 2048, 2048, 2048, 2048, 2048, 2048, 2048]","[2048, 2048, 2048, 2048, 2048, 2048, 2048, 2048]","[2048, 2049, 2048, 2048, 2051, 2048, 2048, 2048]",
1219,9165,16,32,2023-09-17T12:58:13.761000+00:00,29.151,42.472,27.768,,259.0,False,99.391,"[None, 2048, 2048, 2048, 2048, 2048, 2048, 2048]","[2049, 2048, 2048, 2048, 2048, 2048, 2048, 2048]","[2048, 2048, 2048, 2048, 2048, 2048, 2049]",282.0
1219,9165,1,32,2023-09-17T12:58:17.886000+00:00,29.169,42.944,27.92,290.0,262.0,False,100.033,"[None, 2048, 2048, 2048, 2048, 2049, 2048, 2048]","[2048, 2048, 2048, 2048, 2048, 2048, 2048, 2048]","[2049, 2048, 2048, 2048, 2048, 2048, 2049, 2049]",
1219,9165,11,32,2023-09-17T12:58:21.136000+00:00,29.232,42.937,28.085,293.0,263.0,False,100.254,"[None, 2048, 2048, 2048, 2048, 2049, 2048, 2048]","[2049, 2048, 2048, 2048, 2048, 2048, 2048, 2048]","[2048, 2048, 2048, 2048, 2048, 2048, 2048, 2048]",
1219,9165,14,32,2023-09-17T12:58:22.324000+00:00,29.398,43.028,27.964,284.0,266.0,False,100.39,"[None, 2048, 2048, 2048, 2048, 2048, 2048, 2048]","[2048, 2048, 2048, 2048, 2048, 2048, 2048, 2048]","[2048, 2048, 2048, 2048, 2048, 2048, 2048, 2048]",288.0
1219,9165,31,32,2023-09-17T12:58:23.058000+00:00,29.109,43.168,28.085,293.0,268.0,False,100.362,"[None, 2048, 2048, 2048, 2048, 2048, 2048, 2048]","[2048, 2048, 2048, 2048, 2048, 2048, 2048, 2048]","[2048, 2049, 2048, 2048, 2048, 2048, 2048, 2048]",292.0
1219,9165,20,32,2023-09-17T12:58:23.995000+00:00,29.003,43.21,28.251,307.0,272.0,False,100.464,"[None, 2048, 2048, 2048, 2048, 2048, 2049, 2048]","[2048, 2048, 2048, 2048, 2048, 2048, 2048, 2048]","[2048, 2048, 2048, 2048, 2048, 2049, 2048]",298.0
1219,9165,10,32,2023-09-17T12:58:24.527000+00:00,28.999,43.214,28.193,303.0,271.0,False,100.406,"[None, 2048, 2048, 2048, 2048, 2048, 2048, 2048]","[2048, 2048, 2048, 2048, 2048, 2048, 2048, 2048]","[2048, 2048, 2048, 2048, 2049, 2048, 2048, 2048]",
1219,9165,81,32,2023-09-17T12:58:25.417000+00:00,28.908,43.042,28.154,309.0,274.0,False,100.104,"[None, 2048, 2049, 2048, 2048, 2048, 2048, 2048]","[2048, 2048, 2048, 2048, 2048, 2048, 2048, 2048]","[2048, 2048, 2048, 2048, 2049, 2049, 2049, 2049]",293.0
1219,9165,40,32,2023-09-17T12:58:26.824000+00:00,29.303,42.614,28.138,296.0,261.0,False,100.055,"[None, 2048, 2048, 2048, 2048, 2049, 2048, 2048]","[2048, 2049, 2048, 2048, 2048, 2049, 2048, 2048]","[2048, 2049, 2048, 2048, 2048, 2049, 2048]",284.0
1219,9165,27,32,2023-09-17T12:58:27.386000+00:00,29.062,43.558,28.418,310.0,262.0,False,101.038,"[None, 2048, 2048, 2048, 2049, 2048, 2048, 2048]","[2048, 2048, 2048, 2049, 2049, 2048, 2048, 2048]","[2048, 2048, 2048, 2048, 2048, 2048, 2048, 2048]",299.0
1219,9165,23,32,2023-09-17T12:58:28.980000+00:00,29.09,43.25,28.202,296.0,269.0,False,100.542,"[None, 2048, 2048, 2048, 2048, 2049, 2048, 2048]","[2048, 2048, 2048, 2049, 2048, 2048, 2048, 2048]","[2048, 2048, 2048, 2048, 2048, 2048, 2048, 2048]",288.0
1219,9165,24,32,2023-09-17T12:58:29.792000+00:00,29.289,43.04,28.247,308.0,272.0,False,100.576,"[2049, 2048, 2048, 2048, 2048, 2048, 2048, 2048]","[2048, 2048, 2048, 2048, 2048, 2048, 2048, 2048]","[2048, 2048, 2048, 2048, 2048, 2048, 2048, 2048]",295.0
1219,9165,77,32,2023-09-17T12:58:33.230000+00:00,29.451,43.474,28.237,287.0,257.0,False,101.162,"[None, 2048, 2048, 2048, 2048, 2048, 2048, 2048]","[2048, 2048, 2048, 2048, 2048, 2048, 2048, 2048]","[2048, 2049, 2049, 2048, 2048, 2049, 2048, 2048]",278.0
1219,9165,2,32,2023-09-17T12:58:57.698000+00:00,29.233,42.587,27.987,289.0,266.0,False,99.807,"[None, 2048, 2048, 2048, 2049, 2048, 2048, 2048]","[2048, 2048, 2048, 2048, 2048, 2049, 2048, 2048]","[2048, 2048, 2048, 2048, 2049, 2048, 2049]",
1219,9165,55,33,2023-09-17T12:59:48.682000+00:00,28.977,42.256,28.002,,258.0,False,99.235,"[None, 2048, 2048, 2048, 2048, 2048, 2048, 2048]","[2048, 2048, 2048, 2048, 2048, 2048, 2048, 2048]","[2048, 2048, 2048, 2048, 2048, 2048, 2048]",278.0
1219,9165,63,33,2023-09-17T12:59:49.635000+00:00,28.741,42.412,28.195,302.0,271.0,False,99.348,"[2048, 2048, 2048, 2048, 2049, 2048, 2048, 2049]","[2048, 2048, 2048, 2049, 2048, 2048, 2048, 2048]","[2048, 2048, 2048, 2048, 2048, 2048, 2048, 2048]",285.0
1219,9165,4,33,2023-09-17T12:59:50.276000+00:00,28.629,43.15,27.884,288.0,269.0,False,99.663,"[2048, 2048, 2048, 2048, 2048, 2048, 2048, 2048]","[2048, 2048, 2048, 2048, 2048, 2048, 2048, 2048]","[2048, 2048, 2048, 2048, 2048, 2048, 2048, 2048]",293.0
1219,9165,44,33,2023-09-17T12:59:50.760000+00:00,28.953,43.806,27.861,271.0,250.0,False,100.62,"[None, 2048, 2048, 2048, 2048, 2048, 2048, 2048]","[2048, 2048, 2048, 2048, 2048, 2048, 2048, 2048]","[2048, 2048, 2048, 2048, 2048, 2048, 2048, 2048]",298.0
1219,9165,16,33,2023-09-17T12:59:53.198000+00:00,28.871,42.711,27.903,,260.0,False,99.485,"[None, 2049, 2048, 2048, 2048, 2048, 2048, 2048]","[2048, 2048, 2048, 2048, 2048, 2048, 2048, 2048]","[2048, 2049, 2048, 2048, 2048, 2048, 2048]",283.0
1219,9165,1,33,2023-09-17T12:59:57.916000+00:00,29.136,42.96,27.991,288.0,261.0,False,100.087,"[None, 2048, 2048, 2048, 2048, 2049, 2048, 2048]","[2048, 2048, 2048, 2048, 2048, 2048, 2048, 2048]","[2049, 2049, 2048, 2048, 2048, 2048, 2048, 2048]",283.0
1219,9165,11,33,2023-09-17T13:00:01.385000+00:00,29.293,42.934,28.128,292.0,262.0,False,100.355,"[None, 2049, 2048, 2048, 2048, 2048, 2048, 2048]","[2048, 2048, 2048, 2048, 2048, 2048, 2048, 2048]","[2048, 2048, 2048, 2048, 2048, 2048, 2048, 2048]",284.0
1219,9165,14,33,2023-09-17T13:00:02.729000+00:00,29.128,42.576,27.932,296.0,275.0,False,99.636,"[None, 2048, 2048, 2048, 2048, 2048, 2048, 2048]","[2049, 2048, 2048, 2049, 2048, 2048, 2048, 2048]","[2048, 2048, 2048, 2048, 2048, 2048, 2048]",286.0
1219,9165,31,33,2023-09-17T13:00:03.463000+00:00,28.957,43.029,27.944,,269.0,False,99.93,"[None, 2048, 2048, 2048, 2049, 2048, 2048, 2048]","[2048, 2048, 2048, 2049, 2048, 2048, 2048, 2048]","[2048, 2048, 2048, 2048, 2048, 2049, 2048]",
1219,9165,20,33,2023-09-17T13:00:04.463000+00:00,29.125,42.876,28.095,297.0,266.0,False,100.096,"[None, 2048, 2048, 2048, 2048, 2049, 2048, 2048]","[2048, 2048, 2048, 2049, 2048, 2048, 2048, 2048]","[2049, 2049, 2048, 2048, 2048, 2048, 2048]",286.0
1219,9165,10,33,2023-09-17T13:00:04.854000+00:00,29.095,42.931,28.128,,269.0,False,100.154,"[None, 2048, 2048, 2048, 2049, 2048, 2048, 2048]","[2048, 2048, 2048, 2048, 2048, 2048, 2048, 2048]","[2049, 2049, 2048, 2048, 2048, 2049, 2048]",
1219,9165,81,33,2023-09-17T13:00:05.541000+00:00,29.093,42.993,28.151,306.0,275.0,False,100.237,"[2049, 2048, 2048, 2048, 2048, 2048, 2048, 2048]","[2048, 2048, 2048, 2048, 2048, 2048, 2048, 2048]","[2048, 2048, 2048, 2048, 2048, 2048, 2048]",299.0
1219,9165,40,33,2023-09-17T13:00:06.869000+00:00,29.354,42.705,28.275,279.0,255.0,False,100.334,"[None, 2048, 2049, 2048, 2048, 2048, 2048, 2048]","[2048, 2048, 2048, 2048, 2048, 2048, 2048, 2048]","[2048, 2048, 2048, 2049, 2048, 2048, 2048, 2048]",279.0
1219,9165,27,33,2023-09-17T13:00:08.385000+00:00,29.301,43.141,28.252,296.0,264.0,False,100.694,"[2048, 2048, 2048, 2048, 2048, 2048, 2048, 2048]","[2048, 2048, 2048, 2048, 2048, 2048, 2048, 2048]","[2048, 2048, 2048, 2048, 2048, 2048, 2048, 2048]",284.0
1219,9165,23,33,2023-09-17T13:00:09.557000+00:00,29.219,43.453,28.1,295.0,269.0,False,100.772,"[None, 2049, 2048, 2048, 2048, 2048, 2048, 2048]","[2048, 2048, 2048, 2048, 2048, 2048, 2048, 2048]","[2048, 2048, 2048, 2048, 2048, 2048, 2048]",289.0
1219,9165,24,33,2023-09-17T13:00:10.338000+00:00,29.174,43.258,28.276,305.0,270.0,False,100.708,"[2048, 2048, 2048, 2048, 2048, 2048, 2048, 2048]","[2048, 2048, 2048, 2048, 2048, 2048, 2048, 2048]","[2048, 2049, 2049, 2048, 2048, 2048, 2048, 2048]",293.0
1219,9165,77,33,2023-09-17T13:00:14.385000+00:00,29.334,43.383,28.343,,257.0,False,101.06,"[None, 2048, 2048, 2048, 2048, 2048, 2048, 2048]","[2048, 2048, 2048, 2048, 2048, 2048, 2048, 2048]","[2048, 2048, 2048, 2048, 2048, 2048, 2048, 2048]",279.0
1219,9165,2,33,2023-09-17T13:00:37.525000+00:00,29.11,42.563,28.09,290.0,265.0,False,99.763,"[None, 2048, 2048, 2048, 2048, 2049, 2048, 2048]","[2048, 2048, 2048, 2048, 2048, 2048, 2048, 2048]","[2048, 2049, 2048, 2048, 2048, 2048, 2048, 2048]",286.0
1219,9165,55,34,2023-09-17T13:01:27.884000+00:00,29.108,42.824,28.093,281.0,258.0,False,100.025,"[None, 2048, 2048, 2048, 2048, 2048, 2048, 2048]","[2048, 2048, 2048, 2048, 2048, 2048, 2048, 2048]","[2048, 2048, 2048, 2048, 2048, 2048, 2048, 2048]",280.0
1219,9165,63,34,2023-09-17T13:01:28.947000+00:00,29.075,42.779,28.107,275.0,259.0,False,99.961,"[None, 2048, 2048, 2048, 2049, 2048, 2048, 2048]","[2048, 2048, 2048, 2048, 2048, 2048, 2048, 2048]","[2048, 2048, 2048, 2048, 2048, 2048, 2048, 2048]",283.0
1219,9165,4,34,2023-09-17T13:01:29.946000+00:00,29.058,42.986,28.016,277.0,264.0,False,100.06,"[None, 2048, 2048, 2048, 2048, 2048, 2048, 2048]","[2048, 2048, 2048, 2048, 2048, 2048, 2048, 2048]","[2048, 2048, 2048, 2048, 2048, 2048, 2048, 2048]",285.0
1219,9165,44,34,2023-09-17T13:01:31.353000+00:00,29.241,42.585,27.719,273.0,260.0,False,99.545,"[2048, 2048, 2048, 2048, 2048, 2048, 2048, 2048]","[2048, 2048, 2048, 2048, 2048, 2049, 2048, 2048]","[2048, 2048, 2048, 2048, 2048, 2048, 2048, 2048]",279.0
1219,9165,16,34,2023-09-17T13:01:32.650000+00:00,28.996,42.726,27.796,290.0,260.0,False,99.518,"[None, 2048, 2049, 2048, 2048, 2048, 2048, 2048]","[2048, 2048, 2048, 2048, 2048, 2048, 2048, 2048]","[2048, 2049, 2049, 2048, 2048, 2048, 2048, 2048]",282.0
1219,9165,1,34,2023-09-17T13:01:37.993000+00:00,29.177,43.109,28.092,289.0,261.0,False,100.378,"[None, 2048, 2049, 2048, 2048, 2049, 2048, 2048]","[2048, 2048, 2048, 2048, 2048, 2048, 2048, 2048]","[2048, 2048, 2048, 2048, 2048, 2048, 2048, 2048]",282.0
1219,9165,11,34,2023-09-17T13:01:41.790000+00:00,29.209,43.443,28.17,293.0,264.0,False,100.822,"[None, 2048, 2048, 2048, 2048, 2048, 2048, 2048]","[2048, 2048, 2048, 2048, 2048, 2048, 2048, 2048]","[2048, 2048, 2049, 2048, 2048, 2048, 2048]",
1219,9165,14,34,2023-09-17T13:01:42.415000+00:00,29.005,43.261,28.312,301.0,276.0,False,100.578,"[2049, 2048, 2049, 2048, 2048, 2048, 2048, 2048]","[2048, 2048, 2048, 2048, 2048, 2048, 2048, 2048]","[2048, 2048, 2048, 2048, 2048, 2048, 2048, 2048]",300.0
1219,9165,31,34,2023-09-17T13:01:43.353000+00:00,29.053,43.079,28.171,292.0,268.0,False,100.303,"[None, 2048, 2049, 2048, 2048, 2049, 2048, 2048]","[2049, 2048, 2048, 2048, 2048, 2048, 2048, 2048]","[2048, 2048, 2048, 2048, 2048, 2048, 2048, 2048]",284.0
1219,9165,20,34,2023-09-17T13:01:44.540000+00:00,29.244,43.783,28.264,294.0,264.0,False,101.291,"[None, 2048, 2049, 2048, 2048, 2048, 2048, 2048]","[2048, 2048, 2048, 2048, 2048, 2048, 2048, 2048]","[2048, 2048, 2048, 2048, 2048, 2048, 2049, 2048]",283.0
1219,9165,10,34,2023-09-17T13:01:45.009000+00:00,28.907,44.135,28.279,315.0,269.0,False,101.321,"[None, 2048, 2048, 2048, 2049, 2048, 2048, 2049]","[2048, 2048, 2048, 2048, 2048, 2048, 2048, 2048]","[2048, 2048, 2048, 2048, 2048, 2048, 2048]",292.0
1219,9165,81,34,2023-09-17T13:01:45.759000+00:00,29.281,43.655,28.662,290.0,275.0,False,101.598,"[2048, 2049, 2048, 2048, 2048, 2049, 2048, 2048]","[2048, 2048, 2048, 2048, 2048, 2048, 2048, 2048]","[2048, 2048, 2048, 2048, 2048, 2048, 2048, 2048]",297.0
1219,9165,40,34,2023-09-17T13:01:47.196000+00:00,29.431,43.135,28.387,282.0,259.0,False,100.953,"[None, 2048, 2048, 2048, 2048, 2048, 2048, 2048]","[2048, 2048, 2048, 2048, 2048, 2048, 2048, 2048]","[2048, 2048, 2048, 2048, 2048, 2048, 2048, 2048]",282.0
1219,9165,27,34,2023-09-17T13:01:49.134000+00:00,29.199,43.251,28.194,299.0,267.0,False,100.644,"[None, 2048, 2049, 2048, 2048, 2049, 2048, 2048]","[2049, 2048, 2048, 2048, 2048, 2048, 2048, 2048]","[2048, 2048, 2048, 2048, 2048, 2048, 2048, 2048]",287.0
1219,9165,23,34,2023-09-17T13:01:50.306000+00:00,29.141,43.164,28.245,299.0,269.0,False,100.55,"[None, 2048, 2048, 2048, 2048, 2048, 2048, 2048]","[2048, 2048, 2048, 2048, 2048, 2048, 2048, 2048]","[2048, 2048, 2048, 2048, 2048, 2048, 2048, 2048]",287.0
1219,9165,24,34,2023-09-17T13:01:51.071000+00:00,29.145,43.12,28.234,306.0,271.0,False,100.499,"[None, 2048, 2048, 2048, 2048, 2048, 2048, 2048]","[2048, 2048, 2048, 2049, 2048, 2048, 2048, 2048]","[2048, 2049, 2048, 2048, 2048, 2048, 2048, 2048]",292.0
1219,9165,77,34,2023-09-17T13:01:55.462000+00:00,29.436,43.271,28.381,,258.0,False,101.088,"[None, 2048, 2048, 2048, 2048, 2048, 2048, 2048]","[2048, 2048, 2048, 2048, 2048, 2048, 2048, 2048]","[2048, 2048, 2048, 2048, 2048, 2048, 2048, 2048]",278.0
1219,9165,2,34,2023-09-17T13:02:17.274000+00:00,29.065,42.646,28.088,289.0,266.0,False,99.799,"[None, 2048, 2049, 2048, 2048, 2049, 2049, 2048]","[2048, 2048, 2048, 2048, 2048, 2048, 2048, 2048]","[2048, 2049, 2048, 2048, 2048, 2048, 2048]",284.0
1219,9165,55,35,2023-09-17T13:03:07.930000+00:00,29.236,42.782,27.952,283.0,260.0,False,99.97,"[None, 2048, 2048, 2048, 2048, 2048, 2048, 2048]","[2048, 2048, 2048, 2048, 2048, 2048, 2048, 2048]","[2051, 2049, 2048, 2048, 2048, 2048, 2048, 2048]",
1219,9165,63,35,2023-09-17T13:03:08.914000+00:00,28.945,42.866,28.175,278.0,260.0,False,99.986,"[None, 2048, 2048, 2048, 2048, 2048, 2048, 2048]","[2048, 2048, 2048, 2048, 2048, 2048, 2048, 2048]","[2048, 2048, 2048, 2048, 2048, 2048, 2048, 2048]",276.0
1219,9165,4,35,2023-09-17T13:03:10.024000+00:00,28.836,43.027,27.838,285.0,273.0,False,99.701,"[None, 2048, 2049, 2048, 2048, 2048, 2048, 2048]","[2048, 2048, 2048, 2048, 2048, 2048, 2048, 2048]","[2048, 2048, 2048, 2048, 2048, 2048, 2048, 2049]",288.0
1219,9165,44,35,2023-09-17T13:03:11.242000+00:00,29.135,42.618,27.757,274.0,263.0,False,99.51,"[None, 2048, 2048, 2048, 2048, 2048, 2048, 2048]","[2048, 2048, 2048, 2049, 2049, 2048, 2048, 2048]","[2048, 2049, 2048, 2048, 2048, 2048, 2048, 2048]",280.0
1219,9165,16,35,2023-09-17T13:03:12.180000+00:00,29.038,42.818,27.891,291.0,261.0,False,99.747,"[None, 2048, 2048, 2048, 2048, 2048, 2048, 2048]","[2048, 2048, 2048, 2048, 2048, 2048, 2048, 2048]","[2048, 2048, 2048, 2048, 2048, 2048, 2048, 2048]",
1219,9165,1,35,2023-09-17T13:03:18.367000+00:00,29.137,43.13,27.999,,261.0,False,100.266,"[None, 2048, 2048, 2048, 2048, 2049, 2048, 2048]","[2049, 2048, 2048, 2048, 2048, 2048, 2048, 2048]","[2048, 2048, 2048, 2048, 2048, 2048, 2048, 2048]",281.0
1219,9165,11,35,2023-09-17T13:03:22.601000+00:00,29.199,43.007,28.12,291.0,264.0,False,100.326,"[None, 2048, 2048, 2048, 2048, 2048, 2048, 2048]","[2048, 2048, 2048, 2048, 2048, 2048, 2048, 2048]","[2048, 2048, 2048, 2048, 2048, 2048, 2048, 2048]",
1219,9165,14,35,2023-09-17T13:03:22.945000+00:00,29.119,43.293,28.214,310.0,274.0,False,100.626,"[2048, 2048, 2049, 2048, 2048, 2048, 2048, 2048]","[2048, 2048, 2048, 2049, 2048, 2048, 2048, 2048]","[2048, 2048, 2048, 2048, 2048, 2048, 2048, 2048]",299.0
1219,9165,31,35,2023-09-17T13:03:23.649000+00:00,29.092,43.328,28.121,297.0,270.0,False,100.541,"[2049, 2048, 2048, 2048, 2048, 2048, 2048, 2048]","[2048, 2048, 2048, 2048, 2048, 2048, 2048, 2048]","[2048, 2048, 2048, 2048, 2048, 2048, 2048, 2048]",294.0
1219,9165,20,35,2023-09-17T13:03:25.820000+00:00,29.304,44.875,28.433,,262.0,False,102.612,"[None, 2048, 2048, 2048, 2048, 2048, 2048, 2048]","[2048, 2048, 2048, 2048, 2048, 2048, 2048, 2048]","[2048, 2048, 2048, 2048, 2048, 2048, 2048, 2048]",284.0
1219,9165,10,35,2023-09-17T13:03:26.336000+00:00,28.979,45.176,28.408,,269.0,False,102.563,"[None, 2048, 2049, 2048, 2048, 2048, 2048, 2048]","[2048, 2048, 2048, 2048, 2048, 2048, 2048, 2048]","[2048, 2048, 2048, 2048, 2048, 2048, 2048, 2048]",293.0
1219,9165,81,35,2023-09-17T13:03:27.351000+00:00,29.272,44.319,28.613,294.0,274.0,False,102.204,"[None, 2048, 2048, 2048, 2048, 2048, 2048, 2048]","[2048, 2048, 2048, 2048, 2048, 2048, 2048, 2048]","[2048, 2048, 2048, 2048, 2048, 2048, 2048, 2048]",285.0
1219,9165,40,35,2023-09-17T13:03:28.148000+00:00,29.289,43.976,28.883,290.0,266.0,False,102.148,"[None, 2048, 2048, 2048, 2048, 2048, 2048, 2048]","[2048, 2048, 2048, 2048, 2048, 2048, 2048, 2048]","[2048, 2049, 2048, 2048, 2048, 2048, 2048]",
1219,9165,27,35,2023-09-17T13:03:29.742000+00:00,29.282,43.954,28.386,300.0,268.0,False,101.622,"[None, 2048, 2048, 2048, 2048, 2049, 2048, 2048]","[2048, 2048, 2048, 2048, 2048, 2048, 2048, 2048]","[2048, 2048, 2048, 2048, 2048, 2048, 2048, 2048]",
1219,9165,23,35,2023-09-17T13:03:30.851000+00:00,29.208,43.398,28.459,293.0,277.0,False,101.065,"[None, 2048, 2048, 2048, 2048, 2048, 2048, 2048]","[2048, 2048, 2048, 2048, 2048, 2048, 2048, 2048]","[2048, 2048, 2048, 2048, 2048, 2048, 2048, 2048]",297.0
1219,9165,24,35,2023-09-17T13:03:31.586000+00:00,29.236,43.383,28.57,299.0,270.0,False,101.189,"[None, 2048, 2048, 2048, 2048, 2048, 2048, 2048]","[2048, 2048, 2048, 2048, 2048, 2048, 2048, 2048]","[2048, 2048, 2048, 2048, 2048, 2048, 2048, 2048]",
1219,9165,77,35,2023-09-17T13:03:36.898000+00:00,29.311,43.303,28.194,289.0,260.0,False,100.808,"[2049, 2049, 2049, 2048, 2048, 2048, 2048, 2048]","[2048, 2048, 2048, 2048, 2048, 2048, 2048, 2048]","[2049, 2048, 2049, 2048, 2048, 2049, 2048, 2048]",281.0
1219,9165,2,35,2023-09-17T13:03:57.070000+00:00,29.1,42.677,27.987,290.0,265.0,False,99.764,"[None, 2048, 2048, 2048, 2048, 2048, 2048, 2048]","[2048, 2048, 2048, 2048, 2048, 2048, 2048, 2048]","[2048, 2048, 2048, 2048, 2048, 2048, 2048]",286.0
1219,9165,55,36,2023-09-17T13:04:47.913000+00:00,28.988,42.621,27.935,284.0,259.0,False,99.544,"[None, 2048, 2048, 2048, 2048, 2048, 2048, 2048]","[2048, 2048, 2048, 2048, 2048, 2048, 2048, 2048]","[2048, 2048, 2048, 2048, 2048, 2048, 2048, 2048]",279.0
1219,9165,63,36,2023-09-17T13:04:48.913000+00:00,28.621,42.724,28.129,309.0,264.0,False,99.474,"[None, 2048, 2048, 2048, 2049, 2049, 2048, 2049]","[2048, 2048, 2048, 2048, 2048, 2048, 2048, 2048]","[2048, 2048, 2048, 2048, 2048, 2048, 2048, 2048]",285.0
1219,9165,4,36,2023-09-17T13:04:49.694000+00:00,28.668,42.955,27.839,298.0,273.0,False,99.462,"[None, 2048, 2048, 2048, 2048, 2048, 2048, 2048]","[2048, 2048, 2048, 2048, 2048, 2048, 2048, 2048]","[2048, 2048, 2048, 2049, 2048, 2048, 2048, 2048]",292.0
1219,9165,44,36,2023-09-17T13:04:50.413000+00:00,28.995,42.63,27.737,294.0,260.0,False,99.362,"[None, 2048, 2048, 2048, 2048, 2048, 2048, 2048]","[2048, 2048, 2048, 2048, 2048, 2048, 2048, 2048]","[2048, 2049, 2048, 2048, 2048, 2048, 2048, 2048]",285.0
1219,9165,16,36,2023-09-17T13:04:51.913000+00:00,29.002,42.521,27.92,288.0,263.0,False,99.443,"[None, 2048, 2048, 2048, 2048, 2048, 2048, 2048]","[2048, 2048, 2048, 2048, 2048, 2048, 2048, 2048]","[2048, 2048, 2048, 2048, 2048, 2048, 2048, 2048]",284.0
1219,9165,1,36,2023-09-17T13:04:58.632000+00:00,29.08,43.147,28.145,,263.0,False,100.372,"[None, 2048, 2049, 2048, 2048, 2049, 2048, 2048]","[2048, 2048, 2048, 2048, 2048, 2049, 2048, 2048]","[2048, 2048, 2048, 2048, 2048, 2048, 2048, 2048]",284.0
1219,9165,11,36,2023-09-17T13:05:02.866000+00:00,29.231,43.882,28.376,292.0,264.0,False,101.489,"[None, 2048, 2048, 2048, 2048, 2048, 2048, 2048]","[2048, 2048, 2048, 2048, 2048, 2048, 2048, 2048]","[2048, 2048, 2048, 2048, 2048, 2048, 2048, 2048]",285.0
1219,9165,14,36,2023-09-17T13:05:03.569000+00:00,29.044,43.653,28.568,292.0,276.0,False,101.265,"[None, 2048, 2048, 2048, 2048, 2048, 2048, 2048]","[2048, 2048, 2048, 2048, 2048, 2048, 2048, 2048]","[2048, 2048, 2048, 2048, 2048, 2048, 2048, 2048]",
1219,9165,31,36,2023-09-17T13:05:04.225000+00:00,29.002,43.737,28.472,303.0,268.0,False,101.211,"[None, 2048, 2048, 2048, 2048, 2048, 2048, 2048]","[2048, 2048, 2048, 2048, 2048, 2048, 2048, 2048]","[2048, 2048, 2048, 2048, 2048, 2048, 2048, 2048]",
1219,9165,20,36,2023-09-17T13:05:08.460000+00:00,29.792,48.45,29.888,296.0,264.0,False,108.13,"[None, 2048, 2048, 2048, 2049, 2048, 2048, 2048]","[2048, 2048, 2048, 2048, 2048, 2048, 2048, 2048]","[2048, 2048, 2048, 2048, 2048, 2048, 2048, 2048]",283.0
1219,9165,10,36,2023-09-17T13:05:08.897000+00:00,29.393,42.745,27.827,311.0,260.0,False,99.965,"[None, 2048, 2048, 2048, 2048, 2048, 2048, 2048]","[2048, 2048, 2048, 2049, 2049, 2049, 2049, 2048]","[2049, 2048, 2048, 2049, 2048, 2048, 2048]",290.0
1219,9165,81,36,2023-09-17T13:05:09.553000+00:00,28.991,43.659,27.937,310.0,274.0,False,100.587,"[None, 2049, 2048, 2048, 2048, 2048, 2048, 2048]","[2048, 2048, 2048, 2048, 2048, 2048, 2048, 2048]","[2048, 2048, 2048, 2049, 2048, 2048, 2048]",300.0
1219,9165,40,36,2023-09-17T13:05:10.303000+00:00,29.486,43.391,28.223,305.0,270.0,False,101.1,"[None, 2048, 2048, 2048, 2048, 2048, 2048, 2048]","[2048, 2048, 2048, 2048, 2048, 2048, 2048, 2048]","[2048, 2048, 2048, 2048, 2048, 2048, 2048]",285.0
1219,9165,27,36,2023-09-17T13:05:11.335000+00:00,29.319,43.398,28.411,303.0,273.0,False,101.128,"[None, 2048, 2048, 2048, 2049, 2048, 2048, 2048]","[2048, 2048, 2048, 2048, 2048, 2048, 2048, 2048]","[2048, 2048, 2048, 2048, 2048, 2048, 2048]",288.0
1219,9165,23,36,2023-09-17T13:05:12.007000+00:00,29.142,44.317,28.481,317.0,270.0,False,101.94,"[None, 2048, 2048, 2048, 2048, 2048, 2048, 2048]","[2048, 2048, 2048, 2048, 2048, 2048, 2048, 2048]","[2048, 2048, 2048, 2048, 2048, 2048, 2048, 2048]",301.0
1219,9165,24,36,2023-09-17T13:05:12.741000+00:00,29.542,44.461,28.744,293.0,272.0,False,102.747,"[None, 2048, 2048, 2048, 2048, 2048, 2048, 2048]","[2048, 2048, 2048, 2048, 2048, 2048, 2048, 2049]","[2048, 2048, 2048, 2048, 2048, 2048, 2048]",293.0
1219,9165,77,36,2023-09-17T13:05:17.350000+00:00,29.393,43.56,28.675,287.0,260.0,False,101.628,"[2048, 2048, 2048, 2048, 2048, 2049, 2048, 2048]","[2048, 2048, 2048, 2048, 2048, 2048, 2048, 2048]","[2048, 2048, 2048, 2048, 2048, 2048, 2048]",280.0
1219,9165,2,36,2023-09-17T13:05:36.834000+00:00,29.139,42.667,28.072,,265.0,False,99.878,"[None, 2048, 2048, 2048, 2048, 2048, 2048, 2048]","[2048, 2048, 2048, 2048, 2048, 2049, 2048, 2048]","[2048, 2048, 2048, 2048, 2048, 2048, 2048, 2049]",
1219,9165,55,37,2023-09-17T13:06:27.443000+00:00,28.987,42.846,28.051,283.0,259.0,False,99.884,"[None, 2048, 2048, 2048, 2048, 2048, 2048, 2048]","[2048, 2048, 2048, 2048, 2048, 2048, 2048, 2048]","[2048, 2049, 2048, 2048, 2048, 2048, 2048, 2048]",281.0
1219,9165,63,37,2023-09-17T13:06:28.381000+00:00,28.756,42.961,28.059,281.0,269.0,False,99.776,"[None, 2048, 2048, 2048, 2048, 2048, 2048, 2048]","[2048, 2048, 2048, 2048, 2048, 2048, 2048, 2048]","[2048, 2048, 2049, 2048, 2048, 2048, 2048, 2048]",286.0
1219,9165,4,37,2023-09-17T13:06:29.146000+00:00,28.727,43.204,27.907,286.0,274.0,False,99.838,"[None, 2048, 2048, 2048, 2048, 2048, 2048, 2048]","[2048, 2048, 2048, 2048, 2048, 2048, 2048, 2048]","[2048, 2048, 2048, 2048, 2048, 2048, 2048, 2048]",293.0
1219,9165,44,37,2023-09-17T13:06:29.756000+00:00,28.963,42.994,28.002,285.0,271.0,False,99.959,"[None, 2048, 2048, 2048, 2048, 2048, 2048, 2048]","[2048, 2048, 2048, 2048, 2048, 2048, 2048, 2048]","[2048, 2048, 2048, 2048, 2048, 2048, 2048, 2048]",278.0
1219,9165,16,37,2023-09-17T13:06:31.365000+00:00,28.973,42.785,27.881,289.0,262.0,False,99.639,"[None, 2048, 2049, 2048, 2048, 2048, 2048, 2048]","[2048, 2048, 2048, 2048, 2048, 2048, 2048, 2048]","[2048, 2048, 2048, 2048, 2048, 2048, 2048, 2048]",281.0
1219,9165,1,37,2023-09-17T13:06:39.052000+00:00,29.14,43.006,28.078,290.0,262.0,False,100.224,"[None, 2048, 2048, 2048, 2048, 2049, 2048, 2048]","[2048, 2048, 2048, 2048, 2048, 2048, 2049, 2048]","[2048, 2048, 2048, 2048, 2048, 2049, 2048, 2048]",283.0
1219,9165,11,37,2023-09-17T13:06:44.412000+00:00,29.416,45.225,28.53,291.0,264.0,False,103.171,"[None, 2048, 2048, 2048, 2048, 2048, 2048, 2048]","[2048, 2048, 2048, 2048, 2048, 2048, 2048, 2048]","[2048, 2048, 2048, 2048, 2048, 2048, 2048]",284.0
1219,9165,14,37,2023-09-17T13:06:44.802000+00:00,29.101,46.165,28.828,315.0,271.0,False,104.094,"[2049, 2048, 2048, 2048, 2048, 2048, 2048, 2048]","[2048, 2048, 2048, 2048, 2048, 2048, 2048, 2048]","[2048, 2048, 2048, 2048, 2048, 2048, 2048]",300.0
1219,9165,31,37,2023-09-17T13:06:45.412000+00:00,29.107,45.169,28.323,294.0,268.0,False,102.599,"[2048, 2048, 2048, 2048, 2048, 2048, 2048, 2048]","[2048, 2048, 2048, 2048, 2048, 2048, 2048, 2048]","[2048, 2048, 2048, 2048, 2048, 2048, 2048]",295.0
1219,9165,10,37,2023-09-17T13:06:48.755000+00:00,29.177,43.022,28.309,287.0,261.0,False,100.508,"[None, 2048, 2048, 2048, 2048, 2049, 2048, 2048]","[2049, 2049, 2048, 2048, 2048, 2048, 2048, 2048]","[2048, 2048, 2048, 2048, 2048, 2048, 2048, 2048]",279.0
1219,9165,81,37,2023-09-17T13:06:50.099000+00:00,29.168,42.988,28.212,292.0,267.0,False,100.368,"[None, 2048, 2048, 2048, 2048, 2049, 2048, 2048]","[2048, 2048, 2048, 2049, 2048, 2048, 2048, 2048]","[2048, 2048, 2048, 2048, 2048, 2048, 2048, 2048]",285.0
1219,9165,40,37,2023-09-17T13:06:51.287000+00:00,29.462,43.046,28.289,285.0,258.0,False,100.797,"[None, 2048, 2048, 2048, 2048, 2048, 2048, 2048]","[2048, 2048, 2048, 2048, 2048, 2048, 2048, 2048]","[2048, 2048, 2048, 2048, 2048, 2049, 2048]",282.0
1219,9165,27,37,2023-09-17T13:06:52.396000+00:00,29.019,43.221,28.242,314.0,274.0,False,100.482,"[None, 2048, 2048, 2048, 2048, 2048, 2048, 2048]","[2048, 2048, 2048, 2048, 2048, 2048, 2048, 2048]","[2048, 2048, 2048, 2048, 2049, 2048, 2048, 2048]",298.0
1219,9165,23,37,2023-09-17T13:06:53.755000+00:00,29.349,43.28,28.399,295.0,269.0,False,101.028,"[None, 2048, 2048, 2048, 2048, 2048, 2048, 2048]","[2048, 2048, 2048, 2048, 2048, 2048, 2048, 2048]","[2048, 2048, 2048, 2048, 2048, 2048, 2048, 2048]",285.0
1219,9165,24,37,2023-09-17T13:06:55.537000+00:00,29.614,43.307,28.227,290.0,262.0,False,101.148,"[None, 2048, 2048, 2048, 2048, 2048, 2048, 2048]","[2048, 2048, 2048, 2048, 2048, 2048, 2048, 2048]","[2048, 2048, 2049, 2048, 2048, 2048, 2048]",283.0
1219,9165,20,37,2023-09-17T13:06:56.599000+00:00,29.737,44.053,28.562,290.0,260.0,False,102.352,"[None, 2048, 2048, 2048, 2048, 2048, 2048, 2048]","[2048, 2048, 2048, 2048, 2048, 2048, 2048, 2048]","[2048, 2048, 2048, 2048, 2048, 2048, 2048, 2048]",294.0
1219,9165,77,37,2023-09-17T13:06:59.005000+00:00,29.617,44.278,28.48,288.0,258.0,False,102.375,"[None, 2048, 2048, 2048, 2048, 2048, 2048, 2048]","[2048, 2048, 2048, 2048, 2048, 2048, 2048, 2048]","[2048, 2048, 2048, 2048, 2048, 2048, 2048, 2048]",
1219,9165,2,37,2023-09-17T13:07:16.708000+00:00,29.011,42.704,28.037,293.0,267.0,False,99.752,"[None, 2049, 2048, 2048, 2049, 2049, 2048, 2048]","[2048, 2048, 2048, 2048, 2048, 2048, 2048, 2048]","[2048, 2048, 2048, 2048, 2048, 2048, 2048, 2048]",
1219,9165,55,38,2023-09-17T13:08:07.317000+00:00,28.945,42.576,27.998,285.0,260.0,False,99.519,"[None, 2048, 2048, 2048, 2048, 2051, 2049, 2049]","[2048, 2048, 2048, 2049, 2048, 2048, 2048, 2048]","[2048, 2048, 2049, 2048, 2048, 2048, 2048, 2048]",
1219,9165,63,38,2023-09-17T13:08:08.161000+00:00,28.744,42.826,28.065,288.0,271.0,False,99.635,"[None, 2048, 2048, 2048, 2048, 2049, 2049, 2048]","[2048, 2048, 2048, 2048, 2048, 2048, 2048, 2048]","[2048, 2048, 2048, 2048, 2048, 2048, 2048, 2048]",284.0
1219,9165,4,38,2023-09-17T13:08:09.005000+00:00,28.743,43.017,27.96,281.0,271.0,False,99.72,"[None, 2048, 2048, 2048, 2048, 2048, 2048, 2048]","[2048, 2048, 2048, 2048, 2048, 2048, 2048, 2048]","[2048, 2048, 2048, 2048, 2048, 2048, 2048, 2049]",291.0
1219,9165,44,38,2023-09-17T13:08:09.739000+00:00,29.104,42.682,28.074,288.0,275.0,False,99.86,"[None, 2048, 2048, 2048, 2048, 2048, 2048, 2048]","[2048, 2048, 2048, 2048, 2048, 2048, 2048, 2048]","[2048, 2048, 2048, 2048, 2048, 2048, 2048, 2048]",283.0
1219,9165,16,38,2023-09-17T13:08:11.020000+00:00,28.986,42.897,28.063,295.0,264.0,False,99.946,"[None, 2048, 2048, 2048, 2048, 2048, 2048, 2048]","[2048, 2048, 2048, 2048, 2048, 2048, 2048, 2048]","[2048, 2048, 2048, 2048, 2048, 2048, 2048, 2048]",284.0
1219,9165,1,38,2023-09-17T13:08:19.239000+00:00,29.19,43.225,28.195,289.0,262.0,False,100.61,"[None, 2048, 2048, 2048, 2048, 2048, 2048, 2048]","[2048, 2048, 2048, 2048, 2048, 2048, 2048, 2048]","[2048, 2048, 2048, 2048, 2048, 2048, 2048, 2048]",284.0
1219,9165,11,38,2023-09-17T13:08:27.551000+00:00,29.401,43.619,28.301,,263.0,False,101.321,"[None, 2048, 2048, 2048, 2048, 2048, 2048, 2048]","[2048, 2048, 2048, 2048, 2048, 2048, 2048, 2048]","[2048, 2048, 2048, 2048, 2048, 2048, 2048, 2048]",283.0
1219,9165,31,38,2023-09-17T13:08:27.926000+00:00,29.312,43.674,28.333,296.0,268.0,False,101.319,"[None, 2048, 2048, 2048, 2048, 2048, 2048, 2048]","[2048, 2048, 2048, 2048, 2048, 2048, 2048, 2048]","[2048, 2048, 2048, 2048, 2048, 2048, 2048]",292.0
1219,9165,14,38,2023-09-17T13:08:28.926000+00:00,29.19,43.57,28.448,308.0,267.0,False,101.208,"[2048, 2048, 2048, 2048, 2048, 2048, 2048, 2048]","[2048, 2048, 2048, 2048, 2048, 2048, 2048, 2048]","[2048, 2048, 2048, 2048, 2048, 2048, 2048, 2048]",298.0
1219,9165,10,38,2023-09-17T13:08:29.364000+00:00,29.077,43.842,28.342,308.0,270.0,False,101.261,"[None, 2048, 2048, 2048, 2048, 2048, 2048, 2048]","[2048, 2048, 2048, 2048, 2048, 2048, 2048, 2048]","[2048, 2048, 2048, 2048, 2048, 2048, 2048, 2048]",293.0
1219,9165,81,38,2023-09-17T13:08:30.535000+00:00,29.245,43.177,28.436,293.0,276.0,False,100.858,"[None, 2048, 2048, 2048, 2048, 2048, 2048, 2048]","[2048, 2048, 2048, 2048, 2048, 2048, 2048, 2048]","[2048, 2048, 2048, 2048, 2048, 2048, 2048, 2048]",288.0
1219,9165,40,38,2023-09-17T13:08:32.192000+00:00,29.418,43.526,28.162,293.0,261.0,False,101.106,"[None, 2048, 2048, 2048, 2048, 2048, 2048, 2048]","[2048, 2048, 2048, 2048, 2048, 2048, 2048, 2048]","[2048, 2048, 2048, 2048, 2048, 2048, 2048]",284.0
1219,9165,27,38,2023-09-17T13:08:32.989000+00:00,28.84,44.083,28.128,315.0,275.0,False,101.051,"[None, 2048, 2048, 2048, 2048, 2048, 2048, 2049]","[2048, 2048, 2048, 2048, 2048, 2048, 2048, 2048]","[2048, 2049, 2048, 2048, 2048, 2048, 2049, 2049]",299.0
1219,9165,23,38,2023-09-17T13:08:34.879000+00:00,29.189,43.493,28.155,297.0,269.0,False,100.837,"[None, 2048, 2048, 2048, 2048, 2049, 2048, 2048]","[2048, 2048, 2048, 2048, 2048, 2048, 2048, 2048]","[2048, 2048, 2049, 2048, 2048, 2048, 2048]",286.0
1219,9165,24,38,2023-09-17T13:08:36.645000+00:00,29.68,43.128,28.013,289.0,264.0,False,100.821,"[None, 2048, 2048, 2048, 2048, 2048, 2048, 2048]","[2048, 2048, 2048, 2048, 2048, 2048, 2048, 2048]","[2048, 2048, 2049, 2048, 2048, 2048, 2048, 2048]",
1219,9165,20,38,2023-09-17T13:08:38.926000+00:00,29.816,43.456,28.319,,264.0,False,101.591,"[None, 2048, 2048, 2048, 2048, 2048, 2048, 2048]","[2048, 2048, 2048, 2048, 2048, 2048, 2048, 2048]","[2048, 2048, 2048, 2048, 2048, 2048, 2048, 2048]",286.0
1219,9165,77,38,2023-09-17T13:08:41.395000+00:00,29.63,43.958,28.694,287.0,259.0,False,102.282,"[None, 2048, 2048, 2048, 2048, 2048, 2048, 2048]","[2048, 2048, 2048, 2048, 2048, 2048, 2048, 2048]","[2048, 2048, 2048, 2048, 2048, 2048, 2048, 2048]",
1219,9165,2,38,2023-09-17T13:08:56.520000+00:00,29.092,42.75,28.035,292.0,266.0,False,99.877,"[None, 2048, 2048, 2048, 2048, 2048, 2048, 2048]","[2048, 2048, 2048, 2049, 2048, 2048, 2048, 2048]","[2048, 2048, 2048, 2048, 2048, 2048, 2048, 2048]",
1219,9165,55,39,2023-09-17T13:09:46.863000+00:00,29.069,42.265,27.919,284.0,258.0,False,99.253,"[None, 2048, 2048, 2048, 2048, 2048, 2048, 2048]","[2048, 2049, 2048, 2048, 2048, 2048, 2048, 2048]","[2048, 2048, 2049, 2048, 2048, 2048, 2048]",278.0
1219,9165,63,39,2023-09-17T13:09:47.769000+00:00,28.686,42.493,27.99,292.0,274.0,False,99.169,"[None, 2048, 2048, 2048, 2049, 2048, 2048, 2048]","[2048, 2048, 2048, 2048, 2048, 2048, 2048, 2048]","[2048, 2048, 2049, 2048, 2048, 2048, 2048, 2048]",285.0
1219,9165,4,39,2023-09-17T13:09:48.738000+00:00,28.872,42.701,27.698,287.0,269.0,False,99.271,"[None, 2048, 2048, 2048, 2048, 2048, 2048, 2048]","[2048, 2048, 2048, 2048, 2048, 2048, 2048, 2048]","[2048, 2048, 2048, 2049, 2048, 2048, 2048, 2048]",293.0
1219,9165,44,39,2023-09-17T13:09:49.597000+00:00,28.909,42.537,27.818,298.0,268.0,False,99.264,"[None, 2048, 2048, 2048, 2048, 2048, 2048, 2048]","[2048, 2048, 2048, 2048, 2048, 2048, 2048, 2048]","[2048, 2048, 2048, 2048, 2048, 2048, 2048, 2048]",289.0
1219,9165,16,39,2023-09-17T13:09:50.941000+00:00,28.98,42.651,27.817,293.0,262.0,False,99.448,"[None, 2048, 2048, 2048, 2048, 2048, 2048, 2048]","[2048, 2048, 2048, 2048, 2048, 2048, 2048, 2048]","[2048, 2048, 2048, 2048, 2048, 2048, 2048, 2048]",
1219,9165,1,39,2023-09-17T13:09:59.863000+00:00,29.285,43.547,28.341,290.0,262.0,False,101.173,"[None, 2048, 2048, 2048, 2048, 2048, 2048, 2048]","[2048, 2048, 2048, 2048, 2048, 2048, 2048, 2048]","[2048, 2048, 2048, 2048, 2048, 2048, 2048, 2048]",283.0
1219,9165,11,39,2023-09-17T13:10:08.862000+00:00,29.453,45.679,37.955,292.0,264.0,False,113.087,"[None, 2048, 2048, 2048, 2048, 2048, 2048, 2048]","[2048, 2048, 2048, 2048, 2048, 2048, 2048, 2048]","[2048, 2048, 2048, 2048, 2048, 2064, 2064, 2064]",
1219,9165,31,39,2023-09-17T13:10:09.331000+00:00,29.125,43.817,27.933,308.0,258.0,False,100.875,"[None, 2048, 2048, 2048, 2048, 2048, 2048, 2048]","[2048, 2048, 2048, 2048, 2049, 2048, 2048, 2048]","[2048, 2048, 2048, 2048, 2048, 2048, 2049]",
1219,9165,14,39,2023-09-17T13:10:10.128000+00:00,29.165,44.647,28.25,,275.0,False,102.062,"[None, 2048, 2048, 2048, 2048, 2048, 2048, 2048]","[2048, 2048, 2048, 2048, 2048, 2048, 2048, 2048]","[2048, 2048, 2048, 2048, 2048, 2048, 2048]",
1219,9165,10,39,2023-09-17T13:10:10.612000+00:00,29.203,44.753,28.904,304.0,271.0,False,102.86,"[None, 2048, 2048, 2048, 2048, 2048, 2048, 2048]","[2048, 2048, 2048, 2048, 2048, 2048, 2048, 2048]","[2048, 2048, 2048, 2048, 2048, 2048, 2048, 2048]",
1219,9165,81,39,2023-09-17T13:10:11.347000+00:00,29.002,44.677,29.307,308.0,275.0,False,102.986,"[None, 2048, 2048, 2048, 2048, 2048, 2048, 2048]","[2048, 2048, 2048, 2048, 2048, 2048, 2048, 2048]","[2048, 2048, 2048, 2048, 2048, 2048, 2048]",294.0
1219,9165,40,39,2023-09-17T13:10:13.284000+00:00,29.299,43.801,28.745,296.0,258.0,False,101.845,"[None, 2048, 2048, 2048, 2048, 2048, 2048, 2048]","[2048, 2048, 2048, 2048, 2048, 2048, 2048, 2048]","[2048, 2048, 2048, 2048, 2048, 2048, 2048]",281.0
1219,9165,27,39,2023-09-17T13:10:14.034000+00:00,28.71,44.559,28.741,322.0,270.0,False,102.01,"[2049, 2048, 2048, 2048, 2049, 2048, 2049, 2049]","[2048, 2048, 2048, 2048, 2048, 2048, 2048, 2048]","[2048, 2048, 2048, 2048, 2048, 2048, 2048]",
1219,9165,23,39,2023-09-17T13:10:15.706000+00:00,29.099,43.671,28.476,301.0,269.0,False,101.246,"[None, 2049, 2048, 2048, 2048, 2048, 2048, 2048]","[2048, 2048, 2048, 2048, 2048, 2048, 2048, 2048]","[2048, 2048, 2048, 2048, 2048, 2048, 2048]",288.0
1219,9165,24,39,2023-09-17T13:10:17.487000+00:00,29.299,43.264,28.331,293.0,265.0,False,100.894,"[None, 2048, 2048, 2048, 2049, 2048, 2048, 2048]","[2048, 2048, 2048, 2048, 2048, 2048, 2048, 2048]","[2048, 2048, 2048, 2048, 2048, 2048, 2048]",284.0
1219,9165,20,39,2023-09-17T13:10:20.534000+00:00,29.697,43.661,28.576,292.0,262.0,False,101.934,"[None, 2048, 2048, 2048, 2048, 2048, 2048, 2048]","[2048, 2048, 2048, 2048, 2048, 2048, 2048, 2048]","[2048, 2048, 2048, 2048, 2048, 2048, 2048, 2048]",284.0
1219,9165,77,39,2023-09-17T13:10:23.659000+00:00,29.425,43.945,28.689,288.0,258.0,False,102.059,"[None, 2048, 2048, 2048, 2048, 2048, 2048, 2048]","[2048, 2048, 2048, 2048, 2048, 2048, 2048, 2048]","[2048, 2048, 2048, 2048, 2048, 2048, 2048, 2048]",279.0
1219,9165,2,39,2023-09-17T13:10:36.315000+00:00,29.131,42.858,28.145,,266.0,False,100.134,"[None, 2048, 2048, 2048, 2048, 2048, 2048, 2048]","[2048, 2048, 2048, 2048, 2048, 2048, 2048, 2048]","[2048, 2048, 2048, 2048, 2048, 2048, 2048, 2048]",
1219,9165,55,40,2023-09-17T13:11:26.096000+00:00,28.937,42.541,27.915,285.0,261.0,False,99.393,"[None, 2048, 2048, 2048, 2048, 2048, 2048, 2048]","[2048, 2048, 2048, 2048, 2048, 2048, 2048, 2048]","[2048, 2048, 2048, 2048, 2048, 2048, 2051, 2049]",282.0
1219,9165,63,40,2023-09-17T13:11:26.971000+00:00,28.522,42.813,27.987,293.0,272.0,False,99.322,"[None, 2048, 2048, 2048, 2048, 2048, 2049, 2048]","[2048, 2048, 2048, 2048, 2048, 2048, 2048, 2048]","[2048, 2048, 2048, 2048, 2048, 2048, 2048, 2048]",295.0
1219,9165,4,40,2023-09-17T13:11:28.315000+00:00,28.9,42.66,27.786,282.0,268.0,False,99.346,"[None, 2048, 2048, 2048, 2048, 2048, 2048, 2048]","[2048, 2048, 2048, 2048, 2048, 2048, 2048, 2048]","[2048, 2048, 2048, 2048, 2049, 2048, 2048, 2048]",290.0
1219,9165,44,40,2023-09-17T13:11:28.846000+00:00,28.67,42.813,27.989,302.0,265.0,False,99.472,"[None, 2049, 2048, 2048, 2048, 2048, 2048, 2048]","[2048, 2048, 2048, 2048, 2048, 2048, 2048, 2048]","[2048, 2048, 2048, 2048, 2048, 2048, 2048, 2048]",300.0
1219,9165,16,40,2023-09-17T13:11:30.393000+00:00,28.918,42.57,28.069,291.0,261.0,False,99.557,"[None, 2048, 2048, 2048, 2048, 2048, 2048, 2048]","[2048, 2048, 2048, 2048, 2048, 2049, 2048, 2048]","[2048, 2048, 2048, 2048, 2048, 2048, 2048, 2048]",282.0
1219,9165,1,40,2023-09-17T13:11:41.002000+00:00,29.206,43.467,36.135,289.0,262.0,False,108.808,"[None, 2048, 2048, 2048, 2048, 2048, 2048, 2048]","[2048, 2048, 2048, 2048, 2048, 2048, 2048, 2048]","[2048, 2048, 2048, 2048, 2048, 2064, 2064, 2064]",
1219,9165,31,40,2023-09-17T13:11:50.080000+00:00,29.04,42.982,27.909,284.0,258.0,False,99.931,"[None, 2049, 2048, 2048, 2048, 2048, 2048, 2048]","[2048, 2049, 2048, 2048, 2049, 2048, 2048, 2048]","[2048, 2048, 2048, 2048, 2048, 2049, 2049]",280.0
1219,9165,14,40,2023-09-17T13:11:52.096000+00:00,29.284,42.918,27.952,293.0,267.0,False,100.154,"[None, 2048, 2048, 2048, 2048, 2048, 2048, 2048]","[2048, 2048, 2048, 2048, 2048, 2048, 2048, 2048]","[2048, 2048, 2049, 2048, 2048, 2048, 2048, 2048]",289.0
1219,9165,10,40,2023-09-17T13:11:53.486000+00:00,29.24,42.734,27.911,289.0,261.0,False,99.885,"[None, 2049, 2048, 2048, 2048, 2048, 2048, 2048]","[2048, 2049, 2048, 2048, 2048, 2048, 2048, 2048]","[2048, 2048, 2049, 2048, 2048, 2049, 2048, 2048]",282.0
1219,9165,81,40,2023-09-17T13:11:54.252000+00:00,29.013,43.246,28.04,300.0,267.0,False,100.299,"[None, 2048, 2048, 2048, 2048, 2048, 2048, 2048]","[2048, 2048, 2048, 2048, 2048, 2048, 2048, 2048]","[2048, 2048, 2048, 2048, 2048, 2048, 2048, 2048]",298.0
1219,9165,40,40,2023-09-17T13:11:55.033000+00:00,29.304,43.522,28.356,295.0,260.0,False,101.182,"[None, 2048, 2048, 2048, 2048, 2048, 2048, 2048]","[2048, 2048, 2048, 2048, 2048, 2048, 2048, 2048]","[2048, 2048, 2048, 2048, 2048, 2048, 2048, 2048]",292.0
1219,9165,27,40,2023-09-17T13:11:55.924000+00:00,29.106,43.59,28.561,312.0,271.0,False,101.257,"[2048, 2048, 2048, 2048, 2048, 2048, 2048, 2048]","[2048, 2048, 2048, 2048, 2048, 2048, 2048, 2048]","[2048, 2048, 2048, 2048, 2048, 2048, 2048, 2048]",
1219,9165,23,40,2023-09-17T13:11:56.877000+00:00,28.992,43.535,28.408,313.0,276.0,False,100.935,"[None, 2048, 2048, 2048, 2048, 2048, 2048, 2048]","[2048, 2048, 2048, 2048, 2048, 2048, 2048, 2048]","[2048, 2048, 2048, 2048, 2048, 2048, 2048]",300.0
1219,9165,24,40,2023-09-17T13:11:58.283000+00:00,29.429,43.021,28.356,,264.0,False,100.806,"[None, 2048, 2048, 2048, 2048, 2048, 2048, 2048]","[2048, 2048, 2048, 2048, 2049, 2048, 2048, 2048]","[2048, 2048, 2048, 2048, 2048, 2048, 2048, 2048]",
1219,9165,11,40,2023-09-17T13:12:01.908000+00:00,49.593,42.122,27.622,290.0,261.0,True,119.337,"[2064, 2064, 2064, 2048, 2048, 2048, 2048, 2048]","[2049, 2049, 2049, 2048, 2049, 2049, 2048, 2048]","[2051, 2048, 2048, 2049, 2049, 2048, 2049, 2049]",
1219,9165,20,40,2023-09-17T13:12:02.455000+00:00,29.581,43.648,28.528,289.0,263.0,False,101.757,"[None, 2048, 2048, 2048, 2048, 2048, 2048, 2048]","[2048, 2048, 2048, 2048, 2048, 2048, 2048, 2048]","[2048, 2048, 2048, 2048, 2048, 2048, 2048, 2048]",285.0
1219,9165,77,40,2023-09-17T13:12:05.705000+00:00,29.473,44.245,36.383,289.0,259.0,False,110.101,"[None, 2048, 2048, 2048, 2048, 2048, 2048, 2048]","[2048, 2048, 2048, 2048, 2048, 2048, 2048, 2048]","[2048, 2048, 2048, 2048, 2048, 2064, 2064, 2064]",280.0
1219,9165,2,40,2023-09-17T13:12:16.470000+00:00,29.119,42.868,28.293,294.0,266.0,False,100.28,"[None, 2048, 2048, 2048, 2049, 2048, 2048, 2048]","[2048, 2048, 2048, 2048, 2048, 2048, 2048, 2048]","[2048, 2048, 2048, 2048, 2048, 2048, 2048]",
1219,9165,55,41,2023-09-17T13:13:05.501000+00:00,28.899,42.891,28.008,278.0,260.0,False,99.798,"[2049, 2048, 2048, 2048, 2048, 2048, 2048, 2048]","[2048, 2048, 2048, 2048, 2048, 2048, 2048, 2048]","[2048, 2048, 2048, 2048, 2048, 2048, 2048, 2048]",281.0
1219,9165,63,41,2023-09-17T13:13:06.267000+00:00,28.822,42.92,28.061,283.0,273.0,False,99.803,"[None, 2048, 2048, 2048, 2048, 2048, 2048, 2048]","[2048, 2048, 2048, 2048, 2048, 2048, 2048, 2048]","[2048, 2048, 2048, 2048, 2048, 2048, 2048, 2048]",286.0
1219,9165,4,41,2023-09-17T13:13:07.345000+00:00,28.828,43.002,27.832,284.0,273.0,False,99.662,"[None, 2049, 2048, 2048, 2048, 2048, 2048, 2048]","[2048, 2048, 2048, 2048, 2048, 2048, 2048, 2048]","[2048, 2048, 2048, 2048, 2048, 2048, 2048, 2049]",
1219,9165,44,41,2023-09-17T13:13:08.376000+00:00,29.077,42.71,27.911,281.0,258.0,False,99.698,"[None, 2048, 2048, 2048, 2048, 2048, 2048, 2048]","[2048, 2048, 2048, 2048, 2048, 2048, 2048, 2048]","[2048, 2048, 2048, 2048, 2048, 2048, 2048, 2048]",288.0
1219,9165,16,41,2023-09-17T13:13:09.954000+00:00,28.846,42.605,27.917,294.0,264.0,False,99.368,"[None, 2048, 2048, 2048, 2048, 2048, 2048, 2048]","[2048, 2048, 2048, 2048, 2048, 2048, 2048, 2048]","[2048, 2048, 2048, 2048, 2048, 2048, 2048]",285.0
1219,9165,1,41,2023-09-17T13:13:29.860000+00:00,50.246,41.626,27.376,286.0,261.0,True,119.248,"[2064, 2064, 2064, 2048, 2049, 2048, 2048, 2048]","[2049, 2051, 2048, 2049, 2049, 2049, 2049, 2048]","[2049, 2049, 2048, 2051, 2049, 2049, 2051, 2049]",
1219,9165,31,41,2023-09-17T13:13:30.126000+00:00,29.084,42.962,28.018,283.0,258.0,False,100.064,"[None, 2048, 2048, 2048, 2048, 2049, 2048, 2048]","[2048, 2049, 2048, 2048, 2048, 2048, 2048, 2048]","[2048, 2048, 2048, 2049, 2048, 2048, 2048]",
1219,9165,14,41,2023-09-17T13:13:32.344000+00:00,29.031,42.969,28.18,296.0,264.0,False,100.18,"[None, 2048, 2048, 2048, 2048, 2049, 2048, 2048]","[2049, 2048, 2048, 2048, 2048, 2049, 2048, 2048]","[2048, 2048, 2048, 2048, 2048, 2048, 2048, 2048]",288.0
1219,9165,10,41,2023-09-17T13:13:33.360000+00:00,29.271,42.653,28.01,288.0,261.0,False,99.934,"[None, 2048, 2048, 2048, 2048, 2048, 2048, 2048]","[2048, 2048, 2048, 2049, 2048, 2048, 2048, 2048]","[2048, 2048, 2048, 2048, 2048, 2048, 2048]",283.0
1219,9165,81,41,2023-09-17T13:13:34.641000+00:00,29.055,42.923,28.004,291.0,266.0,False,99.982,"[None, 2048, 2049, 2048, 2048, 2048, 2048, 2048]","[2048, 2048, 2048, 2048, 2048, 2049, 2048, 2048]","[2048, 2048, 2048, 2048, 2048, 2048, 2048]",286.0
1219,9165,40,41,2023-09-17T13:13:36.376000+00:00,29.342,42.916,28.057,281.0,261.0,False,100.315,"[None, 2048, 2048, 2048, 2048, 2048, 2048, 2048]","[2048, 2048, 2048, 2048, 2048, 2048, 2048, 2048]","[2048, 2048, 2048, 2048, 2048, 2048, 2048, 2048]",281.0
1219,9165,27,41,2023-09-17T13:13:37.298000+00:00,28.883,43.475,28.329,,265.0,False,100.687,"[None, 2048, 2048, 2048, 2048, 2048, 2048, 2048]","[2048, 2048, 2048, 2048, 2048, 2048, 2048, 2048]","[2048, 2048, 2048, 2048, 2048, 2048, 2048]",298.0
1219,9165,23,41,2023-09-17T13:13:37.907000+00:00,28.831,43.474,28.274,308.0,277.0,False,100.579,"[None, 2048, 2048, 2048, 2049, 2048, 2048, 2048]","[2048, 2048, 2048, 2048, 2048, 2048, 2048, 2048]","[2048, 2048, 2048, 2048, 2049, 2048, 2048]",303.0
1219,9165,24,41,2023-09-17T13:13:39.172000+00:00,29.426,43.128,28.299,289.0,261.0,False,100.853,"[None, 2048, 2048, 2048, 2048, 2048, 2048, 2048]","[2048, 2048, 2048, 2048, 2048, 2048, 2048, 2048]","[2048, 2048, 2048, 2048, 2048, 2048, 2048]",285.0
1219,9165,20,41,2023-09-17T13:13:44.204000+00:00,29.399,43.409,28.499,292.0,264.0,False,101.307,"[None, 2048, 2048, 2048, 2048, 2048, 2048, 2048]","[2048, 2048, 2048, 2048, 2048, 2048, 2048, 2048]","[2048, 2048, 2048, 2048, 2048, 2048, 2048]",286.0
1219,9165,77,41,2023-09-17T13:13:55.860000+00:00,50.701,42.218,27.832,282.0,257.0,True,120.751,"[2064, 2064, 2064, 2048, 2048, 2048, 2048, 2048]","[2049, 2049, 2049, 2049, 2048, 2049, 2049, 2049]","[2049, 2049, 2048, 2049, 2048, 2048, 2049, 2049]",
1219,9165,2,41,2023-09-17T13:13:56.672000+00:00,29.224,42.873,28.2,,266.0,False,100.297,"[None, 2048, 2048, 2048, 2048, 2048, 2048, 2048]","[2048, 2048, 2048, 2048, 2048, 2048, 2048, 2048]","[2048, 2049, 2048, 2048, 2048, 2048, 2048]",
1219,9165,11,41,2023-09-17T13:14:01.328000+00:00,29.039,41.884,27.628,289.0,263.0,False,98.551,"[2048, 2051, 2048, 2049, 2049, 2049, 2048, 2048]","[2049, 2049, 2049, 2048, 2049, 2049, 2049, 2048]","[2048, 2049, 2048, 2049, 2049, 2048, 2048, 2048]",285.0
1219,9165,55,42,2023-09-17T13:14:45.375000+00:00,28.853,42.883,28.203,286.0,261.0,False,99.939,"[2048, 2048, 2048, 2048, 2049, 2048, 2048, 2048]","[2048, 2048, 2048, 2048, 2048, 2048, 2048, 2048]","[2048, 2048, 2048, 2048, 2048, 2048, 2048, 2048]",
1219,9165,63,42,2023-09-17T13:14:46.078000+00:00,28.713,43.052,28.08,273.0,271.0,False,99.845,"[None, 2049, 2048, 2048, 2048, 2048, 2048, 2048]","[2048, 2048, 2048, 2048, 2048, 2048, 2048, 2048]","[2048, 2048, 2049, 2048, 2048, 2048, 2048, 2048]",297.0
1219,9165,4,42,2023-09-17T13:14:47.015000+00:00,28.539,43.082,27.985,290.0,273.0,False,99.606,"[2051, 2049, 2048, 2048, 2049, 2048, 2048, 2048]","[2048, 2048, 2048, 2048, 2048, 2048, 2048, 2048]","[2048, 2048, 2048, 2048, 2048, 2048, 2048, 2048]",302.0
1219,9165,44,42,2023-09-17T13:14:48.031000+00:00,29.128,42.912,27.646,283.0,257.0,False,99.686,"[None, 2048, 2048, 2048, 2048, 2048, 2048, 2048]","[2048, 2048, 2048, 2048, 2048, 2048, 2048, 2048]","[2048, 2048, 2048, 2048, 2048, 2048, 2048, 2048]",
1219,9165,16,42,2023-09-17T13:14:49.312000+00:00,29.058,42.82,28.01,293.0,263.0,False,99.888,"[None, 2048, 2048, 2048, 2048, 2048, 2048, 2048]","[2048, 2048, 2048, 2048, 2048, 2048, 2048, 2048]","[2048, 2048, 2049, 2048, 2048, 2048, 2048]",
1219,9165,31,42,2023-09-17T13:15:10.093000+00:00,29.075,42.846,28.074,284.0,258.0,False,99.995,"[None, 2048, 2048, 2048, 2048, 2049, 2048, 2048]","[2049, 2049, 2048, 2048, 2048, 2048, 2048, 2048]","[2048, 2048, 2048, 2048, 2048, 2048, 2048, 2048]",
1219,9165,14,42,2023-09-17T13:15:12.406000+00:00,29.285,42.92,27.941,294.0,267.0,False,100.146,"[None, 2048, 2048, 2048, 2048, 2049, 2048, 2048]","[2048, 2048, 2048, 2048, 2049, 2048, 2048, 2048]","[2048, 2049, 2048, 2048, 2048, 2049, 2048, 2048]",
1219,9165,10,42,2023-09-17T13:15:13.203000+00:00,28.913,43.099,27.823,302.0,269.0,False,99.835,"[None, 2048, 2048, 2048, 2048, 2048, 2048, 2048]","[2048, 2048, 2048, 2048, 2048, 2048, 2048, 2048]","[2048, 2048, 2048, 2048, 2048, 2049, 2048, 2049]",292.0
1219,9165,81,42,2023-09-17T13:15:14.531000+00:00,29.022,42.856,27.905,292.0,268.0,False,99.783,"[None, 2048, 2048, 2048, 2048, 2049, 2048, 2048]","[2048, 2048, 2048, 2051, 2048, 2049, 2048, 2048]","[2048, 2048, 2048, 2049, 2048, 2048, 2048]",288.0
1219,9165,40,42,2023-09-17T13:15:16.531000+00:00,29.261,42.875,28.045,287.0,261.0,False,100.181,"[None, 2048, 2048, 2048, 2048, 2049, 2048, 2048]","[2048, 2048, 2048, 2048, 2049, 2048, 2048, 2048]","[2048, 2048, 2048, 2049, 2048, 2048, 2048, 2048]",282.0
1219,9165,27,42,2023-09-17T13:15:17.890000+00:00,29.163,43.162,28.198,299.0,265.0,False,100.523,"[None, 2048, 2048, 2048, 2048, 2049, 2048, 2048]","[2049, 2048, 2048, 2048, 2048, 2048, 2048, 2048]","[2048, 2048, 2048, 2048, 2048, 2048, 2048, 2048]",288.0
1219,9165,23,42,2023-09-17T13:15:18.374000+00:00,28.895,43.587,28.155,318.0,275.0,False,100.637,"[None, 2048, 2048, 2048, 2048, 2048, 2048, 2048]","[2048, 2048, 2048, 2049, 2048, 2048, 2048, 2048]","[2048, 2048, 2048, 2048, 2048, 2048, 2048, 2049]",300.0
1219,9165,24,42,2023-09-17T13:15:19.937000+00:00,29.347,42.875,28.203,288.0,261.0,False,100.425,"[None, 2048, 2048, 2048, 2048, 2048, 2048, 2048]","[2048, 2048, 2048, 2049, 2048, 2048, 2048, 2048]","[2048, 2048, 2048, 2048, 2048, 2048, 2048, 2048]",281.0
1219,9165,20,42,2023-09-17T13:15:25.437000+00:00,29.316,43.192,28.448,291.0,263.0,False,100.956,"[None, 2048, 2048, 2048, 2048, 2048, 2048, 2048]","[2048, 2048, 2048, 2048, 2048, 2048, 2048, 2048]","[2048, 2048, 2048, 2048, 2048, 2048, 2048, 2048]",283.0
1219,9165,1,42,2023-09-17T13:15:29.093000+00:00,28.603,41.522,27.588,288.0,263.0,False,97.713,"[2048, 2048, 2049, 2049, 2049, 2051, 2048, 2048]","[2051, 2048, 2049, 2049, 2049, 2048, 2048, 2048]","[2048, 2049, 2049, 2048, 2048, 2048, 2048, 2049]",284.0
1219,9165,2,42,2023-09-17T13:15:36.952000+00:00,29.102,43.24,28.26,293.0,265.0,False,100.602,"[None, 2049, 2049, 2048, 2048, 2048, 2048, 2048]","[2048, 2048, 2048, 2048, 2048, 2048, 2048, 2048]","[2048, 2049, 2048, 2048, 2049, 2048, 2048, 2048]",288.0
1219,9165,11,42,2023-09-17T13:15:39.796000+00:00,28.843,41.97,27.896,290.0,262.0,False,98.709,"[None, 2048, 2049, 2049, 2049, 2049, 2048, 2048]","[2049, 2049, 2051, 2049, 2048, 2048, 2048, 2048]","[2048, 2049, 2048, 2048, 2048, 2048, 2048, 2048]",286.0
1219,9165,77,42,2023-09-17T13:15:56.562000+00:00,28.862,41.764,27.766,,257.0,False,98.392,"[2048, 2049, 2049, 2051, 2049, 2049, 2048, 2048]","[2049, 2049, 2049, 2049, 2049, 2049, 2048, 2048]","[2049, 2049, 2048, 2048, 2048, 2049, 2049, 2049]",277.0
1219,9165,55,43,2023-09-17T13:16:25.217000+00:00,28.694,42.565,27.989,291.0,260.0,False,99.248,"[None, 2049, 2048, 2048, 2049, 2048, 2048, 2049]","[2048, 2048, 2048, 2048, 2048, 2048, 2048, 2048]","[2048, 2049, 2049, 2048, 2048, 2048, 2048, 2048]",
1219,9165,63,43,2023-09-17T13:16:25.921000+00:00,28.521,42.876,28.085,303.0,273.0,False,99.482,"[2049, 2048, 2048, 2048, 2049, 2049, 2048, 2049]","[2048, 2048, 2048, 2048, 2048, 2048, 2048, 2048]","[2048, 2049, 2048, 2048, 2048, 2048, 2048, 2048]",299.0
1219,9165,4,43,2023-09-17T13:16:26.592000+00:00,28.698,43.016,27.846,303.0,278.0,False,99.56,"[2048, 2048, 2048, 2048, 2048, 2048, 2048, 2049]","[2048, 2048, 2048, 2048, 2048, 2048, 2048, 2048]","[2048, 2048, 2048, 2048, 2048, 2048, 2048, 2048]",293.0
1219,9165,44,43,2023-09-17T13:16:27.717000+00:00,28.987,42.643,27.661,,269.0,False,99.291,"[None, 2048, 2048, 2048, 2048, 2049, 2048, 2048]","[2048, 2048, 2048, 2048, 2048, 2048, 2048, 2048]","[2048, 2048, 2048, 2048, 2048, 2048, 2048, 2048]",289.0
1219,9165,16,43,2023-09-17T13:16:29.217000+00:00,29.018,42.891,28.087,292.0,261.0,False,99.996,"[None, 2048, 2048, 2048, 2048, 2048, 2048, 2048]","[2048, 2048, 2048, 2048, 2048, 2048, 2048, 2048]","[2048, 2048, 2048, 2048, 2048, 2048, 2048, 2048]",282.0
1219,9165,31,43,2023-09-17T13:16:50.170000+00:00,,,,,,False,,"[None, 0, 0, 0, 0, 0, 0, 0]",,,156.0
1219,9165,14,43,2023-09-17T13:16:52.670000+00:00,29.342,42.912,37.925,291.0,266.0,False,110.179,"[None, 2048, 2048, 2048, 2048, 2048, 2048, 2048]","[2048, 2048, 2048, 2048, 2048, 2048, 2048, 2048]","[2048, 2048, 2048, 2048, 2048, 2048, 2048, 2048]",287.0
1219,9165,10,43,2023-09-17T13:16:53.123000+00:00,29.184,43.244,38.063,303.0,268.0,False,110.491,"[None, 2048, 2048, 2048, 2048, 2048, 2048, 2048]","[2048, 2048, 2048, 2048, 2048, 2048, 2048, 2048]","[2048, 2048, 2048, 2048, 2048, 2048, 2048]",293.0
1219,9165,81,43,2023-09-17T13:16:54.436000+00:00,29.214,43.203,39.939,,269.0,False,112.356,"[None, 2048, 2048, 2048, 2048, 2048, 2048, 2048]","[2048, 2048, 2048, 2048, 2048, 2048, 2048, 2048]","[2048, 2048, 2048, 2048, 2048, 2048, 2048]",289.0
1219,9165,40,43,2023-09-17T13:16:56.811000+00:00,29.314,43.611,38.96,286.0,132.0,False,111.885,"[None, 2048, 2048, 2048, 2048, 2049, 2048, 2048]","[2048, 2048, 2048, 2048, 2048, 2048, 2048, 2048]","[2048, 2048, 2048, 2048, 2048, 2048, 2048]",
1219,9165,27,43,2023-09-17T13:16:58.483000+00:00,29.166,44.99,39.068,298.0,101.0,False,113.224,"[None, 2048, 2048, 2048, 2048, 2048, 2048, 2048]","[2048, 2048, 2048, 2048, 2048, 2048, 2048, 2048]","[2048, 2048, 2048, 2048, 2048, 2048, 2048, 2048]",283.0
1219,9165,23,43,2023-09-17T13:16:59.108000+00:00,28.758,47.809,44.362,317.0,74.0,False,120.929,"[None, 2048, 2048, 2048, 2048, 2048, 2049, 2048]","[2048, 2048, 2048, 2048, 2048, 2048, 2048, 2048]","[2048, 2048, 2048, 2048, 2048, 2064, 2064, 2064]",301.0
1219,9165,24,43,2023-09-17T13:17:00.451000+00:00,29.597,47.926,36.834,,120.0,False,114.357,"[None, 2048, 2048, 2048, 2048, 2048, 2048, 2048]","[2048, 2048, 2048, 2048, 2048, 2048, 2048, 2048]","[2048, 2048, 2048, 2048, 2048, 2048, 2048]",
1219,9165,20,43,2023-09-17T13:17:06.483000+00:00,30.009,53.746,42.247,,219.0,False,126.002,"[None, 2048, 2048, 2048, 2048, 2048, 2048, 2048]","[2048, 2048, 2048, 2048, 2048, 2048, 2048, 2048]","[2048, 2048, 2048, 2048, 2048, 2064, 2064, 2064]",285.0
1219,9165,1,43,2023-09-17T13:17:06.779000+00:00,29.711,49.36,37.286,310.0,177.0,False,116.357,"[2049, 2048, 2048, 2048, 2048, 2048, 2048, 2048]","[2048, 2048, 2048, 2048, 2048, 2048, 2048, 2048]","[2048, 2048, 2048, 2048, 2048, 2048, 2048]",290.0
1219,9165,2,43,2023-09-17T13:17:17.654000+00:00,30.274,53.597,44.537,296.0,221.0,False,128.408,"[None, 2048, 2048, 2048, 2048, 2048, 2049, 2048]","[2048, 2048, 2048, 2048, 2048, 2048, 2048, 2048]","[2048, 2048, 2048, 2048, 2048, 2064, 2064, 2064]",287.0
1219,9165,11,43,2023-09-17T13:17:18.529000+00:00,29.574,52.111,39.005,314.0,234.0,False,120.69,"[None, 2048, 2048, 2048, 2049, 2048, 2049, 2049]","[2048, 2048, 2048, 2048, 2048, 2048, 2048, 2048]","[2048, 2048, 2048, 2048, 2048, 2048, 2048]",
1219,9165,77,43,2023-09-17T13:17:34.935000+00:00,30.903,58.738,37.308,281.0,170.0,False,126.949,"[None, 2048, 2048, 2048, 2048, 2048, 2048, 2048]","[2048, 2048, 2048, 2048, 2048, 2048, 2048, 2048]","[2048, 2048, 2048, 2048, 2048, 2048, 2048]",232.0
1219,9165,55,44,2023-09-17T13:18:04.498000+00:00,43.527,57.157,37.886,218.0,131.0,False,138.57,"[None, 2048, 2048, 2048, 2048, 2048, 2048, 2048]","[2048, 2048, 2048, 2048, 2048, 2048, 2048, 2048]","[2048, 2048, 2048, 2048, 2048, 2048, 2048, 2048]",256.0
1219,9165,63,44,2023-09-17T13:18:05.404000+00:00,42.981,57.21,44.696,213.0,152.0,False,144.887,"[2048, 2048, 2048, 2048, 2048, 2048, 2048, 2048]","[2048, 2048, 2048, 2048, 2048, 2048, 2048, 2048]","[2048, 2048, 2048, 2048, 2048, 2064, 2064, 2064]",245.0
1219,9165,4,44,2023-09-17T13:18:06.138000+00:00,43.068,57.474,38.318,191.0,179.0,False,138.86,"[None, 2048, 2048, 2048, 2048, 2048, 2048, 2048]","[2048, 2048, 2048, 2048, 2048, 2048, 2048, 2048]","[2048, 2048, 2048, 2048, 2048, 2048, 2048]",174.0
1219,9165,44,44,2023-09-17T13:18:07.013000+00:00,43.283,57.74,44.693,220.0,159.0,False,145.716,"[None, 2048, 2048, 2048, 2048, 2048, 2048, 2048]","[2048, 2048, 2048, 2048, 2048, 2048, 2048, 2048]","[2048, 2048, 2048, 2048, 2048, 2064, 2064, 2064]",120.0
1219,9165,16,44,2023-09-17T13:18:09.185000+00:00,44.05,57.505,36.892,226.0,156.0,False,138.447,"[None, 2048, 2048, 2048, 2048, 2048, 2048, 2048]","[2048, 2048, 2048, 2048, 2048, 2048, 2048, 2048]","[2048, 2048, 2048, 2048, 2048, 2048, 2048]",131.0
1219,9165,14,44,2023-09-17T13:18:42.747000+00:00,42.443,58.47,43.847,166.0,184.0,False,144.76,"[None, 2048, 2048, 2048, 2048, 2048, 2048, 2048]","[2048, 2048, 2048, 2048, 2048, 2048, 2048, 2048]","[2048, 2048, 2048, 2048, 2048, 2064, 2064, 2064]",179.0
1219,9165,10,44,2023-09-17T13:18:43.560000+00:00,42.42,58.617,36.939,148.0,164.0,False,137.976,"[None, 2048, 2048, 2048, 2048, 2048, 2048, 2048]","[2048, 2048, 2048, 2048, 2048, 2048, 2048, 2048]","[2048, 2048, 2048, 2048, 2048, 2048, 2048]",178.0
1219,9165,81,44,2023-09-17T13:18:46.669000+00:00,41.184,58.034,37.08,141.0,218.0,False,136.298,"[None, 2048, 2048, 2048, 2048, 2048, 2048, 2048]","[2048, 2048, 2048, 2048, 2048, 2048, 2048, 2048]","[2048, 2048, 2048, 2048, 2048, 2048, 2048]",199.0
1219,9165,40,44,2023-09-17T13:18:48.653000+00:00,41.896,57.379,39.253,159.0,223.0,False,138.528,"[None, 2048, 2048, 2048, 2048, 2048, 2048, 2048]","[2048, 2048, 2048, 2048, 2048, 2048, 2048, 2048]","[2048, 2048, 2048, 2048, 2048, 2048, 2048]",158.0
1219,9165,27,44,2023-09-17T13:18:51.606000+00:00,40.744,58.273,37.636,148.0,197.0,False,136.653,"[None, 2048, 2048, 2048, 2048, 2048, 2048, 2048]","[2048, 2048, 2048, 2048, 2048, 2048, 2048, 2048]","[2048, 2048, 2048, 2048, 2048, 2048, 2048]",187.0
1219,9165,24,44,2023-09-17T13:18:54.716000+00:00,42.094,58.036,37.386,166.0,201.0,False,137.516,"[None, 2048, 2048, 2048, 2048, 2048, 2048, 2048]","[2048, 2048, 2048, 2048, 2048, 2048, 2048, 2048]","[2048, 2048, 2048, 2048, 2048, 2048, 2048]",187.0
1219,9165,23,44,2023-09-17T13:18:59.997000+00:00,58.993,58.844,37.141,178.0,182.0,True,154.978,"[2064, 2064, 2064, 2048, 2048, 2048, 2048, 2048]","[2048, 2048, 2048, 2048, 2048, 2048, 2048, 2048]","[2048, 2048, 2048, 2048, 2048, 2048, 2048, 0]",
1219,9165,1,44,2023-09-17T13:19:03.091000+00:00,40.972,58.004,38.546,248.0,154.0,False,137.522,"[2048, 2048, 2048, 2048, 2048, 2048, 2048, 2048]","[2048, 2048, 2048, 2048, 2048, 2048, 2048, 2048]","[2048, 2048, 2048, 2048, 2048, 2048, 2048]",239.0
1219,9165,20,44,2023-09-17T13:19:12.450000+00:00,62.198,57.865,37.048,162.0,182.0,True,157.111,"[2064, 2064, 2064, 2048, 2048, 2048, 2048, 2048]","[2048, 2048, 2048, 2048, 2048, 2048, 2048, 2048]","[2048, 2048, 2048, 2048, 2048, 2048, 2048, 0]",
1219,9165,11,44,2023-09-17T13:19:19.137000+00:00,41.351,58.297,37.744,215.0,166.0,False,137.392,"[None, 2048, 2048, 2048, 2048, 2048, 2048, 2048]","[2048, 2048, 2048, 2048, 2048, 2048, 2048, 2048]","[2048, 2048, 2048, 2048, 2048, 2048, 2048]",248.0
1219,9165,2,44,2023-09-17T13:19:26.028000+00:00,60.147,59.221,33.885,153.0,214.0,True,153.253,"[2064, 2064, 2064, 2048, 2048, 2048, 2048, 2048]","[2048, 2048, 2048, 2048, 2048, 2048, 2048, 2048]","[2048, 2048, 2048, 2048, 2048, 2048, 2048, 2049]",
1219,9165,77,44,2023-09-17T13:19:41.778000+00:00,41.867,58.178,34.36,183.0,150.0,False,134.405,"[None, 2048, 2048, 2048, 2048, 2048, 2048, 2048]","[2048, 2048, 2048, 2048, 2048, 2048, 2048, 2048]","[2048, 2048, 2048, 2048, 2048, 2048, 2048, 2048]",203.0
1219,9165,55,45,2023-09-17T13:20:23.074000+00:00,41.202,52.433,27.689,239.0,265.0,False,121.324,"[None, 2048, 2048, 2048, 2048, 2048, 2048, 2048]","[2048, 2048, None, None, 2048, 2048, 2048, 2049]","[2048, 2048, 2048, 2048, 2048, 2048, 2049, 2051]",248.0
1219,9165,4,45,2023-09-17T13:20:24.933000+00:00,40.028,53.052,27.668,225.0,268.0,False,120.748,"[None, 2048, 2048, 2048, 2048, 2048, 2048, 2048]","[2048, 2048, None, None, 2048, 2048, 2048, 2048]","[2048, 2048, 2049, 2049, 2048, 2049, 2049, 2049]",242.0
1219,9165,16,45,2023-09-17T13:20:27.574000+00:00,41.815,51.247,27.784,194.0,263.0,False,120.846,"[None, 2048, 2048, 2048, 2048, 2048, 2048, 2048]","[2048, 2048, None, None, 2048, 2048, 2048, 2048]","[2048, 2049, 2048, 2048, 2048, 2048, 2048, 2048]",125.0
1219,9165,63,45,2023-09-17T13:20:30.355000+00:00,58.172,46.108,27.389,223.0,266.0,True,131.669,"[2064, 2064, 2064, 2048, 2048, 2048, 2048, 2048]","[2048, 2048, 0, 0, 2049, 2049, 2049, 2048]","[2049, 2049, 2049, 2049, 2048, 2048, 2048, 2048]",
1219,9165,44,45,2023-09-17T13:20:32.808000+00:00,61.73,44.813,27.063,166.0,267.0,True,133.606,"[2064, 2064, 2064, 2048, 2048, 2048, 2048, 2048]","[2048, 2048, 2048, 2048, 2051, 2051, 2049, 2049]","[2051, 2049, 2048, 2051, 2051, 2051, 2049, 2048]",
1219,9165,10,45,2023-09-17T13:21:01.511000+00:00,40.158,43.58,27.5,165.0,262.0,False,111.238,"[None, 2048, 2048, 2048, 2048, 2048, 2048, 2048]","[2048, 2048, 2049, 2048, 2048, 2048, 2049, 2048]","[2049, 2048, 2048, 2049, 2049, 2049, 2048, 2048]",228.0
1219,9165,81,45,2023-09-17T13:21:02.996000+00:00,41.296,43.57,27.819,137.0,267.0,False,112.685,"[None, 2048, 2048, 2048, 2048, 2048, 2048, 2048]","[2048, 2048, 2048, 2048, 2048, 2048, 2048, 2048]","[2048, 2048, 2048, 2049, 2049, 2049, 2049, 2049]",180.0
1219,9165,40,45,2023-09-17T13:21:07.136000+00:00,39.814,43.141,27.926,192.0,262.0,False,110.881,"[None, 2048, 2048, 2048, 2048, 2048, 2048, 2048]","[2048, 2048, 2048, 2048, 2048, 2049, 2049, 2048]","[2048, 2048, 2049, 2049, 2049, 2048, 2048, 2048]",201.0
1219,9165,14,45,2023-09-17T13:21:07.730000+00:00,73.316,44.405,28.36,295.0,255.0,True,146.081,"[2064, 2064, 2064, 2048, 2048, 2048, 2048, 2048]","[2048, 2048, 2048, 2048, 2048, 2048, 2048, 2048]","[2048, 2048, 2048, 2048, 2048, 2049, 2051, 2051]",
1219,9165,27,45,2023-09-17T13:21:08.370000+00:00,40.319,43.655,28.012,257.0,262.0,False,111.986,"[None, 2048, 2048, 2048, 2048, 2048, 2048, 2048]","[2048, 2048, 2048, 2048, 2048, 2048, 2048, 2048]","[2048, 2048, 2048, 2048, 2048, 2048, 2048]",
1219,9165,24,45,2023-09-17T13:21:12.339000+00:00,39.718,42.909,28.005,274.0,260.0,False,110.632,"[None, 2048, 2048, 2048, 2048, 2048, 2048, 2048]","[2048, 2048, 2048, 2049, 2049, 2048, 2048, 2048]","[2048, 2048, 2048, 2048, 2048, 2049, 2048, 2048]",181.0
1219,9165,1,45,2023-09-17T13:21:20.589000+00:00,35.63,41.895,27.414,283.0,260.0,False,104.939,"[None, 2048, 2048, 2048, 2048, 2048, 2048, 2048]","[2048, 2048, 2048, 2048, 2048, 2048, 2048, 2048]","[2048, 2048, 2048, 2048, 2048, 2049, 2048, 2048]",183.0
1219,9165,23,45,2023-09-17T13:21:35.042000+00:00,31.396,41.854,27.669,293.0,268.0,False,100.919,"[2048, 2048, 2048, 2048, 2049, 2049, 2048, 2048]","[2049, 2051, 2049, 2048, 2049, 2048, 2049, 2048]","[2049, 2048, 2048, 2049, 2049, 2049, 2049]",185.0
1219,9165,11,45,2023-09-17T13:21:36.573000+00:00,30.627,42.053,27.549,288.0,270.0,False,100.229,"[None, 2048, 2048, 2048, 2048, 2048, 2048, 2048]","[2048, 2048, 2048, 2049, 2048, 2048, 2048, 2049]","[2049, 2048, 2048, 2048, 2048, 2048, 2049]",238.0
1219,9165,20,45,2023-09-17T13:21:49.573000+00:00,28.948,42.762,28.077,286.0,265.0,False,99.787,"[2048, 2049, 2048, 2049, 2048, 2049, 2048, 2048]","[2048, 2048, 2049, 2048, 2048, 2048, 2048, 2048]","[2049, 2048, 2048, 2049, 2048, 2048, 2048]",284.0
1219,9165,77,45,2023-09-17T13:21:56.307000+00:00,29.11,42.28,27.69,288.0,264.0,False,99.08,"[None, 2049, 2048, 2048, 2049, 2048, 2048, 2048]","[2048, 2048, 2048, 2049, 2048, 2048, 2048, 2049]","[2048, 2049, 2049, 2048, 2049, 2048, 2048]",280.0
1219,9165,2,45,2023-09-17T13:21:59.339000+00:00,28.806,41.953,27.772,298.0,269.0,False,98.531,"[2048, 2048, 2048, 2049, 2049, 2048, 2048, 2048]","[2049, 2049, 2048, 2051, 2049, 2049, 2049, 2049]","[2049, 2049, 2049, 2048, 2049, 2048, 2048]",288.0
1219,9165,55,46,2023-09-17T13:22:24.463000+00:00,28.677,41.798,27.438,287.0,262.0,False,97.913,"[2049, 2049, 2048, 2048, 2049, 2048, 2049, 2048]","[2049, 2049, 2048, 2048, 2048, 2048, 2048, 2048]","[2049, 2049, 2049, 2049, 2048, 2048, 2048, 2048]",282.0
1219,9165,4,46,2023-09-17T13:22:25.776000+00:00,28.63,41.946,27.47,294.0,267.0,False,98.046,"[None, 2048, 2048, 2049, 2049, 2049, 2048, 2048]","[2049, 2049, 2049, 2049, 2048, 2049, 2048, 2048]","[2049, 2048, 2049, 2048, 2048, 2049, 2049]",288.0
1219,9165,16,46,2023-09-17T13:22:28.495000+00:00,28.631,42.111,27.533,294.0,265.0,False,98.275,"[None, 2048, 2048, 2049, 2049, 2049, 2048, 2048]","[2048, 2049, 2048, 2049, 2049, 2049, 2048, 2048]","[2049, 2049, 2049, 2049, 2048, 2048, 2048]",286.0
1219,9165,63,46,2023-09-17T13:22:41.995000+00:00,28.276,40.83,27.167,287.0,265.0,False,96.273,"[2048, 2049, 2048, 2051, 2049, 2051, 2048, 2048]","[2051, 2051, 2051, 2049, 2049, 2051, 2049, 2048]","[2049, 2049, 2048, 2049, 2048, 2049, 2049, 2049]",284.0
1219,9165,44,46,2023-09-17T13:22:46.354000+00:00,28.692,41.25,27.011,279.0,263.0,False,96.953,"[2048, 2049, 2048, 2049, 2048, 2049, 2048, 2048]","[2048, 2049, 2049, 2049, 2051, 2049, 2049, 2048]","[2048, 2048, 2048, 2051, 2051, 2051, 2049, 2049]",285.0
1219,9165,10,46,2023-09-17T13:22:52.885000+00:00,28.779,41.942,27.556,286.0,261.0,False,98.277,"[None, 2048, 2049, 2049, 2049, 2049, 2048, 2048]","[2048, 2049, 2049, 2049, 2049, 2049, 2049, 2048]","[2048, 2048, 2048, 2048, 2049, 2049, 2049, 2048]",280.0
1219,9165,81,46,2023-09-17T13:22:55.760000+00:00,28.878,42.07,27.544,289.0,267.0,False,98.492,"[None, 2049, 2049, 2048, 2048, 2048, 2048, 2048]","[2048, 2049, 2049, 2049, 2049, 2049, 2049, 2048]","[2049, 2048, 2048, 2049, 2048, 2049, 2049, 2049]",287.0
1219,9165,40,46,2023-09-17T13:22:58.119000+00:00,29.102,42.299,27.731,289.0,264.0,False,99.132,"[None, 2048, 2048, 2049, 2049, 2049, 2048, 2048]","[2048, 2049, 2049, 2048, 2049, 2049, 2048, 2048]","[2049, 2048, 2049, 2048, 2048, 2049, 2049, 2048]",283.0
1219,9165,27,46,2023-09-17T13:23:00.354000+00:00,29.119,42.875,28.011,296.0,266.0,False,100.005,"[None, 2048, 2049, 2048, 2048, 2048, 2048, 2048]","[2048, 2049, 2048, 2049, 2048, 2048, 2048, 2048]","[2048, 2048, 2048, 2048, 2048, 2048, 2048, 2048]",286.0
1219,9165,24,46,2023-09-17T13:23:02.994000+00:00,29.069,42.329,27.918,293.0,266.0,False,99.316,"[None, 2049, 2048, 2048, 2049, 2048, 2048, 2048]","[2049, 2048, 2048, 2049, 2048, 2048, 2048, 2048]","[2049, 2048, 2048, 2048, 2048, 2048, 2048, 2048]",285.0
1219,9165,1,46,2023-09-17T13:23:05.525000+00:00,28.654,41.533,27.383,292.0,262.0,False,97.57,"[None, 2048, 2048, 2048, 2048, 2048, 2048, 2048]","[2048, 2048, 2048, 2049, 2049, 2049, 2051, 2048]","[2049, 2049, 2048, 2048, 2049, 2048, 2048, 2049]",283.0
1219,9165,23,46,2023-09-17T13:23:15.963000+00:00,28.549,41.519,27.274,294.0,268.0,False,97.342,"[None, 2049, 2049, 2049, 2049, 2049, 2048, 2048]","[2049, 2048, 2049, 2049, 2049, 2049, 2049, 2049]","[2051, 2049, 2048, 2049, 2049, 2049, 2049, 2049]",287.0
1219,9165,11,46,2023-09-17T13:23:16.775000+00:00,28.399,41.671,27.471,310.0,270.0,False,97.541,"[2049, 2048, 2049, 2048, 2048, 2049, 2049, 2048]","[2049, 2048, 2048, 2049, 2049, 2049, 2048, 2048]","[2048, 2051, 2049, 2048, 2049, 2048, 2049, 2048]",299.0
1219,9165,20,46,2023-09-17T13:23:29.291000+00:00,30.011,42.549,28.428,284.0,265.0,False,100.988,"[None, 2048, 2048, 2048, 2048, 2048, 2048, 2048]","[2048, 2048, 2048, 2048, 2049, 2049, 2048, 2048]","[2049, 2048, 2048, 2048, 2048, 2048, 2048, 2048]",
1219,9165,14,46,2023-09-17T13:23:33.697000+00:00,28.372,41.177,43.784,,267.0,False,113.333,"[2048, 2051, 2049, 2049, 2051, 2049, 2048, 2048]","[2049, 2049, 2049, 2049, 2049, 2049, 2049, 2049]","[2048, 2048, 2048, 2048, 2048, 2048, 2051]",289.0
1219,9165,77,46,2023-09-17T13:23:35.400000+00:00,28.812,42.016,28.151,285.0,259.0,False,98.979,"[None, 2048, 2049, 2048, 2049, 2048, 2049, 2048]","[2048, 2048, 2048, 2048, 2049, 2048, 2048, 2049]","[2048, 2048, 2048, 2048, 2048, 2048, 2048, 2048]",279.0
1219,9165,2,46,2023-09-17T13:23:37.853000+00:00,28.763,42.042,27.979,,267.0,False,98.784,"[None, 2048, 2049, 2048, 2048, 2048, 2048, 2048]","[2049, 2048, 2049, 2048, 2048, 2048, 2048, 2049]","[2048, 2048, 2048, 2049, 2049, 2048, 2048]",289.0
1219,9165,55,47,2023-09-17T13:24:02.306000+00:00,28.676,41.569,27.421,,262.0,False,97.666,"[2048, 2048, 2048, 2048, 2049, 2048, 2048, 2048]","[2049, 2049, 2048, 2049, 2049, 2048, 2048, 2048]","[2049, 2049, 2049, 2048, 2048, 2049, 2048, 2048]",
1219,9165,4,47,2023-09-17T13:24:03.837000+00:00,28.735,41.953,27.469,,267.0,False,98.157,"[None, 2048, 2048, 2048, 2048, 2049, 2048, 2048]","[2048, 2048, 2048, 2049, 2049, 2048, 2048, 2048]","[2049, 2049, 2048, 2048, 2048, 2049, 2048, 2049]",
1219,9165,16,47,2023-09-17T13:24:06.775000+00:00,28.714,42.182,27.507,295.0,266.0,False,98.403,"[None, 2049, 2048, 2048, 2048, 2048, 2048, 2048]","[2049, 2049, 2048, 2049, 2048, 2048, 2048, 2048]","[2049, 2049, 2049, 2049, 2048, 2048, 2048]",287.0
1219,9165,63,47,2023-09-17T13:24:18.165000+00:00,28.255,41.023,27.141,289.0,266.0,False,96.419,"[None, 2049, 2048, 2048, 2049, 2048, 2048, 2048]","[2048, 2048, 2048, 2049, 2049, 2048, 2051, 2048]","[2048, 2049, 2049, 2051, 2048, 2048, 2048, 2048]",285.0
1219,9165,44,47,2023-09-17T13:24:23.290000+00:00,28.21,40.658,26.999,289.0,263.0,False,95.867,"[None, 2048, 2051, 2049, 2048, 2049, 2048, 2048]","[2049, 2051, 2049, 2051, 2051, 2051, 2048, 2048]","[2049, 2049, 2048, 2048, 2051, 2048, 2048, 2048]",282.0
1219,9165,10,47,2023-09-17T13:24:31.134000+00:00,28.882,42.076,27.61,,259.0,False,98.568,"[None, 2048, 2048, 2048, 2048, 2048, 2048, 2048]","[2049, 2048, 2048, 2049, 2048, 2049, 2048, 2048]","[2048, 2048, 2048, 2048, 2048, 2049, 2049]",281.0
1219,9165,81,47,2023-09-17T13:24:34.306000+00:00,28.714,42.433,27.742,,266.0,False,98.889,"[None, 2049, 2049, 2049, 2048, 2049, 2048, 2048]","[2048, 2049, 2048, 2048, 2048, 2048, 2048, 2048]","[2048, 2048, 2048, 2048, 2048, 2048, 2048, 2048]",286.0
1219,9165,40,47,2023-09-17T13:24:37.259000+00:00,28.975,42.289,27.764,291.0,264.0,False,99.028,"[None, 2049, 2048, 2049, 2049, 2049, 2048, 2048]","[2049, 2049, 2049, 2049, 2048, 2048, 2048, 2048]","[2048, 2048, 2049, 2048, 2048, 2048, 2049]",282.0
1219,9165,27,47,2023-09-17T13:24:40.384000+00:00,28.996,42.983,27.992,,265.0,False,99.971,"[None, 2048, 2049, 2048, 2048, 2049, 2048, 2048]","[2049, 2048, 2048, 2048, 2049, 2048, 2048, 2048]","[2048, 2048, 2048, 2048, 2048, 2049, 2048, 2048]",287.0
1219,9165,24,47,2023-09-17T13:24:42.259000+00:00,28.882,43.328,28.275,291.0,263.0,False,100.485,"[None, 2048, 2049, 2048, 2049, 2049, 2048, 2048]","[2048, 2048, 2048, 2048, 2048, 2048, 2048, 2048]","[2048, 2049, 2048, 2048, 2048, 2048, 2048, 2048]",284.0
1219,9165,1,47,2023-09-17T13:24:43.180000+00:00,28.369,42.457,27.264,307.0,274.0,False,98.09,"[None, 2048, 2049, 2048, 2049, 2048, 2049, 2049]","[2048, 2048, 2048, 2048, 2048, 2048, 2048, 2048]","[2048, 2051, 2048, 2049, 2049, 2049, 2048]",286.0
1219,9165,23,47,2023-09-17T13:24:53.618000+00:00,28.64,41.892,27.515,295.0,268.0,False,98.047,"[None, 2048, 2049, 2049, 2048, 2048, 2048, 2048]","[2048, 2048, 2048, 2048, 2048, 2048, 2048, 2048]","[2048, 2048, 2048, 2048, 2048, 2049, 2049, 2048]",288.0
1219,9165,11,47,2023-09-17T13:24:54.399000+00:00,28.941,41.627,27.667,291.0,262.0,False,98.235,"[2048, 2048, 2048, 2048, 2048, 2048, 2048, 2048]","[2048, 2048, 2049, 2049, 2048, 2048, 2048, 2048]","[2048, 2048, 2048, 2048, 2049, 2048, 2048, 2048]",288.0
1219,9165,20,47,2023-09-17T13:25:10.383000+00:00,29.313,42.632,27.797,291.0,263.0,False,99.742,"[None, 2048, 2048, 2048, 2048, 2048, 2048, 2048]","[2049, 2049, 2048, 2048, 2048, 2048, 2048, 2048]","[2048, 2049, 2048, 2049, 2049, 2049, 2049, 2049]",
1219,9165,77,47,2023-09-17T13:25:14.289000+00:00,28.989,42.115,27.625,282.0,257.0,False,98.729,"[None, 2048, 2048, 2048, 2048, 2048, 2049, 2048]","[2048, 2048, 2048, 2048, 2048, 2048, 2049, 2048]","[2048, 2048, 2048, 2049, 2048, 2049, 2048, 2048]",277.0
1219,9165,2,47,2023-09-17T13:25:16.524000+00:00,28.803,42.061,27.725,297.0,267.0,False,98.589,"[None, 2048, 2049, 2048, 2048, 2048, 2049, 2048]","[2048, 2048, 2048, 2048, 2048, 2049, 2048, 2048]","[2048, 2049, 2048, 2049, 2049, 2048, 2049, 2049]",290.0
1219,9165,14,47,2023-09-17T13:25:27.024000+00:00,28.406,41.067,26.983,294.0,266.0,False,96.456,"[None, 2048, 2049, 2048, 2048, 2048, 2048, 2048]","[2049, 2049, 2051, 2048, 2048, 2049, 2048, 2048]","[2049, 2049, 2049, 2049, 2049, 2051, 2048, 2048]",287.0
1219,9165,55,48,2023-09-17T13:25:39.961000+00:00,28.586,42.039,27.575,288.0,262.0,False,98.2,"[2049, 2048, 2048, 2048, 2049, 2049, 2048, 2049]","[2048, 2048, 2048, 2049, 2048, 2048, 2048, 2048]","[2048, 2048, 2048, 2048, 2048, 2049, 2048, 2048]",283.0
1219,9165,4,48,2023-09-17T13:25:42.008000+00:00,28.533,42.103,27.413,,267.0,False,98.049,"[None, 2049, 2049, 2048, 2049, 2048, 2048, 2048]","[2048, 2048, 2048, 2048, 2048, 2048, 2048, 2048]","[2048, 2049, 2049, 2049, 2048, 2048, 2049, 2049]",289.0
1219,9165,16,48,2023-09-17T13:25:45.164000+00:00,28.721,42.114,27.661,291.0,263.0,False,98.496,"[None, 2048, 2048, 2048, 2048, 2048, 2048, 2048]","[2048, 2048, 2048, 2049, 2048, 2049, 2048, 2048]","[2048, 2049, 2048, 2048, 2048, 2048, 2048]",284.0
1219,9165,63,48,2023-09-17T13:25:54.633000+00:00,28.363,41.14,27.146,287.0,266.0,False,96.649,"[None, 2048, 2049, 2048, 2048, 2048, 2048, 2048]","[2048, 2048, 2048, 2048, 2048, 2048, 2048, 2048]","[2048, 2048, 2048, 2048, 2049, 2048, 2048, 2048]",
1219,9165,44,48,2023-09-17T13:25:59.180000+00:00,28.497,40.721,26.904,291.0,266.0,False,96.122,"[None, 2048, 2048, 2048, 2048, 2048, 2048, 2048]","[2049, 2048, 2049, 2051, 2048, 2051, 2048, 2048]","[2048, 2049, 2048, 2049, 2048, 2048, 2049, 2048]",285.0
1219,9165,10,48,2023-09-17T13:26:09.679000+00:00,28.786,42.121,27.641,,260.0,False,98.548,"[None, 2049, 2048, 2048, 2048, 2048, 2048, 2048]","[2049, 2048, 2048, 2048, 2048, 2048, 2048, 2048]","[2048, 2048, 2048, 2048, 2048, 2049, 2048]",
1219,9165,81,48,2023-09-17T13:26:13.164000+00:00,28.721,42.281,27.645,290.0,267.0,False,98.647,"[None, 2048, 2049, 2048, 2048, 2049, 2048, 2048]","[2048, 2048, 2048, 2048, 2048, 2048, 2048, 2048]","[2048, 2048, 2048, 2048, 2048, 2049, 2048, 2048]",283.0
1219,9165,40,48,2023-09-17T13:26:16.304000+00:00,29.063,42.405,27.918,286.0,261.0,False,99.386,"[None, 2048, 2048, 2049, 2048, 2048, 2048, 2048]","[2048, 2048, 2048, 2048, 2048, 2048, 2048, 2048]","[2048, 2048, 2048, 2048, 2048, 2048, 2049, 2048]",280.0
1219,9165,27,48,2023-09-17T13:26:20.336000+00:00,29.063,42.918,28.808,,264.0,False,100.789,"[None, 2048, 2048, 2048, 2048, 2048, 2048, 2048]","[2049, 2049, 2048, 2048, 2048, 2048, 2048, 2048]","[2048, 2048, 2048, 2048, 2048, 2048, 2048, 2048]",286.0
1219,9165,1,48,2023-09-17T13:26:21.164000+00:00,28.439,42.401,27.493,309.0,276.0,False,98.333,"[None, 2048, 2049, 2048, 2048, 2048, 2048, 2048]","[2048, 2048, 2048, 2048, 2048, 2048, 2048, 2051]","[2048, 2048, 2048, 2048, 2048, 2049, 2049]",283.0
1219,9165,24,48,2023-09-17T13:26:22.757000+00:00,29.181,42.622,27.987,288.0,263.0,False,99.79,"[None, 2048, 2048, 2048, 2048, 2048, 2048, 2048]","[2048, 2048, 2048, 2048, 2048, 2048, 2048, 2048]","[2048, 2049, 2048, 2048, 2048, 2048, 2048, 2048]",282.0
1219,9165,23,48,2023-09-17T13:26:31.335000+00:00,28.699,41.806,27.487,294.0,267.0,False,97.992,"[None, 2048, 2048, 2048, 2048, 2048, 2048, 2048]","[2048, 2048, 2048, 2049, 2048, 2048, 2048, 2048]","[2048, 2048, 2048, 2048, 2048, 2048, 2048]",287.0
1219,9165,11,48,2023-09-17T13:26:32.617000+00:00,28.945,41.884,27.522,,261.0,False,98.351,"[None, 2048, 2048, 2048, 2048, 2048, 2048, 2048]","[2048, 2049, 2048, 2048, 2049, 2048, 2048, 2048]","[2048, 2048, 2049, 2049, 2048, 2049, 2048, 2048]",286.0
1219,9165,20,48,2023-09-17T13:26:50.101000+00:00,28.655,41.834,27.618,292.0,265.0,False,98.107,"[None, 2048, 2049, 2049, 2048, 2048, 2048, 2048]","[2049, 2049, 2049, 2049, 2049, 2049, 2048, 2048]","[2049, 2048, 2048, 2048, 2048, 2049, 2049, 2049]",286.0
1219,9165,77,48,2023-09-17T13:26:53.070000+00:00,28.874,41.974,27.725,283.0,258.0,False,98.573,"[2049, 2048, 2048, 2048, 2048, 2048, 2048, 2048]","[2049, 2048, 2048, 2048, 2049, 2048, 2048, 2048]","[2048, 2048, 2048, 2048, 2048, 2048, 2048]",278.0
1219,9165,2,48,2023-09-17T13:26:55.226000+00:00,28.651,42.259,27.801,296.0,268.0,False,98.711,"[None, 2048, 2049, 2048, 2048, 2048, 2049, 2048]","[2048, 2048, 2048, 2048, 2048, 2048, 2048, 2048]","[2048, 2049, 2048, 2048, 2048, 2049, 2048, 2048]",289.0
1219,9165,14,48,2023-09-17T13:27:03.523000+00:00,29.735,42.141,27.914,282.0,262.0,False,99.79,"[None, 2048, 2048, 2048, 2048, 2048, 2048, 2048]","[2048, 2048, 2048, 2048, 2048, 2048, 2048, 2048]","[2048, 2049, 2048, 2048, 2048, 2048, 2048, 2048]",269.0
1219,9165,55,49,2023-09-17T13:27:18.038000+00:00,28.768,42.059,27.394,,263.0,False,98.221,"[2048, 2048, 2048, 2048, 2048, 2048, 2048, 2048]","[2048, 2048, 2048, 2048, 2048, 2048, 2048, 2048]","[2048, 2048, 2048, 2048, 2048, 2048, 2048, 2049]",282.0
1219,9165,4,49,2023-09-17T13:27:20.038000+00:00,28.599,42.125,27.449,291.0,268.0,False,98.173,"[None, 2048, 2048, 2049, 2049, 2049, 2048, 2048]","[2049, 2048, 2048, 2048, 2048, 2048, 2048, 2048]","[2048, 2049, 2048, 2048, 2048, 2048, 2048, 2048]",283.0
1219,9165,16,49,2023-09-17T13:27:23.679000+00:00,28.699,42.139,27.615,293.0,265.0,False,98.453,"[None, 2048, 2048, 2048, 2048, 2049, 2048, 2048]","[2048, 2048, 2048, 2049, 2048, 2049, 2048, 2048]","[2048, 2048, 2049, 2048, 2048, 2048, 2048, 2048]",286.0
1219,9165,63,49,2023-09-17T13:27:31.304000+00:00,28.359,41.104,27.106,288.0,267.0,False,96.569,"[None, 2048, 2049, 2048, 2048, 2048, 2048, 2048]","[2048, 2048, 2048, 2048, 2048, 2048, 2048, 2048]","[2048, 2049, 2048, 2048, 2048, 2048, 2048, 2048]",282.0
1219,9165,44,49,2023-09-17T13:27:35.288000+00:00,28.271,40.864,27.085,293.0,265.0,False,96.22,"[None, 2048, 2048, 2048, 2051, 2051, 2048, 2048]","[2051, 2048, 2048, 2048, 2048, 2051, 2048, 2048]","[2049, 2048, 2048, 2048, 2051, 2048, 2048, 2048]",
1219,9165,10,49,2023-09-17T13:27:48.225000+00:00,28.746,42.266,27.622,,260.0,False,98.634,"[None, 2048, 2048, 2048, 2048, 2049, 2048, 2048]","[2049, 2048, 2048, 2048, 2048, 2048, 2048, 2048]","[2048, 2048, 2048, 2048, 2048, 2048, 2048, 2048]",
1219,9165,81,49,2023-09-17T13:27:51.788000+00:00,28.678,42.505,27.825,289.0,266.0,False,99.008,"[None, 2049, 2049, 2048, 2049, 2048, 2048, 2048]","[2048, 2048, 2048, 2048, 2048, 2048, 2048, 2048]","[2048, 2048, 2048, 2048, 2048, 2048, 2048, 2048]",284.0
1219,9165,40,49,2023-09-17T13:27:55.678000+00:00,29.077,42.746,27.96,284.0,261.0,False,99.783,"[None, 2049, 2048, 2048, 2048, 2048, 2048, 2048]","[2048, 2048, 2048, 2048, 2048, 2048, 2048, 2048]","[2048, 2048, 2048, 2048, 2048, 2049, 2048, 2048]",281.0
1219,9165,1,49,2023-09-17T13:27:59.491000+00:00,28.514,41.362,27.209,290.0,261.0,False,97.085,"[None, 2049, 2049, 2048, 2048, 2048, 2048, 2048]","[2049, 2049, 2049, 2049, 2048, 2048, 2048, 2048]","[2048, 2048, 2048, 2049, 2048, 2049, 2048, 2049]",281.0
1219,9165,27,49,2023-09-17T13:28:01.163000+00:00,29.227,43.343,28.08,297.0,266.0,False,100.65,"[None, 2048, 2048, 2048, 2048, 2048, 2048, 2048]","[2048, 2048, 2048, 2048, 2048, 2048, 2048, 2048]","[2048, 2048, 2048, 2048, 2048, 2048, 2048, 2048]",
1219,9165,24,49,2023-09-17T13:28:02.522000+00:00,29.147,42.8,28.095,290.0,272.0,False,100.042,"[None, 2048, 2048, 2048, 2048, 2048, 2048, 2048]","[2048, 2048, 2048, 2048, 2048, 2048, 2048, 2048]","[2048, 2049, 2048, 2048, 2048, 2048, 2048, 2049]",
1219,9165,23,49,2023-09-17T13:28:09.334000+00:00,28.679,41.772,27.568,295.0,267.0,False,98.019,"[None, 2048, 2048, 2048, 2048, 2049, 2048, 2048]","[2048, 2048, 2048, 2049, 2048, 2048, 2048, 2048]","[2048, 2048, 2048, 2048, 2048, 2048, 2048]",
1219,9165,11,49,2023-09-17T13:28:10.975000+00:00,28.78,41.826,27.404,293.0,260.0,False,98.01,"[None, 2048, 2048, 2048, 2048, 2049, 2048, 2048]","[2048, 2048, 2048, 2048, 2048, 2048, 2048, 2048]","[2048, 2048, 2049, 2049, 2048, 2049, 2049, 2048]",
1219,9165,20,49,2023-09-17T13:28:28.240000+00:00,28.993,41.818,27.556,288.0,262.0,False,98.367,"[None, 2048, 2048, 2048, 2048, 2048, 2048, 2048]","[2048, 2049, 2049, 2048, 2048, 2049, 2048, 2048]","[2048, 2048, 2048, 2049, 2049, 2049, 2049, 2049]",283.0
1219,9165,77,49,2023-09-17T13:28:31.662000+00:00,29.055,41.796,27.674,,258.0,False,98.525,"[2048, 2048, 2048, 2048, 2048, 2049, 2049, 2048]","[2049, 2048, 2048, 2048, 2048, 2048, 2049, 2048]","[2048, 2049, 2048, 2048, 2048, 2048, 2048, 2048]",277.0
1219,9165,2,49,2023-09-17T13:28:33.944000+00:00,28.723,42.152,27.815,298.0,268.0,False,98.69,"[None, 2048, 2048, 2048, 2048, 2048, 2049, 2048]","[2048, 2049, 2048, 2048, 2048, 2048, 2048, 2048]","[2048, 2048, 2048, 2048, 2048, 2048, 2048, 2048]",
1219,9165,14,49,2023-09-17T13:28:43.318000+00:00,28.927,42.297,27.563,283.0,266.0,False,98.787,"[None, 2048, 2048, 2048, 2048, 2048, 2048, 2048]","[2048, 2048, 2048, 2048, 2048, 2048, 2048, 2048]","[2048, 2048, 2048, 2048, 2049, 2048, 2048, 2048]",287.0
1219,9165,55,50,2023-09-17T13:28:56.381000+00:00,28.678,41.94,28.019,289.0,262.0,False,98.637,"[2049, 2048, 2048, 2048, 2048, 2048, 2048, 2049]","[2048, 2048, 2048, 2048, 2048, 2048, 2048, 2048]","[2048, 2048, 2048, 2048, 2048, 2048, 2048, 2048]",283.0
1219,9165,4,50,2023-09-17T13:28:58.209000+00:00,28.612,42.099,27.437,294.0,268.0,False,98.148,"[None, 2048, 2049, 2048, 2048, 2048, 2048, 2048]","[2048, 2048, 2048, 2048, 2048, 2049, 2048, 2048]","[2048, 2049, 2049, 2048, 2048, 2049, 2048, 2048]",284.0
1219,9165,16,50,2023-09-17T13:29:02.224000+00:00,28.564,42.192,27.683,295.0,266.0,False,98.439,"[None, 2048, 2049, 2048, 2049, 2049, 2048, 2048]","[2048, 2048, 2048, 2048, 2048, 2049, 2048, 2048]","[2048, 2048, 2048, 2048, 2048, 2048, 2048, 2048]",287.0
1219,9165,63,50,2023-09-17T13:29:07.849000+00:00,28.327,41.395,27.284,292.0,267.0,False,97.006,"[None, 2048, 2048, 2048, 2048, 2048, 2048, 2048]","[2048, 2048, 2048, 2048, 2048, 2048, 2048, 2048]","[2048, 2048, 2048, 2048, 2049, 2048, 2048, 2048]",283.0
1219,9165,44,50,2023-09-17T13:29:11.506000+00:00,28.384,40.949,27.129,290.0,254.0,False,96.462,"[None, 2048, 2048, 2048, 2048, 2048, 2048, 2048]","[2048, 2048, 2048, 2048, 2048, 2051, 2048, 2048]","[2048, 2048, 2048, 2048, 2051, 2048, 2048, 2048]",284.0
1219,9165,10,50,2023-09-17T13:29:26.896000+00:00,28.871,42.234,27.583,,260.0,False,98.688,"[None, 2049, 2048, 2048, 2048, 2048, 2048, 2048]","[2049, 2048, 2048, 2048, 2048, 2048, 2048, 2048]","[2048, 2048, 2048, 2048, 2048, 2048, 2048, 2049]",
1219,9165,81,50,2023-09-17T13:29:30.833000+00:00,28.69,42.423,27.719,,266.0,False,98.832,"[None, 2048, 2048, 2049, 2049, 2048, 2048, 2048]","[2049, 2048, 2048, 2048, 2048, 2048, 2048, 2048]","[2048, 2048, 2048, 2048, 2048, 2048, 2048, 2049]",285.0
1219,9165,40,50,2023-09-17T13:29:35.412000+00:00,29.259,42.613,29.221,285.0,264.0,False,101.093,"[None, 2048, 2048, 2048, 2048, 2048, 2048, 2048]","[2048, 2048, 2048, 2048, 2048, 2048, 2048, 2048]","[2048, 2048, 2048, 2048, 2048, 2048, 2048, 2048]",
1219,9165,1,50,2023-09-17T13:29:36.708000+00:00,28.78,42.024,28.202,293.0,278.0,False,99.006,"[None, 2051, 2048, 2048, 2049, 2048, 2048, 2048]","[2048, 2048, 2048, 2048, 2048, 2048, 2048, 2048]","[2048, 2048, 2048, 2048, 2048, 2048, 2049]",285.0
1219,9165,27,50,2023-09-17T13:29:41.771000+00:00,29.103,42.925,27.895,294.0,265.0,False,99.923,"[None, 2048, 2049, 2048, 2048, 2048, 2048, 2048]","[2048, 2048, 2048, 2048, 2048, 2048, 2048, 2048]","[2049, 2048, 2048, 2048, 2048, 2049, 2048, 2048]",285.0
1219,9165,24,50,2023-09-17T13:29:42.583000+00:00,28.82,42.843,28.155,305.0,272.0,False,99.818,"[2049, 2048, 2048, 2048, 2049, 2048, 2049, 2048]","[2048, 2048, 2048, 2048, 2048, 2048, 2048, 2048]","[2048, 2049, 2048, 2048, 2048, 2049, 2048, 2049]",294.0
1219,9165,23,50,2023-09-17T13:29:47.365000+00:00,28.686,42.017,27.419,298.0,269.0,False,98.122,"[None, 2048, 2048, 2048, 2048, 2048, 2048, 2048]","[2048, 2048, 2048, 2048, 2048, 2048, 2048, 2048]","[2048, 2048, 2048, 2048, 2049, 2049, 2049]",288.0
1219,9165,11,50,2023-09-17T13:29:48.958000+00:00,28.809,41.523,27.467,292.0,261.0,False,97.799,"[None, 2048, 2049, 2048, 2048, 2048, 2048, 2048]","[2048, 2049, 2048, 2048, 2048, 2048, 2049, 2048]","[2048, 2048, 2048, 2048, 2049, 2048, 2049, 2049]",
1219,9165,20,50,2023-09-17T13:30:06.614000+00:00,28.817,41.853,27.61,289.0,263.0,False,98.28,"[None, 2048, 2048, 2048, 2048, 2049, 2048, 2048]","[2048, 2048, 2048, 2048, 2048, 2048, 2048, 2048]","[2048, 2048, 2048, 2048, 2048, 2048, 2049, 2049]",
1219,9165,77,50,2023-09-17T13:30:10.177000+00:00,28.799,41.705,27.588,284.0,259.0,False,98.092,"[None, 2049, 2049, 2048, 2048, 2049, 2048, 2048]","[2048, 2049, 2048, 2048, 2049, 2048, 2048, 2048]","[2048, 2049, 2048, 2049, 2048, 2048, 2048, 2048]",278.0
1219,9165,2,50,2023-09-17T13:30:12.614000+00:00,28.817,42.125,27.715,296.0,266.0,False,98.657,"[None, 2048, 2048, 2048, 2048, 2048, 2048, 2048]","[2048, 2048, 2048, 2048, 2049, 2049, 2048, 2048]","[2048, 2048, 2048, 2048, 2048, 2049, 2048, 2048]",
1219,9165,14,50,2023-09-17T13:30:22.067000+00:00,28.718,41.874,27.496,285.0,264.0,False,98.088,"[None, 2048, 2048, 2048, 2048, 2048, 2048, 2048]","[2048, 2048, 2048, 2048, 2048, 2048, 2048, 2048]","[2048, 2049, 2048, 2048, 2048, 2048, 2048, 2048]",288.0
1219,9165,55,51,2023-09-17T13:30:35.005000+00:00,28.708,41.883,27.449,290.0,263.0,False,98.04,"[2048, 2048, 2048, 2048, 2049, 2048, 2048, 2049]","[2048, 2048, 2048, 2048, 2048, 2048, 2048, 2048]","[2048, 2048, 2048, 2048, 2048, 2048, 2048, 2049]",284.0
1219,9165,4,51,2023-09-17T13:30:36.380000+00:00,28.645,42.127,27.352,293.0,268.0,False,98.124,"[None, 2048, 2048, 2048, 2048, 2048, 2048, 2048]","[2048, 2048, 2048, 2048, 2048, 2048, 2048, 2048]","[2049, 2048, 2049, 2048, 2048, 2049, 2048, 2049]",289.0
1219,9165,16,51,2023-09-17T13:30:40.567000+00:00,28.777,42.351,27.675,294.0,266.0,False,98.803,"[None, 2049, 2048, 2048, 2048, 2048, 2048, 2048]","[2048, 2048, 2048, 2048, 2048, 2048, 2048, 2048]","[2048, 2048, 2049, 2048, 2048, 2048, 2048, 2048]",
1219,9165,63,51,2023-09-17T13:30:44.880000+00:00,28.426,41.19,27.141,,268.0,False,96.757,"[None, 2048, 2048, 2048, 2048, 2048, 2048, 2048]","[2048, 2048, 2048, 2048, 2048, 2048, 2048, 2048]","[2048, 2048, 2049, 2048, 2051, 2048, 2048, 2048]",288.0
1219,9165,44,51,2023-09-17T13:30:47.973000+00:00,28.478,40.899,27.102,291.0,257.0,False,96.479,"[None, 2048, 2048, 2048, 2048, 2048, 2048, 2048]","[2048, 2048, 2048, 2048, 2048, 2048, 2048, 2048]","[2048, 2048, 2048, 2048, 2048, 2048, 2048, 2048]",286.0
1219,9165,10,51,2023-09-17T13:31:05.567000+00:00,28.7,42.278,27.547,287.0,260.0,False,98.525,"[None, 2048, 2049, 2048, 2048, 2049, 2048, 2048]","[2048, 2048, 2048, 2048, 2048, 2048, 2048, 2048]","[2048, 2048, 2048, 2048, 2048, 2049, 2048, 2048]",
1219,9165,81,51,2023-09-17T13:31:09.645000+00:00,28.68,42.445,27.531,,267.0,False,98.656,"[None, 2048, 2049, 2048, 2048, 2048, 2048, 2048]","[2048, 2048, 2048, 2048, 2048, 2048, 2049, 2048]","[2048, 2048, 2048, 2049, 2048, 2049, 2048, 2048]",284.0
1219,9165,1,51,2023-09-17T13:31:15.598000+00:00,28.628,41.326,27.19,286.0,261.0,False,97.144,"[None, 2048, 2048, 2048, 2048, 2048, 2048, 2048]","[2049, 2049, 2048, 2048, 2048, 2049, 2048, 2048]","[2048, 2048, 2048, 2049, 2049, 2049, 2048, 2048]",280.0
1219,9165,40,51,2023-09-17T13:31:16.598000+00:00,29.599,43.139,28.063,284.0,260.0,False,100.801,"[None, 2048, 2048, 2048, 2048, 2048, 2048, 2048]","[2048, 2048, 2048, 2048, 2048, 2048, 2048, 2048]","[2048, 2048, 2048, 2048, 2048, 2048, 2048]",291.0
1219,9165,27,51,2023-09-17T13:31:21.723000+00:00,29.112,43.325,28.292,,266.0,False,100.729,"[None, 2048, 2048, 2048, 2048, 2048, 2048, 2048]","[2048, 2048, 2048, 2048, 2048, 2048, 2048, 2048]","[2048, 2048, 2049, 2048, 2048, 2048, 2048]",286.0
1219,9165,24,51,2023-09-17T13:31:22.426000+00:00,28.954,42.951,28.577,306.0,278.0,False,100.482,"[None, 2048, 2048, 2048, 2048, 2048, 2049, 2048]","[2048, 2048, 2048, 2049, 2048, 2048, 2048, 2048]","[2048, 2049, 2048, 2048, 2048, 2048, 2048, 2048]",295.0
1219,9165,23,51,2023-09-17T13:31:25.488000+00:00,28.608,42.037,27.568,,269.0,False,98.213,"[None, 2048, 2048, 2048, 2048, 2048, 2048, 2048]","[2048, 2048, 2048, 2048, 2048, 2048, 2048, 2048]","[2048, 2051, 2049, 2048, 2048, 2048, 2048, 2048]",289.0
1219,9165,11,51,2023-09-17T13:31:26.785000+00:00,28.87,41.703,27.543,293.0,261.0,False,98.116,"[None, 2049, 2048, 2048, 2048, 2048, 2048, 2048]","[2048, 2048, 2048, 2048, 2048, 2048, 2049, 2048]","[2048, 2048, 2048, 2048, 2048, 2048, 2048, 2048]",288.0
1219,9165,20,51,2023-09-17T13:31:44.879000+00:00,28.778,41.822,27.615,290.0,264.0,False,98.215,"[None, 2049, 2048, 2048, 2048, 2049, 2048, 2048]","[2048, 2048, 2048, 2048, 2049, 2048, 2048, 2048]","[2048, 2048, 2048, 2048, 2048, 2048, 2048, 2048]",
1219,9165,77,51,2023-09-17T13:31:48.285000+00:00,28.693,41.797,27.585,286.0,260.0,False,98.075,"[2049, 2049, 2048, 2048, 2049, 2048, 2049, 2048]","[2048, 2048, 2048, 2048, 2048, 2048, 2048, 2048]","[2048, 2048, 2048, 2048, 2049, 2048, 2048]",280.0
1219,9165,2,51,2023-09-17T13:31:51.301000+00:00,28.712,42.077,27.831,298.0,267.0,False,98.62,"[None, 2049, 2048, 2048, 2048, 2048, 2048, 2048]","[2049, 2048, 2048, 2048, 2048, 2049, 2048, 2048]","[2049, 2048, 2048, 2048, 2048, 2048, 2048, 2048]",
1219,9165,14,51,2023-09-17T13:32:00.160000+00:00,28.927,42.083,27.453,281.0,262.0,False,98.463,"[None, 2048, 2048, 2048, 2048, 2048, 2049, 2048]","[2048, 2048, 2048, 2048, 2048, 2048, 2048, 2048]","[2048, 2048, 2048, 2048, 2048, 2048, 2048, 2048]",
1219,9165,55,52,2023-09-17T13:32:13.050000+00:00,28.57,42.08,27.568,292.0,264.0,False,98.218,"[2049, 2048, 2048, 2048, 2049, 2049, 2048, 2049]","[2048, 2048, 2048, 2048, 2048, 2048, 2048, 2048]","[2048, 2048, 2048, 2048, 2048, 2048, 2048, 2048]",286.0
1219,9165,4,52,2023-09-17T13:32:14.488000+00:00,28.643,42.184,27.423,,268.0,False,98.25,"[None, 2048, 2048, 2048, 2048, 2048, 2048, 2048]","[2048, 2048, 2048, 2048, 2048, 2048, 2048, 2048]","[2049, 2051, 2049, 2048, 2048, 2048, 2049, 2049]",287.0
1219,9165,16,52,2023-09-17T13:32:19.363000+00:00,28.68,42.417,27.751,296.0,266.0,False,98.848,"[None, 2048, 2048, 2048, 2049, 2048, 2048, 2048]","[2049, 2048, 2048, 2048, 2048, 2048, 2048, 2048]","[2048, 2048, 2048, 2048, 2048, 2048, 2048]",288.0
1219,9165,63,52,2023-09-17T13:32:21.613000+00:00,28.67,41.495,27.249,291.0,268.0,False,97.414,"[None, 2048, 2048, 2048, 2048, 2048, 2048, 2048]","[2048, 2048, 2048, 2048, 2048, 2048, 2048, 2048]","[2048, 2048, 2049, 2048, 2048, 2048, 2049, 2051]",283.0
1219,9165,44,52,2023-09-17T13:32:24.441000+00:00,28.412,41.18,26.963,292.0,261.0,False,96.555,"[None, 2048, 2048, 2048, 2048, 2048, 2048, 2048]","[2048, 2048, 2048, 2048, 2048, 2048, 2048, 2048]","[2048, 2049, 2049, 2048, 2048, 2048, 2048, 2048]",282.0
1219,9165,10,52,2023-09-17T13:32:44.081000+00:00,28.788,42.24,27.727,,260.0,False,98.755,"[None, 2048, 2048, 2048, 2048, 2048, 2048, 2048]","[2048, 2048, 2048, 2048, 2048, 2048, 2048, 2048]","[2048, 2048, 2048, 2048, 2048, 2048, 2049, 2049]",282.0
1219,9165,81,52,2023-09-17T13:32:48.300000+00:00,28.84,42.352,27.601,290.0,265.0,False,98.793,"[None, 2048, 2048, 2048, 2048, 2048, 2048, 2048]","[2048, 2048, 2048, 2048, 2048, 2048, 2048, 2048]","[2048, 2048, 2048, 2048, 2048, 2048, 2048, 2048]",
1219,9165,1,52,2023-09-17T13:32:52.847000+00:00,28.472,41.24,27.123,289.0,263.0,False,96.835,"[None, 2048, 2049, 2048, 2048, 2048, 2048, 2048]","[2048, 2048, 2049, 2049, 2049, 2048, 2048, 2048]","[2048, 2048, 2048, 2048, 2049, 2049, 2051]",286.0
1219,9165,40,52,2023-09-17T13:32:57.347000+00:00,29.196,42.691,28.063,282.0,260.0,False,99.95,"[None, 2048, 2049, 2048, 2048, 2048, 2048, 2048]","[2048, 2048, 2048, 2048, 2048, 2048, 2048, 2048]","[2048, 2048, 2048, 2048, 2048, 2048, 2048, 2048]",279.0
1219,9165,27,52,2023-09-17T13:33:02.456000+00:00,29.128,43.266,28.552,,266.0,False,100.946,"[None, 2048, 2049, 2048, 2048, 2048, 2048, 2048]","[2049, 2048, 2048, 2048, 2048, 2048, 2048, 2048]","[2048, 2048, 2048, 2048, 2048, 2048, 2048, 2048]",284.0
1219,9165,24,52,2023-09-17T13:33:02.894000+00:00,29.234,45.672,28.802,307.0,262.0,False,103.708,"[2048, 2048, 2048, 2048, 2048, 2048, 2048, 2048]","[2048, 2048, 2048, 2048, 2048, 2048, 2048, 2048]","[2048, 2048, 2048, 2048, 2048, 2048, 2048, 2048]",293.0
1219,9165,23,52,2023-09-17T13:33:03.675000+00:00,28.475,42.89,28.683,317.0,277.0,False,100.048,"[2049, 2048, 2048, 2048, 2048, 2048, 2049, 2051]","[2048, 2048, 2048, 2048, 2048, 2048, 2048, 2048]","[2048, 2048, 2048, 2048, 2048, 2048, 2048]",300.0
1219,9165,11,52,2023-09-17T13:33:04.940000+00:00,28.791,43.358,27.709,298.0,272.0,False,99.858,"[None, 2048, 2048, 2048, 2048, 2048, 2048, 2048]","[2048, 2048, 2048, 2048, 2048, 2048, 2048, 2048]","[2048, 2048, 2048, 2048, 2048, 2048, 2048]",289.0
1219,9165,20,52,2023-09-17T13:33:23.081000+00:00,28.805,42.065,27.537,289.0,263.0,False,98.407,"[None, 2048, 2048, 2048, 2048, 2048, 2048, 2048]","[2049, 2048, 2048, 2048, 2048, 2048, 2048, 2048]","[2048, 2049, 2048, 2048, 2048, 2049, 2048, 2048]",
1219,9165,77,52,2023-09-17T13:33:26.378000+00:00,28.796,41.84,,285.0,256.0,False,,"[2048, 2048, 2048, 2048, 2048, 2048, 2048, 2048]","[2048, 2048, 2048, 2048, 2048, 2048, 2048, 2048]",[2052],279.0
1219,9165,2,52,2023-09-17T13:33:29.909000+00:00,28.727,42.288,27.797,297.0,268.0,False,98.812,"[None, 2049, 2048, 2048, 2048, 2048, 2048, 2048]","[2048, 2048, 2048, 2048, 2048, 2048, 2048, 2048]","[2048, 2049, 2048, 2048, 2048, 2049, 2048]",288.0
1219,9165,14,52,2023-09-17T13:33:38.612000+00:00,28.702,41.693,27.548,283.0,258.0,False,97.943,"[None, 2048, 2048, 2048, 2048, 2048, 2048, 2048]","[2048, 2048, 2048, 2048, 2048, 2048, 2048, 2048]","[2048, 2051, 2048, 2048, 2048, 2048, 2048, 2048]",
1219,9165,55,53,2023-09-17T13:33:51.284000+00:00,28.695,42.101,27.531,289.0,262.0,False,98.327,"[2048, 2048, 2048, 2048, 2048, 2048, 2048, 2048]","[2048, 2048, 2048, 2048, 2048, 2048, 2048, 2048]","[2048, 2048, 2048, 2048, 2048, 2048, 2048, 2049]",283.0
1219,9165,4,53,2023-09-17T13:33:52.768000+00:00,28.627,42.363,27.402,295.0,268.0,False,98.392,"[None, 2048, 2048, 2048, 2048, 2048, 2048, 2048]","[2048, 2048, 2048, 2048, 2048, 2048, 2048, 2048]","[2048, 2048, 2048, 2048, 2048, 2048, 2049, 2049]",
1219,9165,16,53,2023-09-17T13:33:58.205000+00:00,28.704,42.508,29.001,294.0,267.0,False,100.213,"[None, 2048, 2048, 2048, 2048, 2048, 2048, 2048]","[2048, 2048, 2048, 2048, 2048, 2048, 2048, 2048]","[2048, 2048, 2048, 2048, 2048, 2048, 2048, 2048]",286.0
1219,9165,63,53,2023-09-17T13:33:59.034000+00:00,28.273,42.181,28.113,306.0,280.0,False,98.567,"[2051, 2049, 2048, 2048, 2048, 2048, 2049, 2049]","[2048, 2048, 2048, 2048, 2048, 2048, 2048, 2049]","[2048, 2049, 2048, 2048, 2048, 2048, 2048]",301.0
1219,9165,44,53,2023-09-17T13:34:01.002000+00:00,28.311,41.463,27.924,295.0,269.0,False,97.698,"[None, 2048, 2048, 2048, 2048, 2048, 2048, 2048]","[2048, 2048, 2048, 2048, 2048, 2048, 2048, 2048]","[2048, 2051, 2048, 2048, 2048, 2048, 2048, 2048]",288.0
1219,9165,10,53,2023-09-17T13:34:22.846000+00:00,28.861,42.263,27.594,,261.0,False,98.718,"[None, 2048, 2048, 2048, 2048, 2048, 2048, 2048]","[2048, 2048, 2048, 2048, 2048, 2048, 2048, 2048]","[2048, 2048, 2048, 2048, 2048, 2048, 2049, 2049]",
1219,9165,81,53,2023-09-17T13:34:27.064000+00:00,28.638,42.393,27.742,289.0,267.0,False,98.773,"[None, 2049, 2048, 2048, 2048, 2048, 2048, 2048]","[2048, 2048, 2048, 2048, 2048, 2048, 2048, 2048]","[2048, 2048, 2048, 2048, 2048, 2048, 2048, 2048]",285.0
1219,9165,1,53,2023-09-17T13:34:29.674000+00:00,28.473,41.433,27.226,292.0,262.0,False,97.132,"[None, 2048, 2048, 2048, 2048, 2048, 2048, 2048]","[2049, 2048, 2048, 2048, 2048, 2048, 2048, 2048]","[2048, 2049, 2048, 2048, 2048, 2048, 2048, 2048]",
1219,9165,40,53,2023-09-17T13:34:37.299000+00:00,29.18,42.95,27.866,285.0,261.0,False,99.996,"[None, 2048, 2048, 2048, 2048, 2048, 2048, 2048]","[2048, 2048, 2048, 2048, 2048, 2048, 2048, 2048]","[2048, 2048, 2048, 2048, 2048, 2048, 2049, 2049]",280.0
1219,9165,27,53,2023-09-17T13:34:43.377000+00:00,29.057,46.229,28.522,296.0,262.0,False,103.808,"[None, 2048, 2048, 2048, 2048, 2049, 2048, 2048]","[2048, 2048, 2048, 2048, 2048, 2048, 2048, 2048]","[2048, 2048, 2048, 2048, 2048, 2048, 2048]",283.0
1219,9165,23,53,2023-09-17T13:34:43.830000+00:00,28.804,43.12,27.689,307.0,267.0,False,99.613,"[2048, 2048, 2048, 2048, 2048, 2048, 2048, 2048]","[2048, 2048, 2048, 2048, 2048, 2048, 2048, 2048]","[2048, 2048, 2048, 2048, 2048, 2049, 2049]",298.0
1219,9165,11,53,2023-09-17T13:34:44.674000+00:00,28.658,42.719,27.943,313.0,270.0,False,99.32,"[None, 2048, 2048, 2048, 2049, 2048, 2049, 2049]","[2048, 2048, 2048, 2048, 2048, 2048, 2048, 2048]","[2048, 2048, 2048, 2048, 2048, 2048, 2048]",288.0
1219,9165,24,53,2023-09-17T13:34:46.596000+00:00,29.335,44.041,28.377,289.0,262.0,False,101.753,"[None, 2048, 2048, 2048, 2048, 2048, 2048, 2048]","[2048, 2048, 2048, 2048, 2048, 2048, 2048, 2048]","[2048, 2048, 2048, 2048, 2048, 2048, 2048, 2048]",281.0
1219,9165,20,53,2023-09-17T13:35:01.502000+00:00,28.866,42.207,27.62,290.0,264.0,False,98.693,"[None, 2048, 2048, 2048, 2048, 2048, 2048, 2048]","[2048, 2048, 2048, 2048, 2048, 2048, 2048, 2048]","[2048, 2048, 2048, 2048, 2048, 2048, 2048, 2048]",
1219,9165,2,53,2023-09-17T13:35:08.611000+00:00,28.748,42.342,27.893,296.0,268.0,False,98.983,"[None, 2048, 2048, 2048, 2048, 2048, 2048, 2048]","[2048, 2048, 2048, 2048, 2048, 2048, 2048, 2048]","[2048, 2048, 2048, 2048, 2048, 2048, 2048, 2048]",
1219,9165,14,53,2023-09-17T13:35:16.470000+00:00,28.742,42.195,27.622,291.0,267.0,False,98.559,"[None, 2048, 2048, 2048, 2048, 2048, 2048, 2048]","[2048, 2048, 2048, 2048, 2048, 2048, 2048, 2048]","[2048, 2048, 2048, 2048, 2048, 2048, 2048, 2048]",289.0
1219,9165,55,54,2023-09-17T13:35:29.579000+00:00,28.734,42.441,27.532,290.0,263.0,False,98.707,"[2049, 2048, 2048, 2048, 2048, 2048, 2048, 2048]","[2048, 2048, 2048, 2048, 2048, 2048, 2048, 2048]","[2048, 2048, 2048, 2048, 2048, 2048, 2048, 2048]",285.0
1219,9165,4,54,2023-09-17T13:35:31.111000+00:00,28.527,42.573,27.323,294.0,268.0,False,98.423,"[None, 2048, 2049, 2048, 2048, 2048, 2048, 2048]","[2048, 2048, 2048, 2048, 2048, 2048, 2048, 2048]","[2048, 2048, 2048, 2048, 2048, 2049, 2048, 2048]",290.0
1219,9165,63,54,2023-09-17T13:35:37.517000+00:00,28.788,41.444,27.164,287.0,264.0,False,97.396,"[2048, 2048, 2048, 2048, 2048, 2048, 2048, 2048]","[2048, 2048, 2048, 2048, 2048, 2048, 2048, 2048]","[2048, 2048, 2048, 2048, 2048, 2049, 2048, 2048]",285.0
1219,9165,16,54,2023-09-17T13:35:38.439000+00:00,29.18,44.211,28.44,298.0,266.0,False,101.831,"[2049, 2048, 2048, 2048, 2048, 2048, 2048, 2048]","[2048, 2048, 2048, 2048, 2048, 2048, 2048, 2048]","[2048, 2048, 2048, 2048, 2048, 2048, 2048, 2048]",299.0
1219,9165,44,54,2023-09-17T13:35:38.704000+00:00,28.85,41.778,27.296,314.0,265.0,False,97.924,"[None, 2048, 2048, 2048, 2051, 2048, 2049, 2049]","[2048, 2048, 2048, 2048, 2048, 2048, 2048, 2048]","[2048, 2048, 2048, 2048, 2048, 2048, 2048]",305.0
1219,9165,10,54,2023-09-17T13:36:01.548000+00:00,28.784,42.412,27.648,,261.0,False,98.844,"[None, 2048, 2048, 2048, 2048, 2048, 2048, 2048]","[2048, 2048, 2048, 2048, 2048, 2048, 2048, 2048]","[2048, 2048, 2048, 2048, 2048, 2049, 2048, 2048]",283.0
1219,9165,81,54,2023-09-17T13:36:05.876000+00:00,28.821,42.635,29.09,290.0,267.0,False,100.546,"[None, 2048, 2048, 2048, 2048, 2048, 2048, 2048]","[2048, 2048, 2048, 2048, 2048, 2048, 2048, 2048]","[2048, 2048, 2048, 2048, 2048, 2048, 2048, 2048]",283.0
1219,9165,1,54,2023-09-17T13:36:06.798000+00:00,28.438,42.164,27.594,312.0,280.0,False,98.196,"[None, 2048, 2048, 2048, 2048, 2048, 2049, 2049]","[2048, 2048, 2048, 2048, 2048, 2048, 2048, 2048]","[2048, 2048, 2048, 2048, 2048, 2051, 2048]",285.0
1219,9165,40,54,2023-09-17T13:36:17.266000+00:00,29.178,42.755,27.951,,261.0,False,99.884,"[None, 2048, 2049, 2048, 2048, 2048, 2048, 2048]","[2048, 2048, 2048, 2048, 2048, 2048, 2048, 2048]","[2048, 2048, 2048, 2048, 2048, 2048, 2048, 2048]",279.0
1219,9165,23,54,2023-09-17T13:36:23.266000+00:00,28.577,42.134,27.515,296.0,268.0,False,98.226,"[None, 2048, 2048, 2048, 2048, 2048, 2048, 2048]","[2048, 2048, 2048, 2048, 2048, 2048, 2048, 2048]","[2048, 2048, 2048, 2048, 2048, 2048, 2048, 2048]",283.0
1219,9165,11,54,2023-09-17T13:36:23.969000+00:00,28.483,42.129,27.774,312.0,272.0,False,98.386,"[None, 2051, 2048, 2048, 2048, 2048, 2048, 2048]","[2048, 2048, 2048, 2048, 2048, 2048, 2048, 2048]","[2048, 2048, 2048, 2048, 2048, 2048, 2048, 2048]",300.0
1219,9165,27,54,2023-09-17T13:36:27.188000+00:00,29.426,44.035,28.457,293.0,262.0,False,101.918,"[None, 2048, 2048, 2048, 2048, 2048, 2048, 2048]","[2048, 2048, 2048, 2048, 2048, 2048, 2048, 2048]","[2048, 2048, 2048, 2048, 2048, 2048, 2048, 2048]",284.0
1219,9165,24,54,2023-09-17T13:36:28.360000+00:00,29.511,43.642,28.555,286.0,261.0,False,101.708,"[None, 2048, 2048, 2048, 2048, 2048, 2048, 2048]","[2048, 2048, 2048, 2048, 2048, 2048, 2048, 2048]","[2048, 2048, 2048, 2048, 2048, 2048, 2048, 2048]",282.0
1219,9165,20,54,2023-09-17T13:36:40.172000+00:00,28.954,41.955,27.586,,264.0,False,98.495,"[None, 2048, 2048, 2048, 2048, 2048, 2048, 2048]","[2048, 2048, 2048, 2048, 2048, 2048, 2048, 2048]","[2048, 2048, 2048, 2049, 2049, 2048, 2048, 2048]",
1219,9165,2,54,2023-09-17T13:36:47.688000+00:00,28.814,42.329,27.79,,267.0,False,98.933,"[None, 2049, 2049, 2048, 2048, 2048, 2048, 2048]","[2048, 2048, 2048, 2048, 2048, 2048, 2048, 2048]","[2048, 2048, 2048, 2048, 2048, 2048, 2049, 2049]",
1219,9165,14,54,2023-09-17T13:36:55.141000+00:00,28.741,41.928,27.51,281.0,262.0,False,98.179,"[None, 2048, 2048, 2048, 2048, 2048, 2049, 2048]","[2048, 2048, 2048, 2048, 2048, 2048, 2048, 2048]","[2048, 2048, 2048, 2048, 2048, 2048, 2048, 2048]",286.0
1219,9165,55,55,2023-09-17T13:37:08.688000+00:00,28.682,42.326,27.533,291.0,264.0,False,98.541,"[2048, 2048, 2048, 2048, 2048, 2048, 2049, 2048]","[2048, 2048, 2048, 2048, 2048, 2048, 2048, 2048]","[2048, 2048, 2048, 2048, 2048, 2048, 2048, 2048]",
1219,9165,4,55,2023-09-17T13:37:09.531000+00:00,28.668,42.352,27.472,,268.0,False,98.492,"[None, 2049, 2048, 2048, 2048, 2048, 2048, 2048]","[2048, 2048, 2048, 2048, 2048, 2048, 2048, 2048]","[2048, 2048, 2048, 2048, 2048, 2048, 2048]",288.0
1219,9165,63,55,2023-09-17T13:37:15+00:00,28.464,41.308,27.165,292.0,267.0,False,96.937,"[None, 2048, 2048, 2048, 2049, 2048, 2048, 2048]","[2048, 2048, 2048, 2048, 2048, 2048, 2048, 2048]","[2048, 2048, 2048, 2048, 2048, 2048, 2048, 2048]",284.0
1219,9165,44,55,2023-09-17T13:37:16.516000+00:00,28.475,41.57,27.176,287.0,262.0,False,97.221,"[None, 2048, 2048, 2048, 2048, 2048, 2048, 2048]","[2048, 2048, 2048, 2048, 2048, 2048, 2048, 2048]","[2048, 2048, 2048, 2048, 2048, 2048, 2048, 2048]",283.0
1219,9165,16,55,2023-09-17T13:37:20.234000+00:00,29.288,43.125,28.204,291.0,264.0,False,100.617,"[2048, 2048, 2048, 2048, 2048, 2048, 2048, 2048]","[2048, 2048, 2048, 2048, 2048, 2048, 2048, 2048]","[2048, 2048, 2048, 2048, 2048, 2048, 2048]",285.0
1219,9165,10,55,2023-09-17T13:37:40.390000+00:00,29.014,42.644,27.715,,260.0,False,99.373,"[None, 2049, 2048, 2048, 2048, 2048, 2048, 2048]","[2048, 2048, 2048, 2048, 2048, 2048, 2048, 2048]","[2048, 2048, 2048, 2048, 2048, 2048, 2048, 2048]",282.0
1219,9165,1,55,2023-09-17T13:37:44.906000+00:00,28.515,41.295,27.089,289.0,262.0,False,96.899,"[None, 2048, 2048, 2048, 2049, 2048, 2048, 2048]","[2049, 2048, 2048, 2048, 2048, 2048, 2048, 2048]","[2049, 2049, 2048, 2048, 2048, 2048, 2048, 2048]",284.0
1219,9165,81,55,2023-09-17T13:37:46.390000+00:00,28.9,43.142,28.066,291.0,267.0,False,100.108,"[None, 2049, 2048, 2048, 2048, 2048, 2048, 2048]","[2048, 2048, 2048, 2048, 2048, 2048, 2048, 2048]","[2048, 2048, 2048, 2048, 2048, 2048, 2048]",299.0
1219,9165,40,55,2023-09-17T13:37:57.171000+00:00,29.176,42.605,28.022,,260.0,False,99.803,"[None, 2048, 2049, 2048, 2048, 2048, 2048, 2048]","[2048, 2048, 2048, 2048, 2048, 2048, 2048, 2048]","[2048, 2048, 2048, 2048, 2048, 2048, 2048]",
1219,9165,23,55,2023-09-17T13:38:01.609000+00:00,28.542,41.718,27.396,297.0,269.0,False,97.656,"[None, 2048, 2048, 2048, 2048, 2048, 2048, 2048]","[2048, 2048, 2048, 2048, 2049, 2048, 2048, 2048]","[2048, 2048, 2048, 2048, 2048, 2049, 2048]",288.0
1219,9165,11,55,2023-09-17T13:38:02.484000+00:00,28.446,41.639,27.661,310.0,273.0,False,97.746,"[None, 2048, 2048, 2048, 2048, 2049, 2049, 2048]","[2048, 2048, 2048, 2049, 2048, 2048, 2048, 2048]","[2048, 2049, 2048, 2048, 2048, 2048, 2048, 2048]",
1219,9165,27,55,2023-09-17T13:38:09.156000+00:00,29.316,43.511,28.333,290.0,261.0,False,101.16,"[None, 2048, 2048, 2048, 2048, 2048, 2048, 2048]","[2048, 2048, 2048, 2048, 2048, 2048, 2048, 2048]","[2048, 2048, 2048, 2048, 2048, 2048, 2048, 2048]",282.0
1219,9165,24,55,2023-09-17T13:38:10.093000+00:00,29.454,43.0,28.344,288.0,269.0,False,100.798,"[None, 2048, 2048, 2048, 2048, 2048, 2048, 2048]","[2048, 2048, 2048, 2048, 2048, 2048, 2048, 2048]","[2048, 2048, 2048, 2048, 2048, 2048, 2048, 2048]",
1219,9165,20,55,2023-09-17T13:38:18.671000+00:00,28.8,41.958,27.532,291.0,264.0,False,98.29,"[None, 2048, 2048, 2048, 2048, 2048, 2048, 2048]","[2049, 2048, 2049, 2048, 2048, 2048, 2048, 2048]","[2049, 2048, 2048, 2048, 2048, 2049, 2048, 2048]",
1219,9165,2,55,2023-09-17T13:38:26.640000+00:00,28.823,42.279,27.756,,268.0,False,98.858,"[None, 2048, 2048, 2048, 2048, 2048, 2048, 2048]","[2048, 2048, 2048, 2048, 2048, 2048, 2048, 2049]","[2049, 2048, 2048, 2048, 2048, 2048, 2049]",
1219,9165,14,55,2023-09-17T13:38:33.296000+00:00,28.772,41.762,27.478,288.0,261.0,False,98.012,"[None, 2048, 2048, 2048, 2048, 2048, 2048, 2048]","[2048, 2048, 2048, 2048, 2048, 2048, 2048, 2048]","[2048, 2048, 2048, 2048, 2048, 2048, 2048, 2048]",285.0
1219,9165,55,56,2023-09-17T13:38:46.890000+00:00,28.839,42.219,27.462,290.0,263.0,False,98.52,"[None, 2048, 2048, 2048, 2048, 2048, 2048, 2048]","[2048, 2048, 2048, 2048, 2048, 2048, 2048, 2048]","[2048, 2049, 2049, 2048, 2048, 2048, 2049, 2048]",284.0
1219,9165,4,56,2023-09-17T13:38:48.046000+00:00,28.621,42.432,27.42,295.0,269.0,False,98.473,"[None, 2048, 2048, 2048, 2048, 2048, 2048, 2048]","[2048, 2048, 2048, 2048, 2048, 2048, 2048, 2048]","[2048, 2048, 2048, 2048, 2048, 2048, 2048, 2048]",290.0
1219,9165,63,56,2023-09-17T13:38:51.952000+00:00,28.413,41.34,27.276,291.0,268.0,False,97.029,"[None, 2048, 2048, 2048, 2048, 2048, 2048, 2048]","[2048, 2048, 2048, 2048, 2049, 2048, 2048, 2048]","[2048, 2048, 2048, 2048, 2048, 2048, 2048, 2048]",287.0
1219,9165,44,56,2023-09-17T13:38:53.858000+00:00,28.315,41.097,26.999,294.0,268.0,False,96.411,"[None, 2048, 2048, 2048, 2048, 2048, 2048, 2048]","[2048, 2048, 2048, 2048, 2048, 2048, 2048, 2048]","[2048, 2048, 2048, 2048, 2048, 2048, 2048, 2048]",284.0
1219,9165,16,56,2023-09-17T13:39:00.889000+00:00,29.131,43.093,28.074,289.0,262.0,False,100.298,"[None, 2048, 2048, 2048, 2048, 2048, 2048, 2048]","[2048, 2048, 2048, 2048, 2048, 2048, 2048, 2048]","[2048, 2048, 2048, 2048, 2048, 2048, 2048, 2048]",282.0
1219,9165,10,56,2023-09-17T13:39:19.749000+00:00,28.943,42.573,27.776,,261.0,False,99.292,"[None, 2048, 2048, 2048, 2048, 2048, 2048, 2048]","[2048, 2048, 2048, 2048, 2048, 2048, 2048, 2048]","[2048, 2048, 2048, 2048, 2048, 2048, 2048, 2048]",
1219,9165,1,56,2023-09-17T13:39:21.920000+00:00,28.578,41.452,27.489,291.0,273.0,False,97.519,"[None, 2048, 2048, 2048, 2048, 2048, 2048, 2048]","[2048, 2048, 2048, 2049, 2048, 2048, 2048, 2048]","[2048, 2049, 2048, 2048, 2048, 2048, 2048, 2048]",286.0
1219,9165,81,56,2023-09-17T13:39:26.530000+00:00,28.875,42.442,27.824,290.0,268.0,False,99.141,"[None, 2048, 2048, 2048, 2048, 2048, 2048, 2048]","[2048, 2048, 2048, 2048, 2048, 2048, 2048, 2048]","[2048, 2048, 2048, 2048, 2048, 2048, 2048, 2048]",283.0
1219,9165,40,56,2023-09-17T13:39:36.983000+00:00,29.091,42.838,28.033,,260.0,False,99.962,"[None, 2048, 2048, 2048, 2048, 2049, 2048, 2048]","[2048, 2048, 2048, 2048, 2048, 2048, 2048, 2048]","[2048, 2048, 2048, 2048, 2048, 2048, 2049, 2049]",280.0
1219,9165,23,56,2023-09-17T13:39:39.248000+00:00,28.622,42.088,27.677,,267.0,False,98.387,"[None, 2048, 2048, 2048, 2048, 2048, 2048, 2048]","[2048, 2048, 2048, 2048, 2048, 2048, 2048, 2048]","[2048, 2049, 2048, 2048, 2048, 2048, 2048, 2049]",289.0
1219,9165,11,56,2023-09-17T13:39:40.217000+00:00,28.479,41.775,27.762,311.0,274.0,False,98.016,"[None, 2051, 2048, 2048, 2048, 2048, 2049, 2049]","[2048, 2048, 2048, 2048, 2048, 2048, 2048, 2048]","[2048, 2049, 2048, 2048, 2048, 2048, 2049, 2049]",
1219,9165,27,56,2023-09-17T13:39:50.295000+00:00,29.326,43.672,28.287,291.0,266.0,False,101.285,"[None, 2048, 2048, 2048, 2048, 2048, 2048, 2048]","[2048, 2048, 2048, 2048, 2048, 2048, 2048, 2048]","[2048, 2048, 2048, 2048, 2048, 2048, 2048]",283.0
1219,9165,24,56,2023-09-17T13:39:50.858000+00:00,29.094,43.492,28.629,301.0,279.0,False,101.215,"[None, 2048, 2048, 2048, 2048, 2048, 2048, 2048]","[2048, 2048, 2048, 2048, 2048, 2048, 2048, 2048]","[2048, 2048, 2048, 2048, 2048, 2048, 2048, 2048]",294.0
1219,9165,20,56,2023-09-17T13:39:56.951000+00:00,28.856,42.026,27.685,294.0,267.0,False,98.567,"[None, 2049, 2048, 2048, 2048, 2048, 2048, 2048]","[2048, 2048, 2048, 2048, 2048, 2048, 2048, 2048]","[2048, 2049, 2048, 2048, 2048, 2048, 2048, 2048]",287.0
1219,9165,2,56,2023-09-17T13:40:05.545000+00:00,28.8,42.27,27.811,,268.0,False,98.881,"[None, 2048, 2048, 2048, 2048, 2048, 2048, 2048]","[2048, 2048, 2048, 2048, 2048, 2048, 2048, 2048]","[2048, 2048, 2048, 2048, 2048, 2048, 2048, 2048]",
1219,9165,14,56,2023-09-17T13:40:11.311000+00:00,28.819,42.129,27.488,283.0,262.0,False,98.436,"[None, 2048, 2048, 2048, 2048, 2048, 2048, 2048]","[2048, 2048, 2048, 2048, 2048, 2048, 2048, 2048]","[2048, 2048, 2048, 2048, 2048, 2048, 2048, 2048]",287.0
1219,9165,55,57,2023-09-17T13:40:25.373000+00:00,28.755,42.398,27.756,291.0,264.0,False,98.909,"[None, 2048, 2048, 2048, 2048, 2048, 2048, 2048]","[2048, 2048, 2048, 2048, 2048, 2048, 2048, 2048]","[2048, 2048, 2048, 2048, 2048, 2048, 2049, 2048]",285.0
1219,9165,4,57,2023-09-17T13:40:26.498000+00:00,28.586,42.495,27.536,296.0,268.0,False,98.617,"[None, 2048, 2048, 2048, 2048, 2048, 2048, 2048]","[2048, 2048, 2048, 2048, 2048, 2048, 2048, 2048]","[2048, 2048, 2048, 2048, 2048, 2048, 2048, 2048]",
1219,9165,63,57,2023-09-17T13:40:28.998000+00:00,28.37,41.49,27.386,293.0,267.0,False,97.246,"[None, 2048, 2048, 2048, 2048, 2048, 2048, 2048]","[2048, 2048, 2048, 2048, 2048, 2048, 2048, 2048]","[2048, 2048, 2048, 2048, 2048, 2048, 2048, 2048]",286.0
1219,9165,44,57,2023-09-17T13:40:30.248000+00:00,28.385,41.477,27.249,296.0,254.0,False,97.111,"[None, 2049, 2048, 2048, 2048, 2048, 2048, 2048]","[2048, 2048, 2048, 2048, 2048, 2048, 2048, 2048]","[2048, 2048, 2048, 2048, 2048, 2048, 2048, 2048]",289.0
1219,9165,16,57,2023-09-17T13:40:41.201000+00:00,29.15,42.839,28.054,287.0,260.0,False,100.043,"[None, 2048, 2048, 2048, 2048, 2048, 2048, 2048]","[2048, 2048, 2048, 2048, 2048, 2048, 2048, 2048]","[2048, 2048, 2048, 2048, 2048, 2048, 2048, 2048]",280.0
1219,9165,10,57,2023-09-17T13:40:59.060000+00:00,28.922,43.092,28.86,288.0,261.0,False,100.874,"[None, 2049, 2048, 2048, 2048, 2048, 2048, 2048]","[2048, 2048, 2048, 2048, 2048, 2048, 2048, 2048]","[2048, 2048, 2048, 2048, 2048, 2048, 2048, 2048]",283.0
1219,9165,1,57,2023-09-17T13:40:59.435000+00:00,28.694,42.968,27.637,316.0,276.0,False,99.299,"[2049, 2048, 2048, 2048, 2049, 2048, 2048, 2049]","[2048, 2048, 2048, 2048, 2048, 2048, 2048, 2048]","[2048, 2048, 2048, 2048, 2048, 2048, 2048]",299.0
1219,9165,81,57,2023-09-17T13:41:05.669000+00:00,28.778,42.589,27.773,,268.0,False,99.14,"[None, 2048, 2048, 2048, 2048, 2048, 2048, 2048]","[2048, 2048, 2048, 2048, 2048, 2048, 2048, 2048]","[2048, 2048, 2048, 2048, 2048, 2048, 2048]",284.0
1219,9165,40,57,2023-09-17T13:41:16.919000+00:00,29.084,44.099,28.515,291.0,260.0,False,101.698,"[None, 2048, 2048, 2048, 2048, 2048, 2048, 2048]","[2048, 2048, 2048, 2048, 2048, 2048, 2048, 2048]","[2048, 2048, 2048, 2048, 2048, 2048, 2048, 2048]",
1219,9165,23,57,2023-09-17T13:41:17.638000+00:00,28.5,44.326,28.729,314.0,277.0,False,101.555,"[2049, 2049, 2048, 2048, 2049, 2048, 2048, 2048]","[2048, 2048, 2048, 2048, 2048, 2048, 2048, 2048]","[2048, 2048, 2048, 2048, 2048, 2048, 2048, 2048]",301.0
1219,9165,11,57,2023-09-17T13:41:18.232000+00:00,28.532,43.905,28.928,314.0,282.0,False,101.365,"[2051, 2048, 2048, 2048, 2049, 2048, 2048, 2049]","[2048, 2048, 2048, 2048, 2048, 2048, 2048, 2049]","[2048, 2048, 2048, 2048, 2048, 2048, 2048, 2048]",303.0
1219,9165,27,57,2023-09-17T13:41:31.560000+00:00,29.198,43.865,28.347,288.0,266.0,False,101.41,"[None, 2048, 2049, 2048, 2048, 2048, 2048, 2048]","[2048, 2048, 2048, 2048, 2048, 2048, 2048, 2048]","[2048, 2048, 2048, 2048, 2048, 2048, 2048, 2048]",281.0
1219,9165,24,57,2023-09-17T13:41:32.060000+00:00,29.149,43.614,28.656,297.0,277.0,False,101.419,"[None, 2048, 2048, 2048, 2048, 2048, 2048, 2048]","[2048, 2048, 2048, 2048, 2048, 2048, 2048, 2048]","[2048, 2048, 2048, 2048, 2048, 2048, 2048]",292.0
1219,9165,20,57,2023-09-17T13:41:35.528000+00:00,28.829,42.325,27.8,296.0,266.0,False,98.954,"[None, 2048, 2048, 2048, 2048, 2048, 2048, 2048]","[2049, 2048, 2048, 2048, 2048, 2048, 2048, 2048]","[2048, 2049, 2049, 2048, 2048, 2048, 2048]",
1219,9165,2,57,2023-09-17T13:41:44.388000+00:00,28.771,42.439,27.961,,267.0,False,99.171,"[None, 2048, 2049, 2048, 2048, 2048, 2048, 2048]","[2048, 2048, 2048, 2048, 2048, 2048, 2048, 2048]","[2048, 2048, 2048, 2048, 2048, 2048, 2048]",
1219,9165,14,57,2023-09-17T13:41:49.716000+00:00,28.695,42.204,27.404,293.0,266.0,False,98.303,"[None, 2048, 2048, 2048, 2048, 2048, 2048, 2048]","[2048, 2048, 2048, 2048, 2048, 2048, 2048, 2048]","[2048, 2048, 2048, 2048, 2048, 2048, 2048, 2048]",289.0
1219,9165,55,58,2023-09-17T13:42:04.262000+00:00,28.752,42.837,27.748,,265.0,False,99.337,"[2049, 2048, 2048, 2048, 2049, 2048, 2049, 2049]","[2048, 2048, 2048, 2048, 2048, 2048, 2048, 2048]","[2048, 2048, 2048, 2048, 2048, 2048, 2048]",286.0
1219,9165,4,58,2023-09-17T13:42:05.122000+00:00,28.336,42.982,27.842,302.0,277.0,False,99.16,"[2049, 2049, 2048, 2048, 2048, 2048, 2048, 2048]","[2048, 2048, 2048, 2048, 2048, 2048, 2048, 2048]","[2048, 2048, 2048, 2048, 2049, 2048, 2048, 2048]",301.0
1219,9165,63,58,2023-09-17T13:42:06.231000+00:00,28.482,42.141,28.063,298.0,278.0,False,98.686,"[None, 2048, 2048, 2048, 2048, 2048, 2048, 2048]","[2048, 2048, 2048, 2048, 2048, 2048, 2048, 2048]","[2048, 2048, 2048, 2048, 2048, 2048, 2048, 2048]",290.0
1219,9165,44,58,2023-09-17T13:42:07.356000+00:00,28.032,42.09,27.86,315.0,278.0,False,97.982,"[None, 2048, 2048, 2048, 2048, 2048, 2049, 2048]","[2048, 2048, 2048, 2048, 2048, 2048, 2048, 2048]","[2048, 2048, 2048, 2048, 2048, 2048, 2048, 2048]",290.0
1219,9165,16,58,2023-09-17T13:42:21.215000+00:00,29.122,42.979,28.121,,259.0,False,100.222,"[None, 2048, 2048, 2048, 2048, 2048, 2048, 2048]","[2048, 2048, 2048, 2048, 2048, 2048, 2048, 2048]","[2048, 2048, 2048, 2048, 2048, 2048, 2048, 2048]",
1219,9165,1,58,2023-09-17T13:42:38.606000+00:00,28.514,41.186,27.212,286.0,259.0,False,96.912,"[2048, 2048, 2048, 2048, 2048, 2049, 2048, 2048]","[2049, 2049, 2048, 2048, 2049, 2048, 2049, 2048]","[2048, 2048, 2048, 2048, 2048, 2048, 2048, 2048]",279.0
1219,9165,10,58,2023-09-17T13:42:39.918000+00:00,29.074,42.866,27.718,289.0,262.0,False,99.658,"[None, 2048, 2048, 2048, 2048, 2048, 2048, 2048]","[2048, 2048, 2048, 2048, 2048, 2048, 2048, 2048]","[2048, 2049, 2048, 2048, 2048, 2048, 2048, 2048]",
1219,9165,81,58,2023-09-17T13:42:44.809000+00:00,28.76,42.758,27.998,,268.0,False,99.516,"[None, 2048, 2048, 2048, 2048, 2049, 2048, 2048]","[2048, 2048, 2048, 2048, 2048, 2048, 2048, 2048]","[2048, 2048, 2048, 2048, 2048, 2048, 2048]",285.0
1219,9165,40,58,2023-09-17T13:42:58.621000+00:00,29.155,43.893,28.375,,260.0,False,101.423,"[None, 2048, 2048, 2048, 2048, 2048, 2048, 2048]","[2048, 2048, 2048, 2048, 2048, 2048, 2048, 2048]","[2048, 2048, 2048, 2048, 2048, 2048, 2048]",278.0
1219,9165,23,58,2023-09-17T13:42:59.184000+00:00,28.867,60.235,28.862,313.0,266.0,False,117.964,"[2048, 2048, 2048, 2048, 2048, 2048, 2048, 2048]","[2048, 2048, 2048, 2048, 2048, 2048, 2048, 2048]","[2048, 2048, 2048, 2048, 2048, 2048, 2048, 2048]",300.0
1219,9165,11,58,2023-09-17T13:42:59.590000+00:00,28.899,44.015,27.998,315.0,273.0,False,100.912,"[2048, 2048, 2048, 2048, 2048, 2048, 2049, 2049]","[2048, 2048, 2048, 2048, 2048, 2048, 2048, 2048]","[2048, 2048, 2048, 2048, 2048, 2048, 2048]",300.0
1219,9165,27,58,2023-09-17T13:43:12.949000+00:00,29.332,44.423,28.422,,261.0,False,102.177,"[None, 2048, 2048, 2048, 2048, 2048, 2048, 2048]","[2048, 2048, 2048, 2048, 2048, 2048, 2048, 2048]","[2048, 2048, 2048, 2048, 2048, 2048, 2048]",280.0
1219,9165,24,58,2023-09-17T13:43:13.496000+00:00,29.299,44.848,28.648,304.0,262.0,False,102.795,"[None, 2048, 2048, 2048, 2048, 2048, 2048, 2048]","[2048, 2048, 2048, 2048, 2048, 2048, 2048, 2048]","[2048, 2048, 2048, 2048, 2048, 2048, 2048]",291.0
1219,9165,20,58,2023-09-17T13:43:14.496000+00:00,28.691,44.895,28.555,308.0,277.0,False,102.141,"[None, 2048, 2048, 2048, 2048, 2048, 2049, 2049]","[2048, 2048, 2048, 2048, 2048, 2048, 2048, 2049]","[2048, 2048, 2048, 2048, 2049, 2048, 2048]",289.0
1219,9165,2,58,2023-09-17T13:43:23.543000+00:00,28.847,44.077,27.843,,268.0,False,100.767,"[None, 2049, 2048, 2048, 2048, 2048, 2048, 2048]","[2048, 2048, 2048, 2048, 2048, 2048, 2048, 2048]","[2048, 2048, 2048, 2048, 2048, 2048, 2048, 2049]",
1219,9165,14,58,2023-09-17T13:43:28.058000+00:00,28.508,43.163,27.27,295.0,269.0,False,98.941,"[None, 2048, 2048, 2048, 2048, 2048, 2049, 2048]","[2048, 2048, 2048, 2048, 2048, 2048, 2048, 2048]","[2048, 2048, 2049, 2048, 2048, 2048, 2048, 2048]",290.0
1219,9165,55,59,2023-09-17T13:43:43.511000+00:00,28.826,42.862,27.887,294.0,263.0,False,99.575,"[2048, 2048, 2048, 2048, 2048, 2048, 2048, 2049]","[2048, 2048, 2048, 2048, 2048, 2048, 2048, 2048]","[2048, 2048, 2048, 2048, 2048, 2048, 2048, 2048]",284.0
1219,9165,4,59,2023-09-17T13:43:44.277000+00:00,28.455,43.419,28.542,311.0,276.0,False,100.416,"[2048, 2048, 2048, 2048, 2048, 2048, 2048, 2049]","[2048, 2048, 2048, 2048, 2048, 2048, 2048, 2048]","[2048, 2048, 2048, 2048, 2048, 2048, 2048, 2048]",300.0
1219,9165,63,59,2023-09-17T13:43:44.902000+00:00,28.407,42.98,28.852,303.0,283.0,False,100.239,"[2049, 2048, 2048, 2048, 2048, 2048, 2051, 2049]","[2048, 2048, 2048, 2048, 2048, 2048, 2048, 2048]","[2048, 2048, 2048, 2048, 2048, 2048, 2048, 2048]",301.0
1219,9165,44,59,2023-09-17T13:43:45.339000+00:00,28.586,42.99,28.591,316.0,281.0,False,100.167,"[2051, 2048, 2048, 2048, 2048, 2048, 2048, 2049]","[2048, 2048, 2048, 2048, 2048, 2048, 2048, 2048]","[2048, 2048, 2048, 2048, 2048, 2048, 2048, 2048]",306.0
1219,9165,16,59,2023-09-17T13:44:01.449000+00:00,29.21,43.231,28.104,,261.0,False,100.545,"[None, 2048, 2048, 2048, 2048, 2048, 2048, 2048]","[2048, 2048, 2048, 2048, 2048, 2048, 2048, 2048]","[2048, 2048, 2048, 2048, 2048, 2048, 2048, 2048]",
1219,9165,1,59,2023-09-17T13:44:15.667000+00:00,28.471,41.224,27.053,289.0,262.0,False,96.748,"[None, 2048, 2048, 2048, 2048, 2048, 2048, 2048]","[2048, 2048, 2048, 2048, 2048, 2049, 2051, 2048]","[2048, 2048, 2048, 2048, 2048, 2051, 2051, 2049]",283.0
1219,9165,10,59,2023-09-17T13:44:19.589000+00:00,29.073,42.872,27.764,288.0,260.0,False,99.709,"[None, 2048, 2048, 2048, 2048, 2048, 2048, 2048]","[2048, 2048, 2048, 2048, 2048, 2048, 2048, 2048]","[2048, 2048, 2048, 2048, 2048, 2048, 2048]",282.0
1219,9165,81,59,2023-09-17T13:44:24.323000+00:00,28.846,42.82,27.762,291.0,268.0,False,99.428,"[None, 2048, 2048, 2048, 2048, 2048, 2048, 2048]","[2048, 2048, 2048, 2048, 2048, 2048, 2048, 2048]","[2048, 2048, 2048, 2048, 2048, 2048, 2048, 2048]",287.0
1219,9165,40,59,2023-09-17T13:44:40.057000+00:00,29.167,44.502,28.241,290.0,260.0,False,101.91,"[None, 2048, 2048, 2048, 2048, 2048, 2048, 2048]","[2048, 2048, 2048, 2048, 2048, 2048, 2048, 2048]","[2048, 2048, 2048, 2048, 2048, 2048, 2049, 2049]",
1219,9165,11,59,2023-09-17T13:44:40.432000+00:00,28.832,44.679,28.531,314.0,274.0,False,102.042,"[None, 2048, 2048, 2048, 2048, 2048, 2048, 2048]","[2048, 2048, 2048, 2048, 2048, 2048, 2048, 2048]","[2048, 2048, 2048, 2048, 2048, 2048, 2048, 2048]",301.0
1219,9165,27,59,2023-09-17T13:44:55.057000+00:00,29.232,43.856,28.45,294.0,265.0,False,101.538,"[None, 2048, 2048, 2048, 2048, 2048, 2048, 2048]","[2048, 2048, 2048, 2048, 2048, 2048, 2048, 2048]","[2048, 2048, 2048, 2048, 2048, 2048, 2048, 2048]",285.0
1219,9165,24,59,2023-09-17T13:44:56.292000+00:00,30.587,44.615,28.571,288.0,263.0,False,103.773,"[None, 2048, 2048, 2048, 2048, 2048, 2048, 2048]","[2048, 2048, 2048, 2048, 2048, 2048, 2048, 2048]","[2048, 2048, 2048, 2048, 2048, 2048, 2048, 2048]",284.0
1219,9165,20,59,2023-09-17T13:44:56.635000+00:00,29.846,42.469,28.083,312.0,269.0,False,100.398,"[2049, 2048, 2048, 2048, 2048, 2048, 2048, 2048]","[2048, 2048, 2048, 2048, 2048, 2048, 2048, 2048]","[2048, 2048, 2048, 2048, 2048, 2048, 2048, 2048]",303.0
1219,9165,23,59,2023-09-17T13:44:57.135000+00:00,29.594,43.123,27.968,317.0,276.0,False,100.685,"[2049, 2049, 2048, 2048, 2048, 2048, 2048, 2048]","[2048, 2048, 2048, 2048, 2048, 2048, 2048, 2048]","[2048, 2048, 2048, 2048, 2049, 2048, 2048]",
1219,9165,2,59,2023-09-17T13:45:04.292000+00:00,28.97,42.582,27.822,297.0,268.0,False,99.374,"[None, 2048, 2048, 2048, 2048, 2048, 2048, 2048]","[2048, 2048, 2048, 2048, 2048, 2048, 2048, 2048]","[2048, 2048, 2048, 2048, 2048, 2048, 2048, 2049]",289.0
1219,9165,14,59,2023-09-17T13:45:06.963000+00:00,28.739,42.24,27.539,298.0,269.0,False,98.518,"[None, 2048, 2048, 2048, 2048, 2048, 2048, 2048]","[2048, 2048, 2048, 2048, 2048, 2048, 2048, 2048]","[2048, 2048, 2049, 2048, 2048, 2048, 2048, 2048]",
1219,9165,55,60,2023-09-17T13:45:23.182000+00:00,29.474,42.858,27.71,289.0,262.0,False,100.042,"[None, 2048, 2048, 2048, 2048, 2048, 2049, 2048]","[2048, 2048, 2048, 2048, 2048, 2048, 2048, 2048]","[2048, 2048, 2048, 2048, 2048, 2048, 2048, 2048]",283.0
1219,9165,4,60,2023-09-17T13:45:24.698000+00:00,28.601,43.047,27.748,312.0,276.0,False,99.396,"[None, 2048, 2048, 2048, 2048, 2048, 2048, 2048]","[2048, 2048, 2048, 2048, 2048, 2048, 2048, 2048]","[2048, 2048, 2048, 2048, 2048, 2048, 2048]",286.0
1219,9165,63,60,2023-09-17T13:45:25.151000+00:00,28.62,42.958,27.932,316.0,280.0,False,99.51,"[2048, 2048, 2048, 2048, 2048, 2048, 2048, 2049]","[2048, 2048, 2048, 2048, 2048, 2048, 2048, 2048]","[2048, 2049, 2048, 2048, 2048, 2048, 2048, 2048]",299.0
1219,9165,44,60,2023-09-17T13:45:25.526000+00:00,28.574,43.307,27.891,321.0,279.0,False,99.772,"[2048, 2048, 2048, 2048, 2048, 2048, 2048, 2051]","[2048, 2048, 2048, 2048, 2048, 2048, 2048, 2048]","[2048, 2048, 2048, 2048, 2048, 2048, 2048, 2048]",302.0
1219,9165,16,60,2023-09-17T13:45:42.088000+00:00,29.103,42.973,28.029,286.0,261.0,False,100.105,"[None, 2048, 2048, 2048, 2048, 2048, 2048, 2048]","[2048, 2048, 2048, 2048, 2048, 2048, 2048, 2048]","[2048, 2048, 2048, 2048, 2048, 2048, 2048, 2048]",
1219,9165,1,60,2023-09-17T13:45:52.385000+00:00,28.486,41.22,27.052,,263.0,False,96.758,"[None, 2048, 2048, 2048, 2048, 2049, 2048, 2048]","[2049, 2048, 2048, 2048, 2048, 2048, 2051, 2048]","[2048, 2048, 2048, 2048, 2048, 2048, 2048, 2051]",284.0
1219,9165,10,60,2023-09-17T13:45:59.322000+00:00,28.949,42.935,27.736,290.0,263.0,False,99.62,"[None, 2048, 2048, 2048, 2048, 2048, 2048, 2048]","[2048, 2048, None, None, 2048, 2048, 2048, 2048]","[2048, 2049, 2048, 2048, 2048, 2048, 2048, 2048]",284.0
1219,9165,81,60,2023-09-17T13:46:03.760000+00:00,28.727,42.662,27.8,290.0,267.0,False,99.189,"[None, 2048, 2048, 2048, 2048, 2049, 2048, 2048]","[2048, 2048, None, None, 2048, 2048, 2048, 2048]","[2048, 2048, 2048, 2048, 2048, 2048, 2048, 2048]",285.0
1219,9165,40,60,2023-09-17T13:46:21.994000+00:00,29.154,45.526,28.409,288.0,260.0,False,103.089,"[None, 2048, 2048, 2048, 2048, 2048, 2048, 2048]","[2048, 2048, None, None, 2048, 2048, 2048, 2048]","[2048, 2048, 2048, 2048, 2048, 2048, 2048, 2048]",279.0
1219,9165,11,60,2023-09-17T13:46:22.541000+00:00,28.722,43.19,27.235,315.0,262.0,False,99.147,"[None, 2048, 2048, 2048, 2048, 2048, 2048, 2048]","[2048, 2048, None, None, 2048, 2048, 2048, 2048]","[2048, 2048, 2048, 2048, 2048, 2049, 2049]",
1219,9165,27,60,2023-09-17T13:46:36.681000+00:00,31.104,44.972,28.69,309.0,265.0,False,104.766,"[None, 2048, 2048, 2048, 2048, 2048, 2048, 2048]","[2048, 2048, None, None, 2048, 2048, 2048, 2048]","[2048, 2048, 2048, 2048, 2048, 2048, 2048, 2048]",282.0
1219,9165,20,60,2023-09-17T13:46:37.056000+00:00,29.566,42.491,27.638,292.0,266.0,False,99.695,"[2048, 2048, 2048, 2048, 2048, 2048, 2048, 2048]","[2048, 2048, None, None, 2048, 2048, 2048, 2048]","[2048, 2049, 2048, 2048, 2048, 2048, 2048, 2048]",297.0
1219,9165,23,60,2023-09-17T13:46:37.712000+00:00,29.054,42.875,27.739,314.0,276.0,False,99.668,"[2048, 2048, 2048, 2048, 2048, 2048, 2048, 2048]","[2048, 2048, None, None, 2048, 2048, 2048, 2048]","[2048, 2048, 2048, 2048, 2048, 2048, 2048, 2048]",302.0
1219,9165,24,60,2023-09-17T13:46:40.103000+00:00,29.574,43.644,28.576,289.0,272.0,False,101.794,"[None, 2048, 2048, 2048, 2048, 2048, 2048, 2048]","[2048, 2048, None, None, 2048, 2048, 2048, 2048]","[2048, 2048, 2048, 2048, 2048, 2048, 2048, 2048]",281.0
1219,9165,2,60,2023-09-17T13:46:43.681000+00:00,28.867,42.683,28.236,298.0,270.0,False,99.786,"[None, 2048, 2048, 2048, 2048, 2048, 2048, 2048]","[2048, 2048, None, None, 2048, 2048, 2048, 2048]","[2048, 2048, 2048, 2048, 2048, 2048, 2048, 2048]",
1219,9165,14,60,2023-09-17T13:46:45.509000+00:00,28.831,42.225,27.672,299.0,269.0,False,98.728,"[None, 2048, 2048, 2048, 2048, 2048, 2048, 2048]","[2048, 2048, None, None, 2048, 2048, 2048, 2048]","[2048, 2048, 2048, 2048, 2048, 2048, 2048, 2048]",
1219,9165,55,61,2023-09-17T13:47:03.243000+00:00,28.813,42.79,27.689,295.0,263.0,False,99.292,"[None, 2048, 2048, 2048, 2048, 2048, 2048, 2049]","[2048, 2048, None, None, 2048, 2048, 2048, 2048]","[2048, 2048, 2048, 2048, 2048, 2048, 2048, 2048]",284.0
1219,9165,4,61,2023-09-17T13:47:04.118000+00:00,28.374,43.062,28.074,,277.0,False,99.51,"[2049, 2048, 2048, 2048, 2048, 2048, 2051, 2049]","[2048, 2048, None, None, 2048, 2048, 2048, 2048]","[2048, 2048, 2048, 2048, 2048, 2048, 2048, 2048]",301.0
1219,9165,63,61,2023-09-17T13:47:04.665000+00:00,28.321,42.912,28.081,305.0,280.0,False,99.314,"[2049, 2048, 2048, 2048, 2048, 2048, 2048, 2048]","[2048, 2048, None, None, 2048, 2048, 2048, 2048]","[2048, 2048, 2048, 2048, 2048, 2048, 2048]",300.0
1219,9165,44,61,2023-09-17T13:47:05.337000+00:00,28.304,42.634,28.158,318.0,281.0,False,99.096,"[None, 2049, 2048, 2048, 2048, 2048, 2048, 2048]","[2048, 2048, None, None, 2048, 2048, 2048, 2048]","[2048, 2048, 2048, 2048, 2048, 2048, 2048, 2048]",305.0
1219,9165,16,61,2023-09-17T13:47:22.196000+00:00,29.209,43.132,28.274,287.0,261.0,False,100.615,"[None, 2048, 2048, 2048, 2048, 2048, 2048, 2048]","[2048, 2048, None, None, 2048, 2048, 2048, 2048]","[2048, 2048, 2048, 2048, 2048, 2048, 2048, 2048]",
1219,9165,1,61,2023-09-17T13:47:29.149000+00:00,28.434,41.086,27.055,292.0,266.0,False,96.575,"[None, 2048, 2049, 2048, 2048, 2048, 2048, 2048]","[2048, 2048, None, None, 2048, 2049, 2051, 2048]","[2049, 2048, 2048, 2048, 2048, 2051, 2048, 2048]",
1219,9165,10,61,2023-09-17T13:47:38.930000+00:00,28.898,42.982,27.831,289.0,263.0,False,99.711,"[None, 2048, 2048, 2048, 2048, 2048, 2048, 2048]","[2048, 2048, None, None, 2048, 2048, 2048, 2048]","[2048, 2048, 2048, 2048, 2048, 2048, 2048, 2048]",285.0
1219,9165,81,61,2023-09-17T13:47:42.915000+00:00,28.891,42.782,27.943,291.0,267.0,False,99.616,"[None, 2048, 2048, 2048, 2048, 2048, 2048, 2048]","[2048, 2048, None, None, 2048, 2048, 2048, 2048]","[2048, 2048, 2048, 2048, 2048, 2048, 2048]",284.0
1219,9165,11,61,2023-09-17T13:48:01.602000+00:00,28.694,41.344,27.07,292.0,266.0,False,97.108,"[None, 2048, 2049, 2048, 2049, 2049, 2048, 2048]","[2048, 2048, None, None, 2048, 2049, 2049, 2048]","[2049, 2048, 2049, 2049, 2049, 2049, 2048, 2048]",286.0
1219,9165,40,61,2023-09-17T13:48:05.071000+00:00,29.378,43.266,28.363,289.0,263.0,False,101.007,"[None, 2048, 2048, 2048, 2048, 2048, 2048, 2048]","[2048, 2048, None, None, 2048, 2048, 2048, 2048]","[2048, 2048, 2048, 2048, 2048, 2049, 2048]",284.0
1219,9165,20,61,2023-09-17T13:48:16.711000+00:00,28.753,42.183,27.509,293.0,267.0,False,98.445,"[None, 2048, 2048, 2048, 2048, 2049, 2048, 2048]","[2048, 2048, None, None, 2048, 2048, 2048, 2048]","[2048, 2049, 2048, 2048, 2049, 2048, 2048]",287.0
1219,9165,23,61,2023-09-17T13:48:17.492000+00:00,28.492,42.521,27.488,311.0,272.0,False,98.501,"[None, 2048, 2048, 2048, 2048, 2048, 2048, 2048]","[2048, 2048, None, None, 2048, 2048, 2048, 2048]","[2048, 2049, 2048, 2048, 2048, 2048, 2048, 2048]",301.0
1219,9165,27,61,2023-09-17T13:48:21.430000+00:00,29.465,44.007,30.031,297.0,263.0,False,103.503,"[None, 2048, 2048, 2048, 2048, 2048, 2048, 2048]","[2048, 2048, None, None, 2048, 2048, 2048, 2048]","[2048, 2048, 2048, 2048, 2048, 2048, 2048, 2048]",287.0
1219,9165,24,61,2023-09-17T13:48:21.836000+00:00,29.219,43.948,28.843,313.0,278.0,False,102.01,"[None, 2048, 2048, 2048, 2048, 2048, 2048, 2049]","[2048, 2048, None, None, 2048, 2048, 2048, 2048]","[2048, 2048, 2048, 2048, 2048, 2048, 2048, 2048]",296.0
1219,9165,2,61,2023-09-17T13:48:23.461000+00:00,29.041,43.086,29.811,300.0,273.0,False,101.938,"[None, 2048, 2048, 2048, 2048, 2048, 2048, 2048]","[2048, 2048, None, None, 2048, 2048, 2048, 2049]","[2048, 2048, 2048, 2048, 2048, 2048, 2048]",291.0
1219,9165,14,61,2023-09-17T13:48:24.227000+00:00,28.815,43.287,29.44,312.0,278.0,False,101.542,"[2049, 2048, 2048, 2048, 2048, 2048, 2049, 2048]","[2048, 2048, None, None, 2048, 2048, 2048, 2048]","[2048, 2048, 2048, 2048, 2048, 2048, 2048, 2048]",302.0
1219,9165,55,62,2023-09-17T13:48:42.570000+00:00,29.012,43.101,27.845,294.0,262.0,False,99.958,"[None, 2048, 2048, 2048, 2048, 2048, 2049, 2048]","[2048, 2048, None, None, 2048, 2048, 2048, 2048]","[2048, 2048, 2048, 2048, 2048, 2048, 2048]",
1219,9165,4,62,2023-09-17T13:48:43.648000+00:00,28.523,43.224,27.93,313.0,278.0,False,99.677,"[2048, 2048, 2048, 2048, 2048, 2048, 2048, 2048]","[2048, 2048, None, None, 2048, 2048, 2048, 2048]","[2048, 2048, 2048, 2048, 2048, 2048, 2048, 2048]",289.0
1219,9165,63,62,2023-09-17T13:48:43.977000+00:00,28.578,,,307.0,,False,,"[2048, 2048, 2048, 2048, 2048, 2048, 2048, 2049]",[2048],,299.0
1219,9165,44,62,2023-09-17T13:48:44.383000+00:00,28.765,42.817,27.765,317.0,279.0,False,99.347,"[None, 2048, 2048, 2048, 2048, 2048, 2048, 2048]","[2048, 2048, None, None, 2048, 2048, 2048, 2048]","[2048, 2048, 2049, 2048, 2048, 2048, 2048]",304.0
1219,9165,16,62,2023-09-17T13:49:02.695000+00:00,29.131,43.503,28.312,,261.0,False,100.946,"[None, 2048, 2048, 2048, 2048, 2048, 2048, 2048]","[2048, 2048, None, None, 2048, 2048, 2048, 2048]","[2048, 2048, 2048, 2048, 2048, 2048, 2048]",
1219,9165,1,62,2023-09-17T13:49:05.711000+00:00,28.493,41.975,27.729,293.0,267.0,False,98.197,"[None, 2049, 2048, 2048, 2048, 2048, 2048, 2048]","[2048, 2048, None, None, 2048, 2048, 2048, 2048]","[2048, 2048, 2048, 2048, 2048, 2048, 2048]",287.0
1219,9165,10,62,2023-09-17T13:49:18.632000+00:00,28.909,45.047,28.317,,264.0,False,102.273,"[None, 2048, 2048, 2048, 2048, 2048, 2048, 2048]","[2048, 2048, None, None, 2048, 2048, 2048, 2048]","[2048, 2048, 2048, 2048, 2048, 2048, 2048]",284.0
1219,9165,81,62,2023-09-17T13:49:22.539000+00:00,28.724,44.596,28.09,,269.0,False,101.41,"[None, 2048, 2048, 2048, 2048, 2048, 2048, 2048]","[2048, 2048, None, None, 2048, 2048, 2048, 2048]","[2048, 2048, 2048, 2048, 2048, 2048, 2048, 2048]",
1219,9165,11,62,2023-09-17T13:49:38.788000+00:00,28.52,42.463,27.206,,266.0,False,98.189,"[None, 2051, 2048, 2048, 2049, 2049, 2048, 2048]","[2048, 2048, None, None, 2048, 2048, 2048, 2048]","[2048, 2048, 2048, 2049, 2048, 2048, 2049, 2048]",287.0
1219,9165,40,62,2023-09-17T13:49:46.054000+00:00,29.513,44.445,28.37,278.0,264.0,False,102.328,"[None, 2048, 2048, 2048, 2048, 2048, 2048, 2048]","[2048, 2048, None, None, 2048, 2048, 2048, 2048]","[2048, 2048, 2048, 2048, 2048, 2048, 2048, 2048]",283.0
1219,9165,20,62,2023-09-17T13:49:55.194000+00:00,28.828,42.823,27.767,294.0,267.0,False,99.418,"[None, 2048, 2048, 2048, 2048, 2048, 2048, 2048]","[2048, 2048, None, None, 2048, 2048, 2048, 2048]","[2048, 2048, 2048, 2048, 2048, 2048, 2048, 2048]",
1219,9165,23,62,2023-09-17T13:49:56.038000+00:00,28.458,43.686,27.747,313.0,269.0,False,99.891,"[None, 2048, 2048, 2048, 2048, 2048, 2048, 2048]","[2048, 2048, None, None, 2048, 2048, 2048, 2048]","[2048, 2049, 2049, 2048, 2048, 2048, 2048, 2048]",
1219,9165,24,62,2023-09-17T13:50:03.866000+00:00,29.409,44.389,28.448,283.0,258.0,False,102.246,"[None, 2048, 2048, 2048, 2048, 2048, 2048, 2048]","[2048, 2048, None, None, 2048, 2048, 2048, 2048]","[2048, 2048, 2048, 2048, 2048, 2048, 2048]",279.0
1219,9165,27,62,2023-09-17T13:50:04.960000+00:00,29.397,45.322,29.009,,266.0,False,103.728,"[None, 2048, 2048, 2048, 2048, 2048, 2048, 2048]","[2048, 2048, None, None, 2048, 2048, 2048, 2048]","[2048, 2048, 2048, 2048, 2048, 2048, 2048]",300.0
1219,9165,2,62,2023-09-17T13:50:05.397000+00:00,29.263,45.567,29.125,314.0,276.0,False,103.955,"[2049, 2048, 2048, 2048, 2048, 2048, 2048, 2049]","[2048, 2048, None, None, 2048, 2048, 2048, 2048]","[2048, 2048, 2048, 2048, 2048, 2048, 2048]",297.0
1219,9165,14,62,2023-09-17T13:50:05.757000+00:00,29.189,45.407,29.694,303.0,280.0,False,104.29,"[2048, 2048, 2048, 2048, 2048, 2048, 2048, 2049]","[2048, 2048, None, None, 2048, 2048, 2048, 2049]","[2048, 2048, 2048, 2048, 2048, 2048, 2048]",303.0
1219,9165,55,63,2023-09-17T13:50:22.397000+00:00,,,,,,False,,"[None, 2048, 2048, 2048, 2048, 2048, 2048, 2048]","[2048, 2048, None, None, 2048, 2048, 2048, 2048]",[2048],
1219,9165,4,63,2023-09-17T13:50:23.272000+00:00,,,,,,False,,"[None, 2048, 0, 0, 2048, 2048, 2048, 2048]","[2048, 2048, None, None, 2048, 2048, 2048, 2048]",[2048],
1219,9165,44,63,2023-09-17T13:50:23.725000+00:00,,,,,,False,,"[None, 2048, 2048, 2048, 2048, 2048, 2048, 2048]","[2048, 2048, None, None, 2048, 2048, 2048, 2048]",[2048],
