meeting_key,session_key,driver_number,lap_number,date_start,duration_sector_1,duration_sector_2,duration_sector_3,i1_speed,i2_speed,is_pit_out_lap,lap_duration,segments_sector_1,segments_sector_2,segments_sector_3,st_speed
1222,9213,20,1,,,41.501,35.029,196.0,175.0,False,,"[None, 2064, 2049, 2051, 2049, 2049]","[2049, 2049, 2049, 2049, 2049, 2051, 2049, 2049]","[2049, 2049, 2049, 2049, 2049, 2049, 2049]",310.0
1222,9213,27,1,,,42.043,34.752,196.0,171.0,False,,"[None, 2064, 2049, 2049, 2049, 2049]","[2049, 2049, 2049, 2049, 2049, 2049, 2049, 2049]","[2049, 2049, 2049, 2049, 2049, 2049, 2049]",296.0
1222,9213,14,1,,,40.749,34.387,204.0,174.0,False,,"[None, 2064, 2049, 2049, 2049, 2049]","[2049, 2049, 2049, 2049, 2051, 2049, 2049, 2049]","[2049, 2049, 2049, 2049, 2049, 2049, 2049]",303.0
1222,9213,18,1,,,41.474,33.718,188.0,180.0,False,,"[None, 2064, 2049, 2049, 2049, 2049]","[2049, 2049, 2049, 2049, 2049, 2049, 2049, 2049]","[2049, 2049, 2051, 2051, 2049, 2049, 2049]",300.0
1222,9213,16,1,2023-10-22T19:03:41.449000+00:00,28.992,41.021,33.83,198.0,177.0,False,103.843,"[2048, 2049, 2049, 2049, 2049, 2049]","[2049, 2049, 2049, 2049, 2049, 2049, 2049, 2049]","[2049, 2051, 2049, 2049, 2049, 2051, 2049]",294.0
1222,9213,44,1,2023-10-22T19:03:41.449000+00:00,29.654,41.098,34.309,192.0,182.0,False,105.061,"[2048, 2049, 2049, 2049, 2049, 2049]","[2049, 2049, 2049, 2051, 2049, 2049, 2049, 2049]","[2049, 2049, 2049, 2049, 2049, 2049, 2051]",295.0
1222,9213,4,1,2023-10-22T19:03:41.449000+00:00,28.381,40.386,33.341,213.0,182.0,False,102.108,"[2048, 2049, 2051, 2049, 2051, 2051]","[2051, 2051, 2051, 2049, 2049, 2049, 2049, 2051]","[2051, 2049, 2049, 2049, 2051, 2049, 2051]",293.0
1222,9213,55,1,2023-10-22T19:03:41.449000+00:00,29.383,40.842,34.524,204.0,177.0,False,104.749,"[2048, 2049, 2049, 2049, 2049, 2049]","[2049, 2049, 2049, 2049, 2049, 2049, 2049, 2049]","[2049, 2049, 2049, 2049, 2049, 2049, 2051]",310.0
1222,9213,63,1,2023-10-22T19:03:41.449000+00:00,31.042,42.008,34.949,196.0,174.0,False,107.999,"[2048, 2049, 2049, 2049, 2049, 2049]","[2049, 2049, 2049, 2049, 2049, 2049, 2049, 2049]","[2049, 2049, 2049, 2049, 2049, 2049, 2049]",300.0
1222,9213,1,1,2023-10-22T19:03:41.449000+00:00,29.987,41.862,34.041,194.0,176.0,False,105.89,"[2048, 2049, 2049, 2049, 2049, 2049]","[2049, 2049, 2049, 2049, 2049, 2049, 2049, 2049]","[2049, 2049, 2049, 2049, 2049, 2049, 2049]",297.0
1222,9213,10,1,2023-10-22T19:03:41.449000+00:00,31.813,41.792,35.191,202.0,176.0,False,108.796,"[2048, 2049, 2049, 2049, 2049, 2049]","[2049, 2049, 2049, 2049, 2049, 2049, 2049, 2049]","[2049, 2049, 2049, 2049, 2049, 2049, 2049]",313.0
1222,9213,31,1,2023-10-22T19:03:41.449000+00:00,30.892,42.023,34.787,190.0,173.0,False,107.702,"[2048, 2049, 2049, 2049, 2049, 2049]","[2049, 2049, 2049, 2049, 2049, 2049, 2049, 2049]","[2049, 2049, 2049, 2049, 2049, 2049, 2049]",309.0
1222,9213,11,1,2023-10-22T19:03:41.449000+00:00,31.276,42.018,35.127,196.0,176.0,False,108.421,"[2048, 2049, 2049, 2049, 2049, 2049]","[2049, 2049, 2049, 2049, 2049, 2049, 2051, 2049]","[2049, 2049, 2049, 2049, 2049, 2049, 0]",304.0
1222,9213,81,1,2023-10-22T19:03:41.449000+00:00,30.25,41.844,34.467,200.0,182.0,False,106.561,"[2048, 2049, 2049, 2049, 2049, 2049]","[2049, 2049, 2049, 2049, 2049, 2049, 2049, 2049]","[2049, 2049, 2049, 2049, 2049, 2049, 2048]",304.0
1222,9213,22,1,2023-10-22T19:03:41.449000+00:00,32.309,42.462,34.868,184.0,171.0,False,109.639,"[2048, 2049, 2049, 2049, 2049, 2049]","[2049, 2049, 2049, 2049, 2049, 2049, 2049, 2049]","[2049, 2049, 2049, 2049, 2049, 2049, 2048]",299.0
1222,9213,24,1,2023-10-22T19:03:41.449000+00:00,32.546,41.918,34.847,189.0,173.0,False,109.311,"[2048, 2049, 2049, 2049, 2049, 2049]","[2049, 2049, 2049, 2049, 2049, 2049, 2049, 2049]","[2049, 2049, 2049, 2049, 2049, 2049, 2049]",303.0
1222,9213,77,1,2023-10-22T19:03:41.449000+00:00,33.399,43.18,34.685,186.0,173.0,False,111.264,"[2048, 2049, 2049, 2049, 2049, 2049]","[2049, 2049, 2049, 2049, 2049, 2049, 2049, 2049]","[2049, 2049, 2049, 2049, 2049, 2049, 2049]",293.0
1222,9213,3,1,2023-10-22T19:03:41.449000+00:00,33.02,42.448,34.937,181.0,174.0,False,110.405,"[2048, 2049, 2049, 2049, 2049, 2049]","[2049, 2049, 2049, 2049, 2049, 2049, 2049, 2049]","[2049, 2049, 2049, 2049, 2049, 2049, 2049]",295.0
1222,9213,23,1,2023-10-22T19:03:41.449000+00:00,33.128,43.178,34.458,193.0,172.0,False,110.764,"[2048, 2049, 2049, 2049, 2049, 2049]","[2049, 2049, 2049, 2049, 2049, 2049, 2049, 2049]","[2049, 2049, 2049, 2049, 2049, 2049, 2049]",302.0
1222,9213,2,1,2023-10-22T19:03:41.449000+00:00,33.673,43.494,35.176,193.0,178.0,False,112.343,"[2048, 2049, 2049, 2049, 2049, 2049]","[2049, 2049, 2049, 2049, 2049, 2049, 2049, 2049]","[2049, 2049, 2049, 2049, 2049, 2049, 0]",305.0
1222,9213,4,2,2023-10-22T19:05:23.556000+00:00,27.57,40.957,33.455,209.0,181.0,False,101.982,"[2049, 2049, 2051, 2049, 2051, 2051]","[2048, 2048, 2048, 2048, 2048, 2049, 2049, 2048]","[2048, 2048, 2048, 2048, 2051, 2049, 2049]",290.0
1222,9213,16,2,2023-10-22T19:05:25.291000+00:00,27.841,40.849,33.929,209.0,176.0,False,102.619,"[2049, 2049, 2049, 2049, 2049, 2049]","[2049, 2049, 2048, 2048, 2048, 2048, 2048, 2049]","[2049, 2048, 2048, 2049, 2048, 2048]",286.0
1222,9213,55,2,2023-10-22T19:05:26.197000+00:00,27.884,40.946,33.829,209.0,174.0,False,102.659,"[2049, 2049, 2049, 2049, 2049, 2049]","[2051, 2049, 2048, 2048, 2048, 2048, 2048, 2049]","[2049, 2049, 2049, 2051, 2049, 2049]",295.0
1222,9213,44,2,2023-10-22T19:05:26.509000+00:00,28.14,40.998,33.778,203.0,180.0,False,102.916,"[2049, 2049, 2049, 2049, 2049, 2049]","[2049, 2049, 2048, 2048, 2048, 2048, 2048, 2049]","[2049, 2049, 2049, 2049, 2049, 2051]",285.0
1222,9213,1,2,2023-10-22T19:05:27.338000+00:00,28.137,41.118,33.754,205.0,174.0,False,103.009,"[2049, 2049, 2049, 2049, 2049, 2049]","[2049, 2049, 2049, 2048, 2049, 2049, 2048, 2048]","[2049, 2048, 2049, 2049, 2049, 2049, 2048]",286.0
1222,9213,81,2,2023-10-22T19:05:28.009000+00:00,28.173,41.433,34.193,199.0,178.0,False,103.799,"[2049, 2049, 2049, 2049, 2049, 2049]","[2049, 2049, 2049, 2048, 2048, 2048, 2048, 2049]","[2049, 2049, 2049, 2048, 2048, 2048]",293.0
1222,9213,31,2,2023-10-22T19:05:29.150000+00:00,28.495,41.803,34.491,197.0,175.0,False,104.789,"[2049, 2049, 2049, 2049, 2049, 2048]","[2049, 2049, 2049, 2048, 2048, 2048, 2048, 2049]","[2049, 2049, 2048, 2049, 2049, 2048, 2048]",298.0
1222,9213,63,2,2023-10-22T19:05:29.447000+00:00,28.461,41.604,34.753,195.0,180.0,False,104.818,"[2049, 2049, 2049, 2049, 2049, 2049]","[2049, 2049, 2048, 2048, 2048, 2048, 2049, 2049]","[2049, 2049, 2048, 2049, 2049, 2049, 2048]",299.0
1222,9213,11,2,2023-10-22T19:05:29.869000+00:00,28.323,41.796,34.765,197.0,176.0,False,104.884,"[2049, 2049, 2049, 2049, 2049, 2049]","[2049, 2049, 2048, 2048, 2048, 2048, 2048, 2049]","[2049, 2049, 2048, 2049, 2049, 2049, 2048]",297.0
1222,9213,10,2,2023-10-22T19:05:30.244000+00:00,28.422,41.869,34.669,194.0,178.0,False,104.96,"[2049, 2049, 2049, 2049, 2049, 2049]","[2049, 2049, 2048, 2048, 2048, 2048, 2048, 2048]","[2048, 2049, 2048, 2048, 2049, 2049, 2049]",295.0
1222,9213,24,2,2023-10-22T19:05:30.759000+00:00,28.96,42.099,34.599,196.0,168.0,False,105.658,"[2049, 2049, 2049, 2049, 2049, 2049]","[2049, 2049, 2049, 2048, 2048, 2048, 2048, 2048]","[2049, 2048, 2049, 2048, 2049, 2049]",297.0
1222,9213,22,2,2023-10-22T19:05:31.087000+00:00,28.307,41.839,34.674,201.0,172.0,False,104.82,"[2049, 2049, 2049, 2049, 2049, 2049]","[2049, 2049, 2048, 2049, 2048, 2049, 2049, 2049]","[2049, 2048, 2049, 2049, 2049, 2049]",307.0
1222,9213,3,2,2023-10-22T19:05:31.853000+00:00,28.621,42.026,34.581,197.0,171.0,False,105.228,"[2049, 2049, 2049, 2049, 2049, 2049]","[2049, 2049, 2049, 2049, 2048, 2049, 2049, 2048]","[2048, 2049, 2048, 2049, 2049, 2049]",299.0
1222,9213,23,2,2023-10-22T19:05:32.212000+00:00,28.444,42.292,34.84,189.0,177.0,False,105.576,"[2051, 2049, 2049, 2051, 2049, 2049]","[2049, 2049, 2049, 2048, 2051, 2049, 2049, 2049]","[2049, 2048, 2048, 2048, 2048, 2049]",299.0
1222,9213,77,2,2023-10-22T19:05:32.712000+00:00,28.354,42.17,34.97,195.0,172.0,False,105.494,"[2049, 2049, 2049, 2049, 2049, 2049]","[2049, 2049, 2049, 2048, 2048, 2048, 2049, 2048]","[2049, 2048, 2048, 2049, 2049, 2049, 2048]",301.0
1222,9213,20,2,2023-10-22T19:05:33.587000+00:00,28.733,41.504,35.158,200.0,176.0,False,105.395,"[2049, 2049, 2049, 2049, 2048, 2049]","[2049, 2049, 2049, 2049, 2049, 2048, 2048, 2048]","[2049, 2048, 2048, 2048, 2049, 2049, 2049]",296.0
1222,9213,2,2,2023-10-22T19:05:33.791000+00:00,28.681,41.496,35.214,195.0,180.0,False,105.391,"[2049, 2049, 2049, 2049, 2049, 2049]","[2049, 2049, 2049, 2049, 2049, 2049, 2049, 2049]","[2049, 2048, 2048, 2049, 2048, 2048, 2049]",308.0
1222,9213,14,2,2023-10-22T19:05:34.181000+00:00,28.561,42.099,34.764,198.0,177.0,False,105.424,"[2049, 2049, 2049, 2049, 2049, 2048]","[2048, 2048, 2049, 2048, 2048, 2048, 2048, 2048]","[2048, 2048, 2048, 2049, 2049, 2048]",297.0
1222,9213,27,2,2023-10-22T19:05:35.056000+00:00,28.527,41.781,34.961,195.0,176.0,False,105.269,"[2049, 2049, 2049, 2049, 2049, 2049]","[2048, 2048, 2049, 2049, 2049, 2049, 2049, 2049]","[2048, 2048, 2048, 2048, 2049, 2049]",278.0
1222,9213,18,2,2023-10-22T19:05:36.790000+00:00,28.183,42.117,34.267,195.0,176.0,False,104.567,"[2049, 2049, 2049, 2049, 2048, 2049]","[2049, 2049, 2049, 2048, 2048, 2048, 2048, 2048]","[2048, 2048, 2048, 2048, 2048, 2048, 2049]",290.0
1222,9213,4,3,2023-10-22T19:07:05.461000+00:00,27.599,40.887,33.794,205.0,182.0,False,102.28,"[None, 2048, 2048, 2048, 2049, 2051]","[2048, 2048, 2048, 2048, 2048, 2049, 2048, 2048]","[2048, 2048, 2048, 2048, 2048, 2048, 2048]",287.0
1222,9213,16,3,2023-10-22T19:07:07.914000+00:00,27.648,40.677,33.994,215.0,177.0,False,102.319,"[2048, 2049, 2049, 2048, 2051, 2049]","[2051, 2049, 2048, 2048, 2048, 2048, 2048, 2049]","[2048, 2048, 2049, 2049, 2049, 2048, 2048]",299.0
1222,9213,55,3,2023-10-22T19:07:08.867000+00:00,27.711,40.951,33.921,205.0,177.0,False,102.583,"[2048, 2051, 2049, 2049, 2049, 2049]","[2048, 2048, 2048, 2048, 2048, 2048, 2048, 2049]","[2048, 2048, 2049, 2048, 2049, 2048, 2048]",302.0
1222,9213,44,3,2023-10-22T19:07:09.445000+00:00,27.925,40.634,33.916,206.0,179.0,False,102.475,"[2048, 2048, 2049, 2049, 2049, 2049]","[2049, 2049, 2048, 2048, 2048, 2049, 2049, 2048]","[2048, 2049, 2049, 2048, 2049, 2048, 2048]",310.0
1222,9213,1,3,2023-10-22T19:07:10.367000+00:00,28.03,40.871,33.799,206.0,170.0,False,102.7,"[2048, 2049, 2049, 2049, 2048, 2049]","[2049, 2049, 2049, 2049, 2048, 2049, 2048, 2049]","[2048, 2049, 2049, 2049, 2049, 2048, 2048]",287.0
1222,9213,81,3,2023-10-22T19:07:11.789000+00:00,27.909,41.068,33.952,209.0,178.0,False,102.929,"[2048, 2048, 2049, 2049, 2049, 2049]","[2049, 2049, 2049, 2048, 2048, 2048, 2048, 2049]","[2049, 2049, 2048, 2048, 2049, 2049, 2048]",294.0
1222,9213,31,3,2023-10-22T19:07:13.898000+00:00,28.629,42.327,35.465,205.0,173.0,False,106.421,"[2048, 2048, 2049, 2049, 2048, 2048]","[2048, 2048, 2048, 2048, 2049, 2049, 2049, 2048]","[2048, 2048, 2048, 2048, 2048, 2048]",309.0
1222,9213,63,3,2023-10-22T19:07:14.336000+00:00,28.591,41.415,33.467,196.0,177.0,False,103.473,"[2048, 2048, 2049, 2049, 2048, 2048]","[2049, 2048, 2048, 2049, 2048, 2048, 2049, 2049]","[2049, 2049, 2049, 2049, 2049, 2049, 2048]",313.0
1222,9213,11,3,2023-10-22T19:07:14.789000+00:00,28.354,41.409,34.099,194.0,173.0,False,103.862,"[2048, 2048, 2049, 2049, 2048, 2048]","[2049, 2048, 2049, 2048, 2048, 2051, 2049, 2048]","[2048, 2049, 2048, 2049, 2049, 2049]",327.0
1222,9213,10,3,2023-10-22T19:07:15.273000+00:00,28.306,41.737,35.448,199.0,175.0,False,105.491,"[2048, 2049, 2049, 2048, 2049, 2049]","[2049, 2048, 2048, 2048, 2048, 2049, 2049, 2049]","[2048, 2049, 2048, 2048, 2048, 2048, 2049]",313.0
1222,9213,22,3,2023-10-22T19:07:15.804000+00:00,28.29,41.589,35.279,197.0,172.0,False,105.158,"[2048, 2048, 2048, 2049, 2049, 2049]","[2049, 2048, 2048, 2048, 2048, 2049, 2049, 2049]","[2048, 2048, 2048, 2048, 2048, 2048, 2048]",312.0
1222,9213,24,3,2023-10-22T19:07:16.429000+00:00,28.268,41.768,35.007,197.0,166.0,False,105.043,"[None, 2049, 2049, 2049, 2049, 2049]","[2049, 2048, 2048, 2048, 2048, 2049, 2049, 2048]","[2048, 2048, 2049, 2048, 2048, 2048, 2049]",303.0
1222,9213,3,3,2023-10-22T19:07:16.851000+00:00,28.415,41.548,35.098,201.0,173.0,False,105.061,"[None, 2049, 2048, 2048, 2049, 2049]","[2049, 2048, 2048, 2048, 2048, 2049, 2049, 2048]","[2048, 2048, 2048, 2048, 2048, 2048]",309.0
1222,9213,23,3,2023-10-22T19:07:17.742000+00:00,28.364,41.402,34.878,199.0,173.0,False,104.644,"[2048, 2048, 2048, 2048, 2049, 2049]","[2049, 2049, 2049, 2048, 2048, 2049, 2049, 2048]","[2049, 2048, 2048, 2048, 2048, 2048]",307.0
1222,9213,77,3,2023-10-22T19:07:18.148000+00:00,28.327,41.371,35.006,197.0,177.0,False,104.704,"[2048, 2049, 2048, 2049, 2049, 2049]","[2049, 2049, 2048, 2048, 2048, 2049, 2049, 2049]","[2049, 2048, 2048, 2048, 2048, 2048, 2048]",318.0
1222,9213,20,3,2023-10-22T19:07:18.804000+00:00,28.294,41.384,34.964,199.0,174.0,False,104.642,"[None, 2049, 2049, 2051, 2048, 2049]","[2048, 2048, 2048, 2048, 2049, 2049, 2051, 2048]","[2049, 2049, 2048, 2048, 2049, 2048, 2048]",323.0
1222,9213,2,3,2023-10-22T19:07:19.179000+00:00,28.417,41.377,34.963,198.0,172.0,False,104.757,"[None, 2049, 2049, 2048, 2049, 2049]","[2049, 2049, 2048, 2048, 2048, 2049, 2049, 2049]","[2049, 2049, 2048, 2048, 2049, 2049]",319.0
1222,9213,14,3,2023-10-22T19:07:19.726000+00:00,28.361,41.553,34.822,202.0,176.0,False,104.736,"[None, 2049, 2049, 2048, 2049, 2049]","[2048, 2048, 2048, 2048, 2048, 2049, 2049, 2048]","[2048, 2048, 2048, 2049, 2048, 2048, 2048]",333.0
1222,9213,27,3,2023-10-22T19:07:20.351000+00:00,28.567,41.152,35.081,202.0,171.0,False,104.8,"[None, 2049, 2049, 2048, 2048, 2048]","[2049, 2049, 2048, 2048, 2048, 2049, 2049, 2049]","[2048, 2048, 2048, 2049, 2048, 2048, 2048]",303.0
1222,9213,18,3,2023-10-22T19:07:21.367000+00:00,28.245,41.158,34.804,197.0,176.0,False,104.207,"[None, 2048, 2048, 2049, 2048, 2048]","[2048, 2048, 2048, 2048, 2049, 2049, 2049, 2048]","[2048, 2048, 2048, 2048, 2048, 2048, 2048]",327.0
1222,9213,4,4,2023-10-22T19:08:47.834000+00:00,27.637,41.008,33.686,209.0,180.0,False,102.331,"[2048, 2048, 2048, 2049, 2048, 2049]","[2049, 2048, 2048, 2048, 2048, 2048, 2048, 2048]","[2048, 2048, 2048, 2048, 2048, 2048, 2049]",289.0
1222,9213,16,4,2023-10-22T19:08:50.256000+00:00,27.693,40.817,34.028,209.0,180.0,False,102.538,"[None, 2048, 2048, 2048, 2048, 2049]","[2048, 2048, 2049, 2048, 2048, 2048, 2049, 2048]","[2048, 2048, 2048, 2048, 2048, 2048]",296.0
1222,9213,55,4,2023-10-22T19:08:51.490000+00:00,27.985,41.07,34.377,203.0,184.0,False,103.432,"[None, 2048, 2048, 2048, 2048, 2048]","[2049, 2048, 2048, 2048, 2048, 2048, 2048, 2048]","[2048, 2048, 2048, 2048, 2048, 2048, 2048]",299.0
1222,9213,44,4,2023-10-22T19:08:51.928000+00:00,27.815,40.701,33.594,195.0,181.0,False,102.11,"[2049, 2051, 2048, 2049, 2049, 2048]","[2048, 2048, 2049, 2048, 2048, 2049, 2049, 2048]","[2048, 2049, 2049, 2048, 2049, 2048]",320.0
1222,9213,1,4,2023-10-22T19:08:53.068000+00:00,27.874,41.035,33.714,203.0,172.0,False,102.623,"[None, 2049, 2049, 2048, 2049, 2049]","[2048, 2048, 2049, 2048, 2048, 2048, 2048, 2048]","[2048, 2048, 2048, 2049, 2049, 2048, 2048]",293.0
1222,9213,81,4,2023-10-22T19:08:54.724000+00:00,27.753,41.083,33.984,212.0,174.0,False,102.82,"[None, 2048, 2049, 2048, 2049, 2049]","[2049, 2049, 2048, 2048, 2048, 2048, 2048, 2049]","[2049, 2048, 2048, 2048, 2048, 2048, 2048]",297.0
1222,9213,63,4,2023-10-22T19:08:57.724000+00:00,27.658,40.944,33.392,211.0,177.0,False,101.994,"[None, 2049, 2049, 2048, 2049, 2051]","[2051, 2049, 2049, 2048, 2048, 2048, 2048, 2049]","[2049, 2048, 2049, 2049, 2049, 2049, 2048]",296.0
1222,9213,11,4,2023-10-22T19:08:58.646000+00:00,27.466,40.772,33.937,206.0,174.0,False,102.175,"[2049, 2049, 2049, 2051, 2049, 2049]","[2049, 2049, 2049, 2049, 2048, 2048, 2048, 2049]","[2049, 2049, 2048, 2049, 2049, 2048]",306.0
1222,9213,31,4,2023-10-22T19:09:00.474000+00:00,29.779,43.114,37.116,200.0,172.0,False,110.009,"[2049, 2048, 2048, 2048, 2048, 2048]","[2048, 2048, 2048, 2048, 2048, 2048, 2048, 2048]","[2048, 2048, 2048, 2048, 2048, 2048]",293.0
1222,9213,10,4,2023-10-22T19:09:00.724000+00:00,27.58,41.018,33.81,214.0,175.0,False,102.408,"[2049, 2049, 2049, 2048, 2049, 2049]","[2049, 2049, 2049, 2049, 2048, 2048, 2048, 2049]","[2049, 2049, 2048, 2049, 2049, 2049]",291.0
1222,9213,22,4,2023-10-22T19:09:01.052000+00:00,28.179,41.368,33.734,206.0,173.0,False,103.281,"[2049, 2048, 2048, 2048, 2048, 2048]","[2049, 2049, 2049, 2049, 2048, 2048, 2048, 2049]","[2049, 2049, 2049, 2051, 2049, 2049, 2048]",298.0
1222,9213,24,4,2023-10-22T19:09:01.506000+00:00,28.912,41.695,33.657,195.0,172.0,False,104.264,"[2051, 2049, 2049, 2048, 2048, 2048]","[2049, 2048, 2048, 2049, 2048, 2048, 2048, 2049]","[2049, 2049, 2049, 2049, 2049, 2049]",318.0
1222,9213,3,4,2023-10-22T19:09:01.959000+00:00,28.762,41.898,34.027,191.0,172.0,False,104.687,"[None, 2049, 2048, 2048, 2048, 2048]","[2048, 2048, 2049, 2048, 2048, 2049, 2048, 2048]","[2049, 2049, 2049, 2049, 2049, 2048]",322.0
1222,9213,23,4,2023-10-22T19:09:02.459000+00:00,28.493,41.952,34.428,198.0,176.0,False,104.873,"[2049, 2049, 2048, 2048, 2048, 2048]","[2048, 2048, 2049, 2048, 2048, 2049, 2049, 2048]","[2049, 2048, 2048, 2048, 2049, 2049]",324.0
1222,9213,77,4,2023-10-22T19:09:02.881000+00:00,28.473,42.051,34.804,195.0,178.0,False,105.328,"[2049, 2049, 2048, 2048, 2048, 2048]","[2048, 2048, 2048, 2048, 2048, 2049, 2049, 2048]","[2048, 2048, 2048, 2048, 2049, 2049, 2048]",316.0
1222,9213,20,4,2023-10-22T19:09:03.427000+00:00,28.454,41.571,35.408,191.0,178.0,False,105.433,"[None, 2049, 2048, 2048, 2048, 2048]","[2048, 2048, 2048, 2048, 2049, 2049, 2049, 2048]","[2048, 2048, 2048, 2048, 2049, 2049]",334.0
1222,9213,2,4,2023-10-22T19:09:03.959000+00:00,28.376,41.706,35.341,196.0,179.0,False,105.423,"[None, 2049, 2048, 2049, 2048, 2048]","[2048, 2048, 2051, 2048, 2048, 2049, 2049, 2048]","[2048, 2048, 2048, 2048, 2049, 2048]",310.0
1222,9213,14,4,2023-10-22T19:09:04.443000+00:00,28.235,41.654,35.578,201.0,179.0,False,105.467,"[None, 2049, 2048, 2048, 2049, 2048]","[2048, 2048, 2049, 2048, 2048, 2049, 2048, 2048]","[2048, 2048, 2048, 2048, 2048, 2048]",328.0
1222,9213,27,4,2023-10-22T19:09:05.131000+00:00,28.102,41.556,36.065,,174.0,False,105.723,"[None, 2049, 2049, 2049, 2048, 2049]","[2048, 2048, 2049, 2048, 2048, 2049, 2049, 2048]","[2048, 2048, 2048, 2048, 2048, 2048, 2048]",320.0
1222,9213,18,4,2023-10-22T19:09:05.552000+00:00,28.13,41.671,35.859,198.0,178.0,False,105.66,"[None, 2049, 2048, 2048, 2048, 2048]","[2048, 2048, 2048, 2048, 2049, 2049, 2051, 2048]","[2048, 2048, 2048, 2048, 2048, 2048, 2048]",326.0
1222,9213,4,5,2023-10-22T19:10:30.176000+00:00,27.534,40.859,33.851,208.0,181.0,False,102.244,"[2049, 2048, 2048, 2048, 2049, 2051]","[2049, 2048, 2048, 2048, 2048, 2048, 2049, 2048]","[2048, 2048, 2048, 2049, 2048, 2048, 2048]",294.0
1222,9213,16,5,2023-10-22T19:10:32.770000+00:00,27.699,40.937,34.169,207.0,177.0,False,102.805,"[None, 2049, 2048, 2048, 2048, 2049]","[2048, 2048, 2048, 2048, 2048, 2048, 2049, 2048]","[2048, 2048, 2048, 2049, 2048, 2048, 2048]",304.0
1222,9213,44,5,2023-10-22T19:10:34.051000+00:00,27.603,40.991,33.616,207.0,178.0,False,102.21,"[2048, 2048, 2049, 2048, 2049, 2049]","[2049, 2048, 2048, 2048, 2048, 2048, 2048, 2048]","[2049, 2048, 2048, 2048, 2048, 2048, 2048]",280.0
1222,9213,55,5,2023-10-22T19:10:34.926000+00:00,27.856,41.449,34.439,202.0,179.0,False,103.744,"[2049, 2049, 2048, 2048, 2048, 2048]","[2048, 2048, 2048, 2048, 2048, 2048, 2048, 2048]","[2048, 2048, 2048, 2048, 2048, 2048, 2048]",300.0
1222,9213,1,5,2023-10-22T19:10:35.707000+00:00,27.76,40.607,33.784,204.0,169.0,False,102.151,"[None, 2049, 2049, 2048, 2049, 2049]","[2049, 2048, 2049, 2048, 2049, 2049, 2049, 2048]","[2048, 2048, 2049, 2049, 2048, 2048, 2048]",324.0
1222,9213,81,5,2023-10-22T19:10:37.551000+00:00,27.674,40.966,34.065,,176.0,False,102.705,"[None, 2049, 2049, 2048, 2048, 2048]","[2049, 2048, 2048, 2049, 2048, 2048, 2048, 2049]","[2048, 2048, 2049, 2048, 2048, 2048, 2048]",298.0
1222,9213,63,5,2023-10-22T19:10:39.801000+00:00,27.672,41.098,33.624,208.0,177.0,False,102.394,"[None, 2049, 2049, 2048, 2049, 2048]","[2048, 2049, 2048, 2048, 2048, 2048, 2048, 2048]","[2048, 2048, 2048, 2048, 2048, 2048, 2048]",286.0
1222,9213,11,5,2023-10-22T19:10:40.832000+00:00,27.485,41.201,33.841,202.0,173.0,False,102.527,"[2048, 2049, 2049, 2048, 2048, 2049]","[2048, 2049, 2048, 2049, 2048, 2048, 2048, 2048]","[2049, 2049, 2049, 2049, 2048, 2048]",285.0
1222,9213,10,5,2023-10-22T19:10:43.129000+00:00,27.802,41.153,33.681,211.0,175.0,False,102.636,"[2048, 2048, 2049, 2048, 2048, 2049]","[2049, 2048, 2048, 2048, 2048, 2048, 2048, 2049]","[2049, 2048, 2049, 2049, 2048, 2048]",290.0
1222,9213,22,5,2023-10-22T19:10:44.347000+00:00,28.144,41.351,33.589,208.0,170.0,False,103.084,"[2048, 2048, 2049, 2048, 2048, 2049]","[2049, 2049, 2048, 2048, 2048, 2048, 2048, 2049]","[2049, 2048, 2049, 2051, 2048, 2048, 2048]",300.0
1222,9213,24,5,2023-10-22T19:10:45.629000+00:00,28.071,41.468,34.085,202.0,166.0,False,103.624,"[2048, 2048, 2048, 2049, 2049, 2049]","[2049, 2049, 2048, 2049, 2048, 2048, 2048, 2048]","[2048, 2048, 2049, 2049, 2048, 2048, 2048]",300.0
1222,9213,3,5,2023-10-22T19:10:46.597000+00:00,27.821,41.406,34.329,206.0,173.0,False,103.556,"[2048, 2048, 2049, 2048, 2049, 2049]","[2049, 2049, 2049, 2049, 2048, 2048, 2048, 2048]","[2048, 2048, 2048, 2048, 2048, 2048, 2048]",322.0
1222,9213,23,5,2023-10-22T19:10:47.207000+00:00,27.948,41.297,34.558,200.0,175.0,False,103.803,"[2048, 2048, 2049, 2048, 2048, 2049]","[2049, 2048, 2048, 2049, 2048, 2048, 2048, 2049]","[2049, 2048, 2048, 2048, 2048, 2048]",303.0
1222,9213,77,5,2023-10-22T19:10:48.207000+00:00,27.745,41.18,34.464,203.0,178.0,False,103.389,"[2048, 2049, 2049, 2048, 2049, 2049]","[2049, 2049, 2048, 2049, 2048, 2048, 2048, 2049]","[2049, 2049, 2048, 2049, 2048, 2048, 2048]",313.0
1222,9213,20,5,2023-10-22T19:10:48.769000+00:00,28.029,41.225,34.364,195.0,178.0,False,103.618,"[2048, 2049, 2049, 2048, 2049, 2048]","[2049, 2049, 2048, 2048, 2048, 2048, 2048, 2049]","[2049, 2049, 2049, 2049, 2048, 2049, 2049]",316.0
1222,9213,2,5,2023-10-22T19:10:49.269000+00:00,28.112,41.166,34.458,195.0,179.0,False,103.736,"[2048, 2049, 2049, 2048, 2049, 2048]","[2049, 2048, 2048, 2048, 2048, 2048, 2048, 2049]","[2049, 2048, 2048, 2049, 2049, 2049, 2048]",322.0
1222,9213,14,5,2023-10-22T19:10:49.894000+00:00,28.081,41.254,34.457,202.0,179.0,False,103.792,"[None, 2048, 2049, 2048, 2049, 2049]","[2048, 2048, 2048, 2048, 2048, 2048, 2048, 2048]","[2048, 2048, 2048, 2049, 2048, 2049, 2048]",312.0
1222,9213,31,5,2023-10-22T19:10:50.363000+00:00,29.012,42.545,37.381,,170.0,False,108.938,"[None, 2048, 2048, 2048, 2048, 2048]","[2048, 2048, 2048, 2048, 2048, 2048, 2048, 2048]","[2048, 2048, 2048, 2048, 2048, 2048, 2048]",304.0
1222,9213,27,5,2023-10-22T19:10:50.879000+00:00,28.724,41.279,34.645,199.0,179.0,False,104.648,"[2048, 2048, 2048, 2048, 2048, 2048]","[2048, 2048, 2048, 2048, 2048, 2049, 2048, 2049]","[2049, 2049, 2048, 2048, 2048, 2049]",328.0
1222,9213,18,5,2023-10-22T19:10:51.191000+00:00,28.752,41.644,34.523,190.0,171.0,False,104.919,"[2051, 2049, 2048, 2048, 2048, 2048]","[2048, 2048, 2048, 2048, 2048, 2048, 2048, 2048]","[2048, 2048, 2048, 2048, 2048, 2048, 2048]",331.0
1222,9213,4,6,2023-10-22T19:12:12.424000+00:00,27.626,41.172,34.004,209.0,180.0,False,102.802,"[2048, 2048, 2048, 2048, 2048, 2048]","[2049, 2048, 2048, 2048, 2048, 2048, 2048, 2048]","[2048, 2048, 2048, 2049, 2048, 2048, 2048]",290.0
1222,9213,16,6,2023-10-22T19:12:15.580000+00:00,27.838,41.624,34.15,208.0,176.0,False,103.612,"[None, 2048, 2048, 2048, 2048, 2048]","[2048, 2048, 2048, 2048, 2048, 2048, 2048, 2048]","[2048, 2048, 2048, 2049, 2048, 2048, 2049]",301.0
1222,9213,44,6,2023-10-22T19:12:16.236000+00:00,27.601,40.74,33.848,203.0,179.0,False,102.189,"[None, 2048, 2048, 2049, 2048, 2048]","[2048, 2048, 2048, 2048, 2048, 2048, 2048, 2048]","[2048, 2048, 2048, 2048, 2048, 2048]",319.0
1222,9213,1,6,2023-10-22T19:12:17.799000+00:00,27.833,41.23,33.794,210.0,169.0,False,102.857,"[None, 2048, 2048, 2048, 2049, 2049]","[2049, 2048, 2048, 2048, 2048, 2048, 2048, 2048]","[2048, 2048, 2048, 2049, 2048, 2048]",288.0
1222,9213,55,6,2023-10-22T19:12:18.658000+00:00,27.668,41.039,34.175,201.0,178.0,False,102.882,"[2048, 2049, 2048, 2048, 2048, 2048]","[2048, 2048, 2048, 2048, 2048, 2049, 2049, 2048]","[2048, 2048, 2048, 2048, 2048, 2048, 2048]",320.0
1222,9213,81,6,2023-10-22T19:12:20.252000+00:00,27.731,41.242,33.864,209.0,177.0,False,102.837,"[2049, 2048, 2048, 2048, 2049, 2048]","[2048, 2048, 2048, 2048, 2048, 2048, 2048, 2048]","[2048, 2048, 2048, 2048, 2048, 2048]",299.0
1222,9213,63,6,2023-10-22T19:12:22.299000+00:00,27.679,41.265,33.87,209.0,183.0,False,102.814,"[None, 2048, 2048, 2048, 2049, 2048]","[2048, 2048, 2048, 2048, 2048, 2048, 2048, 2048]","[2048, 2048, 2048, 2048, 2049, 2048, 2048]",277.0
1222,9213,11,6,2023-10-22T19:12:23.346000+00:00,27.671,41.338,33.84,206.0,174.0,False,102.849,"[None, 2048, 2049, 2048, 2048, 2049]","[2048, 2048, 2048, 2049, 2048, 2048, 2048, 2048]","[2049, 2048, 2048, 2049, 2049, 2048]",287.0
1222,9213,10,6,2023-10-22T19:12:25.752000+00:00,27.868,41.087,33.822,209.0,177.0,False,102.777,"[None, 2048, 2048, 2048, 2048, 2048]","[2048, 2049, 2048, 2048, 2048, 2048, 2048, 2049]","[2049, 2048, 2048, 2049, 2048, 2048]",290.0
1222,9213,22,6,2023-10-22T19:12:27.439000+00:00,28.011,41.496,33.759,,172.0,False,103.266,"[None, 2048, 2049, 2049, 2049, 2049]","[2049, 2048, 2048, 2048, 2048, 2048, 2048, 2048]","[2048, 2048, 2048, 2048, 2049, 2048, 2048]",298.0
1222,9213,24,6,2023-10-22T19:12:29.392000+00:00,27.861,41.541,33.92,209.0,176.0,False,103.322,"[None, 2048, 2049, 2048, 2049, 2049]","[2048, 2048, 2048, 2048, 2048, 2048, 2048, 2048]","[2049, 2048, 2048, 2049, 2048, 2048, 2048]",289.0
1222,9213,3,6,2023-10-22T19:12:30.158000+00:00,27.9,41.473,34.091,204.0,171.0,False,103.464,"[None, 2048, 2048, 2048, 2049, 2048]","[2048, 2048, 2048, 2048, 2048, 2048, 2048, 2049]","[2049, 2048, 2049, 2049, 2048, 2048]",308.0
1222,9213,23,6,2023-10-22T19:12:31.127000+00:00,27.969,41.445,34.206,203.0,175.0,False,103.62,"[None, 2049, 2048, 2048, 2049, 2049]","[2048, 2048, 2048, 2048, 2048, 2048, 2048, 2048]","[2049, 2048, 2048, 2049, 2049, 2048, 2048]",304.0
1222,9213,77,6,2023-10-22T19:12:31.611000+00:00,27.921,41.506,34.295,198.0,177.0,False,103.722,"[None, 2048, 2048, 2048, 2049, 2048]","[2048, 2048, 2048, 2048, 2048, 2048, 2048, 2048]","[2048, 2049, 2048, 2049, 2049, 2048]",312.0
1222,9213,20,6,2023-10-22T19:12:32.549000+00:00,28.098,41.151,34.272,202.0,179.0,False,103.521,"[None, 2048, 2048, 2048, 2049, 2049]","[2048, 2048, 2048, 2048, 2048, 2048, 2048, 2049]","[2049, 2049, 2049, 2048, 2048, 2048, 2049]",314.0
1222,9213,2,6,2023-10-22T19:12:33.174000+00:00,28.185,41.18,34.279,200.0,181.0,False,103.644,"[None, 2048, 2048, 2048, 2049, 2049]","[2049, 2048, 2048, 2048, 2048, 2048, 2048, 2048]","[2048, 2048, 2049, 2049, 2049, 2049, 2048]",313.0
1222,9213,14,6,2023-10-22T19:12:33.705000+00:00,28.019,41.255,34.394,203.0,179.0,False,103.668,"[None, 2049, 2048, 2049, 2049, 2048]","[2048, 2048, 2048, 2048, 2048, 2048, 2048, 2048]","[2048, 2048, 2048, 2048, 2049, 2049, 2048]",299.0
1222,9213,27,6,2023-10-22T19:12:35.439000+00:00,28.032,41.915,34.969,207.0,169.0,False,104.916,"[None, 2048, 2049, 2048, 2049, 2049]","[2049, 2048, 2048, 2048, 2048, 2048, 2048, 2048]","[2048, 2048, 2048, 2048, 2048, 2049]",304.0
1222,9213,18,6,2023-10-22T19:12:36.033000+00:00,28.0,41.073,34.351,195.0,172.0,False,103.424,"[2048, 2048, 2048, 2048, 2049, 2048]","[2049, 2048, 2048, 2048, 2048, 2048, 2048, 2048]","[2048, 2048, 2048, 2048, 2048, 2048]",326.0
1222,9213,31,6,2023-10-22T19:12:39.314000+00:00,28.586,41.902,40.494,202.0,177.0,False,110.982,"[2048, 2048, 2048, 2048, 2048, 2049]","[2048, 2048, 2048, 2048, 2048, 2048, 2048, 2049]","[2049, 2048, 2048, 2048, 2048, 2064, 2064]",300.0
1222,9213,4,7,2023-10-22T19:13:55.219000+00:00,27.674,41.18,33.888,210.0,180.0,False,102.742,"[None, 2048, 2048, 2048, 2049, 2048]","[2049, 2048, 2048, 2048, 2048, 2048, 2048, 2048]","[2048, 2048, 2048, 2049, 2048, 2048]",292.0
1222,9213,44,7,2023-10-22T19:13:58.422000+00:00,27.599,41.38,33.707,211.0,180.0,False,102.686,"[None, 2048, 2048, 2048, 2048, 2049]","[2048, 2048, 2049, 2048, 2048, 2048, 2048, 2048]","[2048, 2049, 2048, 2048, 2048, 2048]",282.0
1222,9213,16,7,2023-10-22T19:13:59.203000+00:00,27.654,41.442,34.053,206.0,179.0,False,103.149,"[2049, 2049, 2048, 2048, 2048, 2048]","[2048, 2048, 2048, 2048, 2048, 2048, 2049, 2048]","[2048, 2048, 2048, 2049, 2048, 2048, 2048]",301.0
1222,9213,1,7,2023-10-22T19:14:00.719000+00:00,27.578,41.194,34.045,,176.0,False,102.817,"[None, 2049, 2048, 2048, 2049, 2049]","[2048, 2048, 2048, 2048, 2048, 2048, 2048, 2048]","[2048, 2048, 2049, 2049, 2048, 2048]",290.0
1222,9213,55,7,2023-10-22T19:14:01.516000+00:00,27.541,41.103,34.306,,178.0,False,102.95,"[2049, 2051, 2048, 2049, 2048, 2048]","[2048, 2048, 2048, 2048, 2048, 2049, 2049, 2048]","[2049, 2048, 2048, 2048, 2048, 2048, 2048]",321.0
1222,9213,81,7,2023-10-22T19:14:03.094000+00:00,27.631,41.58,34.114,211.0,176.0,False,103.325,"[None, 2048, 2048, 2048, 2049, 2049]","[2048, 2048, 2048, 2048, 2048, 2048, 2048, 2048]","[2048, 2048, 2048, 2048, 2048, 2048, 2048]",298.0
1222,9213,63,7,2023-10-22T19:14:04.938000+00:00,27.65,41.289,33.762,208.0,181.0,False,102.701,"[None, 2049, 2048, 2048, 2049, 2048]","[2048, 2048, 2048, 2048, 2048, 2048, 2048, 2048]","[2048, 2048, 2048, 2048, 2048, 2048, 2048]",280.0
1222,9213,11,7,2023-10-22T19:14:06.203000+00:00,27.779,41.242,33.873,207.0,174.0,False,102.894,"[None, 2048, 2048, 2048, 2048, 2049]","[2048, 2048, 2049, 2048, 2048, 2048, 2048, 2049]","[2049, 2048, 2048, 2048, 2048, 2048]",292.0
1222,9213,10,7,2023-10-22T19:14:08.641000+00:00,27.704,41.081,33.902,213.0,175.0,False,102.687,"[None, 2048, 2049, 2048, 2049, 2048]","[2048, 2048, 2048, 2048, 2048, 2048, 2048, 2048]","[2048, 2048, 2049, 2048, 2049, 2048, 2048]",291.0
1222,9213,22,7,2023-10-22T19:14:10.688000+00:00,27.983,41.53,33.801,,174.0,False,103.314,"[None, 2048, 2049, 2049, 2048, 2049]","[2048, 2048, 2048, 2048, 2048, 2048, 2048, 2049]","[2048, 2048, 2049, 2048, 2048, 2049, 2048]",297.0
1222,9213,24,7,2023-10-22T19:14:12.703000+00:00,27.711,41.813,34.082,210.0,176.0,False,103.606,"[None, 2048, 2049, 2049, 2049, 2049]","[2048, 2048, 2048, 2048, 2048, 2048, 2048, 2048]","[2049, 2048, 2048, 2048, 2048, 2048]",286.0
1222,9213,3,7,2023-10-22T19:14:13.609000+00:00,27.659,41.993,34.057,206.0,170.0,False,103.709,"[None, 2049, 2049, 2049, 2048, 2049]","[2048, 2048, 2048, 2048, 2048, 2048, 2048, 2049]","[2049, 2049, 2049, 2048, 2048, 2048]",295.0
1222,9213,23,7,2023-10-22T19:14:14.703000+00:00,28.01,41.567,34.237,205.0,177.0,False,103.814,"[None, 2048, 2048, 2048, 2049, 2049]","[2049, 2048, 2048, 2048, 2048, 2048, 2048, 2048]","[2048, 2049, 2048, 2049, 2048, 2048, 2048]",298.0
1222,9213,77,7,2023-10-22T19:14:15.328000+00:00,27.981,41.558,34.376,,177.0,False,103.915,"[None, 2048, 2048, 2048, 2048, 2048]","[2049, 2048, 2048, 2048, 2048, 2048, 2048, 2048]","[2048, 2048, 2048, 2048, 2048, 2048, 2048]",311.0
1222,9213,20,7,2023-10-22T19:14:16+00:00,27.927,41.451,34.496,195.0,179.0,False,103.874,"[None, 2049, 2048, 2048, 2048, 2048]","[2048, 2048, 2048, 2048, 2048, 2048, 2048, 2048]","[2048, 2048, 2049, 2049, 2048, 2048, 2048]",315.0
1222,9213,2,7,2023-10-22T19:14:16.719000+00:00,27.973,42.005,34.962,,176.0,False,104.94,"[None, 2049, 2048, 2048, 2048, 2049]","[2048, 2048, 2048, 2048, 2048, 2048, 2048, 2048]","[2048, 2048, 2048, 2048, 2048, 2048, 2048]",324.0
1222,9213,14,7,2023-10-22T19:14:17.344000+00:00,27.796,41.2,34.585,202.0,175.0,False,103.581,"[2048, 2049, 2049, 2048, 2048, 2049]","[2048, 2048, 2048, 2048, 2048, 2048, 2048, 2048]","[2048, 2048, 2048, 2048, 2048, 2048]",333.0
1222,9213,18,7,2023-10-22T19:14:19.562000+00:00,27.863,41.433,34.568,201.0,178.0,False,103.864,"[None, 2048, 2049, 2049, 2048, 2049]","[2049, 2048, 2049, 2048, 2048, 2048, 2048, 2048]","[2048, 2048, 2048, 2048, 2048, 2048]",301.0
1222,9213,27,7,2023-10-22T19:14:20.406000+00:00,27.928,41.4,34.474,201.0,179.0,False,103.802,"[2049, 2048, 2049, 2049, 2048, 2048]","[2048, 2048, 2048, 2048, 2048, 2048, 2048, 2049]","[2048, 2049, 2048, 2048, 2048, 2048, 2048]",297.0
1222,9213,31,7,2023-10-22T19:14:30.234000+00:00,,,,,,False,,,,,
1222,9213,4,8,2023-10-22T19:15:37.967000+00:00,27.568,41.196,33.736,,181.0,False,102.5,"[None, 2048, 2048, 2048, 2048, 2048]","[2049, 2048, 2048, 2048, 2048, 2048, 2048, 2048]","[2048, 2048, 2048, 2049, 2051, 2048, 2048]",292.0
1222,9213,44,8,2023-10-22T19:15:41.108000+00:00,27.53,41.017,33.876,209.0,181.0,False,102.423,"[None, 2048, 2049, 2048, 2049, 2048]","[2049, 2048, 2049, 2048, 2048, 2048, 2048, 2049]","[2048, 2048, 2048, 2048, 2048, 2048, 2048]",286.0
1222,9213,16,8,2023-10-22T19:15:42.342000+00:00,27.752,41.157,34.254,204.0,179.0,False,103.163,"[2048, 2049, 2048, 2048, 2048, 2048]","[2048, 2048, 2048, 2048, 2048, 2048, 2048, 2048]","[2048, 2048, 2048, 2048, 2048, 2048, 2048]",299.0
1222,9213,1,8,2023-10-22T19:15:43.530000+00:00,27.671,40.66,34.267,208.0,174.0,False,102.598,"[None, 2048, 2048, 2049, 2048, 2048]","[2048, 2049, 2049, 2048, 2048, 2048, 2048, 2048]","[2048, 2048, 2048, 2048, 2048, 2048]",309.0
1222,9213,55,8,2023-10-22T19:15:44.467000+00:00,27.585,40.849,34.175,205.0,178.0,False,102.609,"[2048, 2048, 2048, 2048, 2048, 2048]","[2048, 2048, 2048, 2048, 2048, 2049, 2049, 2048]","[2048, 2048, 2049, 2049, 2048, 2048, 2048]",323.0
1222,9213,81,8,2023-10-22T19:15:46.436000+00:00,27.672,41.448,34.307,212.0,177.0,False,103.427,"[2048, 2048, 2048, 2048, 2048, 2048]","[2048, 2048, 2048, 2048, 2048, 2048, 2048, 2048]","[2048, 2048, 2048, 2048, 2048, 2048, 2048]",297.0
1222,9213,63,8,2023-10-22T19:15:47.655000+00:00,27.789,41.727,33.864,205.0,182.0,False,103.38,"[None, 2049, 2048, 2048, 2048, 2048]","[2048, 2048, 2048, 2048, 2048, 2048, 2048, 2048]","[2048, 2048, 2048, 2048, 2048, 2048, 2048]",289.0
1222,9213,11,8,2023-10-22T19:15:49.061000+00:00,27.941,41.424,34.14,202.0,173.0,False,103.505,"[None, 2048, 2048, 2048, 2048, 2048]","[2048, 2048, 2048, 2048, 2048, 2048, 2048, 2048]","[2048, 2048, 2048, 2048, 2048, 2048, 2048]",290.0
1222,9213,10,8,2023-10-22T19:15:51.233000+00:00,27.861,41.242,34.274,212.0,177.0,False,103.377,"[None, 2048, 2048, 2048, 2048, 2048]","[2048, 2048, 2048, 2048, 2048, 2048, 2048, 2048]","[2048, 2048, 2048, 2048, 2048, 2048, 2048]",292.0
1222,9213,22,8,2023-10-22T19:15:53.998000+00:00,27.872,41.56,33.96,,176.0,False,103.392,"[None, 2049, 2048, 2049, 2048, 2049]","[2048, 2048, 2048, 2048, 2048, 2048, 2048, 2048]","[2048, 2048, 2048, 2048, 2048, 2048, 2048]",290.0
1222,9213,24,8,2023-10-22T19:15:56.295000+00:00,27.828,41.618,34.169,206.0,176.0,False,103.615,"[None, 2048, 2048, 2049, 2048, 2048]","[2049, 2048, 2048, 2048, 2048, 2048, 2048, 2049]","[2048, 2048, 2048, 2048, 2048, 2048, 2048]",287.0
1222,9213,3,8,2023-10-22T19:15:57.326000+00:00,27.931,41.645,34.244,205.0,171.0,False,103.82,"[None, 2048, 2049, 2049, 2048, 2048]","[2048, 2048, 2048, 2048, 2048, 2048, 2048, 2049]","[2048, 2048, 2049, 2048, 2048, 2048, 2048]",292.0
1222,9213,23,8,2023-10-22T19:15:58.545000+00:00,27.998,41.678,34.33,204.0,177.0,False,104.006,"[None, 2048, 2049, 2048, 2048, 2048]","[2048, 2048, 2048, 2048, 2048, 2048, 2048, 2048]","[2048, 2048, 2048, 2048, 2048, 2048, 2048]",301.0
1222,9213,77,8,2023-10-22T19:15:59.264000+00:00,27.922,41.384,34.681,197.0,180.0,False,103.987,"[None, 2048, 2048, 2048, 2049, 2049]","[2048, 2048, 2048, 2048, 2048, 2048, 2048, 2048]","[2048, 2048, 2048, 2048, 2048, 2048]",314.0
1222,9213,20,8,2023-10-22T19:15:59.904000+00:00,27.872,41.578,34.646,193.0,177.0,False,104.096,"[None, 2049, 2048, 2048, 2048, 2048]","[2048, 2048, 2048, 2048, 2048, 2048, 2048, 2048]","[2048, 2048, 2049, 2048, 2048, 2048, 2048]",315.0
1222,9213,14,8,2023-10-22T19:16:00.873000+00:00,27.747,41.492,34.44,208.0,180.0,False,103.679,"[None, 2048, 2049, 2048, 2049, 2049]","[2048, 2048, 2048, 2048, 2048, 2048, 2048, 2048]","[2048, 2048, 2048, 2048, 2049, 2048, 2048]",307.0
1222,9213,2,8,2023-10-22T19:16:01.717000+00:00,28.137,41.739,34.404,203.0,183.0,False,104.28,"[None, 2048, 2048, 2048, 2048, 2049]","[2048, 2048, 2048, 2048, 2048, 2048, 2048, 2048]","[2048, 2049, 2048, 2048, 2048, 2048, 2048]",304.0
1222,9213,18,8,2023-10-22T19:16:03.404000+00:00,27.899,41.63,34.485,199.0,180.0,False,104.014,"[None, 2048, 2048, 2048, 2049, 2049]","[2049, 2048, 2048, 2048, 2048, 2048, 2048, 2048]","[2048, 2048, 2048, 2048, 2048, 2048]",301.0
1222,9213,27,8,2023-10-22T19:16:04.232000+00:00,27.92,41.632,34.578,200.0,178.0,False,104.13,"[2048, 2048, 2049, 2049, 2048, 2048]","[2048, 2048, 2048, 2048, 2048, 2048, 2048, 2048]","[2048, 2048, 2048, 2048, 2049, 2048, 2048]",294.0
1222,9213,4,9,2023-10-22T19:17:20.434000+00:00,,41.153,33.946,211.0,181.0,False,102.667,"[None, 2048, 2048, 2048, 2048, 2051]","[2049, 2048, 2048, 2048, 2048, 2048, 2048, 2048]","[2048, 2048, 2048, 2048, 2048, 2048, 2048]",291.0
1222,9213,44,9,2023-10-22T19:17:23.543000+00:00,27.717,41.146,33.757,210.0,181.0,False,102.62,"[None, 2048, 2048, 2048, 2049, 2049]","[2048, 2048, 2048, 2048, 2048, 2048, 2048, 2049]","[2048, 2048, 2048, 2048, 2048, 2048]",288.0
1222,9213,16,9,2023-10-22T19:17:25.528000+00:00,27.732,41.077,33.948,209.0,180.0,False,102.757,"[None, 2048, 2048, 2048, 2048, 2048]","[2048, 2048, 2048, 2048, 2048, 2048, 2048, 2048]","[2048, 2048, 2048, 2048, 2048, 2048]",300.0
1222,9213,1,9,2023-10-22T19:17:26.137000+00:00,27.713,41.147,34.109,202.0,174.0,False,102.969,"[2049, 2049, 2048, 2049, 2049, 2048]","[2048, 2048, 2048, 2048, 2048, 2048, 2048, 2048]","[2048, 2048, 2048, 2048, 2048, 2048, 2048]",312.0
1222,9213,55,9,2023-10-22T19:17:27.106000+00:00,27.74,40.941,34.215,202.0,178.0,False,102.896,"[None, 2048, 2048, 2049, 2048, 2048]","[2048, 2048, 2048, 2048, 2048, 2048, 2049, 2048]","[2048, 2048, 2048, 2049, 2048, 2048, 2048]",325.0
1222,9213,81,9,2023-10-22T19:17:29.840000+00:00,27.725,41.325,34.213,213.0,178.0,False,103.263,"[None, 2048, 2048, 2048, 2049, 2049]","[2048, 2048, 2048, 2048, 2048, 2048, 2048, 2048]","[2048, 2048, 2048, 2048, 2048, 2048, 2048]",297.0
1222,9213,63,9,2023-10-22T19:17:31.090000+00:00,27.653,41.42,33.989,208.0,183.0,False,103.062,"[None, 2049, 2048, 2048, 2049, 2048]","[2048, 2048, 2048, 2048, 2048, 2048, 2048, 2048]","[2048, 2048, 2048, 2048, 2048, 2048]",280.0
1222,9213,11,9,2023-10-22T19:17:32.606000+00:00,27.888,41.561,33.97,205.0,175.0,False,103.419,"[None, 2048, 2048, 2048, 2048, 2048]","[2048, 2048, 2048, 2048, 2048, 2048, 2048, 2048]","[2048, 2048, 2049, 2048, 2049, 2048, 2048]",292.0
1222,9213,10,9,2023-10-22T19:17:34.606000+00:00,27.829,41.176,34.135,209.0,177.0,False,103.14,"[None, 2048, 2048, 2048, 2048, 2048]","[2048, 2048, 2048, 2048, 2048, 2048, 2048, 2048]","[2048, 2048, 2048, 2049, 2049, 2048, 2048]",292.0
1222,9213,22,9,2023-10-22T19:17:37.449000+00:00,27.823,41.597,34.005,210.0,173.0,False,103.425,"[None, 2048, 2048, 2048, 2049, 2049]","[2048, 2048, 2049, 2048, 2048, 2048, 2048, 2048]","[2048, 2048, 2048, 2048, 2048, 2048, 2048]",290.0
1222,9213,24,9,2023-10-22T19:17:39.934000+00:00,27.673,41.485,34.724,211.0,175.0,False,103.882,"[None, 2048, 2048, 2048, 2049, 2049]","[2049, 2048, 2048, 2048, 2048, 2048, 2048, 2049]","[2048, 2048, 2048, 2048, 2048, 2064, 2064]",288.0
1222,9213,3,9,2023-10-22T19:17:41.184000+00:00,27.911,41.573,34.151,203.0,172.0,False,103.635,"[None, 2048, 2048, 2048, 2048, 2049]","[2048, 2048, 2048, 2048, 2048, 2048, 2048, 2049]","[2048, 2048, 2048, 2048, 2048, 2048]",293.0
1222,9213,23,9,2023-10-22T19:17:42.512000+00:00,28.045,41.4,34.283,208.0,176.0,False,103.728,"[None, 2048, 2048, 2048, 2048, 2049]","[2048, 2048, 2049, 2048, 2048, 2048, 2048, 2048]","[2048, 2048, 2048, 2049, 2048, 2048]",301.0
1222,9213,77,9,2023-10-22T19:17:43.215000+00:00,27.83,41.388,34.446,200.0,181.0,False,103.664,"[None, 2048, 2048, 2049, 2049, 2048]","[2048, 2048, 2048, 2048, 2048, 2048, 2048, 2048]","[2048, 2048, 2048, 2048, 2048, 2048, 2048]",314.0
1222,9213,20,9,2023-10-22T19:17:43.981000+00:00,27.793,41.486,34.545,199.0,177.0,False,103.824,"[None, 2048, 2048, 2048, 2049, 2048]","[2048, 2048, 2048, 2048, 2048, 2048, 2048, 2048]","[2048, 2048, 2048, 2049, 2049, 2048, 2048]",324.0
1222,9213,14,9,2023-10-22T19:17:44.621000+00:00,27.725,41.329,34.721,206.0,179.0,False,103.775,"[2049, 2049, 2048, 2049, 2048, 2048]","[2048, 2048, 2048, 2048, 2048, 2048, 2048, 2048]","[2048, 2048, 2048, 2048, 2049, 2048, 2048]",331.0
1222,9213,2,9,2023-10-22T19:17:45.981000+00:00,28.047,41.373,34.304,208.0,182.0,False,103.724,"[None, 2048, 2048, 2048, 2049, 2049]","[2049, 2049, 2048, 2048, 2048, 2048, 2048, 2049]","[2048, 2048, 2049, 2048, 2049, 2048, 2048]",303.0
1222,9213,18,9,2023-10-22T19:17:47.434000+00:00,28.028,41.356,34.468,195.0,179.0,False,103.852,"[None, 2048, 2048, 2048, 2048, 2048]","[2048, 2048, 2049, 2048, 2048, 2048, 2048, 2048]","[2048, 2048, 2048, 2048, 2049, 2048, 2048]",304.0
1222,9213,27,9,2023-10-22T19:17:48.355000+00:00,28.001,41.743,34.522,198.0,176.0,False,104.266,"[None, 2048, 2048, 2048, 2048, 2048]","[2048, 2048, 2048, 2048, 2048, 2048, 2048, 2048]","[2048, 2048, 2048, 2048, 2049, 2049, 2048]",294.0
1222,9213,4,10,2023-10-22T19:19:03.120000+00:00,27.595,41.025,33.771,,182.0,False,102.391,"[None, 2049, 2048, 2048, 2048, 2048]","[2049, 2048, 2048, 2048, 2048, 2049, 2048, 2048]","[2048, 2048, 2048, 2048, 2051, 2048, 2048]",291.0
1222,9213,44,10,2023-10-22T19:19:06.167000+00:00,27.426,41.239,33.658,213.0,181.0,False,102.323,"[None, 2048, 2048, 2048, 2049, 2049]","[2048, 2048, 2048, 2048, 2048, 2048, 2048, 2048]","[2049, 2048, 2048, 2048, 2048, 2048, 2048]",287.0
1222,9213,16,10,2023-10-22T19:19:08.276000+00:00,27.537,41.335,34.158,208.0,179.0,False,103.03,"[None, 2048, 2048, 2049, 2051, 2049]","[2048, 2048, 2048, 2048, 2048, 2048, 2048, 2048]","[2048, 2048, 2048, 2048, 2048, 2048, 2048]",298.0
1222,9213,1,10,2023-10-22T19:19:09.073000+00:00,27.577,41.127,34.037,207.0,174.0,False,102.741,"[2048, 2049, 2048, 2049, 2048, 2048]","[2048, 2048, 2048, 2048, 2048, 2048, 2048, 2048]","[2048, 2048, 2048, 2048, 2048, 2048, 2048]",309.0
1222,9213,55,10,2023-10-22T19:19:09.995000+00:00,27.714,41.049,34.147,203.0,179.0,False,102.91,"[None, 2048, 2048, 2048, 2048, 2048]","[2048, 2048, 2048, 2048, 2048, 2049, 2048, 2048]","[2048, 2049, 2048, 2048, 2048, 2048, 2048]",323.0
1222,9213,81,10,2023-10-22T19:19:13.088000+00:00,27.689,50.957,49.644,209.0,125.0,False,128.29,"[None, 2049, 2048, 2048, 2048, 2048]","[2048, 2048, 2048, 2048, 2048, 2048, 2048, 2048]","[2048, 2048, 2048, 2048, 2048, 2064, 2064]",176.0
1222,9213,63,10,2023-10-22T19:19:14.088000+00:00,27.494,41.264,33.897,206.0,180.0,False,102.655,"[None, 2049, 2048, 2048, 2049, 2049]","[2048, 2048, 2048, 2048, 2048, 2048, 2048, 2048]","[2048, 2048, 2048, 2048, 2048, 2048]",295.0
1222,9213,11,10,2023-10-22T19:19:16.026000+00:00,27.761,41.39,33.919,207.0,173.0,False,103.07,"[None, 2048, 2048, 2048, 2048, 2048]","[2048, 2048, 2048, 2048, 2048, 2048, 2048, 2048]","[2048, 2048, 2048, 2048, 2048, 2048, 2048]",298.0
1222,9213,10,10,2023-10-22T19:19:17.776000+00:00,27.837,41.416,34.154,206.0,174.0,False,103.407,"[None, 2048, 2048, 2048, 2048, 2048]","[2048, 2048, 2048, 2048, 2048, 2048, 2048, 2048]","[2048, 2048, 2048, 2048, 2049, 2048]",295.0
1222,9213,22,10,2023-10-22T19:19:20.823000+00:00,27.743,41.614,33.875,,169.0,False,103.232,"[None, 2048, 2048, 2048, 2048, 2049]","[2048, 2048, 2048, 2048, 2048, 2048, 2048, 2048]","[2048, 2048, 2048, 2048, 2048, 2048]",293.0
1222,9213,24,10,2023-10-22T19:19:23.760000+00:00,49.322,41.241,33.675,208.0,177.0,True,124.238,"[2064, 2064, 2048, 2048, 2048, 2048]","[2048, 2049, 2048, 2049, 2048, 2048, 2048, 2048]","[2049, 2048, 2048, 2048, 2048, 2048, 2048]",290.0
1222,9213,3,10,2023-10-22T19:19:24.791000+00:00,27.809,41.811,33.831,208.0,169.0,False,103.451,"[None, 2048, 2049, 2048, 2049, 2049]","[2048, 2048, 2048, 2048, 2048, 2048, 2048, 2048]","[2048, 2049, 2048, 2049, 2049, 2049, 2048]",293.0
1222,9213,23,10,2023-10-22T19:19:26.260000+00:00,27.785,41.15,34.217,209.0,174.0,False,103.152,"[None, 2048, 2048, 2048, 2049, 2049]","[2049, 2048, 2048, 2048, 2048, 2048, 2048, 2048]","[2049, 2049, 2048, 2049, 2048, 2064, 2064]",305.0
1222,9213,77,10,2023-10-22T19:19:26.916000+00:00,27.938,41.466,34.674,203.0,178.0,False,104.078,"[None, 2048, 2048, 2048, 2048, 2048]","[2048, 2048, 2048, 2048, 2048, 2048, 2048, 2048]","[2049, 2048, 2048, 2048, 2048, 2064, 2064]",312.0
1222,9213,20,10,2023-10-22T19:19:27.838000+00:00,27.873,42.322,34.554,198.0,175.0,False,104.749,"[None, 2048, 2048, 2048, 2048, 2048]","[2048, 2048, 2048, 2048, 2048, 2048, 2048, 2048]","[2048, 2049, 2048, 2048, 2048, 2064, 2064]",302.0
1222,9213,14,10,2023-10-22T19:19:28.385000+00:00,27.815,41.811,34.965,201.0,173.0,False,104.591,"[2048, 2049, 2048, 2048, 2049, 2048]","[2048, 2048, 2048, 2048, 2048, 2048, 2048, 2048]","[2048, 2048, 2048, 2048, 2048, 2048]",321.0
1222,9213,2,10,2023-10-22T19:19:29.682000+00:00,28.016,41.628,34.544,206.0,181.0,False,104.188,"[None, 2048, 2049, 2048, 2049, 2048]","[2048, 2048, 2048, 2048, 2048, 2048, 2048, 2048]","[2048, 2048, 2048, 2048, 2048, 2049]",305.0
1222,9213,18,10,2023-10-22T19:19:31.276000+00:00,28.044,41.71,34.492,199.0,178.0,False,104.246,"[None, 2048, 2048, 2048, 2048, 2048]","[2048, 2048, 2048, 2048, 2048, 2048, 2048, 2048]","[2048, 2048, 2048, 2048, 2048, 2048]",305.0
1222,9213,27,10,2023-10-22T19:19:32.650000+00:00,28.214,41.639,34.79,203.0,180.0,False,104.643,"[None, 2048, 2048, 2048, 2048, 2048]","[2048, 2048, 2048, 2048, 2048, 2048, 2048, 2048]","[2048, 2048, 2048, 2048, 2048, 2049, 2048]",297.0
1222,9213,4,11,2023-10-22T19:20:45.509000+00:00,27.529,41.1,33.797,210.0,181.0,False,102.426,"[2049, 2048, 2048, 2048, 2049, 2048]","[2049, 2048, 2048, 2048, 2048, 2049, 2049, 2048]","[2048, 2048, 2048, 2049, 2048, 2048, 2048]",296.0
1222,9213,44,11,2023-10-22T19:20:48.477000+00:00,27.524,41.1,33.683,,181.0,False,102.307,"[None, 2048, 2048, 2048, 2049, 2048]","[2048, 2048, 2048, 2048, 2048, 2048, 2048, 2048]","[2048, 2048, 2049, 2049, 2049, 2048, 2048]",290.0
1222,9213,16,11,2023-10-22T19:20:51.290000+00:00,27.666,42.221,34.563,,170.0,False,104.45,"[None, 2049, 2048, 2051, 2048, 2048]","[2048, 2048, 2048, 2048, 2048, 2049, 2049, 2048]","[2048, 2048, 2049, 2048, 2048, 2048, 2048]",306.0
1222,9213,1,11,2023-10-22T19:20:51.837000+00:00,27.694,41.677,33.776,206.0,171.0,False,103.147,"[2049, 2048, 2048, 2049, 2048, 2048]","[2048, 2048, 2048, 2048, 2048, 2049, 2049, 2048]","[2048, 2048, 2048, 2049, 2049, 2049]",327.0
1222,9213,55,11,2023-10-22T19:20:52.883000+00:00,27.57,41.407,34.62,200.0,180.0,False,103.597,"[2049, 2051, 2048, 2049, 2049, 2048]","[2048, 2048, 2048, 2048, 2048, 2048, 2048, 2048]","[2048, 2048, 2048, 2048, 2048, 2048, 2048]",306.0
1222,9213,63,11,2023-10-22T19:20:56.727000+00:00,27.627,41.624,33.921,207.0,175.0,False,103.172,"[None, 2048, 2048, 2049, 2048, 2048]","[2048, 2048, 2048, 2048, 2048, 2048, 2048, 2048]","[2048, 2048, 2048, 2049, 2048, 2048, 2048]",286.0
1222,9213,11,11,2023-10-22T19:20:59.040000+00:00,27.692,41.082,33.902,208.0,176.0,False,102.676,"[None, 2048, 2048, 2048, 2048, 2049]","[2048, 2048, 2048, 2048, 2048, 2048, 2048, 2049]","[2048, 2048, 2048, 2048, 2048, 2048]",296.0
1222,9213,10,11,2023-10-22T19:21:01.040000+00:00,27.845,41.279,34.051,210.0,174.0,False,103.175,"[None, 2048, 2048, 2048, 2049, 2048]","[2048, 2048, 2048, 2048, 2048, 2048, 2048, 2048]","[2048, 2048, 2048, 2048, 2048, 2048]",297.0
1222,9213,22,11,2023-10-22T19:21:03.977000+00:00,27.823,41.603,33.858,208.0,176.0,False,103.284,"[None, 2048, 2048, 2049, 2048, 2048]","[2048, 2048, 2048, 2048, 2048, 2048, 2048, 2048]","[2048, 2048, 2048, 2048, 2048, 2048]",296.0
1222,9213,3,11,2023-10-22T19:21:08.149000+00:00,27.927,41.52,33.67,207.0,171.0,False,103.117,"[None, 2048, 2048, 2048, 2048, 2049]","[2048, 2048, 2048, 2048, 2048, 2048, 2048, 2049]","[2049, 2049, 2048, 2049, 2049, 2048, 2048]",294.0
1222,9213,23,11,2023-10-22T19:21:09.399000+00:00,48.445,41.168,34.062,209.0,176.0,True,123.675,"[2064, 2064, 2048, 2048, 2049, 2048]","[2049, 2049, 2048, 2049, 2048, 2048, 2048, 2048]","[2049, 2049, 2048, 2048, 2048, 2049, 2048]",302.0
1222,9213,77,11,2023-10-22T19:21:10.852000+00:00,48.595,41.286,33.689,210.0,181.0,True,123.57,"[2064, 2064, 2048, 2048, 2048, 2049]","[2049, 2049, 2048, 2049, 2048, 2048, 2048, 2049]","[2049, 2049, 2048, 2049, 2048, 2049, 2049]",290.0
1222,9213,20,11,2023-10-22T19:21:12.446000+00:00,49.09,41.775,34.081,201.0,180.0,True,124.946,"[2064, 2064, 2048, 2048, 2048, 2049]","[2048, 2049, 2048, 2048, 2048, 2048, 2048, 2048]","[2048, 2049, 2048, 2048, 2048, 2048, 0]",290.0
1222,9213,14,11,2023-10-22T19:21:12.930000+00:00,27.812,41.322,34.018,212.0,178.0,False,103.152,"[None, 2048, 2048, 2048, 2048, 2048]","[2049, 2048, 2048, 2048, 2048, 2048, 2048, 2048]","[2048, 2048, 2048, 2048, 2049, 2049]",301.0
1222,9213,2,11,2023-10-22T19:21:13.821000+00:00,27.824,41.42,34.326,205.0,180.0,False,103.57,"[None, 2048, 2049, 2048, 2048, 2049]","[2048, 2048, 2048, 2048, 2048, 2048, 2048, 2048]","[2048, 2048, 2049, 2049, 2048, 2064, 2064]",309.0
1222,9213,18,11,2023-10-22T19:21:15.539000+00:00,27.816,41.277,34.318,196.0,177.0,False,103.411,"[None, 2048, 2048, 2049, 2048, 2049]","[2048, 2049, 2048, 2048, 2048, 2048, 2048, 2048]","[2048, 2048, 2048, 2048, 2048, 2048]",305.0
1222,9213,27,11,2023-10-22T19:21:17.305000+00:00,27.911,41.294,34.21,208.0,180.0,False,103.415,"[None, 2048, 2048, 2048, 2048, 2049]","[2048, 2048, 2048, 2048, 2048, 2048, 2048, 2049]","[2048, 2048, 2048, 2049, 2049, 2049]",296.0
1222,9213,81,11,2023-10-22T19:21:21.352000+00:00,,,,,,False,,,,,
1222,9213,24,11,2023-10-22T19:21:28.008000+00:00,27.802,41.181,33.804,210.0,175.0,False,102.787,"[2048, 2048, 2048, 2048, 2049, 2048]","[2048, 2048, 2048, 2048, 2048, 2048, 2048, 2049]","[2048, 2048, 2048, 2048, 2048, 2049]",290.0
1222,9213,4,12,2023-10-22T19:22:27.913000+00:00,27.49,40.992,33.631,211.0,181.0,False,102.113,"[None, 2049, 2048, 2048, 2048, 2051]","[2049, 2048, 2048, 2048, 2048, 2049, 2048, 2048]","[2048, 2048, 2048, 2048, 2048, 2048, 2048]",293.0
1222,9213,44,12,2023-10-22T19:22:30.772000+00:00,27.465,40.973,33.441,211.0,183.0,False,101.879,"[None, 2048, 2048, 2049, 2049, 2048]","[2048, 2048, 2048, 2048, 2048, 2048, 2048, 2049]","[2048, 2048, 2049, 2049, 2049, 2048, 2048]",291.0
1222,9213,1,12,2023-10-22T19:22:34.897000+00:00,27.549,41.27,33.696,207.0,174.0,False,102.515,"[2048, 2048, 2048, 2048, 2049, 2049]","[2048, 2048, 2048, 2048, 2048, 2048, 2048, 2049]","[2048, 2048, 2048, 2048, 2048, 2048, 2048]",289.0
1222,9213,16,12,2023-10-22T19:22:35.772000+00:00,27.57,41.056,34.136,204.0,179.0,False,102.762,"[2049, 2048, 2048, 2048, 2048, 2048]","[2048, 2048, 2048, 2048, 2048, 2049, 2049, 2048]","[2048, 2048, 2048, 2048, 2048, 2048]",310.0
1222,9213,55,12,2023-10-22T19:22:36.475000+00:00,27.591,41.131,34.158,,180.0,False,102.88,"[2048, 2048, 2048, 2049, 2049, 2048]","[2048, 2048, 2048, 2048, 2048, 2049, 2049, 2048]","[2048, 2048, 2048, 2049, 2048, 2048]",325.0
1222,9213,63,12,2023-10-22T19:22:39.913000+00:00,27.594,41.241,33.724,210.0,185.0,False,102.559,"[None, 2048, 2048, 2049, 2049, 2048]","[2048, 2048, 2048, 2048, 2048, 2048, 2048, 2048]","[2048, 2048, 2048, 2048, 2048, 2048]",289.0
1222,9213,11,12,2023-10-22T19:22:41.803000+00:00,27.628,41.167,33.678,209.0,172.0,False,102.473,"[None, 2048, 2048, 2048, 2049, 2049]","[2048, 2048, 2048, 2048, 2048, 2048, 2048, 2048]","[2048, 2048, 2048, 2049, 2049, 2049]",298.0
1222,9213,10,12,2023-10-22T19:22:44.319000+00:00,27.751,41.147,33.801,212.0,177.0,False,102.699,"[None, 2048, 2048, 2048, 2048, 2048]","[2048, 2048, 2048, 2048, 2048, 2048, 2048, 2049]","[2048, 2048, 2048, 2049, 2049, 2048]",294.0
1222,9213,22,12,2023-10-22T19:22:47.350000+00:00,27.704,41.518,33.785,210.0,170.0,False,103.007,"[None, 2049, 2048, 2049, 2049, 2048]","[2048, 2048, 2048, 2048, 2048, 2048, 2048, 2048]","[2048, 2048, 2048, 2048, 2048, 2048, 2048]",291.0
1222,9213,3,12,2023-10-22T19:22:51.381000+00:00,27.816,41.477,33.833,209.0,174.0,False,103.126,"[None, 2048, 2048, 2048, 2048, 2048]","[2048, 2048, 2048, 2048, 2048, 2048, 2048, 2049]","[2048, 2048, 2048, 2049, 2048, 2048]",294.0
1222,9213,14,12,2023-10-22T19:22:56.053000+00:00,27.647,41.161,33.751,,180.0,False,102.559,"[None, 2048, 2048, 2048, 2049, 2049]","[2048, 2048, 2048, 2048, 2048, 2048, 2048, 2049]","[2048, 2049, 2049, 2049, 2049, 2048, 2048]",301.0
1222,9213,2,12,2023-10-22T19:22:57.350000+00:00,49.151,40.688,34.297,206.0,184.0,True,124.136,"[2064, 2064, 2048, 2048, 2049, 2048]","[2049, 2049, 2048, 2049, 2048, 2048, 2048, 2048]","[2048, 2048, 2049, 2048, 2048, 2048, 0]",325.0
1222,9213,18,12,2023-10-22T19:22:58.850000+00:00,27.676,41.369,33.958,199.0,178.0,False,103.003,"[None, 2048, 2048, 2049, 2049, 2048]","[2048, 2048, 2048, 2048, 2048, 2048, 2048, 2049]","[2048, 2048, 2048, 2049, 2049, 2048]",303.0
1222,9213,27,12,2023-10-22T19:23:00.584000+00:00,27.952,41.236,34.22,,179.0,False,103.408,"[None, 2048, 2048, 2048, 2049, 2048]","[2048, 2049, 2048, 2048, 2048, 2048, 2048, 2049]","[2048, 2048, 2049, 2049, 2048, 2048]",296.0
1222,9213,24,12,2023-10-22T19:23:10.725000+00:00,27.776,41.276,33.758,207.0,177.0,False,102.81,"[None, 2049, 2049, 2049, 2048, 2048]","[2048, 2048, 2048, 2048, 2048, 2048, 2048, 2048]","[2048, 2048, 2048, 2048, 2048, 2048, 2048]",289.0
1222,9213,23,12,2023-10-22T19:23:13.084000+00:00,27.887,41.189,34.216,205.0,176.0,False,103.292,"[2048, 2048, 2048, 2048, 2048, 2048]","[2048, 2048, 2048, 2049, 2048, 2048, 2048, 2048]","[2048, 2048, 2048, 2048, 2048, 2048]",301.0
1222,9213,77,12,2023-10-22T19:23:14.522000+00:00,27.992,41.401,33.676,209.0,181.0,False,103.069,"[2048, 2048, 2048, 2048, 2048, 2048]","[2048, 2048, 2048, 2049, 2048, 2048, 2048, 2048]","[2049, 2048, 2048, 2048, 2049, 2048]",290.0
1222,9213,20,12,2023-10-22T19:23:17.521000+00:00,28.089,41.653,33.916,207.0,178.0,False,103.658,"[2048, 2048, 2048, 2048, 2048, 2049]","[2048, 2048, 2048, 2048, 2048, 2048, 2048, 2048]","[2048, 2049, 2048, 2049, 2049, 2048]",298.0
1222,9213,4,13,2023-10-22T19:24:10.052000+00:00,27.472,41.782,33.817,203.0,180.0,False,103.071,"[None, 2048, 2048, 2049, 2049, 2048]","[2048, 2048, 2048, 2048, 2048, 2048, 2048, 2048]","[2048, 2048, 2049, 2048, 2048, 2048, 2048]",289.0
1222,9213,44,13,2023-10-22T19:24:12.692000+00:00,27.521,41.49,33.569,208.0,180.0,False,102.58,"[None, 2048, 2048, 2048, 2049, 2048]","[2048, 2048, 2048, 2048, 2048, 2048, 2048, 2048]","[2048, 2048, 2048, 2048, 2049, 2051]",284.0
1222,9213,1,13,2023-10-22T19:24:17.489000+00:00,27.531,41.459,33.579,208.0,174.0,False,102.569,"[None, 2048, 2048, 2048, 2048, 2048]","[2048, 2048, 2048, 2048, 2048, 2048, 2048, 2048]","[2048, 2048, 2048, 2048, 2049, 2049, 2048]",287.0
1222,9213,16,13,2023-10-22T19:24:18.520000+00:00,27.477,41.532,33.753,205.0,181.0,False,102.762,"[None, 2049, 2048, 2048, 2051, 2048]","[2048, 2048, 2048, 2048, 2048, 2048, 2048, 2048]","[2048, 2048, 2048, 2049, 2048, 2048]",296.0
1222,9213,55,13,2023-10-22T19:24:19.364000+00:00,27.742,41.606,34.106,203.0,181.0,False,103.454,"[2049, 2048, 2048, 2048, 2049, 2048]","[2048, 2048, 2048, 2048, 2048, 2048, 2048, 2048]","[2048, 2048, 2048, 2049, 2048, 2048, 2048]",296.0
1222,9213,63,13,2023-10-22T19:24:22.473000+00:00,27.561,41.647,33.612,207.0,183.0,False,102.82,"[None, 2048, 2048, 2049, 2048, 2048]","[2048, 2048, 2048, 2048, 2048, 2048, 2048, 2048]","[2049, 2048, 2048, 2048, 2049, 2049, 2048]",280.0
1222,9213,11,13,2023-10-22T19:24:24.255000+00:00,27.696,41.568,33.787,199.0,177.0,False,103.051,"[None, 2048, 2048, 2051, 2049, 2048]","[2048, 2048, 2048, 2048, 2048, 2048, 2048, 2048]","[2048, 2048, 2048, 2048, 2049, 2048, 2048]",291.0
1222,9213,10,13,2023-10-22T19:24:27.020000+00:00,27.905,41.699,33.855,202.0,176.0,False,103.459,"[None, 2048, 2048, 2049, 2048, 2048]","[2048, 2048, 2048, 2048, 2048, 2048, 2048, 2048]","[2048, 2048, 2048, 2048, 2049, 2048, 2048]",289.0
1222,9213,22,13,2023-10-22T19:24:30.348000+00:00,27.854,41.73,33.844,204.0,173.0,False,103.428,"[None, 2048, 2048, 2049, 2049, 2048]","[2048, 2048, 2048, 2048, 2048, 2048, 2048, 2048]","[2048, 2048, 2048, 2048, 2048, 2048]",286.0
1222,9213,3,13,2023-10-22T19:24:34.489000+00:00,27.886,41.738,33.711,200.0,176.0,False,103.335,"[None, 2048, 2048, 2049, 2048, 2048]","[2048, 2048, 2048, 2048, 2048, 2048, 2048, 2048]","[2048, 2048, 2048, 2048, 2048, 2048, 2048]",287.0
1222,9213,14,13,2023-10-22T19:24:38.692000+00:00,27.888,41.445,33.775,208.0,180.0,False,103.108,"[None, 2048, 2048, 2048, 2049, 2048]","[2048, 2048, 2049, 2048, 2048, 2048, 2048, 2048]","[2048, 2048, 2048, 2048, 2049, 2049, 2048]",296.0
1222,9213,18,13,2023-10-22T19:24:41.848000+00:00,27.844,41.59,33.909,197.0,181.0,False,103.343,"[None, 2048, 2048, 2048, 2049, 2048]","[2048, 2048, 2048, 2048, 2048, 2048, 2048, 2048]","[2048, 2048, 2048, 2048, 2049, 2049, 2048]",299.0
1222,9213,27,13,2023-10-22T19:24:44.098000+00:00,27.994,41.514,34.263,202.0,181.0,False,103.771,"[None, 2048, 2048, 2048, 2048, 2048]","[2048, 2048, 2048, 2048, 2048, 2048, 2048, 2048]","[2048, 2048, 2048, 2048, 2049, 2048, 2048]",290.0
1222,9213,24,13,2023-10-22T19:24:53.660000+00:00,27.753,41.753,34.054,209.0,176.0,False,103.56,"[None, 2048, 2048, 2049, 2048, 2048]","[2048, 2048, 2048, 2048, 2048, 2048, 2048, 2048]","[2048, 2048, 2048, 2048, 2048, 2048, 2048]",284.0
1222,9213,23,13,2023-10-22T19:24:56.285000+00:00,27.809,41.307,34.151,209.0,177.0,False,103.267,"[None, 2048, 2049, 2048, 2048, 2048]","[2048, 2048, 2048, 2048, 2048, 2048, 2048, 2049]","[2048, 2048, 2048, 2048, 2048, 2048, 2048]",298.0
1222,9213,77,13,2023-10-22T19:24:57.504000+00:00,27.879,41.507,33.787,208.0,180.0,False,103.173,"[None, 2048, 2048, 2048, 2049, 2049]","[2048, 2048, 2048, 2048, 2048, 2048, 2048, 2048]","[2048, 2048, 2048, 2048, 2048, 2049, 2048]",286.0
1222,9213,20,13,2023-10-22T19:25:01.160000+00:00,28.299,41.88,34.45,,175.0,False,104.629,"[None, 2048, 2048, 2048, 2048, 2048]","[2049, 2048, 2048, 2048, 2048, 2048, 2048, 2048]","[2048, 2048, 2048, 2048, 2048, 2048, 2048]",300.0
1222,9213,2,13,2023-10-22T19:25:01.582000+00:00,28.314,40.935,33.934,203.0,179.0,False,103.183,"[2048, 2049, 2048, 2048, 2048, 2048]","[2048, 2048, 2048, 2048, 2048, 2048, 2048, 2049]","[2049, 2049, 2048, 2048, 2048, 2049]",318.0
1222,9213,4,14,2023-10-22T19:25:53.097000+00:00,27.505,41.574,33.713,211.0,183.0,False,102.792,"[2048, 2048, 2048, 2048, 2049, 2048]","[2048, 2048, 2048, 2048, 2048, 2048, 2048, 2048]","[2048, 2048, 2048, 2049, 2048, 2048, 2048]",291.0
1222,9213,44,14,2023-10-22T19:25:55.253000+00:00,27.569,41.325,33.647,214.0,183.0,False,102.541,"[None, 2048, 2048, 2049, 2048, 2048]","[2048, 2048, 2048, 2048, 2048, 2048, 2048, 2048]","[2048, 2048, 2048, 2048, 2048, 2048, 2048]",288.0
1222,9213,1,14,2023-10-22T19:26:00.112000+00:00,27.55,41.203,33.581,207.0,176.0,False,102.334,"[None, 2048, 2048, 2048, 2049, 2048]","[2048, 2048, 2049, 2048, 2048, 2048, 2048, 2048]","[2048, 2048, 2048, 2048, 2048, 2048, 2048]",289.0
1222,9213,16,14,2023-10-22T19:26:01.284000+00:00,27.702,41.276,33.793,201.0,181.0,False,102.771,"[2048, 2048, 2048, 2048, 2051, 2048]","[2048, 2048, 2048, 2048, 2048, 2048, 2048, 2048]","[2048, 2048, 2048, 2048, 2048, 2048, 2048]",299.0
1222,9213,55,14,2023-10-22T19:26:02.815000+00:00,27.901,41.366,33.798,,179.0,False,103.065,"[2048, 2048, 2048, 2048, 2048, 2048]","[2048, 2048, 2048, 2048, 2048, 2048, 2048, 2051]","[2048, 2048, 2048, 2048, 2049, 2048]",297.0
1222,9213,63,14,2023-10-22T19:26:05.300000+00:00,27.621,41.714,33.776,206.0,184.0,False,103.111,"[None, 2048, 2048, 2049, 2049, 2048]","[2048, 2048, 2048, 2048, 2048, 2048, 2048, 2048]","[2048, 2048, 2048, 2048, 2048, 2049, 2048]",274.0
1222,9213,11,14,2023-10-22T19:26:07.268000+00:00,27.697,41.252,33.746,202.0,177.0,False,102.695,"[None, 2048, 2048, 2048, 2048, 2048]","[2048, 2048, 2048, 2048, 2048, 2048, 2048, 2048]","[2048, 2048, 2048, 2048, 2048, 2049]",293.0
1222,9213,10,14,2023-10-22T19:26:10.503000+00:00,27.907,41.571,33.946,204.0,179.0,False,103.424,"[None, 2048, 2048, 2048, 2048, 2048]","[2048, 2048, 2048, 2048, 2048, 2048, 2048, 2048]","[2048, 2048, 2048, 2048, 2048, 2048]",290.0
1222,9213,22,14,2023-10-22T19:26:13.784000+00:00,27.857,41.86,33.769,208.0,173.0,False,103.486,"[None, 2048, 2048, 2049, 2048, 2048]","[2048, 2048, 2048, 2048, 2048, 2048, 2048, 2048]","[2048, 2048, 2048, 2048, 2048, 2048]",288.0
1222,9213,3,14,2023-10-22T19:26:17.815000+00:00,27.912,41.831,33.656,199.0,171.0,False,103.399,"[None, 2048, 2048, 2048, 2049, 2048]","[2048, 2048, 2048, 2048, 2048, 2048, 2048, 2048]","[2048, 2048, 2048, 2048, 2049, 2048, 2048]",290.0
1222,9213,14,14,2023-10-22T19:26:21.815000+00:00,27.798,41.392,34.144,206.0,182.0,False,103.334,"[None, 2048, 2048, 2049, 2049, 2048]","[2048, 2048, 2048, 2048, 2048, 2048, 2048, 2049]","[2048, 2048, 2048, 2048, 2048, 2048]",299.0
1222,9213,18,14,2023-10-22T19:26:25.315000+00:00,27.674,41.348,34.128,199.0,179.0,False,103.15,"[None, 2048, 2048, 2051, 2048, 2048]","[2048, 2048, 2048, 2048, 2048, 2048, 2048, 2049]","[2048, 2048, 2048, 2048, 2048, 2048]",300.0
1222,9213,27,14,2023-10-22T19:26:27.846000+00:00,27.98,41.429,34.262,204.0,179.0,False,103.671,"[None, 2048, 2048, 2049, 2049, 2048]","[2048, 2048, 2048, 2048, 2048, 2048, 2048, 2048]","[2048, 2048, 2048, 2048, 2048, 2048]",289.0
1222,9213,24,14,2023-10-22T19:26:37.190000+00:00,27.942,41.662,33.846,205.0,178.0,False,103.45,"[None, 2048, 2048, 2049, 2048, 2048]","[2048, 2048, 2048, 2048, 2048, 2048, 2048, 2048]","[2048, 2048, 2048, 2048, 2048, 2049]",285.0
1222,9213,23,14,2023-10-22T19:26:39.643000+00:00,27.957,41.238,33.969,203.0,176.0,False,103.164,"[None, 2048, 2048, 2048, 2048, 2048]","[2049, 2048, 2048, 2048, 2048, 2048, 2048, 2048]","[2048, 2049, 2048, 2048, 2048, 2048, 2048]",299.0
1222,9213,77,14,2023-10-22T19:26:40.768000+00:00,27.96,41.296,33.838,205.0,181.0,False,103.094,"[None, 2048, 2048, 2048, 2048, 2048]","[2049, 2048, 2048, 2048, 2048, 2048, 2048, 2049]","[2048, 2048, 2048, 2048, 2048, 2048, 2048]",286.0
1222,9213,2,14,2023-10-22T19:26:44.690000+00:00,27.804,41.102,34.193,207.0,182.0,False,103.099,"[None, 2048, 2048, 2048, 2049, 2049]","[2048, 2048, 2048, 2049, 2048, 2048, 2048, 2049]","[2048, 2048, 2048, 2048, 2048, 2048, 2048]",298.0
1222,9213,20,14,2023-10-22T19:26:45.783000+00:00,27.99,41.728,34.223,198.0,179.0,False,103.941,"[None, 2048, 2048, 2048, 2048, 2048]","[2048, 2048, 2048, 2048, 2048, 2048, 2048, 2048]","[2048, 2048, 2048, 2048, 2049, 2048]",288.0
1222,9213,4,15,2023-10-22T19:27:35.892000+00:00,27.501,41.379,33.677,209.0,183.0,False,102.557,"[None, 2048, 2048, 2049, 2049, 2048]","[2048, 2048, 2048, 2048, 2048, 2048, 2048, 2048]","[2048, 2048, 2048, 2049, 2051, 2048]",289.0
1222,9213,44,15,2023-10-22T19:27:37.861000+00:00,27.716,41.248,33.652,209.0,183.0,False,102.616,"[None, 2048, 2048, 2048, 2049, 2048]","[2048, 2048, 2048, 2048, 2048, 2048, 2048, 2048]","[2049, 2048, 2048, 2049, 2048, 2048, 2048]",286.0
1222,9213,1,15,2023-10-22T19:27:42.454000+00:00,27.685,41.213,33.756,210.0,177.0,False,102.654,"[None, 2048, 2048, 2048, 2048, 2048]","[2048, 2048, 2048, 2048, 2048, 2048, 2048, 2048]","[2048, 2048, 2049, 2048, 2048, 2048, 2048]",288.0
1222,9213,16,15,2023-10-22T19:27:44.048000+00:00,27.773,41.218,33.84,206.0,182.0,False,102.831,"[None, 2048, 2048, 2048, 2051, 2048]","[2048, 2048, 2048, 2048, 2048, 2048, 2048, 2048]","[2048, 2048, 2048, 2048, 2048, 2048, 2048]",299.0
1222,9213,55,15,2023-10-22T19:27:45.892000+00:00,27.948,41.626,34.078,205.0,178.0,False,103.652,"[None, 2048, 2048, 2048, 2048, 2048]","[2048, 2048, 2048, 2048, 2048, 2048, 2048, 2048]","[2048, 2048, 2048, 2048, 2048, 2048, 2048]",295.0
1222,9213,63,15,2023-10-22T19:27:48.407000+00:00,27.79,41.725,33.894,,184.0,False,103.409,"[None, 2048, 2048, 2048, 2048, 2048]","[2048, 2048, 2048, 2048, 2048, 2048, 2048, 2048]","[2048, 2048, 2048, 2048, 2048, 2048, 2048]",284.0
1222,9213,11,15,2023-10-22T19:27:49.985000+00:00,27.793,41.452,33.943,199.0,177.0,False,103.188,"[None, 2048, 2048, 2048, 2049, 2048]","[2048, 2048, 2048, 2048, 2048, 2048, 2048, 2048]","[2048, 2048, 2048, 2048, 2048, 2048]",293.0
1222,9213,10,15,2023-10-22T19:27:53.954000+00:00,27.859,41.243,34.018,206.0,177.0,False,103.12,"[None, 2048, 2048, 2048, 2048, 2048]","[2048, 2048, 2048, 2048, 2048, 2048, 2048, 2048]","[2048, 2048, 2048, 2048, 2048, 2048, 2048]",291.0
1222,9213,22,15,2023-10-22T19:27:57.266000+00:00,27.833,41.746,33.855,,173.0,False,103.434,"[None, 2048, 2048, 2049, 2049, 2048]","[2048, 2048, 2048, 2048, 2048, 2048, 2048, 2048]","[2048, 2048, 2048, 2048, 2048, 2048, 2048]",287.0
1222,9213,3,15,2023-10-22T19:28:01.220000+00:00,27.845,41.676,33.842,204.0,172.0,False,103.363,"[None, 2048, 2048, 2048, 2048, 2048]","[2049, 2048, 2048, 2048, 2048, 2048, 2048, 2048]","[2048, 2048, 2048, 2048, 2048, 2048, 2048]",289.0
1222,9213,14,15,2023-10-22T19:28:05.173000+00:00,27.723,41.319,34.11,209.0,181.0,False,103.152,"[None, 2048, 2048, 2049, 2049, 2048]","[2048, 2048, 2048, 2048, 2048, 2048, 2048, 2048]","[2048, 2048, 2048, 2048, 2049, 2048, 2048]",298.0
1222,9213,18,15,2023-10-22T19:28:08.438000+00:00,27.853,41.407,34.25,200.0,178.0,False,103.51,"[None, 2048, 2048, 2048, 2048, 2048]","[2048, 2048, 2048, 2048, 2048, 2048, 2048, 2048]","[2048, 2048, 2048, 2048, 2048, 2048, 2048]",299.0
1222,9213,27,15,2023-10-22T19:28:11.688000+00:00,27.857,41.497,34.129,203.0,182.0,False,103.483,"[None, 2048, 2048, 2048, 2049, 2048]","[2048, 2048, 2048, 2048, 2048, 2048, 2048, 2049]","[2049, 2048, 2048, 2048, 2048, 2048, 2048]",291.0
1222,9213,24,15,2023-10-22T19:28:20.641000+00:00,27.987,41.398,33.96,204.0,178.0,False,103.345,"[None, 2048, 2048, 2048, 2048, 2048]","[2048, 2048, 2048, 2048, 2048, 2048, 2048, 2048]","[2048, 2048, 2048, 2048, 2048, 2048, 2048]",284.0
1222,9213,23,15,2023-10-22T19:28:22.813000+00:00,27.922,41.153,34.017,,179.0,False,103.092,"[None, 2048, 2048, 2048, 2048, 2048]","[2048, 2048, 2048, 2048, 2048, 2048, 2048, 2048]","[2048, 2048, 2048, 2049, 2048, 2048, 2048]",298.0
1222,9213,77,15,2023-10-22T19:28:23.860000+00:00,28.04,41.33,33.854,202.0,180.0,False,103.224,"[None, 2048, 2048, 2048, 2048, 2048]","[2049, 2048, 2048, 2048, 2048, 2048, 2048, 2048]","[2048, 2048, 2048, 2049, 2048, 2049, 2048]",287.0
1222,9213,2,15,2023-10-22T19:28:27.875000+00:00,27.765,40.957,33.971,204.0,183.0,False,102.693,"[None, 2048, 2049, 2049, 2049, 2048]","[2048, 2048, 2048, 2049, 2048, 2048, 2048, 2049]","[2048, 2048, 2048, 2048, 2049, 2049]",299.0
1222,9213,20,15,2023-10-22T19:28:29.735000+00:00,28.139,41.666,34.062,,179.0,False,103.867,"[None, 2048, 2048, 2048, 2049, 2048]","[2048, 2048, 2048, 2048, 2048, 2048, 2048, 2048]","[2048, 2048, 2049, 2048, 2048, 2049, 2048]",290.0
1222,9213,4,16,2023-10-22T19:29:18.359000+00:00,27.685,41.161,33.879,208.0,183.0,False,102.725,"[None, 2048, 2048, 2048, 2048, 2048]","[2048, 2048, 2048, 2048, 2048, 2048, 2048, 2048]","[2048, 2048, 2048, 2048, 2048, 2048, 2048]",291.0
1222,9213,44,16,2023-10-22T19:29:20.406000+00:00,27.669,41.201,33.67,211.0,183.0,False,102.54,"[None, 2048, 2048, 2048, 2049, 2048]","[2048, 2048, 2048, 2048, 2048, 2048, 2048, 2048]","[2048, 2048, 2048, 2049, 2048, 2048, 2048]",287.0
1222,9213,1,16,2023-10-22T19:29:25.062000+00:00,27.599,40.989,33.983,207.0,178.0,False,102.571,"[None, 2048, 2048, 2048, 2049, 2048]","[2048, 2048, 2048, 2048, 2048, 2048, 2048, 2049]","[2048, 2048, 2048, 2048, 2048, 2064, 2064]",291.0
1222,9213,16,16,2023-10-22T19:29:26.890000+00:00,27.696,41.252,33.853,205.0,181.0,False,102.801,"[None, 2048, 2048, 2048, 2048, 2048]","[2048, 2048, 2048, 2048, 2048, 2048, 2048, 2048]","[2048, 2048, 2049, 2048, 2048, 2048]",299.0
1222,9213,55,16,2023-10-22T19:29:29.530000+00:00,27.875,41.155,34.003,203.0,180.0,False,103.033,"[None, 2048, 2048, 2048, 2048, 2048]","[2048, 2048, 2048, 2048, 2048, 2048, 2048, 2051]","[2048, 2049, 2048, 2049, 2048, 2048, 2048]",297.0
1222,9213,63,16,2023-10-22T19:29:31.812000+00:00,27.832,41.365,33.735,207.0,183.0,False,102.932,"[None, 2048, 2048, 2048, 2048, 2048]","[2048, 2048, 2048, 2048, 2048, 2048, 2048, 2048]","[2048, 2048, 2048, 2048, 2048, 2048, 2048]",283.0
1222,9213,11,16,2023-10-22T19:29:33.233000+00:00,27.863,41.207,33.922,200.0,176.0,False,102.992,"[None, 2048, 2048, 2048, 2049, 2048]","[2048, 2048, 2048, 2048, 2048, 2048, 2048, 2048]","[2048, 2048, 2048, 2048, 2048, 2048, 2048]",296.0
1222,9213,10,16,2023-10-22T19:29:37.030000+00:00,28.031,41.234,33.947,199.0,178.0,False,103.212,"[None, 2048, 2048, 2048, 2048, 2048]","[2048, 2048, 2048, 2048, 2048, 2048, 2048, 2048]","[2048, 2048, 2048, 2048, 2048, 2048, 2048]",292.0
1222,9213,22,16,2023-10-22T19:29:40.702000+00:00,28.0,41.675,33.926,207.0,171.0,False,103.601,"[None, 2048, 2048, 2048, 2048, 2048]","[2048, 2048, 2048, 2048, 2048, 2048, 2048, 2048]","[2048, 2048, 2048, 2048, 2048, 2048]",290.0
1222,9213,3,16,2023-10-22T19:29:44.577000+00:00,27.899,41.559,33.696,205.0,172.0,False,103.154,"[None, 2048, 2048, 2048, 2048, 2048]","[2048, 2048, 2048, 2048, 2048, 2048, 2048, 2048]","[2048, 2049, 2048, 2048, 2048, 2048, 2048]",291.0
1222,9213,14,16,2023-10-22T19:29:48.593000+00:00,27.766,41.212,33.812,205.0,181.0,False,102.79,"[None, 2048, 2048, 2048, 2049, 2048]","[2048, 2048, 2048, 2048, 2048, 2048, 2048, 2048]","[2048, 2049, 2048, 2048, 2048, 2048]",300.0
1222,9213,18,16,2023-10-22T19:29:51.952000+00:00,27.722,41.445,33.981,196.0,179.0,False,103.148,"[None, 2048, 2048, 2048, 2048, 2049]","[2048, 2048, 2048, 2048, 2048, 2048, 2048, 2048]","[2048, 2048, 2048, 2048, 2048, 2048]",300.0
1222,9213,27,16,2023-10-22T19:29:55.483000+00:00,27.891,41.432,34.249,205.0,180.0,False,103.572,"[None, 2048, 2048, 2048, 2048, 2048]","[2048, 2048, 2048, 2048, 2048, 2048, 2048, 2048]","[2048, 2048, 2048, 2048, 2048, 2048, 2048]",293.0
1222,9213,24,16,2023-10-22T19:30:03.999000+00:00,27.85,41.41,33.872,,176.0,False,103.132,"[None, 2048, 2048, 2048, 2048, 2048]","[2048, 2048, 2048, 2048, 2048, 2048, 2048, 2048]","[2048, 2048, 2048, 2048, 2048, 2048, 2048]",286.0
1222,9213,23,16,2023-10-22T19:30:05.905000+00:00,27.939,41.179,34.013,,177.0,False,103.131,"[None, 2048, 2048, 2048, 2048, 2048]","[2048, 2048, 2048, 2048, 2048, 2048, 2048, 2048]","[2048, 2048, 2048, 2048, 2048, 2049, 2048]",301.0
1222,9213,77,16,2023-10-22T19:30:07.108000+00:00,27.898,41.22,33.898,,181.0,False,103.016,"[None, 2048, 2048, 2049, 2049, 2048]","[2049, 2048, 2048, 2048, 2048, 2048, 2048, 2048]","[2048, 2048, 2048, 2048, 2048, 2048, 2048]",290.0
1222,9213,2,16,2023-10-22T19:30:10.561000+00:00,27.897,41.173,34.001,203.0,179.0,False,103.071,"[None, 2048, 2048, 2048, 2049, 2049]","[2048, 2048, 2048, 2048, 2048, 2048, 2048, 2048]","[2049, 2048, 2048, 2048, 2048, 2048]",299.0
1222,9213,20,16,2023-10-22T19:30:13.780000+00:00,27.978,41.672,34.076,204.0,179.0,False,103.726,"[None, 2048, 2048, 2049, 2049, 2048]","[2049, 2048, 2048, 2048, 2048, 2048, 2048, 2048]","[2048, 2048, 2048, 2048, 2048, 2048]",291.0
1222,9213,4,17,2023-10-22T19:31:01.201000+00:00,27.662,41.007,33.925,,181.0,False,102.594,"[None, 2048, 2048, 2048, 2048, 2048]","[2048, 2048, 2048, 2048, 2048, 2048, 2048, 2048]","[2048, 2048, 2048, 2051, 2048, 2064, 2064]",293.0
1222,9213,44,17,2023-10-22T19:31:02.982000+00:00,27.655,41.248,33.559,213.0,182.0,False,102.462,"[None, 2048, 2048, 2048, 2049, 2048]","[2048, 2048, 2048, 2048, 2048, 2048, 2048, 2049]","[2048, 2048, 2048, 2049, 2048, 2048, 2048]",289.0
1222,9213,1,17,2023-10-22T19:31:07.591000+00:00,47.072,40.493,33.136,214.0,177.0,True,120.701,"[2064, 2064, 2048, 2048, 2048, 2048]","[2049, 2049, 2049, 2049, 2049, 2048, 2048, 2048]","[2051, 2049, 2048, 2048, 2049, 2051, 2049]",287.0
1222,9213,16,17,2023-10-22T19:31:09.669000+00:00,27.55,41.067,33.913,210.0,182.0,False,102.53,"[None, 2048, 2048, 2048, 2048, 2048]","[2048, 2048, 2048, 2048, 2048, 2048, 2048, 2048]","[2048, 2048, 2049, 2048, 2048, 2048, 2048]",299.0
1222,9213,55,17,2023-10-22T19:31:12.560000+00:00,27.988,41.288,34.142,207.0,180.0,False,103.418,"[None, 2048, 2048, 2048, 2048, 2048]","[2049, 2048, 2048, 2048, 2048, 2048, 2048, 2048]","[2048, 2048, 2048, 2048, 2048, 2064, 2064]",297.0
1222,9213,63,17,2023-10-22T19:31:14.732000+00:00,27.874,41.352,33.856,205.0,184.0,False,103.082,"[None, 2048, 2048, 2048, 2048, 2048]","[2048, 2048, 2048, 2048, 2048, 2048, 2048, 2048]","[2048, 2048, 2048, 2048, 2048, 2048, 2048]",288.0
1222,9213,11,17,2023-10-22T19:31:16.247000+00:00,27.89,41.366,34.311,198.0,176.0,False,103.567,"[None, 2048, 2048, 2048, 2048, 2048]","[2048, 2048, 2048, 2048, 2048, 2048, 2048, 2049]","[2048, 2048, 2048, 2048, 2048, 2064, 2064]",297.0
1222,9213,10,17,2023-10-22T19:31:20.232000+00:00,27.974,41.334,34.135,201.0,178.0,False,103.443,"[None, 2048, 2048, 2048, 2048, 2048]","[2048, 2048, 2048, 2048, 2048, 2048, 2048, 2048]","[2048, 2048, 2048, 2048, 2048, 2048]",293.0
1222,9213,22,17,2023-10-22T19:31:24.310000+00:00,27.773,41.657,34.105,208.0,174.0,False,103.535,"[None, 2048, 2048, 2049, 2048, 2048]","[2048, 2048, 2048, 2048, 2049, 2048, 2048, 2048]","[2048, 2048, 2048, 2048, 2048, 2064, 2064]",289.0
1222,9213,3,17,2023-10-22T19:31:27.747000+00:00,28.267,41.917,33.936,204.0,172.0,False,104.12,"[None, 2048, 2048, 2048, 2048, 2048]","[2048, 2048, 2048, 2048, 2048, 2048, 2048, 2048]","[2048, 2048, 2048, 2048, 2048, 2048]",291.0
1222,9213,14,17,2023-10-22T19:31:31.091000+00:00,27.673,42.14,34.005,206.0,181.0,False,103.818,"[None, 2048, 2048, 2048, 2048, 2049]","[2048, 2048, 2048, 2048, 2048, 2048, 2048, 2048]","[2048, 2048, 2048, 2048, 2048, 2048, 2048]",301.0
1222,9213,18,17,2023-10-22T19:31:35.091000+00:00,27.711,41.766,34.104,202.0,180.0,False,103.581,"[None, 2048, 2048, 2051, 2049, 2049]","[2048, 2049, 2048, 2048, 2048, 2048, 2048, 2048]","[2048, 2048, 2048, 2048, 2048, 2048, 2048]",301.0
1222,9213,27,17,2023-10-22T19:31:38.575000+00:00,27.999,41.253,34.217,206.0,180.0,False,103.469,"[None, 2048, 2048, 2048, 2049, 2048]","[2049, 2048, 2048, 2048, 2048, 2048, 2048, 2049]","[2048, 2048, 2048, 2048, 2049, 2048, 2048]",296.0
1222,9213,24,17,2023-10-22T19:31:47.106000+00:00,27.899,41.431,33.914,206.0,178.0,False,103.244,"[None, 2048, 2048, 2048, 2048, 2048]","[2048, 2048, 2049, 2048, 2048, 2048, 2048, 2049]","[2048, 2048, 2048, 2048, 2048, 2048]",288.0
1222,9213,23,17,2023-10-22T19:31:49.059000+00:00,27.837,41.173,34.07,206.0,173.0,False,103.08,"[None, 2048, 2048, 2048, 2048, 2048]","[2049, 2048, 2049, 2048, 2048, 2048, 2048, 2049]","[2048, 2048, 2048, 2049, 2049, 2048, 2048]",302.0
1222,9213,77,17,2023-10-22T19:31:50.122000+00:00,27.582,40.899,34.122,201.0,181.0,False,102.603,"[None, 2048, 2048, 2048, 2049, 2049]","[2048, 2048, 2049, 2048, 2048, 2048, 2048, 2048]","[2048, 2048, 2048, 2048, 2048, 2048]",315.0
1222,9213,2,17,2023-10-22T19:31:53.622000+00:00,27.726,40.896,33.793,207.0,182.0,False,102.415,"[None, 2048, 2048, 2049, 2048, 2049]","[2049, 2048, 2048, 2048, 2048, 2048, 2048, 2049]","[2049, 2048, 2048, 2048, 2048, 2048, 2048]",301.0
1222,9213,20,17,2023-10-22T19:31:57.309000+00:00,27.882,41.4,33.943,199.0,179.0,False,103.225,"[None, 2048, 2048, 2048, 2048, 2048]","[2048, 2048, 2049, 2048, 2048, 2048, 2048, 2049]","[2048, 2048, 2048, 2049, 2049, 2048, 2048]",293.0
1222,9213,4,18,2023-10-22T19:32:43.761000+00:00,47.586,40.628,33.261,207.0,182.0,True,121.475,"[2064, 2064, 2048, 2048, 2048, 2048]","[2048, 2048, 2048, 2048, 2049, 2048, 2048, 2048]","[2048, 2049, 2048, 2048, 2048, 2048, 0]",289.0
1222,9213,44,18,2023-10-22T19:32:45.402000+00:00,27.703,41.268,33.816,214.0,182.0,False,102.787,"[None, 2048, 2048, 2048, 2048, 2048]","[2048, 2048, 2048, 2048, 2048, 2048, 2048, 2048]","[2049, 2048, 2048, 2048, 2048, 2048, 2048]",288.0
1222,9213,16,18,2023-10-22T19:32:52.183000+00:00,27.501,41.239,33.977,208.0,182.0,False,102.717,"[None, 2048, 2048, 2048, 2051, 2049]","[2048, 2048, 2048, 2048, 2048, 2048, 2048, 2049]","[2048, 2048, 2048, 2048, 2048, 2048, 2048]",300.0
1222,9213,55,18,2023-10-22T19:32:55.949000+00:00,47.41,40.716,33.374,211.0,180.0,True,121.5,"[2064, 2064, 2048, 2048, 2048, 2048]","[2048, 2049, 2048, 2048, 2048, 2048, 2048, 2051]","[2051, 2049, 2048, 2048, 2049, 2049, 0]",293.0
1222,9213,63,18,2023-10-22T19:32:57.824000+00:00,27.687,41.237,33.731,208.0,184.0,False,102.655,"[None, 2048, 2048, 2048, 2048, 2048]","[2048, 2048, 2048, 2048, 2048, 2048, 2048, 2049]","[2049, 2048, 2048, 2048, 2049, 2048]",291.0
1222,9213,11,18,2023-10-22T19:32:59.605000+00:00,47.703,40.292,33.344,201.0,176.0,True,121.339,"[2064, 2064, 2048, 2048, 2048, 2048]","[2048, 2049, 2048, 2049, 2048, 2048, 2048, 2049]","[2049, 2049, 2048, 2048, 2048, 2049, 2049]",313.0
1222,9213,10,18,2023-10-22T19:33:03.589000+00:00,28.349,41.305,34.266,202.0,178.0,False,103.92,"[None, 2048, 2048, 2048, 2048, 2048]","[2048, 2048, 2048, 2048, 2048, 2048, 2048, 2048]","[2048, 2048, 2048, 2048, 2048, 2064, 2064]",296.0
1222,9213,22,18,2023-10-22T19:33:07.792000+00:00,48.04,41.081,33.176,209.0,175.0,True,122.297,"[2064, 2064, 2048, 2048, 2048, 2048]","[2048, 2049, 2049, 2049, 2048, 2048, 2048, 2048]","[2049, 2049, 2048, 2048, 2049, 2049, 2048]",289.0
1222,9213,1,18,2023-10-22T19:33:08.386000+00:00,27.512,40.404,33.073,212.0,178.0,False,100.989,"[2048, 2048, 2049, 2048, 2048, 2048]","[2048, 2048, 2049, 2049, 2048, 2048, 2048, 2049]","[2048, 2051, 2049, 2048, 2051, 2048]",290.0
1222,9213,3,18,2023-10-22T19:33:12.183000+00:00,28.045,41.628,33.816,206.0,174.0,False,103.489,"[None, 2048, 2048, 2048, 2048, 2048]","[2048, 2048, 2048, 2048, 2048, 2048, 2048, 2049]","[2048, 2048, 2048, 2048, 2048, 2048, 2048]",292.0
1222,9213,14,18,2023-10-22T19:33:14.901000+00:00,29.123,41.169,33.864,,178.0,False,104.156,"[None, 2048, 2048, 2048, 2048, 2048]","[2048, 2048, 2048, 2048, 2048, 2048, 2048, 2049]","[2048, 2048, 2048, 2049, 2048, 2048]",319.0
1222,9213,18,18,2023-10-22T19:33:18.683000+00:00,27.844,41.848,34.443,200.0,179.0,False,104.135,"[None, 2048, 2048, 2048, 2048, 2048]","[2048, 2048, 2048, 2048, 2048, 2048, 2048, 2048]","[2048, 2048, 2048, 2048, 2048, 2048]",287.0
1222,9213,27,18,2023-10-22T19:33:22.058000+00:00,28.008,41.295,34.032,202.0,181.0,False,103.335,"[None, 2048, 2048, 2048, 2048, 2048]","[2048, 2048, 2048, 2048, 2048, 2048, 2048, 2048]","[2048, 2048, 2048, 2048, 2049, 2048]",296.0
1222,9213,24,18,2023-10-22T19:33:30.339000+00:00,27.891,41.428,33.813,210.0,179.0,False,103.132,"[None, 2049, 2048, 2048, 2048, 2048]","[2048, 2048, 2048, 2048, 2048, 2048, 2048, 2048]","[2048, 2048, 2048, 2048, 2048, 2048, 2048]",289.0
1222,9213,23,18,2023-10-22T19:33:32.151000+00:00,27.868,41.187,33.952,204.0,174.0,False,103.007,"[None, 2048, 2048, 2048, 2048, 2048]","[2048, 2048, 2048, 2048, 2048, 2048, 2048, 2048]","[2048, 2049, 2048, 2049, 2049, 2048, 2048]",301.0
1222,9213,77,18,2023-10-22T19:33:32.745000+00:00,27.842,41.083,34.084,202.0,179.0,False,103.009,"[2049, 2049, 2048, 2049, 2048, 2048]","[2048, 2048, 2048, 2048, 2048, 2048, 2048, 2048]","[2048, 2048, 2049, 2048, 2048, 2048, 2048]",314.0
1222,9213,2,18,2023-10-22T19:33:36.089000+00:00,27.768,40.931,33.761,206.0,182.0,False,102.46,"[None, 2048, 2048, 2048, 2049, 2048]","[2048, 2048, 2051, 2048, 2048, 2048, 2048, 2048]","[2048, 2048, 2049, 2048, 2049, 2048, 2048]",300.0
1222,9213,20,18,2023-10-22T19:33:40.557000+00:00,27.883,41.305,33.73,197.0,180.0,False,102.918,"[None, 2048, 2048, 2048, 2049, 2048]","[2048, 2048, 2049, 2048, 2048, 2048, 2048, 2049]","[2048, 2048, 2049, 2048, 2049, 2049, 2048]",291.0
1222,9213,44,19,2023-10-22T19:34:28.244000+00:00,27.719,42.005,33.799,211.0,184.0,False,103.523,"[None, 2048, 2048, 2048, 2048, 2048]","[2048, 2048, 2048, 2048, 2048, 2048, 2048, 2049]","[2048, 2048, 2048, 2048, 2048, 2048]",287.0
1222,9213,16,19,2023-10-22T19:34:34.822000+00:00,27.711,41.366,33.997,204.0,181.0,False,103.074,"[None, 2048, 2048, 2048, 2048, 2048]","[2048, 2048, 2048, 2048, 2048, 2048, 2048, 2048]","[2048, 2048, 2048, 2048, 2048, 2048, 2048]",298.0
1222,9213,63,19,2023-10-22T19:34:40.384000+00:00,27.663,41.48,33.895,207.0,183.0,False,103.038,"[None, 2048, 2048, 2048, 2049, 2048]","[2048, 2048, 2048, 2048, 2048, 2048, 2048, 2048]","[2048, 2048, 2048, 2048, 2048, 2048]",286.0
1222,9213,4,19,2023-10-22T19:34:45.244000+00:00,27.356,40.792,33.218,209.0,182.0,False,101.366,"[2049, 2049, 2048, 2048, 2048, 2048]","[2048, 2048, 2048, 2048, 2048, 2048, 2048, 2049]","[2048, 2048, 2049, 2048, 2051, 2049]",290.0
1222,9213,10,19,2023-10-22T19:34:47.462000+00:00,47.29,39.952,33.39,213.0,179.0,True,120.632,"[2064, 2064, 2048, 2048, 2049, 2048]","[2048, 2049, 2048, 2049, 2048, 2048, 2049, 2049]","[2048, 2049, 2048, 2048, 2048, 2049, 2049]",320.0
1222,9213,1,19,2023-10-22T19:34:49.259000+00:00,27.394,40.464,32.951,,178.0,False,100.809,"[None, 2048, 2051, 2048, 2048, 2048]","[2048, 2048, 2049, 2048, 2048, 2048, 2048, 2048]","[2051, 2051, 2049, 2048, 2048, 2048]",289.0
1222,9213,3,19,2023-10-22T19:34:55.259000+00:00,27.868,41.581,33.856,208.0,175.0,False,103.305,"[None, 2048, 2048, 2048, 2048, 2048]","[2048, 2048, 2048, 2048, 2048, 2048, 2048, 2048]","[2048, 2048, 2048, 2048, 2048, 2048]",290.0
1222,9213,55,19,2023-10-22T19:34:57.493000+00:00,27.787,40.807,33.275,208.0,178.0,False,101.869,"[2048, 2048, 2049, 2048, 2048, 2048]","[2048, 2049, 2048, 2048, 2048, 2048, 2048, 2048]","[2048, 2049, 2048, 2048, 2049, 2048, 2048]",293.0
1222,9213,14,19,2023-10-22T19:34:58.993000+00:00,27.791,41.333,34.524,,178.0,False,103.648,"[None, 2048, 2048, 2048, 2048, 2048]","[2048, 2048, 2048, 2048, 2048, 2048, 2048, 2048]","[2048, 2048, 2048, 2048, 2048, 2064, 2064]",297.0
1222,9213,11,19,2023-10-22T19:35:01.087000+00:00,27.52,40.544,33.335,206.0,178.0,False,101.399,"[2048, 2048, 2048, 2048, 2048, 2048]","[2049, 2049, 2049, 2049, 2048, 2048, 2048, 2048]","[2048, 2049, 2048, 2048, 2048, 2051, 2048]",291.0
1222,9213,18,19,2023-10-22T19:35:02.728000+00:00,27.842,41.443,34.238,198.0,178.0,False,103.523,"[None, 2048, 2048, 2048, 2048, 2048]","[2048, 2048, 2048, 2048, 2048, 2048, 2048, 2048]","[2048, 2048, 2048, 2048, 2048, 2048]",299.0
1222,9213,27,19,2023-10-22T19:35:05.337000+00:00,27.998,41.851,34.947,203.0,182.0,False,104.796,"[None, 2048, 2048, 2048, 2048, 2048]","[2048, 2048, 2048, 2048, 2048, 2048, 2048, 2048]","[2048, 2048, 2048, 2049, 2048, 2064, 2064]",287.0
1222,9213,22,19,2023-10-22T19:35:10.134000+00:00,27.623,41.133,33.258,212.0,174.0,False,102.014,"[2048, 2048, 2049, 2048, 2048, 2049]","[2049, 2048, 2049, 2048, 2048, 2048, 2048, 2048]","[2048, 2049, 2049, 2051, 2048, 2048]",286.0
1222,9213,24,19,2023-10-22T19:35:13.524000+00:00,27.754,41.593,33.825,205.0,177.0,False,103.172,"[None, 2049, 2048, 2048, 2048, 2048]","[2048, 2048, 2049, 2048, 2048, 2048, 2048, 2048]","[2048, 2048, 2048, 2048, 2048, 2048, 2048]",285.0
1222,9213,23,19,2023-10-22T19:35:15.118000+00:00,27.723,41.258,34.088,200.0,176.0,False,103.069,"[None, 2048, 2048, 2048, 2049, 2048]","[2048, 2049, 2049, 2048, 2048, 2048, 2048, 2048]","[2048, 2049, 2048, 2048, 2048, 2048, 2048]",300.0
1222,9213,77,19,2023-10-22T19:35:15.852000+00:00,27.609,41.45,34.347,205.0,178.0,False,103.406,"[2048, 2048, 2048, 2049, 2049, 2048]","[2048, 2048, 2048, 2048, 2048, 2048, 2048, 2048]","[2048, 2048, 2048, 2048, 2048, 2048, 2048]",313.0
1222,9213,2,19,2023-10-22T19:35:18.509000+00:00,27.767,40.702,34.012,204.0,182.0,False,102.481,"[None, 2048, 2048, 2048, 2049, 2048]","[2048, 2048, 2051, 2049, 2048, 2048, 2048, 2048]","[2048, 2048, 2048, 2049, 2048, 2048, 2048]",301.0
1222,9213,20,19,2023-10-22T19:35:23.462000+00:00,27.842,41.393,33.898,202.0,179.0,False,103.133,"[None, 2048, 2048, 2048, 2048, 2048]","[2049, 2048, 2049, 2048, 2048, 2048, 2048, 2048]","[2048, 2048, 2048, 2049, 2048, 2048, 2048]",289.0
1222,9213,44,20,2023-10-22T19:36:11.836000+00:00,27.708,41.63,34.435,213.0,183.0,False,103.773,"[None, 2048, 2048, 2048, 2048, 2048]","[2048, 2048, 2048, 2048, 2048, 2048, 2048, 2048]","[2048, 2048, 2048, 2048, 2048, 2064, 2064]",287.0
1222,9213,16,20,2023-10-22T19:36:18.023000+00:00,27.552,41.589,34.059,210.0,182.0,False,103.2,"[None, 2048, 2048, 2048, 2051, 2049]","[2048, 2048, 2048, 2048, 2048, 2048, 2048, 2048]","[2048, 2048, 2048, 2048, 2048, 2048, 2048]",301.0
1222,9213,63,20,2023-10-22T19:36:23.539000+00:00,27.695,41.525,34.158,206.0,183.0,False,103.378,"[None, 2048, 2048, 2048, 2049, 2048]","[2048, 2048, 2048, 2048, 2048, 2048, 2048, 2049]","[2048, 2048, 2048, 2048, 2048, 2048, 2048]",288.0
1222,9213,4,20,2023-10-22T19:36:26.632000+00:00,27.36,40.874,33.237,210.0,183.0,False,101.471,"[2048, 2049, 2048, 2049, 2049, 2048]","[2048, 2048, 2049, 2048, 2048, 2048, 2048, 2048]","[2048, 2048, 2048, 2048, 2048, 2048, 2048]",291.0
1222,9213,1,20,2023-10-22T19:36:30.085000+00:00,27.35,40.529,33.004,210.0,177.0,False,100.883,"[None, 2048, 2048, 2048, 2048, 2048]","[2048, 2048, 2048, 2048, 2048, 2048, 2048, 2048]","[2048, 2048, 2048, 2048, 2048, 2048, 2048]",290.0
1222,9213,3,20,2023-10-22T19:36:38.570000+00:00,28.759,41.903,33.863,196.0,173.0,False,104.525,"[None, 2048, 2048, 2048, 2048, 2048]","[2048, 2048, 2048, 2048, 2048, 2048, 2048, 2048]","[2048, 2048, 2048, 2048, 2048, 2048]",289.0
1222,9213,55,20,2023-10-22T19:36:39.382000+00:00,27.358,40.301,33.008,214.0,184.0,False,100.667,"[2049, 2051, 2048, 2048, 2048, 2049]","[2049, 2048, 2048, 2048, 2048, 2048, 2048, 2051]","[2048, 2049, 2048, 2048, 2049, 2049]",299.0
1222,9213,11,20,2023-10-22T19:36:42.695000+00:00,27.14,40.808,33.387,203.0,179.0,False,101.335,"[2049, 2049, 2049, 2051, 2048, 2048]","[2048, 2048, 2048, 2048, 2048, 2048, 2048, 2048]","[2048, 2048, 2048, 2048, 2049, 2048, 2049]",294.0
1222,9213,14,20,2023-10-22T19:36:42.695000+00:00,48.286,40.693,33.293,209.0,177.0,True,122.272,"[2064, 2064, 2048, 2048, 2048, 2048]","[2048, 2049, 2049, 2049, 2048, 2048, 2048, 2048]","[2049, 2049, 2049, 2048, 2049, 2048, 2048]",292.0
1222,9213,18,20,2023-10-22T19:36:46.382000+00:00,27.749,41.579,34.477,203.0,179.0,False,103.805,"[None, 2048, 2048, 2048, 2048, 2049]","[2048, 2048, 2048, 2048, 2048, 2048, 2048, 2048]","[2048, 2048, 2048, 2048, 2048, 2064, 2064]",299.0
1222,9213,10,20,2023-10-22T19:36:48.241000+00:00,27.421,40.924,33.537,206.0,179.0,False,101.882,"[2048, 2048, 2048, 2049, 2048, 2048]","[2048, 2048, 2048, 2048, 2048, 2048, 2048, 2048]","[2048, 2048, 2048, 2048, 2049, 2048]",290.0
1222,9213,27,20,2023-10-22T19:36:50.163000+00:00,50.158,41.188,33.927,203.0,181.0,True,125.273,"[2064, 2064, 2048, 2049, 2048, 2048]","[2048, 2048, 2048, 2049, 2048, 2048, 2048, 2048]","[2049, 2049, 2048, 2048, 2048, 2049, 0]",288.0
1222,9213,22,20,2023-10-22T19:36:52.226000+00:00,27.531,41.263,33.324,,175.0,False,102.118,"[None, 2048, 2048, 2048, 2048, 2049]","[2048, 2048, 2048, 2048, 2048, 2048, 2048, 2048]","[2048, 2048, 2048, 2051, 2048, 2048]",287.0
1222,9213,24,20,2023-10-22T19:36:56.647000+00:00,27.739,41.423,33.683,206.0,179.0,False,102.845,"[None, 2048, 2048, 2049, 2048, 2048]","[2048, 2048, 2048, 2048, 2048, 2048, 2048, 2048]","[2048, 2048, 2048, 2048, 2049, 2048]",286.0
1222,9213,23,20,2023-10-22T19:36:58.194000+00:00,27.648,41.382,33.999,,178.0,False,103.029,"[None, 2048, 2048, 2048, 2048, 2048]","[2048, 2048, 2048, 2048, 2048, 2048, 2048, 2048]","[2048, 2048, 2048, 2048, 2049, 2048]",303.0
1222,9213,77,20,2023-10-22T19:36:59.132000+00:00,27.576,41.216,34.057,198.0,182.0,False,102.849,"[2049, 2049, 2048, 2049, 2048, 2048]","[2048, 2048, 2048, 2048, 2048, 2048, 2048, 2048]","[2048, 2048, 2048, 2048, 2048, 2048]",316.0
1222,9213,2,20,2023-10-22T19:37:01.335000+00:00,27.666,41.214,33.897,206.0,183.0,False,102.777,"[None, 2048, 2048, 2048, 2048, 2048]","[2048, 2048, 2048, 2048, 2048, 2048, 2048, 2048]","[2048, 2048, 2048, 2048, 2048, 2048]",303.0
1222,9213,20,20,2023-10-22T19:37:06.741000+00:00,27.706,41.454,33.945,206.0,181.0,False,103.105,"[None, 2048, 2048, 2048, 2049, 2049]","[2048, 2048, 2049, 2048, 2048, 2048, 2048, 2049]","[2048, 2048, 2048, 2049, 2048, 2048]",292.0
1222,9213,44,21,2023-10-22T19:37:55.490000+00:00,48.541,41.087,33.406,208.0,179.0,True,123.034,"[2064, 2064, 2048, 2048, 2048, 2048]","[2048, 2048, 2048, 2048, 2048, 2048, 2048, 2048]","[2049, 2049, 2048, 2048, 2048, 2048, 2048]",279.0
1222,9213,16,21,2023-10-22T19:38:01.209000+00:00,27.62,41.6,34.146,208.0,182.0,False,103.366,"[None, 2048, 2048, 2048, 2051, 2048]","[2048, 2048, 2048, 2048, 2048, 2048, 2048, 2048]","[2048, 2048, 2048, 2048, 2049, 2048, 2048]",301.0
1222,9213,63,21,2023-10-22T19:38:06.912000+00:00,27.845,42.021,34.298,207.0,179.0,False,104.164,"[None, 2048, 2048, 2048, 2048, 2048]","[2048, 2048, 2048, 2048, 2048, 2048, 2048, 2048]","[2048, 2048, 2048, 2048, 2048, 2064, 2064]",282.0
1222,9213,4,21,2023-10-22T19:38:08.084000+00:00,27.494,40.458,33.24,209.0,183.0,False,101.192,"[2049, 2049, 2048, 2049, 2048, 2048]","[2048, 2048, 2049, 2048, 2049, 2049, 2049, 2049]","[2048, 2048, 2048, 2048, 2051, 2048, 2048]",314.0
1222,9213,1,21,2023-10-22T19:38:11.021000+00:00,27.268,40.532,33.18,213.0,177.0,False,100.98,"[None, 2048, 2048, 2049, 2048, 2049]","[2048, 2048, 2049, 2048, 2048, 2048, 2048, 2048]","[2048, 2048, 2048, 2048, 2048, 2048]",292.0
1222,9213,55,21,2023-10-22T19:38:20.083000+00:00,27.472,40.71,33.015,211.0,181.0,False,101.197,"[2048, 2048, 2049, 2049, 2048, 2048]","[2048, 2048, 2048, 2048, 2048, 2048, 2048, 2048]","[2049, 2048, 2049, 2048, 2048, 2048, 2048]",296.0
1222,9213,3,21,2023-10-22T19:38:23.208000+00:00,28.964,42.228,34.129,,175.0,False,105.321,"[None, 2048, 2048, 2048, 2048, 2048]","[2048, 2048, 2048, 2048, 2048, 2048, 2048, 2048]","[2048, 2048, 2048, 2048, 2048, 2048, 2048]",288.0
1222,9213,11,21,2023-10-22T19:38:23.802000+00:00,27.458,40.843,33.2,208.0,178.0,False,101.501,"[None, 2049, 2048, 2048, 2048, 2048]","[2049, 2048, 2048, 2048, 2048, 2048, 2048, 2049]","[2048, 2049, 2049, 2049, 2049, 2048]",289.0
1222,9213,10,21,2023-10-22T19:38:30.021000+00:00,27.564,41.075,33.324,203.0,177.0,False,101.963,"[None, 2048, 2049, 2048, 2048, 2048]","[2048, 2048, 2048, 2048, 2048, 2048, 2048, 2048]","[2048, 2049, 2048, 2048, 2049, 2049, 2048]",289.0
1222,9213,18,21,2023-10-22T19:38:30.115000+00:00,48.04,41.068,33.867,202.0,177.0,True,122.975,"[2064, 2064, 2048, 2048, 2048, 2048]","[2048, 2048, 2048, 2048, 2049, 2048, 2048, 2048]","[2048, 2049, 2048, 2048, 2048, 2048, 2049]",316.0
1222,9213,22,21,2023-10-22T19:38:34.193000+00:00,27.522,41.247,33.173,214.0,176.0,False,101.942,"[None, 2048, 2048, 2048, 2048, 2049]","[2048, 2048, 2048, 2048, 2048, 2048, 2048, 2048]","[2048, 2048, 2051, 2051, 2049, 2049, 2048]",287.0
1222,9213,24,21,2023-10-22T19:38:39.427000+00:00,27.72,41.558,33.864,205.0,180.0,False,103.142,"[None, 2048, 2048, 2049, 2048, 2048]","[2049, 2048, 2048, 2048, 2048, 2048, 2048, 2048]","[2048, 2048, 2048, 2048, 2048, 2048]",284.0
1222,9213,23,21,2023-10-22T19:38:41.208000+00:00,27.687,41.101,33.891,203.0,175.0,False,102.679,"[None, 2048, 2048, 2049, 2048, 2048]","[2048, 2048, 2048, 2048, 2048, 2048, 2048, 2049]","[2048, 2048, 2048, 2049, 2048, 2048]",302.0
1222,9213,77,21,2023-10-22T19:38:41.927000+00:00,27.623,41.197,34.082,199.0,180.0,False,102.902,"[2048, 2048, 2048, 2048, 2048, 2048]","[2048, 2048, 2048, 2048, 2048, 2048, 2048, 2048]","[2048, 2048, 2048, 2048, 2048, 2048]",313.0
1222,9213,2,21,2023-10-22T19:38:43.661000+00:00,27.794,41.627,34.166,203.0,182.0,False,103.587,"[None, 2048, 2048, 2049, 2049, 2048]","[2048, 2048, 2048, 2048, 2048, 2048, 2048, 2048]","[2048, 2048, 2048, 2048, 2048, 2048, 2048]",301.0
1222,9213,14,21,2023-10-22T19:38:44.989000+00:00,27.373,40.133,33.481,210.0,182.0,False,100.987,"[2048, 2048, 2049, 2051, 2049, 2049]","[2048, 2048, 2051, 2048, 2048, 2049, 2048, 2049]","[2048, 2048, 2048, 2049, 2048, 2048]",320.0
1222,9213,20,21,2023-10-22T19:38:49.661000+00:00,27.925,42.182,34.444,202.0,175.0,False,104.551,"[None, 2048, 2048, 2048, 2048, 2048]","[2048, 2048, 2048, 2048, 2048, 2048, 2048, 2048]","[2048, 2048, 2048, 2048, 2048, 2048, 2048]",292.0
1222,9213,27,21,2023-10-22T19:38:55.505000+00:00,28.045,40.964,33.593,206.0,181.0,False,102.602,"[2048, 2048, 2049, 2049, 2048, 2048]","[2048, 2048, 2048, 2049, 2048, 2048, 2048, 2049]","[2049, 2049, 2048, 2048, 2048, 2048, 2049]",291.0
1222,9213,16,22,2023-10-22T19:39:44.598000+00:00,27.665,41.649,34.303,206.0,181.0,False,103.617,"[None, 2048, 2048, 2048, 2048, 2048]","[2048, 2048, 2048, 2048, 2048, 2048, 2048, 2048]","[2048, 2048, 2048, 2048, 2048, 2048, 2048]",300.0
1222,9213,4,22,2023-10-22T19:39:49.316000+00:00,27.291,40.727,33.244,213.0,184.0,False,101.262,"[2048, 2048, 2048, 2048, 2048, 2051]","[2048, 2048, 2048, 2048, 2048, 2048, 2048, 2048]","[2048, 2048, 2049, 2048, 2048, 2048]",290.0
1222,9213,63,22,2023-10-22T19:39:50.957000+00:00,48.127,41.176,33.49,211.0,176.0,True,122.793,"[2064, 2064, 2048, 2048, 2048, 2048]","[2048, 2049, 2048, 2049, 2048, 2048, 2048, 2048]","[2048, 2048, 2048, 2048, 2048, 2048, 2048]",288.0
1222,9213,1,22,2023-10-22T19:39:51.894000+00:00,27.314,40.677,33.138,,176.0,False,101.129,"[None, 2048, 2048, 2048, 2048, 2048]","[2048, 2048, 2048, 2048, 2048, 2048, 2048, 2048]","[2048, 2048, 2049, 2049, 2048, 2048]",288.0
1222,9213,44,22,2023-10-22T19:39:58.550000+00:00,27.501,40.891,33.337,209.0,184.0,False,101.729,"[2048, 2048, 2048, 2048, 2048, 2048]","[2048, 2048, 2048, 2048, 2048, 2048, 2048, 2049]","[2049, 2048, 2049, 2048, 2048, 2048]",286.0
1222,9213,55,22,2023-10-22T19:40:01.238000+00:00,27.422,40.725,33.5,208.0,181.0,False,101.647,"[None, 2048, 2048, 2048, 2049, 2048]","[2048, 2048, 2048, 2048, 2048, 2048, 2048, 2048]","[2048, 2048, 2048, 2048, 2048, 2048]",297.0
1222,9213,11,22,2023-10-22T19:40:05.207000+00:00,27.468,40.597,33.227,206.0,179.0,False,101.292,"[2048, 2048, 2048, 2048, 2048, 2048]","[2049, 2048, 2048, 2048, 2048, 2048, 2048, 2049]","[2048, 2048, 2049, 2049, 2049, 2048]",289.0
1222,9213,3,22,2023-10-22T19:40:08.503000+00:00,28.023,41.81,34.402,202.0,170.0,False,104.235,"[None, 2048, 2048, 2048, 2048, 2048]","[2048, 2048, 2048, 2048, 2048, 2048, 2048, 2048]","[2048, 2048, 2048, 2048, 2048, 2064, 2064]",292.0
1222,9213,10,22,2023-10-22T19:40:12.113000+00:00,27.751,40.81,34.037,205.0,170.0,False,102.598,"[None, 2048, 2048, 2049, 2048, 2048]","[2048, 2048, 2049, 2048, 2049, 2049, 2049, 2048]","[2048, 2048, 2048, 2048, 2048, 2048, 2048]",323.0
1222,9213,22,22,2023-10-22T19:40:16.144000+00:00,27.605,41.351,33.529,210.0,171.0,False,102.485,"[None, 2048, 2048, 2049, 2048, 2048]","[2048, 2048, 2048, 2048, 2048, 2048, 2048, 2048]","[2048, 2048, 2048, 2048, 2048, 2048, 2048]",289.0
1222,9213,24,22,2023-10-22T19:40:22.550000+00:00,27.792,41.631,34.234,207.0,176.0,False,103.657,"[None, 2048, 2048, 2048, 2048, 2048]","[2051, 2048, 2048, 2048, 2048, 2048, 2048, 2048]","[2048, 2048, 2048, 2048, 2048, 2048, 2048]",284.0
1222,9213,23,22,2023-10-22T19:40:23.816000+00:00,27.688,41.389,34.221,206.0,179.0,False,103.298,"[None, 2048, 2048, 2048, 2048, 2048]","[2048, 2048, 2048, 2048, 2048, 2048, 2048, 2048]","[2048, 2048, 2048, 2048, 2048, 2048, 2048]",303.0
1222,9213,77,22,2023-10-22T19:40:24.769000+00:00,27.745,41.523,34.576,203.0,180.0,False,103.844,"[None, 2048, 2048, 2048, 2048, 2048]","[2048, 2048, 2048, 2048, 2048, 2048, 2048, 2048]","[2048, 2048, 2048, 2048, 2048, 2048, 2048]",313.0
1222,9213,14,22,2023-10-22T19:40:25.878000+00:00,27.416,40.394,33.778,206.0,178.0,False,101.588,"[None, 2048, 2048, 2048, 2048, 2049]","[2048, 2048, 2048, 2048, 2048, 2051, 2048, 2048]","[2048, 2048, 2048, 2048, 2048, 2048, 2051]",321.0
1222,9213,2,22,2023-10-22T19:40:27.253000+00:00,27.766,41.346,34.102,202.0,181.0,False,103.214,"[None, 2048, 2048, 2048, 2049, 2048]","[2048, 2048, 2048, 2048, 2048, 2048, 2048, 2048]","[2048, 2048, 2048, 2048, 2048, 2048, 2048]",305.0
1222,9213,18,22,2023-10-22T19:40:33.128000+00:00,27.457,41.049,33.319,208.0,180.0,False,101.825,"[2048, 2048, 2049, 2049, 2048, 2049]","[2048, 2049, 2048, 2048, 2048, 2048, 2048, 2048]","[2048, 2049, 2051, 2048, 2049, 2049, 2048]",296.0
1222,9213,20,22,2023-10-22T19:40:34.253000+00:00,27.655,41.802,34.381,194.0,177.0,False,103.838,"[2049, 2049, 2048, 2048, 2049, 2048]","[2048, 2048, 2048, 2048, 2048, 2048, 2048, 2048]","[2048, 2048, 2048, 2049, 2048, 2048, 2048]",295.0
1222,9213,27,22,2023-10-22T19:40:38.081000+00:00,27.718,40.767,33.479,214.0,183.0,False,101.964,"[None, 2048, 2048, 2048, 2048, 2049]","[2048, 2049, 2048, 2048, 2049, 2048, 2048, 2048]","[2049, 2048, 2049, 2048, 2048, 2049, 2048]",294.0
1222,9213,16,23,2023-10-22T19:41:28.221000+00:00,27.767,41.349,34.454,,181.0,False,103.57,"[None, 2048, 2048, 2048, 2048, 2048]","[2048, 2048, 2048, 2048, 2048, 2048, 2048, 2049]","[2048, 2048, 2048, 2048, 2048, 2064, 2064]",302.0
1222,9213,4,23,2023-10-22T19:41:30.549000+00:00,27.338,40.648,33.402,210.0,183.0,False,101.388,"[None, 2048, 2048, 2048, 2049, 2048]","[2048, 2048, 2048, 2048, 2048, 2048, 2048, 2048]","[2048, 2048, 2048, 2049, 2048, 2048, 2048]",294.0
1222,9213,1,23,2023-10-22T19:41:33.111000+00:00,27.256,40.419,33.246,214.0,178.0,False,100.921,"[None, 2048, 2048, 2048, 2048, 2049]","[2048, 2048, 2049, 2048, 2048, 2048, 2048, 2049]","[2048, 2048, 2048, 2048, 2048, 2048, 2048]",291.0
1222,9213,44,23,2023-10-22T19:41:40.158000+00:00,27.319,40.54,33.368,212.0,185.0,False,101.227,"[None, 2048, 2048, 2048, 2048, 2049]","[2049, 2049, 2049, 2048, 2048, 2048, 2048, 2048]","[2051, 2048, 2048, 2048, 2048, 2051, 2048]",288.0
1222,9213,55,23,2023-10-22T19:41:42.767000+00:00,27.608,40.642,33.433,204.0,181.0,False,101.683,"[None, 2048, 2048, 2048, 2048, 2048]","[2048, 2048, 2048, 2048, 2048, 2048, 2048, 2048]","[2048, 2048, 2048, 2048, 2048, 2048, 2048]",298.0
1222,9213,11,23,2023-10-22T19:41:46.533000+00:00,27.46,40.618,33.325,210.0,179.0,False,101.403,"[None, 2048, 2048, 2048, 2049, 2049]","[2049, 2048, 2048, 2048, 2048, 2048, 2048, 2048]","[2048, 2048, 2048, 2048, 2048, 2048, 2048]",293.0
1222,9213,3,23,2023-10-22T19:41:52.705000+00:00,48.447,41.442,33.627,203.0,176.0,True,123.516,"[2064, 2064, 2048, 2048, 2048, 2048]","[2048, 2049, 2048, 2048, 2048, 2048, 2048, 2048]","[2049, 2048, 2048, 2048, 2048, 2048, 2048]",290.0
1222,9213,63,23,2023-10-22T19:41:53.892000+00:00,27.438,40.696,33.303,209.0,184.0,False,101.437,"[2048, 2048, 2048, 2049, 2048, 2049]","[2048, 2048, 2048, 2048, 2048, 2048, 2048, 2049]","[2049, 2049, 2049, 2048, 2048, 2048]",282.0
1222,9213,10,23,2023-10-22T19:41:54.751000+00:00,27.456,40.845,33.647,203.0,177.0,False,101.948,"[None, 2048, 2048, 2049, 2048, 2048]","[2048, 2048, 2049, 2048, 2048, 2048, 2048, 2048]","[2048, 2048, 2048, 2049, 2048, 2048]",295.0
1222,9213,22,23,2023-10-22T19:41:58.689000+00:00,27.645,41.131,33.45,212.0,176.0,False,102.226,"[None, 2048, 2048, 2048, 2048, 2048]","[2048, 2048, 2048, 2048, 2048, 2048, 2048, 2049]","[2048, 2048, 2048, 2048, 2048, 2048]",291.0
1222,9213,24,23,2023-10-22T19:42:06.267000+00:00,27.823,41.646,34.34,206.0,176.0,False,103.809,"[None, 2048, 2048, 2048, 2048, 2048]","[2048, 2048, 2048, 2048, 2048, 2048, 2048, 2048]","[2048, 2048, 2048, 2048, 2048, 2048]",297.0
1222,9213,23,23,2023-10-22T19:42:07.204000+00:00,28.389,41.313,34.159,204.0,172.0,False,103.861,"[None, 2049, 2048, 2048, 2048, 2048]","[2048, 2048, 2048, 2048, 2048, 2048, 2048, 2049]","[2048, 2048, 2048, 2049, 2048, 2048]",307.0
1222,9213,14,23,2023-10-22T19:42:07.564000+00:00,27.356,40.29,33.844,210.0,178.0,False,101.49,"[2051, 2049, 2048, 2048, 2048, 2049]","[2048, 2048, 2048, 2048, 2048, 2048, 2048, 2048]","[2048, 2048, 2048, 2048, 2048, 2049]",320.0
1222,9213,77,23,2023-10-22T19:42:08.720000+00:00,27.829,41.641,34.141,199.0,179.0,False,103.611,"[None, 2048, 2048, 2048, 2048, 2048]","[2048, 2048, 2048, 2048, 2048, 2048, 2048, 2048]","[2048, 2048, 2048, 2048, 2048, 2048]",295.0
1222,9213,2,23,2023-10-22T19:42:10.564000+00:00,27.849,41.64,34.243,207.0,182.0,False,103.732,"[None, 2048, 2048, 2048, 2049, 2048]","[2048, 2048, 2048, 2048, 2048, 2048, 2048, 2048]","[2048, 2048, 2048, 2048, 2048, 2048]",298.0
1222,9213,18,23,2023-10-22T19:42:14.970000+00:00,27.512,41.113,33.665,196.0,179.0,False,102.29,"[None, 2048, 2051, 2049, 2048, 2048]","[2048, 2048, 2048, 2049, 2048, 2048, 2048, 2048]","[2048, 2048, 2048, 2048, 2048, 2048, 2049]",303.0
1222,9213,20,23,2023-10-22T19:42:18.079000+00:00,27.908,41.687,34.189,201.0,181.0,False,103.784,"[2048, 2048, 2048, 2048, 2048, 2048]","[2048, 2048, 2048, 2048, 2048, 2048, 2048, 2048]","[2048, 2048, 2049, 2048, 2048, 2048, 2048]",295.0
1222,9213,27,23,2023-10-22T19:42:20.032000+00:00,27.823,40.81,33.557,209.0,182.0,False,102.19,"[None, 2048, 2048, 2048, 2048, 2049]","[2048, 2048, 2048, 2048, 2048, 2048, 2048, 2048]","[2048, 2048, 2049, 2049, 2048, 2048, 2049]",293.0
1222,9213,16,24,2023-10-22T19:43:11.735000+00:00,48.28,40.896,33.718,208.0,181.0,True,122.894,"[2064, 2064, 2048, 2048, 2048, 2048]","[2048, 2048, 2048, 2048, 2048, 2048, 2048, 2049]","[2048, 2048, 2048, 2048, 2048, 2048, 2048]",291.0
1222,9213,4,24,2023-10-22T19:43:11.922000+00:00,27.084,40.575,33.311,211.0,186.0,False,100.97,"[2049, 2049, 2048, 2048, 2049, 2048]","[2049, 2048, 2048, 2048, 2048, 2048, 2048, 2048]","[2048, 2048, 2049, 2049, 2048, 2048]",292.0
1222,9213,1,24,2023-10-22T19:43:14.016000+00:00,27.318,40.694,33.191,216.0,177.0,False,101.203,"[None, 2048, 2048, 2048, 2049, 2049]","[2049, 2048, 2048, 2048, 2048, 2048, 2048, 2048]","[2048, 2048, 2049, 2048, 2049, 2048]",290.0
1222,9213,44,24,2023-10-22T19:43:21.516000+00:00,27.377,40.611,33.086,217.0,185.0,False,101.074,"[None, 2048, 2048, 2049, 2048, 2051]","[2049, 2048, 2049, 2048, 2048, 2048, 2048, 2049]","[2048, 2049, 2048, 2048, 2049, 2048]",288.0
1222,9213,55,24,2023-10-22T19:43:24.578000+00:00,27.599,40.597,33.343,210.0,180.0,False,101.539,"[None, 2048, 2048, 2049, 2049, 2049]","[2048, 2048, 2049, 2048, 2048, 2048, 2048, 2048]","[2048, 2048, 2049, 2048, 2048, 2048]",297.0
1222,9213,11,24,2023-10-22T19:43:28.015000+00:00,27.396,40.788,33.261,209.0,179.0,False,101.445,"[None, 2048, 2048, 2048, 2048, 2049]","[2048, 2048, 2048, 2048, 2048, 2048, 2048, 2048]","[2048, 2048, 2048, 2049, 2048, 2048]",292.0
1222,9213,63,24,2023-10-22T19:43:35.218000+00:00,27.479,40.942,33.454,208.0,184.0,False,101.875,"[None, 2048, 2048, 2048, 2048, 2048]","[2048, 2048, 2048, 2048, 2048, 2048, 2048, 2048]","[2048, 2049, 2048, 2048, 2048, 2048]",284.0
1222,9213,10,24,2023-10-22T19:43:36.547000+00:00,27.823,40.731,33.481,211.0,179.0,False,102.035,"[None, 2048, 2048, 2048, 2048, 2048]","[2048, 2048, 2049, 2048, 2048, 2048, 2048, 2049]","[2048, 2048, 2048, 2048, 2048, 2048]",292.0
1222,9213,22,24,2023-10-22T19:43:40.828000+00:00,27.603,41.166,33.523,,175.0,False,102.292,"[None, 2048, 2048, 2048, 2049, 2048]","[2049, 2048, 2048, 2048, 2048, 2048, 2048, 2048]","[2048, 2048, 2048, 2051, 2048, 2048, 2048]",289.0
1222,9213,14,24,2023-10-22T19:43:49.046000+00:00,27.619,40.865,33.701,213.0,180.0,False,102.185,"[2048, 2048, 2048, 2048, 2048, 2048]","[2049, 2048, 2048, 2048, 2048, 2048, 2048, 2048]","[2049, 2048, 2048, 2048, 2048, 2048]",301.0
1222,9213,24,24,2023-10-22T19:43:50.109000+00:00,27.79,41.692,34.435,,175.0,False,103.917,"[None, 2049, 2048, 2048, 2048, 2048]","[2048, 2048, 2048, 2048, 2048, 2048, 2048, 2048]","[2048, 2048, 2048, 2048, 2048, 2048]",299.0
1222,9213,23,24,2023-10-22T19:43:50.999000+00:00,27.622,41.424,34.568,,175.0,False,103.614,"[2049, 2049, 2048, 2049, 2048, 2048]","[2048, 2048, 2048, 2048, 2048, 2048, 2048, 2048]","[2048, 2048, 2048, 2048, 2048, 2048, 2048]",322.0
1222,9213,77,24,2023-10-22T19:43:52.234000+00:00,28.221,41.486,34.024,205.0,183.0,False,103.731,"[None, 2048, 2048, 2048, 2048, 2048]","[2048, 2048, 2048, 2048, 2048, 2048, 2048, 2048]","[2048, 2048, 2048, 2049, 2048, 2048]",291.0
1222,9213,2,24,2023-10-22T19:43:54.249000+00:00,27.916,41.427,34.111,,183.0,False,103.454,"[None, 2048, 2048, 2048, 2048, 2048]","[2048, 2048, 2048, 2048, 2048, 2048, 2048, 2048]","[2048, 2048, 2049, 2048, 2048, 2048, 2048]",301.0
1222,9213,3,24,2023-10-22T19:43:56.249000+00:00,27.781,41.298,33.463,207.0,176.0,False,102.542,"[2048, 2048, 2048, 2048, 2048, 2048]","[2049, 2049, 2048, 2048, 2048, 2048, 2048, 2048]","[2048, 2048, 2049, 2048, 2048, 2048, 2048]",291.0
1222,9213,18,24,2023-10-22T19:43:57.249000+00:00,27.674,41.214,33.479,,180.0,False,102.367,"[None, 2048, 2048, 2048, 2048, 2048]","[2048, 2048, 2048, 2048, 2048, 2048, 2048, 2048]","[2048, 2048, 2048, 2048, 2048, 2048, 2049]",304.0
1222,9213,20,24,2023-10-22T19:44:01.921000+00:00,28.478,41.807,34.279,202.0,179.0,False,104.564,"[None, 2048, 2048, 2048, 2048, 2048]","[2048, 2048, 2048, 2048, 2048, 2048, 2048, 2048]","[2048, 2048, 2048, 2048, 2048, 2048]",292.0
1222,9213,27,24,2023-10-22T19:44:02.218000+00:00,27.358,40.913,33.732,207.0,180.0,False,102.003,"[2049, 2049, 2049, 2048, 2048, 2048]","[2048, 2049, 2048, 2048, 2048, 2048, 2048, 2048]","[2049, 2048, 2049, 2048, 2048, 2048, 2048]",292.0
1222,9213,4,25,2023-10-22T19:44:52.951000+00:00,27.394,41.486,33.525,213.0,182.0,False,102.405,"[2048, 2048, 2048, 2048, 2048, 2048]","[2048, 2048, 2048, 2048, 2048, 2048, 2048, 2048]","[2048, 2048, 2049, 2048, 2051, 2048, 2048]",290.0
1222,9213,1,25,2023-10-22T19:44:55.248000+00:00,27.278,40.687,33.303,,176.0,False,101.268,"[None, 2048, 2048, 2048, 2048, 2048]","[2049, 2048, 2048, 2048, 2048, 2048, 2048, 2048]","[2048, 2048, 2048, 2049, 2049, 2048, 2048]",290.0
1222,9213,44,25,2023-10-22T19:45:02.483000+00:00,27.363,40.773,33.037,215.0,183.0,False,101.173,"[None, 2048, 2048, 2049, 2048, 2048]","[2048, 2048, 2048, 2048, 2048, 2048, 2048, 2048]","[2048, 2049, 2048, 2048, 2049, 2048, 2048]",285.0
1222,9213,55,25,2023-10-22T19:45:05.982000+00:00,27.481,40.663,33.346,208.0,181.0,False,101.49,"[None, 2048, 2048, 2048, 2048, 2048]","[2048, 2048, 2048, 2048, 2048, 2048, 2048, 2048]","[2048, 2048, 2048, 2049, 2048, 2048, 2048]",297.0
1222,9213,11,25,2023-10-22T19:45:09.389000+00:00,27.436,40.672,33.058,205.0,179.0,False,101.166,"[None, 2048, 2048, 2048, 2048, 2048]","[2048, 2048, 2049, 2048, 2048, 2048, 2048, 2048]","[2048, 2048, 2049, 2048, 2049, 2048]",290.0
1222,9213,16,25,2023-10-22T19:45:14.654000+00:00,27.768,40.812,33.523,213.0,182.0,False,102.103,"[2048, 2048, 2048, 2048, 2048, 2048]","[2049, 2048, 2048, 2048, 2048, 2048, 2048, 2048]","[2048, 2048, 2048, 2048, 2048, 2049, 2048]",296.0
1222,9213,63,25,2023-10-22T19:45:17.185000+00:00,27.718,41.308,33.351,207.0,183.0,False,102.377,"[None, 2048, 2048, 2048, 2048, 2048]","[2048, 2048, 2048, 2048, 2048, 2048, 2048, 2048]","[2048, 2048, 2049, 2048, 2048, 2049, 2048]",280.0
1222,9213,10,25,2023-10-22T19:45:18.701000+00:00,27.786,40.876,33.673,207.0,178.0,False,102.335,"[None, 2048, 2048, 2048, 2048, 2048]","[2048, 2048, 2048, 2048, 2048, 2048, 2048, 2048]","[2048, 2048, 2048, 2048, 2048, 2048, 2048]",291.0
1222,9213,22,25,2023-10-22T19:45:23.232000+00:00,27.582,41.361,33.398,213.0,174.0,False,102.341,"[None, 2048, 2048, 2048, 2048, 2048]","[2048, 2048, 2048, 2048, 2048, 2048, 2048, 2048]","[2048, 2048, 2048, 2048, 2048, 2048, 2048]",287.0
1222,9213,14,25,2023-10-22T19:45:31.248000+00:00,27.609,40.852,33.369,216.0,182.0,False,101.83,"[None, 2048, 2048, 2048, 2048, 2048]","[2049, 2048, 2048, 2048, 2048, 2048, 2048, 2048]","[2048, 2049, 2048, 2048, 2049, 2049, 2048]",299.0
1222,9213,24,25,2023-10-22T19:45:34.029000+00:00,28.001,42.125,34.874,203.0,176.0,False,105.0,"[None, 2048, 2048, 2048, 2048, 2048]","[2048, 2048, 2049, 2048, 2048, 2048, 2048, 2048]","[2048, 2048, 2048, 2048, 2048, 2048, 2048]",295.0
1222,9213,23,25,2023-10-22T19:45:34.654000+00:00,27.809,41.475,34.334,202.0,177.0,False,103.618,"[2048, 2048, 2048, 2049, 2048, 2048]","[2048, 2048, 2048, 2048, 2048, 2048, 2048, 2048]","[2048, 2048, 2049, 2048, 2048, 2048]",321.0
1222,9213,77,25,2023-10-22T19:45:36.060000+00:00,27.957,41.576,34.202,203.0,181.0,False,103.735,"[None, 2048, 2048, 2048, 2049, 2048]","[2048, 2048, 2048, 2048, 2048, 2048, 2048, 2048]","[2048, 2048, 2048, 2048, 2048, 2048, 2048]",289.0
1222,9213,2,25,2023-10-22T19:45:37.779000+00:00,27.793,41.393,34.048,203.0,183.0,False,103.234,"[None, 2048, 2048, 2048, 2048, 2048]","[2048, 2048, 2048, 2048, 2048, 2048, 2048, 2048]","[2048, 2048, 2048, 2049, 2048, 2048, 2048]",302.0
1222,9213,3,25,2023-10-22T19:45:38.794000+00:00,27.864,41.358,34.338,205.0,174.0,False,103.56,"[None, 2048, 2048, 2048, 2048, 2048]","[2048, 2048, 2048, 2048, 2048, 2048, 2048, 2048]","[2048, 2048, 2048, 2048, 2048, 2048, 2049]",311.0
1222,9213,18,25,2023-10-22T19:45:39.654000+00:00,27.558,40.569,33.907,203.0,180.0,False,102.034,"[None, 2048, 2048, 2049, 2048, 2048]","[2048, 2048, 2049, 2048, 2048, 2048, 2048, 2049]","[2048, 2048, 2048, 2048, 2048, 2048, 2048]",332.0
1222,9213,27,25,2023-10-22T19:45:44.138000+00:00,27.811,40.829,33.625,208.0,181.0,False,102.265,"[2048, 2048, 2048, 2048, 2048, 2048]","[2048, 2048, 2049, 2048, 2048, 2048, 2048, 2048]","[2048, 2048, 2049, 2048, 2048, 2048]",292.0
1222,9213,20,25,2023-10-22T19:45:46.435000+00:00,28.053,41.71,34.13,200.0,179.0,False,103.893,"[None, 2048, 2048, 2048, 2048, 2048]","[2048, 2048, 2048, 2048, 2048, 2048, 2048, 2048]","[2048, 2048, 2049, 2048, 2048, 2048, 2048]",291.0
1222,9213,4,26,2023-10-22T19:46:35.340000+00:00,27.467,40.909,33.739,210.0,182.0,False,102.115,"[None, 2048, 2048, 2048, 2048, 2048]","[2048, 2048, 2048, 2048, 2048, 2048, 2048, 2048]","[2048, 2048, 2048, 2049, 2048, 2048, 2048]",289.0
1222,9213,1,26,2023-10-22T19:46:36.543000+00:00,27.306,40.935,33.616,212.0,175.0,False,101.857,"[None, 2048, 2048, 2048, 2048, 2049]","[2048, 2048, 2049, 2048, 2048, 2048, 2048, 2048]","[2048, 2048, 2049, 2048, 2048, 2048]",290.0
1222,9213,44,26,2023-10-22T19:46:43.762000+00:00,27.273,40.847,33.366,217.0,183.0,False,101.486,"[None, 2048, 2048, 2049, 2048, 2048]","[2048, 2048, 2049, 2048, 2049, 2048, 2048, 2048]","[2048, 2048, 2048, 2049, 2048, 2048, 2048]",278.0
1222,9213,55,26,2023-10-22T19:46:47.668000+00:00,27.498,40.82,33.507,210.0,181.0,False,101.825,"[None, 2048, 2048, 2048, 2048, 2049]","[2048, 2048, 2048, 2048, 2048, 2048, 2048, 2048]","[2048, 2048, 2048, 2048, 2048, 2048, 2048]",295.0
1222,9213,11,26,2023-10-22T19:46:50.621000+00:00,27.442,40.959,33.389,207.0,179.0,False,101.79,"[None, 2048, 2048, 2048, 2048, 2048]","[2048, 2048, 2048, 2048, 2048, 2048, 2048, 2048]","[2048, 2048, 2048, 2048, 2048, 2048, 2048]",293.0
1222,9213,16,26,2023-10-22T19:46:56.762000+00:00,27.418,40.973,33.664,209.0,182.0,False,102.055,"[None, 2048, 2049, 2048, 2048, 2048]","[2048, 2048, 2048, 2048, 2048, 2048, 2048, 2048]","[2048, 2048, 2048, 2048, 2048, 2048, 2049]",301.0
1222,9213,63,26,2023-10-22T19:46:59.590000+00:00,27.439,41.065,33.439,211.0,185.0,False,101.943,"[None, 2048, 2048, 2048, 2048, 2048]","[2048, 2048, 2048, 2048, 2048, 2048, 2048, 2048]","[2048, 2048, 2048, 2048, 2048, 2049]",282.0
1222,9213,10,26,2023-10-22T19:47:01.012000+00:00,27.737,40.902,33.684,210.0,179.0,False,102.323,"[None, 2048, 2048, 2048, 2048, 2048]","[2048, 2048, 2048, 2048, 2048, 2048, 2048, 2048]","[2048, 2048, 2048, 2048, 2048, 2048, 2048]",291.0
1222,9213,22,26,2023-10-22T19:47:05.590000+00:00,27.859,41.397,33.686,209.0,173.0,False,102.942,"[None, 2048, 2048, 2048, 2048, 2048]","[2048, 2048, 2048, 2048, 2048, 2048, 2048, 2048]","[2048, 2048, 2048, 2048, 2048, 2048, 2048]",288.0
1222,9213,14,26,2023-10-22T19:47:13.090000+00:00,27.535,40.853,33.429,212.0,182.0,False,101.817,"[None, 2048, 2048, 2048, 2048, 2049]","[2048, 2048, 2048, 2048, 2048, 2048, 2048, 2048]","[2049, 2048, 2048, 2048, 2049, 2048, 2048]",299.0
1222,9213,23,26,2023-10-22T19:47:18.214000+00:00,27.806,41.294,34.118,206.0,178.0,False,103.218,"[None, 2048, 2048, 2048, 2048, 2048]","[2049, 2048, 2048, 2048, 2048, 2048, 2048, 2048]","[2048, 2048, 2048, 2048, 2048, 2048, 2048]",300.0
1222,9213,24,26,2023-10-22T19:47:19.121000+00:00,27.886,41.472,34.332,205.0,175.0,False,103.69,"[None, 2048, 2048, 2048, 2048, 2048]","[2048, 2048, 2048, 2048, 2048, 2048, 2048, 2048]","[2048, 2048, 2048, 2048, 2048, 2048, 2048]",308.0
1222,9213,77,26,2023-10-22T19:47:19.855000+00:00,27.766,41.373,34.316,196.0,179.0,False,103.455,"[None, 2048, 2048, 2048, 2048, 2048]","[2048, 2048, 2048, 2048, 2048, 2048, 2048, 2048]","[2048, 2048, 2048, 2048, 2048, 2048, 2048]",318.0
1222,9213,2,26,2023-10-22T19:47:21.027000+00:00,27.873,41.476,34.601,206.0,173.0,False,103.95,"[None, 2048, 2048, 2048, 2048, 2048]","[2048, 2048, 2048, 2048, 2048, 2048, 2048, 2048]","[2048, 2048, 2048, 2048, 2048, 2048, 2048]",322.0
1222,9213,18,26,2023-10-22T19:47:21.683000+00:00,27.68,40.82,33.773,196.0,174.0,False,102.273,"[None, 2048, 2048, 2048, 2048, 2048]","[2048, 2048, 2048, 2048, 2048, 2049, 2048, 2048]","[2048, 2048, 2048, 2048, 2048, 2048, 2048]",332.0
1222,9213,3,26,2023-10-22T19:47:22.355000+00:00,27.962,41.792,33.793,202.0,174.0,False,103.547,"[2049, 2048, 2048, 2048, 2048, 2048]","[2048, 2048, 2049, 2048, 2048, 2048, 2048, 2048]","[2048, 2048, 2048, 2048, 2048, 2048, 2048]",290.0
1222,9213,27,26,2023-10-22T19:47:26.496000+00:00,27.815,40.951,33.563,,182.0,False,102.329,"[None, 2048, 2048, 2048, 2048, 2048]","[2048, 2048, 2048, 2048, 2048, 2048, 2048, 2048]","[2048, 2048, 2048, 2049, 2048, 2048]",292.0
1222,9213,20,26,2023-10-22T19:47:30.324000+00:00,27.888,41.792,34.182,,179.0,False,103.862,"[None, 2048, 2048, 2048, 2048, 2048]","[2048, 2048, 2048, 2048, 2048, 2048, 2048, 2048]","[2048, 2048, 2048, 2048, 2048, 2048, 2048]",291.0
1222,9213,4,27,2023-10-22T19:48:17.417000+00:00,27.358,40.951,33.521,215.0,179.0,False,101.83,"[None, 2048, 2048, 2048, 2048, 2051]","[2048, 2048, 2048, 2048, 2048, 2048, 2048, 2048]","[2048, 2048, 2048, 2048, 2048, 2048, 2048]",300.0
1222,9213,1,27,2023-10-22T19:48:18.401000+00:00,27.166,40.725,33.904,213.0,174.0,False,101.795,"[None, 2048, 2048, 2049, 2049, 2048]","[2048, 2048, 2048, 2048, 2048, 2048, 2048, 2048]","[2048, 2048, 2048, 2048, 2048, 2048]",313.0
1222,9213,44,27,2023-10-22T19:48:25.198000+00:00,27.33,40.683,33.141,220.0,185.0,False,101.154,"[None, 2048, 2048, 2048, 2048, 2048]","[2049, 2048, 2048, 2048, 2048, 2048, 2048, 2048]","[2048, 2048, 2048, 2048, 2048, 2048, 2048]",286.0
1222,9213,55,27,2023-10-22T19:48:29.416000+00:00,27.503,40.593,33.383,211.0,182.0,False,101.479,"[None, 2048, 2048, 2048, 2049, 2048]","[2048, 2048, 2048, 2048, 2048, 2048, 2048, 2048]","[2048, 2048, 2048, 2048, 2048, 2048, 2048]",297.0
1222,9213,11,27,2023-10-22T19:48:32.416000+00:00,27.354,40.689,33.121,208.0,179.0,False,101.164,"[None, 2048, 2048, 2048, 2049, 2048]","[2048, 2048, 2048, 2048, 2048, 2048, 2048, 2049]","[2048, 2048, 2048, 2048, 2048, 2048, 2048]",293.0
1222,9213,16,27,2023-10-22T19:48:38.807000+00:00,27.283,40.709,33.406,,185.0,False,101.398,"[None, 2048, 2048, 2049, 2051, 2049]","[2048, 2048, 2048, 2048, 2048, 2048, 2048, 2049]","[2049, 2049, 2048, 2048, 2048, 2048, 2049]",301.0
1222,9213,63,27,2023-10-22T19:48:41.510000+00:00,27.407,41.068,33.4,214.0,184.0,False,101.875,"[None, 2048, 2048, 2049, 2048, 2049]","[2048, 2048, 2048, 2048, 2048, 2048, 2048, 2048]","[2049, 2048, 2048, 2048, 2048, 2048, 2048]",282.0
1222,9213,10,27,2023-10-22T19:48:43.307000+00:00,27.722,40.869,33.61,206.0,179.0,False,102.201,"[None, 2048, 2048, 2048, 2048, 2048]","[2048, 2048, 2048, 2048, 2048, 2048, 2048, 2048]","[2048, 2048, 2049, 2048, 2048, 2048, 2048]",291.0
1222,9213,22,27,2023-10-22T19:48:48.510000+00:00,27.7,41.475,33.491,,174.0,False,102.666,"[None, 2048, 2048, 2049, 2048, 2048]","[2048, 2048, 2048, 2048, 2048, 2048, 2048, 2048]","[2048, 2048, 2048, 2048, 2048, 2048, 2048]",287.0
1222,9213,14,27,2023-10-22T19:48:54.869000+00:00,27.677,40.714,33.54,213.0,183.0,False,101.931,"[None, 2048, 2048, 2051, 2048, 2048]","[2048, 2048, 2048, 2048, 2048, 2048, 2048, 2049]","[2048, 2048, 2048, 2048, 2048, 2048, 2048]",299.0
1222,9213,23,27,2023-10-22T19:49:01.509000+00:00,27.746,41.25,33.859,208.0,179.0,False,102.855,"[None, 2048, 2048, 2048, 2048, 2048]","[2049, 2048, 2048, 2048, 2048, 2048, 2048, 2049]","[2048, 2048, 2048, 2048, 2048, 2048, 2048]",299.0
1222,9213,24,27,2023-10-22T19:49:02.697000+00:00,29.37,43.151,35.193,202.0,174.0,False,107.714,"[None, 2048, 2048, 2048, 2048, 2048]","[2048, 2048, 2048, 2048, 2048, 2048, 2048, 2048]","[2048, 2048, 2048, 2048, 2048, 2064, 2064]",297.0
1222,9213,77,27,2023-10-22T19:49:03.244000+00:00,27.765,41.73,33.905,208.0,183.0,False,103.4,"[None, 2048, 2048, 2048, 2049, 2048]","[2049, 2048, 2048, 2048, 2048, 2048, 2048, 2048]","[2048, 2048, 2048, 2049, 2048, 2048]",288.0
1222,9213,18,27,2023-10-22T19:49:03.947000+00:00,28.476,41.73,33.37,193.0,182.0,False,103.576,"[None, 2048, 2048, 2048, 2048, 2048]","[2048, 2048, 2048, 2048, 2048, 2048, 2048, 2048]","[2048, 2048, 2051, 2049, 2048, 2048, 2048]",306.0
1222,9213,2,27,2023-10-22T19:49:04.947000+00:00,27.969,41.856,34.241,195.0,179.0,False,104.066,"[None, 2049, 2048, 2048, 2048, 2048]","[2048, 2048, 2048, 2048, 2048, 2049, 2048, 2048]","[2048, 2048, 2048, 2048, 2048, 2048]",322.0
1222,9213,3,27,2023-10-22T19:49:05.931000+00:00,27.893,41.81,34.633,200.0,176.0,False,104.336,"[2048, 2048, 2048, 2048, 2048, 2048]","[2048, 2048, 2048, 2048, 2048, 2048, 2048, 2048]","[2048, 2048, 2048, 2048, 2048, 2048]",295.0
1222,9213,27,27,2023-10-22T19:49:08.837000+00:00,27.775,41.159,33.906,,182.0,False,102.84,"[None, 2048, 2048, 2048, 2048, 2048]","[2048, 2048, 2048, 2048, 2048, 2048, 2048, 2048]","[2048, 2048, 2048, 2048, 2048, 2048]",292.0
1222,9213,20,27,2023-10-22T19:49:14.509000+00:00,27.931,41.716,34.175,,181.0,False,103.822,"[None, 2048, 2048, 2048, 2048, 2048]","[2048, 2048, 2048, 2048, 2048, 2048, 2048, 2048]","[2048, 2048, 2048, 2048, 2048, 2048]",291.0
1222,9213,4,28,2023-10-22T19:49:59.243000+00:00,27.383,41.304,34.463,213.0,186.0,False,103.15,"[None, 2048, 2048, 2048, 2048, 2048]","[2048, 2048, 2048, 2048, 2048, 2048, 2048, 2048]","[2048, 2048, 2048, 2048, 2048, 2048, 2048]",298.0
1222,9213,1,28,2023-10-22T19:50:00.165000+00:00,27.189,40.625,33.76,211.0,181.0,False,101.574,"[None, 2048, 2048, 2049, 2048, 2048]","[2048, 2048, 2048, 2048, 2048, 2048, 2048, 2048]","[2048, 2048, 2048, 2048, 2048, 2048, 2048]",323.0
1222,9213,44,28,2023-10-22T19:50:06.430000+00:00,27.292,41.079,33.135,,184.0,False,101.506,"[None, 2048, 2048, 2048, 2049, 2048]","[2048, 2048, 2048, 2048, 2048, 2048, 2048, 2048]","[2048, 2048, 2048, 2048, 2048, 2048, 2048]",271.0
1222,9213,55,28,2023-10-22T19:50:10.899000+00:00,27.603,40.908,33.224,207.0,183.0,False,101.735,"[None, 2048, 2048, 2048, 2048, 2048]","[2048, 2048, 2048, 2048, 2048, 2048, 2048, 2048]","[2048, 2048, 2048, 2048, 2048, 2048, 2048]",295.0
1222,9213,11,28,2023-10-22T19:50:13.555000+00:00,27.351,40.911,33.115,205.0,179.0,False,101.377,"[None, 2048, 2048, 2048, 2049, 2048]","[2048, 2048, 2048, 2048, 2048, 2048, 2048, 2048]","[2048, 2048, 2048, 2049, 2048, 2048, 2049]",289.0
1222,9213,16,28,2023-10-22T19:50:20.211000+00:00,27.332,40.84,33.225,208.0,184.0,False,101.397,"[None, 2048, 2048, 2048, 2048, 2049]","[2048, 2048, 2048, 2048, 2048, 2048, 2048, 2048]","[2049, 2051, 2048, 2048, 2049, 2048, 2048]",299.0
1222,9213,63,28,2023-10-22T19:50:23.352000+00:00,27.383,41.209,33.275,212.0,183.0,False,101.867,"[None, 2048, 2048, 2049, 2048, 2048]","[2048, 2048, 2048, 2048, 2048, 2048, 2048, 2048]","[2048, 2048, 2049, 2048, 2048, 2048]",278.0
1222,9213,10,28,2023-10-22T19:50:25.524000+00:00,27.784,40.98,33.701,210.0,178.0,False,102.465,"[None, 2048, 2048, 2048, 2048, 2048]","[2048, 2048, 2048, 2048, 2048, 2048, 2048, 2048]","[2048, 2048, 2048, 2048, 2049, 2048]",291.0
1222,9213,22,28,2023-10-22T19:50:31.149000+00:00,27.672,41.426,33.49,,173.0,False,102.588,"[None, 2048, 2048, 2048, 2048, 2048]","[2048, 2048, 2048, 2048, 2048, 2048, 2048, 2048]","[2048, 2048, 2048, 2048, 2048, 2048, 2048]",287.0
1222,9213,14,28,2023-10-22T19:50:36.820000+00:00,27.472,40.683,33.502,215.0,183.0,False,101.657,"[None, 2048, 2048, 2048, 2048, 2048]","[2048, 2048, 2048, 2048, 2048, 2048, 2048, 2049]","[2048, 2048, 2048, 2048, 2048, 2048, 2048]",299.0
1222,9213,23,28,2023-10-22T19:50:44.648000+00:00,27.605,41.342,34.059,202.0,180.0,False,103.006,"[None, 2048, 2048, 2048, 2049, 2048]","[2048, 2048, 2048, 2048, 2048, 2048, 2048, 2048]","[2048, 2048, 2048, 2048, 2048, 2048, 2048]",299.0
1222,9213,77,28,2023-10-22T19:50:46.554000+00:00,27.916,41.688,34.685,205.0,183.0,False,104.289,"[None, 2048, 2048, 2048, 2049, 2048]","[2048, 2048, 2048, 2048, 2048, 2048, 2048, 2048]","[2048, 2048, 2048, 2048, 2048, 2064, 2064]",290.0
1222,9213,18,28,2023-10-22T19:50:47.789000+00:00,27.667,40.557,33.371,205.0,179.0,False,101.595,"[None, 2048, 2048, 2048, 2048, 2048]","[2048, 2048, 2049, 2048, 2049, 2048, 2048, 2049]","[2048, 2048, 2048, 2048, 2048, 2049]",319.0
1222,9213,2,28,2023-10-22T19:50:48.945000+00:00,27.805,41.608,33.987,205.0,182.0,False,103.4,"[None, 2048, 2048, 2048, 2048, 2048]","[2048, 2048, 2048, 2048, 2048, 2048, 2048, 2048]","[2048, 2048, 2048, 2048, 2048, 2048, 2048]",301.0
1222,9213,3,28,2023-10-22T19:50:50.211000+00:00,27.616,41.253,33.927,203.0,174.0,False,102.796,"[None, 2049, 2048, 2049, 2048, 2048]","[2048, 2048, 2048, 2048, 2048, 2048, 2048, 2048]","[2048, 2048, 2048, 2049, 2048, 2048, 2048]",309.0
1222,9213,24,28,2023-10-22T19:50:50.383000+00:00,48.716,41.469,33.885,207.0,179.0,True,124.07,"[2064, 2064, 2048, 2048, 2048, 2048]","[2048, 2048, 2048, 2048, 2048, 2048, 2048, 2048]","[2048, 2048, 2048, 2048, 2048, 2048, 0]",284.0
1222,9213,27,28,2023-10-22T19:50:51.664000+00:00,27.821,41.079,33.84,204.0,181.0,False,102.74,"[None, 2048, 2048, 2048, 2048, 2048]","[2048, 2048, 2048, 2048, 2048, 2048, 2048, 2048]","[2048, 2048, 2048, 2048, 2048, 2049]",293.0
1222,9213,20,28,2023-10-22T19:50:58.023000+00:00,27.758,41.887,34.268,195.0,179.0,False,103.913,"[None, 2048, 2048, 2048, 2048, 2048]","[2048, 2048, 2048, 2048, 2048, 2048, 2048, 2048]","[2048, 2049, 2048, 2048, 2048, 2048, 2048]",296.0
1222,9213,1,29,2023-10-22T19:51:41.632000+00:00,27.335,41.014,33.243,216.0,176.0,False,101.592,"[None, 2048, 2048, 2048, 2049, 2049]","[2048, 2048, 2048, 2048, 2048, 2048, 2048, 2048]","[2048, 2048, 2048, 2049, 2048, 2048]",288.0
1222,9213,4,29,2023-10-22T19:51:42.397000+00:00,27.257,41.13,33.621,207.0,182.0,False,102.008,"[2049, 2049, 2048, 2049, 2048, 2048]","[2048, 2048, 2048, 2048, 2048, 2048, 2048, 2048]","[2048, 2048, 2049, 2048, 2048, 2048, 2048]",313.0
1222,9213,44,29,2023-10-22T19:51:47.882000+00:00,27.266,40.933,32.953,219.0,185.0,False,101.152,"[None, 2048, 2048, 2048, 2049, 2048]","[2048, 2048, 2048, 2048, 2048, 2048, 2048, 2048]","[2048, 2048, 2048, 2049, 2049, 2048, 2048]",287.0
1222,9213,55,29,2023-10-22T19:51:52.647000+00:00,27.413,40.842,33.207,211.0,180.0,False,101.462,"[None, 2048, 2048, 2048, 2048, 2049]","[2048, 2048, 2048, 2048, 2048, 2048, 2048, 2048]","[2048, 2048, 2048, 2048, 2048, 2048, 2048]",296.0
1222,9213,11,29,2023-10-22T19:51:54.928000+00:00,27.295,40.808,33.111,208.0,179.0,False,101.214,"[None, 2048, 2048, 2048, 2048, 2049]","[2048, 2048, 2048, 2048, 2048, 2048, 2048, 2048]","[2048, 2048, 2048, 2049, 2048, 2048, 2048]",291.0
1222,9213,16,29,2023-10-22T19:52:01.600000+00:00,27.324,40.758,33.304,211.0,182.0,False,101.386,"[None, 2048, 2048, 2048, 2048, 2049]","[2049, 2048, 2049, 2048, 2048, 2048, 2048, 2048]","[2048, 2048, 2048, 2048, 2048, 2048, 2048]",297.0
1222,9213,63,29,2023-10-22T19:52:05.241000+00:00,27.318,40.985,33.271,215.0,184.0,False,101.574,"[None, 2048, 2048, 2049, 2048, 2048]","[2048, 2048, 2048, 2048, 2048, 2048, 2048, 2048]","[2048, 2048, 2049, 2048, 2048, 2048, 2048]",283.0
1222,9213,10,29,2023-10-22T19:52:07.975000+00:00,27.7,40.762,33.64,,179.0,False,102.102,"[None, 2048, 2048, 2048, 2048, 2048]","[2048, 2048, 2048, 2048, 2048, 2048, 2048, 2049]","[2049, 2048, 2048, 2048, 2048, 2048, 2048]",293.0
1222,9213,22,29,2023-10-22T19:52:13.756000+00:00,27.539,41.33,33.374,211.0,172.0,False,102.243,"[None, 2048, 2048, 2049, 2048, 2048]","[2048, 2048, 2048, 2048, 2048, 2048, 2048, 2048]","[2048, 2048, 2049, 2048, 2048, 2048, 2048]",286.0
1222,9213,14,29,2023-10-22T19:52:18.475000+00:00,27.38,40.639,33.639,209.0,185.0,False,101.658,"[None, 2048, 2048, 2048, 2048, 2048]","[2048, 2048, 2048, 2048, 2048, 2048, 2048, 2049]","[2048, 2048, 2048, 2048, 2048, 2048]",301.0
1222,9213,23,29,2023-10-22T19:52:27.381000+00:00,27.714,41.062,34.137,205.0,178.0,False,102.913,"[None, 2048, 2048, 2048, 2048, 2048]","[2048, 2048, 2048, 2048, 2048, 2048, 2048, 2048]","[2048, 2048, 2048, 2048, 2048, 2064, 2064]",300.0
1222,9213,18,29,2023-10-22T19:52:29.100000+00:00,27.282,40.981,33.184,201.0,182.0,False,101.447,"[None, 2048, 2048, 2048, 2048, 2049]","[2048, 2048, 2048, 2048, 2048, 2048, 2048, 2048]","[2048, 2048, 2048, 2048, 2049, 2048, 2048]",302.0
1222,9213,77,29,2023-10-22T19:52:30.896000+00:00,48.644,41.184,33.272,212.0,184.0,True,123.1,"[2064, 2064, 2048, 2048, 2048, 2048]","[2048, 2048, 2048, 2048, 2048, 2048, 2048, 2049]","[2049, 2049, 2049, 2048, 2049, 2048, 2049]",287.0
1222,9213,2,29,2023-10-22T19:52:32.396000+00:00,27.634,41.256,34.014,206.0,183.0,False,102.904,"[None, 2048, 2048, 2048, 2048, 2049]","[2048, 2048, 2048, 2048, 2048, 2048, 2048, 2048]","[2048, 2048, 2048, 2048, 2048, 2048]",301.0
1222,9213,3,29,2023-10-22T19:52:33.037000+00:00,27.908,41.708,33.787,204.0,174.0,False,103.403,"[None, 2048, 2048, 2048, 2048, 2048]","[2048, 2048, 2048, 2048, 2048, 2048, 2048, 2048]","[2048, 2048, 2048, 2048, 2048, 2048]",287.0
1222,9213,27,29,2023-10-22T19:52:34.303000+00:00,27.671,41.39,33.835,210.0,180.0,False,102.896,"[None, 2048, 2048, 2049, 2048, 2049]","[2048, 2048, 2048, 2048, 2048, 2048, 2048, 2048]","[2048, 2048, 2048, 2048, 2048, 2048]",290.0
1222,9213,20,29,2023-10-22T19:52:41.849000+00:00,27.83,41.798,34.379,203.0,182.0,False,104.007,"[None, 2048, 2048, 2048, 2048, 2048]","[2048, 2048, 2048, 2048, 2048, 2048, 2048, 2048]","[2048, 2048, 2048, 2049, 2048, 2064, 2064]",297.0
1222,9213,24,29,2023-10-22T19:52:54.505000+00:00,27.694,41.497,33.755,208.0,176.0,False,102.946,"[2048, 2048, 2049, 2049, 2048, 2048]","[2048, 2048, 2048, 2048, 2048, 2048, 2048, 2048]","[2048, 2048, 2049, 2048, 2048, 2049, 2048]",286.0
1222,9213,1,30,2023-10-22T19:53:23.333000+00:00,27.32,41.079,33.259,217.0,178.0,False,101.658,"[None, 2048, 2048, 2048, 2048, 2048]","[2048, 2048, 2048, 2048, 2048, 2048, 2048, 2048]","[2048, 2048, 2049, 2048, 2049, 2048]",290.0
1222,9213,4,30,2023-10-22T19:53:24.395000+00:00,27.144,40.899,33.45,210.0,185.0,False,101.493,"[None, 2048, 2048, 2049, 2048, 2048]","[2048, 2048, 2048, 2048, 2048, 2048, 2048, 2048]","[2048, 2048, 2048, 2048, 2048, 2048]",315.0
1222,9213,44,30,2023-10-22T19:53:29.020000+00:00,27.24,41.093,33.2,215.0,183.0,False,101.533,"[None, 2048, 2048, 2049, 2048, 2048]","[2048, 2048, 2048, 2048, 2048, 2048, 2048, 2048]","[2048, 2048, 2048, 2049, 2048, 2048]",278.0
1222,9213,55,30,2023-10-22T19:53:34.114000+00:00,27.44,40.876,33.168,,181.0,False,101.484,"[None, 2048, 2048, 2048, 2048, 2048]","[2048, 2048, 2048, 2048, 2048, 2048, 2048, 2048]","[2048, 2048, 2048, 2048, 2048, 2048, 2048]",296.0
1222,9213,11,30,2023-10-22T19:53:36.208000+00:00,27.18,40.845,33.255,,178.0,False,101.28,"[None, 2048, 2048, 2048, 2049, 2049]","[2048, 2048, 2048, 2048, 2048, 2048, 2048, 2048]","[2048, 2048, 2048, 2051, 2048, 2048, 2048]",295.0
1222,9213,16,30,2023-10-22T19:53:42.973000+00:00,27.319,41.014,33.417,210.0,182.0,False,101.75,"[None, 2048, 2048, 2049, 2048, 2049]","[2048, 2048, 2048, 2048, 2048, 2048, 2048, 2048]","[2049, 2048, 2048, 2048, 2048, 2048, 2048]",297.0
1222,9213,63,30,2023-10-22T19:53:46.817000+00:00,27.257,42.112,33.36,214.0,183.0,False,102.729,"[None, 2048, 2048, 2048, 2048, 2048]","[2048, 2048, 2048, 2048, 2048, 2048, 2048, 2048]","[2048, 2049, 2048, 2048, 2048, 2048]",281.0
1222,9213,10,30,2023-10-22T19:53:50.098000+00:00,27.647,41.11,33.611,209.0,176.0,False,102.368,"[None, 2048, 2048, 2049, 2048, 2048]","[2048, 2048, 2048, 2048, 2048, 2048, 2048, 2048]","[2048, 2048, 2048, 2048, 2048, 2048, 2048]",293.0
1222,9213,22,30,2023-10-22T19:53:56.020000+00:00,27.574,41.477,33.424,213.0,174.0,False,102.475,"[None, 2048, 2048, 2048, 2048, 2048]","[2048, 2048, 2048, 2048, 2048, 2048, 2048, 2048]","[2048, 2048, 2048, 2048, 2048, 2048, 2048]",289.0
1222,9213,14,30,2023-10-22T19:54:00.160000+00:00,27.34,40.774,33.555,216.0,184.0,False,101.669,"[None, 2048, 2048, 2048, 2048, 2048]","[2048, 2048, 2048, 2048, 2048, 2048, 2048, 2048]","[2048, 2048, 2049, 2048, 2048, 2048, 2048]",300.0
1222,9213,23,30,2023-10-22T19:54:10.285000+00:00,48.132,41.062,33.667,210.0,179.0,True,122.861,"[2064, 2064, 2048, 2048, 2048, 2048]","[2048, 2048, 2048, 2049, 2048, 2048, 2048, 2048]","[2049, 2049, 2048, 2048, 2048, 2048, 2048]",299.0
1222,9213,18,30,2023-10-22T19:54:10.535000+00:00,27.204,40.992,33.205,204.0,182.0,False,101.401,"[None, 2049, 2048, 2048, 2048, 2049]","[2048, 2048, 2048, 2048, 2048, 2048, 2048, 2049]","[2049, 2048, 2048, 2048, 2049, 2049, 2048]",300.0
1222,9213,2,30,2023-10-22T19:54:15.207000+00:00,27.737,41.343,33.959,209.0,183.0,False,103.039,"[None, 2048, 2048, 2048, 2048, 2049]","[2049, 2048, 2048, 2048, 2048, 2048, 2048, 2048]","[2048, 2048, 2048, 2048, 2048, 2048, 2048]",302.0
1222,9213,3,30,2023-10-22T19:54:16.348000+00:00,27.754,41.913,34.203,210.0,175.0,False,103.87,"[None, 2048, 2048, 2048, 2048, 2049]","[2048, 2048, 2048, 2048, 2048, 2048, 2048, 2048]","[2048, 2048, 2048, 2048, 2048, 2048]",290.0
1222,9213,27,30,2023-10-22T19:54:17.394000+00:00,27.371,40.714,33.789,208.0,182.0,False,101.874,"[None, 2048, 2048, 2049, 2048, 2049]","[2048, 2048, 2048, 2048, 2048, 2048, 2048, 2049]","[2048, 2048, 2048, 2049, 2048, 2048, 2048]",328.0
1222,9213,20,30,2023-10-22T19:54:25.801000+00:00,48.575,41.367,33.897,194.0,180.0,True,123.839,"[2064, 2064, 2048, 2048, 2048, 2048]","[2048, 2048, 2048, 2049, 2048, 2048, 2048, 2048]","[2049, 2049, 2048, 2048, 2048, 2049, 2048]",290.0
1222,9213,77,30,2023-10-22T19:54:34.035000+00:00,27.821,41.073,33.387,206.0,184.0,False,102.281,"[2048, 2048, 2048, 2048, 2048, 2049]","[2048, 2048, 2048, 2049, 2048, 2048, 2048, 2048]","[2049, 2049, 2048, 2048, 2048, 2048]",287.0
1222,9213,24,30,2023-10-22T19:54:37.441000+00:00,27.82,41.236,33.986,207.0,176.0,False,103.042,"[None, 2048, 2048, 2049, 2048, 2048]","[2048, 2048, 2049, 2048, 2048, 2048, 2048, 2048]","[2048, 2048, 2048, 2048, 2048, 2048]",288.0
1222,9213,1,31,2023-10-22T19:55:05.019000+00:00,27.247,40.831,33.259,,176.0,False,101.337,"[None, 2048, 2048, 2048, 2049, 2051]","[2049, 2048, 2049, 2048, 2048, 2048, 2048, 2048]","[2048, 2048, 2048, 2048, 2048, 2048]",291.0
1222,9213,4,31,2023-10-22T19:55:05.878000+00:00,27.107,40.783,33.67,,183.0,False,101.56,"[2048, 2048, 2048, 2048, 2049, 2048]","[2048, 2048, 2048, 2048, 2048, 2048, 2049, 2048]","[2048, 2048, 2048, 2048, 2048, 2048]",317.0
1222,9213,44,31,2023-10-22T19:55:10.597000+00:00,27.205,40.944,33.161,220.0,185.0,False,101.31,"[None, 2048, 2048, 2048, 2048, 2049]","[2048, 2048, 2048, 2048, 2049, 2048, 2048, 2048]","[2048, 2048, 2048, 2049, 2048, 2048, 2048]",281.0
1222,9213,55,31,2023-10-22T19:55:15.550000+00:00,27.38,40.655,33.549,,183.0,False,101.584,"[None, 2048, 2048, 2049, 2049, 2049]","[2049, 2048, 2048, 2048, 2048, 2048, 2048, 2048]","[2048, 2048, 2048, 2048, 2048, 2048, 2048]",298.0
1222,9213,11,31,2023-10-22T19:55:17.425000+00:00,27.297,40.731,33.35,210.0,180.0,False,101.378,"[None, 2048, 2048, 2048, 2048, 2049]","[2048, 2048, 2048, 2048, 2048, 2048, 2048, 2048]","[2048, 2048, 2048, 2048, 2048, 2048, 2048]",296.0
1222,9213,16,31,2023-10-22T19:55:24.768000+00:00,27.393,40.73,33.592,214.0,182.0,False,101.715,"[None, 2048, 2048, 2048, 2051, 2048]","[2048, 2048, 2048, 2048, 2048, 2048, 2048, 2048]","[2048, 2048, 2048, 2048, 2048, 2048, 2048]",302.0
1222,9213,63,31,2023-10-22T19:55:29.581000+00:00,27.432,41.025,33.473,210.0,183.0,False,101.93,"[None, 2048, 2048, 2049, 2048, 2048]","[2048, 2048, 2048, 2048, 2048, 2048, 2048, 2048]","[2048, 2048, 2048, 2048, 2048, 2048, 2048]",283.0
1222,9213,10,31,2023-10-22T19:55:32.503000+00:00,27.68,40.989,33.847,207.0,179.0,False,102.516,"[None, 2048, 2048, 2048, 2049, 2048]","[2048, 2048, 2048, 2048, 2048, 2048, 2048, 2048]","[2048, 2048, 2048, 2049, 2048, 2048, 2048]",295.0
1222,9213,22,31,2023-10-22T19:55:38.471000+00:00,27.484,41.447,33.496,211.0,173.0,False,102.427,"[None, 2048, 2048, 2049, 2049, 2048]","[2048, 2048, 2048, 2048, 2048, 2048, 2048, 2049]","[2048, 2048, 2048, 2048, 2048, 2048, 2048]",289.0
1222,9213,14,31,2023-10-22T19:55:41.815000+00:00,27.578,41.038,33.445,212.0,183.0,False,102.061,"[None, 2048, 2048, 2048, 2048, 2048]","[2048, 2048, 2048, 2048, 2048, 2048, 2048, 2048]","[2048, 2048, 2049, 2048, 2048, 2049, 2048]",300.0
1222,9213,18,31,2023-10-22T19:55:51.846000+00:00,27.393,40.967,33.119,202.0,181.0,False,101.479,"[None, 2048, 2048, 2051, 2048, 2048]","[2048, 2048, 2048, 2048, 2048, 2048, 2048, 2048]","[2048, 2048, 2048, 2048, 2049, 2049, 2048]",299.0
1222,9213,2,31,2023-10-22T19:55:58.393000+00:00,,41.887,34.059,206.0,181.0,False,103.683,"[None, 2048, 2048, 2049, 2048, 2048]","[2048, 2048, 2048, 2048, 2048, 2048, 2048, 2048]","[2048, 2048, 2048, 2048, 2048, 2048, 2048]",301.0
1222,9213,27,31,2023-10-22T19:55:59.158000+00:00,27.43,40.801,33.451,203.0,183.0,False,101.682,"[None, 2048, 2048, 2049, 2048, 2048]","[2048, 2048, 2048, 2048, 2048, 2049, 2048, 2048]","[2048, 2048, 2048, 2049, 2048, 2049]",328.0
1222,9213,3,31,2023-10-22T19:56:00.330000+00:00,27.896,41.826,33.713,201.0,175.0,False,103.435,"[None, 2048, 2048, 2048, 2048, 2048]","[2048, 2048, 2048, 2048, 2048, 2048, 2048, 2048]","[2048, 2048, 2048, 2048, 2048, 2048, 2048]",292.0
1222,9213,23,31,2023-10-22T19:56:13.189000+00:00,27.77,40.716,33.441,208.0,180.0,False,101.927,"[2048, 2048, 2049, 2048, 2048, 2048]","[2048, 2049, 2048, 2049, 2048, 2048, 2048, 2048]","[2048, 2049, 2048, 2048, 2049, 2048, 2048]",299.0
1222,9213,77,31,2023-10-22T19:56:16.236000+00:00,27.911,41.14,33.281,,183.0,False,102.332,"[None, 2048, 2048, 2048, 2048, 2048]","[2049, 2048, 2048, 2048, 2048, 2048, 2048, 2048]","[2048, 2049, 2048, 2048, 2048, 2048, 2048]",284.0
1222,9213,24,31,2023-10-22T19:56:20.486000+00:00,27.778,41.246,33.822,205.0,180.0,False,102.846,"[None, 2048, 2048, 2049, 2048, 2048]","[2048, 2048, 2048, 2048, 2048, 2048, 2048, 2049]","[2048, 2048, 2048, 2048, 2048, 2048, 2048]",286.0
1222,9213,20,31,2023-10-22T19:56:29.798000+00:00,27.919,41.035,33.955,198.0,180.0,False,102.909,"[2048, 2048, 2049, 2049, 2048, 2048]","[2048, 2048, 2048, 2048, 2048, 2048, 2048, 2049]","[2048, 2049, 2048, 2048, 2049, 2048, 2048]",290.0
1222,9213,1,32,2023-10-22T19:56:46.329000+00:00,27.348,40.954,33.274,215.0,180.0,False,101.576,"[None, 2048, 2048, 2048, 2048, 2048]","[2048, 2048, 2048, 2048, 2049, 2048, 2048, 2048]","[2048, 2048, 2048, 2048, 2048, 2048, 2048]",290.0
1222,9213,4,32,2023-10-22T19:56:47.439000+00:00,27.423,41.085,33.703,212.0,185.0,False,102.211,"[None, 2048, 2048, 2048, 2049, 2048]","[2048, 2048, 2048, 2048, 2048, 2048, 2048, 2048]","[2048, 2048, 2048, 2048, 2048, 2048]",294.0
1222,9213,44,32,2023-10-22T19:56:51.892000+00:00,27.359,41.301,33.184,218.0,184.0,False,101.844,"[None, 2048, 2048, 2048, 2048, 2048]","[2048, 2048, 2048, 2048, 2048, 2048, 2048, 2048]","[2048, 2048, 2048, 2048, 2048, 2048, 2048]",277.0
1222,9213,55,32,2023-10-22T19:56:57.188000+00:00,27.437,40.888,33.225,213.0,183.0,False,101.55,"[None, 2048, 2048, 2049, 2049, 2048]","[2048, 2048, 2048, 2048, 2048, 2048, 2048, 2048]","[2048, 2048, 2048, 2049, 2048, 2048]",297.0
1222,9213,11,32,2023-10-22T19:56:58.813000+00:00,27.368,41.071,33.365,205.0,179.0,False,101.804,"[None, 2048, 2048, 2048, 2049, 2048]","[2048, 2048, 2048, 2048, 2048, 2048, 2048, 2048]","[2048, 2048, 2048, 2048, 2048, 2048, 2048]",295.0
1222,9213,16,32,2023-10-22T19:57:06.454000+00:00,27.281,40.939,33.501,211.0,184.0,False,101.721,"[None, 2048, 2048, 2048, 2051, 2048]","[2048, 2048, 2048, 2048, 2048, 2048, 2048, 2048]","[2048, 2048, 2048, 2048, 2048, 2048]",301.0
1222,9213,63,32,2023-10-22T19:57:11.469000+00:00,27.567,41.254,33.478,207.0,181.0,False,102.299,"[None, 2048, 2048, 2048, 2048, 2048]","[2048, 2048, 2048, 2048, 2048, 2048, 2048, 2048]","[2048, 2048, 2048, 2048, 2048, 2048, 2048]",280.0
1222,9213,10,32,2023-10-22T19:57:15.016000+00:00,27.72,41.017,33.5,210.0,181.0,False,102.237,"[None, 2048, 2048, 2048, 2048, 2048]","[2048, 2048, 2048, 2048, 2048, 2048, 2048, 2048]","[2048, 2048, 2048, 2048, 2049, 2048]",292.0
1222,9213,22,32,2023-10-22T19:57:20.922000+00:00,27.473,41.526,33.501,213.0,172.0,False,102.5,"[None, 2048, 2048, 2048, 2048, 2048]","[2048, 2048, 2048, 2048, 2049, 2048, 2048, 2048]","[2048, 2048, 2048, 2048, 2048, 2048, 2048]",286.0
1222,9213,14,32,2023-10-22T19:57:23.860000+00:00,27.45,40.834,33.609,,185.0,False,101.893,"[None, 2048, 2048, 2048, 2048, 2048]","[2048, 2048, 2048, 2048, 2048, 2048, 2048, 2048]","[2048, 2048, 2048, 2048, 2048, 2048, 2048]",299.0
1222,9213,18,32,2023-10-22T19:57:33.422000+00:00,27.353,40.971,33.145,205.0,182.0,False,101.469,"[None, 2048, 2048, 2048, 2048, 2049]","[2049, 2048, 2048, 2048, 2049, 2048, 2048, 2049]","[2049, 2048, 2048, 2049, 2048, 2048, 2048]",300.0
1222,9213,27,32,2023-10-22T19:57:40.750000+00:00,27.731,41.183,33.532,210.0,181.0,False,102.446,"[None, 2048, 2048, 2048, 2048, 2048]","[2048, 2048, 2048, 2048, 2048, 2048, 2048, 2048]","[2048, 2048, 2048, 2048, 2048, 2048, 2048]",291.0
1222,9213,2,32,2023-10-22T19:57:42.031000+00:00,27.845,41.873,34.235,,182.0,False,103.953,"[None, 2048, 2048, 2048, 2048, 2048]","[2048, 2048, 2048, 2048, 2048, 2048, 2048, 2048]","[2048, 2048, 2048, 2048, 2048, 2064, 2064]",302.0
1222,9213,3,32,2023-10-22T19:57:43.766000+00:00,27.842,41.535,33.821,207.0,174.0,False,103.198,"[None, 2048, 2048, 2048, 2048, 2048]","[2048, 2048, 2048, 2048, 2048, 2048, 2048, 2048]","[2048, 2048, 2048, 2048, 2048, 2048]",291.0
1222,9213,23,32,2023-10-22T19:57:55.094000+00:00,27.801,40.896,33.573,207.0,180.0,False,102.27,"[None, 2048, 2048, 2048, 2048, 2048]","[2048, 2049, 2048, 2048, 2048, 2048, 2048, 2048]","[2048, 2048, 2048, 2048, 2048, 2048, 2048]",293.0
1222,9213,77,32,2023-10-22T19:57:58.656000+00:00,27.781,41.277,33.297,209.0,182.0,False,102.355,"[None, 2048, 2048, 2048, 2048, 2049]","[2048, 2048, 2048, 2048, 2048, 2048, 2048, 2048]","[2048, 2048, 2048, 2048, 2049, 2048, 2048]",284.0
1222,9213,24,32,2023-10-22T19:58:03.328000+00:00,27.698,40.959,33.566,203.0,179.0,False,102.223,"[None, 2048, 2048, 2048, 2048, 2048]","[2051, 2048, 2048, 2049, 2048, 2048, 2048, 2048]","[2049, 2048, 2048, 2048, 2049, 2048, 2048]",287.0
1222,9213,20,32,2023-10-22T19:58:12.687000+00:00,27.748,40.857,33.426,205.0,181.0,False,102.031,"[None, 2048, 2048, 2048, 2048, 2048]","[2049, 2048, 2049, 2048, 2048, 2048, 2048, 2048]","[2048, 2048, 2048, 2048, 2049, 2048, 2048]",294.0
1222,9213,1,33,2023-10-22T19:58:27.890000+00:00,27.352,40.964,33.191,213.0,177.0,False,101.507,"[None, 2048, 2048, 2048, 2048, 2048]","[2048, 2048, 2048, 2048, 2049, 2048, 2048, 2048]","[2048, 2048, 2048, 2048, 2049, 2048]",290.0
1222,9213,4,33,2023-10-22T19:58:29.671000+00:00,27.477,41.459,33.876,207.0,179.0,False,102.812,"[None, 2048, 2048, 2048, 2049, 2048]","[2048, 2048, 2048, 2048, 2048, 2048, 2048, 2048]","[2048, 2048, 2048, 2048, 2048, 2048, 2048]",286.0
1222,9213,44,33,2023-10-22T19:58:33.702000+00:00,27.33,41.157,33.133,219.0,185.0,False,101.62,"[None, 2048, 2048, 2048, 2048, 2048]","[2048, 2048, 2048, 2048, 2048, 2048, 2048, 2048]","[2048, 2048, 2049, 2048, 2049, 2048, 2048]",285.0
1222,9213,55,33,2023-10-22T19:58:38.734000+00:00,27.393,41.051,33.444,210.0,180.0,False,101.888,"[None, 2048, 2048, 2048, 2048, 2049]","[2049, 2048, 2048, 2048, 2048, 2048, 2048, 2048]","[2048, 2048, 2048, 2048, 2048, 2048, 2048]",298.0
1222,9213,11,33,2023-10-22T19:58:40.609000+00:00,27.304,41.334,33.362,,176.0,False,102.0,"[None, 2048, 2048, 2048, 2048, 2048]","[2048, 2048, 2048, 2048, 2048, 2048, 2048, 2048]","[2048, 2048, 2048, 2048, 2048, 2048, 2048]",299.0
1222,9213,16,33,2023-10-22T19:58:48.202000+00:00,27.317,40.798,33.214,208.0,183.0,False,101.329,"[None, 2048, 2048, 2048, 2048, 2048]","[2048, 2048, 2048, 2048, 2048, 2048, 2048, 2048]","[2048, 2048, 2049, 2048, 2048, 2048, 2048]",299.0
1222,9213,63,33,2023-10-22T19:58:53.765000+00:00,27.345,41.498,33.254,212.0,182.0,False,102.097,"[None, 2048, 2048, 2048, 2048, 2049]","[2049, 2048, 2048, 2048, 2048, 2048, 2048, 2048]","[2048, 2048, 2048, 2048, 2048, 2048, 2048]",282.0
1222,9213,10,33,2023-10-22T19:58:57.202000+00:00,27.566,41.129,33.483,207.0,180.0,False,102.178,"[None, 2048, 2048, 2048, 2048, 2048]","[2048, 2048, 2048, 2048, 2048, 2048, 2048, 2048]","[2048, 2048, 2048, 2048, 2049, 2048, 2048]",293.0
1222,9213,22,33,2023-10-22T19:59:03.389000+00:00,27.495,41.485,33.491,,172.0,False,102.471,"[None, 2048, 2048, 2048, 2048, 2049]","[2048, 2048, 2048, 2048, 2049, 2048, 2048, 2048]","[2048, 2048, 2048, 2048, 2048, 2048, 2048]",287.0
1222,9213,14,33,2023-10-22T19:59:05.764000+00:00,27.257,40.963,33.341,214.0,184.0,False,101.561,"[None, 2048, 2048, 2049, 2048, 2049]","[2048, 2048, 2048, 2048, 2048, 2048, 2048, 2048]","[2048, 2049, 2048, 2048, 2049, 2048, 2048]",300.0
1222,9213,18,33,2023-10-22T19:59:14.874000+00:00,27.394,41.085,33.201,206.0,180.0,False,101.68,"[None, 2048, 2048, 2048, 2048, 2049]","[2048, 2048, 2048, 2048, 2048, 2048, 2048, 2048]","[2048, 2048, 2051, 2048, 2048, 2048, 2048]",299.0
1222,9213,27,33,2023-10-22T19:59:23.295000+00:00,27.882,41.294,33.969,,179.0,False,103.145,"[None, 2048, 2048, 2048, 2048, 2048]","[2049, 2048, 2048, 2048, 2048, 2048, 2048, 2048]","[2048, 2048, 2048, 2048, 2048, 2048, 2048]",288.0
1222,9213,2,33,2023-10-22T19:59:25.936000+00:00,49.066,40.75,33.38,213.0,183.0,True,123.196,"[2064, 2064, 2048, 2048, 2048, 2048]","[2048, 2048, 2048, 2049, 2048, 2048, 2048, 2048]","[2049, 2048, 2049, 2048, 2048, 2049, 2049]",300.0
1222,9213,3,33,2023-10-22T19:59:26.936000+00:00,27.82,41.72,33.846,208.0,170.0,False,103.386,"[None, 2048, 2048, 2048, 2048, 2048]","[2048, 2048, 2048, 2048, 2048, 2048, 2048, 2048]","[2048, 2048, 2048, 2049, 2048, 2048, 2048]",287.0
1222,9213,23,33,2023-10-22T19:59:37.342000+00:00,27.509,40.998,33.598,210.0,180.0,False,102.105,"[None, 2048, 2049, 2048, 2048, 2048]","[2049, 2048, 2048, 2048, 2048, 2048, 2048, 2048]","[2048, 2048, 2049, 2048, 2049, 2048, 2048]",295.0
1222,9213,77,33,2023-10-22T19:59:40.998000+00:00,27.735,41.307,33.613,204.0,181.0,False,102.655,"[None, 2048, 2048, 2048, 2048, 2049]","[2049, 2048, 2048, 2048, 2048, 2048, 2048, 2048]","[2048, 2048, 2048, 2048, 2048, 2048]",284.0
1222,9213,24,33,2023-10-22T19:59:45.560000+00:00,27.701,41.386,33.854,209.0,177.0,False,102.941,"[None, 2049, 2048, 2048, 2048, 2048]","[2048, 2048, 2048, 2048, 2048, 2048, 2048, 2048]","[2048, 2048, 2048, 2048, 2048, 2048]",284.0
1222,9213,20,33,2023-10-22T19:59:54.779000+00:00,27.466,41.021,33.583,201.0,179.0,False,102.07,"[None, 2048, 2049, 2048, 2048, 2048]","[2048, 2048, 2049, 2048, 2048, 2048, 2048, 2048]","[2048, 2048, 2048, 2048, 2048, 2048, 2048]",293.0
1222,9213,1,34,2023-10-22T20:00:09.451000+00:00,27.327,41.06,33.194,214.0,177.0,False,101.581,"[None, 2048, 2048, 2048, 2048, 2048]","[2048, 2048, 2048, 2048, 2048, 2048, 2048, 2048]","[2048, 2048, 2048, 2049, 2048, 2048, 2048]",290.0
1222,9213,4,34,2023-10-22T20:00:12.482000+00:00,27.38,41.232,33.518,215.0,182.0,False,102.13,"[None, 2048, 2048, 2048, 2048, 2048]","[2048, 2048, 2048, 2048, 2048, 2048, 2048, 2048]","[2048, 2048, 2048, 2049, 2048, 2064, 2064]",294.0
1222,9213,44,34,2023-10-22T20:00:15.326000+00:00,27.333,41.228,33.419,214.0,180.0,False,101.98,"[None, 2048, 2048, 2048, 2048, 2048]","[2048, 2048, 2048, 2048, 2048, 2048, 2048, 2048]","[2048, 2048, 2048, 2048, 2048, 2048, 2048]",273.0
1222,9213,55,34,2023-10-22T20:00:20.622000+00:00,27.446,40.915,33.316,217.0,182.0,False,101.677,"[None, 2048, 2048, 2048, 2048, 2049]","[2048, 2048, 2048, 2048, 2048, 2048, 2048, 2048]","[2048, 2048, 2049, 2049, 2048, 2048]",297.0
1222,9213,11,34,2023-10-22T20:00:22.622000+00:00,27.247,40.823,33.168,212.0,179.0,False,101.238,"[None, 2048, 2048, 2048, 2048, 2049]","[2048, 2048, 2048, 2048, 2048, 2048, 2048, 2048]","[2048, 2048, 2048, 2048, 2048, 2048, 2048]",295.0
1222,9213,16,34,2023-10-22T20:00:29.513000+00:00,27.267,40.764,33.297,210.0,182.0,False,101.328,"[None, 2048, 2048, 2048, 2048, 2048]","[2048, 2048, 2048, 2048, 2048, 2048, 2048, 2048]","[2049, 2048, 2048, 2048, 2048, 2048, 2048]",299.0
1222,9213,63,34,2023-10-22T20:00:35.935000+00:00,27.372,41.086,33.438,214.0,182.0,False,101.896,"[None, 2048, 2048, 2048, 2048, 2049]","[2049, 2048, 2049, 2048, 2048, 2048, 2048, 2048]","[2048, 2048, 2048, 2048, 2048, 2048, 2048]",278.0
1222,9213,10,34,2023-10-22T20:00:39.403000+00:00,27.471,40.797,33.715,210.0,180.0,False,101.983,"[None, 2048, 2048, 2048, 2048, 2049]","[2049, 2048, 2049, 2048, 2048, 2048, 2048, 2048]","[2048, 2048, 2048, 2048, 2048, 2048, 2048]",294.0
1222,9213,22,34,2023-10-22T20:00:45.966000+00:00,27.327,41.462,33.887,215.0,175.0,False,102.676,"[None, 2048, 2049, 2048, 2048, 2049]","[2048, 2048, 2048, 2048, 2048, 2048, 2048, 2048]","[2048, 2048, 2048, 2048, 2048, 2064, 2064]",290.0
1222,9213,14,34,2023-10-22T20:00:47.325000+00:00,27.396,40.993,33.501,209.0,185.0,False,101.89,"[None, 2048, 2048, 2048, 2049, 2048]","[2048, 2048, 2048, 2048, 2048, 2048, 2048, 2048]","[2048, 2048, 2049, 2049, 2048, 2048, 2048]",303.0
1222,9213,18,34,2023-10-22T20:00:56.544000+00:00,27.36,40.94,33.238,202.0,183.0,False,101.538,"[None, 2048, 2048, 2048, 2048, 2048]","[2048, 2048, 2048, 2048, 2048, 2048, 2048, 2048]","[2048, 2048, 2048, 2049, 2049, 2048, 2048]",301.0
1222,9213,27,34,2023-10-22T20:01:06.450000+00:00,27.708,41.383,33.798,,180.0,False,102.889,"[None, 2048, 2048, 2048, 2048, 2049]","[2048, 2048, 2048, 2048, 2048, 2048, 2048, 2048]","[2048, 2048, 2049, 2048, 2048, 2064, 2064]",291.0
1222,9213,3,34,2023-10-22T20:01:10.262000+00:00,27.699,41.586,33.61,210.0,177.0,False,102.895,"[None, 2048, 2048, 2048, 2048, 2049]","[2048, 2048, 2048, 2048, 2048, 2048, 2048, 2048]","[2048, 2048, 2048, 2048, 2048, 2048, 2048]",290.0
1222,9213,23,34,2023-10-22T20:01:19.403000+00:00,27.516,40.866,33.639,,177.0,False,102.021,"[None, 2048, 2048, 2049, 2049, 2049]","[2048, 2048, 2048, 2048, 2048, 2048, 2048, 2049]","[2048, 2048, 2048, 2048, 2048, 2048, 2048]",298.0
1222,9213,77,34,2023-10-22T20:01:23.621000+00:00,27.859,41.325,33.552,206.0,183.0,False,102.736,"[None, 2048, 2048, 2048, 2048, 2048]","[2048, 2048, 2048, 2048, 2048, 2048, 2048, 2048]","[2048, 2048, 2048, 2048, 2048, 2048]",285.0
1222,9213,24,34,2023-10-22T20:01:28.481000+00:00,27.838,41.656,34.278,205.0,174.0,False,103.772,"[None, 2048, 2048, 2049, 2048, 2048]","[2048, 2048, 2048, 2049, 2048, 2048, 2048, 2048]","[2048, 2048, 2048, 2048, 2048, 2049]",282.0
1222,9213,2,34,2023-10-22T20:01:29.199000+00:00,27.673,40.09,33.475,206.0,185.0,False,101.238,"[2049, 2048, 2049, 2048, 2048, 2048]","[2048, 2048, 2048, 2048, 2049, 2048, 2048, 2049]","[2048, 2049, 2048, 2048, 2048, 2049]",321.0
1222,9213,20,34,2023-10-22T20:01:36.808000+00:00,27.494,41.07,33.595,202.0,182.0,False,102.159,"[None, 2048, 2048, 2049, 2049, 2048]","[2048, 2048, 2049, 2048, 2048, 2048, 2048, 2048]","[2048, 2048, 2048, 2048, 2048, 2048, 2048]",292.0
1222,9213,1,35,2023-10-22T20:01:51.011000+00:00,27.42,40.953,33.404,215.0,180.0,False,101.777,"[None, 2048, 2048, 2048, 2048, 2048]","[2048, 2048, 2048, 2048, 2048, 2048, 2048, 2048]","[2048, 2048, 2048, 2049, 2048, 2064, 2064]",289.0
1222,9213,4,35,2023-10-22T20:01:54.652000+00:00,47.053,40.829,32.891,206.0,184.0,True,120.773,"[2064, 2064, 2048, 2048, 2048, 2048]","[2048, 2048, 2048, 2048, 2048, 2048, 2048, 2048]","[2049, 2048, 2048, 2048, 2048, 2049, 2049]",289.0
1222,9213,44,35,2023-10-22T20:01:57.308000+00:00,27.31,40.904,33.011,217.0,185.0,False,101.225,"[None, 2048, 2048, 2048, 2049, 2048]","[2048, 2048, 2048, 2048, 2048, 2048, 2048, 2048]","[2048, 2048, 2048, 2049, 2048, 2048, 2048]",283.0
1222,9213,55,35,2023-10-22T20:02:02.261000+00:00,27.527,40.951,33.589,212.0,183.0,False,102.067,"[None, 2048, 2048, 2048, 2048, 2048]","[2048, 2048, 2048, 2048, 2048, 2048, 2048, 2048]","[2048, 2048, 2048, 2048, 2048, 2064, 2064]",297.0
1222,9213,11,35,2023-10-22T20:02:03.839000+00:00,27.425,40.966,33.315,208.0,177.0,False,101.706,"[None, 2048, 2048, 2048, 2048, 2048]","[2048, 2048, 2048, 2048, 2048, 2048, 2048, 2048]","[2048, 2048, 2048, 2048, 2048, 2048]",294.0
1222,9213,16,35,2023-10-22T20:02:10.824000+00:00,27.332,40.727,33.214,212.0,186.0,False,101.273,"[None, 2048, 2048, 2048, 2048, 2048]","[2049, 2048, 2048, 2048, 2048, 2048, 2048, 2048]","[2048, 2048, 2048, 2049, 2048, 2048, 2048]",298.0
1222,9213,63,35,2023-10-22T20:02:17.777000+00:00,27.592,41.103,33.433,211.0,183.0,False,102.128,"[None, 2048, 2048, 2048, 2049, 2048]","[2048, 2048, 2048, 2048, 2048, 2048, 2048, 2048]","[2048, 2048, 2048, 2048, 2048, 2048, 2048]",278.0
1222,9213,10,35,2023-10-22T20:02:21.401000+00:00,27.58,40.886,33.586,,180.0,False,102.052,"[None, 2048, 2048, 2048, 2049, 2048]","[2048, 2048, 2048, 2048, 2048, 2048, 2048, 2048]","[2048, 2048, 2048, 2049, 2048, 2048, 2048]",293.0
1222,9213,22,35,2023-10-22T20:02:28.495000+00:00,47.848,41.053,32.886,206.0,179.0,True,121.787,"[2064, 2064, 2048, 2048, 2048, 2048]","[2048, 2048, 2048, 2049, 2048, 2048, 2048, 2049]","[2048, 2049, 2048, 2048, 2049, 2049, 0]",280.0
1222,9213,14,35,2023-10-22T20:02:29.183000+00:00,27.085,40.742,33.502,215.0,184.0,False,101.329,"[None, 2048, 2048, 2048, 2048, 2048]","[2048, 2048, 2051, 2048, 2048, 2048, 2048, 2048]","[2048, 2048, 2048, 2048, 2048, 2048]",297.0
1222,9213,18,35,2023-10-22T20:02:38.182000+00:00,27.413,41.009,33.193,205.0,183.0,False,101.615,"[None, 2048, 2048, 2051, 2049, 2048]","[2048, 2048, 2048, 2048, 2048, 2048, 2048, 2048]","[2048, 2048, 2051, 2048, 2048, 2048, 2048]",298.0
1222,9213,27,35,2023-10-22T20:02:49.338000+00:00,47.722,40.819,33.244,209.0,182.0,True,121.785,"[2064, 2064, 2048, 2048, 2048, 2048]","[2048, 2049, 2049, 2049, 2048, 2048, 2048, 2048]","[2049, 2048, 2049, 2049, 2048, 2048, 0]",286.0
1222,9213,3,35,2023-10-22T20:02:53.245000+00:00,27.878,41.629,33.854,205.0,177.0,False,103.361,"[None, 2048, 2048, 2048, 2048, 2048]","[2048, 2048, 2048, 2048, 2048, 2048, 2048, 2048]","[2048, 2048, 2048, 2048, 2048, 2048]",291.0
1222,9213,23,35,2023-10-22T20:03:01.448000+00:00,27.625,40.709,33.527,209.0,179.0,False,101.861,"[None, 2048, 2048, 2048, 2048, 2048]","[2049, 2048, 2048, 2048, 2048, 2048, 2048, 2049]","[2048, 2048, 2048, 2048, 2049, 2048, 2048]",297.0
1222,9213,77,35,2023-10-22T20:03:06.416000+00:00,27.781,41.177,33.622,203.0,183.0,False,102.58,"[None, 2048, 2048, 2048, 2048, 2048]","[2048, 2048, 2048, 2048, 2048, 2048, 2048, 2048]","[2048, 2048, 2048, 2048, 2048, 2048]",283.0
1222,9213,2,35,2023-10-22T20:03:10.322000+00:00,27.395,40.638,33.597,210.0,186.0,False,101.63,"[2048, 2048, 2049, 2049, 2048, 2048]","[2049, 2048, 2049, 2048, 2048, 2048, 2048, 2048]","[2048, 2048, 2049, 2048, 2048, 2048]",319.0
1222,9213,24,35,2023-10-22T20:03:12.276000+00:00,27.841,41.797,33.65,,181.0,False,103.288,"[None, 2048, 2048, 2048, 2048, 2048]","[2048, 2048, 2048, 2048, 2048, 2048, 2048, 2048]","[2048, 2048, 2048, 2048, 2048, 2048, 2048]",283.0
1222,9213,20,35,2023-10-22T20:03:18.979000+00:00,27.474,41.048,33.593,207.0,181.0,False,102.115,"[None, 2048, 2048, 2048, 2048, 2049]","[2048, 2048, 2049, 2048, 2048, 2048, 2048, 2048]","[2048, 2048, 2048, 2048, 2048, 2048, 2048]",290.0
1222,9213,1,36,2023-10-22T20:03:32.760000+00:00,48.403,40.859,32.904,213.0,180.0,True,122.166,"[2064, 2064, 2048, 2048, 2048, 2048]","[2048, 2048, 2048, 2048, 2048, 2048, 2048, 2048]","[2048, 2048, 2048, 2048, 2048, 2048, 0]",284.0
1222,9213,44,36,2023-10-22T20:03:38.509000+00:00,27.371,40.927,32.901,218.0,185.0,False,101.199,"[None, 2048, 2048, 2049, 2049, 2048]","[2048, 2048, 2048, 2048, 2048, 2048, 2048, 2048]","[2049, 2048, 2048, 2049, 2049, 2048]",282.0
1222,9213,55,36,2023-10-22T20:03:44.212000+00:00,47.103,40.396,32.689,213.0,180.0,True,120.188,"[2064, 2064, 2048, 2048, 2048, 2048]","[2048, 2048, 2049, 2049, 2048, 2048, 2048, 2048]","[2051, 2048, 2049, 2048, 2049, 2048, 2049]",288.0
1222,9213,11,36,2023-10-22T20:03:45.494000+00:00,27.308,41.08,33.402,202.0,180.0,False,101.79,"[None, 2048, 2048, 2048, 2051, 2048]","[2048, 2048, 2048, 2048, 2048, 2048, 2048, 2048]","[2048, 2048, 2048, 2048, 2048, 2048]",288.0
1222,9213,16,36,2023-10-22T20:03:52.103000+00:00,27.395,40.896,33.21,208.0,185.0,False,101.501,"[None, 2048, 2048, 2048, 2049, 2048]","[2048, 2048, 2048, 2048, 2048, 2048, 2048, 2048]","[2048, 2048, 2049, 2048, 2049, 2048, 2048]",297.0
1222,9213,4,36,2023-10-22T20:03:55.431000+00:00,27.552,40.78,33.106,202.0,184.0,False,101.438,"[2048, 2048, 2048, 2049, 2048, 2048]","[2048, 2048, 2049, 2048, 2048, 2048, 2048, 2048]","[2048, 2048, 2048, 2048, 2051, 2048, 2048]",288.0
1222,9213,63,36,2023-10-22T20:03:59.931000+00:00,27.506,41.274,33.291,205.0,183.0,False,102.071,"[None, 2048, 2048, 2049, 2048, 2048]","[2048, 2048, 2048, 2048, 2048, 2048, 2048, 2048]","[2048, 2048, 2048, 2048, 2048, 2048]",278.0
1222,9213,10,36,2023-10-22T20:04:03.431000+00:00,28.676,41.303,33.89,201.0,178.0,False,103.869,"[None, 2048, 2048, 2048, 2048, 2048]","[2048, 2048, 2048, 2048, 2048, 2048, 2048, 2048]","[2048, 2048, 2048, 2048, 2048, 2048]",290.0
1222,9213,14,36,2023-10-22T20:04:10.462000+00:00,27.289,40.978,33.608,212.0,186.0,False,101.875,"[None, 2048, 2048, 2048, 2048, 2048]","[2048, 2048, 2048, 2048, 2048, 2048, 2048, 2048]","[2048, 2048, 2048, 2048, 2048, 2048]",298.0
1222,9213,18,36,2023-10-22T20:04:19.743000+00:00,27.279,41.048,33.304,204.0,183.0,False,101.631,"[None, 2048, 2048, 2048, 2049, 2049]","[2048, 2048, 2048, 2048, 2048, 2048, 2048, 2048]","[2048, 2048, 2051, 2048, 2048, 2048, 2048]",297.0
1222,9213,22,36,2023-10-22T20:04:30.352000+00:00,27.665,40.93,33.115,210.0,176.0,False,101.71,"[2048, 2048, 2049, 2048, 2048, 2048]","[2048, 2048, 2049, 2049, 2048, 2048, 2048, 2048]","[2048, 2048, 2048, 2048, 2048, 2048, 2048]",283.0
1222,9213,3,36,2023-10-22T20:04:36.587000+00:00,27.9,41.553,33.63,203.0,178.0,False,103.083,"[None, 2048, 2048, 2048, 2049, 2048]","[2048, 2048, 2048, 2048, 2048, 2048, 2048, 2048]","[2048, 2048, 2048, 2048, 2048, 2048, 2048]",288.0
1222,9213,23,36,2023-10-22T20:04:43.243000+00:00,27.638,40.865,33.506,206.0,179.0,False,102.009,"[None, 2048, 2048, 2049, 2048, 2048]","[2048, 2048, 2048, 2048, 2048, 2048, 2048, 2048]","[2048, 2048, 2048, 2048, 2049, 2048, 2048]",297.0
1222,9213,77,36,2023-10-22T20:04:48.883000+00:00,27.741,41.318,33.395,201.0,183.0,False,102.454,"[None, 2048, 2048, 2048, 2048, 2049]","[2048, 2048, 2048, 2048, 2048, 2048, 2048, 2048]","[2048, 2048, 2048, 2048, 2048, 2048, 2048]",281.0
1222,9213,27,36,2023-10-22T20:04:51.180000+00:00,27.52,40.793,33.145,,184.0,False,101.458,"[2048, 2048, 2049, 2048, 2048, 2048]","[2048, 2048, 2048, 2048, 2048, 2048, 2048, 2048]","[2048, 2049, 2049, 2048, 2049, 2048]",293.0
1222,9213,2,36,2023-10-22T20:04:52.133000+00:00,27.377,40.699,33.465,209.0,185.0,False,101.541,"[None, 2048, 2048, 2048, 2048, 2048]","[2048, 2048, 2049, 2048, 2048, 2048, 2048, 2048]","[2048, 2048, 2049, 2048, 2049, 2048, 2048]",321.0
1222,9213,24,36,2023-10-22T20:04:55.539000+00:00,27.744,41.392,33.577,209.0,178.0,False,102.713,"[None, 2048, 2048, 2048, 2048, 2048]","[2048, 2048, 2048, 2048, 2048, 2048, 2048, 2048]","[2048, 2048, 2048, 2048, 2048, 2048, 2048]",282.0
1222,9213,20,36,2023-10-22T20:05:01.086000+00:00,27.629,41.309,33.731,201.0,180.0,False,102.669,"[None, 2048, 2048, 2048, 2048, 2048]","[2048, 2048, 2048, 2048, 2048, 2048, 2048, 2048]","[2048, 2048, 2048, 2048, 2048, 2048]",290.0
1222,9213,44,37,2023-10-22T20:05:19.758000+00:00,27.117,41.042,33.148,220.0,185.0,False,101.307,"[None, 2048, 2048, 2048, 2048, 2049]","[2048, 2048, 2048, 2048, 2048, 2048, 2048, 2048]","[2048, 2048, 2049, 2049, 2048, 2048, 2048]",279.0
1222,9213,11,37,2023-10-22T20:05:27.258000+00:00,27.349,40.996,33.611,206.0,179.0,False,101.956,"[None, 2048, 2048, 2048, 2048, 2048]","[2048, 2048, 2048, 2048, 2048, 2048, 2048, 2048]","[2048, 2048, 2048, 2048, 2048, 2064, 2064]",296.0
1222,9213,16,37,2023-10-22T20:05:33.586000+00:00,27.229,40.799,33.073,209.0,184.0,False,101.101,"[None, 2048, 2048, 2049, 2048, 2048]","[2048, 2048, 2048, 2048, 2048, 2048, 2048, 2048]","[2048, 2051, 2048, 2048, 2049, 2048, 2048]",298.0
1222,9213,1,37,2023-10-22T20:05:34.929000+00:00,27.287,40.655,32.821,214.0,178.0,False,100.763,"[2048, 2048, 2048, 2049, 2048, 2048]","[2049, 2048, 2048, 2048, 2048, 2048, 2048, 2048]","[2048, 2049, 2049, 2049, 2048, 2048, 2048]",286.0
1222,9213,4,37,2023-10-22T20:05:36.710000+00:00,27.156,40.65,32.878,210.0,184.0,False,100.684,"[None, 2048, 2048, 2051, 2048, 2048]","[2048, 2048, 2048, 2048, 2048, 2048, 2048, 2048]","[2048, 2048, 2048, 2048, 2051, 2051]",288.0
1222,9213,63,37,2023-10-22T20:05:41.992000+00:00,27.369,41.366,33.33,213.0,184.0,False,102.065,"[None, 2048, 2048, 2048, 2048, 2048]","[2048, 2048, 2048, 2048, 2048, 2048, 2048, 2048]","[2048, 2048, 2048, 2049, 2048, 2048, 2048]",277.0
1222,9213,55,37,2023-10-22T20:05:44.601000+00:00,27.325,40.237,33.013,210.0,182.0,False,100.575,"[2048, 2048, 2048, 2049, 2048, 2048]","[2049, 2048, 2049, 2048, 2048, 2048, 2048, 2048]","[2048, 2049, 2048, 2048, 2048, 2048, 2048]",296.0
1222,9213,10,37,2023-10-22T20:05:47.320000+00:00,27.583,41.073,33.721,207.0,180.0,False,102.377,"[None, 2048, 2048, 2048, 2048, 2048]","[2048, 2048, 2048, 2048, 2048, 2048, 2048, 2048]","[2048, 2048, 2048, 2048, 2048, 2064, 2064]",291.0
1222,9213,14,37,2023-10-22T20:05:52.538000+00:00,27.407,41.035,33.463,215.0,186.0,False,101.905,"[None, 2048, 2048, 2048, 2049, 2048]","[2048, 2048, 2048, 2048, 2048, 2048, 2048, 2048]","[2048, 2048, 2048, 2048, 2048, 2049, 2048]",298.0
1222,9213,18,37,2023-10-22T20:06:01.319000+00:00,27.339,41.042,33.233,202.0,182.0,False,101.614,"[None, 2048, 2048, 2048, 2049, 2048]","[2048, 2048, 2048, 2048, 2048, 2048, 2048, 2048]","[2048, 2048, 2048, 2049, 2048, 2048, 2048]",298.0
1222,9213,22,37,2023-10-22T20:06:12.475000+00:00,27.514,40.881,33.082,213.0,177.0,False,101.477,"[None, 2048, 2048, 2048, 2048, 2048]","[2049, 2049, 2048, 2048, 2048, 2048, 2048, 2048]","[2048, 2048, 2048, 2048, 2049, 2048, 2048]",288.0
1222,9213,3,37,2023-10-22T20:06:19.694000+00:00,27.626,41.683,33.717,204.0,179.0,False,103.026,"[None, 2048, 2048, 2048, 2048, 2048]","[2048, 2048, 2048, 2048, 2048, 2048, 2048, 2048]","[2048, 2048, 2048, 2048, 2048, 2049, 2048]",288.0
1222,9213,23,37,2023-10-22T20:06:25.350000+00:00,27.42,40.799,33.546,209.0,180.0,False,101.765,"[None, 2048, 2048, 2048, 2048, 2049]","[2049, 2048, 2048, 2048, 2048, 2048, 2048, 2048]","[2048, 2048, 2048, 2048, 2048, 2049]",299.0
1222,9213,77,37,2023-10-22T20:06:31.428000+00:00,27.556,41.582,34.089,209.0,182.0,False,103.227,"[None, 2048, 2048, 2048, 2048, 2049]","[2048, 2048, 2048, 2048, 2048, 2048, 2048, 2048]","[2048, 2048, 2048, 2048, 2048, 2048]",294.0
1222,9213,27,37,2023-10-22T20:06:32.600000+00:00,27.325,40.54,33.149,211.0,184.0,False,101.014,"[None, 2048, 2049, 2048, 2048, 2049]","[2048, 2048, 2048, 2048, 2049, 2048, 2048, 2048]","[2048, 2049, 2048, 2048, 2049, 2049, 2048]",324.0
1222,9213,2,37,2023-10-22T20:06:33.600000+00:00,27.432,40.935,33.471,,188.0,False,101.838,"[None, 2048, 2048, 2048, 2048, 2048]","[2048, 2048, 2048, 2048, 2048, 2048, 2048, 2048]","[2048, 2048, 2048, 2049, 2048, 2048, 2048]",304.0
1222,9213,24,37,2023-10-22T20:06:38.303000+00:00,27.656,41.492,33.963,208.0,180.0,False,103.111,"[None, 2048, 2048, 2048, 2048, 2048]","[2051, 2048, 2048, 2048, 2048, 2048, 2048, 2048]","[2048, 2048, 2048, 2048, 2048, 2048, 2048]",285.0
1222,9213,20,37,2023-10-22T20:06:43.725000+00:00,27.592,41.312,33.649,203.0,180.0,False,102.553,"[None, 2048, 2048, 2048, 2048, 2048]","[2048, 2048, 2048, 2048, 2048, 2048, 2048, 2048]","[2048, 2048, 2048, 2048, 2048, 2048]",292.0
1222,9213,44,38,2023-10-22T20:07:01.100000+00:00,27.711,41.024,33.457,,186.0,False,102.192,"[None, 2048, 2048, 2048, 2048, 2049]","[2048, 2048, 2048, 2048, 2048, 2048, 2048, 2048]","[2048, 2048, 2048, 2048, 2048, 2064, 2064]",281.0
1222,9213,11,38,2023-10-22T20:07:09.318000+00:00,47.332,40.941,32.742,208.0,179.0,True,121.015,"[2064, 2064, 2048, 2048, 2048, 2048]","[2048, 2048, 2048, 2048, 2048, 2048, 2048, 2048]","[2049, 2049, 2049, 2048, 2048, 2048, 2048]",291.0
1222,9213,16,38,2023-10-22T20:07:14.709000+00:00,27.135,40.644,33.246,,186.0,False,101.025,"[None, 2048, 2048, 2048, 2048, 2049]","[2048, 2048, 2049, 2048, 2048, 2048, 2048, 2048]","[2048, 2048, 2048, 2048, 2048, 2048]",299.0
1222,9213,1,38,2023-10-22T20:07:15.693000+00:00,26.926,40.218,33.295,215.0,180.0,False,100.439,"[2049, 2049, 2048, 2048, 2048, 2048]","[2048, 2048, 2048, 2048, 2049, 2048, 2048, 2048]","[2048, 2048, 2048, 2048, 2048, 2048]",313.0
1222,9213,4,38,2023-10-22T20:07:17.506000+00:00,26.984,40.343,32.698,213.0,186.0,False,100.025,"[None, 2048, 2048, 2048, 2049, 2048]","[2048, 2048, 2049, 2048, 2048, 2048, 2048, 2048]","[2048, 2048, 2049, 2048, 2051, 2048]",296.0
1222,9213,63,38,2023-10-22T20:07:24.037000+00:00,27.474,41.413,33.646,215.0,180.0,False,102.533,"[None, 2048, 2048, 2048, 2048, 2048]","[2049, 2048, 2048, 2048, 2048, 2048, 2048, 2048]","[2048, 2048, 2048, 2048, 2048, 2048]",292.0
1222,9213,55,38,2023-10-22T20:07:25.146000+00:00,27.13,40.273,32.891,202.0,183.0,False,100.294,"[2049, 2048, 2048, 2049, 2048, 2048]","[2048, 2048, 2048, 2048, 2048, 2049, 2048, 2048]","[2048, 2048, 2048, 2048, 2049, 2048]",326.0
1222,9213,10,38,2023-10-22T20:07:29.662000+00:00,48.762,40.718,33.252,206.0,182.0,True,122.732,"[2064, 2064, 2048, 2048, 2048, 2048]","[2048, 2048, 2048, 2048, 2048, 2048, 2048, 2048]","[2048, 2048, 2049, 2048, 2048, 2048, 2049]",291.0
1222,9213,14,38,2023-10-22T20:07:34.286000+00:00,27.088,40.751,33.52,214.0,186.0,False,101.359,"[None, 2048, 2048, 2048, 2048, 2049]","[2048, 2048, 2048, 2048, 2048, 2048, 2048, 2048]","[2048, 2048, 2048, 2048, 2048, 2048]",300.0
1222,9213,18,38,2023-10-22T20:07:42.943000+00:00,27.273,40.961,33.127,205.0,185.0,False,101.361,"[None, 2048, 2048, 2048, 2048, 2048]","[2049, 2049, 2048, 2048, 2048, 2048, 2048, 2048]","[2048, 2048, 2048, 2048, 2048, 2048]",300.0
1222,9213,22,38,2023-10-22T20:07:53.599000+00:00,27.553,41.007,33.272,214.0,177.0,False,101.832,"[None, 2048, 2048, 2048, 2048, 2048]","[2048, 2048, 2048, 2048, 2048, 2048, 2048, 2048]","[2048, 2048, 2048, 2048, 2048, 2048]",290.0
1222,9213,3,38,2023-10-22T20:08:02.708000+00:00,27.597,41.326,33.533,206.0,177.0,False,102.456,"[None, 2048, 2048, 2048, 2049, 2048]","[2048, 2048, 2048, 2048, 2048, 2048, 2048, 2048]","[2048, 2048, 2048, 2049, 2048, 2048]",292.0
1222,9213,23,38,2023-10-22T20:08:07.114000+00:00,27.489,40.606,33.346,,181.0,False,101.441,"[None, 2048, 2048, 2048, 2048, 2048]","[2048, 2049, 2048, 2048, 2048, 2048, 2048, 2048]","[2049, 2048, 2048, 2048, 2049, 2048]",301.0
1222,9213,27,38,2023-10-22T20:08:13.520000+00:00,27.388,40.684,33.103,,182.0,False,101.175,"[None, 2048, 2049, 2048, 2048, 2048]","[2048, 2048, 2048, 2048, 2048, 2048, 2048, 2048]","[2048, 2048, 2048, 2048, 2048, 2049, 2048]",287.0
1222,9213,77,38,2023-10-22T20:08:14.723000+00:00,27.524,41.786,34.294,201.0,176.0,False,103.604,"[2049, 2048, 2048, 2049, 2048, 2048]","[2048, 2048, 2048, 2048, 2048, 2048, 2048, 2048]","[2048, 2048, 2048, 2048, 2048, 2048, 2048]",295.0
1222,9213,2,38,2023-10-22T20:08:15.458000+00:00,27.279,40.519,33.772,208.0,187.0,False,101.57,"[2051, 2051, 2048, 2048, 2049, 2048]","[2048, 2048, 2049, 2048, 2048, 2049, 2048, 2048]","[2048, 2048, 2048, 2048, 2048, 2048]",323.0
1222,9213,24,38,2023-10-22T20:08:21.411000+00:00,27.617,41.077,33.525,211.0,181.0,False,102.219,"[None, 2048, 2048, 2048, 2048, 2048]","[2048, 2048, 2048, 2048, 2048, 2048, 2048, 2048]","[2048, 2048, 2049, 2048, 2048, 2048, 2048]",291.0
1222,9213,20,38,2023-10-22T20:08:26.286000+00:00,27.479,41.278,33.671,,182.0,False,102.428,"[None, 2048, 2048, 2048, 2048, 2048]","[2048, 2048, 2048, 2048, 2048, 2048, 2048, 2048]","[2048, 2048, 2048, 2048, 2048, 2048, 2048]",292.0
1222,9213,44,39,2023-10-22T20:08:43.223000+00:00,47.5,40.235,32.944,214.0,184.0,True,120.679,"[2064, 2064, 2048, 2048, 2048, 2048]","[2048, 2049, 2048, 2048, 2049, 2048, 2048, 2048]","[2048, 2049, 2048, 2048, 2048, 2051, 0]",285.0
1222,9213,16,39,2023-10-22T20:08:55.676000+00:00,28.059,41.039,33.702,207.0,179.0,False,102.8,"[None, 2048, 2048, 2048, 2048, 2048]","[2048, 2048, 2048, 2048, 2048, 2049, 2048, 2048]","[2048, 2048, 2049, 2049, 2048, 2048]",325.0
1222,9213,1,39,2023-10-22T20:08:56.051000+00:00,26.874,40.482,32.768,221.0,180.0,False,100.124,"[None, 2049, 2048, 2048, 2048, 2051]","[2049, 2048, 2048, 2048, 2048, 2048, 2048, 2048]","[2049, 2048, 2049, 2049, 2048, 2048]",288.0
1222,9213,4,39,2023-10-22T20:08:57.488000+00:00,27.063,39.866,33.056,,184.0,False,99.985,"[None, 2048, 2048, 2051, 2048, 2048]","[2048, 2048, 2048, 2048, 2049, 2051, 2049, 2048]","[2048, 2048, 2049, 2048, 2048, 2048]",332.0
1222,9213,55,39,2023-10-22T20:09:05.300000+00:00,27.334,40.496,33.009,210.0,184.0,False,100.839,"[2048, 2048, 2048, 2048, 2048, 2048]","[2048, 2048, 2048, 2048, 2048, 2048, 2048, 2048]","[2048, 2048, 2048, 2048, 2048, 2048, 2048]",299.0
1222,9213,63,39,2023-10-22T20:09:06.597000+00:00,27.226,41.218,33.756,209.0,181.0,False,102.2,"[2049, 2049, 2048, 2048, 2048, 2048]","[2048, 2048, 2048, 2048, 2048, 2048, 2048, 2048]","[2048, 2048, 2048, 2048, 2048, 2064, 2064]",280.0
1222,9213,11,39,2023-10-22T20:09:10.332000+00:00,27.166,40.235,32.48,211.0,180.0,False,99.881,"[2048, 2048, 2049, 2048, 2048, 2048]","[2048, 2048, 2048, 2048, 2048, 2048, 2048, 2049]","[2049, 2049, 2048, 2048, 2051, 2051]",291.0
1222,9213,14,39,2023-10-22T20:09:15.582000+00:00,27.238,40.707,33.474,,185.0,False,101.419,"[None, 2048, 2048, 2048, 2048, 2048]","[2048, 2048, 2048, 2048, 2048, 2048, 2048, 2048]","[2048, 2048, 2048, 2048, 2048, 2048, 2048]",301.0
1222,9213,18,39,2023-10-22T20:09:24.269000+00:00,27.285,40.709,33.282,204.0,183.0,False,101.276,"[None, 2048, 2048, 2048, 2048, 2048]","[2048, 2048, 2048, 2048, 2048, 2048, 2048, 2048]","[2048, 2048, 2048, 2048, 2049, 2049, 2048]",301.0
1222,9213,10,39,2023-10-22T20:09:32.394000+00:00,27.761,40.741,33.432,202.0,181.0,False,101.934,"[2048, 2048, 2048, 2048, 2048, 2048]","[2048, 2048, 2048, 2048, 2048, 2048, 2048, 2048]","[2048, 2048, 2048, 2048, 2048, 2048, 2048]",293.0
1222,9213,22,39,2023-10-22T20:09:35.347000+00:00,27.58,40.922,33.28,212.0,178.0,False,101.782,"[None, 2048, 2048, 2048, 2048, 2048]","[2048, 2048, 2048, 2048, 2049, 2048, 2048, 2048]","[2048, 2048, 2048, 2048, 2048, 2048, 2048]",291.0
1222,9213,3,39,2023-10-22T20:09:45.253000+00:00,27.526,41.197,33.628,211.0,177.0,False,102.351,"[None, 2048, 2048, 2049, 2049, 2048]","[2049, 2048, 2048, 2048, 2048, 2048, 2048, 2048]","[2048, 2048, 2048, 2048, 2048, 2048]",293.0
1222,9213,23,39,2023-10-22T20:09:48.550000+00:00,27.446,40.722,33.564,213.0,181.0,False,101.732,"[None, 2048, 2048, 2049, 2048, 2048]","[2048, 2048, 2048, 2048, 2048, 2048, 2048, 2049]","[2048, 2048, 2049, 2048, 2049, 2048, 2048]",302.0
1222,9213,27,39,2023-10-22T20:09:54.784000+00:00,27.471,40.605,33.078,210.0,183.0,False,101.154,"[None, 2048, 2048, 2048, 2048, 2048]","[2048, 2048, 2048, 2048, 2048, 2048, 2048, 2049]","[2049, 2048, 2049, 2048, 2048, 2048, 2048]",291.0
1222,9213,2,39,2023-10-22T20:09:56.925000+00:00,27.373,40.732,33.392,214.0,184.0,False,101.497,"[2048, 2048, 2048, 2048, 2049, 2049]","[2048, 2048, 2048, 2048, 2048, 2048, 2048, 2048]","[2048, 2048, 2048, 2049, 2049, 2048, 2048]",305.0
1222,9213,77,39,2023-10-22T20:09:58.268000+00:00,27.886,41.016,33.618,204.0,182.0,False,102.52,"[2048, 2048, 2048, 2048, 2048, 2048]","[2048, 2049, 2049, 2048, 2048, 2048, 2048, 2048]","[2048, 2048, 2048, 2048, 2048, 2048, 2048]",291.0
1222,9213,24,39,2023-10-22T20:10:03.596000+00:00,27.682,41.048,33.571,207.0,180.0,False,102.301,"[None, 2048, 2048, 2048, 2048, 2048]","[2048, 2048, 2049, 2048, 2048, 2048, 2048, 2048]","[2048, 2048, 2048, 2049, 2049, 2048, 2048]",289.0
1222,9213,20,39,2023-10-22T20:10:08.737000+00:00,27.582,41.05,33.664,206.0,181.0,False,102.296,"[None, 2048, 2048, 2048, 2048, 2048]","[2048, 2048, 2048, 2048, 2048, 2048, 2048, 2048]","[2048, 2048, 2049, 2048, 2048, 2048]",293.0
1222,9213,1,40,2023-10-22T20:10:36.205000+00:00,26.907,40.396,32.725,222.0,180.0,False,100.028,"[2048, 2048, 2049, 2049, 2048, 2051]","[2049, 2048, 2048, 2048, 2048, 2048, 2048, 2048]","[2048, 2048, 2048, 2048, 2048, 2048, 2048]",290.0
1222,9213,4,40,2023-10-22T20:10:37.455000+00:00,27.057,40.346,33.034,214.0,186.0,False,100.437,"[None, 2048, 2048, 2048, 2048, 2048]","[2048, 2048, 2048, 2048, 2048, 2048, 2048, 2048]","[2048, 2048, 2048, 2048, 2048, 2048, 2048]",296.0
1222,9213,16,40,2023-10-22T20:10:38.455000+00:00,27.339,40.544,33.307,208.0,183.0,False,101.19,"[2049, 2049, 2048, 2051, 2048, 2048]","[2048, 2048, 2049, 2048, 2048, 2048, 2048, 2049]","[2048, 2048, 2048, 2048, 2048, 2048, 2048]",304.0
1222,9213,44,40,2023-10-22T20:10:43.939000+00:00,26.864,40.276,32.758,222.0,185.0,False,99.898,"[2048, 2048, 2051, 2049, 2048, 2049]","[2049, 2048, 2049, 2048, 2049, 2048, 2048, 2048]","[2049, 2049, 2048, 2048, 2049, 2048, 2048]",288.0
1222,9213,55,40,2023-10-22T20:10:46.221000+00:00,27.128,40.51,32.94,215.0,181.0,False,100.578,"[None, 2048, 2048, 2048, 2048, 2049]","[2048, 2048, 2048, 2048, 2048, 2048, 2048, 2048]","[2048, 2048, 2048, 2048, 2049, 2048, 2048]",299.0
1222,9213,63,40,2023-10-22T20:10:48.736000+00:00,47.018,40.219,32.536,218.0,184.0,True,119.773,"[2064, 2064, 2048, 2048, 2048, 2048]","[2048, 2051, 2048, 2049, 2048, 2048, 2048, 2049]","[2051, 2049, 2049, 2048, 2048, 2049, 2051]",281.0
1222,9213,11,40,2023-10-22T20:10:50.127000+00:00,27.064,40.091,32.582,213.0,180.0,False,99.737,"[None, 2048, 2049, 2048, 2048, 2048]","[2049, 2048, 2048, 2048, 2048, 2048, 2048, 2049]","[2048, 2048, 2048, 2048, 2048, 2048]",294.0
1222,9213,14,40,2023-10-22T20:10:57.205000+00:00,27.226,40.683,33.467,210.0,186.0,False,101.376,"[None, 2048, 2048, 2048, 2048, 2048]","[2049, 2048, 2048, 2048, 2048, 2048, 2048, 2049]","[2048, 2048, 2048, 2048, 2048, 2049]",303.0
1222,9213,18,40,2023-10-22T20:11:05.626000+00:00,27.527,40.735,33.669,207.0,183.0,False,101.931,"[None, 2048, 2048, 2048, 2048, 2049]","[2048, 2048, 2048, 2048, 2048, 2048, 2048, 2048]","[2048, 2048, 2048, 2049, 2048, 2064, 2064]",303.0
1222,9213,10,40,2023-10-22T20:11:14.345000+00:00,27.562,40.417,33.155,213.0,181.0,False,101.134,"[None, 2048, 2048, 2048, 2048, 2048]","[2048, 2048, 2048, 2048, 2048, 2048, 2048, 2049]","[2049, 2048, 2048, 2048, 2049, 2048]",296.0
1222,9213,22,40,2023-10-22T20:11:17.126000+00:00,27.566,40.948,32.925,208.0,178.0,False,101.439,"[None, 2048, 2048, 2048, 2048, 2048]","[2048, 2048, 2048, 2048, 2048, 2048, 2048, 2048]","[2048, 2048, 2049, 2051, 2048, 2048, 2048]",295.0
1222,9213,3,40,2023-10-22T20:11:27.517000+00:00,27.461,41.378,33.728,209.0,177.0,False,102.567,"[None, 2048, 2048, 2048, 2048, 2049]","[2048, 2048, 2048, 2048, 2048, 2048, 2048, 2049]","[2048, 2048, 2048, 2048, 2048, 2049, 2048]",295.0
1222,9213,23,40,2023-10-22T20:11:30.267000+00:00,27.372,40.58,33.419,208.0,177.0,False,101.371,"[None, 2048, 2048, 2048, 2048, 2049]","[2048, 2049, 2048, 2048, 2048, 2048, 2048, 2048]","[2048, 2048, 2048, 2048, 2049, 2048]",304.0
1222,9213,27,40,2023-10-22T20:11:35.970000+00:00,27.292,40.373,33.443,211.0,183.0,False,101.108,"[None, 2048, 2048, 2048, 2048, 2049]","[2049, 2049, 2049, 2048, 2048, 2048, 2048, 2048]","[2048, 2048, 2048, 2049, 2048, 2048, 2048]",295.0
1222,9213,2,40,2023-10-22T20:11:38.501000+00:00,27.247,40.64,33.402,216.0,182.0,False,101.289,"[None, 2048, 2048, 2048, 2048, 2049]","[2048, 2048, 2048, 2048, 2048, 2048, 2048, 2048]","[2048, 2048, 2048, 2048, 2048, 2048, 2048]",307.0
1222,9213,77,40,2023-10-22T20:11:40.782000+00:00,27.691,41.252,33.483,,185.0,False,102.426,"[None, 2048, 2048, 2048, 2048, 2048]","[2048, 2048, 2048, 2048, 2048, 2048, 2048, 2049]","[2048, 2048, 2048, 2048, 2049, 2048]",293.0
1222,9213,24,40,2023-10-22T20:11:45.891000+00:00,27.363,41.157,33.565,212.0,177.0,False,102.085,"[None, 2048, 2048, 2048, 2048, 2048]","[2048, 2048, 2048, 2048, 2048, 2048, 2048, 2048]","[2048, 2048, 2048, 2048, 2048, 2049]",292.0
1222,9213,20,40,2023-10-22T20:11:51.048000+00:00,27.456,41.099,33.758,203.0,180.0,False,102.313,"[None, 2048, 2048, 2048, 2048, 2049]","[2048, 2048, 2048, 2048, 2048, 2048, 2048, 2048]","[2048, 2048, 2049, 2048, 2048, 2048]",295.0
1222,9213,1,41,2023-10-22T20:12:16.313000+00:00,27.036,40.284,33.129,220.0,178.0,False,100.449,"[None, 2048, 2048, 2048, 2048, 2048]","[2048, 2048, 2048, 2048, 2049, 2048, 2048, 2048]","[2048, 2048, 2048, 2051, 2048, 2048, 2048]",295.0
1222,9213,4,41,2023-10-22T20:12:18+00:00,27.132,40.33,33.271,219.0,185.0,False,100.733,"[None, 2048, 2048, 2048, 2048, 2048]","[2048, 2048, 2049, 2048, 2048, 2048, 2048, 2048]","[2048, 2048, 2048, 2048, 2048, 2048, 2048]",300.0
1222,9213,16,41,2023-10-22T20:12:19.719000+00:00,27.082,40.665,33.905,213.0,183.0,False,101.652,"[2048, 2048, 2048, 2048, 2048, 2049]","[2048, 2048, 2048, 2048, 2048, 2048, 2048, 2048]","[2048, 2048, 2048, 2048, 2048, 2048, 2048]",309.0
1222,9213,44,41,2023-10-22T20:12:23.813000+00:00,26.956,40.173,32.727,,185.0,False,99.856,"[None, 2048, 2049, 2048, 2048, 2048]","[2049, 2048, 2049, 2048, 2049, 2048, 2048, 2048]","[2049, 2049, 2048, 2048, 2048, 2048, 2048]",291.0
1222,9213,55,41,2023-10-22T20:12:26.859000+00:00,27.167,40.323,33.417,214.0,184.0,False,100.907,"[None, 2048, 2048, 2048, 2048, 2049]","[2048, 2048, 2048, 2048, 2048, 2048, 2048, 2048]","[2048, 2048, 2048, 2048, 2048, 2048]",304.0
1222,9213,11,41,2023-10-22T20:12:29.875000+00:00,27.151,40.383,33.303,,173.0,False,100.837,"[None, 2048, 2048, 2048, 2048, 2048]","[2048, 2048, 2048, 2048, 2048, 2048, 2048, 2048]","[2048, 2048, 2048, 2048, 2048, 2048, 2048]",299.0
1222,9213,14,41,2023-10-22T20:12:38.359000+00:00,27.189,40.693,33.755,218.0,185.0,False,101.637,"[None, 2048, 2048, 2048, 2048, 2049]","[2049, 2048, 2048, 2048, 2048, 2048, 2048, 2048]","[2048, 2048, 2048, 2048, 2048, 2048, 2048]",303.0
1222,9213,18,41,2023-10-22T20:12:47.406000+00:00,46.836,39.939,32.635,212.0,182.0,True,119.41,"[2064, 2064, 2048, 2048, 2048, 2049]","[2049, 2049, 2049, 2049, 2051, 2048, 2048, 2048]","[2049, 2049, 2048, 2048, 2048, 2049, 2048]",302.0
1222,9213,63,41,2023-10-22T20:12:48.562000+00:00,27.022,40.24,32.476,,186.0,False,99.738,"[2048, 2048, 2051, 2048, 2048, 2048]","[2049, 2048, 2048, 2049, 2048, 2048, 2048, 2048]","[2051, 2048, 2049, 2048, 2049, 2049]",286.0
1222,9213,10,41,2023-10-22T20:12:55.468000+00:00,27.417,40.362,33.2,211.0,183.0,False,100.979,"[None, 2048, 2048, 2049, 2048, 2049]","[2049, 2048, 2048, 2048, 2049, 2048, 2048, 2049]","[2048, 2048, 2049, 2049, 2048, 2048]",298.0
1222,9213,22,41,2023-10-22T20:12:58.562000+00:00,27.478,40.882,32.956,213.0,176.0,False,101.316,"[None, 2048, 2048, 2048, 2048, 2048]","[2048, 2048, 2048, 2048, 2048, 2048, 2048, 2048]","[2048, 2048, 2048, 2048, 2048, 2048]",297.0
1222,9213,3,41,2023-10-22T20:13:10.077000+00:00,27.905,41.464,34.026,204.0,178.0,False,103.395,"[None, 2048, 2048, 2048, 2048, 2048]","[2048, 2048, 2048, 2048, 2048, 2048, 2048, 2048]","[2048, 2048, 2048, 2048, 2048, 2048, 2049]",298.0
1222,9213,23,41,2023-10-22T20:13:11.655000+00:00,27.533,40.72,34.114,204.0,181.0,False,102.367,"[None, 2048, 2048, 2048, 2049, 2048]","[2048, 2048, 2048, 2048, 2048, 2048, 2048, 2048]","[2049, 2048, 2048, 2048, 2048, 2048, 2048]",309.0
1222,9213,27,41,2023-10-22T20:13:17.046000+00:00,27.792,40.685,33.559,212.0,183.0,False,102.036,"[None, 2048, 2048, 2048, 2049, 2048]","[2048, 2048, 2048, 2048, 2048, 2048, 2048, 2048]","[2048, 2048, 2048, 2048, 2048, 2048, 2048]",298.0
1222,9213,2,41,2023-10-22T20:13:19.796000+00:00,27.272,40.816,33.344,,184.0,False,101.432,"[None, 2048, 2048, 2048, 2048, 2048]","[2048, 2048, 2048, 2048, 2048, 2048, 2048, 2048]","[2048, 2049, 2048, 2049, 2048, 2048, 2048]",308.0
1222,9213,77,41,2023-10-22T20:13:23.233000+00:00,27.793,40.995,33.554,208.0,180.0,False,102.342,"[None, 2048, 2048, 2048, 2048, 2048]","[2048, 2048, 2048, 2048, 2048, 2048, 2048, 2048]","[2048, 2048, 2048, 2048, 2048, 2048, 2048]",293.0
1222,9213,24,41,2023-10-22T20:13:28.030000+00:00,27.422,40.835,33.901,,179.0,False,102.158,"[None, 2048, 2048, 2048, 2049, 2048]","[2048, 2048, 2049, 2048, 2048, 2048, 2048, 2048]","[2048, 2048, 2048, 2048, 2048, 2048, 2048]",298.0
1222,9213,20,41,2023-10-22T20:13:33.374000+00:00,27.416,40.684,33.406,205.0,181.0,False,101.506,"[None, 2048, 2048, 2048, 2048, 2049]","[2048, 2049, 2049, 2048, 2048, 2048, 2048, 2049]","[2048, 2048, 2048, 2049, 2048, 2048]",298.0
1222,9213,1,42,2023-10-22T20:13:56.764000+00:00,27.153,40.272,32.924,221.0,178.0,False,100.349,"[None, 2048, 2048, 2048, 2048, 2051]","[2048, 2048, 2049, 2048, 2048, 2048, 2048, 2048]","[2048, 2048, 2048, 2051, 2048, 2048, 2048]",298.0
1222,9213,4,42,2023-10-22T20:13:58.686000+00:00,27.097,40.405,33.133,215.0,184.0,False,100.635,"[None, 2048, 2048, 2048, 2049, 2048]","[2049, 2048, 2048, 2048, 2048, 2048, 2048, 2048]","[2048, 2048, 2048, 2048, 2048, 2048, 2048]",299.0
1222,9213,16,42,2023-10-22T20:14:01.389000+00:00,27.231,40.718,33.461,,182.0,False,101.41,"[None, 2048, 2048, 2048, 2048, 2049]","[2048, 2048, 2048, 2048, 2048, 2048, 2048, 2048]","[2048, 2048, 2048, 2049, 2048, 2048, 2048]",306.0
1222,9213,44,42,2023-10-22T20:14:03.686000+00:00,26.9,40.086,32.596,216.0,186.0,False,99.582,"[None, 2048, 2048, 2049, 2048, 2048]","[2048, 2051, 2048, 2048, 2048, 2048, 2048, 2049]","[2049, 2049, 2049, 2049, 2048, 2048]",293.0
1222,9213,55,42,2023-10-22T20:14:07.717000+00:00,27.244,40.291,33.13,216.0,184.0,False,100.665,"[None, 2048, 2048, 2048, 2048, 2049]","[2048, 2048, 2048, 2048, 2048, 2048, 2048, 2048]","[2048, 2048, 2048, 2048, 2048, 2048]",305.0
1222,9213,11,42,2023-10-22T20:14:10.764000+00:00,27.323,40.361,33.079,209.0,180.0,False,100.763,"[None, 2048, 2048, 2048, 2048, 2048]","[2048, 2048, 2049, 2048, 2048, 2048, 2048, 2048]","[2048, 2048, 2048, 2049, 2048, 2048, 2049]",297.0
1222,9213,14,42,2023-10-22T20:14:20.107000+00:00,27.447,40.874,33.982,213.0,186.0,False,102.303,"[None, 2048, 2048, 2048, 2049, 2048]","[2049, 2048, 2048, 2048, 2048, 2048, 2048, 2048]","[2048, 2048, 2048, 2048, 2048, 2064, 2064]",303.0
1222,9213,63,42,2023-10-22T20:14:28.201000+00:00,27.119,40.413,32.584,214.0,186.0,False,100.116,"[None, 2048, 2048, 2049, 2048, 2048]","[2048, 2048, 2048, 2048, 2048, 2048, 2048, 2048]","[2048, 2048, 2048, 2048, 2049, 2048, 2048]",285.0
1222,9213,10,42,2023-10-22T20:14:36.357000+00:00,27.373,40.585,33.151,207.0,180.0,False,101.109,"[None, 2048, 2048, 2049, 2049, 2048]","[2048, 2048, 2048, 2048, 2048, 2048, 2048, 2048]","[2048, 2048, 2049, 2048, 2048, 2048, 2048]",293.0
1222,9213,22,42,2023-10-22T20:14:39.779000+00:00,27.505,41.053,32.987,209.0,175.0,False,101.545,"[None, 2048, 2048, 2048, 2048, 2048]","[2048, 2048, 2048, 2048, 2048, 2048, 2048, 2048]","[2048, 2048, 2049, 2048, 2048, 2048]",291.0
1222,9213,18,42,2023-10-22T20:14:46.951000+00:00,27.402,40.264,32.878,208.0,183.0,False,100.544,"[2048, 2048, 2048, 2048, 2048, 2048]","[2048, 2048, 2049, 2048, 2048, 2048, 2048, 2049]","[2048, 2048, 2048, 2048, 2048, 2049, 2048]",300.0
1222,9213,3,42,2023-10-22T20:14:53.482000+00:00,28.612,41.663,34.119,195.0,177.0,False,104.394,"[None, 2048, 2048, 2048, 2048, 2048]","[2048, 2048, 2049, 2048, 2048, 2048, 2048, 2048]","[2048, 2048, 2048, 2048, 2048, 2048, 2048]",296.0
1222,9213,23,42,2023-10-22T20:14:54.013000+00:00,27.249,40.712,33.612,206.0,181.0,False,101.573,"[2049, 2048, 2048, 2049, 2048, 2048]","[2049, 2048, 2048, 2048, 2048, 2048, 2048, 2048]","[2048, 2048, 2048, 2048, 2048, 2048]",301.0
1222,9213,27,42,2023-10-22T20:14:59.075000+00:00,27.525,40.764,33.447,209.0,184.0,False,101.736,"[None, 2048, 2048, 2049, 2049, 2048]","[2048, 2048, 2048, 2048, 2048, 2048, 2048, 2048]","[2048, 2048, 2048, 2048, 2048, 2048, 2048]",296.0
1222,9213,2,42,2023-10-22T20:15:01.216000+00:00,27.487,40.791,33.387,211.0,183.0,False,101.665,"[None, 2048, 2048, 2048, 2049, 2048]","[2048, 2048, 2048, 2048, 2048, 2048, 2048, 2048]","[2049, 2048, 2048, 2048, 2048, 2048, 2048]",303.0
1222,9213,77,42,2023-10-22T20:15:05.560000+00:00,27.932,41.261,33.492,205.0,185.0,False,102.685,"[None, 2048, 2048, 2048, 2048, 2048]","[2048, 2048, 2048, 2048, 2048, 2048, 2048, 2048]","[2048, 2048, 2048, 2048, 2048, 2048]",286.0
1222,9213,24,42,2023-10-22T20:15:10.138000+00:00,27.489,41.411,33.916,,178.0,False,102.816,"[None, 2048, 2048, 2048, 2049, 2048]","[2048, 2048, 2048, 2048, 2048, 2048, 2048, 2048]","[2048, 2048, 2048, 2048, 2048, 2048]",294.0
1222,9213,20,42,2023-10-22T20:15:14.825000+00:00,27.42,40.917,33.21,208.0,180.0,False,101.547,"[None, 2048, 2048, 2048, 2049, 2048]","[2048, 2048, 2048, 2048, 2048, 2048, 2048, 2048]","[2049, 2048, 2049, 2049, 2048, 2048, 2048]",292.0
1222,9213,1,43,2023-10-22T20:15:37.122000+00:00,27.009,40.468,32.735,,178.0,False,100.212,"[None, 2048, 2048, 2048, 2048, 2048]","[2048, 2048, 2048, 2048, 2048, 2048, 2048, 2048]","[2048, 2048, 2048, 2048, 2049, 2048, 2048]",293.0
1222,9213,4,43,2023-10-22T20:15:39.340000+00:00,27.014,40.574,32.883,217.0,186.0,False,100.471,"[None, 2048, 2048, 2048, 2049, 2049]","[2049, 2048, 2048, 2048, 2048, 2048, 2048, 2048]","[2048, 2048, 2048, 2048, 2051, 2048]",293.0
1222,9213,16,43,2023-10-22T20:15:42.778000+00:00,27.353,41.023,33.774,214.0,182.0,False,102.15,"[None, 2048, 2048, 2048, 2048, 2048]","[2048, 2048, 2048, 2048, 2048, 2048, 2048, 2048]","[2048, 2048, 2048, 2049, 2048, 2048, 2048]",303.0
1222,9213,44,43,2023-10-22T20:15:43.184000+00:00,27.279,40.236,32.743,204.0,182.0,False,100.258,"[2049, 2048, 2048, 2048, 2048, 2048]","[2048, 2048, 2049, 2048, 2048, 2049, 2049, 2048]","[2048, 2048, 2048, 2048, 2049, 2048]",319.0
1222,9213,55,43,2023-10-22T20:15:48.403000+00:00,27.195,40.473,33.056,215.0,182.0,False,100.724,"[None, 2048, 2048, 2048, 2048, 2048]","[2048, 2048, 2048, 2048, 2048, 2048, 2048, 2048]","[2048, 2048, 2048, 2048, 2048, 2048, 2048]",298.0
1222,9213,11,43,2023-10-22T20:15:51.574000+00:00,27.353,40.724,32.969,208.0,180.0,False,101.046,"[None, 2048, 2048, 2048, 2048, 2048]","[2048, 2048, 2048, 2048, 2048, 2048, 2048, 2048]","[2048, 2048, 2048, 2048, 2048, 2048]",295.0
1222,9213,14,43,2023-10-22T20:16:02.356000+00:00,47.997,40.541,32.868,220.0,183.0,True,121.406,"[2064, 2064, 2048, 2048, 2048, 2048]","[2048, 2049, 2048, 2048, 2048, 2048, 2048, 2048]","[2048, 2049, 2049, 2048, 2048, 2049, 2051]",296.0
1222,9213,63,43,2023-10-22T20:16:08.387000+00:00,27.061,40.269,32.596,217.0,184.0,False,99.926,"[None, 2048, 2048, 2048, 2048, 2049]","[2051, 2048, 2049, 2048, 2048, 2048, 2048, 2048]","[2048, 2048, 2049, 2048, 2048, 2048]",283.0
1222,9213,10,43,2023-10-22T20:16:17.574000+00:00,27.487,40.714,33.07,208.0,181.0,False,101.271,"[None, 2048, 2049, 2048, 2048, 2048]","[2048, 2048, 2048, 2048, 2049, 2048, 2048, 2048]","[2049, 2048, 2049, 2048, 2048, 2048]",289.0
1222,9213,22,43,2023-10-22T20:16:21.433000+00:00,27.373,41.078,32.876,215.0,178.0,False,101.327,"[None, 2049, 2049, 2048, 2048, 2048]","[2048, 2048, 2048, 2048, 2048, 2048, 2048, 2048]","[2049, 2048, 2049, 2048, 2048, 2048]",288.0
1222,9213,18,43,2023-10-22T20:16:27.480000+00:00,27.466,40.561,32.756,202.0,183.0,False,100.783,"[None, 2048, 2048, 2048, 2048, 2048]","[2048, 2048, 2051, 2048, 2048, 2048, 2048, 2048]","[2048, 2048, 2048, 2048, 2049, 2049, 2048]",299.0
1222,9213,23,43,2023-10-22T20:16:35.605000+00:00,27.665,40.76,33.777,210.0,179.0,False,102.202,"[2048, 2048, 2048, 2048, 2048, 2049]","[2048, 2048, 2049, 2048, 2048, 2048, 2048, 2048]","[2048, 2048, 2048, 2048, 2048, 2048, 2048]",300.0
1222,9213,3,43,2023-10-22T20:16:37.855000+00:00,27.806,41.597,33.749,200.0,178.0,False,103.152,"[None, 2048, 2048, 2048, 2048, 2048]","[2048, 2048, 2048, 2048, 2048, 2048, 2048, 2048]","[2048, 2048, 2048, 2048, 2048, 2048, 2048]",295.0
1222,9213,27,43,2023-10-22T20:16:40.855000+00:00,27.488,40.871,33.486,212.0,184.0,False,101.845,"[None, 2048, 2048, 2048, 2048, 2048]","[2048, 2048, 2049, 2048, 2048, 2048, 2048, 2048]","[2048, 2048, 2048, 2048, 2048, 2048, 2048]",293.0
1222,9213,2,43,2023-10-22T20:16:42.870000+00:00,27.382,40.825,33.599,214.0,187.0,False,101.806,"[None, 2048, 2048, 2048, 2048, 2048]","[2048, 2048, 2048, 2048, 2048, 2048, 2048, 2048]","[2048, 2048, 2048, 2048, 2048, 2048, 2048]",302.0
1222,9213,77,43,2023-10-22T20:16:48.245000+00:00,27.618,41.173,33.491,,181.0,False,102.282,"[None, 2048, 2048, 2048, 2048, 2048]","[2048, 2048, 2049, 2048, 2048, 2048, 2048, 2048]","[2048, 2048, 2048, 2048, 2048, 2048, 2049]",284.0
1222,9213,24,43,2023-10-22T20:16:53.011000+00:00,27.701,41.394,33.791,,179.0,False,102.886,"[None, 2048, 2048, 2048, 2048, 2048]","[2048, 2048, 2048, 2048, 2048, 2048, 2048, 2048]","[2048, 2048, 2048, 2048, 2048, 2048]",288.0
1222,9213,20,43,2023-10-22T20:16:56.370000+00:00,27.511,41.418,33.58,,177.0,False,102.509,"[None, 2048, 2048, 2048, 2048, 2048]","[2048, 2048, 2048, 2048, 2048, 2048, 2048, 2048]","[2048, 2048, 2048, 2048, 2048, 2048]",290.0
1222,9213,1,44,2023-10-22T20:17:17.292000+00:00,27.067,40.748,32.955,,179.0,False,100.77,"[None, 2048, 2048, 2048, 2048, 2048]","[2048, 2048, 2048, 2048, 2048, 2048, 2048, 2048]","[2048, 2048, 2048, 2051, 2048, 2048, 2048]",290.0
1222,9213,4,44,2023-10-22T20:17:19.792000+00:00,26.999,40.755,32.96,216.0,184.0,False,100.714,"[None, 2048, 2048, 2048, 2048, 2048]","[2048, 2048, 2048, 2048, 2048, 2048, 2048, 2048]","[2048, 2048, 2048, 2049, 2048, 2048, 2048]",292.0
1222,9213,44,44,2023-10-22T20:17:23.479000+00:00,26.941,40.722,32.782,220.0,183.0,False,100.445,"[2048, 2048, 2048, 2048, 2048, 2048]","[2048, 2048, 2048, 2048, 2048, 2048, 2048, 2048]","[2048, 2048, 2048, 2048, 2048, 2048, 2048]",285.0
1222,9213,16,44,2023-10-22T20:17:24.932000+00:00,26.952,41.122,33.348,211.0,183.0,False,101.422,"[None, 2048, 2048, 2048, 2048, 2048]","[2048, 2048, 2048, 2048, 2048, 2048, 2048, 2048]","[2048, 2048, 2048, 2048, 2048, 2048, 2048]",298.0
1222,9213,55,44,2023-10-22T20:17:29.104000+00:00,27.181,40.524,33.18,218.0,183.0,False,100.885,"[None, 2048, 2048, 2048, 2048, 2048]","[2048, 2048, 2048, 2048, 2048, 2048, 2048, 2048]","[2048, 2048, 2048, 2048, 2048, 2048, 2048]",296.0
1222,9213,11,44,2023-10-22T20:17:32.604000+00:00,27.43,40.677,33.17,210.0,180.0,False,101.277,"[None, 2048, 2048, 2048, 2048, 2048]","[2048, 2048, 2048, 2048, 2048, 2048, 2048, 2048]","[2048, 2048, 2048, 2048, 2048, 2048]",294.0
1222,9213,63,44,2023-10-22T20:17:48.213000+00:00,26.919,40.542,32.348,219.0,184.0,False,99.809,"[None, 2048, 2048, 2049, 2048, 2049]","[2048, 2048, 2049, 2048, 2048, 2048, 2048, 2048]","[2048, 2048, 2049, 2049, 2049, 2049, 2048]",283.0
1222,9213,10,44,2023-10-22T20:17:58.744000+00:00,27.43,40.768,33.165,,180.0,False,101.363,"[None, 2048, 2048, 2048, 2048, 2048]","[2048, 2048, 2048, 2048, 2048, 2048, 2048, 2048]","[2048, 2048, 2048, 2048, 2048, 2048]",292.0
1222,9213,22,44,2023-10-22T20:18:02.666000+00:00,27.242,41.124,34.286,213.0,176.0,False,102.652,"[None, 2048, 2049, 2049, 2048, 2048]","[2048, 2048, 2048, 2048, 2048, 2048, 2048, 2048]","[2048, 2048, 2048, 2048, 2048, 2048]",289.0
1222,9213,14,44,2023-10-22T20:18:03.853000+00:00,26.861,40.243,33.735,211.0,181.0,False,100.839,"[2048, 2048, 2048, 2049, 2048, 2048]","[2048, 2048, 2048, 2048, 2051, 2048, 2048, 2048]","[2048, 2048, 2048, 2048, 2048, 2048]",320.0
1222,9213,18,44,2023-10-22T20:18:08.291000+00:00,27.095,40.407,32.757,207.0,181.0,False,100.259,"[None, 2048, 2048, 2049, 2048, 2048]","[2048, 2048, 2051, 2048, 2048, 2048, 2048, 2049]","[2048, 2048, 2048, 2048, 2048, 2049, 2048]",302.0
1222,9213,23,44,2023-10-22T20:18:17.791000+00:00,27.587,40.776,33.494,212.0,177.0,False,101.857,"[None, 2048, 2048, 2048, 2048, 2048]","[2049, 2048, 2048, 2048, 2048, 2048, 2048, 2048]","[2048, 2048, 2049, 2048, 2048, 2048, 2048]",301.0
1222,9213,3,44,2023-10-22T20:18:21.009000+00:00,27.711,41.903,33.876,206.0,175.0,False,103.49,"[None, 2048, 2048, 2048, 2048, 2048]","[2048, 2048, 2048, 2048, 2048, 2048, 2048, 2048]","[2048, 2048, 2048, 2048, 2048, 2048]",297.0
1222,9213,27,44,2023-10-22T20:18:22.681000+00:00,27.435,41.105,33.872,208.0,180.0,False,102.412,"[None, 2048, 2048, 2048, 2048, 2048]","[2048, 2048, 2048, 2048, 2048, 2048, 2048, 2048]","[2048, 2048, 2048, 2048, 2048, 2048, 2048]",295.0
1222,9213,2,44,2023-10-22T20:18:24.681000+00:00,27.27,40.865,33.439,215.0,184.0,False,101.574,"[None, 2048, 2048, 2048, 2048, 2048]","[2048, 2048, 2048, 2048, 2048, 2048, 2048, 2048]","[2048, 2048, 2048, 2048, 2048, 2048, 2048]",304.0
1222,9213,77,44,2023-10-22T20:18:30.572000+00:00,27.609,41.18,33.522,207.0,184.0,False,102.311,"[None, 2048, 2048, 2048, 2048, 2049]","[2048, 2048, 2048, 2048, 2048, 2048, 2048, 2048]","[2048, 2048, 2048, 2048, 2048, 2048, 2048]",287.0
1222,9213,24,44,2023-10-22T20:18:35.884000+00:00,27.552,41.348,34.031,,178.0,False,102.931,"[None, 2048, 2048, 2048, 2048, 2048]","[2048, 2048, 2048, 2048, 2048, 2048, 2048, 2048]","[2048, 2048, 2048, 2048, 2048, 2048, 2048]",288.0
1222,9213,20,44,2023-10-22T20:18:38.900000+00:00,27.405,41.37,33.518,211.0,181.0,False,102.293,"[None, 2048, 2048, 2048, 2049, 2048]","[2048, 2048, 2048, 2048, 2048, 2048, 2048, 2048]","[2048, 2048, 2048, 2048, 2048, 2048, 2048]",296.0
1222,9213,1,45,2023-10-22T20:18:58.071000+00:00,26.856,40.566,32.823,223.0,178.0,False,100.245,"[None, 2048, 2048, 2049, 2049, 2051]","[2048, 2048, 2049, 2048, 2048, 2048, 2048, 2048]","[2048, 2048, 2048, 2048, 2049, 2048, 2048]",290.0
1222,9213,4,45,2023-10-22T20:19:00.477000+00:00,26.939,40.702,32.975,218.0,184.0,False,100.616,"[None, 2048, 2048, 2048, 2049, 2049]","[2048, 2048, 2049, 2048, 2048, 2048, 2048, 2048]","[2048, 2048, 2048, 2048, 2048, 2048, 2048]",295.0
1222,9213,44,45,2023-10-22T20:19:03.962000+00:00,27.024,40.579,32.674,222.0,185.0,False,100.277,"[None, 2048, 2048, 2048, 2049, 2048]","[2048, 2048, 2048, 2048, 2048, 2048, 2048, 2048]","[2048, 2048, 2049, 2048, 2048, 2048, 2048]",290.0
1222,9213,16,45,2023-10-22T20:19:06.399000+00:00,27.181,40.799,33.325,214.0,183.0,False,101.305,"[None, 2048, 2048, 2048, 2049, 2048]","[2048, 2048, 2049, 2048, 2048, 2048, 2048, 2048]","[2048, 2048, 2048, 2048, 2048, 2048]",300.0
1222,9213,55,45,2023-10-22T20:19:09.977000+00:00,27.039,40.59,33.087,215.0,181.0,False,100.716,"[None, 2048, 2048, 2048, 2049, 2049]","[2048, 2048, 2048, 2048, 2048, 2048, 2048, 2048]","[2048, 2048, 2048, 2048, 2048, 2048, 2048]",298.0
1222,9213,11,45,2023-10-22T20:19:13.868000+00:00,27.341,40.498,32.845,211.0,179.0,False,100.684,"[None, 2048, 2048, 2049, 2048, 2048]","[2048, 2048, 2048, 2048, 2048, 2048, 2048, 2048]","[2048, 2048, 2048, 2048, 2048, 2048]",295.0
1222,9213,63,45,2023-10-22T20:19:28.180000+00:00,27.243,40.213,32.389,218.0,185.0,False,99.845,"[None, 2048, 2048, 2048, 2048, 2049]","[2048, 2048, 2049, 2048, 2048, 2048, 2048, 2048]","[2048, 2048, 2048, 2049, 2048, 2048, 2048]",283.0
1222,9213,10,45,2023-10-22T20:19:40.195000+00:00,27.301,40.564,32.83,206.0,180.0,False,100.695,"[None, 2048, 2048, 2048, 2049, 2048]","[2048, 2048, 2049, 2048, 2048, 2048, 2048, 2048]","[2049, 2048, 2048, 2049, 2049, 2048, 2048]",292.0
1222,9213,14,45,2023-10-22T20:19:44.586000+00:00,27.023,40.276,33.077,218.0,186.0,False,100.376,"[None, 2048, 2048, 2048, 2048, 2048]","[2048, 2048, 2048, 2049, 2048, 2048, 2048, 2048]","[2048, 2048, 2048, 2048, 2048, 2049, 2048]",301.0
1222,9213,22,45,2023-10-22T20:19:45.414000+00:00,27.352,40.95,33.09,210.0,177.0,False,101.392,"[2049, 2049, 2048, 2049, 2048, 2048]","[2048, 2048, 2049, 2048, 2048, 2048, 2048, 2048]","[2048, 2048, 2048, 2048, 2048, 2048, 2048]",301.0
1222,9213,18,45,2023-10-22T20:19:48.508000+00:00,27.055,40.322,32.661,,184.0,False,100.038,"[None, 2048, 2048, 2049, 2049, 2048]","[2048, 2048, 2048, 2048, 2048, 2048, 2048, 2048]","[2048, 2048, 2048, 2049, 2048, 2049, 2048]",304.0
1222,9213,23,45,2023-10-22T20:19:59.648000+00:00,27.41,40.596,33.511,,182.0,False,101.517,"[None, 2048, 2048, 2048, 2048, 2049]","[2049, 2048, 2048, 2048, 2048, 2048, 2048, 2048]","[2048, 2048, 2048, 2048, 2048, 2048]",301.0
1222,9213,3,45,2023-10-22T20:20:04.539000+00:00,28.438,41.924,34.429,198.0,178.0,False,104.791,"[None, 2048, 2048, 2048, 2048, 2048]","[2048, 2048, 2048, 2048, 2048, 2048, 2048, 2048]","[2048, 2048, 2048, 2048, 2048, 2048, 2048]",300.0
1222,9213,27,45,2023-10-22T20:20:05.054000+00:00,26.972,40.569,33.384,213.0,184.0,False,100.925,"[2049, 2049, 2048, 2048, 2048, 2049]","[2049, 2048, 2048, 2048, 2048, 2048, 2048, 2048]","[2048, 2048, 2048, 2048, 2048, 2049]",294.0
1222,9213,2,45,2023-10-22T20:20:06.304000+00:00,27.447,40.955,33.567,210.0,181.0,False,101.969,"[None, 2048, 2048, 2048, 2048, 2048]","[2048, 2048, 2048, 2048, 2048, 2048, 2048, 2048]","[2048, 2048, 2048, 2048, 2048, 2048]",326.0
1222,9213,77,45,2023-10-22T20:20:12.851000+00:00,27.668,41.381,33.49,208.0,184.0,False,102.539,"[None, 2048, 2048, 2048, 2048, 2048]","[2048, 2048, 2048, 2048, 2048, 2048, 2048, 2048]","[2048, 2048, 2048, 2049, 2048, 2049, 2048]",285.0
1222,9213,24,45,2023-10-22T20:20:18.789000+00:00,27.511,41.289,33.65,205.0,181.0,False,102.45,"[None, 2048, 2048, 2048, 2048, 2048]","[2048, 2048, 2048, 2048, 2048, 2048, 2048, 2048]","[2048, 2048, 2048, 2048, 2048, 2048, 2048]",290.0
1222,9213,20,45,2023-10-22T20:20:21.163000+00:00,27.477,41.34,33.56,,182.0,False,102.377,"[None, 2048, 2048, 2048, 2048, 2048]","[2048, 2048, 2048, 2048, 2048, 2048, 2048, 2048]","[2048, 2048, 2048, 2048, 2048, 2048, 2048]",291.0
1222,9213,1,46,2023-10-22T20:20:38.319000+00:00,27.175,40.548,32.865,218.0,180.0,False,100.588,"[None, 2048, 2048, 2048, 2048, 2048]","[2048, 2048, 2048, 2048, 2049, 2048, 2048, 2048]","[2048, 2048, 2049, 2048, 2048, 2049, 2048]",288.0
1222,9213,4,46,2023-10-22T20:20:41.101000+00:00,27.159,40.862,33.086,215.0,184.0,False,101.107,"[None, 2048, 2048, 2049, 2049, 2048]","[2048, 2048, 2048, 2048, 2048, 2048, 2048, 2048]","[2048, 2048, 2048, 2048, 2048, 2048]",292.0
1222,9213,44,46,2023-10-22T20:20:44.226000+00:00,27.158,40.442,32.664,,187.0,False,100.264,"[None, 2048, 2048, 2048, 2049, 2048]","[2048, 2048, 2048, 2048, 2048, 2048, 2048, 2048]","[2048, 2048, 2048, 2048, 2048, 2048, 2048]",287.0
1222,9213,16,46,2023-10-22T20:20:47.663000+00:00,27.06,40.776,33.412,213.0,182.0,False,101.248,"[None, 2048, 2048, 2048, 2051, 2048]","[2048, 2048, 2048, 2048, 2049, 2048, 2048, 2048]","[2048, 2048, 2048, 2048, 2048, 2048, 2048]",297.0
1222,9213,55,46,2023-10-22T20:20:50.710000+00:00,27.091,40.512,33.017,216.0,184.0,False,100.62,"[None, 2048, 2048, 2049, 2049, 2048]","[2048, 2048, 2048, 2048, 2048, 2048, 2048, 2048]","[2048, 2048, 2048, 2048, 2048, 2048, 2048]",299.0
1222,9213,11,46,2023-10-22T20:20:54.569000+00:00,27.175,40.54,33.012,210.0,181.0,False,100.727,"[None, 2048, 2048, 2048, 2048, 2048]","[2048, 2048, 2048, 2048, 2048, 2048, 2048, 2048]","[2048, 2048, 2048, 2048, 2048, 2048, 2048]",295.0
1222,9213,63,46,2023-10-22T20:21:07.991000+00:00,26.933,40.509,32.545,217.0,186.0,False,99.987,"[None, 2048, 2048, 2049, 2049, 2048]","[2051, 2048, 2048, 2048, 2048, 2048, 2048, 2048]","[2048, 2048, 2048, 2049, 2048, 2048, 2048]",282.0
1222,9213,10,46,2023-10-22T20:21:20.959000+00:00,27.444,40.368,33.212,210.0,183.0,False,101.024,"[None, 2048, 2048, 2048, 2048, 2048]","[2048, 2048, 2048, 2048, 2048, 2048, 2048, 2049]","[2048, 2048, 2048, 2048, 2048, 2048, 2048]",291.0
1222,9213,14,46,2023-10-22T20:21:25.006000+00:00,27.232,40.35,32.861,217.0,188.0,False,100.443,"[None, 2048, 2048, 2048, 2048, 2048]","[2048, 2048, 2048, 2048, 2048, 2048, 2048, 2049]","[2049, 2049, 2048, 2048, 2048, 2049, 2048]",301.0
1222,9213,22,46,2023-10-22T20:21:26.787000+00:00,27.21,40.973,32.867,217.0,179.0,False,101.05,"[2048, 2048, 2048, 2048, 2049, 2048]","[2048, 2048, 2048, 2048, 2048, 2048, 2048, 2048]","[2048, 2048, 2048, 2049, 2048, 2048, 2048]",296.0
1222,9213,18,46,2023-10-22T20:21:28.553000+00:00,27.024,40.744,32.582,,184.0,False,100.35,"[None, 2048, 2048, 2049, 2049, 2048]","[2048, 2048, 2048, 2048, 2048, 2048, 2048, 2048]","[2049, 2048, 2048, 2049, 2049, 2048]",302.0
1222,9213,23,46,2023-10-22T20:21:41.178000+00:00,27.429,40.759,33.576,211.0,181.0,False,101.764,"[None, 2048, 2048, 2048, 2048, 2048]","[2049, 2048, 2048, 2048, 2048, 2048, 2048, 2048]","[2048, 2048, 2048, 2048, 2048, 2048, 2048]",299.0
1222,9213,27,46,2023-10-22T20:21:45.974000+00:00,27.531,40.921,33.412,210.0,183.0,False,101.864,"[2048, 2048, 2048, 2048, 2048, 2048]","[2048, 2048, 2048, 2048, 2048, 2048, 2048, 2048]","[2048, 2048, 2048, 2048, 2048, 2048, 2048]",290.0
1222,9213,2,46,2023-10-22T20:21:48.146000+00:00,27.334,41.014,33.688,213.0,186.0,False,102.036,"[None, 2048, 2048, 2048, 2049, 2048]","[2048, 2048, 2048, 2048, 2048, 2048, 2048, 2048]","[2048, 2048, 2048, 2048, 2048, 2048, 2048]",302.0
1222,9213,3,46,2023-10-22T20:21:49.318000+00:00,27.609,41.748,34.072,202.0,178.0,False,103.429,"[None, 2048, 2048, 2048, 2048, 2048]","[2048, 2048, 2048, 2048, 2048, 2048, 2048, 2048]","[2048, 2048, 2048, 2048, 2048, 2048, 2048]",294.0
1222,9213,77,46,2023-10-22T20:21:55.381000+00:00,27.73,41.131,33.534,207.0,185.0,False,102.395,"[None, 2048, 2048, 2049, 2048, 2048]","[2048, 2048, 2048, 2048, 2048, 2048, 2048, 2048]","[2048, 2048, 2048, 2048, 2048, 2048, 2048]",285.0
1222,9213,24,46,2023-10-22T20:22:01.240000+00:00,27.518,40.983,33.612,203.0,182.0,False,102.113,"[None, 2048, 2048, 2048, 2049, 2048]","[2048, 2048, 2048, 2048, 2048, 2048, 2048, 2049]","[2048, 2048, 2048, 2048, 2048, 2048, 2048]",288.0
1222,9213,20,46,2023-10-22T20:22:03.537000+00:00,27.427,41.227,33.507,,183.0,False,102.161,"[None, 2048, 2048, 2048, 2048, 2048]","[2048, 2048, 2048, 2048, 2048, 2048, 2048, 2048]","[2048, 2048, 2048, 2048, 2048, 2048, 2048]",290.0
1222,9213,1,47,2023-10-22T20:22:18.911000+00:00,26.972,40.508,32.83,217.0,181.0,False,100.31,"[None, 2048, 2048, 2048, 2049, 2048]","[2048, 2048, 2048, 2048, 2049, 2048, 2048, 2048]","[2048, 2048, 2048, 2048, 2048, 2048, 2048]",290.0
1222,9213,4,47,2023-10-22T20:22:22.224000+00:00,27.068,40.997,33.101,,184.0,False,101.166,"[None, 2048, 2048, 2048, 2048, 2048]","[2048, 2048, 2048, 2048, 2048, 2048, 2048, 2048]","[2048, 2048, 2048, 2048, 2048, 2048]",291.0
1222,9213,44,47,2023-10-22T20:22:24.521000+00:00,26.895,40.46,32.617,221.0,186.0,False,99.972,"[None, 2048, 2048, 2048, 2049, 2048]","[2049, 2048, 2048, 2048, 2048, 2048, 2048, 2048]","[2048, 2048, 2048, 2048, 2048, 2048, 2048]",279.0
1222,9213,16,47,2023-10-22T20:22:28.927000+00:00,27.123,40.667,33.385,215.0,185.0,False,101.175,"[None, 2048, 2048, 2048, 2051, 2048]","[2049, 2048, 2048, 2048, 2048, 2048, 2048, 2048]","[2048, 2048, 2048, 2048, 2048, 2048]",299.0
1222,9213,55,47,2023-10-22T20:22:31.333000+00:00,27.17,40.35,33.133,212.0,184.0,False,100.653,"[None, 2048, 2048, 2049, 2049, 2048]","[2048, 2048, 2048, 2048, 2048, 2048, 2048, 2048]","[2048, 2048, 2048, 2048, 2048, 2048, 2048]",297.0
1222,9213,11,47,2023-10-22T20:22:35.270000+00:00,27.219,40.693,32.847,,177.0,False,100.759,"[None, 2048, 2048, 2049, 2048, 2048]","[2048, 2048, 2048, 2048, 2048, 2048, 2048, 2048]","[2048, 2049, 2048, 2048, 2048, 2048, 2048]",294.0
1222,9213,63,47,2023-10-22T20:22:47.942000+00:00,26.977,40.464,32.469,,185.0,False,99.91,"[None, 2048, 2048, 2049, 2048, 2049]","[2051, 2048, 2048, 2048, 2048, 2048, 2048, 2048]","[2048, 2048, 2048, 2048, 2049, 2048]",282.0
1222,9213,10,47,2023-10-22T20:23:01.973000+00:00,27.283,40.318,32.811,212.0,183.0,False,100.412,"[None, 2048, 2048, 2048, 2048, 2049]","[2049, 2048, 2048, 2048, 2048, 2048, 2048, 2048]","[2048, 2049, 2048, 2049, 2049, 2049, 2048]",293.0
1222,9213,14,47,2023-10-22T20:23:05.489000+00:00,26.964,39.989,33.001,218.0,187.0,False,99.954,"[None, 2048, 2049, 2049, 2048, 2048]","[2048, 2051, 2051, 2048, 2048, 2048, 2048, 2048]","[2048, 2049, 2048, 2048, 2048, 2048, 2048]",301.0
1222,9213,22,47,2023-10-22T20:23:07.832000+00:00,27.216,41.075,33.663,,173.0,False,101.954,"[None, 2048, 2048, 2048, 2048, 2049]","[2048, 2048, 2048, 2048, 2048, 2048, 2048, 2048]","[2048, 2048, 2048, 2048, 2048, 2048]",298.0
1222,9213,18,47,2023-10-22T20:23:08.957000+00:00,27.022,40.145,32.804,,182.0,False,99.971,"[None, 2048, 2048, 2051, 2048, 2048]","[2048, 2048, 2049, 2048, 2048, 2048, 2048, 2048]","[2048, 2048, 2048, 2049, 2048, 2048, 2048]",293.0
1222,9213,23,47,2023-10-22T20:23:22.926000+00:00,27.508,40.655,33.512,210.0,182.0,False,101.675,"[None, 2048, 2048, 2048, 2048, 2049]","[2048, 2048, 2048, 2048, 2048, 2048, 2048, 2048]","[2048, 2048, 2048, 2048, 2048, 2048, 2048]",300.0
1222,9213,27,47,2023-10-22T20:23:27.863000+00:00,27.471,40.848,33.6,209.0,181.0,False,101.919,"[None, 2048, 2048, 2048, 2048, 2048]","[2048, 2048, 2048, 2048, 2048, 2048, 2048, 2048]","[2048, 2048, 2048, 2048, 2048, 2048, 2048]",291.0
1222,9213,2,47,2023-10-22T20:23:30.285000+00:00,27.568,40.89,33.639,209.0,185.0,False,102.097,"[None, 2048, 2048, 2048, 2048, 2048]","[2048, 2048, 2048, 2048, 2048, 2048, 2048, 2048]","[2048, 2048, 2048, 2048, 2048, 2048]",303.0
1222,9213,3,47,2023-10-22T20:23:32.707000+00:00,27.868,41.813,34.248,197.0,179.0,False,103.929,"[None, 2048, 2048, 2049, 2048, 2048]","[2048, 2048, 2048, 2048, 2048, 2048, 2048, 2048]","[2048, 2048, 2048, 2048, 2048, 2064, 2064]",291.0
1222,9213,77,47,2023-10-22T20:23:37.816000+00:00,27.708,41.162,33.576,203.0,184.0,False,102.446,"[None, 2048, 2048, 2049, 2048, 2048]","[2048, 2048, 2048, 2048, 2048, 2048, 2048, 2048]","[2048, 2048, 2048, 2049, 2048, 2048, 2048]",288.0
1222,9213,24,47,2023-10-22T20:23:43.363000+00:00,27.511,41.23,33.762,212.0,181.0,False,102.503,"[None, 2048, 2048, 2048, 2048, 2048]","[2048, 2048, 2048, 2048, 2048, 2048, 2048, 2048]","[2048, 2048, 2048, 2048, 2048, 2048, 2048]",288.0
1222,9213,20,47,2023-10-22T20:23:45.722000+00:00,27.44,41.278,33.563,206.0,181.0,False,102.281,"[None, 2048, 2048, 2048, 2048, 2048]","[2048, 2048, 2048, 2048, 2048, 2048, 2048, 2048]","[2048, 2048, 2048, 2048, 2048, 2048, 2048]",291.0
1222,9213,1,48,2023-10-22T20:23:59.238000+00:00,26.999,40.614,32.716,219.0,181.0,False,100.329,"[None, 2048, 2048, 2048, 2048, 2048]","[2048, 2048, 2048, 2048, 2048, 2048, 2048, 2048]","[2048, 2048, 2048, 2048, 2049, 2048]",290.0
1222,9213,4,48,2023-10-22T20:24:03.425000+00:00,27.12,40.62,33.482,216.0,182.0,False,101.222,"[None, 2048, 2048, 2049, 2048, 2048]","[2048, 2048, 2048, 2048, 2048, 2048, 2048, 2048]","[2048, 2048, 2048, 2048, 2048, 2048, 2048]",300.0
1222,9213,44,48,2023-10-22T20:24:04.456000+00:00,26.987,40.001,33.585,219.0,184.0,False,100.573,"[None, 2048, 2048, 2049, 2049, 2048]","[2048, 2048, 2049, 2048, 2048, 2048, 2048, 2048]","[2048, 2048, 2048, 2048, 2048, 2048, 2051]",302.0
1222,9213,16,48,2023-10-22T20:24:10.113000+00:00,27.235,40.699,33.316,211.0,185.0,False,101.25,"[None, 2048, 2048, 2048, 2051, 2048]","[2049, 2048, 2048, 2048, 2048, 2048, 2048, 2048]","[2048, 2048, 2048, 2048, 2048, 2048, 2048]",301.0
1222,9213,55,48,2023-10-22T20:24:11.988000+00:00,27.22,40.515,33.137,209.0,184.0,False,100.872,"[None, 2048, 2048, 2048, 2048, 2048]","[2048, 2048, 2048, 2048, 2048, 2048, 2048, 2048]","[2048, 2048, 2048, 2048, 2048, 2048, 2048]",298.0
1222,9213,11,48,2023-10-22T20:24:16.066000+00:00,27.103,40.497,32.928,211.0,181.0,False,100.528,"[None, 2048, 2048, 2049, 2048, 2048]","[2049, 2048, 2048, 2048, 2048, 2048, 2048, 2048]","[2048, 2048, 2048, 2049, 2048, 2048]",296.0
1222,9213,63,48,2023-10-22T20:24:27.862000+00:00,26.897,40.277,32.219,223.0,185.0,False,99.393,"[None, 2048, 2048, 2048, 2049, 2051]","[2051, 2048, 2048, 2048, 2048, 2048, 2048, 2048]","[2051, 2049, 2048, 2048, 2049, 2048]",283.0
1222,9213,10,48,2023-10-22T20:24:42.346000+00:00,27.29,40.299,33.079,211.0,183.0,False,100.668,"[None, 2048, 2048, 2049, 2048, 2048]","[2048, 2048, 2049, 2048, 2048, 2048, 2048, 2048]","[2048, 2048, 2048, 2048, 2048, 2048, 2048]",293.0
1222,9213,14,48,2023-10-22T20:24:45.440000+00:00,27.706,45.117,35.295,208.0,182.0,False,108.118,"[None, 2048, 2048, 2048, 2048, 2048]","[2048, 2048, 2048, 2048, 2048, 2048, 2048, 2048]","[2048, 2048, 2048, 2048, 2048, 2048, 2048]",303.0
1222,9213,18,48,2023-10-22T20:24:48.862000+00:00,27.109,40.017,32.782,214.0,182.0,False,99.908,"[None, 2048, 2048, 2048, 2048, 2048]","[2048, 2048, 2049, 2048, 2048, 2048, 2048, 2049]","[2048, 2048, 2048, 2048, 2049, 2048]",319.0
1222,9213,22,48,2023-10-22T20:24:49.815000+00:00,27.282,41.338,34.02,212.0,180.0,False,102.64,"[None, 2048, 2048, 2048, 2048, 2048]","[2048, 2048, 2048, 2048, 2049, 2048, 2048, 2048]","[2048, 2048, 2048, 2048, 2048, 2048]",295.0
1222,9213,23,48,2023-10-22T20:25:04.612000+00:00,27.415,40.573,33.33,211.0,182.0,False,101.318,"[None, 2048, 2048, 2049, 2048, 2049]","[2048, 2048, 2048, 2048, 2048, 2048, 2048, 2048]","[2048, 2048, 2048, 2048, 2048, 2048]",301.0
1222,9213,27,48,2023-10-22T20:25:09.768000+00:00,27.508,40.841,33.305,207.0,183.0,False,101.654,"[None, 2048, 2048, 2048, 2049, 2048]","[2048, 2048, 2048, 2048, 2048, 2048, 2048, 2048]","[2048, 2048, 2048, 2048, 2048, 2048]",296.0
1222,9213,2,48,2023-10-22T20:25:12.408000+00:00,27.445,41.012,33.496,212.0,186.0,False,101.953,"[None, 2048, 2048, 2048, 2048, 2048]","[2048, 2048, 2048, 2048, 2048, 2048, 2048, 2048]","[2048, 2048, 2048, 2048, 2048, 2048]",304.0
1222,9213,3,48,2023-10-22T20:25:16.643000+00:00,52.137,41.471,32.863,205.0,181.0,True,126.471,"[2064, 2064, 2048, 2048, 2048, 2048]","[2048, 2048, 2048, 2048, 2048, 2048, 2048, 2048]","[2049, 2049, 2049, 2049, 2048, 2049, 2048]",296.0
1222,9213,77,48,2023-10-22T20:25:20.205000+00:00,27.61,41.082,33.536,204.0,185.0,False,102.228,"[None, 2048, 2048, 2049, 2048, 2048]","[2048, 2048, 2048, 2048, 2048, 2048, 2048, 2049]","[2048, 2048, 2048, 2048, 2048, 2048]",288.0
1222,9213,24,48,2023-10-22T20:25:25.846000+00:00,27.525,41.01,33.571,,183.0,False,102.106,"[None, 2048, 2048, 2048, 2048, 2048]","[2048, 2048, 2048, 2048, 2048, 2048, 2048, 2049]","[2048, 2048, 2048, 2049, 2048, 2048]",291.0
1222,9213,20,48,2023-10-22T20:25:28.049000+00:00,27.294,41.1,33.537,213.0,182.0,False,101.931,"[None, 2048, 2048, 2048, 2049, 2049]","[2049, 2048, 2048, 2048, 2048, 2048, 2048, 2048]","[2048, 2048, 2048, 2048, 2048, 2048]",293.0
1222,9213,1,49,2023-10-22T20:25:39.548000+00:00,27.127,40.459,32.832,222.0,180.0,False,100.418,"[None, 2048, 2048, 2049, 2049, 2049]","[2048, 2048, 2049, 2048, 2048, 2048, 2048, 2048]","[2048, 2048, 2048, 2048, 2048, 2048, 2048]",292.0
1222,9213,4,49,2023-10-22T20:25:44.673000+00:00,28.434,41.09,33.224,202.0,183.0,False,102.748,"[None, 2048, 2048, 2048, 2048, 2048]","[2048, 2048, 2048, 2048, 2048, 2048, 2048, 2048]","[2048, 2048, 2048, 2048, 2048, 2048, 2048]",302.0
1222,9213,44,49,2023-10-22T20:25:45.064000+00:00,27.174,40.365,32.588,222.0,185.0,False,100.127,"[2049, 2048, 2048, 2048, 2048, 2048]","[2049, 2051, 2049, 2048, 2048, 2048, 2048, 2048]","[2049, 2048, 2048, 2049, 2048, 2048]",290.0
1222,9213,16,49,2023-10-22T20:25:51.345000+00:00,27.079,40.778,33.543,217.0,184.0,False,101.4,"[None, 2048, 2048, 2048, 2048, 2049]","[2048, 2048, 2049, 2048, 2048, 2048, 2048, 2048]","[2048, 2048, 2048, 2048, 2048, 2048, 2048]",301.0
1222,9213,55,49,2023-10-22T20:25:52.876000+00:00,27.008,40.508,33.063,215.0,183.0,False,100.579,"[None, 2048, 2048, 2049, 2049, 2049]","[2048, 2048, 2048, 2048, 2048, 2048, 2048, 2048]","[2048, 2048, 2048, 2051, 2048, 2048, 2048]",305.0
1222,9213,11,49,2023-10-22T20:25:56.564000+00:00,27.041,40.501,32.777,213.0,182.0,False,100.319,"[None, 2048, 2048, 2048, 2048, 2049]","[2048, 2048, 2048, 2048, 2048, 2048, 2048, 2048]","[2048, 2048, 2048, 2048, 2048, 2048]",297.0
1222,9213,63,49,2023-10-22T20:26:07.329000+00:00,26.951,40.155,32.567,224.0,185.0,False,99.673,"[None, 2048, 2048, 2048, 2049, 2048]","[2051, 2048, 2048, 2048, 2048, 2048, 2048, 2049]","[2048, 2048, 2048, 2048, 2048, 2048]",285.0
1222,9213,10,49,2023-10-22T20:26:23.048000+00:00,27.18,40.491,32.97,212.0,183.0,False,100.641,"[None, 2048, 2048, 2048, 2048, 2048]","[2048, 2048, 2048, 2048, 2048, 2048, 2048, 2048]","[2048, 2048, 2048, 2049, 2048, 2048]",295.0
1222,9213,18,49,2023-10-22T20:26:28.860000+00:00,27.03,40.407,32.739,209.0,185.0,False,100.176,"[None, 2048, 2048, 2048, 2048, 2048]","[2048, 2048, 2048, 2048, 2048, 2048, 2048, 2048]","[2048, 2048, 2048, 2048, 2049, 2048]",302.0
1222,9213,22,49,2023-10-22T20:26:32.469000+00:00,27.183,40.861,32.865,214.0,178.0,False,100.909,"[None, 2048, 2048, 2049, 2048, 2048]","[2048, 2049, 2049, 2048, 2048, 2048, 2048, 2048]","[2049, 2048, 2048, 2048, 2048, 2048, 2048]",294.0
1222,9213,14,49,2023-10-22T20:26:33.610000+00:00,28.283,42.4,35.845,201.0,182.0,False,106.528,"[None, 2048, 2048, 2048, 2048, 2048]","[2048, 2048, 2048, 2048, 2048, 2048, 2048, 2048]","[2048, 2048, 2048, 2048, 2048, 2064, 2064]",283.0
1222,9213,23,49,2023-10-22T20:26:45.922000+00:00,27.325,40.967,33.304,,181.0,False,101.596,"[None, 2048, 2048, 2048, 2048, 2049]","[2048, 2048, 2049, 2048, 2048, 2048, 2048, 2048]","[2048, 2048, 2049, 2048, 2048, 2048, 2048]",301.0
1222,9213,27,49,2023-10-22T20:26:51.422000+00:00,27.548,40.808,33.258,208.0,183.0,False,101.614,"[None, 2048, 2048, 2048, 2048, 2048]","[2048, 2048, 2048, 2048, 2048, 2048, 2048, 2048]","[2048, 2048, 2048, 2049, 2049, 2048, 2048]",295.0
1222,9213,2,49,2023-10-22T20:26:54.313000+00:00,27.321,40.903,33.331,213.0,185.0,False,101.555,"[None, 2048, 2048, 2049, 2048, 2048]","[2048, 2048, 2048, 2048, 2048, 2048, 2048, 2048]","[2048, 2048, 2048, 2049, 2048, 2048, 2048]",303.0
1222,9213,77,49,2023-10-22T20:27:02.391000+00:00,27.742,41.109,33.318,205.0,183.0,False,102.169,"[None, 2048, 2048, 2048, 2048, 2048]","[2048, 2048, 2048, 2048, 2048, 2048, 2048, 2048]","[2048, 2048, 2048, 2049, 2049, 2048, 2048]",287.0
1222,9213,24,49,2023-10-22T20:27:07.859000+00:00,27.45,40.858,33.743,209.0,180.0,False,102.051,"[None, 2048, 2048, 2048, 2048, 2048]","[2048, 2048, 2048, 2048, 2048, 2048, 2048, 2048]","[2048, 2048, 2048, 2048, 2048, 2048, 2048]",289.0
1222,9213,20,49,2023-10-22T20:27:09.828000+00:00,27.19,41.12,33.422,212.0,181.0,False,101.732,"[None, 2048, 2048, 2048, 2048, 2048]","[2048, 2048, 2048, 2048, 2048, 2048, 2048, 2048]","[2048, 2048, 2048, 2049, 2049, 2048, 2048]",293.0
1222,9213,1,50,2023-10-22T20:27:19.969000+00:00,26.959,40.455,32.795,,181.0,False,100.209,"[None, 2048, 2048, 2048, 2048, 2048]","[2048, 2048, 2048, 2048, 2048, 2048, 2048, 2048]","[2048, 2048, 2048, 2048, 2049, 2048, 2048]",294.0
1222,9213,3,49,2023-10-22T20:27:23.140000+00:00,26.978,40.228,32.16,218.0,184.0,False,99.366,"[2048, 2048, 2049, 2049, 2049, 2049]","[2049, 2049, 2048, 2049, 2049, 2048, 2048, 2049]","[2049, 2049, 2049, 2049, 2049, 2049]",299.0
1222,9213,44,50,2023-10-22T20:27:25.062000+00:00,26.819,40.325,32.757,223.0,186.0,False,99.901,"[2048, 2048, 2048, 2048, 2048, 2049]","[2048, 2048, 2048, 2048, 2048, 2048, 2048, 2048]","[2048, 2048, 2049, 2048, 2048, 2048, 2048]",291.0
1222,9213,4,50,2023-10-22T20:27:27.359000+00:00,27.183,40.82,33.172,214.0,183.0,False,101.175,"[None, 2048, 2048, 2048, 2048, 2048]","[2048, 2048, 2048, 2048, 2048, 2048, 2048, 2048]","[2048, 2048, 2048, 2048, 2048, 2048, 2048]",293.0
1222,9213,16,50,2023-10-22T20:27:32.765000+00:00,27.17,41.105,33.81,213.0,183.0,False,102.085,"[None, 2048, 2048, 2048, 2048, 2048]","[2049, 2048, 2049, 2048, 2048, 2048, 2048, 2048]","[2048, 2048, 2049, 2048, 2048, 2048]",300.0
1222,9213,55,50,2023-10-22T20:27:33.453000+00:00,27.085,40.181,33.057,208.0,181.0,False,100.323,"[None, 2048, 2048, 2048, 2048, 2048]","[2048, 2048, 2049, 2048, 2048, 2049, 2049, 2048]","[2048, 2048, 2048, 2048, 2048, 2048]",329.0
1222,9213,11,50,2023-10-22T20:27:36.875000+00:00,27.034,40.335,32.76,212.0,180.0,False,100.129,"[None, 2048, 2048, 2048, 2048, 2048]","[2048, 2048, 2049, 2048, 2048, 2048, 2048, 2048]","[2048, 2048, 2049, 2051, 2048, 2048, 2048]",299.0
1222,9213,63,50,2023-10-22T20:27:46.937000+00:00,26.839,40.247,32.59,223.0,185.0,False,99.676,"[None, 2048, 2048, 2048, 2048, 2048]","[2051, 2048, 2048, 2048, 2048, 2048, 2048, 2048]","[2048, 2048, 2048, 2048, 2048, 2048, 2048]",286.0
1222,9213,10,50,2023-10-22T20:28:03.624000+00:00,27.355,40.37,32.988,211.0,180.0,False,100.713,"[None, 2048, 2048, 2048, 2048, 2048]","[2048, 2048, 2048, 2048, 2048, 2048, 2048, 2048]","[2049, 2048, 2048, 2048, 2048, 2048, 2048]",295.0
1222,9213,18,50,2023-10-22T20:28:08.968000+00:00,26.911,40.314,32.759,211.0,185.0,False,99.984,"[None, 2048, 2048, 2048, 2048, 2048]","[2048, 2048, 2048, 2048, 2048, 2048, 2048, 2048]","[2048, 2048, 2048, 2049, 2048, 2048]",303.0
1222,9213,22,50,2023-10-22T20:28:13.421000+00:00,27.087,40.669,32.876,215.0,177.0,False,100.632,"[None, 2048, 2049, 2048, 2048, 2048]","[2049, 2048, 2048, 2048, 2048, 2048, 2048, 2048]","[2049, 2048, 2048, 2048, 2048, 2048, 2048]",294.0
1222,9213,14,50,2023-10-22T20:28:20.030000+00:00,,,,,,False,,,,,
1222,9213,23,50,2023-10-22T20:28:27.546000+00:00,27.222,40.637,33.527,,183.0,False,101.386,"[None, 2048, 2048, 2048, 2049, 2049]","[2049, 2048, 2048, 2048, 2048, 2048, 2048, 2048]","[2048, 2048, 2048, 2048, 2048, 2048]",303.0
1222,9213,27,50,2023-10-22T20:28:33.108000+00:00,27.468,41.222,33.772,206.0,181.0,False,102.462,"[None, 2048, 2048, 2048, 2048, 2048]","[2048, 2048, 2048, 2048, 2048, 2048, 2048, 2048]","[2048, 2048, 2048, 2048, 2048, 2048, 2048]",295.0
1222,9213,2,50,2023-10-22T20:28:35.936000+00:00,27.186,40.82,33.62,211.0,186.0,False,101.626,"[None, 2048, 2048, 2048, 2048, 2048]","[2048, 2048, 2049, 2048, 2048, 2048, 2048, 2048]","[2048, 2048, 2048, 2048, 2048, 2048, 2048]",305.0
1222,9213,77,50,2023-10-22T20:28:44.608000+00:00,27.443,41.087,33.55,208.0,184.0,False,102.08,"[None, 2048, 2048, 2048, 2048, 2048]","[2048, 2048, 2048, 2048, 2048, 2048, 2048, 2048]","[2048, 2048, 2048, 2048, 2048, 2048, 2048]",290.0
1222,9213,24,50,2023-10-22T20:28:49.998000+00:00,27.386,40.945,33.596,208.0,180.0,False,101.927,"[None, 2048, 2048, 2048, 2048, 2048]","[2048, 2048, 2048, 2048, 2048, 2048, 2048, 2048]","[2048, 2048, 2048, 2049, 2048, 2048, 2048]",293.0
1222,9213,20,50,2023-10-22T20:28:51.686000+00:00,27.217,41.097,33.302,213.0,181.0,False,101.616,"[None, 2048, 2048, 2048, 2048, 2049]","[2048, 2048, 2048, 2048, 2048, 2048, 2048, 2048]","[2048, 2048, 2048, 2049, 2049, 2048, 2048]",296.0
1222,9213,1,51,2023-10-22T20:29:00.186000+00:00,26.759,40.384,32.956,225.0,177.0,False,100.099,"[None, 2048, 2048, 2048, 2048, 2049]","[2049, 2048, 2048, 2048, 2048, 2048, 2048, 2048]","[2048, 2048, 2048, 2049, 2048, 2048]",295.0
1222,9213,3,50,2023-10-22T20:29:02.467000+00:00,27.018,40.582,33.058,214.0,178.0,False,100.658,"[None, 2048, 2049, 2048, 2048, 2048]","[2048, 2049, 2049, 2048, 2048, 2048, 2048, 2048]","[2048, 2048, 2048, 2048, 2048, 2048, 2048]",292.0
1222,9213,44,51,2023-10-22T20:29:05.061000+00:00,26.85,40.321,32.648,224.0,187.0,False,99.819,"[None, 2048, 2048, 2048, 2048, 2048]","[2048, 2051, 2048, 2048, 2048, 2048, 2048, 2048]","[2048, 2048, 2048, 2049, 2048, 2048, 2048]",292.0
1222,9213,4,51,2023-10-22T20:29:08.685000+00:00,27.075,40.663,33.1,215.0,181.0,False,100.838,"[None, 2048, 2048, 2048, 2048, 2048]","[2048, 2048, 2048, 2048, 2048, 2048, 2048, 2048]","[2048, 2048, 2049, 2048, 2048, 2048, 2048]",291.0
1222,9213,55,51,2023-10-22T20:29:13.701000+00:00,26.955,40.22,32.859,214.0,184.0,False,100.034,"[None, 2048, 2048, 2048, 2048, 2048]","[2049, 2049, 2049, 2048, 2048, 2048, 2048, 2048]","[2048, 2048, 2049, 2048, 2048, 2048, 2048]",300.0
1222,9213,16,51,2023-10-22T20:29:14.826000+00:00,26.914,40.813,33.337,,181.0,False,101.064,"[2049, 2049, 2048, 2048, 2048, 2048]","[2048, 2048, 2048, 2048, 2048, 2048, 2048, 2048]","[2048, 2048, 2049, 2048, 2048, 2048, 2048]",304.0
1222,9213,11,51,2023-10-22T20:29:16.998000+00:00,26.893,40.45,32.925,211.0,180.0,False,100.268,"[None, 2048, 2048, 2048, 2048, 2048]","[2049, 2048, 2048, 2048, 2048, 2048, 2048, 2048]","[2048, 2048, 2048, 2048, 2048, 2048, 2048]",300.0
1222,9213,63,51,2023-10-22T20:29:26.623000+00:00,26.919,40.07,32.588,221.0,185.0,False,99.577,"[None, 2048, 2048, 2048, 2048, 2048]","[2048, 2048, 2049, 2048, 2048, 2048, 2048, 2048]","[2048, 2048, 2048, 2049, 2048, 2048, 2048]",288.0
1222,9213,10,51,2023-10-22T20:29:44.372000+00:00,27.134,40.721,33.313,213.0,180.0,False,101.168,"[None, 2048, 2048, 2049, 2048, 2048]","[2048, 2048, 2049, 2048, 2048, 2048, 2048, 2048]","[2048, 2048, 2048, 2048, 2048, 2048]",294.0
1222,9213,18,51,2023-10-22T20:29:48.935000+00:00,26.993,40.508,32.723,213.0,185.0,False,100.224,"[None, 2048, 2048, 2048, 2048, 2048]","[2049, 2048, 2048, 2048, 2048, 2048, 2048, 2048]","[2048, 2048, 2051, 2049, 2048, 2048, 2048]",303.0
1222,9213,22,51,2023-10-22T20:29:54.028000+00:00,27.019,40.75,32.834,216.0,175.0,False,100.603,"[None, 2048, 2049, 2048, 2048, 2049]","[2049, 2048, 2048, 2048, 2048, 2048, 2048, 2048]","[2049, 2048, 2049, 2049, 2048, 2048]",293.0
1222,9213,23,51,2023-10-22T20:30:08.825000+00:00,27.414,40.553,34.093,213.0,182.0,False,102.06,"[None, 2048, 2048, 2048, 2048, 2048]","[2049, 2048, 2049, 2048, 2048, 2048, 2048, 2048]","[2048, 2048, 2048, 2048, 2048, 2048]",303.0
1222,9213,27,51,2023-10-22T20:30:15.575000+00:00,27.567,41.152,34.15,208.0,179.0,False,102.869,"[None, 2048, 2048, 2048, 2048, 2048]","[2048, 2048, 2048, 2048, 2048, 2048, 2048, 2048]","[2048, 2048, 2048, 2048, 2048, 2048, 2048]",297.0
1222,9213,2,51,2023-10-22T20:30:17.544000+00:00,27.235,40.96,33.721,212.0,185.0,False,101.916,"[None, 2048, 2048, 2048, 2048, 2048]","[2048, 2048, 2048, 2048, 2048, 2048, 2048, 2048]","[2048, 2048, 2049, 2048, 2048, 2048, 2048]",305.0
1222,9213,77,51,2023-10-22T20:30:26.715000+00:00,27.525,41.295,33.488,210.0,184.0,False,102.308,"[None, 2048, 2048, 2048, 2048, 2048]","[2048, 2048, 2048, 2048, 2048, 2048, 2048, 2048]","[2048, 2048, 2048, 2049, 2048, 2048, 2048]",293.0
1222,9213,24,51,2023-10-22T20:30:31.887000+00:00,27.169,41.065,33.645,217.0,183.0,False,101.879,"[None, 2048, 2048, 2048, 2048, 2049]","[2049, 2048, 2049, 2048, 2048, 2048, 2048, 2048]","[2048, 2048, 2048, 2049, 2048, 2048, 2048]",293.0
1222,9213,20,51,2023-10-22T20:30:33.184000+00:00,27.157,41.243,33.808,,181.0,False,102.208,"[None, 2048, 2048, 2048, 2048, 2049]","[2048, 2048, 2048, 2048, 2049, 2048, 2048, 2048]","[2048, 2048, 2048, 2048, 2048, 2048]",295.0
1222,9213,1,52,2023-10-22T20:30:40.278000+00:00,26.792,40.39,33.153,221.0,176.0,False,100.335,"[None, 2048, 2048, 2048, 2048, 2048]","[2048, 2048, 2048, 2048, 2048, 2048, 2048, 2048]","[2048, 2048, 2048, 2048, 2048, 2048, 2048]",295.0
1222,9213,3,51,2023-10-22T20:30:43.153000+00:00,26.938,40.299,32.965,216.0,174.0,False,100.202,"[None, 2048, 2049, 2048, 2048, 2048]","[2049, 2048, 2048, 2048, 2049, 2048, 2048, 2048]","[2048, 2048, 2048, 2048, 2048, 2048, 2048]",292.0
1222,9213,44,52,2023-10-22T20:30:44.887000+00:00,26.913,40.461,32.869,,182.0,False,100.243,"[None, 2048, 2048, 2048, 2048, 2049]","[2048, 2048, 2048, 2048, 2048, 2048, 2048, 2048]","[2048, 2048, 2048, 2051, 2048, 2048, 2048]",291.0
1222,9213,4,52,2023-10-22T20:30:49.356000+00:00,26.993,40.569,33.442,217.0,184.0,False,101.004,"[None, 2048, 2048, 2048, 2048, 2048]","[2048, 2048, 2048, 2048, 2048, 2048, 2048, 2048]","[2048, 2048, 2048, 2049, 2048, 2048, 2048]",294.0
1222,9213,55,52,2023-10-22T20:30:53.793000+00:00,26.946,40.439,33.208,219.0,182.0,False,100.593,"[None, 2048, 2048, 2048, 2048, 2049]","[2049, 2048, 2049, 2048, 2049, 2048, 2048, 2048]","[2048, 2048, 2048, 2048, 2048, 2048, 2048]",299.0
1222,9213,16,52,2023-10-22T20:30:55.918000+00:00,27.025,41.106,34.059,216.0,182.0,False,102.19,"[2048, 2048, 2048, 2048, 2048, 2048]","[2048, 2048, 2048, 2048, 2049, 2048, 2048, 2048]","[2048, 2048, 2048, 2048, 2048, 2048, 2048]",303.0
1222,9213,11,52,2023-10-22T20:30:57.340000+00:00,26.854,40.28,33.973,215.0,180.0,False,101.107,"[None, 2048, 2048, 2048, 2048, 2049]","[2049, 2048, 2048, 2048, 2048, 2048, 2048, 2048]","[2048, 2048, 2048, 2048, 2048, 2048]",316.0
1222,9213,63,52,2023-10-22T20:31:06.199000+00:00,27.003,40.411,33.107,223.0,185.0,False,100.521,"[None, 2048, 2048, 2048, 2048, 2048]","[2048, 2048, 2048, 2048, 2049, 2048, 2048, 2048]","[2048, 2048, 2048, 2048, 2048, 2048, 2048]",287.0
1222,9213,10,52,2023-10-22T20:31:25.511000+00:00,27.311,40.313,33.499,212.0,181.0,False,101.123,"[None, 2048, 2048, 2048, 2048, 2048]","[2048, 2048, 2049, 2048, 2049, 2048, 2048, 2048]","[2048, 2048, 2048, 2048, 2048, 2048, 2048]",297.0
1222,9213,18,52,2023-10-22T20:31:29.183000+00:00,26.981,40.438,33.111,,184.0,False,100.53,"[None, 2048, 2048, 2048, 2048, 2049]","[2049, 2048, 2048, 2048, 2048, 2048, 2048, 2048]","[2048, 2048, 2048, 2049, 2048, 2048]",305.0
1222,9213,22,52,2023-10-22T20:31:34.605000+00:00,27.042,40.786,32.867,217.0,176.0,False,100.695,"[None, 2048, 2049, 2048, 2048, 2049]","[2049, 2049, 2048, 2048, 2048, 2048, 2048, 2048]","[2049, 2048, 2048, 2051, 2048, 2048, 2048]",292.0
1222,9213,23,52,2023-10-22T20:31:50.964000+00:00,27.624,41.181,34.104,205.0,180.0,False,102.909,"[None, 2048, 2048, 2048, 2048, 2048]","[2048, 2048, 2048, 2048, 2048, 2048, 2048, 2048]","[2048, 2048, 2048, 2048, 2048, 2048, 2048]",304.0
1222,9213,27,52,2023-10-22T20:31:58.386000+00:00,27.705,41.645,34.49,205.0,189.0,False,103.84,"[None, 2048, 2048, 2048, 2048, 2048]","[2048, 2048, 2048, 2048, 2048, 2048, 2048, 2048]","[2048, 2048, 2048, 2048, 2048, 2048]",296.0
1222,9213,2,52,2023-10-22T20:31:59.417000+00:00,27.262,40.919,33.767,214.0,184.0,False,101.948,"[None, 2048, 2048, 2049, 2048, 2048]","[2048, 2048, 2048, 2048, 2048, 2048, 2048, 2048]","[2048, 2048, 2048, 2048, 2048, 2048, 2048]",329.0
1222,9213,77,52,2023-10-22T20:32:09.026000+00:00,27.643,41.117,33.298,203.0,185.0,False,102.058,"[None, 2048, 2048, 2048, 2048, 2048]","[2049, 2048, 2048, 2048, 2048, 2048, 2048, 2048]","[2048, 2048, 2048, 2049, 2048, 2048, 2048]",291.0
1222,9213,24,52,2023-10-22T20:32:13.792000+00:00,27.485,40.873,33.8,210.0,182.0,False,102.158,"[None, 2048, 2048, 2048, 2048, 2048]","[2048, 2048, 2048, 2048, 2048, 2048, 2048, 2048]","[2048, 2048, 2048, 2048, 2048, 2048, 2048]",294.0
1222,9213,20,52,2023-10-22T20:32:15.479000+00:00,27.182,41.325,33.632,209.0,180.0,False,102.139,"[None, 2048, 2048, 2048, 2048, 2048]","[2049, 2048, 2048, 2048, 2048, 2048, 2048, 2048]","[2048, 2048, 2048, 2048, 2048, 2048, 2048]",299.0
1222,9213,1,53,2023-10-22T20:32:20.604000+00:00,26.943,40.436,33.257,223.0,181.0,False,100.636,"[None, 2048, 2048, 2048, 2048, 2048]","[2048, 2048, 2048, 2048, 2048, 2048, 2048, 2048]","[2048, 2048, 2048, 2049, 2048, 2048, 2048]",296.0
1222,9213,3,52,2023-10-22T20:32:23.401000+00:00,27.145,40.359,35.732,217.0,178.0,False,103.236,"[None, 2048, 2048, 2048, 2048, 2049]","[2048, 2048, 2048, 2048, 2048, 2048, 2048, 2048]","[2048, 2048, 2048, 2048, 2048, 2048]",293.0
1222,9213,44,53,2023-10-22T20:32:25.135000+00:00,26.85,40.257,32.63,220.0,185.0,False,99.737,"[None, 2048, 2048, 2048, 2048, 2048]","[2048, 2048, 2049, 2048, 2048, 2048, 2048, 2048]","[2048, 2048, 2048, 2048, 2048, 2048, 2048]",294.0
1222,9213,4,53,2023-10-22T20:32:30.369000+00:00,26.921,40.599,33.162,219.0,184.0,False,100.682,"[None, 2048, 2048, 2048, 2048, 2049]","[2048, 2048, 2048, 2048, 2048, 2048, 2048, 2048]","[2048, 2048, 2048, 2051, 2048, 2048, 2048]",296.0
1222,9213,55,53,2023-10-22T20:32:34.385000+00:00,27.054,40.409,33.1,214.0,185.0,False,100.563,"[None, 2048, 2048, 2048, 2048, 2048]","[2048, 2048, 2048, 2048, 2048, 2048, 2048, 2048]","[2048, 2048, 2048, 2048, 2048, 2048, 2048]",300.0
1222,9213,16,53,2023-10-22T20:32:38.072000+00:00,27.905,40.887,33.864,215.0,183.0,False,102.656,"[None, 2048, 2048, 2048, 2048, 2048]","[2048, 2048, 2048, 2048, 2048, 2048, 2048, 2048]","[2048, 2048, 2048, 2048, 2048, 2048, 2048]",307.0
1222,9213,11,53,2023-10-22T20:32:38.416000+00:00,26.768,40.496,33.116,,180.0,False,100.38,"[2049, 2049, 2048, 2049, 2048, 2048]","[2049, 2048, 2048, 2048, 2048, 2048, 2048, 2048]","[2048, 2048, 2048, 2048, 2048, 2048, 2048]",299.0
1222,9213,63,53,2023-10-22T20:32:46.713000+00:00,26.842,40.407,32.93,225.0,184.0,False,100.179,"[None, 2048, 2048, 2048, 2048, 2051]","[2048, 2048, 2048, 2048, 2048, 2048, 2048, 2048]","[2048, 2048, 2048, 2048, 2048, 2048, 2048]",286.0
1222,9213,10,53,2023-10-22T20:33:06.650000+00:00,27.297,40.612,33.206,208.0,182.0,False,101.115,"[None, 2048, 2048, 2048, 2048, 2048]","[2048, 2048, 2048, 2048, 2048, 2048, 2048, 2048]","[2048, 2048, 2048, 2048, 2048, 2048, 2048]",295.0
1222,9213,18,53,2023-10-22T20:33:09.697000+00:00,26.99,40.438,32.944,211.0,184.0,False,100.372,"[None, 2048, 2048, 2048, 2048, 2049]","[2048, 2048, 2048, 2048, 2048, 2048, 2048, 2048]","[2048, 2048, 2048, 2048, 2049, 2048, 2048]",304.0
1222,9213,22,53,2023-10-22T20:33:15.290000+00:00,27.004,40.692,32.866,219.0,174.0,False,100.562,"[None, 2048, 2049, 2048, 2048, 2049]","[2049, 2049, 2048, 2048, 2048, 2048, 2048, 2048]","[2048, 2048, 2048, 2048, 2049, 2048]",291.0
1222,9213,23,53,2023-10-22T20:33:33.899000+00:00,27.516,40.945,34.022,209.0,181.0,False,102.483,"[None, 2048, 2048, 2048, 2048, 2048]","[2048, 2048, 2048, 2048, 2048, 2048, 2048, 2048]","[2048, 2048, 2048, 2048, 2048, 2048, 2048]",302.0
1222,9213,2,53,2023-10-22T20:33:41.274000+00:00,27.632,41.461,33.915,211.0,183.0,False,103.008,"[None, 2048, 2048, 2048, 2048, 2048]","[2048, 2048, 2048, 2048, 2048, 2048, 2048, 2048]","[2048, 2048, 2048, 2048, 2048, 2048, 2048]",304.0
1222,9213,27,53,2023-10-22T20:33:42.227000+00:00,27.484,41.202,34.183,206.0,179.0,False,102.869,"[None, 2048, 2048, 2048, 2048, 2048]","[2048, 2048, 2048, 2048, 2048, 2049, 2048, 2048]","[2048, 2048, 2048, 2048, 2048, 2048, 2048]",300.0
1222,9213,77,53,2023-10-22T20:33:51.040000+00:00,27.682,41.0,33.474,206.0,184.0,False,102.156,"[None, 2048, 2048, 2048, 2048, 2048]","[2048, 2048, 2048, 2048, 2048, 2048, 2048, 2048]","[2048, 2048, 2048, 2048, 2048, 2048, 2048]",290.0
1222,9213,24,53,2023-10-22T20:33:55.962000+00:00,27.487,41.205,33.801,211.0,182.0,False,102.493,"[None, 2048, 2048, 2048, 2048, 2048]","[2048, 2048, 2048, 2048, 2048, 2048, 2048, 2048]","[2048, 2048, 2048, 2048, 2048, 2048]",292.0
1222,9213,20,53,2023-10-22T20:33:57.633000+00:00,,41.31,33.903,213.0,183.0,False,102.395,"[None, 2048, 2048, 2048, 2049, 2048]","[2048, 2048, 2048, 2048, 2048, 2048, 2048, 2048]","[2048, 2048, 2048, 2048, 2048, 2048]",299.0
1222,9213,1,54,2023-10-22T20:34:01.258000+00:00,26.947,40.629,33.053,221.0,180.0,False,100.629,"[None, 2048, 2048, 2049, 2048, 2048]","[2048, 2048, 2048, 2048, 2048, 2048, 2048, 2048]","[2048, 2048, 2048, 2049, 2048, 2048, 2048]",296.0
1222,9213,44,54,2023-10-22T20:34:04.915000+00:00,26.956,40.183,32.73,225.0,185.0,False,99.869,"[None, 2048, 2048, 2048, 2049, 2048]","[2049, 2051, 2048, 2048, 2048, 2048, 2048, 2048]","[2048, 2048, 2048, 2049, 2049, 2048, 2048]",301.0
1222,9213,3,53,2023-10-22T20:34:06.618000+00:00,27.472,40.847,33.258,210.0,179.0,False,101.577,"[None, 2048, 2048, 2048, 2048, 2048]","[2048, 2048, 2048, 2048, 2048, 2048, 2048, 2048]","[2048, 2048, 2048, 2048, 2048, 2048, 2048]",294.0
1222,9213,4,54,2023-10-22T20:34:11.055000+00:00,27.189,40.404,33.311,220.0,185.0,False,100.904,"[None, 2048, 2048, 2048, 2048, 2048]","[2049, 2048, 2048, 2048, 2048, 2048, 2048, 2048]","[2048, 2048, 2048, 2048, 2048, 2048, 2048]",298.0
1222,9213,55,54,2023-10-22T20:34:14.946000+00:00,27.215,40.4,33.262,217.0,185.0,False,100.877,"[None, 2048, 2048, 2048, 2048, 2048]","[2048, 2049, 2048, 2048, 2048, 2048, 2048, 2048]","[2048, 2048, 2048, 2048, 2048, 2048, 2048]",305.0
1222,9213,11,54,2023-10-22T20:34:18.852000+00:00,27.298,40.338,33.32,212.0,180.0,False,100.956,"[2048, 2048, 2048, 2048, 2048, 2048]","[2048, 2048, 2048, 2048, 2048, 2048, 2048, 2048]","[2048, 2048, 2048, 2048, 2048, 2048, 2048]",301.0
1222,9213,16,54,2023-10-22T20:34:20.742000+00:00,27.197,40.867,33.818,217.0,183.0,False,101.882,"[None, 2048, 2048, 2048, 2048, 2048]","[2048, 2048, 2048, 2048, 2048, 2048, 2048, 2048]","[2048, 2048, 2048, 2049, 2048, 2048, 2048]",307.0
1222,9213,63,54,2023-10-22T20:34:26.930000+00:00,27.026,40.258,32.891,,185.0,False,100.175,"[None, 2048, 2048, 2048, 2048, 2048]","[2048, 2048, 2048, 2048, 2048, 2048, 2048, 2048]","[2048, 2048, 2048, 2048, 2048, 2048, 2048]",289.0
1222,9213,10,54,2023-10-22T20:34:47.820000+00:00,27.302,40.491,33.17,210.0,183.0,False,100.963,"[None, 2048, 2048, 2048, 2048, 2049]","[2048, 2048, 2048, 2048, 2048, 2048, 2048, 2048]","[2048, 2048, 2048, 2049, 2048, 2048, 2048]",301.0
1222,9213,18,54,2023-10-22T20:34:50.070000+00:00,27.056,40.507,33.073,213.0,182.0,False,100.636,"[None, 2048, 2048, 2048, 2048, 2049]","[2049, 2048, 2048, 2048, 2048, 2048, 2048, 2048]","[2048, 2048, 2048, 2048, 2048, 2048]",307.0
1222,9213,22,54,2023-10-22T20:34:55.851000+00:00,27.163,40.648,33.488,,177.0,False,101.299,"[None, 2048, 2048, 2048, 2048, 2048]","[2048, 2048, 2048, 2048, 2048, 2048, 2048, 2049]","[2048, 2048, 2048, 2048, 2048, 2064, 2064]",298.0
1222,9213,23,54,2023-10-22T20:35:16.335000+00:00,27.686,40.786,34.29,,179.0,False,102.762,"[None, 2048, 2048, 2048, 2048, 2048]","[2048, 2048, 2048, 2048, 2048, 2048, 2048, 2048]","[2048, 2048, 2048, 2048, 2048, 2048, 2048]",306.0
1222,9213,2,54,2023-10-22T20:35:24.366000+00:00,27.331,40.881,33.611,,186.0,False,101.823,"[None, 2048, 2048, 2048, 2048, 2048]","[2048, 2048, 2048, 2048, 2048, 2048, 2048, 2048]","[2048, 2048, 2048, 2048, 2048, 2048, 2048]",308.0
1222,9213,27,54,2023-10-22T20:35:25.069000+00:00,27.345,41.144,34.161,205.0,181.0,False,102.65,"[None, 2048, 2048, 2049, 2048, 2048]","[2048, 2048, 2048, 2048, 2048, 2048, 2048, 2048]","[2048, 2048, 2048, 2048, 2048, 2048, 2048]",319.0
1222,9213,77,54,2023-10-22T20:35:33.210000+00:00,27.573,40.753,33.646,,186.0,False,101.972,"[None, 2048, 2048, 2048, 2049, 2048]","[2048, 2048, 2048, 2048, 2048, 2048, 2048, 2049]","[2048, 2048, 2048, 2049, 2049, 2048]",296.0
1222,9213,24,54,2023-10-22T20:35:38.475000+00:00,27.478,40.887,34.076,216.0,180.0,False,102.441,"[None, 2048, 2048, 2048, 2048, 2048]","[2048, 2048, 2048, 2048, 2048, 2048, 2048, 2048]","[2048, 2048, 2048, 2048, 2048, 2048, 2048]",296.0
1222,9213,20,54,2023-10-22T20:35:40.007000+00:00,27.37,45.642,34.401,,170.0,False,107.413,"[None, 2048, 2048, 2048, 2048, 2049]","[2048, 2048, 2048, 2048, 2048, 2048, 2048, 2048]","[2048, 2048, 2048, 2048, 2048, 2048, 2048]",175.0
1222,9213,1,55,2023-10-22T20:35:41.882000+00:00,27.034,40.635,33.329,220.0,179.0,False,100.998,"[None, 2048, 2048, 2048, 2048, 2048]","[2048, 2048, 2048, 2048, 2048, 2048, 2048, 2048]","[2048, 2048, 2048, 2048, 2048, 2048, 2048]",299.0
1222,9213,44,55,2023-10-22T20:35:44.772000+00:00,26.903,40.14,32.895,224.0,187.0,False,99.938,"[None, 2048, 2048, 2048, 2048, 2049]","[2049, 2048, 2048, 2048, 2048, 2048, 2048, 2048]","[2048, 2048, 2048, 2048, 2048, 2048, 2048]",298.0
1222,9213,3,54,2023-10-22T20:35:48.147000+00:00,27.191,40.783,33.457,215.0,175.0,False,101.431,"[None, 2048, 2048, 2048, 2048, 2048]","[2048, 2048, 2048, 2048, 2048, 2048, 2048, 2048]","[2048, 2048, 2048, 2048, 2048, 2048, 2048]",295.0
1222,9213,4,55,2023-10-22T20:35:51.975000+00:00,27.011,40.337,33.536,218.0,183.0,False,100.884,"[None, 2048, 2048, 2048, 2048, 2048]","[2048, 2048, 2048, 2048, 2048, 2048, 2048, 2048]","[2048, 2048, 2048, 2048, 2048, 2048, 2048]",300.0
1222,9213,55,55,2023-10-22T20:35:55.913000+00:00,27.261,40.508,33.559,214.0,184.0,False,101.328,"[None, 2048, 2048, 2048, 2048, 2048]","[2048, 2048, 2048, 2048, 2048, 2048, 2048, 2048]","[2048, 2048, 2048, 2048, 2048, 2048, 2048]",308.0
1222,9213,11,55,2023-10-22T20:35:59.741000+00:00,27.153,40.48,33.242,214.0,181.0,False,100.875,"[None, 2048, 2048, 2048, 2048, 2048]","[2048, 2048, 2048, 2048, 2048, 2048, 2048, 2048]","[2048, 2048, 2048, 2048, 2048, 2048, 2048]",303.0
1222,9213,16,55,2023-10-22T20:36:02.616000+00:00,27.074,41.358,34.087,216.0,182.0,False,102.519,"[None, 2048, 2048, 2048, 2048, 2048]","[2048, 2048, 2048, 2048, 2048, 2048, 2048, 2048]","[2048, 2048, 2048, 2048, 2048, 2048, 2048]",308.0
1222,9213,63,55,2023-10-22T20:36:07.069000+00:00,26.995,40.296,33.049,226.0,184.0,False,100.34,"[None, 2048, 2048, 2048, 2048, 2048]","[2048, 2049, 2048, 2048, 2048, 2048, 2048, 2048]","[2048, 2048, 2048, 2049, 2048, 2048]",289.0
1222,9213,10,55,2023-10-22T20:36:28.725000+00:00,,40.43,33.355,213.0,181.0,False,101.087,"[None, 2048, 2048, 2048, 2048, 2049]","[2048, 2048, 2048, 2048, 2049, 2048, 2048, 2048]","[2048, 2048, 2048, 2049, 2048, 2048, 2048]",298.0
1222,9213,18,55,2023-10-22T20:36:30.725000+00:00,26.791,40.266,33.286,215.0,183.0,False,100.343,"[None, 2048, 2048, 2048, 2049, 2049]","[2049, 2048, 2048, 2048, 2048, 2048, 2048, 2048]","[2048, 2048, 2048, 2048, 2048, 2048, 2048]",308.0
1222,9213,22,55,2023-10-22T20:36:37.131000+00:00,47.078,41.316,33.906,204.0,175.0,True,122.3,"[2064, 2064, 2048, 2048, 2048, 2048]","[2048, 2048, 2048, 2048, 2048, 2048, 2048, 2048]","[2048, 2048, 2048, 2048, 2048, 2048, 2051]",289.0
1222,9213,23,55,2023-10-22T20:36:59.115000+00:00,27.518,41.02,34.463,211.0,178.0,False,103.001,"[None, 2048, 2048, 2048, 2048, 2048]","[2048, 2048, 2048, 2048, 2048, 2048, 2048, 2048]","[2048, 2048, 2048, 2048, 2048, 2048, 2048]",305.0
1222,9213,2,55,2023-10-22T20:37:06.193000+00:00,27.422,41.148,33.924,214.0,185.0,False,102.494,"[None, 2048, 2048, 2048, 2048, 2048]","[2048, 2048, 2048, 2048, 2048, 2048, 2048, 2048]","[2048, 2048, 2048, 2048, 2048, 2048]",306.0
1222,9213,27,55,2023-10-22T20:37:07.739000+00:00,27.639,40.813,33.998,207.0,184.0,False,102.45,"[None, 2048, 2048, 2048, 2048, 2048]","[2048, 2048, 2048, 2048, 2048, 2048, 2048, 2048]","[2048, 2048, 2048, 2048, 2048, 2048]",300.0
1222,9213,77,55,2023-10-22T20:37:15.177000+00:00,27.654,41.211,34.053,210.0,183.0,False,102.918,"[None, 2048, 2048, 2048, 2048, 2049]","[2048, 2048, 2048, 2048, 2048, 2048, 2048, 2048]","[2048, 2048, 2048, 2048, 2048, 2048, 2048]",297.0
1222,9213,24,55,2023-10-22T20:37:20.927000+00:00,27.57,42.317,35.993,214.0,180.0,False,105.88,"[None, 2048, 2048, 2048, 2048, 2048]","[2048, 2048, 2048, 2048, 2048, 2048, 2048, 2048]","[2048, 2048, 2048, 2048, 2048, 2048, 2048]",290.0
1222,9213,1,56,2023-10-22T20:37:22.895000+00:00,26.948,40.098,33.291,223.0,178.0,False,100.337,"[None, 2048, 2048, 2048, 2048, 2048]","[2048, 2048, 2048, 2048, 2048, 2049, 2048, 2048]","[2048, 2048, 2048, 2049, 2048, 2048, 2048]",322.0
1222,9213,44,56,2023-10-22T20:37:24.802000+00:00,26.818,40.181,33.744,,186.0,False,100.743,"[None, 2048, 2048, 2048, 2048, 2049]","[2048, 2048, 2048, 2048, 2048, 2048, 2048, 2048]","[2048, 2048, 2048, 2048, 2048, 2048]",302.0
1222,9213,20,55,2023-10-22T20:37:27.427000+00:00,27.495,41.619,34.724,214.0,180.0,False,103.838,"[None, 2048, 2048, 2048, 2048, 2048]","[2048, 2048, 2048, 2048, 2048, 2048, 2048, 2048]","[2048, 2048, 2048, 2048, 2048, 2048, 2048]",305.0
1222,9213,3,55,2023-10-22T20:37:29.630000+00:00,27.335,40.948,34.175,210.0,177.0,False,102.458,"[None, 2048, 2048, 2048, 2048, 2048]","[2048, 2048, 2048, 2048, 2048, 2048, 2048, 2048]","[2048, 2048, 2048, 2048, 2048, 2048, 2048]",296.0
1222,9213,4,56,2023-10-22T20:37:32.848000+00:00,27.124,40.623,33.337,217.0,186.0,False,101.084,"[None, 2048, 2048, 2048, 2048, 2048]","[2048, 2048, 2049, 2048, 2048, 2048, 2048, 2048]","[2048, 2048, 2048, 2048, 2048, 2048, 2048]",302.0
1222,9213,55,56,2023-10-22T20:37:37.192000+00:00,27.191,40.433,33.554,218.0,186.0,False,101.178,"[None, 2048, 2048, 2048, 2048, 2048]","[2048, 2048, 2048, 2048, 2048, 2048, 2048, 2048]","[2048, 2048, 2048, 2048, 2048, 2048, 2048]",309.0
1222,9213,11,56,2023-10-22T20:37:40.614000+00:00,27.192,40.513,33.354,209.0,178.0,False,101.059,"[None, 2048, 2048, 2048, 2048, 2048]","[2048, 2048, 2048, 2048, 2048, 2048, 2048, 2048]","[2048, 2048, 2048, 2048, 2048, 2048, 2048]",306.0
1222,9213,16,56,2023-10-22T20:37:45.145000+00:00,27.303,41.289,34.133,217.0,183.0,False,102.725,"[None, 2048, 2048, 2048, 2048, 2048]","[2048, 2048, 2048, 2048, 2048, 2048, 2048, 2048]","[2048, 2048, 2048, 2048, 2048, 2048, 2048]",309.0
1222,9213,63,56,2023-10-22T20:37:47.411000+00:00,26.874,40.382,33.538,223.0,187.0,False,100.794,"[None, 2048, 2048, 2048, 2048, 2048]","[2048, 2048, 2048, 2048, 2048, 2048, 2048, 2048]","[2048, 2048, 2048, 2049, 2048, 2048, 2048]",295.0
1222,9213,10,56,2023-10-22T20:38:09.817000+00:00,27.21,40.355,33.834,214.0,184.0,False,101.399,"[None, 2048, 2048, 2048, 2048, 2049]","[2049, 2048, 2048, 2048, 2048, 2048, 2048, 2048]","[2048, 2048, 2048, 2048, 2048, 2048, 2048]",308.0
1222,9213,18,56,2023-10-22T20:38:11.051000+00:00,27.06,40.194,33.588,213.0,181.0,False,100.842,"[None, 2048, 2048, 2048, 2048, 2048]","[2048, 2048, 2048, 2048, 2048, 2048, 2048, 2048]","[2048, 2048, 2048, 2048, 2048, 2048, 2048]",310.0
1222,9213,22,56,2023-10-22T20:38:39.488000+00:00,26.546,39.573,32.02,222.0,183.0,False,98.139,"[2048, 2048, 2051, 2048, 2049, 2049]","[2049, 2051, 2049, 2051, 2049, 2048, 2048, 2049]","[2051, 2049, 2049, 2048, 2049, 2051]",302.0
1222,9213,23,56,2023-10-22T20:38:42.113000+00:00,27.417,41.044,34.33,210.0,182.0,False,102.791,"[None, 2048, 2048, 2048, 2048, 2048]","[2048, 2048, 2048, 2048, 2048, 2048, 2048, 2048]","[2048, 2048, 2048, 2048, 2048, 2048, 2048]",306.0
1222,9213,2,56,2023-10-22T20:38:48.675000+00:00,27.343,41.011,34.154,217.0,186.0,False,102.508,"[None, 2048, 2048, 2048, 2048, 2048]","[2048, 2048, 2048, 2048, 2048, 2048, 2048, 2048]","[2048, 2048, 2048, 2048, 2048, 2048, 2048]",308.0
1222,9213,27,56,2023-10-22T20:38:50.175000+00:00,27.534,41.125,34.268,211.0,183.0,False,102.927,"[None, 2048, 2048, 2048, 2048, 2048]","[2048, 2048, 2048, 2048, 2048, 2048, 2048, 2048]","[2048, 2048, 2048, 2048, 2048, 2048]",302.0
1222,9213,77,56,2023-10-22T20:38:58.113000+00:00,27.811,41.537,34.348,205.0,183.0,False,103.696,"[None, 2048, 2048, 2048, 2048, 2048]","[2048, 2048, 2048, 2048, 2048, 2048, 2048, 2048]","[2048, 2048, 2048, 2048, 2048, 2048, 2048]",298.0
