meeting_key,session_key,driver_number,lap_number,date_start,duration_sector_1,duration_sector_2,duration_sector_3,i1_speed,i2_speed,is_pit_out_lap,lap_duration,segments_sector_1,segments_sector_2,segments_sector_3,st_speed
1221,9221,11,1,,,41.206,47.98,217.0,101.0,False,,"[None, 2064, 2049, 2049, 2049, 2049, 2049, 2049, 2049]","[2049, 2049, 2049, 2049, 2049, 2049, 2049]","[2049, 2049, 2049, 2049, 2049, 2049, 0]",154.0
1221,9221,16,1,2023-10-08T17:03:33.775000+00:00,38.447,31.149,45.982,222.0,282.0,False,115.578,"[2048, 2049, 2049, 2049, 2049, 2049, 2049, 2049, 2049]","[2049, 2049, 2049, 2049, 2049, 2049, 2051]","[2049, 2049, 2049, 2049, 2049, 2049, 2049]",246.0
1221,9221,81,1,2023-10-08T17:03:33.775000+00:00,36.658,30.716,44.641,227.0,273.0,False,112.015,"[2048, 2049, 2049, 2049, 2051, 2051, 2051, 2049, 2049]","[2049, 2051, 2049, 2051, 2049, 2049, 2049]","[2049, 2049, 2049, 2049, 2049, 2049, 2049]",255.0
1221,9221,1,1,2023-10-08T17:03:33.775000+00:00,35.169,30.57,43.417,226.0,273.0,False,109.156,"[None, 0, 2049, 2051, 2049, 2049, 2049, 2051, 2051]","[2051, 2049, 2051, 2049, 2049, 2051, 2049]","[2051, 2051, 2049, 2049, 2049, 2049, 2051]",236.0
1221,9221,63,1,2023-10-08T17:03:33.775000+00:00,43.299,41.199,52.72,214.0,90.0,False,137.218,"[None, 0, 2049, 2049, 2049, 2049, 2049, 2049, 2049]","[2049, 2049, 2049, 2049, 2049, 2049, 2049]","[2049, 2049, 2049, 2049, 2049, 2049, 2064]",242.0
1221,9221,10,1,2023-10-08T17:03:33.775000+00:00,39.485,31.778,48.815,210.0,233.0,False,120.078,"[2048, 2049, 2049, 2049, 2049, 2049, 2049, 2049, 2049]","[2049, 2049, 2049, 2049, 2049, 2049, 2049]","[2049, 2049, 2049, 2049, 2049, 2049, 2049]",246.0
1221,9221,31,1,2023-10-08T17:03:33.775000+00:00,38.739,31.441,46.773,221.0,276.0,False,116.953,"[2048, 2049, 2049, 2049, 2049, 2049, 2049, 2049, 2049]","[2049, 2049, 2049, 2049, 2049, 2049, 2049]","[2049, 2049, 2049, 2049, 2049, 2049, 2049]",254.0
1221,9221,77,1,2023-10-08T17:03:33.775000+00:00,40.056,32.307,49.637,223.0,208.0,False,122.0,"[2048, 2049, 2049, 2049, 2049, 2049, 2049, 2049, 2049]","[2049, 2049, 2049, 2049, 2049, 2049, 2049]","[2049, 2049, 2049, 2049, 2049, 2049, 2051]",248.0
1221,9221,44,1,2023-10-08T17:03:33.775000+00:00,,,,,,False,,"[None, 0, 0, 0, 0, 0, 0, 0, 0]","[0, 0, 0, 0, 0, 0, 0]","[0, 0, 0, 0, 0, 0, 0]",240.0
1221,9221,4,1,2023-10-08T17:03:33.775000+00:00,39.148,31.542,47.966,222.0,276.0,False,118.656,"[2048, 2049, 2049, 2049, 2049, 2049, 2049, 2049, 2049]","[2049, 2049, 2049, 2049, 2049, 2049, 2049]","[2049, 2049, 2051, 2049, 2049, 2049, 2049]",263.0
1221,9221,14,1,2023-10-08T17:03:33.775000+00:00,37.738,30.916,44.814,226.0,274.0,False,113.468,"[None, 0, 2049, 2049, 2049, 2049, 2049, 2049, 2049]","[2049, 2049, 2049, 2049, 2051, 2049, 2049]","[2049, 2049, 2049, 2049, 2051, 2049, 0]",245.0
1221,9221,22,1,2023-10-08T17:03:33.775000+00:00,39.731,32.149,49.088,221.0,196.0,False,120.968,"[2048, 2049, 2049, 2049, 2049, 2049, 2049, 2049, 2049]","[2049, 2049, 2049, 2049, 2049, 2049, 2049]","[2049, 2049, 2049, 2049, 2049, 2051, 2049]",260.0
1221,9221,23,1,2023-10-08T17:03:33.775000+00:00,41.467,33.436,49.878,210.0,122.0,False,124.781,"[2048, 2049, 2049, 2049, 2049, 2049, 2049, 2049, 2049]","[2049, 2049, 2049, 2049, 2049, 2049, 2049]","[2049, 2049, 2049, 2051, 2049, 2049, 2051]",267.0
1221,9221,27,1,2023-10-08T17:03:33.775000+00:00,40.619,32.936,49.804,218.0,145.0,False,123.359,"[2048, 2049, 2049, 2049, 2049, 2049, 2049, 2049, 2049]","[2049, 2049, 2049, 2049, 2049, 2049, 2049]","[2049, 2049, 2049, 2049, 2049, 2049, 2048]",263.0
1221,9221,2,1,2023-10-08T17:03:33.775000+00:00,41.476,35.024,49.062,203.0,127.0,False,125.562,"[2048, 2049, 2049, 2049, 2049, 2049, 2049, 2049, 2049]","[2049, 2049, 2049, 2049, 2049, 2049, 2049]","[2049, 2049, 2049, 2049, 2049, 2049, 2048]",270.0
1221,9221,18,1,2023-10-08T17:03:33.775000+00:00,41.543,37.222,48.875,204.0,97.0,False,127.64,"[2048, 2049, 2051, 2049, 2049, 2049, 2049, 2049, 2049]","[2049, 2049, 2049, 2049, 2049, 2049, 2049]","[2049, 2049, 2049, 2049, 2049, 2049, 2051]",264.0
1221,9221,40,1,2023-10-08T17:03:33.775000+00:00,42.006,39.035,49.63,203.0,70.0,False,130.671,"[2048, 2049, 2049, 2049, 2049, 2049, 2049, 2049, 2049]","[2049, 2049, 2049, 2049, 2049, 2049, 2049]","[2049, 2049, 2049, 2049, 2049, 2049, 2049]",272.0
1221,9221,24,1,2023-10-08T17:03:33.775000+00:00,42.267,39.914,50.147,193.0,71.0,False,132.328,"[2048, 2049, 2049, 2049, 2049, 2049, 2049, 2049, 2049]","[2049, 2049, 2049, 2049, 2049, 2049, 2049]","[2049, 2049, 2049, 2049, 2049, 2049, 2049]",270.0
1221,9221,20,1,2023-10-08T17:03:33.775000+00:00,41.767,37.962,49.349,187.0,79.0,False,129.078,"[2048, 2049, 2049, 2049, 2049, 2049, 2049, 2049, 2049]","[2049, 2049, 2049, 2049, 2049, 2049, 2049]","[2049, 2049, 2049, 2049, 2049, 2049, 2049]",266.0
1221,9221,1,2,2023-10-08T17:05:22.930000+00:00,56.965,45.684,42.954,170.0,147.0,False,145.603,"[2049, 2049, 2048, 2048, 2048, 2048, 2048, 2048, 2048]","[2048, 2048, 2048, 2048, 2048, 2048, 2048]","[2048, 2048, 2049, 2049, 2051, 2049, 2048]",145.0
1221,9221,81,2,2023-10-08T17:05:25.789000+00:00,55.85,44.563,43.216,169.0,151.0,False,143.629,"[2049, 2049, 2048, 2048, 2048, 2048, 2048, 2048, 2048]","[2048, 2048, 2048, 2048, 2048, 2048, 2048]","[2048, 2049, 2051, 2049, 2049, 2048, 2048]",170.0
1221,9221,14,2,2023-10-08T17:05:27.242000+00:00,55.085,45.006,43.065,176.0,120.0,False,143.156,"[2051, 2049, 2048, 2048, 2048, 2048, 2048, 2048, 2048]","[2048, 2048, 2048, 2048, 2048, 2048, 2048]","[2048, 2049, 2049, 2049, 2048, 2049]",153.0
1221,9221,16,2,2023-10-08T17:05:29.352000+00:00,54.034,44.896,43.136,172.0,177.0,False,142.066,"[2049, 2049, 2048, 2048, 2048, 2048, 2048, 2048, 2048]","[2048, 2048, 2048, 2048, 2048, 2048, 2048]","[2048, 2049, 2048, 2049, 2048, 2049, 2049]",229.0
1221,9221,31,2,2023-10-08T17:05:30.727000+00:00,53.539,45.071,42.927,153.0,169.0,False,141.537,"[2049, 2049, 2048, 2048, 2048, 2048, 2048, 2048, 2048]","[2048, 2048, 2048, 2048, 2048, 2048, 2048]","[2048, 2049, 2048, 2049, 2048, 2049]",196.0
1221,9221,4,2,2023-10-08T17:05:32.430000+00:00,52.963,46.431,42.595,177.0,196.0,False,141.989,"[2049, 2051, 2048, 2048, 2048, 2048, 2048, 2048, 2048]","[2048, 2048, 2048, 2048, 2048, 2048, 2048]","[2049, 2049, 2048, 2051, 2049, 2051, 2048]",241.0
1221,9221,10,2,2023-10-08T17:05:33.852000+00:00,52.235,46.776,43.659,179.0,164.0,False,142.67,"[2049, 2049, 2048, 2048, 2048, 2048, 2048, 2048, 2048]","[2048, 2048, 2048, 2048, 2048, 2048, 2048]","[2049, 2049, 2048, 2049, 2049, 2048, 2048]",262.0
1221,9221,22,2,2023-10-08T17:05:34.742000+00:00,53.578,46.077,43.559,136.0,134.0,False,143.214,"[2049, 2049, 2048, 2048, 2048, 2048, 2048, 2048, 2048]","[2048, 2048, 2048, 2048, 2048, 2048, 2048]","[2049, 2049, 2048, 2049, 2049, 2048, 2048]",250.0
1221,9221,77,2,2023-10-08T17:05:35.774000+00:00,53.223,46.145,44.162,121.0,133.0,False,143.53,"[2049, 2049, 2048, 2048, 2048, 2048, 2048, 2048, 2048]","[2048, 2048, 2048, 2048, 2048, 2048, 2048]","[2049, 2049, 2048, 2049, 2049, 2048, 2048]",249.0
1221,9221,27,2,2023-10-08T17:05:37.133000+00:00,52.614,46.348,45.246,137.0,122.0,False,144.208,"[2049, 2049, 2048, 2048, 2048, 2048, 2048, 2048, 2048]","[2048, 2048, 2048, 2048, 2048, 2048, 2048]","[2049, 2049, 2048, 2049, 2048, 2048, 2048]",248.0
1221,9221,23,2,2023-10-08T17:05:38.555000+00:00,52.646,46.617,44.876,136.0,133.0,False,144.139,"[2049, 2049, 2048, 2048, 2048, 2048, 2048, 2048, 2048]","[2048, 2048, 2048, 2048, 2048, 2048, 2048]","[2049, 2049, 2048, 2049, 2048, 2049, 2048]",254.0
1221,9221,2,2,2023-10-08T17:05:39.336000+00:00,52.581,46.707,45.491,169.0,148.0,False,144.779,"[2049, 2049, 2048, 2048, 2048, 2048, 2048, 2048, 2048]","[2048, 2048, 2048, 2048, 2048, 2048, 2048]","[2049, 2049, 2048, 2049, 2048, 2049]",262.0
1221,9221,18,2,2023-10-08T17:05:41.414000+00:00,51.861,46.793,45.734,138.0,134.0,False,144.388,"[2049, 2049, 2048, 2048, 2048, 2048, 2048, 2049, 2048]","[2048, 2048, 2048, 2048, 2048, 2048, 2049]","[2049, 2049, 2048, 2049, 2048, 2049]",262.0
1221,9221,20,2,2023-10-08T17:05:42.852000+00:00,51.461,46.835,46.407,149.0,132.0,False,144.703,"[2049, 2048, 2048, 2048, 2048, 2048, 2048, 2049, 2048]","[2048, 2048, 2048, 2048, 2048, 2048, 2049]","[2049, 2049, 2048, 2049, 2048, 2048, 2048]",243.0
1221,9221,40,2,2023-10-08T17:05:44.445000+00:00,50.744,46.937,46.887,177.0,129.0,False,144.568,"[2049, 2048, 2048, 2048, 2048, 2048, 2048, 2049, 2048]","[2048, 2048, 2048, 2048, 2048, 2048, 2049]","[2049, 2049, 2048, 2049, 2048, 2048, 2048]",225.0
1221,9221,24,2,2023-10-08T17:05:46.102000+00:00,50.087,46.699,47.178,191.0,132.0,False,143.964,"[2049, 2048, 2048, 2048, 2048, 2048, 2048, 2049, 2048]","[2048, 2048, 2048, 2048, 2048, 2048, 2049]","[2049, 2049, 2048, 2049, 2048, 2048, 2048]",223.0
1221,9221,11,2,2023-10-08T17:05:48.477000+00:00,48.779,46.592,47.607,198.0,133.0,False,142.978,"[2049, 2049, 2049, 2048, 2048, 2048, 2048, 2048, 2048]","[2048, 2048, 2048, 2048, 2048, 2048, 2049]","[2049, 2051, 2049, 2048, 2048, 2048, 2048]",230.0
1221,9221,63,2,2023-10-08T17:05:50.992000+00:00,71.648,32.664,40.505,225.0,267.0,True,144.817,"[2064, 2064, 2048, 2049, 2048, 2048, 2048, 2049, 2049]","[2049, 2049, 2049, 2048, 2048, 2049, 2049]","[2049, 2049, 2049, 2048, 2051, 2048, 2049]",161.0
1221,9221,1,3,2023-10-08T17:07:48.585000+00:00,56.379,46.05,43.534,181.0,211.0,False,145.963,"[2048, 2048, 2048, 2048, 2048, 2048, 2048, 2048, 2048]","[2048, 2048, 2048, 2048, 2048, 2048, 2048]","[2048, 2048, 2048, 2049, 2049, 2048, 2048]",162.0
1221,9221,81,3,2023-10-08T17:07:49.335000+00:00,57.185,45.311,43.4,172.0,169.0,False,145.896,"[2048, 2048, 2048, 2048, 2048, 2048, 2048, 2048, 2048]","[2048, 2048, 2048, 2048, 2048, 2048, 2048]","[2048, 2049, 2048, 2049, 2049, 2048, 2049]",127.0
1221,9221,14,3,2023-10-08T17:07:50.288000+00:00,58.098,44.776,43.393,126.0,177.0,False,146.267,"[2048, 2048, 2048, 2048, 2048, 2048, 2048, 2048, 2048]","[2048, 2048, 2048, 2048, 2048, 2048, 2048]","[2048, 2049, 2048, 2049, 2048, 2048, 2048]",130.0
1221,9221,16,3,2023-10-08T17:07:51.350000+00:00,58.47,44.443,44.225,112.0,133.0,False,147.138,"[2048, 2048, 2048, 2048, 2048, 2048, 2048, 2048, 2048]","[2048, 2048, 2048, 2048, 2048, 2048, 2048]","[2048, 2049, 2048, 2049, 2048, 2048, 2048]",134.0
1221,9221,31,3,2023-10-08T17:07:52.225000+00:00,58.625,44.517,44.165,110.0,162.0,False,147.307,"[2048, 2048, 2048, 2048, 2048, 2048, 2048, 2048, 2048]","[2048, 2048, 2048, 2048, 2048, 2048, 2048]","[2049, 2048, 2048, 2049, 2049, 2048, 2049]",124.0
1221,9221,4,3,2023-10-08T17:07:54.444000+00:00,57.974,43.478,45.303,70.0,127.0,False,146.755,"[2048, 2048, 2048, 2048, 2048, 2048, 2048, 2048, 2048]","[2048, 2048, 2048, 2048, 2048, 2048, 2048]","[2048, 2049, 2048, 2048, 2049, 2048, 2049]",119.0
1221,9221,10,3,2023-10-08T17:07:56.538000+00:00,56.702,43.725,45.852,95.0,141.0,False,146.279,"[None, 2048, 2048, 2048, 2048, 2048, 2048, 2048, 2048]","[2048, 2048, 2048, 2048, 2048, 2048, 2048]","[2048, 2048, 2048, 2048, 2049, 2048]",108.0
1221,9221,22,3,2023-10-08T17:07:58.022000+00:00,56.623,43.966,45.999,93.0,214.0,False,146.588,"[None, 2048, 2048, 2048, 2048, 2048, 2048, 2048, 2048]","[2048, 2048, 2048, 2048, 2048, 2048, 2048]","[2048, 2048, 2048, 2048, 2049, 2048, 2048]",106.0
1221,9221,77,3,2023-10-08T17:07:59.319000+00:00,56.426,43.91,47.821,87.0,190.0,False,148.157,"[None, 2048, 2048, 2048, 2048, 2048, 2048, 2048, 2048]","[2048, 2048, 2048, 2048, 2048, 2048, 2048]","[2048, 2048, 2048, 2048, 2049, 2048, 2064]",105.0
1221,9221,27,3,2023-10-08T17:08:01.334000+00:00,55.942,43.658,44.487,81.0,219.0,False,144.087,"[None, 2048, 2048, 2048, 2048, 2048, 2048, 2048, 2048]","[2048, 2048, 2048, 2048, 2048, 2048, 2048]","[2048, 2048, 2048, 2048, 2049, 2048]",104.0
1221,9221,23,3,2023-10-08T17:08:02.678000+00:00,55.973,43.391,44.186,75.0,211.0,False,143.55,"[None, 2048, 2048, 2048, 2048, 2048, 2048, 2049, 2048]","[2048, 2048, 2048, 2048, 2048, 2048, 2048]","[2048, 2048, 2049, 2049, 2049, 2048]",96.0
1221,9221,2,3,2023-10-08T17:08:04.116000+00:00,55.468,43.887,43.807,74.0,172.0,False,143.162,"[None, 2049, 2048, 2048, 2048, 2048, 2048, 2049, 2048]","[2048, 2048, 2048, 2048, 2048, 2048, 2049]","[2049, 2048, 2048, 2049, 2049, 2048, 2048]",120.0
1221,9221,18,3,2023-10-08T17:08:05.803000+00:00,55.06,44.245,46.742,74.0,160.0,False,146.047,"[None, 2049, 2048, 2048, 2048, 2048, 2048, 2048, 2048]","[2048, 2048, 2048, 2048, 2048, 2048, 2049]","[2049, 2048, 2048, 2049, 2049, 2048, 2064]",119.0
1221,9221,20,3,2023-10-08T17:08:07.538000+00:00,54.646,44.677,44.672,71.0,169.0,False,143.995,"[None, 2048, 2048, 2048, 2048, 2048, 2048, 2049, 2048]","[2048, 2048, 2048, 2048, 2048, 2048, 2049]","[2049, 2048, 2048, 2049, 2049, 2049, 2064]",140.0
1221,9221,40,3,2023-10-08T17:08:09.006000+00:00,54.147,44.896,44.601,67.0,163.0,False,143.644,"[2048, 2049, 2048, 2048, 2048, 2048, 2048, 2048, 2048]","[2048, 2048, 2048, 2048, 2048, 2048, 2049]","[2049, 2048, 2048, 2049, 2049, 2049, 2064]",190.0
1221,9221,24,3,2023-10-08T17:08:10.038000+00:00,54.733,44.1,40.863,93.0,140.0,False,139.696,"[None, 2048, 2048, 2048, 2048, 2048, 2048, 2048, 2048]","[2048, 2048, 2048, 2048, 2048, 2048, 2049]","[2048, 2048, 2048, 2049, 2049, 2049]",220.0
1221,9221,11,3,2023-10-08T17:08:11.522000+00:00,54.574,48.956,36.137,79.0,203.0,False,139.667,"[2048, 2049, 2048, 2048, 2048, 2048, 2048, 2048, 2048]","[2048, 2048, 2048, 2048, 2048, 2048, 2048]","[2049, 2051, 2048, 2049, 2051, 2049, 2048]",
1221,9221,63,3,2023-10-08T17:08:15.866000+00:00,52.523,48.251,36.389,183.0,222.0,False,137.163,"[2049, 2051, 2048, 2048, 2048, 2048, 2048, 2048, 2048]","[2048, 2048, 2048, 2048, 2048, 2048, 2048]","[2048, 2049, 2048, 2049, 2049, 2049, 2051]",201.0
1221,9221,1,4,2023-10-08T17:10:14.520000+00:00,50.072,46.453,56.634,179.0,132.0,False,153.159,"[None, 2049, 2048, 2048, 2048, 2048, 2048, 2048, 2048]","[2048, 2048, 2048, 2048, 2048, 2048, 2048]","[2048, 2048, 2049, 2051, 2051, 2049, 2051]",225.0
1221,9221,81,4,2023-10-08T17:10:15.411000+00:00,50.304,46.316,56.786,,150.0,False,153.406,"[None, 2049, 2048, 2048, 2048, 2048, 2048, 2048, 2048]","[2048, 2048, 2048, 2048, 2048, 2048, 2048]","[2048, 2048, 2049, 2049, 2049, 2051, 2049]",241.0
1221,9221,14,4,2023-10-08T17:10:16.677000+00:00,50.256,46.587,55.75,151.0,190.0,False,152.593,"[None, 2049, 2048, 2048, 2048, 2048, 2048, 2048, 2048]","[2048, 2048, 2048, 2048, 2048, 2048, 2048]","[2048, 2048, 2049, 2049, 2049, 2049, 2049]",187.0
1221,9221,16,4,2023-10-08T17:10:18.583000+00:00,49.718,46.446,55.011,126.0,156.0,False,151.175,"[2049, 2048, 2048, 2048, 2048, 2048, 2048, 2048, 2048]","[2048, 2048, 2048, 2048, 2048, 2048, 2048]","[2048, 2048, 2049, 2049, 2049, 2049, 2049]",188.0
1221,9221,31,4,2023-10-08T17:10:19.583000+00:00,49.655,46.422,54.432,115.0,152.0,False,150.509,"[None, 2048, 2048, 2048, 2048, 2048, 2048, 2048, 2048]","[2048, 2048, 2048, 2048, 2048, 2048, 2048]","[2048, 2048, 2049, 2049, 2049, 2049, 2049]",237.0
1221,9221,4,4,2023-10-08T17:10:21.177000+00:00,48.925,46.591,53.81,84.0,122.0,False,149.326,"[2049, 2048, 2048, 2048, 2048, 2048, 2048, 2048, 2048]","[2048, 2048, 2048, 2048, 2048, 2048, 2048]","[2048, 2048, 2049, 2049, 2049, 2049, 2049]",242.0
1221,9221,10,4,2023-10-08T17:10:22.880000+00:00,48.411,46.604,53.145,83.0,96.0,False,148.16,"[None, 2048, 2048, 2048, 2048, 2048, 2048, 2048, 2048]","[2048, 2048, 2048, 2048, 2048, 2048, 2048]","[2048, 2048, 2049, 2049, 2049, 2049, 2049]",209.0
1221,9221,22,4,2023-10-08T17:10:24.583000+00:00,47.636,46.564,52.336,102.0,105.0,False,146.536,"[None, 2049, 2049, 2048, 2048, 2048, 2048, 2048, 2048]","[2048, 2048, 2048, 2048, 2048, 2048, 2048]","[2048, 2048, 2049, 2049, 2049, 2049]",263.0
1221,9221,27,4,2023-10-08T17:10:25.317000+00:00,47.368,47.709,51.145,116.0,88.0,False,146.222,"[None, 2049, 2048, 2048, 2048, 2048, 2048, 2048, 2048]","[2048, 2048, 2048, 2048, 2048, 2048, 2048]","[2048, 2048, 2049, 2049, 2049, 2049, 2049]",271.0
1221,9221,23,4,2023-10-08T17:10:26.161000+00:00,47.747,47.305,50.567,108.0,82.0,False,145.619,"[None, 2049, 2049, 2048, 2048, 2048, 2048, 2048, 2048]","[2048, 2048, 2048, 2048, 2048, 2048, 2048]","[2048, 2049, 2049, 2049, 2049, 2049, 2051]",256.0
1221,9221,2,4,2023-10-08T17:10:27.192000+00:00,47.832,47.309,49.926,134.0,82.0,False,145.067,"[2049, 2048, 2048, 2048, 2048, 2048, 2048, 2048, 2048]","[2048, 2048, 2048, 2048, 2048, 2048, 2048]","[2048, 2048, 2051, 2049, 2049, 2049]",236.0
1221,9221,77,4,2023-10-08T17:10:27.489000+00:00,58.131,41.757,46.494,222.0,79.0,True,146.382,"[2064, 2064, 2048, 2049, 2049, 2049, 2049, 2049, 2049]","[2051, 2048, 2048, 2048, 2048, 2048, 2048]","[2048, 2049, 2049, 2049, 2049, 2049, 2049]",163.0
1221,9221,24,4,2023-10-08T17:10:29.677000+00:00,46.471,46.754,49.787,159.0,73.0,False,143.012,"[None, 2049, 2048, 2048, 2048, 2048, 2048, 2048, 2048]","[2048, 2048, 2048, 2048, 2048, 2048, 2048]","[2048, 2048, 2049, 2049, 2049, 2049]",227.0
1221,9221,11,4,2023-10-08T17:10:31.145000+00:00,46.076,47.461,48.665,160.0,86.0,False,142.202,"[2049, 2049, 2049, 2048, 2048, 2048, 2048, 2048, 2048]","[2048, 2048, 2048, 2048, 2048, 2048, 2048]","[2048, 2048, 2049, 2049, 2049, 2049, 2049]",255.0
1221,9221,20,4,2023-10-08T17:10:31.473000+00:00,57.136,39.677,46.094,224.0,87.0,True,142.907,"[2064, 2064, 2048, 2049, 2049, 2048, 2049, 2049, 2049]","[2049, 2048, 2048, 2048, 2048, 2048, 2048]","[2048, 2048, 2049, 2049, 2049, 2049, 2049]",167.0
1221,9221,18,4,2023-10-08T17:10:31.817000+00:00,57.966,39.37,45.487,220.0,86.0,True,142.823,"[2064, 2064, 2048, 2049, 2049, 2048, 2048, 2049, 2049]","[2049, 2049, 2048, 2048, 2048, 2048, 2048]","[2048, 2049, 2049, 2049, 2049, 2049, 2049]",173.0
1221,9221,40,4,2023-10-08T17:10:32.630000+00:00,60.415,38.123,44.155,218.0,79.0,True,142.693,"[2064, 2064, 2048, 2048, 2048, 2048, 2048, 2049, 2049]","[2049, 2049, 2049, 2048, 2048, 2048, 2048]","[2048, 2048, 2049, 2049, 2049, 2049, 2049]",163.0
1221,9221,63,4,2023-10-08T17:10:33.067000+00:00,45.594,47.91,47.072,173.0,71.0,False,140.576,"[2049, 2051, 2048, 2048, 2048, 2048, 2048, 2048, 2048]","[2048, 2048, 2048, 2048, 2048, 2048, 2048]","[2048, 2048, 2049, 2049, 2049, 2049]",225.0
1221,9221,1,5,2023-10-08T17:12:47.691000+00:00,33.31,30.26,26.703,231.0,274.0,False,90.273,"[2049, 2049, 2049, 2051, 2051, 2049, 2048, 2048, 2048]","[2051, 2049, 2051, 2049, 2049, 2049, 2049]","[2049, 2049, 2051, 2048, 2048, 2051]",291.0
1221,9221,81,5,2023-10-08T17:12:48.769000+00:00,33.509,30.309,26.653,230.0,276.0,False,90.471,"[2049, 2049, 2049, 2049, 2049, 2049, 2048, 2049, 2049]","[2049, 2049, 2049, 2049, 2049, 2051, 2049]","[2051, 2051, 2049, 2049, 2051, 2048, 2048]",303.0
1221,9221,14,5,2023-10-08T17:12:49.238000+00:00,33.667,30.332,26.882,229.0,278.0,False,90.881,"[2049, 2049, 2049, 2049, 2049, 2049, 2049, 2049, 2048]","[2049, 2051, 2048, 2049, 2051, 2049, 2049]","[2049, 2049, 2049, 2049, 2049, 2049, 2049]",301.0
1221,9221,16,5,2023-10-08T17:12:49.738000+00:00,33.825,30.552,27.07,227.0,283.0,False,91.447,"[2049, 2049, 2049, 2049, 2049, 2049, 2049, 2049, 2049]","[2049, 2049, 2049, 2051, 2049, 2048, 2049]","[2049, 2049, 2049, 2049, 2049, 2049]",308.0
1221,9221,31,5,2023-10-08T17:12:50.144000+00:00,34.101,30.632,27.132,226.0,281.0,False,91.865,"[2049, 2049, 2049, 2049, 2049, 2049, 2049, 2049, 2049]","[2049, 2049, 2049, 2049, 2049, 2049, 2049]","[2049, 2049, 2049, 2049, 2049, 2048, 2048]",305.0
1221,9221,4,5,2023-10-08T17:12:50.519000+00:00,34.169,30.921,27.139,229.0,276.0,False,92.229,"[None, 2049, 2049, 2049, 2049, 2049, 2049, 2049, 2049]","[2049, 2049, 2049, 2049, 2049, 2049, 2049]","[2049, 2049, 2049, 2049, 2049, 2049, 2048]",301.0
1221,9221,10,5,2023-10-08T17:12:51.003000+00:00,34.364,31.051,27.184,232.0,280.0,False,92.599,"[None, 2049, 2049, 2049, 2049, 2049, 2051, 2049, 2049]","[2049, 2049, 2049, 2049, 2048, 2048, 2049]","[2049, 2049, 2049, 2049, 2049, 2049, 2049]",305.0
1221,9221,22,5,2023-10-08T17:12:51.128000+00:00,34.592,30.969,27.516,229.0,283.0,False,93.077,"[2049, 2049, 2049, 2049, 2049, 2051, 2049, 2049, 2049]","[2049, 2049, 2049, 2049, 2049, 2049, 2049]","[2049, 2049, 2049, 2049, 2049, 2048, 2048]",302.0
1221,9221,27,5,2023-10-08T17:12:51.706000+00:00,34.481,30.917,27.396,228.0,284.0,False,92.794,"[None, 2049, 2049, 2049, 2049, 2049, 2049, 2049, 2049]","[2049, 2049, 2049, 2049, 2049, 2049, 2049]","[2049, 2049, 2049, 2049, 2049, 2049, 2049]",310.0
1221,9221,23,5,2023-10-08T17:12:51.862000+00:00,34.714,31.088,27.255,219.0,275.0,False,93.057,"[2049, 2049, 2049, 2049, 2049, 2049, 2049, 2049, 2049]","[2049, 2049, 2049, 2049, 2049, 2049, 2049]","[2049, 2049, 2049, 2049, 2049, 2049, 2048]",321.0
1221,9221,2,5,2023-10-08T17:12:52.363000+00:00,34.574,31.422,27.167,218.0,275.0,False,93.163,"[None, 2049, 2049, 2049, 2049, 2049, 2049, 2049, 2049]","[2049, 2049, 2049, 2049, 2049, 2049, 2049]","[2049, 2049, 2049, 2049, 2049, 2049, 2051]",312.0
1221,9221,24,5,2023-10-08T17:12:52.706000+00:00,34.67,31.371,27.37,217.0,279.0,False,93.411,"[None, 2049, 2049, 2049, 2049, 2049, 2049, 2049, 2049]","[2049, 2049, 2049, 2049, 2049, 2049, 2049]","[2049, 2049, 2049, 2049, 2049, 2049, 2048]",306.0
1221,9221,11,5,2023-10-08T17:12:53.347000+00:00,35.07,31.078,27.243,230.0,281.0,False,93.391,"[None, 2049, 2049, 2049, 2048, 2049, 2048, 2049, 2049]","[2049, 2049, 2049, 2049, 2049, 2049, 2049]","[2049, 2049, 2049, 2049, 2049, 2049]",304.0
1221,9221,63,5,2023-10-08T17:12:53.519000+00:00,35.203,31.302,27.153,226.0,275.0,False,93.658,"[None, 2049, 2049, 2049, 2049, 2049, 2049, 2048, 2049]","[2049, 2049, 2049, 2049, 2049, 2049, 2049]","[2049, 2049, 2049, 2049, 2049, 2049, 2049]",312.0
1221,9221,77,5,2023-10-08T17:12:53.862000+00:00,35.247,31.273,27.51,,284.0,False,94.03,"[2049, 2049, 2049, 2049, 2048, 2048, 2048, 2048, 2048]","[2048, 2049, 2049, 2049, 2049, 2049, 2051]","[2049, 2049, 2049, 2049, 2049, 2049, 2048]",309.0
1221,9221,20,5,2023-10-08T17:12:54.487000+00:00,35.006,31.387,27.526,222.0,283.0,False,93.919,"[2049, 2049, 2049, 2049, 2048, 2049, 2048, 2048, 2048]","[2049, 2049, 2049, 2049, 2049, 2049, 2049]","[2049, 2049, 2049, 2049, 2049, 2049, 2049]",313.0
1221,9221,18,5,2023-10-08T17:12:54.722000+00:00,35.195,31.464,27.664,216.0,278.0,False,94.323,"[2051, 2051, 2051, 2049, 2049, 2049, 2049, 2048, 2048]","[2048, 2049, 2049, 2049, 2049, 2049, 2049]","[2049, 2049, 2049, 2049, 2049, 2049, 2048]",319.0
1221,9221,40,5,2023-10-08T17:12:55.362000+00:00,35.136,31.739,27.751,227.0,279.0,False,94.626,"[2049, 2049, 2049, 2049, 2049, 2049, 2049, 2049, 2049]","[2049, 2049, 2048, 2049, 2049, 2049, 2049]","[2049, 2049, 2049, 2049, 2049, 2049]",310.0
1221,9221,1,6,2023-10-08T17:14:17.924000+00:00,33.139,29.969,26.301,226.0,275.0,False,89.409,"[None, 2049, 2049, 2049, 2048, 2049, 2049, 2051, 2048]","[2049, 2049, 2049, 2049, 2049, 2051, 2049]","[2049, 2049, 2051, 2048, 2049, 2051, 2049]",298.0
1221,9221,81,6,2023-10-08T17:14:19.252000+00:00,32.997,29.909,26.422,,276.0,False,89.328,"[2048, 2048, 2049, 2051, 2049, 2049, 2049, 2049, 2048]","[2049, 2049, 2051, 2049, 2049, 2049, 2049]","[2048, 2049, 2049, 2049, 2049, 2049, 2049]",
1221,9221,14,6,2023-10-08T17:14:20.127000+00:00,32.937,30.106,26.542,231.0,278.0,False,89.585,"[None, 2049, 2049, 2049, 2051, 2049, 2049, 2049, 2049]","[2049, 2048, 2049, 2049, 2048, 2049, 2049]","[2051, 2049, 2049, 2049, 2051, 2049, 2049]",309.0
1221,9221,16,6,2023-10-08T17:14:21.174000+00:00,33.116,29.973,26.86,233.0,283.0,False,89.949,"[2048, 2048, 2049, 2049, 2049, 2049, 2049, 2049, 2051]","[2051, 2051, 2049, 2051, 2048, 2049, 2049]","[2049, 2049, 2049, 2049, 2049, 2049, 2048]",306.0
1221,9221,31,6,2023-10-08T17:14:21.971000+00:00,33.563,30.201,26.783,227.0,276.0,False,90.547,"[2048, 2048, 2048, 2049, 2049, 2049, 2048, 2049, 2049]","[2049, 2049, 2049, 2049, 2049, 2049, 2048]","[2049, 2051, 2049, 2049, 2048, 2049, 2049]",295.0
1221,9221,4,6,2023-10-08T17:14:22.783000+00:00,33.631,30.629,26.839,227.0,274.0,False,91.099,"[2048, 2049, 2049, 2049, 2049, 2048, 2048, 2049, 2048]","[2049, 2049, 2049, 2049, 2049, 2049, 2048]","[2049, 2049, 2049, 2049, 2049, 2049, 2048]",307.0
1221,9221,10,6,2023-10-08T17:14:23.596000+00:00,33.781,30.219,26.928,227.0,282.0,False,90.928,"[2048, 2048, 2048, 2049, 2049, 2049, 2048, 2049, 2048]","[2049, 2049, 2049, 2049, 2049, 2049, 2049]","[2049, 2049, 2049, 2049, 2049, 2049, 2049]",295.0
1221,9221,22,6,2023-10-08T17:14:24.205000+00:00,34.258,31.006,27.042,227.0,271.0,False,92.306,"[2048, 2048, 2048, 2049, 2049, 2049, 2048, 2049, 2049]","[2049, 2048, 2048, 2048, 2049, 2048, 2048]","[2049, 2049, 2048, 2049, 2049, 2049, 2048]",301.0
1221,9221,27,6,2023-10-08T17:14:24.455000+00:00,33.63,30.252,27.126,227.0,281.0,False,91.008,"[None, 2049, 2049, 2049, 2049, 2049, 2049, 2049, 2048]","[2049, 2049, 2049, 2049, 2049, 2049, 2048]","[2049, 2049, 2049, 2049, 2049, 2049]",315.0
1221,9221,23,6,2023-10-08T17:14:24.924000+00:00,34.064,31.701,26.945,224.0,273.0,False,92.71,"[2048, 2048, 2048, 2049, 2049, 2048, 2048, 2049, 2049]","[2049, 2049, 2049, 2048, 2048, 2048, 2048]","[2048, 2049, 2049, 2049, 2049, 2049, 2048]",311.0
1221,9221,2,6,2023-10-08T17:14:25.486000+00:00,33.89,31.449,27.389,227.0,275.0,False,92.728,"[None, 2049, 2049, 2049, 2049, 2049, 2049, 2049, 2049]","[2049, 2049, 2049, 2049, 2048, 2048, 2049]","[2048, 2048, 2048, 2049, 2049, 2049, 2048]",314.0
1221,9221,24,6,2023-10-08T17:14:26.190000+00:00,33.984,31.127,27.498,224.0,281.0,False,92.609,"[2048, 2048, 2048, 2049, 2049, 2049, 2049, 2049, 2049]","[2049, 2049, 2049, 2049, 2048, 2049, 2049]","[2048, 2048, 2048, 2049, 2049, 2049]",302.0
1221,9221,11,6,2023-10-08T17:14:26.815000+00:00,34.876,31.05,27.224,223.0,284.0,False,93.15,"[None, 2049, 2048, 2048, 2049, 2049, 2049, 2048, 2048]","[2048, 2048, 2049, 2048, 2049, 2049, 2049]","[2048, 2048, 2048, 2048, 2049, 2049, 2049]",308.0
1221,9221,63,6,2023-10-08T17:14:27.236000+00:00,34.059,30.784,27.056,225.0,279.0,False,91.899,"[2048, 2048, 2048, 2049, 2049, 2051, 2051, 2049, 2048]","[2049, 2049, 2049, 2049, 2049, 2049, 2049]","[2049, 2049, 2049, 2048, 2049, 2048, 2049]",298.0
1221,9221,77,6,2023-10-08T17:14:27.893000+00:00,34.26,31.138,27.175,221.0,279.0,False,92.573,"[2048, 2048, 2048, 2049, 2049, 2049, 2049, 2048, 2048]","[2048, 2048, 2049, 2048, 2049, 2048, 2048]","[2049, 2049, 2048, 2049, 2049, 2049, 2049]",296.0
1221,9221,20,6,2023-10-08T17:14:28.393000+00:00,34.327,31.145,27.098,225.0,285.0,False,92.57,"[None, 2048, 2048, 2049, 2049, 2048, 2049, 2048, 2049]","[2048, 2048, 2049, 2049, 2049, 2049, 2051]","[2049, 2049, 2049, 2048, 2049, 2049]",307.0
1221,9221,18,6,2023-10-08T17:14:29.002000+00:00,34.342,31.037,27.435,221.0,279.0,False,92.814,"[2048, 2048, 2048, 2049, 2049, 2049, 2049, 2048, 2048]","[2048, 2049, 2049, 2049, 2049, 2049, 2049]","[2048, 2049, 2049, 2049, 2049, 2049, 2048]",313.0
1221,9221,40,6,2023-10-08T17:14:29.971000+00:00,34.364,31.323,27.417,226.0,275.0,False,93.104,"[2048, 2048, 2048, 2049, 2049, 2049, 2049, 2049, 2049]","[2049, 2048, 2049, 2049, 2049, 2049, 2048]","[2048, 2049, 2049, 2049, 2049, 2049, 2048]",305.0
1221,9221,1,7,2023-10-08T17:15:47.376000+00:00,32.85,29.847,26.386,231.0,275.0,False,89.083,"[None, 2049, 2049, 2051, 2049, 2049, 2049, 2051, 2049]","[2049, 2049, 2051, 2049, 2051, 2051, 2049]","[2048, 2048, 2048, 2048, 2048, 2048, 2048]",299.0
1221,9221,81,7,2023-10-08T17:15:48.501000+00:00,32.795,30.061,26.7,233.0,276.0,False,89.556,"[None, 2049, 2049, 2049, 2048, 2051, 2048, 2049, 2049]","[2048, 2048, 2048, 2048, 2049, 2049, 2049]","[2048, 2048, 2048, 2048, 2049, 2048, 2048]",306.0
1221,9221,14,7,2023-10-08T17:15:49.689000+00:00,33.4,30.306,26.834,235.0,279.0,False,90.54,"[None, 2049, 2048, 2049, 2051, 2048, 2051, 2048, 2051]","[2048, 2048, 2048, 2049, 2048, 2048, 2048]","[2051, 2051, 2049, 2048, 2051, 2048, 2048]",
1221,9221,16,7,2023-10-08T17:15:51.142000+00:00,33.188,30.059,26.878,228.0,282.0,False,90.125,"[None, 2048, 2048, 2049, 2049, 2048, 2048, 2049, 2048]","[2049, 2048, 2048, 2048, 2048, 2049, 2048]","[2049, 2049, 2049, 2049, 2048, 2048, 2049]",300.0
1221,9221,31,7,2023-10-08T17:15:52.548000+00:00,33.475,30.108,26.839,,276.0,False,90.422,"[None, 2048, 2048, 2049, 2049, 2049, 2048, 2048, 2049]","[2051, 2048, 2049, 2048, 2048, 2048, 2048]","[2048, 2048, 2048, 2049, 2048, 2048, 2048]",294.0
1221,9221,4,7,2023-10-08T17:15:53.829000+00:00,33.169,30.417,26.798,,274.0,False,90.384,"[None, 2048, 2049, 2049, 2049, 2049, 2049, 2049, 2049]","[2049, 2048, 2049, 2048, 2049, 2049, 2048]","[2048, 2048, 2049, 2051, 2049, 2048, 2048]",306.0
1221,9221,10,7,2023-10-08T17:15:54.517000+00:00,33.589,30.197,26.808,,277.0,False,90.594,"[2049, 2048, 2048, 2049, 2049, 2048, 2048, 2048, 2048]","[2049, 2048, 2049, 2048, 2049, 2048, 2048]","[2049, 2049, 2048, 2049, 2048, 2049, 2049]",296.0
1221,9221,27,7,2023-10-08T17:15:55.407000+00:00,33.753,30.435,27.05,225.0,281.0,False,91.238,"[2048, 2048, 2048, 2048, 2049, 2048, 2048, 2049, 2048]","[2048, 2049, 2048, 2048, 2048, 2048, 2048]","[2049, 2049, 2049, 2049, 2048, 2048]",302.0
1221,9221,22,7,2023-10-08T17:15:56.548000+00:00,33.872,30.53,26.821,224.0,271.0,False,91.223,"[None, 2048, 2048, 2049, 2049, 2048, 2048, 2049, 2048]","[2049, 2048, 2049, 2048, 2049, 2049, 2048]","[2049, 2048, 2049, 2049, 2048, 2049, 2048]",303.0
1221,9221,23,7,2023-10-08T17:15:57.642000+00:00,33.6,30.626,26.5,223.0,273.0,False,90.726,"[None, 2048, 2048, 2049, 2049, 2049, 2048, 2049, 2048]","[2049, 2049, 2049, 2048, 2049, 2049, 2048]","[2049, 2049, 2049, 2049, 2049, 2049]",310.0
1221,9221,2,7,2023-10-08T17:15:58.251000+00:00,33.709,30.669,26.759,229.0,276.0,False,91.137,"[None, 2048, 2048, 2049, 2048, 2048, 2049, 2049, 2049]","[2049, 2049, 2049, 2049, 2049, 2049, 2048]","[2049, 2049, 2049, 2049, 2049, 2049, 2049]",311.0
1221,9221,24,7,2023-10-08T17:15:58.814000+00:00,33.809,30.58,26.854,222.0,279.0,False,91.243,"[None, 2048, 2048, 2049, 2049, 2049, 2049, 2049, 2048]","[2049, 2049, 2049, 2048, 2049, 2049, 2049]","[2049, 2049, 2049, 2049, 2049, 2049, 2049]",296.0
1221,9221,63,7,2023-10-08T17:15:59.064000+00:00,33.93,30.698,26.787,226.0,276.0,False,91.415,"[None, 2048, 2048, 2049, 2049, 2048, 2048, 2049, 2049]","[2049, 2048, 2049, 2049, 2049, 2048, 2048]","[2049, 2049, 2049, 2048, 2048, 2049, 2049]",307.0
1221,9221,11,7,2023-10-08T17:15:59.939000+00:00,33.815,30.606,26.846,221.0,280.0,False,91.267,"[None, 2048, 2048, 2049, 2049, 2049, 2049, 2049, 2049]","[2049, 2048, 2049, 2049, 2049, 2049, 2048]","[2049, 2049, 2049, 2049, 2049, 2049, 2049]",306.0
1221,9221,77,7,2023-10-08T17:16:00.470000+00:00,33.991,30.639,27.018,218.0,279.0,False,91.648,"[None, 2048, 2048, 2048, 2049, 2048, 2049, 2049, 2048]","[2048, 2049, 2049, 2049, 2049, 2049, 2048]","[2049, 2048, 2049, 2049, 2049, 2049, 2049]",298.0
1221,9221,20,7,2023-10-08T17:16:00.970000+00:00,34.369,31.006,27.001,226.0,281.0,False,92.376,"[None, 2048, 2048, 2048, 2048, 2049, 2048, 2048, 2049]","[2049, 2049, 2048, 2049, 2049, 2048, 2048]","[2049, 2048, 2048, 2049, 2048, 2049, 2048]",306.0
1221,9221,18,7,2023-10-08T17:16:01.798000+00:00,34.206,30.818,27.002,226.0,279.0,False,92.026,"[None, 2048, 2048, 2048, 2049, 2048, 2049, 2048, 2049]","[2048, 2049, 2049, 2049, 2049, 2048, 2048]","[2049, 2049, 2048, 2049, 2049, 2049, 2049]",312.0
1221,9221,40,7,2023-10-08T17:16:03.079000+00:00,34.226,30.983,26.971,,274.0,False,92.18,"[None, 2048, 2048, 2049, 2049, 2049, 2049, 2049, 2049]","[2049, 2049, 2049, 2049, 2049, 2049, 2048]","[2049, 2049, 2049, 2049, 2049, 2049, 2048]",299.0
1221,9221,1,8,2023-10-08T17:17:16.375000+00:00,33.037,29.899,26.426,229.0,275.0,False,89.362,"[None, 2049, 2049, 2048, 2048, 2048, 2048, 2048, 2048]","[2048, 2048, 2048, 2048, 2051, 2048, 2048]","[2048, 2049, 2048, 2048, 2048, 2048, 2048]",301.0
1221,9221,81,8,2023-10-08T17:17:18.094000+00:00,32.79,30.461,26.596,231.0,274.0,False,89.847,"[None, 2048, 2048, 2048, 2049, 2048, 2049, 2048, 2048]","[2048, 2049, 2048, 2048, 2049, 2048, 2048]","[2048, 2048, 2048, 2048, 2048, 2048, 2048]",
1221,9221,14,8,2023-10-08T17:17:20.266000+00:00,33.278,30.168,26.607,230.0,278.0,False,90.053,"[2048, 2048, 2048, 2048, 2048, 2048, 2048, 2048, 2048]","[2049, 2049, 2048, 2048, 2048, 2048, 2049]","[2048, 2048, 2048, 2048, 2048, 2048, 2048]",308.0
1221,9221,16,8,2023-10-08T17:17:21.250000+00:00,33.202,30.087,26.748,229.0,283.0,False,90.037,"[None, 2048, 2048, 2049, 2048, 2048, 2048, 2048, 2048]","[2048, 2048, 2048, 2048, 2048, 2049, 2049]","[2049, 2049, 2049, 2048, 2048, 2048, 2048]",302.0
1221,9221,31,8,2023-10-08T17:17:22.969000+00:00,33.467,30.142,26.695,225.0,277.0,False,90.304,"[None, 2048, 2048, 2049, 2049, 2049, 2048, 2048, 2048]","[2048, 2049, 2048, 2048, 2048, 2049, 2048]","[2048, 2048, 2048, 2049, 2049, 2049]",296.0
1221,9221,4,8,2023-10-08T17:17:24.234000+00:00,33.143,30.512,26.607,225.0,274.0,False,90.262,"[None, 2048, 2048, 2049, 2048, 2048, 2049, 2049, 2048]","[2048, 2049, 2048, 2049, 2049, 2048, 2048]","[2049, 2049, 2048, 2048, 2049, 2049, 2048]",307.0
1221,9221,10,8,2023-10-08T17:17:25.094000+00:00,33.225,30.271,26.954,,279.0,False,90.45,"[2049, 2049, 2049, 2048, 2048, 2048, 2048, 2049, 2048]","[2051, 2049, 2048, 2048, 2049, 2048, 2048]","[2049, 2049, 2048, 2048, 2048, 2048, 2048]",313.0
1221,9221,27,8,2023-10-08T17:17:26.688000+00:00,33.514,30.277,26.911,226.0,281.0,False,90.702,"[None, 2048, 2048, 2049, 2049, 2049, 2048, 2049, 2048]","[2049, 2049, 2048, 2048, 2048, 2049, 2048]","[2049, 2048, 2049, 2049, 2049, 2048]",301.0
1221,9221,22,8,2023-10-08T17:17:27.734000+00:00,33.734,30.391,26.556,225.0,272.0,False,90.681,"[None, 2048, 2049, 2048, 2049, 2048, 2048, 2049, 2049]","[2049, 2048, 2048, 2048, 2049, 2049, 2048]","[2049, 2048, 2048, 2049, 2049, 2048, 2048]",305.0
1221,9221,23,8,2023-10-08T17:17:28.375000+00:00,33.598,30.441,26.575,225.0,276.0,False,90.614,"[2049, 2049, 2049, 2048, 2048, 2048, 2049, 2049, 2048]","[2049, 2049, 2049, 2048, 2049, 2049, 2049]","[2048, 2049, 2048, 2048, 2048, 2048, 2048]",331.0
1221,9221,2,8,2023-10-08T17:17:29.359000+00:00,33.316,30.724,26.833,231.0,276.0,False,90.873,"[None, 2049, 2049, 2048, 2049, 2048, 2049, 2049, 2049]","[2049, 2049, 2048, 2049, 2048, 2048, 2048]","[2049, 2049, 2048, 2049, 2049, 2048, 2048]",328.0
1221,9221,24,8,2023-10-08T17:17:30.063000+00:00,33.309,31.303,26.82,227.0,280.0,False,91.432,"[2049, 2049, 2049, 2049, 2048, 2048, 2049, 2049, 2049]","[2048, 2048, 2048, 2049, 2048, 2048, 2048]","[2049, 2049, 2049, 2049, 2049, 2048, 2048]",326.0
1221,9221,63,8,2023-10-08T17:17:30.578000+00:00,32.996,30.503,26.553,238.0,283.0,False,90.052,"[2049, 2049, 2049, 2049, 2049, 2048, 2048, 2049, 2049]","[2048, 2049, 2049, 2048, 2049, 2049, 2049]","[2049, 2049, 2049, 2049, 2049, 2049]",321.0
1221,9221,11,8,2023-10-08T17:17:31.219000+00:00,33.195,30.941,26.668,229.0,279.0,False,90.804,"[None, 2049, 2049, 2048, 2049, 2048, 2049, 2049, 2049]","[2048, 2048, 2048, 2049, 2048, 2048, 2048]","[2049, 2049, 2048, 2049, 2049, 2049, 2049]",331.0
1221,9221,77,8,2023-10-08T17:17:32.125000+00:00,33.284,30.704,27.052,221.0,280.0,False,91.04,"[2049, 2049, 2049, 2049, 2049, 2049, 2048, 2049, 2048]","[2048, 2049, 2048, 2048, 2049, 2048, 2048]","[2048, 2048, 2049, 2049, 2049, 2048, 2048]",321.0
1221,9221,20,8,2023-10-08T17:17:33.359000+00:00,34.459,30.688,27.029,224.0,283.0,False,92.176,"[2048, 2048, 2048, 2049, 2048, 2049, 2048, 2048, 2048]","[2049, 2049, 2049, 2049, 2048, 2049, 2048]","[2048, 2048, 2049, 2048, 2048, 2048, 2048]",310.0
1221,9221,18,8,2023-10-08T17:17:33.875000+00:00,33.615,30.399,26.843,,275.0,False,90.857,"[2051, 2051, 2051, 2049, 2048, 2048, 2048, 2048, 2049]","[2049, 2049, 2049, 2048, 2048, 2049, 2048]","[2048, 2049, 2049, 2049, 2049, 2049]",335.0
1221,9221,40,8,2023-10-08T17:17:35.422000+00:00,33.939,30.705,26.768,229.0,277.0,False,91.412,"[None, 2048, 2048, 2049, 2049, 2049, 2049, 2049, 2049]","[2049, 2049, 2049, 2048, 2048, 2049, 2049]","[2049, 2049, 2051, 2048, 2049, 2048]",303.0
1221,9221,1,9,2023-10-08T17:18:45.812000+00:00,33.034,29.86,26.432,230.0,276.0,False,89.326,"[2048, 2048, 2048, 2048, 2048, 2048, 2049, 2048, 2048]","[2049, 2049, 2048, 2048, 2048, 2051, 2049]","[2048, 2048, 2048, 2048, 2048, 2048, 2048]",
1221,9221,81,9,2023-10-08T17:18:47.921000+00:00,32.92,30.171,26.459,,275.0,False,89.55,"[None, 2048, 2048, 2048, 2048, 2051, 2048, 2048, 2048]","[2048, 2048, 2048, 2048, 2048, 2048, 2048]","[2048, 2048, 2048, 2049, 2049, 2048, 2048]",296.0
1221,9221,14,9,2023-10-08T17:18:50.296000+00:00,32.935,30.055,26.614,232.0,280.0,False,89.604,"[None, 2049, 2048, 2049, 2048, 2049, 2048, 2048, 2048]","[2049, 2051, 2048, 2048, 2048, 2048, 2049]","[2048, 2048, 2048, 2048, 2048, 2048, 2048]",309.0
1221,9221,16,9,2023-10-08T17:18:51.312000+00:00,32.959,30.17,26.813,226.0,282.0,False,89.942,"[2049, 2049, 2049, 2048, 2048, 2049, 2048, 2048, 2048]","[2048, 2048, 2048, 2048, 2048, 2048, 2049]","[2048, 2048, 2048, 2049, 2048, 2048, 2048]",321.0
1221,9221,31,9,2023-10-08T17:18:53.249000+00:00,33.397,30.173,26.731,226.0,277.0,False,90.301,"[None, 2048, 2048, 2049, 2049, 2049, 2048, 2048, 2048]","[2051, 2048, 2048, 2048, 2048, 2048, 2048]","[2048, 2048, 2049, 2049, 2049, 2048]",
1221,9221,4,9,2023-10-08T17:18:54.515000+00:00,33.079,30.359,26.602,228.0,275.0,False,90.04,"[None, 2049, 2049, 2049, 2051, 2048, 2049, 2048, 2048]","[2049, 2048, 2048, 2048, 2049, 2048, 2048]","[2048, 2048, 2049, 2051, 2048, 2048, 2048]",308.0
1221,9221,10,9,2023-10-08T17:18:55.546000+00:00,33.21,30.308,26.704,,281.0,False,90.222,"[2048, 2049, 2049, 2048, 2049, 2049, 2048, 2048, 2048]","[2048, 2048, 2048, 2048, 2048, 2049, 2048]","[2049, 2049, 2048, 2048, 2049, 2048]",314.0
1221,9221,27,9,2023-10-08T17:18:57.405000+00:00,33.56,30.496,27.028,221.0,279.0,False,91.084,"[None, 2048, 2048, 2049, 2049, 2048, 2048, 2048, 2048]","[2049, 2049, 2048, 2048, 2048, 2048, 2048]","[2049, 2048, 2048, 2048, 2048, 2048, 2048]",298.0
1221,9221,22,9,2023-10-08T17:18:58.405000+00:00,33.818,30.565,30.723,228.0,270.0,False,95.106,"[None, 2048, 2049, 2048, 2048, 2048, 2048, 2048, 2049]","[2048, 2048, 2048, 2048, 2049, 2048, 2048]","[2049, 2049, 2049, 2048, 2048, 2048, 2064]",304.0
1221,9221,23,9,2023-10-08T17:18:58.952000+00:00,33.747,30.56,26.743,224.0,276.0,False,91.05,"[None, 2049, 2049, 2048, 2048, 2048, 2049, 2048, 2048]","[2048, 2048, 2048, 2048, 2049, 2049, 2048]","[2048, 2048, 2049, 2048, 2049, 2048]",332.0
1221,9221,2,9,2023-10-08T17:19:00.265000+00:00,34.022,30.776,26.901,226.0,278.0,False,91.699,"[2048, 2048, 2048, 2048, 2049, 2048, 2049, 2048, 2048]","[2048, 2048, 2048, 2048, 2048, 2049, 2048]","[2049, 2048, 2048, 2048, 2048, 2048]",311.0
1221,9221,63,9,2023-10-08T17:19:00.499000+00:00,32.887,30.39,26.828,228.0,274.0,False,90.105,"[None, 2049, 2049, 2049, 2049, 2048, 2048, 2049, 2048]","[2049, 2048, 2049, 2048, 2048, 2049, 2048]","[2048, 2048, 2049, 2049, 2048, 2048]",328.0
1221,9221,24,9,2023-10-08T17:19:01.468000+00:00,33.421,30.761,26.89,225.0,281.0,False,91.072,"[None, 2049, 2049, 2048, 2048, 2049, 2048, 2048, 2048]","[2048, 2049, 2048, 2048, 2049, 2048, 2048]","[2049, 2049, 2048, 2048, 2048, 2048]",329.0
1221,9221,11,9,2023-10-08T17:19:02.062000+00:00,33.28,30.816,26.759,227.0,279.0,False,90.855,"[None, 2049, 2049, 2048, 2048, 2049, 2049, 2048, 2048]","[2049, 2048, 2048, 2049, 2048, 2048, 2048]","[2049, 2049, 2049, 2048, 2048, 2048]",
1221,9221,77,9,2023-10-08T17:19:03.155000+00:00,33.961,30.488,26.828,220.0,279.0,False,91.277,"[2048, 2048, 2048, 2048, 2049, 2049, 2049, 2048, 2048]","[2048, 2049, 2048, 2049, 2049, 2048, 2048]","[2049, 2049, 2049, 2048, 2048, 2049, 2048]",302.0
1221,9221,18,9,2023-10-08T17:19:04.624000+00:00,33.434,30.366,27.006,227.0,279.0,False,90.806,"[2048, 2048, 2048, 2049, 2049, 2049, 2049, 2049, 2048]","[2049, 2049, 2048, 2048, 2048, 2049, 2048]","[2048, 2048, 2049, 2048, 2048, 2048, 2048]",312.0
1221,9221,20,9,2023-10-08T17:19:05.499000+00:00,33.694,30.478,27.329,225.0,283.0,False,91.501,"[2049, 2049, 2049, 2049, 2049, 2048, 2048, 2048, 2048]","[2049, 2048, 2049, 2048, 2049, 2048, 2048]","[2048, 2048, 2048, 2048, 2049, 2048, 2048]",322.0
1221,9221,40,9,2023-10-08T17:19:06.671000+00:00,33.877,30.529,26.719,226.0,274.0,False,91.125,"[2049, 2048, 2048, 2049, 2049, 2049, 2049, 2048, 2048]","[2049, 2048, 2048, 2049, 2049, 2049, 2048]","[2048, 2051, 2048, 2048, 2048, 2049]",302.0
1221,9221,1,10,2023-10-08T17:20:15.154000+00:00,33.02,29.859,26.578,229.0,276.0,False,89.457,"[2049, 2048, 2049, 2048, 2048, 2048, 2048, 2048, 2048]","[2049, 2049, 2048, 2048, 2048, 2051, 2049]","[2048, 2048, 2048, 2048, 2048, 2048, 2048]",300.0
1221,9221,81,10,2023-10-08T17:20:17.467000+00:00,32.854,30.182,26.486,,276.0,False,89.522,"[None, 2048, 2048, 2048, 2049, 2048, 2048, 2048, 2048]","[2048, 2048, 2048, 2048, 2048, 2048, 2048]","[2048, 2048, 2048, 2049, 2051, 2048, 2048]",305.0
1221,9221,14,10,2023-10-08T17:20:19.920000+00:00,33.163,30.219,26.573,229.0,279.0,False,89.955,"[None, 2048, 2048, 2048, 2048, 2048, 2048, 2048, 2048]","[2048, 2048, 2048, 2048, 2048, 2048, 2048]","[2048, 2048, 2048, 2048, 2048, 2048]",308.0
1221,9221,16,10,2023-10-08T17:20:21.248000+00:00,33.134,30.098,26.695,,282.0,False,89.927,"[2048, 2048, 2048, 2049, 2049, 2049, 2048, 2048, 2048]","[2049, 2048, 2048, 2048, 2049, 2048, 2048]","[2049, 2048, 2048, 2049, 2048, 2048, 2048]",300.0
1221,9221,31,10,2023-10-08T17:20:23.561000+00:00,33.49,29.989,30.929,227.0,280.0,False,94.408,"[None, 2048, 2048, 2048, 2048, 2048, 2048, 2048, 2048]","[2048, 2048, 2048, 2051, 2049, 2049, 2048]","[2051, 2051, 2049, 2048, 2049, 2048, 2064]",294.0
1221,9221,4,10,2023-10-08T17:20:24.529000+00:00,33.127,30.491,26.492,,275.0,False,90.11,"[2049, 2049, 2049, 2048, 2048, 2048, 2048, 2048, 2049]","[2048, 2048, 2048, 2049, 2049, 2048, 2048]","[2049, 2049, 2051, 2051, 2049, 2048]",325.0
1221,9221,10,10,2023-10-08T17:20:25.811000+00:00,33.536,30.124,26.756,225.0,279.0,False,90.416,"[None, 2048, 2048, 2049, 2049, 2049, 2048, 2048, 2048]","[2051, 2048, 2048, 2048, 2048, 2049, 2048]","[2048, 2048, 2049, 2049, 2049, 2048]",297.0
1221,9221,27,10,2023-10-08T17:20:28.482000+00:00,33.592,30.501,26.868,225.0,280.0,False,90.961,"[None, 2048, 2048, 2048, 2048, 2049, 2048, 2048, 2048]","[2048, 2048, 2048, 2048, 2048, 2048, 2048]","[2048, 2049, 2049, 2049, 2049, 2048, 2048]",299.0
1221,9221,23,10,2023-10-08T17:20:29.920000+00:00,33.068,30.603,26.574,,274.0,False,90.245,"[2048, 2048, 2048, 2049, 2049, 2048, 2048, 2048, 2048]","[2048, 2048, 2048, 2048, 2049, 2049, 2048]","[2049, 2048, 2049, 2048, 2048, 2048, 2048]",327.0
1221,9221,63,10,2023-10-08T17:20:30.639000+00:00,33.023,30.535,26.532,231.0,281.0,False,90.09,"[2048, 2048, 2048, 2048, 2049, 2048, 2048, 2048, 2048]","[2048, 2049, 2048, 2048, 2049, 2048, 2048]","[2049, 2049, 2048, 2048, 2049, 2048, 2048]",323.0
1221,9221,2,10,2023-10-08T17:20:31.857000+00:00,33.557,30.869,26.738,225.0,276.0,False,91.164,"[None, 2048, 2048, 2049, 2049, 2049, 2048, 2048, 2048]","[2048, 2049, 2048, 2048, 2049, 2048, 2048]","[2048, 2049, 2048, 2048, 2048, 2048, 2048]",312.0
1221,9221,24,10,2023-10-08T17:20:32.420000+00:00,33.595,30.872,26.963,222.0,275.0,False,91.43,"[None, 2048, 2048, 2048, 2048, 2048, 2048, 2048, 2048]","[2048, 2048, 2048, 2048, 2048, 2048, 2048]","[2048, 2048, 2048, 2049, 2048, 2048]",328.0
1221,9221,11,10,2023-10-08T17:20:32.795000+00:00,33.701,30.977,26.894,224.0,279.0,False,91.572,"[2051, 2051, 2051, 2048, 2048, 2049, 2048, 2048, 2048]","[2048, 2049, 2048, 2048, 2048, 2048, 2048]","[2048, 2048, 2049, 2049, 2049, 2048, 2048]",340.0
1221,9221,22,10,2023-10-08T17:20:33.482000+00:00,54.997,30.371,26.837,225.0,263.0,True,112.205,"[2064, 2064, 2048, 2048, 2048, 2048, 2048, 2049, 2048]","[2048, 2048, 2049, 2048, 2049, 2048, 2048]","[2048, 2048, 2048, 2049, 2049, 2049, 2048]",175.0
1221,9221,77,10,2023-10-08T17:20:34.420000+00:00,33.371,30.617,26.97,218.0,279.0,False,90.958,"[None, 2048, 2048, 2049, 2048, 2049, 2048, 2049, 2048]","[2048, 2048, 2048, 2048, 2048, 2049, 2048]","[2048, 2048, 2049, 2049, 2048, 2048]",305.0
1221,9221,18,10,2023-10-08T17:20:35.482000+00:00,33.539,30.478,26.981,228.0,279.0,False,90.998,"[None, 2048, 2048, 2048, 2048, 2049, 2048, 2048, 2048]","[2049, 2048, 2048, 2048, 2048, 2049, 2049]","[2048, 2048, 2049, 2049, 2049, 2048]",313.0
1221,9221,20,10,2023-10-08T17:20:37.060000+00:00,33.981,30.558,26.979,226.0,280.0,False,91.518,"[2048, 2048, 2048, 2049, 2049, 2049, 2048, 2048, 2049]","[2048, 2048, 2048, 2049, 2048, 2048, 2048]","[2048, 2048, 2048, 2048, 2048, 2049, 2048]",300.0
1221,9221,40,10,2023-10-08T17:20:37.810000+00:00,33.861,30.701,26.669,227.0,276.0,False,91.231,"[None, 2049, 2049, 2048, 2048, 2048, 2048, 2048, 2048]","[2048, 2049, 2048, 2048, 2049, 2048, 2048]","[2049, 2048, 2048, 2048, 2049, 2049]",322.0
1221,9221,1,11,2023-10-08T17:21:44.607000+00:00,33.039,29.873,26.445,228.0,276.0,False,89.357,"[2048, 2048, 2048, 2048, 2049, 2049, 2049, 2048, 2048]","[2048, 2049, 2048, 2048, 2048, 2048, 2049]","[2048, 2048, 2048, 2049, 2048, 2048, 2048]",302.0
1221,9221,81,11,2023-10-08T17:21:46.982000+00:00,33.01,30.259,26.614,,276.0,False,89.883,"[None, 2048, 2048, 2048, 2048, 2048, 2048, 2048, 2049]","[2048, 2048, 2048, 2048, 2048, 2048, 2048]","[2048, 2048, 2048, 2048, 2048, 2048, 2048]",306.0
1221,9221,14,11,2023-10-08T17:21:49.857000+00:00,32.966,30.024,31.075,231.0,279.0,False,94.065,"[None, 2048, 2048, 2048, 2048, 2049, 2048, 2048, 2048]","[2049, 2048, 2048, 2048, 2048, 2048, 2048]","[2048, 2048, 2049, 2048, 2048, 2048, 2064]",
1221,9221,16,11,2023-10-08T17:21:51.153000+00:00,32.941,30.004,26.657,229.0,283.0,False,89.602,"[None, 2048, 2048, 2048, 2049, 2049, 2049, 2048, 2048]","[2049, 2049, 2048, 2048, 2048, 2048, 2049]","[2051, 2049, 2049, 2049, 2049, 2048]",305.0
1221,9221,4,11,2023-10-08T17:21:54.528000+00:00,32.973,30.272,26.151,229.0,274.0,False,89.396,"[2048, 2048, 2048, 2049, 2048, 2049, 2048, 2049, 2048]","[2049, 2049, 2049, 2049, 2048, 2048, 2048]","[2049, 2051, 2051, 2051, 2051, 2049]",305.0
1221,9221,10,11,2023-10-08T17:21:56.091000+00:00,33.46,29.967,30.726,223.0,280.0,False,94.153,"[None, 2048, 2048, 2049, 2049, 2048, 2048, 2048, 2048]","[2051, 2049, 2048, 2048, 2049, 2048, 2048]","[2049, 2049, 2049, 2048, 2049, 2048, 2064]",299.0
1221,9221,31,11,2023-10-08T17:21:57.935000+00:00,56.59,30.418,26.629,226.0,277.0,True,113.637,"[2064, 2064, 2048, 2048, 2048, 2048, 2048, 2048, 2048]","[2048, 2048, 2048, 2048, 2048, 2048, 2048]","[2048, 2048, 2048, 2048, 2048, 2049, 2049]",169.0
1221,9221,27,11,2023-10-08T17:21:59.435000+00:00,33.611,30.327,26.769,226.0,278.0,False,90.707,"[None, 2048, 2048, 2048, 2048, 2048, 2048, 2048, 2048]","[2048, 2048, 2048, 2048, 2049, 2048, 2048]","[2049, 2049, 2049, 2049, 2048, 2048]",296.0
1221,9221,23,11,2023-10-08T17:22:00.388000+00:00,33.426,30.648,26.447,,276.0,False,90.521,"[None, 2048, 2048, 2048, 2048, 2048, 2049, 2048, 2048]","[2048, 2049, 2048, 2048, 2049, 2048, 2048]","[2049, 2049, 2048, 2049, 2049, 2048]",328.0
1221,9221,63,11,2023-10-08T17:22:00.810000+00:00,33.382,30.554,26.618,225.0,277.0,False,90.554,"[None, 2048, 2048, 2048, 2048, 2048, 2048, 2048, 2048]","[2048, 2048, 2048, 2048, 2048, 2048, 2048]","[2048, 2049, 2049, 2048, 2048, 2048, 2048]",317.0
1221,9221,2,11,2023-10-08T17:22:03.091000+00:00,33.347,30.858,26.897,227.0,276.0,False,91.102,"[None, 2048, 2048, 2049, 2049, 2048, 2048, 2048, 2048]","[2049, 2048, 2048, 2049, 2049, 2048, 2048]","[2049, 2048, 2049, 2048, 2048, 2048]",309.0
1221,9221,24,11,2023-10-08T17:22:03.981000+00:00,33.359,30.611,26.957,224.0,279.0,False,90.927,"[2048, 2048, 2048, 2048, 2049, 2048, 2048, 2049, 2048]","[2049, 2049, 2048, 2048, 2049, 2048, 2048]","[2049, 2048, 2049, 2048, 2048, 2048, 2048]",326.0
1221,9221,11,11,2023-10-08T17:22:04.434000+00:00,33.491,30.652,26.674,222.0,280.0,False,90.817,"[2048, 2048, 2048, 2048, 2048, 2048, 2048, 2048, 2048]","[2049, 2048, 2049, 2048, 2048, 2048, 2048]","[2049, 2049, 2048, 2049, 2049, 2048]",334.0
1221,9221,77,11,2023-10-08T17:22:05.372000+00:00,33.484,30.655,27.088,217.0,275.0,False,91.227,"[2049, 2049, 2049, 2048, 2048, 2048, 2048, 2048, 2048]","[2048, 2048, 2048, 2048, 2048, 2048, 2048]","[2048, 2048, 2048, 2048, 2048, 2048]",327.0
1221,9221,18,11,2023-10-08T17:22:06.434000+00:00,33.468,30.456,27.007,,280.0,False,90.931,"[None, 2048, 2048, 2048, 2048, 2049, 2049, 2048, 2048]","[2048, 2048, 2048, 2048, 2049, 2048, 2049]","[2048, 2048, 2048, 2048, 2049, 2048]",
1221,9221,20,11,2023-10-08T17:22:08.559000+00:00,33.865,30.367,26.726,,281.0,False,90.958,"[None, 2048, 2048, 2048, 2049, 2049, 2048, 2048, 2048]","[2049, 2049, 2048, 2049, 2049, 2048, 2048]","[2049, 2049, 2049, 2049, 2049, 2048]",
1221,9221,40,11,2023-10-08T17:22:08.903000+00:00,33.94,30.515,26.651,229.0,277.0,False,91.106,"[None, 2049, 2049, 2048, 2048, 2048, 2048, 2048, 2048]","[2048, 2049, 2048, 2049, 2049, 2049, 2048]","[2049, 2048, 2048, 2048, 2048, 2048]",329.0
1221,9221,22,11,2023-10-08T17:22:25.700000+00:00,33.743,30.538,26.371,227.0,262.0,False,90.652,"[2048, 2048, 2048, 2049, 2049, 2048, 2048, 2048, 2048]","[2049, 2048, 2048, 2048, 2048, 2048, 2048]","[2048, 2049, 2049, 2049, 2049, 2049, 2048]",298.0
1221,9221,1,12,2023-10-08T17:23:13.965000+00:00,32.949,29.837,26.416,,276.0,False,89.202,"[2049, 2049, 2048, 2048, 2048, 2049, 2048, 2048, 2048]","[2048, 2049, 2048, 2048, 2048, 2048, 2048]","[2048, 2048, 2048, 2048, 2048, 2048, 2048]",299.0
1221,9221,81,12,2023-10-08T17:23:16.887000+00:00,32.673,29.983,30.376,233.0,276.0,False,93.032,"[None, 2048, 2048, 2048, 2049, 2049, 2049, 2049, 2049]","[2049, 2049, 2048, 2049, 2049, 2048, 2049]","[2049, 2051, 2049, 2048, 2048, 2048, 2064]",305.0
1221,9221,16,12,2023-10-08T17:23:20.652000+00:00,33.234,29.855,30.562,225.0,281.0,False,93.651,"[None, 2048, 2048, 2048, 2048, 2048, 2048, 2049, 2048]","[2048, 2049, 2048, 2049, 2049, 2048, 2048]","[2049, 2049, 2049, 2049, 2049, 2048, 2064]",297.0
1221,9221,14,12,2023-10-08T17:23:23.934000+00:00,55.774,30.278,26.526,231.0,276.0,True,112.578,"[2064, 2064, 2048, 2048, 2048, 2048, 2048, 2048, 2048]","[2048, 2048, 2048, 2048, 2048, 2048, 2048]","[2048, 2048, 2048, 2048, 2049, 2049, 0]",180.0
1221,9221,4,12,2023-10-08T17:23:24.059000+00:00,32.82,30.112,26.263,230.0,274.0,False,89.195,"[None, 2048, 2048, 2049, 2051, 2049, 2048, 2048, 2049]","[2048, 2048, 2048, 2048, 2048, 2048, 2048]","[2049, 2049, 2051, 2048, 2048, 2048]",306.0
1221,9221,27,12,2023-10-08T17:23:30.059000+00:00,33.493,30.171,26.623,227.0,278.0,False,90.287,"[None, 2048, 2048, 2048, 2048, 2048, 2048, 2049, 2049]","[2049, 2048, 2048, 2048, 2049, 2048, 2048]","[2049, 2049, 2049, 2049, 2048, 2048]",302.0
1221,9221,10,12,2023-10-08T17:23:30.324000+00:00,56.291,30.588,26.728,224.0,277.0,True,113.607,"[2064, 2064, 2048, 2048, 2048, 2048, 2048, 2048, 2048]","[2048, 2048, 2048, 2048, 2048, 2048, 2048]","[2048, 2048, 2048, 2048, 2048, 2049, 2048]",173.0
1221,9221,23,12,2023-10-08T17:23:30.684000+00:00,33.595,31.355,26.743,220.0,276.0,False,91.693,"[None, 2048, 2049, 2048, 2048, 2048, 2048, 2048, 2048]","[2048, 2048, 2048, 2048, 2048, 2048, 2048]","[2048, 2048, 2048, 2048, 2048, 2048, 2048]",329.0
1221,9221,63,12,2023-10-08T17:23:31.293000+00:00,33.177,30.149,26.266,235.0,279.0,False,89.592,"[None, 2048, 2048, 2048, 2049, 2051, 2048, 2048, 2048]","[2048, 2049, 2049, 2049, 2049, 2048, 2048]","[2051, 2049, 2049, 2049, 2049, 2048]",314.0
1221,9221,2,12,2023-10-08T17:23:34.090000+00:00,33.474,30.547,26.677,,276.0,False,90.698,"[None, 2048, 2048, 2048, 2048, 2048, 2048, 2049, 2048]","[2049, 2049, 2048, 2049, 2048, 2048, 2048]","[2049, 2049, 2049, 2048, 2048, 2048]",
1221,9221,24,12,2023-10-08T17:23:34.777000+00:00,33.616,30.472,26.734,223.0,279.0,False,90.822,"[None, 2048, 2048, 2048, 2048, 2048, 2048, 2048, 2048]","[2049, 2049, 2048, 2048, 2049, 2048, 2048]","[2049, 2049, 2049, 2048, 2049, 2048]",321.0
1221,9221,11,12,2023-10-08T17:23:35.168000+00:00,33.664,30.95,26.471,226.0,278.0,False,91.085,"[2051, 2048, 2048, 2048, 2048, 2049, 2048, 2048, 2048]","[2048, 2048, 2048, 2048, 2048, 2048, 2048]","[2048, 2049, 2049, 2049, 2048, 2048, 2048]",337.0
1221,9221,77,12,2023-10-08T17:23:36.496000+00:00,33.943,30.604,26.742,216.0,277.0,False,91.289,"[2048, 2048, 2048, 2048, 2048, 2048, 2048, 2048, 2048]","[2048, 2048, 2048, 2049, 2048, 2049, 2048]","[2049, 2048, 2049, 2049, 2048, 2048, 2048]",296.0
1221,9221,18,12,2023-10-08T17:23:37.324000+00:00,33.873,30.581,26.952,224.0,280.0,False,91.406,"[None, 2048, 2048, 2048, 2048, 2048, 2048, 2048, 2048]","[2048, 2048, 2048, 2049, 2049, 2048, 2048]","[2048, 2048, 2048, 2048, 2048, 2048, 2048]",332.0
1221,9221,20,12,2023-10-08T17:23:39.402000+00:00,33.985,30.855,27.179,222.0,278.0,False,92.019,"[None, 2048, 2048, 2048, 2048, 2048, 2048, 2049, 2048]","[2048, 2048, 2048, 2048, 2048, 2048, 2048]","[2048, 2048, 2048, 2048, 2048, 2048]",301.0
1221,9221,40,12,2023-10-08T17:23:40.043000+00:00,33.833,30.97,27.033,227.0,274.0,False,91.836,"[2048, 2048, 2048, 2048, 2048, 2048, 2048, 2048, 2048]","[2048, 2048, 2048, 2048, 2048, 2048, 2048]","[2048, 2048, 2048, 2048, 2048, 2048]",324.0
1221,9221,31,12,2023-10-08T17:23:51.590000+00:00,33.385,30.007,26.541,,279.0,False,89.933,"[2048, 2048, 2048, 2048, 2048, 2048, 2048, 2049, 2048]","[2048, 2048, 2049, 2051, 2048, 2049, 2048]","[2048, 2048, 2048, 2048, 2048, 2048, 2048]",301.0
1221,9221,22,12,2023-10-08T17:23:56.355000+00:00,33.075,30.103,26.354,231.0,270.0,False,89.532,"[None, 2048, 2048, 2049, 2049, 2048, 2048, 2049, 2049]","[2049, 2049, 2049, 2049, 2048, 2048, 2048]","[2048, 2049, 2048, 2048, 2048, 2048, 2048]",300.0
1221,9221,1,13,2023-10-08T17:24:43.167000+00:00,32.728,29.829,26.458,230.0,277.0,False,89.015,"[2048, 2048, 2048, 2051, 2048, 2049, 2049, 2049, 2048]","[2048, 2048, 2048, 2048, 2048, 2051, 2049]","[2048, 2048, 2048, 2048, 2048, 2048]",300.0
1221,9221,81,13,2023-10-08T17:24:49.948000+00:00,56.826,30.792,26.809,232.0,280.0,True,114.427,"[2064, 2064, 2048, 2048, 2048, 2048, 2048, 2048, 2048]","[2048, 2048, 2048, 2048, 2048, 2048, 2049]","[2048, 2048, 2048, 2048, 2048, 2048, 2049]",172.0
1221,9221,4,13,2023-10-08T17:24:53.136000+00:00,32.665,29.82,30.305,231.0,274.0,False,92.79,"[None, 2048, 2048, 2049, 2048, 2048, 2048, 2051, 2049]","[2049, 2048, 2049, 2048, 2049, 2049, 2048]","[2048, 2049, 2051, 2051, 2051, 2048, 2064]",303.0
1221,9221,16,13,2023-10-08T17:24:54.401000+00:00,56.123,30.489,26.554,223.0,282.0,True,113.166,"[2064, 2064, 2048, 2048, 2048, 2048, 2048, 2048, 2048]","[2048, 2048, 2048, 2048, 2048, 2048, 2048]","[2048, 2048, 2048, 2048, 2048, 2049, 2049]",174.0
1221,9221,27,13,2023-10-08T17:25:00.323000+00:00,34.207,30.906,31.133,226.0,280.0,False,96.246,"[None, 2048, 2048, 2048, 2048, 2048, 2048, 2048, 2048]","[2048, 2048, 2048, 2048, 2048, 2048, 2048]","[2048, 2048, 2048, 2048, 2048, 2048, 2064]",304.0
1221,9221,63,13,2023-10-08T17:25:00.870000+00:00,32.686,29.774,26.282,228.0,275.0,False,88.742,"[None, 2048, 2048, 2048, 2049, 2048, 2048, 2049, 2048]","[2051, 2048, 2051, 2048, 2049, 2048, 2048]","[2048, 2049, 2048, 2049, 2049, 2049, 2048]",325.0
1221,9221,23,13,2023-10-08T17:25:02.370000+00:00,33.576,30.465,26.611,222.0,273.0,False,90.652,"[None, 2048, 2048, 2048, 2048, 2048, 2048, 2048, 2048]","[2049, 2049, 2048, 2048, 2048, 2048, 2048]","[2048, 2048, 2048, 2048, 2048, 2048]",311.0
1221,9221,2,13,2023-10-08T17:25:04.823000+00:00,33.3,30.705,30.906,,276.0,False,94.911,"[None, 2048, 2048, 2048, 2049, 2049, 2048, 2049, 2048]","[2048, 2048, 2048, 2048, 2048, 2048, 2048]","[2049, 2049, 2048, 2048, 2048, 2048, 2064]",308.0
1221,9221,24,13,2023-10-08T17:25:05.604000+00:00,33.458,30.526,26.622,,272.0,False,90.606,"[None, 2048, 2048, 2048, 2048, 2048, 2048, 2049, 2048]","[2049, 2048, 2048, 2048, 2049, 2048, 2048]","[2048, 2049, 2049, 2049, 2048, 2048, 2048]",326.0
1221,9221,11,13,2023-10-08T17:25:06.339000+00:00,33.347,30.631,26.556,228.0,277.0,False,90.534,"[2048, 2048, 2048, 2048, 2049, 2048, 2048, 2048, 2048]","[2049, 2049, 2048, 2049, 2049, 2048, 2048]","[2049, 2049, 2049, 2048, 2048, 2048, 2048]",330.0
1221,9221,77,13,2023-10-08T17:25:07.823000+00:00,33.838,30.684,26.62,210.0,278.0,False,91.142,"[None, 2048, 2048, 2048, 2048, 2048, 2048, 2048, 2048]","[2048, 2048, 2048, 2049, 2048, 2048, 2048]","[2048, 2048, 2049, 2048, 2049, 2048]",298.0
1221,9221,18,13,2023-10-08T17:25:08.761000+00:00,33.548,30.706,26.813,,278.0,False,91.067,"[None, 2048, 2048, 2048, 2048, 2048, 2048, 2048, 2048]","[2048, 2048, 2048, 2048, 2048, 2048, 2048]","[2048, 2048, 2048, 2049, 2049, 2048]",329.0
1221,9221,20,13,2023-10-08T17:25:11.401000+00:00,33.896,30.785,26.93,226.0,280.0,False,91.611,"[None, 2048, 2048, 2048, 2049, 2048, 2048, 2048, 2049]","[2048, 2049, 2048, 2048, 2048, 2048, 2048]","[2048, 2049, 2048, 2048, 2049, 2048]",307.0
1221,9221,40,13,2023-10-08T17:25:11.870000+00:00,34.166,30.995,27.116,225.0,274.0,False,92.277,"[None, 2048, 2048, 2048, 2048, 2048, 2048, 2048, 2048]","[2048, 2048, 2048, 2048, 2048, 2048, 2048]","[2048, 2048, 2048, 2048, 2049, 2048]",
1221,9221,14,13,2023-10-08T17:25:16.495000+00:00,33.559,30.253,26.325,229.0,276.0,False,90.137,"[2049, 2049, 2049, 2048, 2048, 2049, 2051, 2048, 2048]","[2048, 2048, 2048, 2048, 2048, 2048, 2048]","[2048, 2049, 2049, 2048, 2048, 2049]",309.0
1221,9221,31,13,2023-10-08T17:25:21.432000+00:00,33.5,30.087,26.156,227.0,278.0,False,89.743,"[None, 2048, 2048, 2048, 2048, 2048, 2048, 2048, 2049]","[2048, 2048, 2048, 2048, 2048, 2048, 2048]","[2048, 2049, 2049, 2049, 2049, 2051, 2049]",293.0
1221,9221,10,13,2023-10-08T17:25:23.932000+00:00,33.225,29.741,26.214,226.0,278.0,False,89.18,"[2048, 2048, 2048, 2049, 2049, 2049, 2048, 2048, 2049]","[2048, 2048, 2049, 2049, 2049, 2049, 2048]","[2048, 2048, 2049, 2048, 2049, 2049, 2048]",294.0
1221,9221,22,13,2023-10-08T17:25:25.917000+00:00,33.348,30.197,26.517,228.0,270.0,False,90.062,"[None, 2048, 2048, 2048, 2048, 2048, 2048, 2048, 2048]","[2048, 2048, 2048, 2048, 2049, 2048, 2048]","[2048, 2048, 2048, 2049, 2049, 2048, 2048]",304.0
1221,9221,1,14,2023-10-08T17:26:12.182000+00:00,32.952,29.835,26.336,226.0,275.0,False,89.123,"[None, 2048, 2048, 2048, 2048, 2048, 2048, 2048, 2048]","[2048, 2048, 2048, 2048, 2048, 2048, 2048]","[2049, 2049, 2049, 2048, 2048, 2048, 2048]",301.0
1221,9221,4,14,2023-10-08T17:26:25.932000+00:00,55.691,30.382,26.705,227.0,276.0,True,112.778,"[2064, 2064, 2048, 2048, 2048, 2048, 2048, 2048, 2048]","[2048, 2048, 2048, 2048, 2048, 2048, 2048]","[2048, 2048, 2048, 2048, 2048, 2048, 0]",173.0
1221,9221,63,14,2023-10-08T17:26:29.635000+00:00,32.719,29.537,29.991,231.0,277.0,False,92.247,"[None, 2048, 2048, 2049, 2051, 2048, 2048, 2049, 2048]","[2051, 2049, 2048, 2049, 2051, 2049, 2048]","[2051, 2049, 2048, 2049, 2051, 2048, 2064]",298.0
1221,9221,23,14,2023-10-08T17:26:33.088000+00:00,32.934,30.175,26.526,221.0,274.0,False,89.635,"[None, 2048, 2048, 2049, 2049, 2049, 2048, 2049, 2048]","[2049, 2049, 2049, 2049, 2049, 2048, 2048]","[2048, 2048, 2049, 2048, 2049, 2048]",324.0
1221,9221,24,14,2023-10-08T17:26:36.244000+00:00,33.361,30.46,26.379,221.0,267.0,False,90.2,"[None, 2048, 2048, 2048, 2049, 2048, 2048, 2049, 2048]","[2049, 2048, 2048, 2048, 2049, 2049, 2048]","[2048, 2049, 2049, 2049, 2048, 2048]",321.0
1221,9221,27,14,2023-10-08T17:26:36.541000+00:00,67.291,30.707,26.998,227.0,278.0,True,124.996,"[2064, 2064, 2048, 2048, 2048, 2048, 2048, 2048, 2049]","[2048, 2048, 2048, 2048, 2048, 2048, 2048]","[2048, 2048, 2048, 2048, 2048, 2049, 2048]",169.0
1221,9221,11,14,2023-10-08T17:26:36.791000+00:00,33.286,30.62,26.29,224.0,276.0,False,90.196,"[None, 2048, 2048, 2049, 2048, 2048, 2048, 2048, 2048]","[2049, 2049, 2048, 2048, 2048, 2048, 2048]","[2048, 2048, 2049, 2049, 2049, 2048, 2048]",
1221,9221,77,14,2023-10-08T17:26:38.931000+00:00,33.466,30.349,26.63,217.0,277.0,False,90.445,"[None, 2048, 2048, 2048, 2049, 2049, 2048, 2048, 2048]","[2048, 2049, 2048, 2049, 2049, 2049, 2048]","[2049, 2048, 2048, 2049, 2049, 2048, 2048]",303.0
1221,9221,2,14,2023-10-08T17:26:39.681000+00:00,56.952,30.087,26.659,229.0,276.0,True,113.698,"[2064, 2064, 2048, 2048, 2048, 2048, 2048, 2048, 2048]","[2049, 2049, 2049, 2049, 2049, 2049, 2048]","[2048, 2048, 2049, 2048, 2048, 2048, 0]",170.0
1221,9221,18,14,2023-10-08T17:26:39.822000+00:00,33.41,30.754,27.215,226.0,277.0,False,91.379,"[None, 2048, 2048, 2048, 2048, 2048, 2048, 2048, 2048]","[2048, 2048, 2048, 2048, 2048, 2048, 2048]","[2048, 2048, 2049, 2048, 2048, 2048]",331.0
1221,9221,20,14,2023-10-08T17:26:43.041000+00:00,33.828,30.526,27.067,225.0,279.0,False,91.421,"[None, 2048, 2048, 2049, 2048, 2048, 2048, 2049, 2048]","[2048, 2048, 2048, 2048, 2049, 2049, 2048]","[2048, 2048, 2048, 2048, 2048, 2048]",299.0
1221,9221,40,14,2023-10-08T17:26:44.150000+00:00,33.93,30.621,26.779,229.0,279.0,False,91.33,"[None, 2048, 2048, 2048, 2048, 2049, 2048, 2049, 2049]","[2048, 2048, 2048, 2048, 2048, 2048, 2049]","[2048, 2048, 2048, 2048, 2048, 2048]",307.0
1221,9221,81,14,2023-10-08T17:26:44.369000+00:00,32.986,30.532,26.754,223.0,277.0,False,90.272,"[2049, 2049, 2049, 2048, 2048, 2049, 2048, 2048, 2048]","[2048, 2048, 2048, 2048, 2048, 2048, 2048]","[2048, 2048, 2048, 2048, 2048, 2048]",326.0
1221,9221,14,14,2023-10-08T17:26:46.541000+00:00,32.716,30.188,26.453,232.0,279.0,False,89.357,"[None, 2049, 2049, 2048, 2048, 2048, 2048, 2049, 2048]","[2048, 2048, 2048, 2048, 2048, 2048, 2048]","[2048, 2048, 2049, 2048, 2048, 2048]",313.0
1221,9221,16,14,2023-10-08T17:26:47.572000+00:00,32.742,30.056,26.564,233.0,282.0,False,89.362,"[2049, 2049, 2049, 2048, 2048, 2048, 2049, 2048, 2048]","[2048, 2048, 2048, 2048, 2048, 2048, 2048]","[2048, 2048, 2048, 2048, 2048, 2048]",329.0
1221,9221,31,14,2023-10-08T17:26:51.275000+00:00,33.151,30.038,26.241,,277.0,False,89.43,"[None, 2048, 2048, 2049, 2049, 2048, 2048, 2049, 2049]","[2048, 2048, 2049, 2049, 2048, 2048, 2048]","[2048, 2048, 2048, 2048, 2049, 2048, 2048]",295.0
1221,9221,10,14,2023-10-08T17:26:53.166000+00:00,33.05,29.679,26.244,228.0,279.0,False,88.973,"[None, 2048, 2048, 2049, 2049, 2049, 2048, 2049, 2049]","[2049, 2048, 2049, 2051, 2049, 2048, 2048]","[2049, 2048, 2049, 2048, 2048, 2049]",298.0
1221,9221,22,14,2023-10-08T17:26:55.931000+00:00,33.25,30.099,26.435,230.0,272.0,False,89.784,"[None, 2048, 2048, 2048, 2048, 2048, 2049, 2048, 2048]","[2049, 2048, 2048, 2048, 2048, 2048, 2048]","[2048, 2048, 2049, 2048, 2048, 2048]",
1221,9221,1,15,2023-10-08T17:27:41.290000+00:00,32.868,29.69,26.154,231.0,277.0,False,88.712,"[None, 2049, 2048, 2048, 2049, 2049, 2048, 2048, 2048]","[2049, 2048, 2048, 2048, 2048, 2048, 2049]","[2049, 2049, 2049, 2049, 2049, 2048, 2048]",300.0
1221,9221,63,15,2023-10-08T17:28:01.821000+00:00,55.823,29.987,26.333,230.0,272.0,True,112.143,"[2064, 2064, 2048, 2048, 2048, 2048, 2048, 2048, 2048]","[2048, 2048, 2048, 2048, 2048, 2048, 2048]","[2048, 2048, 2048, 2048, 2048, 2051, 2048]",170.0
1221,9221,23,15,2023-10-08T17:28:02.727000+00:00,33.035,30.114,26.258,222.0,274.0,False,89.407,"[None, 2048, 2048, 2049, 2049, 2048, 2048, 2049, 2048]","[2048, 2048, 2049, 2049, 2049, 2048, 2048]","[2048, 2048, 2049, 2049, 2048, 2048]",303.0
1221,9221,24,15,2023-10-08T17:28:06.462000+00:00,34.237,30.42,26.508,218.0,273.0,False,91.165,"[None, 2048, 2048, 2048, 2048, 2048, 2048, 2048, 2048]","[2048, 2048, 2048, 2048, 2048, 2048, 2048]","[2048, 2048, 2048, 2048, 2048, 2048]",299.0
1221,9221,11,15,2023-10-08T17:28:07.009000+00:00,32.769,30.072,26.039,230.0,276.0,False,88.88,"[None, 2048, 2048, 2048, 2049, 2048, 2048, 2049, 2049]","[2049, 2049, 2049, 2048, 2051, 2048, 2048]","[2049, 2051, 2049, 2049, 2048, 2049]",328.0
1221,9221,77,15,2023-10-08T17:28:09.477000+00:00,33.599,30.469,26.906,218.0,276.0,False,90.974,"[None, 2048, 2048, 2048, 2049, 2048, 2048, 2049, 2048]","[2048, 2048, 2048, 2048, 2048, 2048, 2048]","[2048, 2048, 2048, 2048, 2048, 2048, 2048]",290.0
1221,9221,18,15,2023-10-08T17:28:11.196000+00:00,33.438,30.448,26.751,225.0,281.0,False,90.637,"[None, 2048, 2048, 2048, 2049, 2048, 2049, 2049, 2048]","[2048, 2049, 2048, 2048, 2049, 2048, 2048]","[2049, 2048, 2048, 2048, 2049, 2048]",310.0
1221,9221,20,15,2023-10-08T17:28:14.477000+00:00,33.583,30.582,26.839,228.0,282.0,False,91.004,"[None, 2048, 2048, 2049, 2049, 2048, 2048, 2048, 2049]","[2048, 2049, 2048, 2049, 2048, 2048, 2048]","[2048, 2049, 2048, 2048, 2048, 2048]",306.0
1221,9221,81,15,2023-10-08T17:28:14.571000+00:00,32.31,30.071,26.296,231.0,274.0,False,88.677,"[2048, 2048, 2048, 2048, 2049, 2049, 2048, 2049, 2048]","[2048, 2048, 2048, 2048, 2048, 2048, 2048]","[2048, 2048, 2048, 2048, 2048, 2048, 2048]",321.0
1221,9221,40,15,2023-10-08T17:28:15.477000+00:00,34.106,30.697,26.852,227.0,277.0,False,91.655,"[2049, 2048, 2048, 2048, 2048, 2049, 2048, 2048, 2048]","[2048, 2048, 2048, 2048, 2048, 2048, 2049]","[2048, 2048, 2048, 2048, 2048, 2048]",321.0
1221,9221,14,15,2023-10-08T17:28:16.024000+00:00,33.017,30.216,26.659,231.0,280.0,False,89.892,"[2051, 2051, 2051, 2048, 2048, 2048, 2048, 2048, 2048]","[2048, 2048, 2048, 2049, 2048, 2048, 2049]","[2048, 2048, 2048, 2048, 2048, 2048, 2048]",342.0
1221,9221,16,15,2023-10-08T17:28:16.837000+00:00,33.113,30.751,26.722,227.0,286.0,False,90.586,"[None, 2049, 2048, 2048, 2048, 2048, 2048, 2048, 2048]","[2048, 2048, 2048, 2048, 2048, 2048, 2051]","[2048, 2048, 2048, 2048, 2048, 2048]",327.0
1221,9221,4,15,2023-10-08T17:28:18.774000+00:00,32.618,30.022,26.531,230.0,277.0,False,89.171,"[2048, 2048, 2048, 2048, 2049, 2051, 2048, 2048, 2048]","[2049, 2048, 2048, 2049, 2048, 2051, 2049]","[2048, 2048, 2048, 2048, 2048, 2048, 2051]",301.0
1221,9221,31,15,2023-10-08T17:28:20.602000+00:00,33.109,30.157,26.04,,280.0,False,89.306,"[2049, 2048, 2048, 2049, 2048, 2049, 2048, 2048, 2048]","[2048, 2048, 2048, 2048, 2048, 2048, 2048]","[2049, 2049, 2049, 2049, 2049, 2048]",298.0
1221,9221,10,15,2023-10-08T17:28:22.024000+00:00,33.021,29.595,26.123,,281.0,False,88.739,"[None, 2048, 2048, 2049, 2049, 2048, 2048, 2048, 2049]","[2051, 2048, 2049, 2051, 2049, 2048, 2049]","[2048, 2049, 2049, 2049, 2048, 2048]",299.0
1221,9221,22,15,2023-10-08T17:28:25.680000+00:00,33.394,30.217,26.549,231.0,276.0,False,90.16,"[None, 2048, 2048, 2048, 2048, 2048, 2048, 2048, 2048]","[2048, 2048, 2048, 2049, 2048, 2049, 2048]","[2048, 2048, 2048, 2048, 2048, 2048, 2048]",
1221,9221,2,15,2023-10-08T17:28:33.430000+00:00,32.713,29.933,26.353,231.0,279.0,False,88.999,"[2048, 2048, 2048, 2049, 2049, 2049, 2049, 2049, 2049]","[2049, 2048, 2048, 2049, 2049, 2049, 2048]","[2048, 2049, 2051, 2049, 2048, 2048, 2048]",305.0
1221,9221,27,15,2023-10-08T17:28:41.664000+00:00,33.23,29.844,26.626,228.0,280.0,False,89.7,"[2048, 2048, 2048, 2049, 2049, 2049, 2049, 2048, 2049]","[2049, 2048, 2049, 2049, 2048, 2049, 2048]","[2048, 2048, 2048, 2048, 2049, 2049, 2048]",302.0
1221,9221,1,16,2023-10-08T17:29:09.961000+00:00,32.519,29.524,25.832,229.0,277.0,False,87.875,"[2049, 2049, 2049, 2048, 2051, 2049, 2049, 2051, 2048]","[2048, 2049, 2048, 2049, 2049, 2048, 2049]","[2049, 2049, 2051, 2049, 2049, 2048, 2048]",
1221,9221,23,16,2023-10-08T17:29:32.101000+00:00,32.908,29.87,26.223,232.0,278.0,False,89.001,"[None, 2048, 2048, 2048, 2048, 2049, 2049, 2048, 2049]","[2049, 2049, 2048, 2049, 2049, 2049, 2049]","[2049, 2048, 2048, 2049, 2048, 2048, 2048]",
1221,9221,11,16,2023-10-08T17:29:35.914000+00:00,32.828,29.936,25.769,231.0,276.0,False,88.533,"[None, 2048, 2048, 2049, 2049, 2048, 2049, 2049, 2049]","[2049, 2051, 2049, 2048, 2051, 2048, 2048]","[2049, 2051, 2051, 2051, 2051, 2048, 2048]",301.0
1221,9221,24,16,2023-10-08T17:29:37.601000+00:00,33.29,30.073,26.539,220.0,278.0,False,89.902,"[None, 2048, 2048, 2049, 2049, 2048, 2048, 2049, 2048]","[2049, 2049, 2049, 2048, 2049, 2048, 2048]","[2049, 2048, 2048, 2048, 2048, 2048, 2048]",302.0
1221,9221,77,16,2023-10-08T17:29:40.351000+00:00,33.274,30.214,26.578,221.0,278.0,False,90.066,"[None, 2048, 2048, 2049, 2048, 2048, 2049, 2049, 2048]","[2049, 2049, 2049, 2048, 2049, 2048, 2048]","[2048, 2049, 2049, 2049, 2049, 2048, 2048]",298.0
1221,9221,18,16,2023-10-08T17:29:41.836000+00:00,33.382,30.169,26.509,227.0,279.0,False,90.06,"[None, 2048, 2048, 2048, 2049, 2048, 2048, 2048, 2048]","[2048, 2048, 2048, 2049, 2049, 2048, 2049]","[2049, 2049, 2049, 2049, 2049, 2048, 2048]",309.0
1221,9221,81,16,2023-10-08T17:29:43.242000+00:00,32.692,30.103,26.305,233.0,279.0,False,89.1,"[None, 2048, 2048, 2048, 2048, 2048, 2049, 2048, 2048]","[2048, 2049, 2048, 2049, 2048, 2048, 2049]","[2048, 2048, 2048, 2048, 2048, 2048, 2048]",307.0
1221,9221,20,16,2023-10-08T17:29:45.492000+00:00,34.124,30.609,27.097,223.0,282.0,False,91.83,"[None, 2048, 2048, 2048, 2048, 2048, 2048, 2048, 2048]","[2048, 2048, 2048, 2048, 2049, 2048, 2048]","[2048, 2048, 2048, 2048, 2048, 2048]",297.0
1221,9221,14,16,2023-10-08T17:29:45.773000+00:00,32.829,29.788,26.298,232.0,280.0,False,88.915,"[2048, 2048, 2048, 2048, 2048, 2048, 2048, 2048, 2048]","[2048, 2048, 2048, 2049, 2048, 2049, 2049]","[2048, 2048, 2048, 2049, 2049, 2048]",327.0
1221,9221,40,16,2023-10-08T17:29:47.226000+00:00,34.527,30.699,26.642,228.0,280.0,False,91.868,"[2048, 2048, 2048, 2048, 2048, 2048, 2048, 2048, 2048]","[2048, 2048, 2048, 2049, 2048, 2048, 2048]","[2048, 2048, 2048, 2049, 2049, 2048, 2048]",299.0
1221,9221,16,16,2023-10-08T17:29:47.554000+00:00,32.78,30.422,26.814,228.0,282.0,False,90.016,"[None, 2048, 2048, 2048, 2048, 2049, 2048, 2048, 2048]","[2048, 2048, 2048, 2048, 2048, 2048, 2048]","[2048, 2048, 2048, 2048, 2048, 2048]",322.0
1221,9221,4,16,2023-10-08T17:29:47.882000+00:00,32.921,30.281,26.645,227.0,279.0,False,89.847,"[2049, 2049, 2049, 2048, 2048, 2048, 2048, 2048, 2048]","[2048, 2048, 2048, 2048, 2048, 2048, 2049]","[2048, 2048, 2048, 2048, 2048, 2048]",332.0
1221,9221,31,16,2023-10-08T17:29:49.914000+00:00,33.137,30.122,26.387,225.0,283.0,False,89.646,"[2048, 2048, 2048, 2048, 2049, 2049, 2048, 2049, 2048]","[2048, 2048, 2048, 2048, 2048, 2048, 2049]","[2048, 2048, 2048, 2048, 2048, 2048, 2049]",300.0
1221,9221,10,16,2023-10-08T17:29:50.757000+00:00,33.143,29.969,26.329,229.0,281.0,False,89.441,"[2049, 2049, 2049, 2048, 2048, 2048, 2048, 2048, 2049]","[2048, 2048, 2048, 2048, 2048, 2048, 2048]","[2048, 2048, 2048, 2048, 2048, 2048, 2048]",316.0
1221,9221,63,16,2023-10-08T17:29:54.101000+00:00,32.758,29.643,26.249,,273.0,False,88.65,"[2048, 2048, 2048, 2048, 2048, 2048, 2048, 2048, 2048]","[2048, 2048, 2051, 2049, 2048, 2049, 2048]","[2048, 2048, 2048, 2048, 2048, 2051, 2048]",296.0
1221,9221,22,16,2023-10-08T17:29:55.929000+00:00,33.254,30.094,26.236,234.0,276.0,False,89.584,"[None, 2048, 2048, 2048, 2048, 2048, 2049, 2048, 2049]","[2048, 2049, 2048, 2049, 2048, 2048, 2048]","[2049, 2048, 2048, 2049, 2048, 2048, 2048]",305.0
1221,9221,2,16,2023-10-08T17:30:02.539000+00:00,32.918,30.211,26.292,234.0,280.0,False,89.421,"[None, 2048, 2048, 2048, 2048, 2048, 2049, 2048, 2048]","[2048, 2048, 2048, 2048, 2048, 2048, 2048]","[2048, 2049, 2048, 2048, 2048, 2049, 2048]",
1221,9221,27,16,2023-10-08T17:30:11.382000+00:00,32.859,29.528,26.172,230.0,281.0,False,88.559,"[None, 2048, 2048, 2049, 2049, 2049, 2048, 2049, 2049]","[2051, 2049, 2049, 2049, 2049, 2051, 2048]","[2048, 2049, 2049, 2049, 2049, 2049, 2048]",298.0
1221,9221,1,17,2023-10-08T17:30:37.913000+00:00,32.615,29.751,29.839,231.0,276.0,False,92.205,"[None, 2048, 2048, 2048, 2048, 2049, 2048, 2048, 2048]","[2048, 2048, 2048, 2048, 2048, 2048, 2048]","[2048, 2048, 2051, 2049, 2048, 2048, 2064]",298.0
1221,9221,23,17,2023-10-08T17:31:01.194000+00:00,32.791,29.968,26.185,,279.0,False,88.944,"[None, 2048, 2048, 2049, 2049, 2048, 2049, 2048, 2049]","[2048, 2048, 2048, 2048, 2048, 2048, 2049]","[2049, 2049, 2048, 2048, 2048, 2048, 2048]",
1221,9221,11,17,2023-10-08T17:31:04.819000+00:00,32.785,29.906,29.884,233.0,277.0,False,92.575,"[None, 2048, 2048, 2049, 2048, 2049, 2049, 2049, 2048]","[2048, 2048, 2049, 2049, 2051, 2048, 2048]","[2049, 2048, 2051, 2051, 2048, 2048, 2064]",298.0
1221,9221,24,17,2023-10-08T17:31:07.585000+00:00,33.38,30.074,26.457,222.0,278.0,False,89.911,"[None, 2048, 2048, 2048, 2049, 2049, 2048, 2048, 2048]","[2048, 2049, 2048, 2048, 2049, 2048, 2048]","[2048, 2049, 2048, 2048, 2049, 2048]",291.0
1221,9221,77,17,2023-10-08T17:31:10.569000+00:00,33.317,30.345,26.6,223.0,278.0,False,90.262,"[None, 2048, 2048, 2049, 2048, 2048, 2048, 2048, 2049]","[2048, 2049, 2049, 2048, 2049, 2048, 2048]","[2048, 2048, 2048, 2049, 2048, 2048, 2048]",293.0
1221,9221,18,17,2023-10-08T17:31:11.975000+00:00,34.015,30.206,26.762,225.0,278.0,False,90.983,"[None, 2048, 2048, 2048, 2048, 2048, 2048, 2048, 2048]","[2048, 2049, 2048, 2048, 2048, 2049, 2049]","[2048, 2048, 2048, 2048, 2048, 2048, 2048]",308.0
1221,9221,81,17,2023-10-08T17:31:12.382000+00:00,32.642,30.034,26.332,228.0,276.0,False,89.008,"[None, 2049, 2049, 2048, 2048, 2048, 2048, 2048, 2048]","[2048, 2048, 2048, 2048, 2049, 2048, 2048]","[2048, 2048, 2048, 2049, 2048, 2048, 2048]",333.0
1221,9221,14,17,2023-10-08T17:31:14.725000+00:00,32.762,29.769,26.392,233.0,282.0,False,88.923,"[None, 2048, 2048, 2048, 2049, 2049, 2048, 2048, 2048]","[2048, 2048, 2048, 2048, 2049, 2048, 2051]","[2049, 2049, 2048, 2049, 2048, 2048, 2048]",311.0
1221,9221,20,17,2023-10-08T17:31:17.382000+00:00,34.254,30.578,26.815,226.0,281.0,False,91.647,"[None, 2048, 2048, 2048, 2048, 2048, 2048, 2048, 2048]","[2048, 2048, 2048, 2048, 2049, 2048, 2048]","[2048, 2048, 2048, 2048, 2048, 2048, 2048]",307.0
1221,9221,16,17,2023-10-08T17:31:17.460000+00:00,32.622,29.883,26.273,,281.0,False,88.778,"[None, 2048, 2048, 2048, 2048, 2049, 2048, 2048, 2048]","[2048, 2048, 2048, 2049, 2048, 2048, 2048]","[2048, 2049, 2049, 2049, 2049, 2048, 2048]",
1221,9221,4,17,2023-10-08T17:31:17.710000+00:00,32.905,30.002,26.01,,276.0,False,88.917,"[None, 2049, 2048, 2048, 2048, 2048, 2048, 2048, 2048]","[2048, 2048, 2048, 2048, 2048, 2048, 2048]","[2049, 2048, 2048, 2048, 2048, 2049]",326.0
1221,9221,40,17,2023-10-08T17:31:19.100000+00:00,34.326,30.663,26.47,229.0,276.0,False,91.459,"[None, 2048, 2048, 2048, 2048, 2048, 2048, 2048, 2048]","[2048, 2049, 2048, 2048, 2048, 2048, 2048]","[2048, 2048, 2049, 2048, 2048, 2048]",304.0
1221,9221,31,17,2023-10-08T17:31:19.663000+00:00,33.074,30.291,26.393,,283.0,False,89.758,"[2049, 2049, 2049, 2048, 2048, 2048, 2048, 2048, 2048]","[2048, 2048, 2048, 2048, 2048, 2048, 2049]","[2048, 2048, 2048, 2048, 2048, 2048, 2048]",331.0
1221,9221,10,17,2023-10-08T17:31:20.288000+00:00,33.591,30.573,26.467,224.0,283.0,False,90.631,"[None, 2048, 2049, 2048, 2048, 2049, 2048, 2048, 2048]","[2048, 2048, 2048, 2048, 2048, 2048, 2049]","[2048, 2048, 2048, 2048, 2048, 2048, 2048]",317.0
1221,9221,63,17,2023-10-08T17:31:22.756000+00:00,32.647,29.833,26.481,232.0,282.0,False,88.961,"[None, 2048, 2048, 2048, 2048, 2048, 2048, 2048, 2048]","[2048, 2048, 2048, 2048, 2048, 2048, 2048]","[2048, 2048, 2048, 2048, 2048, 2048, 2048]",304.0
1221,9221,22,17,2023-10-08T17:31:25.491000+00:00,33.256,30.149,26.351,233.0,275.0,False,89.756,"[None, 2048, 2049, 2048, 2048, 2048, 2049, 2048, 2048]","[2048, 2049, 2048, 2048, 2048, 2048, 2048]","[2048, 2048, 2048, 2048, 2048, 2048, 2048]",306.0
1221,9221,2,17,2023-10-08T17:31:31.928000+00:00,32.782,29.968,26.305,236.0,280.0,False,89.055,"[None, 2048, 2048, 2048, 2048, 2048, 2048, 2048, 2049]","[2049, 2049, 2048, 2049, 2049, 2048, 2048]","[2048, 2049, 2049, 2048, 2049, 2048, 2048]",307.0
1221,9221,27,17,2023-10-08T17:31:39.928000+00:00,32.743,29.856,26.124,233.0,279.0,False,88.723,"[None, 2048, 2048, 2048, 2049, 2048, 2048, 2049, 2049]","[2048, 2049, 2048, 2048, 2049, 2048, 2048]","[2048, 2049, 2049, 2048, 2048, 2048, 2048]",301.0
1221,9221,1,18,2023-10-08T17:32:10.084000+00:00,54.973,30.317,26.484,226.0,274.0,True,111.774,"[2064, 2064, 2048, 2048, 2048, 2048, 2048, 2048, 2048]","[2048, 2048, 2048, 2048, 2048, 2048, 2048]","[2048, 2048, 2048, 2048, 2048, 2049, 2049]",173.0
1221,9221,23,18,2023-10-08T17:32:30.131000+00:00,32.773,29.859,30.397,,282.0,False,93.029,"[None, 2048, 2048, 2049, 2049, 2049, 2048, 2048, 2048]","[2048, 2049, 2049, 2049, 2049, 2048, 2049]","[2049, 2048, 2049, 2048, 2048, 2048, 2064]",
1221,9221,11,18,2023-10-08T17:32:37.068000+00:00,55.578,30.433,26.13,228.0,279.0,True,112.141,"[2064, 2064, 2048, 2048, 2048, 2048, 2048, 2048, 2048]","[2048, 2048, 2048, 2048, 2048, 2049, 2048]","[2048, 2048, 2048, 2048, 2048, 2049, 2048]",171.0
1221,9221,24,18,2023-10-08T17:32:37.506000+00:00,33.288,30.08,30.749,221.0,278.0,False,94.117,"[None, 2048, 2048, 2049, 2049, 2048, 2049, 2049, 2048]","[2049, 2048, 2048, 2048, 2048, 2048, 2048]","[2049, 2048, 2048, 2048, 2049, 2048, 2064]",294.0
1221,9221,77,18,2023-10-08T17:32:40.787000+00:00,34.076,30.308,26.902,221.0,280.0,False,91.286,"[None, 2048, 2048, 2048, 2048, 2048, 2048, 2048, 2048]","[2048, 2048, 2048, 2048, 2048, 2048, 2048]","[2048, 2048, 2048, 2048, 2048, 2048]",296.0
1221,9221,81,18,2023-10-08T17:32:41.334000+00:00,32.415,29.941,26.266,231.0,275.0,False,88.622,"[None, 2048, 2048, 2048, 2049, 2048, 2048, 2048, 2048]","[2048, 2048, 2048, 2048, 2048, 2049, 2048]","[2048, 2048, 2048, 2049, 2048, 2048, 2048]",327.0
1221,9221,18,18,2023-10-08T17:32:42.943000+00:00,33.353,30.265,27.105,,277.0,False,90.723,"[None, 2048, 2048, 2049, 2048, 2048, 2048, 2048, 2048]","[2049, 2048, 2048, 2048, 2048, 2048, 2048]","[2048, 2048, 2048, 2048, 2049, 2048]",310.0
1221,9221,14,18,2023-10-08T17:32:43.740000+00:00,33.078,30.371,26.548,230.0,281.0,False,89.997,"[None, 2048, 2048, 2048, 2048, 2048, 2048, 2048, 2048]","[2048, 2048, 2048, 2048, 2048, 2048, 2051]","[2048, 2048, 2048, 2048, 2048, 2048]",332.0
1221,9221,16,18,2023-10-08T17:32:46.240000+00:00,33.548,30.122,26.319,217.0,281.0,False,89.989,"[2048, 2048, 2048, 2048, 2048, 2048, 2048, 2049, 2048]","[2048, 2048, 2048, 2048, 2048, 2048, 2048]","[2048, 2048, 2048, 2048, 2049, 2048]",309.0
1221,9221,4,18,2023-10-08T17:32:46.662000+00:00,33.738,30.172,26.106,224.0,275.0,False,90.016,"[2048, 2048, 2049, 2048, 2048, 2048, 2048, 2048, 2048]","[2048, 2048, 2048, 2048, 2048, 2048, 2048]","[2049, 2048, 2048, 2048, 2048, 2048, 2048]",332.0
1221,9221,20,18,2023-10-08T17:32:49.021000+00:00,34.082,30.668,26.786,229.0,283.0,False,91.536,"[None, 2048, 2048, 2048, 2048, 2048, 2048, 2048, 2049]","[2048, 2048, 2048, 2048, 2049, 2048, 2048]","[2048, 2048, 2048, 2048, 2048, 2048]",302.0
1221,9221,31,18,2023-10-08T17:32:49.318000+00:00,32.988,30.187,26.481,227.0,281.0,False,89.656,"[2048, 2048, 2048, 2048, 2048, 2048, 2048, 2048, 2048]","[2048, 2048, 2048, 2048, 2048, 2048, 2048]","[2048, 2048, 2048, 2048, 2048, 2048]",328.0
1221,9221,40,18,2023-10-08T17:32:50.599000+00:00,34.256,30.628,26.505,,276.0,False,91.389,"[None, 2048, 2048, 2048, 2048, 2048, 2048, 2048, 2048]","[2048, 2048, 2048, 2049, 2048, 2049, 2048]","[2048, 2048, 2048, 2049, 2048, 2048]",305.0
1221,9221,10,18,2023-10-08T17:32:50.912000+00:00,33.176,30.209,26.513,,277.0,False,89.898,"[2048, 2048, 2049, 2048, 2048, 2048, 2048, 2048, 2048]","[2048, 2048, 2048, 2048, 2048, 2048, 2048]","[2048, 2048, 2048, 2048, 2048, 2048, 2049]",319.0
1221,9221,63,18,2023-10-08T17:32:51.677000+00:00,33.355,30.839,26.436,239.0,282.0,False,90.63,"[None, 2048, 2048, 2048, 2048, 2048, 2048, 2048, 2048]","[2048, 2048, 2048, 2048, 2048, 2048, 2048]","[2048, 2048, 2048, 2048, 2048, 2048]",325.0
1221,9221,22,18,2023-10-08T17:32:55.240000+00:00,33.21,30.382,26.595,231.0,266.0,False,90.187,"[None, 2048, 2048, 2048, 2049, 2048, 2048, 2048, 2048]","[2048, 2048, 2048, 2048, 2048, 2048, 2048]","[2048, 2048, 2048, 2048, 2048, 2048, 2048]",
1221,9221,2,18,2023-10-08T17:33:00.974000+00:00,33.103,30.179,26.413,235.0,282.0,False,89.695,"[None, 2048, 2048, 2048, 2048, 2048, 2048, 2048, 2048]","[2048, 2048, 2048, 2048, 2048, 2048, 2049]","[2049, 2049, 2048, 2048, 2048, 2048, 2049]",
1221,9221,27,18,2023-10-08T17:33:08.661000+00:00,32.585,29.611,26.028,234.0,281.0,False,88.224,"[None, 2048, 2048, 2048, 2049, 2049, 2049, 2049, 2049]","[2048, 2049, 2048, 2048, 2048, 2048, 2048]","[2049, 2049, 2049, 2049, 2048, 2048]",
1221,9221,1,19,2023-10-08T17:34:01.864000+00:00,32.859,29.801,26.416,227.0,272.0,False,89.076,"[2048, 2048, 2048, 2048, 2048, 2048, 2048, 2048, 2048]","[2048, 2048, 2048, 2048, 2048, 2049, 2048]","[2048, 2048, 2048, 2048, 2048, 2048, 2049]",295.0
1221,9221,23,19,2023-10-08T17:34:03.130000+00:00,56.925,30.377,26.976,230.0,279.0,True,114.278,"[2064, 2064, 2048, 2048, 2048, 2048, 2048, 2048, 2048]","[2048, 2048, 2048, 2048, 2048, 2048, 2048]","[2048, 2048, 2048, 2048, 2048, 2048, 0]",175.0
1221,9221,81,19,2023-10-08T17:34:09.942000+00:00,32.537,29.843,26.208,234.0,275.0,False,88.588,"[None, 2048, 2048, 2049, 2049, 2049, 2048, 2049, 2051]","[2049, 2048, 2048, 2048, 2048, 2048, 2048]","[2048, 2048, 2048, 2049, 2048, 2048]",299.0
1221,9221,24,19,2023-10-08T17:34:11.505000+00:00,56.448,30.172,26.111,229.0,276.0,True,112.731,"[2064, 2064, 2048, 2048, 2048, 2048, 2048, 2048, 2049]","[2048, 2048, 2048, 2048, 2048, 2049, 2048]","[2048, 2049, 2048, 2048, 2048, 2049, 2049]",169.0
1221,9221,77,19,2023-10-08T17:34:11.973000+00:00,33.365,30.231,26.847,217.0,278.0,False,90.443,"[None, 2048, 2048, 2049, 2048, 2048, 2048, 2049, 2048]","[2048, 2048, 2048, 2048, 2048, 2048, 2048]","[2048, 2048, 2048, 2048, 2048, 2048]",292.0
1221,9221,18,19,2023-10-08T17:34:13.614000+00:00,33.766,30.167,26.6,223.0,279.0,False,90.533,"[None, 2048, 2048, 2048, 2048, 2049, 2048, 2048, 2048]","[2049, 2048, 2048, 2048, 2048, 2048, 2048]","[2048, 2048, 2048, 2048, 2048, 2048, 2048]",315.0
1221,9221,14,19,2023-10-08T17:34:13.723000+00:00,32.594,30.08,26.538,232.0,281.0,False,89.212,"[None, 2048, 2048, 2048, 2048, 2048, 2048, 2048, 2048]","[2048, 2048, 2048, 2048, 2048, 2048, 2048]","[2048, 2048, 2048, 2048, 2048, 2048]",328.0
1221,9221,16,19,2023-10-08T17:34:16.270000+00:00,33.77,30.293,26.451,223.0,284.0,False,90.514,"[None, 2048, 2048, 2048, 2048, 2048, 2048, 2048, 2048]","[2048, 2048, 2048, 2048, 2048, 2048, 2048]","[2048, 2048, 2048, 2048, 2048, 2048]",302.0
1221,9221,4,19,2023-10-08T17:34:16.708000+00:00,32.494,30.228,26.297,228.0,275.0,False,89.019,"[None, 2048, 2048, 2048, 2048, 2048, 2048, 2048, 2048]","[2048, 2048, 2048, 2048, 2048, 2048, 2048]","[2048, 2049, 2048, 2048, 2048, 2048]",
1221,9221,31,19,2023-10-08T17:34:18.973000+00:00,33.157,29.904,26.316,228.0,280.0,False,89.377,"[None, 2048, 2048, 2048, 2048, 2048, 2048, 2048, 2049]","[2048, 2049, 2048, 2048, 2048, 2049, 2048]","[2048, 2048, 2048, 2048, 2048, 2048]",297.0
1221,9221,20,19,2023-10-08T17:34:20.489000+00:00,34.266,31.032,26.849,220.0,284.0,False,92.147,"[None, 2048, 2048, 2048, 2048, 2048, 2049, 2048, 2048]","[2048, 2048, 2048, 2049, 2048, 2048, 2048]","[2048, 2048, 2049, 2048, 2048, 2048, 2048]",304.0
1221,9221,10,19,2023-10-08T17:34:20.739000+00:00,33.083,29.851,26.173,,280.0,False,89.107,"[2049, 2048, 2048, 2048, 2048, 2048, 2048, 2048, 2048]","[2048, 2048, 2048, 2048, 2048, 2048, 2048]","[2048, 2049, 2048, 2049, 2048, 2048]",312.0
1221,9221,40,19,2023-10-08T17:34:21.848000+00:00,34.223,30.541,26.515,228.0,279.0,False,91.279,"[None, 2048, 2048, 2048, 2048, 2048, 2049, 2048, 2048]","[2048, 2048, 2048, 2049, 2048, 2048, 2048]","[2048, 2048, 2048, 2048, 2048, 2049, 2048]",304.0
1221,9221,63,19,2023-10-08T17:34:22.223000+00:00,32.613,29.905,26.322,238.0,275.0,False,88.84,"[2049, 2048, 2048, 2048, 2048, 2048, 2048, 2048, 2048]","[2048, 2049, 2048, 2049, 2048, 2048, 2048]","[2048, 2048, 2048, 2048, 2048, 2048]",323.0
1221,9221,22,19,2023-10-08T17:34:25.426000+00:00,33.104,30.46,26.486,227.0,265.0,False,90.05,"[None, 2048, 2049, 2048, 2049, 2048, 2048, 2048, 2048]","[2048, 2048, 2048, 2048, 2048, 2048, 2048]","[2048, 2048, 2049, 2048, 2048, 2048]",
1221,9221,11,19,2023-10-08T17:34:29.223000+00:00,32.709,29.501,26.271,232.0,282.0,False,88.481,"[2048, 2048, 2048, 2048, 2049, 2049, 2049, 2049, 2048]","[2051, 2051, 2049, 2049, 2051, 2049, 2048]","[2049, 2048, 2048, 2048, 2048, 2048]",306.0
1221,9221,2,19,2023-10-08T17:34:30.676000+00:00,33.043,30.187,26.43,230.0,276.0,False,89.66,"[None, 2048, 2048, 2048, 2048, 2049, 2048, 2048, 2048]","[2048, 2048, 2048, 2048, 2048, 2048, 2048]","[2048, 2048, 2048, 2048, 2048, 2048]",310.0
1221,9221,27,19,2023-10-08T17:34:36.879000+00:00,32.655,29.93,26.246,235.0,282.0,False,88.831,"[None, 2048, 2048, 2048, 2048, 2048, 2049, 2048, 2049]","[2048, 2048, 2048, 2048, 2048, 2048, 2048]","[2048, 2049, 2049, 2048, 2048, 2048, 2048]",
1221,9221,1,20,2023-10-08T17:35:30.957000+00:00,32.658,29.618,26.178,229.0,274.0,False,88.454,"[None, 2048, 2048, 2048, 2048, 2048, 2048, 2049, 2049]","[2048, 2048, 2049, 2048, 2048, 2049, 2048]","[2048, 2048, 2048, 2048, 2048, 2049, 2048]",298.0
1221,9221,81,20,2023-10-08T17:35:38.519000+00:00,32.39,29.813,26.003,235.0,275.0,False,88.206,"[None, 2048, 2048, 2049, 2048, 2049, 2048, 2051, 2051]","[2049, 2048, 2048, 2048, 2048, 2049, 2048]","[2048, 2048, 2049, 2049, 2049, 2049, 2048]",303.0
1221,9221,77,20,2023-10-08T17:35:42.425000+00:00,33.773,30.322,26.536,223.0,278.0,False,90.631,"[None, 2048, 2048, 2048, 2048, 2048, 2048, 2048, 2049]","[2048, 2048, 2048, 2048, 2048, 2048, 2048]","[2048, 2048, 2048, 2048, 2048, 2048, 2048]",291.0
1221,9221,14,20,2023-10-08T17:35:42.847000+00:00,32.312,29.875,26.221,231.0,277.0,False,88.408,"[None, 2048, 2048, 2049, 2048, 2049, 2048, 2048, 2048]","[2048, 2049, 2049, 2048, 2048, 2048, 2048]","[2048, 2049, 2048, 2048, 2048, 2048]",327.0
1221,9221,18,20,2023-10-08T17:35:44.207000+00:00,33.266,30.26,26.824,225.0,279.0,False,90.35,"[None, 2048, 2048, 2048, 2048, 2049, 2048, 2048, 2048]","[2048, 2049, 2048, 2048, 2048, 2048, 2048]","[2048, 2048, 2048, 2048, 2048, 2048]",311.0
1221,9221,4,20,2023-10-08T17:35:45.691000+00:00,32.871,30.174,26.144,223.0,277.0,False,89.189,"[None, 2048, 2048, 2048, 2048, 2048, 2048, 2048, 2048]","[2048, 2048, 2048, 2048, 2048, 2048, 2048]","[2048, 2048, 2048, 2048, 2048, 2048, 2048]",308.0
1221,9221,16,20,2023-10-08T17:35:46.722000+00:00,33.061,30.131,26.473,225.0,282.0,False,89.665,"[None, 2048, 2048, 2048, 2048, 2049, 2048, 2048, 2048]","[2048, 2048, 2048, 2048, 2048, 2048, 2048]","[2048, 2048, 2048, 2048, 2048, 2048]",299.0
1221,9221,31,20,2023-10-08T17:35:48.347000+00:00,33.128,30.038,26.321,227.0,278.0,False,89.487,"[None, 2048, 2048, 2048, 2048, 2048, 2048, 2048, 2048]","[2048, 2048, 2048, 2048, 2048, 2048, 2048]","[2048, 2048, 2048, 2048, 2048, 2048, 2048]",296.0
1221,9221,10,20,2023-10-08T17:35:49.878000+00:00,33.223,29.936,26.114,229.0,273.0,False,89.273,"[2048, 2048, 2048, 2048, 2049, 2048, 2048, 2049, 2048]","[2048, 2048, 2048, 2051, 2049, 2048, 2048]","[2048, 2049, 2049, 2049, 2048, 2048, 2048]",292.0
1221,9221,63,20,2023-10-08T17:35:51.113000+00:00,32.814,29.705,26.1,233.0,283.0,False,88.619,"[2048, 2048, 2048, 2048, 2048, 2048, 2048, 2048, 2048]","[2048, 2049, 2048, 2049, 2048, 2048, 2049]","[2048, 2048, 2048, 2048, 2048, 2048, 2048]",305.0
1221,9221,20,20,2023-10-08T17:35:52.628000+00:00,33.385,30.403,26.474,227.0,282.0,False,90.262,"[None, 2048, 2048, 2049, 2048, 2048, 2048, 2049, 2048]","[2048, 2048, 2048, 2049, 2048, 2049, 2048]","[2049, 2049, 2049, 2049, 2049, 2048, 2048]",307.0
1221,9221,40,20,2023-10-08T17:35:53.144000+00:00,33.544,30.504,26.559,229.0,279.0,False,90.607,"[2049, 2048, 2048, 2048, 2048, 2048, 2048, 2049, 2048]","[2048, 2048, 2048, 2049, 2048, 2049, 2049]","[2049, 2048, 2048, 2048, 2049, 2048]",326.0
1221,9221,22,20,2023-10-08T17:35:55.410000+00:00,33.294,30.436,26.409,,266.0,False,90.139,"[None, 2048, 2048, 2048, 2048, 2048, 2048, 2048, 2048]","[2048, 2048, 2048, 2048, 2048, 2048, 2048]","[2048, 2048, 2048, 2048, 2048, 2048, 2048]",305.0
1221,9221,23,20,2023-10-08T17:35:57.457000+00:00,33.775,30.153,26.238,,279.0,False,90.166,"[2048, 2048, 2048, 2048, 2048, 2048, 2048, 2048, 2048]","[2048, 2048, 2048, 2048, 2048, 2048, 2048]","[2048, 2048, 2048, 2048, 2048, 2049, 2048]",308.0
1221,9221,11,20,2023-10-08T17:35:57.628000+00:00,32.393,29.908,26.018,,278.0,False,88.319,"[2049, 2048, 2048, 2048, 2048, 2048, 2048, 2049, 2049]","[2048, 2048, 2048, 2048, 2048, 2048, 2048]","[2048, 2048, 2048, 2048, 2048, 2048]",329.0
1221,9221,2,20,2023-10-08T17:36:00.316000+00:00,32.955,30.156,26.359,234.0,280.0,False,89.47,"[None, 2048, 2048, 2048, 2048, 2048, 2048, 2048, 2048]","[2048, 2048, 2048, 2048, 2048, 2048, 2048]","[2049, 2049, 2048, 2048, 2048, 2048, 2048]",309.0
1221,9221,24,20,2023-10-08T17:36:04.347000+00:00,32.667,29.797,26.235,231.0,278.0,False,88.699,"[2048, 2048, 2048, 2049, 2049, 2049, 2048, 2049, 2049]","[2049, 2049, 2049, 2049, 2048, 2048, 2048]","[2048, 2048, 2048, 2048, 2048, 2048, 2048]",299.0
1221,9221,27,20,2023-10-08T17:36:05.722000+00:00,33.135,30.205,26.466,231.0,282.0,False,89.806,"[None, 2048, 2048, 2048, 2048, 2048, 2049, 2048, 2048]","[2048, 2048, 2048, 2048, 2048, 2048, 2048]","[2048, 2048, 2048, 2048, 2048, 2048, 2048]",305.0
1221,9221,1,21,2023-10-08T17:36:59.409000+00:00,32.545,29.436,26.125,233.0,277.0,False,88.106,"[None, 2048, 2048, 2048, 2048, 2048, 2048, 2048, 2049]","[2049, 2048, 2051, 2048, 2048, 2048, 2048]","[2048, 2048, 2048, 2048, 2048, 2049, 2049]",299.0
1221,9221,81,21,2023-10-08T17:37:06.831000+00:00,32.348,29.754,26.106,,277.0,False,88.208,"[None, 2048, 2048, 2049, 2051, 2048, 2048, 2048, 2048]","[2048, 2048, 2048, 2048, 2049, 2048, 2048]","[2048, 2048, 2049, 2049, 2049, 2048, 2048]",304.0
1221,9221,14,21,2023-10-08T17:37:11.253000+00:00,32.631,29.765,26.172,233.0,279.0,False,88.568,"[None, 2048, 2048, 2049, 2048, 2048, 2048, 2049, 2048]","[2049, 2048, 2049, 2048, 2049, 2048, 2048]","[2049, 2049, 2048, 2048, 2049, 2048, 2048]",308.0
1221,9221,77,21,2023-10-08T17:37:13.159000+00:00,33.343,30.248,30.713,220.0,278.0,False,94.304,"[None, 2048, 2048, 2048, 2049, 2049, 2048, 2048, 2048]","[2048, 2048, 2048, 2048, 2048, 2048, 2048]","[2049, 2048, 2048, 2049, 2048, 2048, 2064]",295.0
1221,9221,18,21,2023-10-08T17:37:14.596000+00:00,34.113,30.435,30.676,224.0,278.0,False,95.224,"[None, 2048, 2048, 2048, 2048, 2048, 2048, 2048, 2048]","[2048, 2048, 2048, 2048, 2048, 2048, 2048]","[2049, 2048, 2049, 2049, 2048, 2048, 2064]",309.0
1221,9221,4,21,2023-10-08T17:37:14.956000+00:00,32.766,30.221,26.182,228.0,276.0,False,89.169,"[None, 2048, 2048, 2048, 2048, 2048, 2049, 2048, 2048]","[2048, 2048, 2048, 2048, 2048, 2048, 2048]","[2048, 2048, 2048, 2048, 2048, 2048]",330.0
1221,9221,16,21,2023-10-08T17:37:16.534000+00:00,32.982,30.2,26.572,228.0,287.0,False,89.754,"[None, 2048, 2048, 2048, 2049, 2048, 2049, 2048, 2048]","[2048, 2048, 2048, 2048, 2048, 2048, 2051]","[2048, 2048, 2048, 2048, 2048, 2048]",311.0
1221,9221,31,21,2023-10-08T17:37:17.956000+00:00,33.068,30.104,26.358,226.0,282.0,False,89.53,"[None, 2048, 2048, 2048, 2048, 2049, 2048, 2048, 2048]","[2048, 2048, 2048, 2048, 2048, 2048, 2049]","[2048, 2048, 2048, 2048, 2048, 2048, 2048]",299.0
1221,9221,10,21,2023-10-08T17:37:19.237000+00:00,33.58,29.934,26.085,227.0,275.0,False,89.599,"[None, 2048, 2048, 2048, 2048, 2048, 2048, 2048, 2048]","[2048, 2048, 2048, 2048, 2048, 2048, 2048]","[2048, 2048, 2048, 2049, 2049, 2048]",299.0
1221,9221,63,21,2023-10-08T17:37:19.799000+00:00,33.423,30.145,26.203,228.0,281.0,False,89.771,"[None, 2048, 2049, 2048, 2048, 2048, 2048, 2048, 2048]","[2048, 2048, 2048, 2048, 2048, 2048, 2048]","[2048, 2048, 2048, 2048, 2048, 2048]",330.0
1221,9221,20,21,2023-10-08T17:37:22.956000+00:00,33.19,30.21,30.649,228.0,281.0,False,94.049,"[None, 2048, 2048, 2049, 2049, 2048, 2049, 2049, 2048]","[2048, 2049, 2049, 2048, 2049, 2048, 2048]","[2049, 2049, 2048, 2048, 2048, 2048, 2064]",
1221,9221,40,21,2023-10-08T17:37:23.862000+00:00,33.358,30.418,31.13,226.0,275.0,False,94.906,"[2048, 2048, 2048, 2049, 2048, 2048, 2048, 2049, 2048]","[2049, 2048, 2048, 2048, 2049, 2048, 2048]","[2048, 2048, 2048, 2048, 2048, 2048, 2064]",322.0
1221,9221,22,21,2023-10-08T17:37:25.643000+00:00,33.852,30.472,26.354,,270.0,False,90.678,"[None, 2048, 2048, 2048, 2048, 2048, 2048, 2048, 2048]","[2048, 2048, 2048, 2048, 2048, 2048, 2048]","[2048, 2048, 2048, 2049, 2048, 2048, 2048]",307.0
1221,9221,11,21,2023-10-08T17:37:25.924000+00:00,32.513,29.93,26.374,225.0,280.0,False,88.817,"[2048, 2048, 2048, 2048, 2048, 2048, 2048, 2048, 2048]","[2048, 2048, 2048, 2048, 2048, 2048, 2048]","[2048, 2048, 2048, 2048, 2048, 2048]",330.0
1221,9221,23,21,2023-10-08T17:37:27.596000+00:00,33.023,29.929,26.252,,278.0,False,89.204,"[None, 2048, 2048, 2048, 2048, 2049, 2048, 2048, 2048]","[2048, 2048, 2049, 2049, 2048, 2048, 2048]","[2048, 2048, 2048, 2048, 2048, 2048, 2049]",306.0
1221,9221,2,21,2023-10-08T17:37:29.815000+00:00,32.804,30.16,27.077,,281.0,False,90.041,"[None, 2048, 2048, 2048, 2048, 2048, 2049, 2048, 2048]","[2048, 2048, 2048, 2048, 2048, 2048, 2048]","[2049, 2049, 2048, 2048, 2048, 2048, 2048]",310.0
1221,9221,24,21,2023-10-08T17:37:33.065000+00:00,32.952,30.0,26.251,224.0,278.0,False,89.203,"[None, 2048, 2048, 2048, 2048, 2048, 2048, 2048, 2048]","[2048, 2048, 2049, 2048, 2048, 2049, 2048]","[2048, 2048, 2048, 2048, 2048, 2048, 2049]",295.0
1221,9221,27,21,2023-10-08T17:37:35.518000+00:00,32.75,29.92,26.524,230.0,282.0,False,89.194,"[None, 2048, 2048, 2048, 2048, 2048, 2048, 2048, 2048]","[2048, 2048, 2048, 2048, 2048, 2048, 2048]","[2048, 2048, 2048, 2048, 2048, 2048, 2048]",303.0
1221,9221,1,22,2023-10-08T17:38:27.517000+00:00,32.535,29.487,26.002,230.0,280.0,False,88.024,"[None, 2048, 2049, 2048, 2048, 2048, 2048, 2048, 2048]","[2048, 2049, 2048, 2049, 2048, 2049, 2049]","[2048, 2048, 2048, 2048, 2048, 2049, 2049]",302.0
1221,9221,81,22,2023-10-08T17:38:35.064000+00:00,32.573,29.787,25.93,,278.0,False,88.29,"[None, 2048, 2048, 2048, 2048, 2049, 2048, 2048, 2051]","[2048, 2048, 2048, 2048, 2048, 2048, 2048]","[2049, 2048, 2048, 2048, 2048, 2048]",303.0
1221,9221,14,22,2023-10-08T17:38:39.923000+00:00,32.611,29.771,26.091,229.0,279.0,False,88.473,"[None, 2048, 2048, 2049, 2049, 2048, 2048, 2049, 2048]","[2048, 2048, 2048, 2048, 2048, 2048, 2048]","[2049, 2049, 2049, 2049, 2049, 2048, 2048]",
1221,9221,4,22,2023-10-08T17:38:44.017000+00:00,32.207,29.717,25.817,230.0,276.0,False,87.741,"[None, 2048, 2048, 2049, 2051, 2051, 2049, 2048, 2048]","[2048, 2048, 2048, 2049, 2049, 2049, 2048]","[2049, 2049, 2049, 2049, 2048, 2049, 2048]",322.0
1221,9221,16,22,2023-10-08T17:38:46.126000+00:00,32.472,29.924,26.234,,282.0,False,88.63,"[None, 2048, 2048, 2049, 2049, 2049, 2048, 2048, 2048]","[2048, 2048, 2048, 2048, 2048, 2049, 2048]","[2049, 2049, 2049, 2049, 2048, 2048, 2048]",322.0
1221,9221,31,22,2023-10-08T17:38:47.455000+00:00,32.903,30.113,26.17,225.0,280.0,False,89.186,"[None, 2048, 2048, 2049, 2048, 2049, 2048, 2048, 2048]","[2048, 2048, 2048, 2048, 2048, 2048, 2048]","[2048, 2048, 2048, 2048, 2049, 2048]",300.0
1221,9221,77,22,2023-10-08T17:38:47.455000+00:00,56.402,30.085,26.47,227.0,276.0,True,112.957,"[2064, 2064, 2048, 2048, 2048, 2048, 2048, 2048, 2049]","[2049, 2048, 2049, 2048, 2048, 2048, 2048]","[2048, 2048, 2048, 2048, 2049, 2049, 0]",174.0
1221,9221,10,22,2023-10-08T17:38:48.705000+00:00,33.231,29.807,25.917,226.0,276.0,False,88.955,"[None, 2048, 2048, 2048, 2048, 2048, 2048, 2048, 2048]","[2048, 2048, 2048, 2048, 2048, 2048, 2048]","[2049, 2049, 2049, 2049, 2049, 2048]",
1221,9221,63,22,2023-10-08T17:38:49.470000+00:00,32.735,30.212,25.781,239.0,281.0,False,88.728,"[None, 2048, 2048, 2048, 2048, 2048, 2048, 2048, 2048]","[2048, 2048, 2048, 2048, 2048, 2048, 2048]","[2048, 2048, 2049, 2048, 2049, 2048, 2048]",316.0
1221,9221,18,22,2023-10-08T17:38:49.783000+00:00,55.625,29.981,26.505,224.0,278.0,True,112.111,"[2064, 2064, 2048, 2048, 2048, 2048, 2048, 2048, 2048]","[2048, 2048, 2049, 2049, 2049, 2048, 2048]","[2048, 2048, 2048, 2048, 2048, 2049, 2048]",178.0
1221,9221,11,22,2023-10-08T17:38:54.736000+00:00,32.2,29.553,25.659,233.0,279.0,False,87.412,"[None, 2048, 2048, 2048, 2049, 2048, 2048, 2049, 2049]","[2048, 2048, 2049, 2049, 2048, 2048, 2048]","[2048, 2048, 2051, 2048, 2051, 2049]",324.0
1221,9221,22,22,2023-10-08T17:38:56.205000+00:00,33.441,30.041,30.157,228.0,267.0,False,93.639,"[None, 2048, 2048, 2048, 2048, 2048, 2048, 2048, 2048]","[2049, 2048, 2048, 2048, 2049, 2049, 2048]","[2048, 2048, 2048, 2049, 2049, 2048, 2064]",305.0
1221,9221,23,22,2023-10-08T17:38:56.814000+00:00,33.388,30.117,26.541,232.0,279.0,False,90.046,"[2049, 2049, 2049, 2048, 2048, 2048, 2048, 2048, 2048]","[2048, 2048, 2048, 2048, 2048, 2048, 2049]","[2048, 2048, 2048, 2048, 2048, 2048, 2048]",332.0
1221,9221,20,22,2023-10-08T17:38:57.033000+00:00,56.215,29.958,26.985,226.0,278.0,True,113.158,"[2064, 2064, 2048, 2048, 2048, 2048, 2048, 2048, 2048]","[2049, 2048, 2049, 2049, 2049, 2049, 2048]","[2048, 2048, 2048, 2048, 2048, 2049, 2048]",177.0
1221,9221,40,22,2023-10-08T17:38:58.704000+00:00,56.909,30.37,26.559,228.0,273.0,True,113.838,"[2064, 2064, 2048, 2048, 2048, 2048, 2048, 2048, 2048]","[2048, 2048, 2049, 2048, 2048, 2048, 2048]","[2048, 2048, 2049, 2048, 2048, 2049, 2048]",173.0
1221,9221,2,22,2023-10-08T17:38:59.845000+00:00,33.277,30.174,26.354,233.0,280.0,False,89.805,"[None, 2048, 2048, 2048, 2048, 2048, 2048, 2048, 2048]","[2048, 2048, 2048, 2048, 2048, 2048, 2048]","[2049, 2049, 2048, 2048, 2048, 2048]",
1221,9221,24,22,2023-10-08T17:39:02.251000+00:00,32.745,29.863,26.268,228.0,279.0,False,88.876,"[None, 2048, 2048, 2049, 2048, 2049, 2049, 2048, 2048]","[2048, 2048, 2049, 2048, 2048, 2048, 2049]","[2048, 2048, 2049, 2048, 2048, 2048]",298.0
1221,9221,27,22,2023-10-08T17:39:04.689000+00:00,32.805,29.862,26.338,234.0,281.0,False,89.005,"[None, 2048, 2048, 2048, 2048, 2049, 2048, 2048, 2048]","[2048, 2048, 2048, 2048, 2048, 2048, 2048]","[2048, 2048, 2048, 2048, 2048, 2048]",307.0
1221,9221,1,23,2023-10-08T17:39:55.548000+00:00,32.39,29.468,26.033,233.0,280.0,False,87.891,"[2049, 2048, 2048, 2049, 2048, 2048, 2049, 2049, 2048]","[2049, 2048, 2048, 2048, 2048, 2051, 2049]","[2048, 2048, 2048, 2048, 2048, 2048]",
1221,9221,81,23,2023-10-08T17:40:03.344000+00:00,32.394,29.755,26.035,236.0,277.0,False,88.184,"[None, 2048, 2048, 2049, 2048, 2048, 2048, 2048, 2048]","[2049, 2048, 2048, 2048, 2048, 2048, 2048]","[2048, 2048, 2048, 2048, 2048, 2048]",304.0
1221,9221,14,23,2023-10-08T17:40:08.422000+00:00,32.631,29.947,26.187,233.0,279.0,False,88.765,"[None, 2048, 2048, 2048, 2048, 2048, 2048, 2048, 2048]","[2048, 2048, 2048, 2048, 2048, 2048, 2048]","[2048, 2048, 2048, 2048, 2048, 2048]",
1221,9221,4,23,2023-10-08T17:40:11.797000+00:00,32.307,29.769,25.958,231.0,277.0,False,88.034,"[None, 2048, 2048, 2051, 2051, 2048, 2049, 2048, 2048]","[2048, 2049, 2048, 2048, 2048, 2048, 2048]","[2049, 2048, 2048, 2048, 2048, 2048, 2048]",306.0
1221,9221,16,23,2023-10-08T17:40:14.876000+00:00,32.739,29.8,26.11,230.0,282.0,False,88.649,"[None, 2048, 2048, 2048, 2049, 2048, 2048, 2048, 2048]","[2049, 2049, 2048, 2049, 2048, 2048, 2048]","[2049, 2049, 2048, 2048, 2048, 2048, 2048]",302.0
1221,9221,31,23,2023-10-08T17:40:16.641000+00:00,32.937,29.736,26.177,227.0,279.0,False,88.85,"[None, 2048, 2048, 2048, 2049, 2048, 2048, 2048, 2048]","[2049, 2048, 2048, 2049, 2049, 2048, 2048]","[2048, 2048, 2048, 2049, 2048, 2048, 2048]",295.0
1221,9221,10,23,2023-10-08T17:40:17.704000+00:00,33.907,29.816,25.948,224.0,282.0,False,89.671,"[None, 2048, 2048, 2048, 2048, 2048, 2048, 2048, 2048]","[2048, 2048, 2048, 2048, 2048, 2048, 2049]","[2049, 2048, 2048, 2048, 2049, 2048, 2048]",305.0
1221,9221,63,23,2023-10-08T17:40:18.297000+00:00,32.357,29.696,26.181,228.0,280.0,False,88.234,"[None, 2048, 2048, 2048, 2048, 2048, 2048, 2048, 2048]","[2048, 2049, 2048, 2048, 2048, 2048, 2048]","[2048, 2049, 2048, 2048, 2048, 2048]",329.0
1221,9221,11,23,2023-10-08T17:40:22.157000+00:00,32.445,29.541,25.701,232.0,280.0,False,87.687,"[None, 2048, 2048, 2048, 2049, 2049, 2049, 2049, 2049]","[2048, 2048, 2049, 2048, 2051, 2048, 2048]","[2048, 2048, 2051, 2048, 2048, 2049, 2048]",303.0
1221,9221,23,23,2023-10-08T17:40:26.719000+00:00,32.813,29.987,26.261,229.0,278.0,False,89.061,"[2048, 2048, 2048, 2048, 2048, 2049, 2049, 2048, 2048]","[2048, 2048, 2048, 2048, 2048, 2048, 2048]","[2048, 2048, 2048, 2048, 2048, 2049, 2048]",324.0
1221,9221,2,23,2023-10-08T17:40:29.578000+00:00,32.994,30.01,26.294,235.0,282.0,False,89.298,"[None, 2048, 2048, 2048, 2048, 2048, 2048, 2048, 2048]","[2048, 2048, 2048, 2049, 2048, 2048, 2048]","[2048, 2048, 2048, 2048, 2048, 2048, 2048]",308.0
1221,9221,22,23,2023-10-08T17:40:29.844000+00:00,55.088,30.353,26.243,225.0,264.0,True,111.684,"[2064, 2064, 2048, 2048, 2048, 2048, 2048, 2048, 2048]","[2048, 2048, 2048, 2048, 2048, 2048, 2048]","[2048, 2048, 2048, 2048, 2048, 2049, 2048]",176.0
1221,9221,24,23,2023-10-08T17:40:31.047000+00:00,32.746,29.713,26.102,229.0,280.0,False,88.561,"[None, 2048, 2048, 2048, 2048, 2049, 2049, 2048, 2048]","[2049, 2048, 2048, 2048, 2049, 2048, 2049]","[2049, 2049, 2049, 2048, 2048, 2048]",297.0
1221,9221,27,23,2023-10-08T17:40:33.610000+00:00,32.862,29.777,26.397,233.0,281.0,False,89.036,"[None, 2048, 2048, 2048, 2048, 2048, 2048, 2048, 2048]","[2048, 2048, 2048, 2048, 2048, 2048, 2048]","[2048, 2048, 2048, 2048, 2048, 2048, 2048]",302.0
1221,9221,77,23,2023-10-08T17:40:40.406000+00:00,32.765,29.556,26.336,229.0,276.0,False,88.657,"[2048, 2048, 2048, 2049, 2049, 2048, 2049, 2049, 2049]","[2049, 2049, 2049, 2049, 2049, 2049, 2048]","[2048, 2048, 2049, 2048, 2048, 2049]",295.0
1221,9221,18,23,2023-10-08T17:40:41.906000+00:00,32.809,29.418,26.295,230.0,278.0,False,88.522,"[2048, 2048, 2048, 2049, 2049, 2049, 2048, 2049, 2049]","[2049, 2049, 2049, 2049, 2049, 2049, 2048]","[2048, 2048, 2049, 2048, 2049, 2049]",309.0
1221,9221,20,23,2023-10-08T17:40:50.203000+00:00,33.031,29.72,26.678,230.0,279.0,False,89.429,"[2048, 2048, 2048, 2049, 2049, 2049, 2048, 2049, 2049]","[2049, 2048, 2049, 2049, 2049, 2049, 2048]","[2048, 2048, 2048, 2048, 2048, 2049]",298.0
1221,9221,40,23,2023-10-08T17:40:52.578000+00:00,33.669,30.104,26.606,230.0,276.0,False,90.379,"[2048, 2048, 2048, 2048, 2049, 2048, 2048, 2049, 2049]","[2049, 2049, 2048, 2049, 2048, 2048, 2048]","[2048, 2048, 2048, 2048, 2048, 2048, 2048]",301.0
1221,9221,1,24,2023-10-08T17:41:23.422000+00:00,32.439,29.413,25.962,232.0,277.0,False,87.814,"[None, 2049, 2049, 2048, 2049, 2048, 2048, 2048, 2048]","[2048, 2048, 2048, 2049, 2048, 2048, 2048]","[2048, 2048, 2048, 2048, 2048, 2048, 2048]",303.0
1221,9221,81,24,2023-10-08T17:41:31.515000+00:00,32.291,29.681,25.954,233.0,277.0,False,87.926,"[None, 2048, 2048, 2049, 2049, 2048, 2048, 2048, 2048]","[2049, 2048, 2048, 2048, 2048, 2048, 2048]","[2048, 2048, 2049, 2049, 2049, 2048, 2048]",305.0
1221,9221,14,24,2023-10-08T17:41:37.140000+00:00,32.585,29.788,26.2,232.0,278.0,False,88.573,"[None, 2048, 2048, 2048, 2048, 2048, 2048, 2049, 2048]","[2048, 2049, 2048, 2048, 2049, 2048, 2048]","[2048, 2048, 2048, 2048, 2048, 2048, 2048]",
1221,9221,4,24,2023-10-08T17:41:39.890000+00:00,32.37,29.766,25.714,229.0,276.0,False,87.85,"[None, 2048, 2048, 2051, 2048, 2048, 2048, 2048, 2048]","[2048, 2048, 2048, 2049, 2048, 2049, 2048]","[2049, 2048, 2049, 2051, 2049, 2049, 2048]",307.0
1221,9221,16,24,2023-10-08T17:41:43.515000+00:00,32.75,29.674,26.126,,283.0,False,88.55,"[None, 2048, 2048, 2049, 2048, 2048, 2048, 2048, 2048]","[2049, 2049, 2048, 2048, 2048, 2049, 2048]","[2048, 2048, 2048, 2049, 2049, 2048, 2048]",301.0
1221,9221,31,24,2023-10-08T17:41:45.531000+00:00,32.909,29.782,26.027,,281.0,False,88.718,"[None, 2048, 2048, 2048, 2048, 2048, 2048, 2049, 2049]","[2048, 2048, 2048, 2048, 2049, 2048, 2048]","[2048, 2049, 2049, 2048, 2049, 2048, 2048]",
1221,9221,63,24,2023-10-08T17:41:46.468000+00:00,32.762,29.771,25.886,232.0,282.0,False,88.419,"[None, 2048, 2048, 2048, 2048, 2048, 2048, 2048, 2048]","[2048, 2049, 2048, 2048, 2048, 2048, 2048]","[2048, 2048, 2048, 2048, 2048, 2048, 2048]",311.0
1221,9221,10,24,2023-10-08T17:41:47.437000+00:00,33.167,29.729,26.082,227.0,271.0,False,88.978,"[None, 2048, 2048, 2048, 2048, 2048, 2048, 2048, 2048]","[2048, 2049, 2048, 2048, 2048, 2048, 2048]","[2048, 2048, 2048, 2049, 2048, 2048, 2048]",298.0
1221,9221,11,24,2023-10-08T17:41:49.937000+00:00,32.545,29.936,25.788,228.0,281.0,False,88.269,"[None, 2048, 2048, 2048, 2049, 2049, 2048, 2048, 2048]","[2048, 2051, 2048, 2048, 2048, 2048, 2048]","[2048, 2048, 2048, 2048, 2048, 2048, 2048]",304.0
1221,9221,23,24,2023-10-08T17:41:55.937000+00:00,32.6,29.514,26.191,236.0,277.0,False,88.305,"[None, 2048, 2048, 2048, 2049, 2049, 2048, 2049, 2049]","[2049, 2049, 2051, 2049, 2049, 2048, 2048]","[2048, 2048, 2048, 2048, 2048, 2048, 2048]",297.0
1221,9221,2,24,2023-10-08T17:41:58.968000+00:00,33.009,30.12,26.241,229.0,276.0,False,89.37,"[None, 2048, 2048, 2048, 2048, 2048, 2048, 2048, 2048]","[2048, 2048, 2048, 2048, 2048, 2048, 2048]","[2048, 2048, 2048, 2048, 2048, 2048, 2049]",306.0
1221,9221,24,24,2023-10-08T17:41:59.593000+00:00,32.676,30.154,26.412,228.0,281.0,False,89.242,"[None, 2048, 2048, 2048, 2048, 2048, 2048, 2048, 2048]","[2048, 2049, 2048, 2048, 2048, 2048, 2049]","[2048, 2048, 2048, 2048, 2049, 2048, 2048]",319.0
1221,9221,27,24,2023-10-08T17:42:02.671000+00:00,32.801,29.799,26.298,232.0,281.0,False,88.898,"[None, 2048, 2048, 2048, 2048, 2048, 2048, 2048, 2048]","[2048, 2048, 2048, 2048, 2048, 2048, 2048]","[2048, 2048, 2048, 2049, 2048, 2048, 2048]",301.0
1221,9221,77,24,2023-10-08T17:42:09.030000+00:00,32.843,29.508,26.175,,276.0,False,88.526,"[None, 2048, 2048, 2048, 2048, 2049, 2048, 2049, 2049]","[2048, 2048, 2049, 2048, 2049, 2049, 2048]","[2048, 2048, 2049, 2049, 2049, 2049, 2048]",292.0
1221,9221,18,24,2023-10-08T17:42:10.343000+00:00,32.69,29.47,26.258,,280.0,False,88.418,"[None, 2048, 2048, 2049, 2049, 2049, 2049, 2048, 2048]","[2048, 2049, 2048, 2048, 2049, 2048, 2049]","[2049, 2049, 2049, 2048, 2048, 2049, 2048]",310.0
1221,9221,20,24,2023-10-08T17:42:19.515000+00:00,32.858,29.628,26.497,221.0,279.0,False,88.983,"[None, 2048, 2048, 2049, 2049, 2048, 2048, 2049, 2048]","[2049, 2048, 2049, 2049, 2048, 2049, 2048]","[2048, 2048, 2048, 2048, 2048, 2049, 2049]",295.0
1221,9221,22,24,2023-10-08T17:42:21.640000+00:00,33.037,29.744,25.957,229.0,271.0,False,88.738,"[2048, 2048, 2048, 2049, 2048, 2048, 2048, 2048, 2048]","[2049, 2048, 2049, 2049, 2049, 2049, 2048]","[2049, 2049, 2048, 2048, 2048, 2048, 2048]",296.0
1221,9221,40,24,2023-10-08T17:42:22.937000+00:00,33.321,30.075,26.266,229.0,272.0,False,89.662,"[None, 2048, 2048, 2049, 2049, 2048, 2048, 2049, 2049]","[2048, 2048, 2049, 2048, 2049, 2048, 2048]","[2048, 2048, 2049, 2049, 2048, 2049]",296.0
1221,9221,1,25,2023-10-08T17:42:51.249000+00:00,32.404,29.441,25.93,234.0,278.0,False,87.775,"[None, 2049, 2048, 2048, 2048, 2048, 2048, 2051, 2048]","[2048, 2049, 2048, 2048, 2048, 2048, 2048]","[2048, 2048, 2048, 2048, 2048, 2048, 2048]",302.0
1221,9221,81,25,2023-10-08T17:42:59.452000+00:00,32.316,29.743,29.98,235.0,276.0,False,92.039,"[None, 2048, 2048, 2048, 2048, 2049, 2048, 2048, 2048]","[2048, 2048, 2048, 2048, 2048, 2048, 2048]","[2049, 2048, 2048, 2048, 2048, 2048, 2064]",304.0
1221,9221,14,25,2023-10-08T17:43:05.749000+00:00,32.55,29.725,25.981,233.0,277.0,False,88.256,"[None, 2048, 2048, 2048, 2048, 2048, 2048, 2048, 2048]","[2048, 2048, 2049, 2048, 2049, 2048, 2048]","[2048, 2049, 2049, 2049, 2048, 2048, 2048]",
1221,9221,4,25,2023-10-08T17:43:07.764000+00:00,32.307,29.848,25.68,232.0,277.0,False,87.835,"[None, 2048, 2048, 2048, 2048, 2048, 2049, 2048, 2049]","[2048, 2048, 2048, 2049, 2049, 2048, 2048]","[2049, 2049, 2049, 2048, 2049, 2048, 2048]",
1221,9221,16,25,2023-10-08T17:43:12.077000+00:00,32.708,30.718,30.146,229.0,281.0,False,93.572,"[None, 2048, 2048, 2049, 2049, 2048, 2048, 2048, 2048]","[2048, 2048, 2048, 2048, 2048, 2048, 2048]","[2048, 2048, 2049, 2049, 2049, 2048, 2064]",
1221,9221,31,25,2023-10-08T17:43:14.217000+00:00,32.899,29.65,30.36,228.0,282.0,False,92.909,"[None, 2048, 2048, 2048, 2049, 2048, 2048, 2049, 2049]","[2048, 2048, 2048, 2048, 2049, 2049, 2048]","[2049, 2049, 2049, 2049, 2048, 2048, 2064]",294.0
1221,9221,63,25,2023-10-08T17:43:14.952000+00:00,32.672,29.956,26.033,230.0,280.0,False,88.661,"[None, 2048, 2048, 2048, 2048, 2048, 2048, 2048, 2048]","[2048, 2048, 2048, 2048, 2048, 2048, 2048]","[2048, 2048, 2049, 2048, 2048, 2048]",324.0
1221,9221,10,25,2023-10-08T17:43:16.373000+00:00,32.846,29.713,26.006,228.0,276.0,False,88.565,"[None, 2048, 2048, 2049, 2049, 2048, 2048, 2048, 2048]","[2048, 2048, 2048, 2048, 2048, 2048, 2048]","[2048, 2049, 2048, 2048, 2048, 2048]",300.0
1221,9221,11,25,2023-10-08T17:43:18.202000+00:00,32.547,30.162,25.843,232.0,278.0,False,88.552,"[None, 2048, 2048, 2048, 2049, 2048, 2048, 2048, 2048]","[2048, 2048, 2048, 2048, 2048, 2048, 2048]","[2048, 2048, 2048, 2048, 2048, 2048]",303.0
1221,9221,23,25,2023-10-08T17:43:24.233000+00:00,32.585,29.708,26.065,233.0,280.0,False,88.358,"[None, 2048, 2048, 2049, 2049, 2048, 2048, 2048, 2048]","[2048, 2048, 2048, 2048, 2048, 2048, 2048]","[2048, 2048, 2048, 2048, 2048, 2049, 2048]",307.0
1221,9221,2,25,2023-10-08T17:43:28.311000+00:00,32.926,30.443,26.163,,274.0,False,89.532,"[None, 2048, 2048, 2048, 2048, 2048, 2048, 2048, 2048]","[2048, 2049, 2048, 2048, 2048, 2048, 2048]","[2048, 2048, 2048, 2048, 2049, 2049, 2049]",307.0
1221,9221,24,25,2023-10-08T17:43:28.920000+00:00,32.687,30.487,26.221,,281.0,False,89.395,"[2049, 2048, 2048, 2048, 2048, 2048, 2048, 2048, 2048]","[2048, 2048, 2048, 2048, 2048, 2048, 2049]","[2048, 2048, 2048, 2048, 2048, 2048, 2049]",318.0
1221,9221,27,25,2023-10-08T17:43:31.655000+00:00,32.671,29.897,26.285,231.0,282.0,False,88.853,"[None, 2048, 2048, 2048, 2049, 2049, 2049, 2048, 2048]","[2048, 2048, 2048, 2048, 2049, 2048, 2048]","[2048, 2048, 2048, 2048, 2048, 2048]",304.0
1221,9221,77,25,2023-10-08T17:43:37.623000+00:00,32.548,29.538,26.239,230.0,277.0,False,88.325,"[None, 2048, 2048, 2051, 2049, 2049, 2048, 2049, 2049]","[2049, 2048, 2048, 2048, 2049, 2048, 2048]","[2048, 2049, 2048, 2049, 2048, 2048, 2048]",
1221,9221,18,25,2023-10-08T17:43:38.842000+00:00,32.622,29.516,26.029,233.0,279.0,False,88.167,"[None, 2048, 2048, 2049, 2048, 2048, 2048, 2049, 2049]","[2049, 2051, 2048, 2048, 2049, 2048, 2048]","[2049, 2049, 2049, 2048, 2049, 2048, 2048]",311.0
1221,9221,20,25,2023-10-08T17:43:48.607000+00:00,32.733,29.535,26.459,231.0,279.0,False,88.727,"[None, 2048, 2048, 2049, 2049, 2049, 2048, 2048, 2049]","[2049, 2048, 2051, 2048, 2048, 2048, 2048]","[2048, 2048, 2048, 2048, 2048, 2048, 2048]",
1221,9221,22,25,2023-10-08T17:43:50.389000+00:00,32.804,29.65,25.984,230.0,270.0,False,88.438,"[None, 2048, 2048, 2049, 2049, 2048, 2048, 2049, 2049]","[2048, 2049, 2049, 2049, 2049, 2049, 2048]","[2049, 2048, 2048, 2048, 2048, 2049, 2048]",302.0
1221,9221,40,25,2023-10-08T17:43:52.639000+00:00,33.157,29.856,26.096,,277.0,False,89.109,"[None, 2048, 2048, 2049, 2049, 2048, 2048, 2049, 2048]","[2049, 2048, 2049, 2049, 2048, 2049, 2048]","[2048, 2049, 2049, 2049, 2049, 2048, 2048]",298.0
1221,9221,1,26,2023-10-08T17:44:19.045000+00:00,32.34,29.44,25.988,231.0,280.0,False,87.768,"[2048, 2048, 2049, 2049, 2049, 2048, 2049, 2048, 2048]","[2048, 2048, 2048, 2048, 2048, 2048, 2049]","[2048, 2048, 2048, 2048, 2048, 2048, 2048]",303.0
1221,9221,81,26,2023-10-08T17:44:31.451000+00:00,54.992,30.208,26.105,232.0,278.0,True,111.305,"[2064, 2064, 2048, 2048, 2048, 2048, 2048, 2048, 2048]","[2048, 2048, 2048, 2048, 2048, 2048, 2048]","[2048, 2048, 2048, 2048, 2048, 2048, 2048]",175.0
1221,9221,14,26,2023-10-08T17:44:33.998000+00:00,32.479,29.549,30.511,230.0,279.0,False,92.539,"[None, 2048, 2048, 2049, 2048, 2048, 2048, 2049, 2048]","[2048, 2049, 2049, 2048, 2049, 2048, 2048]","[2049, 2048, 2049, 2048, 2049, 2048, 2064]",307.0
1221,9221,4,26,2023-10-08T17:44:35.591000+00:00,32.349,29.711,25.763,231.0,277.0,False,87.823,"[None, 2048, 2048, 2048, 2048, 2048, 2049, 2049, 2048]","[2049, 2049, 2048, 2048, 2048, 2048, 2048]","[2048, 2049, 2049, 2048, 2048, 2048, 2048]",
1221,9221,63,26,2023-10-08T17:44:43.529000+00:00,32.014,29.387,25.713,232.0,272.0,False,87.114,"[None, 2048, 2048, 2049, 2049, 2049, 2048, 2049, 2048]","[2049, 2048, 2049, 2049, 2048, 2049, 2048]","[2048, 2049, 2049, 2049, 2049, 2048]",320.0
1221,9221,10,26,2023-10-08T17:44:44.919000+00:00,32.728,29.609,30.312,227.0,280.0,False,92.649,"[None, 2048, 2048, 2048, 2049, 2049, 2048, 2049, 2048]","[2048, 2048, 2048, 2048, 2049, 2048, 2048]","[2048, 2048, 2048, 2048, 2048, 2048, 2064]",302.0
1221,9221,16,26,2023-10-08T17:44:45.622000+00:00,55.41,30.141,26.266,229.0,283.0,True,111.817,"[2064, 2064, 2048, 2048, 2048, 2048, 2048, 2048, 2048]","[2048, 2048, 2048, 2048, 2048, 2048, 2048]","[2048, 2048, 2048, 2048, 2048, 2049, 2048]",171.0
1221,9221,11,26,2023-10-08T17:44:46.654000+00:00,32.591,30.07,25.73,233.0,278.0,False,88.391,"[None, 2048, 2048, 2048, 2048, 2048, 2048, 2048, 2048]","[2048, 2048, 2048, 2048, 2048, 2049, 2048]","[2048, 2051, 2048, 2048, 2048, 2048, 2048]",304.0
1221,9221,31,26,2023-10-08T17:44:47.107000+00:00,56.822,30.115,25.888,226.0,279.0,True,112.825,"[2064, 2064, 2048, 2048, 2048, 2048, 2048, 2048, 2048]","[2048, 2048, 2048, 2048, 2048, 2048, 2048]","[2048, 2048, 2048, 2049, 2048, 2049, 0]",167.0
1221,9221,23,26,2023-10-08T17:44:52.591000+00:00,32.608,29.838,26.056,,280.0,False,88.502,"[None, 2048, 2048, 2048, 2049, 2048, 2048, 2048, 2048]","[2048, 2048, 2048, 2048, 2048, 2048, 2048]","[2048, 2048, 2048, 2048, 2048, 2048]",
1221,9221,2,26,2023-10-08T17:44:57.872000+00:00,33.691,30.185,30.712,227.0,278.0,False,94.588,"[None, 2048, 2048, 2048, 2048, 2048, 2048, 2048, 2048]","[2048, 2048, 2048, 2048, 2048, 2048, 2048]","[2048, 2048, 2048, 2048, 2048, 2048, 2064]",306.0
1221,9221,24,26,2023-10-08T17:44:58.325000+00:00,32.332,29.777,26.139,225.0,275.0,False,88.248,"[None, 2049, 2049, 2048, 2048, 2049, 2048, 2048, 2048]","[2049, 2048, 2049, 2048, 2048, 2049, 2048]","[2048, 2048, 2048, 2048, 2048, 2048]",328.0
1221,9221,27,26,2023-10-08T17:45:00.513000+00:00,32.765,30.036,26.15,230.0,282.0,False,88.951,"[None, 2048, 2048, 2048, 2048, 2049, 2049, 2048, 2048]","[2048, 2048, 2048, 2048, 2048, 2048, 2048]","[2048, 2049, 2048, 2048, 2048, 2048]",
1221,9221,77,26,2023-10-08T17:45:05.904000+00:00,32.994,29.513,25.873,228.0,277.0,False,88.38,"[None, 2048, 2048, 2048, 2048, 2048, 2048, 2048, 2048]","[2048, 2048, 2049, 2049, 2049, 2048, 2048]","[2049, 2049, 2049, 2049, 2049, 2049]",291.0
1221,9221,18,26,2023-10-08T17:45:06.997000+00:00,32.821,29.485,25.998,231.0,280.0,False,88.304,"[None, 2048, 2048, 2048, 2048, 2048, 2048, 2048, 2048]","[2048, 2048, 2048, 2048, 2048, 2049, 2049]","[2049, 2048, 2048, 2049, 2049, 2048]",
1221,9221,20,26,2023-10-08T17:45:17.325000+00:00,32.706,29.693,25.963,,280.0,False,88.362,"[None, 2048, 2048, 2048, 2049, 2049, 2048, 2048, 2048]","[2048, 2049, 2048, 2049, 2048, 2048, 2048]","[2048, 2049, 2049, 2049, 2049, 2048, 2049]",298.0
1221,9221,22,26,2023-10-08T17:45:18.825000+00:00,32.786,29.648,25.969,229.0,270.0,False,88.403,"[None, 2048, 2048, 2049, 2048, 2049, 2049, 2048, 2048]","[2049, 2048, 2048, 2048, 2049, 2048, 2048]","[2049, 2048, 2048, 2048, 2048, 2049, 2048]",301.0
1221,9221,40,26,2023-10-08T17:45:21.731000+00:00,33.111,29.997,26.203,,271.0,False,89.311,"[None, 2048, 2048, 2049, 2048, 2048, 2048, 2049, 2048]","[2049, 2048, 2048, 2048, 2049, 2048, 2048]","[2048, 2049, 2048, 2048, 2048, 2048]",297.0
1221,9221,1,27,2023-10-08T17:45:46.762000+00:00,32.408,29.452,25.946,232.0,280.0,False,87.806,"[2049, 2049, 2048, 2048, 2049, 2048, 2048, 2048, 2048]","[2048, 2049, 2048, 2048, 2048, 2049, 2049]","[2048, 2048, 2048, 2048, 2048, 2048, 2048]",
1221,9221,4,27,2023-10-08T17:46:03.340000+00:00,32.048,29.604,29.531,232.0,276.0,False,91.183,"[None, 2048, 2048, 2049, 2051, 2048, 2049, 2051, 2048]","[2048, 2049, 2049, 2048, 2049, 2048, 2048]","[2048, 2049, 2051, 2051, 2049, 2048, 2064]",303.0
1221,9221,14,27,2023-10-08T17:46:06.387000+00:00,55.611,29.819,25.891,232.0,278.0,True,111.321,"[2064, 2064, 2048, 2048, 2048, 2048, 2048, 2048, 2048]","[2048, 2048, 2048, 2048, 2048, 2049, 2048]","[2048, 2048, 2048, 2048, 2049, 2049, 2048]",177.0
1221,9221,63,27,2023-10-08T17:46:10.684000+00:00,32.448,29.232,25.732,,272.0,False,87.412,"[None, 2048, 2048, 2051, 2049, 2048, 2048, 2048, 2049]","[2049, 2048, 2049, 2048, 2049, 2051, 2048]","[2048, 2049, 2049, 2048, 2048, 2048, 2048]",299.0
1221,9221,11,27,2023-10-08T17:46:15.059000+00:00,32.628,29.697,25.649,234.0,278.0,False,87.974,"[None, 2048, 2048, 2048, 2049, 2048, 2048, 2048, 2049]","[2048, 2048, 2048, 2048, 2048, 2048, 2048]","[2048, 2048, 2048, 2048, 2048, 2048]",300.0
1221,9221,10,27,2023-10-08T17:46:17.621000+00:00,57.633,30.12,26.102,226.0,277.0,True,113.855,"[2064, 2064, 2048, 2048, 2048, 2048, 2048, 2048, 2048]","[2048, 2048, 2048, 2048, 2048, 2048, 2048]","[2048, 2048, 2048, 2048, 2048, 2049, 2048]",175.0
1221,9221,23,27,2023-10-08T17:46:20.981000+00:00,32.659,29.764,25.828,229.0,274.0,False,88.251,"[None, 2048, 2048, 2048, 2048, 2048, 2048, 2048, 2048]","[2048, 2048, 2048, 2048, 2048, 2048, 2048]","[2048, 2048, 2048, 2049, 2048, 2049]",306.0
1221,9221,81,27,2023-10-08T17:46:22.778000+00:00,32.295,29.446,25.618,236.0,279.0,False,87.359,"[2048, 2048, 2048, 2048, 2048, 2048, 2048, 2049, 2051]","[2049, 2049, 2049, 2049, 2049, 2048, 2049]","[2049, 2048, 2048, 2048, 2049, 2049, 2051]",308.0
1221,9221,24,27,2023-10-08T17:46:26.449000+00:00,32.815,29.727,26.033,227.0,278.0,False,88.575,"[2048, 2048, 2048, 2048, 2049, 2048, 2048, 2048, 2048]","[2048, 2048, 2048, 2048, 2048, 2049, 2048]","[2048, 2048, 2049, 2048, 2048, 2048]",293.0
1221,9221,27,27,2023-10-08T17:46:29.371000+00:00,33.396,30.051,30.604,229.0,283.0,False,94.051,"[None, 2048, 2048, 2048, 2048, 2048, 2048, 2048, 2048]","[2048, 2048, 2048, 2048, 2048, 2048, 2049]","[2048, 2048, 2048, 2048, 2048, 2048, 2064]",301.0
1221,9221,2,27,2023-10-08T17:46:32.356000+00:00,56.791,30.602,26.075,232.0,278.0,True,113.468,"[2064, 2064, 2048, 2048, 2048, 2048, 2048, 2048, 2048]","[2048, 2049, 2048, 2048, 2048, 2048, 2048]","[2048, 2048, 2048, 2048, 2048, 2049, 2048]",172.0
1221,9221,77,27,2023-10-08T17:46:34.199000+00:00,32.436,29.541,25.944,,277.0,False,87.921,"[None, 2048, 2048, 2049, 2049, 2049, 2048, 2048, 2048]","[2048, 2048, 2049, 2049, 2049, 2049, 2048]","[2048, 2049, 2049, 2048, 2048, 2048]",299.0
1221,9221,18,27,2023-10-08T17:46:35.215000+00:00,32.462,29.638,26.036,233.0,280.0,False,88.136,"[None, 2048, 2048, 2048, 2048, 2048, 2048, 2048, 2049]","[2048, 2048, 2048, 2048, 2048, 2048, 2048]","[2048, 2048, 2048, 2048, 2048, 2049]",329.0
1221,9221,16,27,2023-10-08T17:46:37.481000+00:00,32.492,29.505,26.152,235.0,282.0,False,88.149,"[2048, 2048, 2048, 2048, 2049, 2049, 2048, 2049, 2049]","[2048, 2048, 2049, 2051, 2049, 2048, 2048]","[2048, 2048, 2048, 2048, 2048, 2048]",306.0
1221,9221,31,27,2023-10-08T17:46:39.965000+00:00,32.975,29.65,26.068,229.0,276.0,False,88.693,"[2048, 2048, 2048, 2048, 2048, 2048, 2048, 2048, 2048]","[2049, 2048, 2049, 2049, 2048, 2048, 2048]","[2048, 2048, 2048, 2048, 2048, 2048]",299.0
1221,9221,20,27,2023-10-08T17:46:45.684000+00:00,32.61,29.879,26.509,233.0,281.0,False,88.998,"[None, 2048, 2048, 2049, 2048, 2048, 2048, 2048, 2049]","[2048, 2048, 2048, 2048, 2048, 2048, 2048]","[2048, 2048, 2048, 2048, 2048, 2048]",302.0
1221,9221,22,27,2023-10-08T17:46:47.199000+00:00,32.64,29.847,25.998,230.0,270.0,False,88.485,"[None, 2048, 2048, 2048, 2049, 2049, 2048, 2049, 2049]","[2048, 2048, 2048, 2048, 2048, 2048, 2048]","[2048, 2048, 2048, 2048, 2048, 2048]",304.0
1221,9221,40,27,2023-10-08T17:46:51.027000+00:00,33.137,30.033,26.025,230.0,273.0,False,89.195,"[None, 2048, 2048, 2048, 2048, 2049, 2048, 2048, 2048]","[2048, 2048, 2048, 2048, 2049, 2048, 2048]","[2049, 2049, 2049, 2048, 2049, 2048, 2048]",296.0
1221,9221,1,28,2023-10-08T17:47:14.590000+00:00,32.298,29.415,26.029,233.0,280.0,False,87.742,"[None, 2049, 2048, 2049, 2049, 2049, 2048, 2048, 2048]","[2048, 2049, 2048, 2048, 2048, 2051, 2049]","[2048, 2048, 2048, 2048, 2048, 2048, 2048]",
1221,9221,4,28,2023-10-08T17:47:34.605000+00:00,54.743,29.653,25.649,227.0,277.0,True,110.045,"[2064, 2064, 2048, 2048, 2048, 2048, 2048, 2048, 2048]","[2048, 2048, 2049, 2049, 2048, 2048, 2048]","[2048, 2048, 2048, 2048, 2048, 2049, 2048]",177.0
1221,9221,63,28,2023-10-08T17:47:38.027000+00:00,32.363,29.265,25.702,236.0,275.0,False,87.33,"[None, 2048, 2048, 2048, 2049, 2049, 2048, 2049, 2049]","[2048, 2049, 2049, 2049, 2049, 2048, 2048]","[2048, 2049, 2048, 2048, 2048, 2048]",287.0
1221,9221,11,28,2023-10-08T17:47:43.027000+00:00,32.704,29.808,25.615,232.0,278.0,False,88.127,"[None, 2048, 2048, 2049, 2049, 2048, 2048, 2048, 2048]","[2048, 2048, 2048, 2048, 2048, 2048, 2048]","[2048, 2048, 2048, 2049, 2048, 2048]",298.0
1221,9221,23,28,2023-10-08T17:47:49.230000+00:00,32.629,29.965,25.869,228.0,275.0,False,88.463,"[None, 2048, 2048, 2048, 2048, 2049, 2048, 2048, 2048]","[2048, 2048, 2048, 2048, 2049, 2049, 2048]","[2048, 2049, 2048, 2049, 2048, 2048]",
1221,9221,81,28,2023-10-08T17:47:50.136000+00:00,32.013,30.443,25.679,,277.0,False,88.135,"[None, 2048, 2048, 2048, 2048, 2051, 2048, 2048, 2048]","[2048, 2051, 2048, 2048, 2048, 2048, 2048]","[2048, 2049, 2049, 2048, 2048, 2048]",328.0
1221,9221,24,28,2023-10-08T17:47:55.120000+00:00,32.564,29.64,25.823,232.0,278.0,False,88.027,"[None, 2048, 2048, 2048, 2049, 2048, 2049, 2049, 2048]","[2048, 2048, 2048, 2048, 2049, 2048, 2048]","[2048, 2049, 2049, 2048, 2049, 2048, 2048]",300.0
1221,9221,14,28,2023-10-08T17:47:57.902000+00:00,32.331,29.422,25.891,235.0,280.0,False,87.644,"[2048, 2048, 2048, 2048, 2049, 2049, 2048, 2048, 2049]","[2049, 2048, 2049, 2049, 2048, 2049, 2048]","[2048, 2048, 2049, 2048, 2048, 2048, 2048]",310.0
1221,9221,77,28,2023-10-08T17:48:02.136000+00:00,32.32,29.532,26.097,230.0,277.0,False,87.949,"[None, 2048, 2048, 2049, 2049, 2049, 2049, 2049, 2049]","[2048, 2048, 2048, 2048, 2048, 2048, 2048]","[2049, 2048, 2048, 2048, 2048, 2048, 2048]",292.0
1221,9221,18,28,2023-10-08T17:48:03.339000+00:00,32.527,29.51,25.957,234.0,279.0,False,87.994,"[None, 2048, 2048, 2049, 2048, 2048, 2048, 2049, 2048]","[2049, 2048, 2048, 2048, 2048, 2048, 2048]","[2048, 2048, 2048, 2048, 2049, 2048, 2048]",312.0
1221,9221,27,28,2023-10-08T17:48:03.480000+00:00,54.937,29.94,26.06,232.0,281.0,True,110.937,"[2064, 2064, 2048, 2048, 2048, 2048, 2048, 2048, 2048]","[2048, 2048, 2048, 2048, 2048, 2049, 2048]","[2048, 2048, 2048, 2048, 2049, 2049, 0]",171.0
1221,9221,16,28,2023-10-08T17:48:05.495000+00:00,32.358,29.421,25.925,232.0,282.0,False,87.704,"[None, 2048, 2048, 2049, 2049, 2049, 2048, 2049, 2048]","[2048, 2048, 2048, 2048, 2049, 2049, 2048]","[2048, 2048, 2049, 2048, 2049, 2049]",301.0
1221,9221,31,28,2023-10-08T17:48:08.542000+00:00,32.522,29.539,25.916,231.0,280.0,False,87.977,"[None, 2048, 2048, 2049, 2049, 2048, 2048, 2049, 2049]","[2048, 2048, 2049, 2049, 2049, 2049, 2048]","[2048, 2049, 2048, 2049, 2048, 2048, 2048]",294.0
1221,9221,10,28,2023-10-08T17:48:11.526000+00:00,32.628,29.187,25.771,230.0,280.0,False,87.586,"[2048, 2048, 2048, 2049, 2048, 2048, 2048, 2049, 2049]","[2051, 2048, 2049, 2048, 2049, 2051, 2048]","[2048, 2048, 2048, 2048, 2048, 2051, 2048]",294.0
1221,9221,20,28,2023-10-08T17:48:14.573000+00:00,32.598,29.838,26.267,,281.0,False,88.703,"[None, 2048, 2048, 2048, 2048, 2048, 2049, 2049, 2049]","[2048, 2048, 2048, 2048, 2048, 2048, 2048]","[2048, 2048, 2048, 2048, 2049, 2048]",303.0
1221,9221,22,28,2023-10-08T17:48:15.589000+00:00,32.725,29.8,25.929,231.0,271.0,False,88.454,"[None, 2048, 2048, 2048, 2048, 2049, 2049, 2049, 2049]","[2048, 2048, 2048, 2048, 2048, 2048, 2048]","[2049, 2048, 2048, 2048, 2048, 2048]",301.0
1221,9221,40,28,2023-10-08T17:48:20.229000+00:00,32.881,29.896,26.111,,273.0,False,88.888,"[None, 2048, 2048, 2049, 2049, 2049, 2048, 2049, 2049]","[2049, 2048, 2048, 2048, 2048, 2048, 2048]","[2048, 2048, 2048, 2049, 2048, 2048, 2048]",
1221,9221,2,28,2023-10-08T17:48:25.901000+00:00,33.123,30.044,26.152,230.0,279.0,False,89.319,"[2048, 2048, 2048, 2048, 2048, 2048, 2048, 2048, 2048]","[2049, 2048, 2048, 2048, 2048, 2048, 2049]","[2048, 2048, 2048, 2048, 2048, 2048, 2049]",305.0
1221,9221,1,29,2023-10-08T17:48:42.292000+00:00,32.262,29.454,25.872,232.0,280.0,False,87.588,"[2048, 2048, 2048, 2048, 2049, 2048, 2048, 2048, 2048]","[2048, 2049, 2048, 2048, 2048, 2048, 2048]","[2048, 2048, 2048, 2048, 2048, 2048, 2048]",304.0
1221,9221,63,29,2023-10-08T17:49:05.432000+00:00,32.194,29.249,25.771,233.0,273.0,False,87.214,"[None, 2048, 2048, 2051, 2048, 2048, 2048, 2049, 2048]","[2048, 2048, 2048, 2048, 2049, 2048, 2048]","[2048, 2048, 2048, 2048, 2048, 2048, 2048]",299.0
1221,9221,11,29,2023-10-08T17:49:11.135000+00:00,32.685,29.777,25.856,229.0,274.0,False,88.318,"[None, 2048, 2048, 2048, 2049, 2048, 2048, 2048, 2048]","[2048, 2048, 2048, 2048, 2048, 2048, 2048]","[2048, 2048, 2048, 2048, 2048, 2048, 2048]",296.0
1221,9221,23,29,2023-10-08T17:49:17.776000+00:00,33.396,30.091,26.162,222.0,277.0,False,89.649,"[None, 2048, 2048, 2048, 2048, 2048, 2048, 2048, 2048]","[2048, 2048, 2048, 2048, 2048, 2048, 2048]","[2048, 2048, 2048, 2048, 2048, 2048]",
1221,9221,81,29,2023-10-08T17:49:18.166000+00:00,31.844,29.463,25.737,,277.0,False,87.044,"[2049, 2048, 2048, 2048, 2048, 2048, 2048, 2048, 2049]","[2048, 2048, 2049, 2048, 2048, 2049, 2048]","[2048, 2048, 2048, 2048, 2048, 2049]",331.0
1221,9221,24,29,2023-10-08T17:49:23.104000+00:00,32.485,29.7,25.812,,279.0,False,87.997,"[None, 2048, 2048, 2048, 2049, 2048, 2049, 2048, 2048]","[2048, 2048, 2048, 2048, 2048, 2048, 2048]","[2048, 2048, 2049, 2048, 2049, 2048, 2048]",299.0
1221,9221,4,29,2023-10-08T17:49:24.651000+00:00,32.299,29.313,25.462,236.0,278.0,False,87.074,"[2048, 2048, 2048, 2048, 2048, 2049, 2048, 2048, 2051]","[2049, 2048, 2049, 2049, 2048, 2048, 2048]","[2048, 2048, 2048, 2048, 2048, 2048, 2049]",308.0
1221,9221,14,29,2023-10-08T17:49:25.526000+00:00,,29.583,25.992,,282.0,False,87.906,"[None, 2048, 2048, 2048, 2048, 2048, 2051, 2048, 2049]","[2048, 2049, 2048, 2049, 2048, 2048, 2048]","[2048, 2048, 2048, 2048, 2048, 2048, 2048]",332.0
1221,9221,77,29,2023-10-08T17:49:30.182000+00:00,32.473,29.351,25.897,229.0,278.0,False,87.721,"[None, 2048, 2048, 2048, 2048, 2049, 2049, 2048, 2048]","[2048, 2049, 2048, 2048, 2049, 2049, 2048]","[2048, 2048, 2048, 2049, 2049, 2048, 2048]",298.0
1221,9221,18,29,2023-10-08T17:49:31.432000+00:00,32.552,30.117,25.931,,280.0,False,88.6,"[None, 2048, 2048, 2048, 2048, 2049, 2049, 2048, 2048]","[2048, 2048, 2048, 2048, 2049, 2048, 2048]","[2049, 2049, 2049, 2048, 2048, 2048, 2048]",
1221,9221,16,29,2023-10-08T17:49:33.229000+00:00,32.368,29.4,25.716,233.0,285.0,False,87.484,"[None, 2048, 2048, 2048, 2048, 2049, 2048, 2048, 2048]","[2048, 2048, 2048, 2048, 2049, 2049, 2048]","[2048, 2048, 2049, 2048, 2049, 2049, 2049]",303.0
1221,9221,31,29,2023-10-08T17:49:36.541000+00:00,32.698,29.45,25.74,230.0,280.0,False,87.888,"[None, 2048, 2048, 2049, 2048, 2049, 2048, 2048, 2048]","[2049, 2048, 2049, 2048, 2049, 2048, 2048]","[2048, 2048, 2048, 2048, 2049, 2048, 2048]",296.0
1221,9221,10,29,2023-10-08T17:49:39.104000+00:00,32.416,29.114,25.852,231.0,271.0,False,87.382,"[None, 2048, 2048, 2049, 2049, 2049, 2048, 2049, 2049]","[2051, 2048, 2049, 2049, 2051, 2048, 2048]","[2048, 2049, 2048, 2049, 2049, 2048]",296.0
1221,9221,20,29,2023-10-08T17:49:43.275000+00:00,32.678,29.927,26.229,231.0,281.0,False,88.834,"[None, 2048, 2048, 2048, 2048, 2048, 2048, 2048, 2048]","[2048, 2048, 2048, 2048, 2048, 2048, 2048]","[2048, 2048, 2048, 2048, 2048, 2048, 2049]",
1221,9221,22,29,2023-10-08T17:49:44.025000+00:00,32.627,29.806,26.236,229.0,273.0,False,88.669,"[2049, 2049, 2049, 2048, 2048, 2048, 2048, 2048, 2048]","[2048, 2048, 2048, 2048, 2048, 2049, 2048]","[2049, 2048, 2048, 2048, 2048, 2048]",323.0
1221,9221,40,29,2023-10-08T17:49:49.057000+00:00,33.132,29.753,25.857,,273.0,False,88.742,"[None, 2048, 2048, 2048, 2048, 2048, 2048, 2048, 2048]","[2049, 2048, 2048, 2048, 2049, 2049, 2048]","[2048, 2049, 2049, 2049, 2049, 2049, 2048]",297.0
1221,9221,27,29,2023-10-08T17:49:54.463000+00:00,32.506,29.457,25.908,,282.0,False,87.871,"[2048, 2048, 2048, 2049, 2048, 2048, 2048, 2049, 2048]","[2048, 2048, 2049, 2049, 2048, 2051, 2048]","[2049, 2048, 2048, 2048, 2048, 2048, 2048]",302.0
1221,9221,2,29,2023-10-08T17:49:55.213000+00:00,32.471,29.889,25.931,232.0,278.0,False,88.291,"[2049, 2048, 2048, 2048, 2048, 2048, 2048, 2049, 2048]","[2048, 2048, 2049, 2048, 2048, 2048, 2048]","[2048, 2049, 2049, 2048, 2049, 2049, 2048]",328.0
1221,9221,1,30,2023-10-08T17:50:09.916000+00:00,32.27,29.422,25.823,230.0,277.0,False,87.515,"[2049, 2049, 2048, 2048, 2048, 2048, 2049, 2049, 2049]","[2048, 2048, 2048, 2048, 2048, 2048, 2048]","[2048, 2048, 2049, 2049, 2048, 2048, 2048]",305.0
1221,9221,63,30,2023-10-08T17:50:32.681000+00:00,32.199,29.421,25.608,,274.0,False,87.228,"[None, 2048, 2048, 2048, 2048, 2049, 2048, 2049, 2048]","[2048, 2048, 2048, 2048, 2048, 2048, 2048]","[2048, 2049, 2049, 2049, 2049, 2048, 2048]",300.0
1221,9221,11,30,2023-10-08T17:50:39.587000+00:00,32.505,29.72,25.778,233.0,275.0,False,88.003,"[None, 2048, 2048, 2049, 2049, 2049, 2048, 2048, 2049]","[2048, 2048, 2048, 2048, 2048, 2048, 2048]","[2048, 2048, 2048, 2048, 2048, 2048, 2048]",295.0
1221,9221,81,30,2023-10-08T17:50:45.290000+00:00,32.016,29.48,25.547,,279.0,False,87.043,"[2048, 2048, 2048, 2049, 2049, 2048, 2048, 2049, 2048]","[2048, 2048, 2048, 2048, 2048, 2049, 2048]","[2048, 2049, 2048, 2049, 2049, 2051, 2048]",306.0
1221,9221,23,30,2023-10-08T17:50:47.447000+00:00,32.63,29.669,26.027,231.0,277.0,False,88.326,"[None, 2048, 2048, 2048, 2048, 2048, 2048, 2048, 2048]","[2048, 2048, 2048, 2048, 2049, 2048, 2048]","[2048, 2048, 2048, 2048, 2049, 2048]",308.0
1221,9221,24,30,2023-10-08T17:50:51.181000+00:00,33.139,29.904,25.971,227.0,281.0,False,89.014,"[None, 2048, 2048, 2048, 2048, 2048, 2049, 2048, 2048]","[2048, 2048, 2048, 2048, 2048, 2048, 2049]","[2048, 2048, 2048, 2048, 2048, 2048, 2048]",293.0
1221,9221,4,30,2023-10-08T17:50:51.728000+00:00,31.302,29.459,25.455,233.0,276.0,False,86.216,"[None, 2048, 2048, 2051, 2048, 2049, 2048, 2051, 2048]","[2048, 2049, 2048, 2048, 2048, 2049, 2048]","[2048, 2048, 2048, 2048, 2048, 2048, 2048]",328.0
1221,9221,14,30,2023-10-08T17:50:53.431000+00:00,32.238,29.653,25.927,,282.0,False,87.818,"[None, 2048, 2048, 2048, 2049, 2051, 2051, 2048, 2048]","[2049, 2048, 2048, 2048, 2048, 2048, 2048]","[2049, 2049, 2049, 2048, 2048, 2048, 2048]",313.0
1221,9221,77,30,2023-10-08T17:50:57.900000+00:00,32.477,29.453,26.077,230.0,278.0,False,88.007,"[None, 2048, 2048, 2048, 2048, 2048, 2048, 2048, 2049]","[2048, 2048, 2048, 2049, 2049, 2048, 2048]","[2048, 2048, 2048, 2048, 2048, 2048, 2048]",296.0
1221,9221,18,30,2023-10-08T17:51:00.056000+00:00,32.481,29.57,25.789,233.0,280.0,False,87.84,"[None, 2048, 2048, 2049, 2049, 2048, 2049, 2048, 2048]","[2048, 2048, 2048, 2049, 2048, 2048, 2048]","[2049, 2048, 2048, 2049, 2049, 2048, 2049]",310.0
1221,9221,16,30,2023-10-08T17:51:00.821000+00:00,32.413,29.569,25.667,,286.0,False,87.649,"[None, 2048, 2048, 2048, 2048, 2048, 2048, 2048, 2048]","[2048, 2048, 2048, 2048, 2048, 2048, 2051]","[2049, 2049, 2048, 2049, 2049, 2048, 2049]",325.0
1221,9221,31,30,2023-10-08T17:51:04.493000+00:00,32.586,29.481,25.528,227.0,280.0,False,87.595,"[None, 2048, 2048, 2048, 2048, 2049, 2048, 2048, 2048]","[2049, 2048, 2049, 2048, 2048, 2048, 2048]","[2049, 2049, 2049, 2049, 2048, 2051, 2049]",295.0
1221,9221,10,30,2023-10-08T17:51:06.446000+00:00,32.552,29.211,25.696,230.0,279.0,False,87.459,"[None, 2048, 2048, 2048, 2048, 2048, 2048, 2048, 2048]","[2048, 2048, 2048, 2051, 2048, 2048, 2048]","[2048, 2048, 2049, 2049, 2048, 2048, 2048]",297.0
1221,9221,20,30,2023-10-08T17:51:12.227000+00:00,32.544,29.891,26.36,230.0,279.0,False,88.795,"[None, 2048, 2048, 2048, 2049, 2048, 2048, 2048, 2048]","[2048, 2048, 2048, 2048, 2048, 2049, 2048]","[2048, 2048, 2048, 2048, 2049, 2048, 2048]",304.0
1221,9221,22,30,2023-10-08T17:51:12.806000+00:00,32.861,29.9,26.18,230.0,271.0,False,88.941,"[None, 2049, 2049, 2048, 2048, 2048, 2048, 2048, 2048]","[2048, 2048, 2048, 2048, 2048, 2048, 2048]","[2048, 2048, 2048, 2048, 2048, 2048, 2048]",325.0
1221,9221,40,30,2023-10-08T17:51:17.915000+00:00,32.924,29.814,25.968,,275.0,False,88.706,"[None, 2048, 2048, 2049, 2048, 2049, 2048, 2048, 2048]","[2049, 2049, 2048, 2048, 2048, 2049, 2048]","[2048, 2049, 2048, 2048, 2048, 2049]",296.0
1221,9221,27,30,2023-10-08T17:51:22.321000+00:00,32.607,29.558,25.961,,281.0,False,88.126,"[None, 2048, 2048, 2048, 2048, 2048, 2048, 2049, 2048]","[2048, 2048, 2048, 2048, 2048, 2048, 2048]","[2048, 2048, 2048, 2048, 2048, 2048, 2048]",299.0
1221,9221,2,30,2023-10-08T17:51:23.509000+00:00,32.551,29.702,25.842,235.0,276.0,False,88.095,"[2048, 2048, 2048, 2049, 2048, 2048, 2048, 2048, 2049]","[2049, 2048, 2049, 2048, 2049, 2048, 2048]","[2048, 2048, 2049, 2049, 2049, 2048]",309.0
1221,9221,1,31,2023-10-08T17:51:37.446000+00:00,31.988,29.418,25.56,233.0,278.0,False,86.966,"[None, 2048, 2049, 2049, 2049, 2049, 2048, 2049, 2049]","[2048, 2049, 2048, 2048, 2049, 2048, 2048]","[2048, 2049, 2049, 2049, 2049, 2048, 2049]",304.0
1221,9221,63,31,2023-10-08T17:51:59.899000+00:00,32.148,29.193,25.55,234.0,276.0,False,86.891,"[None, 2048, 2048, 2048, 2048, 2049, 2048, 2049, 2048]","[2048, 2049, 2049, 2049, 2048, 2048, 2048]","[2048, 2048, 2049, 2048, 2048, 2048, 2048]",
1221,9221,11,31,2023-10-08T17:52:07.555000+00:00,32.579,29.586,29.85,234.0,275.0,False,92.015,"[None, 2048, 2048, 2048, 2048, 2049, 2048, 2048, 2048]","[2048, 2048, 2048, 2048, 2049, 2048, 2048]","[2048, 2048, 2048, 2048, 2051, 2048, 2064]",294.0
1221,9221,81,31,2023-10-08T17:52:12.367000+00:00,31.974,29.304,25.515,238.0,277.0,False,86.793,"[None, 2048, 2048, 2048, 2048, 2048, 2048, 2049, 2051]","[2049, 2048, 2049, 2048, 2049, 2049, 2048]","[2048, 2049, 2049, 2048, 2048, 2048, 2048]",
1221,9221,23,31,2023-10-08T17:52:15.789000+00:00,32.537,29.557,30.081,234.0,283.0,False,92.175,"[None, 2048, 2048, 2048, 2048, 2048, 2049, 2048, 2048]","[2049, 2049, 2048, 2048, 2048, 2048, 2049]","[2048, 2048, 2048, 2048, 2049, 2048, 2064]",307.0
1221,9221,4,31,2023-10-08T17:52:17.852000+00:00,31.895,29.299,25.358,235.0,277.0,False,86.552,"[None, 2048, 2048, 2048, 2048, 2048, 2049, 2048, 2048]","[2048, 2049, 2048, 2048, 2048, 2049, 2048]","[2049, 2049, 2051, 2048, 2048, 2049]",307.0
1221,9221,24,31,2023-10-08T17:52:20.195000+00:00,32.586,29.703,25.809,228.0,279.0,False,88.098,"[None, 2048, 2048, 2048, 2049, 2049, 2048, 2048, 2048]","[2048, 2048, 2048, 2049, 2048, 2048, 2048]","[2048, 2048, 2049, 2049, 2048, 2048, 2048]",296.0
1221,9221,14,31,2023-10-08T17:52:21.195000+00:00,32.327,29.818,25.616,237.0,281.0,False,87.761,"[None, 2048, 2048, 2048, 2048, 2048, 2051, 2048, 2048]","[2048, 2051, 2048, 2049, 2048, 2048, 2048]","[2048, 2048, 2049, 2049, 2049, 2048, 2049]",312.0
1221,9221,77,31,2023-10-08T17:52:25.899000+00:00,32.419,29.468,26.172,232.0,278.0,False,88.059,"[None, 2048, 2048, 2048, 2049, 2048, 2048, 2048, 2049]","[2048, 2049, 2048, 2048, 2048, 2048, 2048]","[2048, 2048, 2048, 2048, 2048, 2048]",
1221,9221,18,31,2023-10-08T17:52:27.914000+00:00,33.414,29.857,26.006,230.0,280.0,False,89.277,"[None, 2048, 2048, 2048, 2048, 2048, 2048, 2048, 2048]","[2048, 2048, 2048, 2048, 2048, 2048, 2048]","[2048, 2048, 2048, 2048, 2048, 2048, 2048]",
1221,9221,16,31,2023-10-08T17:52:28.461000+00:00,32.046,29.263,25.629,234.0,283.0,False,86.938,"[2049, 2049, 2049, 2048, 2048, 2048, 2048, 2048, 2049]","[2049, 2048, 2049, 2048, 2048, 2048, 2048]","[2049, 2049, 2049, 2048, 2048, 2049]",333.0
1221,9221,31,31,2023-10-08T17:52:32.148000+00:00,32.467,29.386,25.597,229.0,281.0,False,87.45,"[None, 2048, 2048, 2049, 2048, 2048, 2048, 2049, 2048]","[2049, 2048, 2048, 2049, 2049, 2048, 2048]","[2048, 2048, 2048, 2048, 2048, 2051, 2048]",294.0
1221,9221,10,31,2023-10-08T17:52:33.883000+00:00,32.447,29.131,25.628,231.0,279.0,False,87.206,"[None, 2048, 2048, 2048, 2048, 2048, 2048, 2049, 2049]","[2048, 2048, 2048, 2048, 2048, 2048, 2048]","[2048, 2048, 2049, 2048, 2048, 2048, 2049]",296.0
1221,9221,20,31,2023-10-08T17:52:41.008000+00:00,32.671,29.816,26.212,232.0,281.0,False,88.699,"[None, 2048, 2048, 2048, 2048, 2048, 2048, 2048, 2049]","[2048, 2048, 2048, 2048, 2048, 2049, 2048]","[2048, 2048, 2048, 2048, 2048, 2048, 2048]",298.0
1221,9221,22,31,2023-10-08T17:52:41.742000+00:00,32.771,29.976,26.27,,270.0,False,89.017,"[2048, 2048, 2048, 2048, 2048, 2048, 2048, 2048, 2048]","[2048, 2048, 2048, 2048, 2048, 2049, 2048]","[2048, 2048, 2048, 2048, 2048, 2048, 2048]",322.0
1221,9221,40,31,2023-10-08T17:52:46.570000+00:00,32.77,29.644,25.884,231.0,273.0,False,88.298,"[None, 2048, 2048, 2048, 2049, 2049, 2048, 2049, 2049]","[2049, 2049, 2049, 2049, 2048, 2048, 2048]","[2048, 2048, 2048, 2048, 2048, 2048, 2048]",297.0
1221,9221,27,31,2023-10-08T17:52:50.430000+00:00,32.505,29.651,25.995,233.0,281.0,False,88.151,"[None, 2048, 2048, 2048, 2049, 2049, 2049, 2048, 2048]","[2048, 2048, 2048, 2049, 2048, 2048, 2048]","[2048, 2048, 2049, 2048, 2048, 2048]",303.0
1221,9221,2,31,2023-10-08T17:52:51.648000+00:00,32.376,29.838,25.769,234.0,278.0,False,87.983,"[None, 2048, 2048, 2049, 2048, 2048, 2049, 2048, 2048]","[2048, 2048, 2048, 2048, 2048, 2048, 2048]","[2049, 2049, 2049, 2048, 2048, 2049, 2049]",310.0
1221,9221,1,32,2023-10-08T17:53:04.398000+00:00,31.867,29.31,25.488,235.0,278.0,False,86.665,"[None, 2049, 2048, 2049, 2051, 2049, 2049, 2049, 2048]","[2048, 2048, 2048, 2049, 2048, 2048, 2049]","[2049, 2049, 2049, 2049, 2048, 2048, 2049]",
1221,9221,63,32,2023-10-08T17:53:26.804000+00:00,32.044,29.137,29.59,237.0,278.0,False,90.771,"[None, 2048, 2048, 2048, 2048, 2048, 2048, 2049, 2049]","[2049, 2049, 2048, 2049, 2049, 2048, 2048]","[2048, 2051, 2048, 2048, 2048, 2048, 2064]",
1221,9221,81,32,2023-10-08T17:53:39.054000+00:00,31.827,29.112,25.369,240.0,278.0,False,86.308,"[None, 2048, 2048, 2049, 2049, 2048, 2049, 2049, 2051]","[2049, 2049, 2049, 2049, 2049, 2051, 2048]","[2049, 2049, 2049, 2049, 2049, 2048, 2048]",304.0
1221,9221,11,32,2023-10-08T17:53:39.585000+00:00,59.871,29.925,26.009,233.0,275.0,True,115.805,"[2064, 2064, 2048, 2048, 2048, 2048, 2048, 2048, 2048]","[2048, 2048, 2048, 2048, 2048, 2048, 2048]","[2048, 2048, 2048, 2048, 2048, 2049, 2048]",175.0
1221,9221,4,32,2023-10-08T17:53:44.429000+00:00,31.52,29.193,25.235,234.0,277.0,False,85.948,"[None, 2048, 2048, 2048, 2048, 2048, 2049, 2048, 2048]","[2048, 2048, 2049, 2048, 2048, 2049, 2048]","[2048, 2048, 2051, 2051, 2049, 2051]",322.0
1221,9221,23,32,2023-10-08T17:53:47.929000+00:00,57.095,30.582,26.278,221.0,281.0,True,113.955,"[2064, 2064, 2048, 2048, 2048, 2048, 2048, 2048, 2048]","[2048, 2048, 2048, 2048, 2048, 2048, 2048]","[2048, 2048, 2048, 2048, 2048, 2048, 2048]",178.0
1221,9221,24,32,2023-10-08T17:53:48.304000+00:00,33.456,29.821,25.936,,281.0,False,89.213,"[None, 2048, 2048, 2048, 2048, 2048, 2048, 2048, 2048]","[2048, 2048, 2048, 2049, 2048, 2048, 2048]","[2048, 2048, 2048, 2048, 2048, 2048]",298.0
1221,9221,14,32,2023-10-08T17:53:49.023000+00:00,32.045,29.158,25.723,235.0,279.0,False,86.926,"[None, 2048, 2048, 2048, 2049, 2048, 2048, 2048, 2049]","[2049, 2048, 2049, 2048, 2049, 2049, 2048]","[2048, 2048, 2048, 2048, 2048, 2049]",332.0
1221,9221,77,32,2023-10-08T17:53:53.944000+00:00,32.665,29.45,26.053,226.0,279.0,False,88.168,"[None, 2048, 2048, 2048, 2048, 2048, 2048, 2048, 2048]","[2048, 2049, 2048, 2048, 2048, 2049, 2048]","[2048, 2048, 2048, 2048, 2048, 2048]",297.0
1221,9221,16,32,2023-10-08T17:53:55.335000+00:00,32.258,29.378,25.713,236.0,284.0,False,87.349,"[2048, 2048, 2048, 2049, 2048, 2049, 2049, 2048, 2049]","[2048, 2048, 2048, 2048, 2049, 2048, 2048]","[2048, 2049, 2048, 2048, 2048, 2048]",303.0
1221,9221,18,32,2023-10-08T17:53:57.163000+00:00,32.512,29.628,25.803,232.0,278.0,False,87.943,"[None, 2048, 2048, 2048, 2048, 2049, 2049, 2048, 2048]","[2048, 2048, 2048, 2048, 2048, 2048, 2048]","[2048, 2048, 2048, 2049, 2048, 2048]",312.0
1221,9221,31,32,2023-10-08T17:53:59.554000+00:00,32.287,29.37,25.636,230.0,282.0,False,87.293,"[None, 2048, 2048, 2049, 2049, 2049, 2048, 2048, 2049]","[2048, 2048, 2049, 2048, 2049, 2048, 2049]","[2051, 2049, 2048, 2048, 2048, 2048]",297.0
1221,9221,10,32,2023-10-08T17:54:01.147000+00:00,32.341,29.363,25.694,232.0,281.0,False,87.398,"[None, 2048, 2048, 2048, 2049, 2049, 2048, 2048, 2049]","[2048, 2048, 2048, 2048, 2048, 2048, 2049]","[2049, 2048, 2048, 2048, 2049, 2049]",295.0
1221,9221,20,32,2023-10-08T17:54:09.710000+00:00,32.768,29.78,26.127,,280.0,False,88.675,"[None, 2048, 2048, 2048, 2048, 2049, 2048, 2048, 2048]","[2048, 2048, 2048, 2048, 2048, 2048, 2048]","[2048, 2048, 2048, 2048, 2049, 2048]",299.0
1221,9221,22,32,2023-10-08T17:54:10.788000+00:00,33.65,29.759,26.149,226.0,271.0,False,89.558,"[None, 2048, 2048, 2048, 2048, 2048, 2048, 2048, 2048]","[2048, 2048, 2048, 2048, 2049, 2048, 2048]","[2048, 2048, 2048, 2048, 2048, 2048]",320.0
1221,9221,40,32,2023-10-08T17:54:14.882000+00:00,33.004,29.963,26.066,229.0,275.0,False,89.033,"[None, 2048, 2048, 2048, 2049, 2049, 2048, 2048, 2048]","[2048, 2048, 2048, 2048, 2048, 2048, 2048]","[2049, 2048, 2048, 2048, 2048, 2048, 2048]",
1221,9221,27,32,2023-10-08T17:54:18.600000+00:00,32.525,29.686,25.995,232.0,282.0,False,88.206,"[None, 2048, 2048, 2048, 2048, 2048, 2048, 2049, 2048]","[2048, 2049, 2048, 2048, 2048, 2048, 2048]","[2049, 2049, 2048, 2048, 2049, 2048, 2048]",302.0
1221,9221,2,32,2023-10-08T17:54:19.632000+00:00,32.375,29.942,25.913,233.0,277.0,False,88.23,"[None, 2048, 2048, 2048, 2048, 2049, 2049, 2049, 2048]","[2048, 2049, 2048, 2048, 2048, 2048, 2048]","[2049, 2049, 2049, 2048, 2048, 2048, 2048]",312.0
1221,9221,1,33,2023-10-08T17:54:31.085000+00:00,31.93,29.312,25.38,,277.0,False,86.622,"[None, 2049, 2048, 2048, 2048, 2049, 2048, 2048, 2048]","[2048, 2048, 2048, 2049, 2049, 2048, 2048]","[2049, 2049, 2049, 2048, 2048, 2048]",302.0
1221,9221,63,33,2023-10-08T17:54:57.584000+00:00,55.089,29.516,25.496,232.0,275.0,True,110.101,"[2064, 2064, 2048, 2048, 2048, 2048, 2048, 2048, 2048]","[2048, 2048, 2048, 2048, 2048, 2048, 2048]","[2048, 2048, 2048, 2048, 2048, 2049, 0]",174.0
1221,9221,81,33,2023-10-08T17:55:05.475000+00:00,31.802,29.127,25.354,239.0,278.0,False,86.283,"[None, 2048, 2048, 2051, 2048, 2048, 2048, 2048, 2051]","[2048, 2048, 2049, 2049, 2049, 2048, 2049]","[2048, 2049, 2049, 2049, 2048, 2048, 2048]",
1221,9221,4,33,2023-10-08T17:55:10.365000+00:00,31.797,29.103,25.186,237.0,278.0,False,86.086,"[None, 2048, 2048, 2048, 2048, 2048, 2048, 2051, 2049]","[2048, 2048, 2049, 2048, 2049, 2049, 2048]","[2049, 2049, 2051, 2048, 2048, 2051, 2048]",306.0
1221,9221,14,33,2023-10-08T17:55:15.787000+00:00,40.158,29.905,25.822,230.0,279.0,False,95.885,"[None, 2048, 2048, 2049, 0, 0, 2048, 2048, 2048]","[2048, 2048, 2048, 2048, 2048, 2049, 2048]","[2048, 2048, 2048, 2048, 2049, 2048, 2048]",308.0
1221,9221,24,33,2023-10-08T17:55:17.412000+00:00,32.789,29.505,25.968,230.0,279.0,False,88.262,"[None, 2048, 2048, 2048, 2048, 2048, 2048, 2049, 2048]","[2048, 2048, 2049, 2048, 2049, 2049, 2048]","[2048, 2048, 2048, 2048, 2048, 2048]",297.0
1221,9221,77,33,2023-10-08T17:55:22.053000+00:00,34.172,30.381,26.127,229.0,280.0,False,90.68,"[None, 2048, 2048, 2048, 2048, 2048, 2048, 2048, 2048]","[2048, 2049, 2048, 2048, 2048, 2048, 2048]","[2048, 2048, 2048, 2048, 2048, 2048, 2049]",298.0
1221,9221,16,33,2023-10-08T17:55:22.678000+00:00,32.388,29.383,25.599,230.0,283.0,False,87.37,"[None, 2048, 2048, 2048, 2048, 2048, 2048, 2048, 2048]","[2048, 2048, 2048, 2048, 2049, 2048, 2048]","[2048, 2049, 2049, 2049, 2048, 2048, 2048]",334.0
1221,9221,18,33,2023-10-08T17:55:25.006000+00:00,32.927,29.859,26.033,231.0,280.0,False,88.819,"[None, 2048, 2048, 2049, 2048, 2048, 2048, 2048, 2048]","[2048, 2048, 2048, 2048, 2048, 2048, 2048]","[2049, 2048, 2048, 2048, 2048, 2048, 2048]",310.0
1221,9221,31,33,2023-10-08T17:55:26.740000+00:00,32.877,29.564,25.627,,284.0,False,88.068,"[None, 2048, 2048, 2048, 2048, 2048, 2048, 2048, 2048]","[2048, 2049, 2048, 2048, 2048, 2048, 2048]","[2048, 2048, 2049, 2048, 2048, 2048, 2049]",
1221,9221,10,33,2023-10-08T17:55:28.428000+00:00,32.562,29.606,25.794,,278.0,False,87.962,"[None, 2048, 2048, 2048, 2048, 2048, 2048, 2048, 2048]","[2048, 2048, 2048, 2048, 2048, 2048, 2048]","[2048, 2048, 2048, 2049, 2048, 2048, 2048]",301.0
1221,9221,11,33,2023-10-08T17:55:35.396000+00:00,32.731,29.499,25.824,230.0,275.0,False,88.054,"[2048, 2048, 2048, 2048, 2048, 2048, 2048, 2048, 2048]","[2048, 2048, 2049, 2048, 2049, 2049, 2048]","[2048, 2048, 2048, 2048, 2048, 2048, 2048]",297.0
1221,9221,20,33,2023-10-08T17:55:38.303000+00:00,32.63,29.678,26.119,233.0,282.0,False,88.427,"[None, 2048, 2048, 2048, 2048, 2049, 2048, 2048, 2048]","[2048, 2048, 2048, 2048, 2048, 2048, 2048]","[2048, 2048, 2048, 2049, 2048, 2048, 2048]",301.0
1221,9221,22,33,2023-10-08T17:55:40.240000+00:00,32.899,29.94,25.914,228.0,271.0,False,88.753,"[None, 2048, 2048, 2048, 2048, 2049, 2048, 2048, 2048]","[2048, 2048, 2048, 2048, 2048, 2048, 2048]","[2048, 2048, 2049, 2048, 2049, 2048, 2048]",297.0
1221,9221,23,33,2023-10-08T17:55:41.881000+00:00,32.485,29.546,25.899,235.0,282.0,False,87.93,"[2048, 2048, 2048, 2048, 2048, 2049, 2048, 2048, 2048]","[2048, 2048, 2048, 2049, 2048, 2049, 2049]","[2048, 2048, 2048, 2048, 2048, 2048, 2048]",309.0
1221,9221,40,33,2023-10-08T17:55:43.912000+00:00,33.023,29.707,25.905,,274.0,False,88.635,"[None, 2048, 2048, 2048, 2048, 2048, 2048, 2048, 2048]","[2048, 2048, 2048, 2048, 2048, 2048, 2048]","[2049, 2049, 2048, 2048, 2048, 2048, 2048]",299.0
1221,9221,27,33,2023-10-08T17:55:46.803000+00:00,32.779,29.857,26.016,231.0,282.0,False,88.652,"[None, 2048, 2048, 2048, 2048, 2048, 2048, 2048, 2048]","[2048, 2048, 2048, 2048, 2048, 2048, 2048]","[2048, 2049, 2048, 2048, 2048, 2048, 2048]",301.0
1221,9221,2,33,2023-10-08T17:55:47.802000+00:00,32.714,30.05,26.04,231.0,278.0,False,88.804,"[None, 2048, 2048, 2048, 2048, 2049, 2048, 2048, 2048]","[2048, 2048, 2048, 2048, 2048, 2048, 2048]","[2048, 2048, 2048, 2048, 2048, 2048]",311.0
1221,9221,1,34,2023-10-08T17:55:57.709000+00:00,32.014,29.384,29.598,,278.0,False,90.996,"[None, 2048, 2048, 2048, 2048, 2048, 2048, 2048, 2048]","[2048, 2049, 2048, 2048, 2048, 2048, 2048]","[2048, 2051, 2049, 2048, 2048, 2048, 2064]",301.0
1221,9221,81,34,2023-10-08T17:56:31.927000+00:00,31.813,29.112,25.32,240.0,278.0,False,86.245,"[None, 2048, 2048, 2048, 2048, 2048, 2048, 2051, 2051]","[2048, 2048, 2049, 2049, 2048, 2049, 2049]","[2049, 2049, 2051, 2049, 2049, 2048]",
1221,9221,4,34,2023-10-08T17:56:36.443000+00:00,31.711,29.135,25.323,238.0,279.0,False,86.169,"[None, 2048, 2048, 2048, 2048, 2048, 2048, 2049, 2049]","[2049, 2048, 2049, 2049, 2048, 2048, 2048]","[2049, 2048, 2048, 2048, 2051, 2048, 2048]",
1221,9221,24,34,2023-10-08T17:56:45.677000+00:00,32.591,29.455,25.751,233.0,278.0,False,87.797,"[None, 2048, 2048, 2049, 2048, 2048, 2048, 2049, 2049]","[2049, 2049, 2049, 2048, 2048, 2048, 2048]","[2048, 2048, 2049, 2049, 2048, 2048, 2048]",295.0
1221,9221,63,34,2023-10-08T17:56:47.646000+00:00,32.087,28.768,25.456,236.0,282.0,False,86.311,"[2048, 2048, 2048, 2049, 2048, 2049, 2049, 2048, 2048]","[2049, 2048, 2051, 2051, 2049, 2051, 2048]","[2048, 2048, 2048, 2048, 2048, 2049, 2051]",299.0
1221,9221,16,34,2023-10-08T17:56:50.067000+00:00,32.305,29.291,25.526,233.0,283.0,False,87.122,"[None, 2048, 2048, 2048, 2048, 2048, 2048, 2049, 2048]","[2048, 2049, 2048, 2048, 2048, 2048, 2048]","[2051, 2049, 2049, 2049, 2048, 2048, 2048]",301.0
1221,9221,14,34,2023-10-08T17:56:51.833000+00:00,32.146,29.418,25.737,236.0,279.0,False,87.301,"[None, 2048, 2048, 2048, 2048, 2048, 2048, 2049, 2048]","[2048, 2048, 2048, 2048, 2048, 2048, 2048]","[2048, 2048, 2048, 2048, 2048, 2048, 2048]",310.0
1221,9221,77,34,2023-10-08T17:56:52.802000+00:00,32.46,29.561,26.1,226.0,280.0,False,88.121,"[None, 2048, 2048, 2048, 2048, 2048, 2048, 2048, 2048]","[2048, 2048, 2048, 2048, 2048, 2048, 2048]","[2049, 2048, 2048, 2048, 2048, 2048, 2048]",316.0
1221,9221,18,34,2023-10-08T17:56:53.927000+00:00,32.494,29.814,25.897,,280.0,False,88.205,"[None, 2048, 2049, 2048, 2048, 2048, 2049, 2048, 2048]","[2048, 2048, 2048, 2048, 2048, 2048, 2048]","[2048, 2048, 2048, 2048, 2048, 2048]",331.0
1221,9221,31,34,2023-10-08T17:56:54.895000+00:00,32.561,29.627,25.704,,284.0,False,87.892,"[None, 2048, 2048, 2048, 2048, 2048, 2048, 2048, 2048]","[2048, 2048, 2048, 2048, 2048, 2048, 2049]","[2048, 2049, 2048, 2049, 2048, 2048]",298.0
1221,9221,10,34,2023-10-08T17:56:56.489000+00:00,32.608,29.277,25.773,230.0,282.0,False,87.658,"[None, 2048, 2048, 2048, 2048, 2048, 2048, 2048, 2048]","[2048, 2048, 2048, 2048, 2048, 2048, 2049]","[2048, 2048, 2048, 2048, 2048, 2048, 2049]",296.0
1221,9221,11,34,2023-10-08T17:57:03.442000+00:00,32.372,29.161,25.754,234.0,276.0,False,87.287,"[None, 2048, 2048, 2048, 2049, 2049, 2048, 2048, 2049]","[2049, 2048, 2049, 2048, 2049, 2049, 2048]","[2048, 2048, 2048, 2048, 2048, 2049, 2048]",298.0
1221,9221,20,34,2023-10-08T17:57:06.833000+00:00,32.432,29.812,26.077,232.0,281.0,False,88.321,"[None, 2048, 2048, 2048, 2048, 2049, 2048, 2048, 2049]","[2048, 2048, 2048, 2048, 2048, 2048, 2048]","[2048, 2048, 2048, 2048, 2048, 2048, 2048]",302.0
1221,9221,22,34,2023-10-08T17:57:09.098000+00:00,32.965,29.779,26.005,229.0,271.0,False,88.749,"[None, 2048, 2048, 2048, 2048, 2049, 2048, 2048, 2048]","[2048, 2048, 2048, 2048, 2049, 2049, 2048]","[2048, 2048, 2048, 2048, 2048, 2048, 2048]",
1221,9221,23,34,2023-10-08T17:57:09.848000+00:00,32.6,29.895,25.952,232.0,282.0,False,88.447,"[None, 2048, 2049, 2048, 2048, 2048, 2048, 2048, 2048]","[2048, 2048, 2048, 2048, 2048, 2048, 2049]","[2048, 2048, 2048, 2048, 2048, 2048, 2051]",331.0
1221,9221,40,34,2023-10-08T17:57:12.583000+00:00,33.035,29.785,26.054,230.0,274.0,False,88.874,"[None, 2048, 2048, 2048, 2049, 2048, 2048, 2048, 2048]","[2048, 2048, 2048, 2048, 2048, 2049, 2048]","[2048, 2048, 2048, 2048, 2048, 2048, 2048]",300.0
1221,9221,27,34,2023-10-08T17:57:15.427000+00:00,32.726,29.899,26.223,232.0,281.0,False,88.848,"[None, 2048, 2048, 2048, 2048, 2048, 2048, 2048, 2048]","[2048, 2048, 2048, 2048, 2048, 2048, 2048]","[2048, 2048, 2048, 2048, 2048, 2048, 2048]",302.0
1221,9221,2,34,2023-10-08T17:57:16.677000+00:00,32.633,30.174,26.175,232.0,278.0,False,88.982,"[None, 2048, 2048, 2048, 2048, 2048, 2048, 2048, 2048]","[2048, 2048, 2048, 2048, 2048, 2048, 2048]","[2048, 2048, 2048, 2048, 2048, 2048, 2048]",
1221,9221,1,35,2023-10-08T17:57:28.661000+00:00,54.37,29.573,25.859,233.0,275.0,True,109.802,"[2064, 2064, 2048, 2048, 2048, 2048, 2048, 2048, 2048]","[2048, 2048, 2048, 2048, 2048, 2048, 2048]","[2048, 2048, 2048, 2048, 2048, 2049, 2049]",174.0
1221,9221,81,35,2023-10-08T17:57:57.989000+00:00,31.69,29.279,25.334,238.0,278.0,False,86.303,"[None, 2048, 2048, 2048, 2049, 2048, 2048, 2048, 2048]","[2048, 2048, 2048, 2048, 2049, 2048, 2048]","[2049, 2049, 2048, 2051, 2048, 2048, 2048]",
1221,9221,4,35,2023-10-08T17:58:02.723000+00:00,31.631,29.21,25.266,237.0,279.0,False,86.107,"[None, 2048, 2048, 2049, 2049, 2051, 2049, 2048, 2048]","[2048, 2049, 2048, 2048, 2048, 2048, 2048]","[2048, 2049, 2051, 2048, 2048, 2048]",
1221,9221,24,35,2023-10-08T17:58:13.613000+00:00,33.013,29.54,30.242,229.0,281.0,False,92.795,"[None, 2048, 2048, 2048, 2048, 2048, 2048, 2048, 2048]","[2049, 2049, 2048, 2048, 2048, 2048, 2048]","[2049, 2048, 2048, 2048, 2048, 2048, 2064]",291.0
1221,9221,63,35,2023-10-08T17:58:13.957000+00:00,31.446,28.765,25.559,235.0,274.0,False,85.77,"[None, 2048, 2048, 2048, 2049, 2048, 2048, 2049, 2048]","[2051, 2048, 2051, 2048, 2049, 2048, 2048]","[2048, 2048, 2048, 2048, 2049, 2049]",324.0
1221,9221,16,35,2023-10-08T17:58:17.238000+00:00,32.273,29.286,25.64,,282.0,False,87.199,"[None, 2048, 2048, 2048, 2048, 2048, 2048, 2049, 2048]","[2048, 2049, 2048, 2048, 2048, 2048, 2048]","[2048, 2048, 2049, 2048, 2048, 2048]",
1221,9221,14,35,2023-10-08T17:58:19.129000+00:00,32.093,29.56,25.616,237.0,279.0,False,87.269,"[None, 2048, 2048, 2048, 2048, 2048, 2051, 2048, 2049]","[2048, 2048, 2048, 2048, 2048, 2048, 2048]","[2049, 2048, 2048, 2048, 2048, 2048]",312.0
1221,9221,77,35,2023-10-08T17:58:20.926000+00:00,32.506,29.476,26.253,,278.0,False,88.235,"[None, 2048, 2048, 2048, 2049, 2049, 2048, 2048, 2048]","[2048, 2048, 2048, 2048, 2048, 2048, 2048]","[2049, 2048, 2048, 2048, 2048, 2048, 2048]",296.0
1221,9221,18,35,2023-10-08T17:58:22.129000+00:00,32.598,29.645,25.834,232.0,279.0,False,88.077,"[None, 2048, 2048, 2048, 2048, 2048, 2048, 2048, 2048]","[2048, 2048, 2048, 2048, 2048, 2048, 2048]","[2049, 2048, 2048, 2048, 2049, 2048, 2048]",313.0
1221,9221,31,35,2023-10-08T17:58:22.785000+00:00,32.478,29.613,25.722,231.0,285.0,False,87.813,"[None, 2048, 2048, 2048, 2048, 2048, 2049, 2048, 2048]","[2048, 2048, 2048, 2048, 2048, 2048, 2049]","[2051, 2048, 2048, 2048, 2048, 2048, 2048]",317.0
1221,9221,10,35,2023-10-08T17:58:24.098000+00:00,32.412,29.331,25.908,231.0,280.0,False,87.651,"[None, 2048, 2048, 2048, 2048, 2049, 2048, 2048, 2048]","[2048, 2048, 2048, 2051, 2048, 2048, 2049]","[2048, 2048, 2048, 2048, 2048, 2048, 2048]",297.0
1221,9221,11,35,2023-10-08T17:58:30.738000+00:00,32.365,29.256,25.829,,274.0,False,87.45,"[None, 2048, 2048, 2048, 2049, 2049, 2048, 2048, 2048]","[2048, 2048, 2048, 2048, 2049, 2048, 2048]","[2048, 2048, 2048, 2048, 2048, 2048, 2048]",297.0
1221,9221,20,35,2023-10-08T17:58:35.129000+00:00,32.321,29.601,25.906,236.0,281.0,False,87.828,"[None, 2048, 2048, 2048, 2049, 2048, 2048, 2049, 2049]","[2049, 2048, 2048, 2048, 2049, 2048, 2048]","[2049, 2048, 2049, 2049, 2049, 2048, 2048]",303.0
1221,9221,22,35,2023-10-08T17:58:37.879000+00:00,33.402,29.996,26.419,227.0,273.0,False,89.817,"[None, 2048, 2048, 2048, 2048, 2048, 2048, 2048, 2048]","[2048, 2048, 2048, 2048, 2048, 2048, 2048]","[2048, 2048, 2048, 2048, 2048, 2048, 2048]",296.0
1221,9221,23,35,2023-10-08T17:58:38.285000+00:00,32.075,29.737,25.846,229.0,273.0,False,87.658,"[None, 2048, 2048, 2048, 2048, 2048, 2048, 2048, 2048]","[2048, 2048, 2048, 2048, 2048, 2048, 2048]","[2048, 2048, 2049, 2048, 2048, 2048]",330.0
1221,9221,40,35,2023-10-08T17:58:41.426000+00:00,33.061,29.743,26.108,,275.0,False,88.912,"[None, 2048, 2048, 2048, 2048, 2048, 2048, 2048, 2048]","[2048, 2049, 2048, 2048, 2048, 2048, 2048]","[2048, 2048, 2048, 2048, 2048, 2048, 2048]",301.0
1221,9221,27,35,2023-10-08T17:58:44.301000+00:00,32.755,30.277,26.154,,281.0,False,89.186,"[None, 2048, 2048, 2048, 2048, 2048, 2048, 2048, 2048]","[2048, 2048, 2048, 2048, 2048, 2048, 2048]","[2049, 2048, 2048, 2048, 2048, 2048, 2048]",300.0
1221,9221,2,35,2023-10-08T17:58:45.660000+00:00,32.608,29.978,25.985,231.0,280.0,False,88.571,"[None, 2048, 2048, 2048, 2048, 2048, 2048, 2048, 2048]","[2048, 2048, 2048, 2049, 2048, 2048, 2049]","[2049, 2048, 2048, 2048, 2048, 2048, 2049]",310.0
1221,9221,1,36,2023-10-08T17:59:18.472000+00:00,31.836,28.984,25.435,238.0,276.0,False,86.255,"[2048, 2048, 2048, 2049, 2051, 2048, 2048, 2049, 2049]","[2049, 2049, 2049, 2049, 2048, 2049, 2048]","[2048, 2048, 2048, 2048, 2048, 2051, 2049]",298.0
1221,9221,81,36,2023-10-08T17:59:24.441000+00:00,31.742,29.354,25.453,239.0,277.0,False,86.549,"[None, 2048, 2048, 2048, 2048, 2049, 2049, 2048, 2048]","[2048, 2048, 2048, 2049, 2049, 2048, 2048]","[2049, 2048, 2048, 2048, 2048, 2048, 2048]",306.0
1221,9221,4,36,2023-10-08T17:59:28.816000+00:00,31.859,29.26,25.153,238.0,278.0,False,86.272,"[None, 2048, 2048, 2048, 2049, 2048, 2048, 2048, 2048]","[2048, 2048, 2048, 2048, 2048, 2048, 2048]","[2048, 2049, 2051, 2051, 2048, 2048, 2048]",
1221,9221,63,36,2023-10-08T17:59:39.691000+00:00,32.042,28.744,25.817,236.0,273.0,False,86.603,"[None, 2048, 2048, 2051, 2048, 2048, 2048, 2048, 2048]","[2048, 2048, 2051, 2048, 2048, 2051, 2048]","[2048, 2048, 2048, 2048, 2048, 2048, 2048]",289.0
1221,9221,16,36,2023-10-08T17:59:44.331000+00:00,32.25,29.185,25.57,234.0,282.0,False,87.005,"[None, 2048, 2048, 2049, 2048, 2048, 2048, 2048, 2048]","[2048, 2048, 2049, 2048, 2049, 2048, 2048]","[2048, 2049, 2048, 2049, 2048, 2048, 2048]",299.0
1221,9221,14,36,2023-10-08T17:59:46.362000+00:00,32.178,29.358,25.648,,280.0,False,87.184,"[None, 2048, 2048, 2048, 2048, 2048, 2048, 2048, 2048]","[2048, 2048, 2048, 2048, 2048, 2048, 2048]","[2048, 2049, 2048, 2048, 2048, 2048, 2048]",311.0
1221,9221,24,36,2023-10-08T17:59:46.362000+00:00,56.105,29.931,25.965,235.0,279.0,True,112.001,"[2064, 2064, 2048, 2048, 2048, 2048, 2048, 2048, 2048]","[2048, 2048, 2048, 2048, 2048, 2049, 2048]","[2048, 2048, 2048, 2048, 2048, 2048, 2048]",173.0
1221,9221,77,36,2023-10-08T17:59:49.175000+00:00,32.602,29.736,26.144,,278.0,False,88.482,"[None, 2048, 2048, 2048, 2048, 2048, 2048, 2048, 2048]","[2048, 2048, 2048, 2048, 2048, 2048, 2048]","[2048, 2048, 2048, 2048, 2048, 2048]",294.0
1221,9221,18,36,2023-10-08T17:59:50.206000+00:00,33.561,30.204,25.831,225.0,280.0,False,89.596,"[None, 2048, 2048, 2048, 2048, 2048, 2048, 2048, 2048]","[2048, 2048, 2048, 2048, 2048, 2048, 2048]","[2049, 2049, 2049, 2048, 2048, 2048, 2048]",
1221,9221,31,36,2023-10-08T17:59:50.628000+00:00,32.332,29.538,25.764,,284.0,False,87.634,"[2049, 2049, 2048, 2048, 2048, 2048, 2048, 2048, 2048]","[2048, 2048, 2048, 2048, 2048, 2048, 2048]","[2048, 2048, 2048, 2048, 2049, 2048, 2048]",331.0
1221,9221,10,36,2023-10-08T17:59:51.769000+00:00,32.638,29.988,25.92,229.0,282.0,False,88.546,"[None, 2048, 2048, 2048, 2048, 2048, 2048, 2048, 2048]","[2048, 2048, 2048, 2048, 2048, 2048, 2049]","[2048, 2048, 2048, 2048, 2048, 2048]",295.0
1221,9221,11,36,2023-10-08T17:59:58.175000+00:00,32.481,29.367,25.726,232.0,277.0,False,87.574,"[None, 2048, 2048, 2048, 2048, 2048, 2048, 2048, 2048]","[2048, 2048, 2048, 2048, 2048, 2048, 2048]","[2048, 2048, 2048, 2048, 2048, 2048]",
1221,9221,20,36,2023-10-08T18:00:02.956000+00:00,32.551,29.604,25.862,231.0,281.0,False,88.017,"[None, 2048, 2048, 2048, 2048, 2048, 2048, 2048, 2048]","[2048, 2048, 2048, 2048, 2049, 2048, 2048]","[2049, 2049, 2048, 2048, 2048, 2048]",300.0
1221,9221,23,36,2023-10-08T18:00:05.815000+00:00,32.321,29.314,25.62,230.0,276.0,False,87.255,"[None, 2048, 2048, 2048, 2048, 2049, 2049, 2048, 2048]","[2049, 2049, 2048, 2048, 2049, 2049, 2048]","[2048, 2049, 2049, 2049, 2049, 2048]",309.0
1221,9221,22,36,2023-10-08T18:00:07.659000+00:00,32.795,29.724,26.107,230.0,272.0,False,88.626,"[None, 2048, 2048, 2048, 2048, 2048, 2048, 2049, 2048]","[2049, 2049, 2048, 2048, 2048, 2048, 2048]","[2048, 2048, 2048, 2048, 2048, 2048]",299.0
1221,9221,40,36,2023-10-08T18:00:10.346000+00:00,33.347,29.945,26.337,221.0,278.0,False,89.629,"[None, 2048, 2048, 2048, 2048, 2048, 2049, 2048, 2048]","[2048, 2049, 2048, 2048, 2048, 2048, 2049]","[2048, 2048, 2048, 2048, 2048, 2048, 2048]",299.0
1221,9221,27,36,2023-10-08T18:00:13.487000+00:00,32.941,29.875,26.027,229.0,281.0,False,88.843,"[None, 2048, 2048, 2048, 2048, 2048, 2048, 2048, 2048]","[2048, 2048, 2048, 2048, 2049, 2048, 2048]","[2049, 2048, 2048, 2048, 2048, 2048, 2048]",
1221,9221,2,36,2023-10-08T18:00:14.190000+00:00,32.772,30.294,25.988,230.0,278.0,False,89.054,"[2049, 2049, 2048, 2048, 2048, 2048, 2048, 2048, 2048]","[2048, 2049, 2048, 2048, 2048, 2048, 2048]","[2049, 2048, 2048, 2048, 2048, 2048, 2048]",330.0
1221,9221,1,37,2023-10-08T18:00:44.737000+00:00,31.873,28.959,25.249,236.0,276.0,False,86.081,"[None, 2048, 2048, 2048, 2051, 2049, 2048, 2048, 2048]","[2049, 2049, 2048, 2048, 2048, 2048, 2048]","[2048, 2048, 2048, 2049, 2049, 2048]",299.0
1221,9221,81,37,2023-10-08T18:00:50.877000+00:00,31.82,29.285,25.356,,278.0,False,86.461,"[None, 2048, 2048, 2048, 2048, 2049, 2048, 2048, 2048]","[2048, 2048, 2048, 2048, 2048, 2048, 2048]","[2048, 2049, 2048, 2048, 2048, 2048, 2048]",305.0
1221,9221,4,37,2023-10-08T18:00:55.096000+00:00,31.778,29.292,25.168,236.0,278.0,False,86.238,"[None, 2048, 2048, 2048, 2048, 2048, 2049, 2048, 2048]","[2048, 2048, 2048, 2048, 2048, 2049, 2048]","[2048, 2048, 2048, 2051, 2051, 2048, 2048]",
1221,9221,63,37,2023-10-08T18:01:06.346000+00:00,32.088,28.835,25.413,,275.0,False,86.336,"[None, 2048, 2048, 2048, 2048, 2048, 2048, 2048, 2048]","[2048, 2048, 2048, 2048, 2048, 2048, 2048]","[2048, 2048, 2049, 2048, 2048, 2048, 2048]",300.0
1221,9221,16,37,2023-10-08T18:01:11.440000+00:00,32.458,29.292,25.463,235.0,283.0,False,87.213,"[None, 2048, 2048, 2049, 2049, 2048, 2048, 2048, 2048]","[2048, 2048, 2048, 2048, 2048, 2048, 2048]","[2051, 2048, 2049, 2049, 2049, 2048, 2048]",304.0
1221,9221,14,37,2023-10-08T18:01:13.533000+00:00,32.003,29.452,25.768,236.0,278.0,False,87.223,"[None, 2048, 2048, 2049, 2048, 2048, 2051, 2048, 2048]","[2048, 2048, 2048, 2048, 2048, 2048, 2048]","[2048, 2048, 2048, 2048, 2048, 2048, 2048]",310.0
1221,9221,77,37,2023-10-08T18:01:17.564000+00:00,32.56,29.588,26.064,232.0,277.0,False,88.212,"[None, 2048, 2048, 2048, 2049, 2048, 2048, 2048, 2048]","[2048, 2048, 2048, 2048, 2048, 2048, 2048]","[2048, 2048, 2048, 2048, 2048, 2048, 2048]",300.0
1221,9221,31,37,2023-10-08T18:01:18.158000+00:00,32.553,29.515,25.996,228.0,285.0,False,88.064,"[2048, 2048, 2048, 2048, 2048, 2048, 2048, 2048, 2048]","[2048, 2049, 2048, 2048, 2048, 2049, 2049]","[2048, 2048, 2048, 2048, 2048, 2048, 2048]",318.0
1221,9221,18,37,2023-10-08T18:01:19.846000+00:00,32.59,30.653,26.254,231.0,279.0,False,89.497,"[None, 2048, 2048, 2048, 2048, 2048, 2048, 2048, 2048]","[2048, 2048, 2048, 2048, 2048, 2048, 2048]","[2048, 2048, 2048, 2048, 2048, 2048, 2048]",312.0
1221,9221,10,37,2023-10-08T18:01:20.283000+00:00,32.748,29.566,25.692,230.0,277.0,False,88.006,"[2049, 2049, 2048, 2048, 2048, 2048, 2048, 2048, 2048]","[2048, 2048, 2048, 2048, 2048, 2048, 2048]","[2048, 2048, 2048, 2049, 2048, 2048]",317.0
1221,9221,11,37,2023-10-08T18:01:25.642000+00:00,32.287,29.279,25.832,,275.0,False,87.398,"[None, 2048, 2048, 2048, 2048, 2049, 2048, 2049, 2048]","[2048, 2048, 2048, 2048, 2048, 2048, 2048]","[2048, 2048, 2048, 2048, 2048, 2048, 2048]",299.0
1221,9221,20,37,2023-10-08T18:01:30.892000+00:00,32.361,29.571,25.914,,281.0,False,87.846,"[None, 2048, 2048, 2048, 2048, 2049, 2048, 2049, 2048]","[2048, 2048, 2048, 2049, 2049, 2049, 2048]","[2049, 2049, 2049, 2048, 2048, 2048, 2048]",
1221,9221,23,37,2023-10-08T18:01:33.095000+00:00,32.201,29.381,25.708,235.0,278.0,False,87.29,"[None, 2048, 2048, 2048, 2048, 2049, 2048, 2048, 2049]","[2048, 2048, 2048, 2048, 2049, 2049, 2048]","[2048, 2049, 2049, 2048, 2048, 2048, 2048]",
1221,9221,22,37,2023-10-08T18:01:36.330000+00:00,32.841,29.621,26.005,231.0,270.0,False,88.467,"[None, 2048, 2048, 2048, 2048, 2049, 2048, 2048, 2048]","[2048, 2049, 2048, 2048, 2048, 2049, 2048]","[2048, 2048, 2048, 2048, 2048, 2048, 2048]",301.0
1221,9221,24,37,2023-10-08T18:01:38.377000+00:00,32.299,29.414,25.798,231.0,281.0,False,87.511,"[2048, 2048, 2048, 2049, 2049, 2048, 2048, 2048, 2048]","[2049, 2049, 2048, 2048, 2048, 2048, 2049]","[2048, 2048, 2048, 2048, 2048, 2048, 2048]",299.0
1221,9221,40,37,2023-10-08T18:01:39.955000+00:00,33.0,29.747,25.983,225.0,274.0,False,88.73,"[None, 2048, 2048, 2048, 2048, 2049, 2048, 2048, 2048]","[2048, 2048, 2048, 2049, 2048, 2049, 2048]","[2048, 2048, 2048, 2048, 2048, 2048, 2048]",
1221,9221,27,37,2023-10-08T18:01:42.345000+00:00,32.806,29.926,26.107,230.0,282.0,False,88.839,"[None, 2048, 2048, 2048, 2048, 2048, 2048, 2048, 2048]","[2048, 2048, 2048, 2048, 2048, 2048, 2048]","[2048, 2048, 2048, 2048, 2048, 2048]",302.0
1221,9221,2,37,2023-10-08T18:01:43.252000+00:00,32.614,30.202,26.065,229.0,279.0,False,88.881,"[2048, 2049, 2049, 2048, 2048, 2048, 2048, 2048, 2048]","[2048, 2048, 2048, 2048, 2048, 2049, 2048]","[2048, 2048, 2048, 2049, 2048, 2048, 2048]",
1221,9221,1,38,2023-10-08T18:02:10.845000+00:00,31.562,28.875,25.398,239.0,276.0,False,85.835,"[None, 2048, 2048, 2049, 2051, 2049, 2048, 2051, 2049]","[2048, 2048, 2049, 2049, 2049, 2048, 2048]","[2048, 2048, 2048, 2048, 2048, 2048, 2048]",300.0
1221,9221,81,38,2023-10-08T18:02:17.298000+00:00,31.733,29.346,25.341,238.0,278.0,False,86.42,"[None, 2048, 2048, 2048, 2048, 2048, 2049, 2048, 2048]","[2048, 2048, 2048, 2048, 2048, 2048, 2049]","[2048, 2048, 2048, 2048, 2049, 2048, 2048]",306.0
1221,9221,4,38,2023-10-08T18:02:21.298000+00:00,31.652,29.218,25.166,,280.0,False,86.036,"[None, 2048, 2048, 2048, 2048, 2051, 2051, 2048, 2048]","[2048, 2049, 2048, 2049, 2048, 2048, 2049]","[2049, 2048, 2048, 2051, 2048, 2048, 2048]",307.0
1221,9221,63,38,2023-10-08T18:02:32.689000+00:00,31.866,28.789,25.418,,275.0,False,86.073,"[None, 2048, 2048, 2048, 2049, 2048, 2048, 2049, 2049]","[2048, 2049, 2048, 2048, 2048, 2048, 2048]","[2048, 2048, 2048, 2048, 2048, 2049, 2048]",
1221,9221,16,38,2023-10-08T18:02:38.642000+00:00,32.1,29.249,25.482,233.0,282.0,False,86.831,"[None, 2048, 2048, 2049, 2049, 2048, 2049, 2049, 2048]","[2048, 2049, 2048, 2048, 2048, 2048, 2048]","[2048, 2048, 2048, 2049, 2049, 2048, 2048]",301.0
1221,9221,14,38,2023-10-08T18:02:40.751000+00:00,32.025,29.413,25.712,237.0,279.0,False,87.15,"[None, 2048, 2048, 2048, 2048, 2049, 2048, 2048, 2049]","[2048, 2048, 2048, 2048, 2048, 2048, 2048]","[2048, 2048, 2048, 2048, 2048, 2048, 2048]",
1221,9221,77,38,2023-10-08T18:02:45.860000+00:00,33.383,29.887,26.121,224.0,278.0,False,89.391,"[None, 2048, 2048, 2048, 2048, 2048, 2048, 2048, 2048]","[2048, 2048, 2048, 2048, 2048, 2048, 2048]","[2048, 2048, 2048, 2048, 2048, 2048, 2048]",298.0
1221,9221,31,38,2023-10-08T18:02:46.313000+00:00,32.001,29.433,25.831,231.0,281.0,False,87.265,"[None, 2048, 2048, 2048, 2048, 2048, 2048, 2049, 2048]","[2048, 2049, 2048, 2048, 2048, 2049, 2048]","[2048, 2048, 2048, 2048, 2048, 2048]",323.0
1221,9221,10,38,2023-10-08T18:02:48.204000+00:00,32.8,29.262,25.699,,283.0,False,87.761,"[2048, 2048, 2048, 2048, 2048, 2048, 2048, 2048, 2048]","[2048, 2048, 2048, 2051, 2048, 2048, 2049]","[2049, 2048, 2048, 2049, 2049, 2048, 2048]",291.0
1221,9221,18,38,2023-10-08T18:02:49.313000+00:00,32.865,29.719,25.833,233.0,280.0,False,88.417,"[None, 2048, 2048, 2048, 2048, 2048, 2048, 2048, 2048]","[2048, 2048, 2048, 2048, 2048, 2048, 2049]","[2048, 2048, 2048, 2049, 2048, 2048, 2048]",329.0
1221,9221,11,38,2023-10-08T18:02:53.142000+00:00,32.183,29.246,25.647,235.0,277.0,False,87.076,"[None, 2048, 2048, 2048, 2048, 2049, 2048, 2049, 2048]","[2048, 2048, 2048, 2048, 2048, 2048, 2048]","[2048, 2048, 2048, 2048, 2048, 2049, 2048]",301.0
1221,9221,20,38,2023-10-08T18:02:58.813000+00:00,32.532,29.631,25.8,229.0,280.0,False,87.963,"[None, 2048, 2048, 2048, 2048, 2048, 2048, 2048, 2048]","[2048, 2048, 2048, 2048, 2048, 2048, 2048]","[2048, 2048, 2048, 2049, 2049, 2048, 2049]",299.0
1221,9221,23,38,2023-10-08T18:03:00.454000+00:00,32.265,29.508,25.837,234.0,282.0,False,87.61,"[None, 2048, 2048, 2048, 2048, 2048, 2049, 2048, 2048]","[2048, 2048, 2048, 2049, 2048, 2048, 2048]","[2048, 2048, 2048, 2048, 2048, 2048, 2048]",311.0
1221,9221,22,38,2023-10-08T18:03:04.766000+00:00,32.627,29.888,26.07,,271.0,False,88.585,"[None, 2048, 2048, 2048, 2048, 2048, 2049, 2049, 2048]","[2048, 2049, 2048, 2048, 2048, 2049, 2048]","[2048, 2048, 2049, 2048, 2048, 2048, 2048]",299.0
1221,9221,24,38,2023-10-08T18:03:05.844000+00:00,32.317,29.638,25.908,232.0,282.0,False,87.863,"[None, 2048, 2048, 2048, 2048, 2049, 2049, 2048, 2048]","[2048, 2048, 2048, 2048, 2048, 2048, 2049]","[2048, 2048, 2048, 2048, 2048, 2048, 2049]",300.0
1221,9221,40,38,2023-10-08T18:03:08.673000+00:00,32.989,29.773,25.861,229.0,277.0,False,88.623,"[None, 2048, 2048, 2048, 2048, 2048, 2048, 2048, 2048]","[2048, 2048, 2048, 2048, 2048, 2048, 2048]","[2048, 2049, 2049, 2048, 2048, 2049]",
1221,9221,27,38,2023-10-08T18:03:11.157000+00:00,32.776,30.245,25.935,232.0,280.0,False,88.956,"[None, 2048, 2048, 2048, 2048, 2048, 2048, 2048, 2048]","[2048, 2049, 2048, 2048, 2049, 2048, 2048]","[2048, 2048, 2048, 2048, 2049, 2048, 2048]",300.0
1221,9221,2,38,2023-10-08T18:03:12.141000+00:00,32.626,30.234,26.116,228.0,277.0,False,88.976,"[None, 2048, 2048, 2048, 2049, 2048, 2048, 2048, 2048]","[2048, 2048, 2048, 2048, 2048, 2048, 2048]","[2048, 2048, 2048, 2048, 2048, 2048, 2048]",312.0
1221,9221,1,39,2023-10-08T18:03:36.641000+00:00,31.557,28.983,25.275,238.0,276.0,False,85.815,"[None, 2048, 2048, 2048, 2048, 2051, 2048, 2048, 2049]","[2048, 2048, 2048, 2049, 2048, 2049, 2048]","[2048, 2048, 2049, 2048, 2048, 2048, 2048]",302.0
1221,9221,81,39,2023-10-08T18:03:43.719000+00:00,31.67,29.314,25.328,,277.0,False,86.312,"[None, 2048, 2048, 2048, 2048, 2049, 2048, 2048, 2048]","[2048, 2048, 2048, 2048, 2048, 2048, 2048]","[2048, 2049, 2048, 2048, 2048, 2048, 2048]",
1221,9221,4,39,2023-10-08T18:03:47.344000+00:00,31.737,29.318,25.147,,277.0,False,86.202,"[None, 2048, 2048, 2048, 2048, 2048, 2048, 2048, 2048]","[2048, 2048, 2048, 2048, 2048, 2049, 2048]","[2048, 2048, 2048, 2048, 2048, 2048, 2048]",
1221,9221,63,39,2023-10-08T18:03:58.766000+00:00,32.042,28.835,25.394,237.0,275.0,False,86.271,"[None, 2048, 2048, 2048, 2048, 2048, 2048, 2048, 2048]","[2048, 2048, 2048, 2049, 2048, 2048, 2048]","[2048, 2048, 2048, 2048, 2048, 2049, 2048]",301.0
1221,9221,16,39,2023-10-08T18:04:05.469000+00:00,32.048,29.135,25.444,237.0,283.0,False,86.627,"[None, 2048, 2048, 2048, 2048, 2048, 2049, 2048, 2049]","[2048, 2048, 2049, 2049, 2049, 2048, 2048]","[2051, 2048, 2048, 2048, 2049, 2048, 2048]",304.0
1221,9221,14,39,2023-10-08T18:04:07.891000+00:00,31.873,29.385,25.632,238.0,281.0,False,86.89,"[None, 2048, 2048, 2048, 2049, 2049, 2049, 2049, 2049]","[2048, 2048, 2048, 2048, 2048, 2049, 2049]","[2048, 2048, 2049, 2048, 2049, 2048, 2048]",
1221,9221,31,39,2023-10-08T18:04:13.500000+00:00,32.291,29.52,25.615,,281.0,False,87.426,"[None, 2048, 2048, 2048, 2048, 2048, 2048, 2049, 2049]","[2049, 2049, 2048, 2048, 2048, 2048, 2048]","[2048, 2048, 2048, 2049, 2048, 2048, 2048]",293.0
1221,9221,77,39,2023-10-08T18:04:15.234000+00:00,32.943,29.46,29.927,227.0,279.0,False,92.33,"[None, 2048, 2048, 2048, 2048, 2048, 2048, 2048, 2048]","[2048, 2048, 2048, 2048, 2048, 2048, 2048]","[2048, 2048, 2048, 2049, 2048, 2049, 2064]",293.0
1221,9221,10,39,2023-10-08T18:04:16.094000+00:00,32.765,29.438,25.915,231.0,282.0,False,88.118,"[None, 2048, 2048, 2048, 2048, 2048, 2048, 2048, 2048]","[2048, 2049, 2048, 2048, 2048, 2048, 2048]","[2048, 2048, 2048, 2048, 2048, 2048]",315.0
1221,9221,18,39,2023-10-08T18:04:17.719000+00:00,32.418,30.026,29.502,235.0,280.0,False,91.946,"[None, 2048, 2048, 2048, 2049, 2048, 2048, 2048, 2048]","[2048, 2048, 2048, 2048, 2048, 2048, 2048]","[2049, 2048, 2048, 2048, 2049, 2048, 2064]",313.0
1221,9221,11,39,2023-10-08T18:04:20.219000+00:00,32.196,29.511,25.756,224.0,275.0,False,87.463,"[None, 2048, 2048, 2049, 2048, 2048, 2048, 2049, 2048]","[2048, 2048, 2048, 2048, 2048, 2049, 2048]","[2048, 2048, 2048, 2048, 2048, 2048]",299.0
1221,9221,20,39,2023-10-08T18:04:26.797000+00:00,32.139,29.35,29.616,234.0,282.0,False,91.105,"[None, 2048, 2048, 2049, 2048, 2048, 2049, 2049, 2048]","[2048, 2049, 2048, 2049, 2049, 2049, 2048]","[2049, 2049, 2049, 2049, 2048, 2048, 2064]",305.0
1221,9221,23,39,2023-10-08T18:04:28.078000+00:00,32.35,29.33,25.729,,280.0,False,87.409,"[None, 2048, 2048, 2048, 2048, 2049, 2049, 2048, 2048]","[2048, 2048, 2048, 2048, 2049, 2048, 2048]","[2048, 2048, 2048, 2048, 2049, 2048]",
1221,9221,22,39,2023-10-08T18:04:33.281000+00:00,33.418,29.858,26.003,229.0,273.0,False,89.279,"[None, 2048, 2048, 2048, 2048, 2048, 2048, 2048, 2048]","[2048, 2049, 2048, 2048, 2048, 2048, 2048]","[2048, 2048, 2048, 2048, 2048, 2048, 2048]",300.0
1221,9221,24,39,2023-10-08T18:04:33.734000+00:00,31.978,29.403,25.83,230.0,278.0,False,87.211,"[2049, 2049, 2049, 2048, 2048, 2048, 2048, 2048, 2048]","[2048, 2048, 2048, 2049, 2049, 2048, 2048]","[2048, 2048, 2048, 2048, 2048, 2048, 2048]",328.0
1221,9221,40,39,2023-10-08T18:04:37.343000+00:00,32.832,29.665,30.191,230.0,278.0,False,92.688,"[None, 2048, 2048, 2048, 2049, 2049, 2049, 2048, 2048]","[2048, 2049, 2048, 2048, 2048, 2048, 2049]","[2049, 2048, 2048, 2048, 2048, 2048, 2064]",302.0
1221,9221,27,39,2023-10-08T18:04:40.140000+00:00,32.592,29.819,30.226,233.0,282.0,False,92.637,"[None, 2048, 2048, 2048, 2049, 2048, 2048, 2048, 2048]","[2048, 2048, 2048, 2048, 2048, 2048, 2049]","[2048, 2048, 2048, 2048, 2048, 2048, 2064]",
1221,9221,2,39,2023-10-08T18:04:41.093000+00:00,32.604,30.89,26.093,231.0,276.0,False,89.587,"[None, 2048, 2048, 2048, 2048, 2048, 2048, 2048, 2048]","[2048, 2048, 2048, 2048, 2048, 2048, 2048]","[2048, 2048, 2048, 2048, 2048, 2048]",313.0
1221,9221,1,40,2023-10-08T18:05:02.468000+00:00,31.534,28.911,25.248,,278.0,False,85.693,"[None, 2048, 2048, 2048, 2048, 2049, 2048, 2051, 2048]","[2048, 2049, 2048, 2048, 2048, 2051, 2049]","[2049, 2048, 2048, 2048, 2048, 2048]",301.0
1221,9221,81,40,2023-10-08T18:05:10.077000+00:00,31.675,29.287,25.272,,279.0,False,86.234,"[None, 2048, 2048, 2048, 2049, 2048, 2048, 2048, 2048]","[2048, 2048, 2048, 2049, 2048, 2048, 2048]","[2049, 2048, 2048, 2049, 2048, 2048, 2048]",307.0
1221,9221,4,40,2023-10-08T18:05:13.562000+00:00,31.717,29.329,24.976,234.0,279.0,False,86.022,"[None, 2048, 2048, 2049, 2049, 2048, 2048, 2048, 2048]","[2048, 2048, 2048, 2049, 2048, 2048, 2048]","[2049, 2051, 2051, 2051, 2048, 2048, 2048]",308.0
1221,9221,63,40,2023-10-08T18:05:25.046000+00:00,31.773,28.892,25.498,238.0,275.0,False,86.163,"[None, 2048, 2048, 2048, 2049, 2048, 2048, 2049, 2049]","[2048, 2048, 2048, 2048, 2048, 2048, 2048]","[2048, 2048, 2048, 2048, 2048, 2048, 2048]",302.0
1221,9221,16,40,2023-10-08T18:05:32.108000+00:00,32.051,29.081,25.381,234.0,283.0,False,86.513,"[None, 2048, 2048, 2048, 2048, 2048, 2048, 2049, 2048]","[2049, 2048, 2049, 2048, 2049, 2048, 2048]","[2048, 2049, 2048, 2049, 2048, 2048, 2048]",302.0
1221,9221,14,40,2023-10-08T18:05:34.811000+00:00,32.166,29.389,25.673,,281.0,False,87.228,"[None, 2048, 2048, 2048, 2048, 2048, 2048, 2048, 2048]","[2048, 2048, 2048, 2048, 2048, 2048, 2048]","[2049, 2048, 2048, 2048, 2048, 2048, 2048]",
1221,9221,31,40,2023-10-08T18:05:41.015000+00:00,32.107,29.207,25.447,232.0,281.0,False,86.761,"[None, 2048, 2048, 2049, 2049, 2049, 2048, 2048, 2049]","[2048, 2049, 2048, 2049, 2049, 2049, 2048]","[2048, 2049, 2048, 2048, 2048, 2048]",
1221,9221,10,40,2023-10-08T18:05:44.124000+00:00,32.025,29.04,25.593,233.0,281.0,False,86.658,"[None, 2048, 2048, 2048, 2048, 2048, 2048, 2049, 2048]","[2049, 2048, 2049, 2048, 2048, 2049, 2048]","[2048, 2048, 2048, 2049, 2049, 2048, 2048]",310.0
1221,9221,77,40,2023-10-08T18:05:47.671000+00:00,55.491,29.61,26.245,228.0,277.0,True,111.346,"[2064, 2064, 2048, 2048, 2048, 2048, 2048, 2048, 2048]","[2048, 2048, 2048, 2048, 2048, 2048, 2048]","[2048, 2048, 2048, 2048, 2048, 2048, 2048]",176.0
1221,9221,11,40,2023-10-08T18:05:47.671000+00:00,32.238,29.349,25.669,234.0,276.0,False,87.256,"[None, 2048, 2048, 2048, 2048, 2048, 2048, 2048, 2048]","[2048, 2048, 2048, 2048, 2048, 2048, 2048]","[2048, 2048, 2048, 2048, 2048, 2048]",
1221,9221,18,40,2023-10-08T18:05:49.655000+00:00,55.867,29.819,25.956,233.0,281.0,True,111.642,"[2064, 2064, 2048, 2048, 2048, 2048, 2048, 2048, 2048]","[2048, 2048, 2048, 2048, 2048, 2048, 2049]","[2048, 2048, 2048, 2048, 2048, 2048, 2048]",179.0
1221,9221,23,40,2023-10-08T18:05:55.374000+00:00,32.176,29.09,25.693,235.0,281.0,False,86.959,"[None, 2048, 2048, 2049, 2049, 2051, 2048, 2049, 2048]","[2049, 2049, 2048, 2049, 2049, 2049, 2048]","[2048, 2048, 2048, 2048, 2048, 2048]",297.0
1221,9221,20,40,2023-10-08T18:05:57.858000+00:00,56.802,29.744,26.655,235.0,279.0,True,113.201,"[2064, 2064, 2048, 2048, 2048, 2048, 2048, 2048, 2048]","[2048, 2048, 2048, 2048, 2049, 2048, 2048]","[2048, 2048, 2048, 2048, 2048, 2048, 2048]",178.0
1221,9221,24,40,2023-10-08T18:06:00.874000+00:00,32.201,29.318,25.634,232.0,279.0,False,87.153,"[2048, 2048, 2048, 2048, 2049, 2048, 2048, 2049, 2048]","[2048, 2048, 2049, 2048, 2048, 2049, 2048]","[2049, 2048, 2048, 2048, 2048, 2049]",296.0
1221,9221,22,40,2023-10-08T18:06:02.592000+00:00,32.755,29.551,29.898,232.0,274.0,False,92.204,"[None, 2048, 2048, 2048, 2048, 2048, 2048, 2048, 2049]","[2049, 2048, 2048, 2048, 2048, 2048, 2048]","[2048, 2048, 2049, 2048, 2048, 2048, 2064]",304.0
1221,9221,40,40,2023-10-08T18:06:09.983000+00:00,55.614,30.419,26.184,229.0,276.0,True,112.217,"[2064, 2064, 2048, 2048, 2048, 2048, 2048, 2048, 2048]","[2048, 2048, 2048, 2048, 2048, 2048, 2048]","[2048, 2048, 2048, 2048, 2048, 2048, 2049]",175.0
1221,9221,2,40,2023-10-08T18:06:10.655000+00:00,33.166,31.513,46.982,229.0,167.0,False,111.661,"[None, 2048, 2048, 2048, 2048, 2048, 2049, 2048, 2048]","[2048, 2049, 2048, 2048, 2048, 2048, 2048]","[2048, 2048, 2048, 2048, 2048, 2048, 2064]",306.0
1221,9221,27,40,2023-10-08T18:06:12.717000+00:00,57.012,31.493,27.254,227.0,247.0,True,115.759,"[2064, 2064, 2048, 2048, 2048, 2048, 2048, 2048, 2048]","[2048, 2048, 2048, 2048, 2048, 2048, 2048]","[2048, 2048, 2048, 2048, 2048, 2048, 2048]",175.0
1221,9221,1,41,2023-10-08T18:06:28.092000+00:00,31.542,29.012,25.307,,278.0,False,85.861,"[2049, 2048, 2048, 2048, 2048, 2048, 2049, 2048, 2048]","[2048, 2048, 2048, 2048, 2048, 2048, 2048]","[2049, 2048, 2048, 2048, 2048, 2048, 2049]",300.0
1221,9221,81,41,2023-10-08T18:06:36.358000+00:00,31.98,29.465,25.514,235.0,279.0,False,86.959,"[None, 2048, 2048, 2048, 2048, 2048, 2048, 2048, 2048]","[2048, 2048, 2048, 2048, 2048, 2048, 2049]","[2049, 2048, 2048, 2048, 2048, 2048]",306.0
1221,9221,4,41,2023-10-08T18:06:39.576000+00:00,32.056,29.526,25.139,231.0,279.0,False,86.721,"[None, 2048, 2048, 2048, 2048, 2048, 2048, 2048, 2048]","[2048, 2048, 2048, 2049, 2048, 2048, 2048]","[2049, 2048, 2048, 2048, 2048, 2048, 2048]",
1221,9221,63,41,2023-10-08T18:06:51.201000+00:00,32.043,29.072,25.521,233.0,271.0,False,86.636,"[None, 2048, 2048, 2048, 2048, 2048, 2048, 2048, 2048]","[2048, 2048, 2048, 2048, 2048, 2048, 2048]","[2048, 2048, 2048, 2048, 2048, 2048, 2048]",
1221,9221,16,41,2023-10-08T18:06:58.623000+00:00,31.973,29.193,25.356,235.0,282.0,False,86.522,"[None, 2048, 2048, 2048, 2049, 2048, 2049, 2049, 2048]","[2048, 2048, 2048, 2048, 2049, 2048, 2048]","[2051, 2049, 2048, 2048, 2049, 2048, 2048]",305.0
1221,9221,14,41,2023-10-08T18:07:02.029000+00:00,32.262,29.436,25.852,236.0,280.0,False,87.55,"[None, 2048, 2048, 2048, 2048, 2048, 2048, 2048, 2048]","[2048, 2048, 2048, 2048, 2048, 2048, 2048]","[2048, 2048, 2048, 2048, 2048, 2048]",311.0
1221,9221,31,41,2023-10-08T18:07:07.779000+00:00,32.154,29.296,25.383,,281.0,False,86.833,"[None, 2048, 2048, 2048, 2048, 2048, 2048, 2048, 2048]","[2048, 2048, 2049, 2049, 2049, 2048, 2048]","[2048, 2049, 2049, 2048, 2048, 2048]",294.0
1221,9221,10,41,2023-10-08T18:07:10.873000+00:00,32.216,29.143,25.407,234.0,280.0,False,86.766,"[None, 2048, 2048, 2049, 2049, 2048, 2048, 2049, 2049]","[2048, 2048, 2048, 2048, 2048, 2048, 2048]","[2049, 2048, 2048, 2049, 2048, 2049, 2048]",293.0
1221,9221,11,41,2023-10-08T18:07:14.842000+00:00,32.098,29.333,25.72,230.0,276.0,False,87.151,"[None, 2048, 2048, 2048, 2049, 2048, 2048, 2049, 2048]","[2048, 2048, 2048, 2048, 2048, 2048, 2048]","[2048, 2048, 2048, 2048, 2048, 2048, 2048]",
1221,9221,23,41,2023-10-08T18:07:22.357000+00:00,32.025,29.32,25.9,238.0,280.0,False,87.245,"[None, 2048, 2048, 2048, 2049, 2048, 2048, 2049, 2049]","[2048, 2049, 2048, 2048, 2048, 2048, 2048]","[2048, 2048, 2048, 2048, 2048, 2048]",306.0
1221,9221,24,41,2023-10-08T18:07:28.045000+00:00,32.19,29.356,25.624,231.0,279.0,False,87.17,"[None, 2048, 2048, 2049, 2048, 2049, 2048, 2049, 2048]","[2048, 2048, 2048, 2048, 2048, 2048, 2048]","[2048, 2048, 2048, 2048, 2048, 2048, 2048]",294.0
1221,9221,22,41,2023-10-08T18:07:34.732000+00:00,54.725,29.847,26.037,229.0,272.0,True,110.609,"[2064, 2064, 2048, 2048, 2048, 2048, 2048, 2048, 2048]","[2048, 2048, 2048, 2048, 2049, 2048, 2048]","[2048, 2048, 2048, 2048, 2048, 2049, 2048]",179.0
1221,9221,77,41,2023-10-08T18:07:38.935000+00:00,32.327,29.482,26.166,230.0,278.0,False,87.975,"[2048, 2048, 2048, 2048, 2048, 2048, 2048, 2049, 2048]","[2049, 2048, 2048, 2048, 2048, 2048, 2048]","[2048, 2048, 2048, 2048, 2048, 2048]",294.0
1221,9221,18,41,2023-10-08T18:07:41.341000+00:00,32.4,29.265,25.788,235.0,280.0,False,87.453,"[2048, 2048, 2048, 2048, 2048, 2048, 2048, 2049, 2049]","[2049, 2049, 2049, 2049, 2048, 2049, 2048]","[2048, 2048, 2048, 2048, 2049, 2048, 2048]",309.0
1221,9221,20,41,2023-10-08T18:07:51.107000+00:00,32.264,29.31,25.576,234.0,281.0,False,87.15,"[2048, 2048, 2048, 2049, 2049, 2048, 2048, 2048, 2048]","[2048, 2048, 2048, 2048, 2048, 2048, 2048]","[2048, 2048, 2048, 2049, 2049, 2048]",298.0
1221,9221,1,42,2023-10-08T18:07:54.044000+00:00,31.653,28.967,25.207,236.0,277.0,False,85.827,"[None, 2049, 2049, 2048, 2048, 2048, 2049, 2048, 2048]","[2048, 2048, 2048, 2049, 2048, 2048, 2048]","[2049, 2051, 2048, 2048, 2048, 2048, 2049]",304.0
1221,9221,40,41,2023-10-08T18:08:02.216000+00:00,34.481,30.002,26.104,230.0,277.0,False,90.587,"[2048, 2048, 2048, 2048, 2048, 2048, 2049, 2048, 2048]","[2048, 2048, 2048, 2048, 2048, 2048, 2048]","[2048, 2048, 2048, 2048, 2048, 2048, 2048]",252.0
1221,9221,2,41,2023-10-08T18:08:02.372000+00:00,,,,,,False,,,,,
1221,9221,81,42,2023-10-08T18:08:03.232000+00:00,31.739,29.745,25.392,239.0,277.0,False,86.876,"[None, 2048, 2048, 2048, 2048, 2048, 2048, 2048, 2048]","[2048, 2048, 2048, 2048, 2048, 2048, 2048]","[2048, 2048, 2048, 2048, 2048, 2048, 2048]",309.0
1221,9221,4,42,2023-10-08T18:08:06.310000+00:00,31.98,29.484,25.46,234.0,280.0,False,86.924,"[None, 2048, 2048, 2048, 2048, 2048, 2048, 2048, 2048]","[2048, 2048, 2048, 2048, 2048, 2048, 2049]","[2049, 2048, 2048, 2048, 2048, 2048]",
1221,9221,27,41,2023-10-08T18:08:08.560000+00:00,32.562,29.561,26.106,232.0,282.0,False,88.229,"[2048, 2048, 2048, 2048, 2048, 2048, 2048, 2049, 2048]","[2048, 2048, 2048, 2049, 2048, 2048, 2048]","[2048, 2048, 2048, 2048, 2048, 2048]",303.0
1221,9221,63,42,2023-10-08T18:08:17.841000+00:00,31.771,28.919,25.376,239.0,276.0,False,86.066,"[None, 2048, 2048, 2048, 2048, 2048, 2048, 2049, 2048]","[2048, 2048, 2048, 2048, 2048, 2048, 2048]","[2048, 2048, 2048, 2048, 2048, 2051, 2048]",299.0
1221,9221,16,42,2023-10-08T18:08:25.153000+00:00,31.959,29.226,25.362,236.0,283.0,False,86.547,"[None, 2048, 2048, 2048, 2049, 2048, 2049, 2048, 2049]","[2048, 2048, 2048, 2048, 2048, 2048, 2048]","[2051, 2048, 2048, 2048, 2048, 2048, 2048]",303.0
1221,9221,14,42,2023-10-08T18:08:29.591000+00:00,32.036,29.422,25.723,,279.0,False,87.181,"[None, 2048, 2048, 2048, 2048, 2049, 2048, 2048, 2048]","[2048, 2048, 2048, 2048, 2048, 2048, 2048]","[2048, 2048, 2048, 2048, 2048, 2048]",309.0
1221,9221,31,42,2023-10-08T18:08:34.606000+00:00,31.951,29.173,25.326,233.0,282.0,False,86.45,"[None, 2048, 2048, 2048, 2049, 2048, 2048, 2049, 2049]","[2048, 2048, 2048, 2048, 2048, 2048, 2048]","[2049, 2049, 2048, 2048, 2049, 2048, 2048]",292.0
1221,9221,10,42,2023-10-08T18:08:37.669000+00:00,32.097,29.097,25.44,233.0,280.0,False,86.634,"[None, 2048, 2048, 2049, 2049, 2048, 2048, 2049, 2049]","[2048, 2048, 2049, 2051, 2051, 2048, 2048]","[2049, 2049, 2048, 2048, 2049, 2048, 2048]",294.0
1221,9221,11,42,2023-10-08T18:08:42.091000+00:00,32.044,29.225,25.466,235.0,276.0,False,86.735,"[None, 2048, 2048, 2049, 2049, 2048, 2048, 2049, 2048]","[2049, 2048, 2048, 2048, 2048, 2048, 2048]","[2048, 2048, 2048, 2049, 2048, 2048, 2048]",296.0
1221,9221,23,42,2023-10-08T18:08:49.731000+00:00,31.993,29.321,26.132,,282.0,False,87.446,"[None, 2048, 2048, 2049, 2049, 2048, 2049, 2048, 2048]","[2048, 2048, 2049, 2048, 2049, 2048, 2048]","[2048, 2049, 2048, 2048, 2049, 2048, 2048]",
1221,9221,24,42,2023-10-08T18:08:55.340000+00:00,32.079,29.325,25.672,,279.0,False,87.076,"[None, 2048, 2048, 2049, 2049, 2049, 2048, 2048, 2048]","[2048, 2048, 2048, 2048, 2048, 2048, 2048]","[2048, 2048, 2049, 2048, 2048, 2048, 2048]",293.0
1221,9221,77,42,2023-10-08T18:09:06.793000+00:00,32.545,29.06,25.952,,278.0,False,87.557,"[None, 2048, 2048, 2048, 2048, 2048, 2048, 2048, 2048]","[2049, 2048, 2049, 2048, 2048, 2049, 2048]","[2048, 2048, 2048, 2048, 2048, 2048, 2048]",289.0
1221,9221,18,42,2023-10-08T18:09:08.700000+00:00,32.38,29.241,25.534,234.0,281.0,False,87.155,"[None, 2048, 2048, 2049, 2048, 2048, 2049, 2048, 2048]","[2048, 2049, 2049, 2048, 2048, 2049, 2048]","[2048, 2048, 2049, 2048, 2049, 2049, 2048]",310.0
1221,9221,20,42,2023-10-08T18:09:18.153000+00:00,32.107,30.118,26.934,238.0,176.0,False,89.159,"[None, 2048, 2048, 2049, 2049, 2048, 2048, 2049, 2049]","[2049, 2048, 2048, 2048, 2049, 2049, 2048]","[2048, 2048, 2048, 2048, 2048, 2049, 2049]",297.0
1221,9221,1,43,2023-10-08T18:09:19.856000+00:00,31.679,29.108,25.093,237.0,276.0,False,85.88,"[None, 2049, 2049, 2048, 2048, 2048, 2049, 2048, 2048]","[2048, 2048, 2048, 2048, 2049, 2048, 2048]","[2048, 2048, 2049, 2049, 2048, 2048, 2049]",305.0
1221,9221,22,42,2023-10-08T18:09:25.434000+00:00,32.676,29.424,25.707,233.0,271.0,False,87.807,"[2048, 2048, 2048, 2048, 2049, 2048, 2048, 2048, 2049]","[2048, 2048, 2048, 2049, 2049, 2049, 2048]","[2048, 2049, 2049, 2048, 2048, 2049, 2048]",300.0
1221,9221,81,43,2023-10-08T18:09:30.106000+00:00,31.743,29.326,29.26,235.0,279.0,False,90.329,"[None, 2048, 2048, 2048, 2048, 2049, 2049, 2048, 2048]","[2048, 2049, 2048, 2048, 2048, 2048, 2049]","[2049, 2048, 2048, 2048, 2049, 2048, 2064]",308.0
1221,9221,40,42,2023-10-08T18:09:32.809000+00:00,33.859,29.987,25.938,229.0,277.0,False,89.784,"[None, 2048, 2048, 2048, 2048, 2048, 2049, 2048, 2048]","[2048, 2048, 2048, 2049, 2048, 2048, 2049]","[2048, 2048, 2048, 2048, 2048, 2049, 2048]",300.0
1221,9221,4,43,2023-10-08T18:09:33.246000+00:00,31.281,29.326,25.078,236.0,280.0,False,85.685,"[None, 2048, 2048, 2048, 2048, 2048, 2048, 2049, 2048]","[2048, 2049, 2048, 2049, 2049, 2048, 2048]","[2048, 2049, 2048, 2048, 2048, 2048]",326.0
1221,9221,27,42,2023-10-08T18:09:36.653000+00:00,32.382,29.523,25.84,233.0,282.0,False,87.745,"[None, 2048, 2048, 2048, 2048, 2049, 2048, 2049, 2048]","[2048, 2048, 2048, 2048, 2048, 2048, 2048]","[2048, 2048, 2048, 2048, 2048, 2048]",301.0
1221,9221,63,43,2023-10-08T18:09:43.918000+00:00,31.738,28.925,25.227,237.0,277.0,False,85.89,"[None, 2048, 2048, 2048, 2048, 2049, 2049, 2049, 2048]","[2048, 2048, 2048, 2048, 2048, 2048, 2048]","[2048, 2049, 2049, 2048, 2048, 2048, 2048]",304.0
1221,9221,16,43,2023-10-08T18:09:51.715000+00:00,31.97,29.226,29.509,235.0,283.0,False,90.705,"[None, 2048, 2048, 2048, 2049, 2048, 2048, 2048, 2048]","[2048, 2048, 2048, 2048, 2048, 2048, 2048]","[2048, 2048, 2049, 2049, 2049, 2048, 2064]",302.0
1221,9221,14,43,2023-10-08T18:09:56.746000+00:00,31.991,29.35,25.575,,280.0,False,86.916,"[None, 2048, 2048, 2049, 2048, 2049, 2048, 2048, 2048]","[2048, 2048, 2048, 2048, 2048, 2048, 2048]","[2048, 2048, 2048, 2048, 2048, 2048, 2048]",
1221,9221,31,43,2023-10-08T18:10:01.074000+00:00,32.192,29.174,29.832,,282.0,False,91.198,"[None, 2048, 2048, 2048, 2048, 2048, 2048, 2048, 2048]","[2048, 2048, 2048, 2048, 2049, 2048, 2048]","[2051, 2051, 2048, 2048, 2049, 2048, 2064]",291.0
1221,9221,10,43,2023-10-08T18:10:04.262000+00:00,32.136,29.794,25.427,235.0,281.0,False,87.357,"[None, 2048, 2048, 2048, 2048, 2048, 2048, 2048, 2048]","[2048, 2048, 2048, 2048, 2048, 2048, 2048]","[2048, 2048, 2049, 2048, 2048, 2048]",
1221,9221,11,43,2023-10-08T18:10:08.840000+00:00,32.128,29.385,29.434,229.0,276.0,False,90.947,"[None, 2048, 2048, 2049, 2049, 2048, 2048, 2048, 2048]","[2048, 2048, 2048, 2048, 2048, 2048, 2048]","[2048, 2048, 2048, 2048, 2049, 2049, 2064]",298.0
1221,9221,23,43,2023-10-08T18:10:17.152000+00:00,32.15,29.169,25.769,,282.0,False,87.088,"[None, 2048, 2048, 2048, 2048, 2048, 2048, 2049, 2048]","[2049, 2048, 2048, 2048, 2048, 2048, 2048]","[2048, 2048, 2048, 2049, 2048, 2048, 2048]",
1221,9221,24,43,2023-10-08T18:10:22.386000+00:00,32.094,29.301,25.555,233.0,279.0,False,86.95,"[None, 2048, 2048, 2049, 2048, 2048, 2048, 2049, 2049]","[2048, 2048, 2048, 2048, 2048, 2048, 2048]","[2048, 2049, 2049, 2048, 2048, 2049, 2048]",294.0
1221,9221,77,43,2023-10-08T18:10:34.480000+00:00,32.267,29.004,25.923,232.0,278.0,False,87.194,"[None, 2048, 2048, 2048, 2048, 2049, 2048, 2048, 2049]","[2049, 2049, 2048, 2048, 2048, 2051, 2048]","[2048, 2048, 2048, 2049, 2048, 2049, 2048]",
1221,9221,18,43,2023-10-08T18:10:35.933000+00:00,32.245,29.175,25.63,237.0,280.0,False,87.05,"[None, 2048, 2048, 2048, 2048, 2049, 2048, 2049, 2049]","[2048, 2049, 2049, 2048, 2048, 2048, 2048]","[2048, 2048, 2048, 2048, 2048, 2048, 2049]",309.0
1221,9221,1,44,2023-10-08T18:10:45.714000+00:00,31.56,28.895,25.02,236.0,277.0,False,85.475,"[2048, 2048, 2048, 2048, 2048, 2048, 2048, 2051, 2049]","[2048, 2049, 2048, 2048, 2048, 2048, 2048]","[2048, 2049, 2049, 2048, 2048, 2048, 2049]",298.0
1221,9221,20,43,2023-10-08T18:10:47.433000+00:00,32.279,29.216,25.636,229.0,283.0,False,87.131,"[None, 2048, 2048, 2048, 2048, 2048, 2048, 2048, 2048]","[2048, 2048, 2048, 2048, 2048, 2048, 2048]","[2048, 2048, 2048, 2048, 2048, 2049, 2049]",302.0
1221,9221,22,43,2023-10-08T18:10:53.214000+00:00,32.547,29.268,25.617,237.0,274.0,False,87.432,"[None, 2048, 2048, 2048, 2049, 2048, 2048, 2048, 2049]","[2048, 2049, 2049, 2049, 2048, 2048, 2048]","[2048, 2048, 2048, 2048, 2049, 2048, 2048]",
1221,9221,4,44,2023-10-08T18:10:58.823000+00:00,31.699,29.212,29.063,235.0,279.0,False,89.974,"[None, 2048, 2048, 2048, 2048, 2048, 2048, 2048, 2048]","[2048, 2049, 2048, 2048, 2048, 2049, 2048]","[2048, 2049, 2051, 2051, 2048, 2048, 2064]",306.0
1221,9221,81,44,2023-10-08T18:11:00.402000+00:00,53.933,29.567,25.473,237.0,278.0,True,108.973,"[2064, 2064, 2048, 2048, 2048, 2048, 2048, 2048, 2048]","[2048, 2048, 2048, 2048, 2048, 2048, 2048]","[2048, 2048, 2048, 2048, 2048, 2048, 2048]",178.0
1221,9221,40,43,2023-10-08T18:11:02.573000+00:00,32.791,29.594,25.657,231.0,276.0,False,88.042,"[None, 2048, 2048, 2048, 2048, 2048, 2048, 2048, 2049]","[2049, 2048, 2048, 2048, 2048, 2048, 2048]","[2048, 2048, 2049, 2049, 2048, 2049, 2049]",297.0
1221,9221,27,43,2023-10-08T18:11:04.480000+00:00,32.287,29.271,25.603,236.0,284.0,False,87.161,"[None, 2048, 2048, 2048, 2048, 2048, 2048, 2048, 2048]","[2048, 2049, 2049, 2049, 2048, 2048, 2049]","[2049, 2049, 2049, 2048, 2048, 2048, 2049]",302.0
1221,9221,63,44,2023-10-08T18:11:09.823000+00:00,31.805,28.962,25.241,,277.0,False,86.008,"[None, 2048, 2048, 2048, 2048, 2048, 2048, 2048, 2048]","[2048, 2048, 2048, 2048, 2048, 2048, 2048]","[2048, 2048, 2048, 2048, 2049, 2048]",303.0
1221,9221,16,44,2023-10-08T18:11:22.370000+00:00,53.908,29.348,25.763,236.0,282.0,True,109.019,"[2064, 2064, 2048, 2048, 2048, 2048, 2048, 2048, 2049]","[2048, 2048, 2048, 2048, 2048, 2049, 2048]","[2048, 2048, 2048, 2048, 2048, 2049, 0]",176.0
1221,9221,14,44,2023-10-08T18:11:23.683000+00:00,32.124,29.463,30.225,237.0,282.0,False,91.812,"[None, 2048, 2048, 2048, 2048, 2048, 2048, 2048, 2048]","[2048, 2048, 2048, 2048, 2048, 2048, 2049]","[2048, 2048, 2048, 2048, 2048, 2048, 2064]",308.0
1221,9221,10,44,2023-10-08T18:11:31.526000+00:00,32.143,28.94,29.972,234.0,281.0,False,91.055,"[None, 2048, 2048, 2048, 2049, 2048, 2048, 2049, 2048]","[2048, 2048, 2049, 2048, 2051, 2048, 2048]","[2048, 2048, 2048, 2048, 2048, 2048, 2064]",291.0
1221,9221,31,44,2023-10-08T18:11:32.214000+00:00,56.156,29.636,25.752,230.0,280.0,True,111.544,"[2064, 2064, 2048, 2048, 2048, 2048, 2048, 2048, 2048]","[2048, 2048, 2048, 2048, 2048, 2048, 2048]","[2048, 2048, 2048, 2048, 2048, 2048, 2048]",170.0
1221,9221,11,44,2023-10-08T18:11:39.807000+00:00,59.873,29.739,25.804,230.0,278.0,True,115.416,"[2064, 2064, 2048, 2048, 2048, 2048, 2048, 2048, 2048]","[2048, 2048, 2048, 2048, 2048, 2048, 2048]","[2048, 2048, 2048, 2048, 2048, 2049, 0]",174.0
1221,9221,23,44,2023-10-08T18:11:44.214000+00:00,32.746,29.896,30.293,235.0,283.0,False,92.935,"[None, 2048, 2048, 2048, 2048, 2048, 2048, 2048, 2048]","[2048, 2048, 2048, 2048, 2048, 2048, 2049]","[2048, 2048, 2048, 2048, 2048, 2048, 2064]",305.0
1221,9221,24,44,2023-10-08T18:11:49.307000+00:00,32.096,29.194,25.621,,280.0,False,86.911,"[None, 2048, 2048, 2049, 2048, 2048, 2048, 2048, 2048]","[2048, 2049, 2049, 2049, 2049, 2048, 2048]","[2049, 2048, 2048, 2049, 2049, 2048]",293.0
1221,9221,77,44,2023-10-08T18:12:01.651000+00:00,32.219,29.064,26.145,229.0,278.0,False,87.428,"[None, 2048, 2048, 2048, 2048, 2049, 2048, 2049, 2048]","[2048, 2048, 2049, 2048, 2048, 2048, 2048]","[2048, 2048, 2048, 2049, 2049, 2048]",
1221,9221,18,44,2023-10-08T18:12:03.010000+00:00,32.276,29.088,25.765,234.0,281.0,False,87.129,"[None, 2048, 2048, 2048, 2048, 2048, 2051, 2048, 2048]","[2049, 2051, 2048, 2048, 2049, 2049, 2048]","[2049, 2049, 2048, 2048, 2048, 2048]",311.0
1221,9221,1,45,2023-10-08T18:12:11.151000+00:00,31.598,28.991,25.032,238.0,278.0,False,85.621,"[None, 2048, 2048, 2048, 2048, 2049, 2048, 2048, 2048]","[2048, 2048, 2048, 2048, 2048, 2048, 2049]","[2049, 2048, 2048, 2048, 2048, 2048]",301.0
1221,9221,20,44,2023-10-08T18:12:14.541000+00:00,32.317,29.461,25.85,228.0,282.0,False,87.628,"[None, 2048, 2048, 2049, 2048, 2049, 2048, 2048, 2048]","[2048, 2048, 2048, 2048, 2048, 2048, 2049]","[2048, 2048, 2048, 2048, 2048, 2048, 2048]",299.0
1221,9221,22,44,2023-10-08T18:12:20.682000+00:00,32.426,29.331,25.592,236.0,274.0,False,87.349,"[None, 2048, 2048, 2049, 2049, 2048, 2049, 2048, 2048]","[2048, 2048, 2048, 2049, 2048, 2048, 2048]","[2048, 2048, 2049, 2049, 2048, 2048, 2048]",
1221,9221,4,45,2023-10-08T18:12:28.869000+00:00,54.246,29.141,25.042,234.0,279.0,True,108.429,"[2064, 2064, 2048, 2048, 2048, 2048, 2048, 2048, 2048]","[2048, 2048, 2048, 2049, 2048, 2049, 2048]","[2048, 2048, 2048, 2048, 2051, 2049, 2048]",178.0
1221,9221,40,44,2023-10-08T18:12:30.619000+00:00,32.737,29.537,25.518,233.0,274.0,False,87.792,"[None, 2048, 2048, 2048, 2049, 2048, 2048, 2048, 2048]","[2048, 2048, 2048, 2048, 2049, 2048, 2048]","[2048, 2049, 2049, 2049, 2049, 2049, 2048]",295.0
1221,9221,27,44,2023-10-08T18:12:31.713000+00:00,32.234,29.492,25.663,235.0,284.0,False,87.389,"[2049, 2049, 2049, 2048, 2048, 2048, 2048, 2048, 2048]","[2048, 2048, 2049, 2048, 2048, 2048, 2049]","[2048, 2048, 2048, 2049, 2049, 2048, 2048]",323.0
1221,9221,63,45,2023-10-08T18:12:35.729000+00:00,31.72,28.994,25.339,232.0,277.0,False,86.053,"[None, 2048, 2048, 2048, 2048, 2048, 2048, 2049, 2048]","[2048, 2049, 2048, 2048, 2048, 2048, 2048]","[2048, 2048, 2048, 2049, 2048, 2048]",305.0
1221,9221,81,45,2023-10-08T18:12:49.416000+00:00,31.497,28.815,25.041,236.0,276.0,False,85.353,"[2048, 2048, 2048, 2048, 2049, 2051, 2048, 2049, 2048]","[2048, 2048, 2049, 2051, 2049, 2051, 2048]","[2048, 2049, 2048, 2048, 2048, 2051]",304.0
1221,9221,14,45,2023-10-08T18:12:55.416000+00:00,55.126,29.536,25.804,232.0,280.0,True,110.466,"[2064, 2064, 2048, 2048, 2048, 2048, 2048, 2048, 2048]","[2048, 2048, 2048, 2048, 2048, 2048, 2048]","[2048, 2048, 2048, 2048, 2048, 2048, 2048]",181.0
1221,9221,10,45,2023-10-08T18:13:02.556000+00:00,62.021,29.544,25.85,227.0,281.0,True,117.415,"[2064, 2064, 2048, 2048, 2048, 2048, 2048, 2048, 2048]","[2048, 2048, 2048, 2048, 2048, 2049, 2048]","[2048, 2048, 2048, 2048, 2048, 2048, 2048]",178.0
1221,9221,16,45,2023-10-08T18:13:11.416000+00:00,31.919,28.858,25.179,240.0,283.0,False,85.956,"[2048, 2048, 2048, 2048, 2049, 2048, 2049, 2049, 2049]","[2049, 2049, 2049, 2049, 2048, 2049, 2048]","[2048, 2048, 2048, 2049, 2048, 2049]",301.0
1221,9221,24,45,2023-10-08T18:13:16.213000+00:00,32.03,29.266,25.546,,280.0,False,86.842,"[None, 2048, 2048, 2049, 2048, 2048, 2048, 2048, 2048]","[2049, 2048, 2048, 2048, 2048, 2048, 2048]","[2049, 2048, 2048, 2048, 2048, 2049]",292.0
1221,9221,23,45,2023-10-08T18:13:17.103000+00:00,55.965,29.907,25.708,228.0,273.0,True,111.58,"[2064, 2064, 2048, 2048, 2048, 2048, 2048, 2048, 2048]","[2048, 2048, 2048, 2048, 2048, 2048, 2048]","[2048, 2048, 2048, 2048, 2048, 2048, 2051]",178.0
1221,9221,31,45,2023-10-08T18:13:23.806000+00:00,32.702,29.457,25.69,231.0,280.0,False,87.849,"[2048, 2048, 2048, 2048, 2048, 2048, 2048, 2048, 2048]","[2048, 2048, 2048, 2048, 2048, 2048, 2048]","[2048, 2048, 2048, 2048, 2048, 2048]",282.0
1221,9221,77,45,2023-10-08T18:13:28.994000+00:00,32.283,29.028,25.894,232.0,279.0,False,87.205,"[None, 2048, 2048, 2048, 2048, 2048, 2048, 2048, 2048]","[2048, 2048, 2049, 2048, 2048, 2048, 2048]","[2048, 2048, 2048, 2048, 2048, 2048, 2048]",292.0
1221,9221,18,45,2023-10-08T18:13:30.009000+00:00,32.457,29.373,25.516,,281.0,False,87.346,"[None, 2048, 2048, 2048, 2048, 2048, 2048, 2048, 2048]","[2048, 2048, 2048, 2048, 2048, 2048, 2049]","[2049, 2049, 2048, 2048, 2048, 2049]",312.0
1221,9221,11,45,2023-10-08T18:13:35.197000+00:00,32.293,31.263,25.932,228.0,278.0,False,89.488,"[2048, 2048, 2048, 2048, 2048, 2048, 2048, 2048, 2048]","[2048, 2048, 2048, 2048, 2048, 2048, 2048]","[2048, 2048, 2048, 2048, 2048, 2048, 2048]",298.0
1221,9221,1,46,2023-10-08T18:13:36.853000+00:00,31.67,29.229,25.09,236.0,277.0,False,85.989,"[2049, 2049, 2048, 2048, 2048, 2048, 2048, 2048, 2048]","[2048, 2049, 2048, 2048, 2049, 2048, 2048]","[2048, 2049, 2049, 2048, 2048, 2048]",307.0
1221,9221,20,45,2023-10-08T18:13:42.197000+00:00,32.358,29.366,25.834,231.0,284.0,False,87.558,"[None, 2048, 2048, 2048, 2048, 2049, 2048, 2048, 2048]","[2048, 2048, 2048, 2048, 2049, 2048, 2049]","[2048, 2048, 2048, 2048, 2048, 2048, 2049]",297.0
1221,9221,22,45,2023-10-08T18:13:48.040000+00:00,32.701,29.369,25.697,235.0,272.0,False,87.767,"[None, 2048, 2048, 2048, 2048, 2048, 2048, 2048, 2048]","[2048, 2048, 2048, 2049, 2048, 2049, 2048]","[2048, 2048, 2048, 2048, 2048, 2048, 2048]",299.0
1221,9221,40,45,2023-10-08T18:13:58.446000+00:00,33.788,29.772,26.234,230.0,277.0,False,89.794,"[None, 2048, 2048, 2048, 2048, 2048, 2048, 2048, 2048]","[2048, 2048, 2048, 2048, 2048, 2048, 2048]","[2049, 2048, 2048, 2048, 2048, 2048, 2048]",301.0
1221,9221,27,45,2023-10-08T18:13:59.040000+00:00,31.788,29.119,25.582,234.0,281.0,False,86.489,"[None, 2049, 2049, 2048, 2049, 2048, 2048, 2049, 2048]","[2048, 2049, 2049, 2048, 2049, 2049, 2048]","[2048, 2049, 2049, 2049, 2048, 2048, 2048]",333.0
1221,9221,63,46,2023-10-08T18:14:01.806000+00:00,31.914,29.466,25.521,229.0,280.0,False,86.901,"[None, 2048, 2048, 2048, 2048, 2048, 2048, 2048, 2048]","[2048, 2048, 2048, 2049, 2049, 2048, 2048]","[2048, 2048, 2048, 2048, 2048, 2048, 2048]",306.0
1221,9221,81,46,2023-10-08T18:14:14.712000+00:00,31.56,28.709,25.065,241.0,279.0,False,85.334,"[None, 2048, 2048, 2049, 2048, 2048, 2048, 2048, 2051]","[2049, 2049, 2048, 2048, 2049, 2048, 2049]","[2048, 2048, 2048, 2049, 2048, 2048, 2048]",306.0
1221,9221,4,46,2023-10-08T18:14:17.290000+00:00,31.353,28.657,24.871,238.0,279.0,False,84.881,"[2048, 2048, 2048, 2049, 2049, 2049, 2048, 2049, 2049]","[2049, 2051, 2049, 2049, 2049, 2051, 2049]","[2048, 2048, 2048, 2048, 2048, 2049, 2048]",307.0
1221,9221,16,46,2023-10-08T18:14:37.290000+00:00,31.862,28.938,25.203,238.0,283.0,False,86.003,"[None, 2048, 2048, 2049, 2049, 2048, 2048, 2049, 2049]","[2048, 2048, 2049, 2048, 2049, 2048, 2048]","[2048, 2048, 2048, 2048, 2049, 2048, 2048]",300.0
1221,9221,24,46,2023-10-08T18:14:42.946000+00:00,31.934,29.23,25.425,234.0,279.0,False,86.589,"[None, 2048, 2048, 2048, 2048, 2048, 2048, 2049, 2049]","[2049, 2049, 2048, 2048, 2049, 2048, 2048]","[2048, 2048, 2048, 2049, 2049, 2049, 2048]",293.0
1221,9221,14,46,2023-10-08T18:14:45.946000+00:00,31.987,29.293,25.511,236.0,281.0,False,86.791,"[2048, 2048, 2048, 2048, 2048, 2049, 2048, 2049, 2048]","[2048, 2048, 2048, 2048, 2048, 2049, 2048]","[2048, 2048, 2048, 2049, 2048, 2049, 2048]",309.0
1221,9221,31,46,2023-10-08T18:14:51.571000+00:00,32.139,29.065,25.334,233.0,281.0,False,86.538,"[None, 2048, 2048, 2048, 2049, 2048, 2048, 2048, 2049]","[2048, 2049, 2049, 2049, 2048, 2048, 2048]","[2048, 2048, 2048, 2048, 2048, 2048, 2048]",291.0
1221,9221,77,46,2023-10-08T18:14:56.196000+00:00,32.097,28.929,25.793,233.0,280.0,False,86.819,"[None, 2048, 2048, 2049, 2048, 2049, 2049, 2048, 2049]","[2048, 2048, 2049, 2049, 2048, 2048, 2048]","[2048, 2048, 2048, 2049, 2048, 2048, 2048]",293.0
1221,9221,18,46,2023-10-08T18:14:57.383000+00:00,32.407,29.397,25.535,,281.0,False,87.339,"[None, 2048, 2048, 2048, 2048, 2048, 2048, 2048, 2048]","[2048, 2048, 2048, 2048, 2049, 2048, 2049]","[2048, 2048, 2048, 2048, 2048, 2048, 2048]",311.0
1221,9221,10,46,2023-10-08T18:15:00.102000+00:00,32.268,29.251,25.461,235.0,281.0,False,86.98,"[2048, 2048, 2048, 2048, 2048, 2049, 2048, 2048, 2049]","[2048, 2048, 2048, 2048, 2048, 2048, 2048]","[2048, 2049, 2048, 2048, 2048, 2049, 2048]",292.0
1221,9221,1,47,2023-10-08T18:15:02.711000+00:00,31.582,29.136,25.251,237.0,278.0,False,85.969,"[2048, 2048, 2048, 2048, 2048, 2048, 2048, 2048, 2048]","[2048, 2049, 2048, 2048, 2049, 2048, 2049]","[2049, 2048, 2048, 2048, 2048, 2048, 2048]",
1221,9221,11,46,2023-10-08T18:15:04.618000+00:00,32.177,29.314,25.701,232.0,277.0,False,87.192,"[None, 2048, 2048, 2048, 2048, 2048, 2048, 2048, 2048]","[2048, 2048, 2048, 2048, 2048, 2049, 2048]","[2048, 2048, 2048, 2048, 2048, 2048, 2049]",
1221,9221,23,46,2023-10-08T18:15:08.743000+00:00,32.015,29.171,25.592,234.0,276.0,False,86.778,"[2048, 2048, 2048, 2048, 2048, 2048, 2048, 2049, 2048]","[2048, 2048, 2048, 2048, 2048, 2048, 2048]","[2048, 2048, 2049, 2049, 2048, 2048, 2051]",306.0
1221,9221,20,46,2023-10-08T18:15:09.711000+00:00,31.866,29.35,25.851,,284.0,False,87.067,"[2049, 2049, 2048, 2048, 2048, 2049, 2048, 2048, 2048]","[2048, 2048, 2048, 2048, 2048, 2048, 2048]","[2048, 2048, 2048, 2048, 2048, 2048, 2048]",323.0
1221,9221,22,46,2023-10-08T18:15:15.758000+00:00,32.486,29.213,25.753,236.0,273.0,False,87.452,"[None, 2048, 2048, 2048, 2048, 2049, 2048, 2048, 2048]","[2048, 2048, 2048, 2049, 2048, 2049, 2048]","[2048, 2048, 2048, 2048, 2048, 2048, 2048]",298.0
1221,9221,27,46,2023-10-08T18:15:25.445000+00:00,32.217,29.276,26.04,,281.0,False,87.533,"[2048, 2048, 2048, 2049, 2049, 2048, 2048, 2049, 2048]","[2048, 2048, 2049, 2048, 2048, 2048, 2048]","[2048, 2048, 2048, 2048, 2048, 2048, 2048]",295.0
1221,9221,40,46,2023-10-08T18:15:28.227000+00:00,33.656,29.717,25.906,232.0,279.0,False,89.279,"[None, 2048, 2048, 2048, 2048, 2048, 2048, 2048, 2048]","[2048, 2048, 2048, 2048, 2048, 2048, 2049]","[2049, 2048, 2048, 2048, 2048, 2048, 2048]",291.0
1221,9221,63,47,2023-10-08T18:15:28.742000+00:00,31.564,28.937,25.295,234.0,281.0,False,85.796,"[None, 2048, 2048, 2048, 2048, 2048, 2048, 2048, 2048]","[2048, 2048, 2048, 2048, 2048, 2048, 2049]","[2049, 2049, 2048, 2048, 2048, 2048, 2048]",317.0
1221,9221,81,47,2023-10-08T18:15:40.102000+00:00,31.369,28.843,25.024,240.0,279.0,False,85.236,"[None, 2048, 2048, 2048, 2049, 2048, 2049, 2048, 2048]","[2048, 2048, 2048, 2048, 2048, 2048, 2049]","[2048, 2048, 2049, 2048, 2049, 2048, 2048]",
1221,9221,4,47,2023-10-08T18:15:42.195000+00:00,31.356,28.716,24.77,240.0,280.0,False,84.842,"[None, 2048, 2048, 2051, 2048, 2048, 2049, 2048, 2049]","[2049, 2048, 2048, 2049, 2048, 2051, 2049]","[2048, 2049, 2048, 2051, 2048, 2051, 2048]",308.0
1221,9221,16,47,2023-10-08T18:16:03.398000+00:00,31.855,28.85,25.265,237.0,283.0,False,85.97,"[None, 2048, 2048, 2048, 2049, 2049, 2048, 2048, 2048]","[2048, 2048, 2049, 2048, 2048, 2048, 2048]","[2048, 2048, 2048, 2048, 2048, 2048, 2048]",299.0
1221,9221,24,47,2023-10-08T18:16:09.648000+00:00,31.985,29.045,25.522,233.0,280.0,False,86.552,"[None, 2048, 2048, 2049, 2048, 2048, 2048, 2048, 2048]","[2049, 2049, 2048, 2049, 2048, 2049, 2048]","[2049, 2048, 2048, 2048, 2048, 2048, 2048]",
1221,9221,14,47,2023-10-08T18:16:12.742000+00:00,31.974,29.231,25.325,239.0,281.0,False,86.53,"[None, 2048, 2048, 2048, 2048, 2048, 2048, 2048, 2049]","[2049, 2051, 2048, 2048, 2048, 2049, 2049]","[2048, 2048, 2048, 2049, 2049, 2049, 2048]",310.0
1221,9221,31,47,2023-10-08T18:16:18.242000+00:00,32.327,29.05,25.36,232.0,282.0,False,86.737,"[None, 2048, 2048, 2048, 2048, 2048, 2048, 2048, 2048]","[2048, 2048, 2049, 2049, 2048, 2048, 2048]","[2048, 2048, 2049, 2048, 2048, 2048, 2048]",288.0
1221,9221,77,47,2023-10-08T18:16:23.117000+00:00,32.289,29.099,25.752,230.0,278.0,False,87.14,"[None, 2048, 2048, 2048, 2048, 2048, 2048, 2048, 2048]","[2048, 2048, 2049, 2048, 2048, 2048, 2048]","[2048, 2048, 2049, 2049, 2048, 2048, 2048]",290.0
1221,9221,18,47,2023-10-08T18:16:24.773000+00:00,32.298,29.259,25.53,236.0,281.0,False,87.087,"[None, 2048, 2048, 2048, 2048, 2049, 2048, 2048, 2048]","[2048, 2048, 2048, 2048, 2048, 2048, 2049]","[2049, 2048, 2048, 2049, 2049, 2048, 2048]",312.0
1221,9221,10,47,2023-10-08T18:16:27.054000+00:00,32.143,29.03,27.667,234.0,283.0,False,88.84,"[None, 2048, 2048, 2048, 2049, 2048, 2048, 2048, 2048]","[2048, 2048, 2048, 2049, 2048, 2049, 2049]","[2048, 2048, 2048, 2048, 2048, 2048, 2048]",295.0
1221,9221,1,48,2023-10-08T18:16:28.835000+00:00,31.675,29.248,25.293,235.0,278.0,False,86.216,"[None, 2049, 2049, 2048, 2048, 2049, 2048, 2048, 2048]","[2048, 2049, 2048, 2049, 2048, 2048, 2048]","[2048, 2048, 2048, 2048, 2048, 2048, 2048]",309.0
1221,9221,11,47,2023-10-08T18:16:31.867000+00:00,32.078,29.228,25.381,231.0,276.0,False,86.687,"[None, 2048, 2048, 2048, 2048, 2049, 2048, 2048, 2048]","[2048, 2048, 2048, 2048, 2048, 2049, 2048]","[2048, 2048, 2048, 2048, 2051, 2049, 2048]",
1221,9221,23,47,2023-10-08T18:16:35.538000+00:00,31.906,29.125,25.664,235.0,277.0,False,86.695,"[None, 2048, 2048, 2048, 2048, 2048, 2049, 2048, 2049]","[2048, 2048, 2048, 2048, 2048, 2048, 2048]","[2048, 2048, 2048, 2048, 2048, 2048]",307.0
1221,9221,20,47,2023-10-08T18:16:36.788000+00:00,32.05,29.742,25.63,238.0,280.0,False,87.422,"[None, 2048, 2048, 2048, 2048, 2048, 2048, 2048, 2048]","[2048, 2048, 2048, 2048, 2048, 2048, 2048]","[2048, 2048, 2048, 2048, 2048, 2048, 2048]",318.0
1221,9221,22,47,2023-10-08T18:16:43.257000+00:00,32.466,29.315,25.695,,273.0,False,87.476,"[None, 2048, 2048, 2048, 2048, 2048, 2048, 2048, 2048]","[2049, 2049, 2048, 2048, 2048, 2049, 2048]","[2048, 2049, 2048, 2048, 2048, 2049, 2048]",302.0
1221,9221,27,47,2023-10-08T18:16:53.116000+00:00,33.191,30.416,25.739,150.0,284.0,False,89.346,"[None, 2048, 2048, 2049, 2048, 2049, 2048, 2048, 2048]","[2048, 2048, 2048, 2048, 2048, 2048, 2048]","[2048, 2048, 2048, 2049, 2048, 2048, 2048]",298.0
1221,9221,63,48,2023-10-08T18:16:54.554000+00:00,31.848,28.955,25.318,236.0,273.0,False,86.121,"[None, 2048, 2048, 2048, 2048, 2049, 2049, 2048, 2048]","[2048, 2048, 2048, 2048, 2048, 2048, 2048]","[2048, 2048, 2048, 2048, 2048, 2048, 2048]",305.0
1221,9221,40,47,2023-10-08T18:16:57.523000+00:00,32.846,29.522,25.742,230.0,277.0,False,88.11,"[None, 2048, 2048, 2048, 2048, 2049, 2048, 2048, 2048]","[2048, 2049, 2048, 2049, 2049, 2048, 2048]","[2049, 2048, 2048, 2048, 2048, 2048, 2048]",301.0
1221,9221,81,48,2023-10-08T18:17:05.397000+00:00,31.204,28.739,24.978,241.0,280.0,False,84.921,"[None, 2048, 2048, 2049, 2051, 2051, 2049, 2049, 2051]","[2048, 2048, 2048, 2051, 2048, 2048, 2049]","[2049, 2049, 2049, 2049, 2048, 2048, 2048]",307.0
1221,9221,4,48,2023-10-08T18:17:07.069000+00:00,31.435,28.783,24.844,238.0,280.0,False,85.062,"[None, 2048, 2048, 2048, 2048, 2048, 2048, 2048, 2048]","[2048, 2048, 2048, 2048, 2049, 2048, 2049]","[2048, 2049, 2048, 2048, 2048, 2048, 2048]",309.0
1221,9221,16,48,2023-10-08T18:17:29.350000+00:00,31.871,28.914,25.22,238.0,283.0,False,86.005,"[None, 2048, 2048, 2049, 2048, 2048, 2048, 2049, 2048]","[2048, 2048, 2048, 2048, 2048, 2048, 2048]","[2048, 2048, 2048, 2048, 2048, 2048, 2048]",297.0
1221,9221,24,48,2023-10-08T18:17:36.225000+00:00,32.118,29.123,25.499,232.0,280.0,False,86.74,"[None, 2048, 2048, 2048, 2048, 2048, 2048, 2048, 2048]","[2048, 2048, 2049, 2048, 2048, 2048, 2048]","[2048, 2049, 2048, 2049, 2048, 2048]",291.0
1221,9221,14,48,2023-10-08T18:17:39.303000+00:00,31.899,29.116,25.466,240.0,280.0,False,86.481,"[None, 2048, 2048, 2048, 2049, 2048, 2051, 2048, 2049]","[2049, 2048, 2048, 2048, 2048, 2048, 2049]","[2048, 2048, 2048, 2049, 2048, 2048, 2048]",
1221,9221,31,48,2023-10-08T18:17:44.928000+00:00,32.204,29.02,25.234,234.0,282.0,False,86.458,"[None, 2048, 2048, 2048, 2048, 2048, 2048, 2048, 2049]","[2048, 2049, 2048, 2051, 2048, 2048, 2048]","[2048, 2048, 2048, 2048, 2049, 2049, 2049]",294.0
1221,9221,77,48,2023-10-08T18:17:50.241000+00:00,31.833,29.082,25.774,232.0,280.0,False,86.689,"[None, 2048, 2048, 2049, 2049, 2049, 2049, 2048, 2048]","[2048, 2048, 2048, 2048, 2049, 2048, 2048]","[2048, 2048, 2048, 2048, 2049, 2048, 2048]",295.0
1221,9221,18,48,2023-10-08T18:17:51.866000+00:00,32.21,29.261,25.584,234.0,281.0,False,87.055,"[None, 2048, 2048, 2048, 2048, 2049, 2048, 2048, 2048]","[2048, 2049, 2048, 2048, 2048, 2048, 2048]","[2049, 2048, 2048, 2048, 2048, 2048]",
1221,9221,1,49,2023-10-08T18:17:55.038000+00:00,31.637,29.09,25.25,,278.0,False,85.977,"[None, 2048, 2048, 2048, 2048, 2049, 2048, 2048, 2048]","[2048, 2048, 2048, 2048, 2048, 2048, 2048]","[2048, 2048, 2048, 2048, 2048, 2048, 2048]",305.0
1221,9221,10,48,2023-10-08T18:17:55.912000+00:00,32.241,28.887,25.37,235.0,283.0,False,86.498,"[None, 2048, 2048, 2048, 2048, 2048, 2048, 2048, 2049]","[2049, 2049, 2048, 2048, 2048, 2048, 2049]","[2048, 2048, 2049, 2048, 2048, 2049, 2048]",297.0
1221,9221,11,48,2023-10-08T18:17:58.569000+00:00,31.972,29.039,25.433,,279.0,False,86.444,"[None, 2048, 2048, 2048, 2048, 2049, 2048, 2048, 2048]","[2049, 2049, 2049, 2048, 2049, 2048, 2049]","[2049, 2048, 2048, 2048, 2048, 2048, 2048]",300.0
1221,9221,23,48,2023-10-08T18:18:02.241000+00:00,32.284,29.43,25.741,232.0,276.0,False,87.455,"[None, 2048, 2048, 2048, 2048, 2048, 2048, 2048, 2048]","[2048, 2048, 2048, 2048, 2048, 2048, 2048]","[2048, 2048, 2048, 2048, 2048, 2048, 2048]",309.0
1221,9221,20,48,2023-10-08T18:18:04.225000+00:00,32.365,29.321,25.525,235.0,282.0,False,87.211,"[2048, 2048, 2048, 2048, 2048, 2048, 2048, 2048, 2048]","[2048, 2049, 2048, 2048, 2049, 2048, 2048]","[2048, 2048, 2049, 2048, 2048, 2048, 2048]",298.0
1221,9221,22,48,2023-10-08T18:18:10.709000+00:00,32.572,29.383,25.836,235.0,273.0,False,87.791,"[None, 2048, 2048, 2048, 2049, 2048, 2048, 2048, 2048]","[2048, 2048, 2048, 2049, 2048, 2048, 2048]","[2048, 2048, 2048, 2048, 2048, 2048, 2048]",
1221,9221,63,49,2023-10-08T18:18:20.647000+00:00,31.686,28.876,25.268,235.0,274.0,False,85.83,"[None, 2048, 2048, 2048, 2049, 2048, 2048, 2048, 2048]","[2048, 2048, 2048, 2048, 2048, 2049, 2048]","[2048, 2048, 2049, 2049, 2048, 2048, 2048]",298.0
1221,9221,27,48,2023-10-08T18:18:22.428000+00:00,32.218,29.159,25.904,239.0,284.0,False,87.281,"[None, 2048, 2048, 2048, 2048, 2048, 2049, 2048, 2049]","[2048, 2049, 2048, 2049, 2049, 2048, 2048]","[2048, 2048, 2048, 2048, 2048, 2048, 2048]",306.0
1221,9221,40,48,2023-10-08T18:18:25.600000+00:00,32.878,29.577,25.953,231.0,276.0,False,88.408,"[None, 2048, 2048, 2048, 2048, 2049, 2048, 2048, 2048]","[2048, 2048, 2048, 2049, 2048, 2049, 2048]","[2048, 2048, 2048, 2048, 2048, 2048]",299.0
1221,9221,81,49,2023-10-08T18:18:30.240000+00:00,31.249,28.856,24.993,243.0,279.0,False,85.098,"[None, 2048, 2048, 2048, 2048, 2048, 2048, 2048, 2051]","[2048, 2048, 2048, 2048, 2048, 2048, 2048]","[2049, 2049, 2049, 2049, 2051, 2048, 2048]",308.0
1221,9221,4,49,2023-10-08T18:18:32.100000+00:00,31.457,28.905,24.784,236.0,281.0,False,85.146,"[None, 2048, 2048, 2048, 2048, 2048, 2048, 2048, 2048]","[2048, 2048, 2048, 2048, 2048, 2048, 2049]","[2048, 2048, 2051, 2048, 2048, 2048, 2048]",
1221,9221,16,49,2023-10-08T18:18:55.365000+00:00,31.786,29.0,25.362,235.0,283.0,False,86.148,"[None, 2048, 2048, 2049, 2049, 2049, 2048, 2048, 2048]","[2048, 2048, 2048, 2048, 2048, 2048, 2048]","[2048, 2048, 2048, 2048, 2048, 2048, 2048]",299.0
1221,9221,24,49,2023-10-08T18:19:02.943000+00:00,32.026,29.101,25.522,,279.0,False,86.649,"[None, 2048, 2048, 2048, 2048, 2048, 2048, 2048, 2048]","[2048, 2048, 2048, 2048, 2049, 2048, 2048]","[2048, 2048, 2048, 2048, 2048, 2048, 2048]",292.0
1221,9221,14,49,2023-10-08T18:19:05.755000+00:00,32.188,29.169,25.667,239.0,281.0,False,87.024,"[None, 2048, 2048, 2048, 2048, 2048, 2048, 2048, 2048]","[2049, 2048, 2048, 2048, 2049, 2048, 2048]","[2048, 2048, 2049, 2048, 2048, 2048, 2048]",
1221,9221,31,49,2023-10-08T18:19:11.365000+00:00,32.267,29.164,25.337,232.0,281.0,False,86.768,"[None, 2048, 2048, 2048, 2048, 2049, 2048, 2048, 2048]","[2048, 2048, 2048, 2051, 2048, 2048, 2048]","[2048, 2048, 2048, 2048, 2048, 2048, 2048]",290.0
1221,9221,77,49,2023-10-08T18:19:16.943000+00:00,31.889,28.952,25.845,235.0,280.0,False,86.686,"[None, 2048, 2048, 2048, 2048, 2048, 2048, 2048, 2049]","[2048, 2049, 2049, 2048, 2048, 2048, 2048]","[2048, 2048, 2048, 2048, 2048, 2048, 2048]",
1221,9221,18,49,2023-10-08T18:19:18.927000+00:00,32.275,29.273,25.548,,281.0,False,87.096,"[None, 2048, 2048, 2048, 2048, 2049, 2049, 2048, 2048]","[2048, 2049, 2048, 2048, 2048, 2048, 2048]","[2049, 2049, 2049, 2048, 2048, 2048, 2048]",311.0
1221,9221,1,50,2023-10-08T18:19:20.974000+00:00,31.705,29.125,25.185,238.0,283.0,False,86.015,"[None, 2048, 2048, 2048, 2048, 2048, 2048, 2048, 2048]","[2048, 2049, 2048, 2048, 2048, 2048, 2049]","[2049, 2048, 2048, 2048, 2049, 2048, 2049]",
1221,9221,10,49,2023-10-08T18:19:22.396000+00:00,31.95,28.923,25.437,236.0,282.0,False,86.31,"[None, 2048, 2048, 2048, 2048, 2048, 2048, 2049, 2049]","[2049, 2048, 2048, 2048, 2048, 2048, 2048]","[2048, 2049, 2049, 2048, 2048, 2048, 2048]",
1221,9221,11,49,2023-10-08T18:19:25.021000+00:00,31.954,29.134,25.305,234.0,278.0,False,86.393,"[None, 2048, 2048, 2049, 2048, 2049, 2048, 2048, 2048]","[2048, 2048, 2048, 2048, 2049, 2048, 2048]","[2048, 2048, 2048, 2048, 2049, 2048, 2048]",
1221,9221,23,49,2023-10-08T18:19:29.661000+00:00,31.911,29.314,25.616,233.0,277.0,False,86.841,"[None, 2048, 2048, 2048, 2048, 2048, 2048, 2048, 2048]","[2048, 2048, 2048, 2048, 2048, 2048, 2048]","[2048, 2048, 2048, 2049, 2048, 2048, 2048]",307.0
1221,9221,20,49,2023-10-08T18:19:31.458000+00:00,32.339,29.423,25.64,236.0,282.0,False,87.402,"[None, 2048, 2048, 2048, 2048, 2048, 2048, 2048, 2048]","[2048, 2048, 2048, 2048, 2048, 2048, 2048]","[2048, 2048, 2048, 2048, 2049, 2048, 2048]",300.0
1221,9221,22,49,2023-10-08T18:19:38.505000+00:00,32.654,29.3,25.794,226.0,274.0,False,87.748,"[None, 2048, 2048, 2048, 2048, 2048, 2048, 2048, 2048]","[2048, 2049, 2048, 2048, 2049, 2048, 2048]","[2048, 2048, 2048, 2048, 2048, 2048, 2048]",301.0
1221,9221,63,50,2023-10-08T18:19:46.521000+00:00,31.635,28.952,29.358,238.0,275.0,False,89.945,"[None, 2048, 2048, 2048, 2049, 2049, 2048, 2048, 2049]","[2048, 2048, 2048, 2048, 2048, 2048, 2048]","[2048, 2048, 2049, 2049, 2048, 2048, 2064]",302.0
1221,9221,27,49,2023-10-08T18:19:49.692000+00:00,32.073,29.279,25.85,237.0,283.0,False,87.202,"[None, 2048, 2048, 2048, 2048, 2048, 2048, 2049, 2048]","[2048, 2048, 2048, 2048, 2048, 2048, 2048]","[2048, 2048, 2048, 2048, 2048, 2048, 2048]",301.0
1221,9221,40,49,2023-10-08T18:19:54.036000+00:00,34.686,30.812,26.102,204.0,280.0,False,91.6,"[None, 2048, 2048, 2048, 2048, 2049, 2048, 2048, 2048]","[2048, 2048, 2048, 2048, 2048, 2048, 2049]","[2048, 2048, 2048, 2048, 2048, 2048, 2048]",
1221,9221,81,50,2023-10-08T18:19:55.364000+00:00,31.641,28.736,24.963,241.0,280.0,False,85.34,"[None, 2048, 2048, 2048, 2048, 2048, 2048, 2048, 2048]","[2049, 2048, 2048, 2048, 2048, 2048, 2049]","[2048, 2049, 2048, 2049, 2048, 2048, 2048]",311.0
1221,9221,4,50,2023-10-08T18:19:57.224000+00:00,31.642,28.968,24.774,239.0,281.0,False,85.384,"[None, 2048, 2048, 2048, 2048, 2048, 2048, 2048, 2048]","[2048, 2048, 2048, 2048, 2048, 2048, 2051]","[2048, 2051, 2048, 2051, 2049, 2048, 2049]",
1221,9221,16,50,2023-10-08T18:20:21.520000+00:00,31.86,28.766,25.318,240.0,284.0,False,85.944,"[None, 2048, 2048, 2048, 2048, 2048, 2049, 2048, 2048]","[2049, 2049, 2048, 2051, 2048, 2049, 2048]","[2048, 2048, 2048, 2048, 2048, 2048]",304.0
1221,9221,24,50,2023-10-08T18:20:29.614000+00:00,32.012,29.088,25.434,234.0,280.0,False,86.534,"[None, 2048, 2048, 2048, 2048, 2048, 2048, 2049, 2048]","[2048, 2048, 2048, 2048, 2049, 2048, 2048]","[2048, 2048, 2048, 2049, 2048, 2048, 2048]",
1221,9221,14,50,2023-10-08T18:20:32.801000+00:00,31.8,29.044,25.309,241.0,282.0,False,86.153,"[None, 2048, 2048, 2048, 2048, 2049, 2048, 2049, 2048]","[2049, 2051, 2048, 2048, 2049, 2048, 2049]","[2048, 2048, 2048, 2048, 2049, 2048]",309.0
1221,9221,31,50,2023-10-08T18:20:38.161000+00:00,32.163,29.03,25.274,,279.0,False,86.467,"[None, 2048, 2048, 2048, 2048, 2049, 2048, 2048, 2048]","[2048, 2049, 2048, 2048, 2048, 2049, 2048]","[2048, 2048, 2049, 2048, 2048, 2048, 2048]",
1221,9221,77,50,2023-10-08T18:20:43.629000+00:00,32.074,28.976,26.063,231.0,279.0,False,87.113,"[None, 2048, 2048, 2048, 2048, 2048, 2048, 2048, 2048]","[2048, 2048, 2049, 2048, 2048, 2048, 2048]","[2048, 2048, 2048, 2049, 2049, 2048, 2048]",291.0
1221,9221,18,50,2023-10-08T18:20:46.004000+00:00,32.512,30.606,25.491,232.0,283.0,False,88.609,"[None, 2048, 2048, 2048, 2048, 2048, 2048, 2048, 2048]","[2048, 2048, 2048, 2048, 2048, 2048, 2051]","[2048, 2048, 2048, 2048, 2048, 2048, 2048]",310.0
1221,9221,1,51,2023-10-08T18:20:46.989000+00:00,31.976,29.393,29.35,233.0,284.0,False,90.719,"[2049, 2049, 2049, 2048, 2048, 2048, 2049, 2048, 2048]","[2048, 2048, 2048, 2048, 2048, 2048, 2049]","[2048, 2048, 2048, 2049, 2049, 2048, 2064]",310.0
1221,9221,10,50,2023-10-08T18:20:48.739000+00:00,31.953,29.123,25.443,233.0,283.0,False,86.519,"[None, 2048, 2048, 2049, 2048, 2049, 2048, 2048, 2048]","[2048, 2049, 2048, 2049, 2048, 2048, 2048]","[2048, 2048, 2048, 2048, 2048, 2048, 2049]",295.0
1221,9221,11,50,2023-10-08T18:20:51.395000+00:00,31.755,29.085,25.38,236.0,279.0,False,86.22,"[None, 2048, 2048, 2049, 2049, 2048, 2049, 2049, 2048]","[2049, 2048, 2048, 2048, 2048, 2048, 2049]","[2049, 2048, 2048, 2048, 2048, 2048, 2048]",
1221,9221,23,50,2023-10-08T18:20:56.582000+00:00,32.481,29.253,25.879,234.0,281.0,False,87.613,"[None, 2048, 2048, 2048, 2049, 2048, 2048, 2048, 2048]","[2048, 2049, 2048, 2048, 2048, 2048, 2048]","[2048, 2048, 2048, 2048, 2048, 2048, 2048]",
1221,9221,20,50,2023-10-08T18:20:58.817000+00:00,,29.313,25.634,235.0,283.0,False,87.286,"[None, 2048, 2048, 2048, 2048, 2048, 2048, 2048, 2048]","[2048, 2048, 2048, 2048, 2049, 2048, 2048]","[2048, 2048, 2048, 2048, 2048, 2048, 2048]",299.0
1221,9221,22,50,2023-10-08T18:21:06.223000+00:00,32.571,29.258,25.534,237.0,275.0,False,87.363,"[None, 2048, 2048, 2048, 2048, 2048, 2048, 2048, 2048]","[2049, 2048, 2048, 2048, 2048, 2049, 2048]","[2048, 2048, 2048, 2049, 2048, 2048, 2049]",302.0
1221,9221,63,51,2023-10-08T18:21:16.441000+00:00,53.957,28.744,26.016,236.0,274.0,True,108.717,"[2064, 2064, 2048, 2048, 2048, 2048, 2048, 2048, 2048]","[2051, 2048, 2051, 2048, 2048, 2049, 2048]","[2048, 2048, 2048, 2048, 2048, 2049, 2048]",179.0
1221,9221,27,50,2023-10-08T18:21:16.879000+00:00,32.049,29.184,25.709,,283.0,False,86.942,"[None, 2048, 2048, 2048, 2049, 2049, 2048, 2049, 2048]","[2048, 2048, 2048, 2048, 2048, 2048, 2048]","[2048, 2048, 2048, 2048, 2048, 2048, 2048]",300.0
1221,9221,81,51,2023-10-08T18:21:20.754000+00:00,31.297,28.955,25.074,,279.0,False,85.326,"[None, 2048, 2048, 2048, 2048, 2048, 2048, 2048, 2051]","[2048, 2048, 2048, 2048, 2048, 2048, 2048]","[2048, 2048, 2048, 2048, 2048, 2048]",309.0
1221,9221,4,51,2023-10-08T18:21:22.598000+00:00,31.409,28.936,24.794,237.0,281.0,False,85.139,"[None, 2048, 2048, 2048, 2048, 2048, 2048, 2048, 2048]","[2048, 2048, 2048, 2048, 2048, 2048, 2048]","[2049, 2048, 2051, 2048, 2049, 2048, 2048]",310.0
1221,9221,40,50,2023-10-08T18:21:25.644000+00:00,32.748,29.555,25.753,230.0,276.0,False,88.056,"[None, 2048, 2048, 2049, 2049, 2049, 2048, 2048, 2048]","[2048, 2048, 2048, 2048, 2048, 2049, 2048]","[2048, 2048, 2048, 2048, 2048, 2048]",298.0
1221,9221,16,51,2023-10-08T18:21:47.441000+00:00,31.954,28.913,25.248,238.0,283.0,False,86.115,"[None, 2048, 2048, 2048, 2048, 2048, 2049, 2048, 2048]","[2048, 2048, 2048, 2048, 2048, 2048, 2048]","[2048, 2048, 2048, 2048, 2048, 2049, 2048]",
1221,9221,24,51,2023-10-08T18:21:56.160000+00:00,32.109,29.165,25.544,232.0,279.0,False,86.818,"[None, 2048, 2048, 2048, 2048, 2048, 2048, 2048, 2048]","[2048, 2048, 2048, 2048, 2048, 2048, 2048]","[2048, 2048, 2048, 2048, 2048, 2048, 2048]",289.0
1221,9221,14,51,2023-10-08T18:21:58.972000+00:00,31.751,29.196,25.385,239.0,280.0,False,86.332,"[None, 2048, 2048, 2048, 2048, 2049, 2048, 2049, 2048]","[2048, 2048, 2048, 2048, 2049, 2048, 2048]","[2049, 2049, 2049, 2048, 2048, 2048, 2048]",310.0
1221,9221,31,51,2023-10-08T18:22:04.613000+00:00,32.267,29.257,25.363,234.0,281.0,False,86.887,"[None, 2048, 2048, 2048, 2048, 2048, 2048, 2048, 2048]","[2048, 2049, 2048, 2048, 2048, 2048, 2048]","[2048, 2048, 2048, 2048, 2048, 2048, 2048]",291.0
1221,9221,77,51,2023-10-08T18:22:10.738000+00:00,32.202,28.933,25.996,233.0,280.0,False,87.131,"[None, 2048, 2048, 2048, 2048, 2048, 2048, 2048, 2048]","[2048, 2048, 2048, 2049, 2048, 2048, 2048]","[2048, 2048, 2048, 2048, 2049, 2048, 2048]",295.0
1221,9221,18,51,2023-10-08T18:22:14.628000+00:00,32.148,29.365,25.344,234.0,279.0,False,86.857,"[None, 2048, 2048, 2049, 2049, 2048, 2048, 2049, 2048]","[2048, 2048, 2048, 2048, 2049, 2048, 2048]","[2048, 2049, 2049, 2049, 2048, 2048, 2048]",308.0
1221,9221,10,51,2023-10-08T18:22:15.238000+00:00,32.117,29.156,25.35,234.0,285.0,False,86.623,"[None, 2048, 2048, 2048, 2048, 2048, 2048, 2048, 2048]","[2048, 2048, 2048, 2048, 2048, 2048, 2049]","[2048, 2049, 2049, 2048, 2048, 2048, 2049]",314.0
1221,9221,11,51,2023-10-08T18:22:17.738000+00:00,31.835,29.202,25.443,237.0,278.0,False,86.48,"[None, 2048, 2048, 2048, 2048, 2048, 2049, 2048, 2049]","[2048, 2049, 2048, 2049, 2048, 2048, 2048]","[2048, 2048, 2048, 2048, 2048, 2048, 2049]",302.0
1221,9221,1,52,2023-10-08T18:22:17.941000+00:00,55.733,29.002,25.213,239.0,281.0,True,109.948,"[2064, 2064, 2048, 2048, 2048, 2048, 2048, 2048, 2048]","[2048, 2048, 2048, 2048, 2048, 2048, 2048]","[2048, 2048, 2048, 2048, 2048, 2048, 2048]",173.0
1221,9221,23,51,2023-10-08T18:22:24.144000+00:00,32.099,29.172,25.949,239.0,278.0,False,87.22,"[None, 2048, 2048, 2048, 2048, 2048, 2048, 2048, 2048]","[2049, 2048, 2048, 2048, 2048, 2048, 2048]","[2048, 2048, 2048, 2048, 2048, 2048, 2048]",306.0
1221,9221,20,51,2023-10-08T18:22:26.081000+00:00,32.323,29.542,25.508,236.0,282.0,False,87.373,"[None, 2048, 2048, 2048, 2048, 2048, 2048, 2048, 2048]","[2048, 2048, 2048, 2048, 2049, 2048, 2048]","[2048, 2048, 2049, 2048, 2048, 2048, 2048]",300.0
1221,9221,22,51,2023-10-08T18:22:33.581000+00:00,32.458,29.1,25.747,238.0,274.0,False,87.305,"[None, 2048, 2048, 2048, 2048, 2049, 2048, 2048, 2049]","[2049, 2049, 2049, 2049, 2048, 2048, 2048]","[2048, 2048, 2048, 2048, 2048, 2048, 2048]",301.0
1221,9221,27,51,2023-10-08T18:22:43.815000+00:00,32.124,29.209,25.452,,284.0,False,86.785,"[None, 2048, 2048, 2048, 2048, 2049, 2048, 2048, 2048]","[2048, 2048, 2048, 2048, 2049, 2048, 2048]","[2049, 2049, 2049, 2048, 2048, 2048, 2048]",
1221,9221,81,52,2023-10-08T18:22:45.909000+00:00,31.432,29.056,25.02,240.0,280.0,False,85.508,"[None, 2048, 2048, 2048, 2048, 2048, 2049, 2048, 2048]","[2048, 2048, 2048, 2048, 2048, 2048, 2048]","[2049, 2048, 2048, 2048, 2048, 2048, 2048]",
1221,9221,4,52,2023-10-08T18:22:47.659000+00:00,31.487,28.953,24.84,,282.0,False,85.28,"[None, 2048, 2048, 2048, 2048, 2048, 2049, 2048, 2048]","[2048, 2048, 2048, 2048, 2048, 2048, 2048]","[2049, 2051, 2048, 2048, 2048, 2048, 2048]",
1221,9221,40,51,2023-10-08T18:22:53.690000+00:00,32.943,29.497,25.79,232.0,277.0,False,88.23,"[None, 2048, 2048, 2048, 2048, 2048, 2048, 2048, 2048]","[2048, 2048, 2049, 2048, 2048, 2048, 2048]","[2048, 2048, 2048, 2048, 2048, 2048, 2048]",
1221,9221,63,52,2023-10-08T18:23:05.159000+00:00,31.888,28.717,26.146,239.0,276.0,False,86.751,"[2048, 2048, 2048, 2048, 2049, 2048, 2048, 2048, 2048]","[2051, 2048, 2048, 2049, 2048, 2048, 2048]","[2048, 2048, 2048, 2048, 2048, 2048, 2048]",300.0
1221,9221,16,52,2023-10-08T18:23:13.581000+00:00,32.02,29.034,25.411,237.0,284.0,False,86.465,"[None, 2048, 2048, 2048, 2048, 2048, 2048, 2048, 2048]","[2048, 2048, 2048, 2048, 2048, 2048, 2048]","[2048, 2048, 2048, 2048, 2048, 2048, 2048]",305.0
1221,9221,24,52,2023-10-08T18:23:22.956000+00:00,31.92,29.125,29.555,234.0,280.0,False,90.6,"[None, 2048, 2048, 2048, 2048, 2048, 2048, 2048, 2048]","[2048, 2049, 2048, 2049, 2048, 2048, 2048]","[2049, 2049, 2049, 2049, 2049, 2048, 2064]",298.0
1221,9221,14,52,2023-10-08T18:23:25.268000+00:00,31.78,29.13,25.348,,281.0,False,86.258,"[None, 2048, 2048, 2048, 2048, 2048, 2049, 2049, 2048]","[2049, 2048, 2048, 2049, 2048, 2048, 2048]","[2048, 2048, 2048, 2048, 2049, 2048]",311.0
1221,9221,31,52,2023-10-08T18:23:31.518000+00:00,32.19,29.163,25.453,235.0,278.0,False,86.806,"[None, 2048, 2048, 2048, 2048, 2048, 2048, 2048, 2049]","[2048, 2048, 2048, 2048, 2048, 2048, 2048]","[2048, 2048, 2048, 2048, 2048, 2048, 2048]",292.0
1221,9221,77,52,2023-10-08T18:23:37.862000+00:00,32.406,28.892,25.824,230.0,279.0,False,87.122,"[None, 2048, 2048, 2048, 2048, 2048, 2048, 2048, 2048]","[2049, 2048, 2048, 2048, 2048, 2049, 2048]","[2048, 2048, 2048, 2048, 2048, 2048, 2049]",292.0
1221,9221,18,52,2023-10-08T18:23:41.534000+00:00,34.326,30.18,25.546,228.0,279.0,False,90.052,"[None, 2048, 2048, 2048, 2048, 2048, 2048, 2048, 2048]","[2048, 2048, 2048, 2048, 2048, 2048, 2048]","[2048, 2049, 2048, 2048, 2048, 2048, 2049]",
1221,9221,10,52,2023-10-08T18:23:41.893000+00:00,32.91,29.559,26.589,230.0,280.0,False,89.058,"[2049, 2049, 2049, 2048, 2048, 2048, 2048, 2048, 2048]","[2048, 2048, 2048, 2048, 2048, 2048, 2048]","[2048, 2048, 2048, 2048, 2048, 2048, 2048]",330.0
1221,9221,11,52,2023-10-08T18:23:44.112000+00:00,32.496,29.599,25.668,231.0,283.0,False,87.763,"[None, 2048, 2048, 2048, 2048, 2048, 2048, 2048, 2048]","[2048, 2048, 2048, 2049, 2048, 2048, 2051]","[2048, 2048, 2048, 2048, 2048, 2048, 2049]",303.0
1221,9221,23,52,2023-10-08T18:23:51.346000+00:00,32.488,29.266,25.796,234.0,280.0,False,87.55,"[None, 2048, 2048, 2048, 2048, 2049, 2049, 2048, 2048]","[2048, 2048, 2048, 2048, 2048, 2048, 2048]","[2048, 2048, 2048, 2048, 2048, 2048, 2048]",
1221,9221,20,52,2023-10-08T18:23:53.487000+00:00,32.499,29.767,25.5,222.0,282.0,False,87.766,"[None, 2048, 2048, 2048, 2048, 2048, 2048, 2048, 2048]","[2048, 2048, 2048, 2048, 2048, 2048, 2048]","[2048, 2048, 2049, 2049, 2048, 2048, 2048]",297.0
1221,9221,22,52,2023-10-08T18:24:00.908000+00:00,32.405,29.202,25.577,235.0,272.0,False,87.184,"[None, 2048, 2048, 2048, 2049, 2049, 2048, 2048, 2048]","[2048, 2049, 2048, 2048, 2048, 2048, 2048]","[2048, 2049, 2048, 2048, 2048, 2048, 2048]",
1221,9221,1,53,2023-10-08T18:24:07.658000+00:00,31.418,28.708,25.165,240.0,279.0,False,85.291,"[2048, 2048, 2048, 2049, 2051, 2051, 2049, 2048, 2048]","[2048, 2049, 2048, 2049, 2048, 2049, 2048]","[2048, 2048, 2048, 2048, 2048, 2049, 2049]",305.0
1221,9221,27,52,2023-10-08T18:24:10.658000+00:00,35.324,29.635,25.646,232.0,284.0,False,90.605,"[None, 2048, 2048, 2048, 2048, 2048, 2048, 2048, 2048]","[2048, 2048, 2048, 2048, 2048, 2048, 2048]","[2048, 2048, 2048, 2048, 2048, 2048, 2048]",227.0
1221,9221,81,53,2023-10-08T18:24:11.830000+00:00,31.303,28.89,25.045,241.0,281.0,False,85.238,"[None, 2048, 2048, 2048, 2048, 2048, 2049, 2048, 2048]","[2048, 2048, 2048, 2048, 2048, 2048, 2049]","[2049, 2048, 2048, 2048, 2048, 2048, 2048]",311.0
1221,9221,4,53,2023-10-08T18:24:13.096000+00:00,31.581,28.976,24.729,238.0,281.0,False,85.286,"[None, 2048, 2048, 2048, 2048, 2049, 2051, 2048, 2048]","[2048, 2048, 2048, 2048, 2048, 2048, 2048]","[2048, 2048, 2051, 2048, 2051, 2048, 2048]",311.0
1221,9221,40,52,2023-10-08T18:24:21.892000+00:00,32.52,29.398,25.718,233.0,278.0,False,87.636,"[None, 2048, 2048, 2049, 2049, 2049, 2048, 2048, 2048]","[2048, 2049, 2049, 2049, 2048, 2048, 2048]","[2048, 2048, 2048, 2048, 2049, 2048, 2048]",
1221,9221,63,53,2023-10-08T18:24:31.924000+00:00,31.95,28.666,25.86,237.0,276.0,False,86.476,"[None, 2048, 2048, 2048, 2048, 2049, 2048, 2048, 2048]","[2051, 2049, 2048, 2048, 2048, 2049, 2048]","[2048, 2048, 2048, 2048, 2048, 2048, 2048]",301.0
1221,9221,16,53,2023-10-08T18:24:40.033000+00:00,32.014,29.203,25.451,238.0,284.0,False,86.668,"[None, 2048, 2048, 2048, 2048, 2048, 2048, 2048, 2048]","[2048, 2048, 2048, 2048, 2048, 2048, 2048]","[2048, 2048, 2048, 2048, 2048, 2048, 2048]",304.0
1221,9221,14,53,2023-10-08T18:24:51.423000+00:00,31.684,29.031,25.336,238.0,281.0,False,86.051,"[None, 2048, 2048, 2049, 2049, 2049, 2048, 2048, 2048]","[2048, 2051, 2049, 2048, 2048, 2049, 2048]","[2049, 2048, 2048, 2048, 2048, 2048, 2048]",308.0
1221,9221,24,53,2023-10-08T18:24:53.533000+00:00,54.478,29.183,25.505,237.0,280.0,True,109.166,"[2064, 2064, 2048, 2048, 2048, 2048, 2048, 2048, 2049]","[2048, 2048, 2048, 2048, 2048, 2048, 2048]","[2048, 2048, 2048, 2048, 2048, 2048, 2048]",179.0
1221,9221,31,53,2023-10-08T18:24:58.298000+00:00,32.248,29.304,25.416,232.0,276.0,False,86.968,"[None, 2048, 2048, 2048, 2048, 2048, 2048, 2048, 2048]","[2048, 2048, 2048, 2048, 2048, 2048, 2048]","[2048, 2048, 2048, 2048, 2048, 2048, 2048]",291.0
1221,9221,77,53,2023-10-08T18:25:04.970000+00:00,31.877,29.104,25.924,231.0,279.0,False,86.905,"[None, 2048, 2048, 2048, 2048, 2048, 2048, 2049, 2048]","[2048, 2048, 2048, 2048, 2048, 2048, 2048]","[2048, 2048, 2048, 2048, 2048, 2048]",293.0
1221,9221,10,53,2023-10-08T18:25:10.814000+00:00,34.154,29.661,25.491,232.0,284.0,False,89.306,"[2048, 2048, 2048, 2048, 2048, 2048, 2048, 2048, 2048]","[2048, 2048, 2048, 2048, 2048, 2048, 2048]","[2048, 2048, 2048, 2048, 2048, 2048]",292.0
1221,9221,18,53,2023-10-08T18:25:11.564000+00:00,32.656,29.269,25.299,233.0,279.0,False,87.224,"[None, 2048, 2048, 2048, 2048, 2048, 2048, 2048, 2048]","[2048, 2049, 2048, 2048, 2048, 2048, 2048]","[2048, 2049, 2048, 2049, 2049, 2048]",314.0
1221,9221,11,53,2023-10-08T18:25:11.861000+00:00,32.757,29.588,25.246,227.0,278.0,False,87.591,"[2049, 2048, 2048, 2048, 2048, 2048, 2049, 2048, 2048]","[2048, 2048, 2048, 2048, 2048, 2048, 2048]","[2048, 2048, 2049, 2048, 2048, 2048, 2048]",322.0
1221,9221,23,53,2023-10-08T18:25:18.876000+00:00,32.115,29.474,25.876,239.0,280.0,False,87.465,"[None, 2048, 2048, 2048, 2048, 2049, 2048, 2048, 2048]","[2048, 2048, 2048, 2048, 2048, 2048, 2048]","[2048, 2048, 2048, 2048, 2048, 2048, 2048]",308.0
1221,9221,20,53,2023-10-08T18:25:21.267000+00:00,32.451,29.56,25.528,224.0,281.0,False,87.539,"[None, 2048, 2048, 2048, 2048, 2048, 2048, 2049, 2048]","[2048, 2048, 2048, 2048, 2048, 2048, 2048]","[2048, 2048, 2048, 2049, 2048, 2048, 2048]",298.0
1221,9221,22,53,2023-10-08T18:25:28.095000+00:00,32.39,29.082,25.732,233.0,273.0,False,87.204,"[None, 2048, 2048, 2048, 2048, 2049, 2048, 2048, 2048]","[2048, 2048, 2048, 2048, 2049, 2048, 2048]","[2048, 2048, 2048, 2048, 2048, 2048, 2048]",
1221,9221,1,54,2023-10-08T18:25:32.939000+00:00,31.31,28.662,25.065,242.0,281.0,False,85.037,"[None, 2048, 2048, 2048, 2051, 2048, 2048, 2051, 2049]","[2049, 2048, 2048, 2048, 2049, 2048, 2048]","[2048, 2048, 2048, 2048, 2048, 2048, 2048]",304.0
1221,9221,81,54,2023-10-08T18:25:36.860000+00:00,31.292,28.952,24.973,240.0,280.0,False,85.217,"[None, 2048, 2048, 2048, 2048, 2048, 2048, 2048, 2048]","[2048, 2048, 2048, 2048, 2048, 2048, 2048]","[2048, 2048, 2048, 2049, 2048, 2048, 2048]",309.0
1221,9221,4,54,2023-10-08T18:25:38.329000+00:00,31.402,28.999,24.816,237.0,280.0,False,85.217,"[None, 2048, 2048, 2048, 2048, 2048, 2048, 2048, 2048]","[2048, 2048, 2048, 2048, 2048, 2048, 2049]","[2048, 2048, 2048, 2048, 2048, 2048, 2048]",310.0
1221,9221,27,53,2023-10-08T18:25:41.235000+00:00,31.945,29.279,25.363,240.0,284.0,False,86.587,"[None, 2048, 2048, 2048, 2048, 2049, 2049, 2049, 2048]","[2048, 2049, 2048, 2049, 2048, 2049, 2048]","[2049, 2049, 2049, 2049, 2048, 2048, 2048]",309.0
1221,9221,40,53,2023-10-08T18:25:49.548000+00:00,32.773,29.398,25.694,235.0,277.0,False,87.865,"[None, 2048, 2048, 2048, 2048, 2049, 2049, 2048, 2049]","[2049, 2049, 2048, 2049, 2048, 2048, 2048]","[2048, 2048, 2048, 2048, 2048, 2048, 2048]",294.0
1221,9221,63,54,2023-10-08T18:25:58.423000+00:00,32.519,30.272,27.148,234.0,267.0,False,89.939,"[None, 2048, 2048, 2048, 2048, 2048, 2048, 2048, 2048]","[2048, 2048, 2048, 2048, 2048, 2048, 2048]","[2048, 2048, 2048, 2048, 2048, 2048, 2048]",
1221,9221,16,54,2023-10-08T18:26:06.673000+00:00,32.119,29.127,25.475,237.0,284.0,False,86.721,"[None, 2048, 2048, 2048, 2048, 2048, 2048, 2048, 2048]","[2048, 2048, 2048, 2048, 2048, 2048, 2048]","[2048, 2048, 2048, 2048, 2048, 2048, 2048]",303.0
1221,9221,14,54,2023-10-08T18:26:17.563000+00:00,31.687,29.133,25.459,237.0,281.0,False,86.279,"[None, 2048, 2048, 2048, 2049, 2049, 2048, 2048, 2048]","[2048, 2048, 2048, 2048, 2048, 2049, 2048]","[2048, 2048, 2048, 2048, 2049, 2048, 2048]",
1221,9221,31,54,2023-10-08T18:26:25.172000+00:00,32.388,29.245,25.456,236.0,281.0,False,87.089,"[None, 2048, 2048, 2048, 2048, 2048, 2048, 2048, 2048]","[2048, 2048, 2048, 2048, 2048, 2048, 2048]","[2048, 2048, 2048, 2048, 2048, 2048, 2048]",292.0
1221,9221,77,54,2023-10-08T18:26:31.782000+00:00,31.925,29.035,25.692,235.0,280.0,False,86.652,"[None, 2048, 2048, 2048, 2048, 2048, 2049, 2048, 2048]","[2048, 2048, 2048, 2048, 2048, 2048, 2048]","[2048, 2048, 2048, 2048, 2048, 2049, 2049]",295.0
1221,9221,18,54,2023-10-08T18:26:38.672000+00:00,32.03,29.112,25.395,234.0,280.0,False,86.537,"[None, 2048, 2048, 2048, 2049, 2049, 2048, 2049, 2048]","[2048, 2051, 2048, 2049, 2048, 2049, 2048]","[2048, 2048, 2048, 2048, 2048, 2048, 2048]",308.0
1221,9221,11,54,2023-10-08T18:26:39.469000+00:00,32.055,29.457,25.501,230.0,278.0,False,87.013,"[2048, 2048, 2048, 2048, 2048, 2048, 2048, 2048, 2048]","[2048, 2048, 2048, 2048, 2048, 2048, 2048]","[2048, 2048, 2048, 2048, 2048, 2048, 2048]",323.0
1221,9221,10,54,2023-10-08T18:26:40.125000+00:00,32.014,29.193,25.495,238.0,285.0,False,86.702,"[None, 2048, 2048, 2048, 2048, 2048, 2048, 2048, 2048]","[2048, 2049, 2048, 2049, 2048, 2048, 2049]","[2048, 2048, 2048, 2048, 2048, 2048, 2048]",317.0
1221,9221,24,54,2023-10-08T18:26:42.672000+00:00,31.842,29.057,25.424,,281.0,False,86.323,"[2048, 2048, 2048, 2048, 2048, 2048, 2049, 2048, 2049]","[2048, 2049, 2048, 2049, 2048, 2049, 2049]","[2048, 2048, 2048, 2048, 2049, 2048, 2049]",300.0
1221,9221,23,54,2023-10-08T18:26:46.375000+00:00,32.513,29.089,25.636,236.0,278.0,False,87.238,"[None, 2048, 2048, 2048, 2048, 2048, 2049, 2048, 2048]","[2048, 2048, 2049, 2048, 2048, 2048, 2048]","[2048, 2048, 2048, 2048, 2048, 2048, 2048]",307.0
1221,9221,20,54,2023-10-08T18:26:48.781000+00:00,32.433,29.603,26.017,230.0,283.0,False,88.053,"[None, 2048, 2048, 2048, 2048, 2048, 2048, 2049, 2048]","[2048, 2048, 2048, 2048, 2048, 2048, 2048]","[2048, 2048, 2048, 2048, 2048, 2048, 2048]",299.0
1221,9221,22,54,2023-10-08T18:26:55.281000+00:00,32.581,29.174,27.275,,274.0,False,89.03,"[None, 2048, 2048, 2048, 2048, 2048, 2048, 2048, 2048]","[2048, 2048, 2048, 2048, 2049, 2048, 2048]","[2048, 2048, 2049, 2048, 2048, 2048, 2048]",302.0
1221,9221,1,55,2023-10-08T18:26:58+00:00,31.517,28.772,24.934,,281.0,False,85.223,"[None, 2048, 2048, 2048, 2048, 2048, 2048, 2048, 2048]","[2048, 2048, 2048, 2049, 2048, 2048, 2049]","[2048, 2048, 2048, 2048, 2048, 2051, 2051]",308.0
1221,9221,81,55,2023-10-08T18:27:01.984000+00:00,31.406,28.988,24.973,243.0,279.0,False,85.367,"[None, 2048, 2048, 2048, 2048, 2048, 2048, 2048, 2048]","[2048, 2048, 2048, 2048, 2048, 2048, 2048]","[2048, 2048, 2048, 2048, 2048, 2048, 2049]",308.0
1221,9221,4,55,2023-10-08T18:27:03.562000+00:00,31.43,29.01,24.77,236.0,281.0,False,85.21,"[None, 2048, 2048, 2048, 2048, 2049, 2051, 2048, 2048]","[2048, 2048, 2048, 2049, 2048, 2048, 2049]","[2049, 2051, 2048, 2048, 2051, 2048, 2048]",309.0
1221,9221,27,54,2023-10-08T18:27:07.812000+00:00,32.178,29.386,25.529,236.0,283.0,False,87.093,"[None, 2048, 2048, 2048, 2048, 2048, 2048, 2048, 2048]","[2048, 2048, 2048, 2048, 2048, 2048, 2048]","[2048, 2048, 2048, 2048, 2048, 2048, 2048]",302.0
1221,9221,40,54,2023-10-08T18:27:17.422000+00:00,32.368,29.195,25.55,236.0,276.0,False,87.113,"[None, 2048, 2048, 2048, 2049, 2049, 2048, 2049, 2049]","[2048, 2048, 2049, 2049, 2049, 2048, 2048]","[2049, 2048, 2048, 2048, 2048, 2049, 2048]",295.0
1221,9221,63,55,2023-10-08T18:27:28.328000+00:00,32.062,29.328,25.66,225.0,280.0,False,87.05,"[None, 2048, 2048, 2051, 2051, 2049, 2049, 2048, 2048]","[2048, 2048, 2048, 2048, 2048, 2048, 2048]","[2048, 2048, 2048, 2048, 2048, 2048, 2048]",300.0
1221,9221,16,55,2023-10-08T18:27:33.468000+00:00,31.677,29.105,25.031,239.0,284.0,False,85.813,"[None, 2048, 2048, 2048, 2048, 2048, 2049, 2049, 2048]","[2048, 2048, 2048, 2048, 2048, 2048, 2048]","[2049, 2048, 2049, 2049, 2051, 2048, 2048]",306.0
1221,9221,14,55,2023-10-08T18:27:43.843000+00:00,31.695,29.025,25.59,238.0,280.0,False,86.31,"[None, 2048, 2048, 2048, 2048, 2048, 2048, 2049, 2048]","[2048, 2049, 2049, 2048, 2048, 2048, 2048]","[2048, 2048, 2048, 2048, 2048, 2048, 2048]",
1221,9221,31,55,2023-10-08T18:27:52.374000+00:00,32.155,29.221,25.864,237.0,277.0,False,87.24,"[None, 2048, 2048, 2048, 2048, 2049, 2048, 2048, 2048]","[2048, 2048, 2048, 2048, 2048, 2048, 2048]","[2048, 2048, 2048, 2048, 2048, 2048, 2048]",293.0
1221,9221,77,55,2023-10-08T18:27:58.531000+00:00,31.919,29.122,25.888,234.0,280.0,False,86.929,"[None, 2048, 2048, 2048, 2048, 2048, 2048, 2048, 2048]","[2048, 2048, 2048, 2048, 2048, 2048, 2048]","[2048, 2048, 2049, 2048, 2048, 2048, 2048]",296.0
1221,9221,18,55,2023-10-08T18:28:05.297000+00:00,31.983,29.099,25.27,232.0,279.0,False,86.352,"[None, 2048, 2048, 2049, 2049, 2049, 2048, 2049, 2048]","[2048, 2048, 2048, 2048, 2049, 2048, 2048]","[2048, 2048, 2049, 2049, 2049, 2048, 2048]",
1221,9221,11,55,2023-10-08T18:28:06.499000+00:00,33.113,29.563,25.332,229.0,275.0,False,88.008,"[None, 2048, 2048, 2048, 2048, 2048, 2048, 2048, 2048]","[2048, 2048, 2048, 2048, 2048, 2048, 2048]","[2048, 2049, 2048, 2048, 2048, 2048, 2048]",308.0
1221,9221,10,55,2023-10-08T18:28:06.921000+00:00,31.823,28.847,25.123,235.0,283.0,False,85.793,"[None, 2048, 2049, 2048, 2048, 2048, 2048, 2048, 2048]","[2048, 2048, 2048, 2048, 2048, 2048, 2048]","[2049, 2049, 2049, 2049, 2049, 2048]",329.0
1221,9221,24,55,2023-10-08T18:28:09.046000+00:00,32.042,29.189,25.452,235.0,281.0,False,86.683,"[None, 2048, 2048, 2048, 2048, 2049, 2049, 2048, 2048]","[2048, 2048, 2048, 2049, 2048, 2048, 2048]","[2048, 2048, 2048, 2048, 2048, 2048, 2049]",298.0
1221,9221,23,55,2023-10-08T18:28:13.624000+00:00,32.057,29.443,25.792,238.0,278.0,False,87.292,"[None, 2048, 2048, 2048, 2048, 2048, 2048, 2048, 2048]","[2048, 2049, 2048, 2048, 2048, 2048, 2048]","[2048, 2048, 2049, 2048, 2048, 2048, 2048]",
1221,9221,20,55,2023-10-08T18:28:16.843000+00:00,32.55,29.521,25.744,226.0,280.0,False,87.815,"[None, 2048, 2048, 2048, 2048, 2049, 2048, 2049, 2048]","[2048, 2048, 2048, 2048, 2048, 2048, 2048]","[2048, 2048, 2048, 2048, 2048, 2048, 2048]",295.0
1221,9221,1,56,2023-10-08T18:28:23.218000+00:00,30.765,28.669,24.885,243.0,282.0,False,84.319,"[2049, 2049, 2049, 2049, 2049, 2048, 2048, 2051, 2049]","[2049, 2048, 2048, 2049, 2048, 2049, 2049]","[2048, 2048, 2048, 2048, 2049, 2051, 2048]",327.0
1221,9221,22,55,2023-10-08T18:28:24.327000+00:00,32.376,29.329,25.469,234.0,274.0,False,87.174,"[None, 2048, 2048, 2048, 2048, 2049, 2049, 2049, 2048]","[2048, 2048, 2048, 2048, 2048, 2048, 2048]","[2048, 2049, 2048, 2048, 2049, 2048, 2048]",307.0
1221,9221,81,56,2023-10-08T18:28:27.343000+00:00,31.366,29.037,25.132,237.0,279.0,False,85.535,"[None, 2048, 2048, 2048, 2048, 2049, 2048, 2048, 2048]","[2048, 2048, 2048, 2048, 2048, 2048, 2048]","[2048, 2049, 2048, 2048, 2048, 2048, 2049]",310.0
1221,9221,4,56,2023-10-08T18:28:28.749000+00:00,31.352,29.08,24.816,235.0,281.0,False,85.248,"[None, 2048, 2048, 2048, 2048, 2048, 2048, 2048, 2048]","[2048, 2048, 2048, 2048, 2048, 2048, 2049]","[2048, 2048, 2048, 2048, 2048, 2048]",311.0
1221,9221,27,55,2023-10-08T18:28:34.921000+00:00,32.038,29.468,25.554,,283.0,False,87.06,"[None, 2048, 2048, 2048, 2048, 2048, 2048, 2048, 2048]","[2048, 2048, 2048, 2048, 2048, 2048, 2048]","[2048, 2048, 2048, 2048, 2048, 2048, 2048]",
1221,9221,40,55,2023-10-08T18:28:44.561000+00:00,32.428,29.296,25.742,235.0,277.0,False,87.466,"[None, 2048, 2048, 2048, 2048, 2048, 2049, 2048, 2048]","[2048, 2048, 2048, 2048, 2048, 2048, 2048]","[2048, 2048, 2048, 2048, 2048, 2048, 2048]",297.0
1221,9221,63,56,2023-10-08T18:28:55.405000+00:00,31.819,28.904,25.533,241.0,281.0,False,86.256,"[None, 2048, 2048, 2048, 2048, 2048, 2048, 2048, 2049]","[2048, 2048, 2048, 2051, 2048, 2048, 2048]","[2048, 2048, 2048, 2048, 2048, 2048, 2048]",
1221,9221,16,56,2023-10-08T18:28:59.249000+00:00,32.332,29.577,26.179,238.0,284.0,False,88.088,"[None, 2048, 2048, 2048, 2048, 2048, 2048, 2048, 2048]","[2048, 2048, 2048, 2048, 2048, 2048, 2048]","[2048, 2048, 2048, 2048, 2048, 2048, 2048]",308.0
1221,9221,14,56,2023-10-08T18:29:10.155000+00:00,31.709,29.046,25.392,240.0,281.0,False,86.147,"[None, 2048, 2048, 2048, 2048, 2048, 2048, 2048, 2048]","[2049, 2051, 2048, 2048, 2049, 2048, 2048]","[2048, 2048, 2048, 2048, 2049, 2048, 2048]",
1221,9221,31,56,2023-10-08T18:29:19.608000+00:00,32.343,29.214,25.851,234.0,277.0,False,87.408,"[None, 2048, 2048, 2048, 2049, 2048, 2048, 2048, 2048]","[2048, 2048, 2048, 2048, 2048, 2048, 2048]","[2048, 2048, 2048, 2048, 2048, 2048, 2048]",
1221,9221,77,56,2023-10-08T18:29:25.483000+00:00,31.991,29.299,26.018,232.0,279.0,False,87.308,"[None, 2048, 2048, 2048, 2048, 2048, 2048, 2048, 2048]","[2048, 2048, 2048, 2048, 2049, 2048, 2048]","[2048, 2048, 2048, 2048, 2048, 2048, 2048]",294.0
1221,9221,18,56,2023-10-08T18:29:31.655000+00:00,32.068,29.255,25.295,233.0,279.0,False,86.618,"[None, 2048, 2048, 2049, 2048, 2048, 2049, 2048, 2048]","[2048, 2048, 2048, 2048, 2048, 2048, 2048]","[2048, 2048, 2048, 2049, 2048, 2048, 2049]",306.0
1221,9221,10,56,2023-10-08T18:29:32.655000+00:00,32.07,29.007,25.253,234.0,283.0,False,86.33,"[None, 2048, 2048, 2048, 2048, 2049, 2049, 2048, 2048]","[2048, 2048, 2048, 2048, 2048, 2048, 2048]","[2048, 2048, 2048, 2048, 2048, 2048, 2048]",297.0
1221,9221,11,56,2023-10-08T18:29:34.483000+00:00,32.216,29.351,25.278,232.0,277.0,False,86.845,"[None, 2048, 2048, 2048, 2048, 2048, 2048, 2048, 2048]","[2048, 2049, 2048, 2048, 2048, 2048, 2048]","[2048, 2048, 2048, 2048, 2048, 2048, 2048]",298.0
1221,9221,24,56,2023-10-08T18:29:35.764000+00:00,31.917,29.303,25.481,234.0,285.0,False,86.701,"[None, 2048, 2048, 2048, 2048, 2049, 2049, 2048, 2048]","[2048, 2048, 2048, 2048, 2048, 2048, 2049]","[2049, 2048, 2048, 2048, 2048, 2048, 2049]",302.0
1221,9221,23,56,2023-10-08T18:29:40.904000+00:00,32.055,29.284,25.434,240.0,282.0,False,86.773,"[None, 2048, 2048, 2048, 2048, 2048, 2049, 2048, 2049]","[2048, 2048, 2048, 2048, 2048, 2048, 2048]","[2048, 2049, 2049, 2048, 2048, 2048, 2048]",
1221,9221,20,56,2023-10-08T18:29:44.654000+00:00,32.528,29.928,27.454,234.0,277.0,False,89.91,"[None, 2048, 2048, 2048, 2048, 2048, 2048, 2048, 2048]","[2048, 2048, 2048, 2048, 2048, 2048, 2048]","[2048, 2048, 2048, 2048, 2048, 2048, 2048]",293.0
1221,9221,1,57,2023-10-08T18:29:47.467000+00:00,31.701,28.96,25.142,237.0,281.0,False,85.803,"[2048, 2048, 2048, 2048, 2048, 2048, 2048, 2048, 2048]","[2048, 2048, 2048, 2048, 2048, 2048, 2048]","[2048, 2048, 2048, 2048, 2048, 2048]",307.0
1221,9221,22,56,2023-10-08T18:29:51.561000+00:00,35.338,29.73,25.714,232.0,274.0,False,90.782,"[None, 2048, 2048, 2048, 2048, 2048, 2048, 2048, 2048]","[2048, 2048, 2048, 2048, 2048, 2048, 2048]","[2048, 2048, 2048, 2048, 2048, 2048, 2048]",302.0
1221,9221,81,57,2023-10-08T18:29:52.889000+00:00,31.56,28.812,24.899,241.0,281.0,False,85.271,"[None, 2048, 2048, 2048, 2048, 2048, 2048, 2048, 2048]","[2048, 2048, 2048, 2048, 2048, 2048, 2049]","[2048, 2049, 2048, 2048, 2049, 2048, 2048]",311.0
1221,9221,4,57,2023-10-08T18:29:53.998000+00:00,31.477,29.033,24.788,236.0,282.0,False,85.298,"[None, 2048, 2048, 2048, 2048, 2048, 2048, 2048, 2048]","[2048, 2048, 2048, 2048, 2049, 2048, 2049]","[2049, 2051, 2048, 2048, 2051, 2048, 2048]",
1221,9221,27,56,2023-10-08T18:30:01.967000+00:00,31.914,29.276,25.254,237.0,283.0,False,86.444,"[None, 2048, 2048, 2048, 2049, 2048, 2048, 2049, 2048]","[2048, 2048, 2048, 2048, 2048, 2048, 2048]","[2049, 2049, 2049, 2048, 2048, 2048, 2048]",303.0
1221,9221,40,56,2023-10-08T18:30:11.982000+00:00,32.881,29.535,26.027,234.0,276.0,False,88.443,"[None, 2048, 2048, 2048, 2048, 2048, 2048, 2048, 2048]","[2048, 2048, 2048, 2048, 2048, 2048, 2048]","[2048, 2048, 2048, 2048, 2048, 2048, 2048]",296.0
1221,9221,63,57,2023-10-08T18:30:21.638000+00:00,31.847,28.826,25.131,243.0,281.0,False,85.804,"[None, 2048, 2048, 2048, 2048, 2048, 2048, 2048, 2048]","[2048, 2049, 2048, 2048, 2049, 2048, 2048]","[2049, 2048, 2049, 2049, 2049, 2048, 2048]",
1221,9221,16,57,2023-10-08T18:30:27.326000+00:00,31.409,28.749,24.834,244.0,284.0,False,84.992,"[None, 2048, 2048, 2049, 2049, 2049, 2051, 2049, 2048]","[2048, 2051, 2048, 2051, 2049, 2048, 2048]","[2051, 2049, 2049, 2048, 2051, 2048, 2048]",306.0
1221,9221,14,57,2023-10-08T18:30:36.310000+00:00,31.631,29.0,25.414,241.0,280.0,False,86.045,"[None, 2048, 2048, 2048, 2048, 2048, 2048, 2049, 2049]","[2048, 2048, 2048, 2048, 2049, 2048, 2048]","[2048, 2048, 2048, 2048, 2049, 2048, 2048]",
1221,9221,31,57,2023-10-08T18:30:47.013000+00:00,32.803,29.726,26.17,213.0,276.0,False,88.699,"[None, 2048, 2048, 2048, 2048, 2048, 2048, 2048, 2048]","[2048, 2048, 2048, 2048, 2048, 2048, 2048]","[2048, 2048, 2048, 2048, 2048, 2048]",
1221,9221,77,57,2023-10-08T18:30:52.779000+00:00,32.131,29.012,25.96,235.0,280.0,False,87.103,"[None, 2048, 2048, 2048, 2048, 2048, 2048, 2048, 2048]","[2048, 2049, 2048, 2049, 2048, 2048, 2048]","[2048, 2048, 2048, 2048, 2048, 2048, 2048]",298.0
1221,9221,18,57,2023-10-08T18:30:58.263000+00:00,32.02,29.184,25.5,232.0,278.0,False,86.704,"[None, 2048, 2048, 2048, 2048, 2048, 2048, 2049, 2048]","[2048, 2048, 2048, 2048, 2048, 2048, 2048]","[2048, 2048, 2048, 2048, 2048, 2048]",308.0
1221,9221,10,57,2023-10-08T18:30:59.044000+00:00,31.907,29.335,25.329,232.0,284.0,False,86.571,"[None, 2048, 2048, 2048, 2048, 2048, 2049, 2048, 2048]","[2048, 2048, 2048, 2048, 2048, 2048, 2048]","[2049, 2048, 2048, 2048, 2048, 2048, 2048]",315.0
1221,9221,11,57,2023-10-08T18:31:01.325000+00:00,32.224,29.517,25.442,,276.0,False,87.183,"[None, 2048, 2048, 2048, 2048, 2049, 2048, 2048, 2048]","[2048, 2048, 2048, 2048, 2048, 2048, 2048]","[2048, 2048, 2048, 2048, 2048, 2048, 2048]",
1221,9221,24,57,2023-10-08T18:31:02.388000+00:00,32.116,29.424,25.505,232.0,284.0,False,87.045,"[None, 2048, 2048, 2048, 2048, 2048, 2048, 2048, 2048]","[2048, 2048, 2048, 2049, 2048, 2048, 2048]","[2049, 2048, 2048, 2048, 2049, 2048]",301.0
1221,9221,23,57,2023-10-08T18:31:07.653000+00:00,31.873,29.331,25.462,243.0,285.0,False,86.666,"[None, 2048, 2048, 2048, 2048, 2048, 2048, 2048, 2048]","[2048, 2048, 2048, 2049, 2048, 2048, 2049]","[2048, 2048, 2048, 2049, 2048, 2048, 2048]",
1221,9221,1,58,2023-10-08T18:31:13.247000+00:00,,,,,,False,,"[None, 2048, 2048, 2048, 2048, 2048, 2048, 2048, 2048]","[2048, 2048, 2048, 2048, 2048, 2048, 2048]",[2048],
1221,9221,20,57,2023-10-08T18:31:14.575000+00:00,,,,,,False,,"[None, 2048, 2048, 2048, 2048, 2048, 2048, 2048, 2048]","[2048, 2048, 2048, 2048, 2048, 2048, 2048]",[2048],
