meeting_key,session_key,driver_number,lap_number,date_start,duration_sector_1,duration_sector_2,duration_sector_3,i1_speed,i2_speed,is_pit_out_lap,lap_duration,segments_sector_1,segments_sector_2,segments_sector_3,st_speed
1215,9133,16,1,2023-07-23T13:03:06.133000+00:00,35.646,32.027,24.014,259.0,231.0,False,91.687,"[2049, 2049, 2049, 2049, 2049, 2049, 2049]","[2049, 2049, 2049, 2049, 2049, 2049, 2049, 2049]","[2049, 2049, 2049, 2049, 2049]",263.0
1215,9133,77,1,2023-07-23T13:03:06.133000+00:00,37.393,33.595,24.605,271.0,232.0,False,95.593,"[2049, 2049, 2049, 2049, 2049, 2049, 2049]","[2049, 2049, 2049, 2049, 2049, 2049, 2049, 2049]","[2049, 2049, 2049, 2049, 0]",250.0
1215,9133,11,1,2023-07-23T13:03:06.133000+00:00,36.451,32.628,24.342,253.0,229.0,False,93.421,"[2049, 2049, 2049, 2049, 2049, 2049, 2049]","[2049, 2049, 2049, 2049, 2049, 2049, 2049, 2049]","[2049, 2049, 2049, 2049, 2051]",256.0
1215,9133,14,1,2023-07-23T13:03:06.133000+00:00,36.224,32.308,24.373,252.0,229.0,False,92.905,"[2049, 2049, 2049, 2049, 2049, 2049, 2049]","[2049, 2049, 2049, 2049, 2049, 2049, 2049, 2049]","[2049, 2049, 2049, 2049, 2049]",258.0
1215,9133,44,1,2023-07-23T13:03:06.133000+00:00,35.264,31.88,23.746,271.0,231.0,False,90.89,"[None, 2049, 2049, 2049, 2049, 2049, 2049]","[2049, 2049, 2049, 2049, 2049, 2049, 2049, 2049]","[2049, 2049, 2049, 2049, 0]",241.0
1215,9133,55,1,2023-07-23T13:03:06.133000+00:00,35.957,32.012,24.155,266.0,233.0,False,92.124,"[2049, 2049, 2049, 2049, 2049, 2049, 2049]","[2049, 2049, 2049, 2049, 2049, 2049, 2049, 2049]","[2049, 2049, 2049, 2049, 2049]",261.0
1215,9133,27,1,2023-07-23T13:03:06.133000+00:00,37.021,32.518,24.382,270.0,230.0,False,93.921,"[2049, 2049, 2049, 2049, 2049, 2049, 2049]","[2049, 2049, 2049, 2049, 2049, 2049, 2049, 2049]","[2049, 2049, 2049, 2049, 2049]",265.0
1215,9133,1,1,2023-07-23T13:03:06.133000+00:00,34.384,30.37,23.495,274.0,235.0,False,88.249,"[None, 2049, 2049, 2051, 2049, 2049, 2049]","[2051, 2051, 2051, 2051, 2049, 2051, 2049, 2049]","[2049, 2051, 2051, 2049, 2051]",243.0
1215,9133,31,1,2023-07-23T13:03:06.133000+00:00,46.887,34.912,25.512,212.0,208.0,False,107.311,"[2049, 2049, 2049, 2049, 2049, 2049, 2049]","[2049, 2049, 2049, 2049, 2049, 2049, 2049, 2049]","[2049, 2049, 2049, 2049, 0]",269.0
1215,9133,4,1,2023-07-23T13:03:06.133000+00:00,35.227,31.302,23.736,273.0,237.0,False,90.265,"[None, 2049, 2049, 2049, 2051, 2049, 2049]","[2049, 2049, 2049, 2049, 2049, 2049, 2049, 2051]","[2049, 2049, 2049, 2049, 2049]",252.0
1215,9133,24,1,2023-07-23T13:03:06.133000+00:00,38.642,34.025,24.426,252.0,228.0,False,97.093,"[2048, 2049, 2049, 2049, 2049, 2049, 2049]","[2049, 2049, 2049, 2049, 2049, 2049, 2049, 2049]","[2049, 2049, 2049, 2049, 2051]",254.0
1215,9133,3,1,2023-07-23T13:03:06.133000+00:00,40.936,32.713,24.834,276.0,227.0,False,98.483,"[2049, 2049, 2049, 2049, 2049, 2049, 2049]","[2049, 2049, 2049, 2049, 2049, 2049, 2049, 2049]","[2049, 2049, 2049, 2049, 0]",265.0
1215,9133,18,1,2023-07-23T13:03:06.133000+00:00,37.3,32.662,24.396,279.0,231.0,False,94.358,"[2049, 2049, 2049, 2049, 2049, 2049, 2049]","[2049, 2049, 2049, 2049, 2049, 2049, 2049, 2049]","[2049, 2049, 2049, 2049, 0]",270.0
1215,9133,81,1,2023-07-23T13:03:06.133000+00:00,34.665,30.676,23.689,277.0,234.0,False,89.03,"[None, 2049, 2051, 2049, 2049, 2051, 2051]","[2049, 2049, 2049, 2049, 2051, 2049, 2051, 2049]","[2051, 2049, 2049, 2051, 0]",256.0
1215,9133,10,1,2023-07-23T13:03:06.133000+00:00,47.413,41.231,36.698,187.0,183.0,False,125.342,"[2049, 2049, 2049, 2049, 2049, 2049, 2049]","[2049, 2049, 2049, 2049, 2049, 2049, 2049, 2049]","[2049, 2049, 2049, 2064, 2064]",262.0
1215,9133,23,1,2023-07-23T13:03:06.133000+00:00,37.76,34.602,24.512,230.0,229.0,False,96.874,"[2049, 2049, 2049, 2049, 2049, 2049, 2049]","[2049, 2049, 2049, 2049, 2049, 2049, 2049, 2049]","[2049, 2049, 2049, 2049, 0]",273.0
1215,9133,22,1,2023-07-23T13:03:06.133000+00:00,37.542,32.979,24.556,243.0,231.0,False,95.077,"[2049, 2049, 2049, 2049, 2049, 2049, 2049]","[2049, 2049, 2049, 2049, 2049, 2049, 2049, 2049]","[2049, 2049, 2049, 2049, 0]",277.0
1215,9133,63,1,2023-07-23T13:03:06.133000+00:00,38.303,33.469,24.508,255.0,233.0,False,96.28,"[2049, 2049, 2049, 2049, 2049, 2049, 2049]","[2049, 2049, 2049, 2049, 2049, 2049, 2049, 2049]","[2049, 2049, 2049, 2049, 0]",281.0
1215,9133,20,1,2023-07-23T13:03:06.133000+00:00,38.05,33.369,24.611,241.0,225.0,False,96.03,"[2049, 2049, 2049, 2049, 2049, 2049, 2049]","[2049, 2049, 2049, 2049, 2049, 2049, 2049, 2049]","[2049, 2049, 2049, 2049, 0]",283.0
1215,9133,2,1,2023-07-23T13:03:06.133000+00:00,38.906,34.089,24.77,237.0,225.0,False,97.765,"[2049, 2049, 2049, 2049, 2049, 2049, 2049]","[2049, 2049, 2049, 2049, 2049, 2049, 2049, 2049]","[2049, 2049, 2049, 2049, 0]",282.0
1215,9133,1,2,2023-07-23T13:04:34.381000+00:00,30.527,30.848,23.782,272.0,229.0,False,85.157,"[2049, 2049, 2049, 2048, 2049, 2048, 2048]","[2051, 2048, 2048, 2048, 2048, 2048, 2048, 2048]","[2048, 2048, 2048, 2048]",285.0
1215,9133,81,2,2023-07-23T13:04:35.162000+00:00,30.599,30.983,24.035,276.0,235.0,False,85.617,"[2049, 2049, 2049, 2048, 2048, 2048, 2048]","[2049, 2048, 2048, 2048, 2048, 2048, 2048, 2048]","[2048, 2048, 2048, 2048, 2048]",288.0
1215,9133,4,2,2023-07-23T13:04:36.397000+00:00,30.556,31.161,24.103,276.0,233.0,False,85.82,"[2049, 2049, 2051, 2048, 2048, 2049, 2049]","[2049, 2048, 2048, 2049, 2049, 2048, 2048, 2048]","[2048, 2048, 2048, 2048]",289.0
1215,9133,44,2,2023-07-23T13:04:37.022000+00:00,30.556,31.467,24.029,274.0,232.0,False,86.052,"[2049, 2049, 2049, 2049, 2049, 2049, 2049]","[2049, 2048, 2048, 2049, 2049, 2048, 2048, 2049]","[2048, 2049, 2048, 2048, 2048]",290.0
1215,9133,16,2,2023-07-23T13:04:37.819000+00:00,30.738,31.484,24.114,274.0,231.0,False,86.336,"[2049, 2049, 2049, 2049, 2049, 2049, 2049]","[2049, 2049, 2048, 2048, 2049, 2048, 2048, 2049]","[2049, 2049, 2048, 2048, 2048]",293.0
1215,9133,55,2,2023-07-23T13:04:38.256000+00:00,30.609,31.511,24.11,274.0,230.0,False,86.23,"[2049, 2049, 2049, 2048, 2049, 2049, 2049]","[2049, 2049, 2048, 2049, 2049, 2049, 2049, 2048]","[2049, 2049, 2049, 2048]",294.0
1215,9133,14,2,2023-07-23T13:04:39.037000+00:00,31.068,31.636,24.177,272.0,231.0,False,86.881,"[None, 2049, 2049, 2049, 2048, 2049, 2049]","[2049, 2049, 2049, 2049, 2048, 2049, 2049, 2049]","[2049, 2049, 2049, 2048, 2048]",291.0
1215,9133,11,2,2023-07-23T13:04:39.553000+00:00,30.959,31.64,24.171,267.0,233.0,False,86.77,"[None, 2049, 2049, 2048, 2049, 2049, 2049]","[2049, 2049, 2049, 2049, 2048, 2048, 2049, 2049]","[2049, 2049, 2049, 2048, 2051]",292.0
1215,9133,27,2,2023-07-23T13:04:40.053000+00:00,30.972,31.721,24.209,273.0,230.0,False,86.902,"[None, 2049, 2049, 2049, 2049, 2049, 2049]","[2049, 2049, 2048, 2049, 2049, 2049, 2049, 2049]","[2049, 2049, 2049, 2048, 2049]",292.0
1215,9133,18,2,2023-07-23T13:04:40.490000+00:00,30.858,31.757,24.387,264.0,233.0,False,87.002,"[None, 2049, 2049, 2049, 2049, 2049, 2049]","[2049, 2049, 2049, 2049, 2049, 2048, 2049, 2049]","[2048, 2048, 2049, 2049, 2048]",291.0
1215,9133,22,2,2023-07-23T13:04:41.209000+00:00,31.026,31.641,24.35,269.0,229.0,False,87.017,"[None, 2049, 2049, 2048, 2049, 2049, 2049]","[2049, 2049, 2048, 2049, 2049, 2049, 2049, 2049]","[2049, 2049, 2049, 2048, 2049]",286.0
1215,9133,77,2,2023-07-23T13:04:41.725000+00:00,31.053,31.675,24.363,278.0,230.0,False,87.091,"[None, 2049, 2049, 2049, 2049, 2049, 2049]","[2049, 2049, 2049, 2049, 2049, 2049, 2049, 2048]","[2049, 2049, 2049, 2049, 2048]",276.0
1215,9133,20,2,2023-07-23T13:04:42.162000+00:00,31.588,31.772,24.411,272.0,228.0,False,87.771,"[None, 2049, 2049, 2048, 2048, 2049, 2049]","[2049, 2049, 2048, 2049, 2049, 2049, 2049, 2049]","[2049, 2049, 2049, 2048, 2048]",293.0
1215,9133,63,2,2023-07-23T13:04:42.412000+00:00,30.928,31.721,24.123,261.0,232.0,False,86.772,"[2049, 2049, 2049, 2049, 2049, 2049, 2049]","[2049, 2049, 2048, 2049, 2049, 2049, 2049, 2048]","[2049, 2049, 2049, 2048]",296.0
1215,9133,23,2,2023-07-23T13:04:43.006000+00:00,31.05,32.346,24.134,272.0,230.0,False,87.53,"[None, 2049, 2049, 2049, 2049, 2049, 2049]","[2049, 2049, 2048, 2049, 2049, 2049, 2049, 2049]","[2049, 2049, 2049, 2048]",291.0
1215,9133,24,2,2023-07-23T13:04:43.225000+00:00,31.019,32.468,24.445,251.0,232.0,False,87.932,"[2051, 2049, 2049, 2049, 2049, 2049, 2049]","[2049, 2049, 2049, 2049, 2049, 2049, 2049, 2049]","[2049, 2049, 2048, 2049]",303.0
1215,9133,2,2,2023-07-23T13:04:43.897000+00:00,31.088,32.207,24.579,272.0,231.0,False,87.874,"[None, 2049, 2049, 2049, 2049, 2049, 2049]","[2049, 2049, 2049, 2049, 2049, 2049, 2049, 2049]","[2049, 2049, 2048, 2048]",293.0
1215,9133,3,2,2023-07-23T13:04:44.615000+00:00,31.082,32.294,24.522,271.0,225.0,False,87.898,"[None, 2049, 2049, 2049, 2049, 2048, 2048]","[2048, 2049, 2048, 2049, 2049, 2049, 2048, 2049]","[2048, 2049, 2049, 2048, 2049]",290.0
1215,9133,31,2,2023-07-23T13:04:53.443000+00:00,32.666,38.194,30.321,259.0,208.0,False,101.181,"[None, 2049, 2049, 2049, 2049, 2049, 2049]","[None, None, 2048, 2048, 2048, 2048, 2048, 2048]","[2049, 2048, 2048, 2064, 2064]",275.0
1215,9133,10,2,2023-07-23T13:05:11.474000+00:00,,,,,,False,,,,,
1215,9133,1,3,2023-07-23T13:05:59.489000+00:00,30.491,30.724,23.855,269.0,230.0,False,85.07,"[None, 2049, 2049, 2048, 2049, 2048, 2048]","[2051, 2048, 2048, 2051, 2049, 2048, 2048, 2048]","[2048, 2048, 2048, 2048]",287.0
1215,9133,81,3,2023-07-23T13:06:00.848000+00:00,30.482,30.715,23.918,,234.0,False,85.115,"[2048, 2049, 2048, 2048, 2049, 2048, 2048]","[2049, 2048, 2049, 2048, 2048, 2048, 2048, 2048]","[2048, 2049, 2048, 2048, 2048]",289.0
1215,9133,4,3,2023-07-23T13:06:02.223000+00:00,30.71,30.705,23.79,275.0,238.0,False,85.205,"[2048, 2048, 2048, 2048, 2048, 2048, 2048]","[2049, 2049, 2048, 2049, 2048, 2048, 2049, 2051]","[2049, 2048, 2048, 2049, 2048]",290.0
1215,9133,44,3,2023-07-23T13:06:03.083000+00:00,30.681,30.953,23.793,275.0,232.0,False,85.427,"[2048, 2048, 2048, 2049, 2048, 2048, 2048]","[2049, 2049, 2048, 2049, 2049, 2049, 2048, 2048]","[2048, 2049, 2048, 2048]",
1215,9133,16,3,2023-07-23T13:06:04.161000+00:00,30.617,31.017,24.015,277.0,229.0,False,85.649,"[2048, 2049, 2049, 2049, 2049, 2048, 2049]","[2049, 2049, 2048, 2049, 2051, 2049, 2049, 2048]","[2049, 2049, 2049, 2048]",
1215,9133,55,3,2023-07-23T13:06:04.536000+00:00,30.648,31.319,24.095,272.0,231.0,False,86.062,"[None, 2051, 2048, 2048, 2048, 2049, 2048]","[2048, 2049, 2048, 2049, 2049, 2048, 2048, 2048]","[2048, 2049, 2048, 2048]",298.0
1215,9133,14,3,2023-07-23T13:06:05.926000+00:00,30.793,31.379,23.74,270.0,232.0,False,85.912,"[2048, 2049, 2049, 2049, 2049, 2048, 2048]","[2049, 2049, 2048, 2049, 2048, 2049, 2049, 2049]","[2048, 2049, 2049, 2049]",
1215,9133,11,3,2023-07-23T13:06:06.364000+00:00,30.816,31.422,24.032,275.0,233.0,False,86.27,"[None, 2049, 2048, 2048, 2048, 2049, 2049]","[2048, 2048, 2049, 2049, 2049, 2049, 2048, 2048]","[2049, 2049, 2049, 2048, 2048]",296.0
1215,9133,27,3,2023-07-23T13:06:07.004000+00:00,30.654,31.543,24.112,,233.0,False,86.309,"[None, 2049, 2049, 2049, 2049, 2049, 2049]","[2049, 2049, 2048, 2049, 2048, 2048, 2048, 2049]","[2049, 2048, 2049, 2048]",293.0
1215,9133,18,3,2023-07-23T13:06:07.598000+00:00,30.566,31.493,24.199,272.0,231.0,False,86.258,"[2048, 2049, 2049, 2049, 2049, 2049, 2049]","[2049, 2049, 2049, 2049, 2049, 2048, 2049, 2048]","[2049, 2049, 2049, 2048, 2049]",292.0
1215,9133,22,3,2023-07-23T13:06:08.333000+00:00,30.806,31.341,24.226,272.0,233.0,False,86.373,"[None, 2049, 2049, 2048, 2048, 2049, 2049]","[2049, 2049, 2049, 2049, 2049, 2048, 2049, 2049]","[2049, 2049, 2048, 2048]",289.0
1215,9133,77,3,2023-07-23T13:06:08.848000+00:00,30.771,31.527,24.227,279.0,234.0,False,86.525,"[2048, 2049, 2049, 2049, 2048, 2049, 2049]","[2049, 2049, 2049, 2048, 2048, 2049, 2049, 2049]","[2049, 2049, 2049, 2048, 2049]",292.0
1215,9133,63,3,2023-07-23T13:06:09.208000+00:00,31.154,31.49,24.193,250.0,234.0,False,86.837,"[2048, 2048, 2049, 2048, 2048, 2049, 2048]","[2049, 2048, 2048, 2049, 2049, 2049, 2048, 2049]","[2048, 2048, 2049, 2049]",290.0
1215,9133,20,3,2023-07-23T13:06:10.051000+00:00,30.802,31.626,24.329,276.0,229.0,False,86.757,"[None, 2049, 2049, 2049, 2049, 2049, 2049]","[2049, 2048, 2048, 2049, 2048, 2048, 2048, 2049]","[2049, 2049, 2049, 2048, 2049]",
1215,9133,23,3,2023-07-23T13:06:10.583000+00:00,30.64,31.78,24.376,269.0,231.0,False,86.796,"[None, 2049, 2049, 2049, 2049, 2049, 2048]","[2049, 2049, 2048, 2049, 2049, 2049, 2049, 2049]","[2049, 2048, 2048, 2048]",295.0
1215,9133,24,3,2023-07-23T13:06:11.176000+00:00,30.753,31.63,24.391,276.0,233.0,False,86.774,"[2048, 2048, 2049, 2049, 2049, 2049, 2049]","[2049, 2049, 2049, 2049, 2049, 2048, 2048, 2048]","[2049, 2049, 2049, 2048]",293.0
1215,9133,2,3,2023-07-23T13:06:11.801000+00:00,30.941,31.341,24.544,271.0,232.0,False,86.826,"[None, 2049, 2049, 2049, 2048, 2049, 2048]","[2049, 2049, 2049, 2049, 2049, 2049, 2049, 2049]","[2049, 2049, 2048, 2048, 2048]",295.0
1215,9133,3,3,2023-07-23T13:06:12.520000+00:00,30.874,31.653,24.351,269.0,227.0,False,86.878,"[None, 2049, 2049, 2049, 2048, 2048, 2048]","[2048, 2049, 2049, 2049, 2049, 2049, 2049, 2049]","[2049, 2049, 2049, 2048]",
1215,9133,31,3,2023-07-23T13:06:34.629000+00:00,,,,,,False,,,,,
1215,9133,1,4,2023-07-23T13:07:24.644000+00:00,30.403,30.495,23.644,273.0,232.0,False,84.542,"[2048, 2049, 2049, 2048, 2048, 2048, 2049]","[2049, 2048, 2048, 2051, 2049, 2048, 2048, 2048]","[2048, 2048, 2048, 2048]",
1215,9133,81,4,2023-07-23T13:07:25.894000+00:00,30.363,30.575,23.947,277.0,234.0,False,84.885,"[None, 2049, 2049, 2048, 2049, 2048, 2048]","[2049, 2048, 2049, 2049, 2049, 2048, 2048, 2049]","[2048, 2048, 2048, 2048]",290.0
1215,9133,4,4,2023-07-23T13:07:27.425000+00:00,30.587,30.496,23.711,,236.0,False,84.794,"[None, 2049, 2048, 2048, 2048, 2049, 2049]","[2051, 2048, 2048, 2049, 2049, 2049, 2049, 2048]","[2049, 2049, 2048, 2049, 2048]",289.0
1215,9133,44,4,2023-07-23T13:07:28.519000+00:00,30.404,30.496,23.659,269.0,235.0,False,84.559,"[None, 2048, 2049, 2049, 2049, 2048, 2049]","[2049, 2049, 2048, 2048, 2049, 2049, 2049, 2049]","[2049, 2049, 2048, 2048]",
1215,9133,16,4,2023-07-23T13:07:29.831000+00:00,30.383,30.814,24.042,279.0,232.0,False,85.239,"[None, 2048, 2049, 2049, 2049, 2049, 2049]","[2049, 2049, 2049, 2048, 2051, 2048, 2049, 2049]","[2049, 2049, 2048, 2048]",
1215,9133,55,4,2023-07-23T13:07:30.597000+00:00,30.249,31.07,23.997,,231.0,False,85.316,"[2049, 2049, 2049, 2049, 2049, 2048, 2048]","[2049, 2049, 2048, 2049, 2049, 2048, 2049, 2048]","[2048, 2049, 2049, 2048]",307.0
1215,9133,14,4,2023-07-23T13:07:31.862000+00:00,30.737,31.321,23.844,267.0,232.0,False,85.902,"[2049, 2048, 2048, 2049, 2048, 2048, 2049]","[2048, 2048, 2049, 2049, 2049, 2048, 2048, 2048]","[2048, 2048, 2049, 2048]",293.0
1215,9133,11,4,2023-07-23T13:07:32.612000+00:00,30.415,31.289,23.998,276.0,234.0,False,85.702,"[2049, 2049, 2049, 2049, 2048, 2049, 2051]","[2049, 2048, 2048, 2049, 2049, 2048, 2049, 2049]","[2049, 2048, 2049, 2049]",307.0
1215,9133,27,4,2023-07-23T13:07:33.347000+00:00,30.293,31.513,24.083,,230.0,False,85.889,"[2049, 2049, 2049, 2049, 2048, 2048, 2049]","[2049, 2048, 2048, 2049, 2049, 2049, 2048, 2048]","[2048, 2049, 2048, 2048]",309.0
1215,9133,18,4,2023-07-23T13:07:33.878000+00:00,30.152,31.556,24.213,271.0,232.0,False,85.921,"[2049, 2049, 2049, 2049, 2048, 2049, 2049]","[2048, 2048, 2048, 2048, 2049, 2049, 2048, 2048]","[2048, 2049, 2048, 2048, 2049]",307.0
1215,9133,22,4,2023-07-23T13:07:34.722000+00:00,30.299,31.342,24.165,275.0,232.0,False,85.806,"[None, 2049, 2049, 2049, 2048, 2049, 2049]","[2049, 2048, 2048, 2049, 2048, 2048, 2048, 2048]","[2048, 2049, 2049, 2048, 2048]",301.0
1215,9133,77,4,2023-07-23T13:07:35.378000+00:00,30.446,31.391,24.129,,236.0,False,85.966,"[2049, 2049, 2048, 2049, 2049, 2048, 2048]","[2049, 2048, 2048, 2048, 2049, 2049, 2048, 2049]","[2049, 2049, 2049, 2049]",308.0
1215,9133,63,4,2023-07-23T13:07:36.128000+00:00,30.564,31.37,24.004,256.0,233.0,False,85.938,"[2049, 2049, 2049, 2049, 2049, 2049, 2048]","[2048, 2049, 2048, 2049, 2049, 2049, 2049, 2049]","[2048, 2049, 2049, 2049, 2048]",302.0
1215,9133,20,4,2023-07-23T13:07:36.847000+00:00,30.388,31.585,24.126,275.0,230.0,False,86.099,"[2049, 2049, 2049, 2049, 2049, 2049, 2048]","[2048, 2048, 2048, 2048, 2049, 2049, 2049, 2049]","[2049, 2049, 2048, 2048]",310.0
1215,9133,23,4,2023-07-23T13:07:37.425000+00:00,30.321,31.766,24.151,273.0,233.0,False,86.238,"[2051, 2049, 2049, 2049, 2049, 2048, 2048]","[2049, 2048, 2049, 2048, 2049, 2048, 2049, 2049]","[2049, 2048, 2049, 2048]",311.0
1215,9133,24,4,2023-07-23T13:07:37.956000+00:00,30.293,31.804,24.316,275.0,233.0,False,86.413,"[2049, 2051, 2048, 2049, 2051, 2048, 2048]","[2048, 2048, 2049, 2048, 2048, 2048, 2049, 2049]","[2049, 2049, 2049, 2048, 2048]",309.0
1215,9133,2,4,2023-07-23T13:07:38.613000+00:00,30.422,31.515,24.577,,231.0,False,86.514,"[None, 2049, 2049, 2049, 2049, 2049, 2048]","[2048, 2048, 2048, 2048, 2049, 2049, 2049, 2048]","[2048, 2048, 2049, 2048]",309.0
1215,9133,3,4,2023-07-23T13:07:39.409000+00:00,30.52,31.638,24.475,274.0,227.0,False,86.633,"[None, 2049, 2048, 2049, 2049, 2049, 2048]","[2049, 2049, 2048, 2048, 2049, 2048, 2049, 2049]","[2049, 2048, 2048, 2048]",304.0
1215,9133,1,5,2023-07-23T13:08:49.220000+00:00,30.395,30.707,23.741,272.0,231.0,False,84.843,"[None, 2048, 2049, 2048, 2049, 2048, 2048]","[2048, 2048, 2048, 2048, 2048, 2048, 2048, 2048]","[2048, 2048, 2048, 2048, 2048]",286.0
1215,9133,81,5,2023-07-23T13:08:50.830000+00:00,30.553,30.473,23.901,276.0,236.0,False,84.927,"[None, 2048, 2048, 2048, 2048, 2048, 2048]","[2049, 2048, 2048, 2048, 2049, 2049, 2048, 2049]","[2048, 2048, 2048, 2048, 2048]",288.0
1215,9133,4,5,2023-07-23T13:08:52.220000+00:00,30.564,30.421,23.908,277.0,234.0,False,84.893,"[None, 2048, 2048, 2048, 2048, 2048, 2048]","[2051, 2048, 2049, 2049, 2049, 2049, 2048, 2048]","[2048, 2048, 2048, 2048, 2048]",288.0
1215,9133,44,5,2023-07-23T13:08:53.095000+00:00,30.51,30.938,23.864,263.0,233.0,False,85.312,"[2049, 2049, 2048, 2048, 2048, 2048, 2048]","[2048, 2048, 2048, 2048, 2049, 2048, 2048, 2048]","[2048, 2048, 2048, 2048, 2048]",303.0
1215,9133,16,5,2023-07-23T13:08:55.064000+00:00,30.557,30.762,23.893,276.0,231.0,False,85.212,"[None, 2048, 2048, 2049, 2048, 2048, 2048]","[2048, 2048, 2048, 2049, 2051, 2049, 2048, 2048]","[2048, 2049, 2049, 2048]",291.0
1215,9133,55,5,2023-07-23T13:08:55.923000+00:00,30.386,30.976,23.977,,232.0,False,85.339,"[2048, 2048, 2048, 2049, 2048, 2048, 2048]","[2049, 2048, 2048, 2048, 2049, 2049, 2049, 2049]","[2048, 2049, 2049, 2048]",305.0
1215,9133,14,5,2023-07-23T13:08:57.767000+00:00,30.785,31.334,23.83,277.0,233.0,False,85.949,"[2048, 2048, 2048, 2049, 2048, 2048, 2049]","[2049, 2048, 2048, 2048, 2048, 2048, 2049, 2049]","[2048, 2048, 2048, 2048]",290.0
1215,9133,11,5,2023-07-23T13:08:58.314000+00:00,30.693,31.232,23.907,281.0,235.0,False,85.832,"[None, 2049, 2048, 2049, 2048, 2049, 2051]","[2048, 2049, 2048, 2048, 2048, 2048, 2049, 2049]","[2048, 2048, 2049, 2048]",
1215,9133,27,5,2023-07-23T13:08:59.220000+00:00,30.393,31.374,24.055,278.0,230.0,False,85.822,"[2048, 2049, 2049, 2048, 2048, 2048, 2049]","[2049, 2049, 2049, 2048, 2048, 2048, 2048, 2048]","[2048, 2048, 2049, 2048]",305.0
1215,9133,18,5,2023-07-23T13:08:59.798000+00:00,30.216,31.418,24.288,270.0,232.0,False,85.922,"[None, 2048, 2048, 2049, 2048, 2048, 2049]","[2049, 2049, 2049, 2049, 2049, 2048, 2048, 2048]","[2048, 2048, 2048, 2048, 2048]",305.0
1215,9133,22,5,2023-07-23T13:09:00.548000+00:00,30.55,31.214,24.222,276.0,232.0,False,85.986,"[None, 2049, 2048, 2048, 2048, 2048, 2048]","[2049, 2049, 2048, 2049, 2049, 2048, 2048, 2048]","[2048, 2049, 2049, 2048, 2048]",300.0
1215,9133,77,5,2023-07-23T13:09:01.361000+00:00,30.508,31.239,24.244,278.0,233.0,False,85.991,"[2048, 2049, 2049, 2049, 2048, 2048, 2048]","[2049, 2049, 2048, 2049, 2048, 2048, 2049, 2048]","[2048, 2048, 2049, 2049, 2048]",305.0
1215,9133,63,5,2023-07-23T13:09:02.064000+00:00,30.721,31.211,24.169,258.0,235.0,False,86.101,"[None, 2048, 2048, 2049, 2048, 2048, 2048]","[2048, 2048, 2048, 2049, 2049, 2049, 2049, 2049]","[2048, 2048, 2048, 2048, 2048]",
1215,9133,20,5,2023-07-23T13:09:02.939000+00:00,30.336,31.419,24.311,277.0,231.0,False,86.066,"[2051, 2049, 2049, 2049, 2048, 2049, 2049]","[2049, 2048, 2049, 2049, 2049, 2048, 2048, 2049]","[2048, 2048, 2049, 2048, 2048]",309.0
1215,9133,23,5,2023-07-23T13:09:03.626000+00:00,30.606,31.491,24.257,,230.0,False,86.354,"[2048, 2048, 2048, 2048, 2048, 2049, 2049]","[2049, 2049, 2048, 2049, 2049, 2049, 2048, 2048]","[2048, 2048, 2048, 2048, 2048]",308.0
1215,9133,24,5,2023-07-23T13:09:04.329000+00:00,30.428,31.673,24.236,,231.0,False,86.337,"[None, 2048, 2049, 2049, 2048, 2048, 2048]","[2048, 2048, 2049, 2049, 2048, 2049, 2048, 2048]","[2048, 2048, 2049, 2048, 2048]",308.0
1215,9133,2,5,2023-07-23T13:09:05.126000+00:00,30.497,31.36,24.556,270.0,234.0,False,86.413,"[None, 2048, 2048, 2049, 2048, 2048, 2048]","[2048, 2048, 2048, 2048, 2049, 2049, 2049, 2049]","[2048, 2048, 2049, 2048]",308.0
1215,9133,3,5,2023-07-23T13:09:06.033000+00:00,30.494,31.37,24.372,278.0,228.0,False,86.236,"[2048, 2048, 2048, 2049, 2048, 2049, 2049]","[2049, 2049, 2048, 2048, 2049, 2049, 2049, 2049]","[2048, 2048, 2049, 2048]",301.0
1215,9133,1,6,2023-07-23T13:10:14.047000+00:00,30.248,30.586,23.762,276.0,227.0,False,84.596,"[None, 2048, 2051, 2048, 2049, 2048, 2049]","[2049, 2051, 2048, 2048, 2049, 2048, 2048, 2048]","[2048, 2048, 2048, 2048, 2048]",284.0
1215,9133,81,6,2023-07-23T13:10:15.734000+00:00,30.445,30.378,24.018,278.0,237.0,False,84.841,"[None, 2048, 2049, 2048, 2048, 2048, 2048]","[2049, 2048, 2048, 2048, 2051, 2049, 2048, 2051]","[2048, 2048, 2048, 2048]",286.0
1215,9133,4,6,2023-07-23T13:10:17.094000+00:00,30.567,30.285,23.974,278.0,234.0,False,84.826,"[None, 2048, 2048, 2048, 2048, 2049, 2049]","[2051, 2049, 2048, 2049, 2049, 2048, 2048, 2048]","[2048, 2048, 2048, 2048, 2048]",286.0
1215,9133,44,6,2023-07-23T13:10:18.391000+00:00,30.806,30.538,23.823,259.0,232.0,False,85.167,"[2048, 2048, 2048, 2048, 2049, 2048, 2048]","[2048, 2048, 2048, 2051, 2049, 2049, 2048, 2048]","[2048, 2048, 2048, 2049]",283.0
1215,9133,16,6,2023-07-23T13:10:20.266000+00:00,30.527,30.569,23.996,275.0,233.0,False,85.092,"[None, 2048, 2048, 2049, 2048, 2048, 2048]","[2049, 2049, 2049, 2049, 2048, 2048, 2048, 2049]","[2048, 2048, 2048, 2048, 2048]",289.0
1215,9133,55,6,2023-07-23T13:10:21.250000+00:00,30.264,31.048,24.104,274.0,230.0,False,85.416,"[None, 2048, 2048, 2049, 2049, 2048, 2048]","[2049, 2048, 2048, 2048, 2049, 2048, 2048, 2048]","[2048, 2048, 2048, 2048, 2048]",304.0
1215,9133,14,6,2023-07-23T13:10:23.734000+00:00,30.461,31.185,23.858,281.0,231.0,False,85.504,"[None, 2048, 2049, 2049, 2048, 2049, 2049]","[2048, 2048, 2049, 2049, 2049, 2048, 2048, 2048]","[2048, 2048, 2048, 2048]",288.0
1215,9133,11,6,2023-07-23T13:10:24.156000+00:00,30.269,31.394,23.987,265.0,232.0,False,85.65,"[2048, 2048, 2048, 2049, 2049, 2048, 2048]","[2048, 2048, 2048, 2048, 2048, 2049, 2049, 2048]","[2048, 2048, 2048, 2048, 2048]",
1215,9133,27,6,2023-07-23T13:10:25.015000+00:00,30.238,31.314,24.156,277.0,227.0,False,85.708,"[None, 2048, 2049, 2049, 2048, 2049, 2049]","[2049, 2048, 2048, 2049, 2048, 2048, 2048, 2048]","[2048, 2049, 2048, 2048, 2048]",
1215,9133,18,6,2023-07-23T13:10:25.687000+00:00,30.171,31.277,24.24,281.0,230.0,False,85.688,"[2048, 2048, 2048, 2048, 2048, 2049, 2051]","[2049, 2048, 2048, 2049, 2049, 2048, 2048, 2048]","[2049, 2048, 2048, 2048]",303.0
1215,9133,22,6,2023-07-23T13:10:26.515000+00:00,30.384,31.148,24.142,274.0,232.0,False,85.674,"[2048, 2049, 2048, 2048, 2048, 2049, 2049]","[2049, 2048, 2048, 2049, 2049, 2048, 2048, 2048]","[2048, 2048, 2048, 2048]",
1215,9133,77,6,2023-07-23T13:10:27.312000+00:00,30.518,30.98,24.232,281.0,231.0,False,85.73,"[None, 2048, 2048, 2049, 2048, 2049, 2048]","[2049, 2049, 2048, 2049, 2049, 2048, 2049, 2048]","[2048, 2048, 2048, 2049]",303.0
1215,9133,63,6,2023-07-23T13:10:28.172000+00:00,30.786,30.972,24.081,254.0,234.0,False,85.839,"[2048, 2048, 2049, 2048, 2048, 2048, 2048]","[2049, 2049, 2048, 2049, 2049, 2048, 2048, 2048]","[2048, 2048, 2048, 2049]",300.0
1215,9133,20,6,2023-07-23T13:10:28.984000+00:00,30.554,31.24,24.309,276.0,231.0,False,86.103,"[2048, 2049, 2048, 2048, 2048, 2048, 2048]","[2048, 2048, 2049, 2049, 2048, 2049, 2048, 2049]","[2048, 2048, 2048, 2048, 2049]",308.0
1215,9133,23,6,2023-07-23T13:10:29.953000+00:00,30.769,31.122,24.194,,234.0,False,86.085,"[None, 2048, 2048, 2048, 2048, 2049, 2049]","[2049, 2048, 2048, 2049, 2049, 2048, 2049, 2049]","[2048, 2048, 2048, 2048, 2048]",294.0
1215,9133,24,6,2023-07-23T13:10:30.703000+00:00,30.672,31.325,24.316,279.0,232.0,False,86.313,"[2048, 2048, 2048, 2048, 2048, 2048, 2049]","[2048, 2049, 2048, 2049, 2049, 2048, 2049, 2049]","[2048, 2048, 2048, 2048, 2048]",305.0
1215,9133,2,6,2023-07-23T13:10:31.547000+00:00,30.551,31.269,24.364,271.0,233.0,False,86.184,"[2048, 2048, 2048, 2049, 2048, 2048, 2048]","[2049, 2048, 2048, 2048, 2049, 2048, 2048, 2049]","[2048, 2049, 2049, 2048]",306.0
1215,9133,3,6,2023-07-23T13:10:32.250000+00:00,30.445,31.473,24.283,275.0,231.0,False,86.201,"[None, 2048, 2048, 2049, 2048, 2048, 2048]","[2048, 2048, 2048, 2048, 2049, 2048, 2048, 2049]","[2049, 2048, 2048, 2049]",
1215,9133,1,7,2023-07-23T13:11:38.670000+00:00,30.235,30.487,23.765,,230.0,False,84.487,"[None, 2048, 2048, 2048, 2048, 2048, 2048]","[2048, 2048, 2048, 2049, 2048, 2048, 2049, 2048]","[2048, 2048, 2048, 2048, 2048]",
1215,9133,81,7,2023-07-23T13:11:40.577000+00:00,30.436,30.359,24.125,279.0,238.0,False,84.92,"[None, 2048, 2048, 2049, 2048, 2048, 2048]","[2048, 2048, 2048, 2049, 2048, 2048, 2051, 2051]","[2051, 2048, 2048, 2048, 2048]",
1215,9133,4,7,2023-07-23T13:11:41.952000+00:00,30.623,30.602,23.913,,236.0,False,85.138,"[None, 2048, 2048, 2049, 2048, 2048, 2048]","[2048, 2048, 2048, 2048, 2048, 2048, 2048, 2048]","[2048, 2048, 2048, 2048, 2048]",288.0
1215,9133,44,7,2023-07-23T13:11:43.577000+00:00,30.704,30.656,23.819,264.0,232.0,False,85.179,"[None, 2048, 2048, 2048, 2048, 2049, 2048]","[2048, 2049, 2048, 2048, 2048, 2048, 2048, 2048]","[2048, 2048, 2048, 2048]",286.0
1215,9133,16,7,2023-07-23T13:11:45.342000+00:00,30.509,30.682,23.949,,233.0,False,85.14,"[None, 2048, 2049, 2049, 2048, 2048, 2048]","[2049, 2048, 2048, 2048, 2048, 2048, 2048, 2048]","[2049, 2048, 2048, 2048]",
1215,9133,55,7,2023-07-23T13:11:46.639000+00:00,30.526,31.094,24.042,273.0,231.0,False,85.662,"[None, 2048, 2048, 2048, 2049, 2048, 2048]","[2049, 2049, 2048, 2048, 2048, 2048, 2048, 2048]","[2048, 2048, 2048, 2048, 2048]",291.0
1215,9133,14,7,2023-07-23T13:11:49.248000+00:00,30.505,31.073,23.986,276.0,231.0,False,85.564,"[None, 2048, 2049, 2048, 2048, 2048, 2048]","[2049, 2049, 2049, 2048, 2048, 2048, 2048, 2048]","[2048, 2048, 2048, 2048, 2048]",289.0
1215,9133,11,7,2023-07-23T13:11:49.842000+00:00,30.413,31.022,24.01,272.0,233.0,False,85.445,"[None, 2048, 2048, 2048, 2048, 2048, 2048]","[2049, 2048, 2048, 2049, 2049, 2048, 2049, 2048]","[2048, 2048, 2048, 2049]",306.0
1215,9133,27,7,2023-07-23T13:11:50.780000+00:00,30.35,31.078,24.184,,233.0,False,85.612,"[None, 2049, 2048, 2049, 2048, 2048, 2048]","[2049, 2049, 2048, 2048, 2049, 2048, 2049, 2049]","[2049, 2048, 2048, 2048]",
1215,9133,18,7,2023-07-23T13:11:51.451000+00:00,30.237,31.186,24.323,,233.0,False,85.746,"[None, 2048, 2048, 2049, 2048, 2048, 2048]","[2049, 2049, 2048, 2048, 2048, 2048, 2049, 2049]","[2049, 2048, 2048, 2048]",305.0
1215,9133,22,7,2023-07-23T13:11:52.186000+00:00,30.503,31.094,24.201,275.0,233.0,False,85.798,"[None, 2048, 2048, 2048, 2048, 2048, 2048]","[2049, 2048, 2049, 2048, 2048, 2048, 2049, 2049]","[2048, 2048, 2048, 2048, 2048]",
1215,9133,77,7,2023-07-23T13:11:53.030000+00:00,30.342,31.142,24.254,280.0,233.0,False,85.738,"[None, 2048, 2049, 2049, 2048, 2049, 2049]","[2048, 2048, 2049, 2048, 2048, 2048, 2048, 2048]","[2048, 2048, 2048, 2048]",304.0
1215,9133,63,7,2023-07-23T13:11:54.014000+00:00,30.615,30.994,24.231,260.0,233.0,False,85.84,"[None, 2048, 2049, 2048, 2048, 2048, 2049]","[2049, 2048, 2048, 2048, 2049, 2048, 2049, 2048]","[2048, 2048, 2048, 2048]",302.0
1215,9133,20,7,2023-07-23T13:11:55.076000+00:00,30.467,31.207,24.303,275.0,228.0,False,85.977,"[None, 2048, 2048, 2049, 2048, 2048, 2048]","[2049, 2048, 2048, 2048, 2049, 2048, 2048, 2048]","[2048, 2048, 2048, 2048]",307.0
1215,9133,23,7,2023-07-23T13:11:56.092000+00:00,30.487,31.066,24.331,,233.0,False,85.884,"[None, 2048, 2049, 2048, 2048, 2049, 2049]","[2049, 2049, 2048, 2048, 2049, 2048, 2049, 2048]","[2048, 2048, 2048, 2048, 2048]",
1215,9133,24,7,2023-07-23T13:11:57.029000+00:00,30.425,31.145,24.363,276.0,234.0,False,85.933,"[None, 2048, 2049, 2048, 2048, 2048, 2048]","[2048, 2049, 2048, 2049, 2049, 2048, 2049, 2049]","[2048, 2048, 2048, 2048, 2048]",304.0
1215,9133,2,7,2023-07-23T13:11:57.733000+00:00,30.431,31.154,24.517,,232.0,False,86.102,"[None, 2048, 2048, 2048, 2048, 2049, 2048]","[2048, 2048, 2048, 2049, 2048, 2048, 2049, 2048]","[2048, 2048, 2049, 2048]",307.0
1215,9133,3,7,2023-07-23T13:11:58.483000+00:00,30.36,31.427,24.286,277.0,230.0,False,86.073,"[None, 2048, 2048, 2049, 2049, 2048, 2049]","[2048, 2048, 2048, 2048, 2049, 2048, 2048, 2048]","[2049, 2048, 2048, 2048]",
1215,9133,1,8,2023-07-23T13:13:03.138000+00:00,30.362,30.468,23.679,277.0,230.0,False,84.509,"[None, 2048, 2048, 2048, 2048, 2048, 2049]","[2049, 2048, 2048, 2048, 2049, 2048, 2048, 2048]","[2048, 2051, 2048, 2049]",286.0
1215,9133,81,8,2023-07-23T13:13:05.497000+00:00,30.461,30.357,23.933,,239.0,False,84.751,"[None, 2048, 2048, 2048, 2048, 2048, 2048]","[2048, 2049, 2048, 2049, 2048, 2048, 2048, 2051]","[2051, 2048, 2048, 2048]",288.0
1215,9133,4,8,2023-07-23T13:13:07.091000+00:00,30.764,30.277,23.964,279.0,236.0,False,85.005,"[None, 2048, 2048, 2048, 2048, 2048, 2048]","[2048, 2051, 2048, 2048, 2048, 2048, 2051, 2048]","[2048, 2048, 2048, 2048]",289.0
1215,9133,44,8,2023-07-23T13:13:08.747000+00:00,30.563,30.621,23.732,272.0,234.0,False,84.916,"[None, 2048, 2048, 2048, 2048, 2048, 2048]","[2049, 2049, 2048, 2048, 2048, 2048, 2048, 2048]","[2048, 2048, 2048, 2049]",
1215,9133,16,8,2023-07-23T13:13:10.497000+00:00,30.664,30.668,24.133,,234.0,False,85.465,"[None, 2048, 2048, 2048, 2048, 2048, 2048]","[2048, 2048, 2048, 2048, 2048, 2048, 2048, 2048]","[2049, 2048, 2048, 2048, 2048]",
1215,9133,55,8,2023-07-23T13:13:12.294000+00:00,30.557,30.91,24.195,275.0,231.0,False,85.662,"[None, 2048, 2048, 2048, 2048, 2048, 2048]","[2049, 2048, 2048, 2048, 2048, 2048, 2048, 2049]","[2048, 2048, 2048, 2048, 2048]",290.0
1215,9133,14,8,2023-07-23T13:13:14.778000+00:00,31.399,31.419,24.292,266.0,231.0,False,87.11,"[None, 2048, 2048, 2048, 2048, 2048, 2048]","[2048, 2048, 2048, 2048, 2048, 2048, 2048, 2048]","[2048, 2048, 2048, 2048, 2048]",
1215,9133,11,8,2023-07-23T13:13:15.247000+00:00,30.241,30.581,24.014,281.0,233.0,False,84.836,"[None, 2049, 2048, 2049, 2048, 2048, 2048]","[2049, 2049, 2049, 2048, 2049, 2049, 2048, 2048]","[2048, 2049, 2048, 2048]",307.0
1215,9133,27,8,2023-07-23T13:13:16.341000+00:00,30.553,31.37,24.369,276.0,232.0,False,86.292,"[None, 2048, 2048, 2048, 2048, 2048, 2048]","[2048, 2048, 2048, 2048, 2049, 2048, 2048, 2048]","[2048, 2048, 2048, 2048]",306.0
1215,9133,18,8,2023-07-23T13:13:17.153000+00:00,30.432,31.418,24.388,282.0,233.0,False,86.238,"[None, 2048, 2048, 2048, 2048, 2048, 2048]","[2049, 2048, 2048, 2048, 2048, 2048, 2048, 2048]","[2049, 2048, 2048, 2048]",304.0
1215,9133,22,8,2023-07-23T13:13:17.981000+00:00,30.51,31.311,24.335,276.0,233.0,False,86.156,"[None, 2049, 2048, 2048, 2048, 2048, 2048]","[2048, 2048, 2048, 2048, 2048, 2048, 2048, 2048]","[2048, 2048, 2048, 2048, 2048]",
1215,9133,77,8,2023-07-23T13:13:18.794000+00:00,30.426,31.298,24.352,282.0,233.0,False,86.076,"[None, 2048, 2048, 2048, 2048, 2048, 2049]","[2048, 2048, 2048, 2048, 2048, 2048, 2048, 2048]","[2048, 2048, 2048, 2048, 2048]",
1215,9133,63,8,2023-07-23T13:13:19.840000+00:00,30.748,31.005,24.31,262.0,233.0,False,86.063,"[None, 2048, 2049, 2048, 2048, 2048, 2049]","[2049, 2048, 2048, 2049, 2048, 2048, 2048, 2048]","[2048, 2048, 2048, 2048, 2048]",289.0
1215,9133,20,8,2023-07-23T13:13:21.059000+00:00,30.675,31.157,24.263,276.0,231.0,False,86.095,"[None, 2048, 2048, 2048, 2048, 2049, 2049]","[2049, 2048, 2049, 2048, 2049, 2048, 2049, 2048]","[2049, 2048, 2048, 2048, 2048]",292.0
1215,9133,23,8,2023-07-23T13:13:21.950000+00:00,30.5,31.057,26.496,277.0,229.0,False,88.053,"[None, 2048, 2048, 2049, 2048, 2048, 2049]","[2049, 2048, 2049, 2048, 2048, 2048, 2049, 2048]","[2048, 2048, 2048, 2064, 2064]",305.0
1215,9133,24,8,2023-07-23T13:13:22.934000+00:00,30.525,31.394,24.117,278.0,232.0,False,86.036,"[None, 2048, 2048, 2049, 2048, 2048, 2048]","[2048, 2048, 2048, 2048, 2048, 2048, 2048, 2048]","[2048, 2049, 2049, 2048]",303.0
1215,9133,2,8,2023-07-23T13:13:23.856000+00:00,30.499,31.19,24.353,273.0,230.0,False,86.042,"[None, 2048, 2048, 2048, 2048, 2048, 2048]","[2049, 2049, 2048, 2048, 2048, 2048, 2048, 2048]","[2048, 2048, 2049, 2048]",306.0
1215,9133,3,8,2023-07-23T13:13:24.559000+00:00,30.492,31.44,24.467,276.0,228.0,False,86.399,"[2049, 2048, 2048, 2049, 2048, 2048, 2048]","[2048, 2048, 2048, 2048, 2048, 2048, 2048, 2048]","[2049, 2048, 2048, 2048, 2048]",302.0
1215,9133,1,9,2023-07-23T13:14:27.652000+00:00,30.271,30.533,23.633,,231.0,False,84.437,"[None, 2049, 2048, 2048, 2048, 2048, 2048]","[2048, 2048, 2048, 2048, 2048, 2048, 2048, 2048]","[2048, 2048, 2048, 2048, 2048]",
1215,9133,81,9,2023-07-23T13:14:30.261000+00:00,30.523,30.437,24.02,278.0,238.0,False,84.98,"[None, 2048, 2048, 2048, 2048, 2048, 2048]","[2048, 2048, 2048, 2048, 2048, 2049, 2048, 2048]","[2051, 2048, 2048, 2048, 2048]",287.0
1215,9133,4,9,2023-07-23T13:14:32.089000+00:00,30.745,30.574,23.88,276.0,236.0,False,85.199,"[None, 2048, 2048, 2048, 2048, 2049, 2048]","[2048, 2048, 2048, 2048, 2048, 2048, 2048, 2048]","[2049, 2048, 2048, 2048]",288.0
1215,9133,44,9,2023-07-23T13:14:33.652000+00:00,30.708,30.797,23.911,273.0,232.0,False,85.416,"[None, 2048, 2048, 2048, 2049, 2048, 2048]","[2048, 2048, 2048, 2048, 2048, 2048, 2048, 2048]","[2048, 2048, 2048, 2048, 2048]",287.0
1215,9133,16,9,2023-07-23T13:14:35.964000+00:00,30.629,30.529,24.111,273.0,234.0,False,85.269,"[None, 2048, 2048, 2048, 2048, 2048, 2048]","[2049, 2048, 2048, 2048, 2049, 2049, 2048, 2048]","[2048, 2048, 2048, 2048]",
1215,9133,55,9,2023-07-23T13:14:37.948000+00:00,30.595,30.943,24.069,273.0,230.0,False,85.607,"[None, 2048, 2048, 2048, 2048, 2048, 2048]","[2048, 2049, 2048, 2048, 2048, 2048, 2049, 2048]","[2048, 2048, 2048, 2048]",
1215,9133,11,9,2023-07-23T13:14:39.980000+00:00,30.668,30.651,23.988,279.0,236.0,False,85.307,"[None, 2048, 2049, 2048, 2049, 2048, 2048]","[2048, 2048, 2048, 2049, 2049, 2048, 2049, 2049]","[2048, 2049, 2048, 2048, 2048]",289.0
1215,9133,14,9,2023-07-23T13:14:41.870000+00:00,30.897,31.358,24.054,278.0,231.0,False,86.309,"[None, 2048, 2048, 2048, 2048, 2048, 2048]","[2048, 2048, 2048, 2048, 2048, 2048, 2049, 2048]","[2048, 2048, 2048, 2048, 2048]",
1215,9133,27,9,2023-07-23T13:14:42.605000+00:00,30.7,31.478,24.201,280.0,235.0,False,86.379,"[None, 2048, 2048, 2048, 2048, 2048, 2048]","[2048, 2048, 2048, 2048, 2048, 2048, 2048, 2049]","[2049, 2048, 2048, 2048, 2048]",305.0
1215,9133,18,9,2023-07-23T13:14:43.386000+00:00,30.556,31.526,26.85,281.0,233.0,False,88.932,"[None, 2048, 2048, 2048, 2048, 2048, 2048]","[2048, 2048, 2048, 2048, 2048, 2048, 2048, 2048]","[2048, 2048, 2048, 2064, 2064]",302.0
1215,9133,22,9,2023-07-23T13:14:44.120000+00:00,30.578,31.477,26.807,,232.0,False,88.862,"[None, 2048, 2048, 2048, 2048, 2048, 2048]","[2048, 2048, 2048, 2048, 2048, 2048, 2048, 2048]","[2048, 2048, 2048, 2064, 2064]",301.0
1215,9133,77,9,2023-07-23T13:14:44.839000+00:00,30.614,31.365,26.939,280.0,233.0,False,88.918,"[None, 2048, 2048, 2048, 2048, 2048, 2048]","[2048, 2048, 2048, 2048, 2048, 2048, 2048, 2048]","[2048, 2049, 2048, 2064, 2064]",305.0
1215,9133,63,9,2023-07-23T13:14:45.901000+00:00,30.864,31.212,24.19,255.0,230.0,False,86.266,"[None, 2048, 2048, 2048, 2049, 2048, 2048]","[2048, 2048, 2048, 2048, 2048, 2048, 2048, 2048]","[2048, 2048, 2048, 2048]",288.0
1215,9133,20,9,2023-07-23T13:14:47.183000+00:00,30.762,31.249,24.378,274.0,230.0,False,86.389,"[None, 2048, 2048, 2048, 2048, 2048, 2048]","[2048, 2048, 2048, 2048, 2048, 2048, 2048, 2048]","[2048, 2048, 2048, 2048]",
1215,9133,24,9,2023-07-23T13:14:48.901000+00:00,30.693,30.914,24.237,276.0,234.0,False,85.844,"[None, 2048, 2049, 2048, 2048, 2049, 2048]","[2049, 2049, 2049, 2048, 2048, 2048, 2049, 2049]","[2048, 2049, 2048, 2048, 2048]",289.0
1215,9133,2,9,2023-07-23T13:14:49.792000+00:00,30.584,31.064,24.399,272.0,232.0,False,86.047,"[None, 2048, 2048, 2048, 2048, 2048, 2048]","[2048, 2049, 2048, 2048, 2048, 2048, 2048, 2048]","[2048, 2048, 2048, 2048]",305.0
1215,9133,23,9,2023-07-23T13:14:50.011000+00:00,48.959,30.263,23.489,269.0,236.0,True,102.711,"[2064, 2064, 2048, 2048, 2049, 2049, 2048]","[2049, 2049, 2049, 2049, 2049, 2049, 2049, 2049]","[2049, 2049, 2051, 2049, 0]",
1215,9133,3,9,2023-07-23T13:14:50.995000+00:00,30.396,31.287,24.232,278.0,231.0,False,85.915,"[2048, 2048, 2048, 2048, 2049, 2048, 2048]","[2048, 2048, 2048, 2048, 2048, 2048, 2048, 2049]","[2049, 2049, 2048, 2048, 2048]",300.0
1215,9133,1,10,2023-07-23T13:15:52.072000+00:00,30.29,30.405,23.71,,230.0,False,84.405,"[None, 2048, 2048, 2048, 2048, 2048, 2048]","[2048, 2048, 2048, 2048, 2049, 2048, 2049, 2048]","[2048, 2048, 2048, 2048, 2048]",285.0
1215,9133,81,10,2023-07-23T13:15:55.260000+00:00,30.504,30.286,23.939,,239.0,False,84.729,"[None, 2048, 2048, 2048, 2048, 2048, 2048]","[2048, 2048, 2048, 2048, 2048, 2048, 2049, 2051]","[2048, 2048, 2048, 2048, 2048]",286.0
1215,9133,4,10,2023-07-23T13:15:57.291000+00:00,30.701,30.358,23.899,277.0,237.0,False,84.958,"[None, 2048, 2048, 2048, 2048, 2049, 2048]","[2048, 2048, 2048, 2048, 2048, 2048, 2048, 2049]","[2048, 2048, 2048, 2048]",287.0
1215,9133,44,10,2023-07-23T13:15:59.072000+00:00,30.669,30.615,23.839,,233.0,False,85.123,"[None, 2048, 2048, 2048, 2048, 2048, 2048]","[2048, 2048, 2048, 2048, 2049, 2048, 2048, 2048]","[2048, 2048, 2048, 2048, 2048]",286.0
1215,9133,16,10,2023-07-23T13:16:01.259000+00:00,30.397,30.636,24.019,276.0,234.0,False,85.052,"[None, 2048, 2049, 2049, 2048, 2048, 2048]","[2048, 2048, 2048, 2048, 2048, 2048, 2048, 2049]","[2048, 2048, 2048, 2048]",
1215,9133,55,10,2023-07-23T13:16:03.603000+00:00,30.527,30.746,23.981,274.0,234.0,False,85.254,"[None, 2048, 2048, 2048, 2048, 2049, 2048]","[2048, 2048, 2048, 2048, 2048, 2048, 2048, 2049]","[2049, 2048, 2048, 2049, 2048]",
1215,9133,11,10,2023-07-23T13:16:05.384000+00:00,30.62,30.642,23.929,280.0,233.0,False,85.191,"[None, 2048, 2049, 2048, 2048, 2048, 2048]","[2048, 2048, 2048, 2049, 2049, 2048, 2049, 2048]","[2048, 2049, 2048, 2048, 2048]",
1215,9133,14,10,2023-07-23T13:16:08.197000+00:00,30.524,31.033,23.946,,234.0,False,85.503,"[None, 2048, 2048, 2048, 2048, 2048, 2048]","[2049, 2048, 2048, 2048, 2048, 2048, 2049, 2049]","[2049, 2048, 2048, 2048]",
1215,9133,27,10,2023-07-23T13:16:09.056000+00:00,30.477,31.214,24.277,278.0,234.0,False,85.968,"[None, 2048, 2048, 2048, 2048, 2048, 2048]","[2048, 2048, 2048, 2048, 2048, 2048, 2048, 2049]","[2048, 2048, 2048, 2048, 2048]",304.0
1215,9133,63,10,2023-07-23T13:16:12.087000+00:00,30.378,30.794,24.062,262.0,231.0,False,85.234,"[None, 2049, 2048, 2049, 2049, 2048, 2048]","[2049, 2048, 2048, 2049, 2049, 2048, 2049, 2048]","[2048, 2048, 2048, 2048, 2048]",299.0
1215,9133,18,10,2023-07-23T13:16:12.337000+00:00,48.829,30.216,23.535,276.0,235.0,True,102.58,"[2064, 2064, 2048, 2048, 2049, 2048, 2048]","[2049, 2049, 2049, 2049, 2049, 2049, 2049, 2049]","[2048, 2049, 2049, 2049, 2048]",
1215,9133,22,10,2023-07-23T13:16:13.025000+00:00,53.629,30.946,23.622,275.0,233.0,True,108.197,"[2064, 2064, 2048, 2048, 2048, 2048, 2048]","[2048, 2048, 2049, 2049, 2048, 2049, 2048, 2048]","[2048, 2051, 2049, 2049, 0]",
1215,9133,20,10,2023-07-23T13:16:13.447000+00:00,30.779,31.322,24.343,273.0,231.0,False,86.444,"[None, 2048, 2049, 2048, 2048, 2048, 2048]","[2048, 2049, 2048, 2048, 2048, 2048, 2048, 2049]","[2048, 2048, 2048, 2048]",
1215,9133,77,10,2023-07-23T13:16:13.759000+00:00,49.219,30.568,23.656,276.0,233.0,True,103.443,"[2064, 2064, 2048, 2048, 2048, 2049, 2048]","[2048, 2049, 2049, 2049, 2048, 2049, 2049, 2048]","[2048, 2049, 2049, 2049, 0]",
1215,9133,24,10,2023-07-23T13:16:14.869000+00:00,30.6,30.948,26.637,278.0,237.0,False,88.185,"[None, 2048, 2048, 2048, 2048, 2049, 2049]","[2048, 2048, 2048, 2048, 2048, 2048, 2049, 2049]","[2049, 2048, 2048, 2064, 2064]",290.0
1215,9133,2,10,2023-07-23T13:16:15.900000+00:00,30.755,31.049,24.216,,234.0,False,86.02,"[None, 2048, 2048, 2048, 2048, 2048, 2048]","[2048, 2048, 2048, 2048, 2048, 2048, 2048, 2049]","[2048, 2049, 2049, 2048]",293.0
1215,9133,3,10,2023-07-23T13:16:16.775000+00:00,30.534,31.307,24.357,276.0,231.0,False,86.198,"[None, 2048, 2048, 2048, 2048, 2048, 2048]","[2049, 2048, 2048, 2048, 2048, 2048, 2048, 2048]","[2048, 2048, 2048, 2048]",299.0
1215,9133,23,10,2023-07-23T13:16:32.743000+00:00,30.868,30.866,24.067,275.0,235.0,False,85.801,"[2048, 2048, 2048, 2048, 2048, 2048, 2048]","[2048, 2048, 2048, 2048, 2048, 2048, 2048, 2048]","[2048, 2048, 2048, 2048]",288.0
1215,9133,1,11,2023-07-23T13:17:16.477000+00:00,30.318,30.352,23.792,278.0,232.0,False,84.462,"[None, 2048, 2048, 2048, 2048, 2048, 2048]","[2049, 2048, 2048, 2051, 2049, 2048, 2049, 2048]","[2049, 2048, 2048, 2048, 2048]",284.0
1215,9133,81,11,2023-07-23T13:17:19.961000+00:00,30.466,30.608,24.012,279.0,236.0,False,85.086,"[None, 2048, 2048, 2048, 2048, 2048, 2048]","[2048, 2048, 2048, 2048, 2048, 2048, 2048, 2048]","[2048, 2048, 2048, 2048]",
1215,9133,4,11,2023-07-23T13:17:22.242000+00:00,30.56,30.415,23.9,279.0,235.0,False,84.875,"[None, 2048, 2048, 2049, 2048, 2048, 2049]","[2048, 2048, 2048, 2049, 2048, 2048, 2048, 2048]","[2048, 2048, 2048, 2048]",286.0
1215,9133,44,11,2023-07-23T13:17:24.180000+00:00,30.688,30.623,23.842,271.0,232.0,False,85.153,"[None, 2048, 2048, 2048, 2048, 2048, 2048]","[2049, 2048, 2048, 2048, 2048, 2048, 2048, 2048]","[2048, 2049, 2048, 2048]",285.0
1215,9133,16,11,2023-07-23T13:17:26.320000+00:00,30.471,30.612,23.978,277.0,233.0,False,85.061,"[None, 2048, 2048, 2049, 2048, 2048, 2048]","[2049, 2048, 2048, 2048, 2048, 2048, 2048, 2048]","[2048, 2048, 2049, 2048, 2048]",288.0
1215,9133,55,11,2023-07-23T13:17:28.852000+00:00,30.424,30.923,24.196,276.0,231.0,False,85.543,"[None, 2048, 2048, 2048, 2048, 2049, 2049]","[2048, 2049, 2048, 2048, 2048, 2048, 2048, 2048]","[2048, 2048, 2048, 2048, 2048]",288.0
1215,9133,11,11,2023-07-23T13:17:30.586000+00:00,30.54,30.702,24.063,277.0,233.0,False,85.305,"[None, 2048, 2048, 2048, 2048, 2049, 2048]","[2048, 2048, 2049, 2049, 2048, 2048, 2048, 2048]","[2048, 2048, 2048, 2048]",288.0
1215,9133,14,11,2023-07-23T13:17:33.695000+00:00,30.508,30.702,23.954,279.0,234.0,False,85.164,"[None, 2048, 2048, 2048, 2049, 2048, 2048]","[2049, 2049, 2048, 2048, 2048, 2048, 2049, 2049]","[2048, 2048, 2048, 2048, 2048]",288.0
1215,9133,27,11,2023-07-23T13:17:34.992000+00:00,30.825,31.08,24.214,276.0,229.0,False,86.119,"[None, 2048, 2048, 2048, 2048, 2048, 2048]","[2049, 2048, 2048, 2048, 2048, 2048, 2048, 2048]","[2048, 2048, 2048, 2048, 2048]",289.0
1215,9133,63,11,2023-07-23T13:17:37.445000+00:00,30.857,30.841,23.997,248.0,229.0,False,85.695,"[None, 2048, 2049, 2048, 2049, 2048, 2048]","[2048, 2048, 2049, 2049, 2049, 2048, 2048, 2048]","[2048, 2049, 2048, 2049, 2048]",284.0
1215,9133,20,11,2023-07-23T13:17:39.930000+00:00,30.821,30.937,24.211,276.0,230.0,False,85.969,"[None, 2048, 2048, 2048, 2048, 2048, 2048]","[2049, 2048, 2048, 2048, 2049, 2048, 2049, 2048]","[2048, 2049, 2048, 2048]",288.0
1215,9133,2,11,2023-07-23T13:17:41.851000+00:00,30.702,30.773,24.145,270.0,234.0,False,85.62,"[None, 2048, 2049, 2048, 2048, 2048, 2048]","[2048, 2048, 2049, 2049, 2049, 2048, 2049, 2048]","[2048, 2049, 2048, 2049, 2048]",290.0
1215,9133,24,11,2023-07-23T13:17:42.914000+00:00,56.478,30.106,23.354,271.0,238.0,True,109.938,"[2064, 2064, 2048, 2048, 2048, 2048, 2048]","[2049, 2049, 2051, 2049, 2049, 2049, 2049, 2049]","[2048, 2049, 2051, 2049, 2048]",
1215,9133,3,11,2023-07-23T13:17:42.976000+00:00,30.763,31.104,24.136,,230.0,False,86.003,"[None, 2048, 2048, 2048, 2048, 2049, 2048]","[2048, 2048, 2049, 2048, 2049, 2048, 2049, 2049]","[2048, 2049, 2048, 2049, 2048]",285.0
1215,9133,18,11,2023-07-23T13:17:54.898000+00:00,30.364,30.586,23.881,277.0,233.0,False,84.831,"[2048, 2048, 2049, 2048, 2048, 2048, 2048]","[2048, 2048, 2048, 2048, 2048, 2048, 2048, 2048]","[2048, 2048, 2048, 2048]",287.0
1215,9133,77,11,2023-07-23T13:17:57.148000+00:00,30.367,30.301,23.578,275.0,234.0,False,84.246,"[2048, 2048, 2049, 2048, 2051, 2048, 2048]","[2049, 2049, 2048, 2049, 2049, 2048, 2048, 2048]","[2048, 2049, 2049, 2048]",286.0
1215,9133,23,11,2023-07-23T13:17:58.414000+00:00,30.396,30.563,23.875,273.0,235.0,False,84.834,"[None, 2048, 2049, 2048, 2048, 2048, 2048]","[2049, 2048, 2048, 2049, 2048, 2048, 2048, 2048]","[2048, 2048, 2048, 2048]",291.0
1215,9133,22,11,2023-07-23T13:18:01.210000+00:00,30.348,30.696,23.694,,232.0,False,84.738,"[2048, 2048, 2049, 2048, 2049, 2048, 2048]","[2048, 2049, 2049, 2049, 2048, 2048, 2048, 2048]","[2048, 2048, 2049, 2048]",284.0
1215,9133,1,12,2023-07-23T13:18:40.944000+00:00,30.274,30.285,23.747,277.0,232.0,False,84.306,"[None, 2049, 2048, 2048, 2048, 2048, 2049]","[2049, 2051, 2048, 2049, 2048, 2048, 2049, 2048]","[2049, 2048, 2048, 2048]",285.0
1215,9133,81,12,2023-07-23T13:18:45.069000+00:00,30.607,30.416,23.985,278.0,237.0,False,85.008,"[None, 2048, 2048, 2048, 2048, 2048, 2048]","[2048, 2048, 2048, 2049, 2048, 2048, 2048, 2048]","[2048, 2049, 2048, 2048, 2048]",287.0
1215,9133,4,12,2023-07-23T13:18:47.163000+00:00,30.631,30.43,23.94,280.0,236.0,False,85.001,"[None, 2048, 2048, 2049, 2048, 2048, 2049]","[2051, 2048, 2048, 2048, 2048, 2048, 2048, 2048]","[2049, 2048, 2048, 2048]",287.0
1215,9133,44,12,2023-07-23T13:18:49.381000+00:00,30.72,30.548,23.813,270.0,232.0,False,85.081,"[None, 2048, 2048, 2048, 2048, 2049, 2048]","[2048, 2048, 2048, 2051, 2049, 2048, 2048, 2048]","[2048, 2048, 2048, 2048]",287.0
1215,9133,16,12,2023-07-23T13:18:51.335000+00:00,30.514,30.583,24.139,,233.0,False,85.236,"[None, 2048, 2048, 2048, 2048, 2049, 2048]","[2049, 2049, 2048, 2048, 2048, 2048, 2048, 2048]","[2048, 2048, 2048, 2048]",289.0
1215,9133,55,12,2023-07-23T13:18:54.397000+00:00,30.504,30.75,24.112,274.0,233.0,False,85.366,"[None, 2048, 2048, 2048, 2048, 2049, 2048]","[2049, 2048, 2048, 2048, 2049, 2048, 2048, 2048]","[2048, 2048, 2048, 2048]",
1215,9133,11,12,2023-07-23T13:18:55.897000+00:00,30.56,30.674,24.016,280.0,235.0,False,85.25,"[None, 2048, 2049, 2048, 2048, 2049, 2048]","[2048, 2048, 2048, 2048, 2048, 2048, 2048, 2048]","[2048, 2048, 2048, 2048]",
1215,9133,14,12,2023-07-23T13:18:58.881000+00:00,30.494,30.714,23.963,,235.0,False,85.171,"[None, 2048, 2048, 2048, 2048, 2048, 2048]","[2048, 2048, 2049, 2049, 2049, 2048, 2049, 2049]","[2048, 2048, 2048, 2048, 2048]",
1215,9133,27,12,2023-07-23T13:19:01.084000+00:00,30.756,31.067,24.365,279.0,233.0,False,86.188,"[None, 2048, 2048, 2048, 2048, 2049, 2048]","[2049, 2048, 2048, 2049, 2048, 2048, 2049, 2048]","[2048, 2048, 2048, 2048]",
1215,9133,63,12,2023-07-23T13:19:03.241000+00:00,31.024,30.757,24.215,258.0,232.0,False,85.996,"[None, 2048, 2049, 2048, 2048, 2048, 2048]","[2048, 2048, 2048, 2048, 2049, 2048, 2048, 2048]","[2048, 2048, 2048, 2048, 2048]",276.0
1215,9133,20,12,2023-07-23T13:19:05.959000+00:00,30.679,30.96,24.344,277.0,232.0,False,85.983,"[None, 2048, 2048, 2048, 2048, 2048, 2048]","[2048, 2048, 2048, 2048, 2049, 2048, 2048, 2049]","[2049, 2048, 2048, 2048, 2048]",
1215,9133,2,12,2023-07-23T13:19:07.584000+00:00,30.576,30.924,24.199,271.0,233.0,False,85.699,"[None, 2048, 2049, 2048, 2048, 2048, 2048]","[2048, 2048, 2048, 2048, 2048, 2048, 2048, 2048]","[2048, 2048, 2049, 2048]",
1215,9133,3,12,2023-07-23T13:19:08.944000+00:00,30.58,31.054,24.157,,231.0,False,85.791,"[None, 2048, 2049, 2049, 2048, 2049, 2048]","[2049, 2049, 2048, 2049, 2048, 2048, 2049, 2048]","[2048, 2048, 2049, 2049, 2048]",284.0
1215,9133,18,12,2023-07-23T13:19:19.662000+00:00,30.476,30.617,23.766,278.0,233.0,False,84.859,"[None, 2048, 2048, 2048, 2048, 2048, 2048]","[2048, 2049, 2048, 2048, 2048, 2048, 2048, 2048]","[2048, 2048, 2048, 2048]",286.0
1215,9133,77,12,2023-07-23T13:19:21.397000+00:00,30.302,30.524,23.822,,232.0,False,84.648,"[None, 2048, 2049, 2048, 2048, 2048, 2048]","[2048, 2048, 2048, 2048, 2048, 2048, 2048, 2048]","[2048, 2048, 2048, 2048]",287.0
1215,9133,23,12,2023-07-23T13:19:23.287000+00:00,30.391,30.808,23.99,272.0,233.0,False,85.189,"[None, 2048, 2049, 2049, 2048, 2048, 2048]","[2048, 2048, 2048, 2048, 2048, 2048, 2048, 2048]","[2048, 2048, 2048, 2048, 2048]",289.0
1215,9133,22,12,2023-07-23T13:19:25.865000+00:00,30.364,30.612,23.825,271.0,232.0,False,84.801,"[None, 2048, 2048, 2048, 2049, 2048, 2048]","[2049, 2049, 2049, 2049, 2049, 2048, 2048, 2048]","[2048, 2048, 2048, 2048]",
1215,9133,24,12,2023-07-23T13:19:33.256000+00:00,30.12,30.084,23.539,273.0,237.0,False,83.743,"[2048, 2048, 2051, 2049, 2051, 2049, 2048]","[2049, 2051, 2048, 2048, 2049, 2048, 2048, 2048]","[2048, 2048, 2048, 2049]",284.0
1215,9133,1,13,2023-07-23T13:20:05.255000+00:00,30.336,30.307,23.712,,234.0,False,84.355,"[None, 2048, 2048, 2048, 2048, 2048, 2048]","[2048, 2049, 2048, 2048, 2048, 2048, 2049, 2048]","[2049, 2048, 2048, 2048]",284.0
1215,9133,81,13,2023-07-23T13:20:10.099000+00:00,30.469,30.363,23.943,,237.0,False,84.775,"[None, 2048, 2048, 2048, 2048, 2048, 2048]","[2048, 2049, 2048, 2049, 2048, 2048, 2048, 2048]","[2051, 2049, 2048, 2048]",285.0
1215,9133,4,13,2023-07-23T13:20:12.130000+00:00,30.533,30.396,24.162,279.0,236.0,False,85.091,"[None, 2048, 2048, 2049, 2048, 2049, 2049]","[2048, 2048, 2048, 2048, 2049, 2048, 2048, 2048]","[2049, 2048, 2048, 2048, 2048]",
1215,9133,44,13,2023-07-23T13:20:14.427000+00:00,30.585,30.481,23.987,271.0,232.0,False,85.053,"[None, 2048, 2048, 2049, 2048, 2048, 2048]","[2048, 2048, 2048, 2048, 2048, 2048, 2048, 2048]","[2048, 2048, 2048, 2048]",286.0
1215,9133,16,13,2023-07-23T13:20:16.599000+00:00,30.597,30.439,24.288,,235.0,False,85.324,"[None, 2048, 2048, 2049, 2048, 2048, 2048]","[2048, 2049, 2049, 2048, 2048, 2048, 2048, 2049]","[2049, 2048, 2048, 2048]",
1215,9133,55,13,2023-07-23T13:20:19.739000+00:00,30.413,30.874,24.265,276.0,234.0,False,85.552,"[None, 2048, 2048, 2048, 2048, 2048, 2048]","[2049, 2048, 2048, 2048, 2048, 2048, 2048, 2049]","[2049, 2048, 2048, 2048]",
1215,9133,11,13,2023-07-23T13:20:21.130000+00:00,30.448,30.479,24.15,281.0,235.0,False,85.077,"[None, 2048, 2048, 2048, 2048, 2049, 2048]","[2049, 2048, 2049, 2049, 2048, 2048, 2049, 2049]","[2049, 2048, 2048, 2048, 2048]",
1215,9133,14,13,2023-07-23T13:20:24.067000+00:00,30.675,30.702,24.082,280.0,234.0,False,85.459,"[None, 2048, 2048, 2048, 2048, 2048, 2048]","[2048, 2049, 2049, 2049, 2049, 2048, 2049, 2048]","[2048, 2048, 2048, 2048, 2048]",287.0
1215,9133,27,13,2023-07-23T13:20:27.317000+00:00,30.749,30.961,24.381,275.0,232.0,False,86.091,"[None, 2048, 2048, 2048, 2048, 2048, 2048]","[2048, 2048, 2048, 2048, 2048, 2048, 2048, 2048]","[2048, 2048, 2048, 2048, 2048]",287.0
1215,9133,63,13,2023-07-23T13:20:29.145000+00:00,30.965,30.84,24.163,259.0,232.0,False,85.968,"[None, 2048, 2048, 2048, 2049, 2048, 2048]","[2048, 2048, 2049, 2048, 2048, 2048, 2048, 2048]","[2048, 2048, 2048, 2048]",279.0
1215,9133,20,13,2023-07-23T13:20:31.942000+00:00,30.855,30.928,24.552,273.0,231.0,False,86.335,"[None, 2048, 2048, 2048, 2048, 2048, 2048]","[2048, 2049, 2048, 2048, 2048, 2048, 2048, 2048]","[2049, 2048, 2048, 2048]",287.0
1215,9133,2,13,2023-07-23T13:20:33.255000+00:00,30.605,30.771,26.821,273.0,236.0,False,88.197,"[None, 2048, 2048, 2048, 2049, 2048, 2048]","[2049, 2048, 2048, 2049, 2048, 2048, 2049, 2049]","[2049, 2048, 2048, 2064, 2064]",291.0
1215,9133,3,13,2023-07-23T13:20:35.145000+00:00,30.601,30.971,24.265,275.0,232.0,False,85.837,"[None, 2048, 2048, 2048, 2048, 2049, 2048]","[2048, 2048, 2048, 2048, 2049, 2048, 2049, 2049]","[2049, 2048, 2048, 2048]",
1215,9133,18,13,2023-07-23T13:20:44.583000+00:00,30.358,30.368,23.893,277.0,235.0,False,84.619,"[None, 2048, 2048, 2048, 2048, 2048, 2048]","[2048, 2048, 2048, 2048, 2048, 2048, 2049, 2049]","[2049, 2048, 2048, 2048]",
1215,9133,77,13,2023-07-23T13:20:46.161000+00:00,30.346,30.573,23.932,274.0,235.0,False,84.851,"[None, 2048, 2048, 2049, 2048, 2048, 2048]","[2048, 2048, 2048, 2048, 2048, 2048, 2049, 2048]","[2048, 2048, 2048, 2048]",286.0
1215,9133,23,13,2023-07-23T13:20:48.520000+00:00,30.404,30.623,24.051,271.0,235.0,False,85.078,"[None, 2048, 2048, 2049, 2048, 2048, 2048]","[2048, 2048, 2048, 2048, 2048, 2048, 2048, 2048]","[2049, 2048, 2048, 2048, 2048]",
1215,9133,22,13,2023-07-23T13:20:50.739000+00:00,30.468,30.65,23.943,275.0,234.0,False,85.061,"[None, 2048, 2048, 2049, 2048, 2048, 2048]","[2049, 2048, 2048, 2048, 2048, 2048, 2048, 2048]","[2049, 2048, 2048, 2048, 2048]",283.0
1215,9133,24,13,2023-07-23T13:20:56.692000+00:00,30.074,30.067,23.734,275.0,239.0,False,83.875,"[None, 2048, 2048, 2049, 2048, 2048, 2048]","[2048, 2051, 2048, 2048, 2048, 2048, 2049, 2048]","[2051, 2048, 2048, 2048, 2048]",285.0
1215,9133,1,14,2023-07-23T13:21:29.925000+00:00,30.251,30.2,23.75,276.0,235.0,False,84.201,"[None, 2048, 2048, 2048, 2048, 2048, 2048]","[2049, 2048, 2048, 2051, 2048, 2048, 2048, 2048]","[2049, 2048, 2048, 2048, 2048]",285.0
1215,9133,81,14,2023-07-23T13:21:34.847000+00:00,30.482,30.496,24.184,277.0,238.0,False,85.162,"[None, 2048, 2048, 2048, 2048, 2048, 2048]","[2048, 2048, 2048, 2048, 2048, 2048, 2051, 2048]","[2048, 2048, 2048, 2048, 2048]",287.0
1215,9133,4,14,2023-07-23T13:21:37.207000+00:00,30.592,30.441,23.975,278.0,237.0,False,85.008,"[None, 2049, 2048, 2048, 2048, 2048, 2048]","[2048, 2048, 2048, 2048, 2048, 2048, 2049, 2048]","[2049, 2048, 2048, 2048, 2048]",288.0
1215,9133,44,14,2023-07-23T13:21:39.488000+00:00,30.88,30.542,23.987,264.0,233.0,False,85.409,"[None, 2048, 2048, 2048, 2048, 2048, 2048]","[2048, 2048, 2048, 2048, 2048, 2048, 2048, 2048]","[2048, 2048, 2048, 2048, 2048]",284.0
1215,9133,16,14,2023-07-23T13:21:41.925000+00:00,30.601,30.723,24.351,274.0,232.0,False,85.675,"[None, 2048, 2048, 2048, 2048, 2048, 2048]","[2048, 2048, 2048, 2048, 2048, 2048, 2048, 2048]","[2048, 2048, 2048, 2048, 2048]",290.0
1215,9133,55,14,2023-07-23T13:21:45.347000+00:00,30.462,30.79,24.382,274.0,235.0,False,85.634,"[None, 2048, 2048, 2049, 2048, 2049, 2048]","[2048, 2049, 2048, 2048, 2048, 2048, 2049, 2049]","[2049, 2048, 2048, 2048, 2048]",290.0
1215,9133,11,14,2023-07-23T13:21:46.222000+00:00,30.422,30.764,24.069,,235.0,False,85.255,"[None, 2048, 2048, 2048, 2048, 2049, 2048]","[2048, 2048, 2048, 2048, 2049, 2048, 2048, 2048]","[2049, 2048, 2048, 2048]",303.0
1215,9133,14,14,2023-07-23T13:21:49.566000+00:00,30.416,30.8,24.034,279.0,230.0,False,85.25,"[None, 2048, 2048, 2048, 2048, 2048, 2048]","[2048, 2049, 2048, 2049, 2048, 2048, 2049, 2048]","[2048, 2048, 2048, 2048]",290.0
1215,9133,27,14,2023-07-23T13:21:53.378000+00:00,30.636,30.961,24.319,273.0,233.0,False,85.916,"[None, 2048, 2048, 2048, 2048, 2048, 2048]","[2048, 2048, 2048, 2048, 2048, 2048, 2049, 2048]","[2048, 2048, 2048, 2048]",289.0
1215,9133,63,14,2023-07-23T13:21:55.050000+00:00,30.769,30.838,24.239,264.0,233.0,False,85.846,"[None, 2048, 2048, 2048, 2048, 2048, 2048]","[2048, 2048, 2048, 2048, 2048, 2048, 2048, 2048]","[2048, 2048, 2048, 2048, 2048]",286.0
1215,9133,20,14,2023-07-23T13:21:58.284000+00:00,30.633,31.108,26.588,276.0,233.0,False,88.329,"[None, 2048, 2048, 2049, 2048, 2048, 2048]","[2048, 2048, 2048, 2048, 2048, 2048, 2049, 2048]","[2049, 2048, 2048, 2064, 2064]",290.0
1215,9133,3,14,2023-07-23T13:22:00.581000+00:00,30.536,30.768,24.203,,234.0,False,85.507,"[None, 2048, 2048, 2048, 2049, 2048, 2048]","[2049, 2049, 2049, 2049, 2048, 2048, 2048, 2049]","[2049, 2048, 2048, 2049]",285.0
1215,9133,2,14,2023-07-23T13:22:01.456000+00:00,51.358,30.749,23.786,273.0,239.0,True,105.893,"[2064, 2064, 2048, 2048, 2048, 2048, 2048]","[2048, 2048, 2049, 2048, 2049, 2049, 2049, 2049]","[2049, 2048, 2049, 2049, 0]",
1215,9133,18,14,2023-07-23T13:22:09.222000+00:00,30.379,30.422,23.809,279.0,237.0,False,84.61,"[None, 2048, 2048, 2048, 2048, 2048, 2048]","[2048, 2048, 2048, 2049, 2048, 2048, 2048, 2049]","[2049, 2048, 2048, 2048]",289.0
1215,9133,77,14,2023-07-23T13:22:10.956000+00:00,30.268,30.636,23.911,275.0,234.0,False,84.815,"[None, 2048, 2048, 2048, 2048, 2048, 2048]","[2048, 2048, 2048, 2048, 2048, 2048, 2048, 2048]","[2048, 2048, 2048, 2048]",289.0
1215,9133,23,14,2023-07-23T13:22:13.643000+00:00,30.39,30.626,24.08,,236.0,False,85.096,"[None, 2048, 2048, 2048, 2048, 2048, 2048]","[2048, 2048, 2049, 2048, 2048, 2048, 2048, 2048]","[2049, 2048, 2048, 2048]",292.0
1215,9133,22,14,2023-07-23T13:22:15.815000+00:00,30.602,30.601,23.928,277.0,235.0,False,85.131,"[None, 2048, 2048, 2048, 2048, 2048, 2048]","[2048, 2048, 2048, 2049, 2048, 2048, 2049, 2049]","[2049, 2048, 2048, 2048]",286.0
1215,9133,24,14,2023-07-23T13:22:20.565000+00:00,30.143,30.12,23.607,276.0,242.0,False,83.87,"[None, 2048, 2048, 2049, 2048, 2048, 2048]","[2048, 2048, 2048, 2048, 2048, 2048, 2049, 2051]","[2051, 2048, 2048, 2048]",289.0
1215,9133,1,15,2023-07-23T13:22:53.799000+00:00,30.331,30.156,23.634,277.0,237.0,False,84.121,"[None, 2048, 2048, 2048, 2048, 2048, 2048]","[2048, 2049, 2048, 2048, 2049, 2048, 2049, 2049]","[2048, 2048, 2048, 2048]",284.0
1215,9133,81,15,2023-07-23T13:23:00.018000+00:00,30.59,30.422,24.001,278.0,240.0,False,85.013,"[None, 2048, 2048, 2048, 2048, 2048, 2048]","[2048, 2048, 2048, 2048, 2048, 2048, 2048, 2049]","[2049, 2048, 2048, 2048]",285.0
1215,9133,4,15,2023-07-23T13:23:02.236000+00:00,30.541,30.374,23.954,279.0,237.0,False,84.869,"[None, 2048, 2048, 2048, 2048, 2048, 2048]","[2048, 2048, 2048, 2048, 2048, 2048, 2048, 2048]","[2048, 2048, 2048, 2049]",
1215,9133,44,15,2023-07-23T13:23:04.893000+00:00,30.764,30.877,24.007,269.0,232.0,False,85.648,"[None, 2048, 2048, 2048, 2048, 2048, 2048]","[2048, 2048, 2048, 2048, 2048, 2048, 2048, 2048]","[2048, 2048, 2048, 2048, 2048]",285.0
1215,9133,16,15,2023-07-23T13:23:07.564000+00:00,30.638,30.718,24.205,278.0,233.0,False,85.561,"[None, 2048, 2048, 2048, 2048, 2048, 2048]","[2048, 2048, 2048, 2048, 2048, 2048, 2048, 2048]","[2048, 2048, 2048, 2048]",288.0
1215,9133,55,15,2023-07-23T13:23:10.924000+00:00,30.93,30.853,26.726,,233.0,False,88.509,"[None, 2048, 2048, 2048, 2048, 2048, 2048]","[2048, 2048, 2048, 2048, 2048, 2048, 2048, 2048]","[2048, 2048, 2048, 2064, 2064]",289.0
1215,9133,11,15,2023-07-23T13:23:11.471000+00:00,30.852,31.14,24.264,274.0,233.0,False,86.256,"[None, 2048, 2048, 2048, 2048, 2048, 2048]","[2048, 2048, 2048, 2048, 2048, 2048, 2048, 2048]","[2048, 2048, 2048, 2048]",304.0
1215,9133,14,15,2023-07-23T13:23:14.736000+00:00,30.496,30.879,24.118,,232.0,False,85.493,"[None, 2048, 2048, 2048, 2048, 2048, 2048]","[2048, 2048, 2048, 2048, 2048, 2048, 2049, 2048]","[2048, 2048, 2048, 2048, 2048]",288.0
1215,9133,27,15,2023-07-23T13:23:19.283000+00:00,30.52,31.166,24.408,276.0,231.0,False,86.094,"[None, 2048, 2049, 2048, 2048, 2048, 2048]","[2048, 2048, 2048, 2048, 2048, 2048, 2048, 2048]","[2048, 2048, 2048, 2048]",288.0
1215,9133,63,15,2023-07-23T13:23:20.908000+00:00,30.765,30.819,24.176,260.0,233.0,False,85.76,"[None, 2048, 2048, 2048, 2049, 2048, 2048]","[2048, 2048, 2048, 2048, 2048, 2048, 2048, 2048]","[2048, 2048, 2048, 2048]",285.0
1215,9133,3,15,2023-07-23T13:23:26.095000+00:00,30.466,30.841,24.091,276.0,230.0,False,85.398,"[None, 2048, 2049, 2048, 2048, 2049, 2048]","[2048, 2049, 2048, 2049, 2048, 2048, 2048, 2048]","[2048, 2048, 2048, 2049, 2048]",283.0
1215,9133,20,15,2023-07-23T13:23:26.595000+00:00,49.929,30.637,23.72,273.0,234.0,True,104.286,"[2064, 2064, 2048, 2048, 2048, 2048, 2048]","[2048, 2049, 2048, 2048, 2048, 2049, 2048, 2049]","[2048, 2049, 2049, 2049, 2049]",
1215,9133,18,15,2023-07-23T13:23:33.705000+00:00,30.442,30.468,23.905,280.0,235.0,False,84.815,"[None, 2048, 2048, 2048, 2048, 2048, 2048]","[2048, 2048, 2048, 2048, 2048, 2048, 2048, 2048]","[2048, 2048, 2048, 2048]",287.0
1215,9133,77,15,2023-07-23T13:23:35.704000+00:00,30.242,30.749,23.929,276.0,234.0,False,84.92,"[None, 2048, 2048, 2049, 2048, 2049, 2048]","[2048, 2048, 2048, 2048, 2048, 2048, 2048, 2048]","[2048, 2048, 2048, 2048]",288.0
1215,9133,23,15,2023-07-23T13:23:38.642000+00:00,30.4,30.628,24.177,274.0,233.0,False,85.205,"[None, 2048, 2049, 2048, 2048, 2048, 2048]","[2048, 2048, 2048, 2049, 2048, 2048, 2049, 2048]","[2048, 2048, 2048, 2048]",291.0
1215,9133,22,15,2023-07-23T13:23:40.845000+00:00,30.457,30.691,23.898,,234.0,False,85.046,"[None, 2048, 2048, 2048, 2048, 2048, 2048]","[2048, 2048, 2048, 2048, 2048, 2048, 2048, 2048]","[2048, 2048, 2048, 2048]",285.0
1215,9133,24,15,2023-07-23T13:23:44.329000+00:00,30.39,30.723,23.882,273.0,236.0,False,84.995,"[None, 2048, 2048, 2048, 2048, 2048, 2048]","[2048, 2048, 2048, 2048, 2048, 2048, 2048, 2048]","[2048, 2048, 2048, 2048]",
1215,9133,2,15,2023-07-23T13:23:47.376000+00:00,30.256,30.776,24.168,274.0,232.0,False,85.2,"[2048, 2048, 2049, 2048, 2049, 2049, 2049]","[2048, 2048, 2048, 2049, 2049, 2048, 2048, 2048]","[2048, 2048, 2048, 2048, 2048]",290.0
1215,9133,1,16,2023-07-23T13:24:17.829000+00:00,30.364,30.315,23.694,,234.0,False,84.373,"[2049, 2049, 2048, 2048, 2048, 2048, 2048]","[2048, 2048, 2048, 2048, 2048, 2048, 2048, 2048]","[2048, 2049, 2048, 2048, 2048]",288.0
1215,9133,81,16,2023-07-23T13:24:25+00:00,30.557,30.486,23.996,276.0,239.0,False,85.039,"[None, 2048, 2048, 2049, 2048, 2048, 2048]","[2048, 2048, 2048, 2048, 2048, 2048, 2048, 2048]","[2048, 2048, 2048, 2048, 2048]",288.0
1215,9133,4,16,2023-07-23T13:24:27.079000+00:00,30.667,30.431,23.917,,238.0,False,85.015,"[2049, 2049, 2048, 2048, 2048, 2048, 2048]","[2048, 2048, 2048, 2048, 2048, 2048, 2048, 2048]","[2048, 2048, 2048, 2048, 2048]",289.0
1215,9133,44,16,2023-07-23T13:24:30.579000+00:00,30.933,30.498,26.36,270.0,235.0,False,87.791,"[None, 2048, 2048, 2048, 2048, 2048, 2048]","[2048, 2048, 2048, 2049, 2048, 2048, 2048, 2048]","[2048, 2048, 2048, 2064, 2064]",287.0
1215,9133,16,16,2023-07-23T13:24:33.157000+00:00,30.73,30.709,24.205,275.0,235.0,False,85.644,"[None, 2048, 2048, 2048, 2048, 2048, 2048]","[2048, 2048, 2048, 2048, 2048, 2048, 2048, 2048]","[2048, 2048, 2048, 2048]",290.0
1215,9133,11,16,2023-07-23T13:24:37.625000+00:00,30.104,30.609,23.982,279.0,234.0,False,84.695,"[None, 2048, 2049, 2051, 2048, 2048, 2048]","[2048, 2049, 2048, 2048, 2048, 2048, 2048, 2048]","[2048, 2048, 2048, 2048, 2048]",302.0
1215,9133,55,16,2023-07-23T13:24:39.422000+00:00,48.428,30.545,23.631,271.0,232.0,True,102.604,"[2064, 2064, 2048, 2048, 2048, 2048, 2048]","[2048, 2049, 2048, 2049, 2049, 2049, 2048, 2048]","[2048, 2049, 2049, 2048, 0]",
1215,9133,14,16,2023-07-23T13:24:40.250000+00:00,30.566,30.776,23.987,,234.0,False,85.329,"[None, 2048, 2048, 2048, 2048, 2048, 2048]","[2048, 2048, 2048, 2048, 2049, 2048, 2049, 2048]","[2048, 2048, 2048, 2048]",290.0
1215,9133,27,16,2023-07-23T13:24:45.391000+00:00,30.688,31.102,26.655,277.0,231.0,False,88.445,"[None, 2048, 2048, 2048, 2048, 2048, 2048]","[2048, 2048, 2048, 2048, 2048, 2048, 2048, 2048]","[2048, 2048, 2048, 2064, 2064]",
1215,9133,63,16,2023-07-23T13:24:46.703000+00:00,30.665,30.62,23.983,270.0,233.0,False,85.268,"[None, 2048, 2049, 2048, 2048, 2048, 2049]","[2049, 2048, 2049, 2048, 2048, 2048, 2049, 2049]","[2048, 2048, 2049, 2048]",287.0
1215,9133,3,16,2023-07-23T13:24:51.578000+00:00,30.378,30.872,23.983,,232.0,False,85.233,"[None, 2048, 2048, 2049, 2048, 2048, 2048]","[2048, 2048, 2048, 2048, 2048, 2048, 2048, 2048]","[2048, 2049, 2048, 2048]",284.0
1215,9133,18,16,2023-07-23T13:24:58.531000+00:00,30.521,30.983,24.008,277.0,231.0,False,85.512,"[None, 2048, 2048, 2048, 2048, 2048, 2048]","[2048, 2048, 2048, 2048, 2048, 2048, 2048, 2048]","[2048, 2048, 2048, 2048]",289.0
1215,9133,77,16,2023-07-23T13:25:00.625000+00:00,30.585,30.772,23.973,274.0,232.0,False,85.33,"[None, 2048, 2048, 2048, 2048, 2048, 2048]","[2048, 2048, 2048, 2048, 2048, 2048, 2048, 2048]","[2048, 2048, 2048, 2048]",289.0
1215,9133,23,16,2023-07-23T13:25:03.844000+00:00,30.499,30.978,24.069,267.0,232.0,False,85.546,"[None, 2048, 2048, 2048, 2048, 2048, 2048]","[2048, 2048, 2048, 2048, 2048, 2048, 2048, 2048]","[2048, 2048, 2048, 2048, 2048]",292.0
1215,9133,22,16,2023-07-23T13:25:05.890000+00:00,30.442,30.865,23.843,,233.0,False,85.15,"[None, 2048, 2048, 2048, 2048, 2048, 2048]","[2048, 2048, 2048, 2048, 2048, 2048, 2048, 2048]","[2048, 2048, 2048, 2048]",286.0
1215,9133,24,16,2023-07-23T13:25:09.328000+00:00,30.526,30.642,23.721,,235.0,False,84.889,"[None, 2048, 2048, 2048, 2048, 2048, 2048]","[2048, 2048, 2048, 2048, 2048, 2048, 2048, 2048]","[2048, 2048, 2048, 2048, 2048]",290.0
1215,9133,20,16,2023-07-23T13:25:10.922000+00:00,30.315,30.653,23.814,275.0,234.0,False,84.782,"[2048, 2048, 2049, 2048, 2049, 2048, 2048]","[2048, 2048, 2049, 2049, 2048, 2048, 2048, 2049]","[2048, 2048, 2049, 2048, 2048]",291.0
1215,9133,2,16,2023-07-23T13:25:12.609000+00:00,30.372,30.773,24.096,,230.0,False,85.241,"[None, 2048, 2048, 2048, 2048, 2048, 2048]","[2048, 2049, 2049, 2048, 2048, 2048, 2048, 2048]","[2048, 2048, 2049, 2048]",291.0
1215,9133,1,17,2023-07-23T13:25:42.327000+00:00,30.292,30.21,23.712,,235.0,False,84.214,"[2048, 2048, 2048, 2048, 2048, 2048, 2048]","[2048, 2048, 2048, 2048, 2048, 2048, 2048, 2049]","[2048, 2048, 2048, 2048, 2048]",285.0
1215,9133,81,17,2023-07-23T13:25:50.061000+00:00,30.573,30.288,23.958,275.0,238.0,False,84.819,"[None, 2048, 2048, 2048, 2048, 2048, 2048]","[2048, 2048, 2048, 2049, 2048, 2048, 2048, 2048]","[2048, 2048, 2048, 2048, 2048]",286.0
1215,9133,4,17,2023-07-23T13:25:52.124000+00:00,30.558,30.273,26.284,280.0,238.0,False,87.115,"[2048, 2048, 2048, 2048, 2048, 2049, 2049]","[2048, 2048, 2048, 2048, 2048, 2048, 2048, 2049]","[2048, 2048, 2048, 2064, 2064]",287.0
1215,9133,44,17,2023-07-23T13:25:58.311000+00:00,49.046,31.373,24.257,270.0,224.0,True,104.676,"[2064, 2064, 2048, 2048, 2048, 2048, 2048]","[2048, 2048, 2048, 2048, 2048, 2048, 2048, 2048]","[2048, 2048, 2048, 2048, 2048]",
1215,9133,16,17,2023-07-23T13:25:58.843000+00:00,30.677,30.523,26.226,277.0,230.0,False,87.426,"[None, 2048, 2048, 2048, 2048, 2048, 2048]","[2048, 2048, 2048, 2048, 2049, 2048, 2048, 2048]","[2048, 2048, 2048, 2064, 2064]",287.0
1215,9133,11,17,2023-07-23T13:26:02.452000+00:00,30.543,30.409,23.808,,238.0,False,84.76,"[None, 2048, 2048, 2048, 2048, 2048, 2048]","[2048, 2048, 2048, 2048, 2048, 2048, 2049, 2049]","[2049, 2049, 2048, 2048, 2048]",288.0
1215,9133,14,17,2023-07-23T13:26:05.467000+00:00,30.572,30.705,23.892,277.0,236.0,False,85.169,"[None, 2048, 2048, 2048, 2048, 2048, 2048]","[2048, 2048, 2048, 2048, 2048, 2048, 2048, 2049]","[2049, 2048, 2048, 2048]",288.0
1215,9133,63,17,2023-07-23T13:26:11.858000+00:00,30.469,30.69,24.056,258.0,233.0,False,85.215,"[None, 2048, 2049, 2048, 2048, 2048, 2048]","[2048, 2049, 2048, 2048, 2048, 2048, 2048, 2049]","[2048, 2048, 2048, 2048]",291.0
1215,9133,27,17,2023-07-23T13:26:13.702000+00:00,49.88,30.874,23.907,273.0,230.0,True,104.661,"[2064, 2064, 2048, 2048, 2048, 2048, 2048]","[2048, 2049, 2048, 2049, 2048, 2049, 2048, 2048]","[2048, 2049, 2049, 2048, 0]",
1215,9133,3,17,2023-07-23T13:26:16.733000+00:00,31.077,31.567,24.352,,231.0,False,86.996,"[None, 2048, 2048, 2048, 2048, 2048, 2048]","[2048, 2048, 2048, 2048, 2048, 2048, 2048, 2048]","[2048, 2048, 2048, 2048]",283.0
1215,9133,55,17,2023-07-23T13:26:22.061000+00:00,30.146,30.418,23.865,273.0,234.0,False,84.429,"[2048, 2048, 2049, 2049, 2049, 2048, 2048]","[2048, 2049, 2048, 2048, 2051, 2048, 2048, 2048]","[2048, 2048, 2048, 2049]",288.0
1215,9133,18,17,2023-07-23T13:26:24.155000+00:00,30.387,30.534,23.941,279.0,234.0,False,84.862,"[None, 2048, 2048, 2048, 2048, 2048, 2048]","[2048, 2048, 2048, 2048, 2048, 2048, 2048, 2048]","[2048, 2048, 2048, 2048]",288.0
1215,9133,77,17,2023-07-23T13:26:26.030000+00:00,30.435,30.662,23.898,276.0,234.0,False,84.995,"[None, 2048, 2048, 2048, 2048, 2048, 2048]","[2048, 2048, 2048, 2048, 2048, 2048, 2048, 2048]","[2048, 2048, 2048, 2048]",287.0
1215,9133,23,17,2023-07-23T13:26:29.498000+00:00,30.396,30.933,24.158,270.0,233.0,False,85.487,"[None, 2048, 2049, 2049, 2048, 2048, 2048]","[2048, 2048, 2048, 2048, 2048, 2048, 2048, 2048]","[2048, 2048, 2048, 2048]",289.0
1215,9133,22,17,2023-07-23T13:26:31.139000+00:00,30.596,30.795,24.047,,233.0,False,85.438,"[None, 2048, 2048, 2048, 2048, 2048, 2048]","[2048, 2048, 2048, 2048, 2048, 2048, 2048, 2048]","[2048, 2048, 2048, 2048]",285.0
1215,9133,24,17,2023-07-23T13:26:34.295000+00:00,30.609,31.04,24.058,275.0,234.0,False,85.707,"[None, 2048, 2048, 2048, 2048, 2048, 2048]","[2048, 2048, 2048, 2048, 2048, 2048, 2048, 2048]","[2048, 2048, 2048, 2048, 2048]",288.0
1215,9133,20,17,2023-07-23T13:26:35.670000+00:00,30.468,30.737,24.053,274.0,234.0,False,85.258,"[None, 2048, 2048, 2049, 2048, 2048, 2048]","[2048, 2048, 2048, 2048, 2048, 2048, 2048, 2048]","[2048, 2048, 2048, 2048, 2048]",290.0
1215,9133,2,17,2023-07-23T13:26:37.795000+00:00,30.62,30.668,23.947,276.0,232.0,False,85.235,"[None, 2048, 2048, 2048, 2048, 2048, 2048]","[2048, 2048, 2048, 2049, 2048, 2048, 2048, 2048]","[2048, 2049, 2048, 2048]",289.0
1215,9133,1,18,2023-07-23T13:27:06.513000+00:00,30.357,30.206,23.632,276.0,235.0,False,84.195,"[None, 2048, 2048, 2048, 2048, 2048, 2048]","[2048, 2048, 2048, 2048, 2048, 2048, 2048, 2048]","[2048, 2048, 2048, 2048]",
1215,9133,81,18,2023-07-23T13:27:14.888000+00:00,30.648,30.243,26.362,,238.0,False,87.253,"[None, 2048, 2048, 2048, 2048, 2048, 2048]","[2049, 2049, 2048, 2048, 2049, 2048, 2048, 2048]","[2048, 2048, 2048, 2064, 2064]",
1215,9133,4,18,2023-07-23T13:27:19.216000+00:00,47.894,29.492,23.142,273.0,239.0,True,100.528,"[2064, 2064, 2048, 2048, 2049, 2049, 2048]","[2048, 2049, 2049, 2049, 2049, 2051, 2051, 2049]","[2048, 2051, 2051, 2051, 0]",
1215,9133,16,18,2023-07-23T13:27:26.091000+00:00,55.3,30.123,23.714,274.0,236.0,True,109.137,"[2064, 2064, 2048, 2049, 2048, 2049, 2048]","[2048, 2049, 2049, 2049, 2048, 2049, 2048, 2049]","[2048, 2048, 2049, 2048, 0]",
1215,9133,11,18,2023-07-23T13:27:27.075000+00:00,30.541,30.328,23.824,278.0,236.0,False,84.693,"[None, 2048, 2048, 2048, 2048, 2048, 2048]","[2048, 2049, 2048, 2048, 2048, 2049, 2049, 2048]","[2048, 2049, 2049, 2048]",286.0
1215,9133,14,18,2023-07-23T13:27:30.732000+00:00,30.525,30.661,23.951,,235.0,False,85.137,"[None, 2048, 2048, 2048, 2048, 2048, 2048]","[2048, 2048, 2048, 2048, 2049, 2049, 2048, 2048]","[2048, 2049, 2048, 2048]",287.0
1215,9133,63,18,2023-07-23T13:27:37.075000+00:00,30.907,30.873,24.145,254.0,232.0,False,85.925,"[None, 2048, 2048, 2048, 2048, 2048, 2048]","[2048, 2048, 2048, 2048, 2048, 2048, 2048, 2049]","[2048, 2048, 2048, 2048]",283.0
1215,9133,44,18,2023-07-23T13:27:43.028000+00:00,30.705,31.142,23.919,264.0,227.0,False,85.766,"[2048, 2048, 2048, 2048, 2048, 2048, 2048]","[2048, 2048, 2048, 2048, 2048, 2048, 2048, 2048]","[2048, 2048, 2048, 2048, 2048]",283.0
1215,9133,3,18,2023-07-23T13:27:43.747000+00:00,30.733,31.457,26.76,277.0,231.0,False,88.95,"[None, 2048, 2048, 2048, 2048, 2048, 2048]","[2048, 2048, 2048, 2048, 2048, 2048, 2048, 2048]","[2048, 2048, 2048, 2064, 2064]",298.0
1215,9133,55,18,2023-07-23T13:27:46.388000+00:00,30.334,30.643,23.989,274.0,232.0,False,84.966,"[None, 2048, 2048, 2048, 2048, 2048, 2048]","[2048, 2048, 2048, 2048, 2048, 2048, 2048, 2048]","[2048, 2048, 2048, 2048]",289.0
1215,9133,18,18,2023-07-23T13:27:48.950000+00:00,30.564,30.614,23.98,280.0,235.0,False,85.158,"[None, 2048, 2048, 2048, 2048, 2048, 2048]","[2049, 2048, 2048, 2048, 2048, 2048, 2049, 2048]","[2048, 2048, 2048, 2048]",289.0
1215,9133,77,18,2023-07-23T13:27:50.950000+00:00,30.702,31.293,24.184,,233.0,False,86.179,"[None, 2048, 2048, 2048, 2048, 2048, 2049]","[2048, 2048, 2048, 2048, 2048, 2048, 2048, 2048]","[2048, 2048, 2048, 2048, 2048]",289.0
1215,9133,23,18,2023-07-23T13:27:54.887000+00:00,30.639,30.929,24.277,272.0,230.0,False,85.845,"[None, 2048, 2048, 2048, 2048, 2048, 2048]","[2048, 2048, 2048, 2048, 2048, 2048, 2048, 2048]","[2048, 2048, 2048, 2048, 2048]",
1215,9133,22,18,2023-07-23T13:27:56.466000+00:00,30.523,30.873,24.21,279.0,234.0,False,85.606,"[None, 2048, 2048, 2048, 2048, 2048, 2049]","[2048, 2048, 2048, 2048, 2048, 2048, 2048, 2048]","[2048, 2048, 2048, 2048, 2048]",
1215,9133,27,18,2023-07-23T13:27:58.481000+00:00,30.287,30.916,23.992,280.0,230.0,False,85.195,"[2048, 2048, 2049, 2048, 2048, 2049, 2049]","[2048, 2048, 2049, 2048, 2048, 2048, 2048, 2048]","[2048, 2049, 2048, 2048]",289.0
1215,9133,24,18,2023-07-23T13:28:00.028000+00:00,30.522,30.626,24.159,276.0,238.0,False,85.307,"[None, 2048, 2048, 2048, 2048, 2048, 2048]","[2048, 2048, 2048, 2048, 2048, 2048, 2048, 2048]","[2048, 2048, 2048, 2048]",289.0
1215,9133,20,18,2023-07-23T13:28:00.934000+00:00,30.361,30.779,24.198,276.0,235.0,False,85.338,"[None, 2048, 2048, 2048, 2048, 2048, 2048]","[2048, 2048, 2048, 2048, 2048, 2048, 2048, 2049]","[2048, 2048, 2048, 2048, 2048]",305.0
1215,9133,2,18,2023-07-23T13:28:03.043000+00:00,30.578,30.584,24.148,275.0,235.0,False,85.31,"[None, 2048, 2048, 2048, 2048, 2048, 2048]","[2049, 2049, 2048, 2048, 2048, 2048, 2048, 2048]","[2048, 2048, 2048, 2048]",290.0
1215,9133,1,19,2023-07-23T13:28:30.699000+00:00,30.324,30.217,23.855,278.0,235.0,False,84.396,"[None, 2048, 2048, 2048, 2048, 2048, 2049]","[2048, 2048, 2048, 2048, 2048, 2048, 2048, 2048]","[2048, 2048, 2048, 2048]",
1215,9133,81,19,2023-07-23T13:28:42.090000+00:00,48.376,30.427,23.76,279.0,236.0,True,102.563,"[2064, 2064, 2048, 2048, 2048, 2048, 2048]","[2048, 2049, 2048, 2048, 2048, 2049, 2048, 2048]","[2048, 2048, 2048, 2048, 2048]",
1215,9133,11,19,2023-07-23T13:28:51.777000+00:00,30.33,30.347,23.89,279.0,237.0,False,84.567,"[None, 2048, 2049, 2048, 2048, 2048, 2048]","[2048, 2048, 2048, 2048, 2049, 2048, 2048, 2048]","[2048, 2048, 2048, 2048]",
1215,9133,14,19,2023-07-23T13:28:55.808000+00:00,30.383,30.593,24.102,280.0,234.0,False,85.078,"[None, 2048, 2048, 2048, 2048, 2048, 2048]","[2049, 2048, 2048, 2048, 2049, 2048, 2048, 2048]","[2049, 2048, 2048, 2048]",
1215,9133,4,19,2023-07-23T13:28:59.761000+00:00,30.002,29.881,23.66,,238.0,False,83.543,"[2048, 2049, 2049, 2048, 2049, 2048, 2048]","[2048, 2049, 2048, 2048, 2048, 2048, 2048, 2048]","[2048, 2048, 2048, 2051]",288.0
1215,9133,63,19,2023-07-23T13:29:02.996000+00:00,30.837,30.544,24.042,263.0,234.0,False,85.423,"[None, 2048, 2048, 2048, 2048, 2048, 2048]","[2048, 2048, 2048, 2048, 2049, 2048, 2048, 2048]","[2048, 2048, 2048, 2049]",282.0
1215,9133,44,19,2023-07-23T13:29:08.683000+00:00,30.871,30.803,23.864,,229.0,False,85.538,"[None, 2048, 2048, 2049, 2048, 2048, 2048]","[2048, 2048, 2048, 2048, 2048, 2048, 2048, 2048]","[2048, 2048, 2048, 2048, 2049]",
1215,9133,55,19,2023-07-23T13:29:11.370000+00:00,30.231,30.565,23.997,,233.0,False,84.793,"[None, 2048, 2048, 2048, 2048, 2049, 2048]","[2048, 2048, 2048, 2049, 2048, 2048, 2048, 2048]","[2048, 2048, 2048, 2048]",288.0
1215,9133,3,19,2023-07-23T13:29:12.683000+00:00,49.268,31.158,24.077,275.0,228.0,True,104.503,"[2064, 2064, 2048, 2048, 2048, 2048, 2048]","[2048, 2048, 2048, 2048, 2048, 2049, 2048, 2048]","[2048, 2048, 2048, 2049, 2048]",
1215,9133,18,19,2023-07-23T13:29:14.073000+00:00,30.476,30.57,24.008,,236.0,False,85.054,"[None, 2048, 2048, 2048, 2048, 2048, 2048]","[2049, 2048, 2048, 2048, 2048, 2048, 2049, 2048]","[2048, 2048, 2048, 2048]",288.0
1215,9133,16,19,2023-07-23T13:29:15.355000+00:00,30.362,30.229,23.896,,237.0,False,84.487,"[2048, 2048, 2048, 2048, 2048, 2048, 2048]","[2048, 2049, 2048, 2048, 2048, 2048, 2049, 2048]","[2048, 2048, 2048, 2048]",289.0
1215,9133,77,19,2023-07-23T13:29:17.230000+00:00,30.507,30.655,24.15,271.0,234.0,False,85.312,"[None, 2048, 2048, 2048, 2048, 2048, 2048]","[2048, 2048, 2048, 2048, 2048, 2048, 2048, 2049]","[2048, 2048, 2048, 2048]",287.0
1215,9133,23,19,2023-07-23T13:29:20.792000+00:00,30.568,30.774,24.201,273.0,234.0,False,85.543,"[None, 2048, 2048, 2048, 2048, 2048, 2048]","[2049, 2048, 2048, 2048, 2048, 2048, 2048, 2048]","[2048, 2048, 2048, 2048]",
1215,9133,22,19,2023-07-23T13:29:22.167000+00:00,30.537,30.793,24.189,277.0,235.0,False,85.519,"[None, 2048, 2048, 2048, 2048, 2048, 2048]","[2048, 2048, 2048, 2048, 2048, 2048, 2048, 2048]","[2048, 2048, 2048, 2048, 2048]",
1215,9133,27,19,2023-07-23T13:29:23.683000+00:00,30.609,30.985,24.01,274.0,233.0,False,85.604,"[None, 2048, 2048, 2048, 2048, 2048, 2048]","[2048, 2048, 2048, 2048, 2048, 2048, 2048, 2048]","[2048, 2049, 2048, 2048]",288.0
1215,9133,24,19,2023-07-23T13:29:25.370000+00:00,30.733,30.668,24.142,274.0,238.0,False,85.543,"[None, 2048, 2048, 2048, 2048, 2048, 2048]","[2048, 2048, 2048, 2048, 2048, 2048, 2048, 2048]","[2048, 2048, 2048, 2048]",287.0
1215,9133,20,19,2023-07-23T13:29:26.308000+00:00,30.373,30.94,24.289,277.0,234.0,False,85.602,"[None, 2048, 2048, 2048, 2048, 2049, 2049]","[2048, 2048, 2048, 2048, 2048, 2048, 2048, 2048]","[2048, 2048, 2048, 2048]",306.0
1215,9133,2,19,2023-07-23T13:29:28.354000+00:00,30.405,30.607,24.187,279.0,235.0,False,85.199,"[None, 2048, 2048, 2049, 2048, 2048, 2049]","[2048, 2048, 2049, 2048, 2048, 2048, 2049, 2048]","[2048, 2049, 2048, 2048]",
1215,9133,1,20,2023-07-23T13:29:55.104000+00:00,30.213,30.134,23.718,,235.0,False,84.065,"[None, 2048, 2048, 2048, 2048, 2048, 2048]","[2048, 2048, 2048, 2048, 2049, 2048, 2048, 2048]","[2048, 2048, 2048, 2048]",286.0
1215,9133,11,20,2023-07-23T13:30:16.354000+00:00,30.334,30.318,23.868,,236.0,False,84.52,"[None, 2048, 2048, 2048, 2049, 2049, 2048]","[2048, 2048, 2048, 2048, 2048, 2048, 2049, 2048]","[2048, 2048, 2048, 2048, 2048]",287.0
1215,9133,14,20,2023-07-23T13:30:20.869000+00:00,30.453,30.66,26.722,279.0,235.0,False,87.835,"[None, 2048, 2048, 2048, 2048, 2048, 2048]","[2048, 2048, 2048, 2048, 2048, 2048, 2048, 2048]","[2049, 2048, 2048, 2064, 2064]",
1215,9133,4,20,2023-07-23T13:30:23.213000+00:00,30.352,29.906,23.683,277.0,239.0,False,83.941,"[None, 2048, 2048, 2048, 2048, 2048, 2048]","[2048, 2048, 2048, 2048, 2048, 2048, 2048, 2048]","[2048, 2048, 2048, 2048]",287.0
1215,9133,81,20,2023-07-23T13:30:24.713000+00:00,30.445,30.244,23.805,275.0,236.0,False,84.494,"[2048, 2048, 2048, 2048, 2048, 2048, 2048]","[2048, 2048, 2049, 2048, 2048, 2048, 2049, 2048]","[2048, 2048, 2048, 2048, 2049]",288.0
1215,9133,63,20,2023-07-23T13:30:28.525000+00:00,30.657,30.604,24.006,267.0,234.0,False,85.267,"[None, 2048, 2048, 2048, 2049, 2048, 2048]","[2049, 2048, 2048, 2048, 2048, 2048, 2048, 2048]","[2048, 2048, 2048, 2048]",284.0
1215,9133,44,20,2023-07-23T13:30:34.744000+00:00,30.43,30.221,23.607,,235.0,False,84.258,"[None, 2048, 2049, 2048, 2049, 2048, 2048]","[2048, 2049, 2048, 2048, 2049, 2049, 2048, 2048]","[2048, 2049, 2048, 2048]",282.0
1215,9133,55,20,2023-07-23T13:30:36.228000+00:00,30.227,30.507,23.774,275.0,235.0,False,84.508,"[None, 2048, 2048, 2048, 2048, 2048, 2048]","[2048, 2048, 2049, 2048, 2048, 2048, 2049, 2048]","[2048, 2048, 2048, 2048]",290.0
1215,9133,18,20,2023-07-23T13:30:39.119000+00:00,30.99,31.314,24.068,256.0,234.0,False,86.372,"[None, 2048, 2048, 2048, 2048, 2048, 2048]","[2048, 2048, 2048, 2048, 2048, 2048, 2048, 2048]","[2048, 2048, 2048, 2048]",289.0
1215,9133,16,20,2023-07-23T13:30:39.759000+00:00,30.16,30.258,23.957,273.0,234.0,False,84.375,"[2049, 2049, 2048, 2049, 2048, 2048, 2048]","[2048, 2048, 2048, 2048, 2049, 2048, 2049, 2048]","[2048, 2048, 2048, 2048, 2048]",305.0
1215,9133,77,20,2023-07-23T13:30:42.431000+00:00,30.369,30.543,23.995,279.0,235.0,False,84.907,"[None, 2048, 2048, 2049, 2048, 2048, 2048]","[2048, 2048, 2048, 2048, 2048, 2048, 2049, 2048]","[2049, 2048, 2048, 2048, 2048]",289.0
1215,9133,23,20,2023-07-23T13:30:46.259000+00:00,30.461,30.604,24.028,,235.0,False,85.093,"[None, 2048, 2048, 2048, 2048, 2048, 2048]","[2048, 2048, 2048, 2049, 2048, 2048, 2049, 2048]","[2049, 2048, 2048, 2048, 2048]",292.0
1215,9133,22,20,2023-07-23T13:30:47.619000+00:00,30.385,30.827,23.998,278.0,234.0,False,85.21,"[None, 2048, 2048, 2048, 2048, 2048, 2048]","[2048, 2048, 2048, 2048, 2048, 2048, 2049, 2048]","[2048, 2048, 2048, 2048]",287.0
1215,9133,27,20,2023-07-23T13:30:49.197000+00:00,30.323,30.951,24.047,276.0,233.0,False,85.321,"[None, 2048, 2048, 2048, 2048, 2049, 2048]","[2048, 2048, 2048, 2048, 2048, 2048, 2049, 2048]","[2048, 2048, 2048, 2048]",291.0
1215,9133,24,20,2023-07-23T13:30:50.790000+00:00,30.518,30.719,24.026,,238.0,False,85.263,"[None, 2048, 2048, 2048, 2048, 2048, 2048]","[2048, 2048, 2048, 2048, 2048, 2048, 2048, 2048]","[2048, 2048, 2048, 2048, 2048]",290.0
1215,9133,20,20,2023-07-23T13:30:51.759000+00:00,30.293,30.942,24.055,,232.0,False,85.29,"[None, 2048, 2048, 2049, 2048, 2048, 2048]","[2048, 2048, 2048, 2048, 2048, 2048, 2049, 2048]","[2048, 2048, 2048, 2048, 2048]",
1215,9133,2,20,2023-07-23T13:30:53.462000+00:00,30.391,30.532,23.96,,235.0,False,84.883,"[None, 2048, 2048, 2048, 2049, 2049, 2049]","[2048, 2049, 2048, 2048, 2048, 2048, 2049, 2048]","[2048, 2048, 2048, 2048, 2048]",291.0
1215,9133,3,20,2023-07-23T13:30:57.306000+00:00,30.313,30.7,23.847,,232.0,False,84.86,"[2048, 2048, 2048, 2048, 2049, 2049, 2048]","[2048, 2049, 2048, 2049, 2049, 2049, 2048, 2048]","[2048, 2049, 2049, 2049, 2049]",285.0
1215,9133,1,21,2023-07-23T13:31:19.165000+00:00,30.306,30.065,23.641,277.0,237.0,False,84.012,"[None, 2049, 2048, 2048, 2048, 2048, 2048]","[2048, 2048, 2048, 2048, 2048, 2048, 2049, 2049]","[2049, 2048, 2048, 2048]",287.0
1215,9133,11,21,2023-07-23T13:31:40.946000+00:00,30.47,30.225,23.843,278.0,233.0,False,84.538,"[None, 2048, 2048, 2048, 2048, 2048, 2048]","[2048, 2048, 2049, 2049, 2049, 2048, 2048, 2048]","[2048, 2048, 2048, 2048, 2048]",
1215,9133,4,21,2023-07-23T13:31:47.149000+00:00,30.296,29.839,23.364,,237.0,False,83.499,"[None, 2048, 2048, 2048, 2048, 2048, 2048]","[2048, 2048, 2048, 2048, 2048, 2048, 2051, 2048]","[2048, 2048, 2048, 2048]",
1215,9133,14,21,2023-07-23T13:31:49.055000+00:00,49.851,30.671,23.856,279.0,237.0,True,104.378,"[2064, 2064, 2048, 2048, 2048, 2048, 2049]","[2048, 2048, 2048, 2049, 2048, 2049, 2048, 2049]","[2048, 2048, 2048, 2048, 2048]",
1215,9133,81,21,2023-07-23T13:31:49.164000+00:00,30.345,30.134,23.493,277.0,241.0,False,83.972,"[None, 2048, 2048, 2048, 2048, 2048, 2048]","[2049, 2048, 2048, 2048, 2048, 2049, 2049, 2049]","[2049, 2049, 2049, 2048]",289.0
1215,9133,63,21,2023-07-23T13:31:53.805000+00:00,30.874,30.563,23.968,270.0,234.0,False,85.405,"[None, 2048, 2048, 2048, 2048, 2048, 2048]","[2049, 2048, 2048, 2048, 2048, 2048, 2048, 2048]","[2048, 2048, 2048, 2049]",285.0
1215,9133,44,21,2023-07-23T13:31:58.571000+00:00,30.444,30.447,23.512,262.0,233.0,False,84.403,"[None, 2048, 2048, 2048, 2048, 2048, 2048]","[2048, 2049, 2048, 2048, 2048, 2048, 2048, 2048]","[2048, 2049, 2049, 2049]",286.0
1215,9133,55,21,2023-07-23T13:32:00.758000+00:00,30.276,30.439,23.791,274.0,234.0,False,84.506,"[None, 2048, 2048, 2048, 2048, 2048, 2048]","[2048, 2048, 2048, 2048, 2048, 2049, 2049, 2048]","[2048, 2048, 2048, 2049]",291.0
1215,9133,16,21,2023-07-23T13:32:04.102000+00:00,30.366,30.358,23.83,272.0,236.0,False,84.554,"[2048, 2048, 2048, 2048, 2048, 2048, 2048]","[2048, 2048, 2048, 2048, 2048, 2048, 2048, 2048]","[2048, 2048, 2048, 2048]",289.0
1215,9133,18,21,2023-07-23T13:32:05.602000+00:00,30.846,30.788,23.799,277.0,236.0,False,85.433,"[None, 2048, 2048, 2048, 2048, 2048, 2048]","[2048, 2048, 2048, 2048, 2048, 2048, 2048, 2048]","[2048, 2048, 2048, 2048, 2048]",
1215,9133,77,21,2023-07-23T13:32:07.430000+00:00,30.736,30.618,23.987,275.0,235.0,False,85.341,"[None, 2048, 2048, 2048, 2048, 2048, 2048]","[2048, 2048, 2048, 2048, 2048, 2048, 2048, 2048]","[2048, 2048, 2048, 2048]",290.0
1215,9133,23,21,2023-07-23T13:32:11.430000+00:00,30.803,30.838,24.185,275.0,234.0,False,85.826,"[None, 2048, 2048, 2048, 2048, 2048, 2048]","[2049, 2048, 2048, 2048, 2048, 2048, 2048, 2048]","[2048, 2048, 2048, 2048, 2048]",290.0
1215,9133,22,21,2023-07-23T13:32:12.898000+00:00,30.706,30.913,24.02,279.0,234.0,False,85.639,"[None, 2048, 2048, 2048, 2048, 2048, 2048]","[2049, 2048, 2048, 2048, 2048, 2048, 2048, 2048]","[2048, 2048, 2048, 2048, 2048]",285.0
1215,9133,27,21,2023-07-23T13:32:14.664000+00:00,30.555,31.001,23.956,277.0,230.0,False,85.512,"[None, 2048, 2048, 2048, 2048, 2048, 2048]","[2048, 2048, 2048, 2049, 2048, 2048, 2048, 2048]","[2048, 2048, 2048, 2048, 2048]",290.0
1215,9133,24,21,2023-07-23T13:32:16.133000+00:00,30.629,30.814,24.224,275.0,234.0,False,85.667,"[None, 2048, 2048, 2048, 2048, 2048, 2048]","[2048, 2048, 2048, 2048, 2048, 2048, 2048, 2048]","[2048, 2048, 2048, 2048]",
1215,9133,20,21,2023-07-23T13:32:17.164000+00:00,30.717,30.99,24.102,,231.0,False,85.809,"[None, 2048, 2048, 2048, 2048, 2048, 2048]","[2048, 2048, 2048, 2048, 2048, 2048, 2048, 2048]","[2048, 2048, 2048, 2048, 2048]",291.0
1215,9133,2,21,2023-07-23T13:32:18.445000+00:00,30.695,30.741,24.232,,235.0,False,85.668,"[None, 2048, 2048, 2048, 2048, 2048, 2048]","[2048, 2048, 2048, 2048, 2048, 2048, 2048, 2048]","[2048, 2048, 2048, 2048, 2048]",
1215,9133,3,21,2023-07-23T13:32:22.133000+00:00,30.478,30.591,24.064,276.0,230.0,False,85.133,"[None, 2048, 2048, 2048, 2048, 2049, 2048]","[2048, 2049, 2049, 2049, 2048, 2049, 2049, 2048]","[2048, 2048, 2048, 2048, 2048]",284.0
1215,9133,1,22,2023-07-23T13:32:43.179000+00:00,30.326,30.345,23.689,,234.0,False,84.36,"[None, 2048, 2048, 2048, 2048, 2048, 2048]","[2048, 2048, 2048, 2048, 2048, 2048, 2048, 2048]","[2048, 2048, 2048, 2048, 2048]",286.0
1215,9133,11,22,2023-07-23T13:33:05.491000+00:00,30.427,30.657,23.887,279.0,237.0,False,84.971,"[None, 2048, 2048, 2048, 2048, 2049, 2048]","[2048, 2048, 2048, 2048, 2048, 2048, 2048, 2048]","[2048, 2048, 2048, 2048]",
1215,9133,4,22,2023-07-23T13:33:10.741000+00:00,30.326,30.049,23.506,278.0,238.0,False,83.881,"[None, 2048, 2048, 2049, 2048, 2048, 2048]","[2051, 2048, 2048, 2048, 2048, 2048, 2048, 2048]","[2048, 2048, 2048, 2051]",
1215,9133,81,22,2023-07-23T13:33:13.054000+00:00,30.29,30.072,23.529,,239.0,False,83.891,"[None, 2048, 2049, 2049, 2048, 2048, 2048]","[2048, 2048, 2048, 2048, 2048, 2048, 2048, 2049]","[2048, 2048, 2048, 2048, 2049]",288.0
1215,9133,63,22,2023-07-23T13:33:19.116000+00:00,30.824,30.657,23.847,263.0,234.0,False,85.328,"[None, 2048, 2048, 2048, 2048, 2048, 2048]","[2048, 2048, 2048, 2048, 2048, 2048, 2049, 2049]","[2048, 2049, 2048, 2049, 2048]",284.0
1215,9133,44,22,2023-07-23T13:33:22.866000+00:00,30.539,30.431,23.507,266.0,233.0,False,84.477,"[None, 2048, 2048, 2048, 2048, 2048, 2048]","[2048, 2048, 2048, 2048, 2048, 2048, 2048, 2048]","[2048, 2049, 2048, 2048, 2049]",
1215,9133,55,22,2023-07-23T13:33:25.163000+00:00,30.274,30.552,23.841,276.0,233.0,False,84.667,"[None, 2048, 2048, 2048, 2048, 2048, 2049]","[2049, 2048, 2048, 2048, 2048, 2048, 2048, 2048]","[2048, 2048, 2048, 2048, 2048]",
1215,9133,16,22,2023-07-23T13:33:28.678000+00:00,30.504,30.263,23.785,278.0,235.0,False,84.552,"[None, 2048, 2048, 2048, 2048, 2048, 2048]","[2049, 2048, 2048, 2048, 2048, 2048, 2048, 2048]","[2048, 2049, 2048, 2048]",
1215,9133,18,22,2023-07-23T13:33:31.194000+00:00,30.577,30.563,23.902,281.0,234.0,False,85.042,"[None, 2048, 2048, 2048, 2048, 2048, 2048]","[2048, 2048, 2048, 2048, 2048, 2048, 2048, 2048]","[2048, 2048, 2048, 2048]",
1215,9133,77,22,2023-07-23T13:33:32.678000+00:00,31.181,31.555,24.414,279.0,232.0,False,87.15,"[None, 2048, 2048, 2048, 2048, 2048, 2048]","[2048, 2048, 2048, 2048, 2048, 2048, 2048, 2048]","[2048, 2048, 2048, 2048, 2048]",
1215,9133,14,22,2023-07-23T13:33:33.163000+00:00,30.301,31.194,24.305,276.0,232.0,False,85.8,"[2049, 2049, 2048, 2051, 2048, 2048, 2048]","[2048, 2048, 2048, 2048, 2048, 2048, 2048, 2048]","[2048, 2048, 2048, 2048]",307.0
1215,9133,23,22,2023-07-23T13:33:37.272000+00:00,30.707,31.019,24.114,268.0,232.0,False,85.84,"[None, 2048, 2048, 2048, 2048, 2048, 2048]","[2048, 2048, 2048, 2048, 2048, 2048, 2048, 2048]","[2048, 2048, 2048, 2048]",291.0
1215,9133,22,22,2023-07-23T13:33:38.553000+00:00,30.71,31.093,24.108,,233.0,False,85.911,"[None, 2048, 2048, 2048, 2048, 2048, 2048]","[2048, 2048, 2048, 2048, 2048, 2048, 2048, 2048]","[2048, 2048, 2048, 2048, 2048]",287.0
1215,9133,27,22,2023-07-23T13:33:40.116000+00:00,30.433,31.427,23.922,279.0,229.0,False,85.782,"[None, 2048, 2048, 2048, 2048, 2048, 2048]","[2048, 2048, 2048, 2048, 2048, 2048, 2048, 2048]","[2048, 2048, 2048, 2048, 2049]",291.0
1215,9133,24,22,2023-07-23T13:33:41.803000+00:00,30.589,30.945,24.157,277.0,234.0,False,85.691,"[None, 2048, 2048, 2048, 2048, 2048, 2048]","[2048, 2048, 2048, 2048, 2048, 2048, 2048, 2048]","[2048, 2048, 2048, 2048, 2048]",
1215,9133,20,22,2023-07-23T13:33:42.992000+00:00,30.705,31.101,24.208,278.0,232.0,False,86.014,"[None, 2048, 2048, 2048, 2048, 2048, 2048]","[2048, 2048, 2048, 2048, 2048, 2048, 2048, 2048]","[2048, 2048, 2048, 2048, 2048]",292.0
1215,9133,2,22,2023-07-23T13:33:44.115000+00:00,30.519,31.145,24.335,281.0,231.0,False,85.999,"[None, 2048, 2048, 2049, 2048, 2048, 2049]","[2048, 2048, 2048, 2048, 2048, 2048, 2048, 2048]","[2048, 2048, 2048, 2048, 2048]",
1215,9133,3,22,2023-07-23T13:33:47.256000+00:00,30.284,30.874,23.855,277.0,232.0,False,85.013,"[None, 2048, 2049, 2048, 2048, 2048, 2048]","[2048, 2048, 2048, 2048, 2048, 2048, 2048, 2048]","[2048, 2049, 2049, 2048, 2048]",285.0
1215,9133,1,23,2023-07-23T13:34:07.537000+00:00,30.367,30.662,26.122,278.0,237.0,False,87.151,"[None, 2048, 2048, 2048, 2048, 2048, 2048]","[2051, 2048, 2048, 2048, 2048, 2048, 2048, 2049]","[2049, 2048, 2048, 2064, 2064]",287.0
1215,9133,11,23,2023-07-23T13:34:30.474000+00:00,30.456,30.427,23.903,,234.0,False,84.786,"[None, 2048, 2048, 2048, 2048, 2048, 2048]","[2048, 2048, 2049, 2048, 2049, 2048, 2048, 2048]","[2048, 2048, 2048, 2048, 2048]",
1215,9133,4,23,2023-07-23T13:34:34.615000+00:00,30.267,29.925,23.515,279.0,238.0,False,83.707,"[None, 2048, 2048, 2048, 2048, 2048, 2048]","[2048, 2048, 2048, 2048, 2048, 2048, 2048, 2048]","[2048, 2048, 2048, 2048, 2048]",288.0
1215,9133,81,23,2023-07-23T13:34:37.052000+00:00,30.298,30.208,23.617,279.0,237.0,False,84.123,"[2049, 2049, 2048, 2048, 2048, 2048, 2049]","[2048, 2048, 2048, 2048, 2048, 2048, 2048, 2048]","[2048, 2048, 2049, 2048]",289.0
1215,9133,63,23,2023-07-23T13:34:44.536000+00:00,30.747,30.578,23.937,268.0,234.0,False,85.262,"[None, 2048, 2048, 2048, 2048, 2048, 2048]","[2049, 2048, 2048, 2048, 2048, 2048, 2048, 2048]","[2048, 2048, 2048, 2048, 2048]",
1215,9133,44,23,2023-07-23T13:34:47.458000+00:00,30.397,30.212,23.676,273.0,235.0,False,84.285,"[None, 2048, 2048, 2049, 2048, 2048, 2048]","[2049, 2049, 2048, 2048, 2048, 2048, 2048, 2049]","[2048, 2048, 2048, 2048, 2048]",287.0
1215,9133,55,23,2023-07-23T13:34:49.896000+00:00,30.25,30.432,23.743,277.0,234.0,False,84.425,"[None, 2048, 2048, 2048, 2048, 2048, 2049]","[2048, 2049, 2048, 2048, 2048, 2048, 2048, 2048]","[2048, 2048, 2048, 2049, 2048]",
1215,9133,16,23,2023-07-23T13:34:53.317000+00:00,30.35,30.197,23.868,276.0,236.0,False,84.415,"[None, 2048, 2048, 2048, 2048, 2048, 2048]","[2048, 2048, 2048, 2048, 2048, 2048, 2048, 2048]","[2049, 2048, 2048, 2048, 2048]",290.0
1215,9133,18,23,2023-07-23T13:34:56.052000+00:00,30.612,30.653,24.143,280.0,236.0,False,85.408,"[None, 2048, 2048, 2048, 2048, 2048, 2048]","[2048, 2048, 2048, 2048, 2048, 2048, 2048, 2048]","[2048, 2048, 2048, 2048, 2048]",
1215,9133,14,23,2023-07-23T13:34:58.864000+00:00,30.646,30.684,23.995,278.0,234.0,False,85.325,"[2048, 2048, 2048, 2048, 2049, 2048, 2048]","[2048, 2048, 2049, 2048, 2048, 2048, 2048, 2048]","[2048, 2048, 2048, 2048, 2048]",288.0
1215,9133,77,23,2023-07-23T13:34:59.974000+00:00,30.515,31.078,24.212,275.0,233.0,False,85.805,"[None, 2048, 2048, 2048, 2048, 2048, 2048]","[2048, 2048, 2048, 2048, 2048, 2048, 2048, 2048]","[2048, 2048, 2048, 2048]",303.0
1215,9133,23,23,2023-07-23T13:35:03.083000+00:00,30.712,31.082,24.283,273.0,232.0,False,86.077,"[None, 2048, 2048, 2048, 2048, 2048, 2048]","[2048, 2048, 2048, 2048, 2048, 2048, 2048, 2048]","[2048, 2048, 2048, 2048]",
1215,9133,22,23,2023-07-23T13:35:04.458000+00:00,30.6,31.039,24.269,,234.0,False,85.908,"[None, 2048, 2048, 2048, 2048, 2048, 2048]","[2048, 2048, 2048, 2048, 2048, 2048, 2048, 2048]","[2048, 2048, 2048, 2048, 2048]",
1215,9133,27,23,2023-07-23T13:35:05.973000+00:00,30.516,31.379,24.204,276.0,232.0,False,86.099,"[None, 2048, 2048, 2048, 2048, 2048, 2048]","[2048, 2048, 2048, 2048, 2048, 2048, 2048, 2048]","[2048, 2048, 2048, 2048]",
1215,9133,24,23,2023-07-23T13:35:07.489000+00:00,30.532,31.183,24.233,280.0,233.0,False,85.948,"[None, 2048, 2048, 2048, 2048, 2048, 2049]","[2048, 2048, 2048, 2048, 2048, 2048, 2048, 2048]","[2048, 2048, 2048, 2048, 2048]",
1215,9133,20,23,2023-07-23T13:35:09.005000+00:00,30.588,31.004,24.339,277.0,234.0,False,85.931,"[None, 2048, 2048, 2048, 2048, 2048, 2048]","[2049, 2048, 2048, 2048, 2048, 2048, 2048, 2048]","[2048, 2048, 2048, 2048, 2048]",291.0
1215,9133,2,23,2023-07-23T13:35:10.098000+00:00,30.477,30.93,24.342,278.0,234.0,False,85.749,"[None, 2048, 2048, 2048, 2048, 2049, 2049]","[2048, 2048, 2048, 2048, 2048, 2048, 2048, 2048]","[2048, 2048, 2048, 2048]",
1215,9133,3,23,2023-07-23T13:35:12.270000+00:00,30.446,30.879,24.137,278.0,230.0,False,85.462,"[None, 2048, 2048, 2048, 2048, 2049, 2049]","[2048, 2049, 2048, 2048, 2048, 2048, 2048, 2048]","[2048, 2048, 2048, 2048]",286.0
1215,9133,1,24,2023-07-23T13:35:34.676000+00:00,48.429,30.204,23.374,266.0,235.0,True,102.007,"[2064, 2064, 2048, 2048, 2048, 2048, 2048]","[2048, 2048, 2048, 2051, 2048, 2048, 2048, 2048]","[2048, 2048, 2049, 2049, 2048]",
1215,9133,11,24,2023-07-23T13:35:55.285000+00:00,30.608,30.546,26.288,280.0,237.0,False,87.442,"[None, 2048, 2048, 2048, 2048, 2048, 2048]","[2048, 2048, 2048, 2048, 2048, 2048, 2048, 2048]","[2049, 2048, 2048, 2064, 2064]",288.0
1215,9133,4,24,2023-07-23T13:35:58.316000+00:00,30.39,29.876,23.581,280.0,241.0,False,83.847,"[None, 2048, 2048, 2048, 2048, 2048, 2048]","[2051, 2048, 2048, 2048, 2048, 2048, 2048, 2051]","[2049, 2048, 2048, 2048]",289.0
1215,9133,81,24,2023-07-23T13:36:01.144000+00:00,30.339,30.009,23.652,278.0,240.0,False,84.0,"[2048, 2049, 2048, 2048, 2048, 2048, 2048]","[2048, 2048, 2048, 2048, 2048, 2048, 2051, 2049]","[2048, 2048, 2048, 2048]",
1215,9133,63,24,2023-07-23T13:36:09.769000+00:00,30.653,30.472,23.892,276.0,234.0,False,85.017,"[None, 2048, 2048, 2048, 2048, 2048, 2048]","[2049, 2049, 2048, 2048, 2048, 2048, 2049, 2048]","[2048, 2048, 2048, 2048]",285.0
1215,9133,44,24,2023-07-23T13:36:11.738000+00:00,30.445,30.243,23.557,270.0,235.0,False,84.245,"[None, 2048, 2048, 2048, 2048, 2048, 2048]","[2048, 2048, 2048, 2048, 2048, 2049, 2048, 2048]","[2048, 2048, 2048, 2049, 2048]",
1215,9133,55,24,2023-07-23T13:36:14.300000+00:00,30.253,30.383,23.727,274.0,234.0,False,84.363,"[None, 2048, 2048, 2048, 2048, 2048, 2048]","[2048, 2048, 2048, 2048, 2048, 2048, 2048, 2049]","[2048, 2048, 2048, 2049]",
1215,9133,16,24,2023-07-23T13:36:17.769000+00:00,30.392,30.015,23.742,275.0,238.0,False,84.149,"[None, 2048, 2048, 2048, 2048, 2048, 2048]","[2049, 2048, 2048, 2049, 2049, 2048, 2048, 2049]","[2049, 2048, 2048, 2048, 2048]",289.0
1215,9133,18,24,2023-07-23T13:36:21.535000+00:00,30.544,30.704,23.885,,237.0,False,85.133,"[None, 2048, 2048, 2048, 2048, 2048, 2048]","[2048, 2048, 2048, 2048, 2048, 2048, 2048, 2049]","[2049, 2048, 2048, 2048, 2048]",288.0
1215,9133,14,24,2023-07-23T13:36:24.285000+00:00,30.564,30.867,23.879,279.0,232.0,False,85.31,"[None, 2048, 2048, 2048, 2048, 2048, 2048]","[2048, 2049, 2048, 2048, 2048, 2048, 2048, 2048]","[2048, 2048, 2048, 2048, 2048]",
1215,9133,77,24,2023-07-23T13:36:25.722000+00:00,30.848,30.872,24.071,274.0,235.0,False,85.791,"[None, 2048, 2048, 2048, 2048, 2048, 2048]","[2048, 2048, 2048, 2048, 2048, 2048, 2048, 2049]","[2048, 2048, 2048, 2048, 2048]",289.0
1215,9133,23,24,2023-07-23T13:36:29.175000+00:00,30.755,30.94,24.045,271.0,234.0,False,85.74,"[None, 2048, 2048, 2048, 2048, 2048, 2048]","[2048, 2048, 2048, 2048, 2048, 2048, 2048, 2048]","[2048, 2048, 2048, 2048]",
1215,9133,22,24,2023-07-23T13:36:30.378000+00:00,30.711,31.069,24.145,280.0,235.0,False,85.925,"[None, 2048, 2048, 2048, 2048, 2049, 2049]","[2048, 2048, 2048, 2048, 2048, 2048, 2048, 2048]","[2049, 2048, 2048, 2048, 2048]",286.0
1215,9133,27,24,2023-07-23T13:36:32.034000+00:00,30.578,31.196,24.091,278.0,230.0,False,85.865,"[None, 2048, 2048, 2048, 2048, 2048, 2048]","[2048, 2048, 2048, 2048, 2048, 2048, 2048, 2048]","[2048, 2048, 2048, 2048]",
1215,9133,24,24,2023-07-23T13:36:33.456000+00:00,30.607,31.09,24.216,278.0,236.0,False,85.913,"[None, 2048, 2048, 2048, 2048, 2048, 2048]","[2048, 2048, 2048, 2048, 2048, 2048, 2048, 2048]","[2048, 2048, 2048, 2048, 2048]",
1215,9133,20,24,2023-07-23T13:36:34.894000+00:00,30.663,30.934,24.334,276.0,234.0,False,85.931,"[None, 2048, 2048, 2048, 2048, 2048, 2048]","[2048, 2048, 2048, 2048, 2048, 2048, 2048, 2048]","[2048, 2048, 2048, 2048, 2048]",
1215,9133,2,24,2023-07-23T13:36:35.847000+00:00,30.559,31.117,24.424,276.0,234.0,False,86.1,"[None, 2048, 2048, 2048, 2048, 2048, 2048]","[2048, 2048, 2048, 2048, 2048, 2048, 2048, 2048]","[2048, 2048, 2048, 2048]",293.0
1215,9133,3,24,2023-07-23T13:36:37.737000+00:00,30.566,30.731,24.051,277.0,232.0,False,85.348,"[None, 2048, 2048, 2048, 2048, 2048, 2048]","[2048, 2049, 2048, 2048, 2048, 2048, 2048, 2048]","[2048, 2048, 2048, 2048, 2048]",
1215,9133,1,25,2023-07-23T13:37:16.705000+00:00,30.109,30.145,23.523,271.0,235.0,False,83.777,"[2048, 2048, 2048, 2048, 2049, 2048, 2048]","[2048, 2048, 2048, 2048, 2048, 2049, 2048, 2048]","[2048, 2049, 2048, 2048, 2049]",286.0
1215,9133,4,25,2023-07-23T13:37:22.080000+00:00,30.241,29.781,23.495,279.0,241.0,False,83.517,"[None, 2048, 2048, 2048, 2048, 2048, 2049]","[2051, 2049, 2048, 2048, 2048, 2048, 2048, 2048]","[2049, 2048, 2048, 2048, 2048]",
1215,9133,11,25,2023-07-23T13:37:22.737000+00:00,49.117,30.091,23.334,278.0,235.0,True,102.542,"[2064, 2064, 2048, 2048, 2048, 2048, 2048]","[2048, 2049, 2049, 2048, 2049, 2049, 2048, 2048]","[2048, 2051, 2049, 2049, 2048]",
1215,9133,81,25,2023-07-23T13:37:25.158000+00:00,30.349,29.945,23.636,279.0,241.0,False,83.93,"[2049, 2048, 2048, 2048, 2048, 2048, 2048]","[2048, 2051, 2048, 2048, 2048, 2048, 2048, 2051]","[2048, 2048, 2048, 2048]",
1215,9133,63,25,2023-07-23T13:37:34.830000+00:00,32.276,31.168,24.178,251.0,232.0,False,87.622,"[None, 2048, 2048, 2048, 2048, 2048, 2048]","[2048, 2048, 2048, 2048, 2048, 2048, 2048, 2048]","[2048, 2048, 2048, 2048]",
1215,9133,44,25,2023-07-23T13:37:36.002000+00:00,30.656,29.985,23.422,,236.0,False,84.063,"[None, 2048, 2048, 2048, 2048, 2048, 2048]","[2048, 2049, 2048, 2051, 2048, 2048, 2048, 2049]","[2048, 2049, 2048, 2048]",289.0
1215,9133,55,25,2023-07-23T13:37:38.736000+00:00,30.451,30.514,23.878,275.0,236.0,False,84.843,"[None, 2048, 2048, 2048, 2048, 2048, 2048]","[2049, 2048, 2048, 2048, 2048, 2048, 2048, 2049]","[2049, 2048, 2048, 2048]",
1215,9133,16,25,2023-07-23T13:37:41.893000+00:00,30.545,30.393,23.904,278.0,237.0,False,84.842,"[None, 2048, 2048, 2048, 2048, 2048, 2049]","[2048, 2048, 2048, 2048, 2048, 2048, 2048, 2048]","[2049, 2048, 2048, 2048, 2048]",290.0
1215,9133,18,25,2023-07-23T13:37:46.642000+00:00,30.63,30.571,23.981,,236.0,False,85.182,"[None, 2048, 2048, 2048, 2048, 2048, 2048]","[2048, 2048, 2048, 2048, 2048, 2048, 2048, 2049]","[2049, 2048, 2048, 2048]",289.0
1215,9133,14,25,2023-07-23T13:37:49.642000+00:00,30.447,30.628,23.683,281.0,233.0,False,84.758,"[None, 2048, 2048, 2048, 2049, 2048, 2048]","[2048, 2049, 2048, 2048, 2048, 2048, 2048, 2048]","[2048, 2049, 2049, 2048, 2049]",290.0
1215,9133,77,25,2023-07-23T13:37:51.517000+00:00,30.544,30.676,24.004,278.0,233.0,False,85.224,"[None, 2048, 2048, 2048, 2048, 2048, 2048]","[2048, 2049, 2048, 2048, 2048, 2048, 2048, 2048]","[2048, 2048, 2048, 2048, 2048]",
1215,9133,23,25,2023-07-23T13:37:54.908000+00:00,30.681,30.858,24.046,272.0,233.0,False,85.585,"[None, 2048, 2048, 2048, 2048, 2048, 2048]","[2048, 2048, 2048, 2048, 2048, 2048, 2048, 2048]","[2048, 2048, 2048, 2048, 2048]",
1215,9133,22,25,2023-07-23T13:37:56.283000+00:00,30.658,30.956,23.979,,234.0,False,85.593,"[None, 2048, 2048, 2048, 2048, 2048, 2048]","[2048, 2048, 2048, 2048, 2048, 2048, 2048, 2048]","[2048, 2048, 2048, 2048]",287.0
1215,9133,27,25,2023-07-23T13:37:57.877000+00:00,30.628,31.192,23.925,279.0,232.0,False,85.745,"[None, 2048, 2048, 2048, 2048, 2048, 2048]","[2048, 2048, 2048, 2048, 2048, 2048, 2048, 2048]","[2048, 2048, 2048, 2048, 2048]",292.0
1215,9133,24,25,2023-07-23T13:37:59.361000+00:00,30.677,30.919,24.18,279.0,235.0,False,85.776,"[None, 2048, 2048, 2048, 2048, 2048, 2048]","[2048, 2048, 2048, 2048, 2048, 2048, 2048, 2048]","[2048, 2048, 2048, 2048]",
1215,9133,20,25,2023-07-23T13:38:00.845000+00:00,30.694,30.999,24.323,278.0,231.0,False,86.016,"[None, 2048, 2048, 2048, 2048, 2048, 2048]","[2049, 2048, 2048, 2048, 2048, 2048, 2048, 2048]","[2048, 2048, 2048, 2048]",
1215,9133,2,25,2023-07-23T13:38:01.986000+00:00,30.656,30.985,24.279,275.0,233.0,False,85.92,"[None, 2048, 2048, 2048, 2048, 2048, 2048]","[2048, 2048, 2048, 2048, 2048, 2048, 2048, 2048]","[2048, 2048, 2048, 2048, 2048]",
1215,9133,3,25,2023-07-23T13:38:03.095000+00:00,30.51,31.057,24.107,276.0,230.0,False,85.674,"[None, 2048, 2048, 2048, 2048, 2048, 2048]","[2048, 2048, 2048, 2048, 2048, 2048, 2048, 2048]","[2048, 2048, 2048, 2048, 2048]",288.0
1215,9133,1,26,2023-07-23T13:38:40.454000+00:00,30.176,30.036,23.505,278.0,236.0,False,83.717,"[None, 2048, 2048, 2048, 2048, 2048, 2049]","[2048, 2048, 2048, 2049, 2048, 2048, 2048, 2048]","[2048, 2049, 2048, 2048, 2048]",287.0
1215,9133,4,26,2023-07-23T13:38:45.704000+00:00,30.369,29.821,23.542,281.0,242.0,False,83.732,"[None, 2048, 2048, 2048, 2048, 2048, 2049]","[2048, 2048, 2048, 2048, 2048, 2048, 2048, 2051]","[2049, 2048, 2048, 2048, 2048]",288.0
1215,9133,81,26,2023-07-23T13:38:49.001000+00:00,30.271,29.943,23.662,280.0,240.0,False,83.876,"[2048, 2049, 2049, 2048, 2048, 2048, 2049]","[2049, 2048, 2048, 2048, 2049, 2048, 2048, 2048]","[2048, 2048, 2048, 2048]",
1215,9133,44,26,2023-07-23T13:38:59.969000+00:00,30.371,29.909,23.686,269.0,238.0,False,83.966,"[None, 2048, 2048, 2048, 2048, 2048, 2048]","[2049, 2048, 2048, 2051, 2048, 2049, 2049, 2049]","[2048, 2049, 2048, 2048]",287.0
1215,9133,63,26,2023-07-23T13:39:02.297000+00:00,30.871,30.71,23.98,269.0,235.0,False,85.561,"[None, 2048, 2048, 2048, 2048, 2048, 2048]","[2048, 2048, 2048, 2048, 2048, 2048, 2048, 2048]","[2049, 2048, 2048, 2048, 2048]",286.0
1215,9133,55,26,2023-07-23T13:39:03.454000+00:00,30.471,30.613,24.112,278.0,236.0,False,85.196,"[None, 2048, 2048, 2048, 2048, 2048, 2049]","[2048, 2048, 2048, 2048, 2048, 2049, 2048, 2048]","[2049, 2048, 2048, 2048, 2048]",293.0
1215,9133,11,26,2023-07-23T13:39:05.250000+00:00,30.128,30.011,23.489,282.0,238.0,False,83.628,"[2048, 2048, 2049, 2048, 2049, 2049, 2049]","[2049, 2048, 2049, 2048, 2048, 2048, 2049, 2048]","[2048, 2048, 2048, 2048, 2051]",291.0
1215,9133,16,26,2023-07-23T13:39:06.750000+00:00,30.435,30.257,23.913,279.0,236.0,False,84.605,"[None, 2048, 2048, 2048, 2048, 2048, 2049]","[2048, 2048, 2049, 2048, 2048, 2048, 2048, 2048]","[2048, 2048, 2048, 2048]",285.0
1215,9133,18,26,2023-07-23T13:39:11.782000+00:00,30.592,30.548,23.988,282.0,236.0,False,85.128,"[None, 2048, 2048, 2048, 2048, 2048, 2048]","[2048, 2048, 2048, 2048, 2048, 2048, 2048, 2048]","[2048, 2048, 2048, 2048, 2048]",
1215,9133,14,26,2023-07-23T13:39:14.391000+00:00,30.323,30.481,23.793,282.0,232.0,False,84.597,"[None, 2048, 2049, 2048, 2048, 2048, 2049]","[2048, 2049, 2048, 2048, 2048, 2048, 2048, 2048]","[2048, 2048, 2048, 2048, 2048]",
1215,9133,77,26,2023-07-23T13:39:16.719000+00:00,30.716,30.67,24.103,276.0,235.0,False,85.489,"[None, 2048, 2048, 2048, 2048, 2048, 2048]","[2048, 2048, 2048, 2048, 2048, 2048, 2048, 2048]","[2048, 2048, 2048, 2048]",
1215,9133,23,26,2023-07-23T13:39:20.500000+00:00,30.752,30.799,24.061,273.0,234.0,False,85.612,"[None, 2048, 2048, 2048, 2048, 2048, 2048]","[2049, 2048, 2048, 2048, 2048, 2048, 2048, 2048]","[2048, 2048, 2048, 2048, 2048]",292.0
1215,9133,22,26,2023-07-23T13:39:21.875000+00:00,30.662,30.889,24.093,,232.0,False,85.644,"[None, 2048, 2048, 2048, 2048, 2048, 2048]","[2048, 2048, 2048, 2048, 2048, 2048, 2048, 2048]","[2048, 2048, 2048, 2048, 2048]",
1215,9133,27,26,2023-07-23T13:39:23.609000+00:00,30.568,31.087,23.926,278.0,231.0,False,85.581,"[None, 2048, 2048, 2048, 2048, 2048, 2048]","[2048, 2048, 2048, 2048, 2048, 2048, 2048, 2048]","[2048, 2048, 2048, 2048]",291.0
1215,9133,24,26,2023-07-23T13:39:25.125000+00:00,30.817,30.989,24.138,277.0,235.0,False,85.944,"[None, 2048, 2048, 2048, 2048, 2048, 2048]","[2048, 2048, 2048, 2048, 2048, 2048, 2048, 2048]","[2048, 2048, 2048, 2048, 2048]",291.0
1215,9133,20,26,2023-07-23T13:39:26.875000+00:00,30.718,31.003,24.411,,234.0,False,86.132,"[None, 2048, 2048, 2048, 2048, 2048, 2049]","[2048, 2048, 2048, 2048, 2048, 2048, 2048, 2048]","[2049, 2048, 2048, 2048, 2048]",290.0
1215,9133,2,26,2023-07-23T13:39:27.875000+00:00,30.882,31.123,24.095,273.0,235.0,False,86.1,"[None, 2048, 2048, 2048, 2048, 2048, 2048]","[2048, 2048, 2048, 2048, 2048, 2048, 2048, 2048]","[2048, 2048, 2048, 2048]",
1215,9133,3,26,2023-07-23T13:39:28.766000+00:00,30.422,31.516,24.271,274.0,230.0,False,86.209,"[None, 2048, 2048, 2048, 2048, 2048, 2048]","[2048, 2048, 2048, 2048, 2048, 2048, 2048, 2048]","[2048, 2048, 2048, 2048]",300.0
1215,9133,1,27,2023-07-23T13:40:04.171000+00:00,30.286,29.961,23.389,279.0,237.0,False,83.636,"[None, 2048, 2048, 2048, 2048, 2048, 2048]","[2048, 2048, 2048, 2049, 2049, 2048, 2048, 2048]","[2048, 2048, 2048, 2049]",286.0
1215,9133,4,27,2023-07-23T13:40:09.421000+00:00,30.413,29.963,23.688,,242.0,False,84.064,"[None, 2048, 2048, 2048, 2048, 2048, 2048]","[2048, 2048, 2048, 2048, 2048, 2048, 2048, 2048]","[2048, 2048, 2048, 2048, 2048]",
1215,9133,81,27,2023-07-23T13:40:12.968000+00:00,30.396,30.176,23.707,278.0,239.0,False,84.279,"[None, 2048, 2048, 2048, 2048, 2048, 2048]","[2048, 2048, 2048, 2048, 2048, 2048, 2048, 2048]","[2048, 2048, 2048, 2048, 2048]",288.0
1215,9133,44,27,2023-07-23T13:40:24.015000+00:00,30.52,30.132,23.541,273.0,235.0,False,84.193,"[None, 2048, 2048, 2048, 2048, 2048, 2048]","[2049, 2048, 2048, 2048, 2048, 2048, 2048, 2048]","[2048, 2048, 2048, 2048, 2048]",286.0
1215,9133,63,27,2023-07-23T13:40:27.999000+00:00,30.948,30.824,24.026,262.0,235.0,False,85.798,"[None, 2048, 2048, 2048, 2048, 2049, 2048]","[2048, 2048, 2048, 2048, 2048, 2048, 2048, 2048]","[2048, 2048, 2048, 2048, 2048]",287.0
1215,9133,55,27,2023-07-23T13:40:28.765000+00:00,31.246,31.645,24.188,277.0,235.0,False,87.079,"[None, 2049, 2048, 2048, 2048, 2048, 2048]","[2048, 2048, 2048, 2048, 2048, 2048, 2048, 2048]","[2048, 2048, 2048, 2048, 2048]",306.0
1215,9133,11,27,2023-07-23T13:40:28.921000+00:00,30.746,31.208,23.696,280.0,235.0,False,85.65,"[2051, 2048, 2048, 2048, 2048, 2048, 2048]","[2048, 2048, 2048, 2048, 2048, 2048, 2048, 2048]","[2048, 2048, 2048, 2048]",304.0
1215,9133,16,27,2023-07-23T13:40:31.358000+00:00,30.552,30.522,24.205,,237.0,False,85.279,"[None, 2048, 2048, 2048, 2048, 2048, 2049]","[2048, 2048, 2048, 2048, 2048, 2048, 2048, 2048]","[2048, 2048, 2048, 2048]",292.0
1215,9133,18,27,2023-07-23T13:40:36.905000+00:00,30.715,30.688,24.137,281.0,235.0,False,85.54,"[None, 2048, 2048, 2048, 2048, 2048, 2048]","[2048, 2048, 2048, 2048, 2048, 2048, 2048, 2048]","[2048, 2048, 2048, 2048, 2048]",
1215,9133,14,27,2023-07-23T13:40:38.967000+00:00,30.435,30.39,23.997,281.0,237.0,False,84.822,"[None, 2048, 2048, 2048, 2048, 2048, 2049]","[2048, 2048, 2049, 2048, 2048, 2048, 2049, 2049]","[2049, 2048, 2048, 2048, 2048]",
1215,9133,77,27,2023-07-23T13:40:42.233000+00:00,30.692,30.804,24.021,,236.0,False,85.517,"[None, 2048, 2048, 2048, 2048, 2048, 2048]","[2048, 2048, 2048, 2048, 2048, 2048, 2048, 2049]","[2048, 2048, 2048, 2048, 2048]",288.0
1215,9133,23,27,2023-07-23T13:40:46.092000+00:00,30.683,30.814,24.193,,234.0,False,85.69,"[None, 2048, 2048, 2048, 2048, 2048, 2048]","[2048, 2048, 2048, 2048, 2048, 2048, 2048, 2048]","[2048, 2048, 2048, 2048, 2048]",291.0
1215,9133,22,27,2023-07-23T13:40:47.545000+00:00,30.664,30.978,24.259,278.0,234.0,False,85.901,"[None, 2048, 2048, 2048, 2048, 2048, 2048]","[2048, 2048, 2048, 2048, 2048, 2048, 2048, 2048]","[2048, 2048, 2048, 2048]",
1215,9133,27,27,2023-07-23T13:40:49.170000+00:00,30.545,31.189,24.11,277.0,231.0,False,85.844,"[None, 2048, 2048, 2048, 2048, 2048, 2048]","[2048, 2048, 2048, 2048, 2048, 2048, 2048, 2048]","[2048, 2048, 2048, 2048, 2048]",
1215,9133,24,27,2023-07-23T13:40:51.077000+00:00,30.629,31.008,24.192,,235.0,False,85.829,"[None, 2048, 2048, 2048, 2048, 2048, 2048]","[2048, 2048, 2048, 2048, 2048, 2048, 2048, 2048]","[2048, 2048, 2048, 2048]",289.0
1215,9133,20,27,2023-07-23T13:40:52.998000+00:00,30.909,31.055,24.314,275.0,234.0,False,86.278,"[None, 2048, 2048, 2048, 2048, 2048, 2048]","[2048, 2048, 2048, 2048, 2048, 2048, 2048, 2048]","[2048, 2048, 2048, 2048]",
1215,9133,2,27,2023-07-23T13:40:53.983000+00:00,30.751,31.085,24.351,,234.0,False,86.187,"[None, 2048, 2048, 2048, 2048, 2048, 2048]","[2048, 2048, 2048, 2048, 2048, 2048, 2048, 2048]","[2048, 2048, 2048, 2048, 2048]",292.0
1215,9133,3,27,2023-07-23T13:40:54.967000+00:00,30.534,31.255,24.297,276.0,232.0,False,86.086,"[None, 2048, 2048, 2048, 2048, 2048, 2048]","[2048, 2048, 2048, 2048, 2048, 2048, 2048, 2048]","[2048, 2048, 2048, 2048]",301.0
1215,9133,1,28,2023-07-23T13:41:27.857000+00:00,30.161,30.061,23.465,278.0,236.0,False,83.687,"[2049, 2048, 2048, 2048, 2048, 2048, 2048]","[2048, 2048, 2048, 2048, 2048, 2048, 2048, 2048]","[2048, 2048, 2048, 2048, 2048]",288.0
1215,9133,4,28,2023-07-23T13:41:33.482000+00:00,30.533,30.161,23.759,279.0,240.0,False,84.453,"[2049, 2048, 2048, 2048, 2048, 2048, 2048]","[2048, 2048, 2048, 2048, 2048, 2048, 2048, 2048]","[2048, 2048, 2048, 2048]",289.0
1215,9133,81,28,2023-07-23T13:41:37.263000+00:00,30.359,30.351,23.829,,241.0,False,84.539,"[2049, 2049, 2048, 2048, 2048, 2048, 2048]","[2049, 2048, 2048, 2048, 2048, 2048, 2048, 2048]","[2048, 2048, 2048, 2048]",290.0
1215,9133,44,28,2023-07-23T13:41:48.232000+00:00,30.527,30.076,23.483,,238.0,False,84.086,"[None, 2048, 2048, 2048, 2048, 2048, 2048]","[2048, 2048, 2048, 2048, 2048, 2048, 2048, 2049]","[2049, 2048, 2048, 2048, 2048]",288.0
1215,9133,63,28,2023-07-23T13:41:53.763000+00:00,31.389,31.399,26.501,267.0,234.0,False,89.289,"[None, 2048, 2048, 2048, 2048, 2048, 2048]","[2048, 2048, 2048, 2048, 2048, 2048, 2048, 2048]","[2048, 2048, 2048, 2064, 2064]",288.0
1215,9133,11,28,2023-07-23T13:41:54.419000+00:00,30.387,30.082,23.504,278.0,240.0,False,83.973,"[2048, 2048, 2048, 2048, 2048, 2048, 2048]","[2048, 2048, 2048, 2048, 2048, 2048, 2048, 2049]","[2048, 2048, 2048, 2048]",308.0
1215,9133,55,28,2023-07-23T13:41:55.841000+00:00,30.477,30.913,24.178,281.0,236.0,False,85.568,"[None, 2048, 2048, 2048, 2048, 2048, 2049]","[2048, 2048, 2048, 2048, 2048, 2048, 2048, 2048]","[2049, 2048, 2048, 2048, 2048]",295.0
1215,9133,16,28,2023-07-23T13:41:56.669000+00:00,30.374,30.785,24.284,283.0,237.0,False,85.443,"[2049, 2049, 2048, 2048, 2048, 2048, 2048]","[2048, 2048, 2048, 2048, 2048, 2048, 2048, 2048]","[2049, 2048, 2048, 2048]",308.0
1215,9133,18,28,2023-07-23T13:42:02.435000+00:00,30.688,30.647,24.175,,237.0,False,85.51,"[None, 2048, 2048, 2048, 2048, 2048, 2048]","[2048, 2048, 2048, 2048, 2048, 2048, 2048, 2048]","[2049, 2048, 2048, 2048, 2048]",290.0
1215,9133,14,28,2023-07-23T13:42:03.794000+00:00,30.315,30.615,23.984,283.0,237.0,False,84.914,"[None, 2048, 2048, 2048, 2048, 2048, 2049]","[2048, 2048, 2048, 2048, 2048, 2048, 2049, 2048]","[2049, 2048, 2048, 2048, 2048]",294.0
1215,9133,77,28,2023-07-23T13:42:07.763000+00:00,30.591,30.546,24.089,278.0,234.0,False,85.226,"[None, 2048, 2048, 2048, 2048, 2048, 2048]","[2049, 2048, 2048, 2048, 2048, 2048, 2048, 2048]","[2048, 2048, 2048, 2048]",291.0
1215,9133,23,28,2023-07-23T13:42:11.763000+00:00,30.645,30.877,24.102,,233.0,False,85.624,"[None, 2048, 2048, 2048, 2048, 2048, 2048]","[2048, 2048, 2048, 2048, 2048, 2048, 2048, 2048]","[2048, 2048, 2048, 2048, 2048]",293.0
1215,9133,22,28,2023-07-23T13:42:13.419000+00:00,30.731,30.889,24.061,277.0,235.0,False,85.681,"[None, 2048, 2048, 2048, 2048, 2048, 2048]","[2048, 2048, 2048, 2048, 2048, 2048, 2048, 2048]","[2048, 2048, 2048, 2048]",289.0
1215,9133,27,28,2023-07-23T13:42:15.060000+00:00,30.728,31.259,24.049,276.0,231.0,False,86.036,"[None, 2048, 2048, 2048, 2048, 2048, 2048]","[2048, 2048, 2048, 2048, 2048, 2048, 2048, 2048]","[2048, 2048, 2048, 2048]",294.0
1215,9133,24,28,2023-07-23T13:42:16.919000+00:00,,30.899,24.096,280.0,237.0,False,85.624,"[None, 2048, 2048, 2048, 2048, 2048, 2048]","[2048, 2048, 2048, 2048, 2048, 2048, 2048, 2048]","[2048, 2048, 2048, 2048, 2048]",292.0
1215,9133,20,28,2023-07-23T13:42:19.278000+00:00,30.79,31.151,24.185,276.0,232.0,False,86.126,"[None, 2048, 2048, 2048, 2048, 2048, 2048]","[2048, 2048, 2048, 2048, 2048, 2048, 2048, 2048]","[2048, 2048, 2048, 2048, 2048]",292.0
1215,9133,2,28,2023-07-23T13:42:20.184000+00:00,30.565,31.263,24.303,275.0,232.0,False,86.131,"[None, 2048, 2048, 2048, 2048, 2048, 2048]","[2048, 2048, 2048, 2048, 2048, 2048, 2048, 2048]","[2048, 2048, 2048, 2048, 2048]",306.0
1215,9133,3,28,2023-07-23T13:42:21.059000+00:00,30.453,31.371,24.02,,231.0,False,85.844,"[None, 2048, 2048, 2048, 2048, 2048, 2049]","[2048, 2048, 2048, 2048, 2048, 2048, 2048, 2048]","[2048, 2048, 2048, 2048, 2049]",292.0
1215,9133,1,29,2023-07-23T13:42:51.543000+00:00,30.21,30.048,23.504,279.0,236.0,False,83.762,"[None, 2048, 2048, 2048, 2048, 2048, 2049]","[2048, 2048, 2048, 2048, 2048, 2048, 2048, 2048]","[2048, 2048, 2048, 2048]",289.0
1215,9133,4,29,2023-07-23T13:42:57.934000+00:00,30.447,29.972,23.717,281.0,242.0,False,84.136,"[2048, 2048, 2048, 2048, 2048, 2048, 2048]","[2048, 2048, 2048, 2048, 2048, 2048, 2048, 2048]","[2048, 2048, 2048, 2048, 2048]",290.0
1215,9133,81,29,2023-07-23T13:43:01.777000+00:00,30.576,30.253,23.949,280.0,240.0,False,84.778,"[2048, 2048, 2048, 2048, 2048, 2048, 2048]","[2048, 2048, 2048, 2048, 2048, 2048, 2048, 2048]","[2048, 2048, 2048, 2048, 2048]",
1215,9133,44,29,2023-07-23T13:43:12.305000+00:00,30.368,30.152,23.535,268.0,237.0,False,84.055,"[None, 2048, 2048, 2048, 2048, 2048, 2048]","[2048, 2048, 2048, 2048, 2048, 2048, 2049, 2048]","[2048, 2048, 2048, 2048]",
1215,9133,11,29,2023-07-23T13:43:18.408000+00:00,30.013,29.849,23.333,281.0,239.0,False,83.195,"[None, 2048, 2049, 2048, 2048, 2049, 2048]","[2048, 2048, 2048, 2049, 2048, 2049, 2048, 2048]","[2048, 2048, 2048, 2049]",291.0
1215,9133,55,29,2023-07-23T13:43:21.315000+00:00,29.973,30.456,23.836,274.0,236.0,False,84.265,"[2049, 2048, 2048, 2049, 2048, 2048, 2048]","[2048, 2048, 2048, 2049, 2048, 2048, 2048, 2049]","[2048, 2048, 2048, 2048]",306.0
1215,9133,16,29,2023-07-23T13:43:21.986000+00:00,30.118,30.424,24.03,281.0,237.0,False,84.572,"[None, 2049, 2048, 2048, 2048, 2048, 2049]","[2048, 2048, 2048, 2048, 2048, 2048, 2048, 2048]","[2049, 2048, 2048, 2048]",310.0
1215,9133,63,29,2023-07-23T13:43:23.033000+00:00,48.648,31.183,23.776,269.0,231.0,True,103.607,"[2064, 2064, 2048, 2048, 2048, 2049, 2049]","[2048, 2048, 2049, 2048, 2048, 2049, 2048, 2048]","[2048, 2048, 2049, 2048, 0]",
1215,9133,18,29,2023-07-23T13:43:27.955000+00:00,31.616,31.126,24.314,283.0,233.0,False,87.056,"[None, 2048, 2048, 2048, 2048, 2048, 2051]","[2048, 2048, 2048, 2048, 2048, 2048, 2048, 2048]","[2048, 2048, 2048, 2048]",281.0
1215,9133,14,29,2023-07-23T13:43:28.721000+00:00,30.225,30.413,23.943,281.0,234.0,False,84.581,"[None, 2049, 2048, 2048, 2048, 2048, 2048]","[2048, 2048, 2048, 2048, 2048, 2048, 2048, 2048]","[2048, 2048, 2048, 2048]",305.0
1215,9133,77,29,2023-07-23T13:43:33.002000+00:00,30.524,30.606,24.222,,235.0,False,85.352,"[None, 2048, 2048, 2048, 2048, 2048, 2048]","[2048, 2048, 2048, 2048, 2048, 2048, 2049, 2049]","[2048, 2048, 2048, 2048]",290.0
1215,9133,23,29,2023-07-23T13:43:37.471000+00:00,30.592,30.879,24.121,272.0,235.0,False,85.592,"[None, 2048, 2048, 2048, 2048, 2048, 2048]","[2048, 2048, 2048, 2048, 2048, 2048, 2048, 2048]","[2048, 2048, 2048, 2048]",
1215,9133,22,29,2023-07-23T13:43:39.111000+00:00,30.677,30.865,24.194,279.0,236.0,False,85.736,"[None, 2048, 2048, 2048, 2048, 2048, 2049]","[2048, 2048, 2048, 2048, 2048, 2048, 2048, 2049]","[2048, 2048, 2048, 2048]",288.0
1215,9133,27,29,2023-07-23T13:43:41.049000+00:00,30.498,30.897,23.921,281.0,232.0,False,85.316,"[None, 2048, 2048, 2048, 2048, 2048, 2049]","[2048, 2048, 2048, 2048, 2048, 2048, 2048, 2048]","[2048, 2048, 2048, 2048, 2048]",293.0
1215,9133,24,29,2023-07-23T13:43:42.533000+00:00,30.777,31.243,24.387,,235.0,False,86.407,"[None, 2048, 2048, 2048, 2048, 2048, 2048]","[2048, 2048, 2048, 2048, 2048, 2048, 2048, 2048]","[2048, 2048, 2048, 2048, 2048]",
1215,9133,20,29,2023-07-23T13:43:45.408000+00:00,30.661,31.09,24.453,279.0,232.0,False,86.204,"[None, 2048, 2048, 2048, 2048, 2048, 2049]","[2048, 2048, 2048, 2048, 2048, 2048, 2048, 2048]","[2048, 2048, 2048, 2048]",
1215,9133,2,29,2023-07-23T13:43:46.283000+00:00,30.42,31.233,24.345,274.0,232.0,False,85.998,"[2049, 2049, 2048, 2049, 2048, 2048, 2048]","[2048, 2048, 2048, 2048, 2048, 2048, 2048, 2048]","[2048, 2048, 2048, 2048]",307.0
1215,9133,3,29,2023-07-23T13:43:46.908000+00:00,30.401,31.543,26.403,277.0,233.0,False,88.347,"[2049, 2048, 2048, 2048, 2048, 2048, 2048]","[2048, 2048, 2048, 2048, 2048, 2048, 2048, 2048]","[2048, 2048, 2048, 2064, 2064]",306.0
1215,9133,1,30,2023-07-23T13:44:15.282000+00:00,30.068,30.108,23.448,277.0,236.0,False,83.624,"[None, 2049, 2048, 2048, 2048, 2048, 2048]","[2048, 2048, 2048, 2049, 2048, 2048, 2048, 2048]","[2048, 2048, 2048, 2051, 2048]",290.0
1215,9133,4,30,2023-07-23T13:44:22.079000+00:00,30.374,29.875,23.794,278.0,241.0,False,84.043,"[2049, 2048, 2048, 2048, 2048, 2048, 2048]","[2048, 2048, 2048, 2048, 2048, 2048, 2048, 2049]","[2048, 2048, 2048, 2048]",291.0
1215,9133,81,30,2023-07-23T13:44:26.548000+00:00,30.713,29.923,23.837,277.0,242.0,False,84.473,"[None, 2049, 2048, 2048, 2048, 2048, 2048]","[2048, 2048, 2048, 2049, 2051, 2048, 2048, 2051]","[2049, 2048, 2048, 2048, 2048]",291.0
1215,9133,44,30,2023-07-23T13:44:36.376000+00:00,30.356,29.879,23.514,269.0,238.0,False,83.749,"[None, 2048, 2048, 2048, 2048, 2048, 2048]","[2048, 2048, 2049, 2051, 2049, 2048, 2048, 2049]","[2048, 2048, 2048, 2049, 2048]",
1215,9133,11,30,2023-07-23T13:44:41.626000+00:00,29.993,29.722,23.371,280.0,240.0,False,83.086,"[None, 2048, 2048, 2048, 2048, 2048, 2048]","[2048, 2049, 2049, 2048, 2049, 2048, 2048, 2049]","[2048, 2048, 2048, 2048, 2048]",
1215,9133,55,30,2023-07-23T13:44:45.657000+00:00,30.194,30.201,23.878,275.0,235.0,False,84.273,"[2048, 2048, 2048, 2048, 2048, 2048, 2048]","[2048, 2048, 2049, 2049, 2048, 2048, 2048, 2048]","[2048, 2048, 2048, 2048]",292.0
1215,9133,16,30,2023-07-23T13:44:46.641000+00:00,30.182,30.215,23.986,280.0,239.0,False,84.383,"[2048, 2048, 2048, 2048, 2048, 2048, 2048]","[2048, 2048, 2048, 2048, 2048, 2048, 2049, 2049]","[2049, 2048, 2048, 2048, 2048]",307.0
1215,9133,14,30,2023-07-23T13:44:53.172000+00:00,30.424,30.465,23.923,279.0,233.0,False,84.812,"[None, 2048, 2048, 2048, 2048, 2048, 2048]","[2048, 2048, 2048, 2048, 2048, 2048, 2048, 2048]","[2048, 2048, 2048, 2048, 2048]",290.0
1215,9133,18,30,2023-07-23T13:44:54.954000+00:00,30.74,30.723,24.212,280.0,237.0,False,85.675,"[None, 2048, 2048, 2048, 2048, 2048, 2048]","[2048, 2048, 2048, 2048, 2048, 2048, 2048, 2048]","[2048, 2048, 2048, 2048, 2048]",292.0
1215,9133,77,30,2023-07-23T13:44:58.219000+00:00,30.53,30.681,24.05,,238.0,False,85.261,"[None, 2048, 2048, 2048, 2048, 2048, 2048]","[2048, 2048, 2048, 2048, 2048, 2048, 2048, 2049]","[2049, 2048, 2048, 2048, 2048]",
1215,9133,23,30,2023-07-23T13:45:02.938000+00:00,30.626,30.837,24.019,274.0,235.0,False,85.482,"[None, 2048, 2048, 2048, 2048, 2048, 2048]","[2048, 2048, 2048, 2048, 2048, 2048, 2048, 2048]","[2049, 2048, 2048, 2048, 2048]",
1215,9133,22,30,2023-07-23T13:45:04.766000+00:00,30.712,30.879,24.161,,236.0,False,85.752,"[None, 2048, 2048, 2048, 2048, 2048, 2048]","[2049, 2048, 2048, 2048, 2048, 2048, 2048, 2048]","[2049, 2048, 2048, 2048, 2048]",
1215,9133,27,30,2023-07-23T13:45:06.281000+00:00,31.073,31.492,24.038,277.0,235.0,False,86.603,"[None, 2048, 2048, 2048, 2048, 2048, 2048]","[2048, 2048, 2048, 2048, 2048, 2048, 2048, 2048]","[2049, 2048, 2048, 2048]",295.0
1215,9133,63,30,2023-07-23T13:45:06.750000+00:00,30.225,30.469,23.682,248.0,234.0,False,84.376,"[2049, 2049, 2048, 2048, 2048, 2048, 2048]","[2048, 2049, 2048, 2048, 2048, 2049, 2048, 2048]","[2048, 2049, 2049, 2048]",306.0
1215,9133,24,30,2023-07-23T13:45:08.953000+00:00,30.699,31.172,24.167,278.0,235.0,False,86.038,"[None, 2048, 2048, 2048, 2048, 2048, 2048]","[2048, 2048, 2048, 2048, 2048, 2048, 2048, 2048]","[2048, 2048, 2048, 2048, 2048]",293.0
1215,9133,20,30,2023-07-23T13:45:11.610000+00:00,30.774,31.139,24.417,278.0,233.0,False,86.33,"[None, 2048, 2048, 2048, 2048, 2048, 2048]","[2048, 2048, 2048, 2048, 2048, 2048, 2048, 2048]","[2048, 2048, 2048, 2048, 2048]",293.0
1215,9133,2,30,2023-07-23T13:45:12.297000+00:00,30.651,31.39,24.305,275.0,233.0,False,86.346,"[None, 2048, 2048, 2048, 2048, 2051, 2048]","[2048, 2048, 2048, 2048, 2048, 2048, 2048, 2048]","[2048, 2048, 2048, 2048]",308.0
1215,9133,3,30,2023-07-23T13:45:15.219000+00:00,48.873,30.269,23.667,277.0,235.0,True,102.809,"[2064, 2064, 2048, 2048, 2048, 2049, 2048]","[2048, 2049, 2049, 2049, 2049, 2049, 2048, 2049]","[2049, 2049, 2049, 2049, 2049]",
1215,9133,1,31,2023-07-23T13:45:38.906000+00:00,30.35,29.744,23.496,279.0,240.0,False,83.59,"[2048, 2048, 2048, 2048, 2048, 2048, 2049]","[2048, 2048, 2048, 2048, 2049, 2048, 2048, 2049]","[2049, 2048, 2048, 2048]",289.0
1215,9133,4,31,2023-07-23T13:45:46.109000+00:00,30.519,30.053,23.717,281.0,242.0,False,84.289,"[2048, 2048, 2048, 2048, 2048, 2048, 2048]","[2048, 2048, 2048, 2048, 2048, 2048, 2048, 2048]","[2049, 2048, 2048, 2048]",289.0
1215,9133,81,31,2023-07-23T13:45:51.031000+00:00,30.47,30.13,23.973,279.0,244.0,False,84.573,"[None, 2048, 2048, 2048, 2048, 2048, 2048]","[2048, 2048, 2048, 2048, 2048, 2048, 2048, 2051]","[2051, 2048, 2048, 2048]",290.0
1215,9133,44,31,2023-07-23T13:46:00.093000+00:00,30.432,29.915,23.505,261.0,238.0,False,83.852,"[None, 2048, 2048, 2048, 2048, 2049, 2048]","[2048, 2049, 2048, 2048, 2048, 2048, 2048, 2048]","[2048, 2049, 2048, 2048, 2048]",
1215,9133,11,31,2023-07-23T13:46:04.796000+00:00,30.081,29.805,23.46,281.0,240.0,False,83.346,"[None, 2048, 2048, 2048, 2048, 2049, 2049]","[2048, 2048, 2048, 2049, 2048, 2048, 2048, 2049]","[2048, 2048, 2048, 2048, 2048]",290.0
1215,9133,55,31,2023-07-23T13:46:09.968000+00:00,30.392,30.117,23.764,276.0,238.0,False,84.273,"[None, 2048, 2048, 2048, 2048, 2048, 2048]","[2049, 2048, 2048, 2048, 2048, 2049, 2049, 2049]","[2048, 2048, 2048, 2048, 2048]",291.0
1215,9133,16,31,2023-07-23T13:46:10.999000+00:00,30.299,30.192,24.025,282.0,239.0,False,84.516,"[None, 2049, 2048, 2048, 2048, 2048, 2048]","[2048, 2048, 2048, 2048, 2048, 2048, 2049, 2049]","[2048, 2048, 2048, 2048, 2048]",306.0
1215,9133,14,31,2023-07-23T13:46:18.093000+00:00,30.55,30.297,23.818,,234.0,False,84.665,"[None, 2048, 2048, 2048, 2048, 2048, 2048]","[2048, 2048, 2048, 2048, 2049, 2049, 2048, 2048]","[2048, 2048, 2048, 2048, 2048]",289.0
1215,9133,18,31,2023-07-23T13:46:20.671000+00:00,30.736,30.569,24.107,282.0,236.0,False,85.412,"[None, 2048, 2048, 2048, 2048, 2048, 2048]","[2048, 2048, 2048, 2048, 2048, 2049, 2049, 2049]","[2048, 2048, 2048, 2048, 2048]",290.0
1215,9133,77,31,2023-07-23T13:46:23.593000+00:00,30.605,30.4,24.152,279.0,235.0,False,85.157,"[None, 2048, 2048, 2048, 2048, 2048, 2048]","[2048, 2048, 2049, 2048, 2048, 2048, 2048, 2048]","[2048, 2048, 2048, 2048]",288.0
1215,9133,23,31,2023-07-23T13:46:28.514000+00:00,30.648,30.769,26.415,275.0,234.0,False,87.832,"[None, 2048, 2048, 2048, 2048, 2048, 2048]","[2048, 2048, 2048, 2048, 2048, 2048, 2048, 2048]","[2048, 2048, 2048, 2064, 2064]",291.0
1215,9133,22,31,2023-07-23T13:46:30.577000+00:00,31.105,31.146,24.125,280.0,236.0,False,86.376,"[None, 2048, 2048, 2048, 2048, 2048, 2049]","[2048, 2048, 2048, 2048, 2048, 2048, 2048, 2049]","[2048, 2048, 2048, 2048, 2048]",286.0
1215,9133,63,31,2023-07-23T13:46:30.983000+00:00,29.978,29.843,23.419,262.0,236.0,False,83.24,"[2048, 2049, 2048, 2048, 2049, 2048, 2048]","[2048, 2049, 2048, 2049, 2049, 2049, 2048, 2049]","[2049, 2049, 2049, 2049, 2048]",304.0
1215,9133,27,31,2023-07-23T13:46:32.983000+00:00,30.581,30.803,24.125,278.0,235.0,False,85.509,"[None, 2048, 2048, 2048, 2048, 2048, 2048]","[2048, 2048, 2048, 2048, 2049, 2049, 2048, 2049]","[2048, 2048, 2048, 2048]",293.0
1215,9133,24,31,2023-07-23T13:46:34.983000+00:00,30.726,31.179,24.151,279.0,233.0,False,86.056,"[None, 2048, 2048, 2048, 2048, 2048, 2049]","[2048, 2048, 2048, 2048, 2048, 2048, 2048, 2048]","[2048, 2048, 2048, 2048, 2048]",291.0
1215,9133,20,31,2023-07-23T13:46:37.936000+00:00,30.868,31.122,24.293,,233.0,False,86.283,"[None, 2048, 2048, 2048, 2048, 2048, 2048]","[2048, 2048, 2048, 2048, 2048, 2048, 2048, 2048]","[2048, 2048, 2048, 2048, 2048]",292.0
1215,9133,2,31,2023-07-23T13:46:38.624000+00:00,30.748,31.12,24.342,269.0,234.0,False,86.21,"[None, 2048, 2048, 2048, 2048, 2048, 2048]","[2048, 2048, 2048, 2048, 2048, 2048, 2048, 2048]","[2048, 2048, 2048, 2048, 2048]",
1215,9133,3,31,2023-07-23T13:46:58.045000+00:00,30.213,30.318,23.63,,232.0,False,84.161,"[2048, 2048, 2048, 2048, 2049, 2048, 2048]","[2048, 2049, 2049, 2048, 2048, 2048, 2048, 2048]","[2048, 2048, 2049, 2049, 2049]",285.0
1215,9133,1,32,2023-07-23T13:47:02.483000+00:00,30.19,29.706,23.396,281.0,238.0,False,83.292,"[None, 2049, 2048, 2048, 2048, 2048, 2049]","[2049, 2048, 2048, 2048, 2049, 2048, 2048, 2048]","[2048, 2048, 2048, 2048, 2049]",
1215,9133,4,32,2023-07-23T13:47:10.436000+00:00,30.49,29.978,23.663,282.0,242.0,False,84.131,"[None, 2048, 2048, 2048, 2048, 2048, 2049]","[2048, 2048, 2048, 2048, 2048, 2048, 2048, 2048]","[2048, 2048, 2048, 2048, 2048]",
1215,9133,81,32,2023-07-23T13:47:15.607000+00:00,30.708,30.139,23.922,280.0,241.0,False,84.769,"[None, 2048, 2048, 2048, 2048, 2048, 2048]","[2048, 2048, 2048, 2048, 2048, 2048, 2048, 2048]","[2048, 2048, 2048, 2048, 2048]",289.0
1215,9133,44,32,2023-07-23T13:47:23.935000+00:00,30.715,30.169,23.506,270.0,239.0,False,84.39,"[None, 2048, 2048, 2048, 2048, 2048, 2048]","[2048, 2048, 2048, 2048, 2048, 2049, 2048, 2049]","[2048, 2048, 2048, 2048, 2048]",287.0
1215,9133,11,32,2023-07-23T13:47:28.123000+00:00,30.273,29.89,23.516,282.0,237.0,False,83.679,"[None, 2048, 2048, 2048, 2048, 2048, 2048]","[2048, 2048, 2048, 2048, 2048, 2048, 2048, 2048]","[2048, 2048, 2048, 2048, 2048]",
1215,9133,55,32,2023-07-23T13:47:34.201000+00:00,30.376,30.407,23.917,,236.0,False,84.7,"[None, 2048, 2048, 2048, 2048, 2048, 2048]","[2048, 2048, 2048, 2048, 2048, 2048, 2048, 2048]","[2048, 2048, 2048, 2048]",
1215,9133,16,32,2023-07-23T13:47:35.576000+00:00,30.393,30.277,23.895,283.0,237.0,False,84.565,"[None, 2048, 2048, 2048, 2048, 2048, 2048]","[2049, 2048, 2048, 2048, 2048, 2048, 2048, 2048]","[2048, 2048, 2048, 2048]",292.0
1215,9133,14,32,2023-07-23T13:47:42.779000+00:00,30.355,30.327,23.733,281.0,237.0,False,84.415,"[None, 2048, 2048, 2048, 2049, 2048, 2048]","[2048, 2048, 2048, 2048, 2048, 2048, 2049, 2049]","[2048, 2048, 2048, 2048]",
1215,9133,18,32,2023-07-23T13:47:46.091000+00:00,30.557,30.707,24.107,,236.0,False,85.371,"[None, 2048, 2048, 2048, 2048, 2048, 2048]","[2048, 2048, 2048, 2048, 2048, 2048, 2048, 2048]","[2048, 2048, 2048, 2048]",
1215,9133,77,32,2023-07-23T13:47:48.747000+00:00,30.629,30.66,24.133,280.0,237.0,False,85.422,"[None, 2048, 2048, 2048, 2048, 2048, 2048]","[2048, 2048, 2048, 2048, 2048, 2048, 2048, 2048]","[2048, 2048, 2048, 2048]",289.0
1215,9133,63,32,2023-07-23T13:47:54.247000+00:00,29.84,29.894,23.28,270.0,238.0,False,83.014,"[None, 2048, 2049, 2049, 2049, 2048, 2048]","[2049, 2048, 2048, 2048, 2048, 2048, 2048, 2049]","[2048, 2051, 2049, 2049, 2048]",300.0
1215,9133,23,32,2023-07-23T13:47:56.325000+00:00,49.099,31.043,23.629,272.0,233.0,True,103.771,"[2064, 2064, 2048, 2048, 2048, 2048, 2048]","[2048, 2048, 2048, 2048, 2048, 2048, 2048, 2048]","[2048, 2048, 2048, 2049, 0]",
1215,9133,22,32,2023-07-23T13:47:56.966000+00:00,30.634,30.867,24.026,278.0,233.0,False,85.527,"[None, 2048, 2048, 2048, 2048, 2048, 2048]","[2048, 2048, 2048, 2048, 2048, 2048, 2048, 2048]","[2048, 2048, 2048, 2048]",
1215,9133,27,32,2023-07-23T13:47:58.497000+00:00,30.622,30.909,24.086,279.0,234.0,False,85.617,"[None, 2048, 2048, 2048, 2048, 2048, 2048]","[2048, 2048, 2048, 2048, 2048, 2048, 2048, 2048]","[2048, 2048, 2048, 2048]",290.0
1215,9133,24,32,2023-07-23T13:48:01.060000+00:00,30.635,30.886,24.186,,233.0,False,85.707,"[None, 2048, 2048, 2048, 2048, 2048, 2048]","[2048, 2048, 2048, 2048, 2048, 2048, 2048, 2048]","[2048, 2048, 2048, 2048]",289.0
1215,9133,20,32,2023-07-23T13:48:04.200000+00:00,30.769,31.203,24.371,275.0,233.0,False,86.343,"[None, 2048, 2048, 2048, 2048, 2048, 2048]","[2048, 2048, 2048, 2048, 2048, 2048, 2048, 2048]","[2048, 2048, 2048, 2048]",291.0
1215,9133,2,32,2023-07-23T13:48:04.825000+00:00,30.607,31.346,24.39,270.0,233.0,False,86.343,"[2048, 2048, 2048, 2048, 2048, 2048, 2048]","[2048, 2048, 2048, 2048, 2048, 2048, 2048, 2048]","[2048, 2048, 2048, 2048]",307.0
1215,9133,3,32,2023-07-23T13:48:22.247000+00:00,30.154,30.514,23.527,278.0,233.0,False,84.195,"[None, 2048, 2049, 2048, 2048, 2049, 2048]","[2048, 2048, 2048, 2048, 2048, 2048, 2048, 2048]","[2048, 2048, 2048, 2049, 2049]",284.0
1215,9133,1,33,2023-07-23T13:48:25.809000+00:00,30.208,29.828,23.487,,238.0,False,83.523,"[None, 2048, 2048, 2048, 2048, 2048, 2048]","[2048, 2048, 2048, 2048, 2048, 2048, 2048, 2048]","[2048, 2048, 2048, 2048, 2048]",
1215,9133,4,33,2023-07-23T13:48:34.575000+00:00,30.439,30.12,23.738,281.0,241.0,False,84.297,"[None, 2048, 2048, 2048, 2048, 2048, 2048]","[2048, 2048, 2048, 2048, 2048, 2048, 2051, 2049]","[2048, 2048, 2048, 2048]",288.0
1215,9133,81,33,2023-07-23T13:48:40.371000+00:00,30.442,30.384,23.942,281.0,238.0,False,84.768,"[None, 2048, 2048, 2048, 2048, 2048, 2048]","[2048, 2048, 2048, 2048, 2048, 2048, 2048, 2048]","[2048, 2048, 2048, 2048, 2048]",288.0
1215,9133,44,33,2023-07-23T13:48:48.340000+00:00,30.5,29.763,23.554,271.0,239.0,False,83.817,"[None, 2048, 2048, 2048, 2048, 2048, 2048]","[2048, 2048, 2048, 2048, 2051, 2048, 2049, 2049]","[2048, 2048, 2048, 2049, 2048]",286.0
1215,9133,11,33,2023-07-23T13:48:51.840000+00:00,30.21,29.824,23.491,,238.0,False,83.525,"[None, 2048, 2048, 2048, 2048, 2048, 2048]","[2048, 2048, 2048, 2049, 2048, 2049, 2048, 2048]","[2048, 2048, 2048, 2048, 2048]",
1215,9133,55,33,2023-07-23T13:48:58.980000+00:00,30.258,30.276,23.941,279.0,235.0,False,84.475,"[None, 2048, 2048, 2048, 2048, 2048, 2048]","[2048, 2048, 2048, 2048, 2048, 2048, 2049, 2048]","[2048, 2048, 2048, 2048]",289.0
1215,9133,16,33,2023-07-23T13:49:00.105000+00:00,30.506,30.156,23.918,281.0,237.0,False,84.58,"[None, 2048, 2048, 2048, 2048, 2048, 2048]","[2048, 2048, 2048, 2048, 2049, 2048, 2048, 2048]","[2048, 2048, 2048, 2048, 2048]",291.0
1215,9133,14,33,2023-07-23T13:49:07.183000+00:00,30.307,30.284,23.758,282.0,239.0,False,84.349,"[None, 2048, 2048, 2048, 2049, 2048, 2048]","[2048, 2048, 2048, 2048, 2048, 2049, 2049, 2049]","[2048, 2049, 2048, 2048, 2048]",
1215,9133,18,33,2023-07-23T13:49:11.496000+00:00,30.553,30.612,24.186,,237.0,False,85.351,"[None, 2048, 2048, 2048, 2048, 2048, 2048]","[2048, 2048, 2048, 2048, 2048, 2048, 2048, 2049]","[2048, 2048, 2048, 2048, 2048]",289.0
1215,9133,77,33,2023-07-23T13:49:14.168000+00:00,30.581,30.622,24.27,,235.0,False,85.473,"[None, 2048, 2048, 2048, 2048, 2048, 2048]","[2048, 2048, 2048, 2048, 2048, 2048, 2048, 2048]","[2048, 2048, 2048, 2048]",288.0
1215,9133,63,33,2023-07-23T13:49:17.230000+00:00,30.369,29.864,23.507,264.0,236.0,False,83.74,"[None, 2048, 2048, 2048, 2048, 2048, 2048]","[2048, 2048, 2048, 2048, 2049, 2048, 2048, 2048]","[2048, 2048, 2048, 2049, 2048]",285.0
1215,9133,22,33,2023-07-23T13:49:22.449000+00:00,30.71,30.742,24.006,279.0,234.0,False,85.458,"[None, 2048, 2048, 2048, 2048, 2048, 2048]","[2048, 2048, 2048, 2048, 2048, 2048, 2049, 2048]","[2048, 2048, 2048, 2048, 2048]",285.0
1215,9133,27,33,2023-07-23T13:49:24.043000+00:00,30.491,31.015,24.051,,234.0,False,85.557,"[None, 2048, 2048, 2048, 2048, 2048, 2048]","[2048, 2048, 2048, 2048, 2048, 2048, 2048, 2048]","[2048, 2048, 2048, 2048, 2048]",291.0
1215,9133,24,33,2023-07-23T13:49:26.621000+00:00,30.769,30.971,24.167,278.0,236.0,False,85.907,"[None, 2048, 2048, 2048, 2048, 2048, 2048]","[2048, 2048, 2048, 2048, 2048, 2048, 2048, 2048]","[2048, 2048, 2048, 2048]",287.0
1215,9133,20,33,2023-07-23T13:49:30.527000+00:00,30.929,31.034,24.293,273.0,235.0,False,86.256,"[None, 2048, 2048, 2048, 2048, 2048, 2048]","[2048, 2048, 2048, 2048, 2048, 2048, 2048, 2048]","[2048, 2048, 2048, 2048, 2048]",289.0
1215,9133,2,33,2023-07-23T13:49:31.136000+00:00,30.858,31.063,24.289,275.0,235.0,False,86.21,"[None, 2048, 2048, 2048, 2048, 2048, 2048]","[2048, 2048, 2048, 2048, 2048, 2048, 2048, 2048]","[2048, 2048, 2048, 2048]",306.0
1215,9133,23,33,2023-07-23T13:49:40.136000+00:00,30.17,30.54,23.66,,233.0,False,84.37,"[2048, 2048, 2049, 2048, 2049, 2048, 2048]","[2048, 2048, 2049, 2049, 2048, 2048, 2048, 2048]","[2048, 2048, 2048, 2048, 2048]",290.0
1215,9133,3,33,2023-07-23T13:49:46.417000+00:00,30.203,30.478,23.665,,230.0,False,84.346,"[None, 2048, 2048, 2048, 2048, 2048, 2048]","[2048, 2048, 2048, 2048, 2048, 2048, 2048, 2048]","[2048, 2048, 2048, 2048, 2048]",
1215,9133,1,34,2023-07-23T13:49:49.339000+00:00,30.07,29.794,23.643,282.0,240.0,False,83.507,"[2049, 2049, 2048, 2049, 2048, 2048, 2049]","[2048, 2048, 2048, 2048, 2048, 2049, 2049, 2049]","[2049, 2048, 2048, 2048, 2048]",
1215,9133,4,34,2023-07-23T13:49:58.839000+00:00,30.456,29.963,23.805,,242.0,False,84.224,"[None, 2048, 2048, 2049, 2048, 2048, 2049]","[2048, 2048, 2048, 2048, 2048, 2048, 2048, 2048]","[2048, 2048, 2048, 2048, 2048]",
1215,9133,81,34,2023-07-23T13:50:05.151000+00:00,30.64,30.253,23.834,280.0,243.0,False,84.727,"[None, 2048, 2048, 2048, 2048, 2048, 2048]","[2048, 2048, 2048, 2048, 2048, 2048, 2048, 2048]","[2051, 2048, 2048, 2048]",
1215,9133,44,34,2023-07-23T13:50:12.182000+00:00,30.487,29.764,23.648,269.0,239.0,False,83.899,"[None, 2048, 2048, 2048, 2048, 2048, 2048]","[2048, 2048, 2048, 2048, 2051, 2048, 2049, 2048]","[2048, 2048, 2048, 2048, 2048]",287.0
1215,9133,11,34,2023-07-23T13:50:15.370000+00:00,30.109,29.811,23.607,,237.0,False,83.527,"[None, 2048, 2048, 2048, 2048, 2048, 2049]","[2048, 2048, 2049, 2048, 2048, 2048, 2048, 2048]","[2048, 2048, 2048, 2048, 2048]",291.0
1215,9133,55,34,2023-07-23T13:50:23.385000+00:00,30.387,30.217,23.921,276.0,235.0,False,84.525,"[None, 2048, 2048, 2048, 2048, 2049, 2048]","[2048, 2048, 2048, 2048, 2048, 2048, 2048, 2048]","[2048, 2048, 2048, 2048, 2048]",290.0
1215,9133,16,34,2023-07-23T13:50:24.682000+00:00,30.45,30.221,23.937,280.0,238.0,False,84.608,"[None, 2048, 2048, 2048, 2048, 2048, 2048]","[2048, 2048, 2048, 2048, 2048, 2048, 2048, 2048]","[2048, 2048, 2048, 2048, 2048]",292.0
1215,9133,14,34,2023-07-23T13:50:31.510000+00:00,30.565,30.449,23.802,281.0,238.0,False,84.816,"[None, 2048, 2048, 2048, 2048, 2048, 2048]","[2048, 2048, 2048, 2048, 2049, 2048, 2048, 2048]","[2048, 2048, 2048, 2048, 2048]",290.0
1215,9133,18,34,2023-07-23T13:50:36.869000+00:00,30.555,30.729,26.588,,237.0,False,87.872,"[None, 2048, 2048, 2049, 2048, 2048, 2048]","[2048, 2048, 2048, 2048, 2048, 2048, 2048, 2048]","[2049, 2048, 2048, 2064, 2064]",291.0
1215,9133,77,34,2023-07-23T13:50:39.651000+00:00,30.746,30.826,24.036,,236.0,False,85.608,"[None, 2048, 2048, 2048, 2048, 2048, 2048]","[2048, 2048, 2048, 2048, 2048, 2048, 2048, 2048]","[2048, 2048, 2048, 2048]",290.0
1215,9133,63,34,2023-07-23T13:50:41.026000+00:00,30.193,30.384,23.815,269.0,236.0,False,84.392,"[None, 2048, 2048, 2048, 2048, 2049, 2048]","[2048, 2048, 2048, 2048, 2048, 2048, 2048, 2048]","[2049, 2048, 2048, 2048, 2048]",290.0
1215,9133,22,34,2023-07-23T13:50:47.947000+00:00,30.536,30.863,24.035,278.0,234.0,False,85.434,"[None, 2048, 2048, 2048, 2048, 2048, 2048]","[2048, 2048, 2048, 2048, 2048, 2048, 2048, 2048]","[2048, 2048, 2048, 2048, 2048]",287.0
1215,9133,27,34,2023-07-23T13:50:49.697000+00:00,30.475,30.933,24.321,,233.0,False,85.729,"[None, 2048, 2048, 2048, 2048, 2048, 2048]","[2048, 2048, 2048, 2048, 2048, 2048, 2048, 2048]","[2048, 2048, 2048, 2048, 2048]",293.0
1215,9133,24,34,2023-07-23T13:50:52.650000+00:00,30.782,30.946,24.321,,238.0,False,86.049,"[None, 2048, 2048, 2048, 2048, 2048, 2048]","[2048, 2048, 2048, 2048, 2048, 2048, 2048, 2048]","[2048, 2048, 2048, 2048]",290.0
1215,9133,20,34,2023-07-23T13:50:56.791000+00:00,30.783,31.115,24.358,277.0,234.0,False,86.256,"[None, 2048, 2048, 2048, 2048, 2048, 2048]","[2048, 2048, 2048, 2048, 2048, 2048, 2048, 2048]","[2048, 2048, 2048, 2048, 2048]",291.0
1215,9133,2,34,2023-07-23T13:50:57.369000+00:00,30.708,31.34,26.935,272.0,233.0,False,88.983,"[None, 2048, 2048, 2048, 2048, 2048, 2048]","[2048, 2048, 2048, 2048, 2048, 2048, 2048, 2048]","[2048, 2048, 2048, 2064, 2064]",307.0
1215,9133,23,34,2023-07-23T13:51:04.510000+00:00,30.153,30.419,23.686,269.0,234.0,False,84.258,"[None, 2048, 2049, 2048, 2048, 2048, 2048]","[2048, 2049, 2048, 2048, 2048, 2048, 2048, 2048]","[2048, 2048, 2048, 2049, 2048]",293.0
1215,9133,3,34,2023-07-23T13:51:10.806000+00:00,30.107,30.308,23.616,279.0,232.0,False,84.031,"[None, 2048, 2048, 2048, 2048, 2048, 2048]","[2049, 2049, 2048, 2048, 2048, 2048, 2048, 2048]","[2048, 2048, 2048, 2049]",287.0
1215,9133,1,35,2023-07-23T13:51:12.806000+00:00,29.983,29.946,23.56,283.0,241.0,False,83.489,"[None, 2049, 2048, 2049, 2048, 2049, 2049]","[2048, 2048, 2048, 2048, 2048, 2048, 2048, 2049]","[2049, 2048, 2048, 2048, 2048]",292.0
1215,9133,4,35,2023-07-23T13:51:23.056000+00:00,30.429,29.963,23.742,,243.0,False,84.134,"[None, 2048, 2048, 2048, 2048, 2048, 2049]","[2048, 2048, 2048, 2048, 2048, 2048, 2048, 2049]","[2049, 2048, 2048, 2048, 2048]",290.0
1215,9133,81,35,2023-07-23T13:51:29.868000+00:00,30.451,30.224,23.897,279.0,242.0,False,84.572,"[2049, 2048, 2048, 2048, 2048, 2048, 2048]","[2048, 2048, 2048, 2048, 2048, 2048, 2048, 2048]","[2048, 2048, 2048, 2048, 2048]",291.0
1215,9133,44,35,2023-07-23T13:51:36.087000+00:00,30.389,29.824,23.638,267.0,239.0,False,83.851,"[None, 2048, 2048, 2048, 2048, 2048, 2048]","[2049, 2048, 2048, 2051, 2048, 2048, 2048, 2048]","[2048, 2048, 2048, 2048]",289.0
1215,9133,11,35,2023-07-23T13:51:38.884000+00:00,29.987,29.776,23.557,,237.0,False,83.32,"[None, 2048, 2048, 2048, 2048, 2048, 2049]","[2049, 2049, 2048, 2049, 2049, 2048, 2048, 2048]","[2048, 2048, 2048, 2048]",
1215,9133,55,35,2023-07-23T13:51:47.915000+00:00,30.338,30.159,23.902,275.0,237.0,False,84.399,"[None, 2048, 2048, 2048, 2048, 2048, 2048]","[2048, 2048, 2048, 2049, 2048, 2048, 2048, 2048]","[2048, 2048, 2048, 2048]",291.0
1215,9133,16,35,2023-07-23T13:51:49.274000+00:00,30.47,30.184,23.933,281.0,237.0,False,84.587,"[None, 2048, 2048, 2048, 2048, 2048, 2048]","[2048, 2048, 2048, 2048, 2049, 2048, 2048, 2048]","[2048, 2048, 2048, 2048]",
1215,9133,14,35,2023-07-23T13:51:56.337000+00:00,30.468,30.311,23.875,,237.0,False,84.654,"[None, 2048, 2048, 2048, 2048, 2048, 2048]","[2048, 2048, 2049, 2049, 2048, 2048, 2048, 2048]","[2048, 2048, 2048, 2048]",
1215,9133,18,35,2023-07-23T13:52:04.712000+00:00,49.472,32.042,24.186,269.0,235.0,True,105.7,"[2064, 2064, 2048, 2048, 2048, 2048, 2048]","[2048, 2048, 2048, 2048, 2048, 2048, 2048, 2048]","[2048, 2048, 2048, 2048, 0]",
1215,9133,77,35,2023-07-23T13:52:05.258000+00:00,31.233,31.088,24.213,279.0,233.0,False,86.534,"[None, 2048, 2048, 2048, 2048, 2048, 2048]","[2048, 2048, 2048, 2048, 2048, 2048, 2048, 2048]","[2048, 2048, 2048, 2048]",
1215,9133,63,35,2023-07-23T13:52:05.493000+00:00,30.112,30.034,23.482,273.0,237.0,False,83.628,"[None, 2048, 2048, 2048, 2048, 2048, 2048]","[2048, 2048, 2048, 2048, 2048, 2048, 2048, 2048]","[2048, 2048, 2048, 2048, 2048]",305.0
1215,9133,22,35,2023-07-23T13:52:13.399000+00:00,30.548,30.863,24.031,,236.0,False,85.442,"[None, 2048, 2048, 2048, 2048, 2048, 2048]","[2048, 2048, 2048, 2048, 2048, 2048, 2048, 2048]","[2048, 2048, 2048, 2048]",286.0
1215,9133,27,35,2023-07-23T13:52:15.414000+00:00,30.521,31.134,24.14,,233.0,False,85.795,"[None, 2048, 2048, 2048, 2048, 2048, 2048]","[2048, 2048, 2048, 2048, 2048, 2048, 2048, 2048]","[2048, 2048, 2048, 2048]",292.0
1215,9133,24,35,2023-07-23T13:52:18.711000+00:00,30.798,31.145,24.115,279.0,233.0,False,86.058,"[None, 2048, 2048, 2048, 2048, 2048, 2048]","[2048, 2048, 2048, 2048, 2048, 2048, 2048, 2048]","[2048, 2048, 2048, 2048]",
1215,9133,20,35,2023-07-23T13:52:23.086000+00:00,31.059,31.712,24.289,280.0,234.0,False,87.06,"[None, 2048, 2048, 2048, 2048, 2048, 2048]","[2048, 2048, 2048, 2048, 2048, 2048, 2048, 2048]","[2049, 2048, 2048, 2048]",
1215,9133,2,35,2023-07-23T13:52:26.352000+00:00,49.421,29.788,23.288,271.0,240.0,True,102.497,"[2064, 2064, 2048, 2048, 2048, 2048, 2048]","[2049, 2049, 2049, 2049, 2049, 2049, 2049, 2049]","[2049, 2049, 2049, 2049, 0]",
1215,9133,23,35,2023-07-23T13:52:28.758000+00:00,30.37,30.744,23.77,268.0,232.0,False,84.884,"[None, 2048, 2048, 2048, 2048, 2048, 2048]","[2048, 2048, 2049, 2048, 2048, 2048, 2048, 2048]","[2048, 2048, 2048, 2048]",
1215,9133,3,35,2023-07-23T13:52:34.805000+00:00,32.316,30.765,23.717,,234.0,False,86.798,"[None, 2048, 2048, 2048, 2048, 2048, 2048]","[2048, 2048, 2048, 2048, 2048, 2048, 2048, 2048]","[2048, 2048, 2048, 2048]",286.0
1215,9133,1,36,2023-07-23T13:52:36.305000+00:00,30.034,29.823,23.428,281.0,239.0,False,83.285,"[2048, 2048, 2048, 2049, 2048, 2048, 2048]","[2048, 2049, 2048, 2048, 2048, 2048, 2048, 2048]","[2048, 2048, 2048, 2048, 2048]",
1215,9133,4,36,2023-07-23T13:52:47.211000+00:00,30.473,30.175,23.888,284.0,242.0,False,84.536,"[None, 2048, 2048, 2048, 2048, 2048, 2051]","[2048, 2048, 2048, 2048, 2048, 2048, 2048, 2048]","[2049, 2048, 2048, 2048]",
1215,9133,81,36,2023-07-23T13:52:54.429000+00:00,30.528,30.09,23.811,280.0,240.0,False,84.429,"[2048, 2048, 2048, 2048, 2048, 2048, 2048]","[2048, 2048, 2048, 2048, 2048, 2048, 2051, 2048]","[2048, 2048, 2048, 2048, 2048]",290.0
1215,9133,44,36,2023-07-23T13:52:59.929000+00:00,30.556,29.789,23.565,271.0,239.0,False,83.91,"[None, 2048, 2048, 2048, 2048, 2048, 2049]","[2049, 2048, 2048, 2048, 2048, 2048, 2048, 2048]","[2048, 2048, 2048, 2048, 2048]",288.0
1215,9133,11,36,2023-07-23T13:53:02.179000+00:00,30.002,29.854,23.534,284.0,241.0,False,83.39,"[None, 2048, 2048, 2048, 2048, 2048, 2049]","[2048, 2048, 2048, 2048, 2048, 2048, 2049, 2049]","[2049, 2048, 2048, 2048, 2048]",
1215,9133,55,36,2023-07-23T13:53:12.320000+00:00,30.443,30.144,23.909,276.0,238.0,False,84.496,"[None, 2048, 2048, 2048, 2048, 2048, 2048]","[2048, 2048, 2048, 2048, 2048, 2048, 2049, 2048]","[2048, 2048, 2048, 2048, 2048]",
1215,9133,16,36,2023-07-23T13:53:13.867000+00:00,30.491,30.086,23.931,280.0,240.0,False,84.508,"[None, 2048, 2048, 2048, 2048, 2048, 2048]","[2048, 2048, 2048, 2048, 2048, 2048, 2048, 2049]","[2049, 2048, 2048, 2048]",
1215,9133,14,36,2023-07-23T13:53:20.991000+00:00,30.354,30.361,23.863,,239.0,False,84.578,"[None, 2048, 2048, 2048, 2048, 2048, 2048]","[2048, 2049, 2048, 2048, 2048, 2048, 2048, 2048]","[2048, 2048, 2048, 2048]",289.0
1215,9133,63,36,2023-07-23T13:53:28.976000+00:00,30.254,29.911,23.408,269.0,236.0,False,83.573,"[None, 2048, 2048, 2048, 2048, 2049, 2048]","[2048, 2051, 2048, 2048, 2048, 2048, 2049, 2048]","[2048, 2048, 2048, 2048, 2048]",286.0
1215,9133,77,36,2023-07-23T13:53:31.726000+00:00,30.704,30.695,24.045,277.0,236.0,False,85.444,"[None, 2048, 2048, 2048, 2048, 2048, 2048]","[2048, 2048, 2048, 2048, 2048, 2048, 2048, 2048]","[2048, 2048, 2048, 2048]",
1215,9133,22,36,2023-07-23T13:53:38.772000+00:00,30.585,30.804,24.037,279.0,235.0,False,85.426,"[None, 2048, 2048, 2048, 2048, 2048, 2048]","[2048, 2048, 2048, 2048, 2048, 2048, 2048, 2048]","[2048, 2048, 2048, 2048, 2048]",
1215,9133,27,36,2023-07-23T13:53:41.132000+00:00,30.497,31.054,24.257,282.0,229.0,False,85.808,"[None, 2048, 2048, 2048, 2048, 2048, 2048]","[2048, 2048, 2048, 2048, 2048, 2048, 2049, 2048]","[2048, 2048, 2048, 2048, 2048]",
1215,9133,24,36,2023-07-23T13:53:44.679000+00:00,30.623,31.109,24.185,278.0,234.0,False,85.917,"[None, 2048, 2048, 2048, 2048, 2048, 2048]","[2048, 2048, 2048, 2048, 2048, 2048, 2048, 2048]","[2048, 2048, 2048, 2048, 2048]",
1215,9133,20,36,2023-07-23T13:53:50.022000+00:00,31.077,31.255,24.369,,232.0,False,86.701,"[None, 2048, 2048, 2048, 2048, 2048, 2049]","[2048, 2048, 2048, 2048, 2048, 2048, 2048, 2048]","[2048, 2048, 2048, 2048, 2048]",
1215,9133,18,36,2023-07-23T13:53:50.413000+00:00,30.053,30.282,23.632,281.0,237.0,False,83.967,"[2049, 2049, 2048, 2049, 2048, 2048, 2048]","[2048, 2048, 2049, 2049, 2048, 2049, 2048, 2048]","[2048, 2049, 2048, 2049]",307.0
1215,9133,23,36,2023-07-23T13:53:53.553000+00:00,30.326,30.298,23.81,272.0,237.0,False,84.434,"[None, 2048, 2048, 2048, 2048, 2048, 2048]","[2048, 2048, 2048, 2048, 2048, 2048, 2049, 2048]","[2048, 2048, 2048, 2049, 2048]",295.0
1215,9133,1,37,2023-07-23T13:53:59.585000+00:00,30.11,29.707,23.433,,239.0,False,83.25,"[None, 2048, 2048, 2048, 2048, 2048, 2048]","[2048, 2048, 2048, 2048, 2048, 2049, 2049, 2048]","[2048, 2048, 2048, 2048, 2048]",291.0
1215,9133,3,36,2023-07-23T13:54:01.491000+00:00,30.125,30.474,23.615,278.0,233.0,False,84.214,"[None, 2048, 2048, 2049, 2048, 2048, 2048]","[2048, 2048, 2048, 2048, 2048, 2048, 2049, 2048]","[2048, 2048, 2048, 2048, 2049]",290.0
1215,9133,2,36,2023-07-23T13:54:08.881000+00:00,30.092,29.881,23.523,268.0,239.0,False,83.496,"[2048, 2048, 2049, 2048, 2049, 2048, 2048]","[2049, 2048, 2048, 2048, 2048, 2049, 2048, 2049]","[2048, 2048, 2048, 2048, 2048]",291.0
1215,9133,4,37,2023-07-23T13:54:11.756000+00:00,30.486,30.122,23.811,281.0,242.0,False,84.419,"[2049, 2048, 2048, 2048, 2048, 2048, 2048]","[2048, 2048, 2048, 2048, 2048, 2048, 2048, 2048]","[2048, 2048, 2048, 2048, 2048]",291.0
1215,9133,81,37,2023-07-23T13:54:18.881000+00:00,30.572,30.067,23.892,279.0,240.0,False,84.531,"[None, 2048, 2048, 2048, 2048, 2048, 2048]","[2048, 2048, 2048, 2048, 2048, 2048, 2051, 2048]","[2048, 2048, 2048, 2048, 2048]",289.0
1215,9133,44,37,2023-07-23T13:54:23.803000+00:00,30.439,29.853,23.615,273.0,238.0,False,83.907,"[None, 2048, 2048, 2048, 2048, 2048, 2048]","[2048, 2048, 2048, 2048, 2048, 2048, 2048, 2048]","[2048, 2048, 2048, 2048]",
1215,9133,11,37,2023-07-23T13:54:25.584000+00:00,30.145,29.879,23.601,283.0,240.0,False,83.625,"[None, 2048, 2048, 2048, 2048, 2048, 2048]","[2048, 2048, 2048, 2048, 2048, 2048, 2048, 2048]","[2048, 2048, 2048, 2048, 2048]",292.0
1215,9133,55,37,2023-07-23T13:54:36.834000+00:00,30.42,30.178,23.985,,236.0,False,84.583,"[None, 2048, 2048, 2048, 2048, 2048, 2048]","[2048, 2048, 2048, 2048, 2048, 2048, 2048, 2048]","[2048, 2048, 2048, 2048]",290.0
1215,9133,16,37,2023-07-23T13:54:38.381000+00:00,30.589,30.168,23.937,278.0,238.0,False,84.694,"[None, 2048, 2048, 2048, 2048, 2048, 2048]","[2048, 2048, 2048, 2048, 2048, 2048, 2048, 2048]","[2048, 2048, 2048, 2048]",291.0
1215,9133,14,37,2023-07-23T13:54:45.584000+00:00,30.433,30.328,23.883,279.0,238.0,False,84.644,"[None, 2048, 2048, 2048, 2048, 2048, 2048]","[2048, 2048, 2049, 2048, 2048, 2048, 2048, 2048]","[2048, 2048, 2048, 2048]",
1215,9133,63,37,2023-07-23T13:54:52.630000+00:00,30.241,29.865,23.499,262.0,238.0,False,83.605,"[None, 2048, 2048, 2048, 2048, 2048, 2048]","[2048, 2048, 2048, 2048, 2048, 2048, 2048, 2048]","[2048, 2051, 2048, 2048, 2048]",
1215,9133,77,37,2023-07-23T13:54:57.271000+00:00,30.707,30.407,24.152,274.0,236.0,False,85.266,"[None, 2048, 2048, 2048, 2048, 2048, 2048]","[2048, 2048, 2048, 2048, 2048, 2048, 2049, 2048]","[2048, 2048, 2048, 2048, 2048]",288.0
1215,9133,22,37,2023-07-23T13:55:04.240000+00:00,30.772,30.782,24.088,277.0,236.0,False,85.642,"[None, 2048, 2048, 2048, 2048, 2048, 2048]","[2048, 2048, 2048, 2048, 2048, 2048, 2049, 2048]","[2048, 2048, 2048, 2048, 2048]",
1215,9133,27,37,2023-07-23T13:55:07.036000+00:00,30.703,31.001,24.118,276.0,234.0,False,85.822,"[None, 2048, 2048, 2048, 2048, 2048, 2048]","[2048, 2048, 2048, 2048, 2048, 2048, 2048, 2048]","[2048, 2048, 2048, 2048, 2048]",291.0
1215,9133,24,37,2023-07-23T13:55:10.708000+00:00,30.736,31.042,24.245,,234.0,False,86.023,"[None, 2048, 2048, 2048, 2048, 2048, 2048]","[2048, 2048, 2048, 2048, 2048, 2048, 2048, 2048]","[2048, 2048, 2048, 2048, 2048]",289.0
1215,9133,18,37,2023-07-23T13:55:14.333000+00:00,30.248,30.215,23.802,280.0,240.0,False,84.265,"[2048, 2048, 2048, 2048, 2049, 2049, 2048]","[2048, 2048, 2048, 2048, 2048, 2048, 2048, 2049]","[2048, 2048, 2048, 2048]",286.0
1215,9133,20,37,2023-07-23T13:55:16.833000+00:00,30.767,31.211,24.318,275.0,233.0,False,86.296,"[None, 2048, 2048, 2048, 2048, 2048, 2048]","[2048, 2048, 2048, 2048, 2048, 2048, 2048, 2048]","[2048, 2048, 2048, 2048, 2048]",
1215,9133,23,37,2023-07-23T13:55:18.067000+00:00,30.117,31.039,24.091,271.0,236.0,False,85.247,"[None, 2048, 2048, 2048, 2048, 2048, 2049]","[2048, 2048, 2048, 2048, 2048, 2048, 2048, 2048]","[2049, 2048, 2048, 2048]",
1215,9133,1,38,2023-07-23T13:55:22.942000+00:00,30.071,29.71,23.689,279.0,241.0,False,83.47,"[None, 2048, 2048, 2048, 2048, 2048, 2048]","[2049, 2048, 2048, 2048, 2048, 2048, 2048, 2049]","[2049, 2048, 2048, 2048]",290.0
1215,9133,3,37,2023-07-23T13:55:25.817000+00:00,30.22,30.448,23.551,277.0,234.0,False,84.219,"[None, 2048, 2048, 2048, 2048, 2048, 2048]","[2048, 2048, 2048, 2048, 2048, 2048, 2048, 2048]","[2048, 2048, 2048, 2048, 2049]",288.0
1215,9133,2,37,2023-07-23T13:55:32.411000+00:00,30.287,30.052,23.685,271.0,238.0,False,84.024,"[None, 2048, 2048, 2048, 2048, 2048, 2048]","[2049, 2048, 2048, 2048, 2048, 2048, 2048, 2048]","[2048, 2048, 2048, 2048]",292.0
1215,9133,4,38,2023-07-23T13:55:36.161000+00:00,30.452,30.188,23.967,,242.0,False,84.607,"[2048, 2049, 2048, 2048, 2048, 2048, 2048]","[2048, 2048, 2048, 2048, 2048, 2048, 2048, 2048]","[2048, 2048, 2048, 2048, 2048]",
1215,9133,81,38,2023-07-23T13:55:43.426000+00:00,30.59,30.123,24.006,,240.0,False,84.719,"[None, 2048, 2048, 2048, 2048, 2048, 2048]","[2049, 2048, 2048, 2048, 2048, 2048, 2048, 2048]","[2048, 2048, 2048, 2048]",290.0
1215,9133,44,38,2023-07-23T13:55:47.739000+00:00,30.458,29.975,23.841,271.0,240.0,False,84.274,"[None, 2048, 2048, 2049, 2048, 2048, 2048]","[2049, 2048, 2048, 2048, 2048, 2048, 2048, 2048]","[2049, 2048, 2048, 2048, 2048]",289.0
1215,9133,11,38,2023-07-23T13:55:49.176000+00:00,30.063,30.059,23.782,284.0,243.0,False,83.904,"[None, 2048, 2048, 2048, 2048, 2051, 2051]","[2048, 2048, 2048, 2048, 2048, 2048, 2049, 2049]","[2049, 2048, 2048, 2048]",293.0
1215,9133,55,38,2023-07-23T13:56:01.410000+00:00,30.496,30.334,24.03,275.0,236.0,False,84.86,"[None, 2048, 2048, 2048, 2048, 2048, 2048]","[2049, 2048, 2048, 2048, 2048, 2048, 2048, 2048]","[2048, 2048, 2048, 2048]",292.0
1215,9133,16,38,2023-07-23T13:56:03.082000+00:00,30.521,30.304,24.112,279.0,238.0,False,84.937,"[None, 2048, 2048, 2048, 2048, 2048, 2048]","[2048, 2048, 2048, 2048, 2048, 2048, 2048, 2048]","[2048, 2048, 2048, 2048, 2048]",293.0
1215,9133,14,38,2023-07-23T13:56:10.223000+00:00,30.442,30.431,23.975,280.0,240.0,False,84.848,"[None, 2048, 2048, 2048, 2048, 2048, 2048]","[2048, 2048, 2049, 2048, 2048, 2048, 2048, 2049]","[2048, 2048, 2048, 2048, 2048]",290.0
1215,9133,63,38,2023-07-23T13:56:16.255000+00:00,30.265,29.965,23.631,264.0,239.0,False,83.861,"[None, 2048, 2048, 2048, 2048, 2048, 2048]","[2048, 2048, 2048, 2048, 2048, 2048, 2048, 2048]","[2048, 2048, 2048, 2048, 2048]",
1215,9133,77,38,2023-07-23T13:56:22.519000+00:00,30.656,30.393,24.285,276.0,238.0,False,85.334,"[None, 2048, 2048, 2048, 2048, 2048, 2048]","[2048, 2048, 2048, 2048, 2048, 2048, 2048, 2049]","[2049, 2048, 2048, 2048]",
1215,9133,22,38,2023-07-23T13:56:29.926000+00:00,30.861,31.051,24.193,275.0,233.0,False,86.105,"[None, 2048, 2048, 2048, 2048, 2048, 2048]","[2048, 2048, 2048, 2048, 2048, 2048, 2048, 2048]","[2048, 2048, 2048, 2048]",285.0
1215,9133,27,38,2023-07-23T13:56:32.832000+00:00,30.566,30.754,26.444,279.0,234.0,False,87.764,"[None, 2048, 2048, 2048, 2048, 2048, 2048]","[2048, 2048, 2048, 2048, 2049, 2048, 2048, 2048]","[2048, 2048, 2048, 2064, 2064]",
1215,9133,24,38,2023-07-23T13:56:36.707000+00:00,30.711,31.019,26.705,,236.0,False,88.435,"[None, 2048, 2048, 2048, 2048, 2048, 2048]","[2048, 2048, 2048, 2048, 2048, 2048, 2048, 2048]","[2048, 2048, 2048, 2064, 2064]",
1215,9133,18,38,2023-07-23T13:56:38.629000+00:00,30.382,30.478,23.897,275.0,240.0,False,84.757,"[None, 2048, 2048, 2048, 2048, 2048, 2048]","[2048, 2048, 2048, 2048, 2048, 2048, 2048, 2049]","[2049, 2048, 2048, 2049]",291.0
1215,9133,20,38,2023-07-23T13:56:43.144000+00:00,31.437,31.409,25.712,277.0,233.0,False,88.558,"[None, 2048, 2048, 2048, 2048, 2048, 2048]","[2048, 2048, 2048, 2048, 2048, 2048, 2048, 2048]","[2048, 2048, 2048, 2048]",
1215,9133,23,38,2023-07-23T13:56:43.300000+00:00,30.453,30.731,23.935,269.0,233.0,False,85.119,"[2049, 2048, 2048, 2048, 2048, 2048, 2048]","[2048, 2048, 2048, 2048, 2048, 2048, 2048, 2048]","[2048, 2048, 2048, 2048]",306.0
1215,9133,1,39,2023-07-23T13:56:46.316000+00:00,30.126,30.073,23.944,282.0,240.0,False,84.143,"[2049, 2049, 2048, 2048, 2048, 2048, 2048]","[2048, 2048, 2048, 2048, 2048, 2048, 2048, 2048]","[2048, 2048, 2048, 2048]",292.0
1215,9133,3,38,2023-07-23T13:56:50.035000+00:00,30.275,30.303,23.672,,237.0,False,84.25,"[None, 2048, 2048, 2048, 2048, 2048, 2048]","[2048, 2048, 2048, 2048, 2048, 2048, 2048, 2049]","[2049, 2048, 2048, 2048, 2048]",
1215,9133,2,38,2023-07-23T13:56:56.394000+00:00,30.25,30.048,23.804,274.0,238.0,False,84.102,"[None, 2048, 2048, 2048, 2048, 2048, 2048]","[2048, 2048, 2048, 2048, 2048, 2048, 2048, 2048]","[2048, 2048, 2048, 2048, 2048]",293.0
1215,9133,4,39,2023-07-23T13:57:00.784000+00:00,30.631,30.231,23.911,,243.0,False,84.773,"[2049, 2049, 2048, 2048, 2048, 2048, 2048]","[2048, 2048, 2048, 2048, 2048, 2048, 2048, 2051]","[2048, 2048, 2048, 2048]",292.0
1215,9133,81,39,2023-07-23T13:57:08.144000+00:00,30.674,30.187,23.84,280.0,242.0,False,84.701,"[None, 2049, 2048, 2048, 2048, 2048, 2048]","[2048, 2048, 2048, 2048, 2048, 2048, 2048, 2048]","[2048, 2048, 2048, 2048]",291.0
1215,9133,44,39,2023-07-23T13:57:12.003000+00:00,30.504,30.034,23.812,272.0,238.0,False,84.35,"[None, 2048, 2048, 2048, 2048, 2048, 2049]","[2048, 2048, 2048, 2048, 2048, 2048, 2048, 2048]","[2048, 2048, 2048, 2048, 2048]",290.0
1215,9133,11,39,2023-07-23T13:57:13.081000+00:00,30.156,30.256,23.748,285.0,239.0,False,84.16,"[None, 2048, 2048, 2048, 2048, 2048, 2051]","[2048, 2048, 2048, 2048, 2048, 2048, 2048, 2048]","[2048, 2048, 2048, 2048, 2048]",294.0
1215,9133,55,39,2023-07-23T13:57:26.253000+00:00,30.598,30.331,24.004,277.0,236.0,False,84.933,"[None, 2048, 2048, 2048, 2048, 2048, 2048]","[2048, 2048, 2048, 2048, 2048, 2048, 2048, 2048]","[2048, 2048, 2048, 2048, 2048]",
1215,9133,16,39,2023-07-23T13:57:28.003000+00:00,30.589,30.351,24.015,282.0,237.0,False,84.955,"[None, 2048, 2048, 2048, 2048, 2048, 2048]","[2048, 2048, 2048, 2048, 2048, 2048, 2048, 2048]","[2048, 2048, 2048, 2048]",
1215,9133,14,39,2023-07-23T13:57:35.081000+00:00,30.853,30.374,23.963,281.0,238.0,False,85.19,"[None, 2048, 2048, 2048, 2048, 2048, 2048]","[2048, 2048, 2048, 2048, 2048, 2048, 2048, 2048]","[2048, 2048, 2048, 2048]",291.0
1215,9133,63,39,2023-07-23T13:57:40.112000+00:00,30.316,30.034,23.607,265.0,232.0,False,83.957,"[None, 2048, 2048, 2048, 2048, 2048, 2048]","[2048, 2048, 2048, 2048, 2048, 2048, 2048, 2048]","[2048, 2048, 2048, 2048, 2048]",288.0
1215,9133,77,39,2023-07-23T13:57:47.830000+00:00,30.658,30.426,24.188,279.0,235.0,False,85.272,"[None, 2048, 2048, 2048, 2048, 2048, 2048]","[2048, 2049, 2048, 2048, 2048, 2048, 2048, 2048]","[2048, 2048, 2048, 2048]",289.0
1215,9133,22,39,2023-07-23T13:57:56.049000+00:00,30.723,30.922,24.26,278.0,234.0,False,85.905,"[None, 2048, 2048, 2048, 2048, 2048, 2048]","[2048, 2048, 2048, 2048, 2048, 2048, 2048, 2048]","[2048, 2048, 2048, 2048]",287.0
1215,9133,27,39,2023-07-23T13:58:00.580000+00:00,48.686,30.962,23.531,276.0,231.0,True,103.179,"[2064, 2064, 2048, 2048, 2048, 2048, 2048]","[2048, 2048, 2048, 2048, 2048, 2049, 2048, 2048]","[2048, 2049, 2048, 2049, 2049]",
1215,9133,18,39,2023-07-23T13:58:03.330000+00:00,30.072,30.055,23.771,282.0,237.0,False,83.898,"[None, 2048, 2048, 2049, 2048, 2049, 2048]","[2048, 2048, 2048, 2048, 2048, 2049, 2048, 2048]","[2048, 2048, 2048, 2048]",302.0
1215,9133,24,39,2023-07-23T13:58:05.096000+00:00,51.798,31.179,23.917,266.0,238.0,True,106.894,"[2064, 2064, 2048, 2048, 2048, 2048, 2048]","[2048, 2048, 2048, 2048, 2048, 2048, 2048, 2048]","[2048, 2048, 2048, 2048, 2048]",
1215,9133,23,39,2023-07-23T13:58:08.361000+00:00,30.229,30.709,23.878,270.0,230.0,False,84.816,"[2048, 2048, 2048, 2048, 2048, 2048, 2048]","[2048, 2048, 2048, 2048, 2048, 2048, 2048, 2048]","[2048, 2048, 2048, 2048]",291.0
1215,9133,1,40,2023-07-23T13:58:10.455000+00:00,30.18,29.844,23.681,283.0,241.0,False,83.705,"[2048, 2048, 2048, 2048, 2048, 2048, 2049]","[2048, 2048, 2048, 2048, 2048, 2048, 2048, 2048]","[2049, 2048, 2048, 2048, 2048]",291.0
1215,9133,20,39,2023-07-23T13:58:11.705000+00:00,30.579,31.487,24.556,279.0,233.0,False,86.622,"[None, 2049, 2048, 2048, 2048, 2048, 2048]","[2048, 2048, 2048, 2048, 2048, 2048, 2048, 2048]","[2048, 2048, 2048, 2048]",307.0
1215,9133,3,39,2023-07-23T13:58:14.267000+00:00,30.2,30.388,23.682,281.0,235.0,False,84.27,"[None, 2048, 2048, 2048, 2048, 2048, 2049]","[2048, 2049, 2048, 2048, 2048, 2048, 2048, 2048]","[2048, 2048, 2048, 2048]",
1215,9133,2,39,2023-07-23T13:58:20.486000+00:00,30.34,30.334,23.792,278.0,237.0,False,84.466,"[None, 2048, 2048, 2048, 2048, 2048, 2048]","[2048, 2048, 2048, 2048, 2048, 2048, 2048, 2048]","[2048, 2048, 2048, 2048]",292.0
1215,9133,4,40,2023-07-23T13:58:25.549000+00:00,30.732,30.082,23.983,282.0,240.0,False,84.797,"[2048, 2048, 2048, 2048, 2048, 2048, 2048]","[2048, 2048, 2048, 2048, 2048, 2048, 2048, 2048]","[2048, 2048, 2048, 2048]",290.0
1215,9133,81,40,2023-07-23T13:58:32.798000+00:00,30.614,30.407,24.165,281.0,238.0,False,85.186,"[None, 2048, 2048, 2048, 2048, 2048, 2048]","[2048, 2048, 2048, 2048, 2048, 2048, 2048, 2048]","[2048, 2048, 2048, 2048]",290.0
1215,9133,44,40,2023-07-23T13:58:36.345000+00:00,30.867,30.084,23.847,274.0,237.0,False,84.798,"[None, 2048, 2048, 2048, 2048, 2048, 2048]","[2048, 2048, 2048, 2048, 2048, 2048, 2048, 2048]","[2048, 2048, 2048, 2048, 2048]",288.0
1215,9133,11,40,2023-07-23T13:58:37.251000+00:00,30.305,30.535,23.764,278.0,234.0,False,84.604,"[None, 2048, 2048, 2048, 2048, 2048, 2048]","[2048, 2048, 2048, 2048, 2048, 2048, 2048, 2048]","[2048, 2048, 2048, 2048]",307.0
1215,9133,55,40,2023-07-23T13:58:51.173000+00:00,30.435,30.411,24.004,,236.0,False,84.85,"[None, 2048, 2048, 2048, 2048, 2048, 2048]","[2048, 2048, 2048, 2048, 2048, 2048, 2048, 2048]","[2048, 2048, 2048, 2048, 2048]",290.0
1215,9133,16,40,2023-07-23T13:58:52.970000+00:00,30.647,30.42,24.083,,238.0,False,85.15,"[None, 2048, 2048, 2048, 2048, 2048, 2048]","[2048, 2048, 2048, 2048, 2048, 2048, 2048, 2049]","[2048, 2048, 2048, 2048]",292.0
1215,9133,14,40,2023-07-23T13:59:00.267000+00:00,30.473,30.38,23.876,,238.0,False,84.729,"[None, 2048, 2048, 2048, 2048, 2048, 2048]","[2048, 2048, 2048, 2048, 2048, 2048, 2048, 2048]","[2048, 2048, 2048, 2049]",290.0
1215,9133,63,40,2023-07-23T13:59:04.048000+00:00,30.313,30.037,23.55,266.0,235.0,False,83.9,"[None, 2048, 2048, 2048, 2048, 2048, 2048]","[2048, 2048, 2048, 2048, 2048, 2048, 2048, 2048]","[2048, 2048, 2048, 2048, 2048]",287.0
1215,9133,77,40,2023-07-23T13:59:13.095000+00:00,30.907,30.755,26.497,277.0,233.0,False,88.159,"[None, 2048, 2048, 2048, 2048, 2048, 2048]","[2048, 2048, 2048, 2048, 2048, 2048, 2048, 2048]","[2048, 2048, 2048, 2064, 2064]",288.0
1215,9133,22,40,2023-07-23T13:59:21.907000+00:00,30.751,31.088,24.099,,234.0,False,85.938,"[None, 2048, 2048, 2048, 2048, 2048, 2048]","[2048, 2048, 2048, 2048, 2048, 2048, 2048, 2048]","[2048, 2048, 2048, 2048, 2048]",286.0
1215,9133,18,40,2023-07-23T13:59:27.219000+00:00,30.214,30.153,23.684,281.0,239.0,False,84.051,"[None, 2048, 2048, 2048, 2049, 2048, 2048]","[2048, 2048, 2048, 2048, 2048, 2048, 2048, 2048]","[2048, 2048, 2048, 2049, 2048]",290.0
1215,9133,23,40,2023-07-23T13:59:33.157000+00:00,31.645,30.65,23.733,276.0,232.0,False,86.028,"[None, 2048, 2048, 2048, 2048, 2048, 2049]","[2048, 2048, 2048, 2048, 2048, 2049, 2048, 2048]","[2048, 2048, 2048, 2049, 2048]",266.0
1215,9133,1,41,2023-07-23T13:59:34.141000+00:00,30.087,29.534,23.402,282.0,244.0,False,83.023,"[2049, 2049, 2048, 2048, 2048, 2049, 2048]","[2048, 2049, 2048, 2049, 2049, 2049, 2048, 2051]","[2049, 2048, 2048, 2048, 2048]",306.0
1215,9133,20,40,2023-07-23T13:59:38.219000+00:00,31.193,31.448,24.712,278.0,230.0,False,87.353,"[None, 2048, 2048, 2048, 2048, 2048, 2048]","[2048, 2048, 2048, 2048, 2048, 2048, 2048, 2048]","[2048, 2048, 2048, 2048, 2048]",291.0
1215,9133,3,40,2023-07-23T13:59:38.485000+00:00,30.029,30.481,23.579,279.0,234.0,False,84.089,"[2049, 2048, 2048, 2049, 2048, 2048, 2048]","[2048, 2048, 2048, 2048, 2048, 2048, 2048, 2048]","[2048, 2048, 2048, 2048]",304.0
1215,9133,27,40,2023-07-23T13:59:43.766000+00:00,30.123,30.359,23.71,277.0,235.0,False,84.192,"[2048, 2048, 2049, 2048, 2049, 2049, 2048]","[2048, 2049, 2049, 2049, 2048, 2048, 2048, 2048]","[2048, 2048, 2048, 2048]",292.0
1215,9133,2,40,2023-07-23T13:59:44.922000+00:00,30.445,30.343,23.83,275.0,237.0,False,84.618,"[None, 2048, 2048, 2048, 2048, 2048, 2048]","[2048, 2048, 2048, 2048, 2048, 2048, 2048, 2048]","[2048, 2048, 2048, 2048, 2048]",296.0
1215,9133,4,41,2023-07-23T13:59:50.360000+00:00,30.661,30.013,23.793,279.0,243.0,False,84.467,"[None, 2048, 2048, 2048, 2048, 2048, 2048]","[2048, 2048, 2048, 2048, 2048, 2048, 2048, 2048]","[2049, 2048, 2048, 2048, 2048]",292.0
1215,9133,24,40,2023-07-23T13:59:52.063000+00:00,30.444,30.33,23.757,277.0,240.0,False,84.531,"[2048, 2048, 2048, 2048, 2048, 2048, 2048]","[2048, 2048, 2048, 2048, 2049, 2048, 2048, 2048]","[2048, 2048, 2048, 2048]",291.0
1215,9133,81,41,2023-07-23T13:59:58.016000+00:00,30.726,30.426,24.013,279.0,241.0,False,85.165,"[None, 2048, 2048, 2048, 2048, 2048, 2048]","[2048, 2048, 2048, 2048, 2048, 2048, 2048, 2048]","[2048, 2048, 2048, 2048, 2048]",291.0
1215,9133,44,41,2023-07-23T14:00:01.172000+00:00,30.505,30.12,23.959,271.0,237.0,False,84.584,"[None, 2048, 2048, 2048, 2048, 2048, 2048]","[2048, 2048, 2048, 2048, 2048, 2048, 2048, 2048]","[2048, 2048, 2048, 2048, 2048]",292.0
1215,9133,11,41,2023-07-23T14:00:01.891000+00:00,30.159,30.548,23.754,279.0,237.0,False,84.461,"[2051, 2048, 2048, 2048, 2048, 2048, 2048]","[2048, 2048, 2048, 2048, 2048, 2048, 2048, 2048]","[2048, 2048, 2048, 2048]",310.0
1215,9133,55,41,2023-07-23T14:00:16+00:00,30.358,30.317,23.99,276.0,236.0,False,84.665,"[None, 2048, 2048, 2048, 2048, 2048, 2048]","[2048, 2048, 2048, 2048, 2048, 2049, 2048, 2048]","[2048, 2048, 2048, 2048, 2048]",292.0
1215,9133,16,41,2023-07-23T14:00:18.109000+00:00,30.428,30.175,24.051,281.0,237.0,False,84.654,"[None, 2048, 2048, 2048, 2048, 2048, 2048]","[2048, 2048, 2048, 2048, 2048, 2048, 2048, 2048]","[2048, 2048, 2048, 2048, 2048]",293.0
1215,9133,14,41,2023-07-23T14:00:24.999000+00:00,30.413,30.35,24.101,,240.0,False,84.864,"[None, 2048, 2048, 2048, 2048, 2048, 2048]","[2048, 2048, 2048, 2048, 2048, 2048, 2048, 2049]","[2049, 2048, 2048, 2048]",291.0
1215,9133,63,41,2023-07-23T14:00:27.953000+00:00,30.121,30.212,23.817,258.0,232.0,False,84.15,"[None, 2048, 2048, 2048, 2048, 2049, 2048]","[2048, 2048, 2048, 2048, 2048, 2048, 2048, 2048]","[2048, 2048, 2048, 2048, 2048]",289.0
1215,9133,77,41,2023-07-23T14:00:41.312000+00:00,50.593,30.685,23.732,276.0,237.0,True,105.01,"[2064, 2064, 2048, 2048, 2048, 2048, 2048]","[2048, 2048, 2049, 2048, 2048, 2048, 2048, 2048]","[2048, 2048, 2048, 2048, 2049]",
1215,9133,22,41,2023-07-23T14:00:47.858000+00:00,30.708,30.962,24.208,,234.0,False,85.878,"[None, 2048, 2048, 2048, 2048, 2048, 2048]","[2048, 2048, 2048, 2048, 2048, 2048, 2048, 2048]","[2048, 2048, 2048, 2048]",
1215,9133,18,41,2023-07-23T14:00:51.358000+00:00,30.207,30.049,23.79,282.0,238.0,False,84.046,"[None, 2048, 2048, 2048, 2048, 2049, 2048]","[2048, 2048, 2048, 2049, 2048, 2049, 2049, 2048]","[2049, 2048, 2048, 2048]",293.0
1215,9133,1,42,2023-07-23T14:00:57.171000+00:00,29.994,29.681,23.634,281.0,243.0,False,83.309,"[2048, 2048, 2048, 2048, 2048, 2049, 2048]","[2048, 2048, 2048, 2048, 2048, 2048, 2048, 2048]","[2048, 2048, 2048, 2048, 2048]",291.0
1215,9133,23,41,2023-07-23T14:00:59.265000+00:00,30.226,30.479,23.852,274.0,233.0,False,84.557,"[None, 2048, 2048, 2048, 2048, 2048, 2048]","[2048, 2048, 2048, 2048, 2048, 2048, 2048, 2048]","[2048, 2048, 2048, 2048]",295.0
1215,9133,3,41,2023-07-23T14:01:02.577000+00:00,30.283,30.598,23.871,280.0,235.0,False,84.752,"[2048, 2048, 2048, 2048, 2048, 2048, 2048]","[2048, 2048, 2048, 2048, 2048, 2048, 2048, 2048]","[2048, 2048, 2048, 2048]",288.0
1215,9133,20,41,2023-07-23T14:01:05.686000+00:00,30.783,31.281,27.133,276.0,233.0,False,89.197,"[None, 2048, 2048, 2048, 2048, 2048, 2048]","[2048, 2048, 2048, 2048, 2048, 2048, 2048, 2048]","[2049, 2048, 2048, 2064, 2064]",292.0
1215,9133,27,41,2023-07-23T14:01:07.999000+00:00,30.061,30.391,23.837,,236.0,False,84.289,"[None, 2048, 2049, 2049, 2049, 2048, 2048]","[2048, 2048, 2048, 2049, 2048, 2049, 2049, 2048]","[2049, 2048, 2048, 2048]",293.0
1215,9133,2,41,2023-07-23T14:01:09.577000+00:00,30.22,30.466,23.879,273.0,237.0,False,84.565,"[None, 2048, 2048, 2048, 2048, 2048, 2048]","[2048, 2048, 2048, 2048, 2048, 2048, 2048, 2048]","[2048, 2048, 2048, 2048]",
1215,9133,4,42,2023-07-23T14:01:14.795000+00:00,30.438,30.027,24.015,281.0,242.0,False,84.48,"[2049, 2049, 2048, 2048, 2048, 2048, 2048]","[2048, 2048, 2048, 2048, 2048, 2048, 2048, 2048]","[2048, 2048, 2048, 2048]",
1215,9133,24,41,2023-07-23T14:01:16.545000+00:00,30.191,30.545,23.621,276.0,240.0,False,84.357,"[None, 2048, 2048, 2048, 2048, 2048, 2048]","[2048, 2048, 2048, 2048, 2048, 2048, 2048, 2048]","[2048, 2048, 2048, 2048, 2048]",293.0
1215,9133,81,42,2023-07-23T14:01:23.217000+00:00,30.557,30.214,26.471,280.0,241.0,False,87.242,"[None, 2049, 2048, 2048, 2048, 2048, 2048]","[2049, 2048, 2048, 2048, 2048, 2048, 2048, 2048]","[2048, 2048, 2048, 2064, 2064]",292.0
1215,9133,44,42,2023-07-23T14:01:25.748000+00:00,30.677,30.153,24.016,272.0,237.0,False,84.846,"[None, 2048, 2048, 2048, 2048, 2048, 2048]","[2048, 2048, 2048, 2048, 2048, 2048, 2048, 2048]","[2048, 2048, 2048, 2048, 2048]",293.0
1215,9133,11,42,2023-07-23T14:01:26.311000+00:00,30.349,30.635,26.351,268.0,241.0,False,87.335,"[None, 2048, 2048, 2048, 2048, 2048, 2048]","[2048, 2048, 2048, 2048, 2048, 2048, 2048, 2048]","[2049, 2048, 2048, 2064, 2064]",312.0
1215,9133,55,42,2023-07-23T14:01:40.686000+00:00,30.462,30.367,24.022,275.0,237.0,False,84.851,"[None, 2048, 2048, 2048, 2048, 2048, 2048]","[2048, 2048, 2048, 2048, 2048, 2048, 2048, 2048]","[2048, 2048, 2048, 2048, 2048]",293.0
1215,9133,16,42,2023-07-23T14:01:42.764000+00:00,30.269,30.3,24.056,,237.0,False,84.625,"[None, 2048, 2048, 2048, 2048, 2048, 2048]","[2049, 2048, 2048, 2048, 2048, 2048, 2048, 2048]","[2048, 2048, 2048, 2048]",294.0
1215,9133,14,42,2023-07-23T14:01:49.857000+00:00,30.42,30.24,24.032,,239.0,False,84.692,"[None, 2048, 2048, 2048, 2048, 2048, 2048]","[2048, 2048, 2048, 2048, 2048, 2048, 2048, 2048]","[2048, 2048, 2048, 2048, 2048]",292.0
1215,9133,63,42,2023-07-23T14:01:52.107000+00:00,30.311,30.07,23.741,262.0,237.0,False,84.122,"[None, 2048, 2048, 2048, 2048, 2048, 2048]","[2048, 2048, 2048, 2048, 2048, 2048, 2048, 2048]","[2048, 2048, 2048, 2048]",291.0
1215,9133,22,42,2023-07-23T14:02:13.654000+00:00,30.748,30.988,24.213,276.0,236.0,False,85.949,"[None, 2048, 2048, 2048, 2048, 2048, 2048]","[2048, 2048, 2048, 2048, 2048, 2048, 2049, 2048]","[2049, 2048, 2048, 2048, 2048]",287.0
1215,9133,18,42,2023-07-23T14:02:15.279000+00:00,30.163,30.354,24.172,278.0,237.0,False,84.689,"[None, 2048, 2048, 2048, 2048, 2049, 2048]","[2048, 2048, 2048, 2048, 2048, 2048, 2048, 2048]","[2048, 2048, 2048, 2048, 2048]",
1215,9133,1,43,2023-07-23T14:02:20.497000+00:00,30.074,29.622,23.642,280.0,244.0,False,83.338,"[None, 2048, 2048, 2048, 2048, 2051, 2048]","[2048, 2048, 2048, 2048, 2049, 2048, 2048, 2048]","[2049, 2048, 2048, 2048, 2048]",
1215,9133,23,42,2023-07-23T14:02:23.732000+00:00,30.353,30.424,23.795,269.0,238.0,False,84.572,"[None, 2048, 2048, 2048, 2048, 2048, 2048]","[2048, 2048, 2048, 2048, 2048, 2048, 2048, 2048]","[2049, 2048, 2048, 2048]",296.0
1215,9133,77,42,2023-07-23T14:02:26.263000+00:00,29.823,30.312,23.516,274.0,238.0,False,83.651,"[2048, 2048, 2051, 2049, 2051, 2048, 2048]","[2048, 2048, 2048, 2048, 2049, 2049, 2048, 2048]","[2048, 2048, 2048, 2049, 2048]",291.0
1215,9133,3,42,2023-07-23T14:02:27.388000+00:00,30.246,30.512,23.784,277.0,233.0,False,84.542,"[None, 2048, 2048, 2048, 2048, 2048, 2048]","[2048, 2048, 2048, 2048, 2048, 2048, 2048, 2048]","[2048, 2048, 2048, 2048, 2048]",291.0
1215,9133,27,42,2023-07-23T14:02:32.169000+00:00,29.766,30.201,23.606,275.0,238.0,False,83.573,"[2049, 2049, 2049, 2049, 2048, 2049, 2048]","[2048, 2048, 2048, 2049, 2049, 2048, 2049, 2049]","[2048, 2048, 2049, 2048]",307.0
1215,9133,2,42,2023-07-23T14:02:34.091000+00:00,30.347,30.223,23.908,274.0,235.0,False,84.478,"[None, 2048, 2048, 2048, 2048, 2048, 2048]","[2048, 2048, 2048, 2048, 2048, 2048, 2049, 2048]","[2048, 2048, 2048, 2048]",
1215,9133,20,42,2023-07-23T14:02:34.872000+00:00,49.105,30.706,23.714,273.0,234.0,True,103.525,"[2064, 2064, 2048, 2048, 2048, 2048, 2048]","[2048, 2048, 2049, 2048, 2048, 2049, 2048, 2048]","[2048, 2049, 2048, 2049, 0]",
1215,9133,4,43,2023-07-23T14:02:39.278000+00:00,30.582,30.025,23.868,279.0,241.0,False,84.475,"[None, 2049, 2048, 2048, 2048, 2048, 2048]","[2048, 2048, 2048, 2048, 2048, 2048, 2048, 2048]","[2048, 2048, 2048, 2048, 2048]",
1215,9133,24,42,2023-07-23T14:02:40.919000+00:00,30.533,30.704,23.8,273.0,238.0,False,85.037,"[None, 2048, 2048, 2048, 2048, 2048, 2048]","[2048, 2048, 2048, 2048, 2048, 2048, 2048, 2048]","[2048, 2048, 2048, 2048, 2048]",292.0
1215,9133,81,43,2023-07-23T14:02:50.419000+00:00,49.078,29.616,23.349,280.0,242.0,True,102.043,"[2064, 2064, 2048, 2048, 2048, 2048, 2048]","[2048, 2048, 2049, 2049, 2048, 2049, 2051, 2048]","[2051, 2049, 2049, 2048, 2049]",
1215,9133,44,43,2023-07-23T14:02:50.684000+00:00,30.663,30.139,23.771,268.0,237.0,False,84.573,"[None, 2048, 2048, 2048, 2048, 2048, 2048]","[2048, 2048, 2048, 2048, 2048, 2048, 2048, 2048]","[2048, 2048, 2048, 2048, 2048]",289.0
1215,9133,11,43,2023-07-23T14:02:53.669000+00:00,47.495,29.654,23.214,278.0,242.0,True,100.363,"[2064, 2064, 2048, 2048, 2048, 2048, 2048]","[2048, 2048, 2049, 2048, 2048, 2049, 2048, 2049]","[2049, 2049, 2049, 2048, 2048]",
1215,9133,55,43,2023-07-23T14:03:05.544000+00:00,30.385,30.6,24.212,,235.0,False,85.197,"[None, 2048, 2048, 2048, 2048, 2048, 2048]","[2048, 2048, 2048, 2048, 2048, 2048, 2048, 2048]","[2048, 2048, 2048, 2048]",292.0
1215,9133,16,43,2023-07-23T14:03:07.387000+00:00,30.294,30.357,26.099,280.0,235.0,False,86.75,"[None, 2048, 2048, 2048, 2048, 2048, 2048]","[2048, 2048, 2048, 2048, 2048, 2048, 2048, 2048]","[2048, 2048, 2048, 2064, 2064]",
1215,9133,14,43,2023-07-23T14:03:14.543000+00:00,30.559,30.472,26.599,,238.0,False,87.63,"[None, 2048, 2048, 2048, 2048, 2048, 2048]","[2048, 2048, 2048, 2048, 2048, 2048, 2048, 2048]","[2048, 2048, 2048, 2064, 2064]",291.0
1215,9133,63,43,2023-07-23T14:03:16.262000+00:00,30.318,29.768,23.611,274.0,240.0,False,83.697,"[None, 2048, 2048, 2048, 2048, 2048, 2048]","[2049, 2048, 2048, 2048, 2048, 2048, 2049, 2049]","[2049, 2048, 2048, 2048]",290.0
1215,9133,22,43,2023-07-23T14:03:39.715000+00:00,31.113,31.219,24.274,280.0,232.0,False,86.606,"[None, 2048, 2048, 2048, 2048, 2048, 2048]","[2048, 2048, 2048, 2048, 2048, 2048, 2049, 2048]","[2048, 2048, 2048, 2048, 2048]",
1215,9133,18,43,2023-07-23T14:03:40.105000+00:00,29.877,29.992,23.781,282.0,237.0,False,83.65,"[None, 2049, 2048, 2048, 2048, 2051, 2048]","[2049, 2048, 2048, 2049, 2048, 2049, 2048, 2048]","[2048, 2048, 2048, 2048]",309.0
1215,9133,1,44,2023-07-23T14:03:43.855000+00:00,30.045,29.962,23.765,283.0,239.0,False,83.772,"[None, 2048, 2048, 2048, 2048, 2048, 2049]","[2048, 2048, 2048, 2048, 2048, 2048, 2048, 2048]","[2048, 2048, 2048, 2048, 2048]",292.0
1215,9133,23,43,2023-07-23T14:03:48.418000+00:00,30.207,30.302,23.82,276.0,235.0,False,84.329,"[None, 2048, 2048, 2048, 2048, 2048, 2048]","[2049, 2048, 2048, 2048, 2048, 2048, 2048, 2048]","[2048, 2048, 2048, 2048, 2048]",294.0
1215,9133,77,43,2023-07-23T14:03:49.918000+00:00,30.248,30.284,23.682,278.0,239.0,False,84.214,"[None, 2048, 2048, 2048, 2048, 2048, 2048]","[2048, 2048, 2048, 2048, 2049, 2049, 2048, 2048]","[2049, 2048, 2048, 2048, 2048]",292.0
1215,9133,3,43,2023-07-23T14:03:51.933000+00:00,30.107,30.347,23.798,281.0,234.0,False,84.252,"[None, 2048, 2048, 2048, 2048, 2048, 2049]","[2048, 2048, 2048, 2048, 2049, 2048, 2048, 2048]","[2048, 2048, 2048, 2048, 2048]",290.0
1215,9133,27,43,2023-07-23T14:03:55.871000+00:00,30.078,30.373,23.7,280.0,234.0,False,84.151,"[2048, 2048, 2048, 2048, 2048, 2048, 2048]","[2048, 2048, 2048, 2048, 2048, 2048, 2048, 2048]","[2048, 2048, 2048, 2048, 2048]",293.0
1215,9133,2,43,2023-07-23T14:03:58.636000+00:00,30.417,30.573,23.836,,236.0,False,84.826,"[None, 2048, 2048, 2048, 2048, 2048, 2048]","[2048, 2048, 2048, 2048, 2048, 2048, 2048, 2048]","[2048, 2048, 2048, 2048]",
1215,9133,4,44,2023-07-23T14:04:03.730000+00:00,30.527,29.99,26.179,283.0,242.0,False,86.696,"[2048, 2048, 2048, 2048, 2048, 2048, 2048]","[2048, 2048, 2048, 2048, 2048, 2048, 2048, 2048]","[2049, 2048, 2048, 2064, 2064]",
1215,9133,24,43,2023-07-23T14:04:05.855000+00:00,30.314,30.443,23.753,278.0,239.0,False,84.51,"[None, 2048, 2048, 2048, 2048, 2048, 2048]","[2048, 2048, 2048, 2048, 2048, 2048, 2048, 2048]","[2048, 2048, 2048, 2048, 2048]",
1215,9133,44,44,2023-07-23T14:04:15.074000+00:00,30.706,30.011,23.726,271.0,238.0,False,84.443,"[None, 2048, 2048, 2048, 2048, 2048, 2048]","[2048, 2048, 2048, 2048, 2048, 2048, 2048, 2048]","[2048, 2048, 2048, 2048, 2048]",290.0
1215,9133,20,43,2023-07-23T14:04:18.402000+00:00,30.143,30.652,23.749,277.0,231.0,False,84.544,"[2048, 2048, 2049, 2048, 2049, 2048, 2048]","[2048, 2048, 2048, 2048, 2049, 2048, 2048, 2048]","[2048, 2048, 2049, 2048, 2048]",292.0
1215,9133,55,44,2023-07-23T14:04:30.636000+00:00,30.451,30.597,26.622,277.0,235.0,False,87.67,"[None, 2048, 2048, 2048, 2048, 2048, 2048]","[2048, 2048, 2048, 2048, 2048, 2048, 2048, 2048]","[2048, 2048, 2048, 2064, 2064]",293.0
1215,9133,81,44,2023-07-23T14:04:32.448000+00:00,29.828,30.005,23.643,279.0,240.0,False,83.476,"[2049, 2049, 2048, 2049, 2049, 2048, 2049]","[2048, 2048, 2048, 2048, 2048, 2048, 2048, 2048]","[2048, 2048, 2048, 2049]",304.0
1215,9133,11,44,2023-07-23T14:04:34.089000+00:00,29.876,29.695,23.358,282.0,238.0,False,82.929,"[2048, 2048, 2048, 2048, 2049, 2048, 2048]","[2048, 2049, 2049, 2049, 2048, 2048, 2048, 2048]","[2048, 2048, 2048, 2048]",296.0
1215,9133,16,44,2023-07-23T14:04:34.261000+00:00,47.699,28.973,22.955,274.0,244.0,True,99.627,"[2064, 2064, 2048, 2048, 2049, 2049, 2048]","[2051, 2051, 2051, 2049, 2051, 2049, 2049, 2051]","[2049, 2051, 2051, 2051, 2049]",
1215,9133,63,44,2023-07-23T14:04:39.917000+00:00,29.866,29.834,23.589,271.0,237.0,False,83.289,"[None, 2048, 2048, 2049, 2048, 2048, 2048]","[2048, 2048, 2048, 2048, 2048, 2048, 2048, 2048]","[2048, 2048, 2048, 2048]",304.0
1215,9133,14,44,2023-07-23T14:04:42.151000+00:00,50.67,29.72,23.592,278.0,240.0,True,103.982,"[2064, 2064, 2048, 2048, 2049, 2048, 2048]","[2048, 2049, 2049, 2049, 2049, 2049, 2048, 2048]","[2048, 2048, 2049, 2049, 0]",
1215,9133,18,44,2023-07-23T14:05:03.651000+00:00,30.274,30.06,23.77,280.0,238.0,False,84.104,"[None, 2048, 2048, 2048, 2048, 2048, 2048]","[2048, 2048, 2048, 2048, 2048, 2048, 2048, 2048]","[2048, 2048, 2048, 2048]",291.0
1215,9133,22,44,2023-07-23T14:05:06.291000+00:00,30.821,32.409,26.658,279.0,233.0,False,89.888,"[None, 2048, 2048, 2048, 2048, 2048, 2048]","[2048, 2048, 2048, 2048, 2048, 2048, 2048, 2048]","[2048, 2048, 2048, 2064, 2064]",288.0
1215,9133,1,45,2023-07-23T14:05:07.604000+00:00,30.349,29.945,23.636,285.0,241.0,False,83.93,"[None, 2048, 2048, 2048, 2048, 2048, 2048]","[2048, 2048, 2048, 2048, 2048, 2048, 2048, 2048]","[2048, 2048, 2048, 2048, 2048]",293.0
1215,9133,23,44,2023-07-23T14:05:12.713000+00:00,30.272,30.396,23.747,272.0,234.0,False,84.415,"[None, 2048, 2048, 2048, 2048, 2048, 2048]","[2048, 2048, 2048, 2048, 2048, 2048, 2048, 2048]","[2048, 2048, 2048, 2048, 2049]",
1215,9133,77,44,2023-07-23T14:05:14.182000+00:00,30.213,30.166,23.725,,239.0,False,84.104,"[None, 2048, 2048, 2048, 2048, 2048, 2048]","[2048, 2048, 2048, 2049, 2048, 2049, 2049, 2048]","[2048, 2048, 2048, 2048, 2048]",290.0
1215,9133,3,44,2023-07-23T14:05:16.166000+00:00,30.227,30.358,23.854,,237.0,False,84.439,"[None, 2048, 2048, 2048, 2048, 2048, 2049]","[2048, 2048, 2048, 2048, 2048, 2048, 2048, 2049]","[2048, 2048, 2048, 2048, 2048]",288.0
1215,9133,27,44,2023-07-23T14:05:19.994000+00:00,30.291,30.513,23.817,279.0,236.0,False,84.621,"[None, 2048, 2048, 2048, 2048, 2049, 2049]","[2048, 2048, 2048, 2048, 2048, 2049, 2048, 2048]","[2048, 2048, 2048, 2048, 2048]",292.0
1215,9133,2,44,2023-07-23T14:05:23.479000+00:00,30.518,30.452,23.76,276.0,234.0,False,84.73,"[None, 2048, 2048, 2048, 2048, 2048, 2048]","[2048, 2048, 2048, 2048, 2048, 2048, 2048, 2048]","[2048, 2048, 2048, 2048]",293.0
1215,9133,4,45,2023-07-23T14:05:30.416000+00:00,48.099,29.862,23.221,280.0,235.0,True,101.182,"[2064, 2064, 2048, 2048, 2048, 2048, 2048]","[2048, 2048, 2048, 2048, 2048, 2048, 2048, 2048]","[2048, 2048, 2048, 2048, 2049]",
1215,9133,24,44,2023-07-23T14:05:30.588000+00:00,30.254,30.514,23.66,277.0,236.0,False,84.428,"[None, 2048, 2048, 2048, 2048, 2048, 2048]","[2048, 2048, 2048, 2048, 2048, 2048, 2048, 2048]","[2048, 2048, 2048, 2048, 2048]",290.0
1215,9133,44,45,2023-07-23T14:05:39.635000+00:00,30.732,30.184,23.658,273.0,235.0,False,84.574,"[None, 2048, 2048, 2048, 2048, 2048, 2048]","[2048, 2048, 2048, 2048, 2048, 2048, 2048, 2048]","[2048, 2048, 2048, 2048]",288.0
1215,9133,20,44,2023-07-23T14:05:42.916000+00:00,30.069,30.298,23.73,279.0,236.0,False,84.097,"[None, 2048, 2048, 2048, 2048, 2048, 2049]","[2049, 2048, 2048, 2049, 2048, 2048, 2049, 2049]","[2049, 2048, 2048, 2048]",291.0
1215,9133,81,45,2023-07-23T14:05:55.822000+00:00,29.916,29.448,23.372,,243.0,False,82.736,"[2048, 2048, 2048, 2049, 2048, 2048, 2048]","[2049, 2049, 2048, 2049, 2049, 2048, 2048, 2048]","[2048, 2048, 2049, 2048]",303.0
1215,9133,11,45,2023-07-23T14:05:56.994000+00:00,29.829,29.792,23.016,278.0,238.0,False,82.637,"[None, 2048, 2049, 2048, 2048, 2048, 2048]","[2048, 2048, 2048, 2048, 2048, 2048, 2048, 2048]","[2048, 2049, 2049, 2048]",298.0
1215,9133,55,45,2023-07-23T14:05:58.384000+00:00,48.996,30.433,23.51,276.0,236.0,True,102.939,"[2064, 2064, 2048, 2048, 2048, 2048, 2048]","[2048, 2048, 2048, 2048, 2048, 2049, 2048, 2048]","[2048, 2049, 2048, 2048, 2048]",
1215,9133,63,45,2023-07-23T14:06:03.119000+00:00,30.311,29.723,23.451,269.0,235.0,False,83.485,"[None, 2048, 2048, 2048, 2048, 2048, 2048]","[2048, 2048, 2048, 2048, 2049, 2048, 2048, 2048]","[2048, 2048, 2048, 2048]",288.0
1215,9133,16,45,2023-07-23T14:06:13.791000+00:00,30.112,29.892,23.569,276.0,239.0,False,83.573,"[2048, 2048, 2048, 2048, 2048, 2048, 2048]","[2048, 2048, 2048, 2048, 2048, 2048, 2048, 2048]","[2048, 2048, 2048, 2048]",292.0
1215,9133,14,45,2023-07-23T14:06:26.149000+00:00,30.11,29.78,23.494,279.0,238.0,False,83.384,"[2048, 2048, 2049, 2048, 2048, 2048, 2048]","[2048, 2051, 2048, 2048, 2049, 2048, 2048, 2048]","[2048, 2049, 2049, 2048]",290.0
1215,9133,18,45,2023-07-23T14:06:27.821000+00:00,30.341,29.865,23.671,282.0,238.0,False,83.877,"[None, 2048, 2048, 2048, 2048, 2048, 2048]","[2048, 2048, 2049, 2049, 2048, 2048, 2048, 2048]","[2048, 2048, 2048, 2048]",293.0
1215,9133,1,46,2023-07-23T14:06:31.524000+00:00,30.174,29.759,23.706,282.0,241.0,False,83.639,"[None, 2048, 2048, 2048, 2048, 2048, 2048]","[2048, 2048, 2048, 2048, 2048, 2048, 2048, 2048]","[2048, 2048, 2048, 2048]",291.0
1215,9133,22,45,2023-07-23T14:06:36.134000+00:00,48.346,30.798,23.496,274.0,234.0,True,102.64,"[2064, 2064, 2048, 2048, 2048, 2048, 2048]","[2048, 2048, 2049, 2048, 2048, 2049, 2048, 2048]","[2048, 2049, 2049, 2048, 2049]",
1215,9133,23,45,2023-07-23T14:06:37.180000+00:00,30.306,30.316,23.822,273.0,235.0,False,84.444,"[None, 2048, 2048, 2048, 2048, 2048, 2048]","[2048, 2048, 2048, 2049, 2048, 2048, 2048, 2048]","[2048, 2048, 2048, 2048]",
1215,9133,77,45,2023-07-23T14:06:38.227000+00:00,30.274,30.333,23.619,,238.0,False,84.226,"[None, 2048, 2048, 2048, 2048, 2048, 2048]","[2048, 2048, 2048, 2048, 2048, 2049, 2048, 2048]","[2048, 2048, 2048, 2048]",
1215,9133,3,45,2023-07-23T14:06:40.633000+00:00,30.22,30.349,23.65,280.0,235.0,False,84.219,"[None, 2048, 2048, 2048, 2048, 2048, 2048]","[2048, 2048, 2048, 2048, 2049, 2048, 2048, 2048]","[2048, 2048, 2048, 2048]",287.0
1215,9133,27,45,2023-07-23T14:06:44.633000+00:00,30.282,30.39,23.758,,233.0,False,84.43,"[None, 2048, 2048, 2048, 2048, 2048, 2048]","[2048, 2048, 2048, 2048, 2049, 2048, 2049, 2048]","[2048, 2048, 2048, 2048]",
1215,9133,2,45,2023-07-23T14:06:48.196000+00:00,30.382,30.272,23.653,,236.0,False,84.307,"[None, 2048, 2048, 2048, 2048, 2048, 2048]","[2048, 2048, 2048, 2048, 2048, 2048, 2048, 2048]","[2048, 2048, 2048, 2048]",294.0
1215,9133,24,45,2023-07-23T14:06:54.930000+00:00,30.63,30.744,23.835,280.0,236.0,False,85.209,"[None, 2048, 2048, 2048, 2048, 2048, 2048]","[2048, 2048, 2048, 2048, 2048, 2048, 2048, 2048]","[2048, 2048, 2048, 2048, 2048]",291.0
1215,9133,44,46,2023-07-23T14:07:04.117000+00:00,30.554,30.111,23.586,275.0,235.0,False,84.251,"[None, 2048, 2048, 2048, 2048, 2048, 2048]","[2048, 2048, 2048, 2048, 2048, 2048, 2048, 2048]","[2048, 2048, 2048, 2048]",
1215,9133,20,45,2023-07-23T14:07:07.055000+00:00,30.09,30.419,23.776,,235.0,False,84.285,"[None, 2048, 2048, 2048, 2048, 2048, 2049]","[2048, 2048, 2048, 2048, 2048, 2048, 2048, 2048]","[2048, 2049, 2048, 2048, 2048]",
1215,9133,4,46,2023-07-23T14:07:11.633000+00:00,29.886,29.286,23.044,281.0,241.0,False,82.216,"[2048, 2048, 2048, 2049, 2048, 2048, 2048]","[2048, 2049, 2049, 2049, 2049, 2051, 2051, 2048]","[2048, 2048, 2048, 2051]",291.0
1215,9133,81,46,2023-07-23T14:07:18.617000+00:00,30.054,29.795,23.363,281.0,242.0,False,83.212,"[None, 2048, 2048, 2048, 2049, 2048, 2049]","[2048, 2048, 2048, 2048, 2048, 2048, 2048, 2048]","[2048, 2048, 2049, 2048, 2049]",290.0
1215,9133,11,46,2023-07-23T14:07:19.555000+00:00,29.717,29.927,23.062,281.0,241.0,False,82.706,"[None, 2048, 2048, 2048, 2048, 2048, 2051]","[2048, 2048, 2048, 2048, 2048, 2048, 2049, 2048]","[2048, 2048, 2048, 2048, 2051]",308.0
1215,9133,63,46,2023-07-23T14:07:26.633000+00:00,30.172,29.747,25.502,275.0,238.0,False,85.421,"[None, 2048, 2048, 2048, 2048, 2048, 2048]","[2048, 2048, 2048, 2049, 2049, 2048, 2048, 2048]","[2048, 2048, 2048, 2064, 2064]",287.0
1215,9133,16,46,2023-07-23T14:07:37.257000+00:00,30.056,29.602,23.341,277.0,238.0,False,82.999,"[None, 2048, 2049, 2048, 2048, 2049, 2048]","[2048, 2048, 2048, 2048, 2048, 2048, 2048, 2048]","[2048, 2048, 2048, 2048, 2048]",289.0
1215,9133,55,46,2023-07-23T14:07:41.382000+00:00,29.932,29.949,23.416,278.0,236.0,False,83.297,"[2048, 2048, 2049, 2049, 2048, 2048, 2048]","[2048, 2048, 2049, 2049, 2048, 2048, 2048, 2048]","[2048, 2049, 2048, 2049, 2048]",290.0
1215,9133,14,46,2023-07-23T14:07:49.538000+00:00,30.134,29.815,23.344,281.0,237.0,False,83.293,"[None, 2048, 2048, 2048, 2048, 2048, 2048]","[2048, 2048, 2048, 2049, 2048, 2048, 2048, 2048]","[2048, 2048, 2049, 2049]",289.0
1215,9133,18,46,2023-07-23T14:07:51.773000+00:00,30.212,29.816,23.814,284.0,241.0,False,83.842,"[None, 2048, 2048, 2048, 2048, 2048, 2049]","[2049, 2048, 2048, 2048, 2049, 2048, 2048, 2049]","[2049, 2048, 2048, 2048, 2048]",292.0
1215,9133,1,47,2023-07-23T14:07:55.163000+00:00,30.117,29.856,23.635,283.0,240.0,False,83.608,"[None, 2048, 2048, 2048, 2048, 2048, 2049]","[2048, 2048, 2048, 2048, 2048, 2048, 2048, 2048]","[2048, 2048, 2048, 2048, 2048]",290.0
1215,9133,23,46,2023-07-23T14:08:01.507000+00:00,30.385,30.409,23.814,,235.0,False,84.608,"[None, 2048, 2048, 2048, 2048, 2048, 2048]","[2048, 2048, 2048, 2048, 2048, 2049, 2048, 2048]","[2048, 2048, 2048, 2048]",293.0
1215,9133,77,46,2023-07-23T14:08:02.351000+00:00,30.085,30.504,23.616,279.0,236.0,False,84.205,"[2049, 2049, 2048, 2048, 2048, 2048, 2048]","[2048, 2048, 2048, 2048, 2048, 2048, 2049, 2048]","[2048, 2049, 2048, 2048, 2048]",304.0
1215,9133,3,46,2023-07-23T14:08:04.757000+00:00,30.135,30.36,23.74,282.0,233.0,False,84.235,"[None, 2048, 2048, 2048, 2048, 2048, 2049]","[2048, 2048, 2048, 2048, 2048, 2048, 2048, 2048]","[2048, 2048, 2048, 2048]",
1215,9133,27,46,2023-07-23T14:08:08.944000+00:00,30.266,30.256,23.711,280.0,236.0,False,84.233,"[None, 2048, 2048, 2048, 2048, 2048, 2048]","[2048, 2048, 2048, 2048, 2049, 2049, 2048, 2048]","[2048, 2048, 2048, 2048, 2048]",291.0
1215,9133,2,46,2023-07-23T14:08:12.444000+00:00,30.344,30.27,23.796,278.0,234.0,False,84.41,"[None, 2048, 2048, 2049, 2048, 2048, 2048]","[2048, 2048, 2048, 2048, 2048, 2048, 2048, 2048]","[2048, 2048, 2048, 2048, 2048]",293.0
1215,9133,22,46,2023-07-23T14:08:18.819000+00:00,30.02,30.434,23.606,276.0,232.0,False,84.06,"[2048, 2048, 2049, 2048, 2049, 2048, 2048]","[2048, 2048, 2049, 2048, 2048, 2049, 2048, 2048]","[2048, 2048, 2048, 2048, 2049]",286.0
1215,9133,24,46,2023-07-23T14:08:20.116000+00:00,30.417,30.606,23.843,278.0,234.0,False,84.866,"[None, 2048, 2048, 2048, 2048, 2048, 2048]","[2048, 2048, 2048, 2048, 2048, 2048, 2048, 2048]","[2048, 2048, 2048, 2048, 2048]",293.0
1215,9133,44,47,2023-07-23T14:08:28.413000+00:00,30.534,29.909,23.759,,236.0,False,84.202,"[None, 2048, 2048, 2048, 2048, 2048, 2049]","[2048, 2048, 2048, 2051, 2049, 2048, 2048, 2048]","[2048, 2048, 2048, 2048]",289.0
1215,9133,20,46,2023-07-23T14:08:31.350000+00:00,30.176,30.182,23.812,278.0,237.0,False,84.17,"[None, 2048, 2048, 2048, 2048, 2048, 2048]","[2048, 2049, 2048, 2049, 2049, 2048, 2048, 2049]","[2048, 2048, 2048, 2048, 2049]",292.0
1215,9133,4,47,2023-07-23T14:08:33.772000+00:00,29.932,29.443,23.197,282.0,241.0,False,82.572,"[2049, 2048, 2048, 2049, 2049, 2048, 2048]","[2048, 2048, 2048, 2049, 2048, 2048, 2051, 2048]","[2048, 2048, 2048, 2048, 2048]",
1215,9133,81,47,2023-07-23T14:08:41.897000+00:00,30.629,30.681,23.859,277.0,241.0,False,85.169,"[None, 2048, 2048, 2049, 2048, 2048, 2048]","[2048, 2048, 2048, 2048, 2048, 2048, 2048, 2048]","[2048, 2048, 2048, 2048]",293.0
1215,9133,11,47,2023-07-23T14:08:42.272000+00:00,29.778,29.818,23.276,279.0,241.0,False,82.872,"[2051, 2051, 2048, 2048, 2048, 2048, 2048]","[2048, 2048, 2048, 2048, 2048, 2048, 2049, 2049]","[2048, 2048, 2048, 2048]",313.0
1215,9133,63,47,2023-07-23T14:08:52.147000+00:00,47.745,29.395,22.82,271.0,236.0,True,99.96,"[2064, 2064, 2048, 2048, 2049, 2048, 2048]","[2048, 2051, 2049, 2051, 2048, 2049, 2048, 2048]","[2048, 2051, 2051, 2051, 0]",
1215,9133,16,47,2023-07-23T14:09:00.381000+00:00,29.843,29.551,23.426,280.0,236.0,False,82.82,"[None, 2048, 2049, 2048, 2048, 2048, 2048]","[2048, 2048, 2048, 2048, 2048, 2048, 2048, 2048]","[2048, 2048, 2048, 2048, 2048]",291.0
1215,9133,55,47,2023-07-23T14:09:04.647000+00:00,29.957,29.806,23.42,276.0,236.0,False,83.183,"[None, 2048, 2048, 2048, 2049, 2049, 2048]","[2048, 2048, 2049, 2049, 2048, 2049, 2048, 2048]","[2048, 2048, 2048, 2049]",292.0
1215,9133,14,47,2023-07-23T14:09:12.834000+00:00,30.436,30.08,23.594,280.0,237.0,False,84.11,"[None, 2048, 2048, 2048, 2048, 2048, 2048]","[2048, 2048, 2048, 2048, 2048, 2048, 2048, 2048]","[2048, 2048, 2048, 2048, 2049]",290.0
1215,9133,18,47,2023-07-23T14:09:15.568000+00:00,30.228,30.164,23.841,281.0,240.0,False,84.233,"[None, 2048, 2048, 2048, 2048, 2048, 2048]","[2048, 2048, 2048, 2048, 2048, 2048, 2048, 2048]","[2048, 2048, 2048, 2048]",
1215,9133,1,48,2023-07-23T14:09:18.787000+00:00,30.054,29.713,23.72,,241.0,False,83.487,"[None, 2048, 2048, 2048, 2048, 2048, 2048]","[2048, 2048, 2048, 2048, 2048, 2048, 2048, 2048]","[2048, 2048, 2048, 2048]",291.0
1215,9133,23,47,2023-07-23T14:09:26.240000+00:00,30.235,30.193,23.71,,238.0,False,84.138,"[None, 2048, 2048, 2048, 2048, 2048, 2048]","[2048, 2049, 2048, 2048, 2048, 2048, 2048, 2048]","[2048, 2048, 2048, 2048, 2048]",292.0
1215,9133,77,47,2023-07-23T14:09:26.677000+00:00,30.372,30.321,23.73,277.0,238.0,False,84.423,"[None, 2048, 2048, 2048, 2048, 2048, 2048]","[2048, 2048, 2048, 2049, 2048, 2048, 2048, 2048]","[2048, 2048, 2048, 2048, 2048]",308.0
1215,9133,3,47,2023-07-23T14:09:29.099000+00:00,30.174,30.443,23.812,280.0,234.0,False,84.429,"[None, 2048, 2048, 2048, 2048, 2048, 2048]","[2048, 2048, 2048, 2048, 2048, 2048, 2048, 2048]","[2048, 2048, 2048, 2048, 2048]",288.0
1215,9133,27,47,2023-07-23T14:09:33.318000+00:00,30.104,30.206,23.846,,237.0,False,84.156,"[None, 2048, 2048, 2048, 2048, 2048, 2048]","[2048, 2048, 2048, 2048, 2048, 2048, 2049, 2048]","[2048, 2048, 2048, 2048, 2048]",292.0
1215,9133,2,47,2023-07-23T14:09:36.927000+00:00,30.298,30.182,23.817,277.0,236.0,False,84.297,"[None, 2048, 2048, 2048, 2048, 2048, 2048]","[2048, 2048, 2048, 2048, 2048, 2048, 2048, 2048]","[2048, 2048, 2048, 2048, 2048]",295.0
1215,9133,22,47,2023-07-23T14:09:42.912000+00:00,29.995,30.498,23.574,275.0,234.0,False,84.067,"[None, 2048, 2048, 2048, 2049, 2048, 2048]","[2048, 2048, 2048, 2049, 2048, 2048, 2048, 2048]","[2048, 2048, 2048, 2048, 2049]",287.0
1215,9133,24,47,2023-07-23T14:09:44.958000+00:00,30.298,30.6,23.798,279.0,238.0,False,84.696,"[None, 2048, 2048, 2048, 2048, 2048, 2048]","[2048, 2048, 2048, 2048, 2048, 2048, 2048, 2048]","[2048, 2048, 2048, 2048, 2048]",292.0
1215,9133,44,48,2023-07-23T14:09:52.646000+00:00,30.569,29.976,23.945,274.0,238.0,False,84.49,"[None, 2048, 2048, 2048, 2048, 2048, 2048]","[2048, 2048, 2048, 2048, 2048, 2048, 2048, 2048]","[2049, 2048, 2048, 2048, 2048]",288.0
1215,9133,20,47,2023-07-23T14:09:55.489000+00:00,32.461,30.365,23.82,280.0,236.0,False,86.646,"[None, 2048, 2048, 2048, 2048, 2048, 2049]","[2048, 2048, 2049, 2048, 2048, 2048, 2048, 2048]","[2049, 2049, 2048, 2048, 2048]",293.0
1215,9133,4,48,2023-07-23T14:09:56.521000+00:00,30.067,29.2,23.251,,245.0,False,82.518,"[None, 2048, 2048, 2048, 2048, 2049, 2048]","[2048, 2048, 2049, 2048, 2048, 2048, 2051, 2051]","[2049, 2048, 2048, 2049]",294.0
1215,9133,11,48,2023-07-23T14:10:05.068000+00:00,29.97,29.425,23.193,281.0,244.0,False,82.588,"[2048, 2048, 2048, 2048, 2048, 2048, 2048]","[2048, 2048, 2048, 2048, 2049, 2049, 2049, 2049]","[2048, 2048, 2048, 2049, 2048]",292.0
1215,9133,81,48,2023-07-23T14:10:07.067000+00:00,30.535,30.268,23.713,276.0,241.0,False,84.516,"[None, 2048, 2048, 2048, 2048, 2048, 2048]","[2048, 2048, 2048, 2048, 2048, 2048, 2048, 2048]","[2048, 2048, 2048, 2048, 2048]",
1215,9133,16,48,2023-07-23T14:10:23.208000+00:00,29.845,29.325,23.403,278.0,240.0,False,82.573,"[None, 2048, 2049, 2048, 2048, 2048, 2048]","[2048, 2048, 2048, 2048, 2048, 2048, 2048, 2048]","[2048, 2048, 2048, 2048]",
1215,9133,55,48,2023-07-23T14:10:27.754000+00:00,30.01,29.669,23.417,,238.0,False,83.096,"[None, 2048, 2048, 2048, 2048, 2049, 2048]","[2049, 2048, 2048, 2048, 2049, 2048, 2048, 2048]","[2048, 2048, 2048, 2048, 2048]",
1215,9133,63,48,2023-07-23T14:10:32.129000+00:00,29.668,29.435,23.055,266.0,238.0,False,82.158,"[2048, 2048, 2051, 2048, 2051, 2051, 2048]","[2048, 2051, 2048, 2048, 2048, 2048, 2048, 2048]","[2048, 2048, 2048, 2048]",288.0
1215,9133,14,48,2023-07-23T14:10:36.989000+00:00,30.109,29.598,23.362,281.0,243.0,False,83.069,"[None, 2048, 2048, 2048, 2048, 2049, 2048]","[2049, 2049, 2048, 2048, 2048, 2048, 2049, 2049]","[2049, 2048, 2048, 2048]",292.0
1215,9133,18,48,2023-07-23T14:10:39.801000+00:00,30.153,29.917,23.716,283.0,241.0,False,83.786,"[None, 2048, 2048, 2048, 2048, 2048, 2048]","[2049, 2049, 2048, 2048, 2048, 2048, 2048, 2048]","[2048, 2048, 2048, 2048]",
1215,9133,1,49,2023-07-23T14:10:42.270000+00:00,30.085,30.065,23.672,,241.0,False,83.822,"[None, 2048, 2048, 2048, 2048, 2048, 2049]","[2048, 2048, 2048, 2048, 2048, 2048, 2048, 2048]","[2048, 2048, 2048, 2048, 2048]",292.0
1215,9133,23,48,2023-07-23T14:10:50.363000+00:00,30.336,30.35,23.819,,237.0,False,84.505,"[None, 2048, 2048, 2048, 2048, 2048, 2048]","[2048, 2048, 2048, 2048, 2048, 2048, 2048, 2048]","[2048, 2048, 2048, 2048]",293.0
1215,9133,77,48,2023-07-23T14:10:51.067000+00:00,30.205,30.284,23.813,,241.0,False,84.302,"[2048, 2048, 2048, 2048, 2048, 2048, 2048]","[2048, 2048, 2048, 2048, 2048, 2048, 2048, 2049]","[2049, 2048, 2048, 2048, 2048]",306.0
1215,9133,3,48,2023-07-23T14:10:53.488000+00:00,30.262,30.375,23.859,,237.0,False,84.496,"[None, 2048, 2048, 2048, 2048, 2048, 2048]","[2048, 2048, 2048, 2048, 2048, 2048, 2048, 2048]","[2048, 2048, 2048, 2048, 2048]",289.0
1215,9133,27,48,2023-07-23T14:10:57.426000+00:00,30.149,30.242,23.686,279.0,238.0,False,84.077,"[None, 2048, 2048, 2049, 2048, 2048, 2048]","[2048, 2048, 2048, 2048, 2048, 2048, 2048, 2049]","[2049, 2048, 2048, 2048, 2048]",
1215,9133,2,48,2023-07-23T14:11:01.207000+00:00,30.285,30.005,23.733,276.0,237.0,False,84.023,"[None, 2048, 2048, 2048, 2048, 2048, 2048]","[2048, 2048, 2048, 2049, 2048, 2048, 2049, 2048]","[2048, 2048, 2048, 2048, 2048]",294.0
1215,9133,22,48,2023-07-23T14:11:06.941000+00:00,30.004,30.346,23.55,278.0,235.0,False,83.9,"[None, 2048, 2048, 2049, 2048, 2048, 2048]","[2048, 2048, 2049, 2049, 2048, 2048, 2048, 2048]","[2048, 2048, 2048, 2048, 2049]",
1215,9133,24,48,2023-07-23T14:11:09.707000+00:00,30.221,30.202,23.671,281.0,238.0,False,84.094,"[None, 2048, 2048, 2048, 2048, 2048, 2049]","[2048, 2048, 2048, 2048, 2048, 2048, 2048, 2048]","[2048, 2048, 2048, 2048, 2049]",291.0
1215,9133,44,49,2023-07-23T14:11:17.082000+00:00,30.3,30.017,26.7,272.0,236.0,False,87.017,"[None, 2048, 2048, 2048, 2048, 2048, 2049]","[2048, 2048, 2048, 2048, 2048, 2048, 2048, 2048]","[2048, 2048, 2048, 2064, 2064]",289.0
1215,9133,4,49,2023-07-23T14:11:18.957000+00:00,29.906,29.585,23.336,284.0,243.0,False,82.827,"[2048, 2048, 2048, 2048, 2048, 2049, 2049]","[2048, 2049, 2048, 2048, 2048, 2048, 2048, 2048]","[2048, 2048, 2048, 2048]",292.0
1215,9133,20,48,2023-07-23T14:11:22.128000+00:00,29.952,30.153,23.837,282.0,240.0,False,83.942,"[None, 2048, 2048, 2048, 2049, 2049, 2049]","[2049, 2048, 2048, 2048, 2048, 2048, 2049, 2049]","[2049, 2048, 2048, 2048]",292.0
1215,9133,11,49,2023-07-23T14:11:27.753000+00:00,29.771,29.421,23.188,282.0,241.0,False,82.38,"[None, 2048, 2049, 2049, 2049, 2048, 2048]","[2048, 2049, 2049, 2049, 2048, 2048, 2048, 2048]","[2048, 2049, 2048, 2049, 2048]",
1215,9133,81,49,2023-07-23T14:11:31.597000+00:00,30.035,29.765,23.601,280.0,243.0,False,83.401,"[None, 2048, 2048, 2048, 2048, 2048, 2049]","[2048, 2048, 2048, 2048, 2048, 2048, 2048, 2048]","[2048, 2048, 2048, 2048, 2048]",291.0
1215,9133,16,49,2023-07-23T14:11:45.737000+00:00,29.886,29.27,23.395,277.0,243.0,False,82.551,"[None, 2048, 2048, 2048, 2048, 2048, 2048]","[2048, 2048, 2048, 2048, 2051, 2048, 2048, 2048]","[2048, 2048, 2048, 2048]",
1215,9133,55,49,2023-07-23T14:11:50.925000+00:00,29.962,29.572,23.354,,241.0,False,82.888,"[None, 2048, 2048, 2048, 2048, 2048, 2048]","[2049, 2049, 2049, 2049, 2049, 2048, 2049, 2049]","[2049, 2049, 2048, 2049]",291.0
1215,9133,63,49,2023-07-23T14:11:54.175000+00:00,30.085,29.427,23.067,267.0,239.0,False,82.579,"[None, 2048, 2048, 2048, 2048, 2048, 2048]","[2048, 2048, 2048, 2048, 2048, 2049, 2048, 2048]","[2048, 2048, 2048, 2048, 2048]",
1215,9133,14,49,2023-07-23T14:12:00.050000+00:00,29.93,29.607,23.455,,241.0,False,82.992,"[None, 2048, 2049, 2048, 2048, 2048, 2048]","[2049, 2048, 2049, 2048, 2049, 2048, 2048, 2048]","[2048, 2049, 2048, 2048, 2048]",291.0
1215,9133,18,49,2023-07-23T14:12:03.565000+00:00,30.08,29.929,23.754,,241.0,False,83.763,"[None, 2048, 2048, 2048, 2048, 2048, 2048]","[2049, 2048, 2048, 2048, 2048, 2048, 2048, 2048]","[2048, 2048, 2048, 2048, 2048]",
1215,9133,1,50,2023-07-23T14:12:06.081000+00:00,30.042,29.935,23.805,,243.0,False,83.782,"[None, 2048, 2048, 2048, 2048, 2048, 2048]","[2048, 2048, 2048, 2048, 2048, 2048, 2048, 2048]","[2048, 2048, 2048, 2048, 2048]",
1215,9133,23,49,2023-07-23T14:12:14.846000+00:00,30.208,30.365,23.744,274.0,238.0,False,84.317,"[None, 2048, 2048, 2048, 2048, 2048, 2048]","[2048, 2048, 2049, 2048, 2048, 2048, 2048, 2048]","[2048, 2048, 2048, 2048, 2048]",294.0
1215,9133,77,49,2023-07-23T14:12:15.409000+00:00,30.102,30.358,23.832,278.0,241.0,False,84.292,"[2049, 2049, 2048, 2048, 2048, 2048, 2048]","[2048, 2048, 2048, 2048, 2048, 2048, 2048, 2049]","[2048, 2048, 2048, 2048, 2048]",309.0
1215,9133,3,49,2023-07-23T14:12:18.018000+00:00,30.105,30.203,23.789,281.0,238.0,False,84.097,"[None, 2048, 2048, 2048, 2048, 2048, 2048]","[2049, 2048, 2048, 2048, 2048, 2048, 2049, 2049]","[2049, 2048, 2048, 2048]",288.0
1215,9133,27,49,2023-07-23T14:12:21.502000+00:00,30.047,30.397,23.882,280.0,236.0,False,84.326,"[None, 2048, 2048, 2048, 2048, 2049, 2048]","[2048, 2048, 2048, 2048, 2048, 2048, 2048, 2048]","[2048, 2048, 2048, 2048, 2048]",294.0
1215,9133,2,49,2023-07-23T14:12:25.237000+00:00,30.166,30.208,23.767,272.0,237.0,False,84.141,"[None, 2048, 2048, 2048, 2048, 2048, 2048]","[2048, 2048, 2048, 2048, 2048, 2048, 2048, 2048]","[2048, 2048, 2048, 2048, 2048]",
1215,9133,22,49,2023-07-23T14:12:30.830000+00:00,30.04,30.244,23.754,,237.0,False,84.038,"[None, 2048, 2048, 2048, 2049, 2048, 2048]","[2048, 2049, 2049, 2048, 2049, 2048, 2048, 2048]","[2048, 2048, 2048, 2048, 2048]",288.0
1215,9133,24,49,2023-07-23T14:12:33.737000+00:00,30.236,30.287,23.73,280.0,239.0,False,84.253,"[None, 2048, 2048, 2048, 2048, 2048, 2048]","[2048, 2048, 2048, 2048, 2048, 2049, 2048, 2048]","[2048, 2048, 2048, 2048, 2048]",293.0
1215,9133,4,50,2023-07-23T14:12:41.690000+00:00,29.674,29.303,23.201,283.0,245.0,False,82.178,"[2049, 2049, 2048, 2049, 2048, 2049, 2048]","[2049, 2048, 2049, 2048, 2048, 2048, 2048, 2049]","[2048, 2048, 2048, 2048]",305.0
1215,9133,44,50,2023-07-23T14:12:44.127000+00:00,48.48,30.049,23.217,272.0,234.0,True,101.746,"[2064, 2064, 2048, 2049, 2048, 2048, 2048]","[2048, 2048, 2048, 2048, 2048, 2048, 2048, 2048]","[2048, 2049, 2049, 2049, 2048]",
1215,9133,20,49,2023-07-23T14:12:46.111000+00:00,30.091,30.099,23.92,280.0,239.0,False,84.11,"[None, 2048, 2048, 2048, 2048, 2048, 2048]","[2049, 2048, 2049, 2048, 2048, 2048, 2048, 2049]","[2048, 2048, 2048, 2048, 2048]",294.0
1215,9133,11,50,2023-07-23T14:12:50.127000+00:00,29.817,29.283,23.306,284.0,245.0,False,82.406,"[None, 2048, 2048, 2049, 2048, 2049, 2048]","[2049, 2049, 2048, 2049, 2048, 2048, 2051, 2051]","[2049, 2048, 2048, 2048]",293.0
1215,9133,81,50,2023-07-23T14:12:54.939000+00:00,30.049,29.637,23.464,281.0,245.0,False,83.15,"[None, 2048, 2048, 2048, 2049, 2048, 2049]","[2048, 2048, 2048, 2048, 2048, 2048, 2048, 2049]","[2051, 2048, 2048, 2048]",292.0
1215,9133,16,50,2023-07-23T14:13:08.298000+00:00,29.862,29.123,23.484,279.0,243.0,False,82.469,"[None, 2048, 2048, 2048, 2048, 2048, 2049]","[2048, 2048, 2048, 2049, 2051, 2048, 2049, 2048]","[2049, 2048, 2048, 2048, 2048]",292.0
1215,9133,55,50,2023-07-23T14:13:13.830000+00:00,29.851,29.55,23.376,278.0,240.0,False,82.777,"[None, 2048, 2048, 2048, 2049, 2049, 2049]","[2049, 2048, 2049, 2048, 2049, 2048, 2049, 2049]","[2049, 2048, 2048, 2048, 2048]",292.0
1215,9133,63,50,2023-07-23T14:13:16.798000+00:00,29.742,29.382,23.214,271.0,238.0,False,82.338,"[None, 2048, 2048, 2048, 2051, 2049, 2048]","[2049, 2048, 2048, 2048, 2048, 2049, 2048, 2048]","[2048, 2048, 2048, 2048, 2048]",289.0
1215,9133,14,50,2023-07-23T14:13:23.033000+00:00,29.98,29.532,23.451,283.0,241.0,False,82.963,"[None, 2048, 2048, 2048, 2048, 2049, 2049]","[2048, 2049, 2048, 2048, 2048, 2048, 2048, 2048]","[2048, 2048, 2048, 2048, 2048]",292.0
1215,9133,18,50,2023-07-23T14:13:27.329000+00:00,30.098,29.873,23.732,284.0,241.0,False,83.703,"[None, 2048, 2048, 2048, 2048, 2051, 2049]","[2048, 2048, 2048, 2049, 2048, 2048, 2048, 2048]","[2049, 2048, 2048, 2048, 2048]",
1215,9133,1,51,2023-07-23T14:13:29.861000+00:00,30.048,29.879,26.283,285.0,242.0,False,86.21,"[None, 2048, 2048, 2048, 2048, 2048, 2051]","[2048, 2048, 2048, 2048, 2048, 2048, 2048, 2048]","[2048, 2048, 2048, 2064, 2064]",
1215,9133,23,50,2023-07-23T14:13:39.157000+00:00,30.335,30.146,23.765,,238.0,False,84.246,"[None, 2048, 2048, 2048, 2048, 2048, 2048]","[2048, 2048, 2048, 2049, 2048, 2048, 2049, 2049]","[2049, 2048, 2048, 2048, 2048]",293.0
1215,9133,77,50,2023-07-23T14:13:39.689000+00:00,30.242,30.363,23.883,279.0,241.0,False,84.488,"[2048, 2049, 2048, 2048, 2048, 2049, 2049]","[2048, 2048, 2048, 2048, 2048, 2048, 2048, 2048]","[2048, 2048, 2048, 2048]",307.0
1215,9133,3,50,2023-07-23T14:13:42.110000+00:00,30.178,30.317,23.807,,236.0,False,84.302,"[None, 2048, 2048, 2048, 2048, 2048, 2048]","[2048, 2048, 2048, 2048, 2048, 2048, 2048, 2048]","[2048, 2048, 2048, 2048]",
1215,9133,27,50,2023-07-23T14:13:45.860000+00:00,30.224,30.389,23.859,279.0,237.0,False,84.472,"[None, 2048, 2048, 2048, 2048, 2048, 2048]","[2048, 2048, 2048, 2048, 2048, 2048, 2048, 2048]","[2048, 2048, 2048, 2048, 2048]",292.0
1215,9133,2,50,2023-07-23T14:13:49.345000+00:00,30.212,30.022,23.662,277.0,238.0,False,83.896,"[None, 2048, 2048, 2048, 2048, 2048, 2048]","[2048, 2048, 2048, 2048, 2048, 2048, 2048, 2048]","[2048, 2048, 2048, 2048, 2048]",
1215,9133,22,50,2023-07-23T14:13:54.877000+00:00,30.054,30.379,23.52,277.0,234.0,False,83.953,"[None, 2048, 2048, 2048, 2048, 2048, 2048]","[2048, 2048, 2049, 2048, 2048, 2048, 2048, 2048]","[2048, 2048, 2048, 2048]",287.0
1215,9133,24,50,2023-07-23T14:13:58.001000+00:00,30.259,30.332,23.792,277.0,239.0,False,84.383,"[None, 2048, 2048, 2048, 2048, 2048, 2048]","[2048, 2048, 2048, 2048, 2048, 2048, 2048, 2048]","[2048, 2048, 2048, 2048, 2048]",291.0
1215,9133,4,51,2023-07-23T14:14:03.938000+00:00,29.971,29.34,23.483,281.0,245.0,False,82.794,"[2048, 2048, 2048, 2048, 2048, 2048, 2048]","[2048, 2048, 2048, 2048, 2048, 2048, 2048, 2049]","[2049, 2048, 2048, 2048, 2048]",292.0
1215,9133,20,50,2023-07-23T14:14:10.219000+00:00,30.158,30.282,23.859,277.0,241.0,False,84.299,"[None, 2048, 2048, 2048, 2048, 2048, 2048]","[2048, 2048, 2048, 2048, 2048, 2048, 2048, 2049]","[2048, 2048, 2048, 2048, 2048]",293.0
1215,9133,11,51,2023-07-23T14:14:12.454000+00:00,29.799,29.752,23.309,282.0,238.0,False,82.86,"[None, 2048, 2048, 2048, 2048, 2048, 2048]","[2048, 2048, 2048, 2048, 2048, 2048, 2048, 2048]","[2048, 2048, 2048, 2048]",295.0
1215,9133,81,51,2023-07-23T14:14:18.016000+00:00,30.111,29.528,23.666,,244.0,False,83.305,"[None, 2048, 2048, 2048, 2048, 2048, 2048]","[2048, 2048, 2048, 2048, 2048, 2048, 2048, 2048]","[2048, 2048, 2048, 2048, 2048]",
1215,9133,44,51,2023-07-23T14:14:25.875000+00:00,29.878,29.523,23.21,271.0,236.0,False,82.611,"[2048, 2048, 2049, 2049, 2049, 2049, 2048]","[2048, 2049, 2049, 2051, 2048, 2049, 2048, 2048]","[2048, 2049, 2048, 2048, 2048]",287.0
1215,9133,16,51,2023-07-23T14:14:30.750000+00:00,29.834,29.223,23.472,280.0,242.0,False,82.529,"[None, 2048, 2048, 2048, 2048, 2049, 2048]","[2051, 2048, 2048, 2048, 2048, 2048, 2048, 2048]","[2049, 2048, 2048, 2048, 2048]",293.0
1215,9133,55,51,2023-07-23T14:14:36.656000+00:00,29.909,29.378,23.431,,241.0,False,82.718,"[None, 2048, 2048, 2048, 2049, 2048, 2048]","[2049, 2049, 2049, 2049, 2049, 2048, 2048, 2048]","[2049, 2048, 2048, 2048]",293.0
1215,9133,63,51,2023-07-23T14:14:39.203000+00:00,29.807,29.291,23.253,273.0,239.0,False,82.351,"[None, 2048, 2048, 2048, 2048, 2048, 2048]","[2049, 2048, 2048, 2048, 2049, 2048, 2048, 2048]","[2048, 2048, 2048, 2048, 2048]",290.0
1215,9133,14,51,2023-07-23T14:14:45.969000+00:00,30.027,29.323,23.395,280.0,244.0,False,82.745,"[None, 2048, 2048, 2048, 2048, 2048, 2048]","[2049, 2049, 2048, 2049, 2048, 2048, 2048, 2049]","[2049, 2048, 2048, 2048, 2048]",
1215,9133,18,51,2023-07-23T14:14:51.031000+00:00,30.15,29.605,23.724,281.0,242.0,False,83.479,"[None, 2048, 2048, 2048, 2048, 2048, 2048]","[2048, 2049, 2048, 2049, 2049, 2048, 2049, 2049]","[2049, 2048, 2048, 2048, 2048]",
1215,9133,1,52,2023-07-23T14:14:56.047000+00:00,48.72,29.495,24.508,282.0,243.0,True,102.723,"[2064, 2064, 2048, 2048, 2048, 2048, 2048]","[2048, 2049, 2049, 2048, 2048, 2049, 2048, 2048]","[2048, 2048, 2048, 2048, 2049]",
1215,9133,23,51,2023-07-23T14:15:03.687000+00:00,30.295,30.155,23.628,273.0,239.0,False,84.078,"[None, 2048, 2048, 2048, 2048, 2048, 2048]","[2048, 2048, 2048, 2048, 2048, 2048, 2048, 2048]","[2049, 2048, 2048, 2048]",
1215,9133,77,51,2023-07-23T14:15:04.203000+00:00,30.048,30.056,23.706,280.0,239.0,False,83.81,"[None, 2048, 2048, 2048, 2048, 2048, 2048]","[2048, 2048, 2049, 2048, 2048, 2049, 2049, 2048]","[2048, 2048, 2048, 2048, 2048]",306.0
1215,9133,3,51,2023-07-23T14:15:06.406000+00:00,30.024,30.337,23.751,,235.0,False,84.112,"[None, 2048, 2048, 2048, 2048, 2048, 2048]","[2048, 2048, 2048, 2048, 2048, 2048, 2048, 2048]","[2048, 2048, 2048, 2048, 2048]",289.0
1215,9133,27,51,2023-07-23T14:15:10.390000+00:00,30.134,30.416,23.832,280.0,237.0,False,84.382,"[None, 2048, 2048, 2048, 2048, 2048, 2048]","[2048, 2048, 2048, 2048, 2048, 2048, 2048, 2048]","[2048, 2048, 2048, 2048, 2048]",293.0
1215,9133,2,51,2023-07-23T14:15:13.281000+00:00,32.08,30.501,23.937,280.0,237.0,False,86.518,"[None, 2048, 2048, 2048, 2048, 2048, 2049]","[2048, 2048, 2048, 2048, 2048, 2048, 2049, 2048]","[2049, 2048, 2048, 2048]",293.0
1215,9133,22,51,2023-07-23T14:15:18.827000+00:00,30.22,30.478,23.647,279.0,237.0,False,84.345,"[None, 2048, 2048, 2048, 2048, 2048, 2048]","[2048, 2048, 2048, 2048, 2048, 2048, 2048, 2048]","[2049, 2048, 2048, 2048]",288.0
1215,9133,24,51,2023-07-23T14:15:22.390000+00:00,30.345,30.468,23.921,280.0,239.0,False,84.734,"[None, 2048, 2048, 2048, 2048, 2048, 2049]","[2048, 2048, 2048, 2048, 2048, 2048, 2048, 2048]","[2048, 2048, 2048, 2048]",
1215,9133,4,52,2023-07-23T14:15:26.749000+00:00,30.073,29.501,23.48,284.0,245.0,False,83.054,"[None, 2048, 2048, 2048, 2048, 2048, 2049]","[2049, 2048, 2048, 2048, 2048, 2048, 2048, 2048]","[2048, 2048, 2048, 2048, 2048]",
1215,9133,20,51,2023-07-23T14:15:34.468000+00:00,31.26,30.856,23.875,218.0,238.0,False,85.991,"[None, 2048, 2048, 2048, 2048, 2048, 2048]","[2048, 2048, 2048, 2048, 2048, 2048, 2048, 2048]","[2048, 2048, 2048, 2048]",292.0
1215,9133,11,52,2023-07-23T14:15:35.390000+00:00,30.074,29.541,23.302,286.0,239.0,False,82.917,"[None, 2048, 2048, 2048, 2048, 2048, 2051]","[2048, 2048, 2048, 2048, 2049, 2048, 2048, 2048]","[2048, 2048, 2048, 2048, 2048]",
1215,9133,81,52,2023-07-23T14:15:41.468000+00:00,30.135,29.696,23.625,283.0,243.0,False,83.456,"[None, 2048, 2048, 2048, 2048, 2048, 2049]","[2048, 2048, 2048, 2048, 2048, 2048, 2049, 2048]","[2048, 2048, 2048, 2048, 2048]",291.0
1215,9133,44,52,2023-07-23T14:15:48.530000+00:00,29.943,29.407,23.035,276.0,237.0,False,82.385,"[None, 2048, 2048, 2048, 2049, 2049, 2049]","[2049, 2048, 2049, 2048, 2048, 2049, 2048, 2048]","[2048, 2049, 2049, 2049]",
1215,9133,16,52,2023-07-23T14:15:53.296000+00:00,29.919,29.41,23.364,281.0,243.0,False,82.693,"[None, 2048, 2048, 2048, 2048, 2048, 2049]","[2048, 2048, 2048, 2048, 2048, 2048, 2049, 2048]","[2048, 2048, 2048, 2048]",292.0
1215,9133,55,52,2023-07-23T14:15:59.327000+00:00,29.937,29.453,23.271,,241.0,False,82.661,"[None, 2048, 2048, 2048, 2048, 2048, 2048]","[2048, 2049, 2048, 2048, 2048, 2048, 2048, 2049]","[2048, 2048, 2049, 2048, 2049]",292.0
1215,9133,63,52,2023-07-23T14:16:01.530000+00:00,29.959,29.451,23.196,275.0,241.0,False,82.606,"[None, 2048, 2048, 2048, 2048, 2048, 2048]","[2048, 2048, 2048, 2048, 2048, 2048, 2048, 2049]","[2048, 2048, 2048, 2048]",289.0
1215,9133,14,52,2023-07-23T14:16:08.733000+00:00,30.005,29.461,23.291,283.0,242.0,False,82.757,"[None, 2048, 2048, 2048, 2048, 2048, 2049]","[2048, 2048, 2048, 2048, 2049, 2048, 2048, 2048]","[2048, 2048, 2048, 2048, 2048]",291.0
1215,9133,18,52,2023-07-23T14:16:14.514000+00:00,30.167,29.949,23.775,284.0,241.0,False,83.891,"[None, 2048, 2048, 2048, 2048, 2048, 2048]","[2048, 2048, 2048, 2048, 2048, 2048, 2048, 2048]","[2048, 2048, 2048, 2048, 2048]",291.0
1215,9133,23,52,2023-07-23T14:16:27.483000+00:00,30.281,30.22,23.552,274.0,238.0,False,84.053,"[None, 2048, 2048, 2048, 2048, 2048, 2048]","[2048, 2048, 2048, 2048, 2048, 2048, 2048, 2048]","[2048, 2048, 2048, 2048, 2048]",
1215,9133,77,52,2023-07-23T14:16:28.029000+00:00,30.358,30.247,23.454,277.0,239.0,False,84.059,"[None, 2049, 2048, 2048, 2048, 2048, 2048]","[2048, 2048, 2048, 2048, 2048, 2048, 2048, 2048]","[2048, 2048, 2049, 2048, 2048]",308.0
1215,9133,3,52,2023-07-23T14:16:30.514000+00:00,30.234,30.44,23.745,,235.0,False,84.419,"[None, 2048, 2048, 2048, 2048, 2048, 2048]","[2048, 2048, 2048, 2048, 2048, 2048, 2048, 2048]","[2048, 2048, 2048, 2048]",287.0
1215,9133,27,52,2023-07-23T14:16:34.670000+00:00,30.21,30.236,23.664,281.0,240.0,False,84.11,"[None, 2048, 2048, 2048, 2048, 2048, 2048]","[2048, 2049, 2048, 2048, 2048, 2048, 2048, 2049]","[2049, 2048, 2048, 2048, 2048]",291.0
1215,9133,1,53,2023-07-23T14:16:38.920000+00:00,29.265,28.662,22.577,283.0,249.0,False,80.504,"[2048, 2048, 2051, 2049, 2049, 2051, 2048]","[2051, 2051, 2049, 2049, 2049, 2051, 2051, 2051]","[2051, 2051, 2051, 2049]",291.0
1215,9133,2,52,2023-07-23T14:16:39.795000+00:00,30.256,30.165,23.589,276.0,239.0,False,84.01,"[2049, 2048, 2048, 2048, 2048, 2048, 2048]","[2048, 2048, 2048, 2048, 2048, 2048, 2048, 2048]","[2048, 2048, 2048, 2048, 2048]",308.0
1215,9133,22,52,2023-07-23T14:16:43.185000+00:00,30.103,30.301,23.519,278.0,238.0,False,83.923,"[None, 2048, 2048, 2048, 2048, 2049, 2048]","[2048, 2048, 2048, 2048, 2048, 2048, 2048, 2049]","[2048, 2048, 2048, 2048, 2048]",287.0
1215,9133,24,52,2023-07-23T14:16:47.123000+00:00,30.489,30.418,23.56,279.0,241.0,False,84.467,"[None, 2048, 2048, 2048, 2048, 2048, 2048]","[2048, 2048, 2048, 2048, 2048, 2048, 2048, 2048]","[2048, 2048, 2048, 2048]",290.0
1215,9133,4,53,2023-07-23T14:16:49.810000+00:00,30.148,29.74,23.487,283.0,244.0,False,83.375,"[None, 2048, 2048, 2048, 2048, 2048, 2048]","[2048, 2048, 2048, 2048, 2048, 2048, 2048, 2048]","[2048, 2048, 2048, 2048]",291.0
1215,9133,11,53,2023-07-23T14:16:58.357000+00:00,29.842,29.408,23.045,283.0,243.0,False,82.295,"[None, 2048, 2048, 2048, 2048, 2048, 2048]","[2049, 2048, 2048, 2049, 2048, 2048, 2048, 2048]","[2048, 2049, 2048, 2048, 2048]",292.0
1215,9133,20,52,2023-07-23T14:17:00.466000+00:00,30.156,30.074,23.764,280.0,241.0,False,83.994,"[None, 2048, 2048, 2048, 2048, 2048, 2048]","[2049, 2048, 2048, 2048, 2049, 2048, 2048, 2049]","[2048, 2048, 2048, 2048]",
1215,9133,81,53,2023-07-23T14:17:05.013000+00:00,30.29,29.638,23.53,281.0,244.0,False,83.458,"[None, 2048, 2048, 2048, 2048, 2048, 2048]","[2048, 2048, 2048, 2048, 2048, 2048, 2048, 2048]","[2048, 2048, 2048, 2048, 2048]",
1215,9133,44,53,2023-07-23T14:17:10.888000+00:00,29.834,29.216,23.033,273.0,240.0,False,82.083,"[None, 2048, 2049, 2048, 2048, 2049, 2048]","[2049, 2049, 2049, 2048, 2049, 2049, 2048, 2049]","[2048, 2048, 2048, 2048, 2049]",289.0
1215,9133,16,53,2023-07-23T14:17:15.982000+00:00,29.904,29.531,23.436,280.0,242.0,False,82.871,"[None, 2048, 2048, 2049, 2048, 2049, 2049]","[2048, 2048, 2048, 2048, 2048, 2048, 2048, 2048]","[2048, 2048, 2048, 2048, 2048]",
1215,9133,55,53,2023-07-23T14:17:21.966000+00:00,29.854,29.531,23.422,,242.0,False,82.807,"[None, 2048, 2049, 2048, 2048, 2048, 2048]","[2049, 2048, 2048, 2048, 2048, 2048, 2049, 2049]","[2048, 2048, 2048, 2048]",293.0
1215,9133,63,53,2023-07-23T14:17:24.169000+00:00,29.963,29.491,23.174,270.0,240.0,False,82.628,"[None, 2048, 2048, 2048, 2048, 2048, 2048]","[2048, 2048, 2048, 2048, 2048, 2048, 2048, 2049]","[2048, 2048, 2048, 2048, 2048]",
1215,9133,14,53,2023-07-23T14:17:31.466000+00:00,29.923,29.644,23.424,,240.0,False,82.991,"[None, 2048, 2048, 2048, 2048, 2049, 2049]","[2048, 2049, 2048, 2048, 2049, 2048, 2048, 2048]","[2048, 2048, 2048, 2048, 2048]",
1215,9133,18,53,2023-07-23T14:17:38.434000+00:00,30.182,29.869,23.749,283.0,240.0,False,83.8,"[None, 2048, 2048, 2048, 2048, 2048, 2048]","[2048, 2048, 2048, 2048, 2048, 2048, 2048, 2048]","[2048, 2048, 2048, 2048, 2048]",
1215,9133,23,53,2023-07-23T14:17:51.512000+00:00,30.318,30.237,23.787,,238.0,False,84.342,"[None, 2048, 2048, 2048, 2048, 2048, 2048]","[2049, 2048, 2048, 2048, 2048, 2048, 2048, 2048]","[2048, 2048, 2048, 2048, 2048]",
1215,9133,77,53,2023-07-23T14:17:52.028000+00:00,30.33,30.265,23.714,,240.0,False,84.309,"[None, 2048, 2048, 2048, 2048, 2048, 2048]","[2048, 2048, 2048, 2048, 2048, 2048, 2048, 2048]","[2048, 2048, 2048, 2048, 2048]",297.0
1215,9133,3,53,2023-07-23T14:17:54.950000+00:00,30.078,30.306,23.817,,237.0,False,84.201,"[None, 2048, 2048, 2048, 2048, 2049, 2048]","[2048, 2048, 2048, 2048, 2048, 2048, 2049, 2048]","[2048, 2048, 2048, 2048, 2048]",288.0
1215,9133,27,53,2023-07-23T14:17:58.809000+00:00,31.796,30.973,23.951,277.0,233.0,False,86.72,"[None, 2048, 2048, 2048, 2048, 2048, 2048]","[2048, 2048, 2048, 2048, 2048, 2048, 2048, 2048]","[2048, 2048, 2048, 2048, 2048]",
1215,9133,1,54,2023-07-23T14:17:59.246000+00:00,30.478,30.097,23.36,272.0,242.0,False,83.935,"[None, 2048, 2048, 2048, 2048, 2048, 2048]","[2048, 2048, 2048, 2048, 2048, 2048, 2048, 2048]","[2048, 2048, 2048, 2048, 2048]",297.0
1215,9133,2,53,2023-07-23T14:18:03.824000+00:00,30.359,30.141,23.721,278.0,239.0,False,84.221,"[2048, 2048, 2048, 2048, 2048, 2048, 2048]","[2048, 2048, 2048, 2048, 2048, 2048, 2048, 2048]","[2048, 2048, 2048, 2048, 2048]",293.0
1215,9133,22,53,2023-07-23T14:18:07.090000+00:00,30.155,30.338,23.745,280.0,235.0,False,84.238,"[None, 2048, 2048, 2049, 2048, 2048, 2048]","[2048, 2048, 2048, 2048, 2048, 2048, 2048, 2048]","[2048, 2048, 2048, 2048, 2048]",288.0
1215,9133,24,53,2023-07-23T14:18:11.590000+00:00,30.374,32.353,24.152,280.0,236.0,False,86.879,"[None, 2048, 2048, 2048, 2048, 2048, 2048]","[2048, 2048, 2048, 2048, 2048, 2048, 2048, 2048]","[2048, 2048, 2048, 2048, 2048]",291.0
1215,9133,4,54,2023-07-23T14:18:13.168000+00:00,30.124,29.556,23.567,286.0,244.0,False,83.247,"[None, 2048, 2048, 2048, 2048, 2048, 2049]","[2048, 2048, 2048, 2048, 2048, 2048, 2048, 2049]","[2048, 2048, 2048, 2048, 2048]",292.0
1215,9133,11,54,2023-07-23T14:18:20.637000+00:00,29.736,29.444,23.23,284.0,240.0,False,82.41,"[None, 2048, 2048, 2049, 2048, 2049, 2048]","[2048, 2048, 2048, 2048, 2048, 2048, 2048, 2048]","[2048, 2048, 2048, 2048, 2048]",
1215,9133,20,53,2023-07-23T14:18:24.496000+00:00,30.113,30.223,23.8,278.0,238.0,False,84.136,"[None, 2048, 2048, 2049, 2048, 2048, 2048]","[2048, 2049, 2048, 2048, 2048, 2048, 2048, 2048]","[2048, 2049, 2048, 2048, 2048]",
1215,9133,81,54,2023-07-23T14:18:28.340000+00:00,29.971,29.61,23.707,283.0,243.0,False,83.288,"[None, 2048, 2048, 2049, 2049, 2048, 2048]","[2049, 2048, 2048, 2048, 2048, 2048, 2048, 2049]","[2048, 2048, 2048, 2048, 2048]",292.0
1215,9133,44,54,2023-07-23T14:18:32.949000+00:00,29.694,29.013,22.894,276.0,242.0,False,81.601,"[None, 2048, 2048, 2049, 2049, 2049, 2049]","[2048, 2048, 2048, 2051, 2049, 2049, 2049, 2049]","[2049, 2049, 2048, 2049]",
1215,9133,16,54,2023-07-23T14:18:38.855000+00:00,29.897,29.427,23.49,278.0,242.0,False,82.814,"[None, 2048, 2048, 2048, 2048, 2048, 2048]","[2048, 2048, 2048, 2048, 2048, 2048, 2048, 2048]","[2048, 2048, 2048, 2048, 2048]",
1215,9133,55,54,2023-07-23T14:18:44.777000+00:00,29.763,29.43,23.391,280.0,243.0,False,82.584,"[None, 2048, 2048, 2049, 2048, 2048, 2049]","[2049, 2048, 2048, 2048, 2048, 2048, 2048, 2049]","[2049, 2048, 2048, 2048]",
1215,9133,63,54,2023-07-23T14:18:46.792000+00:00,29.82,29.5,23.337,275.0,238.0,False,82.657,"[None, 2048, 2048, 2049, 2048, 2048, 2048]","[2049, 2048, 2048, 2048, 2048, 2048, 2048, 2048]","[2048, 2048, 2048, 2048, 2048]",290.0
1215,9133,14,54,2023-07-23T14:18:54.449000+00:00,29.864,29.684,23.345,,243.0,False,82.893,"[None, 2048, 2048, 2048, 2048, 2048, 2048]","[2048, 2048, 2048, 2048, 2048, 2048, 2048, 2048]","[2048, 2048, 2049, 2048]",292.0
1215,9133,18,54,2023-07-23T14:19:02.230000+00:00,29.934,29.796,23.695,284.0,242.0,False,83.425,"[None, 2048, 2048, 2048, 2048, 2049, 2048]","[2048, 2048, 2048, 2049, 2048, 2048, 2048, 2048]","[2048, 2048, 2048, 2048]",
1215,9133,23,54,2023-07-23T14:19:15.948000+00:00,30.182,30.241,23.628,,238.0,False,84.051,"[None, 2048, 2048, 2048, 2048, 2048, 2048]","[2049, 2048, 2048, 2048, 2048, 2048, 2048, 2048]","[2048, 2048, 2048, 2048]",
1215,9133,77,54,2023-07-23T14:19:16.370000+00:00,30.165,30.397,23.528,282.0,241.0,False,84.09,"[None, 2048, 2048, 2049, 2048, 2048, 2048]","[2048, 2048, 2048, 2048, 2048, 2048, 2048, 2048]","[2049, 2048, 2048, 2048]",306.0
1215,9133,3,54,2023-07-23T14:19:19.151000+00:00,30.083,30.354,23.554,282.0,238.0,False,83.991,"[None, 2048, 2048, 2048, 2048, 2048, 2049]","[2048, 2048, 2048, 2048, 2048, 2048, 2048, 2048]","[2049, 2048, 2048, 2048]",
1215,9133,1,55,2023-07-23T14:19:23.542000+00:00,29.887,29.754,23.206,283.0,240.0,False,82.847,"[None, 2048, 2048, 2048, 2048, 2048, 2048]","[2048, 2048, 2048, 2048, 2048, 2048, 2048, 2048]","[2048, 2048, 2048, 2048, 2048]",291.0
1215,9133,27,54,2023-07-23T14:19:25.511000+00:00,30.278,30.372,23.929,283.0,236.0,False,84.579,"[None, 2048, 2048, 2048, 2048, 2048, 2049]","[2048, 2048, 2048, 2048, 2048, 2048, 2048, 2048]","[2048, 2048, 2048, 2048, 2048]",294.0
1215,9133,2,54,2023-07-23T14:19:28.026000+00:00,30.354,30.195,23.677,277.0,237.0,False,84.226,"[None, 2048, 2048, 2048, 2048, 2049, 2048]","[2048, 2048, 2048, 2048, 2048, 2048, 2048, 2048]","[2048, 2048, 2048, 2048, 2048]",295.0
1215,9133,22,54,2023-07-23T14:19:31.339000+00:00,30.128,30.157,23.601,,237.0,False,83.886,"[None, 2048, 2048, 2049, 2048, 2049, 2048]","[2048, 2049, 2048, 2048, 2049, 2048, 2048, 2048]","[2048, 2048, 2048, 2048, 2048]",287.0
1215,9133,4,55,2023-07-23T14:19:36.417000+00:00,29.938,29.347,23.421,283.0,246.0,False,82.706,"[None, 2048, 2048, 2048, 2048, 2048, 2048]","[2048, 2048, 2048, 2048, 2048, 2048, 2048, 2049]","[2049, 2048, 2048, 2048, 2048]",
1215,9133,24,54,2023-07-23T14:19:38.448000+00:00,30.577,30.356,23.801,281.0,241.0,False,84.734,"[None, 2048, 2048, 2048, 2048, 2048, 2048]","[2048, 2048, 2048, 2048, 2048, 2048, 2048, 2048]","[2048, 2048, 2048, 2048, 2048]",292.0
1215,9133,11,55,2023-07-23T14:19:43.120000+00:00,29.794,29.428,23.251,,241.0,False,82.473,"[None, 2048, 2048, 2048, 2048, 2049, 2048]","[2049, 2049, 2048, 2048, 2048, 2048, 2048, 2048]","[2048, 2048, 2048, 2048, 2048]",293.0
1215,9133,20,54,2023-07-23T14:19:48.619000+00:00,30.183,29.949,23.732,,241.0,False,83.864,"[None, 2048, 2048, 2048, 2048, 2048, 2048]","[2049, 2048, 2048, 2049, 2048, 2048, 2049, 2049]","[2048, 2048, 2048, 2048]",293.0
1215,9133,81,55,2023-07-23T14:19:51.635000+00:00,30.441,29.84,23.501,281.0,245.0,False,83.782,"[None, 2048, 2048, 2048, 2048, 2048, 2048]","[2048, 2048, 2048, 2048, 2048, 2048, 2048, 2048]","[2049, 2048, 2048, 2048]",
1215,9133,44,55,2023-07-23T14:19:54.557000+00:00,29.652,29.262,23.288,275.0,240.0,False,82.202,"[None, 2048, 2048, 2049, 2048, 2049, 2049]","[2048, 2048, 2048, 2048, 2048, 2048, 2048, 2048]","[2048, 2048, 2048, 2048, 2048]",291.0
1215,9133,16,55,2023-07-23T14:20:01.682000+00:00,29.944,29.261,23.467,279.0,244.0,False,82.672,"[None, 2048, 2048, 2049, 2048, 2048, 2048]","[2051, 2048, 2048, 2048, 2048, 2048, 2048, 2049]","[2049, 2048, 2048, 2048, 2048]",293.0
1215,9133,55,55,2023-07-23T14:20:07.369000+00:00,29.856,29.53,23.449,277.0,242.0,False,82.835,"[None, 2048, 2048, 2048, 2048, 2048, 2048]","[2048, 2048, 2048, 2048, 2048, 2048, 2048, 2048]","[2048, 2048, 2048, 2048]",
1215,9133,63,55,2023-07-23T14:20:09.416000+00:00,30.023,29.554,23.341,261.0,240.0,False,82.918,"[None, 2048, 2048, 2048, 2048, 2048, 2048]","[2048, 2048, 2048, 2048, 2048, 2048, 2048, 2048]","[2048, 2048, 2048, 2048, 2048]",
1215,9133,14,55,2023-07-23T14:20:17.385000+00:00,29.931,29.515,23.396,281.0,243.0,False,82.842,"[None, 2048, 2048, 2048, 2048, 2048, 2048]","[2049, 2048, 2048, 2048, 2048, 2048, 2048, 2048]","[2048, 2048, 2048, 2048]",291.0
1215,9133,18,55,2023-07-23T14:20:25.650000+00:00,30.174,30.062,23.834,282.0,239.0,False,84.07,"[None, 2048, 2048, 2048, 2048, 2048, 2048]","[2048, 2048, 2048, 2048, 2048, 2048, 2048, 2048]","[2048, 2048, 2048, 2048, 2048]",
1215,9133,23,55,2023-07-23T14:20:39.915000+00:00,30.367,30.148,23.539,275.0,238.0,False,84.054,"[None, 2048, 2048, 2048, 2048, 2048, 2048]","[2049, 2049, 2048, 2048, 2048, 2048, 2048, 2048]","[2048, 2048, 2048, 2049]",292.0
1215,9133,77,55,2023-07-23T14:20:40.431000+00:00,30.188,30.291,23.618,280.0,240.0,False,84.097,"[None, 2048, 2048, 2048, 2048, 2048, 2049]","[2048, 2048, 2048, 2048, 2048, 2048, 2048, 2048]","[2048, 2048, 2048, 2048]",308.0
1215,9133,3,55,2023-07-23T14:20:43.134000+00:00,30.357,30.276,23.72,280.0,236.0,False,84.353,"[None, 2048, 2048, 2048, 2048, 2048, 2048]","[2049, 2048, 2048, 2048, 2048, 2048, 2048, 2048]","[2048, 2048, 2048, 2048, 2048]",289.0
1215,9133,1,56,2023-07-23T14:20:46.118000+00:00,29.78,29.516,23.304,282.0,243.0,False,82.6,"[None, 2048, 2048, 2048, 2048, 2048, 2048]","[2048, 2048, 2048, 2048, 2048, 2048, 2048, 2048]","[2048, 2048, 2048, 2048, 2048]",
1215,9133,27,55,2023-07-23T14:20:50.103000+00:00,30.204,30.475,23.747,279.0,236.0,False,84.426,"[None, 2048, 2048, 2049, 2048, 2048, 2048]","[2048, 2048, 2048, 2048, 2048, 2048, 2048, 2048]","[2048, 2048, 2048, 2048, 2048]",292.0
1215,9133,2,55,2023-07-23T14:20:52.275000+00:00,30.271,30.014,23.767,276.0,237.0,False,84.052,"[None, 2048, 2048, 2048, 2048, 2049, 2048]","[2048, 2048, 2048, 2048, 2048, 2048, 2049, 2048]","[2048, 2048, 2048, 2048, 2048]",293.0
1215,9133,22,55,2023-07-23T14:20:55.259000+00:00,30.101,30.377,23.425,278.0,235.0,False,83.903,"[None, 2048, 2048, 2048, 2048, 2048, 2048]","[2048, 2048, 2048, 2048, 2048, 2048, 2048, 2048]","[2048, 2048, 2048, 2049, 2048]",288.0
1215,9133,4,56,2023-07-23T14:20:59.118000+00:00,29.964,29.503,23.462,,248.0,False,82.929,"[None, 2048, 2048, 2049, 2048, 2049, 2048]","[2051, 2048, 2048, 2048, 2048, 2048, 2049, 2049]","[2049, 2048, 2048, 2048]",291.0
1215,9133,24,55,2023-07-23T14:21:03.196000+00:00,30.38,30.863,25.446,277.0,222.0,False,86.689,"[None, 2048, 2048, 2048, 2048, 2048, 2048]","[2048, 2048, 2048, 2048, 2048, 2048, 2048, 2048]","[2048, 2048, 2048, 2048, 2048]",290.0
1215,9133,11,56,2023-07-23T14:21:05.509000+00:00,29.82,29.816,23.87,,237.0,False,83.506,"[None, 2048, 2048, 2049, 2048, 2048, 2048]","[2048, 2048, 2048, 2048, 2048, 2048, 2048, 2048]","[2048, 2048, 2048, 2048, 2048]",
1215,9133,20,55,2023-07-23T14:21:12.477000+00:00,30.287,30.173,23.954,,242.0,False,84.414,"[None, 2048, 2048, 2048, 2048, 2048, 2048]","[2049, 2048, 2048, 2048, 2048, 2048, 2048, 2049]","[2048, 2048, 2048, 2048, 2048]",291.0
1215,9133,81,56,2023-07-23T14:21:15.415000+00:00,30.317,29.876,23.721,,244.0,False,83.914,"[None, 2048, 2048, 2048, 2048, 2048, 2048]","[2048, 2048, 2048, 2048, 2048, 2048, 2048, 2048]","[2048, 2048, 2048, 2048, 2048]",291.0
1215,9133,44,56,2023-07-23T14:21:16.743000+00:00,29.903,29.603,23.503,273.0,241.0,False,83.009,"[None, 2048, 2048, 2048, 2048, 2048, 2048]","[2048, 2048, 2048, 2048, 2048, 2048, 2048, 2048]","[2048, 2048, 2048, 2048, 2048]",
1215,9133,16,56,2023-07-23T14:21:24.383000+00:00,29.958,29.505,23.553,278.0,242.0,False,83.016,"[None, 2048, 2048, 2049, 2048, 2048, 2048]","[2048, 2048, 2048, 2048, 2048, 2048, 2048, 2048]","[2048, 2048, 2048, 2048, 2048]",291.0
1215,9133,55,56,2023-07-23T14:21:30.227000+00:00,29.855,29.546,23.444,276.0,244.0,False,82.845,"[None, 2048, 2049, 2048, 2048, 2048, 2048]","[2049, 2048, 2048, 2048, 2048, 2048, 2049, 2049]","[2049, 2048, 2048, 2048, 2048]",291.0
1215,9133,63,56,2023-07-23T14:21:32.336000+00:00,30.0,29.524,23.306,270.0,241.0,False,82.83,"[None, 2048, 2048, 2048, 2048, 2048, 2048]","[2048, 2048, 2048, 2048, 2048, 2048, 2048, 2049]","[2048, 2048, 2048, 2048]",288.0
1215,9133,14,56,2023-07-23T14:21:40.227000+00:00,29.978,29.632,23.467,280.0,244.0,False,83.077,"[None, 2048, 2048, 2048, 2048, 2048, 2048]","[2049, 2049, 2048, 2048, 2048, 2048, 2048, 2048]","[2049, 2048, 2048, 2048]",289.0
1215,9133,18,56,2023-07-23T14:21:49.758000+00:00,30.206,30.073,23.891,281.0,240.0,False,84.17,"[None, 2048, 2048, 2049, 2048, 2048, 2048]","[2048, 2048, 2048, 2048, 2048, 2048, 2048, 2048]","[2048, 2048, 2048, 2048]",289.0
1215,9133,23,56,2023-07-23T14:22:03.992000+00:00,30.268,30.205,23.72,273.0,238.0,False,84.193,"[None, 2048, 2048, 2049, 2048, 2048, 2048]","[2048, 2048, 2048, 2048, 2048, 2048, 2048, 2048]","[2048, 2048, 2048, 2048, 2048]",291.0
1215,9133,77,56,2023-07-23T14:22:04.523000+00:00,30.166,30.405,23.925,273.0,238.0,False,84.496,"[None, 2048, 2048, 2048, 2048, 2049, 2048]","[2048, 2048, 2048, 2048, 2048, 2048, 2048, 2048]","[2048, 2048, 2048, 2048]",297.0
1215,9133,3,56,2023-07-23T14:22:07.508000+00:00,32.202,30.642,23.917,279.0,238.0,False,86.761,"[None, 2048, 2048, 2048, 2048, 2048, 2048]","[2048, 2048, 2048, 2048, 2048, 2048, 2048, 2048]","[2048, 2048, 2048, 2048]",287.0
1215,9133,1,57,2023-07-23T14:22:08.695000+00:00,29.793,29.31,23.322,281.0,245.0,False,82.425,"[None, 2048, 2048, 2048, 2048, 2048, 2048]","[2048, 2048, 2048, 2048, 2048, 2048, 2048, 2048]","[2048, 2048, 2048, 2048, 2048]",293.0
1215,9133,27,56,2023-07-23T14:22:14.523000+00:00,30.23,30.394,23.81,280.0,235.0,False,84.434,"[None, 2048, 2048, 2048, 2048, 2048, 2048]","[2048, 2048, 2048, 2048, 2048, 2048, 2048, 2048]","[2048, 2048, 2048, 2048]",291.0
1215,9133,2,56,2023-07-23T14:22:16.336000+00:00,30.369,30.126,23.816,,238.0,False,84.311,"[None, 2048, 2048, 2048, 2048, 2048, 2048]","[2048, 2048, 2048, 2048, 2048, 2048, 2049, 2048]","[2048, 2048, 2048, 2048, 2048]",294.0
1215,9133,22,56,2023-07-23T14:22:19.132000+00:00,30.018,30.336,23.645,275.0,236.0,False,83.999,"[None, 2048, 2048, 2049, 2048, 2049, 2048]","[2048, 2048, 2048, 2048, 2048, 2048, 2048, 2048]","[2048, 2048, 2048, 2048, 2048]",287.0
1215,9133,4,57,2023-07-23T14:22:22.039000+00:00,30.052,29.435,23.668,282.0,244.0,False,83.155,"[None, 2048, 2048, 2048, 2048, 2049, 2048]","[2048, 2048, 2048, 2048, 2048, 2048, 2048, 2048]","[2048, 2048, 2048, 2048]",292.0
1215,9133,11,57,2023-07-23T14:22:29.007000+00:00,29.831,29.382,23.271,281.0,242.0,False,82.484,"[None, 2048, 2048, 2048, 2048, 2048, 2048]","[2048, 2048, 2048, 2048, 2048, 2048, 2048, 2048]","[2048, 2048, 2048, 2048]",291.0
1215,9133,24,56,2023-07-23T14:22:29.867000+00:00,30.253,30.49,23.935,281.0,239.0,False,84.678,"[None, 2048, 2048, 2048, 2048, 2048, 2048]","[2048, 2048, 2048, 2048, 2048, 2048, 2048, 2048]","[2048, 2048, 2048, 2048, 2048]",305.0
1215,9133,20,56,2023-07-23T14:22:36.866000+00:00,30.249,30.228,24.014,,241.0,False,84.491,"[None, 2048, 2048, 2048, 2048, 2049, 2048]","[2049, 2049, 2048, 2048, 2048, 2048, 2049, 2048]","[2049, 2048, 2048, 2048, 2048]",
1215,9133,81,57,2023-07-23T14:22:39.335000+00:00,30.984,30.384,23.979,282.0,242.0,False,85.347,"[None, 2048, 2048, 2048, 2048, 2048, 2048]","[2048, 2048, 2048, 2048, 2048, 2048, 2048, 2048]","[2048, 2048, 2048, 2048, 2048]",292.0
1215,9133,44,57,2023-07-23T14:22:39.757000+00:00,29.87,29.86,23.364,267.0,238.0,False,83.094,"[2049, 2051, 2048, 2048, 2048, 2048, 2048]","[2048, 2048, 2048, 2048, 2048, 2048, 2048, 2048]","[2048, 2048, 2048, 2048]",311.0
1215,9133,16,57,2023-07-23T14:22:47.398000+00:00,30.236,29.762,23.607,277.0,241.0,False,83.605,"[None, 2048, 2048, 2048, 2048, 2048, 2048]","[2048, 2048, 2048, 2048, 2048, 2048, 2048, 2048]","[2048, 2048, 2048, 2048, 2048]",
1215,9133,55,57,2023-07-23T14:22:53.054000+00:00,30.069,29.697,23.594,277.0,241.0,False,83.36,"[None, 2048, 2048, 2048, 2048, 2048, 2048]","[2048, 2048, 2048, 2048, 2048, 2048, 2049, 2048]","[2048, 2048, 2048, 2048]",292.0
1215,9133,63,57,2023-07-23T14:22:55.163000+00:00,30.09,29.723,23.398,274.0,238.0,False,83.211,"[None, 2048, 2048, 2048, 2048, 2048, 2048]","[2048, 2048, 2048, 2048, 2048, 2048, 2048, 2048]","[2048, 2048, 2048, 2048, 2048]",289.0
1215,9133,14,57,2023-07-23T14:23:03.272000+00:00,30.027,29.584,23.404,281.0,243.0,False,83.015,"[None, 2048, 2048, 2048, 2048, 2048, 2048]","[2048, 2048, 2048, 2048, 2048, 2048, 2048, 2048]","[2048, 2048, 2048, 2048]",291.0
1215,9133,18,57,2023-07-23T14:23:13.866000+00:00,30.003,30.116,23.736,,241.0,False,83.855,"[None, 2048, 2048, 2048, 2048, 2048, 2048]","[2048, 2048, 2048, 2048, 2048, 2048, 2048, 2048]","[2048, 2048, 2048, 2048]",290.0
1215,9133,23,57,2023-07-23T14:23:28.209000+00:00,30.225,30.38,23.589,274.0,238.0,False,84.194,"[None, 2048, 2048, 2048, 2048, 2048, 2048]","[2048, 2048, 2048, 2048, 2048, 2048, 2048, 2048]","[2049, 2048, 2048, 2048]",292.0
1215,9133,77,57,2023-07-23T14:23:29.037000+00:00,30.032,30.541,24.809,279.0,232.0,False,85.382,"[None, 2048, 2048, 2049, 2048, 2048, 2048]","[2048, 2048, 2048, 2048, 2048, 2048, 2048, 2048]","[2048, 2048, 2048, 2048]",305.0
1215,9133,1,58,2023-07-23T14:23:31.116000+00:00,29.828,29.441,23.381,282.0,243.0,False,82.65,"[None, 2048, 2048, 2048, 2048, 2048, 2048]","[2048, 2048, 2048, 2048, 2048, 2048, 2048, 2048]","[2048, 2048, 2048, 2048]",292.0
1215,9133,3,57,2023-07-23T14:23:34.240000+00:00,30.144,30.275,23.694,280.0,238.0,False,84.113,"[None, 2048, 2048, 2048, 2048, 2048, 2048]","[2049, 2049, 2048, 2048, 2048, 2048, 2048, 2048]","[2048, 2048, 2048, 2048, 2048]",
1215,9133,27,57,2023-07-23T14:23:38.944000+00:00,30.216,30.354,23.931,277.0,235.0,False,84.501,"[None, 2048, 2048, 2048, 2048, 2049, 2048]","[2049, 2049, 2048, 2048, 2048, 2048, 2048, 2048]","[2048, 2048, 2048, 2048, 2048]",
1215,9133,2,57,2023-07-23T14:23:40.647000+00:00,30.36,30.233,23.803,277.0,237.0,False,84.396,"[None, 2048, 2048, 2048, 2048, 2048, 2048]","[2048, 2048, 2048, 2048, 2048, 2048, 2048, 2048]","[2048, 2048, 2048, 2048]",295.0
1215,9133,22,57,2023-07-23T14:23:43.147000+00:00,30.125,30.534,23.737,276.0,237.0,False,84.396,"[None, 2048, 2048, 2048, 2048, 2048, 2048]","[2048, 2049, 2048, 2048, 2048, 2048, 2048, 2048]","[2049, 2048, 2048, 2048, 2048]",289.0
1215,9133,4,58,2023-07-23T14:23:45.240000+00:00,30.12,29.681,23.818,283.0,247.0,False,83.619,"[None, 2048, 2048, 2048, 2048, 2048, 2048]","[2048, 2048, 2048, 2048, 2048, 2048, 2048, 2048]","[2049, 2048, 2048, 2048]",
1215,9133,11,58,2023-07-23T14:23:51.490000+00:00,29.725,29.38,23.208,282.0,242.0,False,82.313,"[None, 2048, 2048, 2049, 2048, 2048, 2048]","[2048, 2051, 2048, 2048, 2048, 2048, 2048, 2048]","[2048, 2048, 2048, 2048, 2048]",
1215,9133,24,57,2023-07-23T14:23:54.553000+00:00,30.37,30.558,23.772,277.0,240.0,False,84.7,"[None, 2048, 2048, 2048, 2048, 2048, 2048]","[2048, 2048, 2048, 2048, 2048, 2048, 2048, 2048]","[2048, 2048, 2048, 2048, 2048]",290.0
1215,9133,20,57,2023-07-23T14:24:01.365000+00:00,30.335,32.403,25.818,277.0,233.0,False,88.556,"[None, 2048, 2048, 2048, 2048, 2048, 2048]","[2048, 2048, 2048, 2048, 2048, 2048, 2048, 2048]","[2048, 2048, 2048, 2048, 2048]",292.0
1215,9133,44,58,2023-07-23T14:24:02.771000+00:00,29.937,29.773,23.363,264.0,239.0,False,83.073,"[2048, 2048, 2048, 2048, 2048, 2048, 2048]","[2048, 2048, 2048, 2048, 2048, 2048, 2048, 2048]","[2048, 2048, 2048, 2048, 2048]",291.0
1215,9133,81,58,2023-07-23T14:24:04.693000+00:00,30.397,29.949,24.118,281.0,243.0,False,84.464,"[None, 2048, 2048, 2048, 2048, 2048, 2048]","[2048, 2048, 2048, 2048, 2048, 2048, 2048, 2048]","[2049, 2048, 2048, 2048]",293.0
1215,9133,16,58,2023-07-23T14:24:11.099000+00:00,30.113,29.758,23.764,279.0,243.0,False,83.635,"[None, 2048, 2048, 2048, 2048, 2048, 2048]","[2048, 2048, 2048, 2048, 2048, 2048, 2048, 2048]","[2048, 2048, 2048, 2048, 2048]",292.0
1215,9133,55,58,2023-07-23T14:24:16.427000+00:00,30.061,29.841,23.702,,242.0,False,83.604,"[None, 2048, 2048, 2048, 2048, 2048, 2048]","[2048, 2048, 2048, 2048, 2048, 2048, 2048, 2048]","[2048, 2048, 2048, 2048, 2048]",293.0
1215,9133,63,58,2023-07-23T14:24:18.365000+00:00,30.07,29.855,23.655,267.0,239.0,False,83.58,"[None, 2048, 2048, 2048, 2048, 2048, 2048]","[2048, 2048, 2048, 2048, 2048, 2048, 2048, 2048]","[2048, 2048, 2048, 2048, 2048]",290.0
1215,9133,14,58,2023-07-23T14:24:26.286000+00:00,29.872,29.596,23.562,282.0,244.0,False,83.03,"[None, 2048, 2048, 2048, 2048, 2049, 2048]","[2048, 2049, 2048, 2048, 2048, 2048, 2048, 2048]","[2048, 2048, 2048, 2048]",
1215,9133,18,58,2023-07-23T14:24:37.756000+00:00,30.099,29.998,23.798,283.0,241.0,False,83.895,"[None, 2048, 2048, 2048, 2048, 2048, 2048]","[2048, 2049, 2049, 2048, 2048, 2048, 2048, 2048]","[2048, 2048, 2048, 2048, 2048]",291.0
1215,9133,23,58,2023-07-23T14:24:52.364000+00:00,31.311,30.766,23.822,247.0,241.0,False,85.899,"[None, 2048, 2048, 2048, 2048, 2048, 2048]","[2048, 2048, 2048, 2048, 2048, 2048, 2049, 2048]","[2049, 2048, 2048, 2048]",293.0
1215,9133,1,59,2023-07-23T14:24:53.755000+00:00,29.697,29.184,22.999,284.0,245.0,False,81.88,"[None, 2048, 2048, 2048, 2048, 2048, 2048]","[2048, 2048, 2048, 2048, 2048, 2048, 2048, 2048]","[2048, 2048, 2048, 2048]",291.0
1215,9133,77,58,2023-07-23T14:24:54.427000+00:00,30.131,30.654,23.963,282.0,239.0,False,84.748,"[None, 2048, 2048, 2049, 2048, 2048, 2048]","[2048, 2048, 2048, 2048, 2048, 2048, 2048, 2048]","[2048, 2048, 2048, 2048, 2048]",307.0
1215,9133,3,58,2023-07-23T14:24:58.364000+00:00,30.142,30.266,23.753,,237.0,False,84.161,"[None, 2048, 2048, 2048, 2048, 2048, 2048]","[2048, 2048, 2048, 2048, 2048, 2048, 2048, 2048]","[2048, 2048, 2048, 2048, 2048]",288.0
1215,9133,27,58,2023-07-23T14:25:03.458000+00:00,30.239,30.484,24.081,281.0,234.0,False,84.804,"[None, 2048, 2048, 2048, 2048, 2048, 2048]","[2048, 2049, 2048, 2048, 2048, 2048, 2048, 2048]","[2048, 2048, 2048, 2048, 2048]",292.0
1215,9133,2,58,2023-07-23T14:25:05.067000+00:00,30.227,30.523,24.011,281.0,235.0,False,84.761,"[None, 2048, 2048, 2048, 2048, 2049, 2049]","[2048, 2048, 2048, 2048, 2048, 2048, 2048, 2048]","[2048, 2048, 2048, 2048, 2048]",296.0
1215,9133,22,58,2023-07-23T14:25:07.536000+00:00,30.134,30.32,23.835,279.0,238.0,False,84.289,"[None, 2048, 2048, 2048, 2048, 2049, 2048]","[2048, 2048, 2048, 2048, 2048, 2048, 2048, 2048]","[2049, 2048, 2048, 2048, 2048]",288.0
1215,9133,4,59,2023-07-23T14:25:08.817000+00:00,30.143,30.045,23.786,286.0,243.0,False,83.974,"[None, 2048, 2048, 2048, 2048, 2048, 2051]","[2048, 2048, 2048, 2048, 2048, 2048, 2048, 2048]","[2048, 2048, 2048, 2048]",293.0
1215,9133,11,59,2023-07-23T14:25:13.786000+00:00,29.704,29.539,23.327,284.0,244.0,False,82.57,"[None, 2048, 2048, 2048, 2048, 2048, 2048]","[2048, 2048, 2048, 2048, 2048, 2048, 2048, 2048]","[2049, 2048, 2048, 2048, 2048]",293.0
1215,9133,24,58,2023-07-23T14:25:19.285000+00:00,30.27,30.539,23.791,279.0,240.0,False,84.6,"[None, 2048, 2048, 2048, 2048, 2048, 2048]","[2048, 2048, 2048, 2048, 2048, 2048, 2048, 2048]","[2048, 2048, 2048, 2048, 2048]",291.0
1215,9133,44,59,2023-07-23T14:25:26.004000+00:00,29.723,29.675,23.199,269.0,238.0,False,82.597,"[None, 2048, 2048, 2048, 2048, 2048, 2048]","[2048, 2048, 2048, 2048, 2048, 2048, 2048, 2048]","[2048, 2048, 2048, 2048, 2048]",289.0
1215,9133,81,59,2023-07-23T14:25:29.160000+00:00,30.244,29.805,23.699,282.0,242.0,False,83.748,"[None, 2048, 2048, 2048, 2048, 2048, 2048]","[2048, 2049, 2048, 2048, 2048, 2048, 2048, 2048]","[2048, 2048, 2048, 2048]",292.0
1215,9133,20,58,2023-07-23T14:25:29.973000+00:00,30.43,30.803,23.939,283.0,238.0,False,85.172,"[2049, 2048, 2048, 2048, 2048, 2048, 2049]","[2048, 2048, 2048, 2048, 2048, 2048, 2048, 2048]","[2049, 2048, 2048, 2048]",309.0
1215,9133,16,59,2023-07-23T14:25:34.582000+00:00,30.15,29.844,23.676,280.0,242.0,False,83.67,"[None, 2048, 2048, 2048, 2048, 2048, 2048]","[2048, 2048, 2048, 2048, 2048, 2048, 2048, 2048]","[2048, 2048, 2048, 2048]",293.0
1215,9133,55,59,2023-07-23T14:25:40.019000+00:00,29.962,29.72,23.521,280.0,242.0,False,83.203,"[None, 2048, 2048, 2048, 2048, 2048, 2049]","[2048, 2048, 2048, 2048, 2048, 2048, 2048, 2048]","[2049, 2048, 2048, 2048, 2048]",
1215,9133,63,59,2023-07-23T14:25:41.957000+00:00,30.05,29.839,23.406,,241.0,False,83.295,"[None, 2048, 2048, 2048, 2048, 2048, 2048]","[2048, 2048, 2048, 2048, 2048, 2048, 2048, 2048]","[2048, 2048, 2048, 2048]",
1215,9133,14,59,2023-07-23T14:25:49.332000+00:00,29.917,29.64,23.472,,243.0,False,83.029,"[None, 2048, 2048, 2048, 2048, 2048, 2048]","[2048, 2048, 2048, 2048, 2048, 2048, 2048, 2048]","[2048, 2048, 2048, 2048, 2048]",292.0
1215,9133,18,59,2023-07-23T14:26:01.644000+00:00,30.124,29.963,23.696,282.0,240.0,False,83.783,"[None, 2048, 2048, 2048, 2048, 2049, 2048]","[2049, 2049, 2048, 2048, 2048, 2048, 2048, 2048]","[2048, 2048, 2048, 2048, 2048]",292.0
1215,9133,1,60,2023-07-23T14:26:15.659000+00:00,29.568,29.102,22.884,281.0,245.0,False,81.554,"[None, 2048, 2048, 2051, 2048, 2048, 2048]","[2048, 2049, 2048, 2048, 2048, 2048, 2048, 2048]","[2048, 2048, 2048, 2048, 2048]",289.0
1215,9133,23,59,2023-07-23T14:26:18.284000+00:00,30.292,30.278,23.605,274.0,240.0,False,84.175,"[None, 2048, 2048, 2048, 2048, 2049, 2048]","[2048, 2048, 2048, 2048, 2048, 2048, 2048, 2048]","[2048, 2049, 2048, 2048, 2048]",
1215,9133,77,59,2023-07-23T14:26:19.159000+00:00,29.953,30.274,23.581,281.0,240.0,False,83.808,"[None, 2048, 2048, 2049, 2048, 2048, 2049]","[2048, 2048, 2048, 2048, 2048, 2048, 2048, 2048]","[2048, 2048, 2048, 2048, 2048]",306.0
1215,9133,3,59,2023-07-23T14:26:22.519000+00:00,30.28,30.198,23.612,,240.0,False,84.09,"[None, 2048, 2048, 2048, 2048, 2048, 2048]","[2048, 2048, 2048, 2048, 2048, 2048, 2048, 2049]","[2048, 2048, 2048, 2048, 2048]",287.0
1215,9133,27,59,2023-07-23T14:26:28.253000+00:00,30.135,30.478,23.758,279.0,238.0,False,84.371,"[None, 2048, 2048, 2048, 2048, 2048, 2048]","[2048, 2048, 2048, 2048, 2048, 2048, 2048, 2048]","[2048, 2048, 2048, 2048, 2048]",291.0
1215,9133,2,59,2023-07-23T14:26:30.081000+00:00,30.201,30.21,23.717,277.0,237.0,False,84.128,"[None, 2048, 2048, 2048, 2048, 2048, 2048]","[2048, 2048, 2048, 2048, 2048, 2048, 2048, 2048]","[2049, 2048, 2048, 2048, 2048]",295.0
1215,9133,22,59,2023-07-23T14:26:31.894000+00:00,32.187,30.473,23.57,278.0,240.0,False,86.23,"[None, 2048, 2048, 2048, 2048, 2048, 2048]","[2048, 2048, 2048, 2048, 2048, 2048, 2048, 2049]","[2049, 2048, 2048, 2048, 2048]",251.0
1215,9133,4,60,2023-07-23T14:26:32.800000+00:00,30.382,29.535,23.54,283.0,246.0,False,83.457,"[None, 2048, 2048, 2048, 2048, 2049, 2048]","[2051, 2048, 2048, 2048, 2048, 2048, 2048, 2048]","[2048, 2048, 2048, 2048, 2048]",
1215,9133,11,60,2023-07-23T14:26:36.456000+00:00,29.838,29.797,23.46,,243.0,False,83.095,"[None, 2048, 2048, 2048, 2048, 2048, 2048]","[2048, 2048, 2048, 2048, 2048, 2048, 2048, 2048]","[2049, 2048, 2048, 2048, 2048]",292.0
1215,9133,24,59,2023-07-23T14:26:43.846000+00:00,30.393,30.25,23.575,278.0,242.0,False,84.218,"[None, 2048, 2048, 2048, 2048, 2048, 2048]","[2048, 2048, 2048, 2048, 2048, 2048, 2048, 2048]","[2048, 2048, 2048, 2048, 2048]",289.0
1215,9133,44,60,2023-07-23T14:26:48.612000+00:00,30.095,29.076,22.799,274.0,244.0,False,81.97,"[None, 2048, 2048, 2048, 2048, 2048, 2048]","[2048, 2049, 2049, 2048, 2048, 2048, 2048, 2048]","[2049, 2049, 2049, 2048]",288.0
1215,9133,81,60,2023-07-23T14:26:52.862000+00:00,30.416,29.683,23.554,281.0,244.0,False,83.653,"[None, 2048, 2048, 2048, 2048, 2048, 2048]","[2048, 2049, 2048, 2048, 2048, 2048, 2048, 2048]","[2048, 2048, 2048, 2048, 2048]",291.0
1215,9133,20,59,2023-07-23T14:26:55.128000+00:00,30.399,30.343,23.737,279.0,237.0,False,84.479,"[2048, 2048, 2048, 2048, 2048, 2048, 2048]","[2048, 2048, 2048, 2048, 2048, 2048, 2049, 2048]","[2048, 2048, 2048, 2048]",292.0
1215,9133,16,60,2023-07-23T14:26:58.268000+00:00,30.248,29.643,23.527,279.0,244.0,False,83.418,"[None, 2048, 2048, 2048, 2048, 2048, 2048]","[2048, 2048, 2048, 2048, 2048, 2048, 2048, 2048]","[2048, 2048, 2048, 2048, 2048]",291.0
1215,9133,55,60,2023-07-23T14:27:03.268000+00:00,30.326,29.831,23.549,274.0,242.0,False,83.706,"[None, 2048, 2048, 2048, 2048, 2048, 2048]","[2048, 2048, 2048, 2048, 2048, 2048, 2048, 2048]","[2048, 2048, 2048, 2048, 2049]",292.0
1215,9133,63,60,2023-07-23T14:27:05.237000+00:00,30.286,29.791,23.413,265.0,239.0,False,83.49,"[None, 2048, 2048, 2048, 2048, 2048, 2048]","[2048, 2048, 2048, 2048, 2048, 2048, 2048, 2048]","[2048, 2048, 2048, 2048]",289.0
1215,9133,14,60,2023-07-23T14:27:12.330000+00:00,30.165,29.582,23.448,283.0,244.0,False,83.195,"[None, 2048, 2048, 2048, 2048, 2048, 2049]","[2048, 2048, 2048, 2048, 2048, 2048, 2049, 2048]","[2048, 2048, 2048, 2048, 2048]",
1215,9133,18,60,2023-07-23T14:27:25.424000+00:00,30.088,29.883,23.665,283.0,241.0,False,83.636,"[None, 2048, 2048, 2049, 2048, 2048, 2048]","[2049, 2048, 2048, 2048, 2048, 2048, 2048, 2048]","[2048, 2049, 2048, 2048, 2048]",291.0
1215,9133,1,61,2023-07-23T14:27:37.236000+00:00,29.668,28.891,22.961,282.0,247.0,False,81.52,"[None, 2048, 2048, 2048, 2048, 2048, 2048]","[2048, 2051, 2048, 2048, 2048, 2048, 2048, 2048]","[2048, 2048, 2048, 2048, 2048]",290.0
1215,9133,23,60,2023-07-23T14:27:42.424000+00:00,30.386,30.16,23.807,276.0,238.0,False,84.353,"[None, 2048, 2048, 2048, 2048, 2048, 2048]","[2048, 2048, 2048, 2048, 2048, 2048, 2048, 2048]","[2048, 2048, 2048, 2048, 2048]",292.0
1215,9133,77,60,2023-07-23T14:27:43.002000+00:00,30.484,30.839,23.997,280.0,237.0,False,85.32,"[2049, 2049, 2048, 2048, 2048, 2048, 2048]","[2048, 2048, 2048, 2048, 2048, 2048, 2048, 2048]","[2048, 2048, 2048, 2048, 2048]",309.0
1215,9133,3,60,2023-07-23T14:27:46.595000+00:00,30.216,30.297,23.9,282.0,236.0,False,84.413,"[None, 2048, 2048, 2048, 2048, 2048, 2049]","[2048, 2048, 2048, 2048, 2048, 2048, 2049, 2048]","[2048, 2048, 2048, 2048]",
1215,9133,27,60,2023-07-23T14:27:52.658000+00:00,30.261,30.253,23.985,280.0,236.0,False,84.499,"[None, 2048, 2048, 2048, 2048, 2048, 2049]","[2048, 2048, 2048, 2048, 2048, 2048, 2048, 2048]","[2048, 2048, 2048, 2048, 2048]",
1215,9133,2,60,2023-07-23T14:27:53.876000+00:00,30.387,30.362,24.214,281.0,235.0,False,84.963,"[None, 2048, 2048, 2048, 2048, 2048, 2048]","[2048, 2048, 2048, 2048, 2048, 2048, 2048, 2048]","[2048, 2048, 2048, 2048, 2048]",
1215,9133,4,61,2023-07-23T14:27:56.298000+00:00,30.051,29.585,23.806,285.0,246.0,False,83.442,"[None, 2048, 2048, 2048, 2048, 2048, 2048]","[2051, 2048, 2048, 2048, 2048, 2048, 2051, 2048]","[2048, 2048, 2048, 2048]",292.0
1215,9133,22,60,2023-07-23T14:27:58.033000+00:00,30.111,30.239,25.668,280.0,236.0,False,86.018,"[None, 2048, 2048, 2048, 2048, 2048, 2048]","[2048, 2048, 2048, 2048, 2048, 2049, 2048, 2048]","[2048, 2048, 2048, 2048]",289.0
1215,9133,11,61,2023-07-23T14:27:59.470000+00:00,30.118,29.975,23.769,285.0,238.0,False,83.862,"[None, 2048, 2048, 2048, 2048, 2048, 2049]","[2048, 2048, 2048, 2048, 2048, 2048, 2048, 2048]","[2048, 2048, 2048, 2048]",294.0
1215,9133,24,60,2023-07-23T14:28:08.079000+00:00,30.34,30.439,25.056,277.0,210.0,False,85.835,"[None, 2048, 2048, 2048, 2048, 2048, 2048]","[2048, 2048, 2048, 2048, 2048, 2049, 2048, 2048]","[2048, 2048, 2048, 2048, 2048]",290.0
1215,9133,44,61,2023-07-23T14:28:10.532000+00:00,29.709,29.271,23.147,278.0,239.0,False,82.127,"[None, 2048, 2048, 2048, 2048, 2049, 2049]","[2049, 2048, 2048, 2048, 2048, 2048, 2048, 2048]","[2048, 2048, 2048, 2048, 2048]",291.0
1215,9133,81,61,2023-07-23T14:28:16.532000+00:00,30.3,29.791,23.656,,240.0,False,83.747,"[None, 2048, 2048, 2048, 2048, 2048, 2048]","[2048, 2048, 2048, 2048, 2048, 2048, 2048, 2048]","[2048, 2048, 2048, 2048, 2048]",293.0
1215,9133,20,60,2023-07-23T14:28:19.610000+00:00,30.419,30.778,26.429,,234.0,False,87.626,"[None, 2048, 2048, 2048, 2048, 2048, 2048]","[2048, 2048, 2048, 2048, 2048, 2048, 2048, 2048]","[2048, 2048, 2048, 2048, 2048]",
1215,9133,16,61,2023-07-23T14:28:21.704000+00:00,30.131,29.803,23.731,282.0,240.0,False,83.665,"[None, 2048, 2048, 2048, 2048, 2048, 2049]","[2048, 2048, 2048, 2048, 2048, 2048, 2048, 2048]","[2048, 2048, 2048, 2048, 2048]",293.0
1215,9133,55,61,2023-07-23T14:28:26.907000+00:00,30.133,29.747,23.625,279.0,241.0,False,83.505,"[None, 2048, 2048, 2048, 2048, 2048, 2049]","[2048, 2048, 2048, 2048, 2048, 2048, 2048, 2048]","[2048, 2048, 2048, 2048, 2048]",
1215,9133,63,61,2023-07-23T14:28:28.751000+00:00,30.356,29.707,23.568,267.0,236.0,False,83.631,"[None, 2048, 2048, 2048, 2048, 2048, 2048]","[2048, 2048, 2048, 2048, 2048, 2048, 2048, 2048]","[2048, 2048, 2048, 2048]",288.0
1215,9133,14,61,2023-07-23T14:28:35.548000+00:00,30.072,29.618,23.504,285.0,243.0,False,83.194,"[None, 2048, 2048, 2048, 2048, 2048, 2049]","[2048, 2048, 2048, 2048, 2048, 2048, 2048, 2049]","[2048, 2048, 2048, 2048, 2048]",290.0
1215,9133,18,61,2023-07-23T14:28:49.047000+00:00,30.214,30.073,23.748,284.0,241.0,False,84.035,"[None, 2048, 2048, 2048, 2048, 2048, 2048]","[2048, 2048, 2048, 2048, 2048, 2048, 2048, 2048]","[2048, 2048, 2048, 2048]",289.0
1215,9133,1,62,2023-07-23T14:28:58.735000+00:00,29.716,28.995,22.982,284.0,245.0,False,81.693,"[None, 2048, 2048, 2048, 2048, 2048, 2048]","[2048, 2048, 2048, 2049, 2048, 2048, 2048, 2048]","[2048, 2048, 2048, 2048]",289.0
1215,9133,23,61,2023-07-23T14:29:06.797000+00:00,30.453,30.183,23.641,277.0,237.0,False,84.277,"[None, 2048, 2048, 2048, 2048, 2048, 2049]","[2048, 2048, 2048, 2049, 2049, 2048, 2048, 2048]","[2048, 2048, 2048, 2048]",
1215,9133,77,61,2023-07-23T14:29:08.313000+00:00,30.417,30.313,23.581,278.0,240.0,False,84.311,"[2048, 2048, 2048, 2048, 2048, 2048, 2048]","[2048, 2048, 2048, 2048, 2049, 2048, 2048, 2048]","[2048, 2048, 2048, 2048, 2048]",290.0
1215,9133,3,61,2023-07-23T14:29:11.031000+00:00,30.311,30.434,23.787,,237.0,False,84.532,"[None, 2048, 2048, 2048, 2048, 2048, 2048]","[2048, 2048, 2048, 2048, 2048, 2048, 2048, 2048]","[2048, 2048, 2048, 2048]",
1215,9133,27,61,2023-07-23T14:29:17.172000+00:00,30.431,30.519,23.806,281.0,235.0,False,84.756,"[None, 2048, 2048, 2048, 2048, 2048, 2048]","[2048, 2048, 2048, 2048, 2048, 2048, 2048, 2048]","[2048, 2048, 2048, 2048, 2048]",290.0
1215,9133,2,61,2023-07-23T14:29:18.875000+00:00,32.182,30.419,23.686,285.0,238.0,False,86.287,"[None, 2048, 2048, 2048, 2048, 2048, 2049]","[2048, 2048, 2048, 2048, 2048, 2048, 2049, 2048]","[2049, 2048, 2048, 2049, 2048]",258.0
1215,9133,4,62,2023-07-23T14:29:19.703000+00:00,30.542,29.63,23.706,286.0,245.0,False,83.878,"[None, 2048, 2048, 2048, 2048, 2048, 2048]","[2048, 2048, 2048, 2048, 2048, 2048, 2051, 2048]","[2048, 2048, 2048, 2048, 2048]",293.0
1215,9133,11,62,2023-07-23T14:29:23.312000+00:00,30.162,29.941,23.568,,238.0,False,83.671,"[None, 2048, 2048, 2048, 2048, 2048, 2048]","[2048, 2048, 2048, 2048, 2048, 2048, 2048, 2048]","[2048, 2048, 2048, 2048]",291.0
1215,9133,22,61,2023-07-23T14:29:24.078000+00:00,30.134,30.494,23.806,,236.0,False,84.434,"[2049, 2048, 2048, 2048, 2048, 2049, 2049]","[2048, 2048, 2048, 2048, 2048, 2048, 2048, 2048]","[2048, 2048, 2048, 2048]",302.0
1215,9133,44,62,2023-07-23T14:29:32.656000+00:00,29.784,29.215,23.057,275.0,241.0,False,82.056,"[None, 2048, 2049, 2048, 2048, 2048, 2048]","[2048, 2048, 2048, 2048, 2049, 2048, 2048, 2048]","[2048, 2048, 2048, 2048, 2048]",288.0
1215,9133,24,61,2023-07-23T14:29:33.922000+00:00,30.097,30.457,23.506,282.0,240.0,False,84.06,"[None, 2048, 2048, 2048, 2048, 2048, 2048]","[2048, 2048, 2048, 2048, 2048, 2048, 2048, 2048]","[2048, 2048, 2048, 2048, 2048]",305.0
1215,9133,81,62,2023-07-23T14:29:40.296000+00:00,30.324,29.842,23.636,280.0,241.0,False,83.802,"[None, 2048, 2048, 2048, 2048, 2048, 2048]","[2048, 2048, 2048, 2048, 2048, 2048, 2048, 2048]","[2048, 2048, 2048, 2049]",290.0
1215,9133,16,62,2023-07-23T14:29:45.343000+00:00,30.089,29.472,23.608,279.0,241.0,False,83.169,"[None, 2048, 2048, 2048, 2048, 2048, 2048]","[2048, 2048, 2048, 2048, 2048, 2048, 2049, 2048]","[2048, 2048, 2048, 2048, 2048]",291.0
1215,9133,20,61,2023-07-23T14:29:47.218000+00:00,30.25,30.369,23.91,,238.0,False,84.529,"[None, 2048, 2048, 2048, 2048, 2048, 2048]","[2048, 2048, 2048, 2048, 2048, 2048, 2049, 2048]","[2048, 2048, 2048, 2048, 2048]",291.0
1215,9133,55,62,2023-07-23T14:29:50.453000+00:00,30.192,29.888,23.632,,242.0,False,83.712,"[None, 2048, 2048, 2048, 2048, 2049, 2048]","[2048, 2048, 2048, 2048, 2048, 2048, 2049, 2048]","[2048, 2048, 2048, 2048]",
1215,9133,63,62,2023-07-23T14:29:52.374000+00:00,30.153,29.704,23.471,269.0,240.0,False,83.328,"[None, 2048, 2048, 2048, 2048, 2048, 2048]","[2048, 2048, 2048, 2048, 2048, 2048, 2049, 2048]","[2048, 2048, 2048, 2048, 2048]",
1215,9133,14,62,2023-07-23T14:29:58.734000+00:00,30.164,29.65,23.395,281.0,244.0,False,83.209,"[None, 2048, 2048, 2048, 2048, 2048, 2048]","[2048, 2048, 2048, 2048, 2048, 2048, 2048, 2048]","[2049, 2048, 2048, 2048, 2048]",
1215,9133,18,62,2023-07-23T14:30:13.077000+00:00,30.283,29.991,23.786,,241.0,False,84.06,"[None, 2048, 2048, 2048, 2048, 2048, 2048]","[2048, 2048, 2048, 2048, 2048, 2048, 2048, 2048]","[2048, 2048, 2048, 2048, 2048]",
1215,9133,1,63,2023-07-23T14:30:20.452000+00:00,29.668,29.032,23.072,283.0,245.0,False,81.772,"[None, 2048, 2048, 2048, 2048, 2048, 2048]","[2048, 2048, 2048, 2048, 2048, 2048, 2048, 2048]","[2048, 2048, 2048, 2048, 2048]",
1215,9133,23,62,2023-07-23T14:30:31.061000+00:00,30.467,30.04,23.757,,238.0,False,84.264,"[None, 2048, 2048, 2048, 2048, 2048, 2048]","[2049, 2049, 2048, 2048, 2048, 2048, 2048, 2048]","[2048, 2048, 2048, 2048]",291.0
1215,9133,77,62,2023-07-23T14:30:32.592000+00:00,30.357,30.051,23.648,279.0,241.0,False,84.056,"[None, 2048, 2048, 2048, 2048, 2048, 2048]","[2048, 2049, 2048, 2048, 2048, 2048, 2048, 2048]","[2048, 2048, 2048, 2048]",
1215,9133,3,62,2023-07-23T14:30:35.546000+00:00,30.262,30.216,23.72,281.0,239.0,False,84.198,"[None, 2048, 2048, 2048, 2048, 2048, 2048]","[2048, 2048, 2049, 2048, 2048, 2048, 2048, 2049]","[2048, 2048, 2048, 2048, 2048]",286.0
1215,9133,27,62,2023-07-23T14:30:41.874000+00:00,30.508,30.752,25.089,282.0,202.0,False,86.349,"[None, 2048, 2048, 2048, 2048, 2048, 2048]","[2048, 2048, 2048, 2048, 2048, 2048, 2048, 2048]","[2048, 2048, 2048, 2048, 2048]",289.0
1215,9133,4,63,2023-07-23T14:30:43.545000+00:00,30.253,29.661,23.495,285.0,243.0,False,83.409,"[None, 2048, 2048, 2048, 2048, 2048, 2048]","[2048, 2048, 2048, 2048, 2048, 2048, 2048, 2048]","[2048, 2048, 2048, 2048]",291.0
1215,9133,2,62,2023-07-23T14:30:45.123000+00:00,30.539,30.515,25.575,284.0,202.0,False,86.629,"[None, 2048, 2048, 2048, 2048, 2048, 2048]","[2048, 2048, 2048, 2048, 2048, 2048, 2048, 2048]","[2048, 2048, 2048, 2048]",294.0
1215,9133,11,63,2023-07-23T14:30:47.030000+00:00,30.072,29.876,23.865,,241.0,False,83.813,"[None, 2048, 2048, 2048, 2048, 2048, 2048]","[2048, 2048, 2048, 2048, 2048, 2048, 2048, 2048]","[2048, 2048, 2048, 2048, 2048]",293.0
1215,9133,22,62,2023-07-23T14:30:48.530000+00:00,30.307,30.185,23.821,279.0,238.0,False,84.313,"[2048, 2048, 2048, 2048, 2048, 2048, 2048]","[2048, 2048, 2048, 2048, 2048, 2048, 2048, 2048]","[2048, 2048, 2048, 2048, 2048]",288.0
1215,9133,44,63,2023-07-23T14:30:54.717000+00:00,30.015,29.299,23.125,276.0,241.0,False,82.439,"[None, 2048, 2048, 2048, 2048, 2048, 2048]","[2048, 2048, 2048, 2048, 2048, 2048, 2048, 2048]","[2048, 2048, 2048, 2048]",
1215,9133,24,62,2023-07-23T14:30:57.998000+00:00,30.222,30.196,23.874,280.0,240.0,False,84.292,"[None, 2048, 2048, 2048, 2048, 2048, 2048]","[2048, 2048, 2048, 2048, 2048, 2048, 2048, 2048]","[2048, 2048, 2048, 2048]",291.0
1215,9133,81,63,2023-07-23T14:31:04.092000+00:00,30.407,29.83,23.658,281.0,243.0,False,83.895,"[None, 2048, 2048, 2048, 2048, 2048, 2048]","[2048, 2048, 2048, 2048, 2048, 2048, 2048, 2048]","[2048, 2048, 2048, 2048]",291.0
1215,9133,16,63,2023-07-23T14:31:08.514000+00:00,30.239,29.627,23.706,280.0,242.0,False,83.572,"[None, 2048, 2048, 2048, 2048, 2048, 2048]","[2048, 2048, 2048, 2048, 2048, 2048, 2048, 2048]","[2048, 2048, 2048, 2048, 2048]",
1215,9133,20,62,2023-07-23T14:31:11.732000+00:00,30.33,30.17,23.994,,240.0,False,84.494,"[None, 2048, 2048, 2048, 2048, 2048, 2048]","[2048, 2048, 2048, 2048, 2048, 2048, 2048, 2048]","[2048, 2048, 2048, 2048, 2048]",
1215,9133,55,63,2023-07-23T14:31:14.139000+00:00,30.143,29.922,23.777,281.0,241.0,False,83.842,"[None, 2048, 2048, 2048, 2048, 2048, 2049]","[2048, 2048, 2048, 2048, 2048, 2048, 2048, 2048]","[2048, 2048, 2048, 2048, 2048]",
1215,9133,63,63,2023-07-23T14:31:15.795000+00:00,30.06,29.457,23.44,283.0,244.0,False,82.957,"[None, 2048, 2048, 2048, 2048, 2048, 2049]","[2049, 2048, 2048, 2048, 2048, 2048, 2049, 2049]","[2049, 2048, 2048, 2048, 2048]",289.0
1215,9133,14,63,2023-07-23T14:31:21.998000+00:00,30.045,29.846,23.56,284.0,239.0,False,83.451,"[None, 2048, 2048, 2048, 2048, 2049, 2049]","[2048, 2048, 2048, 2048, 2048, 2048, 2048, 2048]","[2048, 2048, 2048, 2048, 2048]",
1215,9133,18,63,2023-07-23T14:31:37.154000+00:00,30.215,30.178,23.732,,238.0,False,84.125,"[None, 2048, 2048, 2049, 2048, 2048, 2048]","[2048, 2048, 2048, 2048, 2048, 2048, 2048, 2048]","[2048, 2048, 2048, 2048, 2048]",
1215,9133,1,64,2023-07-23T14:31:42.169000+00:00,29.701,29.256,23.165,285.0,244.0,False,82.122,"[None, 2048, 2048, 2048, 2048, 2049, 2048]","[2048, 2048, 2049, 2048, 2048, 2048, 2048, 2048]","[2048, 2048, 2048, 2048, 2048]",
1215,9133,23,63,2023-07-23T14:31:55.341000+00:00,30.391,30.199,23.62,276.0,239.0,False,84.21,"[None, 2048, 2048, 2048, 2048, 2048, 2048]","[2048, 2048, 2048, 2048, 2048, 2048, 2048, 2048]","[2048, 2048, 2048, 2048]",292.0
1215,9133,77,63,2023-07-23T14:31:56.669000+00:00,30.265,30.154,23.706,281.0,241.0,False,84.125,"[None, 2048, 2048, 2048, 2048, 2048, 2049]","[2048, 2048, 2048, 2048, 2048, 2048, 2048, 2048]","[2048, 2048, 2048, 2048]",
1215,9133,3,63,2023-07-23T14:31:59.763000+00:00,30.239,30.2,23.732,283.0,238.0,False,84.171,"[None, 2048, 2048, 2048, 2048, 2049, 2049]","[2048, 2048, 2048, 2048, 2048, 2048, 2049, 2048]","[2048, 2048, 2048, 2048, 2048]",287.0
1215,9133,4,64,2023-07-23T14:32:06.981000+00:00,30.104,29.593,23.378,284.0,247.0,False,83.075,"[None, 2048, 2048, 2048, 2048, 2048, 2048]","[2048, 2048, 2048, 2048, 2048, 2048, 2048, 2048]","[2048, 2048, 2048, 2048]",290.0
1215,9133,27,63,2023-07-23T14:32:08.294000+00:00,30.124,30.885,24.219,285.0,235.0,False,85.228,"[2049, 2048, 2048, 2048, 2048, 2048, 2049]","[2048, 2048, 2048, 2048, 2048, 2048, 2048, 2048]","[2048, 2048, 2048, 2048, 2048]",308.0
1215,9133,11,64,2023-07-23T14:32:10.825000+00:00,29.894,29.923,23.387,,238.0,False,83.204,"[None, 2048, 2048, 2048, 2048, 2048, 2049]","[2048, 2048, 2048, 2048, 2048, 2048, 2048, 2048]","[2048, 2048, 2048, 2048, 2048]",
1215,9133,2,63,2023-07-23T14:32:11.747000+00:00,30.205,30.454,23.847,283.0,236.0,False,84.506,"[2049, 2049, 2048, 2049, 2048, 2048, 2049]","[2048, 2048, 2048, 2048, 2048, 2048, 2048, 2048]","[2048, 2048, 2048, 2048]",309.0
1215,9133,22,63,2023-07-23T14:32:12.794000+00:00,30.257,30.624,23.702,,236.0,False,84.583,"[None, 2048, 2048, 2048, 2048, 2049, 2048]","[2048, 2048, 2048, 2048, 2048, 2048, 2048, 2048]","[2048, 2048, 2048, 2048, 2048]",291.0
1215,9133,44,64,2023-07-23T14:32:17.122000+00:00,29.83,29.13,23.292,277.0,241.0,False,82.252,"[None, 2048, 2048, 2048, 2048, 2051, 2048]","[2049, 2049, 2048, 2048, 2049, 2048, 2048, 2048]","[2048, 2048, 2048, 2048]",289.0
1215,9133,24,63,2023-07-23T14:32:22.325000+00:00,30.392,30.389,23.706,279.0,239.0,False,84.487,"[None, 2048, 2048, 2048, 2048, 2048, 2048]","[2048, 2048, 2048, 2048, 2048, 2048, 2048, 2048]","[2048, 2048, 2048, 2048, 2048]",288.0
1215,9133,81,64,2023-07-23T14:32:27.981000+00:00,30.342,29.923,23.55,280.0,244.0,False,83.815,"[None, 2048, 2048, 2048, 2048, 2048, 2048]","[2048, 2048, 2048, 2048, 2048, 2048, 2048, 2048]","[2048, 2048, 2048, 2048]",
1215,9133,16,64,2023-07-23T14:32:32.106000+00:00,30.279,29.941,23.757,281.0,240.0,False,83.977,"[None, 2048, 2048, 2048, 2048, 2048, 2048]","[2048, 2048, 2048, 2048, 2048, 2048, 2048, 2048]","[2048, 2048, 2048, 2048, 2048]",
1215,9133,20,63,2023-07-23T14:32:36.278000+00:00,30.323,30.376,23.739,,238.0,False,84.438,"[None, 2048, 2048, 2048, 2048, 2048, 2048]","[2048, 2048, 2048, 2048, 2048, 2048, 2048, 2048]","[2048, 2048, 2048, 2048, 2048]",
1215,9133,55,64,2023-07-23T14:32:38.059000+00:00,30.312,30.117,23.862,279.0,238.0,False,84.291,"[None, 2048, 2048, 2048, 2048, 2048, 2048]","[2048, 2048, 2048, 2048, 2048, 2048, 2048, 2048]","[2048, 2048, 2048, 2048, 2048]",293.0
1215,9133,63,64,2023-07-23T14:32:38.684000+00:00,30.052,30.186,23.485,269.0,241.0,False,83.723,"[2049, 2049, 2048, 2048, 2048, 2048, 2048]","[2048, 2048, 2048, 2048, 2048, 2048, 2048, 2048]","[2048, 2048, 2048, 2048, 2048]",308.0
1215,9133,14,64,2023-07-23T14:32:45.403000+00:00,30.236,29.831,23.405,282.0,242.0,False,83.472,"[None, 2048, 2048, 2048, 2048, 2048, 2048]","[2048, 2048, 2048, 2048, 2048, 2048, 2048, 2048]","[2048, 2048, 2048, 2048, 2048]",
1215,9133,18,64,2023-07-23T14:33:01.309000+00:00,30.214,29.946,23.827,283.0,241.0,False,83.987,"[None, 2048, 2048, 2048, 2048, 2048, 2048]","[2048, 2048, 2048, 2048, 2048, 2048, 2049, 2048]","[2048, 2048, 2048, 2048]",
1215,9133,1,65,2023-07-23T14:33:04.324000+00:00,29.678,29.303,23.242,284.0,244.0,False,82.223,"[None, 2048, 2048, 2048, 2048, 2048, 2049]","[2049, 2048, 2048, 2048, 2048, 2048, 2048, 2048]","[2048, 2048, 2048, 2048, 2048]",290.0
1215,9133,23,64,2023-07-23T14:33:19.558000+00:00,30.212,30.182,23.673,277.0,239.0,False,84.067,"[None, 2048, 2048, 2048, 2048, 2049, 2049]","[2049, 2048, 2048, 2048, 2048, 2048, 2048, 2048]","[2048, 2048, 2048, 2048]",
1215,9133,77,64,2023-07-23T14:33:20.808000+00:00,30.356,30.178,23.702,277.0,240.0,False,84.236,"[None, 2048, 2048, 2048, 2048, 2048, 2048]","[2048, 2048, 2048, 2048, 2048, 2048, 2048, 2048]","[2048, 2048, 2048, 2048, 2048]",
1215,9133,3,64,2023-07-23T14:33:23.918000+00:00,30.266,30.171,23.695,281.0,241.0,False,84.132,"[None, 2048, 2048, 2048, 2048, 2048, 2048]","[2049, 2048, 2048, 2048, 2048, 2048, 2049, 2049]","[2049, 2048, 2048, 2048, 2048]",
1215,9133,4,65,2023-07-23T14:33:30.074000+00:00,30.066,29.405,23.44,,247.0,False,82.911,"[None, 2048, 2048, 2048, 2048, 2048, 2048]","[2051, 2048, 2048, 2048, 2048, 2048, 2048, 2048]","[2048, 2048, 2048, 2048, 2048]",291.0
1215,9133,27,64,2023-07-23T14:33:33.480000+00:00,31.5,30.978,24.002,281.0,235.0,False,86.48,"[2048, 2048, 2048, 2048, 2048, 2048, 2048]","[2048, 2048, 2048, 2048, 2048, 2048, 2048, 2048]","[2048, 2048, 2048, 2048, 2048]",253.0
1215,9133,11,65,2023-07-23T14:33:34.011000+00:00,30.19,30.009,23.733,283.0,237.0,False,83.932,"[None, 2048, 2048, 2048, 2048, 2048, 2048]","[2048, 2048, 2048, 2048, 2048, 2048, 2048, 2048]","[2048, 2048, 2048, 2048, 2048]",310.0
1215,9133,2,64,2023-07-23T14:33:36.339000+00:00,30.4,30.392,24.006,282.0,236.0,False,84.798,"[2048, 2048, 2048, 2048, 2048, 2048, 2048]","[2049, 2048, 2048, 2048, 2048, 2048, 2048, 2048]","[2048, 2048, 2048, 2048, 2048]",295.0
1215,9133,22,64,2023-07-23T14:33:37.402000+00:00,30.243,30.641,24.778,281.0,234.0,False,85.662,"[None, 2048, 2048, 2048, 2048, 2048, 2048]","[2048, 2048, 2048, 2048, 2048, 2048, 2048, 2048]","[2048, 2048, 2048, 2048, 2048]",290.0
1215,9133,44,65,2023-07-23T14:33:39.417000+00:00,29.962,29.469,23.238,280.0,239.0,False,82.669,"[None, 2048, 2048, 2048, 2048, 2048, 2049]","[2048, 2048, 2048, 2048, 2048, 2048, 2048, 2048]","[2048, 2048, 2048, 2048, 2048]",290.0
1215,9133,24,64,2023-07-23T14:33:46.761000+00:00,30.517,30.58,23.698,278.0,241.0,False,84.795,"[None, 2048, 2048, 2048, 2048, 2048, 2048]","[2048, 2048, 2048, 2048, 2048, 2048, 2048, 2048]","[2048, 2048, 2048, 2048, 2048]",289.0
1215,9133,81,65,2023-07-23T14:33:51.823000+00:00,30.375,29.902,23.714,281.0,245.0,False,83.991,"[None, 2048, 2048, 2048, 2048, 2048, 2048]","[2048, 2048, 2048, 2048, 2048, 2048, 2048, 2048]","[2048, 2048, 2048, 2048, 2048]",292.0
1215,9133,16,65,2023-07-23T14:33:56.058000+00:00,30.205,29.963,23.771,,241.0,False,83.939,"[None, 2048, 2048, 2048, 2048, 2048, 2048]","[2048, 2048, 2048, 2048, 2048, 2048, 2048, 2048]","[2048, 2048, 2048, 2048, 2048]",293.0
1215,9133,20,64,2023-07-23T14:34:00.667000+00:00,30.33,33.963,24.385,281.0,221.0,False,88.678,"[None, 2048, 2048, 2048, 2048, 2048, 2048]","[2048, 2048, 2048, 2048, 2048, 2048, 2048, 2048]","[2048, 2048, 2048, 2048, 2048]",292.0
1215,9133,55,65,2023-07-23T14:34:02.276000+00:00,30.842,30.616,23.941,278.0,240.0,False,85.399,"[None, 2048, 2048, 2048, 2048, 2048, 2048]","[2048, 2048, 2048, 2048, 2048, 2048, 2048, 2048]","[2048, 2048, 2048, 2048, 2048]",294.0
1215,9133,63,65,2023-07-23T14:34:02.495000+00:00,29.8,29.881,23.273,270.0,242.0,False,82.954,"[None, 2049, 2048, 2048, 2048, 2048, 2048]","[2048, 2048, 2048, 2048, 2048, 2048, 2048, 2048]","[2048, 2048, 2048, 2048]",307.0
1215,9133,14,65,2023-07-23T14:34:08.901000+00:00,30.186,29.756,23.772,280.0,245.0,False,83.714,"[None, 2048, 2048, 2048, 2048, 2048, 2048]","[2048, 2048, 2048, 2048, 2048, 2048, 2048, 2049]","[2048, 2048, 2048, 2048, 2048]",292.0
1215,9133,18,65,2023-07-23T14:34:25.307000+00:00,31.833,30.686,23.993,279.0,238.0,False,86.512,"[None, 2048, 2048, 2048, 2048, 2048, 2048]","[2048, 2048, 2048, 2048, 2048, 2048, 2048, 2048]","[2048, 2048, 2048, 2048, 2048]",291.0
1215,9133,1,66,2023-07-23T14:34:26.541000+00:00,29.841,29.108,22.992,282.0,245.0,False,81.941,"[None, 2048, 2048, 2048, 2048, 2048, 2048]","[2048, 2048, 2048, 2048, 2048, 2048, 2048, 2048]","[2048, 2048, 2048, 2048, 2048]",292.0
1215,9133,23,65,2023-07-23T14:34:43.619000+00:00,30.227,30.184,23.646,,238.0,False,84.057,"[None, 2048, 2048, 2048, 2048, 2048, 2048]","[2048, 2049, 2048, 2048, 2048, 2048, 2048, 2048]","[2048, 2048, 2048, 2048]",294.0
1215,9133,77,65,2023-07-23T14:34:45.010000+00:00,30.025,30.146,23.603,281.0,239.0,False,83.774,"[None, 2048, 2048, 2048, 2048, 2048, 2048]","[2048, 2048, 2048, 2048, 2048, 2048, 2048, 2048]","[2048, 2049, 2048, 2048, 2048]",292.0
1215,9133,3,65,2023-07-23T14:34:48.104000+00:00,30.283,30.2,23.64,,239.0,False,84.123,"[None, 2048, 2048, 2048, 2048, 2048, 2048]","[2048, 2048, 2048, 2048, 2049, 2048, 2049, 2048]","[2048, 2048, 2048, 2048]",288.0
1215,9133,4,66,2023-07-23T14:34:52.963000+00:00,30.004,29.482,23.485,,247.0,False,82.971,"[None, 2048, 2048, 2048, 2048, 2048, 2048]","[2048, 2048, 2048, 2048, 2048, 2048, 2048, 2048]","[2048, 2048, 2048, 2048, 2048]",292.0
1215,9133,11,66,2023-07-23T14:34:57.947000+00:00,29.899,29.694,23.562,284.0,242.0,False,83.155,"[None, 2048, 2048, 2048, 2048, 2049, 2048]","[2049, 2048, 2048, 2048, 2048, 2048, 2048, 2048]","[2048, 2048, 2048, 2048, 2048]",293.0
1215,9133,27,65,2023-07-23T14:34:59.931000+00:00,30.396,31.7,24.191,,235.0,False,86.287,"[None, 2048, 2048, 2048, 2048, 2048, 2048]","[2048, 2048, 2048, 2048, 2048, 2048, 2048, 2048]","[2048, 2048, 2048, 2048]",293.0
1215,9133,2,65,2023-07-23T14:35:01.072000+00:00,31.668,30.207,24.106,284.0,236.0,False,85.981,"[None, 2048, 2048, 2048, 2048, 2048, 2048]","[2048, 2048, 2048, 2048, 2048, 2048, 2048, 2048]","[2048, 2048, 2048, 2048, 2048]",296.0
1215,9133,44,66,2023-07-23T14:35:02.088000+00:00,29.859,29.271,23.212,277.0,244.0,False,82.342,"[None, 2048, 2048, 2048, 2048, 2048, 2048]","[2049, 2049, 2048, 2048, 2048, 2048, 2048, 2049]","[2048, 2048, 2048, 2048, 2048]",293.0
1215,9133,22,65,2023-07-23T14:35:03.057000+00:00,30.118,30.598,23.9,277.0,238.0,False,84.616,"[2049, 2049, 2048, 2048, 2048, 2048, 2048]","[2048, 2048, 2048, 2048, 2048, 2048, 2049, 2048]","[2048, 2048, 2048, 2048, 2048]",303.0
1215,9133,24,65,2023-07-23T14:35:11.541000+00:00,30.274,30.396,23.74,282.0,242.0,False,84.41,"[None, 2048, 2048, 2048, 2048, 2048, 2048]","[2048, 2048, 2048, 2048, 2048, 2048, 2048, 2048]","[2048, 2048, 2048, 2048, 2048]",291.0
1215,9133,81,66,2023-07-23T14:35:15.791000+00:00,30.201,29.95,23.636,283.0,242.0,False,83.787,"[None, 2048, 2048, 2048, 2048, 2048, 2048]","[2048, 2048, 2048, 2048, 2048, 2048, 2048, 2048]","[2048, 2048, 2048, 2048]",293.0
1215,9133,16,66,2023-07-23T14:35:20.009000+00:00,30.129,29.628,23.726,283.0,244.0,False,83.483,"[None, 2048, 2048, 2048, 2048, 2048, 2048]","[2048, 2048, 2048, 2048, 2048, 2048, 2048, 2049]","[2049, 2048, 2048, 2048]",
1215,9133,63,66,2023-07-23T14:35:25.212000+00:00,30.038,29.423,23.248,271.0,242.0,False,82.709,"[2048, 2048, 2048, 2048, 2048, 2048, 2048]","[2048, 2048, 2048, 2048, 2048, 2048, 2048, 2048]","[2048, 2048, 2048, 2048, 2048]",289.0
1215,9133,55,66,2023-07-23T14:35:27.697000+00:00,30.312,29.961,23.644,,241.0,False,83.917,"[None, 2048, 2048, 2048, 2048, 2048, 2048]","[2048, 2048, 2048, 2048, 2048, 2048, 2048, 2048]","[2048, 2048, 2048, 2048, 2048]",295.0
1215,9133,20,65,2023-07-23T14:35:29.400000+00:00,30.715,30.823,23.896,280.0,237.0,False,85.434,"[None, 2048, 2048, 2048, 2048, 2048, 2048]","[2048, 2048, 2048, 2048, 2048, 2048, 2048, 2048]","[2048, 2048, 2048, 2048, 2048]",294.0
1215,9133,14,66,2023-07-23T14:35:32.650000+00:00,30.014,29.753,23.686,285.0,244.0,False,83.453,"[None, 2048, 2048, 2048, 2048, 2048, 2049]","[2048, 2048, 2048, 2048, 2048, 2048, 2048, 2048]","[2049, 2048, 2048, 2048, 2048]",293.0
1215,9133,1,67,2023-07-23T14:35:48.524000+00:00,29.656,29.022,23.076,283.0,248.0,False,81.754,"[None, 2048, 2048, 2048, 2048, 2048, 2048]","[2048, 2048, 2048, 2048, 2048, 2048, 2048, 2051]","[2048, 2048, 2048, 2048, 2048]",291.0
1215,9133,18,66,2023-07-23T14:35:51.806000+00:00,30.183,30.083,23.951,284.0,241.0,False,84.217,"[None, 2048, 2048, 2048, 2048, 2048, 2048]","[2048, 2048, 2048, 2048, 2048, 2048, 2048, 2048]","[2048, 2048, 2048, 2048]",292.0
1215,9133,23,66,2023-07-23T14:36:07.665000+00:00,30.264,30.251,23.75,275.0,239.0,False,84.265,"[None, 2048, 2048, 2048, 2048, 2048, 2048]","[2048, 2048, 2048, 2048, 2048, 2048, 2049, 2048]","[2048, 2048, 2048, 2048, 2048]",292.0
1215,9133,77,66,2023-07-23T14:36:08.805000+00:00,30.222,29.974,23.722,279.0,241.0,False,83.918,"[None, 2048, 2048, 2048, 2048, 2048, 2048]","[2048, 2049, 2048, 2048, 2048, 2048, 2049, 2048]","[2048, 2048, 2048, 2048]",291.0
1215,9133,3,66,2023-07-23T14:36:12.211000+00:00,30.181,30.078,23.709,,240.0,False,83.968,"[None, 2048, 2048, 2048, 2048, 2048, 2048]","[2049, 2048, 2048, 2048, 2048, 2048, 2049, 2049]","[2049, 2048, 2048, 2048, 2049]",287.0
1215,9133,4,67,2023-07-23T14:36:15.977000+00:00,30.054,29.494,23.488,,246.0,False,83.036,"[None, 2048, 2048, 2048, 2048, 2048, 2048]","[2048, 2048, 2048, 2048, 2048, 2048, 2051, 2048]","[2048, 2048, 2048, 2048]",291.0
1215,9133,11,67,2023-07-23T14:36:21.196000+00:00,29.97,29.602,23.373,285.0,242.0,False,82.945,"[None, 2048, 2048, 2048, 2048, 2048, 2048]","[2048, 2048, 2048, 2048, 2048, 2048, 2049, 2048]","[2048, 2048, 2048, 2048, 2048]",291.0
1215,9133,44,67,2023-07-23T14:36:24.383000+00:00,29.931,28.962,23.102,279.0,242.0,False,81.995,"[None, 2048, 2048, 2048, 2048, 2048, 2048]","[2048, 2048, 2048, 2048, 2049, 2048, 2049, 2048]","[2049, 2048, 2048, 2048, 2048]",290.0
1215,9133,27,66,2023-07-23T14:36:26.227000+00:00,30.528,30.566,23.879,284.0,238.0,False,84.973,"[None, 2048, 2048, 2048, 2048, 2048, 2048]","[2048, 2048, 2048, 2048, 2048, 2048, 2049, 2048]","[2048, 2048, 2048, 2048]",
1215,9133,2,66,2023-07-23T14:36:27.039000+00:00,30.383,30.637,23.893,283.0,236.0,False,84.913,"[None, 2049, 2048, 2048, 2048, 2048, 2048]","[2048, 2048, 2048, 2048, 2048, 2048, 2048, 2048]","[2048, 2048, 2048, 2048]",309.0
1215,9133,22,66,2023-07-23T14:36:27.711000+00:00,30.283,30.662,23.858,275.0,239.0,False,84.803,"[None, 2049, 2048, 2048, 2048, 2048, 2049]","[2048, 2048, 2048, 2048, 2048, 2048, 2049, 2049]","[2049, 2048, 2048, 2048]",307.0
1215,9133,24,66,2023-07-23T14:36:36.023000+00:00,30.29,30.054,23.808,280.0,240.0,False,84.152,"[None, 2048, 2048, 2048, 2048, 2049, 2048]","[2049, 2048, 2048, 2048, 2048, 2049, 2049, 2048]","[2048, 2048, 2048, 2048]",290.0
1215,9133,81,67,2023-07-23T14:36:39.586000+00:00,30.375,29.931,23.747,281.0,242.0,False,84.053,"[None, 2048, 2048, 2048, 2048, 2048, 2048]","[2048, 2048, 2048, 2048, 2048, 2048, 2048, 2048]","[2048, 2048, 2048, 2048, 2048]",292.0
1215,9133,16,67,2023-07-23T14:36:43.492000+00:00,30.166,29.917,23.73,282.0,239.0,False,83.813,"[None, 2048, 2048, 2048, 2048, 2048, 2048]","[2048, 2048, 2048, 2048, 2048, 2048, 2048, 2048]","[2048, 2048, 2048, 2048, 2048]",292.0
1215,9133,63,67,2023-07-23T14:36:48.023000+00:00,30.101,29.269,23.209,267.0,242.0,False,82.579,"[None, 2048, 2048, 2048, 2048, 2048, 2048]","[2048, 2048, 2048, 2048, 2048, 2048, 2048, 2048]","[2048, 2048, 2048, 2048]",288.0
1215,9133,55,67,2023-07-23T14:36:51.633000+00:00,30.21,29.712,23.588,282.0,241.0,False,83.51,"[None, 2048, 2048, 2048, 2048, 2048, 2048]","[2048, 2048, 2048, 2048, 2048, 2048, 2049, 2048]","[2048, 2048, 2048, 2048, 2048]",293.0
1215,9133,20,66,2023-07-23T14:36:54.789000+00:00,32.627,30.873,24.031,,239.0,False,87.531,"[None, 2048, 2048, 2048, 2048, 2048, 2048]","[2048, 2048, 2048, 2048, 2048, 2048, 2048, 2048]","[2048, 2048, 2048, 2048, 2048]",247.0
1215,9133,14,67,2023-07-23T14:36:56.023000+00:00,30.553,29.547,23.575,282.0,243.0,False,83.675,"[None, 2048, 2048, 2048, 2048, 2048, 2048]","[2048, 2048, 2048, 2048, 2048, 2048, 2049, 2048]","[2048, 2048, 2048, 2048, 2048]",
1215,9133,1,68,2023-07-23T14:37:10.226000+00:00,29.603,28.781,23.14,282.0,247.0,False,81.524,"[None, 2048, 2048, 2048, 2048, 2049, 2048]","[2048, 2048, 2048, 2049, 2049, 2048, 2048, 2048]","[2048, 2048, 2048, 2048, 2048]",290.0
1215,9133,18,67,2023-07-23T14:37:15.960000+00:00,30.227,30.14,23.84,283.0,239.0,False,84.207,"[None, 2048, 2048, 2048, 2048, 2048, 2048]","[2048, 2048, 2048, 2048, 2048, 2048, 2048, 2048]","[2048, 2048, 2048, 2048, 2048]",
1215,9133,23,67,2023-07-23T14:37:31.929000+00:00,30.346,30.044,23.713,277.0,240.0,False,84.103,"[None, 2048, 2048, 2048, 2048, 2048, 2048]","[2049, 2048, 2048, 2048, 2048, 2048, 2049, 2049]","[2048, 2048, 2048, 2048]",293.0
1215,9133,77,67,2023-07-23T14:37:32.726000+00:00,30.263,30.113,23.694,281.0,240.0,False,84.07,"[None, 2048, 2048, 2048, 2048, 2048, 2048]","[2048, 2048, 2048, 2048, 2048, 2048, 2048, 2048]","[2048, 2048, 2048, 2048, 2048]",307.0
1215,9133,3,67,2023-07-23T14:37:36.147000+00:00,30.126,29.981,23.827,282.0,240.0,False,83.934,"[None, 2048, 2048, 2048, 2049, 2048, 2048]","[2049, 2048, 2048, 2048, 2048, 2048, 2048, 2049]","[2048, 2048, 2048, 2048]",289.0
1215,9133,4,68,2023-07-23T14:37:38.976000+00:00,30.152,29.42,23.538,285.0,245.0,False,83.11,"[None, 2048, 2048, 2048, 2048, 2048, 2048]","[2051, 2048, 2048, 2048, 2048, 2048, 2048, 2048]","[2048, 2048, 2048, 2048]",293.0
1215,9133,11,68,2023-07-23T14:37:44.054000+00:00,29.693,29.475,23.435,,242.0,False,82.603,"[None, 2048, 2048, 2049, 2048, 2049, 2049]","[2048, 2048, 2048, 2048, 2048, 2048, 2048, 2048]","[2048, 2048, 2048, 2048, 2048]",293.0
1215,9133,44,68,2023-07-23T14:37:46.382000+00:00,29.864,28.976,23.285,281.0,243.0,False,82.125,"[None, 2048, 2048, 2049, 2048, 2048, 2049]","[2049, 2049, 2048, 2048, 2049, 2048, 2048, 2048]","[2048, 2048, 2048, 2048]",291.0
1215,9133,27,67,2023-07-23T14:37:51.225000+00:00,30.398,30.512,24.036,280.0,238.0,False,84.946,"[None, 2048, 2048, 2048, 2048, 2048, 2048]","[2048, 2048, 2048, 2048, 2048, 2048, 2048, 2048]","[2048, 2048, 2048, 2048]",
1215,9133,2,67,2023-07-23T14:37:51.991000+00:00,30.268,46.5,27.009,282.0,229.0,False,103.777,"[2049, 2049, 2048, 2048, 2048, 2048, 2048]","[2048, 2048, 2048, 2048, 2048, 2048, 2048, 2048]","[2048, 2048, 2048, 2064, 2064]",311.0
1215,9133,22,67,2023-07-23T14:37:52.475000+00:00,30.122,32.136,23.491,276.0,239.0,False,85.749,"[None, 2049, 2048, 2048, 2048, 2048, 2049]","[2048, 2048, 2048, 2048, 2048, 2048, 2049, 2049]","[2048, 2048, 2048, 2048]",309.0
1215,9133,24,67,2023-07-23T14:38:00.116000+00:00,30.229,31.333,23.905,281.0,238.0,False,85.467,"[None, 2048, 2048, 2049, 2048, 2048, 2048]","[2049, 2048, 2048, 2048, 2048, 2048, 2048, 2048]","[2048, 2048, 2048, 2048]",291.0
1215,9133,81,68,2023-07-23T14:38:03.647000+00:00,30.339,30.93,23.883,282.0,241.0,False,85.152,"[None, 2048, 2048, 2048, 2048, 2048, 2048]","[2048, 2048, 2048, 2048, 2048, 2048, 2048, 2048]","[2048, 2048, 2048, 2048, 2048]",294.0
1215,9133,16,68,2023-07-23T14:38:07.305000+00:00,30.121,30.23,24.045,283.0,239.0,False,84.396,"[None, 2048, 2048, 2048, 2048, 2048, 2048]","[2048, 2048, 2048, 2048, 2048, 2048, 2048, 2048]","[2048, 2048, 2048, 2048, 2048]",294.0
1215,9133,63,68,2023-07-23T14:38:10.616000+00:00,29.997,29.536,23.584,274.0,240.0,False,83.117,"[None, 2048, 2048, 2048, 2048, 2048, 2048]","[2048, 2048, 2048, 2048, 2048, 2048, 2048, 2048]","[2048, 2048, 2048, 2048, 2048]",290.0
1215,9133,55,68,2023-07-23T14:38:15.147000+00:00,29.926,29.817,23.767,284.0,241.0,False,83.51,"[None, 2048, 2048, 2048, 2048, 2048, 2049]","[2048, 2048, 2048, 2048, 2048, 2048, 2049, 2048]","[2048, 2048, 2048, 2048, 2048]",294.0
1215,9133,14,68,2023-07-23T14:38:19.725000+00:00,30.133,29.738,23.63,283.0,244.0,False,83.501,"[None, 2048, 2048, 2048, 2048, 2048, 2048]","[2048, 2048, 2048, 2048, 2048, 2048, 2048, 2048]","[2048, 2048, 2048, 2048]",292.0
1215,9133,20,67,2023-07-23T14:38:22.397000+00:00,30.315,30.582,23.957,283.0,238.0,False,84.854,"[None, 2048, 2048, 2048, 2048, 2048, 2048]","[2048, 2048, 2048, 2048, 2048, 2048, 2048, 2048]","[2048, 2048, 2048, 2048]",293.0
1215,9133,1,69,2023-07-23T14:38:31.756000+00:00,29.516,28.719,22.945,283.0,247.0,False,81.18,"[None, 2048, 2048, 2048, 2048, 2051, 2048]","[2051, 2048, 2049, 2048, 2048, 2048, 2048, 2048]","[2048, 2048, 2048, 2048, 2048]",291.0
1215,9133,18,68,2023-07-23T14:38:40.193000+00:00,30.35,30.175,23.821,,239.0,False,84.346,"[None, 2048, 2048, 2048, 2048, 2048, 2048]","[2048, 2048, 2048, 2048, 2048, 2048, 2048, 2048]","[2048, 2048, 2048, 2048, 2048]",
1215,9133,23,68,2023-07-23T14:38:56.052000+00:00,30.356,30.07,23.644,276.0,241.0,False,84.07,"[None, 2048, 2048, 2048, 2048, 2048, 2048]","[2048, 2048, 2048, 2048, 2048, 2048, 2048, 2048]","[2048, 2049, 2048, 2048]",
1215,9133,77,68,2023-07-23T14:38:56.834000+00:00,30.039,30.201,23.724,283.0,242.0,False,83.964,"[None, 2048, 2048, 2048, 2048, 2048, 2048]","[2048, 2048, 2048, 2048, 2048, 2048, 2049, 2049]","[2049, 2048, 2048, 2048, 2048]",
1215,9133,3,68,2023-07-23T14:39:00.130000+00:00,30.163,30.096,23.8,,240.0,False,84.059,"[None, 2048, 2048, 2048, 2048, 2048, 2048]","[2048, 2048, 2048, 2048, 2048, 2048, 2048, 2048]","[2049, 2048, 2048, 2048, 2048]",
1215,9133,4,69,2023-07-23T14:39:02.099000+00:00,29.989,29.66,23.767,,245.0,False,83.416,"[None, 2048, 2048, 2048, 2048, 2048, 2048]","[2048, 2048, 2048, 2048, 2048, 2048, 2051, 2048]","[2048, 2048, 2048, 2048, 2048]",294.0
1215,9133,11,69,2023-07-23T14:39:06.646000+00:00,29.796,29.459,23.324,283.0,245.0,False,82.579,"[None, 2048, 2048, 2048, 2048, 2048, 2048]","[2048, 2048, 2048, 2048, 2048, 2048, 2048, 2048]","[2048, 2048, 2048, 2048, 2048]",294.0
1215,9133,44,69,2023-07-23T14:39:08.552000+00:00,29.861,29.171,23.318,282.0,244.0,False,82.35,"[None, 2048, 2048, 2048, 2048, 2048, 2048]","[2048, 2048, 2048, 2048, 2048, 2048, 2049, 2048]","[2049, 2048, 2048, 2048]",292.0
1215,9133,27,68,2023-07-23T14:39:16.146000+00:00,30.45,30.45,23.915,277.0,236.0,False,84.815,"[None, 2048, 2048, 2048, 2048, 2048, 2048]","[2049, 2048, 2048, 2048, 2048, 2048, 2048, 2048]","[2048, 2048, 2048, 2048, 2048]",292.0
1215,9133,22,68,2023-07-23T14:39:18.130000+00:00,30.036,29.774,23.459,281.0,240.0,False,83.269,"[2048, 2048, 2048, 2048, 2048, 2048, 2048]","[2049, 2049, 2048, 2048, 2049, 2049, 2049, 2049]","[2049, 2048, 2048, 2049]",289.0
1215,9133,24,68,2023-07-23T14:39:25.505000+00:00,30.466,30.353,23.946,279.0,241.0,False,84.765,"[None, 2048, 2048, 2048, 2048, 2048, 2048]","[2048, 2048, 2048, 2048, 2048, 2048, 2048, 2048]","[2048, 2048, 2048, 2048]",290.0
1215,9133,81,69,2023-07-23T14:39:28.770000+00:00,30.513,30.084,23.842,280.0,243.0,False,84.439,"[None, 2048, 2048, 2048, 2048, 2048, 2048]","[2048, 2048, 2048, 2048, 2048, 2048, 2048, 2048]","[2048, 2048, 2048, 2048, 2048]",293.0
1215,9133,16,69,2023-07-23T14:39:31.755000+00:00,30.323,29.976,24.021,278.0,240.0,False,84.32,"[None, 2048, 2048, 2048, 2048, 2048, 2048]","[2048, 2048, 2048, 2048, 2048, 2048, 2048, 2048]","[2048, 2048, 2048, 2048]",292.0
1215,9133,63,69,2023-07-23T14:39:33.739000+00:00,29.753,29.57,23.669,276.0,243.0,False,82.992,"[None, 2048, 2048, 2049, 2048, 2048, 2048]","[2048, 2048, 2048, 2048, 2048, 2048, 2048, 2048]","[2048, 2048, 2048, 2048]",305.0
1215,9133,2,68,2023-07-23T14:39:36.114000+00:00,,,,,,False,,,,,
1215,9133,55,69,2023-07-23T14:39:38.598000+00:00,30.092,29.676,23.675,280.0,242.0,False,83.443,"[None, 2048, 2048, 2048, 2048, 2048, 2048]","[2048, 2048, 2048, 2048, 2048, 2048, 2048, 2048]","[2048, 2048, 2048, 2048, 2048]",292.0
1215,9133,14,69,2023-07-23T14:39:43.239000+00:00,30.208,29.48,23.777,,244.0,False,83.465,"[None, 2048, 2048, 2048, 2048, 2048, 2048]","[2048, 2048, 2048, 2048, 2048, 2048, 2049, 2048]","[2048, 2048, 2048, 2048, 2048]",290.0
1215,9133,20,68,2023-07-23T14:39:47.176000+00:00,30.371,30.4,24.194,281.0,236.0,False,84.965,"[None, 2048, 2048, 2048, 2048, 2048, 2048]","[2048, 2048, 2048, 2048, 2048, 2048, 2048, 2048]","[2048, 2048, 2048, 2048]",291.0
1215,9133,1,70,2023-07-23T14:39:52.958000+00:00,29.633,29.233,23.368,,245.0,False,82.234,"[None, 2048, 2048, 2048, 2048, 2051, 2048]","[2048, 2048, 2048, 2048, 2048, 2048, 2048, 2048]","[2048, 2048, 2048, 2048]",290.0
1215,9133,18,69,2023-07-23T14:40:04.567000+00:00,30.613,30.201,24.414,,241.0,False,85.228,"[None, 2048, 2048, 2048, 2048, 2048, 2048]","[2048, 2048, 2048, 2048, 2048, 2048, 2048, 2048]","[2048, 2048, 2048, 2048, 2048]",290.0
1215,9133,23,69,2023-07-23T14:40:20.098000+00:00,30.255,30.124,23.758,279.0,238.0,False,84.137,"[None, 2048, 2048, 2048, 2048, 2048, 2048]","[2048, 2048, 2048, 2048, 2049, 2048, 2049, 2048]","[2048, 2048, 2048, 2048, 2048]",292.0
1215,9133,77,69,2023-07-23T14:40:20.770000+00:00,30.464,30.401,23.616,277.0,240.0,False,84.481,"[None, 2048, 2048, 2048, 2048, 2048, 2048]","[2048, 2048, 2048, 2048, 2048, 2048, 2048, 2048]","[2048, 2048, 2048, 2048, 2048]",308.0
1215,9133,3,69,2023-07-23T14:40:24.160000+00:00,32.435,30.691,24.147,281.0,235.0,False,87.273,"[None, 2048, 2048, 2048, 2048, 2048, 2048]","[2048, 2048, 2048, 2048, 2048, 2048, 2048, 2048]","[2048, 2048, 2048, 2048, 2048]",288.0
1215,9133,4,70,2023-07-23T14:40:25.551000+00:00,30.142,29.586,23.657,284.0,245.0,False,83.385,"[None, 2048, 2048, 2048, 2048, 2048, 2048]","[2051, 2048, 2048, 2048, 2048, 2048, 2048, 2048]","[2048, 2048, 2048, 2048]",292.0
1215,9133,11,70,2023-07-23T14:40:29.301000+00:00,29.955,29.69,23.888,284.0,242.0,False,83.533,"[None, 2048, 2048, 2048, 2048, 2048, 2048]","[2048, 2048, 2048, 2048, 2048, 2048, 2048, 2048]","[2048, 2048, 2048, 2048, 2048]",292.0
1215,9133,44,70,2023-07-23T14:40:30.863000+00:00,30.07,29.39,23.969,283.0,241.0,False,83.429,"[None, 2048, 2048, 2048, 2048, 2048, 2049]","[2048, 2048, 2048, 2048, 2048, 2048, 2048, 2048]","[2048, 2048, 2048, 2048]",291.0
1215,9133,27,69,2023-07-23T14:40:40.957000+00:00,30.659,30.71,24.116,278.0,240.0,False,85.485,"[None, 2048, 2048, 2048, 2048, 2048, 2048]","[2048, 2048, 2048, 2048, 2048, 2048, 2048, 2048]","[2048, 2048, 2048, 2048, 2048]",293.0
1215,9133,22,69,2023-07-23T14:40:41.504000+00:00,30.388,30.897,23.915,282.0,235.0,False,85.2,"[None, 2048, 2048, 2048, 2048, 2048, 2048]","[2048, 2048, 2048, 2048, 2048, 2048, 2048, 2048]","[2048, 2048, 2048, 2048, 2048]",303.0
1215,9133,24,69,2023-07-23T14:40:50.441000+00:00,30.594,30.579,24.113,281.0,240.0,False,85.286,"[None, 2048, 2048, 2048, 2048, 2048, 2048]","[2048, 2048, 2048, 2048, 2048, 2048, 2048, 2048]","[2048, 2048, 2048, 2048, 2048]",
1215,9133,81,70,2023-07-23T14:40:53.222000+00:00,30.446,30.086,23.971,282.0,240.0,False,84.503,"[None, 2048, 2048, 2048, 2048, 2048, 2048]","[2048, 2048, 2048, 2048, 2048, 2048, 2049, 2048]","[2048, 2048, 2048, 2048, 2048]",294.0
1215,9133,16,70,2023-07-23T14:40:56.035000+00:00,30.309,30.144,23.998,279.0,238.0,False,84.451,"[None, 2048, 2048, 2048, 2048, 2048, 2048]","[2048, 2048, 2048, 2048, 2048, 2048, 2048, 2048]","[2048, 2048, 2048, 2048, 2048]",
1215,9133,63,70,2023-07-23T14:40:56.738000+00:00,29.959,30.447,23.848,278.0,240.0,False,84.254,"[None, 2048, 2048, 2048, 2048, 2049, 2048]","[2048, 2048, 2048, 2048, 2048, 2048, 2048, 2048]","[2048, 2048, 2048, 2048]",307.0
1215,9133,55,70,2023-07-23T14:41:02.050000+00:00,30.267,30.023,23.887,,242.0,False,84.177,"[None, 2048, 2048, 2048, 2048, 2048, 2048]","[2048, 2048, 2048, 2048, 2048, 2048, 2048, 2048]","[2048, 2048, 2048, 2048, 2048]",293.0
1215,9133,14,70,2023-07-23T14:41:06.706000+00:00,30.337,29.94,23.904,284.0,241.0,False,84.181,"[None, 2048, 2048, 2048, 2048, 2048, 2048]","[2048, 2048, 2048, 2048, 2048, 2048, 2048, 2048]","[2048, 2048, 2048, 2048]",291.0
1215,9133,20,69,2023-07-23T14:41:12.050000+00:00,30.462,30.81,24.097,283.0,238.0,False,85.369,"[None, 2048, 2048, 2048, 2048, 2048, 2049]","[2048, 2048, 2048, 2048, 2048, 2048, 2048, 2048]","[2048, 2048, 2048, 2048]",
