meeting_key,session_key,driver_number,lap_number,date_start,duration_sector_1,duration_sector_2,duration_sector_3,i1_speed,i2_speed,is_pit_out_lap,lap_duration,segments_sector_1,segments_sector_2,segments_sector_3,st_speed
1208,9078,14,1,2023-05-07T19:33:47.557000+00:00,35.945,35.499,26.244,212.0,185.0,False,97.688,"[2048, 2051, 2049, 2049, 2049, 2049, 2049, 2049, 2051]","[2049, 2049, 2049, 2049, 2049, 2049, 2049, 2049, 2049]","[2049, 2049, 2049, 2049, 2049, 2049, 2048]",306.0
1208,9078,11,1,2023-05-07T19:33:47.557000+00:00,35.193,35.141,26.229,212.0,186.0,False,96.563,"[None, 2049, 2051, 2051, 2049, 2051, 2051, 2049, 2049]","[2049, 2049, 2049, 2049, 2049, 2051, 2051, 2051, 2051]","[2049, 2049, 2049, 2049, 2049, 2049, 2048]",297.0
1208,9078,55,1,2023-05-07T19:33:47.557000+00:00,36.364,35.79,26.299,214.0,186.0,False,98.453,"[None, 2049, 2049, 2049, 2051, 2049, 2049, 2051, 2049]","[2049, 2049, 2049, 2049, 2049, 2049, 2049, 2049, 2049]","[2049, 2049, 2049, 2049, 2049, 2049, 2049]",299.0
1208,9078,20,1,2023-05-07T19:33:47.557000+00:00,38.063,36.735,26.421,204.0,184.0,False,101.219,"[None, 2049, 2049, 2049, 2049, 2049, 2049, 2049, 2049]","[2049, 2049, 2049, 2049, 2049, 2049, 2049, 2049, 2049]","[2049, 2049, 2049, 2049, 2049, 2049, 2051]",302.0
1208,9078,10,1,2023-05-07T19:33:47.557000+00:00,36.988,35.744,26.425,213.0,184.0,False,99.157,"[None, 2049, 2049, 2049, 2049, 2049, 2049, 2049, 2049]","[2049, 2049, 2049, 2049, 2049, 2049, 2049, 2049, 2049]","[2049, 2049, 2049, 2049, 2049, 2049, 2049]",299.0
1208,9078,16,1,2023-05-07T19:33:47.557000+00:00,38.296,35.92,26.441,210.0,184.0,False,100.657,"[None, 2049, 2049, 2049, 2049, 2049, 2049, 2049, 2049]","[2049, 2049, 2049, 2049, 2049, 2049, 2049, 2049, 2049]","[2049, 2049, 2049, 2049, 2049, 2049, 2048]",304.0
1208,9078,63,1,2023-05-07T19:33:47.557000+00:00,37.644,35.838,26.362,210.0,185.0,False,99.844,"[None, 2049, 2049, 2049, 2049, 2049, 2049, 2049, 2049]","[2049, 2049, 2049, 2049, 2049, 2049, 2049, 2049, 2049]","[2049, 2049, 2049, 2049, 2051, 2049, 2048]",306.0
1208,9078,81,1,2023-05-07T19:33:47.557000+00:00,40.735,37.701,26.674,206.0,186.0,False,105.11,"[2049, 2049, 2049, 2049, 2049, 2049, 2049, 2049, 2049]","[2049, 2049, 2049, 2049, 2049, 2049, 2049, 2049, 2049]","[2049, 2049, 2049, 2049, 2049, 2049, 2049]",283.0
1208,9078,31,1,2023-05-07T19:33:47.557000+00:00,39.226,37.057,26.311,207.0,185.0,False,102.594,"[None, 2049, 2049, 2049, 2049, 2049, 2049, 2049, 2049]","[2049, 2049, 2049, 2049, 2049, 2049, 2049, 2049, 2049]","[2049, 2049, 2049, 2049, 2049, 2049, 2049]",305.0
1208,9078,2,1,2023-05-07T19:33:47.557000+00:00,42.413,38.209,26.488,202.0,183.0,False,107.11,"[2049, 2049, 2049, 2049, 2049, 2049, 2049, 2049, 2049]","[2049, 2049, 2049, 2051, 2049, 2049, 2049, 2049, 2049]","[2049, 2051, 2049, 2049, 2049, 2049, 0]",272.0
1208,9078,1,1,2023-05-07T19:33:47.557000+00:00,39.631,36.216,26.263,212.0,186.0,False,102.11,"[None, 2049, 2049, 2049, 2049, 2049, 2049, 2049, 2049]","[2049, 2049, 2049, 2049, 2049, 2049, 2049, 2049, 2049]","[2051, 2049, 2049, 2049, 2049, 2051, 2051]",306.0
1208,9078,77,1,2023-05-07T19:33:47.557000+00:00,38.819,36.578,26.322,212.0,187.0,False,101.719,"[None, 2049, 2049, 2049, 2049, 2049, 2049, 2049, 2049]","[2049, 2049, 2049, 2049, 2049, 2049, 2049, 2049, 2049]","[2049, 2049, 2049, 2049, 2049, 2049, 2048]",313.0
1208,9078,23,1,2023-05-07T19:33:47.557000+00:00,40.008,37.135,26.56,209.0,184.0,False,103.703,"[None, 2049, 2049, 2049, 2049, 2049, 2049, 2049, 2049]","[2049, 2049, 2049, 2049, 2049, 2049, 2049, 2049, 2049]","[2049, 2049, 2049, 2049, 2049, 2049, 2049]",274.0
1208,9078,44,1,2023-05-07T19:33:47.557000+00:00,40.843,37.075,26.739,208.0,182.0,False,104.657,"[2048, 2049, 2049, 2049, 2049, 2049, 2049, 2049, 2049]","[2049, 2049, 2049, 2049, 2051, 2049, 2049, 2049, 2049]","[2049, 2049, 2049, 2049, 2049, 2049, 2048]",278.0
1208,9078,27,1,2023-05-07T19:33:47.557000+00:00,40.131,36.495,26.39,213.0,184.0,False,103.016,"[None, 2049, 2049, 2049, 2049, 2049, 2049, 2049, 2049]","[2051, 2051, 2051, 2049, 2049, 2049, 2049, 2049, 2049]","[2049, 2049, 2049, 2049, 2049, 2049, 2048]",301.0
1208,9078,24,1,2023-05-07T19:33:47.557000+00:00,41.173,38.433,26.66,208.0,181.0,False,106.266,"[None, 2049, 2049, 2049, 2049, 2049, 2049, 2049, 2049]","[2049, 2049, 2049, 2049, 2049, 2049, 2049, 2049, 2049]","[2049, 2049, 2049, 2049, 2049, 2049, 0]",273.0
1208,9078,22,1,2023-05-07T19:33:47.557000+00:00,41.683,38.14,26.177,210.0,183.0,False,106.0,"[2048, 2049, 2049, 2049, 2049, 2049, 2049, 2049, 2049]","[2049, 2049, 2049, 2049, 2049, 2049, 2049, 2049, 2049]","[2049, 2049, 2051, 2051, 2049, 2049, 0]",323.0
1208,9078,21,1,2023-05-07T19:33:47.557000+00:00,42.905,38.949,26.677,201.0,179.0,False,108.531,"[None, 2049, 2049, 2049, 2049, 2049, 2049, 2049, 2049]","[2049, 2049, 2049, 2049, 2049, 2049, 2049, 2049, 2049]","[2049, 2049, 2049, 2049, 2049, 2049, 2049]",298.0
1208,9078,18,1,2023-05-07T19:33:47.557000+00:00,41.605,38.687,26.38,204.0,183.0,False,106.672,"[2048, 2049, 2049, 2049, 2049, 2049, 2049, 2049, 2049]","[2049, 2049, 2049, 2049, 2049, 2049, 2049, 2049, 2049]","[2049, 2049, 2049, 2049, 2049, 2049, 0]",281.0
1208,9078,4,1,2023-05-07T19:33:47.557000+00:00,42.539,38.745,26.873,202.0,184.0,False,108.157,"[None, 2049, 2049, 2049, 2049, 2049, 2049, 2049, 2049]","[2049, 2049, 2049, 2049, 2049, 2049, 2049, 2049, 2049]","[2049, 2049, 2049, 2049, 2049, 2049, 2048]",266.0
1208,9078,11,2,2023-05-07T19:35:24.119000+00:00,32.19,35.391,26.382,211.0,184.0,False,93.963,"[2049, 2051, 2049, 2049, 2049, 2048, 2051, 2048, 2049]","[2048, 2048, 2049, 2049, 2048, 2048, 2051, 2048, 2048]","[2048, 2048, 2049, 2048, 2048, 2048]",298.0
1208,9078,14,2,2023-05-07T19:35:25.244000+00:00,32.423,35.58,26.172,211.0,183.0,False,94.175,"[2049, 2049, 2049, 2049, 2049, 2051, 2049, 2048, 2049]","[2049, 2048, 2049, 2049, 2049, 2049, 2048, 2048, 2048]","[2048, 2048, 2049, 2049, 2048, 2049, 2049]",313.0
1208,9078,55,2,2023-05-07T19:35:26.009000+00:00,32.517,35.584,26.114,213.0,184.0,False,94.215,"[2049, 2049, 2049, 2049, 2048, 2049, 2049, 2049, 2049]","[2048, 2048, 2048, 2048, 2049, 2049, 2049, 2049, 2048]","[2048, 2048, 2049, 2051, 2049, 2049, 2049]",309.0
1208,9078,10,2,2023-05-07T19:35:26.713000+00:00,32.481,35.537,26.148,,185.0,False,94.166,"[2049, 2049, 2051, 2049, 2049, 2049, 2049, 2048, 2049]","[2049, 2049, 2049, 2048, 2048, 2049, 2049, 2049, 2049]","[2049, 2048, 2049, 2049, 2049, 2049, 2049]",312.0
1208,9078,63,2,2023-05-07T19:35:27.400000+00:00,32.231,35.715,26.209,211.0,185.0,False,94.155,"[2049, 2049, 2049, 2051, 2049, 2049, 2049, 2049, 2049]","[2049, 2049, 2049, 2049, 2048, 2049, 2048, 2049, 2049]","[2048, 2048, 2049, 2049, 2051, 2048]",315.0
1208,9078,16,2,2023-05-07T19:35:28.213000+00:00,32.698,35.465,26.457,215.0,185.0,False,94.62,"[2049, 2049, 2049, 2049, 2049, 2049, 2049, 2049, 2051]","[2049, 2048, 2048, 2048, 2049, 2049, 2049, 2049, 2049]","[2048, 2048, 2048, 2049, 2048, 2049, 2048]",307.0
1208,9078,20,2,2023-05-07T19:35:28.775000+00:00,32.676,35.663,26.218,214.0,184.0,False,94.557,"[2049, 2049, 2049, 2049, 2049, 2049, 2049, 2049, 2049]","[2049, 2049, 2049, 2048, 2049, 2049, 2049, 2049, 2049]","[2048, 2048, 2048, 2049, 2049, 2048, 2048]",296.0
1208,9078,77,2,2023-05-07T19:35:29.275000+00:00,32.818,36.478,26.327,215.0,186.0,False,95.623,"[2049, 2049, 2049, 2049, 2049, 2049, 2049, 2049, 2049]","[2049, 2048, 2048, 2048, 2048, 2049, 2049, 2049, 2049]","[2048, 2048, 2048, 2048, 2049, 2048, 2048]",311.0
1208,9078,1,2,2023-05-07T19:35:29.666000+00:00,32.857,35.277,26.126,,184.0,False,94.26,"[2049, 2049, 2049, 2049, 2048, 2049, 2049, 2049, 2049]","[2048, 2048, 2048, 2048, 2049, 2049, 2049, 2049, 2049]","[2048, 2048, 2048, 2049, 2049, 2048]",295.0
1208,9078,31,2,2023-05-07T19:35:30.150000+00:00,32.844,36.084,26.279,213.0,184.0,False,95.207,"[2049, 2049, 2049, 2049, 2049, 2049, 2049, 2049, 2049]","[2049, 2049, 2049, 2048, 2049, 2049, 2048, 2049, 2049]","[2048, 2048, 2049, 2048, 2049, 2048, 2048]",301.0
1208,9078,27,2,2023-05-07T19:35:30.572000+00:00,32.866,36.019,26.428,211.0,184.0,False,95.313,"[2049, 2049, 2049, 2049, 2049, 2049, 2049, 2049, 2049]","[2048, 2048, 2048, 2048, 2048, 2049, 2049, 2049, 2048]","[2048, 2048, 2048, 2048, 2049, 2048]",297.0
1208,9078,23,2,2023-05-07T19:35:31.259000+00:00,32.864,35.878,26.435,211.0,183.0,False,95.177,"[2049, 2049, 2049, 2049, 2049, 2049, 2049, 2049, 2049]","[2048, 2048, 2048, 2049, 2049, 2049, 2049, 2049, 2049]","[2048, 2048, 2049, 2048, 2049, 2049, 2049]",292.0
1208,9078,44,2,2023-05-07T19:35:32.213000+00:00,32.825,35.618,26.472,210.0,185.0,False,94.915,"[2049, 2049, 2049, 2049, 2051, 2049, 2049, 2049, 2049]","[2048, 2048, 2048, 2048, 2048, 2049, 2049, 2049, 2049]","[2049, 2049, 2048, 2049, 2049, 2049, 2049]",288.0
1208,9078,81,2,2023-05-07T19:35:32.666000+00:00,32.849,36.064,26.661,210.0,185.0,False,95.574,"[2049, 2049, 2049, 2049, 2049, 2049, 2049, 2049, 2049]","[2049, 2049, 2049, 2049, 2048, 2049, 2049, 2049, 2048]","[2048, 2048, 2048, 2049, 2049, 2048, 2048]",299.0
1208,9078,22,2,2023-05-07T19:35:33.556000+00:00,32.666,36.098,26.549,212.0,185.0,False,95.313,"[2049, 2049, 2049, 2049, 2049, 2049, 2049, 2051, 2049]","[2048, 2048, 2048, 2048, 2048, 2049, 2049, 2049, 2049]","[2048, 2048, 2048, 2048, 2049, 2048]",298.0
1208,9078,24,2,2023-05-07T19:35:33.822000+00:00,32.958,36.137,26.502,212.0,185.0,False,95.597,"[2049, 2049, 2049, 2049, 2049, 2049, 2049, 2049, 2049]","[2049, 2048, 2048, 2048, 2048, 2049, 2049, 2049, 2049]","[2049, 2049, 2049, 2048, 2049, 2048, 2048]",293.0
1208,9078,18,2,2023-05-07T19:35:34.228000+00:00,33.069,36.215,26.466,212.0,183.0,False,95.75,"[2049, 2049, 2049, 2049, 2049, 2049, 2049, 2049, 2049]","[2049, 2049, 2049, 2049, 2048, 2049, 2049, 2049, 2049]","[2049, 2048, 2049, 2048, 2049, 2049, 2048]",279.0
1208,9078,2,2,2023-05-07T19:35:34.666000+00:00,33.226,36.202,31.665,210.0,181.0,False,101.093,"[2051, 2049, 2049, 2049, 2049, 2049, 2049, 2049, 2049]","[2049, 2049, 2048, 2048, 2048, 2049, 2049, 2049, 2049]","[2048, 2048, 2049, 2049, 2049, 2048, 2064]",290.0
1208,9078,4,2,2023-05-07T19:35:35.713000+00:00,32.842,36.181,26.659,212.0,185.0,False,95.682,"[2049, 2049, 2049, 2049, 2049, 2049, 2049, 2049, 2049]","[2049, 2049, 2049, 2049, 2049, 2049, 2049, 2049, 2049]","[2048, 2048, 2049, 2048, 2049, 2048]",274.0
1208,9078,21,2,2023-05-07T19:35:36.087000+00:00,33.081,36.202,26.446,212.0,183.0,False,95.729,"[2049, 2049, 2049, 2049, 2049, 2049, 2049, 2049, 2049]","[2049, 2049, 2048, 2049, 2049, 2049, 2049, 2049, 2049]","[2049, 2049, 2049, 2048, 2049, 2048]",304.0
1208,9078,11,3,2023-05-07T19:36:58.008000+00:00,32.014,35.206,26.296,,183.0,False,93.516,"[None, 2048, 2048, 2049, 2048, 2049, 2051, 2049, 2049]","[2048, 2048, 2049, 2049, 2049, 2048, 2048, 2048, 2048]","[2048, 2048, 2049, 2049, 2048, 2048, 2049]",302.0
1208,9078,14,3,2023-05-07T19:36:59.383000+00:00,31.962,35.218,26.078,,184.0,False,93.258,"[None, 2049, 2048, 2049, 2049, 2048, 2049, 2049, 2051]","[2048, 2049, 2049, 2049, 2049, 2049, 2048, 2049, 2048]","[2048, 2048, 2049, 2048, 2048, 2049, 2049]",315.0
1208,9078,55,3,2023-05-07T19:37:00.274000+00:00,32.149,35.187,26.146,214.0,187.0,False,93.482,"[None, 2048, 2049, 2049, 2048, 2049, 2049, 2051, 2049]","[2048, 2048, 2048, 2048, 2049, 2048, 2049, 2051, 2049]","[2049, 2049, 2048, 2048, 2049, 2049]",302.0
1208,9078,10,3,2023-05-07T19:37:00.868000+00:00,32.284,35.221,26.025,,185.0,False,93.53,"[None, 2049, 2048, 2049, 2049, 2049, 2049, 2048, 2049]","[2048, 2049, 2049, 2049, 2049, 2048, 2048, 2048, 2049]","[2049, 2049, 2049, 2048, 2051, 2049, 2049]",318.0
1208,9078,63,3,2023-05-07T19:37:01.571000+00:00,32.15,35.467,26.078,207.0,184.0,False,93.695,"[None, 2049, 2049, 2049, 2048, 2049, 2049, 2049, 2048]","[2048, 2048, 2049, 2049, 2049, 2048, 2049, 2048, 2048]","[2048, 2049, 2049, 2049, 2048, 2049, 2049]",319.0
1208,9078,16,3,2023-05-07T19:37:02.946000+00:00,32.335,36.471,26.1,211.0,184.0,False,94.906,"[2048, 2049, 2049, 2049, 2049, 2049, 2049, 2049, 2048]","[2048, 2048, 2048, 2048, 2049, 2048, 2048, 2048, 2048]","[2049, 2049, 2049, 2049, 2048, 2049]",325.0
1208,9078,20,3,2023-05-07T19:37:03.383000+00:00,32.449,35.663,26.468,213.0,184.0,False,94.58,"[None, 2049, 2048, 2049, 2051, 2049, 2049, 2049, 2049]","[2048, 2049, 2049, 2049, 2049, 2048, 2049, 2048, 2048]","[2048, 2048, 2049, 2049, 2048, 2049, 2049]",324.0
1208,9078,1,3,2023-05-07T19:37:03.805000+00:00,32.337,35.896,25.894,215.0,183.0,False,94.127,"[2048, 2049, 2049, 2049, 2049, 2049, 2049, 2049, 2049]","[2051, 2049, 2051, 2051, 2048, 2048, 2048, 2048, 2048]","[2048, 2051, 2049, 2048, 2048, 2051, 2051]",286.0
1208,9078,77,3,2023-05-07T19:37:04.946000+00:00,32.256,35.596,26.081,216.0,185.0,False,93.933,"[None, 2049, 2049, 2051, 2049, 2049, 2049, 2049, 2049]","[2049, 2049, 2049, 2049, 2049, 2049, 2048, 2048, 2048]","[2048, 2049, 2049, 2048, 2048, 2048, 2049]",313.0
1208,9078,31,3,2023-05-07T19:37:05.321000+00:00,32.46,35.438,26.05,212.0,184.0,False,93.948,"[None, 2049, 2048, 2049, 2049, 2049, 2049, 2049, 2049]","[2049, 2048, 2049, 2049, 2049, 2049, 2048, 2048, 2048]","[2048, 2049, 2049, 2049, 2048, 2048, 2049]",307.0
1208,9078,27,3,2023-05-07T19:37:05.993000+00:00,32.401,35.426,26.031,212.0,185.0,False,93.858,"[None, 2049, 2049, 2049, 2049, 2049, 2049, 2049, 2048]","[2048, 2048, 2048, 2049, 2049, 2048, 2048, 2048, 2049]","[2048, 2049, 2051, 2049, 2049, 2048, 2049]",313.0
1208,9078,23,3,2023-05-07T19:37:06.461000+00:00,32.752,35.341,26.065,208.0,183.0,False,94.158,"[2048, 2048, 2049, 2049, 2049, 2049, 2048, 2049, 2048]","[2048, 2048, 2049, 2049, 2049, 2049, 2049, 2048, 2048]","[2048, 2049, 2049, 2049, 2048, 2048, 2049]",325.0
1208,9078,44,3,2023-05-07T19:37:07.274000+00:00,32.688,35.365,26.004,212.0,183.0,False,94.057,"[None, 2048, 2048, 2048, 2049, 2049, 2048, 2049, 2049]","[2049, 2048, 2049, 2049, 2048, 2049, 2049, 2048, 2048]","[2048, 2049, 2049, 2049, 2049, 2049, 2049]",313.0
1208,9078,81,3,2023-05-07T19:37:08.258000+00:00,32.204,35.676,26.072,211.0,184.0,False,93.952,"[2048, 2049, 2049, 2049, 2049, 2049, 2049, 2049, 2049]","[2049, 2049, 2049, 2049, 2049, 2048, 2048, 2048, 2048]","[2048, 2049, 2049, 2049, 2049, 2048, 2049]",320.0
1208,9078,22,3,2023-05-07T19:37:09.040000+00:00,32.623,35.569,26.086,210.0,185.0,False,94.278,"[None, 2048, 2049, 2049, 2048, 2049, 2049, 2048, 2048]","[2048, 2048, 2048, 2048, 2049, 2048, 2049, 2049, 2049]","[2048, 2048, 2048, 2048, 2049, 2049]",324.0
1208,9078,24,3,2023-05-07T19:37:09.430000+00:00,32.6,35.66,26.109,210.0,184.0,False,94.369,"[2048, 2048, 2049, 2049, 2049, 2049, 2049, 2048, 2048]","[2049, 2048, 2049, 2049, 2051, 2048, 2049, 2049, 2048]","[2048, 2049, 2049, 2049, 2048, 2048, 2048]",295.0
1208,9078,18,3,2023-05-07T19:37:09.961000+00:00,32.726,35.515,26.086,209.0,184.0,False,94.327,"[2048, 2049, 2049, 2049, 2049, 2049, 2049, 2049, 2048]","[2048, 2048, 2049, 2049, 2049, 2048, 2048, 2049, 2049]","[2049, 2049, 2049, 2048, 2048, 2049]",284.0
1208,9078,4,3,2023-05-07T19:37:11.258000+00:00,32.114,35.502,26.253,210.0,185.0,False,93.869,"[2048, 2049, 2049, 2049, 2048, 2049, 2049, 2049, 2049]","[2048, 2048, 2049, 2049, 2049, 2048, 2049, 2049, 2049]","[2048, 2049, 2049, 2048, 2049, 2048]",280.0
1208,9078,21,3,2023-05-07T19:37:11.743000+00:00,32.673,35.776,26.221,213.0,185.0,False,94.67,"[2048, 2049, 2049, 2049, 2048, 2049, 2049, 2049, 2049]","[2049, 2049, 2048, 2049, 2049, 2049, 2049, 2049, 2049]","[2048, 2048, 2048, 2049, 2048, 2049, 2048]",314.0
1208,9078,2,3,2023-05-07T19:37:15.821000+00:00,74.336,35.227,26.062,212.0,184.0,True,135.625,"[2064, 2064, 2064, 2048, 2048, 2049, 2049, 2049, 2049]","[2048, 2048, 2048, 2048, 2049, 2049, 2049, 2051, 2049]","[2048, 2048, 2048, 2049, 2049, 2049, 2048]",310.0
1208,9078,11,4,2023-05-07T19:38:31.632000+00:00,31.733,35.097,26.249,213.0,184.0,False,93.079,"[None, 2049, 2049, 2049, 2049, 2049, 2048, 2049, 2049]","[2049, 2049, 2049, 2049, 2048, 2049, 2051, 2048, 2048]","[2048, 2049, 2049, 2048, 2048, 2048]",303.0
1208,9078,14,4,2023-05-07T19:38:32.632000+00:00,32.175,35.337,25.96,209.0,185.0,False,93.472,"[None, 2049, 2048, 2048, 2048, 2048, 2048, 2048, 2048]","[2048, 2049, 2049, 2049, 2049, 2048, 2048, 2048, 2048]","[2049, 2049, 2049, 2051, 2048, 2048, 2049]",317.0
1208,9078,55,4,2023-05-07T19:38:33.773000+00:00,32.183,35.277,26.107,211.0,187.0,False,93.567,"[2048, 2049, 2048, 2049, 2048, 2049, 2048, 2048, 2049]","[2048, 2048, 2048, 2048, 2049, 2048, 2049, 2048, 2048]","[2048, 2049, 2048, 2048, 2049, 2048, 2049]",308.0
1208,9078,10,4,2023-05-07T19:38:34.429000+00:00,32.266,35.401,25.864,212.0,185.0,False,93.531,"[None, 2049, 2048, 2049, 2049, 2048, 2049, 2048, 2048]","[2048, 2048, 2049, 2049, 2048, 2048, 2049, 2048, 2048]","[2048, 2049, 2049, 2049, 2051, 2048, 2049]",327.0
1208,9078,63,4,2023-05-07T19:38:35.257000+00:00,32.526,35.223,25.891,211.0,185.0,False,93.64,"[2049, 2049, 2048, 2048, 2048, 2048, 2049, 2048, 2049]","[2048, 2048, 2048, 2048, 2048, 2051, 2049, 2049, 2048]","[2048, 2049, 2049, 2049, 2048, 2049, 2048]",317.0
1208,9078,16,4,2023-05-07T19:38:37.867000+00:00,33.473,35.411,25.946,213.0,185.0,False,94.83,"[None, 2048, 2048, 2048, 2048, 2048, 2048, 2048, 2048]","[2049, 2049, 2049, 2049, 2048, 2048, 2048, 2048, 2048]","[2048, 2048, 2049, 2048, 2049, 2048, 2049]",325.0
1208,9078,20,4,2023-05-07T19:38:37.976000+00:00,32.824,35.332,25.923,208.0,184.0,False,94.079,"[None, 2049, 2048, 2048, 2048, 2049, 2049, 2049, 2048]","[2048, 2048, 2048, 2048, 2048, 2049, 2049, 2049, 2048]","[2048, 2049, 2049, 2049, 2048, 2048, 2048]",322.0
1208,9078,1,4,2023-05-07T19:38:38.085000+00:00,32.042,34.996,25.897,213.0,185.0,False,92.935,"[2051, 2051, 2048, 2048, 2048, 2049, 2049, 2049, 2051]","[2048, 2048, 2048, 2048, 2048, 2049, 2049, 2049, 2049]","[2048, 2048, 2048, 2049, 2049, 2048]",309.0
1208,9078,77,4,2023-05-07T19:38:38.820000+00:00,33.022,35.56,25.911,213.0,185.0,False,94.493,"[None, 2049, 2048, 2048, 2048, 2048, 2048, 2048, 2048]","[2048, 2049, 2049, 2049, 2048, 2048, 2048, 2049, 2048]","[2048, 2049, 2048, 2049, 2048, 2049]",336.0
1208,9078,31,4,2023-05-07T19:38:39.335000+00:00,32.969,35.596,25.779,209.0,184.0,False,94.344,"[None, 2049, 2048, 2048, 2048, 2048, 2048, 2048, 2048]","[2048, 2048, 2049, 2049, 2048, 2048, 2048, 2049, 2048]","[2048, 2048, 2049, 2049, 2049, 2048, 2048]",312.0
1208,9078,27,4,2023-05-07T19:38:39.820000+00:00,32.721,35.886,25.856,,184.0,False,94.463,"[None, 2049, 2048, 2048, 2048, 2048, 2048, 2048, 2048]","[2048, 2048, 2051, 2051, 2048, 2048, 2048, 2048, 2048]","[2048, 2049, 2049, 2049, 2049, 2048, 2049]",325.0
1208,9078,23,4,2023-05-07T19:38:40.617000+00:00,32.522,35.67,26.077,207.0,184.0,False,94.269,"[2049, 2049, 2048, 2048, 2048, 2049, 2048, 2048, 2048]","[2048, 2048, 2049, 2049, 2048, 2048, 2048, 2048, 2048]","[2049, 2051, 2048, 2048, 2048, 2048]",299.0
1208,9078,44,4,2023-05-07T19:38:41.289000+00:00,32.38,35.594,26.141,211.0,185.0,False,94.115,"[None, 2049, 2048, 2049, 2048, 2049, 2049, 2049, 2048]","[2049, 2049, 2049, 2049, 2048, 2048, 2048, 2048, 2048]","[2049, 2049, 2049, 2048, 2048, 2049, 2049]",303.0
1208,9078,81,4,2023-05-07T19:38:42.242000+00:00,32.291,35.661,26.007,209.0,185.0,False,93.959,"[2049, 2049, 2048, 2048, 2048, 2048, 2049, 2048, 2049]","[2048, 2048, 2048, 2048, 2048, 2049, 2048, 2048, 2048]","[2048, 2049, 2049, 2049, 2049, 2048, 2049]",328.0
1208,9078,22,4,2023-05-07T19:38:43.304000+00:00,32.237,35.492,26.075,212.0,185.0,False,93.804,"[None, 2048, 2049, 2048, 2048, 2049, 2048, 2048, 2049]","[2048, 2048, 2049, 2049, 2048, 2049, 2048, 2048, 2049]","[2048, 2048, 2049, 2048, 2048, 2049, 2049]",325.0
1208,9078,24,4,2023-05-07T19:38:43.836000+00:00,32.297,35.657,25.88,207.0,185.0,False,93.834,"[2049, 2049, 2049, 2049, 2049, 2048, 2049, 2049, 2048]","[2048, 2048, 2048, 2048, 2048, 2048, 2048, 2048, 2049]","[2049, 2048, 2049, 2049, 2049, 2048]",328.0
1208,9078,18,4,2023-05-07T19:38:44.320000+00:00,32.409,35.638,25.9,211.0,185.0,False,93.947,"[2049, 2049, 2049, 2048, 2048, 2049, 2049, 2049, 2049]","[2048, 2049, 2049, 2049, 2048, 2048, 2048, 2048, 2049]","[2049, 2049, 2051, 2049, 2049, 2048]",309.0
1208,9078,4,4,2023-05-07T19:38:45.242000+00:00,32.171,35.73,30.925,,184.0,False,98.826,"[2049, 2048, 2048, 2048, 2048, 2048, 2048, 2048, 2049]","[2048, 2049, 2049, 2049, 2048, 2049, 2048, 2048, 2048]","[2048, 2049, 2049, 2049, 2048, 2048, 2064]",307.0
1208,9078,21,4,2023-05-07T19:38:46.523000+00:00,32.322,35.744,26.06,209.0,185.0,False,94.126,"[None, 2049, 2049, 2049, 2049, 2049, 2048, 2048, 2049]","[2048, 2048, 2048, 2048, 2048, 2049, 2049, 2049, 2049]","[2049, 2048, 2049, 2049, 2049, 2048]",318.0
1208,9078,2,4,2023-05-07T19:39:31.507000+00:00,32.138,35.417,26.032,207.0,186.0,False,93.587,"[2048, 2048, 2049, 2049, 2049, 2049, 2049, 2049, 2048]","[2048, 2048, 2048, 2048, 2049, 2048, 2048, 2048, 2049]","[2048, 2048, 2048, 2048, 2048, 2049]",319.0
1208,9078,11,5,2023-05-07T19:40:04.616000+00:00,31.757,35.309,26.192,210.0,184.0,False,93.258,"[2048, 2048, 2049, 2049, 2049, 2049, 2051, 2048, 2048]","[2048, 2049, 2048, 2048, 2048, 2048, 2048, 2048, 2048]","[2048, 2048, 2048, 2049, 2048, 2048, 2048]",307.0
1208,9078,14,5,2023-05-07T19:40:06.131000+00:00,32.413,35.34,26.003,212.0,185.0,False,93.756,"[2048, 2049, 2048, 2048, 2048, 2048, 2048, 2048, 2048]","[2049, 2049, 2048, 2048, 2048, 2048, 2048, 2048, 2048]","[2048, 2048, 2048, 2048, 2048, 2049, 2049]",316.0
1208,9078,55,5,2023-05-07T19:40:07.334000+00:00,32.185,35.079,25.985,212.0,187.0,False,93.249,"[2049, 2049, 2048, 2049, 2048, 2048, 2048, 2048, 2048]","[2048, 2048, 2049, 2049, 2049, 2048, 2048, 2048, 2048]","[2049, 2049, 2049, 2048, 2048, 2048, 2049]",327.0
1208,9078,10,5,2023-05-07T19:40:07.959000+00:00,32.221,35.312,25.839,209.0,185.0,False,93.372,"[None, 2049, 2048, 2049, 2048, 2049, 2048, 2049, 2048]","[2048, 2048, 2048, 2049, 2049, 2048, 2048, 2048, 2048]","[2048, 2048, 2049, 2048, 2051, 2048, 2049]",327.0
1208,9078,63,5,2023-05-07T19:40:08.913000+00:00,32.505,35.272,25.971,,186.0,False,93.748,"[2048, 2049, 2048, 2048, 2048, 2048, 2048, 2048, 2049]","[2048, 2048, 2048, 2048, 2048, 2048, 2048, 2048, 2048]","[2049, 2048, 2048, 2049, 2049, 2048]",317.0
1208,9078,1,5,2023-05-07T19:40:10.897000+00:00,32.029,34.998,25.848,,186.0,False,92.875,"[2048, 2048, 2049, 2048, 2049, 2049, 2048, 2048, 2048]","[2048, 2048, 2048, 2048, 2048, 2049, 2049, 2048, 2048]","[2048, 2048, 2048, 2049, 2049, 2048, 2048]",309.0
1208,9078,20,5,2023-05-07T19:40:11.944000+00:00,31.975,35.249,26.057,212.0,185.0,False,93.281,"[None, 2048, 2048, 2048, 2048, 2049, 2049, 2049, 2048]","[2048, 2048, 2048, 2048, 2048, 2049, 2049, 2048, 2048]","[2048, 2048, 2048, 2048, 2048, 2048, 2049]",324.0
1208,9078,16,5,2023-05-07T19:40:12.694000+00:00,32.034,35.395,25.997,215.0,183.0,False,93.426,"[2049, 2049, 2048, 2048, 2049, 2049, 2048, 2048, 2051]","[2049, 2048, 2048, 2049, 2049, 2048, 2048, 2048, 2048]","[2048, 2048, 2048, 2048, 2048, 2048]",324.0
1208,9078,77,5,2023-05-07T19:40:13.319000+00:00,32.313,35.921,25.943,215.0,186.0,False,94.177,"[None, 2049, 2048, 2048, 2048, 2048, 2049, 2048, 2048]","[2048, 2048, 2048, 2048, 2048, 2048, 2048, 2048, 2048]","[2048, 2049, 2049, 2048, 2048, 2048]",321.0
1208,9078,31,5,2023-05-07T19:40:13.647000+00:00,32.389,34.972,25.994,211.0,182.0,False,93.355,"[None, 2049, 2048, 2049, 2049, 2048, 2048, 2048, 2048]","[2048, 2049, 2049, 2049, 2051, 2048, 2049, 2049, 2048]","[2048, 2048, 2048, 2049, 2048, 2048, 2048]",332.0
1208,9078,27,5,2023-05-07T19:40:14.287000+00:00,32.331,35.467,25.91,,185.0,False,93.708,"[2048, 2048, 2048, 2048, 2048, 2048, 2049, 2051, 2048]","[2048, 2048, 2048, 2048, 2048, 2049, 2048, 2048, 2048]","[2049, 2049, 2048, 2048, 2048, 2049, 2049]",322.0
1208,9078,23,5,2023-05-07T19:40:14.881000+00:00,32.403,35.431,26.008,212.0,185.0,False,93.842,"[2048, 2048, 2048, 2049, 2048, 2048, 2048, 2049, 2049]","[2049, 2048, 2049, 2049, 2048, 2048, 2048, 2048, 2048]","[2048, 2048, 2049, 2048, 2048, 2048, 2049]",321.0
1208,9078,44,5,2023-05-07T19:40:15.397000+00:00,32.371,35.367,26.065,210.0,186.0,False,93.803,"[2048, 2048, 2048, 2051, 2051, 2049, 2048, 2049, 2048]","[2048, 2048, 2048, 2048, 2048, 2048, 2048, 2048, 2048]","[2049, 2048, 2048, 2048, 2048, 2049, 2049]",296.0
1208,9078,81,5,2023-05-07T19:40:16.194000+00:00,32.426,35.599,30.942,210.0,185.0,False,98.967,"[None, 2048, 2048, 2048, 2048, 2048, 2048, 2048, 2048]","[2048, 2048, 2048, 2048, 2049, 2049, 2048, 2048, 2048]","[2048, 2048, 2048, 2049, 2049, 2048, 2064]",325.0
1208,9078,22,5,2023-05-07T19:40:17.084000+00:00,32.148,35.452,26.098,213.0,185.0,False,93.698,"[None, 2049, 2048, 2049, 2048, 2049, 2048, 2049, 2048]","[2048, 2048, 2049, 2049, 2048, 2048, 2049, 2048, 2048]","[2049, 2049, 2049, 2048, 2048, 2048]",328.0
1208,9078,24,5,2023-05-07T19:40:17.694000+00:00,32.182,35.44,25.991,209.0,186.0,False,93.613,"[None, 2048, 2048, 2049, 2049, 2049, 2048, 2048, 2048]","[2048, 2048, 2048, 2049, 2048, 2048, 2049, 2048, 2048]","[2049, 2048, 2049, 2048, 2048, 2048]",324.0
1208,9078,18,5,2023-05-07T19:40:18.287000+00:00,32.126,35.512,25.999,210.0,184.0,False,93.637,"[2048, 2049, 2048, 2049, 2049, 2048, 2049, 2049, 2049]","[2048, 2048, 2049, 2049, 2048, 2049, 2049, 2048, 2048]","[2048, 2048, 2048, 2048, 2048, 2048]",298.0
1208,9078,21,5,2023-05-07T19:40:20.553000+00:00,32.49,35.568,26.256,211.0,184.0,False,94.314,"[None, 2049, 2048, 2048, 2048, 2048, 2049, 2048, 2048]","[2048, 2048, 2048, 2048, 2048, 2049, 2049, 2049, 2048]","[2048, 2048, 2048, 2048, 2048, 2048, 2048]",312.0
1208,9078,4,5,2023-05-07T19:40:24.053000+00:00,48.748,35.323,26.407,209.0,186.0,True,110.478,"[2064, 2064, 2064, 2048, 2048, 2049, 2048, 2048, 2049]","[2048, 2048, 2048, 2048, 2048, 2051, 2049, 2049, 2049]","[2048, 2048, 2048, 2049, 2049, 2049, 2048]",298.0
1208,9078,2,5,2023-05-07T19:41:05.084000+00:00,32.289,35.549,26.095,211.0,185.0,False,93.933,"[None, 2048, 2048, 2049, 2048, 2048, 2048, 2049, 2048]","[2049, 2048, 2048, 2048, 2048, 2048, 2048, 2048, 2048]","[2048, 2048, 2048, 2048, 2048, 2048, 2048]",311.0
1208,9078,11,6,2023-05-07T19:41:37.958000+00:00,31.794,35.331,26.237,211.0,184.0,False,93.362,"[2049, 2049, 2048, 2049, 2049, 2048, 2048, 2048, 2048]","[2048, 2049, 2048, 2048, 2048, 2048, 2048, 2048, 2048]","[2048, 2049, 2048, 2048, 2048, 2048]",295.0
1208,9078,14,6,2023-05-07T19:41:39.849000+00:00,31.753,35.243,25.946,210.0,186.0,False,92.942,"[None, 2048, 2048, 2049, 2048, 2049, 2049, 2051, 2048]","[2049, 2049, 2048, 2048, 2049, 2048, 2048, 2048, 2048]","[2049, 2049, 2048, 2048, 2049, 2049]",318.0
1208,9078,55,6,2023-05-07T19:41:40.552000+00:00,31.913,34.982,25.954,213.0,187.0,False,92.849,"[None, 2049, 2048, 2049, 2049, 2048, 2048, 2048, 2049]","[2048, 2049, 2049, 2049, 2048, 2048, 2048, 2048, 2048]","[2049, 2049, 2049, 2048, 2048, 2048, 2049]",335.0
1208,9078,10,6,2023-05-07T19:41:41.302000+00:00,31.947,35.354,26.103,211.0,185.0,False,93.404,"[None, 2049, 2048, 2049, 2049, 2049, 2048, 2049, 2048]","[2048, 2049, 2048, 2049, 2049, 2048, 2048, 2048, 2048]","[2048, 2048, 2048, 2048, 2048, 2048]",313.0
1208,9078,63,6,2023-05-07T19:41:42.646000+00:00,32.02,35.158,26.127,210.0,186.0,False,93.305,"[None, 2048, 2049, 2048, 2049, 2049, 2049, 2048, 2048]","[2048, 2048, 2048, 2048, 2049, 2048, 2049, 2048, 2048]","[2048, 2048, 2048, 2048, 2049, 2049]",296.0
1208,9078,1,6,2023-05-07T19:41:43.880000+00:00,31.893,35.037,25.823,211.0,185.0,False,92.753,"[None, 2048, 2049, 2049, 2049, 2048, 2048, 2048, 2048]","[2048, 2048, 2048, 2048, 2049, 2048, 2048, 2048, 2048]","[2048, 2048, 2048, 2048, 2048, 2048]",307.0
1208,9078,20,6,2023-05-07T19:41:45.318000+00:00,31.844,35.662,26.089,200.0,186.0,False,93.595,"[2048, 2049, 2049, 2049, 2048, 2051, 2049, 2048, 2048]","[2048, 2048, 2048, 2048, 2048, 2049, 2048, 2048, 2048]","[2049, 2048, 2048, 2048, 2048, 2048]",313.0
1208,9078,16,6,2023-05-07T19:41:46.146000+00:00,32.009,35.63,25.98,206.0,183.0,False,93.619,"[None, 2049, 2048, 2049, 2048, 2049, 2048, 2048, 2048]","[2048, 2048, 2048, 2048, 2049, 2048, 2048, 2048, 2048]","[2048, 2048, 2048, 2049, 2048, 2048, 2048]",319.0
1208,9078,31,6,2023-05-07T19:41:46.943000+00:00,32.05,35.567,25.904,212.0,184.0,False,93.521,"[2048, 2049, 2049, 2049, 2048, 2049, 2048, 2049, 2049]","[2049, 2048, 2048, 2048, 2048, 2048, 2048, 2048, 2049]","[2048, 2048, 2048, 2048, 2048, 2048, 2048]",326.0
1208,9078,77,6,2023-05-07T19:41:47.505000+00:00,32.282,35.515,26.024,,185.0,False,93.821,"[2048, 2048, 2048, 2048, 2048, 2048, 2048, 2049, 2048]","[2049, 2049, 2048, 2048, 2048, 2048, 2049, 2048, 2048]","[2048, 2048, 2048, 2048, 2048, 2048, 2048]",331.0
1208,9078,27,6,2023-05-07T19:41:48.021000+00:00,32.236,35.788,25.811,207.0,182.0,False,93.835,"[None, 2049, 2049, 2048, 2048, 2048, 2048, 2048, 2049]","[2048, 2048, 2048, 2048, 2048, 2048, 2048, 2048, 2048]","[2048, 2048, 2048, 2049, 2049, 2048, 2048]",335.0
1208,9078,23,6,2023-05-07T19:41:48.724000+00:00,32.282,35.469,25.938,,184.0,False,93.689,"[2049, 2048, 2049, 2049, 2049, 2048, 2049, 2048, 2048]","[2049, 2049, 2049, 2048, 2048, 2048, 2048, 2048, 2048]","[2048, 2048, 2051, 2048, 2048, 2048, 2049]",322.0
1208,9078,44,6,2023-05-07T19:41:49.193000+00:00,32.541,35.453,25.922,201.0,186.0,False,93.916,"[None, 2048, 2048, 2048, 2049, 2049, 2048, 2048, 2048]","[2048, 2048, 2048, 2048, 2048, 2048, 2048, 2048, 2048]","[2048, 2048, 2048, 2049, 2049, 2048, 2048]",316.0
1208,9078,22,6,2023-05-07T19:41:50.708000+00:00,32.082,35.496,26.013,212.0,183.0,False,93.591,"[2048, 2048, 2049, 2049, 2048, 2049, 2048, 2048, 2048]","[2048, 2048, 2048, 2048, 2048, 2048, 2048, 2049, 2048]","[2048, 2048, 2048, 2048, 2049, 2048]",317.0
1208,9078,24,6,2023-05-07T19:41:51.161000+00:00,32.228,35.551,25.975,204.0,184.0,False,93.754,"[None, 2048, 2048, 2048, 2048, 2049, 2049, 2048, 2048]","[2048, 2048, 2048, 2048, 2048, 2048, 2049, 2048, 2049]","[2048, 2048, 2048, 2049, 2048, 2048, 2048]",324.0
1208,9078,18,6,2023-05-07T19:41:51.802000+00:00,32.292,35.64,25.902,208.0,184.0,False,93.834,"[2049, 2048, 2048, 2048, 2048, 2049, 2048, 2049, 2048]","[2048, 2049, 2048, 2048, 2048, 2048, 2048, 2048, 2048]","[2048, 2048, 2048, 2049, 2049, 2048, 2048]",310.0
1208,9078,21,6,2023-05-07T19:41:54.896000+00:00,32.394,35.642,26.199,210.0,184.0,False,94.235,"[None, 2048, 2049, 2049, 2048, 2048, 2049, 2048, 2048]","[2048, 2048, 2048, 2048, 2048, 2048, 2049, 2049, 2048]","[2048, 2048, 2048, 2049, 2048, 2048, 2048]",312.0
1208,9078,81,6,2023-05-07T19:41:55.130000+00:00,46.676,35.083,26.26,209.0,185.0,True,108.019,"[2064, 2064, 2064, 2048, 2048, 2048, 2048, 2049, 2049]","[2048, 2048, 2048, 2048, 2048, 2051, 2051, 2049, 2049]","[2048, 2048, 2048, 2048, 2048, 2048, 2048]",312.0
1208,9078,4,6,2023-05-07T19:42:14.536000+00:00,31.414,35.261,26.241,212.0,185.0,False,92.916,"[2048, 2049, 2049, 2051, 2049, 2049, 2049, 2049, 2049]","[2048, 2048, 2048, 2048, 2048, 2048, 2048, 2049, 2048]","[2048, 2048, 2048, 2049, 2048, 2049, 2048]",311.0
1208,9078,2,6,2023-05-07T19:42:39.020000+00:00,32.107,35.337,25.95,213.0,186.0,False,93.394,"[None, 2048, 2049, 2048, 2048, 2048, 2048, 2048, 2048]","[2049, 2048, 2048, 2048, 2049, 2048, 2048, 2048, 2048]","[2048, 2048, 2048, 2048, 2048, 2048, 2048]",313.0
1208,9078,11,7,2023-05-07T19:43:11.317000+00:00,31.567,35.148,26.15,212.0,184.0,False,92.865,"[2048, 2048, 2049, 2049, 2048, 2049, 2049, 2048, 2049]","[2048, 2048, 2049, 2049, 2048, 2048, 2049, 2048, 2048]","[2048, 2049, 2048, 2048, 2048, 2049, 2048]",306.0
1208,9078,14,7,2023-05-07T19:43:12.801000+00:00,31.785,35.318,25.964,209.0,185.0,False,93.067,"[None, 2049, 2048, 2049, 2049, 2049, 2048, 2048, 2048]","[2048, 2048, 2049, 2049, 2049, 2048, 2049, 2048, 2048]","[2048, 2048, 2048, 2048, 2048, 2048, 2048]",319.0
1208,9078,55,7,2023-05-07T19:43:13.332000+00:00,32.082,35.208,25.929,212.0,186.0,False,93.219,"[2048, 2048, 2048, 2048, 2048, 2048, 2048, 2048, 2049]","[2048, 2048, 2048, 2048, 2048, 2048, 2048, 2048, 2048]","[2048, 2048, 2048, 2048, 2048, 2048, 2048]",317.0
1208,9078,10,7,2023-05-07T19:43:14.723000+00:00,31.918,35.367,26.084,212.0,185.0,False,93.369,"[2048, 2048, 2049, 2049, 2048, 2049, 2049, 2048, 2048]","[2048, 2048, 2048, 2048, 2048, 2048, 2049, 2048, 2048]","[2048, 2048, 2048, 2048, 2048, 2048, 2048]",315.0
1208,9078,63,7,2023-05-07T19:43:15.942000+00:00,31.64,35.268,25.984,207.0,185.0,False,92.892,"[None, 2049, 2051, 2049, 2049, 2049, 2049, 2048, 2049]","[2048, 2048, 2048, 2048, 2049, 2048, 2048, 2048, 2048]","[2048, 2049, 2049, 2048, 2048, 2048]",329.0
1208,9078,1,7,2023-05-07T19:43:16.551000+00:00,31.915,34.921,25.719,213.0,185.0,False,92.555,"[None, 2048, 2048, 2049, 2051, 2048, 2048, 2048, 2048]","[2048, 2048, 2048, 2048, 2049, 2048, 2049, 2048, 2048]","[2048, 2048, 2049, 2048, 2048, 2048]",318.0
1208,9078,20,7,2023-05-07T19:43:18.879000+00:00,31.693,35.477,25.993,212.0,184.0,False,93.163,"[None, 2048, 2048, 2048, 2048, 2048, 2049, 2049, 2049]","[2048, 2048, 2048, 2048, 2048, 2049, 2048, 2048, 2048]","[2048, 2048, 2048, 2049, 2049, 2048]",314.0
1208,9078,16,7,2023-05-07T19:43:19.738000+00:00,31.981,35.304,25.989,214.0,184.0,False,93.274,"[2048, 2048, 2048, 2048, 2049, 2048, 2049, 2048, 2048]","[2048, 2048, 2048, 2048, 2048, 2049, 2048, 2049, 2048]","[2048, 2048, 2048, 2048, 2048, 2048, 2048]",329.0
1208,9078,31,7,2023-05-07T19:43:20.520000+00:00,32.064,35.275,26.018,213.0,184.0,False,93.357,"[None, 2048, 2049, 2048, 2048, 2049, 2048, 2048, 2048]","[2048, 2048, 2048, 2048, 2048, 2048, 2048, 2049, 2049]","[2048, 2048, 2048, 2048, 2048, 2048, 2048]",317.0
1208,9078,77,7,2023-05-07T19:43:21.301000+00:00,32.07,35.488,26.112,214.0,185.0,False,93.67,"[None, 2049, 2049, 2049, 2048, 2048, 2048, 2049, 2048]","[2048, 2048, 2048, 2048, 2048, 2049, 2048, 2049, 2048]","[2048, 2048, 2048, 2048, 2048, 2048, 2048]",323.0
1208,9078,27,7,2023-05-07T19:43:21.832000+00:00,32.103,35.475,25.844,212.0,183.0,False,93.422,"[2049, 2048, 2048, 2049, 2049, 2049, 2049, 2048, 2048]","[2048, 2048, 2048, 2048, 2048, 2048, 2049, 2048, 2048]","[2048, 2048, 2048, 2048, 2048, 2049, 2049]",334.0
1208,9078,23,7,2023-05-07T19:43:22.410000+00:00,32.299,35.329,25.916,211.0,183.0,False,93.544,"[2048, 2048, 2048, 2048, 2048, 2048, 2048, 2049, 2049]","[2048, 2048, 2048, 2048, 2048, 2048, 2049, 2049, 2048]","[2048, 2048, 2048, 2049, 2049, 2048]",323.0
1208,9078,44,7,2023-05-07T19:43:23.113000+00:00,32.082,35.409,25.869,212.0,186.0,False,93.36,"[None, 2048, 2049, 2049, 2049, 2049, 2048, 2048, 2048]","[2049, 2049, 2049, 2049, 2048, 2048, 2048, 2048, 2048]","[2048, 2048, 2048, 2049, 2048, 2048, 2049]",326.0
1208,9078,22,7,2023-05-07T19:43:24.348000+00:00,31.972,35.331,25.956,,185.0,False,93.259,"[None, 2048, 2049, 2048, 2049, 2048, 2049, 2048, 2049]","[2048, 2048, 2048, 2048, 2048, 2048, 2049, 2048, 2048]","[2048, 2048, 2048, 2049, 2048, 2049]",318.0
1208,9078,24,7,2023-05-07T19:43:25.004000+00:00,32.139,35.44,25.959,212.0,184.0,False,93.538,"[2048, 2048, 2048, 2048, 2048, 2048, 2048, 2048, 2048]","[2049, 2048, 2048, 2048, 2048, 2048, 2049, 2048, 2048]","[2048, 2048, 2048, 2049, 2048, 2048, 2048]",331.0
1208,9078,18,7,2023-05-07T19:43:25.707000+00:00,32.326,35.351,25.916,209.0,185.0,False,93.593,"[2048, 2048, 2048, 2048, 2048, 2049, 2049, 2048, 2048]","[2048, 2048, 2048, 2048, 2049, 2048, 2048, 2049, 2048]","[2048, 2048, 2048, 2048, 2049, 2049, 2048]",312.0
1208,9078,21,7,2023-05-07T19:43:29.191000+00:00,32.11,35.69,26.242,211.0,184.0,False,94.042,"[None, 2048, 2048, 2049, 2048, 2049, 2048, 2049, 2048]","[2048, 2048, 2048, 2048, 2048, 2048, 2048, 2048, 2048]","[2048, 2048, 2048, 2048, 2049, 2049]",312.0
1208,9078,81,7,2023-05-07T19:43:43.191000+00:00,31.71,35.246,26.14,210.0,184.0,False,93.096,"[2048, 2048, 2048, 2049, 2048, 2049, 2049, 2049, 2049]","[2048, 2048, 2048, 2048, 2049, 2048, 2048, 2048, 2048]","[2048, 2048, 2048, 2049, 2049, 2048, 2048]",316.0
1208,9078,4,7,2023-05-07T19:43:47.473000+00:00,31.587,35.353,26.127,209.0,184.0,False,93.067,"[None, 2048, 2048, 2048, 2048, 2048, 2049, 2049, 2048]","[2048, 2048, 2048, 2048, 2048, 2048, 2049, 2048, 2048]","[2048, 2048, 2048, 2049, 2049, 2049]",313.0
1208,9078,2,7,2023-05-07T19:44:12.425000+00:00,32.193,35.432,26.045,,185.0,False,93.67,"[None, 2048, 2048, 2048, 2049, 2048, 2048, 2049, 2048]","[2049, 2048, 2048, 2048, 2049, 2048, 2048, 2048, 2048]","[2048, 2048, 2048, 2048, 2048, 2048, 2048]",315.0
1208,9078,11,8,2023-05-07T19:44:44.175000+00:00,31.725,35.236,26.181,211.0,186.0,False,93.142,"[None, 2048, 2048, 2049, 2049, 2048, 2051, 2048, 2048]","[2048, 2048, 2048, 2049, 2048, 2048, 2048, 2048, 2048]","[2049, 2048, 2048, 2048, 2048, 2048, 2049]",307.0
1208,9078,14,8,2023-05-07T19:44:45.847000+00:00,31.902,35.179,25.916,,185.0,False,92.997,"[None, 2049, 2048, 2048, 2048, 2049, 2049, 2048, 2048]","[2048, 2048, 2048, 2048, 2048, 2048, 2048, 2048, 2048]","[2048, 2048, 2048, 2051, 2048, 2048, 2049]",319.0
1208,9078,55,8,2023-05-07T19:44:46.612000+00:00,31.936,35.154,25.903,211.0,184.0,False,92.993,"[None, 2049, 2048, 2049, 2048, 2048, 2048, 2048, 2048]","[2048, 2048, 2048, 2048, 2048, 2048, 2048, 2048, 2048]","[2048, 2048, 2048, 2048, 2048, 2048]",325.0
1208,9078,10,8,2023-05-07T19:44:48.112000+00:00,31.85,35.318,26.046,214.0,184.0,False,93.214,"[None, 2048, 2049, 2048, 2048, 2048, 2048, 2049, 2048]","[2049, 2048, 2048, 2048, 2048, 2049, 2048, 2048, 2049]","[2048, 2048, 2048, 2048, 2048, 2048]",315.0
1208,9078,63,8,2023-05-07T19:44:48.862000+00:00,31.844,35.283,26.464,210.0,185.0,False,93.591,"[2049, 2049, 2048, 2048, 2048, 2048, 2048, 2048, 2049]","[2048, 2048, 2049, 2048, 2048, 2048, 2048, 2048, 2048]","[2049, 2049, 2049, 2048, 2048, 2048]",326.0
1208,9078,1,8,2023-05-07T19:44:49.191000+00:00,32.196,35.116,25.635,,186.0,False,92.947,"[None, 2048, 2048, 2048, 2048, 2048, 2048, 2048, 2048]","[2048, 2048, 2048, 2048, 2048, 2048, 2048, 2048, 2048]","[2048, 2048, 2051, 2049, 2048, 2048]",337.0
1208,9078,20,8,2023-05-07T19:44:52.034000+00:00,31.601,35.453,26.082,211.0,182.0,False,93.136,"[None, 2048, 2049, 2049, 2048, 2051, 2048, 2048, 2048]","[2048, 2048, 2048, 2048, 2048, 2048, 2049, 2048, 2048]","[2048, 2048, 2048, 2048, 2048, 2048]",315.0
1208,9078,16,8,2023-05-07T19:44:52.987000+00:00,31.856,35.331,26.113,212.0,183.0,False,93.3,"[2049, 2049, 2049, 2049, 2048, 2048, 2048, 2048, 2048]","[2048, 2048, 2048, 2048, 2048, 2048, 2048, 2048, 2048]","[2048, 2048, 2048, 2048, 2049, 2048, 2048]",312.0
1208,9078,31,8,2023-05-07T19:44:53.847000+00:00,31.981,35.29,26.046,,183.0,False,93.317,"[None, 2049, 2049, 2048, 2048, 2048, 2048, 2048, 2049]","[2048, 2048, 2048, 2048, 2048, 2048, 2048, 2048, 2048]","[2048, 2048, 2048, 2048, 2048, 2048]",322.0
1208,9078,77,8,2023-05-07T19:44:54.956000+00:00,32.079,35.645,26.132,,185.0,False,93.856,"[None, 2048, 2048, 2048, 2048, 2049, 2049, 2048, 2048]","[2048, 2048, 2048, 2048, 2048, 2049, 2049, 2048, 2048]","[2048, 2048, 2048, 2048, 2048, 2048]",313.0
1208,9078,27,8,2023-05-07T19:44:55.269000+00:00,32.972,35.436,25.944,214.0,184.0,False,94.352,"[None, 2051, 2048, 2048, 2048, 2048, 2049, 2048, 2049]","[2048, 2048, 2048, 2048, 2048, 2049, 2049, 2048, 2048]","[2048, 2048, 2048, 2048, 2048, 2048]",319.0
1208,9078,23,8,2023-05-07T19:44:56.019000+00:00,32.986,35.451,25.83,208.0,183.0,False,94.267,"[None, 2048, 2048, 2048, 2049, 2048, 2049, 2048, 2048]","[2048, 2048, 2048, 2048, 2048, 2048, 2048, 2049, 2048]","[2048, 2048, 2048, 2048, 2049, 2048, 2049]",328.0
1208,9078,44,8,2023-05-07T19:44:56.472000+00:00,32.77,35.61,26.063,211.0,186.0,False,94.443,"[None, 2048, 2048, 2048, 2049, 2048, 2048, 2048, 2048]","[2049, 2049, 2051, 2049, 2049, 2048, 2048, 2048, 2048]","[2048, 2049, 2048, 2048, 2048, 2048, 2048]",304.0
1208,9078,22,8,2023-05-07T19:44:57.612000+00:00,32.368,35.49,26.11,210.0,186.0,False,93.968,"[None, 2048, 2048, 2048, 2048, 2048, 2048, 2048, 2048]","[2048, 2048, 2048, 2048, 2049, 2048, 2048, 2048, 2048]","[2049, 2048, 2048, 2048, 2048, 2048]",294.0
1208,9078,24,8,2023-05-07T19:44:58.566000+00:00,32.073,35.544,25.99,209.0,185.0,False,93.607,"[None, 2049, 2048, 2049, 2048, 2049, 2048, 2048, 2048]","[2048, 2048, 2048, 2048, 2048, 2048, 2048, 2048, 2048]","[2049, 2049, 2048, 2048, 2048, 2049, 2049]",293.0
1208,9078,18,8,2023-05-07T19:44:59.347000+00:00,32.107,35.559,25.997,210.0,184.0,False,93.663,"[None, 2048, 2049, 2049, 2049, 2049, 2048, 2048, 2048]","[2048, 2048, 2048, 2048, 2048, 2048, 2048, 2048, 2048]","[2048, 2048, 2048, 2048, 2048, 2048, 2049]",305.0
1208,9078,21,8,2023-05-07T19:45:03.237000+00:00,32.12,35.572,26.164,212.0,186.0,False,93.856,"[None, 2048, 2048, 2049, 2049, 2049, 2048, 2048, 2049]","[2048, 2048, 2048, 2048, 2049, 2048, 2048, 2048, 2048]","[2049, 2048, 2048, 2048, 2049, 2048, 2049]",310.0
1208,9078,81,8,2023-05-07T19:45:16.268000+00:00,31.575,35.489,26.293,,183.0,False,93.357,"[None, 2049, 2048, 2049, 2049, 2049, 2048, 2048, 2048]","[2048, 2048, 2048, 2048, 2049, 2048, 2048, 2048, 2048]","[2048, 2048, 2048, 2048, 2048, 2048, 2048]",317.0
1208,9078,4,8,2023-05-07T19:45:20.518000+00:00,31.616,35.361,26.188,,184.0,False,93.165,"[None, 2049, 2048, 2048, 2049, 2049, 2048, 2048, 2048]","[2048, 2048, 2048, 2048, 2048, 2048, 2048, 2048, 2048]","[2048, 2048, 2048, 2048, 2048, 2048, 2049]",310.0
1208,9078,2,8,2023-05-07T19:45:46.065000+00:00,32.272,35.475,26.042,208.0,185.0,False,93.789,"[None, 2048, 2048, 2049, 2048, 2048, 2048, 2048, 2048]","[2048, 2048, 2048, 2048, 2048, 2048, 2049, 2048, 2048]","[2048, 2048, 2048, 2048, 2048, 2048, 2049]",314.0
1208,9078,11,9,2023-05-07T19:46:17.315000+00:00,31.871,35.191,26.034,210.0,185.0,False,93.096,"[None, 2048, 2048, 2049, 2049, 2048, 2048, 2048, 2048]","[2048, 2048, 2048, 2048, 2048, 2048, 2051, 2048, 2048]","[2048, 2049, 2048, 2049, 2048, 2049]",308.0
1208,9078,14,9,2023-05-07T19:46:18.908000+00:00,31.854,35.2,25.897,210.0,186.0,False,92.951,"[None, 2048, 2048, 2048, 2048, 2048, 2048, 2048, 2048]","[2048, 2048, 2049, 2048, 2049, 2048, 2049, 2048, 2048]","[2048, 2048, 2048, 2051, 2048, 2049]",317.0
1208,9078,55,9,2023-05-07T19:46:19.612000+00:00,31.887,35.248,25.972,210.0,184.0,False,93.107,"[None, 2048, 2048, 2049, 2049, 2049, 2048, 2048, 2048]","[2048, 2048, 2048, 2048, 2048, 2048, 2048, 2048, 2048]","[2048, 2048, 2048, 2049, 2048, 2048, 2048]",323.0
1208,9078,10,9,2023-05-07T19:46:21.315000+00:00,31.917,35.415,26.94,212.0,184.0,False,94.272,"[None, 2048, 2048, 2048, 2048, 2048, 2049, 2049, 2048]","[2048, 2048, 2048, 2048, 2048, 2048, 2048, 2049, 2048]","[2048, 2048, 2048, 2048, 2048, 2048, 2048]",313.0
1208,9078,1,9,2023-05-07T19:46:22.018000+00:00,31.89,35.221,25.877,210.0,184.0,False,92.988,"[None, 2048, 2048, 2048, 2048, 2048, 2048, 2048, 2048]","[2048, 2048, 2048, 2048, 2048, 2048, 2048, 2048, 2048]","[2048, 2048, 2048, 2048, 2048, 2048]",318.0
1208,9078,63,9,2023-05-07T19:46:22.440000+00:00,32.448,35.196,25.707,207.0,185.0,False,93.351,"[2048, 2048, 2048, 2048, 2048, 2048, 2048, 2048, 2048]","[2048, 2048, 2048, 2049, 2049, 2048, 2048, 2048, 2048]","[2048, 2049, 2049, 2049, 2048, 2048, 2049]",323.0
1208,9078,20,9,2023-05-07T19:46:25.174000+00:00,31.847,35.438,26.008,208.0,184.0,False,93.293,"[None, 2049, 2048, 2048, 2048, 2048, 2048, 2048, 2048]","[2048, 2048, 2048, 2048, 2048, 2048, 2048, 2048, 2048]","[2048, 2048, 2048, 2049, 2048, 2048, 2048]",316.0
1208,9078,16,9,2023-05-07T19:46:26.314000+00:00,31.946,35.314,26.055,211.0,184.0,False,93.315,"[2048, 2048, 2049, 2048, 2048, 2049, 2049, 2048, 2048]","[2048, 2048, 2048, 2048, 2049, 2048, 2048, 2048, 2048]","[2048, 2048, 2048, 2048, 2049, 2048, 2048]",310.0
1208,9078,31,9,2023-05-07T19:46:27.314000+00:00,32.042,35.296,25.96,,183.0,False,93.298,"[None, 2048, 2048, 2048, 2048, 2049, 2049, 2048, 2048]","[2049, 2048, 2048, 2048, 2048, 2048, 2048, 2048, 2048]","[2048, 2048, 2048, 2048, 2048, 2048]",313.0
1208,9078,77,9,2023-05-07T19:46:28.846000+00:00,31.954,35.6,26.173,,185.0,False,93.727,"[None, 2048, 2049, 2049, 2048, 2049, 2049, 2048, 2049]","[2048, 2048, 2048, 2048, 2048, 2049, 2048, 2049, 2048]","[2048, 2048, 2048, 2048, 2048, 2048]",313.0
1208,9078,27,9,2023-05-07T19:46:29.596000+00:00,32.115,35.479,25.88,211.0,185.0,False,93.474,"[2048, 2048, 2049, 2049, 2048, 2049, 2048, 2048, 2048]","[2048, 2048, 2048, 2048, 2048, 2048, 2049, 2048, 2048]","[2048, 2048, 2048, 2048, 2049, 2048]",314.0
1208,9078,23,9,2023-05-07T19:46:30.221000+00:00,32.211,35.42,25.962,209.0,182.0,False,93.593,"[None, 2048, 2048, 2048, 2048, 2049, 2049, 2048, 2048]","[2048, 2048, 2048, 2048, 2048, 2048, 2048, 2048, 2048]","[2048, 2048, 2048, 2048, 2048, 2048, 2048]",318.0
1208,9078,44,9,2023-05-07T19:46:30.893000+00:00,32.173,35.38,25.817,210.0,185.0,False,93.37,"[None, 2049, 2048, 2048, 2048, 2049, 2049, 2048, 2048]","[2048, 2048, 2048, 2048, 2048, 2048, 2048, 2048, 2048]","[2048, 2048, 2048, 2049, 2048, 2048, 2048]",327.0
1208,9078,22,9,2023-05-07T19:46:31.596000+00:00,32.246,35.36,25.841,,185.0,False,93.447,"[2049, 2049, 2048, 2048, 2049, 2048, 2049, 2048, 2049]","[2048, 2048, 2048, 2048, 2048, 2048, 2048, 2049, 2048]","[2048, 2048, 2048, 2048, 2048, 2048, 2049]",327.0
1208,9078,24,9,2023-05-07T19:46:32.158000+00:00,32.338,35.49,25.76,210.0,185.0,False,93.588,"[None, 2048, 2048, 2048, 2048, 2048, 2048, 2048, 2048]","[2048, 2048, 2048, 2048, 2048, 2048, 2049, 2048, 2048]","[2048, 2048, 2048, 2049, 2048, 2048]",336.0
1208,9078,18,9,2023-05-07T19:46:32.971000+00:00,32.347,35.606,25.825,,184.0,False,93.778,"[None, 2048, 2049, 2048, 2048, 2048, 2048, 2048, 2048]","[2048, 2048, 2048, 2048, 2048, 2049, 2048, 2048, 2048]","[2048, 2048, 2048, 2049, 2049, 2048, 2048]",315.0
1208,9078,21,9,2023-05-07T19:46:37.080000+00:00,32.207,35.748,26.309,,183.0,False,94.264,"[None, 2048, 2048, 2049, 2049, 2048, 2048, 2049, 2048]","[2048, 2048, 2048, 2048, 2048, 2048, 2048, 2048, 2048]","[2048, 2048, 2048, 2048, 2048, 2049, 2048]",310.0
1208,9078,81,9,2023-05-07T19:46:49.642000+00:00,31.757,35.306,26.136,208.0,186.0,False,93.199,"[None, 2048, 2048, 2051, 2049, 2048, 2049, 2048, 2048]","[2048, 2048, 2048, 2048, 2048, 2051, 2048, 2048, 2048]","[2048, 2048, 2048, 2048, 2048, 2049, 2048]",307.0
1208,9078,4,9,2023-05-07T19:46:53.705000+00:00,31.654,35.284,26.299,211.0,184.0,False,93.237,"[None, 2048, 2048, 2048, 2048, 2048, 2049, 2048, 2048]","[2048, 2048, 2048, 2048, 2048, 2048, 2048, 2049, 2048]","[2048, 2048, 2048, 2049, 2048, 2048]",317.0
1208,9078,2,9,2023-05-07T19:47:19.876000+00:00,32.184,35.475,26.067,209.0,185.0,False,93.726,"[None, 2048, 2048, 2048, 2049, 2048, 2048, 2048, 2048]","[2048, 2048, 2048, 2048, 2048, 2048, 2048, 2048, 2048]","[2048, 2048, 2048, 2048, 2048, 2048, 2048]",316.0
1208,9078,11,10,2023-05-07T19:47:50.423000+00:00,31.437,35.195,25.967,212.0,185.0,False,92.599,"[None, 2049, 2048, 2049, 2048, 2049, 2048, 2049, 2048]","[2049, 2049, 2049, 2048, 2048, 2048, 2048, 2048, 2048]","[2048, 2049, 2048, 2048, 2049, 2049]",307.0
1208,9078,14,10,2023-05-07T19:47:51.798000+00:00,31.873,35.335,25.857,,185.0,False,93.065,"[2049, 2049, 2049, 2048, 2049, 2048, 2049, 2048, 2048]","[2048, 2048, 2048, 2048, 2048, 2048, 2049, 2048, 2048]","[2048, 2049, 2048, 2048, 2049, 2049, 2048]",318.0
1208,9078,55,10,2023-05-07T19:47:52.673000+00:00,32.064,35.184,25.874,212.0,187.0,False,93.122,"[None, 2048, 2048, 2048, 2048, 2048, 2049, 2048, 2048]","[2048, 2048, 2048, 2048, 2048, 2048, 2048, 2049, 2048]","[2048, 2048, 2048, 2048, 2048, 2048, 2048]",328.0
1208,9078,1,10,2023-05-07T19:47:55.063000+00:00,31.796,35.097,25.847,213.0,187.0,False,92.74,"[None, 2048, 2049, 2048, 2048, 2048, 2048, 2048, 2048]","[2048, 2048, 2048, 2048, 2048, 2048, 2048, 2048, 2049]","[2048, 2048, 2048, 2049, 2049, 2048, 2048]",307.0
1208,9078,10,10,2023-05-07T19:47:55.563000+00:00,33.469,35.458,25.892,210.0,184.0,False,94.819,"[None, 2048, 2048, 2048, 2048, 2048, 2048, 2048, 2048]","[2048, 2048, 2048, 2048, 2048, 2048, 2048, 2048, 2048]","[2049, 2048, 2048, 2049, 2048, 2049, 2049]",315.0
1208,9078,63,10,2023-05-07T19:47:55.813000+00:00,32.251,35.289,26.012,213.0,185.0,False,93.552,"[2049, 2049, 2048, 2048, 2048, 2048, 2048, 2048, 2048]","[2049, 2049, 2048, 2048, 2048, 2048, 2048, 2049, 2048]","[2048, 2048, 2048, 2048, 2048, 2049]",312.0
1208,9078,20,10,2023-05-07T19:47:58.579000+00:00,31.885,35.604,26.062,210.0,183.0,False,93.551,"[None, 2048, 2048, 2048, 2048, 2048, 2048, 2048, 2048]","[2048, 2048, 2048, 2048, 2048, 2048, 2049, 2048, 2048]","[2048, 2048, 2048, 2048, 2048, 2048, 2049]",316.0
1208,9078,16,10,2023-05-07T19:47:59.657000+00:00,31.996,35.371,25.955,212.0,183.0,False,93.322,"[None, 2049, 2048, 2048, 2048, 2048, 2048, 2048, 2048]","[2048, 2048, 2048, 2048, 2048, 2048, 2049, 2049, 2048]","[2048, 2048, 2048, 2048, 2049, 2049, 2049]",311.0
1208,9078,31,10,2023-05-07T19:48:00.485000+00:00,32.04,35.266,25.935,,184.0,False,93.241,"[None, 2049, 2048, 2048, 2048, 2048, 2048, 2048, 2049]","[2048, 2048, 2048, 2048, 2048, 2048, 2048, 2048, 2048]","[2048, 2048, 2048, 2048, 2048, 2048, 2048]",313.0
1208,9078,77,10,2023-05-07T19:48:02.548000+00:00,32.193,35.531,26.038,,186.0,False,93.762,"[None, 2049, 2049, 2049, 2049, 2048, 2048, 2048, 2048]","[2048, 2048, 2048, 2048, 2048, 2048, 2048, 2049, 2048]","[2048, 2048, 2048, 2048, 2049, 2048, 2048]",315.0
1208,9078,27,10,2023-05-07T19:48:03.095000+00:00,32.225,35.861,25.852,210.0,183.0,False,93.938,"[None, 2048, 2048, 2048, 2048, 2048, 2048, 2048, 2048]","[2048, 2048, 2048, 2048, 2048, 2048, 2048, 2049, 2048]","[2048, 2048, 2048, 2049, 2048, 2048, 2048]",323.0
1208,9078,23,10,2023-05-07T19:48:03.829000+00:00,32.35,35.584,25.968,207.0,182.0,False,93.902,"[None, 2049, 2048, 2049, 2048, 2048, 2048, 2048, 2048]","[2048, 2048, 2048, 2048, 2048, 2048, 2048, 2048, 2048]","[2048, 2048, 2048, 2048, 2048, 2048, 2048]",320.0
1208,9078,44,10,2023-05-07T19:48:04.329000+00:00,32.339,35.584,26.032,208.0,185.0,False,93.955,"[2049, 2048, 2048, 2048, 2048, 2049, 2048, 2048, 2048]","[2048, 2048, 2048, 2048, 2048, 2048, 2048, 2048, 2048]","[2048, 2049, 2049, 2048, 2048, 2048, 2048]",320.0
1208,9078,22,10,2023-05-07T19:48:05.126000+00:00,32.38,35.418,25.961,211.0,185.0,False,93.759,"[None, 2049, 2048, 2048, 2048, 2048, 2048, 2048, 2048]","[2048, 2048, 2048, 2048, 2049, 2048, 2048, 2048, 2048]","[2048, 2048, 2048, 2048, 2048, 2048]",326.0
1208,9078,24,10,2023-05-07T19:48:05.751000+00:00,32.241,35.626,25.915,211.0,185.0,False,93.782,"[None, 2049, 2048, 2048, 2049, 2048, 2048, 2048, 2048]","[2048, 2048, 2048, 2048, 2048, 2048, 2048, 2048, 2048]","[2048, 2048, 2048, 2048, 2048, 2048, 2048]",322.0
1208,9078,18,10,2023-05-07T19:48:06.751000+00:00,32.188,35.329,25.928,208.0,182.0,False,93.445,"[None, 2048, 2049, 2048, 2048, 2049, 2048, 2048, 2048]","[2048, 2048, 2048, 2048, 2048, 2049, 2048, 2048, 2048]","[2048, 2048, 2048, 2048, 2048, 2048, 2048]",314.0
1208,9078,21,10,2023-05-07T19:48:11.345000+00:00,32.081,35.64,26.268,210.0,184.0,False,93.989,"[None, 2048, 2048, 2048, 2049, 2048, 2049, 2048, 2048]","[2048, 2048, 2048, 2048, 2048, 2048, 2048, 2048, 2048]","[2048, 2048, 2048, 2048, 2048, 2048, 2048]",310.0
1208,9078,81,10,2023-05-07T19:48:22.813000+00:00,31.73,35.336,26.829,211.0,187.0,False,93.895,"[None, 2048, 2048, 2048, 2048, 2048, 2048, 2048, 2048]","[2048, 2048, 2048, 2048, 2048, 2048, 2048, 2048, 2048]","[2048, 2048, 2048, 2048, 2048, 2048]",311.0
1208,9078,4,10,2023-05-07T19:48:27.001000+00:00,31.675,35.34,26.153,212.0,184.0,False,93.168,"[None, 2049, 2048, 2048, 2048, 2048, 2048, 2049, 2048]","[2048, 2048, 2048, 2048, 2048, 2048, 2048, 2048, 2048]","[2048, 2048, 2048, 2048, 2048, 2048, 2048]",312.0
1208,9078,2,10,2023-05-07T19:48:53.610000+00:00,32.206,35.208,25.98,212.0,185.0,False,93.394,"[None, 2048, 2048, 2048, 2048, 2048, 2048, 2049, 2048]","[2048, 2048, 2048, 2048, 2049, 2048, 2048, 2048, 2048]","[2048, 2048, 2048, 2048, 2048, 2048, 2048]",315.0
1208,9078,11,11,2023-05-07T19:49:23.016000+00:00,31.472,35.036,25.97,,186.0,False,92.478,"[None, 2048, 2048, 2048, 2048, 2049, 2048, 2049, 2048]","[2049, 2048, 2048, 2049, 2048, 2048, 2048, 2049, 2048]","[2049, 2048, 2048, 2048, 2049, 2048]",303.0
1208,9078,14,11,2023-05-07T19:49:24.875000+00:00,31.785,35.312,25.902,211.0,186.0,False,92.999,"[None, 2048, 2049, 2048, 2049, 2048, 2048, 2048, 2048]","[2049, 2048, 2048, 2048, 2048, 2048, 2048, 2049, 2048]","[2048, 2048, 2048, 2048, 2048, 2048, 2049]",316.0
1208,9078,55,11,2023-05-07T19:49:25.906000+00:00,31.757,35.288,25.926,211.0,184.0,False,92.971,"[None, 2049, 2049, 2048, 2048, 2048, 2048, 2048, 2048]","[2048, 2048, 2048, 2048, 2048, 2048, 2048, 2048, 2048]","[2048, 2048, 2048, 2048, 2048, 2048]",327.0
1208,9078,1,11,2023-05-07T19:49:27.859000+00:00,31.481,34.914,25.856,212.0,186.0,False,92.251,"[None, 2048, 2049, 2049, 2048, 2049, 2049, 2049, 2048]","[2048, 2048, 2048, 2048, 2048, 2048, 2048, 2049, 2048]","[2048, 2048, 2048, 2049, 2048, 2048]",312.0
1208,9078,63,11,2023-05-07T19:49:29.234000+00:00,31.914,35.116,25.954,,185.0,False,92.984,"[2048, 2048, 2048, 2048, 2048, 2048, 2048, 2048, 2049]","[2048, 2048, 2048, 2048, 2048, 2048, 2048, 2048, 2048]","[2048, 2048, 2048, 2049, 2051, 2048, 2048]",312.0
1208,9078,10,11,2023-05-07T19:49:30.375000+00:00,31.933,35.23,25.982,212.0,186.0,False,93.145,"[None, 2048, 2048, 2048, 2048, 2048, 2048, 2048, 2048]","[2048, 2049, 2048, 2048, 2048, 2048, 2048, 2049, 2048]","[2049, 2048, 2048, 2048, 2048, 2048]",315.0
1208,9078,20,11,2023-05-07T19:49:32.062000+00:00,31.929,35.472,26.03,209.0,183.0,False,93.431,"[None, 2049, 2048, 2048, 2049, 2048, 2048, 2048, 2048]","[2048, 2048, 2048, 2048, 2048, 2048, 2048, 2048, 2048]","[2048, 2048, 2048, 2048, 2048, 2048]",314.0
1208,9078,16,11,2023-05-07T19:49:32.937000+00:00,31.896,35.198,25.782,214.0,185.0,False,92.876,"[None, 2048, 2048, 2048, 2049, 2048, 2048, 2048, 2048]","[2048, 2048, 2048, 2048, 2048, 2048, 2048, 2048, 2048]","[2048, 2048, 2048, 2048, 2048, 2049]",312.0
1208,9078,31,11,2023-05-07T19:49:33.719000+00:00,32.052,35.172,25.871,,185.0,False,93.095,"[None, 2048, 2048, 2048, 2048, 2049, 2048, 2048, 2048]","[2048, 2048, 2048, 2048, 2048, 2048, 2048, 2048, 2049]","[2048, 2048, 2048, 2049, 2048, 2048]",328.0
1208,9078,77,11,2023-05-07T19:49:36.312000+00:00,31.857,35.522,25.998,213.0,187.0,False,93.377,"[None, 2049, 2048, 2049, 2048, 2048, 2048, 2048, 2048]","[2048, 2048, 2048, 2048, 2048, 2048, 2048, 2048, 2048]","[2048, 2048, 2048, 2049, 2048, 2049]",314.0
1208,9078,27,11,2023-05-07T19:49:37.047000+00:00,31.896,35.682,25.864,215.0,185.0,False,93.442,"[None, 2048, 2049, 2049, 2049, 2048, 2048, 2048, 2048]","[2048, 2048, 2048, 2048, 2048, 2048, 2048, 2048, 2048]","[2048, 2048, 2048, 2048, 2048, 2048, 2048]",325.0
1208,9078,23,11,2023-05-07T19:49:37.734000+00:00,32.115,35.402,25.938,210.0,183.0,False,93.455,"[None, 2048, 2049, 2049, 2048, 2048, 2049, 2048, 2048]","[2048, 2048, 2048, 2048, 2049, 2048, 2048, 2048, 2048]","[2048, 2048, 2048, 2048, 2048, 2048]",328.0
1208,9078,44,11,2023-05-07T19:49:38.281000+00:00,32.22,35.346,25.773,209.0,186.0,False,93.339,"[2048, 2048, 2048, 2048, 2048, 2049, 2048, 2049, 2048]","[2048, 2048, 2048, 2048, 2049, 2048, 2048, 2048, 2048]","[2048, 2048, 2048, 2048, 2048, 2048, 2049]",322.0
1208,9078,22,11,2023-05-07T19:49:38.781000+00:00,32.28,35.319,25.966,214.0,185.0,False,93.565,"[None, 2048, 2048, 2048, 2049, 2048, 2048, 2048, 2048]","[2048, 2048, 2049, 2048, 2048, 2048, 2048, 2048, 2048]","[2048, 2048, 2048, 2048, 2048, 2048, 2048]",329.0
1208,9078,24,11,2023-05-07T19:49:39.531000+00:00,32.195,35.361,25.881,,185.0,False,93.437,"[None, 2048, 2048, 2048, 2048, 2048, 2048, 2049, 2048]","[2048, 2048, 2049, 2048, 2048, 2048, 2049, 2048, 2048]","[2049, 2048, 2048, 2048, 2048, 2048, 2048]",324.0
1208,9078,18,11,2023-05-07T19:49:40.187000+00:00,32.326,35.694,25.994,211.0,184.0,False,94.014,"[None, 2048, 2048, 2048, 2049, 2048, 2048, 2048, 2048]","[2048, 2048, 2048, 2048, 2048, 2048, 2048, 2048, 2048]","[2048, 2048, 2048, 2049, 2048, 2048, 2048]",311.0
1208,9078,21,11,2023-05-07T19:49:45.312000+00:00,32.128,35.626,26.044,212.0,184.0,False,93.798,"[None, 2048, 2049, 2048, 2048, 2048, 2048, 2049, 2048]","[2048, 2048, 2048, 2048, 2048, 2048, 2048, 2048, 2048]","[2048, 2048, 2048, 2049, 2049, 2048, 2048]",313.0
1208,9078,81,11,2023-05-07T19:49:56.703000+00:00,31.807,36.959,26.328,212.0,185.0,False,95.094,"[None, 2048, 2048, 2048, 2048, 2048, 2048, 2049, 2048]","[2048, 2048, 2048, 2048, 2049, 2048, 2048, 2048, 2048]","[2048, 2048, 2048, 2048, 2048, 2048, 2048]",304.0
1208,9078,4,11,2023-05-07T19:50:00.078000+00:00,31.751,35.564,26.205,209.0,184.0,False,93.52,"[None, 2048, 2048, 2048, 2048, 2051, 2048, 2049, 2048]","[2048, 2048, 2048, 2048, 2048, 2048, 2048, 2048, 2048]","[2048, 2048, 2048, 2048, 2048, 2048, 2048]",313.0
1208,9078,2,11,2023-05-07T19:50:27.046000+00:00,32.234,35.42,26.013,,184.0,False,93.667,"[None, 2048, 2048, 2048, 2048, 2048, 2048, 2048, 2048]","[2048, 2048, 2048, 2048, 2049, 2048, 2048, 2048, 2048]","[2048, 2048, 2048, 2048, 2048, 2048, 2049]",313.0
1208,9078,11,12,2023-05-07T19:50:55.515000+00:00,31.364,34.995,26.011,210.0,184.0,False,92.37,"[None, 2048, 2048, 2049, 2049, 2049, 2048, 2051, 2048]","[2048, 2048, 2048, 2049, 2048, 2048, 2048, 2048, 2048]","[2048, 2048, 2048, 2048, 2048, 2048, 2049]",306.0
1208,9078,14,12,2023-05-07T19:50:57.874000+00:00,31.639,35.21,25.879,209.0,186.0,False,92.728,"[2048, 2049, 2048, 2049, 2048, 2048, 2048, 2048, 2048]","[2048, 2048, 2048, 2048, 2049, 2048, 2048, 2048, 2048]","[2048, 2048, 2048, 2048, 2049, 2048, 2049]",317.0
1208,9078,55,12,2023-05-07T19:50:58.796000+00:00,31.687,35.057,25.834,212.0,186.0,False,92.578,"[None, 2048, 2048, 2048, 2049, 2048, 2049, 2048, 2048]","[2048, 2048, 2048, 2048, 2048, 2048, 2048, 2048, 2048]","[2048, 2048, 2048, 2049, 2048, 2048, 2048]",328.0
1208,9078,1,12,2023-05-07T19:51:00.015000+00:00,31.628,34.885,25.791,,186.0,False,92.304,"[None, 2048, 2048, 2049, 2051, 2048, 2048, 2049, 2048]","[2048, 2048, 2048, 2048, 2048, 2048, 2048, 2048, 2048]","[2048, 2048, 2048, 2048, 2048, 2048, 2048]",314.0
1208,9078,63,12,2023-05-07T19:51:02.311000+00:00,31.594,35.069,25.964,212.0,185.0,False,92.627,"[None, 2048, 2048, 2049, 2049, 2048, 2049, 2048, 2048]","[2048, 2048, 2048, 2048, 2048, 2048, 2049, 2048, 2049]","[2048, 2048, 2048, 2049, 2048, 2048, 2048]",318.0
1208,9078,10,12,2023-05-07T19:51:03.530000+00:00,32.002,35.222,26.105,210.0,185.0,False,93.329,"[None, 2049, 2048, 2048, 2049, 2048, 2048, 2048, 2048]","[2048, 2048, 2048, 2048, 2048, 2048, 2048, 2048, 2049]","[2048, 2048, 2048, 2048, 2048, 2048, 2048]",314.0
1208,9078,20,12,2023-05-07T19:51:05.514000+00:00,31.796,35.416,25.936,212.0,184.0,False,93.148,"[None, 2048, 2048, 2048, 2049, 2049, 2048, 2048, 2048]","[2048, 2048, 2048, 2048, 2048, 2048, 2048, 2048, 2048]","[2048, 2048, 2048, 2049, 2049, 2048, 2048]",319.0
1208,9078,16,12,2023-05-07T19:51:05.827000+00:00,32.175,35.271,25.617,,184.0,False,93.063,"[2049, 2048, 2048, 2048, 2049, 2048, 2048, 2048, 2048]","[2049, 2049, 2048, 2048, 2048, 2048, 2048, 2048, 2048]","[2048, 2048, 2049, 2048, 2049, 2048]",326.0
1208,9078,31,12,2023-05-07T19:51:06.811000+00:00,32.027,35.264,25.816,,185.0,False,93.107,"[None, 2048, 2048, 2048, 2049, 2048, 2048, 2048, 2048]","[2049, 2048, 2048, 2048, 2048, 2048, 2048, 2048, 2048]","[2048, 2048, 2048, 2049, 2048, 2048, 2048]",330.0
1208,9078,77,12,2023-05-07T19:51:09.702000+00:00,31.774,35.345,26.032,,186.0,False,93.151,"[None, 2048, 2049, 2048, 2048, 2048, 2048, 2048, 2048]","[2048, 2048, 2048, 2048, 2048, 2049, 2048, 2048, 2048]","[2048, 2048, 2048, 2048, 2049, 2048]",315.0
1208,9078,27,12,2023-05-07T19:51:10.483000+00:00,31.762,35.632,25.989,213.0,183.0,False,93.383,"[None, 2048, 2049, 2048, 2049, 2048, 2048, 2048, 2048]","[2048, 2048, 2048, 2048, 2048, 2048, 2048, 2048, 2048]","[2048, 2048, 2048, 2048, 2048, 2048, 2048]",318.0
1208,9078,23,12,2023-05-07T19:51:11.186000+00:00,32.005,35.232,26.055,,182.0,False,93.292,"[None, 2049, 2049, 2048, 2048, 2048, 2049, 2049, 2048]","[2048, 2048, 2048, 2048, 2048, 2048, 2048, 2048, 2048]","[2048, 2048, 2048, 2048, 2048, 2048]",304.0
1208,9078,44,12,2023-05-07T19:51:11.593000+00:00,32.067,35.274,26.031,,185.0,False,93.372,"[None, 2048, 2048, 2048, 2048, 2049, 2048, 2048, 2048]","[2048, 2048, 2048, 2048, 2048, 2048, 2048, 2048, 2048]","[2048, 2048, 2048, 2048, 2048, 2048]",317.0
1208,9078,22,12,2023-05-07T19:51:12.343000+00:00,32.108,35.21,25.868,213.0,185.0,False,93.186,"[2048, 2048, 2048, 2048, 2048, 2048, 2048, 2048, 2048]","[2048, 2048, 2048, 2048, 2049, 2048, 2048, 2048, 2048]","[2049, 2048, 2048, 2048, 2048, 2049]",334.0
1208,9078,24,12,2023-05-07T19:51:12.967000+00:00,32.116,35.356,25.83,209.0,184.0,False,93.302,"[None, 2048, 2048, 2048, 2049, 2048, 2048, 2048, 2048]","[2048, 2048, 2048, 2048, 2048, 2048, 2048, 2048, 2048]","[2048, 2048, 2048, 2048, 2048, 2048, 2048]",333.0
1208,9078,18,12,2023-05-07T19:51:14.202000+00:00,32.204,35.494,26.02,,184.0,False,93.718,"[None, 2048, 2049, 2048, 2048, 2048, 2048, 2048, 2049]","[2048, 2048, 2048, 2048, 2048, 2049, 2048, 2048, 2048]","[2048, 2048, 2048, 2049, 2048, 2048, 2048]",305.0
1208,9078,21,12,2023-05-07T19:51:19.124000+00:00,32.046,35.639,26.176,213.0,184.0,False,93.861,"[None, 2048, 2048, 2049, 2049, 2049, 2048, 2048, 2048]","[2048, 2048, 2048, 2048, 2048, 2048, 2048, 2048, 2048]","[2048, 2048, 2048, 2048, 2048, 2049, 2048]",312.0
1208,9078,81,12,2023-05-07T19:51:31.795000+00:00,32.185,35.647,27.061,210.0,184.0,False,94.893,"[None, 2048, 2048, 2048, 2049, 2048, 2048, 2048, 2048]","[2048, 2048, 2048, 2048, 2048, 2048, 2048, 2048, 2048]","[2048, 2048, 2048, 2048, 2048, 2048, 2048]",307.0
1208,9078,4,12,2023-05-07T19:51:33.592000+00:00,31.656,35.497,26.199,212.0,183.0,False,93.352,"[None, 2049, 2048, 2048, 2049, 2048, 2049, 2048, 2048]","[2048, 2048, 2048, 2048, 2048, 2048, 2048, 2048, 2048]","[2048, 2048, 2048, 2048, 2048, 2048, 2049]",312.0
1208,9078,2,12,2023-05-07T19:52:00.654000+00:00,32.372,35.487,25.958,,185.0,False,93.817,"[None, 2048, 2048, 2048, 2049, 2048, 2048, 2048, 2048]","[2049, 2048, 2048, 2048, 2048, 2048, 2048, 2048, 2048]","[2048, 2048, 2048, 2049, 2048, 2048, 2048]",316.0
1208,9078,11,13,2023-05-07T19:52:27.889000+00:00,31.217,34.86,25.839,212.0,184.0,False,91.916,"[None, 2049, 2048, 2048, 2048, 2049, 2048, 2048, 2048]","[2049, 2049, 2049, 2049, 2048, 2048, 2051, 2049, 2048]","[2048, 2049, 2049, 2049, 2048, 2049]",311.0
1208,9078,14,13,2023-05-07T19:52:30.592000+00:00,31.609,34.996,25.794,210.0,186.0,False,92.399,"[None, 2048, 2048, 2048, 2048, 2048, 2049, 2048, 2048]","[2048, 2048, 2048, 2048, 2048, 2048, 2049, 2049, 2048]","[2049, 2049, 2048, 2051, 2048, 2048, 2048]",319.0
1208,9078,55,13,2023-05-07T19:52:31.373000+00:00,31.67,35.07,25.674,211.0,187.0,False,92.414,"[2049, 2049, 2048, 2048, 2048, 2049, 2048, 2048, 2048]","[2048, 2048, 2048, 2049, 2048, 2048, 2048, 2048, 2048]","[2049, 2048, 2048, 2048, 2048, 2049, 2048]",336.0
1208,9078,1,13,2023-05-07T19:52:32.388000+00:00,31.561,34.698,25.477,211.0,187.0,False,91.736,"[None, 2048, 2048, 2048, 2048, 2049, 2049, 2048, 2048]","[2048, 2048, 2048, 2048, 2049, 2048, 2048, 2048, 2048]","[2051, 2049, 2048, 2048, 2048, 2048]",328.0
1208,9078,63,13,2023-05-07T19:52:34.967000+00:00,31.846,35.264,25.87,,185.0,False,92.98,"[None, 2049, 2051, 2048, 2048, 2048, 2048, 2048, 2048]","[2048, 2048, 2048, 2048, 2048, 2048, 2049, 2048, 2048]","[2048, 2048, 2048, 2049, 2048, 2048]",318.0
1208,9078,10,13,2023-05-07T19:52:36.857000+00:00,32.047,35.285,25.927,,185.0,False,93.259,"[None, 2048, 2048, 2048, 2048, 2048, 2048, 2048, 2048]","[2048, 2048, 2048, 2048, 2048, 2049, 2048, 2049, 2048]","[2048, 2048, 2048, 2049, 2048, 2048, 2048]",314.0
1208,9078,20,13,2023-05-07T19:52:38.638000+00:00,33.138,35.568,25.84,,184.0,False,94.546,"[None, 2048, 2048, 2048, 2048, 2048, 2048, 2048, 2048]","[2048, 2048, 2048, 2048, 2048, 2048, 2048, 2048, 2048]","[2048, 2048, 2048, 2049, 2049, 2048, 2048]",323.0
1208,9078,16,13,2023-05-07T19:52:38.920000+00:00,33.304,35.571,25.718,213.0,186.0,False,94.593,"[None, 2049, 2048, 2048, 2048, 2048, 2048, 2048, 2048]","[2049, 2049, 2049, 2048, 2048, 2048, 2048, 2048, 2048]","[2049, 2048, 2048, 2048, 2048, 2048]",327.0
1208,9078,31,13,2023-05-07T19:52:39.982000+00:00,32.789,35.601,25.923,214.0,185.0,False,94.313,"[None, 2048, 2048, 2048, 2048, 2048, 2048, 2048, 2048]","[2049, 2048, 2048, 2048, 2048, 2048, 2048, 2048, 2048]","[2049, 2049, 2048, 2048, 2048, 2048]",326.0
1208,9078,77,13,2023-05-07T19:52:42.810000+00:00,31.895,35.467,25.99,,185.0,False,93.352,"[None, 2049, 2048, 2048, 2049, 2048, 2048, 2049, 2048]","[2048, 2048, 2048, 2048, 2048, 2048, 2048, 2048, 2048]","[2048, 2048, 2048, 2048, 2049, 2048, 2048]",316.0
1208,9078,27,13,2023-05-07T19:52:43.857000+00:00,31.956,35.587,26.002,211.0,183.0,False,93.545,"[None, 2048, 2049, 2048, 2048, 2048, 2048, 2048, 2048]","[2048, 2048, 2048, 2048, 2048, 2049, 2048, 2048, 2048]","[2048, 2048, 2048, 2048, 2048, 2048, 2048]",318.0
1208,9078,23,13,2023-05-07T19:52:44.513000+00:00,32.177,35.5,25.928,208.0,182.0,False,93.605,"[None, 2048, 2048, 2048, 2048, 2048, 2048, 2049, 2048]","[2048, 2048, 2048, 2048, 2048, 2048, 2048, 2048, 2048]","[2048, 2048, 2048, 2048, 2048, 2048, 2048]",325.0
1208,9078,44,13,2023-05-07T19:52:44.951000+00:00,32.118,35.552,25.913,208.0,185.0,False,93.583,"[None, 2048, 2048, 2048, 2049, 2049, 2049, 2048, 2048]","[2048, 2048, 2048, 2048, 2048, 2048, 2048, 2048, 2048]","[2048, 2049, 2048, 2048, 2048, 2048, 2048]",323.0
1208,9078,22,13,2023-05-07T19:52:45.545000+00:00,32.369,35.391,25.802,,184.0,False,93.562,"[None, 2048, 2048, 2048, 2048, 2048, 2048, 2048, 2048]","[2048, 2048, 2048, 2048, 2048, 2048, 2048, 2048, 2048]","[2048, 2049, 2048, 2048, 2048, 2049, 2048]",331.0
1208,9078,24,13,2023-05-07T19:52:46.279000+00:00,32.218,35.597,25.882,211.0,184.0,False,93.697,"[None, 2048, 2048, 2048, 2048, 2048, 2048, 2048, 2048]","[2049, 2048, 2048, 2048, 2048, 2048, 2048, 2048, 2048]","[2048, 2049, 2049, 2049, 2048, 2049, 2048]",344.0
1208,9078,18,13,2023-05-07T19:52:47.951000+00:00,32.261,35.539,25.966,208.0,184.0,False,93.766,"[None, 2049, 2048, 2048, 2048, 2048, 2048, 2048, 2048]","[2048, 2048, 2048, 2048, 2048, 2049, 2048, 2049, 2048]","[2049, 2048, 2048, 2048, 2049, 2048, 2048]",311.0
1208,9078,21,13,2023-05-07T19:52:52.982000+00:00,31.965,35.616,26.173,211.0,184.0,False,93.754,"[None, 2048, 2049, 2048, 2048, 2049, 2049, 2049, 2048]","[2048, 2048, 2048, 2048, 2048, 2048, 2048, 2049, 2048]","[2048, 2048, 2048, 2048, 2048, 2048]",311.0
1208,9078,81,13,2023-05-07T19:53:06.716000+00:00,33.018,35.735,26.32,,184.0,False,95.073,"[None, 2048, 2048, 2048, 2048, 2048, 2048, 2048, 2048]","[2048, 2048, 2048, 2048, 2048, 2048, 2048, 2048, 2048]","[2048, 2048, 2048, 2048, 2048, 2048, 2048]",307.0
1208,9078,4,13,2023-05-07T19:53:06.997000+00:00,31.58,35.319,26.246,209.0,184.0,False,93.145,"[None, 2048, 2048, 2048, 2048, 2048, 2048, 2049, 2048]","[2048, 2048, 2048, 2048, 2048, 2048, 2048, 2048, 2048]","[2048, 2048, 2048, 2048, 2048, 2048, 2048]",311.0
1208,9078,2,13,2023-05-07T19:53:34.466000+00:00,32.084,35.487,26.11,210.0,185.0,False,93.681,"[None, 2049, 2048, 2048, 2048, 2048, 2048, 2049, 2048]","[2048, 2048, 2048, 2048, 2048, 2048, 2048, 2048, 2048]","[2048, 2048, 2048, 2048, 2048, 2048, 2048]",314.0
1208,9078,11,14,2023-05-07T19:53:59.794000+00:00,31.444,35.229,25.951,211.0,186.0,False,92.624,"[None, 2048, 2048, 2048, 2048, 2048, 2048, 2048, 2048]","[2048, 2048, 2048, 2048, 2048, 2048, 2048, 2048, 2048]","[2048, 2048, 2048, 2048, 2048, 2048, 2048]",306.0
1208,9078,14,14,2023-05-07T19:54:03.028000+00:00,31.653,35.258,25.863,209.0,186.0,False,92.774,"[None, 2048, 2048, 2048, 2048, 2049, 2049, 2048, 2048]","[2048, 2048, 2048, 2048, 2048, 2048, 2049, 2048, 2048]","[2048, 2048, 2048, 2048, 2048, 2048, 2048]",319.0
1208,9078,55,14,2023-05-07T19:54:03.809000+00:00,31.711,35.881,25.727,205.0,185.0,False,93.319,"[2048, 2048, 2048, 2048, 2048, 2048, 2048, 2048, 2048]","[2048, 2048, 2048, 2048, 2048, 2048, 2048, 2048, 2048]","[2048, 2048, 2048, 2049, 2048, 2049]",333.0
1208,9078,1,14,2023-05-07T19:54:04.044000+00:00,31.857,34.654,25.682,210.0,187.0,False,92.193,"[None, 2048, 2048, 2048, 2048, 2048, 2048, 2048, 2048]","[2048, 2048, 2048, 2048, 2048, 2048, 2048, 2048, 2048]","[2048, 2048, 2048, 2048, 2048, 2048]",314.0
1208,9078,63,14,2023-05-07T19:54:08.028000+00:00,31.687,35.316,25.992,210.0,186.0,False,92.995,"[None, 2048, 2048, 2048, 2048, 2049, 2048, 2048, 2048]","[2048, 2048, 2048, 2048, 2048, 2048, 2048, 2048, 2048]","[2048, 2048, 2048, 2049, 2048, 2049]",319.0
1208,9078,10,14,2023-05-07T19:54:10.122000+00:00,32.077,35.639,26.027,211.0,184.0,False,93.743,"[None, 2048, 2048, 2048, 2048, 2048, 2048, 2048, 2048]","[2048, 2048, 2048, 2048, 2048, 2048, 2049, 2048, 2048]","[2048, 2048, 2048, 2049, 2048, 2048]",314.0
1208,9078,20,14,2023-05-07T19:54:13.200000+00:00,32.081,35.7,30.947,207.0,184.0,False,98.728,"[None, 2048, 2048, 2048, 2048, 2048, 2048, 2048, 2048]","[2048, 2048, 2048, 2048, 2048, 2048, 2049, 2048, 2048]","[2048, 2048, 2048, 2048, 2048, 2048, 2064]",323.0
1208,9078,16,14,2023-05-07T19:54:13.528000+00:00,32.339,35.652,25.756,209.0,185.0,False,93.747,"[2048, 2048, 2048, 2048, 2048, 2048, 2048, 2048, 2048]","[2048, 2048, 2048, 2048, 2048, 2048, 2048, 2048, 2048]","[2048, 2048, 2048, 2048, 2048, 2048]",324.0
1208,9078,31,14,2023-05-07T19:54:14.215000+00:00,32.491,35.607,25.835,210.0,184.0,False,93.933,"[None, 2048, 2048, 2048, 2048, 2048, 2048, 2048, 2048]","[2048, 2048, 2048, 2048, 2048, 2048, 2048, 2048, 2048]","[2048, 2048, 2048, 2048, 2048, 2048]",329.0
1208,9078,77,14,2023-05-07T19:54:16.200000+00:00,32.011,35.858,26.025,211.0,185.0,False,93.894,"[None, 2048, 2048, 2048, 2048, 2048, 2048, 2048, 2048]","[2048, 2048, 2048, 2048, 2048, 2048, 2048, 2048, 2048]","[2048, 2048, 2048, 2048, 2048, 2048]",314.0
1208,9078,27,14,2023-05-07T19:54:17.419000+00:00,31.923,35.724,25.787,,185.0,False,93.434,"[None, 2048, 2048, 2048, 2048, 2048, 2048, 2048, 2048]","[2048, 2048, 2048, 2048, 2048, 2048, 2048, 2048, 2048]","[2049, 2048, 2048, 2048, 2048, 2048]",323.0
1208,9078,23,14,2023-05-07T19:54:18.090000+00:00,32.243,35.669,25.792,207.0,183.0,False,93.704,"[None, 2048, 2048, 2048, 2048, 2048, 2049, 2048, 2048]","[2048, 2048, 2048, 2048, 2048, 2048, 2048, 2048, 2048]","[2048, 2048, 2048, 2049, 2049, 2048]",326.0
1208,9078,44,14,2023-05-07T19:54:18.528000+00:00,32.15,35.719,25.953,211.0,184.0,False,93.822,"[None, 2048, 2048, 2048, 2049, 2048, 2048, 2048, 2048]","[2048, 2048, 2048, 2048, 2048, 2048, 2048, 2048, 2048]","[2048, 2049, 2048, 2048, 2048, 2048, 2048]",292.0
1208,9078,22,14,2023-05-07T19:54:19.106000+00:00,32.4,35.535,25.942,211.0,186.0,False,93.877,"[None, 2048, 2048, 2048, 2048, 2048, 2049, 2048, 2048]","[2048, 2048, 2048, 2048, 2048, 2048, 2048, 2048, 2048]","[2049, 2049, 2049, 2048, 2048, 2048, 2048]",329.0
1208,9078,24,14,2023-05-07T19:54:19.965000+00:00,32.244,35.642,25.978,205.0,184.0,False,93.864,"[None, 2048, 2048, 2048, 2048, 2048, 2048, 2048, 2048]","[2048, 2048, 2048, 2048, 2048, 2048, 2048, 2048, 2048]","[2048, 2048, 2048, 2048, 2048, 2048, 2048]",323.0
1208,9078,18,14,2023-05-07T19:54:21.669000+00:00,32.191,35.561,26.006,207.0,185.0,False,93.758,"[None, 2048, 2048, 2048, 2048, 2048, 2048, 2048, 2049]","[2048, 2048, 2048, 2048, 2048, 2048, 2048, 2048, 2048]","[2049, 2048, 2048, 2048, 2048, 2048, 2048]",324.0
1208,9078,21,14,2023-05-07T19:54:26.762000+00:00,32.094,35.685,26.216,212.0,184.0,False,93.995,"[None, 2048, 2048, 2048, 2048, 2048, 2048, 2048, 2048]","[2048, 2048, 2048, 2048, 2048, 2048, 2048, 2048, 2048]","[2048, 2048, 2048, 2048, 2048, 2048, 2048]",311.0
1208,9078,4,14,2023-05-07T19:54:40.043000+00:00,31.515,35.468,26.189,210.0,184.0,False,93.172,"[None, 2048, 2048, 2048, 2048, 2048, 2048, 2049, 2048]","[2048, 2048, 2048, 2048, 2048, 2048, 2048, 2048, 2048]","[2048, 2048, 2048, 2048, 2048, 2048]",314.0
1208,9078,81,14,2023-05-07T19:54:41.793000+00:00,31.756,35.572,26.203,212.0,184.0,False,93.531,"[None, 2048, 2048, 2048, 2049, 2049, 2048, 2048, 2048]","[2048, 2048, 2048, 2048, 2048, 2048, 2048, 2048, 2048]","[2048, 2048, 2048, 2048, 2048, 2048]",310.0
1208,9078,2,14,2023-05-07T19:55:08.137000+00:00,32.169,35.62,26.148,,183.0,False,93.937,"[None, 2048, 2048, 2048, 2049, 2048, 2048, 2048, 2048]","[2048, 2048, 2048, 2048, 2048, 2048, 2048, 2048, 2048]","[2048, 2048, 2048, 2049, 2048, 2048, 2048]",316.0
1208,9078,11,15,2023-05-07T19:55:32.402000+00:00,31.404,35.279,25.92,210.0,184.0,False,92.603,"[None, 2048, 2048, 2048, 2048, 2048, 2048, 2048, 2048]","[2048, 2048, 2048, 2048, 2048, 2048, 2048, 2048, 2048]","[2048, 2048, 2048, 2048, 2048, 2048, 2048]",309.0
1208,9078,14,15,2023-05-07T19:55:35.777000+00:00,31.868,36.018,25.832,210.0,185.0,False,93.718,"[None, 2048, 2048, 2048, 2048, 2048, 2048, 2048, 2048]","[2048, 2048, 2048, 2048, 2048, 2048, 2048, 2048, 2048]","[2049, 2049, 2049, 2048, 2048, 2048, 2048]",326.0
1208,9078,1,15,2023-05-07T19:55:36.215000+00:00,31.829,34.712,25.892,209.0,186.0,False,92.433,"[None, 2048, 2048, 2048, 2048, 2048, 2048, 2049, 2048]","[2048, 2048, 2048, 2048, 2048, 2048, 2048, 2049, 2048]","[2048, 2048, 2048, 2049, 2049, 2048]",306.0
1208,9078,55,15,2023-05-07T19:55:37.105000+00:00,31.834,35.521,25.705,210.0,186.0,False,93.06,"[2049, 2048, 2048, 2048, 2048, 2048, 2048, 2048, 2048]","[2048, 2048, 2048, 2048, 2048, 2048, 2048, 2048, 2048]","[2048, 2048, 2048, 2051, 2048, 2049, 2049]",334.0
1208,9078,63,15,2023-05-07T19:55:40.902000+00:00,31.605,35.28,25.946,211.0,186.0,False,92.831,"[None, 2048, 2051, 2048, 2048, 2048, 2048, 2048, 2048]","[2048, 2048, 2048, 2048, 2048, 2048, 2048, 2048, 2048]","[2049, 2048, 2048, 2048, 2048, 2048]",315.0
1208,9078,10,15,2023-05-07T19:55:43.918000+00:00,31.844,35.6,30.962,214.0,185.0,False,98.406,"[None, 2048, 2049, 2048, 2048, 2048, 2048, 2049, 2048]","[2048, 2048, 2048, 2048, 2048, 2048, 2048, 2048, 2048]","[2048, 2048, 2048, 2048, 2049, 2048, 2064]",314.0
1208,9078,16,15,2023-05-07T19:55:47.136000+00:00,32.065,35.36,26.01,214.0,184.0,False,93.435,"[None, 2048, 2048, 2048, 2049, 2049, 2049, 2048, 2048]","[2048, 2048, 2048, 2048, 2048, 2049, 2048, 2048, 2049]","[2048, 2048, 2048, 2049, 2049, 2048]",308.0
1208,9078,31,15,2023-05-07T19:55:48.058000+00:00,31.914,35.469,25.875,215.0,184.0,False,93.258,"[None, 2048, 2048, 2048, 2048, 2048, 2048, 2048, 2048]","[2048, 2048, 2048, 2048, 2048, 2048, 2048, 2048, 2048]","[2048, 2048, 2048, 2048, 2048, 2049]",324.0
1208,9078,77,15,2023-05-07T19:55:50.058000+00:00,32.049,36.874,30.708,214.0,185.0,False,99.631,"[None, 2048, 2048, 2048, 2048, 2048, 2048, 2049, 2048]","[2048, 2048, 2048, 2048, 2048, 2048, 2048, 2048, 2048]","[2048, 2048, 2048, 2048, 2048, 2048, 2064]",331.0
1208,9078,27,15,2023-05-07T19:55:50.761000+00:00,32.0,35.49,26.983,213.0,186.0,False,94.473,"[None, 2048, 2048, 2048, 2049, 2048, 2048, 2048, 2048]","[2048, 2048, 2048, 2048, 2049, 2048, 2048, 2048, 2048]","[2048, 2048, 2048, 2049, 2048, 2048]",318.0
1208,9078,23,15,2023-05-07T19:55:51.683000+00:00,32.312,36.187,25.913,209.0,182.0,False,94.412,"[None, 2049, 2048, 2048, 2048, 2048, 2048, 2048, 2048]","[2048, 2048, 2048, 2048, 2048, 2048, 2048, 2048, 2049]","[2048, 2048, 2048, 2048, 2048, 2048]",330.0
1208,9078,20,15,2023-05-07T19:55:51.886000+00:00,46.658,34.86,25.845,214.0,186.0,True,107.363,"[2064, 2064, 2064, 2048, 2048, 2048, 2048, 2049, 2049]","[2048, 2048, 2048, 2048, 2048, 2051, 2049, 2051, 2049]","[2048, 2048, 2048, 2048, 2051, 2049, 2048]",311.0
1208,9078,44,15,2023-05-07T19:55:52.355000+00:00,32.123,35.093,26.138,212.0,185.0,False,93.354,"[None, 2048, 2048, 2048, 2051, 2048, 2048, 2048, 2048]","[2049, 2048, 2048, 2048, 2048, 2048, 2049, 2048, 2048]","[2048, 2048, 2048, 2048, 2048, 2049]",327.0
1208,9078,22,15,2023-05-07T19:55:52.964000+00:00,32.287,35.519,25.907,212.0,185.0,False,93.713,"[None, 2048, 2048, 2048, 2048, 2048, 2048, 2048, 2048]","[2048, 2048, 2048, 2048, 2048, 2048, 2048, 2048, 2048]","[2048, 2048, 2048, 2048, 2048, 2048]",318.0
1208,9078,24,15,2023-05-07T19:55:53.839000+00:00,32.216,35.615,25.918,211.0,183.0,False,93.749,"[None, 2048, 2048, 2048, 2048, 2048, 2048, 2048, 2048]","[2048, 2048, 2048, 2048, 2048, 2049, 2048, 2048, 2048]","[2048, 2048, 2048, 2048, 2048, 2048]",324.0
1208,9078,18,15,2023-05-07T19:55:55.449000+00:00,32.027,35.485,25.894,211.0,184.0,False,93.406,"[None, 2048, 2048, 2048, 2048, 2048, 2049, 2048, 2048]","[2048, 2048, 2048, 2048, 2048, 2048, 2049, 2048, 2048]","[2048, 2048, 2048, 2049, 2048, 2048, 2048]",324.0
1208,9078,21,15,2023-05-07T19:56:00.745000+00:00,31.906,35.702,31.2,211.0,185.0,False,98.808,"[None, 2048, 2048, 2049, 2049, 2049, 2048, 2048, 2048]","[2048, 2048, 2048, 2048, 2048, 2048, 2048, 2048, 2048]","[2048, 2048, 2048, 2048, 2049, 2048, 2064]",313.0
1208,9078,4,15,2023-05-07T19:56:13.292000+00:00,31.716,35.534,26.148,211.0,184.0,False,93.398,"[None, 2048, 2048, 2048, 2048, 2048, 2049, 2048, 2048]","[2048, 2048, 2048, 2048, 2048, 2048, 2048, 2048, 2048]","[2048, 2048, 2048, 2048, 2048, 2048]",314.0
1208,9078,81,15,2023-05-07T19:56:15.339000+00:00,31.604,35.598,26.213,213.0,184.0,False,93.415,"[None, 2048, 2049, 2048, 2049, 2049, 2048, 2049, 2048]","[2049, 2048, 2048, 2048, 2048, 2048, 2048, 2048, 2048]","[2048, 2048, 2048, 2048, 2048, 2048]",309.0
1208,9078,2,15,2023-05-07T19:56:42.104000+00:00,32.482,35.637,26.104,214.0,184.0,False,94.223,"[None, 2048, 2048, 2048, 2049, 2048, 2048, 2048, 2048]","[2049, 2048, 2048, 2048, 2048, 2048, 2048, 2048, 2048]","[2048, 2048, 2048, 2048, 2048, 2048, 2048]",320.0
1208,9078,11,16,2023-05-07T19:57:04.995000+00:00,31.473,35.568,26.022,,185.0,False,93.063,"[None, 2048, 2048, 2048, 2048, 2048, 2048, 2048, 2048]","[2048, 2048, 2048, 2048, 2048, 2048, 2048, 2048, 2048]","[2048, 2049, 2048, 2048, 2048, 2048, 2048]",308.0
1208,9078,1,16,2023-05-07T19:57:08.651000+00:00,31.53,34.973,25.83,212.0,187.0,False,92.333,"[None, 2048, 2048, 2048, 2051, 2048, 2048, 2048, 2048]","[2048, 2048, 2048, 2048, 2048, 2049, 2049, 2048, 2048]","[2048, 2048, 2048, 2048, 2049, 2048, 2048]",308.0
1208,9078,14,16,2023-05-07T19:57:09.479000+00:00,31.658,35.346,25.835,209.0,186.0,False,92.839,"[2049, 2048, 2049, 2048, 2049, 2049, 2048, 2048, 2048]","[2048, 2048, 2049, 2049, 2048, 2048, 2048, 2048, 2048]","[2049, 2048, 2048, 2048, 2048, 2049]",323.0
1208,9078,55,16,2023-05-07T19:57:10.167000+00:00,31.717,35.285,25.961,212.0,186.0,False,92.963,"[None, 2048, 2048, 2048, 2049, 2048, 2048, 2048, 2048]","[2048, 2048, 2048, 2049, 2048, 2048, 2048, 2048, 2048]","[2048, 2048, 2048, 2048, 2048, 2048, 2048]",331.0
1208,9078,63,16,2023-05-07T19:57:13.745000+00:00,31.628,35.117,26.077,210.0,186.0,False,92.822,"[None, 2048, 2048, 2048, 2048, 2049, 2048, 2048, 2048]","[2048, 2048, 2048, 2048, 2048, 2048, 2049, 2048, 2048]","[2048, 2048, 2048, 2049, 2048, 2051]",317.0
1208,9078,16,16,2023-05-07T19:57:20.588000+00:00,31.823,35.459,26.068,,184.0,False,93.35,"[None, 2048, 2048, 2048, 2049, 2049, 2048, 2048, 2048]","[2048, 2048, 2048, 2048, 2048, 2048, 2049, 2048, 2048]","[2048, 2048, 2048, 2049, 2048, 2048]",308.0
1208,9078,31,16,2023-05-07T19:57:21.323000+00:00,31.978,35.334,25.909,214.0,185.0,False,93.221,"[None, 2048, 2048, 2048, 2048, 2048, 2048, 2048, 2048]","[2048, 2048, 2048, 2048, 2048, 2048, 2048, 2048, 2048]","[2048, 2048, 2048, 2048, 2048, 2048, 2048]",324.0
1208,9078,10,16,2023-05-07T19:57:22.229000+00:00,47.127,34.947,25.975,212.0,186.0,True,108.049,"[2064, 2064, 2064, 2048, 2048, 2048, 2049, 2048, 2049]","[2048, 2048, 2048, 2048, 2048, 2049, 2049, 2049, 2051]","[2048, 2048, 2048, 2048, 2051, 2048, 2048]",311.0
1208,9078,27,16,2023-05-07T19:57:25.260000+00:00,31.619,35.542,26.105,214.0,186.0,False,93.266,"[None, 2048, 2049, 2048, 2048, 2049, 2048, 2048, 2048]","[2048, 2048, 2048, 2048, 2048, 2049, 2048, 2049, 2049]","[2048, 2048, 2048, 2048, 2048, 2048]",314.0
1208,9078,44,16,2023-05-07T19:57:25.666000+00:00,31.835,35.649,25.895,206.0,185.0,False,93.379,"[None, 2048, 2049, 2049, 2048, 2048, 2048, 2048, 2048]","[2048, 2048, 2048, 2048, 2048, 2048, 2048, 2048, 2048]","[2048, 2048, 2048, 2048, 2048, 2048]",326.0
1208,9078,23,16,2023-05-07T19:57:26.104000+00:00,32.454,35.487,25.969,211.0,184.0,False,93.91,"[None, 2048, 2048, 2048, 2048, 2048, 2049, 2048, 2048]","[2048, 2048, 2048, 2048, 2048, 2048, 2048, 2048, 2049]","[2048, 2048, 2048, 2048, 2048, 2048]",331.0
1208,9078,22,16,2023-05-07T19:57:26.604000+00:00,32.475,35.451,25.818,213.0,184.0,False,93.744,"[2049, 2048, 2048, 2048, 2048, 2048, 2048, 2048, 2048]","[2048, 2048, 2048, 2048, 2048, 2048, 2048, 2048, 2048]","[2048, 2048, 2048, 2048, 2048, 2049]",327.0
1208,9078,24,16,2023-05-07T19:57:27.479000+00:00,32.318,35.688,26.004,,183.0,False,94.01,"[None, 2048, 2048, 2048, 2048, 2048, 2048, 2048, 2048]","[2048, 2048, 2048, 2048, 2048, 2048, 2048, 2048, 2048]","[2048, 2048, 2048, 2048, 2048, 2048]",331.0
1208,9078,18,16,2023-05-07T19:57:28.776000+00:00,32.122,35.453,25.867,212.0,183.0,False,93.442,"[None, 2048, 2048, 2048, 2049, 2048, 2048, 2049, 2048]","[2048, 2048, 2048, 2048, 2048, 2048, 2049, 2048, 2048]","[2048, 2048, 2048, 2048, 2048, 2048, 2048]",333.0
1208,9078,77,16,2023-05-07T19:57:29.698000+00:00,47.474,35.061,25.94,214.0,188.0,True,108.475,"[2064, 2064, 2064, 2048, 2048, 2048, 2048, 2048, 2049]","[2048, 2048, 2048, 2048, 2048, 2049, 2051, 2049, 2049]","[2048, 2048, 2048, 2049, 2049, 2051, 2048]",307.0
1208,9078,20,16,2023-05-07T19:57:39.276000+00:00,31.247,35.097,25.79,,187.0,False,92.134,"[2048, 2048, 2051, 2049, 2048, 2051, 2048, 2049, 2048]","[2048, 2048, 2048, 2048, 2048, 2048, 2048, 2048, 2048]","[2049, 2048, 2048, 2048, 2048, 2048]",312.0
1208,9078,21,16,2023-05-07T19:57:39.838000+00:00,48.55,35.439,26.142,213.0,186.0,True,110.131,"[2064, 2064, 2064, 2048, 2048, 2048, 2048, 2048, 2049]","[2048, 2048, 2048, 2048, 2048, 2049, 2048, 2049, 2049]","[2048, 2048, 2048, 2048, 2049, 2048, 2048]",307.0
1208,9078,4,16,2023-05-07T19:57:46.682000+00:00,31.752,35.649,26.102,209.0,184.0,False,93.503,"[None, 2048, 2048, 2048, 2048, 2048, 2048, 2048, 2048]","[2048, 2048, 2048, 2048, 2048, 2048, 2048, 2048, 2048]","[2048, 2048, 2048, 2048, 2048, 2048]",318.0
1208,9078,81,16,2023-05-07T19:57:48.729000+00:00,31.572,35.752,26.22,,184.0,False,93.544,"[None, 2048, 2048, 2048, 2049, 2048, 2048, 2048, 2048]","[2048, 2048, 2048, 2048, 2048, 2048, 2048, 2048, 2048]","[2048, 2048, 2048, 2048, 2048, 2048]",306.0
1208,9078,2,16,2023-05-07T19:58:16.306000+00:00,32.267,35.4,26.081,210.0,183.0,False,93.748,"[None, 2048, 2048, 2048, 2049, 2048, 2048, 2048, 2048]","[2048, 2048, 2048, 2048, 2049, 2048, 2048, 2048, 2048]","[2048, 2048, 2048, 2048, 2048, 2048, 2049]",316.0
1208,9078,11,17,2023-05-07T19:58:38.072000+00:00,31.541,35.382,25.98,212.0,184.0,False,92.903,"[None, 2048, 2048, 2048, 2048, 2048, 2048, 2048, 2048]","[2048, 2049, 2048, 2048, 2048, 2048, 2048, 2048, 2048]","[2048, 2048, 2048, 2048, 2048, 2048, 2049]",310.0
1208,9078,1,17,2023-05-07T19:58:41.103000+00:00,31.531,35.006,25.918,213.0,186.0,False,92.455,"[None, 2048, 2048, 2049, 2048, 2048, 2048, 2048, 2048]","[2048, 2048, 2048, 2048, 2048, 2048, 2048, 2048, 2048]","[2048, 2048, 2048, 2049, 2048, 2048, 2048]",310.0
1208,9078,14,17,2023-05-07T19:58:42.322000+00:00,31.631,35.254,26.053,211.0,185.0,False,92.938,"[2048, 2048, 2048, 2048, 2048, 2048, 2049, 2048, 2048]","[2049, 2049, 2048, 2048, 2048, 2048, 2048, 2048, 2048]","[2048, 2048, 2048, 2048, 2048, 2048]",320.0
1208,9078,55,17,2023-05-07T19:58:43.166000+00:00,31.715,35.154,25.879,213.0,186.0,False,92.748,"[2048, 2049, 2048, 2048, 2049, 2048, 2048, 2048, 2049]","[2048, 2049, 2049, 2048, 2048, 2048, 2048, 2048, 2048]","[2048, 2048, 2048, 2048, 2048, 2048, 2049]",332.0
1208,9078,63,17,2023-05-07T19:58:46.556000+00:00,31.57,35.13,30.909,213.0,185.0,False,97.609,"[None, 2048, 2048, 2048, 2049, 2048, 2048, 2049, 2048]","[2049, 2048, 2048, 2048, 2048, 2049, 2048, 2048, 2048]","[2048, 2048, 2048, 2048, 2048, 2048, 2064]",318.0
1208,9078,16,17,2023-05-07T19:58:54.072000+00:00,31.778,35.314,30.553,216.0,184.0,False,97.645,"[None, 2048, 2048, 2048, 2048, 2049, 2048, 2048, 2048]","[2048, 2048, 2048, 2048, 2048, 2048, 2048, 2048, 2048]","[2048, 2048, 2048, 2049, 2048, 2048, 2064]",308.0
1208,9078,31,17,2023-05-07T19:58:54.650000+00:00,31.992,35.191,25.965,213.0,185.0,False,93.148,"[None, 2048, 2048, 2048, 2048, 2048, 2049, 2048, 2048]","[2048, 2048, 2048, 2048, 2048, 2048, 2048, 2049, 2048]","[2048, 2048, 2048, 2048, 2048, 2048]",328.0
1208,9078,27,17,2023-05-07T19:58:58.493000+00:00,31.539,35.676,26.19,210.0,186.0,False,93.405,"[None, 2048, 2049, 2049, 2048, 2049, 2049, 2048, 2048]","[2048, 2048, 2048, 2048, 2048, 2048, 2049, 2048, 2048]","[2048, 2048, 2048, 2048, 2048, 2048, 2048]",313.0
1208,9078,44,17,2023-05-07T19:58:59.025000+00:00,31.614,35.579,25.92,211.0,187.0,False,93.113,"[None, 2048, 2049, 2051, 2049, 2049, 2049, 2049, 2048]","[2048, 2048, 2048, 2048, 2048, 2048, 2048, 2049, 2048]","[2051, 2048, 2048, 2048, 2048, 2048, 2051]",302.0
1208,9078,23,17,2023-05-07T19:59:00.009000+00:00,31.97,35.555,26.167,208.0,184.0,False,93.692,"[None, 2049, 2048, 2049, 2048, 2048, 2049, 2048, 2048]","[2048, 2048, 2048, 2048, 2048, 2048, 2049, 2048, 2048]","[2048, 2048, 2048, 2048, 2048, 2048]",314.0
1208,9078,22,17,2023-05-07T19:59:00.353000+00:00,32.254,35.989,26.051,211.0,185.0,False,94.294,"[None, 2048, 2048, 2048, 2048, 2048, 2049, 2048, 2048]","[2048, 2048, 2048, 2048, 2048, 2048, 2048, 2048, 2048]","[2048, 2048, 2048, 2048, 2048, 2048, 2048]",322.0
1208,9078,24,17,2023-05-07T19:59:01.493000+00:00,32.053,35.64,25.867,207.0,185.0,False,93.56,"[None, 2048, 2049, 2049, 2048, 2048, 2048, 2048, 2048]","[2048, 2048, 2048, 2048, 2048, 2048, 2048, 2048, 2048]","[2049, 2048, 2048, 2048, 2048, 2048, 2049]",313.0
1208,9078,18,17,2023-05-07T19:59:02.228000+00:00,32.021,35.532,25.891,208.0,183.0,False,93.444,"[None, 2048, 2048, 2048, 2049, 2048, 2048, 2049, 2048]","[2048, 2048, 2048, 2048, 2048, 2048, 2048, 2048, 2048]","[2048, 2048, 2048, 2048, 2048, 2048]",320.0
1208,9078,10,17,2023-05-07T19:59:10.306000+00:00,31.405,35.005,25.891,211.0,187.0,False,92.301,"[2048, 2048, 2049, 2049, 2049, 2049, 2049, 2049, 2048]","[2048, 2048, 2048, 2048, 2048, 2048, 2048, 2049, 2051]","[2049, 2048, 2048, 2049, 2048, 2049]",311.0
1208,9078,20,17,2023-05-07T19:59:11.290000+00:00,31.655,35.126,25.864,208.0,185.0,False,92.645,"[None, 2048, 2048, 2049, 2049, 2048, 2048, 2048, 2048]","[2048, 2048, 2048, 2048, 2049, 2048, 2048, 2048, 2048]","[2048, 2048, 2048, 2048, 2048, 2048]",314.0
1208,9078,77,17,2023-05-07T19:59:18.212000+00:00,31.334,35.266,25.943,211.0,186.0,False,92.543,"[2048, 2049, 2051, 2048, 2048, 2048, 2049, 2048, 2048]","[2048, 2048, 2048, 2048, 2048, 2048, 2048, 2048, 2048]","[2048, 2048, 2048, 2048, 2049, 2048, 2048]",307.0
1208,9078,4,17,2023-05-07T19:59:20.087000+00:00,31.607,35.512,26.021,211.0,185.0,False,93.14,"[None, 2049, 2048, 2048, 2049, 2048, 2048, 2048, 2048]","[2048, 2048, 2048, 2048, 2048, 2048, 2048, 2048, 2048]","[2048, 2048, 2048, 2048, 2048, 2048, 2048]",318.0
1208,9078,81,17,2023-05-07T19:59:22.196000+00:00,31.658,35.492,26.18,211.0,184.0,False,93.33,"[None, 2048, 2049, 2048, 2049, 2048, 2048, 2048, 2048]","[2048, 2048, 2048, 2048, 2048, 2048, 2048, 2048, 2048]","[2048, 2048, 2048, 2048, 2048, 2048]",309.0
1208,9078,21,17,2023-05-07T19:59:29.681000+00:00,31.516,35.256,26.107,,184.0,False,92.879,"[2048, 2048, 2049, 2049, 2049, 2049, 2049, 2048, 2048]","[2048, 2048, 2048, 2048, 2048, 2049, 2048, 2049, 2048]","[2048, 2048, 2048, 2048, 2048, 2048]",308.0
1208,9078,2,17,2023-05-07T19:59:50.087000+00:00,32.029,35.384,26.093,213.0,183.0,False,93.506,"[None, 2048, 2048, 2049, 2049, 2048, 2048, 2048, 2048]","[2048, 2048, 2048, 2048, 2048, 2048, 2048, 2048, 2048]","[2048, 2048, 2048, 2048, 2048, 2048, 2048]",317.0
1208,9078,11,18,2023-05-07T20:00:10.977000+00:00,31.403,35.127,25.961,211.0,185.0,False,92.491,"[None, 2048, 2048, 2048, 2049, 2051, 2048, 2048, 2048]","[2048, 2048, 2048, 2048, 2048, 2048, 2051, 2048, 2048]","[2049, 2048, 2048, 2048, 2048, 2048, 2048]",306.0
1208,9078,1,18,2023-05-07T20:00:13.540000+00:00,31.411,34.878,25.835,215.0,186.0,False,92.124,"[None, 2048, 2048, 2048, 2048, 2048, 2049, 2049, 2048]","[2048, 2048, 2048, 2048, 2048, 2048, 2048, 2048, 2048]","[2048, 2048, 2048, 2048, 2049, 2048, 2048]",310.0
1208,9078,14,18,2023-05-07T20:00:15.274000+00:00,31.488,35.35,26.013,214.0,182.0,False,92.851,"[None, 2048, 2048, 2049, 2048, 2048, 2048, 2051, 2048]","[2049, 2048, 2048, 2048, 2048, 2048, 2048, 2048, 2048]","[2048, 2048, 2048, 2048, 2048, 2048, 2048]",317.0
1208,9078,55,18,2023-05-07T20:00:15.899000+00:00,31.539,35.291,30.481,212.0,183.0,False,97.311,"[None, 2048, 2048, 2048, 2048, 2048, 2049, 2048, 2048]","[2048, 2048, 2049, 2049, 2048, 2048, 2048, 2048, 2048]","[2048, 2048, 2049, 2048, 2048, 2048, 2064]",337.0
1208,9078,63,18,2023-05-07T20:00:24.164000+00:00,46.667,34.932,26.291,214.0,186.0,True,107.89,"[2064, 2064, 2064, 2048, 2048, 2048, 2048, 2048, 2051]","[2048, 2048, 2048, 2048, 2048, 2049, 2049, 2049, 2048]","[2049, 2048, 2048, 2048, 2048, 2048, 2048]",319.0
1208,9078,31,18,2023-05-07T20:00:27.742000+00:00,31.432,35.381,26.125,214.0,186.0,False,92.938,"[None, 2049, 2049, 2049, 2049, 2049, 2049, 2049, 2049]","[2048, 2048, 2048, 2048, 2048, 2049, 2049, 2048, 2049]","[2048, 2048, 2048, 2048, 2049, 2048]",308.0
1208,9078,16,18,2023-05-07T20:00:31.664000+00:00,47.038,35.173,26.018,215.0,186.0,True,108.229,"[2064, 2064, 2064, 2048, 2048, 2048, 2048, 2048, 2049]","[2048, 2048, 2048, 2048, 2048, 2049, 2048, 2049, 2049]","[2048, 2048, 2048, 2048, 2048, 2048, 0]",308.0
1208,9078,27,18,2023-05-07T20:00:31.961000+00:00,32.25,35.431,26.145,213.0,184.0,False,93.826,"[None, 2048, 2048, 2048, 2048, 2048, 2048, 2048, 2049]","[2048, 2048, 2048, 2048, 2048, 2049, 2048, 2049, 2049]","[2048, 2048, 2048, 2048, 2048, 2048]",311.0
1208,9078,44,18,2023-05-07T20:00:32.196000+00:00,32.722,35.366,25.896,209.0,186.0,False,93.984,"[None, 2048, 2048, 2048, 2048, 2048, 2048, 2048, 2048]","[2048, 2048, 2048, 2048, 2048, 2048, 2049, 2049, 2048]","[2048, 2048, 2048, 2048, 2049, 2048]",311.0
1208,9078,23,18,2023-05-07T20:00:33.789000+00:00,32.175,35.476,26.207,210.0,184.0,False,93.858,"[None, 2048, 2049, 2048, 2049, 2048, 2048, 2048, 2048]","[2048, 2048, 2048, 2048, 2048, 2048, 2048, 2049, 2048]","[2048, 2048, 2048, 2048, 2048, 2048]",314.0
1208,9078,22,18,2023-05-07T20:00:34.711000+00:00,32.242,35.219,25.945,210.0,184.0,False,93.406,"[2048, 2048, 2048, 2048, 2048, 2048, 2048, 2048, 2048]","[2048, 2048, 2048, 2048, 2048, 2048, 2048, 2049, 2048]","[2048, 2048, 2048, 2048, 2048, 2048]",325.0
1208,9078,24,18,2023-05-07T20:00:35.149000+00:00,32.351,35.454,25.913,210.0,185.0,False,93.718,"[None, 2048, 2048, 2048, 2048, 2048, 2048, 2048, 2048]","[2048, 2048, 2048, 2048, 2048, 2048, 2048, 2048, 2048]","[2049, 2048, 2048, 2048, 2048, 2048]",335.0
1208,9078,18,18,2023-05-07T20:00:35.758000+00:00,32.298,35.428,25.675,,185.0,False,93.401,"[2049, 2048, 2048, 2048, 2048, 2048, 2048, 2048, 2048]","[2048, 2048, 2048, 2048, 2048, 2048, 2048, 2049, 2048]","[2051, 2049, 2049, 2048, 2048, 2049, 2051]",330.0
1208,9078,10,18,2023-05-07T20:00:42.617000+00:00,31.585,34.915,25.936,215.0,187.0,False,92.436,"[None, 2048, 2048, 2048, 2048, 2048, 2049, 2048, 2048]","[2049, 2048, 2048, 2048, 2048, 2048, 2048, 2048, 2051]","[2049, 2048, 2048, 2048, 2048, 2048]",314.0
1208,9078,20,18,2023-05-07T20:00:44.070000+00:00,31.597,35.105,25.716,211.0,185.0,False,92.418,"[None, 2048, 2048, 2048, 2048, 2048, 2048, 2048, 2048]","[2048, 2048, 2048, 2048, 2048, 2048, 2048, 2048, 2048]","[2049, 2048, 2048, 2048, 2048, 2048]",316.0
1208,9078,77,18,2023-05-07T20:00:50.742000+00:00,31.623,36.159,26.111,216.0,186.0,False,93.893,"[None, 2048, 2048, 2048, 2048, 2048, 2048, 2048, 2048]","[2048, 2048, 2048, 2048, 2048, 2048, 2048, 2048, 2048]","[2048, 2048, 2048, 2048, 2048, 2048, 2048]",307.0
1208,9078,4,18,2023-05-07T20:00:53.336000+00:00,31.652,35.441,26.004,212.0,184.0,False,93.097,"[None, 2049, 2048, 2048, 2048, 2048, 2048, 2048, 2048]","[2049, 2048, 2048, 2048, 2048, 2048, 2048, 2048, 2048]","[2048, 2048, 2048, 2048, 2048, 2048, 2049]",308.0
1208,9078,81,18,2023-05-07T20:00:55.633000+00:00,31.639,35.483,26.247,212.0,184.0,False,93.369,"[None, 2049, 2048, 2048, 2048, 2049, 2048, 2048, 2048]","[2049, 2048, 2048, 2048, 2048, 2048, 2048, 2048, 2048]","[2048, 2048, 2048, 2048, 2048, 2048, 2049]",306.0
1208,9078,21,18,2023-05-07T20:01:02.570000+00:00,31.632,35.44,26.032,212.0,184.0,False,93.104,"[None, 2049, 2048, 2048, 2048, 2048, 2048, 2049, 2048]","[2048, 2048, 2048, 2048, 2048, 2048, 2048, 2048, 2048]","[2048, 2048, 2048, 2048, 2048, 2048, 2048]",310.0
1208,9078,2,18,2023-05-07T20:01:23.601000+00:00,32.006,35.558,25.957,210.0,185.0,False,93.521,"[None, 2048, 2048, 2048, 2049, 2048, 2048, 2048, 2048]","[2048, 2048, 2048, 2048, 2048, 2048, 2048, 2048, 2048]","[2049, 2048, 2048, 2048, 2048, 2048, 2049]",317.0
1208,9078,11,19,2023-05-07T20:01:43.539000+00:00,31.349,35.39,25.961,210.0,185.0,False,92.7,"[None, 2049, 2048, 2048, 2048, 2048, 2048, 2049, 2048]","[2048, 2048, 2048, 2048, 2048, 2048, 2048, 2048, 2048]","[2049, 2049, 2048, 2048, 2048, 2049, 2048]",306.0
1208,9078,1,19,2023-05-07T20:01:45.726000+00:00,31.341,34.978,25.754,214.0,187.0,False,92.073,"[None, 2048, 2049, 2049, 2048, 2048, 2049, 2048, 2048]","[2048, 2048, 2048, 2048, 2048, 2048, 2048, 2048, 2048]","[2049, 2048, 2048, 2049, 2048, 2048, 2048]",311.0
1208,9078,14,19,2023-05-07T20:01:48.117000+00:00,31.825,35.34,25.783,209.0,187.0,False,92.948,"[None, 2048, 2048, 2049, 2048, 2048, 2048, 2048, 2048]","[2048, 2048, 2048, 2048, 2048, 2048, 2048, 2048, 2048]","[2049, 2048, 2048, 2048, 2048, 2048, 2048]",321.0
1208,9078,55,19,2023-05-07T20:01:53.195000+00:00,45.998,34.877,25.659,213.0,188.0,True,106.534,"[2064, 2064, 2064, 2048, 2048, 2048, 2049, 2049, 2049]","[2048, 2048, 2048, 2048, 2048, 2049, 2049, 2048, 2049]","[2049, 2048, 2048, 2048, 2048, 2048, 2049]",329.0
1208,9078,31,19,2023-05-07T20:02:00.648000+00:00,31.652,35.538,26.053,213.0,185.0,False,93.243,"[None, 2048, 2049, 2048, 2049, 2048, 2048, 2049, 2049]","[2048, 2048, 2048, 2048, 2048, 2048, 2048, 2048, 2048]","[2048, 2048, 2048, 2049, 2049, 2048]",308.0
1208,9078,27,19,2023-05-07T20:02:05.710000+00:00,31.524,35.457,26.124,212.0,185.0,False,93.105,"[None, 2048, 2049, 2048, 2048, 2048, 2048, 2048, 2048]","[2048, 2048, 2048, 2048, 2048, 2048, 2048, 2049, 2048]","[2048, 2048, 2048, 2048, 2048, 2048]",316.0
1208,9078,44,19,2023-05-07T20:02:06.101000+00:00,31.788,35.515,26.013,210.0,186.0,False,93.316,"[None, 2048, 2049, 2048, 2048, 2049, 2048, 2048, 2048]","[2048, 2048, 2048, 2048, 2048, 2048, 2048, 2048, 2048]","[2048, 2048, 2048, 2048, 2048, 2048]",315.0
1208,9078,23,19,2023-05-07T20:02:07.554000+00:00,32.494,35.387,26.134,208.0,184.0,False,94.015,"[None, 2048, 2048, 2048, 2048, 2048, 2048, 2048, 2048]","[2048, 2048, 2048, 2048, 2048, 2048, 2048, 2048, 2049]","[2048, 2048, 2048, 2048, 2048, 2048, 2048]",320.0
1208,9078,22,19,2023-05-07T20:02:08.054000+00:00,32.607,35.329,25.969,208.0,185.0,False,93.905,"[None, 2048, 2048, 2048, 2048, 2048, 2048, 2048, 2048]","[2048, 2048, 2048, 2048, 2048, 2048, 2048, 2048, 2048]","[2048, 2048, 2048, 2048, 2048, 2048]",317.0
1208,9078,24,19,2023-05-07T20:02:08.773000+00:00,33.22,35.599,25.982,205.0,186.0,False,94.801,"[None, 2048, 2048, 2048, 2048, 2048, 2048, 2048, 2048]","[2048, 2048, 2048, 2048, 2048, 2048, 2048, 2048, 2048]","[2048, 2048, 2048, 2048, 2048, 2048]",323.0
1208,9078,18,19,2023-05-07T20:02:09.069000+00:00,32.221,35.498,25.886,206.0,186.0,False,93.605,"[2051, 2049, 2048, 2048, 2048, 2048, 2048, 2048, 2048]","[2048, 2048, 2048, 2048, 2048, 2048, 2049, 2048, 2048]","[2048, 2048, 2048, 2048, 2048, 2048]",331.0
1208,9078,63,19,2023-05-07T20:02:12.069000+00:00,31.76,35.04,26.005,213.0,187.0,False,92.805,"[2048, 2048, 2048, 2048, 2048, 2048, 2048, 2048, 2048]","[2048, 2048, 2048, 2048, 2048, 2049, 2048, 2048, 2048]","[2049, 2049, 2048, 2048, 2048, 2048, 2048]",308.0
1208,9078,10,19,2023-05-07T20:02:14.960000+00:00,31.621,35.114,25.743,214.0,186.0,False,92.478,"[None, 2048, 2048, 2048, 2048, 2048, 2048, 2049, 2048]","[2048, 2048, 2048, 2048, 2048, 2048, 2048, 2048, 2048]","[2048, 2048, 2048, 2049, 2048, 2048, 2048]",314.0
1208,9078,20,19,2023-05-07T20:02:16.366000+00:00,31.65,35.315,25.868,213.0,184.0,False,92.833,"[None, 2048, 2048, 2048, 2048, 2048, 2048, 2048, 2048]","[2048, 2048, 2048, 2048, 2048, 2048, 2048, 2048, 2048]","[2048, 2049, 2048, 2048, 2048, 2048, 2048]",317.0
1208,9078,16,19,2023-05-07T20:02:19.882000+00:00,31.831,35.42,26.14,,183.0,False,93.391,"[2048, 2048, 2048, 2048, 2048, 2048, 2048, 2048, 2049]","[2048, 2048, 2048, 2048, 2048, 2048, 2048, 2048, 2048]","[2048, 2048, 2048, 2048, 2048, 2048, 2048]",308.0
1208,9078,77,19,2023-05-07T20:02:24.632000+00:00,31.543,35.727,26.056,214.0,187.0,False,93.326,"[None, 2048, 2048, 2051, 2049, 2048, 2048, 2048, 2048]","[2048, 2048, 2048, 2048, 2048, 2048, 2048, 2048, 2048]","[2048, 2048, 2048, 2048, 2048, 2048]",307.0
1208,9078,4,19,2023-05-07T20:02:26.460000+00:00,31.741,35.438,26.092,211.0,185.0,False,93.271,"[None, 2048, 2048, 2048, 2048, 2049, 2048, 2048, 2048]","[2048, 2048, 2048, 2048, 2048, 2048, 2048, 2048, 2048]","[2048, 2048, 2048, 2048, 2048, 2048, 2048]",318.0
1208,9078,81,19,2023-05-07T20:02:28.975000+00:00,31.665,35.542,26.211,210.0,184.0,False,93.418,"[None, 2048, 2048, 2048, 2048, 2048, 2048, 2048, 2048]","[2048, 2048, 2048, 2048, 2048, 2048, 2048, 2048, 2048]","[2048, 2048, 2048, 2048, 2048, 2048, 2048]",311.0
1208,9078,21,19,2023-05-07T20:02:35.694000+00:00,31.547,35.349,26.124,213.0,185.0,False,93.02,"[None, 2048, 2048, 2048, 2048, 2048, 2048, 2049, 2048]","[2048, 2048, 2048, 2048, 2048, 2049, 2048, 2048, 2048]","[2048, 2048, 2048, 2048, 2048, 2048, 2048]",312.0
1208,9078,2,19,2023-05-07T20:02:57.413000+00:00,32.095,35.5,26.012,211.0,185.0,False,93.607,"[None, 2048, 2048, 2048, 2048, 2048, 2048, 2048, 2048]","[2048, 2048, 2048, 2048, 2048, 2048, 2048, 2048, 2048]","[2048, 2048, 2048, 2048, 2048, 2048, 2048]",317.0
1208,9078,11,20,2023-05-07T20:03:16.147000+00:00,31.384,35.175,31.304,209.0,187.0,False,97.863,"[None, 2048, 2048, 2048, 2049, 2051, 2048, 2048, 2048]","[2048, 2048, 2048, 2048, 2048, 2048, 2048, 2048, 2048]","[2049, 2049, 2048, 2048, 2048, 2048, 2064]",308.0
1208,9078,1,20,2023-05-07T20:03:17.756000+00:00,31.391,34.966,25.846,213.0,186.0,False,92.203,"[None, 2048, 2048, 2049, 2048, 2048, 2048, 2048, 2048]","[2048, 2048, 2048, 2048, 2048, 2048, 2048, 2048, 2048]","[2048, 2048, 2048, 2048, 2048, 2048]",310.0
1208,9078,14,20,2023-05-07T20:03:21.053000+00:00,31.553,35.115,25.793,,187.0,False,92.461,"[None, 2048, 2048, 2048, 2048, 2048, 2048, 2048, 2048]","[2048, 2048, 2048, 2048, 2048, 2048, 2048, 2048, 2048]","[2048, 2048, 2048, 2048, 2048, 2048]",322.0
1208,9078,31,20,2023-05-07T20:03:33.897000+00:00,31.508,35.353,25.979,,186.0,False,92.84,"[None, 2048, 2048, 2048, 2048, 2049, 2049, 2049, 2049]","[2048, 2048, 2048, 2048, 2048, 2049, 2048, 2049, 2048]","[2048, 2048, 2048, 2049, 2049, 2048]",310.0
1208,9078,27,20,2023-05-07T20:03:38.834000+00:00,31.379,35.278,26.183,214.0,185.0,False,92.84,"[None, 2048, 2048, 2048, 2048, 2048, 2048, 2048, 2048]","[2048, 2048, 2048, 2048, 2048, 2049, 2048, 2049, 2048]","[2048, 2048, 2048, 2048, 2048, 2048, 2048]",313.0
1208,9078,44,20,2023-05-07T20:03:39.397000+00:00,32.336,35.142,25.912,209.0,185.0,False,93.39,"[None, 2048, 2048, 2048, 2048, 2048, 2048, 2048, 2048]","[2048, 2048, 2048, 2048, 2048, 2048, 2048, 2049, 2048]","[2048, 2048, 2048, 2049, 2048, 2048, 2048]",329.0
1208,9078,55,20,2023-05-07T20:03:39.709000+00:00,31.268,35.027,25.914,214.0,187.0,False,92.209,"[2049, 2048, 2048, 2049, 2048, 2048, 2049, 2049, 2048]","[2048, 2048, 2048, 2048, 2048, 2048, 2048, 2048, 2048]","[2048, 2048, 2048, 2048, 2048, 2048, 2048]",328.0
1208,9078,23,20,2023-05-07T20:03:41.693000+00:00,31.9,35.376,26.115,211.0,184.0,False,93.391,"[None, 2049, 2048, 2048, 2048, 2048, 2048, 2048, 2048]","[2048, 2048, 2048, 2048, 2048, 2048, 2049, 2048, 2049]","[2048, 2048, 2048, 2049, 2048, 2048, 2048]",320.0
1208,9078,22,20,2023-05-07T20:03:42.053000+00:00,32.094,35.485,25.805,213.0,185.0,False,93.384,"[None, 2048, 2048, 2048, 2049, 2048, 2048, 2048, 2048]","[2049, 2048, 2048, 2048, 2048, 2048, 2048, 2048, 2048]","[2048, 2048, 2048, 2048, 2048, 2049]",334.0
1208,9078,18,20,2023-05-07T20:03:42.662000+00:00,32.129,35.351,25.781,209.0,185.0,False,93.261,"[2048, 2048, 2048, 2048, 2049, 2049, 2048, 2048, 2048]","[2048, 2048, 2048, 2048, 2048, 2048, 2048, 2048, 2048]","[2048, 2048, 2048, 2048, 2048, 2048, 2048]",326.0
1208,9078,24,20,2023-05-07T20:03:43.693000+00:00,32.101,35.555,26.589,210.0,184.0,False,94.245,"[None, 2049, 2048, 2048, 2048, 2049, 2048, 2048, 2048]","[2048, 2048, 2048, 2048, 2048, 2048, 2048, 2048, 2048]","[2048, 2048, 2048, 2048, 2048, 2048]",296.0
1208,9078,63,20,2023-05-07T20:03:44.896000+00:00,31.675,35.074,25.707,214.0,186.0,False,92.456,"[None, 2048, 2048, 2048, 2048, 2048, 2048, 2048, 2048]","[2049, 2049, 2049, 2049, 2049, 2048, 2048, 2048, 2048]","[2051, 2051, 2049, 2048, 2048, 2048]",319.0
1208,9078,10,20,2023-05-07T20:03:47.600000+00:00,31.744,35.185,25.886,212.0,186.0,False,92.815,"[None, 2049, 2048, 2048, 2048, 2048, 2048, 2048, 2048]","[2048, 2048, 2048, 2048, 2048, 2048, 2048, 2048, 2048]","[2048, 2048, 2048, 2048, 2048, 2048, 2049]",317.0
1208,9078,20,20,2023-05-07T20:03:49.318000+00:00,31.613,35.237,26.763,212.0,185.0,False,93.613,"[None, 2048, 2048, 2048, 2048, 2048, 2048, 2048, 2048]","[2048, 2048, 2048, 2048, 2048, 2048, 2048, 2048, 2048]","[2048, 2048, 2048, 2048, 2048, 2048]",318.0
1208,9078,16,20,2023-05-07T20:03:53.287000+00:00,31.786,35.04,26.0,,184.0,False,92.826,"[None, 2048, 2048, 2048, 2048, 2048, 2048, 2048, 2049]","[2048, 2048, 2048, 2048, 2048, 2049, 2048, 2049, 2048]","[2048, 2048, 2048, 2048, 2048, 2048, 2048]",313.0
1208,9078,77,20,2023-05-07T20:03:57.959000+00:00,31.639,35.296,26.046,215.0,188.0,False,92.981,"[None, 2048, 2048, 2048, 2048, 2049, 2048, 2048, 2048]","[2048, 2048, 2048, 2048, 2048, 2049, 2048, 2048, 2048]","[2048, 2048, 2048, 2048, 2048, 2048, 2048]",308.0
1208,9078,4,20,2023-05-07T20:03:59.693000+00:00,31.755,35.529,26.154,,185.0,False,93.438,"[None, 2048, 2048, 2048, 2048, 2048, 2048, 2048, 2048]","[2048, 2048, 2048, 2048, 2048, 2048, 2048, 2048, 2048]","[2048, 2048, 2048, 2048, 2048, 2048, 2048]",318.0
1208,9078,81,20,2023-05-07T20:04:02.365000+00:00,32.185,35.551,26.32,209.0,186.0,False,94.056,"[None, 2048, 2048, 2048, 2048, 2048, 2048, 2048, 2048]","[2048, 2048, 2048, 2048, 2048, 2048, 2048, 2048, 2048]","[2048, 2048, 2048, 2048, 2048, 2048, 2048]",306.0
1208,9078,21,20,2023-05-07T20:04:08.709000+00:00,31.606,35.313,26.099,,184.0,False,93.018,"[None, 2048, 2048, 2048, 2048, 2048, 2048, 2048, 2048]","[2048, 2048, 2048, 2048, 2049, 2048, 2048, 2048, 2048]","[2048, 2048, 2048, 2048, 2048, 2048]",310.0
1208,9078,2,20,2023-05-07T20:04:30.693000+00:00,32.077,35.453,26.044,212.0,185.0,False,93.574,"[None, 2048, 2048, 2048, 2048, 2048, 2048, 2048, 2048]","[2048, 2048, 2048, 2048, 2048, 2048, 2048, 2048, 2048]","[2048, 2048, 2048, 2048, 2048, 2048, 2048]",317.0
1208,9078,1,21,2023-05-07T20:04:49.974000+00:00,31.41,35.041,25.9,,187.0,False,92.351,"[None, 2048, 2048, 2048, 2048, 2048, 2048, 2048, 2048]","[2048, 2048, 2048, 2048, 2048, 2048, 2048, 2048, 2048]","[2048, 2048, 2048, 2048, 2048, 2048, 2048]",309.0
1208,9078,14,21,2023-05-07T20:04:53.458000+00:00,31.459,35.069,25.898,211.0,186.0,False,92.426,"[None, 2048, 2049, 2048, 2048, 2048, 2049, 2048, 2048]","[2048, 2048, 2048, 2048, 2049, 2048, 2048, 2048, 2048]","[2048, 2048, 2048, 2048, 2048, 2048, 2048]",319.0
1208,9078,11,21,2023-05-07T20:04:53.974000+00:00,46.17,34.939,25.717,210.0,187.0,True,106.826,"[2064, 2064, 2064, 2048, 2048, 2048, 2048, 2048, 2048]","[2048, 2049, 2049, 2048, 2048, 2048, 2048, 2048, 2048]","[2049, 2048, 2049, 2048, 2048, 2049, 2049]",307.0
1208,9078,31,21,2023-05-07T20:05:06.802000+00:00,31.793,35.263,26.108,212.0,187.0,False,93.164,"[None, 2048, 2048, 2048, 2048, 2048, 2048, 2048, 2048]","[2048, 2048, 2048, 2048, 2048, 2049, 2048, 2048, 2048]","[2048, 2048, 2048, 2048, 2048, 2048]",309.0
1208,9078,27,21,2023-05-07T20:05:11.786000+00:00,32.442,35.428,26.054,211.0,184.0,False,93.924,"[None, 2048, 2048, 2048, 2048, 2049, 2048, 2048, 2048]","[2048, 2048, 2048, 2048, 2048, 2048, 2048, 2048, 2048]","[2048, 2048, 2048, 2048, 2048, 2048, 2048]",319.0
1208,9078,55,21,2023-05-07T20:05:11.864000+00:00,31.293,34.985,26.068,,188.0,False,92.346,"[2048, 2049, 2048, 2048, 2048, 2048, 2048, 2048, 2048]","[2048, 2048, 2048, 2048, 2048, 2048, 2049, 2048, 2048]","[2048, 2048, 2048, 2048, 2048, 2049, 2048]",306.0
1208,9078,44,21,2023-05-07T20:05:12.895000+00:00,31.829,35.361,26.007,210.0,188.0,False,93.197,"[None, 2048, 2048, 2048, 2048, 2048, 2048, 2048, 2048]","[2048, 2048, 2048, 2048, 2048, 2049, 2048, 2048, 2048]","[2051, 2048, 2048, 2048, 2048, 2048]",309.0
1208,9078,23,21,2023-05-07T20:05:15.052000+00:00,32.07,35.618,26.636,209.0,184.0,False,94.324,"[None, 2048, 2048, 2048, 2048, 2048, 2048, 2048, 2048]","[2048, 2048, 2048, 2048, 2048, 2049, 2048, 2048, 2048]","[2048, 2048, 2048, 2049, 2048, 2048, 2049]",325.0
1208,9078,22,21,2023-05-07T20:05:15.442000+00:00,32.343,35.434,25.898,211.0,186.0,False,93.675,"[None, 2048, 2048, 2048, 2048, 2048, 2048, 2048, 2048]","[2048, 2048, 2048, 2048, 2048, 2048, 2048, 2048, 2048]","[2049, 2049, 2048, 2049, 2048, 2048, 2048]",340.0
1208,9078,18,21,2023-05-07T20:05:16.005000+00:00,32.32,35.492,25.739,208.0,185.0,False,93.551,"[None, 2048, 2048, 2048, 2048, 2048, 2049, 2048, 2048]","[2048, 2048, 2048, 2048, 2048, 2048, 2048, 2048, 2048]","[2048, 2048, 2048, 2048, 2048, 2048]",337.0
1208,9078,63,21,2023-05-07T20:05:17.239000+00:00,31.886,35.025,25.789,212.0,186.0,False,92.7,"[None, 2048, 2048, 2048, 2049, 2048, 2048, 2048, 2048]","[2048, 2048, 2048, 2048, 2049, 2048, 2048, 2048, 2048]","[2048, 2048, 2049, 2048, 2048, 2048]",325.0
1208,9078,24,21,2023-05-07T20:05:17.927000+00:00,32.367,35.786,26.5,,184.0,False,94.653,"[None, 2048, 2048, 2048, 2048, 2048, 2048, 2048, 2048]","[2048, 2048, 2048, 2048, 2048, 2048, 2049, 2048, 2048]","[2048, 2048, 2048, 2048, 2048, 2048, 2048]",313.0
1208,9078,10,21,2023-05-07T20:05:20.349000+00:00,31.587,35.38,26.038,,185.0,False,93.005,"[None, 2048, 2048, 2048, 2048, 2048, 2048, 2048, 2048]","[2048, 2048, 2048, 2048, 2048, 2048, 2048, 2048, 2048]","[2048, 2048, 2048, 2048, 2048, 2048, 2049]",318.0
1208,9078,20,21,2023-05-07T20:05:22.927000+00:00,31.339,35.086,25.909,213.0,185.0,False,92.334,"[None, 2048, 2048, 2048, 2048, 2048, 2049, 2048, 2048]","[2048, 2048, 2048, 2048, 2048, 2048, 2048, 2048, 2048]","[2048, 2048, 2048, 2048, 2048, 2048]",318.0
1208,9078,16,21,2023-05-07T20:05:26.114000+00:00,31.793,35.338,25.903,209.0,185.0,False,93.034,"[None, 2048, 2048, 2048, 2048, 2048, 2048, 2048, 2048]","[2048, 2048, 2048, 2048, 2048, 2048, 2048, 2048, 2048]","[2048, 2048, 2048, 2049, 2048, 2048, 2048]",314.0
1208,9078,77,21,2023-05-07T20:05:30.927000+00:00,31.591,35.391,26.13,214.0,187.0,False,93.112,"[None, 2048, 2048, 2048, 2048, 2048, 2048, 2048, 2048]","[2048, 2048, 2048, 2048, 2048, 2048, 2048, 2048, 2048]","[2048, 2048, 2048, 2048, 2048, 2048, 2048]",307.0
1208,9078,4,21,2023-05-07T20:05:33.130000+00:00,31.589,35.51,26.048,208.0,184.0,False,93.147,"[None, 2048, 2048, 2048, 2048, 2048, 2048, 2048, 2048]","[2048, 2048, 2048, 2048, 2048, 2048, 2048, 2048, 2048]","[2048, 2048, 2048, 2048, 2048, 2048, 2049]",318.0
1208,9078,81,21,2023-05-07T20:05:36.458000+00:00,31.521,35.638,26.369,213.0,184.0,False,93.528,"[None, 2048, 2048, 2048, 2048, 2049, 2048, 2048, 2048]","[2049, 2048, 2048, 2048, 2048, 2048, 2048, 2048, 2048]","[2048, 2048, 2048, 2048, 2048, 2048, 2049]",309.0
1208,9078,21,21,2023-05-07T20:05:41.692000+00:00,31.646,35.374,26.078,,183.0,False,93.098,"[None, 2048, 2048, 2048, 2048, 2048, 2048, 2048, 2048]","[2048, 2048, 2048, 2048, 2048, 2049, 2048, 2048, 2048]","[2048, 2048, 2048, 2048, 2048, 2048]",310.0
1208,9078,2,21,2023-05-07T20:06:04.348000+00:00,32.181,35.384,25.988,210.0,185.0,False,93.553,"[None, 2048, 2048, 2048, 2048, 2048, 2048, 2048, 2048]","[2048, 2048, 2048, 2048, 2048, 2048, 2048, 2048, 2048]","[2048, 2048, 2048, 2048, 2048, 2048, 2049]",316.0
1208,9078,1,22,2023-05-07T20:06:22.301000+00:00,31.426,34.969,25.872,,186.0,False,92.267,"[None, 2048, 2048, 2048, 2048, 2048, 2048, 2049, 2048]","[2048, 2048, 2048, 2048, 2048, 2048, 2048, 2048, 2048]","[2048, 2048, 2048, 2049, 2048, 2048, 2048]",310.0
1208,9078,14,22,2023-05-07T20:06:25.973000+00:00,31.568,35.204,25.742,209.0,187.0,False,92.514,"[None, 2048, 2049, 2048, 2048, 2049, 2049, 2048, 2048]","[2048, 2048, 2048, 2048, 2048, 2048, 2048, 2048, 2048]","[2048, 2048, 2048, 2048, 2048, 2048, 2049]",320.0
1208,9078,31,22,2023-05-07T20:06:39.879000+00:00,31.66,35.963,26.058,,185.0,False,93.681,"[None, 2048, 2049, 2048, 2048, 2048, 2048, 2048, 2048]","[2048, 2048, 2048, 2048, 2048, 2048, 2048, 2048, 2048]","[2048, 2048, 2048, 2048, 2048, 2048]",313.0
1208,9078,11,22,2023-05-07T20:06:40.848000+00:00,31.329,34.356,25.848,215.0,185.0,False,91.533,"[2049, 2048, 2048, 2048, 2049, 2048, 2048, 2049, 2048]","[2049, 2049, 2049, 2049, 2049, 2048, 2048, 2051, 2048]","[2048, 2048, 2048, 2048, 2048, 2048, 2048]",311.0
1208,9078,55,22,2023-05-07T20:06:44.176000+00:00,31.364,35.104,26.151,215.0,188.0,False,92.619,"[None, 2048, 2049, 2048, 2048, 2049, 2048, 2048, 2048]","[2048, 2048, 2048, 2048, 2048, 2048, 2048, 2048, 2048]","[2048, 2048, 2048, 2048, 2048, 2048, 2048]",308.0
1208,9078,27,22,2023-05-07T20:06:45.723000+00:00,31.64,35.348,26.093,213.0,186.0,False,93.081,"[None, 2048, 2048, 2048, 2048, 2049, 2048, 2048, 2048]","[2048, 2048, 2048, 2048, 2048, 2048, 2048, 2048, 2048]","[2048, 2048, 2048, 2048, 2048, 2048, 2048]",317.0
1208,9078,44,22,2023-05-07T20:06:46.113000+00:00,31.911,35.193,25.937,211.0,188.0,False,93.041,"[None, 2048, 2048, 2048, 2048, 2048, 2048, 2048, 2048]","[2048, 2048, 2048, 2048, 2048, 2048, 2048, 2049, 2048]","[2048, 2048, 2048, 2048, 2048, 2048]",333.0
1208,9078,22,22,2023-05-07T20:06:49.082000+00:00,31.808,35.134,26.035,212.0,186.0,False,92.977,"[None, 2049, 2048, 2049, 2048, 2048, 2049, 2048, 2048]","[2048, 2048, 2048, 2048, 2048, 2049, 2048, 2049, 2049]","[2048, 2048, 2048, 2048, 2048, 2048, 2048]",313.0
1208,9078,23,22,2023-05-07T20:06:49.379000+00:00,32.502,35.282,31.274,208.0,184.0,False,99.058,"[2049, 2049, 2048, 2048, 2048, 2048, 2048, 2048, 2048]","[2048, 2048, 2048, 2048, 2049, 2048, 2048, 2048, 2048]","[2048, 2048, 2048, 2049, 2048, 2048, 2064]",325.0
1208,9078,18,22,2023-05-07T20:06:49.801000+00:00,32.804,35.504,25.87,207.0,184.0,False,94.178,"[2051, 2048, 2048, 2048, 2048, 2048, 2049, 2048, 2048]","[2048, 2048, 2048, 2048, 2048, 2048, 2048, 2048, 2048]","[2048, 2048, 2048, 2048, 2048, 2048]",333.0
1208,9078,63,22,2023-05-07T20:06:50.051000+00:00,32.601,35.723,25.796,207.0,185.0,False,94.12,"[2049, 2048, 2048, 2048, 2048, 2048, 2048, 2048, 2048]","[2048, 2049, 2049, 2049, 2049, 2048, 2048, 2048, 2048]","[2048, 2048, 2048, 2048, 2048, 2048]",330.0
1208,9078,24,22,2023-05-07T20:06:52.582000+00:00,32.285,36.102,25.884,211.0,186.0,False,94.271,"[None, 2048, 2049, 2048, 2048, 2049, 2048, 2048, 2048]","[2048, 2048, 2048, 2048, 2048, 2048, 2048, 2048, 2048]","[2048, 2048, 2048, 2048, 2048, 2048]",330.0
1208,9078,10,22,2023-05-07T20:06:53.347000+00:00,31.813,34.848,25.854,215.0,186.0,False,92.515,"[2049, 2048, 2048, 2048, 2048, 2048, 2048, 2048, 2048]","[2049, 2049, 2049, 2049, 2048, 2048, 2048, 2048, 2048]","[2048, 2049, 2048, 2048, 2048, 2048]",319.0
1208,9078,20,22,2023-05-07T20:06:55.222000+00:00,31.381,35.347,25.794,,184.0,False,92.522,"[None, 2049, 2048, 2048, 2048, 2048, 2048, 2048, 2048]","[2048, 2048, 2048, 2048, 2048, 2048, 2048, 2048, 2048]","[2048, 2049, 2049, 2048, 2048, 2048]",327.0
1208,9078,16,22,2023-05-07T20:06:59.129000+00:00,31.724,35.203,25.865,216.0,186.0,False,92.792,"[None, 2048, 2048, 2048, 2048, 2048, 2048, 2048, 2048]","[2048, 2048, 2048, 2048, 2048, 2048, 2048, 2048, 2048]","[2048, 2048, 2048, 2048, 2048, 2048, 2048]",316.0
1208,9078,77,22,2023-05-07T20:07:04.050000+00:00,31.673,35.173,26.03,213.0,188.0,False,92.876,"[None, 2048, 2048, 2048, 2048, 2048, 2048, 2048, 2048]","[2048, 2048, 2048, 2048, 2048, 2048, 2048, 2048, 2048]","[2048, 2048, 2048, 2048, 2048, 2048]",310.0
1208,9078,4,22,2023-05-07T20:07:06.347000+00:00,31.677,35.501,26.028,210.0,185.0,False,93.206,"[None, 2048, 2048, 2048, 2048, 2049, 2048, 2048, 2048]","[2048, 2048, 2048, 2048, 2048, 2048, 2048, 2048, 2048]","[2048, 2048, 2048, 2048, 2048, 2048, 2048]",317.0
1208,9078,81,22,2023-05-07T20:07:09.972000+00:00,31.527,35.706,26.559,211.0,182.0,False,93.792,"[None, 2048, 2048, 2048, 2048, 2049, 2048, 2048, 2048]","[2048, 2048, 2048, 2048, 2048, 2048, 2048, 2048, 2048]","[2048, 2048, 2048, 2048, 2048, 2048, 2049]",297.0
1208,9078,21,22,2023-05-07T20:07:14.800000+00:00,31.541,35.276,26.049,212.0,185.0,False,92.866,"[None, 2048, 2048, 2048, 2048, 2048, 2048, 2048, 2048]","[2048, 2048, 2048, 2048, 2048, 2048, 2048, 2048, 2048]","[2049, 2048, 2048, 2048, 2048, 2048]",311.0
1208,9078,2,22,2023-05-07T20:07:37.831000+00:00,31.913,35.44,26.031,,184.0,False,93.384,"[None, 2048, 2048, 2049, 2048, 2048, 2048, 2048, 2048]","[2048, 2048, 2048, 2048, 2048, 2048, 2048, 2048, 2048]","[2048, 2048, 2048, 2049, 2048, 2048, 2048]",317.0
1208,9078,1,23,2023-05-07T20:07:54.612000+00:00,31.31,34.819,25.777,212.0,187.0,False,91.906,"[None, 2048, 2048, 2048, 2048, 2049, 2049, 2048, 2048]","[2048, 2048, 2048, 2048, 2048, 2049, 2049, 2049, 2048]","[2048, 2048, 2048, 2048, 2048, 2048]",312.0
1208,9078,14,23,2023-05-07T20:07:58.472000+00:00,31.386,35.079,25.801,,187.0,False,92.266,"[None, 2048, 2049, 2048, 2048, 2048, 2048, 2048, 2048]","[2048, 2048, 2048, 2048, 2048, 2048, 2048, 2049, 2048]","[2048, 2048, 2048, 2048, 2048, 2049, 2049]",319.0
1208,9078,11,23,2023-05-07T20:08:12.315000+00:00,31.1,34.861,25.903,213.0,187.0,False,91.864,"[2048, 2048, 2049, 2048, 2048, 2048, 2048, 2048, 2049]","[2048, 2048, 2048, 2048, 2048, 2049, 2048, 2048, 2048]","[2049, 2048, 2048, 2048, 2048, 2048, 2048]",302.0
1208,9078,31,23,2023-05-07T20:08:13.675000+00:00,31.793,35.317,25.994,214.0,185.0,False,93.104,"[None, 2048, 2048, 2048, 2048, 2048, 2048, 2048, 2048]","[2048, 2048, 2048, 2048, 2048, 2048, 2048, 2048, 2048]","[2048, 2048, 2048, 2048, 2048, 2048, 2048]",311.0
1208,9078,55,23,2023-05-07T20:08:16.909000+00:00,31.338,34.998,26.018,214.0,186.0,False,92.354,"[None, 2048, 2048, 2048, 2048, 2048, 2049, 2048, 2048]","[2048, 2048, 2048, 2048, 2048, 2048, 2048, 2048, 2048]","[2048, 2048, 2048, 2048, 2049, 2048]",308.0
1208,9078,27,23,2023-05-07T20:08:18.753000+00:00,31.905,36.357,25.955,214.0,185.0,False,94.217,"[None, 2048, 2048, 2048, 2048, 2049, 2048, 2048, 2048]","[2048, 2048, 2048, 2048, 2048, 2048, 2048, 2048, 2048]","[2048, 2048, 2048, 2048, 2048, 2048]",321.0
1208,9078,44,23,2023-05-07T20:08:19.159000+00:00,31.973,35.002,26.024,212.0,185.0,False,92.999,"[None, 2048, 2048, 2048, 2048, 2048, 2048, 2048, 2048]","[2049, 2048, 2048, 2048, 2048, 2048, 2048, 2048, 2048]","[2048, 2048, 2048, 2049, 2049, 2048, 2048]",318.0
1208,9078,22,23,2023-05-07T20:08:22.096000+00:00,31.797,35.329,26.055,211.0,186.0,False,93.181,"[None, 2048, 2049, 2048, 2048, 2048, 2048, 2048, 2048]","[2048, 2048, 2048, 2048, 2048, 2048, 2048, 2048, 2048]","[2048, 2048, 2048, 2048, 2048, 2048, 2048]",313.0
1208,9078,18,23,2023-05-07T20:08:23.675000+00:00,31.63,35.296,26.174,211.0,186.0,False,93.1,"[2048, 2048, 2048, 2049, 2048, 2049, 2049, 2049, 2048]","[2049, 2049, 2048, 2048, 2048, 2048, 2049, 2048, 2048]","[2048, 2048, 2048, 2048, 2048, 2048]",323.0
1208,9078,63,23,2023-05-07T20:08:24.065000+00:00,31.651,35.252,25.864,212.0,187.0,False,92.767,"[2048, 2048, 2048, 2048, 2048, 2048, 2048, 2048, 2048]","[2049, 2048, 2048, 2048, 2048, 2048, 2048, 2048, 2048]","[2049, 2048, 2048, 2048, 2048, 2048, 2051]",299.0
1208,9078,10,23,2023-05-07T20:08:25.800000+00:00,31.638,35.241,25.871,212.0,186.0,False,92.75,"[2048, 2049, 2048, 2048, 2048, 2049, 2048, 2048, 2048]","[2048, 2048, 2048, 2048, 2048, 2048, 2048, 2048, 2048]","[2048, 2048, 2048, 2048, 2048, 2048]",318.0
1208,9078,24,23,2023-05-07T20:08:26.753000+00:00,31.942,35.752,26.094,,185.0,False,93.788,"[None, 2048, 2048, 2048, 2048, 2048, 2048, 2048, 2048]","[2048, 2048, 2048, 2048, 2048, 2048, 2049, 2048, 2048]","[2048, 2048, 2048, 2048, 2048, 2048]",319.0
1208,9078,20,23,2023-05-07T20:08:27.690000+00:00,31.732,35.636,25.91,214.0,184.0,False,93.278,"[2049, 2048, 2048, 2048, 2048, 2048, 2048, 2048, 2048]","[2049, 2049, 2049, 2049, 2048, 2048, 2048, 2048, 2048]","[2049, 2049, 2048, 2048, 2048, 2048]",327.0
1208,9078,23,23,2023-05-07T20:08:28.409000+00:00,46.708,35.109,25.973,213.0,185.0,True,107.79,"[2064, 2064, 2064, 2048, 2048, 2048, 2049, 2049, 2049]","[2048, 2048, 2048, 2048, 2048, 2049, 2049, 2048, 2049]","[2048, 2048, 2048, 2048, 2049, 2049, 0]",313.0
1208,9078,16,23,2023-05-07T20:08:31.940000+00:00,31.576,35.06,25.946,,185.0,False,92.582,"[None, 2048, 2049, 2048, 2048, 2049, 2048, 2048, 2048]","[2048, 2048, 2048, 2048, 2048, 2048, 2048, 2048, 2048]","[2048, 2048, 2048, 2048, 2048, 2048, 2048]",313.0
1208,9078,77,23,2023-05-07T20:08:36.971000+00:00,31.779,35.306,26.0,215.0,188.0,False,93.085,"[None, 2048, 2048, 2048, 2048, 2048, 2048, 2048, 2048]","[2048, 2048, 2048, 2048, 2048, 2048, 2048, 2048, 2048]","[2049, 2048, 2048, 2048, 2048, 2048]",308.0
1208,9078,4,23,2023-05-07T20:08:39.534000+00:00,31.7,35.602,26.145,211.0,184.0,False,93.447,"[None, 2048, 2048, 2048, 2048, 2048, 2048, 2048, 2048]","[2048, 2049, 2048, 2048, 2048, 2048, 2048, 2048, 2048]","[2048, 2048, 2048, 2048, 2048, 2048]",314.0
1208,9078,81,23,2023-05-07T20:08:43.753000+00:00,32.405,36.192,26.365,,182.0,False,94.962,"[None, 2048, 2048, 2048, 2048, 2048, 2048, 2048, 2048]","[2049, 2049, 2048, 2048, 2048, 2048, 2048, 2048, 2048]","[2048, 2048, 2048, 2048, 2048, 2048]",295.0
1208,9078,21,23,2023-05-07T20:08:47.721000+00:00,31.574,35.488,26.092,,186.0,False,93.154,"[None, 2049, 2048, 2048, 2049, 2048, 2048, 2048, 2048]","[2048, 2048, 2048, 2048, 2048, 2048, 2048, 2048, 2048]","[2049, 2048, 2048, 2048, 2048, 2048, 2049]",311.0
1208,9078,2,23,2023-05-07T20:09:11.252000+00:00,32.069,35.433,25.999,212.0,183.0,False,93.501,"[None, 2048, 2048, 2048, 2048, 2048, 2048, 2048, 2048]","[2048, 2048, 2048, 2048, 2048, 2048, 2048, 2048, 2048]","[2048, 2048, 2048, 2048, 2048, 2048, 2049]",314.0
1208,9078,1,24,2023-05-07T20:09:26.486000+00:00,31.247,35.06,25.819,215.0,188.0,False,92.126,"[None, 2048, 2048, 2048, 2048, 2049, 2049, 2049, 2048]","[2048, 2048, 2048, 2048, 2048, 2048, 2048, 2048, 2048]","[2048, 2048, 2048, 2048, 2048, 2048, 2048]",308.0
1208,9078,14,24,2023-05-07T20:09:30.830000+00:00,31.509,35.192,30.581,,187.0,False,97.282,"[None, 2048, 2048, 2048, 2048, 2048, 2048, 2048, 2048]","[2048, 2048, 2048, 2048, 2048, 2048, 2048, 2048, 2048]","[2048, 2048, 2048, 2048, 2048, 2048, 2064]",320.0
1208,9078,11,24,2023-05-07T20:09:44.236000+00:00,30.831,34.844,25.771,214.0,187.0,False,91.446,"[2049, 2048, 2049, 2049, 2051, 2048, 2051, 2051, 2048]","[2048, 2048, 2048, 2048, 2048, 2048, 2051, 2048, 2048]","[2049, 2049, 2048, 2048, 2048, 2048, 2049]",308.0
1208,9078,31,24,2023-05-07T20:09:46.783000+00:00,31.547,35.322,26.035,,186.0,False,92.904,"[None, 2048, 2048, 2048, 2049, 2048, 2048, 2049, 2048]","[2048, 2048, 2048, 2048, 2048, 2048, 2048, 2048, 2048]","[2048, 2048, 2048, 2048, 2048, 2048]",310.0
1208,9078,55,24,2023-05-07T20:09:49.267000+00:00,31.428,35.003,25.956,,188.0,False,92.387,"[None, 2048, 2049, 2048, 2048, 2048, 2048, 2048, 2048]","[2048, 2048, 2048, 2048, 2048, 2048, 2048, 2048, 2048]","[2048, 2048, 2048, 2048, 2048, 2048, 2048]",309.0
1208,9078,44,24,2023-05-07T20:09:52.033000+00:00,31.295,35.524,26.119,,186.0,False,92.938,"[None, 2048, 2049, 2048, 2049, 2049, 2049, 2049, 2049]","[2048, 2048, 2048, 2048, 2048, 2049, 2048, 2048, 2048]","[2048, 2048, 2048, 2048, 2048, 2048, 2048]",309.0
1208,9078,27,24,2023-05-07T20:09:52.955000+00:00,31.744,35.583,25.961,210.0,185.0,False,93.288,"[None, 2048, 2048, 2048, 2048, 2048, 2048, 2048, 2048]","[2048, 2048, 2048, 2048, 2048, 2048, 2048, 2048, 2048]","[2049, 2048, 2048, 2048, 2048, 2048]",318.0
1208,9078,22,24,2023-05-07T20:09:55.236000+00:00,31.723,35.366,26.004,212.0,186.0,False,93.093,"[None, 2048, 2048, 2049, 2048, 2048, 2048, 2049, 2048]","[2048, 2048, 2048, 2048, 2048, 2048, 2048, 2048, 2048]","[2048, 2048, 2048, 2049, 2048, 2048, 2048]",313.0
1208,9078,18,24,2023-05-07T20:09:56.845000+00:00,32.352,35.432,26.027,210.0,184.0,False,93.811,"[None, 2048, 2048, 2048, 2048, 2048, 2048, 2048, 2048]","[2048, 2048, 2048, 2048, 2048, 2048, 2049, 2048, 2048]","[2048, 2048, 2048, 2048, 2048, 2048, 2048]",320.0
1208,9078,63,24,2023-05-07T20:09:56.970000+00:00,31.402,35.197,26.003,213.0,185.0,False,92.602,"[None, 2049, 2048, 2048, 2048, 2048, 2048, 2048, 2048]","[2048, 2048, 2048, 2048, 2048, 2049, 2048, 2048, 2048]","[2048, 2048, 2048, 2048, 2048, 2048, 2048]",318.0
1208,9078,10,24,2023-05-07T20:09:58.611000+00:00,31.664,35.208,25.894,213.0,185.0,False,92.766,"[None, 2048, 2048, 2048, 2048, 2048, 2048, 2048, 2048]","[2048, 2048, 2048, 2048, 2048, 2048, 2048, 2048, 2048]","[2049, 2049, 2049, 2048, 2048, 2048, 2049]",330.0
1208,9078,24,24,2023-05-07T20:10:00.642000+00:00,31.8,36.046,26.444,212.0,183.0,False,94.29,"[None, 2048, 2048, 2049, 2048, 2048, 2049, 2049, 2048]","[2049, 2048, 2048, 2048, 2048, 2048, 2048, 2048, 2048]","[2048, 2048, 2048, 2048, 2048, 2048, 2048]",276.0
1208,9078,20,24,2023-05-07T20:10:01.017000+00:00,31.931,35.794,25.478,203.0,187.0,False,93.203,"[None, 2048, 2048, 2048, 2048, 2048, 2048, 2048, 2048]","[2048, 2048, 2048, 2048, 2048, 2048, 2048, 2048, 2048]","[2051, 2049, 2048, 2048, 2048, 2048]",332.0
1208,9078,16,24,2023-05-07T20:10:04.455000+00:00,31.683,35.305,26.05,215.0,186.0,False,93.038,"[None, 2048, 2048, 2048, 2048, 2048, 2048, 2048, 2048]","[2048, 2048, 2048, 2048, 2048, 2048, 2048, 2048, 2048]","[2048, 2048, 2048, 2049, 2048, 2048, 2048]",315.0
1208,9078,77,24,2023-05-07T20:10:09.923000+00:00,31.536,35.433,26.077,214.0,186.0,False,93.046,"[None, 2049, 2048, 2048, 2048, 2048, 2048, 2048, 2048]","[2048, 2048, 2048, 2048, 2048, 2048, 2048, 2048, 2048]","[2048, 2048, 2048, 2048, 2048, 2048]",306.0
1208,9078,4,24,2023-05-07T20:10:12.830000+00:00,31.664,35.593,26.044,,183.0,False,93.301,"[None, 2048, 2048, 2048, 2048, 2048, 2048, 2049, 2048]","[2048, 2048, 2048, 2048, 2048, 2048, 2048, 2048, 2048]","[2048, 2048, 2048, 2048, 2048, 2048, 2048]",311.0
1208,9078,23,24,2023-05-07T20:10:16.236000+00:00,31.557,34.811,25.873,212.0,185.0,False,92.241,"[2048, 2049, 2049, 2048, 2048, 2049, 2049, 2048, 2048]","[2048, 2048, 2048, 2048, 2048, 2048, 2049, 2049, 2048]","[2048, 2048, 2048, 2048, 2049, 2049, 2048]",317.0
1208,9078,81,24,2023-05-07T20:10:18.720000+00:00,31.993,35.692,26.431,,184.0,False,94.116,"[None, 2048, 2048, 2048, 2048, 2048, 2048, 2048, 2048]","[2048, 2048, 2048, 2048, 2048, 2048, 2048, 2048, 2048]","[2048, 2048, 2048, 2048, 2048, 2048, 2048]",297.0
1208,9078,21,24,2023-05-07T20:10:20.830000+00:00,31.57,35.411,26.173,,186.0,False,93.154,"[None, 2048, 2048, 2048, 2048, 2048, 2048, 2048, 2048]","[2049, 2048, 2048, 2048, 2049, 2048, 2048, 2048, 2048]","[2049, 2048, 2048, 2048, 2048, 2048, 2049]",313.0
1208,9078,2,24,2023-05-07T20:10:44.720000+00:00,31.922,35.36,26.034,210.0,185.0,False,93.316,"[None, 2048, 2048, 2048, 2048, 2048, 2048, 2048, 2048]","[2048, 2048, 2048, 2048, 2049, 2048, 2048, 2048, 2048]","[2048, 2048, 2048, 2048, 2048, 2048]",317.0
1208,9078,1,25,2023-05-07T20:10:58.610000+00:00,31.361,34.818,25.74,213.0,187.0,False,91.919,"[None, 2048, 2048, 2048, 2049, 2048, 2048, 2048, 2048]","[2048, 2048, 2048, 2048, 2048, 2048, 2049, 2049, 2048]","[2049, 2048, 2048, 2048, 2049, 2048, 2048]",309.0
1208,9078,14,25,2023-05-07T20:11:07.970000+00:00,46.47,34.856,25.725,216.0,187.0,True,107.051,"[2064, 2064, 2064, 2048, 2048, 2048, 2048, 2048, 2049]","[2051, 2049, 2048, 2048, 2048, 2049, 2048, 2048, 2049]","[2049, 2048, 2048, 2048, 2049, 2049, 0]",313.0
1208,9078,11,25,2023-05-07T20:11:15.735000+00:00,30.887,34.817,25.74,,185.0,False,91.444,"[2048, 2048, 2048, 2048, 2048, 2048, 2051, 2051, 2048]","[2048, 2048, 2048, 2048, 2048, 2048, 2048, 2048, 2048]","[2048, 2048, 2049, 2049, 2048, 2048]",309.0
1208,9078,31,25,2023-05-07T20:11:19.657000+00:00,31.55,35.269,26.165,213.0,185.0,False,92.984,"[None, 2048, 2048, 2048, 2048, 2048, 2048, 2049, 2048]","[2048, 2048, 2048, 2048, 2048, 2048, 2048, 2048, 2048]","[2048, 2048, 2048, 2048, 2048, 2048, 2048]",310.0
1208,9078,55,25,2023-05-07T20:11:21.626000+00:00,31.458,35.186,26.049,,186.0,False,92.693,"[None, 2048, 2049, 2048, 2048, 2049, 2049, 2048, 2048]","[2048, 2048, 2048, 2048, 2048, 2048, 2048, 2048, 2048]","[2048, 2048, 2048, 2048, 2048, 2048, 2048]",309.0
1208,9078,44,25,2023-05-07T20:11:25.048000+00:00,31.51,35.413,26.09,213.0,186.0,False,93.013,"[None, 2049, 2049, 2048, 2048, 2048, 2048, 2048, 2048]","[2048, 2048, 2048, 2048, 2048, 2049, 2048, 2048, 2048]","[2048, 2048, 2048, 2048, 2048, 2048, 2048]",312.0
1208,9078,27,25,2023-05-07T20:11:26.251000+00:00,31.675,35.498,26.239,213.0,185.0,False,93.412,"[None, 2048, 2048, 2048, 2049, 2048, 2048, 2048, 2048]","[2048, 2048, 2048, 2048, 2048, 2048, 2049, 2048, 2048]","[2048, 2048, 2048, 2048, 2048, 2048, 2048]",318.0
1208,9078,22,25,2023-05-07T20:11:28.344000+00:00,31.661,35.203,25.972,213.0,186.0,False,92.836,"[None, 2048, 2048, 2048, 2049, 2048, 2048, 2048, 2048]","[2048, 2048, 2048, 2048, 2048, 2048, 2049, 2048, 2048]","[2048, 2048, 2048, 2049, 2048, 2048]",317.0
1208,9078,63,25,2023-05-07T20:11:29.469000+00:00,31.523,35.168,25.731,214.0,185.0,False,92.422,"[None, 2048, 2048, 2048, 2049, 2048, 2048, 2048, 2048]","[2049, 2048, 2048, 2048, 2048, 2048, 2048, 2048, 2048]","[2048, 2048, 2048, 2048, 2048, 2048, 2048]",326.0
1208,9078,18,25,2023-05-07T20:11:30.657000+00:00,31.775,36.106,25.905,,185.0,False,93.786,"[None, 2048, 2049, 2049, 2048, 2049, 2049, 2048, 2048]","[2048, 2048, 2048, 2048, 2048, 2048, 2048, 2048, 2048]","[2048, 2048, 2048, 2049, 2048, 2048]",328.0
1208,9078,10,25,2023-05-07T20:11:31.407000+00:00,31.565,34.761,25.967,215.0,185.0,False,92.293,"[2049, 2048, 2048, 2048, 2049, 2048, 2048, 2048, 2048]","[2049, 2048, 2049, 2049, 2049, 2048, 2048, 2048, 2048]","[2048, 2048, 2048, 2048, 2048, 2048]",316.0
1208,9078,20,25,2023-05-07T20:11:34.157000+00:00,31.519,35.273,25.942,213.0,183.0,False,92.734,"[2048, 2048, 2048, 2048, 2048, 2048, 2048, 2048, 2048]","[2048, 2048, 2048, 2048, 2048, 2048, 2048, 2048, 2048]","[2048, 2048, 2048, 2048, 2048, 2048]",316.0
1208,9078,24,25,2023-05-07T20:11:34.969000+00:00,31.955,35.606,26.097,,184.0,False,93.658,"[None, 2049, 2048, 2048, 2048, 2048, 2048, 2048, 2048]","[2049, 2048, 2048, 2048, 2048, 2049, 2048, 2048, 2048]","[2048, 2048, 2048, 2048, 2048, 2048, 2048]",314.0
1208,9078,16,25,2023-05-07T20:11:37.547000+00:00,31.595,35.198,25.819,,184.0,False,92.612,"[None, 2048, 2049, 2048, 2049, 2048, 2048, 2048, 2048]","[2048, 2048, 2048, 2048, 2048, 2048, 2048, 2048, 2048]","[2048, 2048, 2048, 2048, 2048, 2049]",316.0
1208,9078,77,25,2023-05-07T20:11:43.047000+00:00,31.527,35.335,26.039,215.0,187.0,False,92.901,"[None, 2048, 2048, 2048, 2048, 2048, 2048, 2048, 2048]","[2048, 2048, 2048, 2048, 2048, 2048, 2048, 2048, 2048]","[2048, 2048, 2048, 2048, 2048, 2048, 2048]",307.0
1208,9078,4,25,2023-05-07T20:11:46.219000+00:00,31.51,35.551,26.022,,184.0,False,93.083,"[None, 2048, 2048, 2048, 2049, 2048, 2048, 2049, 2048]","[2048, 2048, 2048, 2048, 2048, 2048, 2048, 2048, 2048]","[2048, 2048, 2048, 2048, 2048, 2048, 2048]",315.0
1208,9078,23,25,2023-05-07T20:11:48.485000+00:00,31.498,35.048,25.973,,185.0,False,92.519,"[None, 2048, 2049, 2048, 2049, 2049, 2048, 2048, 2049]","[2048, 2048, 2048, 2048, 2048, 2048, 2048, 2048, 2048]","[2048, 2048, 2048, 2049, 2048, 2048, 2048]",317.0
1208,9078,81,25,2023-05-07T20:11:52.828000+00:00,31.834,35.737,26.447,,183.0,False,94.018,"[None, 2048, 2048, 2048, 2048, 2048, 2048, 2048, 2048]","[2048, 2048, 2048, 2048, 2048, 2048, 2048, 2048, 2048]","[2048, 2048, 2048, 2048, 2048, 2048]",298.0
1208,9078,21,25,2023-05-07T20:11:54.016000+00:00,31.844,35.58,26.161,,187.0,False,93.585,"[2049, 2048, 2048, 2048, 2048, 2048, 2048, 2048, 2048]","[2048, 2049, 2048, 2048, 2048, 2048, 2048, 2048, 2048]","[2049, 2048, 2048, 2048, 2048, 2048, 2048]",313.0
1208,9078,2,25,2023-05-07T20:12:18.031000+00:00,32.029,35.463,26.086,214.0,184.0,False,93.578,"[None, 2048, 2048, 2048, 2048, 2048, 2048, 2048, 2048]","[2049, 2048, 2048, 2048, 2048, 2048, 2048, 2048, 2048]","[2048, 2048, 2048, 2048, 2048, 2048, 2048]",314.0
1208,9078,1,26,2023-05-07T20:12:30.531000+00:00,31.253,34.899,25.77,214.0,187.0,False,91.922,"[None, 2048, 2048, 2049, 2048, 2049, 2048, 2048, 2049]","[2048, 2048, 2048, 2048, 2048, 2048, 2048, 2049, 2049]","[2048, 2048, 2048, 2048, 2048, 2048, 2048]",307.0
1208,9078,11,26,2023-05-07T20:12:47.125000+00:00,30.926,34.952,25.709,213.0,186.0,False,91.587,"[None, 2048, 2048, 2048, 2048, 2048, 2048, 2048, 2048]","[2048, 2048, 2048, 2048, 2048, 2048, 2048, 2048, 2048]","[2048, 2048, 2049, 2048, 2049, 2049, 2048]",313.0
1208,9078,31,26,2023-05-07T20:12:52.656000+00:00,31.634,35.478,26.049,209.0,186.0,False,93.161,"[None, 2048, 2048, 2049, 2048, 2048, 2048, 2048, 2048]","[2048, 2048, 2048, 2048, 2048, 2048, 2049, 2048, 2048]","[2048, 2048, 2048, 2048, 2048, 2048]",309.0
1208,9078,55,26,2023-05-07T20:12:54.250000+00:00,31.329,35.308,25.919,213.0,187.0,False,92.556,"[None, 2048, 2049, 2048, 2048, 2048, 2048, 2048, 2048]","[2048, 2048, 2048, 2048, 2048, 2048, 2048, 2048, 2048]","[2049, 2048, 2048, 2048, 2048, 2048]",320.0
1208,9078,14,26,2023-05-07T20:12:55.078000+00:00,31.102,35.343,25.69,211.0,187.0,False,92.135,"[2048, 2048, 2048, 2049, 2049, 2048, 2048, 2049, 2048]","[2048, 2049, 2049, 2049, 2048, 2048, 2048, 2048, 2048]","[2049, 2049, 2049, 2048, 2048, 2049, 2049]",325.0
1208,9078,44,26,2023-05-07T20:12:58.062000+00:00,31.308,35.33,25.995,209.0,187.0,False,92.633,"[None, 2048, 2048, 2048, 2049, 2048, 2049, 2048, 2048]","[2048, 2048, 2048, 2048, 2048, 2048, 2048, 2049, 2048]","[2048, 2048, 2048, 2048, 2048, 2048, 2048]",319.0
1208,9078,27,26,2023-05-07T20:12:59.687000+00:00,31.595,35.465,25.944,215.0,186.0,False,93.004,"[None, 2048, 2048, 2048, 2049, 2049, 2048, 2048, 2048]","[2048, 2048, 2048, 2048, 2048, 2048, 2048, 2048, 2048]","[2049, 2048, 2048, 2048, 2048, 2048, 2048]",317.0
1208,9078,22,26,2023-05-07T20:13:01.203000+00:00,31.778,35.967,25.973,,186.0,False,93.718,"[None, 2048, 2048, 2048, 2048, 2048, 2048, 2048, 2049]","[2048, 2048, 2048, 2048, 2048, 2048, 2048, 2048, 2048]","[2048, 2048, 2048, 2048, 2048, 2048, 2048]",312.0
1208,9078,63,26,2023-05-07T20:13:01.984000+00:00,31.457,34.824,25.826,212.0,185.0,False,92.107,"[None, 2048, 2048, 2048, 2049, 2048, 2048, 2048, 2048]","[2048, 2048, 2048, 2048, 2048, 2048, 2048, 2048, 2048]","[2048, 2048, 2048, 2048, 2049, 2048]",313.0
1208,9078,10,26,2023-05-07T20:13:03.562000+00:00,31.629,35.35,25.858,213.0,184.0,False,92.837,"[2048, 2048, 2048, 2048, 2048, 2048, 2048, 2048, 2048]","[2048, 2048, 2048, 2048, 2048, 2048, 2048, 2048, 2048]","[2048, 2048, 2048, 2048, 2048, 2048]",316.0
1208,9078,18,26,2023-05-07T20:13:04.437000+00:00,31.856,35.326,25.84,,185.0,False,93.022,"[None, 2048, 2048, 2048, 2048, 2048, 2048, 2048, 2048]","[2048, 2048, 2048, 2048, 2048, 2048, 2048, 2049, 2048]","[2048, 2048, 2048, 2048, 2048, 2048]",337.0
1208,9078,20,26,2023-05-07T20:13:06.968000+00:00,31.6,35.44,25.999,209.0,183.0,False,93.039,"[None, 2048, 2048, 2048, 2048, 2048, 2048, 2048, 2048]","[2048, 2048, 2048, 2048, 2048, 2048, 2048, 2048, 2048]","[2048, 2048, 2048, 2048, 2048, 2048, 2048]",316.0
1208,9078,24,26,2023-05-07T20:13:08.578000+00:00,32.15,35.484,26.026,208.0,185.0,False,93.66,"[None, 2048, 2048, 2048, 2048, 2048, 2048, 2048, 2048]","[2048, 2048, 2048, 2048, 2048, 2048, 2048, 2049, 2049]","[2048, 2048, 2048, 2048, 2049, 2048, 2048]",314.0
1208,9078,16,26,2023-05-07T20:13:10.171000+00:00,31.706,35.32,25.644,212.0,185.0,False,92.67,"[None, 2048, 2049, 2048, 2049, 2048, 2048, 2048, 2048]","[2048, 2048, 2048, 2048, 2048, 2048, 2048, 2048, 2048]","[2048, 2048, 2049, 2048, 2048, 2048]",326.0
1208,9078,77,26,2023-05-07T20:13:15.968000+00:00,31.566,35.267,26.018,214.0,188.0,False,92.851,"[None, 2048, 2048, 2048, 2049, 2048, 2048, 2048, 2048]","[2048, 2048, 2048, 2048, 2048, 2048, 2048, 2048, 2048]","[2049, 2048, 2048, 2048, 2048, 2048, 2048]",314.0
1208,9078,4,26,2023-05-07T20:13:19.312000+00:00,31.737,35.57,26.071,210.0,185.0,False,93.378,"[None, 2048, 2048, 2048, 2048, 2048, 2048, 2048, 2048]","[2048, 2048, 2048, 2048, 2048, 2048, 2048, 2048, 2048]","[2048, 2048, 2048, 2048, 2048, 2048, 2048]",314.0
1208,9078,23,26,2023-05-07T20:13:21.015000+00:00,31.764,34.928,25.894,210.0,185.0,False,92.586,"[None, 2048, 2048, 2048, 2049, 2048, 2048, 2049, 2048]","[2048, 2048, 2048, 2048, 2048, 2048, 2048, 2048, 2048]","[2049, 2048, 2048, 2048, 2048, 2048, 2049]",317.0
1208,9078,81,26,2023-05-07T20:13:26.843000+00:00,32.061,35.716,26.309,210.0,187.0,False,94.086,"[None, 2048, 2048, 2048, 2048, 2048, 2048, 2048, 2048]","[2048, 2048, 2048, 2048, 2048, 2048, 2048, 2048, 2048]","[2049, 2048, 2048, 2048, 2048, 2048, 2048]",296.0
1208,9078,21,26,2023-05-07T20:13:27.562000+00:00,32.056,35.634,26.133,210.0,185.0,False,93.823,"[None, 2048, 2048, 2048, 2048, 2048, 2048, 2048, 2048]","[2048, 2048, 2048, 2049, 2048, 2048, 2048, 2048, 2048]","[2048, 2049, 2049, 2048, 2048, 2048]",309.0
1208,9078,2,26,2023-05-07T20:13:51.624000+00:00,32.098,35.351,26.053,211.0,185.0,False,93.502,"[None, 2048, 2048, 2048, 2048, 2048, 2048, 2048, 2048]","[2048, 2048, 2048, 2048, 2049, 2048, 2048, 2048, 2048]","[2048, 2048, 2048, 2048, 2048, 2048, 2048]",320.0
1208,9078,1,27,2023-05-07T20:14:02.452000+00:00,31.186,34.746,25.897,215.0,187.0,False,91.829,"[None, 2048, 2048, 2049, 2049, 2048, 2049, 2048, 2048]","[2048, 2048, 2048, 2048, 2048, 2048, 2048, 2048, 2048]","[2048, 2048, 2048, 2048, 2048, 2048, 2048]",305.0
1208,9078,11,27,2023-05-07T20:14:18.717000+00:00,31.209,34.91,25.733,,187.0,False,91.852,"[None, 2048, 2048, 2048, 2048, 2048, 2048, 2048, 2048]","[2048, 2048, 2048, 2048, 2048, 2048, 2048, 2048, 2048]","[2048, 2048, 2048, 2048, 2048, 2048]",307.0
1208,9078,31,27,2023-05-07T20:14:25.827000+00:00,31.539,35.308,26.01,212.0,186.0,False,92.857,"[None, 2048, 2048, 2048, 2048, 2048, 2048, 2048, 2048]","[2048, 2048, 2048, 2048, 2048, 2048, 2048, 2048, 2048]","[2048, 2048, 2048, 2048, 2048, 2049, 2048]",309.0
1208,9078,55,27,2023-05-07T20:14:26.874000+00:00,31.498,36.167,25.782,214.0,186.0,False,93.447,"[None, 2048, 2048, 2048, 2048, 2048, 2048, 2048, 2048]","[2048, 2048, 2048, 2048, 2048, 2048, 2048, 2048, 2048]","[2048, 2048, 2048, 2048, 2048, 2048, 2049]",328.0
1208,9078,14,27,2023-05-07T20:14:27.233000+00:00,31.651,35.093,25.977,213.0,187.0,False,92.721,"[2049, 2048, 2048, 2048, 2048, 2048, 2048, 2048, 2048]","[2049, 2049, 2049, 2049, 2049, 2048, 2048, 2048, 2048]","[2048, 2048, 2048, 2048, 2048, 2048]",312.0
1208,9078,44,27,2023-05-07T20:14:30.749000+00:00,31.443,35.198,26.237,211.0,185.0,False,92.878,"[None, 2048, 2048, 2048, 2048, 2049, 2048, 2048, 2048]","[2048, 2048, 2048, 2048, 2048, 2048, 2048, 2048, 2048]","[2048, 2048, 2048, 2048, 2048, 2048, 2048]",306.0
1208,9078,27,27,2023-05-07T20:14:32.686000+00:00,31.529,35.382,26.165,,186.0,False,93.076,"[None, 2048, 2048, 2048, 2048, 2048, 2048, 2048, 2048]","[2049, 2048, 2048, 2048, 2048, 2048, 2048, 2048, 2048]","[2049, 2048, 2048, 2048, 2048, 2048, 2048]",316.0
1208,9078,63,27,2023-05-07T20:14:33.983000+00:00,31.287,35.096,25.772,214.0,185.0,False,92.155,"[None, 2048, 2048, 2048, 2048, 2049, 2049, 2048, 2048]","[2048, 2048, 2048, 2048, 2048, 2048, 2048, 2048, 2048]","[2048, 2048, 2048, 2048, 2048, 2048, 2048]",324.0
1208,9078,22,27,2023-05-07T20:14:34.905000+00:00,31.779,35.254,25.994,214.0,187.0,False,93.027,"[None, 2048, 2048, 2048, 2049, 2048, 2048, 2048, 2048]","[2049, 2048, 2048, 2048, 2048, 2048, 2048, 2048, 2048]","[2048, 2048, 2048, 2048, 2048, 2048]",319.0
1208,9078,10,27,2023-05-07T20:14:36.514000+00:00,31.558,35.205,26.006,214.0,186.0,False,92.769,"[None, 2049, 2048, 2048, 2048, 2048, 2048, 2048, 2048]","[2048, 2048, 2048, 2048, 2048, 2048, 2048, 2048, 2048]","[2048, 2048, 2048, 2048, 2048, 2048, 2048]",317.0
1208,9078,18,27,2023-05-07T20:14:37.467000+00:00,31.754,35.341,25.904,211.0,186.0,False,92.999,"[None, 2048, 2048, 2048, 2048, 2048, 2048, 2048, 2048]","[2049, 2048, 2048, 2048, 2048, 2048, 2048, 2048, 2049]","[2048, 2048, 2048, 2049, 2048, 2048]",323.0
1208,9078,20,27,2023-05-07T20:14:40.045000+00:00,31.67,35.284,25.9,211.0,184.0,False,92.854,"[None, 2048, 2048, 2048, 2048, 2048, 2048, 2048, 2048]","[2048, 2048, 2048, 2048, 2048, 2048, 2048, 2048, 2048]","[2048, 2048, 2048, 2048, 2048, 2048, 2048]",316.0
1208,9078,24,27,2023-05-07T20:14:42.233000+00:00,31.757,36.242,26.029,212.0,185.0,False,94.028,"[None, 2049, 2048, 2048, 2049, 2048, 2049, 2049, 2048]","[2049, 2048, 2048, 2048, 2048, 2048, 2048, 2048, 2049]","[2048, 2048, 2048, 2048, 2048, 2048, 2048]",297.0
1208,9078,16,27,2023-05-07T20:14:42.858000+00:00,31.76,34.834,25.885,217.0,184.0,False,92.479,"[None, 2048, 2048, 2048, 2049, 2048, 2048, 2048, 2048]","[2051, 2049, 2049, 2049, 2049, 2048, 2048, 2048, 2048]","[2048, 2048, 2048, 2048, 2048, 2048]",316.0
1208,9078,77,27,2023-05-07T20:14:48.811000+00:00,31.517,35.291,25.989,215.0,187.0,False,92.797,"[None, 2048, 2048, 2048, 2048, 2048, 2048, 2048, 2048]","[2048, 2048, 2048, 2048, 2048, 2048, 2048, 2048, 2048]","[2049, 2048, 2048, 2048, 2048, 2048, 2048]",311.0
1208,9078,4,27,2023-05-07T20:14:52.701000+00:00,31.535,36.46,25.758,209.0,183.0,False,93.753,"[None, 2049, 2048, 2048, 2048, 2048, 2049, 2048, 2048]","[2048, 2048, 2048, 2048, 2048, 2048, 2048, 2048, 2048]","[2048, 2048, 2048, 2048, 2048, 2048, 2049]",330.0
1208,9078,23,27,2023-05-07T20:14:53.592000+00:00,31.407,34.755,25.908,211.0,183.0,False,92.07,"[None, 2048, 2048, 2048, 2051, 2048, 2049, 2048, 2048]","[2048, 2048, 2049, 2048, 2049, 2048, 2048, 2048, 2048]","[2048, 2048, 2048, 2048, 2048, 2049]",313.0
1208,9078,81,27,2023-05-07T20:15:00.951000+00:00,32.115,35.609,26.343,212.0,187.0,False,94.067,"[None, 2048, 2048, 2048, 2048, 2048, 2048, 2048, 2048]","[2048, 2048, 2048, 2048, 2048, 2048, 2048, 2048, 2048]","[2049, 2048, 2048, 2048, 2048, 2048, 2048]",295.0
1208,9078,21,27,2023-05-07T20:15:01.373000+00:00,32.325,35.626,25.911,211.0,185.0,False,93.862,"[None, 2048, 2048, 2048, 2048, 2048, 2048, 2048, 2048]","[2049, 2048, 2048, 2048, 2048, 2048, 2048, 2048, 2048]","[2048, 2048, 2048, 2048, 2048, 2049, 2049]",315.0
1208,9078,2,27,2023-05-07T20:15:25.107000+00:00,31.963,35.181,26.002,,185.0,False,93.146,"[None, 2048, 2048, 2048, 2048, 2049, 2048, 2048, 2048]","[2048, 2048, 2048, 2048, 2048, 2048, 2048, 2048, 2048]","[2049, 2048, 2048, 2048, 2048, 2048, 2048]",317.0
1208,9078,1,28,2023-05-07T20:15:34.310000+00:00,31.31,34.719,25.747,212.0,188.0,False,91.776,"[None, 2048, 2048, 2048, 2048, 2048, 2048, 2048, 2048]","[2048, 2048, 2048, 2048, 2048, 2048, 2049, 2048, 2049]","[2049, 2048, 2048, 2048, 2048, 2048, 2048]",312.0
1208,9078,11,28,2023-05-07T20:15:50.576000+00:00,30.938,34.931,25.728,,186.0,False,91.597,"[None, 2048, 2048, 2049, 2048, 2051, 2048, 2048, 2048]","[2048, 2048, 2048, 2048, 2048, 2048, 2048, 2048, 2048]","[2049, 2048, 2048, 2048, 2049, 2048, 2049]",307.0
1208,9078,31,28,2023-05-07T20:15:58.716000+00:00,31.481,35.349,26.052,210.0,186.0,False,92.882,"[None, 2048, 2049, 2049, 2049, 2048, 2048, 2048, 2048]","[2048, 2048, 2048, 2048, 2048, 2048, 2048, 2048, 2048]","[2048, 2048, 2048, 2048, 2048, 2049, 2048]",309.0
1208,9078,14,28,2023-05-07T20:15:59.841000+00:00,31.358,35.216,25.654,212.0,187.0,False,92.228,"[2048, 2049, 2048, 2048, 2048, 2048, 2048, 2048, 2048]","[2048, 2048, 2048, 2048, 2048, 2049, 2048, 2048, 2048]","[2048, 2048, 2048, 2048, 2048, 2048, 2048]",325.0
1208,9078,55,28,2023-05-07T20:16:00.373000+00:00,31.872,35.157,25.72,212.0,183.0,False,92.749,"[None, 2048, 2048, 2048, 2048, 2048, 2049, 2048, 2048]","[2048, 2048, 2048, 2048, 2048, 2048, 2048, 2048, 2048]","[2048, 2048, 2048, 2048, 2048, 2048, 2048]",328.0
1208,9078,44,28,2023-05-07T20:16:03.607000+00:00,31.396,35.464,26.05,,186.0,False,92.91,"[None, 2048, 2048, 2048, 2048, 2048, 2048, 2048, 2048]","[2048, 2048, 2048, 2048, 2048, 2049, 2048, 2048, 2048]","[2048, 2048, 2048, 2048, 2048, 2048, 2048]",319.0
1208,9078,27,28,2023-05-07T20:16:05.794000+00:00,32.373,35.935,25.925,214.0,185.0,False,94.233,"[None, 2048, 2048, 2048, 2048, 2048, 2048, 2048, 2048]","[2048, 2048, 2048, 2048, 2048, 2048, 2048, 2048, 2048]","[2048, 2048, 2048, 2048, 2048, 2048, 2048]",326.0
1208,9078,63,28,2023-05-07T20:16:06.216000+00:00,32.303,34.636,25.869,212.0,186.0,False,92.808,"[None, 2048, 2048, 2048, 2048, 2048, 2048, 2049, 2048]","[2048, 2048, 2048, 2048, 2048, 2048, 2049, 2048, 2048]","[2048, 2048, 2048, 2048, 2048, 2048]",319.0
1208,9078,22,28,2023-05-07T20:16:07.951000+00:00,31.808,35.271,25.731,211.0,186.0,False,92.81,"[None, 2048, 2048, 2048, 2048, 2048, 2048, 2048, 2048]","[2048, 2048, 2048, 2048, 2048, 2048, 2048, 2048, 2048]","[2048, 2048, 2048, 2049, 2048, 2048, 2048]",332.0
1208,9078,10,28,2023-05-07T20:16:09.279000+00:00,32.044,35.059,25.918,,186.0,False,93.021,"[None, 2049, 2048, 2048, 2048, 2048, 2048, 2048, 2048]","[2048, 2048, 2048, 2048, 2048, 2048, 2048, 2048, 2048]","[2049, 2048, 2048, 2048, 2048, 2048, 2048]",319.0
1208,9078,18,28,2023-05-07T20:16:10.482000+00:00,31.857,35.06,25.709,208.0,186.0,False,92.626,"[None, 2048, 2049, 2048, 2048, 2048, 2049, 2048, 2048]","[2048, 2048, 2048, 2048, 2048, 2048, 2049, 2049, 2048]","[2048, 2048, 2048, 2049, 2048, 2048]",335.0
1208,9078,20,28,2023-05-07T20:16:12.888000+00:00,31.637,35.112,25.836,213.0,183.0,False,92.585,"[None, 2048, 2048, 2048, 2049, 2048, 2048, 2048, 2048]","[2048, 2048, 2048, 2048, 2048, 2048, 2048, 2048, 2048]","[2048, 2048, 2048, 2048, 2048, 2048, 2048]",317.0
1208,9078,16,28,2023-05-07T20:16:15.216000+00:00,31.692,34.907,25.885,215.0,184.0,False,92.484,"[None, 2048, 2048, 2048, 2048, 2048, 2048, 2048, 2048]","[2048, 2048, 2048, 2048, 2048, 2049, 2048, 2048, 2048]","[2048, 2048, 2048, 2048, 2048, 2048, 2048]",312.0
1208,9078,24,28,2023-05-07T20:16:16.263000+00:00,31.922,35.533,26.073,,186.0,False,93.528,"[None, 2048, 2048, 2048, 2048, 2048, 2048, 2048, 2048]","[2048, 2048, 2048, 2048, 2048, 2049, 2049, 2048, 2048]","[2048, 2048, 2048, 2048, 2048, 2048]",314.0
1208,9078,77,28,2023-05-07T20:16:21.654000+00:00,31.69,35.034,25.916,216.0,186.0,False,92.64,"[None, 2048, 2048, 2048, 2048, 2048, 2048, 2048, 2048]","[2048, 2048, 2048, 2048, 2048, 2048, 2048, 2048, 2048]","[2048, 2048, 2048, 2048, 2048, 2048, 2048]",309.0
1208,9078,23,28,2023-05-07T20:16:25.607000+00:00,31.596,34.849,25.933,212.0,185.0,False,92.378,"[None, 2048, 2048, 2048, 2048, 2048, 2048, 2048, 2048]","[2048, 2048, 2048, 2048, 2048, 2048, 2049, 2048, 2048]","[2048, 2048, 2048, 2048, 2048, 2049, 2048]",321.0
1208,9078,4,28,2023-05-07T20:16:26.450000+00:00,31.725,35.174,26.007,,186.0,False,92.906,"[2049, 2048, 2048, 2048, 2048, 2048, 2048, 2048, 2048]","[2048, 2048, 2048, 2048, 2048, 2048, 2048, 2048, 2048]","[2049, 2048, 2048, 2048, 2048, 2048, 2048]",304.0
1208,9078,81,28,2023-05-07T20:16:35.075000+00:00,32.338,35.545,26.332,213.0,187.0,False,94.215,"[None, 2048, 2048, 2048, 2048, 2048, 2048, 2048, 2048]","[2048, 2048, 2048, 2048, 2048, 2048, 2048, 2048, 2048]","[2049, 2048, 2048, 2048, 2048, 2049, 2048]",296.0
1208,9078,21,28,2023-05-07T20:16:35.247000+00:00,32.722,35.559,26.092,212.0,186.0,False,94.373,"[None, 2049, 2048, 2048, 2048, 2048, 2048, 2048, 2048]","[2048, 2048, 2048, 2049, 2048, 2048, 2048, 2048, 2048]","[2048, 2049, 2049, 2048, 2048, 2048, 2048]",321.0
1208,9078,2,28,2023-05-07T20:16:58.247000+00:00,31.985,35.422,25.954,212.0,183.0,False,93.361,"[None, 2048, 2048, 2048, 2048, 2048, 2048, 2048, 2048]","[2048, 2048, 2048, 2048, 2048, 2048, 2049, 2048, 2048]","[2048, 2048, 2048, 2048, 2048, 2048, 2049]",318.0
1208,9078,1,29,2023-05-07T20:17:06.044000+00:00,31.282,34.809,25.729,,188.0,False,91.82,"[None, 2048, 2048, 2048, 2049, 2049, 2048, 2048, 2048]","[2048, 2048, 2048, 2048, 2048, 2048, 2048, 2048, 2048]","[2049, 2048, 2048, 2048, 2048, 2048, 2048]",309.0
1208,9078,11,29,2023-05-07T20:17:22.169000+00:00,31.078,34.802,25.703,211.0,186.0,False,91.583,"[None, 2048, 2048, 2048, 2048, 2048, 2051, 2048, 2048]","[2048, 2048, 2048, 2048, 2048, 2048, 2048, 2048, 2048]","[2048, 2049, 2048, 2048, 2048, 2048]",310.0
1208,9078,31,29,2023-05-07T20:17:31.559000+00:00,31.86,36.035,25.762,212.0,185.0,False,93.657,"[None, 2048, 2048, 2048, 2048, 2048, 2048, 2048, 2048]","[2048, 2048, 2048, 2048, 2048, 2048, 2048, 2048, 2048]","[2049, 2048, 2048, 2048, 2048, 2048, 2049]",328.0
1208,9078,14,29,2023-05-07T20:17:32.231000+00:00,31.632,34.757,26.005,211.0,186.0,False,92.394,"[None, 2048, 2048, 2048, 2048, 2048, 2048, 2048, 2048]","[2048, 2048, 2048, 2048, 2048, 2048, 2048, 2048, 2048]","[2048, 2048, 2048, 2048, 2048, 2048]",305.0
1208,9078,55,29,2023-05-07T20:17:33.075000+00:00,31.778,35.203,25.734,213.0,187.0,False,92.715,"[None, 2048, 2048, 2048, 2048, 2048, 2048, 2048, 2048]","[2048, 2048, 2048, 2048, 2048, 2048, 2048, 2048, 2048]","[2048, 2049, 2048, 2048, 2048, 2048, 2048]",331.0
1208,9078,44,29,2023-05-07T20:17:36.512000+00:00,31.444,35.135,26.004,214.0,186.0,False,92.583,"[None, 2048, 2048, 2048, 2048, 2048, 2048, 2048, 2048]","[2048, 2048, 2048, 2048, 2048, 2048, 2049, 2048, 2048]","[2048, 2048, 2048, 2048, 2048, 2048, 2048]",317.0
1208,9078,63,29,2023-05-07T20:17:38.981000+00:00,31.258,34.906,25.792,214.0,186.0,False,91.956,"[None, 2048, 2049, 2048, 2049, 2048, 2048, 2048, 2048]","[2048, 2048, 2048, 2048, 2048, 2048, 2048, 2048, 2048]","[2048, 2048, 2048, 2048, 2048, 2048, 2048]",319.0
1208,9078,27,29,2023-05-07T20:17:39.965000+00:00,31.725,35.227,26.039,,184.0,False,92.991,"[None, 2048, 2048, 2048, 2048, 2048, 2048, 2048, 2048]","[2048, 2048, 2048, 2048, 2048, 2048, 2048, 2048, 2048]","[2048, 2048, 2048, 2048, 2048, 2048, 2048]",319.0
1208,9078,22,29,2023-05-07T20:17:40.762000+00:00,31.8,35.153,25.889,,184.0,False,92.842,"[None, 2049, 2048, 2048, 2048, 2048, 2048, 2048, 2048]","[2048, 2048, 2048, 2048, 2048, 2048, 2048, 2048, 2048]","[2048, 2048, 2048, 2048, 2048, 2048, 2048]",329.0
1208,9078,10,29,2023-05-07T20:17:42.293000+00:00,31.56,35.08,25.903,215.0,185.0,False,92.543,"[None, 2048, 2048, 2048, 2049, 2048, 2048, 2048, 2048]","[2048, 2048, 2048, 2048, 2048, 2048, 2048, 2048, 2048]","[2048, 2048, 2048, 2048, 2048, 2048, 2048]",319.0
1208,9078,18,29,2023-05-07T20:17:43.137000+00:00,31.762,35.145,25.76,212.0,187.0,False,92.667,"[None, 2048, 2048, 2048, 2048, 2048, 2048, 2048, 2048]","[2049, 2048, 2048, 2048, 2048, 2048, 2048, 2048, 2048]","[2048, 2048, 2048, 2049, 2048, 2048]",325.0
1208,9078,20,29,2023-05-07T20:17:45.434000+00:00,31.386,35.134,25.906,212.0,183.0,False,92.426,"[None, 2048, 2048, 2048, 2049, 2048, 2048, 2048, 2048]","[2048, 2048, 2048, 2048, 2048, 2048, 2048, 2048, 2048]","[2048, 2048, 2048, 2048, 2048, 2048, 2048]",317.0
1208,9078,16,29,2023-05-07T20:17:47.825000+00:00,31.684,35.022,25.804,214.0,185.0,False,92.51,"[None, 2048, 2048, 2048, 2048, 2048, 2048, 2048, 2048]","[2048, 2048, 2048, 2048, 2048, 2048, 2048, 2048, 2048]","[2048, 2048, 2048, 2049, 2048, 2048, 2048]",315.0
1208,9078,24,29,2023-05-07T20:17:49.824000+00:00,31.845,35.311,26.011,,183.0,False,93.167,"[None, 2048, 2048, 2049, 2049, 2049, 2048, 2048, 2048]","[2048, 2048, 2048, 2048, 2048, 2048, 2048, 2048, 2049]","[2048, 2048, 2048, 2048, 2048, 2048, 2048]",316.0
1208,9078,77,29,2023-05-07T20:17:54.278000+00:00,31.541,35.372,26.024,215.0,186.0,False,92.937,"[None, 2048, 2048, 2048, 2048, 2048, 2048, 2049, 2048]","[2048, 2048, 2048, 2048, 2048, 2048, 2048, 2048, 2048]","[2048, 2048, 2048, 2048, 2048, 2048, 2049]",309.0
1208,9078,23,29,2023-05-07T20:17:58.043000+00:00,31.552,34.961,25.87,209.0,185.0,False,92.383,"[None, 2048, 2048, 2049, 2049, 2048, 2048, 2048, 2049]","[2048, 2048, 2048, 2048, 2048, 2048, 2048, 2049, 2048]","[2048, 2048, 2048, 2048, 2048, 2048, 2048]",320.0
1208,9078,4,29,2023-05-07T20:17:59.434000+00:00,31.597,35.329,25.987,212.0,184.0,False,92.913,"[2048, 2048, 2048, 2048, 2048, 2048, 2048, 2048, 2048]","[2049, 2049, 2048, 2048, 2048, 2048, 2048, 2048, 2048]","[2048, 2048, 2048, 2048, 2048, 2048, 2048]",308.0
1208,9078,81,29,2023-05-07T20:18:09.262000+00:00,32.485,35.658,26.301,211.0,187.0,False,94.444,"[None, 2048, 2048, 2048, 2048, 2048, 2048, 2048, 2048]","[2048, 2048, 2048, 2048, 2048, 2048, 2048, 2048, 2048]","[2048, 2048, 2048, 2048, 2048, 2048, 2048]",295.0
1208,9078,21,29,2023-05-07T20:18:09.637000+00:00,32.969,35.505,25.972,213.0,184.0,False,94.446,"[2048, 2051, 2048, 2048, 2048, 2048, 2048, 2048, 2048]","[2049, 2049, 2048, 2048, 2048, 2048, 2048, 2048, 2048]","[2048, 2048, 2048, 2048, 2048, 2048, 2048]",321.0
1208,9078,2,29,2023-05-07T20:18:31.605000+00:00,31.98,35.314,26.044,211.0,186.0,False,93.338,"[None, 2048, 2048, 2048, 2048, 2048, 2048, 2048, 2048]","[2049, 2048, 2048, 2048, 2048, 2048, 2048, 2048, 2048]","[2049, 2048, 2048, 2048, 2048, 2048]",315.0
1208,9078,1,30,2023-05-07T20:18:37.886000+00:00,31.312,34.852,26.32,213.0,187.0,False,92.484,"[None, 2048, 2048, 2048, 2049, 2048, 2048, 2048, 2048]","[2048, 2048, 2048, 2048, 2048, 2048, 2048, 2048, 2048]","[2048, 2048, 2048, 2048, 2048, 2049, 2048]",313.0
1208,9078,11,30,2023-05-07T20:18:53.777000+00:00,31.03,34.782,25.678,214.0,185.0,False,91.49,"[None, 2048, 2048, 2048, 2051, 2048, 2048, 2048, 2048]","[2048, 2048, 2048, 2048, 2048, 2048, 2048, 2048, 2048]","[2049, 2048, 2049, 2048, 2048, 2048, 2049]",311.0
1208,9078,14,30,2023-05-07T20:19:04.464000+00:00,31.683,35.202,25.808,213.0,187.0,False,92.693,"[None, 2048, 2048, 2048, 2048, 2048, 2048, 2048, 2048]","[2048, 2048, 2048, 2048, 2048, 2048, 2048, 2048, 2048]","[2048, 2048, 2048, 2048, 2048, 2048, 2048]",313.0
1208,9078,31,30,2023-05-07T20:19:05.183000+00:00,31.94,35.907,25.97,214.0,185.0,False,93.817,"[None, 2048, 2048, 2048, 2048, 2048, 2048, 2048, 2048]","[2048, 2048, 2048, 2048, 2048, 2048, 2048, 2048, 2048]","[2049, 2048, 2048, 2048, 2048, 2048, 2049]",304.0
1208,9078,55,30,2023-05-07T20:19:05.792000+00:00,31.733,34.929,26.054,214.0,185.0,False,92.716,"[None, 2048, 2048, 2048, 2048, 2048, 2048, 2048, 2048]","[2049, 2049, 2049, 2049, 2049, 2048, 2048, 2048, 2048]","[2048, 2048, 2048, 2048, 2048, 2048]",311.0
1208,9078,44,30,2023-05-07T20:19:09.105000+00:00,31.371,35.352,25.926,211.0,186.0,False,92.649,"[None, 2048, 2048, 2048, 2048, 2049, 2048, 2048, 2048]","[2048, 2048, 2048, 2048, 2048, 2048, 2048, 2048, 2048]","[2048, 2048, 2048, 2048, 2048, 2048, 2048]",321.0
1208,9078,63,30,2023-05-07T20:19:10.995000+00:00,31.28,35.02,25.739,213.0,186.0,False,92.039,"[None, 2048, 2048, 2048, 2048, 2048, 2048, 2048, 2048]","[2048, 2048, 2048, 2048, 2048, 2048, 2048, 2048, 2048]","[2048, 2048, 2048, 2048, 2048, 2048, 2048]",321.0
1208,9078,27,30,2023-05-07T20:19:12.980000+00:00,31.625,35.482,25.943,210.0,185.0,False,93.05,"[None, 2048, 2048, 2048, 2048, 2048, 2048, 2048, 2048]","[2048, 2048, 2048, 2048, 2048, 2048, 2048, 2048, 2048]","[2049, 2048, 2048, 2048, 2048, 2048, 2048]",322.0
1208,9078,22,30,2023-05-07T20:19:13.589000+00:00,31.842,35.245,25.805,212.0,186.0,False,92.892,"[None, 2048, 2048, 2048, 2048, 2048, 2048, 2048, 2048]","[2048, 2048, 2048, 2048, 2049, 2048, 2048, 2048, 2048]","[2048, 2048, 2048, 2048, 2048, 2048, 2048]",322.0
1208,9078,10,30,2023-05-07T20:19:14.839000+00:00,31.682,35.102,25.734,213.0,185.0,False,92.518,"[None, 2048, 2048, 2048, 2048, 2048, 2048, 2048, 2048]","[2048, 2048, 2048, 2048, 2048, 2048, 2048, 2048, 2048]","[2049, 2049, 2049, 2048, 2048, 2048, 2049]",333.0
1208,9078,18,30,2023-05-07T20:19:15.777000+00:00,31.756,35.25,25.7,211.0,187.0,False,92.706,"[None, 2048, 2048, 2048, 2048, 2048, 2048, 2048, 2048]","[2048, 2048, 2048, 2048, 2048, 2048, 2048, 2048, 2048]","[2048, 2048, 2048, 2048, 2048, 2049]",329.0
1208,9078,20,30,2023-05-07T20:19:17.870000+00:00,31.413,35.22,25.8,211.0,185.0,False,92.433,"[None, 2048, 2048, 2048, 2048, 2048, 2048, 2048, 2048]","[2048, 2048, 2048, 2048, 2048, 2048, 2048, 2048, 2048]","[2048, 2048, 2048, 2048, 2048, 2048, 2048]",317.0
1208,9078,16,30,2023-05-07T20:19:20.308000+00:00,31.555,34.885,25.798,215.0,185.0,False,92.238,"[None, 2048, 2048, 2048, 2049, 2049, 2048, 2048, 2048]","[2048, 2048, 2048, 2048, 2048, 2048, 2048, 2048, 2048]","[2048, 2048, 2048, 2048, 2048, 2048]",321.0
1208,9078,24,30,2023-05-07T20:19:22.948000+00:00,31.619,35.491,25.963,208.0,186.0,False,93.073,"[None, 2048, 2048, 2049, 2049, 2048, 2048, 2049, 2048]","[2048, 2048, 2048, 2048, 2048, 2048, 2048, 2048, 2049]","[2048, 2048, 2048, 2048, 2049, 2048, 2048]",314.0
1208,9078,77,30,2023-05-07T20:19:27.183000+00:00,31.513,35.13,25.988,216.0,186.0,False,92.631,"[None, 2048, 2048, 2048, 2048, 2048, 2048, 2048, 2048]","[2049, 2048, 2048, 2048, 2048, 2048, 2048, 2048, 2048]","[2049, 2048, 2048, 2048, 2048, 2048]",312.0
1208,9078,23,30,2023-05-07T20:19:30.433000+00:00,31.617,35.031,25.874,213.0,186.0,False,92.522,"[None, 2048, 2048, 2048, 2048, 2048, 2048, 2048, 2048]","[2048, 2048, 2048, 2048, 2048, 2048, 2048, 2048, 2048]","[2049, 2048, 2048, 2048, 2048, 2048, 2048]",319.0
1208,9078,4,30,2023-05-07T20:19:32.276000+00:00,31.591,35.3,25.936,208.0,186.0,False,92.827,"[None, 2048, 2048, 2048, 2048, 2048, 2048, 2048, 2048]","[2048, 2048, 2048, 2048, 2048, 2048, 2048, 2048, 2048]","[2048, 2048, 2048, 2048, 2048, 2048, 2048]",306.0
1208,9078,81,30,2023-05-07T20:19:43.620000+00:00,32.508,36.839,26.234,214.0,180.0,False,95.581,"[None, 2048, 2048, 2048, 2048, 2048, 2048, 2048, 2048]","[2049, 2048, 2048, 2048, 2048, 2048, 2048, 2048, 2048]","[2048, 2049, 2048, 2048, 2048, 2048, 2049]",313.0
1208,9078,21,30,2023-05-07T20:19:44.073000+00:00,32.661,35.371,26.073,,187.0,False,94.105,"[None, 2048, 2048, 2048, 2049, 2048, 2048, 2048, 2048]","[2049, 2048, 2049, 2048, 2049, 2048, 2048, 2048, 2048]","[2048, 2048, 2048, 2048, 2048, 2048]",310.0
1208,9078,2,30,2023-05-07T20:20:04.964000+00:00,31.954,35.425,26.035,,185.0,False,93.414,"[None, 2048, 2048, 2048, 2048, 2048, 2048, 2048, 2048]","[2048, 2048, 2048, 2048, 2048, 2048, 2048, 2048, 2048]","[2048, 2048, 2048, 2048, 2048, 2048]",316.0
1208,9078,1,31,2023-05-07T20:20:10.338000+00:00,31.1,34.899,25.628,215.0,188.0,False,91.627,"[None, 2048, 2048, 2048, 2049, 2049, 2048, 2049, 2048]","[2048, 2048, 2048, 2048, 2048, 2048, 2048, 2048, 2048]","[2049, 2048, 2048, 2049, 2048, 2048, 2048]",315.0
1208,9078,11,31,2023-05-07T20:20:25.245000+00:00,31.166,35.16,25.785,211.0,185.0,False,92.111,"[None, 2048, 2048, 2048, 2048, 2048, 2048, 2048, 2048]","[2048, 2048, 2048, 2048, 2048, 2048, 2048, 2048, 2048]","[2048, 2048, 2048, 2048, 2048, 2048, 2048]",308.0
1208,9078,14,31,2023-05-07T20:20:37.229000+00:00,31.493,35.233,25.865,212.0,187.0,False,92.591,"[None, 2048, 2048, 2048, 2048, 2048, 2048, 2048, 2048]","[2048, 2048, 2048, 2048, 2048, 2048, 2048, 2048, 2048]","[2048, 2048, 2048, 2048, 2048, 2048, 2048]",309.0
1208,9078,55,31,2023-05-07T20:20:38.463000+00:00,31.632,35.217,25.878,212.0,187.0,False,92.727,"[None, 2048, 2048, 2048, 2048, 2048, 2048, 2048, 2048]","[2048, 2048, 2048, 2048, 2048, 2048, 2048, 2048, 2048]","[2048, 2048, 2048, 2048, 2049, 2048, 2048]",310.0
1208,9078,31,31,2023-05-07T20:20:39.010000+00:00,32.115,35.311,25.872,212.0,185.0,False,93.298,"[None, 2048, 2048, 2048, 2049, 2048, 2048, 2048, 2048]","[2048, 2048, 2048, 2048, 2048, 2048, 2048, 2048, 2048]","[2048, 2048, 2048, 2048, 2048, 2048, 2048]",315.0
1208,9078,44,31,2023-05-07T20:20:41.744000+00:00,31.437,35.29,25.887,207.0,187.0,False,92.614,"[None, 2048, 2048, 2048, 2048, 2048, 2048, 2048, 2048]","[2048, 2048, 2048, 2048, 2048, 2048, 2048, 2048, 2048]","[2048, 2048, 2048, 2049, 2048, 2048]",318.0
1208,9078,63,31,2023-05-07T20:20:43.026000+00:00,31.411,35.08,25.79,210.0,186.0,False,92.281,"[None, 2048, 2048, 2048, 2049, 2048, 2048, 2048, 2048]","[2048, 2048, 2048, 2048, 2048, 2048, 2048, 2048, 2048]","[2048, 2048, 2048, 2048, 2048, 2048, 2048]",322.0
1208,9078,27,31,2023-05-07T20:20:46.041000+00:00,31.634,35.319,26.058,213.0,185.0,False,93.011,"[None, 2048, 2048, 2048, 2048, 2048, 2048, 2048, 2048]","[2048, 2048, 2048, 2048, 2048, 2048, 2048, 2049, 2048]","[2048, 2048, 2048, 2048, 2048, 2048, 2048]",317.0
1208,9078,22,31,2023-05-07T20:20:46.479000+00:00,31.898,35.208,25.93,213.0,187.0,False,93.036,"[None, 2048, 2048, 2048, 2048, 2048, 2048, 2048, 2048]","[2048, 2048, 2048, 2048, 2048, 2048, 2048, 2048, 2048]","[2049, 2048, 2048, 2048, 2048, 2048, 2048]",317.0
1208,9078,10,31,2023-05-07T20:20:47.354000+00:00,31.665,35.159,25.749,,185.0,False,92.573,"[2049, 2048, 2048, 2048, 2049, 2048, 2048, 2048, 2048]","[2048, 2048, 2048, 2049, 2048, 2048, 2048, 2048, 2048]","[2049, 2049, 2049, 2048, 2048, 2048, 2049]",324.0
1208,9078,18,31,2023-05-07T20:20:48.510000+00:00,31.517,35.245,25.752,210.0,185.0,False,92.514,"[None, 2048, 2049, 2048, 2049, 2049, 2048, 2048, 2048]","[2048, 2048, 2048, 2048, 2048, 2048, 2048, 2048, 2048]","[2048, 2048, 2048, 2048, 2048, 2048, 2048]",331.0
1208,9078,20,31,2023-05-07T20:20:50.307000+00:00,31.366,35.083,25.807,213.0,186.0,False,92.256,"[None, 2048, 2048, 2048, 2049, 2048, 2048, 2048, 2048]","[2048, 2048, 2048, 2048, 2049, 2048, 2048, 2048, 2048]","[2048, 2048, 2048, 2048, 2048, 2048, 2048]",317.0
1208,9078,16,31,2023-05-07T20:20:52.541000+00:00,31.348,34.871,25.692,,186.0,False,91.911,"[None, 2048, 2049, 2048, 2049, 2048, 2048, 2048, 2048]","[2048, 2048, 2048, 2048, 2048, 2048, 2048, 2048, 2048]","[2049, 2048, 2048, 2049, 2051, 2048]",317.0
1208,9078,24,31,2023-05-07T20:20:56.119000+00:00,31.481,35.273,30.856,210.0,186.0,False,97.61,"[None, 2048, 2049, 2048, 2049, 2048, 2048, 2048, 2048]","[2048, 2048, 2048, 2048, 2048, 2049, 2048, 2049, 2049]","[2048, 2048, 2048, 2048, 2048, 2048, 2064]",317.0
1208,9078,77,31,2023-05-07T20:20:59.822000+00:00,31.339,35.202,26.043,214.0,187.0,False,92.584,"[None, 2048, 2048, 2048, 2048, 2048, 2048, 2048, 2048]","[2048, 2048, 2048, 2048, 2048, 2048, 2048, 2048, 2048]","[2049, 2048, 2048, 2048, 2048, 2048]",304.0
1208,9078,23,31,2023-05-07T20:21:02.932000+00:00,31.48,34.938,25.99,212.0,186.0,False,92.408,"[None, 2048, 2049, 2048, 2048, 2048, 2048, 2048, 2048]","[2048, 2048, 2048, 2048, 2048, 2048, 2048, 2048, 2048]","[2049, 2048, 2048, 2048, 2048, 2048, 2048]",320.0
1208,9078,4,31,2023-05-07T20:21:05.119000+00:00,31.552,35.377,26.443,209.0,185.0,False,93.372,"[None, 2048, 2048, 2048, 2048, 2049, 2049, 2048, 2048]","[2048, 2048, 2048, 2048, 2048, 2048, 2049, 2048, 2048]","[2048, 2048, 2048, 2048, 2048, 2048, 2048]",301.0
1208,9078,21,31,2023-05-07T20:21:18.088000+00:00,31.588,35.335,26.025,211.0,185.0,False,92.948,"[None, 2048, 2048, 2048, 2048, 2048, 2049, 2048, 2048]","[2048, 2048, 2048, 2048, 2048, 2048, 2049, 2048, 2048]","[2048, 2048, 2048, 2048, 2048, 2048, 2048]",308.0
1208,9078,81,31,2023-05-07T20:21:19.260000+00:00,32.172,35.901,26.502,,183.0,False,94.575,"[None, 2048, 2048, 2048, 2048, 2048, 2048, 2048, 2048]","[2049, 2048, 2048, 2048, 2048, 2048, 2048, 2048, 2048]","[2048, 2048, 2048, 2048, 2048, 2048, 2048]",288.0
1208,9078,2,31,2023-05-07T20:21:38.369000+00:00,32.033,34.955,25.902,213.0,184.0,False,92.89,"[None, 2048, 2048, 2048, 2048, 2048, 2048, 2048, 2048]","[2049, 2048, 2048, 2048, 2049, 2048, 2048, 2048, 2048]","[2048, 2048, 2048, 2049, 2048, 2048, 2048]",321.0
1208,9078,1,32,2023-05-07T20:21:42.009000+00:00,31.006,34.601,25.686,214.0,188.0,False,91.293,"[None, 2048, 2048, 2048, 2049, 2049, 2048, 2048, 2048]","[2048, 2048, 2048, 2048, 2048, 2049, 2048, 2049, 2048]","[2048, 2048, 2048, 2048, 2048, 2048, 2048]",316.0
1208,9078,11,32,2023-05-07T20:21:57.353000+00:00,30.932,34.745,25.706,214.0,186.0,False,91.383,"[None, 2048, 2048, 2048, 2048, 2048, 2048, 2048, 2049]","[2048, 2048, 2048, 2048, 2048, 2048, 2048, 2048, 2048]","[2049, 2049, 2048, 2048, 2048, 2048, 2048]",306.0
1208,9078,14,32,2023-05-07T20:22:09.837000+00:00,31.516,35.004,25.782,214.0,188.0,False,92.302,"[None, 2048, 2048, 2048, 2048, 2048, 2048, 2048, 2049]","[2048, 2048, 2048, 2048, 2048, 2048, 2048, 2048, 2049]","[2049, 2048, 2048, 2048, 2048, 2048, 2048]",313.0
1208,9078,55,32,2023-05-07T20:22:11.275000+00:00,31.504,34.963,25.854,213.0,188.0,False,92.321,"[None, 2048, 2048, 2048, 2049, 2048, 2048, 2048, 2048]","[2048, 2048, 2048, 2048, 2048, 2048, 2048, 2048, 2048]","[2049, 2048, 2048, 2048, 2048, 2048]",311.0
1208,9078,31,32,2023-05-07T20:22:12.321000+00:00,31.751,35.204,25.82,,186.0,False,92.775,"[None, 2048, 2048, 2048, 2048, 2048, 2048, 2048, 2048]","[2048, 2048, 2048, 2048, 2048, 2048, 2048, 2048, 2048]","[2048, 2048, 2048, 2048, 2048, 2048, 2048]",314.0
1208,9078,44,32,2023-05-07T20:22:14.353000+00:00,31.419,36.33,25.824,212.0,186.0,False,93.573,"[None, 2048, 2048, 2048, 2051, 2048, 2048, 2048, 2048]","[2048, 2048, 2048, 2048, 2048, 2048, 2048, 2048, 2048]","[2048, 2048, 2048, 2048, 2048, 2049, 2048]",325.0
1208,9078,63,32,2023-05-07T20:22:15.306000+00:00,31.224,34.835,25.756,211.0,187.0,False,91.815,"[None, 2048, 2048, 2048, 2049, 2049, 2048, 2048, 2048]","[2048, 2048, 2048, 2048, 2048, 2048, 2048, 2048, 2048]","[2048, 2048, 2048, 2048, 2048, 2048]",313.0
1208,9078,27,32,2023-05-07T20:22:19.040000+00:00,31.457,35.107,26.02,214.0,186.0,False,92.584,"[None, 2048, 2048, 2048, 2048, 2048, 2049, 2048, 2048]","[2048, 2048, 2048, 2048, 2048, 2048, 2048, 2048, 2049]","[2048, 2048, 2048, 2048, 2048, 2048]",317.0
1208,9078,22,32,2023-05-07T20:22:19.525000+00:00,31.807,35.317,25.835,,186.0,False,92.959,"[None, 2048, 2048, 2048, 2048, 2048, 2048, 2048, 2048]","[2048, 2048, 2048, 2048, 2048, 2048, 2048, 2048, 2048]","[2048, 2048, 2048, 2048, 2049, 2048]",321.0
1208,9078,10,32,2023-05-07T20:22:19.931000+00:00,31.772,35.464,25.928,215.0,185.0,False,93.164,"[None, 2048, 2048, 2048, 2048, 2048, 2048, 2048, 2048]","[2049, 2049, 2049, 2049, 2048, 2048, 2048, 2048, 2048]","[2048, 2048, 2048, 2048, 2048, 2048, 2048]",316.0
1208,9078,18,32,2023-05-07T20:22:20.962000+00:00,31.594,35.346,25.68,,186.0,False,92.62,"[None, 2048, 2048, 2049, 2049, 2048, 2049, 2048, 2048]","[2048, 2048, 2048, 2048, 2048, 2048, 2048, 2048, 2048]","[2048, 2048, 2048, 2048, 2048, 2048, 2048]",343.0
1208,9078,20,32,2023-05-07T20:22:22.540000+00:00,31.564,35.076,25.952,212.0,183.0,False,92.592,"[None, 2048, 2048, 2048, 2048, 2049, 2048, 2048, 2048]","[2048, 2048, 2048, 2048, 2048, 2048, 2048, 2048, 2048]","[2048, 2048, 2048, 2048, 2048, 2048, 2048]",320.0
1208,9078,16,32,2023-05-07T20:22:24.524000+00:00,31.49,34.765,25.807,211.0,186.0,False,92.062,"[None, 2048, 2048, 2048, 2048, 2048, 2048, 2048, 2048]","[2048, 2048, 2048, 2048, 2048, 2049, 2048, 2048, 2049]","[2049, 2048, 2048, 2048, 2048, 2048, 2048]",317.0
1208,9078,77,32,2023-05-07T20:22:32.353000+00:00,31.441,35.133,25.922,215.0,187.0,False,92.496,"[None, 2048, 2048, 2048, 2048, 2048, 2049, 2048, 2048]","[2048, 2048, 2048, 2048, 2048, 2048, 2048, 2048, 2048]","[2048, 2048, 2048, 2048, 2048, 2048, 2048]",308.0
1208,9078,24,32,2023-05-07T20:22:33.603000+00:00,47.236,34.734,25.927,214.0,187.0,True,107.897,"[2064, 2064, 2064, 2048, 2048, 2048, 2048, 2049, 2049]","[2048, 2048, 2048, 2048, 2048, 2049, 2049, 2049, 2049]","[2048, 2048, 2048, 2048, 2049, 2049, 2048]",306.0
1208,9078,23,32,2023-05-07T20:22:35.337000+00:00,31.436,34.78,26.006,213.0,185.0,False,92.222,"[None, 2048, 2048, 2048, 2048, 2049, 2048, 2048, 2048]","[2048, 2048, 2048, 2048, 2048, 2048, 2048, 2048, 2048]","[2048, 2048, 2048, 2048, 2048, 2048]",316.0
1208,9078,4,32,2023-05-07T20:22:38.462000+00:00,31.559,35.081,26.104,210.0,185.0,False,92.744,"[None, 2048, 2048, 2048, 2048, 2048, 2048, 2048, 2048]","[2048, 2048, 2048, 2048, 2048, 2048, 2048, 2049, 2048]","[2048, 2048, 2048, 2048, 2048, 2048]",304.0
1208,9078,21,32,2023-05-07T20:22:51.149000+00:00,31.565,35.125,26.066,213.0,185.0,False,92.756,"[None, 2048, 2048, 2048, 2048, 2048, 2048, 2048, 2048]","[2048, 2048, 2048, 2048, 2048, 2048, 2048, 2048, 2048]","[2048, 2048, 2048, 2048, 2048, 2048, 2048]",314.0
1208,9078,81,32,2023-05-07T20:22:53.805000+00:00,32.003,35.778,26.531,212.0,185.0,False,94.312,"[None, 2048, 2048, 2048, 2048, 2048, 2048, 2048, 2048]","[2048, 2048, 2048, 2048, 2048, 2048, 2048, 2048, 2048]","[2048, 2048, 2048, 2048, 2048, 2048, 2048]",295.0
1208,9078,2,32,2023-05-07T20:23:11.243000+00:00,31.715,35.418,27.378,,166.0,False,94.511,"[None, 2048, 2048, 2048, 2048, 2048, 2048, 2049, 2048]","[2049, 2048, 2048, 2048, 2048, 2048, 2048, 2048, 2048]","[2048, 2048, 2048, 2048, 2048, 2048]",308.0
1208,9078,1,33,2023-05-07T20:23:13.274000+00:00,31.217,34.678,25.586,211.0,187.0,False,91.481,"[None, 2048, 2048, 2049, 2049, 2048, 2048, 2048, 2048]","[2048, 2048, 2048, 2048, 2048, 2049, 2048, 2048, 2048]","[2048, 2048, 2048, 2048, 2048, 2048, 2048]",329.0
1208,9078,11,33,2023-05-07T20:23:28.758000+00:00,31.377,34.678,25.736,212.0,185.0,False,91.791,"[None, 2049, 2048, 2048, 2048, 2048, 2048, 2048, 2048]","[2048, 2048, 2048, 2048, 2048, 2048, 2048, 2051, 2048]","[2048, 2048, 2049, 2048, 2048, 2048]",311.0
1208,9078,14,33,2023-05-07T20:23:42.149000+00:00,31.459,35.109,25.787,215.0,187.0,False,92.355,"[None, 2048, 2049, 2048, 2048, 2048, 2049, 2048, 2048]","[2048, 2048, 2048, 2048, 2048, 2048, 2048, 2048, 2048]","[2048, 2048, 2048, 2048, 2048, 2048, 2048]",310.0
1208,9078,55,33,2023-05-07T20:23:43.570000+00:00,32.77,35.93,25.74,207.0,187.0,False,94.44,"[None, 2048, 2048, 2048, 2048, 2048, 2048, 2048, 2048]","[2048, 2048, 2048, 2048, 2048, 2048, 2048, 2048, 2048]","[2048, 2048, 2048, 2048, 2048, 2048, 2048]",329.0
1208,9078,31,33,2023-05-07T20:23:45.133000+00:00,31.611,34.771,25.921,214.0,186.0,False,92.303,"[None, 2048, 2048, 2048, 2048, 2048, 2048, 2048, 2048]","[2049, 2049, 2049, 2048, 2048, 2048, 2048, 2048, 2048]","[2048, 2048, 2048, 2048, 2048, 2048]",312.0
1208,9078,63,33,2023-05-07T20:23:47.024000+00:00,31.457,35.06,25.893,216.0,186.0,False,92.41,"[None, 2048, 2048, 2048, 2048, 2048, 2048, 2048, 2048]","[2049, 2048, 2048, 2048, 2048, 2048, 2048, 2048, 2048]","[2048, 2048, 2048, 2048, 2048, 2048, 2048]",310.0
1208,9078,44,33,2023-05-07T20:23:47.914000+00:00,31.503,35.1,25.819,,187.0,False,92.422,"[None, 2048, 2048, 2048, 2048, 2048, 2048, 2048, 2048]","[2048, 2048, 2048, 2048, 2048, 2048, 2048, 2048, 2048]","[2048, 2048, 2048, 2048, 2048, 2048, 2048]",327.0
1208,9078,27,33,2023-05-07T20:23:51.602000+00:00,33.36,36.172,31.025,164.0,185.0,False,100.557,"[None, 2048, 2048, 2048, 2048, 2048, 2048, 2049, 2048]","[2048, 2048, 2048, 2048, 2048, 2048, 2048, 2048, 2048]","[2048, 2048, 2048, 2048, 2048, 2048, 2064]",321.0
1208,9078,22,33,2023-05-07T20:23:52.477000+00:00,31.779,35.156,25.926,215.0,186.0,False,92.861,"[None, 2049, 2048, 2048, 2048, 2048, 2048, 2049, 2048]","[2048, 2048, 2048, 2048, 2048, 2048, 2048, 2048, 2049]","[2048, 2048, 2048, 2048, 2048, 2048]",314.0
1208,9078,10,33,2023-05-07T20:23:53.070000+00:00,32.496,36.085,25.878,200.0,185.0,False,94.459,"[2048, 2048, 2048, 2048, 2048, 2048, 2049, 2049, 2048]","[2048, 2048, 2048, 2048, 2048, 2048, 2048, 2048, 2048]","[2049, 2048, 2048, 2048, 2048, 2048, 2048]",325.0
1208,9078,18,33,2023-05-07T20:23:53.586000+00:00,32.076,36.526,25.865,204.0,187.0,False,94.467,"[None, 2048, 2048, 2048, 2048, 2048, 2048, 2048, 2048]","[2048, 2048, 2048, 2048, 2048, 2048, 2048, 2048, 2048]","[2051, 2048, 2048, 2048, 2048, 2048]",329.0
1208,9078,20,33,2023-05-07T20:23:55.164000+00:00,31.465,36.123,25.812,213.0,185.0,False,93.4,"[None, 2048, 2048, 2048, 2048, 2049, 2048, 2048, 2048]","[2049, 2049, 2049, 2049, 2048, 2048, 2048, 2048, 2048]","[2048, 2048, 2049, 2048, 2048, 2048, 2049]",334.0
1208,9078,16,33,2023-05-07T20:23:56.492000+00:00,31.566,35.354,25.665,217.0,186.0,False,92.585,"[None, 2048, 2048, 2048, 2048, 2048, 2048, 2048, 2048]","[2048, 2048, 2048, 2048, 2048, 2048, 2048, 2048, 2048]","[2049, 2049, 2049, 2048, 2048, 2048]",326.0
1208,9078,77,33,2023-05-07T20:24:04.976000+00:00,31.352,35.198,26.025,,188.0,False,92.575,"[None, 2048, 2048, 2048, 2048, 2048, 2048, 2048, 2048]","[2048, 2048, 2048, 2048, 2048, 2048, 2048, 2048, 2048]","[2049, 2048, 2048, 2048, 2048, 2048]",309.0
1208,9078,23,33,2023-05-07T20:24:07.461000+00:00,31.67,35.109,25.902,214.0,185.0,False,92.681,"[None, 2048, 2048, 2048, 2048, 2048, 2048, 2048, 2048]","[2049, 2048, 2048, 2048, 2048, 2048, 2048, 2048, 2049]","[2048, 2048, 2048, 2048, 2048, 2048, 2048]",319.0
1208,9078,4,33,2023-05-07T20:24:11.133000+00:00,31.502,35.417,26.012,206.0,186.0,False,92.931,"[None, 2048, 2048, 2048, 2048, 2049, 2048, 2048, 2048]","[2048, 2048, 2048, 2048, 2048, 2048, 2048, 2048, 2048]","[2048, 2048, 2048, 2048, 2048, 2048, 2048]",304.0
1208,9078,24,33,2023-05-07T20:24:21.539000+00:00,31.341,34.998,25.925,,188.0,False,92.264,"[2048, 2049, 2048, 2048, 2048, 2049, 2049, 2049, 2048]","[2048, 2048, 2048, 2048, 2048, 2048, 2048, 2048, 2048]","[2048, 2048, 2048, 2048, 2048, 2048, 2048]",306.0
1208,9078,21,33,2023-05-07T20:24:23.882000+00:00,31.621,35.226,26.007,212.0,186.0,False,92.854,"[None, 2048, 2048, 2048, 2048, 2049, 2048, 2048, 2048]","[2048, 2048, 2048, 2048, 2048, 2048, 2048, 2048, 2048]","[2048, 2048, 2048, 2048, 2048, 2048, 2048]",312.0
1208,9078,81,33,2023-05-07T20:24:28.195000+00:00,32.152,35.494,26.454,213.0,187.0,False,94.1,"[None, 2048, 2048, 2048, 2048, 2048, 2048, 2048, 2048]","[2048, 2048, 2048, 2048, 2048, 2048, 2048, 2048, 2048]","[2049, 2048, 2048, 2048, 2048, 2048]",294.0
1208,9078,1,34,2023-05-07T20:24:44.757000+00:00,31.098,34.604,25.728,215.0,188.0,False,91.43,"[None, 2048, 2048, 2048, 2048, 2049, 2048, 2048, 2048]","[2048, 2048, 2048, 2048, 2048, 2049, 2048, 2049, 2049]","[2048, 2048, 2048, 2048, 2048, 2048, 2048]",312.0
1208,9078,2,33,2023-05-07T20:24:45.757000+00:00,32.154,35.06,25.964,210.0,184.0,False,93.178,"[2049, 2048, 2048, 2048, 2048, 2048, 2048, 2048, 2048]","[2048, 2048, 2048, 2048, 2048, 2049, 2048, 2048, 2048]","[2048, 2048, 2048, 2048, 2048, 2048, 2049]",319.0
1208,9078,11,34,2023-05-07T20:25:00.523000+00:00,31.187,34.716,25.507,,186.0,False,91.41,"[None, 2048, 2048, 2048, 2048, 2048, 2048, 2051, 2048]","[2048, 2048, 2048, 2048, 2048, 2048, 2048, 2048, 2048]","[2048, 2048, 2049, 2049, 2049, 2048]",321.0
1208,9078,14,34,2023-05-07T20:25:14.476000+00:00,31.443,35.11,25.851,,186.0,False,92.404,"[None, 2048, 2049, 2048, 2048, 2048, 2048, 2048, 2048]","[2048, 2048, 2048, 2048, 2048, 2048, 2048, 2048, 2048]","[2048, 2048, 2048, 2048, 2048, 2048]",297.0
1208,9078,31,34,2023-05-07T20:25:17.319000+00:00,31.41,36.004,25.797,215.0,185.0,False,93.211,"[None, 2048, 2048, 2048, 2049, 2048, 2049, 2048, 2048]","[2048, 2048, 2048, 2048, 2048, 2048, 2048, 2048, 2048]","[2048, 2048, 2048, 2048, 2048, 2049, 2049]",330.0
1208,9078,55,34,2023-05-07T20:25:18.007000+00:00,31.388,34.68,25.885,213.0,186.0,False,91.953,"[None, 2048, 2048, 2048, 2048, 2048, 2049, 2049, 2048]","[2048, 2048, 2048, 2048, 2048, 2048, 2048, 2048, 2048]","[2048, 2048, 2048, 2048, 2048, 2049, 2048]",309.0
1208,9078,63,34,2023-05-07T20:25:19.507000+00:00,,35.089,25.871,210.0,186.0,False,92.417,"[None, 2048, 2048, 2048, 2048, 2048, 2048, 2048, 2048]","[2048, 2048, 2048, 2048, 2048, 2048, 2048, 2048, 2048]","[2048, 2048, 2048, 2048, 2048, 2048]",321.0
1208,9078,44,34,2023-05-07T20:25:20.319000+00:00,31.531,35.196,25.748,211.0,187.0,False,92.475,"[None, 2048, 2048, 2048, 2048, 2048, 2048, 2048, 2048]","[2048, 2048, 2048, 2048, 2048, 2048, 2048, 2048, 2048]","[2048, 2048, 2048, 2048, 2048, 2048, 2048]",322.0
1208,9078,22,34,2023-05-07T20:25:25.257000+00:00,31.414,35.107,25.891,211.0,185.0,False,92.412,"[None, 2048, 2049, 2049, 2049, 2048, 2048, 2048, 2048]","[2048, 2048, 2048, 2048, 2048, 2049, 2048, 2048, 2048]","[2048, 2048, 2048, 2048, 2049, 2048, 2048]",315.0
1208,9078,10,34,2023-05-07T20:25:27.522000+00:00,31.177,34.933,25.944,214.0,186.0,False,92.054,"[None, 2048, 2048, 2048, 2048, 2049, 2048, 2049, 2048]","[2048, 2048, 2048, 2048, 2048, 2049, 2048, 2048, 2048]","[2048, 2048, 2048, 2048, 2048, 2048]",315.0
1208,9078,18,34,2023-05-07T20:25:28.007000+00:00,31.632,35.258,25.669,211.0,187.0,False,92.559,"[None, 2048, 2048, 2049, 2048, 2048, 2049, 2048, 2048]","[2048, 2049, 2048, 2048, 2048, 2048, 2048, 2048, 2048]","[2048, 2048, 2048, 2049, 2048, 2048, 2048]",320.0
1208,9078,20,34,2023-05-07T20:25:28.507000+00:00,31.717,35.241,25.642,208.0,185.0,False,92.6,"[None, 2048, 2048, 2048, 2049, 2048, 2048, 2048, 2048]","[2048, 2048, 2048, 2048, 2048, 2048, 2048, 2048, 2048]","[2048, 2048, 2048, 2048, 2048, 2048, 2049]",334.0
1208,9078,16,34,2023-05-07T20:25:29.022000+00:00,31.86,35.119,25.571,214.0,186.0,False,92.55,"[2049, 2048, 2048, 2048, 2048, 2048, 2048, 2048, 2048]","[2048, 2048, 2049, 2049, 2049, 2048, 2048, 2048, 2048]","[2048, 2048, 2049, 2048, 2048, 2048]",338.0
1208,9078,27,34,2023-05-07T20:25:32.179000+00:00,47.501,34.742,25.699,213.0,189.0,True,107.942,"[2064, 2064, 2064, 2048, 2048, 2048, 2048, 2048, 2048]","[2048, 2048, 2048, 2048, 2048, 2049, 2049, 2049, 2051]","[2049, 2048, 2048, 2048, 2051, 2049, 2048]",311.0
1208,9078,77,34,2023-05-07T20:25:37.475000+00:00,31.419,35.047,26.004,217.0,187.0,False,92.47,"[None, 2048, 2048, 2048, 2048, 2048, 2049, 2049, 2048]","[2049, 2048, 2048, 2048, 2048, 2051, 2048, 2048, 2048]","[2048, 2048, 2048, 2048, 2048, 2048]",308.0
1208,9078,23,34,2023-05-07T20:25:40.257000+00:00,31.638,34.809,25.864,212.0,185.0,False,92.311,"[None, 2048, 2048, 2048, 2048, 2048, 2048, 2048, 2048]","[2048, 2048, 2048, 2048, 2048, 2048, 2048, 2049, 2048]","[2048, 2048, 2048, 2048, 2048, 2048]",320.0
1208,9078,4,34,2023-05-07T20:25:44.147000+00:00,31.358,35.165,26.112,211.0,185.0,False,92.635,"[None, 2048, 2048, 2048, 2048, 2048, 2048, 2049, 2048]","[2048, 2048, 2048, 2048, 2048, 2048, 2048, 2048, 2048]","[2048, 2048, 2048, 2048, 2048, 2048, 2048]",303.0
1208,9078,24,34,2023-05-07T20:25:53.803000+00:00,31.195,34.828,25.871,216.0,187.0,False,91.894,"[None, 2048, 2049, 2048, 2048, 2049, 2048, 2049, 2048]","[2049, 2048, 2048, 2048, 2048, 2048, 2048, 2048, 2048]","[2048, 2048, 2048, 2048, 2048, 2048]",312.0
1208,9078,21,34,2023-05-07T20:25:56.741000+00:00,31.431,35.235,26.058,,185.0,False,92.724,"[None, 2048, 2048, 2049, 2048, 2049, 2049, 2049, 2048]","[2048, 2048, 2048, 2048, 2048, 2048, 2048, 2048, 2048]","[2048, 2048, 2048, 2048, 2048, 2048, 2048]",311.0
1208,9078,81,34,2023-05-07T20:26:02.225000+00:00,31.787,35.243,26.285,215.0,187.0,False,93.315,"[None, 2048, 2048, 2048, 2048, 2048, 2048, 2049, 2048]","[2049, 2048, 2048, 2048, 2048, 2048, 2048, 2048, 2048]","[2049, 2048, 2048, 2048, 2048, 2049, 2049]",292.0
1208,9078,1,35,2023-05-07T20:26:16.194000+00:00,30.967,34.541,25.717,,188.0,False,91.225,"[None, 2048, 2048, 2048, 2049, 2048, 2049, 2048, 2048]","[2048, 2048, 2048, 2048, 2048, 2048, 2048, 2049, 2049]","[2048, 2048, 2048, 2048, 2048, 2048, 2048]",312.0
1208,9078,2,34,2023-05-07T20:26:18.944000+00:00,31.823,35.268,26.012,213.0,177.0,False,93.103,"[2048, 2048, 2048, 2048, 2048, 2048, 2048, 2048, 2048]","[2049, 2048, 2048, 2048, 2048, 2048, 2049, 2048, 2048]","[2048, 2048, 2048, 2048, 2048, 2048, 2048]",321.0
1208,9078,11,35,2023-05-07T20:26:31.944000+00:00,30.91,34.742,25.674,213.0,187.0,False,91.326,"[None, 2048, 2048, 2048, 2048, 2051, 2048, 2048, 2048]","[2048, 2048, 2048, 2048, 2048, 2048, 2048, 2048, 2048]","[2048, 2048, 2048, 2048, 2048, 2048, 2048]",311.0
1208,9078,14,35,2023-05-07T20:26:46.897000+00:00,31.318,34.909,25.717,214.0,187.0,False,91.944,"[None, 2048, 2048, 2048, 2048, 2048, 2048, 2048, 2048]","[2048, 2048, 2048, 2048, 2048, 2048, 2048, 2049, 2048]","[2048, 2048, 2048, 2048, 2048, 2048, 2048]",312.0
1208,9078,55,35,2023-05-07T20:26:49.896000+00:00,31.451,34.868,25.987,212.0,188.0,False,92.306,"[None, 2048, 2048, 2048, 2048, 2048, 2049, 2048, 2048]","[2048, 2048, 2048, 2048, 2048, 2048, 2049, 2049, 2048]","[2048, 2048, 2048, 2048, 2048, 2048, 2048]",306.0
1208,9078,31,35,2023-05-07T20:26:50.771000+00:00,31.73,35.104,26.056,214.0,180.0,False,92.89,"[None, 2048, 2048, 2048, 2048, 2048, 2048, 2048, 2048]","[2048, 2048, 2048, 2048, 2048, 2048, 2048, 2048, 2048]","[2048, 2048, 2048, 2048, 2048, 2048, 2048]",315.0
1208,9078,63,35,2023-05-07T20:26:51.943000+00:00,31.384,34.825,25.656,212.0,186.0,False,91.865,"[None, 2048, 2048, 2048, 2048, 2048, 2048, 2048, 2048]","[2048, 2048, 2048, 2048, 2048, 2048, 2048, 2048, 2048]","[2048, 2048, 2048, 2048, 2048, 2048, 2048]",335.0
1208,9078,44,35,2023-05-07T20:26:52.818000+00:00,31.56,35.078,25.991,210.0,187.0,False,92.629,"[None, 2048, 2048, 2048, 2048, 2048, 2048, 2048, 2048]","[2048, 2048, 2048, 2048, 2048, 2048, 2048, 2048, 2049]","[2048, 2048, 2048, 2048, 2048, 2048]",323.0
1208,9078,22,35,2023-05-07T20:26:57.787000+00:00,31.404,34.994,25.878,,188.0,False,92.276,"[None, 2048, 2048, 2048, 2049, 2049, 2048, 2049, 2048]","[2048, 2048, 2048, 2048, 2048, 2048, 2049, 2049, 2049]","[2048, 2048, 2048, 2049, 2048, 2048, 2048]",317.0
1208,9078,10,35,2023-05-07T20:26:59.631000+00:00,31.55,35.06,25.976,212.0,187.0,False,92.586,"[None, 2048, 2048, 2048, 2048, 2048, 2048, 2048, 2048]","[2048, 2048, 2048, 2048, 2048, 2048, 2048, 2048, 2048]","[2048, 2048, 2048, 2048, 2048, 2048]",314.0
1208,9078,18,35,2023-05-07T20:27:00.631000+00:00,31.614,35.15,25.81,,187.0,False,92.574,"[None, 2048, 2048, 2048, 2048, 2048, 2048, 2049, 2048]","[2049, 2048, 2048, 2048, 2048, 2048, 2048, 2049, 2048]","[2048, 2048, 2048, 2048, 2048, 2048, 2048]",320.0
1208,9078,20,35,2023-05-07T20:27:01.162000+00:00,31.693,35.342,25.923,,185.0,False,92.958,"[None, 2048, 2048, 2048, 2049, 2048, 2048, 2048, 2048]","[2048, 2048, 2048, 2048, 2048, 2048, 2048, 2048, 2048]","[2048, 2048, 2048, 2048, 2048, 2048, 2049]",320.0
1208,9078,16,35,2023-05-07T20:27:01.662000+00:00,31.871,35.285,25.578,213.0,188.0,False,92.734,"[2048, 2048, 2048, 2048, 2048, 2048, 2048, 2048, 2048]","[2048, 2048, 2049, 2049, 2048, 2048, 2048, 2048, 2048]","[2049, 2049, 2048, 2048, 2048, 2049]",333.0
1208,9078,77,35,2023-05-07T20:27:09.896000+00:00,31.416,35.093,25.934,,187.0,False,92.443,"[None, 2048, 2048, 2048, 2048, 2048, 2048, 2049, 2048]","[2049, 2048, 2048, 2048, 2048, 2048, 2048, 2049, 2048]","[2048, 2048, 2048, 2048, 2048, 2048, 2048]",302.0
1208,9078,23,35,2023-05-07T20:27:12.490000+00:00,31.495,34.931,25.879,213.0,186.0,False,92.305,"[None, 2048, 2048, 2049, 2049, 2048, 2048, 2048, 2048]","[2049, 2048, 2048, 2048, 2048, 2048, 2048, 2048, 2048]","[2049, 2048, 2048, 2048, 2048, 2048]",321.0
1208,9078,4,35,2023-05-07T20:27:16.677000+00:00,31.376,35.244,26.076,212.0,185.0,False,92.696,"[None, 2048, 2048, 2048, 2048, 2048, 2049, 2048, 2048]","[2048, 2048, 2048, 2048, 2048, 2048, 2048, 2048, 2048]","[2048, 2048, 2048, 2048, 2048, 2048, 2048]",296.0
1208,9078,27,35,2023-05-07T20:27:20.146000+00:00,31.273,34.517,25.51,219.0,190.0,False,91.3,"[2048, 2048, 2048, 2048, 2048, 2048, 2048, 2048, 2049]","[2049, 2048, 2048, 2048, 2048, 2049, 2051, 2048, 2048]","[2049, 2048, 2048, 2048, 2051, 2048, 2048]",313.0
1208,9078,24,35,2023-05-07T20:27:25.709000+00:00,31.218,34.837,25.843,214.0,186.0,False,91.898,"[None, 2048, 2048, 2049, 2049, 2048, 2049, 2049, 2048]","[2048, 2048, 2048, 2048, 2048, 2048, 2048, 2048, 2048]","[2048, 2048, 2048, 2048, 2048, 2048, 2048]",313.0
1208,9078,21,35,2023-05-07T20:27:29.474000+00:00,31.59,35.19,26.021,215.0,186.0,False,92.801,"[None, 2048, 2048, 2049, 2048, 2048, 2048, 2049, 2048]","[2049, 2048, 2048, 2048, 2048, 2048, 2048, 2048, 2048]","[2048, 2048, 2048, 2048, 2048, 2048, 2048]",313.0
1208,9078,81,35,2023-05-07T20:27:35.552000+00:00,31.575,35.462,26.366,213.0,187.0,False,93.403,"[None, 2048, 2049, 2048, 2048, 2048, 2048, 2048, 2048]","[2048, 2048, 2048, 2048, 2048, 2048, 2048, 2048, 2048]","[2048, 2048, 2048, 2048, 2048, 2048]",287.0
1208,9078,1,36,2023-05-07T20:27:47.427000+00:00,30.936,34.808,25.64,,187.0,False,91.384,"[None, 2048, 2048, 2048, 2048, 2049, 2048, 2049, 2048]","[2048, 2048, 2048, 2048, 2048, 2048, 2048, 2048, 2048]","[2048, 2048, 2048, 2048, 2048, 2048, 2048]",315.0
1208,9078,2,35,2023-05-07T20:27:52.052000+00:00,31.903,35.072,25.905,210.0,186.0,False,92.88,"[None, 2048, 2048, 2048, 2048, 2048, 2048, 2048, 2048]","[2048, 2048, 2048, 2048, 2048, 2048, 2048, 2048, 2048]","[2049, 2048, 2048, 2048, 2048, 2048, 2048]",321.0
1208,9078,11,36,2023-05-07T20:28:03.271000+00:00,30.994,34.614,25.584,216.0,187.0,False,91.192,"[None, 2048, 2048, 2048, 2048, 2048, 2051, 2051, 2048]","[2049, 2049, 2048, 2048, 2048, 2048, 2048, 2048, 2048]","[2049, 2049, 2048, 2048, 2048, 2048]",313.0
1208,9078,14,36,2023-05-07T20:28:18.833000+00:00,31.372,34.959,25.676,,188.0,False,92.007,"[None, 2048, 2048, 2048, 2048, 2048, 2048, 2048, 2049]","[2048, 2048, 2048, 2048, 2048, 2048, 2049, 2049, 2048]","[2049, 2048, 2048, 2048, 2049, 2048, 2048]",312.0
1208,9078,55,36,2023-05-07T20:28:22.286000+00:00,31.807,35.18,25.927,213.0,188.0,False,92.914,"[None, 2048, 2048, 2048, 2048, 2048, 2048, 2048, 2048]","[2048, 2048, 2048, 2048, 2048, 2048, 2048, 2048, 2048]","[2048, 2048, 2048, 2048, 2048, 2048, 2048]",308.0
1208,9078,31,36,2023-05-07T20:28:23.536000+00:00,32.544,35.079,25.576,213.0,187.0,False,93.199,"[None, 2048, 2048, 2048, 2048, 2048, 2048, 2048, 2048]","[2048, 2048, 2048, 2048, 2048, 2048, 2048, 2048, 2048]","[2049, 2049, 2048, 2048, 2048, 2048, 2048]",335.0
1208,9078,63,36,2023-05-07T20:28:23.942000+00:00,31.47,34.931,25.618,215.0,186.0,False,92.019,"[None, 2049, 2048, 2048, 2048, 2048, 2048, 2049, 2048]","[2048, 2048, 2048, 2048, 2048, 2048, 2048, 2048, 2048]","[2048, 2048, 2048, 2048, 2048, 2048]",332.0
1208,9078,44,36,2023-05-07T20:28:25.474000+00:00,31.686,35.133,25.89,211.0,187.0,False,92.709,"[None, 2048, 2048, 2048, 2048, 2048, 2048, 2048, 2048]","[2048, 2048, 2048, 2048, 2048, 2049, 2048, 2048, 2048]","[2048, 2048, 2048, 2048, 2048, 2048, 2048]",324.0
1208,9078,22,36,2023-05-07T20:28:30.036000+00:00,31.513,35.065,30.429,,188.0,False,97.007,"[None, 2048, 2049, 2048, 2048, 2048, 2048, 2048, 2048]","[2048, 2048, 2048, 2048, 2048, 2048, 2048, 2049, 2048]","[2048, 2048, 2048, 2049, 2048, 2048, 2064]",319.0
1208,9078,10,36,2023-05-07T20:28:32.192000+00:00,31.37,35.014,25.936,214.0,187.0,False,92.32,"[None, 2048, 2048, 2048, 2048, 2049, 2049, 2048, 2048]","[2048, 2048, 2048, 2048, 2048, 2048, 2048, 2048, 2048]","[2049, 2048, 2048, 2048, 2048, 2048]",316.0
1208,9078,18,36,2023-05-07T20:28:33.192000+00:00,31.544,35.299,25.796,212.0,187.0,False,92.639,"[None, 2048, 2048, 2048, 2048, 2048, 2049, 2049, 2048]","[2048, 2048, 2048, 2048, 2048, 2049, 2048, 2048, 2049]","[2048, 2048, 2048, 2049, 2048, 2048]",316.0
1208,9078,20,36,2023-05-07T20:28:34.114000+00:00,31.648,35.533,26.148,214.0,184.0,False,93.329,"[None, 2048, 2048, 2048, 2048, 2048, 2048, 2048, 2048]","[2048, 2048, 2048, 2048, 2048, 2048, 2048, 2048, 2048]","[2048, 2048, 2048, 2048, 2048, 2049]",326.0
1208,9078,16,36,2023-05-07T20:28:34.395000+00:00,32.194,35.059,25.58,,187.0,False,92.833,"[2049, 2048, 2048, 2048, 2048, 2048, 2048, 2048, 2048]","[2048, 2048, 2048, 2048, 2048, 2048, 2048, 2048, 2048]","[2049, 2049, 2049, 2048, 2048, 2048]",329.0
1208,9078,77,36,2023-05-07T20:28:42.380000+00:00,31.449,35.148,25.927,,188.0,False,92.524,"[None, 2048, 2048, 2048, 2048, 2048, 2048, 2049, 2048]","[2049, 2048, 2048, 2048, 2048, 2048, 2048, 2048, 2048]","[2049, 2048, 2048, 2048, 2048, 2048, 2048]",310.0
1208,9078,23,36,2023-05-07T20:28:44.833000+00:00,31.494,34.87,25.954,,186.0,False,92.318,"[None, 2048, 2048, 2048, 2048, 2048, 2048, 2048, 2048]","[2049, 2048, 2048, 2048, 2048, 2048, 2048, 2048, 2048]","[2049, 2048, 2048, 2048, 2048, 2048, 2048]",322.0
1208,9078,4,36,2023-05-07T20:28:49.489000+00:00,31.434,35.171,26.081,210.0,185.0,False,92.686,"[None, 2048, 2048, 2048, 2048, 2048, 2048, 2048, 2048]","[2048, 2048, 2048, 2048, 2048, 2048, 2048, 2048, 2048]","[2048, 2048, 2048, 2048, 2048, 2048, 2048]",314.0
1208,9078,27,36,2023-05-07T20:28:51.442000+00:00,30.905,34.514,25.482,216.0,189.0,False,90.901,"[None, 2048, 2049, 2049, 2049, 2049, 2048, 2048, 2048]","[2048, 2048, 2048, 2048, 2048, 2049, 2048, 2048, 2048]","[2051, 2049, 2048, 2048, 2048, 2048, 2049]",314.0
1208,9078,24,36,2023-05-07T20:28:57.614000+00:00,30.978,35.064,25.863,216.0,187.0,False,91.905,"[None, 2048, 2049, 2049, 2048, 2048, 2049, 2049, 2048]","[2049, 2048, 2048, 2048, 2048, 2048, 2049, 2048, 2048]","[2048, 2048, 2048, 2049, 2048, 2048]",313.0
1208,9078,21,36,2023-05-07T20:29:02.254000+00:00,31.424,35.306,26.154,214.0,185.0,False,92.884,"[None, 2048, 2048, 2048, 2048, 2048, 2049, 2048, 2048]","[2049, 2048, 2048, 2048, 2048, 2048, 2048, 2048, 2048]","[2048, 2048, 2048, 2048, 2048, 2048, 2048]",312.0
1208,9078,81,36,2023-05-07T20:29:08.942000+00:00,31.498,35.376,26.409,214.0,187.0,False,93.283,"[None, 2048, 2048, 2048, 2048, 2048, 2048, 2048, 2048]","[2049, 2048, 2048, 2048, 2048, 2049, 2048, 2048, 2048]","[2049, 2048, 2048, 2048, 2048, 2048, 2048]",292.0
1208,9078,1,37,2023-05-07T20:29:18.817000+00:00,30.876,34.661,25.731,217.0,188.0,False,91.268,"[None, 2048, 2048, 2049, 2051, 2048, 2048, 2048, 2048]","[2049, 2048, 2048, 2048, 2048, 2048, 2048, 2048, 2048]","[2049, 2048, 2048, 2048, 2048, 2048, 2048]",314.0
1208,9078,2,36,2023-05-07T20:29:24.942000+00:00,31.706,35.2,26.11,,187.0,False,93.016,"[None, 2048, 2049, 2048, 2049, 2049, 2048, 2048, 2048]","[2048, 2048, 2048, 2048, 2048, 2048, 2048, 2048, 2048]","[2049, 2048, 2048, 2048, 2048, 2049, 2049]",319.0
1208,9078,11,37,2023-05-07T20:29:34.473000+00:00,30.905,34.887,25.643,213.0,185.0,False,91.435,"[None, 2048, 2048, 2048, 2049, 2051, 2048, 2048, 2048]","[2048, 2048, 2048, 2048, 2048, 2048, 2048, 2048, 2048]","[2048, 2048, 2048, 2048, 2048, 2048]",312.0
1208,9078,14,37,2023-05-07T20:29:50.832000+00:00,31.01,34.755,25.701,213.0,187.0,False,91.466,"[None, 2048, 2049, 2048, 2048, 2048, 2049, 2049, 2048]","[2048, 2048, 2048, 2048, 2048, 2049, 2048, 2049, 2048]","[2048, 2048, 2048, 2048, 2048, 2048, 2048]",312.0
1208,9078,55,37,2023-05-07T20:29:55.176000+00:00,31.406,36.18,25.936,216.0,187.0,False,93.522,"[None, 2048, 2048, 2048, 2049, 2048, 2049, 2049, 2048]","[2048, 2048, 2048, 2048, 2048, 2048, 2048, 2048, 2048]","[2049, 2049, 2048, 2048, 2048, 2049]",332.0
1208,9078,63,37,2023-05-07T20:29:55.754000+00:00,31.38,34.96,25.917,211.0,187.0,False,92.257,"[None, 2048, 2048, 2048, 2048, 2048, 2048, 2049, 2048]","[2048, 2048, 2048, 2048, 2048, 2048, 2048, 2048, 2048]","[2048, 2048, 2048, 2048, 2048, 2048, 2048]",316.0
1208,9078,31,37,2023-05-07T20:29:57.019000+00:00,31.657,35.355,25.662,215.0,187.0,False,92.674,"[None, 2048, 2048, 2048, 2049, 2049, 2048, 2048, 2048]","[2048, 2048, 2048, 2048, 2048, 2048, 2048, 2048, 2048]","[2048, 2048, 2048, 2048, 2048, 2048, 2048]",333.0
1208,9078,44,37,2023-05-07T20:29:58.160000+00:00,31.529,35.166,31.124,212.0,187.0,False,97.819,"[None, 2048, 2048, 2048, 2048, 2048, 2048, 2049, 2048]","[2048, 2048, 2048, 2048, 2048, 2048, 2048, 2048, 2048]","[2048, 2048, 2048, 2048, 2048, 2048, 2064]",327.0
1208,9078,10,37,2023-05-07T20:30:04.426000+00:00,31.351,34.905,26.003,216.0,188.0,False,92.259,"[None, 2048, 2048, 2048, 2048, 2048, 2049, 2048, 2048]","[2048, 2048, 2048, 2048, 2048, 2048, 2048, 2049, 2048]","[2048, 2048, 2048, 2048, 2048, 2048]",313.0
1208,9078,18,37,2023-05-07T20:30:05.785000+00:00,31.548,35.042,25.911,210.0,187.0,False,92.501,"[None, 2048, 2048, 2048, 2049, 2049, 2049, 2048, 2048]","[2048, 2048, 2048, 2048, 2048, 2048, 2049, 2048, 2049]","[2048, 2048, 2048, 2049, 2048, 2048, 2048]",325.0
1208,9078,22,37,2023-05-07T20:30:06.988000+00:00,46.213,34.653,25.649,215.0,191.0,True,106.515,"[2064, 2064, 2064, 2048, 2048, 2048, 2048, 2048, 2049]","[2048, 2048, 2048, 2048, 2048, 2048, 2049, 2049, 2051]","[2049, 2048, 2048, 2048, 2049, 2049, 2048]",314.0
1208,9078,16,37,2023-05-07T20:30:07.191000+00:00,32.556,35.439,25.657,217.0,187.0,False,93.652,"[2048, 2048, 2048, 2048, 2048, 2048, 2048, 2048, 2048]","[2048, 2048, 2048, 2048, 2049, 2048, 2048, 2048, 2048]","[2048, 2048, 2048, 2048, 2048, 2049]",314.0
1208,9078,20,37,2023-05-07T20:30:07.473000+00:00,31.861,35.497,25.977,212.0,186.0,False,93.335,"[None, 2048, 2048, 2048, 2048, 2048, 2049, 2048, 2048]","[2048, 2048, 2048, 2048, 2048, 2048, 2048, 2048, 2048]","[2048, 2048, 2048, 2048, 2048, 2048]",314.0
1208,9078,77,37,2023-05-07T20:30:14.957000+00:00,31.422,35.025,26.045,,187.0,False,92.492,"[None, 2048, 2048, 2048, 2048, 2048, 2048, 2049, 2048]","[2048, 2048, 2048, 2048, 2048, 2048, 2048, 2049, 2048]","[2048, 2048, 2048, 2048, 2048, 2048]",308.0
1208,9078,23,37,2023-05-07T20:30:17.160000+00:00,31.506,34.978,25.862,,185.0,False,92.346,"[None, 2048, 2048, 2048, 2049, 2048, 2048, 2049, 2048]","[2048, 2048, 2048, 2048, 2048, 2048, 2048, 2048, 2048]","[2048, 2048, 2048, 2048, 2048, 2048]",321.0
1208,9078,4,37,2023-05-07T20:30:22.144000+00:00,32.382,35.379,26.037,212.0,185.0,False,93.798,"[None, 2048, 2048, 2048, 2048, 2048, 2048, 2048, 2048]","[2049, 2049, 2049, 2048, 2048, 2048, 2048, 2048, 2048]","[2049, 2048, 2048, 2048, 2048, 2048, 2048]",287.0
1208,9078,27,37,2023-05-07T20:30:22.300000+00:00,31.485,35.217,25.695,207.0,188.0,False,92.397,"[None, 2048, 2048, 2048, 2048, 2048, 2048, 2048, 2048]","[2048, 2048, 2048, 2048, 2049, 2048, 2048, 2048, 2048]","[2048, 2048, 2048, 2048, 2048, 2048]",317.0
1208,9078,24,37,2023-05-07T20:30:29.503000+00:00,31.335,35.072,25.842,214.0,187.0,False,92.249,"[None, 2048, 2048, 2048, 2048, 2048, 2048, 2048, 2048]","[2048, 2048, 2048, 2048, 2048, 2048, 2048, 2048, 2048]","[2049, 2048, 2048, 2048, 2048, 2048, 2048]",311.0
1208,9078,21,37,2023-05-07T20:30:35.128000+00:00,31.427,35.433,26.085,,184.0,False,92.945,"[None, 2048, 2048, 2048, 2048, 2048, 2049, 2048, 2048]","[2048, 2048, 2048, 2048, 2048, 2048, 2048, 2048, 2048]","[2048, 2048, 2048, 2048, 2048, 2048]",311.0
1208,9078,81,37,2023-05-07T20:30:42.238000+00:00,31.592,35.37,26.254,,187.0,False,93.216,"[None, 2048, 2048, 2048, 2048, 2048, 2049, 2049, 2048]","[2048, 2048, 2048, 2048, 2048, 2048, 2048, 2048, 2048]","[2049, 2048, 2048, 2048, 2048, 2049]",293.0
1208,9078,1,38,2023-05-07T20:30:50.050000+00:00,31.017,34.576,25.606,210.0,188.0,False,91.199,"[None, 2048, 2048, 2048, 2048, 2049, 2048, 2048, 2048]","[2048, 2048, 2048, 2048, 2048, 2048, 2048, 2048, 2048]","[2048, 2048, 2048, 2048, 2048, 2048, 2048]",318.0
1208,9078,2,37,2023-05-07T20:30:57.941000+00:00,32.002,35.272,26.043,212.0,186.0,False,93.317,"[None, 2048, 2048, 2048, 2048, 2048, 2048, 2048, 2048]","[2048, 2048, 2048, 2048, 2048, 2048, 2048, 2048, 2048]","[2049, 2048, 2048, 2048, 2048, 2048, 2048]",317.0
1208,9078,11,38,2023-05-07T20:31:05.909000+00:00,31.8,34.964,25.55,206.0,187.0,False,92.314,"[None, 2048, 2048, 2048, 2048, 2051, 2048, 2051, 2048]","[2048, 2048, 2048, 2048, 2048, 2048, 2048, 2048, 2048]","[2048, 2048, 2049, 2048, 2048, 2048, 2048]",322.0
1208,9078,14,38,2023-05-07T20:31:22.300000+00:00,30.98,34.619,25.748,215.0,188.0,False,91.347,"[None, 2048, 2048, 2048, 2048, 2049, 2049, 2048, 2049]","[2048, 2048, 2048, 2048, 2048, 2049, 2048, 2048, 2048]","[2049, 2048, 2048, 2048, 2048, 2048, 2048]",305.0
1208,9078,63,38,2023-05-07T20:31:28.067000+00:00,31.023,34.741,25.841,213.0,187.0,False,91.605,"[None, 2048, 2049, 2048, 2048, 2049, 2049, 2048, 2048]","[2048, 2048, 2048, 2048, 2048, 2049, 2049, 2049, 2048]","[2048, 2048, 2048, 2048, 2048, 2048, 2048]",316.0
1208,9078,55,38,2023-05-07T20:31:28.690000+00:00,31.608,34.994,25.905,214.0,188.0,False,92.507,"[None, 2048, 2048, 2048, 2048, 2048, 2048, 2048, 2048]","[2048, 2048, 2048, 2048, 2048, 2048, 2048, 2048, 2048]","[2048, 2048, 2048, 2048, 2049, 2048, 2048]",309.0
1208,9078,31,38,2023-05-07T20:31:29.362000+00:00,31.728,35.122,25.73,,185.0,False,92.58,"[None, 2048, 2048, 2048, 2048, 2048, 2048, 2048, 2048]","[2049, 2048, 2048, 2048, 2048, 2048, 2048, 2048, 2048]","[2048, 2048, 2048, 2048, 2048, 2048]",331.0
1208,9078,44,38,2023-05-07T20:31:35.940000+00:00,45.731,33.844,25.514,215.0,189.0,True,105.089,"[2064, 2064, 2064, 2048, 2048, 2048, 2048, 2048, 2049]","[2049, 2049, 2048, 2048, 2049, 2049, 2049, 2049, 2049]","[2048, 2048, 2048, 2049, 2049, 2051, 2048]",315.0
1208,9078,10,38,2023-05-07T20:31:36.768000+00:00,31.413,34.992,25.947,,187.0,False,92.352,"[None, 2048, 2048, 2048, 2048, 2048, 2048, 2048, 2048]","[2048, 2048, 2048, 2048, 2048, 2048, 2048, 2048, 2048]","[2048, 2048, 2048, 2048, 2048, 2048]",308.0
1208,9078,18,38,2023-05-07T20:31:38.346000+00:00,31.466,35.1,25.856,213.0,187.0,False,92.422,"[None, 2048, 2048, 2048, 2048, 2049, 2048, 2048, 2048]","[2048, 2048, 2048, 2048, 2048, 2049, 2048, 2048, 2048]","[2048, 2048, 2048, 2048, 2048, 2048, 2048]",322.0
1208,9078,20,38,2023-05-07T20:31:40.706000+00:00,32.443,35.142,25.993,,187.0,False,93.578,"[None, 2048, 2048, 2048, 2048, 2048, 2048, 2048, 2048]","[2048, 2048, 2048, 2048, 2048, 2048, 2048, 2048, 2048]","[2048, 2048, 2048, 2048, 2048, 2048]",317.0
1208,9078,16,38,2023-05-07T20:31:40.862000+00:00,31.477,34.868,25.917,,187.0,False,92.262,"[None, 2048, 2048, 2048, 2048, 2048, 2048, 2049, 2048]","[2048, 2048, 2048, 2048, 2048, 2048, 2049, 2048, 2048]","[2048, 2048, 2048, 2048, 2048, 2048]",309.0
1208,9078,77,38,2023-05-07T20:31:47.284000+00:00,31.383,35.114,26.135,216.0,187.0,False,92.632,"[None, 2048, 2048, 2048, 2048, 2048, 2048, 2048, 2048]","[2048, 2048, 2048, 2048, 2048, 2048, 2048, 2048, 2048]","[2048, 2048, 2048, 2048, 2048, 2048]",302.0
1208,9078,23,38,2023-05-07T20:31:49.424000+00:00,31.654,35.663,26.044,214.0,183.0,False,93.361,"[None, 2048, 2048, 2048, 2048, 2048, 2048, 2048, 2048]","[2049, 2048, 2048, 2048, 2048, 2048, 2048, 2048, 2048]","[2048, 2048, 2048, 2048, 2048, 2048]",310.0
1208,9078,22,38,2023-05-07T20:31:53.581000+00:00,31.098,34.733,25.73,216.0,189.0,False,91.561,"[2048, 2048, 2049, 2049, 2049, 2049, 2049, 2048, 2049]","[2049, 2048, 2048, 2048, 2048, 2049, 2048, 2048, 2048]","[2048, 2048, 2048, 2048, 2048, 2048, 2048]",312.0
1208,9078,27,38,2023-05-07T20:31:54.643000+00:00,31.284,35.032,25.879,216.0,188.0,False,92.195,"[None, 2048, 2048, 2048, 2048, 2048, 2049, 2048, 2048]","[2048, 2048, 2048, 2048, 2048, 2048, 2048, 2048, 2048]","[2048, 2048, 2048, 2048, 2048, 2048, 2048]",317.0
1208,9078,4,38,2023-05-07T20:31:55.956000+00:00,31.718,35.367,26.087,210.0,186.0,False,93.172,"[None, 2048, 2048, 2048, 2048, 2048, 2048, 2048, 2048]","[2048, 2048, 2048, 2048, 2048, 2048, 2048, 2048, 2048]","[2048, 2048, 2048, 2048, 2048, 2048]",292.0
1208,9078,24,38,2023-05-07T20:32:01.737000+00:00,31.41,35.102,25.947,213.0,186.0,False,92.459,"[None, 2048, 2048, 2048, 2048, 2048, 2048, 2048, 2048]","[2048, 2048, 2048, 2048, 2048, 2048, 2048, 2048, 2048]","[2048, 2048, 2048, 2048, 2048, 2048, 2048]",310.0
1208,9078,21,38,2023-05-07T20:32:08.159000+00:00,31.48,35.327,26.002,213.0,185.0,False,92.809,"[None, 2048, 2048, 2048, 2048, 2048, 2048, 2048, 2048]","[2048, 2048, 2048, 2048, 2048, 2048, 2048, 2048, 2048]","[2048, 2048, 2048, 2048, 2048, 2048, 2048]",313.0
1208,9078,81,38,2023-05-07T20:32:15.440000+00:00,31.566,35.533,26.335,211.0,186.0,False,93.434,"[None, 2048, 2048, 2048, 2049, 2049, 2048, 2048, 2048]","[2048, 2048, 2048, 2048, 2048, 2048, 2048, 2048, 2048]","[2048, 2048, 2048, 2048, 2048, 2048, 2048]",295.0
1208,9078,1,39,2023-05-07T20:32:21.268000+00:00,31.083,34.74,25.621,216.0,188.0,False,91.444,"[None, 2048, 2048, 2048, 2048, 2048, 2048, 2048, 2048]","[2048, 2048, 2048, 2048, 2048, 2048, 2048, 2048, 2048]","[2049, 2048, 2048, 2048, 2048, 2048, 2048]",314.0
1208,9078,2,38,2023-05-07T20:32:31.252000+00:00,31.883,35.095,25.997,,186.0,False,92.975,"[None, 2048, 2048, 2048, 2048, 2048, 2049, 2048, 2048]","[2048, 2048, 2048, 2048, 2048, 2048, 2048, 2048, 2048]","[2048, 2048, 2048, 2048, 2048, 2048, 2048]",316.0
1208,9078,11,39,2023-05-07T20:32:38.205000+00:00,31.15,34.936,25.669,205.0,187.0,False,91.755,"[None, 2048, 2048, 2048, 2048, 2048, 2048, 2048, 2048]","[2048, 2048, 2048, 2048, 2048, 2048, 2048, 2048, 2048]","[2048, 2049, 2048, 2048, 2048, 2048, 2048]",313.0
1208,9078,14,39,2023-05-07T20:32:53.674000+00:00,30.975,34.756,25.673,,189.0,False,91.404,"[None, 2048, 2049, 2048, 2048, 2048, 2048, 2049, 2049]","[2048, 2048, 2048, 2048, 2048, 2048, 2048, 2048, 2048]","[2049, 2048, 2048, 2048, 2048, 2048]",315.0
1208,9078,63,39,2023-05-07T20:32:59.689000+00:00,31.298,34.874,25.844,212.0,187.0,False,92.016,"[None, 2048, 2048, 2049, 2048, 2048, 2048, 2048, 2048]","[2048, 2048, 2048, 2048, 2048, 2048, 2048, 2048, 2049]","[2048, 2048, 2048, 2048, 2048, 2048]",316.0
1208,9078,55,39,2023-05-07T20:33:01.205000+00:00,31.37,35.009,25.829,,188.0,False,92.208,"[None, 2048, 2048, 2048, 2048, 2048, 2048, 2048, 2048]","[2048, 2048, 2048, 2048, 2048, 2048, 2048, 2048, 2048]","[2048, 2048, 2048, 2048, 2048, 2048, 2048]",312.0
1208,9078,31,39,2023-05-07T20:33:01.955000+00:00,31.595,35.062,30.85,,186.0,False,97.507,"[None, 2048, 2048, 2048, 2048, 2049, 2048, 2048, 2048]","[2048, 2048, 2048, 2048, 2048, 2048, 2048, 2048, 2048]","[2048, 2048, 2048, 2048, 2048, 2048, 2064]",316.0
1208,9078,10,39,2023-05-07T20:33:09.080000+00:00,31.28,35.081,25.893,217.0,187.0,False,92.254,"[None, 2048, 2048, 2048, 2048, 2048, 2049, 2048, 2048]","[2048, 2048, 2048, 2048, 2048, 2048, 2048, 2048, 2048]","[2048, 2048, 2048, 2048, 2048, 2048, 2048]",311.0
1208,9078,18,39,2023-05-07T20:33:10.673000+00:00,31.372,35.158,25.769,212.0,186.0,False,92.299,"[None, 2048, 2048, 2048, 2048, 2048, 2049, 2048, 2048]","[2048, 2048, 2048, 2048, 2048, 2048, 2048, 2048, 2048]","[2048, 2048, 2048, 2048, 2048, 2048, 2048]",320.0
1208,9078,16,39,2023-05-07T20:33:13.048000+00:00,31.369,35.112,25.905,,186.0,False,92.386,"[None, 2048, 2048, 2048, 2048, 2048, 2048, 2049, 2048]","[2048, 2048, 2048, 2048, 2048, 2048, 2048, 2048, 2048]","[2048, 2048, 2048, 2048, 2048, 2048, 2048]",311.0
1208,9078,20,39,2023-05-07T20:33:14.283000+00:00,31.578,35.222,25.829,,186.0,False,92.629,"[None, 2048, 2048, 2048, 2048, 2048, 2048, 2048, 2048]","[2048, 2048, 2048, 2048, 2048, 2048, 2048, 2048, 2048]","[2048, 2048, 2048, 2048, 2048, 2048, 2048]",318.0
1208,9078,77,39,2023-05-07T20:33:19.923000+00:00,31.521,35.226,26.097,217.0,189.0,False,92.844,"[None, 2048, 2048, 2048, 2048, 2048, 2048, 2048, 2048]","[2048, 2048, 2048, 2048, 2048, 2048, 2048, 2048, 2048]","[2049, 2048, 2048, 2048, 2048, 2048, 2048]",318.0
1208,9078,44,39,2023-05-07T20:33:21.064000+00:00,31.175,35.047,25.548,216.0,191.0,False,91.77,"[2048, 2048, 2049, 2049, 2048, 2048, 2048, 2048, 2049]","[2048, 2048, 2048, 2048, 2048, 2048, 2048, 2048, 2048]","[2051, 2049, 2048, 2048, 2048, 2051]",334.0
1208,9078,23,39,2023-05-07T20:33:22.923000+00:00,31.496,35.051,25.897,215.0,186.0,False,92.444,"[None, 2048, 2049, 2048, 2048, 2048, 2048, 2048, 2048]","[2049, 2048, 2048, 2048, 2048, 2048, 2048, 2048, 2048]","[2048, 2048, 2048, 2048, 2048, 2048]",322.0
1208,9078,22,39,2023-05-07T20:33:25.501000+00:00,31.318,34.812,25.814,,189.0,False,91.944,"[None, 2048, 2048, 2048, 2048, 2048, 2048, 2048, 2048]","[2048, 2048, 2048, 2048, 2048, 2048, 2048, 2048, 2048]","[2048, 2048, 2048, 2048, 2048, 2048, 2048]",313.0
1208,9078,27,39,2023-05-07T20:33:26.908000+00:00,31.255,35.045,25.735,217.0,186.0,False,92.035,"[None, 2048, 2048, 2048, 2048, 2048, 2048, 2048, 2048]","[2048, 2048, 2048, 2048, 2048, 2048, 2048, 2048, 2048]","[2048, 2048, 2048, 2048, 2048, 2048]",321.0
1208,9078,4,39,2023-05-07T20:33:29.142000+00:00,31.492,35.626,26.073,212.0,184.0,False,93.191,"[None, 2048, 2048, 2048, 2049, 2048, 2048, 2048, 2048]","[2048, 2048, 2048, 2048, 2048, 2048, 2048, 2048, 2048]","[2048, 2048, 2048, 2048, 2048, 2048]",298.0
1208,9078,24,39,2023-05-07T20:33:34.189000+00:00,31.335,35.193,25.823,216.0,187.0,False,92.351,"[None, 2048, 2048, 2048, 2049, 2048, 2048, 2048, 2048]","[2048, 2048, 2048, 2048, 2048, 2048, 2048, 2048, 2048]","[2048, 2048, 2048, 2048, 2048, 2048, 2048]",312.0
1208,9078,21,39,2023-05-07T20:33:40.907000+00:00,31.305,35.248,26.009,212.0,185.0,False,92.562,"[None, 2048, 2048, 2049, 2049, 2048, 2048, 2048, 2048]","[2048, 2048, 2048, 2048, 2048, 2048, 2048, 2048, 2048]","[2048, 2048, 2048, 2048, 2048, 2048, 2048]",302.0
1208,9078,81,39,2023-05-07T20:33:48.907000+00:00,32.212,35.771,26.438,207.0,186.0,False,94.421,"[None, 2048, 2048, 2048, 2048, 2048, 2049, 2049, 2048]","[2048, 2048, 2048, 2048, 2048, 2048, 2048, 2048, 2048]","[2048, 2048, 2048, 2048, 2048, 2048, 2048]",295.0
1208,9078,1,40,2023-05-07T20:33:52.720000+00:00,30.906,34.749,25.633,,188.0,False,91.288,"[None, 2048, 2048, 2048, 2048, 2048, 2048, 2048, 2048]","[2048, 2048, 2048, 2048, 2048, 2048, 2048, 2048, 2048]","[2049, 2048, 2048, 2048, 2048, 2048]",318.0
1208,9078,2,39,2023-05-07T20:34:04.220000+00:00,31.82,35.324,25.96,,186.0,False,93.104,"[None, 2048, 2048, 2048, 2048, 2049, 2048, 2048, 2048]","[2048, 2048, 2048, 2048, 2048, 2048, 2048, 2048, 2048]","[2048, 2048, 2048, 2048, 2048, 2048, 2048]",318.0
1208,9078,11,40,2023-05-07T20:34:09.938000+00:00,31.133,34.909,25.598,215.0,188.0,False,91.64,"[None, 2048, 2048, 2048, 2048, 2048, 2048, 2048, 2048]","[2049, 2048, 2048, 2048, 2049, 2048, 2048, 2048, 2048]","[2049, 2049, 2048, 2048, 2048, 2048, 2049]",312.0
1208,9078,14,40,2023-05-07T20:34:25.048000+00:00,30.912,34.895,25.707,213.0,187.0,False,91.514,"[None, 2048, 2048, 2048, 2048, 2048, 2048, 2049, 2048]","[2048, 2048, 2048, 2048, 2048, 2048, 2048, 2048, 2048]","[2048, 2048, 2048, 2048, 2048, 2048, 2048]",319.0
1208,9078,63,40,2023-05-07T20:34:31.704000+00:00,31.063,34.881,25.814,,187.0,False,91.758,"[None, 2048, 2048, 2049, 2048, 2048, 2048, 2048, 2048]","[2048, 2048, 2048, 2048, 2048, 2048, 2048, 2048, 2048]","[2048, 2048, 2048, 2048, 2048, 2049]",315.0
1208,9078,55,40,2023-05-07T20:34:33.532000+00:00,31.264,34.81,25.793,215.0,188.0,False,91.867,"[None, 2048, 2049, 2048, 2049, 2048, 2048, 2048, 2048]","[2048, 2048, 2048, 2048, 2048, 2048, 2048, 2049, 2048]","[2048, 2048, 2048, 2048, 2048, 2048]",311.0
1208,9078,31,40,2023-05-07T20:34:39.422000+00:00,45.496,34.805,25.429,215.0,189.0,True,105.73,"[2064, 2064, 2064, 2048, 2048, 2048, 2048, 2049, 2049]","[2048, 2048, 2048, 2048, 2048, 2048, 2049, 2048, 2049]","[2049, 2048, 2048, 2048, 2049, 2049, 2049]",330.0
1208,9078,10,40,2023-05-07T20:34:41.438000+00:00,31.339,34.981,25.805,215.0,188.0,False,92.125,"[None, 2048, 2048, 2048, 2048, 2048, 2048, 2048, 2048]","[2048, 2048, 2048, 2048, 2048, 2048, 2048, 2048, 2048]","[2048, 2048, 2048, 2048, 2048, 2048]",311.0
1208,9078,18,40,2023-05-07T20:34:43.375000+00:00,31.313,35.227,25.7,,188.0,False,92.24,"[None, 2048, 2048, 2049, 2049, 2048, 2048, 2048, 2048]","[2048, 2048, 2048, 2048, 2048, 2048, 2048, 2048, 2048]","[2048, 2048, 2048, 2048, 2048, 2049]",323.0
1208,9078,16,40,2023-05-07T20:34:45.516000+00:00,31.286,35.108,25.711,215.0,187.0,False,92.105,"[None, 2048, 2048, 2049, 2049, 2048, 2049, 2048, 2048]","[2048, 2048, 2048, 2048, 2048, 2048, 2048, 2048, 2048]","[2048, 2048, 2048, 2049, 2048, 2048]",312.0
1208,9078,20,40,2023-05-07T20:34:46.969000+00:00,31.376,35.5,25.856,207.0,184.0,False,92.732,"[None, 2048, 2048, 2048, 2048, 2048, 2048, 2048, 2048]","[2048, 2048, 2048, 2048, 2048, 2048, 2048, 2048, 2048]","[2048, 2048, 2048, 2048, 2048, 2048, 2048]",316.0
1208,9078,44,40,2023-05-07T20:34:52.750000+00:00,31.023,34.947,25.724,214.0,189.0,False,91.694,"[None, 2049, 2048, 2048, 2048, 2048, 2049, 2049, 2048]","[2048, 2048, 2048, 2048, 2048, 2049, 2048, 2048, 2048]","[2048, 2048, 2048, 2048, 2049, 2048]",309.0
1208,9078,77,40,2023-05-07T20:34:53+00:00,32.988,35.161,25.994,216.0,187.0,False,94.143,"[None, 2048, 2048, 2048, 2048, 2048, 2048, 2048, 2048]","[2049, 2049, 2048, 2048, 2048, 2048, 2048, 2048, 2048]","[2048, 2048, 2048, 2048, 2048, 2048, 2049]",313.0
1208,9078,23,40,2023-05-07T20:34:55.329000+00:00,31.688,35.198,25.867,212.0,185.0,False,92.753,"[None, 2048, 2048, 2048, 2048, 2048, 2048, 2048, 2048]","[2048, 2049, 2048, 2048, 2048, 2048, 2048, 2048, 2048]","[2049, 2048, 2048, 2048, 2048, 2048, 2048]",319.0
1208,9078,22,40,2023-05-07T20:34:57.047000+00:00,31.312,35.127,25.835,,188.0,False,92.274,"[None, 2048, 2048, 2048, 2049, 2048, 2048, 2048, 2048]","[2049, 2048, 2048, 2048, 2048, 2048, 2048, 2048, 2048]","[2048, 2048, 2048, 2048, 2048, 2048, 2048]",315.0
1208,9078,27,40,2023-05-07T20:34:58.953000+00:00,31.164,35.245,25.764,215.0,187.0,False,92.173,"[None, 2048, 2048, 2048, 2048, 2048, 2048, 2048, 2048]","[2048, 2048, 2048, 2048, 2048, 2048, 2048, 2048, 2048]","[2048, 2048, 2048, 2048, 2048, 2048, 2048]",319.0
1208,9078,4,40,2023-05-07T20:35:02.438000+00:00,31.327,35.321,26.026,211.0,185.0,False,92.674,"[None, 2049, 2048, 2048, 2049, 2049, 2048, 2048, 2048]","[2048, 2048, 2048, 2048, 2048, 2048, 2048, 2048, 2048]","[2048, 2048, 2048, 2048, 2048, 2048, 2048]",289.0
1208,9078,24,40,2023-05-07T20:35:06.547000+00:00,31.275,35.019,25.885,,185.0,False,92.179,"[None, 2048, 2048, 2048, 2049, 2048, 2048, 2048, 2048]","[2048, 2048, 2048, 2048, 2048, 2048, 2048, 2048, 2048]","[2048, 2048, 2048, 2048, 2048, 2048, 2048]",312.0
1208,9078,21,40,2023-05-07T20:35:13.547000+00:00,31.366,35.266,26.026,213.0,185.0,False,92.658,"[None, 2048, 2048, 2048, 2048, 2048, 2048, 2048, 2048]","[2048, 2048, 2048, 2048, 2048, 2048, 2048, 2048, 2048]","[2048, 2048, 2048, 2048, 2048, 2048, 2048]",311.0
1208,9078,81,40,2023-05-07T20:35:23.328000+00:00,33.159,35.449,26.3,212.0,187.0,False,94.908,"[None, 2048, 2048, 2048, 2048, 2048, 2048, 2048, 2048]","[2048, 2048, 2048, 2048, 2048, 2048, 2048, 2048, 2048]","[2049, 2048, 2048, 2048, 2048, 2048]",293.0
1208,9078,1,41,2023-05-07T20:35:24+00:00,30.685,34.707,25.612,,188.0,False,91.004,"[None, 2048, 2048, 2048, 2048, 2048, 2049, 2049, 2048]","[2048, 2048, 2048, 2048, 2048, 2048, 2048, 2048, 2048]","[2048, 2048, 2048, 2048, 2048, 2048, 2048]",316.0
1208,9078,2,40,2023-05-07T20:35:37.328000+00:00,31.748,35.458,25.975,,185.0,False,93.181,"[None, 2048, 2048, 2048, 2048, 2048, 2049, 2048, 2048]","[2048, 2048, 2048, 2048, 2048, 2048, 2048, 2048, 2048]","[2048, 2048, 2048, 2048, 2048, 2048, 2049]",320.0
1208,9078,11,41,2023-05-07T20:35:41.609000+00:00,30.949,34.964,25.593,214.0,186.0,False,91.506,"[None, 2048, 2048, 2048, 2048, 2048, 2048, 2048, 2048]","[2048, 2048, 2048, 2048, 2048, 2048, 2048, 2048, 2048]","[2048, 2048, 2048, 2048, 2048, 2049, 2049]",311.0
1208,9078,14,41,2023-05-07T20:35:56.562000+00:00,30.785,34.826,25.679,214.0,188.0,False,91.29,"[None, 2048, 2049, 2049, 2049, 2049, 2048, 2048, 2048]","[2048, 2048, 2048, 2048, 2048, 2048, 2048, 2048, 2048]","[2048, 2048, 2048, 2048, 2048, 2048, 2048]",308.0
1208,9078,63,41,2023-05-07T20:36:03.453000+00:00,31.028,34.911,25.841,214.0,187.0,False,91.78,"[None, 2048, 2048, 2049, 2048, 2048, 2048, 2048, 2048]","[2048, 2048, 2048, 2048, 2048, 2048, 2048, 2048, 2048]","[2048, 2048, 2048, 2048, 2048, 2048, 2048]",315.0
1208,9078,55,41,2023-05-07T20:36:05.297000+00:00,31.146,34.836,25.867,216.0,189.0,False,91.849,"[None, 2048, 2049, 2048, 2049, 2048, 2048, 2048, 2048]","[2048, 2048, 2048, 2048, 2048, 2048, 2048, 2048, 2048]","[2048, 2048, 2048, 2048, 2048, 2048, 2048]",312.0
1208,9078,10,41,2023-05-07T20:36:13.453000+00:00,31.184,35.062,25.912,,187.0,False,92.158,"[None, 2048, 2048, 2049, 2048, 2048, 2048, 2048, 2048]","[2048, 2048, 2048, 2048, 2048, 2048, 2048, 2048, 2048]","[2048, 2048, 2048, 2048, 2048, 2048, 2048]",306.0
1208,9078,18,41,2023-05-07T20:36:15.218000+00:00,31.219,35.193,25.835,211.0,187.0,False,92.247,"[None, 2048, 2048, 2049, 2048, 2049, 2048, 2049, 2048]","[2048, 2048, 2048, 2048, 2048, 2048, 2048, 2049, 2048]","[2048, 2048, 2048, 2048, 2048, 2048, 2048]",320.0
1208,9078,16,41,2023-05-07T20:36:17.546000+00:00,31.402,34.841,25.734,216.0,187.0,False,91.977,"[None, 2048, 2048, 2048, 2049, 2048, 2048, 2048, 2048]","[2048, 2048, 2048, 2048, 2048, 2049, 2048, 2048, 2048]","[2048, 2048, 2048, 2049, 2048, 2048, 2048]",314.0
1208,9078,20,41,2023-05-07T20:36:19.640000+00:00,31.475,35.3,25.903,212.0,184.0,False,92.678,"[None, 2048, 2048, 2048, 2048, 2049, 2048, 2048, 2048]","[2048, 2048, 2048, 2048, 2048, 2048, 2048, 2048, 2048]","[2048, 2048, 2048, 2048, 2048, 2048]",314.0
1208,9078,44,41,2023-05-07T20:36:24.421000+00:00,30.678,34.878,25.813,213.0,188.0,False,91.369,"[None, 2049, 2048, 2051, 2048, 2048, 2049, 2049, 2048]","[2048, 2048, 2048, 2048, 2048, 2048, 2048, 2048, 2048]","[2048, 2048, 2048, 2048, 2048, 2048, 2048]",309.0
1208,9078,31,41,2023-05-07T20:36:25.515000+00:00,31.186,34.949,25.675,216.0,189.0,False,91.81,"[2048, 2048, 2048, 2049, 2048, 2048, 2048, 2049, 2048]","[2048, 2048, 2048, 2048, 2048, 2048, 2048, 2048, 2048]","[2049, 2048, 2048, 2048, 2049, 2048, 2048]",314.0
1208,9078,77,41,2023-05-07T20:36:27.015000+00:00,31.321,35.396,26.06,215.0,187.0,False,92.777,"[None, 2048, 2048, 2048, 2048, 2049, 2048, 2048, 2048]","[2048, 2048, 2048, 2048, 2048, 2048, 2048, 2048, 2048]","[2048, 2048, 2048, 2048, 2048, 2048]",312.0
1208,9078,23,41,2023-05-07T20:36:28.390000+00:00,31.554,35.099,25.733,210.0,186.0,False,92.386,"[None, 2048, 2048, 2048, 2048, 2048, 2048, 2048, 2048]","[2048, 2048, 2048, 2048, 2048, 2048, 2048, 2048, 2048]","[2049, 2048, 2048, 2048, 2048, 2048, 2049]",312.0
1208,9078,22,41,2023-05-07T20:36:29.327000+00:00,31.489,34.933,25.872,214.0,188.0,False,92.294,"[None, 2048, 2048, 2048, 2048, 2048, 2048, 2048, 2048]","[2048, 2048, 2048, 2048, 2048, 2048, 2048, 2048, 2048]","[2048, 2048, 2048, 2048, 2048, 2048, 2048]",316.0
1208,9078,27,41,2023-05-07T20:36:31.171000+00:00,31.3,35.184,25.692,216.0,187.0,False,92.176,"[None, 2048, 2048, 2048, 2048, 2048, 2049, 2048, 2048]","[2048, 2048, 2048, 2048, 2048, 2048, 2048, 2048, 2048]","[2048, 2048, 2048, 2048, 2048, 2048, 2048]",319.0
1208,9078,4,41,2023-05-07T20:36:34.999000+00:00,31.418,35.352,26.027,212.0,186.0,False,92.797,"[None, 2048, 2048, 2048, 2048, 2049, 2049, 2049, 2048]","[2048, 2048, 2048, 2048, 2048, 2048, 2048, 2048, 2048]","[2048, 2048, 2048, 2048, 2048, 2048, 2049]",292.0
1208,9078,24,41,2023-05-07T20:36:38.734000+00:00,31.199,35.173,25.872,,187.0,False,92.244,"[None, 2048, 2048, 2048, 2048, 2048, 2048, 2048, 2048]","[2048, 2048, 2048, 2048, 2048, 2048, 2048, 2048, 2048]","[2049, 2048, 2048, 2048, 2048, 2048, 2048]",313.0
1208,9078,21,41,2023-05-07T20:36:46.124000+00:00,31.252,35.354,26.052,,184.0,False,92.658,"[None, 2048, 2048, 2048, 2048, 2048, 2049, 2048, 2048]","[2048, 2048, 2048, 2048, 2048, 2048, 2048, 2048, 2048]","[2048, 2048, 2048, 2048, 2048, 2048, 2048]",312.0
1208,9078,1,42,2023-05-07T20:36:55.015000+00:00,30.861,34.716,25.545,217.0,189.0,False,91.122,"[None, 2048, 2048, 2048, 2048, 2049, 2048, 2048, 2048]","[2048, 2048, 2048, 2048, 2048, 2048, 2048, 2048, 2048]","[2049, 2048, 2048, 2049, 2048, 2049]",317.0
1208,9078,81,41,2023-05-07T20:36:58.218000+00:00,31.475,35.329,26.198,214.0,188.0,False,93.002,"[None, 2048, 2048, 2049, 2048, 2048, 2048, 2048, 2048]","[2048, 2048, 2048, 2048, 2048, 2048, 2048, 2048, 2048]","[2049, 2048, 2048, 2048, 2048, 2048]",292.0
1208,9078,2,41,2023-05-07T20:37:10.546000+00:00,31.838,35.177,27.061,213.0,187.0,False,94.076,"[None, 2048, 2048, 2048, 2048, 2048, 2048, 2048, 2048]","[2048, 2048, 2048, 2048, 2048, 2048, 2048, 2048, 2048]","[2049, 2048, 2048, 2048, 2048, 2048, 2048]",319.0
1208,9078,11,42,2023-05-07T20:37:13.139000+00:00,30.928,34.79,25.596,,188.0,False,91.314,"[None, 2048, 2048, 2049, 2048, 2048, 2048, 2048, 2048]","[2048, 2049, 2048, 2048, 2048, 2048, 2048, 2048, 2048]","[2049, 2049, 2048, 2048, 2048, 2048, 2049]",315.0
1208,9078,14,42,2023-05-07T20:37:27.858000+00:00,30.914,34.734,25.614,215.0,188.0,False,91.262,"[None, 2048, 2048, 2048, 2048, 2048, 2049, 2048, 2048]","[2048, 2048, 2048, 2048, 2048, 2048, 2048, 2048, 2048]","[2049, 2048, 2048, 2048, 2048, 2048]",317.0
1208,9078,63,42,2023-05-07T20:37:35.233000+00:00,30.989,34.733,25.759,215.0,188.0,False,91.481,"[None, 2048, 2049, 2049, 2048, 2048, 2048, 2048, 2048]","[2048, 2048, 2048, 2048, 2048, 2049, 2048, 2048, 2048]","[2048, 2048, 2048, 2048, 2049, 2048, 2048]",315.0
1208,9078,55,42,2023-05-07T20:37:37.155000+00:00,31.11,34.968,25.864,214.0,188.0,False,91.942,"[None, 2048, 2048, 2048, 2048, 2048, 2049, 2048, 2048]","[2048, 2048, 2048, 2048, 2048, 2048, 2048, 2048, 2048]","[2048, 2048, 2048, 2048, 2048, 2048, 2048]",312.0
1208,9078,10,42,2023-05-07T20:37:45.655000+00:00,31.267,34.985,25.937,216.0,188.0,False,92.189,"[None, 2048, 2048, 2048, 2048, 2048, 2049, 2049, 2048]","[2048, 2048, 2048, 2048, 2048, 2048, 2048, 2048, 2048]","[2049, 2048, 2048, 2048, 2048, 2048, 2048]",298.0
1208,9078,18,42,2023-05-07T20:37:47.592000+00:00,31.29,35.111,30.855,212.0,188.0,False,97.256,"[None, 2049, 2048, 2048, 2048, 2049, 2048, 2048, 2048]","[2048, 2048, 2048, 2048, 2048, 2048, 2048, 2049, 2048]","[2048, 2048, 2048, 2048, 2048, 2048, 2064]",322.0
1208,9078,16,42,2023-05-07T20:37:49.608000+00:00,31.287,34.749,25.732,215.0,188.0,False,91.768,"[None, 2048, 2049, 2048, 2048, 2049, 2048, 2048, 2048]","[2048, 2048, 2048, 2048, 2048, 2048, 2048, 2048, 2048]","[2048, 2048, 2048, 2048, 2048, 2048]",313.0
1208,9078,20,42,2023-05-07T20:37:52.420000+00:00,31.435,35.182,25.839,,185.0,False,92.456,"[None, 2048, 2048, 2048, 2048, 2048, 2048, 2048, 2048]","[2048, 2048, 2048, 2048, 2048, 2048, 2048, 2048, 2048]","[2048, 2048, 2048, 2048, 2048, 2048, 2048]",315.0
1208,9078,44,42,2023-05-07T20:37:55.920000+00:00,31.165,34.796,25.768,,188.0,False,91.729,"[None, 2049, 2048, 2048, 2048, 2048, 2048, 2048, 2048]","[2048, 2048, 2048, 2048, 2048, 2048, 2048, 2048, 2048]","[2048, 2048, 2048, 2048, 2048, 2048, 2048]",317.0
1208,9078,31,42,2023-05-07T20:37:57.014000+00:00,31.227,34.873,25.608,214.0,189.0,False,91.708,"[None, 2048, 2049, 2048, 2048, 2049, 2049, 2048, 2048]","[2048, 2048, 2048, 2048, 2048, 2048, 2048, 2048, 2048]","[2048, 2048, 2048, 2048, 2049, 2049]",315.0
1208,9078,77,42,2023-05-07T20:37:59.795000+00:00,31.246,35.115,25.855,216.0,188.0,False,92.216,"[None, 2049, 2048, 2048, 2049, 2048, 2048, 2048, 2048]","[2048, 2048, 2048, 2048, 2048, 2048, 2048, 2048, 2048]","[2048, 2048, 2048, 2048, 2048, 2048, 2048]",310.0
1208,9078,23,42,2023-05-07T20:38:00.483000+00:00,31.907,35.085,25.824,212.0,185.0,False,92.816,"[2049, 2048, 2048, 2048, 2048, 2048, 2048, 2048, 2048]","[2048, 2048, 2048, 2048, 2048, 2048, 2048, 2048, 2048]","[2048, 2048, 2048, 2048, 2048, 2048, 2048]",324.0
1208,9078,22,42,2023-05-07T20:38:01.609000+00:00,31.569,35.09,25.702,215.0,184.0,False,92.361,"[None, 2049, 2048, 2048, 2048, 2048, 2048, 2048, 2048]","[2048, 2049, 2048, 2048, 2048, 2048, 2048, 2048, 2048]","[2048, 2048, 2048, 2048, 2048, 2048, 2049]",323.0
1208,9078,27,42,2023-05-07T20:38:03.295000+00:00,31.445,35.161,25.746,213.0,187.0,False,92.352,"[None, 2048, 2048, 2048, 2048, 2048, 2048, 2048, 2048]","[2048, 2048, 2048, 2048, 2048, 2048, 2048, 2048, 2048]","[2048, 2048, 2048, 2048, 2048, 2048]",320.0
1208,9078,4,42,2023-05-07T20:38:07.795000+00:00,31.387,35.426,26.167,211.0,186.0,False,92.98,"[None, 2048, 2048, 2049, 2048, 2048, 2048, 2048, 2048]","[2048, 2048, 2048, 2048, 2048, 2048, 2048, 2048, 2048]","[2048, 2048, 2048, 2048, 2048, 2048, 2049]",289.0
1208,9078,24,42,2023-05-07T20:38:10.967000+00:00,31.29,35.2,25.853,214.0,186.0,False,92.343,"[None, 2048, 2048, 2048, 2048, 2048, 2048, 2048, 2048]","[2048, 2048, 2048, 2048, 2048, 2048, 2048, 2048, 2048]","[2049, 2048, 2048, 2048, 2048, 2048, 2048]",314.0
1208,9078,21,42,2023-05-07T20:38:18.779000+00:00,31.343,35.298,25.999,211.0,186.0,False,92.64,"[None, 2048, 2048, 2048, 2048, 2048, 2049, 2048, 2048]","[2048, 2048, 2048, 2048, 2048, 2048, 2048, 2048, 2048]","[2048, 2048, 2048, 2048, 2048, 2048, 2048]",312.0
1208,9078,1,43,2023-05-07T20:38:26.123000+00:00,30.87,34.54,25.578,216.0,189.0,False,90.988,"[None, 2048, 2048, 2048, 2048, 2048, 2048, 2048, 2048]","[2048, 2048, 2048, 2048, 2048, 2048, 2048, 2048, 2049]","[2049, 2048, 2048, 2048, 2048, 2048, 2048]",318.0
1208,9078,81,42,2023-05-07T20:38:31.248000+00:00,31.31,35.411,26.139,,187.0,False,92.86,"[None, 2048, 2048, 2048, 2048, 2049, 2049, 2049, 2048]","[2048, 2048, 2048, 2048, 2048, 2048, 2048, 2048, 2048]","[2048, 2048, 2048, 2048, 2048, 2049, 2049]",298.0
1208,9078,11,43,2023-05-07T20:38:44.435000+00:00,30.749,34.792,25.673,210.0,187.0,False,91.214,"[2049, 2048, 2048, 2049, 2051, 2048, 2048, 2048, 2048]","[2048, 2048, 2048, 2048, 2048, 2048, 2048, 2048, 2048]","[2048, 2048, 2048, 2048, 2048, 2048, 2048]",311.0
1208,9078,2,42,2023-05-07T20:38:44.623000+00:00,32.299,35.193,26.031,211.0,186.0,False,93.523,"[None, 2048, 2048, 2048, 2048, 2048, 2048, 2048, 2048]","[2048, 2049, 2048, 2048, 2048, 2048, 2048, 2048, 2048]","[2048, 2048, 2048, 2048, 2048, 2048, 2049]",319.0
1208,9078,14,43,2023-05-07T20:38:59.107000+00:00,30.707,34.827,25.678,212.0,187.0,False,91.212,"[None, 2048, 2049, 2048, 2048, 2048, 2049, 2051, 2048]","[2048, 2048, 2048, 2048, 2048, 2048, 2049, 2048, 2048]","[2048, 2048, 2048, 2048, 2049, 2048]",318.0
1208,9078,63,43,2023-05-07T20:39:06.732000+00:00,30.955,34.745,25.856,213.0,188.0,False,91.556,"[None, 2048, 2048, 2048, 2048, 2048, 2048, 2048, 2048]","[2048, 2048, 2048, 2048, 2048, 2049, 2048, 2048, 2048]","[2048, 2048, 2048, 2048, 2048, 2048, 2048]",316.0
1208,9078,55,43,2023-05-07T20:39:09.091000+00:00,31.24,34.649,25.838,218.0,188.0,False,91.727,"[None, 2048, 2048, 2048, 2048, 2049, 2048, 2048, 2048]","[2049, 2048, 2048, 2048, 2048, 2048, 2048, 2048, 2048]","[2048, 2048, 2048, 2048, 2048, 2048, 2048]",313.0
1208,9078,10,43,2023-05-07T20:39:17.857000+00:00,31.261,35.024,25.863,213.0,187.0,False,92.148,"[None, 2048, 2048, 2048, 2048, 2048, 2048, 2048, 2048]","[2048, 2048, 2048, 2048, 2048, 2048, 2048, 2048, 2048]","[2048, 2048, 2048, 2048, 2048, 2048, 2048]",301.0
1208,9078,16,43,2023-05-07T20:39:21.279000+00:00,31.103,34.734,25.74,213.0,186.0,False,91.577,"[None, 2048, 2048, 2049, 2048, 2049, 2049, 2048, 2048]","[2048, 2048, 2048, 2048, 2048, 2049, 2048, 2048, 2048]","[2048, 2048, 2048, 2048, 2048, 2048]",312.0
1208,9078,18,43,2023-05-07T20:39:24.779000+00:00,46.251,34.552,25.666,215.0,190.0,True,106.469,"[2064, 2064, 2064, 2048, 2048, 2048, 2049, 2049, 2049]","[2049, 2048, 2048, 2048, 2048, 2049, 2049, 2049, 2049]","[2049, 2048, 2048, 2048, 2049, 2048, 2048]",313.0
1208,9078,20,43,2023-05-07T20:39:25.013000+00:00,31.353,35.246,25.917,213.0,186.0,False,92.516,"[None, 2048, 2048, 2048, 2048, 2048, 2048, 2049, 2048]","[2048, 2048, 2048, 2048, 2048, 2048, 2048, 2048, 2048]","[2048, 2048, 2048, 2048, 2048, 2048]",314.0
1208,9078,44,43,2023-05-07T20:39:27.638000+00:00,31.234,34.816,25.667,214.0,189.0,False,91.717,"[None, 2048, 2048, 2048, 2048, 2048, 2048, 2048, 2048]","[2048, 2048, 2048, 2048, 2048, 2048, 2048, 2048, 2048]","[2048, 2048, 2048, 2048, 2048, 2048]",318.0
1208,9078,31,43,2023-05-07T20:39:28.763000+00:00,31.229,34.907,25.618,216.0,189.0,False,91.754,"[None, 2048, 2048, 2048, 2048, 2048, 2048, 2048, 2048]","[2049, 2048, 2048, 2048, 2048, 2048, 2048, 2048, 2048]","[2049, 2048, 2048, 2048, 2049, 2048]",316.0
1208,9078,77,43,2023-05-07T20:39:32.013000+00:00,31.309,35.119,25.92,218.0,189.0,False,92.348,"[None, 2048, 2048, 2048, 2048, 2048, 2048, 2048, 2048]","[2049, 2048, 2048, 2048, 2048, 2048, 2048, 2048, 2048]","[2049, 2048, 2048, 2048, 2048, 2048]",309.0
1208,9078,23,43,2023-05-07T20:39:33.263000+00:00,31.469,35.12,25.867,213.0,186.0,False,92.456,"[2048, 2048, 2048, 2048, 2049, 2048, 2048, 2049, 2048]","[2048, 2049, 2048, 2048, 2048, 2048, 2048, 2048, 2048]","[2048, 2048, 2048, 2048, 2048, 2048]",319.0
1208,9078,22,43,2023-05-07T20:39:33.966000+00:00,31.636,34.92,25.704,,187.0,False,92.26,"[None, 2048, 2048, 2048, 2048, 2048, 2048, 2048, 2048]","[2049, 2049, 2048, 2048, 2048, 2048, 2048, 2048, 2048]","[2049, 2049, 2048, 2048, 2048, 2048]",326.0
1208,9078,27,43,2023-05-07T20:39:35.669000+00:00,31.282,34.961,25.654,216.0,188.0,False,91.897,"[None, 2048, 2048, 2048, 2048, 2048, 2048, 2048, 2048]","[2049, 2048, 2048, 2048, 2048, 2048, 2048, 2048, 2048]","[2048, 2048, 2048, 2048, 2048, 2048]",324.0
1208,9078,4,43,2023-05-07T20:39:40.763000+00:00,31.396,35.345,25.986,,186.0,False,92.727,"[None, 2048, 2049, 2048, 2048, 2048, 2048, 2048, 2048]","[2049, 2048, 2048, 2048, 2048, 2048, 2048, 2048, 2048]","[2049, 2048, 2048, 2048, 2048, 2049, 2049]",292.0
1208,9078,24,43,2023-05-07T20:39:43.310000+00:00,31.284,35.041,25.762,217.0,186.0,False,92.087,"[None, 2048, 2048, 2048, 2048, 2048, 2048, 2048, 2048]","[2049, 2049, 2048, 2048, 2048, 2048, 2048, 2048, 2048]","[2049, 2048, 2048, 2048, 2048, 2048, 2049]",315.0
1208,9078,21,43,2023-05-07T20:39:51.435000+00:00,31.164,35.228,25.957,212.0,186.0,False,92.349,"[None, 2048, 2048, 2049, 2048, 2048, 2049, 2048, 2048]","[2048, 2048, 2048, 2048, 2048, 2049, 2048, 2048, 2048]","[2049, 2048, 2048, 2048, 2048, 2048]",312.0
1208,9078,1,44,2023-05-07T20:39:57.122000+00:00,30.942,34.532,25.582,217.0,189.0,False,91.056,"[None, 2048, 2048, 2048, 2048, 2048, 2048, 2048, 2048]","[2049, 2049, 2048, 2048, 2048, 2048, 2048, 2049, 2048]","[2049, 2048, 2048, 2048, 2048, 2048, 2049]",312.0
1208,9078,81,43,2023-05-07T20:40:04.091000+00:00,31.168,35.268,26.199,215.0,187.0,False,92.635,"[None, 2048, 2049, 2049, 2048, 2049, 2049, 2049, 2048]","[2049, 2048, 2048, 2048, 2048, 2048, 2048, 2048, 2048]","[2048, 2048, 2048, 2048, 2048, 2048]",290.0
1208,9078,11,44,2023-05-07T20:40:15.622000+00:00,30.68,34.62,25.597,213.0,187.0,False,90.897,"[2048, 2048, 2048, 2048, 2048, 2051, 2051, 2048, 2048]","[2048, 2048, 2048, 2048, 2048, 2049, 2048, 2048, 2048]","[2048, 2048, 2048, 2048, 2048, 2048]",311.0
1208,9078,2,43,2023-05-07T20:40:18.122000+00:00,31.665,35.751,25.962,,184.0,False,93.378,"[None, 2048, 2048, 2048, 2049, 2049, 2049, 2048, 2048]","[2048, 2049, 2048, 2048, 2048, 2048, 2048, 2048, 2048]","[2048, 2048, 2048, 2048, 2048, 2048, 2048]",318.0
1208,9078,14,44,2023-05-07T20:40:30.325000+00:00,31.11,34.929,25.721,213.0,189.0,False,91.76,"[None, 2048, 2048, 2048, 2048, 2048, 2048, 2048, 2048]","[2048, 2048, 2048, 2048, 2048, 2048, 2048, 2048, 2048]","[2049, 2048, 2048, 2048, 2048, 2048, 2048]",310.0
1208,9078,63,44,2023-05-07T20:40:38.293000+00:00,30.975,34.869,25.857,214.0,187.0,False,91.701,"[None, 2048, 2048, 2049, 2049, 2048, 2048, 2048, 2048]","[2048, 2048, 2048, 2048, 2048, 2048, 2049, 2048, 2048]","[2048, 2048, 2048, 2048, 2048, 2048, 2048]",306.0
1208,9078,55,44,2023-05-07T20:40:40.778000+00:00,31.171,34.724,25.739,214.0,188.0,False,91.634,"[None, 2048, 2048, 2048, 2048, 2048, 2048, 2048, 2048]","[2048, 2048, 2048, 2048, 2048, 2048, 2048, 2048, 2048]","[2048, 2048, 2048, 2048, 2049, 2048]",313.0
1208,9078,10,44,2023-05-07T20:40:50.012000+00:00,31.145,35.049,25.949,214.0,188.0,False,92.143,"[None, 2048, 2048, 2049, 2048, 2048, 2049, 2048, 2048]","[2048, 2048, 2048, 2048, 2048, 2048, 2049, 2048, 2048]","[2049, 2048, 2048, 2048, 2048, 2048, 2048]",298.0
1208,9078,16,44,2023-05-07T20:40:53.262000+00:00,31.145,34.882,25.804,216.0,187.0,False,91.831,"[None, 2048, 2048, 2048, 2048, 2049, 2048, 2048, 2048]","[2048, 2048, 2048, 2048, 2048, 2048, 2048, 2048, 2048]","[2048, 2048, 2048, 2048, 2048, 2048, 2048]",314.0
1208,9078,20,44,2023-05-07T20:40:57.262000+00:00,31.313,35.162,25.817,214.0,185.0,False,92.292,"[None, 2048, 2048, 2048, 2048, 2048, 2048, 2048, 2048]","[2048, 2048, 2048, 2048, 2048, 2048, 2048, 2048, 2048]","[2048, 2048, 2048, 2048, 2048, 2048]",314.0
1208,9078,44,44,2023-05-07T20:40:59.246000+00:00,30.96,34.807,25.624,213.0,188.0,False,91.391,"[None, 2048, 2048, 2048, 2049, 2048, 2048, 2048, 2048]","[2048, 2048, 2048, 2048, 2048, 2048, 2048, 2048, 2048]","[2048, 2048, 2048, 2048, 2048, 2048, 2048]",324.0
1208,9078,31,44,2023-05-07T20:41:00.387000+00:00,31.142,34.771,25.541,215.0,188.0,False,91.454,"[None, 2048, 2048, 2049, 2049, 2048, 2048, 2048, 2048]","[2048, 2048, 2048, 2048, 2048, 2048, 2048, 2048, 2048]","[2048, 2048, 2048, 2049, 2048, 2048, 2048]",317.0
1208,9078,77,44,2023-05-07T20:41:04.309000+00:00,31.264,34.927,25.888,217.0,187.0,False,92.079,"[None, 2048, 2048, 2048, 2049, 2048, 2048, 2048, 2048]","[2048, 2048, 2048, 2048, 2048, 2048, 2048, 2049, 2048]","[2048, 2048, 2048, 2048, 2048, 2048, 2048]",305.0
1208,9078,23,44,2023-05-07T20:41:05.637000+00:00,31.256,34.926,25.814,212.0,185.0,False,91.996,"[None, 2048, 2048, 2049, 2051, 2048, 2048, 2048, 2048]","[2048, 2048, 2048, 2048, 2048, 2048, 2048, 2048, 2048]","[2048, 2048, 2048, 2048, 2048, 2048]",324.0
1208,9078,22,44,2023-05-07T20:41:06.152000+00:00,31.658,34.759,25.666,213.0,187.0,False,92.083,"[None, 2048, 2048, 2048, 2048, 2049, 2048, 2048, 2048]","[2048, 2048, 2048, 2048, 2048, 2048, 2048, 2048, 2048]","[2048, 2048, 2048, 2048, 2048, 2048, 2048]",323.0
1208,9078,27,44,2023-05-07T20:41:07.449000+00:00,31.407,34.904,25.664,215.0,187.0,False,91.975,"[None, 2048, 2048, 2048, 2048, 2048, 2049, 2048, 2048]","[2048, 2048, 2048, 2048, 2048, 2048, 2048, 2048, 2048]","[2048, 2048, 2048, 2048, 2048, 2048, 2048]",324.0
1208,9078,18,44,2023-05-07T20:41:11.262000+00:00,30.773,34.542,25.547,,189.0,False,90.862,"[2048, 2048, 2049, 2049, 2048, 2049, 2049, 2049, 2049]","[2048, 2048, 2048, 2048, 2048, 2048, 2048, 2049, 2048]","[2048, 2048, 2048, 2049, 2048, 2049]",324.0
1208,9078,4,44,2023-05-07T20:41:13.496000+00:00,31.487,35.275,26.044,210.0,184.0,False,92.806,"[None, 2048, 2048, 2048, 2048, 2048, 2048, 2048, 2048]","[2048, 2048, 2048, 2048, 2048, 2048, 2048, 2048, 2048]","[2048, 2048, 2048, 2048, 2048, 2048, 2048]",297.0
1208,9078,24,44,2023-05-07T20:41:15.434000+00:00,31.312,35.194,25.896,215.0,187.0,False,92.402,"[None, 2048, 2048, 2048, 2049, 2048, 2048, 2048, 2048]","[2048, 2048, 2048, 2048, 2048, 2048, 2048, 2048, 2048]","[2049, 2048, 2048, 2048, 2048, 2048]",314.0
1208,9078,21,44,2023-05-07T20:41:23.793000+00:00,31.438,35.371,26.097,209.0,186.0,False,92.906,"[None, 2048, 2048, 2048, 2048, 2048, 2048, 2048, 2048]","[2048, 2048, 2048, 2048, 2048, 2048, 2048, 2048, 2048]","[2049, 2048, 2048, 2048, 2048, 2048]",313.0
1208,9078,1,45,2023-05-07T20:41:28.215000+00:00,30.86,34.777,30.219,215.0,188.0,False,95.856,"[None, 2048, 2048, 2048, 2048, 2048, 2048, 2048, 2048]","[2048, 2048, 2048, 2048, 2048, 2048, 2048, 2048, 2048]","[2049, 2048, 2048, 2049, 2048, 2048, 2064]",319.0
1208,9078,81,44,2023-05-07T20:41:36.730000+00:00,31.404,35.469,26.394,,187.0,False,93.267,"[None, 2048, 2048, 2048, 2049, 2048, 2048, 2048, 2048]","[2048, 2048, 2048, 2048, 2048, 2048, 2048, 2048, 2048]","[2049, 2048, 2048, 2048, 2048, 2049, 2048]",297.0
1208,9078,11,45,2023-05-07T20:41:46.496000+00:00,30.749,34.875,25.667,210.0,185.0,False,91.291,"[None, 2048, 2048, 2048, 2049, 2051, 2048, 2048, 2048]","[2048, 2048, 2048, 2048, 2048, 2048, 2048, 2048, 2048]","[2048, 2048, 2048, 2048, 2048, 2048, 2048]",313.0
1208,9078,2,44,2023-05-07T20:41:51.511000+00:00,31.466,35.084,26.04,215.0,184.0,False,92.59,"[None, 2049, 2049, 2048, 2049, 2048, 2048, 2048, 2048]","[2049, 2048, 2048, 2048, 2048, 2048, 2048, 2048, 2048]","[2048, 2048, 2048, 2048, 2048, 2048, 2049]",322.0
1208,9078,14,45,2023-05-07T20:42:02.121000+00:00,31.071,34.776,25.754,214.0,188.0,False,91.601,"[None, 2048, 2048, 2048, 2048, 2048, 2048, 2048, 2048]","[2048, 2048, 2048, 2048, 2048, 2048, 2048, 2049, 2048]","[2048, 2048, 2048, 2048, 2048, 2048, 2048]",303.0
1208,9078,63,45,2023-05-07T20:42:10.011000+00:00,31.124,35.039,25.879,213.0,188.0,False,92.042,"[None, 2048, 2048, 2048, 2048, 2048, 2048, 2048, 2048]","[2048, 2048, 2048, 2048, 2048, 2048, 2048, 2048, 2048]","[2048, 2048, 2048, 2048, 2048, 2048, 2048]",310.0
1208,9078,55,45,2023-05-07T20:42:12.433000+00:00,31.069,34.789,25.861,,188.0,False,91.719,"[None, 2048, 2048, 2048, 2048, 2049, 2048, 2048, 2048]","[2048, 2048, 2048, 2048, 2048, 2048, 2049, 2048, 2048]","[2048, 2048, 2048, 2048, 2048, 2048, 2048]",313.0
1208,9078,10,45,2023-05-07T20:42:22.136000+00:00,31.15,34.973,26.097,,187.0,False,92.22,"[None, 2048, 2048, 2048, 2048, 2049, 2049, 2048, 2048]","[2048, 2048, 2048, 2048, 2048, 2048, 2049, 2048, 2048]","[2048, 2048, 2048, 2048, 2048, 2048]",301.0
1208,9078,16,45,2023-05-07T20:42:24.792000+00:00,31.214,34.706,25.763,217.0,186.0,False,91.683,"[None, 2048, 2048, 2048, 2048, 2048, 2048, 2049, 2048]","[2048, 2048, 2048, 2048, 2048, 2048, 2049, 2049, 2048]","[2048, 2048, 2048, 2048, 2048, 2048, 2048]",314.0
1208,9078,20,45,2023-05-07T20:42:29.652000+00:00,31.227,35.025,25.868,210.0,185.0,False,92.12,"[None, 2048, 2048, 2048, 2048, 2048, 2049, 2048, 2048]","[2048, 2048, 2048, 2048, 2048, 2048, 2049, 2048, 2048]","[2048, 2048, 2048, 2048, 2048, 2048, 2048]",315.0
1208,9078,44,45,2023-05-07T20:42:30.714000+00:00,31.215,34.753,25.425,215.0,188.0,False,91.393,"[None, 2048, 2048, 2048, 2048, 2048, 2048, 2048, 2048]","[2048, 2048, 2048, 2048, 2048, 2048, 2048, 2048, 2048]","[2048, 2048, 2048, 2048, 2048, 2048, 2049]",337.0
1208,9078,31,45,2023-05-07T20:42:31.917000+00:00,31.171,34.778,25.617,216.0,188.0,False,91.566,"[None, 2048, 2048, 2048, 2048, 2048, 2048, 2049, 2048]","[2048, 2048, 2048, 2048, 2048, 2049, 2049, 2048, 2048]","[2048, 2048, 2048, 2048, 2048, 2048]",318.0
1208,9078,77,45,2023-05-07T20:42:36.433000+00:00,31.303,35.004,25.962,216.0,188.0,False,92.269,"[None, 2048, 2048, 2048, 2048, 2048, 2048, 2048, 2048]","[2048, 2048, 2048, 2048, 2048, 2048, 2048, 2048, 2048]","[2048, 2048, 2048, 2048, 2048, 2048]",309.0
1208,9078,23,45,2023-05-07T20:42:37.745000+00:00,31.524,35.013,25.832,214.0,186.0,False,92.369,"[None, 2048, 2048, 2048, 2048, 2048, 2048, 2048, 2048]","[2048, 2048, 2048, 2048, 2048, 2048, 2048, 2048, 2048]","[2048, 2048, 2048, 2048, 2048, 2048, 2048]",324.0
1208,9078,22,45,2023-05-07T20:42:38.323000+00:00,31.668,34.94,25.585,215.0,186.0,False,92.193,"[None, 2048, 2048, 2048, 2048, 2048, 2048, 2048, 2048]","[2048, 2048, 2048, 2048, 2048, 2048, 2048, 2048, 2048]","[2048, 2048, 2048, 2048, 2048, 2048, 2048]",331.0
1208,9078,27,45,2023-05-07T20:42:39.526000+00:00,31.352,34.964,25.638,,187.0,False,91.954,"[None, 2048, 2048, 2048, 2049, 2048, 2048, 2048, 2048]","[2048, 2048, 2048, 2048, 2048, 2048, 2048, 2048, 2048]","[2048, 2048, 2048, 2048, 2048, 2048, 2048]",335.0
1208,9078,18,45,2023-05-07T20:42:42.105000+00:00,30.98,34.768,25.609,,188.0,False,91.357,"[None, 2049, 2048, 2048, 2048, 2048, 2048, 2048, 2048]","[2048, 2048, 2048, 2048, 2048, 2048, 2048, 2048, 2048]","[2048, 2048, 2048, 2048, 2048, 2048, 2048]",323.0
1208,9078,4,45,2023-05-07T20:42:46.308000+00:00,31.462,35.107,25.987,211.0,185.0,False,92.556,"[None, 2048, 2048, 2048, 2049, 2048, 2048, 2048, 2048]","[2048, 2048, 2048, 2048, 2048, 2048, 2048, 2048, 2048]","[2048, 2048, 2048, 2048, 2048, 2048, 2048]",296.0
1208,9078,24,45,2023-05-07T20:42:47.839000+00:00,31.404,35.078,25.828,,187.0,False,92.31,"[None, 2048, 2048, 2048, 2049, 2048, 2048, 2048, 2048]","[2048, 2048, 2048, 2048, 2048, 2048, 2048, 2048, 2048]","[2048, 2048, 2048, 2048, 2048, 2048]",317.0
1208,9078,21,45,2023-05-07T20:42:56.667000+00:00,31.465,35.446,25.988,212.0,186.0,False,92.899,"[None, 2048, 2048, 2048, 2048, 2048, 2048, 2048, 2048]","[2048, 2048, 2048, 2048, 2048, 2048, 2048, 2048, 2048]","[2048, 2048, 2048, 2048, 2048, 2048]",313.0
1208,9078,1,46,2023-05-07T20:43:03.995000+00:00,46.323,34.402,25.398,218.0,191.0,True,106.123,"[2064, 2064, 2064, 2048, 2048, 2048, 2048, 2048, 2049]","[2048, 2048, 2048, 2048, 2048, 2049, 2049, 2048, 2049]","[2049, 2048, 2048, 2048, 2049, 2049, 2048]",315.0
1208,9078,81,45,2023-05-07T20:43:09.995000+00:00,31.597,35.566,26.274,216.0,187.0,False,93.437,"[None, 2048, 2048, 2048, 2048, 2048, 2048, 2048, 2048]","[2048, 2048, 2048, 2048, 2048, 2048, 2048, 2048, 2048]","[2048, 2048, 2048, 2048, 2048, 2048]",291.0
1208,9078,11,46,2023-05-07T20:43:17.854000+00:00,30.903,34.98,25.676,214.0,188.0,False,91.559,"[None, 2048, 2048, 2048, 2048, 2048, 2048, 2048, 2048]","[2048, 2049, 2048, 2048, 2048, 2048, 2048, 2048, 2048]","[2048, 2048, 2048, 2048, 2048, 2048, 2048]",313.0
1208,9078,2,45,2023-05-07T20:43:24.135000+00:00,31.691,35.227,25.783,214.0,184.0,False,92.701,"[None, 2048, 2048, 2048, 2048, 2048, 2048, 2048, 2048]","[2048, 2049, 2048, 2048, 2048, 2048, 2048, 2048, 2048]","[2048, 2048, 2048, 2048, 2048, 2048]",321.0
1208,9078,14,46,2023-05-07T20:43:33.698000+00:00,31.117,34.993,25.807,212.0,189.0,False,91.917,"[None, 2049, 2049, 2048, 2048, 2048, 2048, 2048, 2048]","[2048, 2048, 2048, 2048, 2048, 2048, 2048, 2048, 2048]","[2049, 2048, 2048, 2048, 2048, 2048]",304.0
1208,9078,63,46,2023-05-07T20:43:42.119000+00:00,31.151,34.919,25.866,,188.0,False,91.936,"[None, 2048, 2048, 2048, 2048, 2048, 2048, 2048, 2048]","[2048, 2048, 2048, 2048, 2048, 2048, 2048, 2048, 2048]","[2048, 2048, 2048, 2048, 2048, 2048, 2048]",311.0
1208,9078,55,46,2023-05-07T20:43:44.166000+00:00,31.239,34.845,25.717,215.0,188.0,False,91.801,"[None, 2048, 2048, 2048, 2049, 2049, 2048, 2048, 2048]","[2048, 2048, 2048, 2048, 2048, 2048, 2048, 2048, 2048]","[2049, 2048, 2048, 2048, 2048, 2048, 2048]",314.0
1208,9078,10,46,2023-05-07T20:43:54.416000+00:00,31.218,35.293,26.009,215.0,187.0,False,92.52,"[None, 2048, 2048, 2048, 2048, 2048, 2048, 2048, 2048]","[2048, 2048, 2048, 2048, 2048, 2048, 2048, 2048, 2048]","[2049, 2048, 2048, 2048, 2048, 2048, 2048]",300.0
1208,9078,16,46,2023-05-07T20:43:56.494000+00:00,31.351,34.97,25.784,211.0,187.0,False,92.105,"[None, 2048, 2048, 2048, 2048, 2048, 2048, 2048, 2048]","[2048, 2048, 2048, 2048, 2048, 2048, 2048, 2048, 2048]","[2048, 2048, 2048, 2048, 2048, 2048, 2048]",313.0
1208,9078,20,46,2023-05-07T20:44:01.776000+00:00,31.441,35.914,25.854,214.0,185.0,False,93.209,"[None, 2048, 2048, 2048, 2048, 2048, 2048, 2049, 2048]","[2048, 2048, 2048, 2048, 2048, 2048, 2048, 2048, 2048]","[2048, 2048, 2048, 2048, 2048, 2048, 2048]",316.0
1208,9078,44,46,2023-05-07T20:44:02.151000+00:00,31.492,34.25,25.722,216.0,189.0,False,91.464,"[None, 2048, 2048, 2048, 2048, 2048, 2048, 2048, 2048]","[2049, 2048, 2048, 2048, 2049, 2048, 2048, 2048, 2048]","[2048, 2048, 2048, 2048, 2048, 2048]",318.0
1208,9078,31,46,2023-05-07T20:44:03.510000+00:00,31.364,35.067,25.537,215.0,187.0,False,91.968,"[None, 2048, 2048, 2048, 2048, 2048, 2048, 2048, 2048]","[2048, 2048, 2048, 2048, 2048, 2048, 2048, 2048, 2048]","[2049, 2049, 2048, 2048, 2048, 2048]",334.0
1208,9078,77,46,2023-05-07T20:44:08.713000+00:00,31.37,35.415,25.833,214.0,188.0,False,92.618,"[None, 2048, 2048, 2048, 2048, 2048, 2048, 2048, 2048]","[2048, 2048, 2048, 2048, 2048, 2048, 2048, 2048, 2048]","[2049, 2048, 2048, 2048, 2048, 2048, 2048]",308.0
1208,9078,23,46,2023-05-07T20:44:10.166000+00:00,31.508,34.924,25.987,213.0,185.0,False,92.419,"[None, 2048, 2048, 2048, 2048, 2048, 2048, 2048, 2048]","[2048, 2048, 2048, 2048, 2048, 2048, 2048, 2048, 2048]","[2048, 2048, 2048, 2048, 2048, 2048, 2048]",314.0
1208,9078,22,46,2023-05-07T20:44:10.525000+00:00,31.846,34.906,25.628,216.0,187.0,False,92.38,"[None, 2048, 2048, 2048, 2048, 2048, 2048, 2048, 2048]","[2049, 2048, 2048, 2048, 2048, 2048, 2048, 2048, 2048]","[2049, 2049, 2048, 2048, 2048, 2048, 2049]",331.0
1208,9078,27,46,2023-05-07T20:44:11.510000+00:00,31.63,35.154,25.447,213.0,187.0,False,92.231,"[None, 2048, 2048, 2048, 2048, 2048, 2048, 2048, 2048]","[2048, 2048, 2048, 2048, 2048, 2048, 2048, 2048, 2048]","[2048, 2049, 2048, 2048, 2048, 2048, 2049]",338.0
1208,9078,18,46,2023-05-07T20:44:13.525000+00:00,30.993,34.805,25.501,,188.0,False,91.299,"[None, 2048, 2048, 2048, 2048, 2048, 2048, 2048, 2048]","[2049, 2049, 2048, 2048, 2048, 2048, 2048, 2048, 2048]","[2049, 2048, 2048, 2048, 2048, 2049, 2048]",331.0
1208,9078,4,46,2023-05-07T20:44:18.869000+00:00,31.608,35.322,25.941,210.0,187.0,False,92.871,"[None, 2048, 2048, 2048, 2048, 2048, 2048, 2049, 2048]","[2048, 2048, 2048, 2048, 2048, 2048, 2048, 2048, 2048]","[2049, 2048, 2048, 2048, 2048, 2048]",314.0
1208,9078,24,46,2023-05-07T20:44:20.135000+00:00,31.348,35.177,25.678,214.0,187.0,False,92.203,"[None, 2048, 2048, 2048, 2049, 2048, 2048, 2048, 2048]","[2048, 2048, 2048, 2048, 2048, 2048, 2048, 2048, 2048]","[2049, 2049, 2048, 2048, 2048, 2048, 2049]",328.0
1208,9078,21,46,2023-05-07T20:44:29.572000+00:00,31.364,35.333,25.981,213.0,187.0,False,92.678,"[None, 2048, 2048, 2048, 2048, 2048, 2048, 2048, 2048]","[2048, 2048, 2048, 2048, 2048, 2048, 2048, 2048, 2048]","[2049, 2048, 2048, 2048, 2048, 2049, 2048]",310.0
1208,9078,81,46,2023-05-07T20:44:43.447000+00:00,31.492,35.583,26.242,214.0,186.0,False,93.317,"[None, 2048, 2048, 2048, 2048, 2048, 2048, 2048, 2048]","[2048, 2048, 2048, 2048, 2048, 2048, 2048, 2048, 2048]","[2048, 2048, 2048, 2048, 2048, 2048, 2048]",295.0
1208,9078,11,47,2023-05-07T20:44:49.306000+00:00,30.868,35.079,25.836,215.0,188.0,False,91.783,"[None, 2048, 2048, 2048, 2048, 2048, 2048, 2048, 2048]","[2048, 2048, 2048, 2048, 2048, 2048, 2048, 2048, 2048]","[2048, 2049, 2049, 2048, 2048, 2048, 2048]",306.0
1208,9078,1,47,2023-05-07T20:44:50.166000+00:00,30.89,34.723,25.566,,189.0,False,91.179,"[2048, 2048, 2048, 2048, 2051, 2048, 2048, 2048, 2048]","[2049, 2049, 2048, 2048, 2048, 2048, 2048, 2048, 2048]","[2051, 2051, 2048, 2048, 2048, 2049]",341.0
1208,9078,2,46,2023-05-07T20:44:56.806000+00:00,31.537,35.296,25.957,,186.0,False,92.79,"[None, 2048, 2048, 2048, 2048, 2049, 2049, 2049, 2048]","[2048, 2048, 2048, 2048, 2048, 2048, 2048, 2048, 2048]","[2049, 2048, 2048, 2048, 2048, 2048, 2048]",323.0
1208,9078,14,47,2023-05-07T20:45:05.603000+00:00,31.04,34.911,25.662,215.0,188.0,False,91.613,"[None, 2048, 2048, 2048, 2049, 2048, 2048, 2048, 2048]","[2048, 2048, 2048, 2048, 2048, 2048, 2048, 2048, 2048]","[2048, 2048, 2048, 2048, 2048, 2048, 2048]",301.0
1208,9078,63,47,2023-05-07T20:45:13.978000+00:00,30.988,34.938,25.823,214.0,187.0,False,91.749,"[None, 2048, 2049, 2048, 2048, 2048, 2048, 2048, 2048]","[2048, 2048, 2048, 2048, 2048, 2048, 2048, 2048, 2048]","[2048, 2048, 2048, 2048, 2048, 2048, 2048]",316.0
1208,9078,55,47,2023-05-07T20:45:16.009000+00:00,31.098,34.919,25.725,,188.0,False,91.742,"[None, 2048, 2049, 2048, 2049, 2048, 2048, 2048, 2048]","[2048, 2048, 2048, 2048, 2048, 2048, 2048, 2048, 2048]","[2048, 2048, 2048, 2048, 2048, 2048, 2048]",313.0
1208,9078,10,47,2023-05-07T20:45:26.853000+00:00,31.122,35.126,25.922,217.0,188.0,False,92.17,"[None, 2048, 2048, 2049, 2048, 2048, 2048, 2048, 2048]","[2048, 2048, 2048, 2048, 2048, 2048, 2048, 2048, 2048]","[2049, 2048, 2048, 2048, 2048, 2048, 2048]",301.0
1208,9078,16,47,2023-05-07T20:45:28.621000+00:00,31.385,34.931,25.671,215.0,187.0,False,91.987,"[None, 2048, 2048, 2048, 2048, 2048, 2048, 2048, 2048]","[2048, 2048, 2048, 2048, 2048, 2048, 2048, 2048, 2048]","[2048, 2048, 2048, 2048, 2048, 2048, 2048]",315.0
1208,9078,44,47,2023-05-07T20:45:33.540000+00:00,30.754,34.611,25.752,215.0,187.0,False,91.117,"[None, 2048, 2048, 2048, 2049, 2049, 2049, 2049, 2048]","[2048, 2048, 2048, 2048, 2048, 2048, 2048, 2048, 2048]","[2048, 2048, 2048, 2048, 2048, 2048, 2048]",321.0
1208,9078,20,47,2023-05-07T20:45:34.978000+00:00,31.443,36.292,25.652,211.0,184.0,False,93.387,"[None, 2048, 2048, 2048, 2048, 2048, 2048, 2048, 2048]","[2048, 2048, 2048, 2048, 2049, 2048, 2048, 2048, 2048]","[2048, 2048, 2048, 2048, 2048, 2048]",333.0
1208,9078,31,47,2023-05-07T20:45:35.462000+00:00,31.44,34.947,25.835,217.0,188.0,False,92.222,"[None, 2048, 2048, 2048, 2049, 2048, 2048, 2048, 2048]","[2049, 2049, 2048, 2048, 2048, 2048, 2048, 2048, 2048]","[2048, 2048, 2048, 2048, 2048, 2048, 2048]",314.0
1208,9078,77,47,2023-05-07T20:45:41.321000+00:00,31.142,34.988,25.884,217.0,188.0,False,92.014,"[None, 2048, 2048, 2048, 2048, 2048, 2049, 2049, 2048]","[2048, 2048, 2048, 2048, 2048, 2048, 2048, 2048, 2048]","[2048, 2048, 2048, 2048, 2048, 2048]",309.0
1208,9078,23,47,2023-05-07T20:45:42.509000+00:00,31.382,35.023,26.306,216.0,185.0,False,92.711,"[None, 2048, 2048, 2048, 2048, 2048, 2048, 2048, 2048]","[2049, 2048, 2048, 2048, 2048, 2048, 2048, 2048, 2048]","[2048, 2048, 2048, 2048, 2048, 2048, 2051]",327.0
1208,9078,22,47,2023-05-07T20:45:42.946000+00:00,31.651,34.858,25.615,217.0,187.0,False,92.124,"[None, 2048, 2048, 2048, 2048, 2048, 2048, 2048, 2048]","[2049, 2049, 2048, 2048, 2048, 2048, 2048, 2048, 2048]","[2049, 2049, 2048, 2048, 2048, 2048]",342.0
1208,9078,27,47,2023-05-07T20:45:43.696000+00:00,31.655,35.036,26.152,215.0,185.0,False,92.843,"[2049, 2048, 2048, 2048, 2048, 2048, 2048, 2048, 2048]","[2048, 2048, 2048, 2048, 2048, 2048, 2048, 2048, 2048]","[2048, 2048, 2048, 2048, 2048, 2048, 2049]",333.0
1208,9078,18,47,2023-05-07T20:45:44.868000+00:00,31.206,34.807,25.413,214.0,189.0,False,91.426,"[None, 2048, 2048, 2048, 2048, 2049, 2048, 2048, 2048]","[2049, 2049, 2049, 2048, 2048, 2048, 2048, 2048, 2048]","[2051, 2051, 2051, 2048, 2048, 2048, 2048]",348.0
1208,9078,4,47,2023-05-07T20:45:51.774000+00:00,31.228,35.194,25.979,213.0,187.0,False,92.401,"[None, 2048, 2048, 2048, 2048, 2048, 2051, 2049, 2048]","[2049, 2048, 2048, 2048, 2048, 2048, 2048, 2048, 2048]","[2048, 2048, 2048, 2048, 2048, 2049, 2048]",314.0
1208,9078,24,47,2023-05-07T20:45:52.321000+00:00,31.385,35.163,25.685,215.0,187.0,False,92.233,"[None, 2048, 2048, 2048, 2048, 2048, 2048, 2048, 2048]","[2048, 2048, 2048, 2048, 2048, 2048, 2048, 2048, 2048]","[2049, 2048, 2048, 2048, 2048, 2048, 2049]",332.0
1208,9078,21,47,2023-05-07T20:46:02.259000+00:00,31.336,35.141,25.977,,187.0,False,92.454,"[None, 2048, 2048, 2048, 2048, 2048, 2048, 2048, 2048]","[2048, 2048, 2048, 2048, 2048, 2048, 2048, 2048, 2048]","[2048, 2048, 2048, 2048, 2048, 2048, 2048]",312.0
1208,9078,81,47,2023-05-07T20:46:16.743000+00:00,31.539,35.245,26.18,213.0,187.0,False,92.964,"[None, 2048, 2048, 2048, 2048, 2048, 2048, 2048, 2048]","[2048, 2048, 2048, 2048, 2048, 2048, 2048, 2048, 2048]","[2048, 2048, 2048, 2048, 2048, 2048]",295.0
1208,9078,11,48,2023-05-07T20:46:21.149000+00:00,31.742,34.944,25.648,213.0,186.0,False,92.334,"[None, 2048, 2048, 2048, 2048, 2048, 2048, 2048, 2048]","[2048, 2049, 2049, 2049, 2048, 2048, 2048, 2048, 2048]","[2048, 2049, 2048, 2048, 2048, 2048, 2049]",308.0
1208,9078,1,48,2023-05-07T20:46:21.336000+00:00,30.814,34.343,25.48,,189.0,False,90.637,"[None, 2048, 2048, 2048, 2048, 2048, 2049, 2049, 2049]","[2048, 2048, 2048, 2048, 2048, 2048, 2048, 2048, 2048]","[2048, 2048, 2048, 2048, 2048, 2048]",314.0
1208,9078,2,47,2023-05-07T20:46:29.618000+00:00,31.575,35.124,25.903,213.0,186.0,False,92.602,"[None, 2048, 2048, 2048, 2048, 2048, 2048, 2048, 2048]","[2048, 2048, 2048, 2048, 2049, 2048, 2048, 2048, 2048]","[2049, 2048, 2048, 2048, 2048, 2048, 2049]",321.0
1208,9078,14,48,2023-05-07T20:46:37.305000+00:00,30.93,34.974,25.681,216.0,188.0,False,91.585,"[None, 2048, 2048, 2048, 2048, 2049, 2049, 2048, 2048]","[2048, 2048, 2048, 2048, 2048, 2048, 2048, 2048, 2048]","[2048, 2048, 2048, 2048, 2048, 2048, 2048]",314.0
1208,9078,63,48,2023-05-07T20:46:45.742000+00:00,30.977,34.848,25.781,,187.0,False,91.606,"[None, 2048, 2048, 2048, 2048, 2048, 2049, 2048, 2048]","[2048, 2048, 2048, 2048, 2048, 2048, 2048, 2048, 2048]","[2048, 2048, 2048, 2048, 2048, 2048, 2048]",317.0
1208,9078,55,48,2023-05-07T20:46:47.711000+00:00,31.19,34.753,25.673,213.0,189.0,False,91.616,"[None, 2048, 2048, 2048, 2048, 2048, 2048, 2048, 2048]","[2048, 2048, 2048, 2048, 2048, 2048, 2049, 2048, 2048]","[2049, 2048, 2048, 2048, 2048, 2048, 2049]",313.0
1208,9078,10,48,2023-05-07T20:46:59.039000+00:00,31.197,34.898,25.896,216.0,189.0,False,91.991,"[None, 2048, 2048, 2048, 2048, 2048, 2048, 2048, 2048]","[2048, 2048, 2048, 2048, 2048, 2048, 2048, 2048, 2048]","[2049, 2048, 2048, 2048, 2048, 2049, 2048]",302.0
1208,9078,16,48,2023-05-07T20:47:00.570000+00:00,31.246,34.813,25.673,214.0,188.0,False,91.732,"[None, 2048, 2048, 2049, 2049, 2049, 2048, 2048, 2048]","[2048, 2048, 2048, 2048, 2048, 2048, 2048, 2048, 2048]","[2048, 2048, 2048, 2049, 2048, 2048, 2048]",314.0
1208,9078,44,48,2023-05-07T20:47:04.711000+00:00,30.802,34.58,25.72,214.0,188.0,False,91.102,"[None, 2048, 2048, 2051, 2049, 2049, 2048, 2048, 2048]","[2048, 2048, 2048, 2048, 2048, 2048, 2048, 2048, 2048]","[2048, 2048, 2048, 2048, 2048, 2048]",311.0
1208,9078,31,48,2023-05-07T20:47:07.820000+00:00,31.118,34.908,25.698,216.0,187.0,False,91.724,"[None, 2048, 2048, 2049, 2048, 2048, 2048, 2049, 2048]","[2048, 2048, 2048, 2048, 2048, 2048, 2048, 2048, 2048]","[2048, 2048, 2048, 2048, 2048, 2049]",313.0
1208,9078,20,48,2023-05-07T20:47:08.461000+00:00,31.64,35.124,25.827,210.0,187.0,False,92.591,"[None, 2048, 2048, 2048, 2048, 2048, 2048, 2048, 2048]","[2048, 2048, 2048, 2048, 2048, 2048, 2048, 2048, 2048]","[2048, 2048, 2048, 2048, 2048, 2048, 2048]",315.0
1208,9078,77,48,2023-05-07T20:47:13.336000+00:00,31.217,35.234,25.976,216.0,188.0,False,92.427,"[None, 2048, 2048, 2048, 2048, 2048, 2048, 2048, 2048]","[2048, 2048, 2048, 2048, 2048, 2048, 2048, 2048, 2048]","[2048, 2048, 2048, 2048, 2048, 2048, 2048]",309.0
1208,9078,22,48,2023-05-07T20:47:14.930000+00:00,31.389,34.869,25.733,216.0,188.0,False,91.991,"[None, 2049, 2048, 2048, 2048, 2048, 2048, 2049, 2048]","[2048, 2048, 2048, 2048, 2048, 2048, 2048, 2048, 2048]","[2048, 2048, 2048, 2048, 2048, 2048, 2048]",319.0
1208,9078,23,48,2023-05-07T20:47:15.258000+00:00,31.945,35.136,25.963,209.0,183.0,False,93.044,"[2049, 2048, 2048, 2048, 2048, 2048, 2048, 2048, 2048]","[2048, 2049, 2049, 2048, 2048, 2048, 2048, 2048, 2048]","[2048, 2048, 2048, 2048, 2048, 2048]",323.0
1208,9078,18,48,2023-05-07T20:47:16.148000+00:00,31.428,35.084,25.725,212.0,189.0,False,92.237,"[None, 2048, 2048, 2048, 2048, 2048, 2048, 2048, 2048]","[2049, 2049, 2049, 2048, 2048, 2048, 2048, 2048, 2048]","[2051, 2048, 2048, 2048, 2048, 2049, 2051]",338.0
1208,9078,27,48,2023-05-07T20:47:16.602000+00:00,31.781,35.183,25.718,214.0,187.0,False,92.682,"[None, 2048, 2048, 2048, 2048, 2048, 2048, 2048, 2048]","[2048, 2048, 2048, 2048, 2048, 2048, 2048, 2048, 2048]","[2048, 2048, 2048, 2048, 2048, 2048, 2049]",336.0
1208,9078,4,48,2023-05-07T20:47:24.179000+00:00,31.137,36.379,26.116,202.0,183.0,False,93.632,"[None, 2048, 2048, 2049, 2048, 2048, 2048, 2048, 2048]","[2048, 2048, 2048, 2048, 2048, 2048, 2048, 2048, 2048]","[2048, 2049, 2048, 2048, 2048, 2048]",332.0
1208,9078,24,48,2023-05-07T20:47:24.554000+00:00,31.422,34.693,25.881,213.0,187.0,False,91.996,"[None, 2048, 2048, 2048, 2048, 2048, 2048, 2048, 2048]","[2048, 2048, 2048, 2048, 2049, 2048, 2048, 2048, 2048]","[2048, 2048, 2048, 2048, 2048, 2048]",310.0
1208,9078,21,48,2023-05-07T20:47:34.679000+00:00,31.084,35.036,25.98,214.0,186.0,False,92.1,"[None, 2048, 2049, 2049, 2049, 2049, 2048, 2048, 2048]","[2049, 2048, 2048, 2048, 2048, 2048, 2049, 2048, 2048]","[2048, 2048, 2048, 2048, 2048, 2048, 2048]",313.0
1208,9078,81,48,2023-05-07T20:47:49.711000+00:00,31.338,35.285,29.413,215.0,186.0,False,96.036,"[None, 2048, 2048, 2048, 2048, 2048, 2048, 2049, 2048]","[2048, 2048, 2048, 2048, 2048, 2048, 2048, 2048, 2048]","[2048, 2048, 2048, 2048, 2048, 2048]",156.0
1208,9078,1,49,2023-05-07T20:47:51.914000+00:00,30.79,34.7,25.42,,190.0,False,90.91,"[None, 2048, 2049, 2048, 2048, 2048, 2048, 2048, 2048]","[2051, 2048, 2048, 2048, 2048, 2048, 2048, 2048, 2048]","[2048, 2048, 2048, 2048, 2049, 2048, 2048]",316.0
1208,9078,11,49,2023-05-07T20:47:53.523000+00:00,30.786,34.692,25.519,215.0,187.0,False,90.997,"[None, 2049, 2048, 2048, 2048, 2048, 2048, 2048, 2048]","[2049, 2049, 2048, 2048, 2048, 2048, 2048, 2048, 2048]","[2049, 2049, 2048, 2048, 2048, 2048, 2048]",317.0
1208,9078,2,48,2023-05-07T20:48:02.163000+00:00,31.545,35.109,25.958,212.0,186.0,False,92.612,"[None, 2048, 2048, 2049, 2049, 2048, 2048, 2048, 2048]","[2048, 2048, 2048, 2048, 2048, 2048, 2048, 2048, 2048]","[2049, 2048, 2048, 2048, 2048, 2048]",321.0
1208,9078,14,49,2023-05-07T20:48:08.820000+00:00,30.972,34.898,25.82,213.0,186.0,False,91.69,"[None, 2048, 2048, 2048, 2048, 2048, 2048, 2048, 2048]","[2048, 2048, 2048, 2048, 2048, 2048, 2048, 2048, 2048]","[2048, 2048, 2048, 2048, 2048, 2048]",309.0
1208,9078,63,49,2023-05-07T20:48:17.304000+00:00,30.815,34.755,25.825,215.0,187.0,False,91.395,"[None, 2048, 2048, 2049, 2049, 2048, 2048, 2048, 2048]","[2048, 2048, 2048, 2048, 2048, 2048, 2048, 2048, 2048]","[2048, 2048, 2048, 2048, 2048, 2048, 2048]",316.0
1208,9078,55,49,2023-05-07T20:48:19.335000+00:00,30.979,34.712,25.741,217.0,188.0,False,91.432,"[None, 2048, 2048, 2048, 2049, 2049, 2049, 2048, 2048]","[2049, 2048, 2048, 2048, 2048, 2048, 2048, 2048, 2048]","[2048, 2048, 2048, 2048, 2048, 2048, 2048]",314.0
1208,9078,10,49,2023-05-07T20:48:31.085000+00:00,31.184,34.981,25.902,215.0,189.0,False,92.067,"[None, 2048, 2048, 2049, 2048, 2048, 2048, 2048, 2048]","[2048, 2048, 2048, 2048, 2048, 2048, 2048, 2048, 2048]","[2049, 2048, 2048, 2048, 2048, 2048, 2048]",301.0
1208,9078,16,49,2023-05-07T20:48:32.304000+00:00,31.343,34.89,25.658,213.0,188.0,False,91.891,"[None, 2048, 2048, 2048, 2049, 2048, 2048, 2048, 2048]","[2048, 2048, 2048, 2048, 2048, 2048, 2048, 2048, 2048]","[2048, 2048, 2048, 2048, 2048, 2048, 2048]",314.0
1208,9078,44,49,2023-05-07T20:48:35.819000+00:00,30.84,34.885,25.637,,188.0,False,91.362,"[None, 2048, 2048, 2051, 2048, 2048, 2048, 2048, 2048]","[2048, 2048, 2048, 2048, 2048, 2048, 2048, 2048, 2048]","[2048, 2048, 2048, 2049, 2048, 2048]",320.0
1208,9078,31,49,2023-05-07T20:48:39.397000+00:00,31.383,35.14,25.686,214.0,188.0,False,92.209,"[None, 2049, 2048, 2048, 2048, 2048, 2049, 2048, 2048]","[2048, 2048, 2048, 2048, 2048, 2048, 2048, 2048, 2048]","[2048, 2048, 2048, 2048, 2048, 2048, 2048]",313.0
1208,9078,20,49,2023-05-07T20:48:40.944000+00:00,31.487,35.223,25.692,213.0,186.0,False,92.402,"[None, 2048, 2048, 2048, 2048, 2048, 2048, 2048, 2048]","[2048, 2048, 2048, 2048, 2048, 2048, 2048, 2048, 2048]","[2049, 2048, 2048, 2048, 2048, 2048, 2048]",314.0
1208,9078,77,49,2023-05-07T20:48:45.866000+00:00,31.235,35.176,25.939,212.0,188.0,False,92.35,"[None, 2048, 2048, 2048, 2048, 2048, 2048, 2048, 2048]","[2048, 2048, 2048, 2048, 2048, 2048, 2048, 2048, 2048]","[2049, 2048, 2048, 2048, 2048, 2048, 2049]",313.0
1208,9078,22,49,2023-05-07T20:48:47.007000+00:00,31.163,34.945,25.499,,187.0,False,91.607,"[None, 2048, 2048, 2048, 2048, 2048, 2048, 2048, 2048]","[2048, 2048, 2048, 2048, 2048, 2048, 2048, 2048, 2048]","[2048, 2048, 2048, 2048, 2048, 2048]",333.0
1208,9078,23,49,2023-05-07T20:48:48.304000+00:00,32.875,35.081,25.842,213.0,186.0,False,93.798,"[2048, 2048, 2048, 2048, 2048, 2048, 2048, 2048, 2048]","[2048, 2048, 2048, 2048, 2048, 2048, 2048, 2048, 2048]","[2048, 2048, 2048, 2048, 2048, 2048, 2048]",324.0
1208,9078,18,49,2023-05-07T20:48:48.460000+00:00,31.377,34.779,25.549,216.0,187.0,False,91.705,"[None, 2051, 2048, 2048, 2048, 2048, 2049, 2048, 2048]","[2048, 2048, 2048, 2048, 2048, 2048, 2048, 2048, 2048]","[2048, 2048, 2048, 2048, 2048, 2048]",321.0
1208,9078,27,49,2023-05-07T20:48:49.241000+00:00,32.539,35.142,25.708,217.0,187.0,False,93.389,"[2048, 2048, 2048, 2048, 2048, 2048, 2048, 2048, 2048]","[2051, 2051, 2048, 2048, 2048, 2048, 2048, 2048, 2048]","[2048, 2049, 2048, 2048, 2048, 2048, 2049]",319.0
1208,9078,24,49,2023-05-07T20:48:56.460000+00:00,31.246,35.035,25.927,214.0,186.0,False,92.208,"[None, 2049, 2048, 2048, 2048, 2048, 2048, 2048, 2048]","[2048, 2048, 2048, 2048, 2048, 2048, 2048, 2048, 2048]","[2048, 2048, 2048, 2048, 2048, 2048, 2048]",308.0
1208,9078,4,49,2023-05-07T20:48:57.788000+00:00,31.585,35.325,25.801,211.0,186.0,False,92.711,"[None, 2048, 2048, 2048, 2048, 2048, 2048, 2048, 2048]","[2048, 2048, 2048, 2048, 2048, 2048, 2048, 2048, 2048]","[2049, 2048, 2048, 2048, 2048, 2048, 2048]",316.0
1208,9078,21,49,2023-05-07T20:49:06.788000+00:00,31.301,35.159,25.971,,187.0,False,92.431,"[None, 2048, 2048, 2048, 2048, 2048, 2048, 2048, 2048]","[2048, 2048, 2048, 2048, 2048, 2048, 2048, 2048, 2048]","[2049, 2048, 2048, 2048, 2048, 2048, 2048]",312.0
1208,9078,1,50,2023-05-07T20:49:22.866000+00:00,30.97,34.403,25.464,216.0,190.0,False,90.837,"[None, 2048, 2048, 2049, 2048, 2048, 2048, 2048, 2048]","[2048, 2048, 2048, 2048, 2048, 2048, 2048, 2048, 2049]","[2048, 2048, 2048, 2049, 2048, 2048, 2048]",317.0
1208,9078,11,50,2023-05-07T20:49:24.491000+00:00,30.907,34.672,25.457,213.0,187.0,False,91.036,"[None, 2048, 2048, 2048, 2049, 2048, 2048, 2048, 2048]","[2048, 2048, 2048, 2048, 2048, 2048, 2048, 2048, 2048]","[2048, 2048, 2048, 2048, 2048, 2048]",317.0
1208,9078,81,49,2023-05-07T20:49:25.725000+00:00,31.632,35.601,26.148,,186.0,False,93.381,"[None, 2048, 2048, 2048, 2048, 2048, 2048, 2048, 2048]","[2048, 2048, 2048, 2048, 2048, 2048, 2048, 2048, 2048]","[2048, 2048, 2048, 2048, 2048, 2048, 2049]",297.0
1208,9078,2,49,2023-05-07T20:49:34.787000+00:00,31.503,35.327,25.897,,186.0,False,92.727,"[None, 2049, 2048, 2048, 2048, 2049, 2049, 2048, 2048]","[2048, 2048, 2048, 2048, 2048, 2048, 2048, 2048, 2048]","[2049, 2048, 2048, 2048, 2048, 2048, 2048]",323.0
1208,9078,14,50,2023-05-07T20:49:40.490000+00:00,31.288,34.994,25.591,209.0,188.0,False,91.873,"[None, 2048, 2048, 2048, 2048, 2048, 2048, 2048, 2048]","[2048, 2048, 2048, 2048, 2048, 2048, 2048, 2048, 2048]","[2048, 2048, 2048, 2048, 2048, 2048]",309.0
1208,9078,63,50,2023-05-07T20:49:48.694000+00:00,30.76,34.859,25.743,216.0,189.0,False,91.362,"[None, 2048, 2048, 2048, 2048, 2048, 2049, 2049, 2048]","[2048, 2048, 2048, 2048, 2048, 2048, 2048, 2048, 2048]","[2048, 2048, 2048, 2048, 2048, 2048, 2048]",316.0
1208,9078,55,50,2023-05-07T20:49:50.772000+00:00,31.159,34.906,25.71,214.0,189.0,False,91.775,"[None, 2048, 2048, 2048, 2048, 2048, 2048, 2048, 2048]","[2048, 2048, 2048, 2048, 2048, 2048, 2048, 2048, 2048]","[2048, 2048, 2048, 2048, 2048, 2048, 2048]",313.0
1208,9078,10,50,2023-05-07T20:50:03.115000+00:00,31.174,35.022,25.916,217.0,188.0,False,92.112,"[None, 2048, 2048, 2048, 2048, 2048, 2048, 2049, 2048]","[2048, 2048, 2048, 2048, 2048, 2048, 2048, 2048, 2048]","[2048, 2048, 2048, 2048, 2048, 2048, 2048]",299.0
1208,9078,16,50,2023-05-07T20:50:04.162000+00:00,31.521,34.951,25.698,,187.0,False,92.17,"[None, 2048, 2048, 2048, 2048, 2048, 2048, 2048, 2048]","[2048, 2048, 2048, 2048, 2048, 2048, 2048, 2048, 2048]","[2048, 2048, 2048, 2048, 2048, 2048]",312.0
1208,9078,44,50,2023-05-07T20:50:07.178000+00:00,30.94,34.705,25.714,,189.0,False,91.359,"[None, 2048, 2048, 2048, 2048, 2048, 2048, 2048, 2048]","[2048, 2048, 2048, 2048, 2048, 2048, 2048, 2048, 2048]","[2048, 2048, 2048, 2048, 2048, 2048, 2048]",321.0
1208,9078,31,50,2023-05-07T20:50:11.600000+00:00,31.264,35.061,25.761,216.0,188.0,False,92.086,"[None, 2048, 2048, 2048, 2048, 2048, 2049, 2048, 2048]","[2048, 2048, 2048, 2048, 2048, 2048, 2048, 2048, 2048]","[2048, 2048, 2048, 2048, 2048, 2048, 2048]",313.0
1208,9078,20,50,2023-05-07T20:50:13.428000+00:00,31.382,35.217,25.863,216.0,185.0,False,92.462,"[None, 2048, 2048, 2048, 2048, 2048, 2048, 2048, 2048]","[2049, 2048, 2048, 2048, 2048, 2048, 2048, 2048, 2048]","[2048, 2048, 2048, 2048, 2048, 2048, 2048]",313.0
1208,9078,77,50,2023-05-07T20:50:18.115000+00:00,31.206,35.626,26.242,217.0,188.0,False,93.074,"[None, 2048, 2048, 2048, 2048, 2048, 2048, 2048, 2048]","[2048, 2048, 2048, 2048, 2048, 2048, 2048, 2048, 2048]","[2049, 2048, 2048, 2048, 2048, 2048, 2049]",317.0
1208,9078,22,50,2023-05-07T20:50:18.646000+00:00,31.354,35.411,25.607,,188.0,False,92.372,"[None, 2048, 2048, 2048, 2048, 2048, 2048, 2048, 2048]","[2048, 2048, 2048, 2048, 2049, 2048, 2048, 2048, 2048]","[2049, 2048, 2048, 2049, 2048, 2048]",333.0
1208,9078,18,50,2023-05-07T20:50:20.084000+00:00,31.162,35.068,25.503,214.0,188.0,False,91.733,"[None, 2048, 2048, 2048, 2048, 2048, 2048, 2048, 2048]","[2048, 2048, 2048, 2048, 2048, 2048, 2048, 2048, 2048]","[2048, 2048, 2048, 2049, 2048, 2048]",331.0
1208,9078,23,50,2023-05-07T20:50:22.068000+00:00,31.572,35.1,25.785,212.0,186.0,False,92.457,"[None, 2048, 2048, 2048, 2048, 2048, 2048, 2048, 2048]","[2048, 2048, 2048, 2048, 2048, 2048, 2048, 2048, 2048]","[2048, 2048, 2048, 2048, 2048, 2048, 2048]",326.0
1208,9078,27,50,2023-05-07T20:50:22.599000+00:00,31.585,35.3,25.626,211.0,187.0,False,92.511,"[None, 2048, 2048, 2048, 2048, 2048, 2048, 2048, 2048]","[2048, 2048, 2048, 2048, 2048, 2048, 2048, 2048, 2048]","[2048, 2048, 2048, 2048, 2048, 2048]",330.0
1208,9078,24,50,2023-05-07T20:50:28.927000+00:00,31.175,35.064,25.719,213.0,187.0,False,91.958,"[None, 2048, 2048, 2048, 2048, 2049, 2048, 2048, 2048]","[2048, 2048, 2048, 2048, 2048, 2048, 2048, 2048, 2048]","[2048, 2048, 2048, 2049, 2048, 2048, 2048]",318.0
1208,9078,4,50,2023-05-07T20:50:30.521000+00:00,31.317,35.422,25.82,210.0,186.0,False,92.559,"[None, 2048, 2048, 2048, 2048, 2048, 2048, 2049, 2048]","[2048, 2048, 2048, 2048, 2048, 2048, 2048, 2048, 2048]","[2048, 2048, 2048, 2048, 2049, 2048]",303.0
1208,9078,21,50,2023-05-07T20:50:39.240000+00:00,31.076,35.203,25.969,215.0,187.0,False,92.248,"[None, 2048, 2048, 2048, 2048, 2048, 2048, 2049, 2048]","[2049, 2048, 2048, 2048, 2048, 2048, 2048, 2048, 2048]","[2048, 2048, 2048, 2048, 2048, 2048, 2048]",313.0
1208,9078,1,51,2023-05-07T20:50:53.787000+00:00,30.775,34.423,25.501,218.0,191.0,False,90.699,"[None, 2048, 2049, 2048, 2048, 2048, 2048, 2048, 2048]","[2048, 2048, 2048, 2048, 2048, 2048, 2048, 2049, 2048]","[2048, 2048, 2048, 2049, 2048, 2048]",317.0
1208,9078,11,51,2023-05-07T20:50:55.552000+00:00,30.751,34.945,25.551,,187.0,False,91.247,"[None, 2048, 2049, 2048, 2048, 2048, 2048, 2048, 2048]","[2048, 2048, 2048, 2048, 2048, 2048, 2048, 2048, 2048]","[2049, 2048, 2048, 2048, 2048, 2048, 2048]",317.0
1208,9078,81,50,2023-05-07T20:50:59.115000+00:00,31.263,35.551,26.167,,187.0,False,92.981,"[None, 2048, 2048, 2048, 2048, 2049, 2049, 2048, 2048]","[2048, 2048, 2048, 2048, 2048, 2048, 2048, 2048, 2048]","[2048, 2048, 2048, 2048, 2048, 2048]",293.0
1208,9078,2,50,2023-05-07T20:51:07.521000+00:00,31.372,35.219,25.793,,186.0,False,92.384,"[None, 2049, 2048, 2048, 2048, 2049, 2049, 2049, 2048]","[2048, 2048, 2048, 2048, 2048, 2048, 2048, 2048, 2048]","[2049, 2048, 2048, 2048, 2048, 2048]",323.0
1208,9078,14,51,2023-05-07T20:51:12.443000+00:00,30.556,34.725,25.517,213.0,188.0,False,90.798,"[None, 2049, 2048, 2049, 2049, 2049, 2049, 2048, 2048]","[2048, 2048, 2048, 2048, 2048, 2048, 2048, 2048, 2048]","[2048, 2048, 2048, 2048, 2048, 2048, 2049]",322.0
1208,9078,63,51,2023-05-07T20:51:20.099000+00:00,30.626,34.913,25.727,217.0,188.0,False,91.266,"[None, 2048, 2051, 2048, 2049, 2048, 2049, 2048, 2048]","[2049, 2048, 2048, 2048, 2048, 2048, 2048, 2048, 2048]","[2048, 2048, 2048, 2049, 2048, 2048]",317.0
1208,9078,55,51,2023-05-07T20:51:22.505000+00:00,31.093,34.764,25.709,217.0,188.0,False,91.566,"[None, 2048, 2048, 2048, 2048, 2048, 2048, 2048, 2048]","[2048, 2048, 2048, 2048, 2048, 2048, 2049, 2048, 2048]","[2048, 2048, 2048, 2048, 2048, 2048, 2049]",313.0
1208,9078,10,51,2023-05-07T20:51:35.224000+00:00,31.061,35.011,25.981,,189.0,False,92.053,"[None, 2048, 2048, 2048, 2048, 2048, 2048, 2048, 2049]","[2048, 2048, 2048, 2048, 2048, 2048, 2048, 2048, 2048]","[2048, 2048, 2048, 2048, 2048, 2048]",300.0
1208,9078,16,51,2023-05-07T20:51:36.349000+00:00,31.276,34.876,25.625,215.0,187.0,False,91.777,"[None, 2048, 2048, 2048, 2048, 2048, 2048, 2048, 2048]","[2048, 2048, 2048, 2048, 2048, 2048, 2048, 2048, 2048]","[2048, 2048, 2048, 2049, 2048, 2048, 2048]",317.0
1208,9078,44,51,2023-05-07T20:51:38.552000+00:00,30.631,34.735,25.812,215.0,188.0,False,91.178,"[None, 2049, 2048, 2048, 2051, 2049, 2049, 2049, 2048]","[2048, 2048, 2048, 2048, 2048, 2048, 2048, 2048, 2048]","[2048, 2048, 2048, 2048, 2048, 2048]",308.0
1208,9078,31,51,2023-05-07T20:51:43.708000+00:00,31.203,34.92,25.672,215.0,187.0,False,91.795,"[None, 2048, 2048, 2048, 2048, 2048, 2048, 2048, 2048]","[2048, 2048, 2048, 2048, 2048, 2048, 2049, 2049, 2048]","[2048, 2048, 2048, 2048, 2048, 2048, 2048]",313.0
1208,9078,20,51,2023-05-07T20:51:45.817000+00:00,31.435,35.089,25.713,214.0,186.0,False,92.237,"[None, 2048, 2048, 2048, 2048, 2048, 2048, 2048, 2048]","[2048, 2048, 2048, 2048, 2048, 2048, 2048, 2048, 2048]","[2048, 2048, 2048, 2048, 2048, 2048, 2048]",312.0
1208,9078,22,51,2023-05-07T20:51:50.911000+00:00,31.025,34.752,25.671,,189.0,False,91.448,"[None, 2048, 2048, 2049, 2048, 2049, 2049, 2048, 2048]","[2048, 2048, 2048, 2048, 2048, 2049, 2048, 2048, 2048]","[2048, 2048, 2048, 2048, 2048, 2049]",312.0
1208,9078,77,51,2023-05-07T20:51:51.192000+00:00,31.823,34.922,26.252,214.0,189.0,False,92.997,"[None, 2048, 2048, 2048, 2048, 2048, 2048, 2048, 2048]","[2048, 2048, 2048, 2048, 2049, 2048, 2048, 2048, 2048]","[2049, 2048, 2048, 2048, 2048, 2048]",315.0
1208,9078,18,51,2023-05-07T20:51:51.895000+00:00,31.574,35.026,25.43,215.0,191.0,False,92.03,"[None, 2048, 2048, 2048, 2048, 2048, 2048, 2048, 2048]","[2049, 2051, 2049, 2048, 2048, 2048, 2048, 2048, 2048]","[2051, 2048, 2048, 2049, 2048, 2048]",341.0
1208,9078,23,51,2023-05-07T20:51:54.520000+00:00,31.391,34.983,25.754,215.0,186.0,False,92.128,"[None, 2048, 2048, 2048, 2048, 2048, 2048, 2048, 2048]","[2048, 2048, 2048, 2048, 2048, 2048, 2048, 2048, 2048]","[2048, 2048, 2048, 2048, 2048, 2049, 2048]",324.0
1208,9078,27,51,2023-05-07T20:51:55.145000+00:00,31.594,35.049,25.555,217.0,186.0,False,92.198,"[None, 2048, 2048, 2048, 2048, 2048, 2048, 2048, 2048]","[2048, 2048, 2048, 2048, 2048, 2048, 2048, 2048, 2048]","[2048, 2048, 2048, 2048, 2048, 2048, 2048]",326.0
1208,9078,24,51,2023-05-07T20:52:00.770000+00:00,30.96,35.042,25.853,217.0,187.0,False,91.855,"[None, 2048, 2048, 2048, 2049, 2048, 2048, 2049, 2048]","[2048, 2048, 2048, 2048, 2048, 2048, 2049, 2048, 2048]","[2048, 2048, 2048, 2048, 2048, 2048]",316.0
1208,9078,4,51,2023-05-07T20:52:03.020000+00:00,31.837,35.572,26.096,212.0,185.0,False,93.505,"[None, 2048, 2048, 2048, 2048, 2048, 2048, 2048, 2048]","[2048, 2048, 2048, 2048, 2048, 2048, 2048, 2048, 2048]","[2048, 2048, 2048, 2048, 2048, 2048, 2048]",306.0
1208,9078,21,51,2023-05-07T20:52:11.473000+00:00,30.967,35.139,25.946,,186.0,False,92.052,"[None, 2048, 2048, 2048, 2048, 2049, 2048, 2048, 2048]","[2048, 2048, 2048, 2048, 2048, 2048, 2048, 2049, 2048]","[2048, 2048, 2048, 2048, 2048, 2048]",311.0
1208,9078,1,52,2023-05-07T20:52:24.411000+00:00,30.501,34.366,25.505,216.0,190.0,False,90.372,"[None, 2048, 2048, 2049, 2048, 2048, 2051, 2048, 2049]","[2048, 2048, 2048, 2048, 2048, 2048, 2048, 2048, 2048]","[2048, 2048, 2048, 2048, 2048, 2048, 2048]",318.0
1208,9078,11,52,2023-05-07T20:52:26.785000+00:00,30.632,34.533,25.524,212.0,188.0,False,90.689,"[None, 2048, 2049, 2048, 2049, 2051, 2048, 2048, 2048]","[2048, 2048, 2048, 2048, 2049, 2048, 2048, 2048, 2048]","[2049, 2048, 2048, 2048, 2048, 2048]",319.0
1208,9078,81,51,2023-05-07T20:52:32.145000+00:00,31.3,35.273,26.015,,188.0,False,92.588,"[None, 2048, 2048, 2048, 2048, 2048, 2048, 2049, 2048]","[2048, 2048, 2048, 2048, 2048, 2048, 2048, 2048, 2048]","[2049, 2048, 2048, 2048, 2048, 2049, 2048]",301.0
1208,9078,2,51,2023-05-07T20:52:39.910000+00:00,31.493,35.275,25.868,213.0,185.0,False,92.636,"[None, 2049, 2048, 2048, 2048, 2049, 2048, 2049, 2048]","[2048, 2048, 2048, 2048, 2048, 2048, 2048, 2048, 2048]","[2048, 2048, 2048, 2048, 2048, 2048, 2048]",321.0
1208,9078,14,52,2023-05-07T20:52:43.176000+00:00,31.42,35.185,25.647,214.0,188.0,False,92.252,"[None, 2048, 2048, 2048, 2048, 2048, 2048, 2048, 2048]","[2048, 2048, 2048, 2048, 2048, 2048, 2048, 2048, 2048]","[2048, 2048, 2048, 2048, 2048, 2048, 2048]",306.0
1208,9078,63,52,2023-05-07T20:52:51.348000+00:00,30.869,34.755,25.816,214.0,188.0,False,91.44,"[None, 2048, 2048, 2048, 2048, 2048, 2048, 2048, 2048]","[2048, 2048, 2048, 2048, 2048, 2048, 2048, 2049, 2048]","[2048, 2048, 2048, 2048, 2048, 2048, 2048]",317.0
1208,9078,55,52,2023-05-07T20:52:54.066000+00:00,31.212,34.707,25.632,215.0,189.0,False,91.551,"[None, 2048, 2048, 2048, 2048, 2048, 2048, 2048, 2048]","[2048, 2048, 2048, 2048, 2048, 2048, 2048, 2048, 2048]","[2048, 2048, 2048, 2048, 2049, 2048, 2048]",313.0
1208,9078,10,52,2023-05-07T20:53:07.269000+00:00,31.26,34.954,25.891,215.0,189.0,False,92.105,"[None, 2048, 2048, 2048, 2048, 2048, 2048, 2048, 2048]","[2048, 2048, 2048, 2048, 2048, 2048, 2048, 2048, 2048]","[2048, 2048, 2048, 2048, 2048, 2049]",314.0
1208,9078,16,52,2023-05-07T20:53:08.144000+00:00,31.295,34.807,25.43,,187.0,False,91.532,"[None, 2048, 2048, 2048, 2048, 2048, 2048, 2048, 2048]","[2048, 2048, 2048, 2048, 2048, 2048, 2048, 2048, 2049]","[2048, 2048, 2048, 2048, 2048, 2048, 2048]",331.0
1208,9078,44,52,2023-05-07T20:53:09.769000+00:00,30.855,34.843,25.658,212.0,188.0,False,91.356,"[None, 2048, 2048, 2048, 2048, 2049, 2048, 2048, 2048]","[2048, 2048, 2048, 2048, 2048, 2048, 2048, 2048, 2048]","[2048, 2048, 2048, 2048, 2048, 2048]",325.0
1208,9078,31,52,2023-05-07T20:53:15.504000+00:00,31.014,34.96,25.608,,188.0,False,91.582,"[None, 2048, 2048, 2048, 2048, 2048, 2049, 2049, 2048]","[2048, 2048, 2048, 2048, 2048, 2048, 2048, 2048, 2048]","[2048, 2048, 2048, 2048, 2048, 2048]",314.0
1208,9078,20,52,2023-05-07T20:53:18.051000+00:00,31.171,35.066,25.727,213.0,186.0,False,91.964,"[None, 2048, 2048, 2048, 2048, 2049, 2048, 2048, 2048]","[2048, 2048, 2048, 2048, 2048, 2048, 2048, 2048, 2048]","[2048, 2048, 2048, 2048, 2048, 2048, 2048]",317.0
1208,9078,22,52,2023-05-07T20:53:22.441000+00:00,30.962,34.779,25.762,214.0,189.0,False,91.503,"[None, 2048, 2048, 2048, 2048, 2049, 2048, 2049, 2048]","[2048, 2048, 2048, 2048, 2048, 2048, 2048, 2048, 2048]","[2048, 2048, 2048, 2048, 2048, 2048, 2048]",313.0
1208,9078,18,52,2023-05-07T20:53:23.863000+00:00,31.103,34.785,25.625,,188.0,False,91.513,"[None, 2048, 2048, 2048, 2048, 2048, 2048, 2048, 2048]","[2048, 2048, 2048, 2048, 2048, 2048, 2048, 2048, 2048]","[2048, 2048, 2048, 2048, 2048, 2048, 2048]",314.0
1208,9078,77,52,2023-05-07T20:53:24.222000+00:00,31.775,35.053,25.965,215.0,188.0,False,92.793,"[2049, 2048, 2048, 2048, 2048, 2048, 2048, 2048, 2048]","[2049, 2049, 2049, 2049, 2048, 2048, 2048, 2048, 2048]","[2049, 2048, 2048, 2048, 2048, 2048, 2048]",315.0
1208,9078,23,52,2023-05-07T20:53:26.691000+00:00,31.348,34.958,25.838,210.0,186.0,False,92.144,"[None, 2048, 2048, 2048, 2048, 2048, 2048, 2048, 2048]","[2048, 2048, 2048, 2048, 2048, 2048, 2048, 2048, 2048]","[2048, 2048, 2048, 2048, 2048, 2048, 2048]",323.0
1208,9078,27,52,2023-05-07T20:53:27.347000+00:00,31.5,35.035,25.609,213.0,187.0,False,92.144,"[None, 2048, 2048, 2048, 2049, 2048, 2048, 2048, 2048]","[2048, 2048, 2048, 2048, 2048, 2048, 2048, 2048, 2048]","[2048, 2048, 2048, 2048, 2048, 2048, 2048]",333.0
1208,9078,24,52,2023-05-07T20:53:32.582000+00:00,31.132,35.119,25.942,213.0,186.0,False,92.193,"[None, 2048, 2048, 2048, 2048, 2048, 2048, 2048, 2048]","[2048, 2048, 2048, 2048, 2048, 2048, 2048, 2048, 2048]","[2048, 2048, 2048, 2048, 2048, 2048, 2048]",311.0
1208,9078,4,52,2023-05-07T20:53:36.582000+00:00,31.509,35.564,26.161,211.0,186.0,False,93.234,"[None, 2048, 2048, 2048, 2048, 2048, 2048, 2048, 2048]","[2048, 2048, 2048, 2048, 2048, 2048, 2048, 2048, 2048]","[2048, 2048, 2048, 2048, 2048, 2048, 2048]",298.0
1208,9078,21,52,2023-05-07T20:53:43.550000+00:00,31.011,35.143,25.977,214.0,187.0,False,92.131,"[None, 2048, 2048, 2048, 2049, 2049, 2048, 2048, 2048]","[2049, 2048, 2048, 2048, 2048, 2048, 2048, 2048, 2048]","[2049, 2048, 2048, 2048, 2048, 2048, 2048]",313.0
1208,9078,1,53,2023-05-07T20:53:54.831000+00:00,30.686,34.429,25.431,218.0,191.0,False,90.546,"[None, 2048, 2048, 2048, 2048, 2048, 2048, 2048, 2048]","[2048, 2048, 2048, 2048, 2048, 2048, 2048, 2048, 2048]","[2048, 2048, 2048, 2048, 2048, 2048, 2048]",317.0
1208,9078,11,53,2023-05-07T20:53:57.488000+00:00,30.483,34.778,25.427,215.0,187.0,False,90.688,"[None, 2048, 2048, 2048, 2048, 2051, 2049, 2048, 2048]","[2048, 2048, 2048, 2048, 2048, 2048, 2048, 2048, 2048]","[2048, 2048, 2049, 2048, 2048, 2049, 2048]",324.0
1208,9078,81,52,2023-05-07T20:54:04.706000+00:00,31.323,35.171,26.064,214.0,188.0,False,92.558,"[None, 2048, 2048, 2048, 2048, 2049, 2048, 2048, 2048]","[2048, 2048, 2048, 2048, 2048, 2048, 2048, 2048, 2048]","[2049, 2048, 2048, 2048, 2048, 2048, 2049]",297.0
1208,9078,2,52,2023-05-07T20:54:12.534000+00:00,31.454,35.216,25.952,212.0,186.0,False,92.622,"[None, 2048, 2048, 2048, 2048, 2049, 2048, 2048, 2048]","[2048, 2048, 2048, 2048, 2049, 2048, 2048, 2048, 2048]","[2049, 2048, 2048, 2048, 2048, 2048, 2048]",323.0
1208,9078,14,53,2023-05-07T20:54:15.425000+00:00,30.912,35.151,25.672,211.0,189.0,False,91.735,"[None, 2048, 2048, 2048, 2048, 2048, 2048, 2048, 2048]","[2048, 2048, 2048, 2048, 2048, 2048, 2048, 2048, 2048]","[2049, 2048, 2048, 2048, 2048, 2048, 2049]",295.0
1208,9078,63,53,2023-05-07T20:54:22.769000+00:00,30.934,34.871,25.785,211.0,187.0,False,91.59,"[None, 2048, 2048, 2048, 2048, 2048, 2048, 2048, 2048]","[2048, 2048, 2048, 2048, 2048, 2048, 2048, 2048, 2048]","[2048, 2048, 2048, 2048, 2048, 2048, 2048]",316.0
1208,9078,55,53,2023-05-07T20:54:25.675000+00:00,31.191,34.992,25.794,216.0,188.0,False,91.977,"[None, 2048, 2048, 2048, 2048, 2048, 2049, 2048, 2048]","[2048, 2048, 2048, 2048, 2048, 2048, 2048, 2048, 2048]","[2048, 2048, 2048, 2048, 2048, 2048, 2048]",312.0
1208,9078,10,53,2023-05-07T20:54:39.393000+00:00,32.667,35.66,25.74,216.0,188.0,False,94.067,"[None, 2049, 2048, 2048, 2048, 2048, 2048, 2048, 2048]","[2049, 2048, 2048, 2048, 2048, 2048, 2048, 2048, 2048]","[2049, 2048, 2048, 2048, 2048, 2049, 2048]",331.0
1208,9078,16,53,2023-05-07T20:54:39.659000+00:00,31.667,34.698,25.9,217.0,186.0,False,92.265,"[None, 2048, 2048, 2048, 2048, 2048, 2049, 2049, 2048]","[2048, 2048, 2048, 2048, 2048, 2048, 2048, 2049, 2048]","[2048, 2048, 2048, 2048, 2048, 2048]",303.0
1208,9078,44,53,2023-05-07T20:54:41.065000+00:00,31.383,34.483,25.514,213.0,188.0,False,91.38,"[None, 2048, 2048, 2048, 2048, 2048, 2048, 2048, 2048]","[2048, 2048, 2048, 2048, 2049, 2048, 2048, 2048, 2048]","[2048, 2048, 2048, 2048, 2048, 2048]",327.0
1208,9078,31,53,2023-05-07T20:54:47.112000+00:00,31.032,35.204,25.606,216.0,189.0,False,91.842,"[None, 2048, 2048, 2048, 2048, 2048, 2049, 2048, 2048]","[2048, 2048, 2048, 2048, 2048, 2048, 2048, 2048, 2048]","[2048, 2048, 2048, 2048, 2049, 2048]",315.0
1208,9078,20,53,2023-05-07T20:54:50.081000+00:00,31.01,34.943,25.738,214.0,186.0,False,91.691,"[None, 2048, 2048, 2048, 2048, 2049, 2049, 2048, 2048]","[2048, 2048, 2048, 2048, 2048, 2048, 2048, 2048, 2048]","[2048, 2048, 2048, 2048, 2048, 2048]",315.0
1208,9078,22,53,2023-05-07T20:54:53.940000+00:00,31.046,34.708,25.76,215.0,188.0,False,91.514,"[None, 2048, 2048, 2048, 2049, 2048, 2048, 2048, 2048]","[2048, 2048, 2048, 2048, 2048, 2048, 2048, 2048, 2048]","[2048, 2048, 2048, 2048, 2048, 2048, 2048]",314.0
1208,9078,18,53,2023-05-07T20:54:55.456000+00:00,30.964,34.828,25.729,213.0,188.0,False,91.521,"[None, 2048, 2048, 2048, 2048, 2049, 2048, 2049, 2048]","[2048, 2048, 2048, 2048, 2048, 2048, 2048, 2048, 2048]","[2048, 2048, 2048, 2048, 2048, 2048, 2048]",318.0
1208,9078,77,53,2023-05-07T20:54:56.971000+00:00,31.495,35.426,25.934,217.0,189.0,False,92.855,"[2048, 2048, 2048, 2048, 2048, 2048, 2048, 2048, 2048]","[2048, 2048, 2048, 2048, 2048, 2048, 2048, 2048, 2048]","[2048, 2048, 2048, 2048, 2048, 2048, 2048]",312.0
1208,9078,23,53,2023-05-07T20:54:58.815000+00:00,31.293,34.967,25.816,213.0,186.0,False,92.076,"[None, 2048, 2048, 2048, 2048, 2048, 2048, 2048, 2048]","[2048, 2048, 2048, 2048, 2048, 2048, 2048, 2048, 2048]","[2048, 2048, 2048, 2048, 2048, 2048, 2048]",323.0
1208,9078,27,53,2023-05-07T20:54:59.518000+00:00,31.406,35.054,25.605,216.0,188.0,False,92.065,"[None, 2048, 2048, 2048, 2048, 2048, 2049, 2048, 2048]","[2048, 2048, 2048, 2048, 2048, 2048, 2048, 2048, 2048]","[2048, 2048, 2048, 2048, 2048, 2048, 2049]",335.0
1208,9078,24,53,2023-05-07T20:55:04.768000+00:00,31.104,35.117,25.898,215.0,186.0,False,92.119,"[None, 2048, 2048, 2048, 2048, 2048, 2048, 2048, 2048]","[2048, 2048, 2048, 2048, 2048, 2048, 2048, 2048, 2048]","[2048, 2048, 2048, 2048, 2048, 2048, 2048]",312.0
1208,9078,4,53,2023-05-07T20:55:09.784000+00:00,31.324,35.604,26.145,213.0,185.0,False,93.073,"[None, 2048, 2048, 2048, 2048, 2048, 2048, 2048, 2048]","[2049, 2048, 2048, 2048, 2048, 2048, 2048, 2048, 2048]","[2048, 2048, 2048, 2048, 2048, 2048, 2048]",308.0
1208,9078,21,53,2023-05-07T20:55:15.690000+00:00,31.1,35.102,25.87,,188.0,False,92.072,"[None, 2048, 2049, 2048, 2048, 2048, 2048, 2048, 2048]","[2048, 2048, 2048, 2048, 2048, 2048, 2048, 2048, 2048]","[2048, 2048, 2048, 2049, 2048, 2048, 2049]",313.0
1208,9078,1,54,2023-05-07T20:55:25.330000+00:00,30.525,34.494,25.473,,190.0,False,90.492,"[None, 2048, 2048, 2048, 2048, 2048, 2048, 2049, 2048]","[2049, 2048, 2048, 2048, 2048, 2048, 2048, 2048, 2048]","[2048, 2048, 2048, 2048, 2048, 2048, 2048]",318.0
1208,9078,11,54,2023-05-07T20:55:28.159000+00:00,30.598,34.673,25.445,211.0,189.0,False,90.716,"[None, 2048, 2049, 2048, 2048, 2048, 2048, 2048, 2048]","[2048, 2048, 2048, 2048, 2049, 2048, 2048, 2048, 2048]","[2049, 2048, 2048, 2048, 2048, 2048, 2049]",317.0
1208,9078,81,53,2023-05-07T20:55:37.252000+00:00,31.214,35.362,26.03,215.0,188.0,False,92.606,"[None, 2048, 2048, 2048, 2048, 2048, 2048, 2049, 2048]","[2048, 2048, 2048, 2048, 2048, 2048, 2048, 2048, 2048]","[2049, 2048, 2048, 2048, 2048, 2049, 2048]",304.0
1208,9078,2,53,2023-05-07T20:55:45.158000+00:00,31.401,35.343,27.582,211.0,184.0,False,94.326,"[None, 2049, 2048, 2048, 2048, 2048, 2048, 2048, 2048]","[2048, 2048, 2048, 2048, 2048, 2048, 2048, 2048, 2048]","[2048, 2048, 2048, 2048, 2048, 2048]",282.0
1208,9078,14,54,2023-05-07T20:55:47.158000+00:00,30.832,34.996,25.626,210.0,188.0,False,91.454,"[None, 2048, 2048, 2048, 2049, 2048, 2048, 2048, 2048]","[2048, 2048, 2048, 2048, 2048, 2048, 2048, 2048, 2048]","[2048, 2048, 2048, 2051, 2048, 2048]",321.0
1208,9078,63,54,2023-05-07T20:55:54.439000+00:00,30.872,34.973,25.77,215.0,188.0,False,91.615,"[None, 2048, 2048, 2049, 2048, 2048, 2048, 2048, 2048]","[2048, 2048, 2048, 2048, 2048, 2048, 2048, 2048, 2048]","[2048, 2048, 2048, 2048, 2048, 2048, 2048]",316.0
1208,9078,55,54,2023-05-07T20:55:57.627000+00:00,31.017,34.823,25.714,215.0,188.0,False,91.554,"[None, 2048, 2048, 2048, 2048, 2048, 2048, 2048, 2048]","[2048, 2048, 2048, 2048, 2048, 2048, 2048, 2048, 2048]","[2048, 2048, 2048, 2048, 2048, 2048, 2048]",313.0
1208,9078,16,54,2023-05-07T20:56:11.830000+00:00,31.148,35.738,25.467,216.0,188.0,False,92.353,"[None, 2048, 2048, 2048, 2048, 2049, 2049, 2048, 2048]","[2048, 2048, 2048, 2048, 2048, 2048, 2048, 2048, 2048]","[2048, 2048, 2048, 2048, 2048, 2048, 2048]",328.0
1208,9078,44,54,2023-05-07T20:56:12.377000+00:00,31.188,34.394,25.721,215.0,189.0,False,91.303,"[None, 2048, 2048, 2048, 2048, 2048, 2048, 2048, 2048]","[2048, 2048, 2048, 2048, 2049, 2048, 2048, 2048, 2048]","[2048, 2048, 2048, 2048, 2048, 2048]",317.0
1208,9078,10,54,2023-05-07T20:56:13.455000+00:00,31.418,35.172,25.803,,187.0,False,92.393,"[None, 2048, 2048, 2048, 2048, 2048, 2048, 2048, 2048]","[2049, 2048, 2048, 2048, 2048, 2048, 2048, 2048, 2048]","[2048, 2048, 2048, 2048, 2048, 2048, 2048]",303.0
1208,9078,31,54,2023-05-07T20:56:19.002000+00:00,30.968,34.928,25.641,215.0,188.0,False,91.537,"[None, 2048, 2048, 2048, 2048, 2049, 2049, 2049, 2048]","[2048, 2048, 2048, 2048, 2048, 2048, 2048, 2048, 2048]","[2048, 2048, 2048, 2048, 2048, 2048, 2048]",314.0
1208,9078,20,54,2023-05-07T20:56:21.720000+00:00,31.175,34.97,25.748,212.0,188.0,False,91.893,"[None, 2048, 2049, 2048, 2048, 2048, 2048, 2048, 2048]","[2048, 2048, 2048, 2048, 2048, 2048, 2048, 2048, 2048]","[2049, 2048, 2048, 2048, 2048, 2048, 2048]",317.0
1208,9078,22,54,2023-05-07T20:56:25.470000+00:00,30.97,34.82,25.692,217.0,189.0,False,91.482,"[None, 2048, 2048, 2048, 2049, 2048, 2048, 2048, 2048]","[2048, 2048, 2048, 2048, 2048, 2048, 2048, 2048, 2048]","[2048, 2048, 2048, 2048, 2048, 2048, 2048]",314.0
1208,9078,18,54,2023-05-07T20:56:26.955000+00:00,30.848,34.691,25.537,214.0,188.0,False,91.076,"[None, 2048, 2048, 2048, 2049, 2049, 2048, 2048, 2048]","[2048, 2048, 2048, 2048, 2048, 2048, 2048, 2048, 2048]","[2048, 2048, 2048, 2048, 2048, 2048]",326.0
1208,9078,77,54,2023-05-07T20:56:29.877000+00:00,31.194,35.094,25.9,216.0,189.0,False,92.188,"[None, 2048, 2048, 2048, 2048, 2048, 2048, 2048, 2048]","[2048, 2048, 2048, 2048, 2048, 2048, 2048, 2048, 2048]","[2048, 2048, 2048, 2048, 2048, 2048, 2048]",313.0
1208,9078,23,54,2023-05-07T20:56:30.892000+00:00,31.36,34.967,25.777,212.0,186.0,False,92.104,"[None, 2048, 2048, 2048, 2048, 2049, 2048, 2048, 2048]","[2048, 2048, 2048, 2048, 2048, 2048, 2048, 2048, 2048]","[2048, 2048, 2048, 2048, 2048, 2048, 2048]",319.0
1208,9078,27,54,2023-05-07T20:56:31.564000+00:00,31.634,35.035,25.616,214.0,188.0,False,92.285,"[None, 2048, 2048, 2048, 2048, 2048, 2048, 2048, 2048]","[2048, 2048, 2048, 2048, 2048, 2048, 2048, 2048, 2048]","[2048, 2048, 2048, 2048, 2048, 2048, 2049]",333.0
1208,9078,24,54,2023-05-07T20:56:36.876000+00:00,31.004,35.093,25.828,213.0,187.0,False,91.925,"[None, 2048, 2048, 2048, 2048, 2048, 2048, 2049, 2048]","[2048, 2048, 2048, 2048, 2048, 2048, 2048, 2048, 2048]","[2048, 2048, 2048, 2049, 2048, 2048, 2048]",313.0
1208,9078,4,54,2023-05-07T20:56:42.861000+00:00,31.536,35.402,26.007,212.0,185.0,False,92.945,"[None, 2048, 2048, 2048, 2048, 2048, 2048, 2048, 2048]","[2048, 2048, 2048, 2048, 2048, 2048, 2048, 2048, 2048]","[2048, 2048, 2048, 2048, 2048, 2048, 2048]",308.0
1208,9078,21,54,2023-05-07T20:56:47.767000+00:00,30.948,35.115,25.85,215.0,188.0,False,91.913,"[None, 2048, 2049, 2049, 2049, 2049, 2048, 2048, 2048]","[2049, 2049, 2048, 2048, 2048, 2048, 2048, 2048, 2048]","[2049, 2048, 2048, 2048, 2048, 2048, 2049]",312.0
1208,9078,1,55,2023-05-07T20:56:55.845000+00:00,30.556,34.334,25.501,,191.0,False,90.391,"[None, 2048, 2048, 2048, 2049, 2049, 2048, 2048, 2048]","[2049, 2048, 2048, 2048, 2048, 2048, 2048, 2049, 2048]","[2049, 2048, 2048, 2048, 2048, 2048, 2048]",318.0
1208,9078,11,55,2023-05-07T20:56:58.876000+00:00,30.535,34.575,25.525,212.0,188.0,False,90.635,"[None, 2049, 2048, 2048, 2051, 2051, 2048, 2048, 2048]","[2048, 2048, 2048, 2048, 2048, 2048, 2048, 2048, 2048]","[2049, 2048, 2048, 2048, 2048, 2049, 2048]",320.0
1208,9078,81,54,2023-05-07T20:57:09.860000+00:00,31.301,35.037,26.016,211.0,189.0,False,92.354,"[None, 2048, 2048, 2048, 2049, 2049, 2048, 2048, 2048]","[2048, 2048, 2048, 2048, 2048, 2048, 2048, 2048, 2048]","[2049, 2048, 2048, 2048, 2048, 2048, 2048]",304.0
1208,9078,14,55,2023-05-07T20:57:18.612000+00:00,30.86,35.079,25.821,214.0,188.0,False,91.76,"[None, 2048, 2048, 2048, 2048, 2048, 2049, 2048, 2048]","[2048, 2048, 2048, 2048, 2048, 2048, 2048, 2048, 2048]","[2048, 2048, 2048, 2048, 2048, 2048, 2048]",285.0
1208,9078,2,54,2023-05-07T20:57:19.517000+00:00,31.847,35.271,25.947,210.0,185.0,False,93.065,"[2049, 2049, 2048, 2048, 2048, 2048, 2048, 2048, 2048]","[2048, 2049, 2049, 2048, 2048, 2048, 2048, 2048, 2048]","[2049, 2048, 2048, 2048, 2048, 2048, 2049]",323.0
1208,9078,63,55,2023-05-07T20:57:25.970000+00:00,30.808,34.68,25.832,214.0,188.0,False,91.32,"[None, 2048, 2048, 2048, 2048, 2048, 2048, 2048, 2048]","[2048, 2048, 2048, 2048, 2048, 2048, 2048, 2048, 2048]","[2048, 2048, 2048, 2048, 2048, 2048, 2048]",317.0
1208,9078,55,55,2023-05-07T20:57:29.142000+00:00,30.94,34.64,25.782,216.0,188.0,False,91.362,"[None, 2048, 2048, 2048, 2049, 2048, 2048, 2048, 2048]","[2049, 2048, 2048, 2048, 2048, 2048, 2048, 2048, 2048]","[2049, 2048, 2048, 2048, 2048, 2048, 2048]",313.0
1208,9078,44,55,2023-05-07T20:57:43.688000+00:00,30.584,34.654,25.749,212.0,189.0,False,90.987,"[None, 2048, 2048, 2051, 2048, 2048, 2049, 2049, 2048]","[2048, 2048, 2048, 2048, 2048, 2048, 2048, 2048, 2048]","[2048, 2048, 2048, 2048, 2048, 2048, 2048]",317.0
1208,9078,16,55,2023-05-07T20:57:44.282000+00:00,31.306,34.855,25.671,214.0,188.0,False,91.832,"[None, 2048, 2048, 2048, 2048, 2048, 2048, 2048, 2048]","[2048, 2048, 2048, 2048, 2048, 2048, 2048, 2048, 2048]","[2048, 2048, 2048, 2048, 2048, 2048, 2048]",314.0
1208,9078,10,55,2023-05-07T20:57:45.891000+00:00,31.178,34.908,25.885,215.0,188.0,False,91.971,"[None, 2048, 2048, 2049, 2049, 2048, 2048, 2048, 2048]","[2048, 2048, 2048, 2048, 2048, 2048, 2048, 2048, 2048]","[2048, 2048, 2048, 2048, 2048, 2048, 2048]",298.0
1208,9078,31,55,2023-05-07T20:57:50.516000+00:00,30.866,34.75,25.673,216.0,188.0,False,91.289,"[None, 2048, 2048, 2049, 2048, 2049, 2049, 2049, 2048]","[2048, 2048, 2048, 2048, 2048, 2048, 2048, 2049, 2048]","[2048, 2048, 2048, 2048, 2048, 2049, 2048]",313.0
1208,9078,20,55,2023-05-07T20:57:53.626000+00:00,30.923,34.907,25.905,216.0,185.0,False,91.735,"[None, 2048, 2048, 2048, 2049, 2049, 2048, 2049, 2048]","[2049, 2048, 2048, 2048, 2048, 2048, 2048, 2048, 2048]","[2048, 2048, 2048, 2048, 2048, 2048, 2048]",316.0
1208,9078,22,55,2023-05-07T20:57:56.938000+00:00,30.866,34.619,25.705,216.0,187.0,False,91.19,"[None, 2048, 2048, 2049, 2049, 2049, 2048, 2048, 2048]","[2048, 2048, 2048, 2048, 2048, 2049, 2048, 2048, 2048]","[2048, 2048, 2048, 2048, 2048, 2048, 2048]",319.0
1208,9078,18,55,2023-05-07T20:57:58.094000+00:00,30.835,34.612,25.531,213.0,188.0,False,90.978,"[None, 2048, 2048, 2049, 2048, 2048, 2048, 2048, 2048]","[2048, 2048, 2048, 2048, 2048, 2048, 2048, 2048, 2048]","[2048, 2048, 2048, 2048, 2048, 2048, 2048]",325.0
1208,9078,77,55,2023-05-07T20:58:02.016000+00:00,31.049,35.111,25.903,217.0,189.0,False,92.063,"[None, 2048, 2048, 2048, 2048, 2049, 2048, 2048, 2048]","[2048, 2048, 2048, 2048, 2048, 2048, 2048, 2048, 2048]","[2048, 2048, 2048, 2048, 2048, 2048, 2048]",318.0
1208,9078,23,55,2023-05-07T20:58:02.985000+00:00,31.207,34.909,25.736,209.0,186.0,False,91.852,"[2049, 2048, 2048, 2048, 2048, 2048, 2048, 2048, 2048]","[2048, 2048, 2048, 2048, 2048, 2048, 2048, 2048, 2048]","[2048, 2048, 2048, 2048, 2048, 2048, 2048]",332.0
1208,9078,27,55,2023-05-07T20:58:03.813000+00:00,31.362,34.946,25.78,,188.0,False,92.088,"[None, 2048, 2048, 2048, 2048, 2048, 2048, 2048, 2048]","[2048, 2048, 2048, 2048, 2048, 2048, 2048, 2048, 2048]","[2048, 2048, 2048, 2048, 2048, 2048, 2048]",321.0
1208,9078,24,55,2023-05-07T20:58:08.829000+00:00,31.086,35.01,25.796,214.0,187.0,False,91.892,"[None, 2048, 2048, 2048, 2048, 2048, 2048, 2048, 2048]","[2048, 2048, 2048, 2048, 2048, 2048, 2048, 2048, 2048]","[2048, 2048, 2048, 2048, 2048, 2048, 2048]",314.0
1208,9078,4,55,2023-05-07T20:58:15.797000+00:00,31.446,35.256,25.993,,187.0,False,92.695,"[None, 2048, 2048, 2048, 2048, 2048, 2048, 2048, 2048]","[2048, 2048, 2048, 2048, 2048, 2048, 2048, 2048, 2048]","[2049, 2048, 2048, 2048, 2048, 2048, 2048]",306.0
1208,9078,21,55,2023-05-07T20:58:19.641000+00:00,30.865,35.147,25.976,214.0,188.0,False,91.988,"[None, 2048, 2048, 2049, 2048, 2048, 2049, 2048, 2048]","[2048, 2049, 2048, 2048, 2048, 2048, 2048, 2048, 2048]","[2049, 2048, 2048, 2048, 2048, 2048]",314.0
1208,9078,1,56,2023-05-07T20:58:26.282000+00:00,30.233,34.098,25.377,,191.0,False,89.708,"[None, 2048, 2048, 2049, 2051, 2051, 2048, 2049, 2048]","[2049, 2049, 2048, 2048, 2048, 2049, 2048, 2048, 2048]","[2049, 2048, 2048, 2048, 2048, 2048, 2049]",324.0
1208,9078,11,56,2023-05-07T20:58:29.531000+00:00,30.691,34.798,26.009,209.0,188.0,False,91.498,"[None, 2048, 2048, 2048, 2048, 2048, 2048, 2048, 2048]","[2048, 2048, 2048, 2048, 2048, 2048, 2048, 2048, 2048]","[2048, 2048, 2048, 2048, 2048, 2048, 2048]",307.0
1208,9078,81,55,2023-05-07T20:58:42.219000+00:00,31.224,35.09,26.17,215.0,188.0,False,92.484,"[None, 2048, 2048, 2048, 2048, 2048, 2048, 2048, 2048]","[2049, 2048, 2048, 2048, 2048, 2049, 2048, 2048, 2048]","[2048, 2048, 2048, 2048, 2048, 2048, 2048]",304.0
1208,9078,14,56,2023-05-07T20:58:50.437000+00:00,30.988,34.951,25.656,213.0,189.0,False,91.595,"[None, 2048, 2048, 2048, 2048, 2048, 2048, 2048, 2048]","[2048, 2048, 2048, 2048, 2048, 2048, 2048, 2048, 2048]","[2048, 2048, 2048, 2048, 2048, 2048, 2048]",307.0
1208,9078,2,55,2023-05-07T20:58:52.562000+00:00,32.261,35.177,25.937,211.0,184.0,False,93.375,"[2048, 2048, 2048, 2048, 2048, 2048, 2048, 2048, 2048]","[2048, 2048, 2048, 2048, 2048, 2048, 2048, 2048, 2048]","[2048, 2048, 2048, 2048, 2048, 2048]",322.0
1208,9078,63,56,2023-05-07T20:58:57.297000+00:00,30.768,34.587,25.747,215.0,188.0,False,91.102,"[None, 2048, 2048, 2048, 2048, 2048, 2048, 2048, 2048]","[2048, 2048, 2048, 2048, 2048, 2048, 2048, 2048, 2048]","[2048, 2048, 2048, 2048, 2048, 2048, 2048]",318.0
1208,9078,55,56,2023-05-07T20:59:00.547000+00:00,31.026,34.885,25.796,215.0,187.0,False,91.707,"[None, 2048, 2048, 2048, 2048, 2048, 2048, 2048, 2048]","[2048, 2048, 2048, 2048, 2048, 2048, 2048, 2048, 2048]","[2048, 2048, 2048, 2048, 2048, 2048, 2048]",316.0
1208,9078,44,56,2023-05-07T20:59:14.734000+00:00,30.953,35.256,25.821,213.0,189.0,False,92.03,"[None, 2048, 2048, 2048, 2048, 2048, 2048, 2048, 2048]","[2048, 2048, 2048, 2048, 2048, 2048, 2048, 2048, 2048]","[2048, 2048, 2048, 2048, 2048, 2048, 2048]",313.0
1208,9078,16,56,2023-05-07T20:59:16.140000+00:00,31.029,34.887,25.711,212.0,188.0,False,91.627,"[None, 2048, 2048, 2048, 2049, 2049, 2048, 2048, 2048]","[2048, 2048, 2048, 2048, 2048, 2048, 2048, 2048, 2048]","[2048, 2048, 2048, 2048, 2048, 2048, 2048]",314.0
1208,9078,10,56,2023-05-07T20:59:17.828000+00:00,31.222,35.003,25.8,214.0,188.0,False,92.025,"[None, 2048, 2048, 2048, 2049, 2048, 2048, 2048, 2048]","[2048, 2048, 2048, 2048, 2048, 2048, 2048, 2048, 2048]","[2049, 2048, 2048, 2048, 2048, 2048, 2049]",303.0
1208,9078,31,56,2023-05-07T20:59:21.734000+00:00,30.724,34.797,25.622,217.0,189.0,False,91.143,"[None, 2048, 2049, 2048, 2049, 2048, 2049, 2049, 2048]","[2048, 2048, 2048, 2048, 2048, 2048, 2048, 2048, 2048]","[2048, 2048, 2048, 2048, 2048, 2048, 2049]",314.0
1208,9078,20,56,2023-05-07T20:59:25.359000+00:00,30.994,34.968,25.795,212.0,186.0,False,91.757,"[None, 2049, 2048, 2048, 2049, 2048, 2048, 2048, 2048]","[2048, 2048, 2048, 2048, 2048, 2048, 2048, 2048, 2048]","[2048, 2048, 2048, 2048, 2048, 2048]",318.0
1208,9078,22,56,2023-05-07T20:59:28.171000+00:00,30.756,34.715,25.567,215.0,187.0,False,91.038,"[None, 2048, 2048, 2049, 2048, 2048, 2049, 2048, 2048]","[2048, 2048, 2048, 2048, 2048, 2048, 2048, 2048, 2048]","[2048, 2048, 2048, 2048, 2048, 2049, 2048]",320.0
1208,9078,18,56,2023-05-07T20:59:29.015000+00:00,30.765,34.779,25.336,,189.0,False,90.88,"[None, 2048, 2048, 2049, 2049, 2048, 2048, 2048, 2048]","[2048, 2048, 2048, 2048, 2048, 2048, 2048, 2048, 2048]","[2048, 2048, 2048, 2049, 2048, 2048, 2048]",342.0
1208,9078,77,56,2023-05-07T20:59:34.234000+00:00,30.914,34.975,25.949,218.0,190.0,False,91.838,"[None, 2049, 2048, 2049, 2049, 2048, 2048, 2048, 2048]","[2048, 2048, 2048, 2048, 2048, 2048, 2048, 2048, 2048]","[2049, 2048, 2048, 2048, 2048, 2048, 2048]",313.0
1208,9078,23,56,2023-05-07T20:59:34.859000+00:00,31.503,34.864,25.78,213.0,186.0,False,92.147,"[None, 2049, 2048, 2048, 2048, 2049, 2048, 2048, 2048]","[2048, 2048, 2048, 2048, 2048, 2048, 2048, 2048, 2048]","[2048, 2048, 2048, 2048, 2048, 2048, 2048]",326.0
1208,9078,27,56,2023-05-07T20:59:35.890000+00:00,31.339,35.064,25.798,209.0,188.0,False,92.201,"[None, 2048, 2048, 2048, 2049, 2048, 2048, 2048, 2048]","[2048, 2048, 2048, 2048, 2048, 2048, 2048, 2048, 2048]","[2048, 2048, 2048, 2048, 2048, 2048, 2048]",319.0
1208,9078,24,56,2023-05-07T20:59:40.703000+00:00,31.028,34.929,25.779,,188.0,False,91.736,"[None, 2048, 2048, 2048, 2049, 2048, 2049, 2048, 2048]","[2048, 2048, 2048, 2048, 2048, 2048, 2048, 2048, 2048]","[2048, 2048, 2048, 2048, 2048, 2048, 2048]",315.0
1208,9078,4,56,2023-05-07T20:59:48.702000+00:00,31.275,35.3,25.995,215.0,187.0,False,92.57,"[None, 2048, 2048, 2049, 2049, 2049, 2048, 2048, 2048]","[2049, 2048, 2048, 2048, 2048, 2048, 2048, 2048, 2048]","[2048, 2048, 2048, 2048, 2048, 2048]",310.0
1208,9078,21,56,2023-05-07T20:59:51.640000+00:00,30.783,35.219,25.928,217.0,185.0,False,91.93,"[None, 2048, 2049, 2049, 2049, 2049, 2049, 2048, 2048]","[2049, 2049, 2048, 2048, 2048, 2048, 2048, 2048, 2048]","[2048, 2048, 2048, 2048, 2048, 2049, 2049]",314.0
1208,9078,1,57,2023-05-07T20:59:55.952000+00:00,30.459,34.397,25.417,,191.0,False,90.273,"[None, 2048, 2048, 2048, 2048, 2048, 2048, 2048, 2049]","[2051, 2049, 2048, 2048, 2048, 2048, 2048, 2048, 2048]","[2049, 2048, 2048, 2048, 2048, 2048]",315.0
1208,9078,11,57,2023-05-07T21:00:01.030000+00:00,30.441,34.662,25.457,214.0,185.0,False,90.56,"[None, 2048, 2049, 2048, 2051, 2048, 2048, 2048, 2048]","[2048, 2048, 2048, 2048, 2048, 2048, 2048, 2048, 2048]","[2048, 2048, 2049, 2048, 2048, 2048, 2048]",320.0
1208,9078,81,56,2023-05-07T21:00:14.687000+00:00,31.089,35.046,25.871,214.0,188.0,False,92.006,"[None, 2048, 2048, 2048, 2049, 2049, 2048, 2048, 2048]","[2048, 2048, 2048, 2048, 2048, 2048, 2048, 2048, 2048]","[2048, 2048, 2048, 2048, 2049, 2048, 2048]",311.0
1208,9078,14,57,2023-05-07T21:00:22.124000+00:00,30.435,34.583,25.501,216.0,189.0,False,90.519,"[None, 2048, 2048, 2049, 2049, 2049, 2049, 2051, 2048]","[2049, 2048, 2048, 2048, 2048, 2048, 2048, 2049, 2048]","[2049, 2048, 2048, 2048, 2048, 2048, 2048]",321.0
1208,9078,2,56,2023-05-07T21:00:25.936000+00:00,31.618,35.244,27.779,213.0,187.0,False,94.641,"[None, 2048, 2048, 2048, 2048, 2048, 2048, 2048, 2048]","[2048, 2048, 2048, 2048, 2048, 2048, 2048, 2048, 2048]","[2049, 2048, 2048, 2048, 2048, 2048, 2048]",234.0
1208,9078,63,57,2023-05-07T21:00:28.483000+00:00,30.739,34.683,25.593,216.0,189.0,False,91.015,"[None, 2048, 2048, 2048, 2048, 2049, 2048, 2048, 2048]","[2049, 2048, 2048, 2048, 2048, 2048, 2048, 2048, 2048]","[2049, 2048, 2048, 2048, 2048, 2049, 2048]",316.0
1208,9078,55,57,2023-05-07T21:00:32.233000+00:00,31.046,34.781,25.636,217.0,191.0,False,91.463,"[None, 2048, 2048, 2048, 2048, 2048, 2048, 2048, 2048]","[2048, 2048, 2048, 2048, 2048, 2048, 2048, 2048, 2048]","[2049, 2048, 2048, 2048, 2048, 2048]",318.0
1208,9078,44,57,2023-05-07T21:00:46.749000+00:00,30.349,34.629,25.691,214.0,189.0,False,90.669,"[None, 2049, 2048, 2048, 2048, 2049, 2051, 2048, 2049]","[2048, 2048, 2048, 2048, 2048, 2048, 2048, 2048, 2048]","[2048, 2048, 2048, 2048, 2048, 2048, 2048]",317.0
1208,9078,16,57,2023-05-07T21:00:47.733000+00:00,30.867,34.765,25.802,214.0,187.0,False,91.434,"[None, 2049, 2048, 2048, 2049, 2049, 2049, 2048, 2048]","[2048, 2048, 2048, 2048, 2048, 2048, 2048, 2048, 2048]","[2048, 2048, 2048, 2048, 2048, 2048]",320.0
1208,9078,10,57,2023-05-07T21:00:49.827000+00:00,31.122,34.896,25.996,215.0,189.0,False,92.014,"[None, 2048, 2048, 2048, 2049, 2048, 2048, 2048, 2048]","[2048, 2048, 2048, 2048, 2048, 2048, 2048, 2048, 2048]","[2049, 2048, 2048, 2048, 2048, 2048, 2048]",293.0
1208,9078,31,57,2023-05-07T21:00:52.858000+00:00,30.862,34.838,25.729,216.0,188.0,False,91.429,"[None, 2048, 2048, 2048, 2048, 2049, 2048, 2048, 2048]","[2048, 2048, 2048, 2048, 2048, 2048, 2048, 2048, 2048]","[2048, 2048, 2048, 2048, 2048, 2048, 2048]",309.0
1208,9078,20,57,2023-05-07T21:00:57.108000+00:00,31.162,35.084,25.779,213.0,187.0,False,92.025,"[None, 2048, 2048, 2048, 2048, 2048, 2048, 2048, 2048]","[2048, 2048, 2048, 2048, 2048, 2048, 2048, 2048, 2048]","[2048, 2048, 2048, 2048, 2048, 2048, 2048]",322.0
1208,9078,22,57,2023-05-07T21:00:59.249000+00:00,30.89,34.816,25.619,216.0,189.0,False,91.325,"[None, 2049, 2048, 2048, 2048, 2048, 2048, 2049, 2048]","[2048, 2048, 2048, 2048, 2048, 2048, 2048, 2048, 2048]","[2048, 2048, 2048, 2048, 2048, 2048, 2048]",322.0
1208,9078,18,57,2023-05-07T21:00:59.905000+00:00,30.901,34.82,25.326,214.0,189.0,False,91.047,"[None, 2048, 2048, 2048, 2048, 2048, 2048, 2048, 2048]","[2048, 2048, 2048, 2048, 2048, 2048, 2048, 2048, 2048]","[2048, 2048, 2048, 2051, 2048, 2048, 2048]",343.0
1208,9078,77,57,2023-05-07T21:01:05.952000+00:00,30.911,35.154,25.829,216.0,190.0,False,91.894,"[None, 2048, 2048, 2048, 2048, 2049, 2049, 2048, 2048]","[2048, 2048, 2048, 2048, 2048, 2048, 2048, 2048, 2048]","[2049, 2048, 2048, 2048, 2048, 2048]",319.0
1208,9078,23,57,2023-05-07T21:01:06.967000+00:00,31.25,34.933,25.875,214.0,185.0,False,92.058,"[2048, 2048, 2048, 2048, 2048, 2049, 2049, 2048, 2048]","[2049, 2049, 2048, 2048, 2048, 2048, 2048, 2048, 2048]","[2049, 2048, 2048, 2048, 2048, 2048, 2048]",319.0
1208,9078,27,57,2023-05-07T21:01:08.202000+00:00,31.66,35.405,25.959,213.0,186.0,False,93.024,"[None, 2048, 2048, 2048, 2048, 2048, 2048, 2048, 2048]","[2048, 2048, 2048, 2048, 2048, 2048, 2048, 2048, 2048]","[2048, 2048, 2048, 2048, 2048, 2048, 2048]",315.0
1208,9078,24,57,2023-05-07T21:01:12.467000+00:00,31.248,35.082,25.854,215.0,187.0,False,92.184,"[None, 2048, 2048, 2048, 2048, 2048, 2048, 2048, 2048]","[2048, 2048, 2048, 2048, 2048, 2048, 2048, 2048, 2048]","[2049, 2048, 2048, 2048, 2048, 2048]",314.0
1208,9078,4,57,2023-05-07T21:01:21.045000+00:00,31.281,35.221,26.337,210.0,187.0,False,92.839,"[None, 2048, 2048, 2048, 2048, 2048, 2048, 2049, 2048]","[2048, 2048, 2048, 2048, 2048, 2048, 2048, 2048, 2048]","[2049, 2048, 2048, 2048, 2048, 2048, 2048]",278.0
1208,9078,21,57,2023-05-07T21:01:23.592000+00:00,30.768,34.978,25.816,214.0,188.0,False,91.562,"[None, 2048, 2048, 2048, 2048, 2049, 2049, 2048, 2048]","[2048, 2048, 2048, 2048, 2048, 2048, 2048, 2048, 2048]","[2049, 2048, 2048, 2048, 2048, 2049, 2048]",319.0
1208,9078,1,58,2023-05-07T21:01:26.108000+00:00,,,,,,False,,"[None, 2048, 2048, 2048, 2048, 2048, 2048, 2048, 2048]","[2048, 2048, 2048, 2048, 2048, 2048, 2048, 2048, 2048]",[2048],
