meeting_key,session_key,driver_number,lap_number,date_start,duration_sector_1,duration_sector_2,duration_sector_3,i1_speed,i2_speed,is_pit_out_lap,lap_duration,segments_sector_1,segments_sector_2,segments_sector_3,st_speed
1212,9110,1,1,2023-06-18T18:03:05.483000+00:00,27.075,25.105,31.257,250.0,267.0,False,83.437,"[2049, 2049, 2051, 2051, 2049]","[2051, 2049, 2049, 2051, 2049, 2049]","[2051, 2049, 2049, 2049, 2049, 2051, 0]",300.0
1212,9110,14,1,2023-06-18T18:03:05.483000+00:00,28.282,25.329,31.639,247.0,273.0,False,85.25,"[2049, 2049, 2049, 2049, 2049]","[2049, 2049, 2049, 2049, 2049, 2049]","[2049, 2049, 2049, 2049, 2049, 2049, 0]",301.0
1212,9110,44,1,2023-06-18T18:03:05.483000+00:00,27.663,25.153,31.543,250.0,273.0,False,84.359,"[2049, 2049, 2049, 2049, 2051]","[2049, 2051, 2049, 2049, 2051, 2049]","[2049, 2049, 2049, 2049, 2049, 2049, 2051]",304.0
1212,9110,27,1,2023-06-18T18:03:05.483000+00:00,29.749,25.855,31.88,235.0,270.0,False,87.484,"[2049, 2049, 2049, 2049, 2049]","[2049, 2049, 2049, 2049, 2049, 2049]","[2049, 2049, 2049, 2049, 2049, 2049, 0]",303.0
1212,9110,63,1,2023-06-18T18:03:05.483000+00:00,28.676,25.462,31.643,245.0,274.0,False,85.781,"[2049, 2051, 2049, 2049, 2049]","[2049, 2049, 2051, 2049, 2049, 2049]","[2049, 2049, 2049, 2049, 2049, 2049, 2049]",304.0
1212,9110,31,1,2023-06-18T18:03:05.483000+00:00,29.15,25.75,31.834,249.0,273.0,False,86.734,"[2051, 2049, 2049, 2049, 2049]","[2049, 2049, 2049, 2049, 2049, 2049]","[2049, 2049, 2049, 2049, 2049, 2049, 2049]",306.0
1212,9110,4,1,2023-06-18T18:03:05.483000+00:00,30.176,26.397,31.88,236.0,274.0,False,88.453,"[2049, 2049, 2049, 2049, 2049]","[2049, 2049, 2049, 2049, 2049, 2049]","[2049, 2049, 2049, 2049, 2049, 2049, 2049]",299.0
1212,9110,81,1,2023-06-18T18:03:05.483000+00:00,29.956,26.103,31.753,239.0,275.0,False,87.812,"[2049, 2049, 2049, 2049, 2049]","[2049, 2049, 2049, 2049, 2049, 2049]","[2049, 2049, 2049, 2049, 2049, 2049, 2051]",306.0
1212,9110,23,1,2023-06-18T18:03:05.483000+00:00,31.163,26.375,31.993,238.0,279.0,False,89.531,"[2049, 2049, 2049, 2049, 2049]","[2049, 2049, 2049, 2049, 2049, 2049]","[2049, 2049, 2049, 2049, 2049, 2049, 0]",313.0
1212,9110,16,1,2023-06-18T18:03:05.483000+00:00,30.564,26.469,31.936,235.0,272.0,False,88.969,"[2049, 2049, 2049, 2049, 2049]","[2049, 2049, 2049, 2049, 2049, 2049]","[2049, 2049, 2049, 2049, 2049, 2049, 2049]",305.0
1212,9110,55,1,2023-06-18T18:03:05.483000+00:00,31.52,27.393,31.649,230.0,277.0,False,90.562,"[2049, 2049, 2049, 2049, 2049]","[2049, 2049, 2049, 2049, 2049, 2049]","[2049, 2049, 2049, 2049, 2049, 2049, 0]",315.0
1212,9110,11,1,2023-06-18T18:03:05.483000+00:00,31.407,27.516,32.202,238.0,270.0,False,91.125,"[2049, 2049, 2049, 2049, 2049]","[2049, 2049, 2049, 2049, 2049, 2049]","[2049, 2049, 2049, 2049, 2049, 2049, 2049]",306.0
1212,9110,20,1,2023-06-18T18:03:05.483000+00:00,31.946,27.202,33.243,245.0,278.0,False,92.391,"[2049, 2049, 2049, 2049, 2049]","[2049, 2049, 2049, 2049, 2049, 2049]","[2049, 2049, 2049, 2049, 2051, 2049, 2049]",313.0
1212,9110,77,1,2023-06-18T18:03:05.483000+00:00,32.659,27.302,32.508,224.0,278.0,False,92.469,"[2049, 2049, 2049, 2049, 2049]","[2049, 2049, 2049, 2049, 2049, 2049]","[2049, 2049, 2049, 2049, 2049, 2049, 2049]",314.0
1212,9110,10,1,2023-06-18T18:03:05.483000+00:00,32.138,27.139,32.27,232.0,275.0,False,91.547,"[2049, 2049, 2049, 2049, 2049]","[2049, 2049, 2049, 2049, 2049, 2049]","[2049, 2051, 2049, 2049, 2049, 2049, 0]",312.0
1212,9110,18,1,2023-06-18T18:03:05.483000+00:00,32.359,27.148,32.493,235.0,279.0,False,92.0,"[2049, 2049, 2049, 2049, 2049]","[2049, 2049, 2049, 2049, 2049, 2049]","[2049, 2049, 2049, 2049, 2049, 2049, 0]",312.0
1212,9110,21,1,2023-06-18T18:03:05.483000+00:00,33.106,27.366,32.403,201.0,278.0,False,92.875,"[2049, 2049, 2049, 2049, 2049]","[2049, 2049, 2049, 2049, 2049, 2049]","[2049, 2049, 2049, 2049, 2049, 2049, 2049]",315.0
1212,9110,2,1,2023-06-18T18:03:05.483000+00:00,33.321,27.938,32.131,214.0,281.0,False,93.39,"[2049, 2049, 2049, 2049, 2049]","[2049, 2049, 2049, 2049, 2049, 2051]","[2049, 2049, 2051, 2051, 2049, 2049, 0]",318.0
1212,9110,22,1,2023-06-18T18:03:05.483000+00:00,33.513,27.63,48.482,233.0,278.0,False,109.625,"[2049, 2049, 2049, 2049, 2049]","[2049, 2049, 2049, 2049, 2049, 2049]","[2049, 2049, 2049, 2049, 2049, 2064, 2064]",314.0
1212,9110,24,1,2023-06-18T18:03:05.483000+00:00,33.776,27.692,32.735,224.0,280.0,False,94.203,"[2049, 2049, 2049, 2049, 2049]","[2049, 2049, 2049, 2049, 2049, 2049]","[2049, 2049, 2049, 2049, 2049, 2049, 0]",312.0
1212,9110,1,2,2023-06-18T18:04:28.919000+00:00,21.686,25.051,31.338,243.0,270.0,False,78.075,"[2051, 2049, 2048, 2051, 2049]","[2051, 2048, 2049, 2051, 2048, 2049]","[2048, 2048, 2048, 2048, 2049, 2048]",301.0
1212,9110,44,2,2023-06-18T18:04:29.841000+00:00,21.901,25.022,31.474,245.0,273.0,False,78.397,"[None, 2049, 2049, 2049, 2049]","[2049, 2051, 2048, 2049, 2051, 2049]","[2048, 2048, 2048, 2048, 2049, 2051]",304.0
1212,9110,14,2,2023-06-18T18:04:30.732000+00:00,21.897,25.269,31.433,248.0,274.0,False,78.599,"[None, 2049, 2051, 2049, 2049]","[2049, 2048, 2048, 2049, 2049, 2049]","[2048, 2049, 2049, 2049, 2049, 2049]",296.0
1212,9110,63,2,2023-06-18T18:04:31.263000+00:00,22.289,25.181,31.412,250.0,277.0,False,78.882,"[None, 2049, 2049, 2049, 2051]","[2049, 2048, 2048, 2049, 2049, 2049]","[2049, 2048, 2048, 2048, 2049, 2049]",306.0
1212,9110,31,2,2023-06-18T18:04:32.216000+00:00,22.343,25.471,31.517,243.0,270.0,False,79.331,"[2049, 2049, 2049, 2049, 2049]","[2049, 2049, 2049, 2049, 2049, 2049]","[2049, 2049, 2048, 2048, 2049, 2049, 2049]",301.0
1212,9110,27,2,2023-06-18T18:04:32.966000+00:00,22.414,25.382,31.714,240.0,275.0,False,79.51,"[None, 2049, 2049, 2049, 2049]","[2049, 2049, 2049, 2049, 2049, 2049]","[2048, 2048, 2048, 2049, 2049, 2049]",306.0
1212,9110,81,2,2023-06-18T18:04:33.294000+00:00,22.566,25.527,31.66,237.0,275.0,False,79.753,"[None, 2049, 2049, 2049, 2049]","[2049, 2048, 2049, 2049, 2049, 2049]","[2048, 2048, 2048, 2048, 2049, 2049]",307.0
1212,9110,4,2,2023-06-18T18:04:33.935000+00:00,22.501,25.681,31.734,250.0,275.0,False,79.916,"[None, 2049, 2049, 2049, 2049]","[2049, 2048, 2049, 2049, 2049, 2049]","[2049, 2048, 2048, 2049, 2049, 2048, 2048]",307.0
1212,9110,16,2,2023-06-18T18:04:34.451000+00:00,22.384,25.679,31.714,238.0,274.0,False,79.777,"[None, 2049, 2049, 2049, 2049]","[2049, 2049, 2049, 2049, 2049, 2049]","[2049, 2048, 2048, 2049, 2049, 2049]",308.0
1212,9110,23,2,2023-06-18T18:04:35.013000+00:00,22.646,25.424,31.56,252.0,280.0,False,79.63,"[None, 2049, 2049, 2049, 2049]","[2049, 2049, 2049, 2049, 2049, 2051]","[2049, 2048, 2048, 2049, 2049, 2049, 2049]",316.0
1212,9110,55,2,2023-06-18T18:04:36.044000+00:00,22.192,25.321,31.431,246.0,273.0,False,78.944,"[None, 2049, 2049, 2049, 2049]","[2049, 2049, 2049, 2049, 2049, 2049]","[2049, 2049, 2048, 2048, 2048, 2049, 2049]",308.0
1212,9110,11,2,2023-06-18T18:04:36.607000+00:00,22.429,25.183,31.661,250.0,276.0,False,79.273,"[None, 2049, 2049, 2049, 2049]","[2049, 2049, 2049, 2049, 2049, 2049]","[2048, 2049, 2049, 2049, 2049, 2049, 2049]",311.0
1212,9110,10,2,2023-06-18T18:04:37.029000+00:00,22.273,25.274,31.793,250.0,271.0,False,79.34,"[None, 2051, 2049, 2049, 2049]","[2049, 2049, 2049, 2049, 2049, 2049]","[2049, 2048, 2048, 2048, 2049, 2049]",304.0
1212,9110,18,2,2023-06-18T18:04:37.482000+00:00,22.491,25.315,31.803,247.0,273.0,False,79.609,"[None, 2049, 2049, 2049, 2049]","[2049, 2049, 2049, 2049, 2049, 2048]","[2049, 2048, 2048, 2048, 2049, 2049]",301.0
1212,9110,20,2,2023-06-18T18:04:37.873000+00:00,22.814,25.601,31.939,249.0,275.0,False,80.354,"[None, 2049, 2049, 2049, 2049]","[2049, 2049, 2049, 2049, 2049, 2049]","[2049, 2048, 2048, 2048, 2048, 2049]",307.0
1212,9110,77,2,2023-06-18T18:04:37.951000+00:00,23.399,25.368,31.821,251.0,277.0,False,80.588,"[None, 2048, 2049, 2049, 2049]","[2049, 2049, 2049, 2049, 2049, 2049]","[2049, 2048, 2048, 2048, 2049, 2049, 2049]",310.0
1212,9110,21,2,2023-06-18T18:04:38.357000+00:00,23.452,25.52,31.722,247.0,279.0,False,80.694,"[None, 2049, 2049, 2049, 2049]","[2049, 2049, 2049, 2049, 2049, 2049]","[2049, 2048, 2048, 2048, 2049, 2049, 2049]",316.0
1212,9110,2,2,2023-06-18T18:04:38.872000+00:00,23.655,25.555,31.604,243.0,279.0,False,80.814,"[None, 2049, 2049, 2049, 2049]","[2049, 2049, 2051, 2049, 2049, 2049]","[2049, 2048, 2048, 2048, 2049, 2049, 2049]",315.0
1212,9110,24,2,2023-06-18T18:04:39.685000+00:00,23.201,25.59,31.724,247.0,276.0,False,80.515,"[None, 2049, 2049, 2049, 2049]","[2049, 2049, 2049, 2049, 2049, 2048]","[2049, 2049, 2049, 2049, 2049, 2049]",313.0
1212,9110,22,2,2023-06-18T18:04:55.107000+00:00,25.34,25.686,31.381,248.0,275.0,True,82.407,"[2064, 2048, 2049, 2049, 2049]","[2049, 2049, 2048, 2049, 2049, 2049]","[2049, 2049, 2048, 2048, 2049, 2049, 2049]",304.0
1212,9110,1,3,2023-06-18T18:05:46.934000+00:00,21.626,24.909,31.232,246.0,271.0,False,77.767,"[2049, 2049, 2049, 2051, 2049]","[2049, 2049, 2049, 2049, 2048, 2049]","[2048, 2048, 2049, 2048, 2049, 2049, 2049]",300.0
1212,9110,44,3,2023-06-18T18:05:48.231000+00:00,21.739,24.703,31.29,251.0,273.0,False,77.732,"[2049, 2048, 2049, 2049, 2049]","[2051, 2051, 2049, 2051, 2048, 2048]","[2048, 2049, 2049, 2048, 2049, 2051, 2051]",303.0
1212,9110,14,3,2023-06-18T18:05:49.356000+00:00,21.521,24.793,31.124,250.0,275.0,False,77.438,"[2051, 2051, 2051, 2049, 2049]","[2049, 2049, 2049, 2049, 2049, 2049]","[2048, 2048, 2049, 2049, 2049, 2049]",316.0
1212,9110,63,3,2023-06-18T18:05:50.106000+00:00,21.763,24.867,31.366,253.0,275.0,False,77.996,"[None, 2049, 2049, 2049, 2051]","[2049, 2049, 2049, 2049, 2048, 2048]","[2048, 2048, 2048, 2048, 2049, 2048, 2048]",306.0
1212,9110,31,3,2023-06-18T18:05:51.559000+00:00,21.953,25.183,31.326,,268.0,False,78.462,"[None, 2048, 2048, 2049, 2049]","[2049, 2049, 2049, 2049, 2049, 2048]","[2049, 2048, 2048, 2048, 2049, 2049, 2049]",299.0
1212,9110,27,3,2023-06-18T18:05:52.465000+00:00,22.172,25.219,31.312,245.0,276.0,False,78.703,"[None, 2048, 2049, 2049, 2049]","[2049, 2049, 2049, 2048, 2049, 2049]","[2049, 2049, 2049, 2048, 2049, 2049, 2049]",305.0
1212,9110,81,3,2023-06-18T18:05:53.059000+00:00,22.177,25.213,31.099,239.0,277.0,False,78.489,"[None, 2048, 2049, 2049, 2049]","[2049, 2048, 2049, 2049, 2048, 2049]","[2049, 2049, 2049, 2049, 2049, 2048, 2051]",314.0
1212,9110,4,3,2023-06-18T18:05:53.887000+00:00,22.066,25.22,31.205,244.0,275.0,False,78.491,"[None, 2049, 2049, 2049, 2049]","[2048, 2048, 2049, 2049, 2048, 2049]","[2048, 2048, 2049, 2049, 2049, 2049, 2049]",323.0
1212,9110,16,3,2023-06-18T18:05:54.231000+00:00,22.226,25.072,31.23,244.0,278.0,False,78.528,"[None, 2049, 2049, 2049, 2049]","[2049, 2048, 2049, 2049, 2049, 2049]","[2048, 2048, 2049, 2049, 2049, 2048, 2051]",330.0
1212,9110,23,3,2023-06-18T18:05:54.652000+00:00,22.326,25.143,31.149,254.0,279.0,False,78.618,"[None, 2049, 2049, 2049, 2049]","[2048, 2049, 2051, 2049, 2048, 2048]","[2048, 2048, 2049, 2051, 2049, 2049, 2051]",335.0
1212,9110,55,3,2023-06-18T18:05:55.074000+00:00,22.437,25.355,31.068,245.0,276.0,False,78.86,"[2048, 2048, 2048, 2048, 2048]","[2048, 2048, 2049, 2049, 2048, 2048]","[2048, 2048, 2049, 2049, 2049, 2048, 2049]",327.0
1212,9110,11,3,2023-06-18T18:05:55.855000+00:00,22.275,25.088,31.147,244.0,273.0,False,78.51,"[None, 2049, 2049, 2049, 2048]","[2049, 2048, 2049, 2049, 2048, 2048]","[2048, 2049, 2049, 2049, 2049, 2049, 2049]",335.0
1212,9110,10,3,2023-06-18T18:05:56.480000+00:00,22.141,25.136,31.423,246.0,268.0,False,78.7,"[None, 2048, 2048, 2049, 2049]","[2049, 2048, 2049, 2049, 2049, 2048]","[2048, 2048, 2048, 2049, 2049, 2048]",323.0
1212,9110,18,3,2023-06-18T18:05:57.184000+00:00,22.019,25.123,31.243,252.0,279.0,False,78.385,"[None, 2048, 2049, 2049, 2049]","[2049, 2048, 2049, 2049, 2049, 2049]","[2048, 2049, 2049, 2049, 2049, 2048]",332.0
1212,9110,20,3,2023-06-18T18:05:58.230000+00:00,22.041,25.174,31.527,253.0,277.0,False,78.742,"[None, 2048, 2049, 2049, 2049]","[2049, 2049, 2049, 2049, 2049, 2048]","[2049, 2048, 2048, 2048, 2048, 2049, 2049]",314.0
1212,9110,77,3,2023-06-18T18:05:58.559000+00:00,22.279,25.095,31.417,250.0,276.0,False,78.791,"[None, 2049, 2049, 2049, 2049]","[2049, 2048, 2049, 2049, 2051, 2049]","[2049, 2048, 2049, 2049, 2049, 2048, 2049]",325.0
1212,9110,21,3,2023-06-18T18:05:59.059000+00:00,22.494,25.176,31.187,250.0,278.0,False,78.857,"[None, 2049, 2049, 2049, 2048]","[2049, 2049, 2049, 2049, 2049, 2049]","[2049, 2048, 2049, 2049, 2049, 2048, 2049]",332.0
1212,9110,2,3,2023-06-18T18:05:59.699000+00:00,22.631,25.196,31.278,,281.0,False,79.105,"[None, 2049, 2049, 2049, 2049]","[2049, 2049, 2049, 2049, 2049, 2051]","[2048, 2048, 2048, 2049, 2051, 2048, 2049]",333.0
1212,9110,24,3,2023-06-18T18:06:00.402000+00:00,22.562,25.263,31.139,246.0,277.0,False,78.964,"[None, 2048, 2049, 2049, 2049]","[2049, 2049, 2049, 2049, 2049, 2049]","[2049, 2048, 2049, 2049, 2049, 2049, 2049]",333.0
1212,9110,22,3,2023-06-18T18:06:17.559000+00:00,21.857,25.085,31.175,250.0,276.0,False,78.117,"[2049, 2049, 2049, 2049, 2049]","[2049, 2049, 2048, 2049, 2049, 2049]","[2051, 2048, 2048, 2048, 2048, 2049, 2049]",304.0
1212,9110,1,4,2023-06-18T18:07:04.948000+00:00,21.438,24.716,31.049,250.0,269.0,False,77.203,"[None, 2051, 2048, 2051, 2049]","[2049, 2048, 2049, 2049, 2051, 2049]","[2049, 2048, 2049, 2049, 2049, 2051]",301.0
1212,9110,44,4,2023-06-18T18:07:05.917000+00:00,21.431,24.927,31.2,249.0,273.0,False,77.558,"[2051, 2049, 2049, 2049, 2048]","[2048, 2051, 2049, 2051, 2048, 2048]","[2049, 2048, 2049, 2049, 2049, 2048, 2048]",304.0
1212,9110,14,4,2023-06-18T18:07:06.745000+00:00,21.561,24.867,30.898,252.0,277.0,False,77.326,"[2048, 2048, 2048, 2049, 2048]","[2048, 2048, 2048, 2048, 2049, 2049]","[2048, 2048, 2049, 2049, 2049, 2048, 2049]",320.0
1212,9110,63,4,2023-06-18T18:07:08.120000+00:00,21.628,24.788,31.178,,275.0,False,77.594,"[None, 2048, 2048, 2049, 2051]","[2049, 2048, 2048, 2049, 2048, 2048]","[2049, 2048, 2049, 2048, 2048, 2049, 2049]",304.0
1212,9110,31,4,2023-06-18T18:07:10.026000+00:00,21.872,25.14,31.482,,268.0,False,78.494,"[None, 2048, 2049, 2049, 2049]","[2049, 2049, 2049, 2049, 2048, 2048]","[2048, 2049, 2048, 2048, 2048, 2048]",297.0
1212,9110,27,4,2023-06-18T18:07:11.182000+00:00,22.092,25.025,31.579,246.0,276.0,False,78.696,"[None, 2049, 2048, 2049, 2049]","[2049, 2049, 2049, 2049, 2049, 2049]","[2048, 2049, 2049, 2048, 2049, 2048]",304.0
1212,9110,81,4,2023-06-18T18:07:11.588000+00:00,22.576,25.172,31.192,233.0,276.0,False,78.94,"[2048, 2048, 2048, 2048, 2048]","[2048, 2048, 2049, 2049, 2048, 2048]","[2049, 2048, 2048, 2048, 2049, 2049, 2048]",305.0
1212,9110,4,4,2023-06-18T18:07:12.370000+00:00,22.236,25.418,31.128,238.0,274.0,False,78.782,"[None, 2048, 2048, 2048, 2048]","[2048, 2049, 2049, 2048, 2048, 2048]","[2049, 2048, 2049, 2049, 2049, 2048, 2049]",321.0
1212,9110,16,4,2023-06-18T18:07:12.776000+00:00,22.229,25.3,31.119,237.0,278.0,False,78.648,"[None, 2048, 2048, 2048, 2048]","[2048, 2048, 2048, 2048, 2048, 2049]","[2048, 2049, 2049, 2051, 2048, 2049]",336.0
1212,9110,23,4,2023-06-18T18:07:13.292000+00:00,22.385,25.238,31.157,253.0,279.0,False,78.78,"[2048, 2049, 2049, 2048, 2049]","[2048, 2048, 2048, 2048, 2048, 2048]","[2048, 2048, 2048, 2048, 2048, 2049, 2049]",333.0
1212,9110,55,4,2023-06-18T18:07:13.948000+00:00,22.282,25.164,31.133,246.0,277.0,False,78.579,"[2049, 2048, 2048, 2048, 2048]","[2048, 2048, 2049, 2048, 2049, 2049]","[2048, 2048, 2049, 2049, 2048, 2048, 2049]",332.0
1212,9110,11,4,2023-06-18T18:07:14.385000+00:00,22.362,25.187,31.107,246.0,273.0,False,78.656,"[None, 2048, 2048, 2048, 2048]","[2048, 2048, 2049, 2048, 2049, 2048]","[2048, 2048, 2049, 2049, 2048, 2048, 2048]",334.0
1212,9110,10,4,2023-06-18T18:07:15.167000+00:00,22.119,25.234,31.161,245.0,270.0,False,78.514,"[None, 2048, 2049, 2048, 2048]","[2049, 2048, 2049, 2048, 2048, 2048]","[2049, 2048, 2048, 2049, 2048, 2048, 2049]",322.0
1212,9110,18,4,2023-06-18T18:07:15.604000+00:00,22.223,25.235,31.235,244.0,278.0,False,78.693,"[2048, 2048, 2048, 2048, 2048]","[2048, 2048, 2049, 2049, 2048, 2048]","[2048, 2049, 2049, 2048, 2048, 2048, 2049]",329.0
1212,9110,20,4,2023-06-18T18:07:16.963000+00:00,21.969,25.082,31.147,,278.0,False,78.198,"[None, 2048, 2049, 2049, 2048]","[2049, 2049, 2048, 2049, 2049, 2049]","[2048, 2049, 2049, 2049, 2048, 2048, 2049]",330.0
1212,9110,77,4,2023-06-18T18:07:17.370000+00:00,22.297,25.041,31.291,,277.0,False,78.629,"[None, 2048, 2048, 2048, 2048]","[2048, 2049, 2049, 2049, 2049, 2048]","[2048, 2048, 2048, 2049, 2049, 2049]",327.0
1212,9110,21,4,2023-06-18T18:07:17.917000+00:00,22.257,25.166,31.729,,278.0,False,79.152,"[None, 2048, 2049, 2049, 2049]","[2049, 2049, 2049, 2048, 2049, 2049]","[2048, 2048, 2049, 2049, 2049, 2048, 2048]",334.0
1212,9110,2,4,2023-06-18T18:07:18.839000+00:00,22.244,25.179,31.014,245.0,280.0,False,78.437,"[None, 2049, 2049, 2049, 2048]","[2049, 2049, 2049, 2048, 2048, 2048]","[2048, 2048, 2048, 2049, 2048, 2049, 2049]",334.0
1212,9110,24,4,2023-06-18T18:07:19.276000+00:00,22.296,25.302,31.151,247.0,276.0,False,78.749,"[None, 2049, 2049, 2049, 2049]","[2049, 2048, 2048, 2048, 2049, 2049]","[2048, 2048, 2048, 2049, 2048, 2049, 2049]",333.0
1212,9110,22,4,2023-06-18T18:07:35.697000+00:00,21.792,24.978,31.268,252.0,276.0,False,78.038,"[2048, 2048, 2048, 2049, 2049]","[2049, 2049, 2049, 2048, 2049, 2049]","[2048, 2048, 2048, 2048, 2048, 2049]",306.0
1212,9110,1,5,2023-06-18T18:08:21.978000+00:00,21.493,24.718,31.16,,268.0,False,77.371,"[2048, 2048, 2048, 2051, 2049]","[2051, 2048, 2049, 2048, 2048, 2048]","[2048, 2048, 2048, 2049, 2048, 2048, 2048]",302.0
1212,9110,44,5,2023-06-18T18:08:23.525000+00:00,21.529,24.789,31.368,253.0,274.0,False,77.686,"[2048, 2048, 2048, 2048, 2051]","[2048, 2048, 2048, 2048, 2049, 2049]","[2048, 2048, 2048, 2048, 2048, 2048]",304.0
1212,9110,14,5,2023-06-18T18:08:24.134000+00:00,21.737,24.756,31.101,251.0,277.0,False,77.594,"[None, 2048, 2048, 2048, 2049]","[2049, 2048, 2049, 2048, 2048, 2049]","[2049, 2048, 2049, 2049, 2048, 2048, 2048]",322.0
1212,9110,63,5,2023-06-18T18:08:25.759000+00:00,21.708,24.798,31.134,251.0,275.0,False,77.64,"[None, 2048, 2049, 2048, 2048]","[2048, 2048, 2048, 2048, 2049, 2048]","[2048, 2049, 2048, 2048, 2048, 2049, 2049]",304.0
1212,9110,31,5,2023-06-18T18:08:28.509000+00:00,21.807,25.2,31.412,,269.0,False,78.419,"[None, 2049, 2049, 2049, 2048]","[2048, 2048, 2049, 2048, 2049, 2049]","[2048, 2049, 2048, 2048, 2048, 2048]",299.0
1212,9110,27,5,2023-06-18T18:08:29.868000+00:00,22.001,25.054,31.416,250.0,276.0,False,78.471,"[None, 2048, 2048, 2049, 2049]","[2048, 2048, 2048, 2049, 2049, 2049]","[2048, 2048, 2048, 2048, 2049, 2048, 2048]",306.0
1212,9110,81,5,2023-06-18T18:08:30.478000+00:00,22.038,25.186,30.958,240.0,275.0,False,78.182,"[None, 2049, 2049, 2049, 2049]","[2049, 2048, 2048, 2048, 2049, 2048]","[2048, 2048, 2048, 2049, 2049, 2048, 2049]",324.0
1212,9110,4,5,2023-06-18T18:08:31.150000+00:00,22.123,25.125,31.082,247.0,275.0,False,78.33,"[2048, 2048, 2048, 2049, 2048]","[2048, 2049, 2048, 2048, 2049, 2049]","[2048, 2048, 2049, 2049, 2051, 2048]",326.0
1212,9110,16,5,2023-06-18T18:08:31.415000+00:00,22.429,24.996,31.283,,276.0,False,78.708,"[2048, 2048, 2048, 2048, 2048]","[2049, 2048, 2048, 2049, 2048, 2048]","[2048, 2051, 2051, 2051, 2049, 2048, 2048]",339.0
1212,9110,23,5,2023-06-18T18:08:32.056000+00:00,22.335,25.109,30.978,254.0,280.0,False,78.422,"[2049, 2048, 2048, 2048, 2049]","[2048, 2048, 2048, 2048, 2049, 2049]","[2049, 2048, 2048, 2048, 2049, 2048, 2049]",334.0
1212,9110,55,5,2023-06-18T18:08:32.525000+00:00,22.435,25.123,30.981,,279.0,False,78.539,"[2048, 2048, 2048, 2048, 2048]","[2048, 2048, 2049, 2048, 2049, 2049]","[2048, 2048, 2049, 2048, 2049, 2048, 2048]",333.0
1212,9110,11,5,2023-06-18T18:08:33.040000+00:00,22.335,25.174,30.941,247.0,276.0,False,78.45,"[None, 2048, 2048, 2048, 2049]","[2048, 2048, 2049, 2048, 2049, 2049]","[2048, 2048, 2049, 2049, 2049, 2049, 2051]",336.0
1212,9110,10,5,2023-06-18T18:08:33.681000+00:00,22.273,25.123,31.567,247.0,272.0,False,78.963,"[2048, 2048, 2048, 2048, 2049]","[2048, 2048, 2049, 2048, 2049, 2049]","[2048, 2048, 2048, 2048, 2048, 2048]",322.0
1212,9110,18,5,2023-06-18T18:08:34.275000+00:00,22.244,25.21,31.375,243.0,273.0,False,78.829,"[2049, 2048, 2048, 2048, 2048]","[2048, 2048, 2048, 2048, 2049, 2048]","[2048, 2048, 2048, 2048, 2048, 2048]",323.0
1212,9110,20,5,2023-06-18T18:08:35.196000+00:00,22.059,25.219,31.188,252.0,277.0,False,78.466,"[2048, 2048, 2048, 2048, 2048]","[2048, 2048, 2049, 2048, 2048, 2048]","[2048, 2048, 2049, 2049, 2048, 2048]",332.0
1212,9110,77,5,2023-06-18T18:08:36.009000+00:00,22.347,25.419,31.682,,274.0,False,79.448,"[None, 2048, 2048, 2048, 2048]","[2048, 2048, 2048, 2048, 2048, 2048]","[2048, 2048, 2048, 2048, 2048, 2049, 2048]",309.0
1212,9110,21,5,2023-06-18T18:08:37.071000+00:00,22.356,25.34,31.645,251.0,279.0,False,79.341,"[2048, 2048, 2049, 2049, 2048]","[2049, 2049, 2048, 2048, 2048, 2048]","[2048, 2049, 2048, 2048, 2048, 2048, 2048]",316.0
1212,9110,2,5,2023-06-18T18:08:37.290000+00:00,22.798,25.294,31.425,246.0,281.0,False,79.517,"[2048, 2049, 2048, 2048, 2049]","[2048, 2049, 2049, 2048, 2048, 2051]","[2048, 2048, 2048, 2048, 2048, 2048, 2048]",334.0
1212,9110,24,5,2023-06-18T18:08:38.024000+00:00,22.365,25.487,31.591,251.0,279.0,False,79.443,"[2048, 2048, 2048, 2048, 2049]","[2048, 2048, 2049, 2048, 2048, 2049]","[2048, 2048, 2048, 2048, 2048, 2048, 2048]",332.0
1212,9110,22,5,2023-06-18T18:08:53.696000+00:00,21.721,25.152,31.178,251.0,276.0,False,78.051,"[2049, 2049, 2048, 2049, 2048]","[2048, 2048, 2048, 2049, 2048, 2048]","[2048, 2048, 2048, 2048, 2048, 2048, 2048]",306.0
1212,9110,1,6,2023-06-18T18:09:39.367000+00:00,21.609,24.763,31.235,239.0,272.0,False,77.607,"[2049, 2048, 2048, 2048, 2048]","[2048, 2049, 2049, 2049, 2048, 2048]","[2048, 2048, 2049, 2048, 2048, 2048, 2048]",301.0
1212,9110,44,6,2023-06-18T18:09:41.226000+00:00,21.706,24.781,31.293,249.0,274.0,False,77.78,"[None, 2048, 2048, 2048, 2048]","[2048, 2048, 2048, 2048, 2048, 2049]","[2048, 2048, 2048, 2048, 2048, 2051, 2049]",302.0
1212,9110,14,6,2023-06-18T18:09:41.711000+00:00,21.87,24.894,31.056,253.0,278.0,False,77.82,"[None, 2048, 2048, 2048, 2051]","[2048, 2048, 2049, 2048, 2049, 2049]","[2048, 2048, 2049, 2049, 2048, 2048]",323.0
1212,9110,63,6,2023-06-18T18:09:43.336000+00:00,21.733,24.743,31.183,252.0,276.0,False,77.659,"[2048, 2048, 2048, 2048, 2048]","[2049, 2048, 2048, 2049, 2049, 2048]","[2048, 2048, 2049, 2048, 2049, 2048, 2049]",302.0
1212,9110,31,6,2023-06-18T18:09:46.929000+00:00,21.887,25.139,31.436,,269.0,False,78.462,"[2048, 2048, 2048, 2049, 2049]","[2048, 2048, 2048, 2048, 2049, 2049]","[2049, 2048, 2048, 2048, 2048, 2048, 2048]",296.0
1212,9110,27,6,2023-06-18T18:09:48.351000+00:00,22.095,25.138,31.493,244.0,275.0,False,78.726,"[2048, 2048, 2048, 2049, 2048]","[2048, 2048, 2048, 2048, 2048, 2048]","[2048, 2048, 2048, 2048, 2048, 2048]",302.0
1212,9110,81,6,2023-06-18T18:09:48.679000+00:00,22.28,25.167,31.168,241.0,275.0,False,78.615,"[None, 2048, 2048, 2048, 2049]","[2049, 2048, 2049, 2048, 2049, 2049]","[2048, 2048, 2048, 2048, 2048, 2048, 2051]",323.0
1212,9110,4,6,2023-06-18T18:09:49.601000+00:00,22.198,25.212,31.303,251.0,276.0,False,78.713,"[None, 2048, 2048, 2048, 2049]","[2048, 2048, 2048, 2048, 2048, 2049]","[2048, 2048, 2049, 2048, 2048, 2049]",320.0
1212,9110,16,6,2023-06-18T18:09:50.117000+00:00,22.261,25.226,31.074,236.0,273.0,False,78.561,"[None, 2049, 2048, 2048, 2048]","[2048, 2048, 2048, 2048, 2048, 2048]","[2049, 2048, 2048, 2048, 2048, 2048, 2048]",325.0
1212,9110,23,6,2023-06-18T18:09:50.492000+00:00,22.545,25.143,31.057,,280.0,False,78.745,"[2048, 2048, 2049, 2049, 2049]","[2048, 2048, 2048, 2048, 2048, 2049]","[2048, 2048, 2048, 2048, 2048, 2048, 2048]",332.0
1212,9110,55,6,2023-06-18T18:09:51.367000+00:00,22.51,25.105,30.984,,280.0,False,78.599,"[None, 2048, 2048, 2048, 2048]","[2048, 2048, 2049, 2048, 2048, 2049]","[2048, 2048, 2049, 2049, 2048, 2048, 2049]",337.0
1212,9110,11,6,2023-06-18T18:09:51.508000+00:00,22.484,25.242,31.008,246.0,279.0,False,78.734,"[2048, 2048, 2048, 2048, 2048]","[2048, 2048, 2048, 2048, 2048, 2048]","[2048, 2048, 2048, 2048, 2048, 2048]",334.0
1212,9110,10,6,2023-06-18T18:09:52.695000+00:00,22.006,25.134,31.158,246.0,271.0,False,78.298,"[None, 2048, 2048, 2049, 2048]","[2048, 2048, 2049, 2048, 2048, 2048]","[2048, 2048, 2048, 2048, 2048, 2049, 2048]",326.0
1212,9110,18,6,2023-06-18T18:09:53.101000+00:00,22.145,25.193,31.045,,280.0,False,78.383,"[2048, 2048, 2049, 2049, 2048]","[2048, 2048, 2049, 2048, 2048, 2049]","[2048, 2048, 2049, 2048, 2049, 2048, 2048]",331.0
1212,9110,20,6,2023-06-18T18:09:53.632000+00:00,22.251,25.279,31.154,251.0,277.0,False,78.684,"[None, 2048, 2048, 2048, 2048]","[2048, 2048, 2048, 2048, 2048, 2048]","[2048, 2048, 2048, 2048, 2048, 2048]",330.0
1212,9110,77,6,2023-06-18T18:09:55.414000+00:00,22.168,25.221,31.386,251.0,277.0,False,78.775,"[None, 2048, 2049, 2049, 2048]","[2048, 2048, 2048, 2049, 2048, 2048]","[2049, 2048, 2048, 2048, 2048, 2049, 2048]",309.0
1212,9110,21,6,2023-06-18T18:09:56.414000+00:00,22.341,25.368,31.525,250.0,277.0,False,79.234,"[None, 2048, 2048, 2049, 2048]","[2048, 2048, 2048, 2048, 2048, 2048]","[2048, 2048, 2048, 2048, 2048, 2049]",314.0
1212,9110,2,6,2023-06-18T18:09:56.789000+00:00,22.655,25.225,31.286,248.0,281.0,False,79.166,"[None, 2048, 2048, 2049, 2049]","[2048, 2048, 2048, 2048, 2048, 2048]","[2048, 2048, 2048, 2048, 2048, 2048]",333.0
1212,9110,24,6,2023-06-18T18:09:57.429000+00:00,22.544,25.364,31.561,248.0,276.0,False,79.469,"[None, 2048, 2048, 2048, 2048]","[2049, 2048, 2048, 2048, 2048, 2048]","[2048, 2048, 2048, 2048, 2048, 2048, 2048]",329.0
1212,9110,22,6,2023-06-18T18:10:11.773000+00:00,22.033,25.119,31.249,,276.0,False,78.401,"[2048, 2048, 2049, 2048, 2048]","[2048, 2048, 2048, 2048, 2048, 2048]","[2048, 2048, 2048, 2048, 2048, 2048, 2048]",304.0
1212,9110,1,7,2023-06-18T18:10:56.975000+00:00,21.6,24.77,31.195,238.0,272.0,False,77.565,"[None, 2048, 2048, 2048, 2048]","[2048, 2049, 2049, 2051, 2048, 2048]","[2048, 2048, 2048, 2048, 2048, 2048, 2049]",300.0
1212,9110,44,7,2023-06-18T18:10:59.038000+00:00,21.758,24.854,31.343,246.0,275.0,False,77.955,"[None, 2048, 2048, 2048, 2048]","[2048, 2048, 2048, 2048, 2048, 2048]","[2049, 2048, 2048, 2048, 2048, 2048]",302.0
1212,9110,14,7,2023-06-18T18:10:59.522000+00:00,21.899,24.945,31.364,249.0,275.0,False,78.208,"[None, 2048, 2048, 2048, 2048]","[2048, 2048, 2048, 2048, 2048, 2048]","[2048, 2048, 2048, 2048, 2048, 2048, 2049]",314.0
1212,9110,63,7,2023-06-18T18:11:00.991000+00:00,21.772,24.707,31.151,245.0,277.0,False,77.63,"[None, 2048, 2048, 2048, 2048]","[2049, 2048, 2048, 2048, 2049, 2049]","[2048, 2048, 2049, 2049, 2048, 2048, 2049]",307.0
1212,9110,31,7,2023-06-18T18:11:05.397000+00:00,21.793,25.24,31.408,242.0,269.0,False,78.441,"[2049, 2049, 2048, 2048, 2049]","[2048, 2048, 2048, 2048, 2048, 2048]","[2048, 2048, 2048, 2048, 2048, 2048, 2049]",298.0
1212,9110,27,7,2023-06-18T18:11:07.084000+00:00,23.259,25.652,31.683,247.0,273.0,False,80.594,"[None, 2048, 2048, 2048, 2048]","[2048, 2048, 2049, 2048, 2048, 2048]","[2048, 2048, 2049, 2049, 2048, 2048, 2049]",322.0
1212,9110,81,7,2023-06-18T18:11:07.287000+00:00,22.491,25.245,31.422,242.0,270.0,False,79.158,"[None, 2048, 2048, 2048, 2048]","[2048, 2048, 2048, 2048, 2049, 2048]","[2048, 2048, 2048, 2048, 2048, 2049]",302.0
1212,9110,4,7,2023-06-18T18:11:08.209000+00:00,22.522,25.426,31.749,234.0,279.0,False,79.697,"[None, 2048, 2048, 2048, 2048]","[2048, 2048, 2048, 2048, 2048, 2049]","[2048, 2049, 2049, 2049, 2048, 2048, 2049]",329.0
1212,9110,16,7,2023-06-18T18:11:08.694000+00:00,22.242,25.765,31.479,237.0,277.0,False,79.486,"[2049, 2048, 2048, 2048, 2048]","[2048, 2048, 2048, 2048, 2048, 2048]","[2048, 2048, 2048, 2048, 2048, 2048, 2049]",334.0
1212,9110,23,7,2023-06-18T18:11:09.225000+00:00,22.31,25.423,31.583,,282.0,False,79.316,"[2049, 2048, 2048, 2048, 2048]","[2048, 2048, 2048, 2048, 2049, 2051]","[2048, 2048, 2049, 2049, 2048, 2048, 2051]",336.0
1212,9110,55,7,2023-06-18T18:11:09.647000+00:00,22.344,25.391,31.586,245.0,280.0,False,79.321,"[None, 2048, 2049, 2048, 2048]","[2048, 2048, 2048, 2048, 2048, 2048]","[2048, 2048, 2048, 2048, 2048, 2048, 2048]",336.0
1212,9110,11,7,2023-06-18T18:11:10.209000+00:00,22.366,25.124,31.738,,281.0,False,79.228,"[2049, 2048, 2048, 2048, 2048]","[2048, 2048, 2049, 2048, 2049, 2049]","[2048, 2048, 2049, 2049, 2048, 2048, 2048]",335.0
1212,9110,10,7,2023-06-18T18:11:10.959000+00:00,22.318,25.209,31.58,245.0,271.0,False,79.107,"[2049, 2048, 2048, 2048, 2048]","[2048, 2048, 2048, 2049, 2048, 2048]","[2048, 2048, 2048, 2049, 2048, 2048]",326.0
1212,9110,18,7,2023-06-18T18:11:11.475000+00:00,22.105,25.432,31.456,246.0,279.0,False,78.993,"[None, 2048, 2048, 2049, 2048]","[2048, 2048, 2048, 2048, 2048, 2048]","[2048, 2048, 2049, 2049, 2048, 2049]",332.0
1212,9110,20,7,2023-06-18T18:11:12.334000+00:00,22.161,25.285,31.93,252.0,278.0,False,79.376,"[None, 2048, 2048, 2048, 2048]","[2048, 2048, 2048, 2048, 2048, 2049]","[2048, 2048, 2049, 2049, 2048, 2048, 2048]",331.0
1212,9110,77,7,2023-06-18T18:11:14.209000+00:00,22.129,25.142,33.081,,277.0,False,80.352,"[None, 2048, 2048, 2048, 2048]","[2048, 2048, 2048, 2048, 2048, 2048]","[2048, 2048, 2048, 2048, 2048, 2048]",310.0
1212,9110,21,7,2023-06-18T18:11:15.647000+00:00,21.929,25.24,36.137,253.0,279.0,False,83.306,"[2049, 2048, 2048, 2049, 2049]","[2049, 2049, 2048, 2048, 2048, 2048]","[2049, 2048, 2048, 2048, 2048, 2048, 2048]",314.0
1212,9110,2,7,2023-06-18T18:11:15.928000+00:00,22.528,,,216.0,,False,,"[None, 2048, 2048, 2049, 2048]",[2052],,
1212,9110,24,7,2023-06-18T18:11:16.929000+00:00,22.196,25.909,37.87,246.0,274.0,False,85.975,"[2049, 2048, 2049, 2049, 2048]","[2048, 2048, 2048, 2048, 2048, 2048]","[2049, 2048, 2048, 2048, 2048, 2048]",308.0
1212,9110,22,7,2023-06-18T18:11:30.209000+00:00,21.917,25.347,44.49,250.0,275.0,False,91.754,"[None, 2048, 2048, 2048, 2048]","[2048, 2048, 2048, 2048, 2048, 2048]","[2048, 2048, 2048, 2048, 2048, 2048]",150.0
1212,9110,1,8,2023-06-18T18:12:14.552000+00:00,28.067,33.169,31.419,172.0,229.0,False,92.655,"[None, 2048, 2048, 2048, 2048]","[2048, 2048, 2048, 2048, 2048, 2048]","[2048, 2048, 2049, 2049, 2048, 2048, 2048]",302.0
1212,9110,44,8,2023-06-18T18:12:16.958000+00:00,29.611,32.511,31.34,145.0,252.0,False,93.462,"[None, 2048, 2048, 2048, 2048]","[2048, 2048, 2048, 2048, 2048, 2048]","[2048, 2048, 2049, 2049, 2048, 2048, 2048]",304.0
1212,9110,14,8,2023-06-18T18:12:17.724000+00:00,29.886,31.847,31.646,147.0,261.0,False,93.379,"[None, 2048, 2048, 2048, 2048]","[2048, 2048, 2048, 2048, 2048, 2048]","[2048, 2049, 2048, 2048, 2048, 2048]",307.0
1212,9110,63,8,2023-06-18T18:12:18.661000+00:00,29.949,31.911,31.429,161.0,262.0,False,93.289,"[None, 2048, 2048, 2048, 2048]","[2048, 2048, 2048, 2048, 2048, 2048]","[2048, 2048, 2049, 2048, 2048, 2048, 2048]",304.0
1212,9110,31,8,2023-06-18T18:12:23.833000+00:00,30.705,30.433,31.503,163.0,267.0,False,92.641,"[2048, 2048, 2048, 2048, 2048]","[2048, 2048, 2048, 2048, 2048, 2048]","[2048, 2048, 2048, 2048, 2048, 2048, 2048]",298.0
1212,9110,81,8,2023-06-18T18:12:26.364000+00:00,31.593,30.06,31.272,178.0,273.0,False,92.925,"[None, 2048, 2048, 2048, 2048]","[2048, 2048, 2048, 2048, 2048, 2048]","[2048, 2048, 2048, 2048, 2049, 2048, 2048]",304.0
1212,9110,27,8,2023-06-18T18:12:27.661000+00:00,31.349,30.294,31.582,181.0,270.0,False,93.225,"[None, 2048, 2048, 2048, 2048]","[2048, 2048, 2048, 2048, 2048, 2048]","[2048, 2048, 2048, 2048, 2048, 2048, 0]",304.0
1212,9110,4,8,2023-06-18T18:12:27.880000+00:00,32.725,29.611,31.066,197.0,274.0,False,93.402,"[None, 2048, 2048, 2048, 2048]","[2048, 2048, 2048, 2048, 2049, 2048]","[2048, 2049, 2048, 2048, 2048, 2049, 0]",325.0
1212,9110,16,8,2023-06-18T18:12:28.161000+00:00,33.908,28.624,30.863,172.0,274.0,False,93.395,"[2048, 2048, 2048, 2048, 2048]","[2048, 2048, 2048, 2048, 2048, 2048]","[2049, 2048, 2051, 2048, 2048, 2049, 0]",335.0
1212,9110,23,8,2023-06-18T18:12:28.536000+00:00,34.022,28.427,31.238,160.0,279.0,False,93.687,"[2048, 2048, 2048, 2048, 2048]","[2048, 2048, 2048, 2048, 2048, 2048]","[2048, 2048, 2048, 2048, 2048, 2048, 2048]",334.0
1212,9110,55,8,2023-06-18T18:12:28.973000+00:00,34.081,28.358,31.127,177.0,277.0,False,93.566,"[None, 2048, 2048, 2048, 2048]","[2048, 2048, 2048, 2048, 2048, 2048]","[2048, 2049, 2049, 2049, 2048, 2048, 0]",335.0
1212,9110,11,8,2023-06-18T18:12:29.442000+00:00,35.214,27.186,31.307,181.0,277.0,False,93.707,"[2048, 2048, 2048, 2048, 2048]","[2048, 2048, 2048, 2048, 2048, 2048]","[2048, 2048, 2049, 2049, 2048, 2048, 0]",334.0
1212,9110,10,8,2023-06-18T18:12:30.052000+00:00,34.914,27.651,31.277,176.0,274.0,False,93.842,"[2048, 2048, 2048, 2048, 2048]","[2048, 2048, 2048, 2048, 2048, 2048]","[2048, 2048, 2048, 2049, 2048, 2048, 2048]",328.0
1212,9110,18,8,2023-06-18T18:12:30.489000+00:00,35.142,27.201,31.408,177.0,280.0,False,93.751,"[None, 2048, 2048, 2048, 2048]","[2048, 2048, 2048, 2048, 2048, 2048]","[2048, 2048, 2049, 2049, 2048, 2048, 2049]",335.0
1212,9110,20,8,2023-06-18T18:12:31.692000+00:00,34.572,27.298,31.244,206.0,273.0,False,93.114,"[None, 2048, 2048, 2048, 2048]","[2048, 2048, 2048, 2048, 2048, 2048]","[2048, 2048, 2049, 2049, 2048, 2048, 2048]",332.0
1212,9110,77,8,2023-06-18T18:12:34.567000+00:00,33.164,26.661,31.117,225.0,276.0,False,90.942,"[2048, 2048, 2048, 2048, 2048]","[2048, 2048, 2048, 2048, 2048, 2048]","[2048, 2048, 2049, 2049, 2049, 2048, 2048]",331.0
1212,9110,21,8,2023-06-18T18:12:38.958000+00:00,29.922,26.21,31.032,227.0,277.0,False,87.164,"[2048, 2048, 2048, 2048, 2048]","[2048, 2048, 2048, 2048, 2048, 2048]","[2048, 2048, 2049, 2049, 2048, 2049, 2049]",336.0
1212,9110,24,8,2023-06-18T18:12:42.786000+00:00,27.997,26.762,31.694,195.0,273.0,False,86.453,"[2048, 2048, 2048, 2048, 2048]","[2048, 2048, 2048, 2048, 2048, 2048]","[2048, 2048, 2048, 2048, 2048, 2048]",311.0
1212,9110,22,8,2023-06-18T18:13:01.801000+00:00,23.088,25.199,31.228,248.0,272.0,False,79.515,"[None, 2048, 2048, 2048, 2048]","[2048, 2048, 2048, 2048, 2048, 2048]","[2048, 2048, 2048, 2048, 2048, 2048, 2048]",308.0
1212,9110,1,9,2023-06-18T18:13:47.206000+00:00,21.715,24.787,30.993,238.0,269.0,False,77.495,"[2048, 2048, 2048, 2048, 2048]","[2048, 2048, 2049, 2048, 2048, 2048]","[2048, 2048, 2048, 2049, 2049, 2051, 2049]",303.0
1212,9110,44,9,2023-06-18T18:13:50.410000+00:00,21.583,24.786,31.247,246.0,273.0,False,77.616,"[2051, 2048, 2048, 2048, 2048]","[2048, 2048, 2048, 2048, 2049, 2048]","[2048, 2048, 2048, 2048, 2048, 2048]",305.0
1212,9110,14,9,2023-06-18T18:13:51.129000+00:00,21.85,24.756,31.074,249.0,273.0,False,77.68,"[None, 2048, 2048, 2048, 2048]","[2049, 2049, 2049, 2048, 2048, 2048]","[2048, 2048, 2048, 2048, 2048, 2048, 2048]",316.0
1212,9110,63,9,2023-06-18T18:13:51.909000+00:00,21.776,24.636,31.051,253.0,277.0,False,77.463,"[None, 2049, 2048, 2048, 2048]","[2048, 2048, 2049, 2048, 2049, 2049]","[2048, 2048, 2049, 2049, 2048, 2048, 2049]",316.0
1212,9110,31,9,2023-06-18T18:13:56.534000+00:00,21.695,24.986,31.319,244.0,269.0,False,78.0,"[2049, 2048, 2049, 2049, 2049]","[2049, 2049, 2049, 2048, 2049, 2048]","[2049, 2048, 2048, 2048, 2049, 2048, 2048]",301.0
1212,9110,81,9,2023-06-18T18:13:59.378000+00:00,22.047,25.174,31.265,243.0,272.0,False,78.486,"[2049, 2048, 2048, 2049, 2048]","[2049, 2049, 2048, 2048, 2048, 2048]","[2048, 2048, 2048, 2048, 2048, 2048, 2048]",305.0
1212,9110,27,9,2023-06-18T18:14:00.894000+00:00,22.144,25.11,31.612,249.0,274.0,False,78.866,"[None, 2048, 2048, 2048, 2048]","[2048, 2048, 2048, 2048, 2049, 2048]","[2048, 2048, 2048, 2048, 2048, 2048, 2048]",308.0
1212,9110,4,9,2023-06-18T18:14:01.284000+00:00,22.263,25.051,31.266,240.0,273.0,False,78.58,"[None, 2048, 2048, 2049, 2048]","[2049, 2049, 2048, 2048, 2049, 2048]","[2048, 2048, 2048, 2048, 2048, 2048, 2049]",328.0
1212,9110,16,9,2023-06-18T18:14:01.581000+00:00,22.287,25.235,31.192,238.0,278.0,False,78.714,"[None, 2049, 2048, 2049, 2048]","[2048, 2048, 2048, 2048, 2048, 2048]","[2048, 2048, 2048, 2048, 2048, 2048]",333.0
1212,9110,23,9,2023-06-18T18:14:02.237000+00:00,22.151,25.082,31.234,253.0,280.0,False,78.467,"[None, 2048, 2049, 2049, 2048]","[2048, 2049, 2051, 2048, 2049, 2048]","[2048, 2048, 2048, 2048, 2048, 2048, 2048]",333.0
1212,9110,55,9,2023-06-18T18:14:02.534000+00:00,22.41,25.2,31.139,246.0,278.0,False,78.749,"[None, 2048, 2048, 2048, 2048]","[2048, 2048, 2048, 2048, 2048, 2048]","[2048, 2048, 2048, 2048, 2048, 2048, 2048]",331.0
1212,9110,11,9,2023-06-18T18:14:03.144000+00:00,22.274,25.019,31.342,246.0,279.0,False,78.635,"[None, 2048, 2048, 2049, 2048]","[2048, 2048, 2048, 2049, 2048, 2048]","[2048, 2048, 2048, 2048, 2048, 2048, 2048]",335.0
1212,9110,10,9,2023-06-18T18:14:03.894000+00:00,22.154,25.231,31.289,247.0,268.0,False,78.674,"[None, 2048, 2048, 2048, 2048]","[2049, 2048, 2048, 2048, 2048, 2048]","[2048, 2048, 2048, 2048, 2048, 2048]",321.0
1212,9110,18,9,2023-06-18T18:14:04.206000+00:00,22.219,25.209,31.338,248.0,278.0,False,78.766,"[None, 2048, 2048, 2048, 2048]","[2048, 2048, 2049, 2048, 2048, 2048]","[2048, 2048, 2048, 2048, 2048, 2048, 2048]",329.0
1212,9110,20,9,2023-06-18T18:14:04.831000+00:00,22.264,25.221,31.275,253.0,278.0,False,78.76,"[None, 2048, 2048, 2048, 2049]","[2048, 2048, 2048, 2049, 2048, 2048]","[2048, 2048, 2048, 2048, 2048, 2048, 2049]",333.0
1212,9110,77,9,2023-06-18T18:14:05.503000+00:00,22.302,25.226,31.148,254.0,277.0,False,78.676,"[None, 2048, 2048, 2048, 2049]","[2048, 2048, 2049, 2048, 2048, 2048]","[2048, 2048, 2048, 2048, 2048, 2048, 2049]",331.0
1212,9110,21,9,2023-06-18T18:14:06.128000+00:00,22.176,25.35,31.221,251.0,280.0,False,78.747,"[None, 2049, 2048, 2048, 2048]","[2048, 2048, 2049, 2048, 2048, 2049]","[2048, 2048, 2048, 2048, 2048, 2048, 2049]",335.0
1212,9110,24,9,2023-06-18T18:14:09.347000+00:00,21.94,25.211,31.45,252.0,276.0,False,78.601,"[2049, 2048, 2049, 2049, 2048]","[2049, 2048, 2048, 2048, 2048, 2048]","[2049, 2048, 2048, 2048, 2048, 2048, 2048]",313.0
1212,9110,22,9,2023-06-18T18:14:21.440000+00:00,21.889,25.162,31.158,251.0,275.0,False,78.209,"[None, 2048, 2049, 2048, 2048]","[2048, 2048, 2048, 2048, 2048, 2048]","[2048, 2048, 2048, 2048, 2048, 2048, 2048]",309.0
1212,9110,1,10,2023-06-18T18:15:04.861000+00:00,21.577,24.746,31.036,239.0,269.0,False,77.359,"[2049, 2048, 2048, 2048, 2048]","[2048, 2048, 2048, 2048, 2049, 2048]","[2048, 2048, 2048, 2048, 2048, 2048]",302.0
1212,9110,44,10,2023-06-18T18:15:08.096000+00:00,21.53,24.787,31.28,253.0,272.0,False,77.597,"[2051, 2048, 2048, 2048, 2048]","[2051, 2048, 2048, 2048, 2051, 2049]","[2048, 2048, 2048, 2048, 2048, 2049, 2048]",297.0
1212,9110,14,10,2023-06-18T18:15:08.783000+00:00,21.719,24.831,31.239,251.0,277.0,False,77.789,"[2049, 2048, 2048, 2048, 2048]","[2049, 2048, 2048, 2048, 2048, 2048]","[2048, 2048, 2048, 2048, 2048, 2049]",303.0
1212,9110,63,10,2023-06-18T18:15:09.892000+00:00,21.893,24.979,31.096,250.0,275.0,False,77.968,"[None, 2048, 2048, 2048, 2048]","[2048, 2048, 2048, 2048, 2048, 2048]","[2048, 2048, 2048, 2048, 2048, 2048]",314.0
1212,9110,31,10,2023-06-18T18:15:14.471000+00:00,21.799,25.194,31.407,,269.0,False,78.4,"[2048, 2048, 2048, 2048, 2049]","[2048, 2048, 2048, 2048, 2048, 2048]","[2048, 2048, 2048, 2048, 2048, 2048, 2048]",299.0
1212,9110,81,10,2023-06-18T18:15:17.877000+00:00,22.019,25.15,31.342,240.0,274.0,False,78.511,"[2048, 2048, 2048, 2049, 2048]","[2048, 2048, 2048, 2048, 2048, 2048]","[2048, 2048, 2048, 2048, 2048, 2048]",305.0
1212,9110,27,10,2023-06-18T18:15:19.892000+00:00,22.27,25.314,31.499,250.0,274.0,False,79.083,"[None, 2048, 2048, 2048, 2049]","[2048, 2048, 2048, 2048, 2048, 2048]","[2048, 2048, 2048, 2048, 2048, 2048, 2048]",306.0
1212,9110,4,10,2023-06-18T18:15:20.017000+00:00,22.897,25.17,31.338,251.0,275.0,False,79.405,"[None, 2048, 2048, 2048, 2049]","[2048, 2048, 2048, 2048, 2048, 2048]","[2048, 2048, 2048, 2048, 2048, 2049]",316.0
1212,9110,16,10,2023-06-18T18:15:20.283000+00:00,22.883,25.238,31.2,237.0,278.0,False,79.321,"[None, 2048, 2048, 2048, 2048]","[2048, 2048, 2048, 2048, 2049, 2048]","[2048, 2048, 2048, 2048, 2048, 2048, 2048]",328.0
1212,9110,23,10,2023-06-18T18:15:20.705000+00:00,22.805,25.401,31.113,245.0,280.0,False,79.319,"[None, 2048, 2048, 2048, 2048]","[2048, 2048, 2048, 2048, 2048, 2048]","[2048, 2048, 2048, 2048, 2048, 2048]",334.0
1212,9110,55,10,2023-06-18T18:15:21.299000+00:00,22.749,25.37,31.141,245.0,274.0,False,79.26,"[None, 2048, 2048, 2048, 2048]","[2048, 2048, 2048, 2048, 2048, 2048]","[2048, 2048, 2048, 2048, 2048, 2048, 2048]",331.0
1212,9110,11,10,2023-06-18T18:15:21.767000+00:00,22.572,25.549,31.158,247.0,278.0,False,79.279,"[None, 2048, 2048, 2048, 2048]","[2048, 2048, 2048, 2048, 2048, 2048]","[2048, 2048, 2048, 2048, 2048, 2048, 2048]",334.0
1212,9110,10,10,2023-06-18T18:15:22.580000+00:00,22.314,25.573,52.229,,271.0,False,100.116,"[None, 2048, 2048, 2048, 2048]","[2048, 2048, 2048, 2048, 2048, 2048]","[2048, 2048, 2048, 2048, 2048, 2064, 2064]",333.0
1212,9110,18,10,2023-06-18T18:15:22.986000+00:00,22.205,25.587,31.315,245.0,278.0,False,79.107,"[None, 2048, 2048, 2048, 2048]","[2048, 2048, 2048, 2048, 2048, 2048]","[2049, 2048, 2048, 2048, 2048, 2048, 2048]",328.0
1212,9110,20,10,2023-06-18T18:15:23.580000+00:00,22.225,25.459,31.421,,279.0,False,79.105,"[None, 2048, 2048, 2048, 2048]","[2048, 2048, 2048, 2048, 2048, 2049]","[2048, 2048, 2049, 2049, 2048, 2048]",337.0
1212,9110,77,10,2023-06-18T18:15:24.173000+00:00,22.391,25.291,31.394,252.0,276.0,False,79.076,"[None, 2048, 2048, 2048, 2048]","[2048, 2048, 2048, 2048, 2048, 2048]","[2048, 2048, 2049, 2049, 2048, 2048, 2049]",332.0
1212,9110,21,10,2023-06-18T18:15:24.877000+00:00,22.164,25.528,31.316,252.0,280.0,False,79.008,"[None, 2048, 2048, 2048, 2048]","[2048, 2048, 2049, 2048, 2048, 2049]","[2048, 2048, 2049, 2049, 2048, 2048]",338.0
1212,9110,24,10,2023-06-18T18:15:27.939000+00:00,21.901,25.288,31.752,253.0,276.0,False,78.941,"[2048, 2049, 2048, 2048, 2049]","[2048, 2048, 2048, 2049, 2048, 2048]","[2048, 2048, 2048, 2048, 2048, 2048]",313.0
1212,9110,22,10,2023-06-18T18:15:39.595000+00:00,21.858,25.066,31.139,,276.0,False,78.063,"[None, 2048, 2048, 2048, 2048]","[2048, 2048, 2048, 2048, 2048, 2049]","[2048, 2048, 2048, 2048, 2048, 2049]",309.0
1212,9110,1,11,2023-06-18T18:16:22.048000+00:00,21.555,24.68,31.033,240.0,271.0,False,77.268,"[2048, 2048, 2048, 2048, 2048]","[2048, 2049, 2048, 2048, 2048, 2049]","[2048, 2048, 2048, 2048, 2048, 2048, 2049]",302.0
1212,9110,44,11,2023-06-18T18:16:25.610000+00:00,21.657,24.766,31.269,246.0,274.0,False,77.692,"[2048, 2048, 2048, 2048, 2048]","[2048, 2048, 2048, 2049, 2048, 2048]","[2048, 2048, 2048, 2048, 2048, 2048, 2048]",302.0
1212,9110,14,11,2023-06-18T18:16:26.594000+00:00,21.654,24.701,31.038,253.0,278.0,False,77.393,"[2048, 2048, 2048, 2048, 2048]","[2048, 2048, 2048, 2048, 2049, 2049]","[2048, 2048, 2048, 2048, 2048, 2049]",310.0
1212,9110,63,11,2023-06-18T18:16:27.344000+00:00,21.896,24.863,31.158,247.0,276.0,False,77.917,"[None, 2048, 2048, 2048, 2048]","[2048, 2048, 2048, 2048, 2048, 2048]","[2048, 2048, 2048, 2048, 2048, 2049, 2048]",306.0
1212,9110,31,11,2023-06-18T18:16:32.907000+00:00,21.809,25.102,31.424,245.0,270.0,False,78.335,"[None, 2048, 2048, 2048, 2049]","[2048, 2048, 2048, 2048, 2048, 2049]","[2048, 2048, 2048, 2048, 2048, 2048]",298.0
1212,9110,81,11,2023-06-18T18:16:36.391000+00:00,22.033,25.168,31.228,235.0,275.0,False,78.429,"[None, 2048, 2048, 2048, 2048]","[2048, 2048, 2048, 2048, 2048, 2048]","[2048, 2048, 2048, 2048, 2048, 2048, 2048]",304.0
1212,9110,27,11,2023-06-18T18:16:38.844000+00:00,21.996,25.125,48.811,248.0,271.0,False,95.932,"[None, 2048, 2048, 2049, 2049]","[2048, 2049, 2048, 2048, 2049, 2048]","[2048, 2048, 2048, 2048, 2051, 2064, 2064]",301.0
1212,9110,4,11,2023-06-18T18:16:39.282000+00:00,22.258,24.987,31.246,247.0,275.0,False,78.491,"[None, 2048, 2048, 2048, 2048]","[2048, 2049, 2048, 2048, 2049, 2048]","[2048, 2048, 2048, 2048, 2048, 2048, 2048]",327.0
1212,9110,16,11,2023-06-18T18:16:39.594000+00:00,22.417,25.056,30.781,,278.0,False,78.254,"[None, 2048, 2048, 2048, 2048]","[2048, 2048, 2048, 2049, 2048, 2048]","[2048, 2048, 2048, 2048, 2048, 2048]",331.0
1212,9110,23,11,2023-06-18T18:16:40.016000+00:00,22.447,25.288,30.982,251.0,280.0,False,78.717,"[None, 2048, 2048, 2048, 2048]","[2048, 2048, 2048, 2048, 2048, 2048]","[2048, 2048, 2048, 2048, 2048, 2048]",332.0
1212,9110,55,11,2023-06-18T18:16:40.563000+00:00,22.441,25.248,31.034,244.0,279.0,False,78.723,"[None, 2048, 2048, 2048, 2048]","[2048, 2048, 2048, 2048, 2048, 2048]","[2048, 2048, 2048, 2048, 2048, 2049, 2049]",333.0
1212,9110,11,11,2023-06-18T18:16:41.047000+00:00,22.357,25.287,31.104,245.0,279.0,False,78.748,"[None, 2048, 2049, 2048, 2048]","[2048, 2048, 2049, 2048, 2048, 2048]","[2048, 2048, 2048, 2048, 2048, 2048]",334.0
1212,9110,18,11,2023-06-18T18:16:42+00:00,22.056,25.277,47.144,250.0,277.0,False,94.477,"[None, 2048, 2048, 2048, 2048]","[2048, 2048, 2048, 2049, 2048, 2048]","[2048, 2048, 2048, 2048, 2049, 2064, 2064]",325.0
1212,9110,20,11,2023-06-18T18:16:42.594000+00:00,22.186,25.201,31.214,252.0,278.0,False,78.601,"[None, 2048, 2048, 2048, 2048]","[2048, 2048, 2048, 2049, 2048, 2048]","[2048, 2048, 2048, 2048, 2049, 2048]",332.0
1212,9110,77,11,2023-06-18T18:16:43.172000+00:00,22.223,25.227,31.272,251.0,275.0,False,78.722,"[None, 2048, 2048, 2048, 2049]","[2048, 2048, 2049, 2048, 2048, 2048]","[2048, 2048, 2048, 2048, 2048, 2048]",329.0
1212,9110,21,11,2023-06-18T18:16:43.781000+00:00,22.192,25.352,48.608,253.0,280.0,False,96.152,"[None, 2048, 2048, 2048, 2048]","[2048, 2048, 2048, 2048, 2048, 2048]","[2048, 2048, 2048, 2048, 2049, 2064, 2064]",334.0
1212,9110,24,11,2023-06-18T18:16:46.781000+00:00,21.974,25.066,31.491,,276.0,False,78.531,"[None, 2048, 2048, 2048, 2048]","[2048, 2049, 2048, 2048, 2048, 2048]","[2048, 2048, 2048, 2048, 2048, 2048]",311.0
1212,9110,22,11,2023-06-18T18:16:57.594000+00:00,21.827,25.009,31.209,252.0,275.0,False,78.045,"[None, 2048, 2048, 2048, 2048]","[2048, 2049, 2048, 2048, 2048, 2048]","[2048, 2048, 2048, 2048, 2048, 2048]",308.0
1212,9110,10,11,2023-06-18T18:17:02.640000+00:00,25.03,25.413,31.497,242.0,267.0,True,81.94,"[2064, 2048, 2048, 2048, 2048]","[2048, 2048, 2048, 2048, 2048, 2048]","[2049, 2048, 2048, 2048, 2048, 2049, 2048]",296.0
1212,9110,1,12,2023-06-18T18:17:39.343000+00:00,21.533,24.637,47.022,,272.0,False,93.192,"[None, 2048, 2048, 2048, 2048]","[2048, 2048, 2048, 2048, 2048, 2049]","[2049, 2048, 2048, 2048, 2051, 2064, 2064]",302.0
1212,9110,44,12,2023-06-18T18:17:43.358000+00:00,21.567,24.792,53.388,247.0,273.0,False,99.747,"[None, 2048, 2048, 2048, 2048]","[2048, 2048, 2048, 2048, 2048, 2048]","[2048, 2048, 2048, 2048, 2048, 2064, 2064]",126.0
1212,9110,14,12,2023-06-18T18:17:44.030000+00:00,21.703,24.834,53.017,254.0,278.0,False,99.554,"[None, 2048, 2048, 2048, 2048]","[2048, 2048, 2048, 2048, 2048, 2048]","[2048, 2048, 2048, 2048, 2048, 2064, 2064]",155.0
1212,9110,63,12,2023-06-18T18:17:45.390000+00:00,21.672,36.391,,251.0,56.0,False,218.446,"[None, 2048, 2048, 2048, 2048]","[2048, 2048, 2048, 2049, 2048, 2048]","[2048, 2048, 2048, 2048, 2048, 2064, 2064]",82.0
1212,9110,31,12,2023-06-18T18:17:51.218000+00:00,21.884,25.882,57.202,243.0,260.0,False,104.968,"[None, 2048, 2048, 2048, 2048]","[2048, 2049, 2048, 2048, 2048, 2048]","[2048, 2048, 2048, 2048, 2048, 2064, 2064]",242.0
1212,9110,81,12,2023-06-18T18:17:55.233000+00:00,21.933,25.442,58.054,241.0,272.0,False,105.429,"[2049, 2048, 2048, 2048, 2048]","[2049, 2049, 2048, 2048, 2048, 2048]","[2048, 2048, 2048, 2048, 2049, 2064, 2064]",290.0
1212,9110,4,12,2023-06-18T18:17:57.686000+00:00,21.935,25.607,63.615,250.0,270.0,False,111.157,"[None, 2049, 2048, 2049, 2049]","[2049, 2048, 2048, 2048, 2048, 2048]","[2048, 2048, 2048, 2048, 2048, 2064, 2064]",213.0
1212,9110,16,12,2023-06-18T18:17:57.780000+00:00,22.316,25.443,45.921,248.0,273.0,False,93.68,"[None, 2048, 2048, 2048, 2049]","[2049, 2048, 2048, 2048, 2048, 2048]","[2048, 2048, 2048, 2048, 2048, 2048, 2048]",205.0
1212,9110,23,12,2023-06-18T18:17:58.639000+00:00,22.307,25.233,62.947,254.0,265.0,False,110.487,"[2049, 2048, 2048, 2048, 2048]","[2049, 2049, 2048, 2049, 2048, 2048]","[2048, 2048, 2048, 2048, 2048, 2064, 2064]",233.0
1212,9110,55,12,2023-06-18T18:17:59.202000+00:00,22.305,25.685,45.806,243.0,208.0,False,93.796,"[2049, 2048, 2048, 2048, 2048]","[2048, 2048, 2048, 2048, 2048, 2048]","[2048, 2048, 2048, 2048, 2048, 2048]",245.0
1212,9110,11,12,2023-06-18T18:17:59.718000+00:00,22.27,26.077,45.693,246.0,181.0,False,94.04,"[2049, 2048, 2048, 2048, 2048]","[2048, 2048, 2049, 2049, 2048, 2048]","[2048, 2048, 2048, 2048, 2048, 2048]",282.0
1212,9110,20,12,2023-06-18T18:18:01.171000+00:00,22.087,27.142,45.003,251.0,121.0,False,94.232,"[2049, 2048, 2048, 2048, 2048]","[2048, 2048, 2048, 2048, 2048, 2048]","[2048, 2048, 2048, 2048, 2048, 2048]",273.0
1212,9110,77,12,2023-06-18T18:18:01.889000+00:00,22.069,30.8,42.31,252.0,135.0,False,95.179,"[2049, 2048, 2048, 2048, 2049]","[2048, 2048, 2048, 2048, 2048, 2048]","[2048, 2048, 2048, 2048, 2048, 2048]",261.0
1212,9110,24,12,2023-06-18T18:18:05.311000+00:00,22.075,29.771,56.877,,185.0,False,108.723,"[None, 2048, 2048, 2048, 2049]","[2049, 2048, 2048, 2048, 2048, 2048]","[2048, 2048, 2048, 2048, 2048, 2064, 2064]",250.0
1212,9110,27,12,2023-06-18T18:18:14.764000+00:00,24.259,36.96,40.3,241.0,233.0,True,101.519,"[2064, 2048, 2048, 2048, 2048]","[2048, 2048, 2048, 2048, 2048, 2048]","[2048, 2048, 2048, 2048, 2048, 2048]",249.0
1212,9110,22,12,2023-06-18T18:18:15.639000+00:00,21.983,35.552,41.169,251.0,234.0,False,98.704,"[None, 2048, 2048, 2048, 2048]","[2048, 2049, 2048, 2048, 2048, 2048]","[2048, 2048, 2048, 2048, 2048, 2048]",243.0
1212,9110,18,12,2023-06-18T18:18:16.561000+00:00,24.332,36.218,41.794,248.0,235.0,True,102.344,"[2064, 2048, 2048, 2048, 2048]","[2048, 2048, 2048, 2048, 2048, 2048]","[2048, 2048, 2048, 2048, 2048, 2048]",247.0
1212,9110,21,12,2023-06-18T18:18:20.014000+00:00,25.032,37.314,42.461,251.0,232.0,True,104.807,"[2064, 2048, 2048, 2048, 2048]","[2048, 2048, 2048, 2048, 2048, 2048]","[2048, 2048, 2048, 2048, 2048, 2048]",188.0
1212,9110,10,12,2023-06-18T18:18:24.623000+00:00,21.663,36.623,43.528,247.0,237.0,False,101.814,"[2049, 2048, 2049, 2049, 2049]","[2048, 2048, 2048, 2048, 2048, 2048]","[2048, 2048, 2048, 2048, 2048, 2048]",231.0
1212,9110,1,13,2023-06-18T18:19:12.498000+00:00,42.511,56.572,50.828,89.0,113.0,True,149.911,"[2064, 2048, 2048, 2048, 2048]","[2048, 2048, 2048, 2048, 2048, 2048]","[2048, 2048, 2048, 2048, 2048, 2048, 2048]",131.0
1212,9110,44,13,2023-06-18T18:19:23.060000+00:00,33.605,56.061,51.595,97.0,153.0,True,141.261,"[2064, 2048, 2048, 2048, 2048]","[2048, 2048, 2048, 2048, 2048, 2048]","[2048, 2048, 2048, 2048, 2048, 2048, 2048]",124.0
1212,9110,14,13,2023-06-18T18:19:23.497000+00:00,35.136,55.802,50.977,86.0,105.0,True,141.915,"[2064, 2048, 2048, 2048, 2048]","[2048, 2048, 2048, 2048, 2048, 2048]","[2048, 2048, 2048, 2048, 2048, 2048, 2048]",173.0
1212,9110,16,13,2023-06-18T18:19:31.482000+00:00,30.398,54.542,50.804,116.0,71.0,False,135.744,"[None, 2048, 2048, 2048, 2048]","[2048, 2048, 2048, 2048, 2048, 2048]","[2048, 2048, 2048, 2048, 2048, 2048, 2048]",128.0
1212,9110,55,13,2023-06-18T18:19:33.013000+00:00,29.871,54.065,51.045,137.0,81.0,False,134.981,"[2048, 2048, 2048, 2048, 2048]","[2048, 2048, 2048, 2048, 2048, 2048]","[2048, 2048, 2048, 2048, 2048, 2048, 2048]",151.0
1212,9110,11,13,2023-06-18T18:19:33.747000+00:00,30.412,53.462,50.896,154.0,88.0,False,134.77,"[2048, 2048, 2048, 2048, 2048]","[2048, 2048, 2048, 2048, 2048, 2048]","[2048, 2048, 2048, 2048, 2048, 2048, 2048]",159.0
1212,9110,20,13,2023-06-18T18:19:35.544000+00:00,29.693,53.692,50.954,176.0,104.0,False,134.339,"[2048, 2048, 2048, 2048, 2048]","[2048, 2048, 2048, 2048, 2048, 2048]","[2048, 2048, 2048, 2048, 2048, 2048, 2048]",168.0
1212,9110,31,13,2023-06-18T18:19:36.091000+00:00,31.602,53.74,50.034,173.0,126.0,True,135.376,"[2064, 2048, 2048, 2048, 2048]","[2048, 2048, 2048, 2048, 2048, 2048]","[2048, 2048, 2048, 2048, 2048, 2048]",151.0
1212,9110,77,13,2023-06-18T18:19:37.153000+00:00,29.892,53.483,50.15,176.0,107.0,False,133.525,"[2048, 2048, 2048, 2048, 2048]","[2048, 2048, 2048, 2048, 2048, 2048]","[2048, 2048, 2048, 2048, 2048, 2048]",165.0
1212,9110,81,13,2023-06-18T18:19:40.106000+00:00,33.077,51.569,47.31,164.0,163.0,True,131.956,"[2064, 2048, 2048, 2048, 2048]","[2048, 2048, 2048, 2048, 2048, 2048]","[2048, 2048, 2048, 2048, 2048, 2048, 2048]",172.0
1212,9110,4,13,2023-06-18T18:19:48.794000+00:00,27.286,50.689,47.105,230.0,229.0,True,125.08,"[2064, 2048, 2048, 2048, 2048]","[2048, 2048, 2048, 2048, 2048, 2048]","[2048, 2048, 2048, 2048, 2048, 2048, 2048]",156.0
1212,9110,23,13,2023-06-18T18:19:49.122000+00:00,27.876,50.86,46.98,232.0,188.0,True,125.716,"[2064, 2048, 2048, 2048, 2048]","[2048, 2048, 2048, 2048, 2048, 2048]","[2048, 2048, 2048, 2048, 2048, 2048, 2048]",180.0
1212,9110,24,13,2023-06-18T18:19:54.012000+00:00,35.476,41.767,47.207,125.0,213.0,True,124.45,"[2064, 2048, 2048, 2048, 2048]","[2048, 2048, 2048, 2048, 2048, 2048]","[2048, 2048, 2048, 2048, 2048, 2048, 2048]",119.0
1212,9110,22,13,2023-06-18T18:19:54.387000+00:00,34.005,41.589,47.342,133.0,229.0,False,122.936,"[None, 2048, 2048, 2048, 2048]","[2048, 2048, 2048, 2048, 2048, 2048]","[2048, 2048, 2048, 2048, 2048, 2048]",124.0
1212,9110,27,13,2023-06-18T18:19:56.216000+00:00,34.944,41.3,47.83,140.0,208.0,False,124.074,"[2048, 2048, 2048, 2048, 2048]","[2048, 2048, 2048, 2048, 2048, 2048]","[2048, 2048, 2048, 2048, 2048, 2048, 0]",108.0
1212,9110,18,13,2023-06-18T18:19:58.809000+00:00,33.445,41.101,48.092,138.0,214.0,False,122.638,"[2048, 2048, 2048, 2048, 2048]","[2048, 2048, 2048, 2048, 2048, 2048]","[2048, 2048, 2048, 2048, 2048, 2048, 2048]",107.0
1212,9110,21,13,2023-06-18T18:20:04.731000+00:00,30.29,40.368,47.106,190.0,199.0,False,117.764,"[2048, 2048, 2048, 2048, 2048]","[2048, 2048, 2048, 2048, 2048, 2048]","[2048, 2048, 2048, 2048, 2048, 2048, 2048]",172.0
1212,9110,10,13,2023-06-18T18:20:06.309000+00:00,30.733,40.438,46.818,217.0,179.0,False,117.989,"[2048, 2048, 2048, 2048, 2048]","[2048, 2048, 2048, 2048, 2048, 2048]","[2048, 2048, 2048, 2048, 2048, 2048, 2048]",274.0
1212,9110,63,13,2023-06-18T18:21:23.683000+00:00,26.739,27.67,31.802,218.0,255.0,True,86.211,"[2064, 2048, 2048, 2048, 2048]","[2048, 2048, 2048, 2048, 2048, 2048]","[2048, 2048, 2048, 2048, 2048, 2048, 0]",299.0
1212,9110,1,14,2023-06-18T18:21:42.417000+00:00,33.84,46.037,44.762,153.0,149.0,False,124.639,"[2048, 2048, 2048, 2048, 2048]","[2048, 2048, 2048, 2048, 2048, 2048]","[2048, 2048, 2048, 2048, 2048, 2048, 2048]",189.0
1212,9110,44,14,2023-06-18T18:21:44.323000+00:00,33.264,45.862,45.112,121.0,164.0,False,124.238,"[2048, 2048, 2048, 2048, 2048]","[2048, 2048, 2048, 2048, 2048, 2048]","[2048, 2048, 2048, 2048, 2048, 2048, 2048]",247.0
1212,9110,14,14,2023-06-18T18:21:45.464000+00:00,33.714,45.729,44.845,99.0,147.0,False,124.288,"[2048, 2048, 2048, 2048, 2048]","[2048, 2048, 2048, 2048, 2048, 2048]","[2048, 2048, 2048, 2048, 2048, 2048, 2048]",252.0
1212,9110,16,14,2023-06-18T18:21:47.260000+00:00,33.197,45.886,44.968,87.0,104.0,False,124.051,"[None, 2048, 2048, 2048, 2048]","[2048, 2048, 2048, 2048, 2048, 2048]","[2048, 2048, 2048, 2048, 2048, 2048, 2048]",226.0
1212,9110,55,14,2023-06-18T18:21:48.073000+00:00,33.125,46.313,45.123,102.0,141.0,False,124.561,"[None, 2048, 2048, 2048, 2048]","[2048, 2048, 2048, 2048, 2048, 2048]","[2048, 2048, 2048, 2048, 2048, 2048, 2048]",216.0
1212,9110,11,14,2023-06-18T18:21:48.604000+00:00,33.282,46.115,45.146,91.0,128.0,False,124.543,"[None, 2048, 2048, 2048, 2048]","[2048, 2048, 2048, 2048, 2048, 2048]","[2048, 2048, 2048, 2048, 2048, 2048, 2048]",208.0
1212,9110,20,14,2023-06-18T18:21:49.885000+00:00,32.964,46.607,45.994,120.0,132.0,False,125.565,"[None, 2048, 2048, 2048, 2048]","[2048, 2048, 2048, 2048, 2048, 2048]","[2048, 2048, 2048, 2048, 2048, 2048, 2048]",196.0
1212,9110,77,14,2023-06-18T18:21:50.573000+00:00,33.136,46.963,45.686,124.0,142.0,False,125.785,"[None, 2048, 2048, 2048, 2048]","[2048, 2048, 2048, 2048, 2048, 2048]","[2048, 2048, 2048, 2048, 2048, 2048, 2048]",185.0
1212,9110,31,14,2023-06-18T18:21:51.557000+00:00,33.195,47.237,45.353,125.0,172.0,False,125.785,"[2048, 2048, 2048, 2048, 2048]","[2048, 2048, 2048, 2048, 2048, 2048]","[2048, 2048, 2048, 2048, 2048, 2048, 2048]",189.0
1212,9110,81,14,2023-06-18T18:21:52.229000+00:00,34.171,46.829,45.175,119.0,227.0,False,126.175,"[2048, 2048, 2048, 2048, 2048]","[2048, 2048, 2048, 2048, 2048, 2048]","[2048, 2048, 2048, 2048, 2048, 2048, 2048]",232.0
1212,9110,4,14,2023-06-18T18:21:53.995000+00:00,34.675,46.867,44.858,198.0,235.0,False,126.4,"[2048, 2048, 2048, 2048, 2048]","[2048, 2048, 2048, 2048, 2048, 2048]","[2048, 2048, 2048, 2048, 2048, 2048, 2048]",225.0
1212,9110,23,14,2023-06-18T18:21:54.932000+00:00,35.575,46.645,45.048,192.0,236.0,False,127.268,"[2048, 2048, 2048, 2048, 2048]","[2048, 2048, 2048, 2048, 2048, 2048]","[2048, 2048, 2048, 2048, 2048, 2048, 2048]",224.0
1212,9110,22,14,2023-06-18T18:21:57.292000+00:00,35.911,45.596,45.692,137.0,235.0,False,127.199,"[None, 2048, 2048, 2048, 2048]","[2048, 2048, 2048, 2048, 2048, 2048]","[2048, 2048, 2048, 2048, 2048, 2048, 2048]",156.0
1212,9110,24,14,2023-06-18T18:21:58.573000+00:00,36.565,44.65,45.952,129.0,222.0,False,127.167,"[2048, 2048, 2048, 2048, 2048]","[2048, 2048, 2048, 2048, 2048, 2048]","[2048, 2048, 2048, 2048, 2048, 2048, 2048]",124.0
1212,9110,27,14,2023-06-18T18:22:00.416000+00:00,35.925,44.748,45.716,121.0,222.0,False,126.389,"[None, 2048, 2048, 2048, 2048]","[2048, 2048, 2048, 2048, 2048, 2048]","[2048, 2048, 2048, 2048, 2048, 2048, 2048]",118.0
1212,9110,18,14,2023-06-18T18:22:01.557000+00:00,35.621,45.334,45.671,114.0,228.0,False,126.626,"[None, 2048, 2048, 2048, 2048]","[2048, 2048, 2048, 2048, 2048, 2048]","[2048, 2048, 2048, 2048, 2048, 2048, 2048]",120.0
1212,9110,21,14,2023-06-18T18:22:02.620000+00:00,36.108,44.961,45.511,101.0,235.0,False,126.58,"[None, 2048, 2048, 2048, 2048]","[2048, 2048, 2048, 2048, 2048, 2048]","[2048, 2048, 2048, 2048, 2048, 2048, 2048]",135.0
1212,9110,10,14,2023-06-18T18:22:04.432000+00:00,35.469,46.029,44.944,104.0,215.0,False,126.442,"[None, 2048, 2048, 2048, 2048]","[2048, 2048, 2048, 2048, 2048, 2048]","[2048, 2048, 2048, 2048, 2048, 2048, 2048]",162.0
1212,9110,63,14,2023-06-18T18:22:49.994000+00:00,21.975,26.575,36.414,232.0,270.0,False,84.964,"[2048, 2048, 2048, 2048, 2048]","[2048, 2048, 2048, 2048, 2048, 2048]","[2049, 2048, 2048, 2048, 2048, 2048, 2048]",282.0
1212,9110,1,15,2023-06-18T18:23:47.055000+00:00,31.311,40.75,42.616,135.0,141.0,False,114.677,"[None, 2048, 2048, 2048, 2048]","[2048, 2048, 2048, 2048, 2048, 2048]","[2048, 2048, 2048, 2048, 2048, 2048, 0]",215.0
1212,9110,44,15,2023-06-18T18:23:48.571000+00:00,30.932,41.414,42.271,192.0,227.0,False,114.617,"[None, 2048, 2048, 2048, 2048]","[2048, 2048, 2048, 2048, 2048, 2048]","[2048, 2048, 2048, 2048, 2048, 2048, 0]",256.0
1212,9110,14,15,2023-06-18T18:23:49.774000+00:00,31.653,41.195,41.832,193.0,158.0,False,114.68,"[None, 2048, 2048, 2048, 2048]","[2048, 2048, 2048, 2048, 2048, 2048]","[2048, 2048, 2048, 2048, 2048, 2048, 2048]",243.0
1212,9110,16,15,2023-06-18T18:23:51.336000+00:00,31.433,40.784,42.281,189.0,204.0,False,114.498,"[None, 2048, 2048, 2048, 2048]","[2048, 2048, 2048, 2048, 2048, 2048]","[2048, 2048, 2048, 2048, 2048, 2048]",274.0
1212,9110,55,15,2023-06-18T18:23:52.946000+00:00,31.385,40.999,41.974,180.0,207.0,False,114.358,"[None, 2048, 2048, 2048, 2048]","[2048, 2048, 2048, 2048, 2048, 2048]","[2048, 2048, 2048, 2048, 2048, 2048, 2048]",264.0
1212,9110,11,15,2023-06-18T18:23:53.164000+00:00,31.949,40.841,41.452,187.0,201.0,False,114.242,"[None, 2048, 2048, 2048, 2048]","[2048, 2048, 2048, 2048, 2048, 2048]","[2048, 2048, 2048, 2048, 2048, 2048]",271.0
1212,9110,20,15,2023-06-18T18:23:55.446000+00:00,30.553,41.262,42.339,195.0,234.0,False,114.154,"[None, 2048, 2048, 2048, 2048]","[2048, 2048, 2048, 2048, 2048, 2048]","[2048, 2048, 2048, 2048, 2048, 2048, 2048]",245.0
1212,9110,77,15,2023-06-18T18:23:56.461000+00:00,30.628,41.742,41.519,188.0,223.0,False,113.889,"[None, 2048, 2048, 2048, 2048]","[2048, 2048, 2048, 2048, 2048, 2048]","[2048, 2048, 2048, 2048, 2048, 2048, 2048]",249.0
1212,9110,31,15,2023-06-18T18:23:57.336000+00:00,31.735,40.856,41.472,162.0,216.0,False,114.063,"[None, 2048, 2048, 2048, 2048]","[2048, 2048, 2048, 2048, 2048, 2048]","[2048, 2048, 2048, 2048, 2048, 2048, 2048]",256.0
1212,9110,81,15,2023-06-18T18:23:58.414000+00:00,31.82,41.64,40.812,134.0,235.0,False,114.272,"[None, 2048, 2048, 2048, 2048]","[2048, 2048, 2048, 2048, 2048, 2048]","[2048, 2048, 2048, 2048, 2048, 2048, 2048]",185.0
1212,9110,4,15,2023-06-18T18:24:00.414000+00:00,30.936,42.983,40.449,193.0,238.0,False,114.368,"[None, 2048, 2048, 2048, 2048]","[2048, 2048, 2048, 2048, 2048, 2048]","[2048, 2048, 2048, 2048, 2048, 2048, 2048]",264.0
1212,9110,23,15,2023-06-18T18:24:02.196000+00:00,29.937,43.516,40.698,188.0,240.0,False,114.151,"[None, 2048, 2048, 2048, 2048]","[2048, 2048, 2048, 2048, 2048, 2048]","[2048, 2048, 2048, 2048, 2048, 2048, 2048]",242.0
1212,9110,22,15,2023-06-18T18:24:04.602000+00:00,30.465,43.651,40.877,179.0,221.0,False,114.993,"[None, 2048, 2048, 2048, 2048]","[2048, 2048, 2048, 2048, 2048, 2048]","[2048, 2048, 2048, 2048, 2048, 2048, 2048]",190.0
1212,9110,24,15,2023-06-18T18:24:05.758000+00:00,30.829,42.845,42.266,164.0,194.0,False,115.94,"[None, 2048, 2048, 2048, 2048]","[2048, 2048, 2048, 2048, 2048, 2048]","[2048, 2048, 2048, 2048, 2048, 2048]",191.0
1212,9110,27,15,2023-06-18T18:24:06.758000+00:00,30.498,43.561,42.811,154.0,223.0,False,116.87,"[None, 2048, 2048, 2048, 2048]","[2048, 2048, 2048, 2048, 2048, 2048]","[2048, 2048, 2048, 2048, 2048, 2048, 2048]",240.0
1212,9110,18,15,2023-06-18T18:24:08.211000+00:00,30.145,44.363,42.411,152.0,227.0,False,116.919,"[None, 2048, 2048, 2048, 2048]","[2048, 2048, 2048, 2048, 2048, 2048]","[2048, 2048, 2048, 2048, 2048, 2048, 2048]",245.0
1212,9110,21,15,2023-06-18T18:24:09.164000+00:00,30.095,44.487,42.783,141.0,227.0,False,117.365,"[None, 2048, 2048, 2048, 2048]","[2048, 2048, 2048, 2048, 2048, 2048]","[2048, 2048, 2048, 2048, 2048, 2048]",243.0
1212,9110,10,15,2023-06-18T18:24:11.211000+00:00,29.088,45.235,43.003,139.0,216.0,False,117.326,"[None, 2048, 2048, 2048, 2048]","[2048, 2048, 2048, 2048, 2048, 2048]","[2048, 2048, 2048, 2048, 2048, 2048, 2048]",276.0
1212,9110,63,15,2023-06-18T18:24:14.914000+00:00,26.32,45.7,43.085,177.0,223.0,False,115.105,"[None, 2048, 2048, 2048, 2048]","[2048, 2048, 2048, 2048, 2048, 2048]","[2048, 2048, 2048, 2048, 2048, 2048, 2048]",165.0
1212,9110,1,16,2023-06-18T18:25:41.631000+00:00,30.652,35.302,68.951,141.0,214.0,False,134.905,"[None, 2048, 2048, 2048, 2048]","[2048, 2048, 2048, 2048, 2048, 2048]","[2048, 2048, 2048, 2048, 2048, 2048, 2048]",93.0
1212,9110,44,16,2023-06-18T18:25:43.178000+00:00,30.046,35.956,67.894,148.0,214.0,False,133.896,"[None, 2048, 2048, 2048, 2048]","[2048, 2048, 2048, 2048, 2048, 2048]","[2048, 2048, 2048, 2048, 2048, 2048, 2048]",94.0
1212,9110,14,16,2023-06-18T18:25:44.428000+00:00,29.892,36.49,66.534,195.0,124.0,False,132.916,"[None, 2048, 2048, 2048, 2048]","[2048, 2048, 2048, 2048, 2048, 2048]","[2048, 2048, 2048, 2048, 2048, 2048, 2048]",93.0
1212,9110,16,16,2023-06-18T18:25:45.881000+00:00,30.121,35.839,66.106,205.0,129.0,False,132.066,"[None, 2048, 2048, 2048, 2048]","[2048, 2048, 2048, 2048, 2048, 2048]","[2048, 2048, 2048, 2048, 2048, 2048, 2048]",89.0
1212,9110,55,16,2023-06-18T18:25:46.975000+00:00,30.12,35.396,65.993,198.0,136.0,False,131.509,"[None, 2048, 2048, 2048, 2048]","[2048, 2048, 2048, 2048, 2048, 2048]","[2048, 2048, 2048, 2048, 2048, 2048, 2048]",89.0
1212,9110,11,16,2023-06-18T18:25:47.397000+00:00,30.583,35.454,65.378,220.0,128.0,False,131.415,"[None, 2048, 2048, 2048, 2048]","[2048, 2048, 2048, 2048, 2048, 2048]","[2048, 2048, 2048, 2048, 2048, 2048, 2048]",93.0
1212,9110,20,16,2023-06-18T18:25:49.616000+00:00,29.932,35.604,64.174,201.0,121.0,False,129.71,"[None, 2048, 2048, 2048, 2048]","[2048, 2048, 2048, 2048, 2048, 2048]","[2048, 2048, 2048, 2048, 2048, 2048, 2048]",94.0
1212,9110,77,16,2023-06-18T18:25:50.366000+00:00,30.336,35.704,62.976,192.0,128.0,False,129.016,"[None, 2048, 2048, 2048, 2048]","[2048, 2048, 2048, 2048, 2048, 2048]","[2048, 2048, 2048, 2048, 2048, 2048, 2048]",90.0
1212,9110,31,16,2023-06-18T18:25:51.412000+00:00,30.139,35.717,62.646,191.0,141.0,False,128.502,"[None, 2048, 2048, 2048, 2048]","[2048, 2048, 2048, 2048, 2048, 2048]","[2048, 2048, 2048, 2048, 2048, 2048, 2048]",90.0
1212,9110,81,16,2023-06-18T18:25:52.631000+00:00,29.871,35.766,62.008,199.0,159.0,False,127.645,"[None, 2048, 2048, 2048, 2048]","[2048, 2048, 2048, 2048, 2048, 2048]","[2048, 2048, 2048, 2048, 2048, 2048, 2048]",95.0
1212,9110,4,16,2023-06-18T18:25:54.756000+00:00,28.402,36.052,61.606,197.0,134.0,False,126.06,"[None, 2048, 2048, 2048, 2048]","[2048, 2048, 2048, 2048, 2048, 2048]","[2048, 2048, 2048, 2048, 2048, 2048, 2048]",86.0
1212,9110,23,16,2023-06-18T18:25:56.365000+00:00,28.511,35.705,60.77,164.0,131.0,False,124.986,"[None, 2048, 2048, 2048, 2048]","[2048, 2048, 2048, 2048, 2048, 2048]","[2048, 2048, 2048, 2048, 2048, 2048, 2048]",82.0
1212,9110,22,16,2023-06-18T18:25:59.568000+00:00,27.636,34.995,59.826,231.0,136.0,False,122.457,"[None, 2048, 2048, 2048, 2048]","[2048, 2048, 2048, 2048, 2048, 2048]","[2048, 2048, 2048, 2048, 2048, 2048, 2048]",102.0
1212,9110,24,16,2023-06-18T18:26:01.693000+00:00,26.908,35.064,58.937,226.0,146.0,False,120.909,"[None, 2048, 2048, 2048, 2048]","[2048, 2048, 2048, 2048, 2048, 2048]","[2048, 2048, 2048, 2048, 2048, 2048]",103.0
1212,9110,27,16,2023-06-18T18:26:03.662000+00:00,26.471,34.792,58.103,163.0,147.0,False,119.366,"[None, 2048, 2048, 2048, 2048]","[2048, 2048, 2048, 2048, 2048, 2048]","[2048, 2048, 2048, 2048, 2048, 2048]",91.0
1212,9110,18,16,2023-06-18T18:26:05.459000+00:00,26.0,35.101,57.422,183.0,141.0,False,118.523,"[None, 2048, 2048, 2048, 2048]","[2048, 2048, 2048, 2048, 2048, 2048]","[2048, 2048, 2048, 2048, 2048, 2048, 2048]",89.0
1212,9110,21,16,2023-06-18T18:26:06.553000+00:00,25.485,35.142,56.843,219.0,120.0,False,117.47,"[None, 2048, 2048, 2048, 2048]","[2048, 2048, 2048, 2048, 2048, 2048]","[2048, 2048, 2048, 2048, 2048, 2048, 2048]",96.0
1212,9110,10,16,2023-06-18T18:26:08.209000+00:00,25.209,35.1,56.123,226.0,142.0,False,116.432,"[None, 2048, 2048, 2048, 2048]","[2048, 2048, 2048, 2048, 2048, 2048]","[2048, 2048, 2048, 2048, 2048, 2048]",97.0
1212,9110,63,16,2023-06-18T18:26:10.021000+00:00,25.284,34.269,55.475,212.0,140.0,False,115.028,"[None, 2048, 2048, 2048, 2048]","[2048, 2048, 2048, 2048, 2048, 2048]","[2048, 2048, 2048, 2048, 2048, 2048, 2048]",93.0
1212,9110,1,17,2023-06-18T18:27:56.660000+00:00,21.405,24.615,31.125,245.0,269.0,False,77.145,"[None, 2051, 2051, 2048, 2048]","[2049, 2049, 2049, 2048, 2048, 2048]","[2048, 2048, 2049, 2048, 2048, 2048, 2049]",302.0
1212,9110,44,17,2023-06-18T18:27:57.098000+00:00,22.07,24.74,31.063,252.0,274.0,False,77.873,"[None, 2048, 2048, 2048, 2048]","[2048, 2048, 2048, 2048, 2048, 2048]","[2048, 2049, 2049, 2049, 2048, 2049, 2049]",304.0
1212,9110,14,17,2023-06-18T18:27:57.348000+00:00,22.402,24.886,31.21,252.0,277.0,False,78.498,"[None, 2048, 2049, 2048, 2048]","[2048, 2049, 2048, 2048, 2048, 2048]","[2048, 2049, 2048, 2048, 2048, 2048]",303.0
1212,9110,16,17,2023-06-18T18:27:57.879000+00:00,22.429,25.045,31.074,249.0,275.0,False,78.548,"[None, 2048, 2048, 2048, 2048]","[2048, 2048, 2048, 2048, 2049, 2048]","[2049, 2048, 2048, 2048, 2048, 2049, 2048]",308.0
1212,9110,55,17,2023-06-18T18:27:58.488000+00:00,22.402,25.231,31.049,244.0,274.0,False,78.682,"[None, 2049, 2049, 2048, 2048]","[2049, 2048, 2048, 2048, 2048, 2048]","[2049, 2048, 2048, 2048, 2048, 2049, 2048]",308.0
1212,9110,11,17,2023-06-18T18:27:58.832000+00:00,22.476,25.326,31.289,248.0,275.0,False,79.091,"[None, 2049, 2049, 2048, 2049]","[2048, 2048, 2048, 2048, 2048, 2048]","[2049, 2048, 2048, 2048, 2048, 2049, 2048]",310.0
1212,9110,20,17,2023-06-18T18:27:59.316000+00:00,22.705,25.588,31.591,251.0,276.0,False,79.884,"[None, 2048, 2048, 2048, 2048]","[2048, 2048, 2048, 2048, 2048, 2048]","[2048, 2048, 2048, 2048, 2048, 2049, 2048]",307.0
1212,9110,77,17,2023-06-18T18:27:59.441000+00:00,23.066,25.59,31.553,252.0,277.0,False,80.209,"[None, 2049, 2048, 2048, 2048]","[2048, 2048, 2048, 2048, 2048, 2048]","[2048, 2048, 2048, 2048, 2048, 2048, 2048]",309.0
1212,9110,31,17,2023-06-18T18:27:59.894000+00:00,22.896,25.677,31.554,254.0,275.0,False,80.127,"[None, 2048, 2048, 2048, 2049]","[2048, 2048, 2049, 2048, 2048, 2049]","[2048, 2048, 2049, 2049, 2048, 2048]",309.0
1212,9110,81,17,2023-06-18T18:28:00.332000+00:00,22.986,25.687,32.095,249.0,278.0,False,80.768,"[None, 2048, 2048, 2048, 2048]","[2048, 2048, 2048, 2048, 2048, 2049]","[2048, 2048, 2048, 2048, 2048, 2048, 2048]",315.0
1212,9110,4,17,2023-06-18T18:28:00.848000+00:00,22.83,25.617,31.619,239.0,277.0,False,80.066,"[None, 2049, 2048, 2048, 2048]","[2048, 2049, 2048, 2048, 2048, 2049]","[2048, 2048, 2048, 2048, 2048, 2048]",310.0
1212,9110,23,17,2023-06-18T18:28:01.348000+00:00,22.751,25.545,31.746,253.0,282.0,False,80.042,"[None, 2048, 2048, 2048, 2048]","[2048, 2049, 2048, 2048, 2048, 2049]","[2048, 2049, 2051, 2048, 2048, 2048, 2048]",309.0
1212,9110,22,17,2023-06-18T18:28:02.019000+00:00,22.841,25.461,31.62,254.0,278.0,False,79.922,"[None, 2048, 2048, 2048, 2048]","[2048, 2048, 2049, 2048, 2048, 2049]","[2048, 2049, 2049, 2049, 2048, 2048, 2048]",315.0
1212,9110,24,17,2023-06-18T18:28:02.613000+00:00,22.699,25.496,31.716,253.0,278.0,False,79.911,"[None, 2048, 2048, 2048, 2048]","[2048, 2048, 2048, 2048, 2048, 2048]","[2048, 2049, 2048, 2048, 2048, 2048]",314.0
1212,9110,27,17,2023-06-18T18:28:02.988000+00:00,22.806,25.524,31.823,249.0,275.0,False,80.153,"[None, 2048, 2048, 2048, 2048]","[2048, 2048, 2048, 2048, 2048, 2049]","[2048, 2048, 2049, 2048, 2048, 2048, 2048]",309.0
1212,9110,18,17,2023-06-18T18:28:03.613000+00:00,22.628,25.698,31.639,251.0,277.0,False,79.965,"[None, 2048, 2048, 2048, 2048]","[2048, 2048, 2048, 2048, 2048, 2048]","[2049, 2048, 2048, 2048, 2048, 2048, 2048]",310.0
1212,9110,21,17,2023-06-18T18:28:04.019000+00:00,22.599,25.702,31.647,245.0,281.0,False,79.948,"[None, 2049, 2048, 2048, 2048]","[2048, 2048, 2048, 2048, 2049, 2049]","[2048, 2048, 2048, 2048, 2048, 2048, 2048]",316.0
1212,9110,10,17,2023-06-18T18:28:04.660000+00:00,22.341,25.78,31.707,253.0,277.0,False,79.828,"[None, 2048, 2048, 2048, 2049]","[2048, 2048, 2048, 2048, 2048, 2049]","[2048, 2048, 2048, 2048, 2048, 2048]",310.0
1212,9110,63,17,2023-06-18T18:28:05.082000+00:00,22.304,25.637,32.072,253.0,284.0,False,80.013,"[None, 2049, 2048, 2048, 2048]","[2048, 2048, 2048, 2048, 2048, 2051]","[2048, 2048, 2048, 2048, 2048, 2048, 2048]",303.0
1212,9110,1,18,2023-06-18T18:29:13.831000+00:00,21.274,24.503,30.905,246.0,271.0,False,76.682,"[2049, 2048, 2048, 2051, 2048]","[2051, 2048, 2048, 2051, 2049, 2049]","[2048, 2049, 2049, 2048, 2048, 2048, 2049]",301.0
1212,9110,44,18,2023-06-18T18:29:15.081000+00:00,21.409,24.619,31.053,246.0,275.0,False,77.081,"[None, 2049, 2049, 2049, 2048]","[2048, 2048, 2048, 2048, 2048, 2049]","[2049, 2048, 2049, 2048, 2048, 2051]",303.0
1212,9110,14,18,2023-06-18T18:29:15.831000+00:00,21.434,24.705,30.934,250.0,273.0,False,77.073,"[None, 2051, 2049, 2048, 2049]","[2048, 2049, 2048, 2048, 2051, 2048]","[2049, 2049, 2048, 2048, 2048, 2049, 2048]",299.0
1212,9110,16,18,2023-06-18T18:29:16.456000+00:00,21.616,24.751,31.112,255.0,277.0,False,77.479,"[2049, 2048, 2049, 2049, 2049]","[2049, 2049, 2048, 2048, 2049, 2049]","[2048, 2048, 2048, 2048, 2048, 2049, 2048]",306.0
1212,9110,55,18,2023-06-18T18:29:17.190000+00:00,21.762,24.753,30.91,247.0,278.0,False,77.425,"[2049, 2048, 2049, 2049, 2049]","[2049, 2049, 2048, 2048, 2049, 2048]","[2048, 2048, 2048, 2048, 2048, 2049]",311.0
1212,9110,11,18,2023-06-18T18:29:17.927000+00:00,21.796,24.926,31.091,247.0,276.0,False,77.813,"[2049, 2049, 2049, 2049, 2048]","[2049, 2048, 2048, 2049, 2049, 2048]","[2049, 2048, 2048, 2048, 2048, 2048, 2048]",309.0
1212,9110,20,18,2023-06-18T18:29:19.174000+00:00,22.039,25.273,31.41,247.0,276.0,False,78.722,"[None, 2048, 2048, 2048, 2048]","[2048, 2048, 2048, 2048, 2048, 2048]","[2049, 2049, 2048, 2048, 2048, 2049]",298.0
1212,9110,77,18,2023-06-18T18:29:19.565000+00:00,22.006,25.168,31.473,253.0,278.0,False,78.647,"[None, 2048, 2049, 2049, 2049]","[2048, 2049, 2048, 2048, 2048, 2049]","[2048, 2049, 2048, 2048, 2048, 2049]",307.0
1212,9110,31,18,2023-06-18T18:29:20.034000+00:00,22.111,25.36,31.384,248.0,269.0,False,78.855,"[None, 2048, 2048, 2048, 2048]","[2048, 2048, 2048, 2048, 2048, 2048]","[2048, 2048, 2048, 2048, 2048, 2048, 2048]",301.0
1212,9110,4,18,2023-06-18T18:29:20.831000+00:00,21.895,25.231,31.58,249.0,274.0,False,78.706,"[2049, 2048, 2048, 2048, 2048]","[2048, 2048, 2048, 2048, 2048, 2048]","[2048, 2049, 2048, 2048, 2048, 2049, 2048]",299.0
1212,9110,81,18,2023-06-18T18:29:21.065000+00:00,22.302,25.38,31.558,241.0,278.0,False,79.24,"[None, 2048, 2049, 2048, 2048]","[2048, 2048, 2048, 2048, 2048, 2048]","[2048, 2048, 2048, 2048, 2048, 2048]",306.0
1212,9110,23,18,2023-06-18T18:29:21.377000+00:00,22.374,25.319,31.582,,284.0,False,79.275,"[None, 2048, 2049, 2048, 2048]","[2048, 2048, 2048, 2048, 2048, 2051]","[2048, 2049, 2048, 2048, 2048, 2048, 2048]",319.0
1212,9110,22,18,2023-06-18T18:29:21.924000+00:00,22.484,25.278,31.445,,280.0,False,79.207,"[None, 2048, 2048, 2048, 2049]","[2048, 2048, 2049, 2048, 2048, 2049]","[2048, 2049, 2048, 2048, 2048, 2048]",309.0
1212,9110,24,18,2023-06-18T18:29:22.502000+00:00,22.443,25.27,31.603,246.0,276.0,False,79.316,"[None, 2048, 2048, 2048, 2048]","[2048, 2048, 2048, 2048, 2048, 2049]","[2048, 2048, 2048, 2048, 2048, 2049, 2048]",311.0
1212,9110,27,18,2023-06-18T18:29:23.143000+00:00,22.371,25.158,31.842,251.0,279.0,False,79.371,"[None, 2049, 2048, 2048, 2048]","[2048, 2048, 2048, 2048, 2049, 2049]","[2048, 2048, 2048, 2048, 2048, 2048]",309.0
1212,9110,18,18,2023-06-18T18:29:23.580000+00:00,22.24,25.47,31.648,,279.0,False,79.358,"[None, 2048, 2049, 2048, 2048]","[2048, 2048, 2048, 2048, 2049, 2049]","[2048, 2049, 2048, 2048, 2048, 2048, 2048]",305.0
1212,9110,21,18,2023-06-18T18:29:23.940000+00:00,22.283,25.409,31.742,253.0,282.0,False,79.434,"[None, 2048, 2049, 2048, 2049]","[2048, 2048, 2048, 2048, 2049, 2049]","[2048, 2048, 2048, 2048, 2048, 2048, 2048]",317.0
1212,9110,10,18,2023-06-18T18:29:24.455000+00:00,22.174,25.473,31.703,249.0,278.0,False,79.35,"[None, 2048, 2048, 2048, 2049]","[2048, 2048, 2048, 2048, 2048, 2049]","[2048, 2048, 2048, 2048, 2048, 2048, 2048]",304.0
1212,9110,63,18,2023-06-18T18:29:25.018000+00:00,22.019,25.263,31.948,255.0,284.0,False,79.23,"[None, 2049, 2048, 2048, 2051]","[2048, 2048, 2048, 2048, 2048, 2049]","[2048, 2049, 2048, 2048, 2048, 2048, 2048]",308.0
1212,9110,1,19,2023-06-18T18:30:30.486000+00:00,21.238,24.441,30.951,244.0,271.0,False,76.63,"[None, 2048, 2048, 2048, 2048]","[2048, 2051, 2049, 2049, 2049, 2049]","[2048, 2048, 2048, 2048, 2048, 2049, 2048]",301.0
1212,9110,44,19,2023-06-18T18:30:32.017000+00:00,21.311,24.447,31.028,249.0,276.0,False,76.786,"[None, 2048, 2048, 2048, 2049]","[2048, 2048, 2049, 2051, 2048, 2049]","[2049, 2048, 2048, 2048, 2048, 2051, 2048]",303.0
1212,9110,14,19,2023-06-18T18:30:32.876000+00:00,21.334,24.398,30.843,254.0,278.0,False,76.575,"[2049, 2048, 2049, 2049, 2049]","[2048, 2049, 2049, 2048, 2051, 2049]","[2048, 2048, 2048, 2048, 2048, 2048, 2049]",318.0
1212,9110,16,19,2023-06-18T18:30:33.923000+00:00,21.611,24.601,30.791,253.0,278.0,False,77.003,"[None, 2048, 2049, 2049, 2048]","[2049, 2048, 2048, 2049, 2049, 2049]","[2049, 2048, 2048, 2048, 2048, 2049, 2048]",308.0
1212,9110,55,19,2023-06-18T18:30:34.610000+00:00,21.687,24.548,30.594,,280.0,False,76.829,"[None, 2049, 2048, 2049, 2049]","[2048, 2048, 2049, 2049, 2049, 2049]","[2048, 2048, 2048, 2048, 2048, 2048, 2049]",327.0
1212,9110,11,19,2023-06-18T18:30:35.751000+00:00,21.931,24.775,31.048,245.0,276.0,False,77.754,"[2048, 2048, 2048, 2048, 2048]","[2048, 2048, 2048, 2049, 2049, 2048]","[2049, 2048, 2048, 2048, 2048, 2049, 2048]",308.0
1212,9110,20,19,2023-06-18T18:30:37.892000+00:00,21.775,25.029,31.449,249.0,274.0,False,78.253,"[2049, 2048, 2049, 2049, 2048]","[2048, 2049, 2048, 2049, 2049, 2048]","[2048, 2048, 2048, 2048, 2048, 2049, 2048]",301.0
1212,9110,77,19,2023-06-18T18:30:38.235000+00:00,21.976,25.032,32.09,252.0,275.0,False,79.098,"[None, 2048, 2048, 2048, 2048]","[2048, 2048, 2048, 2048, 2048, 2048]","[2048, 2048, 2048, 2048, 2048, 2048]",274.0
1212,9110,31,19,2023-06-18T18:30:38.876000+00:00,21.985,25.025,30.974,,272.0,False,77.984,"[None, 2049, 2048, 2048, 2049]","[2048, 2048, 2049, 2048, 2048, 2048]","[2048, 2048, 2049, 2049, 2048, 2048]",321.0
1212,9110,4,19,2023-06-18T18:30:39.595000+00:00,21.911,24.893,31.271,253.0,280.0,False,78.075,"[2048, 2049, 2049, 2049, 2049]","[2048, 2049, 2049, 2048, 2048, 2049]","[2048, 2048, 2048, 2048, 2048, 2049, 2049]",322.0
1212,9110,81,19,2023-06-18T18:30:40.282000+00:00,22.089,24.991,31.421,247.0,278.0,False,78.501,"[None, 2048, 2049, 2048, 2049]","[2048, 2048, 2049, 2048, 2048, 2048]","[2048, 2048, 2048, 2049, 2049, 2048]",328.0
1212,9110,23,19,2023-06-18T18:30:40.642000+00:00,22.276,24.791,30.815,255.0,283.0,False,77.882,"[None, 2048, 2049, 2048, 2048]","[2049, 2048, 2051, 2048, 2049, 2048]","[2048, 2048, 2051, 2051, 2048, 2048]",340.0
1212,9110,22,19,2023-06-18T18:30:41.173000+00:00,22.359,25.173,30.75,,277.0,False,78.282,"[None, 2048, 2048, 2048, 2049]","[2048, 2048, 2049, 2048, 2048, 2048]","[2048, 2048, 2048, 2049, 2049, 2048]",330.0
1212,9110,24,19,2023-06-18T18:30:41.829000+00:00,22.142,24.946,30.948,255.0,282.0,False,78.036,"[None, 2048, 2048, 2048, 2049]","[2048, 2048, 2049, 2048, 2048, 2049]","[2048, 2048, 2049, 2049, 2048, 2048, 2049]",340.0
1212,9110,27,19,2023-06-18T18:30:42.501000+00:00,22.184,24.875,31.14,255.0,280.0,False,78.199,"[None, 2048, 2049, 2048, 2049]","[2048, 2049, 2049, 2048, 2048, 2048]","[2048, 2048, 2049, 2049, 2048, 2048, 2049]",332.0
1212,9110,18,19,2023-06-18T18:30:42.970000+00:00,22.146,25.138,31.002,253.0,280.0,False,78.286,"[None, 2048, 2049, 2048, 2048]","[2048, 2048, 2049, 2048, 2049, 2049]","[2049, 2048, 2048, 2048, 2048, 2049, 2049]",329.0
1212,9110,21,19,2023-06-18T18:30:43.392000+00:00,22.158,25.197,31.078,254.0,282.0,False,78.433,"[None, 2048, 2048, 2048, 2048]","[2048, 2048, 2049, 2048, 2048, 2048]","[2048, 2048, 2049, 2048, 2048, 2048]",337.0
1212,9110,10,19,2023-06-18T18:30:43.782000+00:00,22.108,25.257,31.054,251.0,273.0,False,78.419,"[None, 2048, 2048, 2048, 2049]","[2048, 2048, 2049, 2048, 2049, 2048]","[2048, 2048, 2049, 2049, 2048, 2048, 2049]",328.0
1212,9110,63,19,2023-06-18T18:30:44.267000+00:00,22.07,25.63,31.153,250.0,279.0,False,78.853,"[None, 2048, 2048, 2048, 2048]","[2048, 2048, 2049, 2048, 2048, 2048]","[2048, 2048, 2049, 2049, 2048, 2048, 2049]",330.0
1212,9110,1,20,2023-06-18T18:31:47.109000+00:00,21.224,24.519,30.864,248.0,271.0,False,76.607,"[2048, 2048, 2048, 2051, 2049]","[2051, 2048, 2048, 2048, 2048, 2048]","[2048, 2048, 2048, 2048, 2048, 2051, 2049]",301.0
1212,9110,44,20,2023-06-18T18:31:48.828000+00:00,21.178,24.638,30.983,247.0,276.0,False,76.799,"[2051, 2048, 2049, 2049, 2048]","[2048, 2048, 2048, 2048, 2049, 2048]","[2049, 2048, 2048, 2048, 2048, 2049, 2048]",304.0
1212,9110,14,20,2023-06-18T18:31:49.437000+00:00,21.448,24.517,30.802,253.0,278.0,False,76.767,"[2048, 2048, 2048, 2049, 2049]","[2048, 2048, 2048, 2048, 2051, 2049]","[2048, 2048, 2048, 2048, 2048, 2048, 2049]",319.0
1212,9110,16,20,2023-06-18T18:31:50.922000+00:00,21.473,24.732,30.851,255.0,276.0,False,77.056,"[None, 2048, 2048, 2049, 2051]","[2049, 2048, 2048, 2048, 2048, 2048]","[2048, 2048, 2048, 2048, 2049, 2048]",309.0
1212,9110,55,20,2023-06-18T18:31:51.437000+00:00,21.713,24.605,30.643,248.0,280.0,False,76.961,"[2048, 2048, 2048, 2048, 2049]","[2048, 2048, 2048, 2048, 2049, 2049]","[2048, 2048, 2048, 2048, 2048, 2048, 2048]",328.0
1212,9110,11,20,2023-06-18T18:31:53.500000+00:00,21.751,24.88,31.094,246.0,275.0,False,77.725,"[2049, 2048, 2049, 2049, 2048]","[2048, 2048, 2048, 2048, 2048, 2048]","[2048, 2048, 2048, 2048, 2048, 2049, 2048]",307.0
1212,9110,20,20,2023-06-18T18:31:56.140000+00:00,21.763,26.118,32.117,254.0,264.0,False,79.998,"[None, 2048, 2049, 2048, 2049]","[2049, 2048, 2048, 2048, 2048, 2048]","[2048, 2048, 2048, 2048, 2048, 2048]",310.0
1212,9110,31,20,2023-06-18T18:31:56.922000+00:00,21.821,25.227,30.99,247.0,268.0,False,78.038,"[None, 2049, 2048, 2048, 2048]","[2048, 2048, 2048, 2048, 2048, 2048]","[2048, 2048, 2048, 2048, 2049, 2048]",312.0
1212,9110,77,20,2023-06-18T18:31:57.312000+00:00,22.082,24.981,31.574,254.0,278.0,False,78.637,"[None, 2048, 2048, 2048, 2048]","[2048, 2048, 2049, 2048, 2048, 2048]","[2048, 2048, 2049, 2049, 2049, 2048]",327.0
1212,9110,4,20,2023-06-18T18:31:57.687000+00:00,22.211,25.071,31.262,243.0,280.0,False,78.544,"[None, 2048, 2048, 2048, 2048]","[2048, 2048, 2048, 2048, 2048, 2049]","[2048, 2048, 2048, 2048, 2048, 2048, 2051]",332.0
1212,9110,23,20,2023-06-18T18:31:58.546000+00:00,22.129,24.911,31.015,256.0,283.0,False,78.055,"[None, 2048, 2049, 2048, 2049]","[2048, 2048, 2048, 2048, 2048, 2048]","[2048, 2048, 2048, 2048, 2048, 2049, 2051]",332.0
1212,9110,81,20,2023-06-18T18:31:58.812000+00:00,22.478,25.185,30.87,248.0,276.0,False,78.533,"[None, 2048, 2048, 2048, 2049]","[2048, 2048, 2049, 2048, 2048, 2048]","[2048, 2048, 2049, 2049, 2048, 2048]",330.0
1212,9110,22,20,2023-06-18T18:31:59.437000+00:00,22.271,25.223,31.031,,279.0,False,78.525,"[None, 2048, 2048, 2048, 2049]","[2048, 2048, 2049, 2048, 2048, 2049]","[2048, 2048, 2049, 2049, 2048, 2048, 2049]",334.0
1212,9110,24,20,2023-06-18T18:31:59.875000+00:00,22.412,25.27,31.078,249.0,278.0,False,78.76,"[None, 2048, 2048, 2048, 2048]","[2048, 2048, 2048, 2048, 2048, 2048]","[2048, 2048, 2048, 2048, 2048, 2048, 2048]",335.0
1212,9110,27,20,2023-06-18T18:32:00.734000+00:00,22.195,25.084,31.276,251.0,280.0,False,78.555,"[2049, 2048, 2048, 2048, 2048]","[2048, 2048, 2048, 2048, 2048, 2048]","[2048, 2048, 2049, 2049, 2048, 2048, 2048]",333.0
1212,9110,18,20,2023-06-18T18:32:01.234000+00:00,22.092,25.153,31.198,251.0,281.0,False,78.443,"[2049, 2048, 2048, 2048, 2048]","[2048, 2048, 2048, 2048, 2048, 2049]","[2048, 2049, 2049, 2048, 2048, 2048, 2049]",333.0
1212,9110,21,20,2023-06-18T18:32:01.843000+00:00,22.006,25.222,31.172,256.0,281.0,False,78.4,"[None, 2048, 2049, 2048, 2049]","[2048, 2048, 2048, 2048, 2048, 2048]","[2048, 2048, 2048, 2048, 2048, 2049, 2049]",337.0
1212,9110,10,20,2023-06-18T18:32:02.218000+00:00,22.027,25.258,31.206,250.0,274.0,False,78.491,"[None, 2049, 2048, 2048, 2048]","[2048, 2048, 2049, 2048, 2048, 2048]","[2048, 2048, 2048, 2048, 2048, 2048]",328.0
1212,9110,63,20,2023-06-18T18:32:03.109000+00:00,21.82,25.171,31.294,252.0,279.0,False,78.285,"[None, 2048, 2049, 2048, 2048]","[2048, 2048, 2049, 2048, 2048, 2048]","[2048, 2048, 2048, 2048, 2048, 2048, 2049]",331.0
1212,9110,1,21,2023-06-18T18:33:03.717000+00:00,21.244,24.464,30.944,252.0,271.0,False,76.652,"[None, 2048, 2048, 2048, 2049]","[2048, 2048, 2049, 2051, 2048, 2048]","[2048, 2048, 2048, 2048, 2048, 2048, 2048]",302.0
1212,9110,44,21,2023-06-18T18:33:05.639000+00:00,21.253,24.592,31.003,249.0,275.0,False,76.848,"[None, 2048, 2048, 2048, 2048]","[2048, 2048, 2048, 2048, 2048, 2048]","[2048, 2048, 2048, 2048, 2048, 2049, 2048]",302.0
1212,9110,14,21,2023-06-18T18:33:06.233000+00:00,21.328,24.656,30.816,255.0,273.0,False,76.8,"[None, 2048, 2049, 2049, 2051]","[2048, 2048, 2048, 2048, 2048, 2048]","[2048, 2048, 2048, 2048, 2048, 2048, 2048]",317.0
1212,9110,16,21,2023-06-18T18:33:08.030000+00:00,21.6,24.678,30.752,251.0,278.0,False,77.03,"[2048, 2048, 2049, 2048, 2048]","[2048, 2048, 2048, 2048, 2049, 2049]","[2048, 2048, 2048, 2048, 2048, 2049, 2048]",311.0
1212,9110,55,21,2023-06-18T18:33:08.373000+00:00,21.791,24.773,30.773,247.0,277.0,False,77.337,"[None, 2049, 2049, 2048, 2048]","[2048, 2048, 2048, 2048, 2048, 2048]","[2048, 2048, 2048, 2048, 2048, 2048, 2048]",325.0
1212,9110,11,21,2023-06-18T18:33:11.186000+00:00,21.605,24.714,31.087,247.0,276.0,False,77.406,"[None, 2049, 2049, 2049, 2049]","[2049, 2048, 2048, 2048, 2049, 2048]","[2048, 2048, 2048, 2048, 2048, 2048]",308.0
1212,9110,31,21,2023-06-18T18:33:14.842000+00:00,21.653,25.044,31.254,,270.0,False,77.951,"[2049, 2048, 2049, 2048, 2049]","[2048, 2048, 2048, 2048, 2049, 2048]","[2048, 2048, 2048, 2048, 2048, 2049, 2048]",297.0
1212,9110,77,21,2023-06-18T18:33:15.889000+00:00,21.858,24.989,31.407,252.0,275.0,False,78.254,"[2049, 2049, 2049, 2049, 2048]","[2049, 2049, 2048, 2048, 2049, 2048]","[2049, 2048, 2048, 2048, 2048, 2049, 2048]",305.0
1212,9110,20,21,2023-06-18T18:33:16.139000+00:00,23.114,25.077,31.114,250.0,276.0,False,79.305,"[2048, 2048, 2048, 2048, 2048]","[2048, 2048, 2048, 2049, 2048, 2048]","[2048, 2048, 2048, 2048, 2048, 2048, 2048]",328.0
1212,9110,4,21,2023-06-18T18:33:16.248000+00:00,22.269,24.924,31.213,244.0,280.0,False,78.406,"[None, 2048, 2048, 2048, 2048]","[2048, 2048, 2048, 2048, 2048, 2048]","[2048, 2048, 2048, 2048, 2048, 2048]",322.0
1212,9110,23,21,2023-06-18T18:33:16.608000+00:00,22.84,25.281,31.039,255.0,282.0,False,79.16,"[None, 2048, 2048, 2048, 2048]","[2048, 2048, 2048, 2048, 2048, 2048]","[2048, 2048, 2048, 2048, 2048, 2048, 2048]",337.0
1212,9110,81,21,2023-06-18T18:33:17.358000+00:00,22.501,25.379,31.094,243.0,275.0,False,78.974,"[None, 2048, 2048, 2048, 2048]","[2048, 2048, 2049, 2048, 2048, 2048]","[2048, 2049, 2049, 2049, 2048, 2048, 2048]",333.0
1212,9110,22,21,2023-06-18T18:33:17.951000+00:00,22.341,25.46,31.181,,280.0,False,78.982,"[None, 2048, 2048, 2048, 2048]","[2048, 2048, 2048, 2048, 2048, 2048]","[2048, 2048, 2049, 2048, 2048, 2048, 2048]",333.0
1212,9110,24,21,2023-06-18T18:33:18.623000+00:00,22.286,25.323,31.184,,278.0,False,78.793,"[None, 2048, 2048, 2048, 2048]","[2048, 2048, 2048, 2048, 2048, 2048]","[2048, 2048, 2048, 2048, 2048, 2048, 2048]",336.0
1212,9110,27,21,2023-06-18T18:33:19.264000+00:00,22.386,25.137,31.263,247.0,279.0,False,78.786,"[2048, 2049, 2048, 2048, 2048]","[2048, 2048, 2048, 2048, 2048, 2048]","[2048, 2048, 2049, 2049, 2048, 2048]",334.0
1212,9110,18,21,2023-06-18T18:33:19.670000+00:00,22.292,25.285,31.148,245.0,281.0,False,78.725,"[2048, 2048, 2048, 2048, 2048]","[2048, 2048, 2049, 2048, 2048, 2049]","[2048, 2049, 2049, 2049, 2048, 2048, 2048]",336.0
1212,9110,21,21,2023-06-18T18:33:20.233000+00:00,22.204,25.253,31.365,254.0,282.0,False,78.822,"[None, 2048, 2048, 2048, 2048]","[2048, 2048, 2049, 2048, 2048, 2048]","[2048, 2048, 2049, 2048, 2048, 2048]",336.0
1212,9110,10,21,2023-06-18T18:33:20.717000+00:00,22.008,25.399,31.399,253.0,275.0,False,78.806,"[None, 2048, 2048, 2048, 2048]","[2048, 2048, 2049, 2048, 2048, 2048]","[2048, 2048, 2048, 2048, 2048, 2048, 2049]",327.0
1212,9110,63,21,2023-06-18T18:33:21.436000+00:00,21.937,25.171,31.556,241.0,281.0,False,78.664,"[None, 2048, 2048, 2048, 2048]","[2048, 2048, 2049, 2048, 2049, 2048]","[2048, 2048, 2049, 2049, 2048, 2048]",331.0
1212,9110,1,22,2023-06-18T18:34:20.356000+00:00,21.246,24.538,30.913,249.0,269.0,False,76.697,"[None, 2048, 2048, 2048, 2049]","[2048, 2048, 2048, 2048, 2048, 2048]","[2048, 2048, 2048, 2048, 2048, 2048, 2049]",302.0
1212,9110,44,22,2023-06-18T18:34:22.471000+00:00,21.261,24.594,31.62,,274.0,False,77.475,"[2048, 2048, 2048, 2048, 2048]","[2048, 2048, 2048, 2048, 2048, 2048]","[2048, 2048, 2048, 2049, 2048, 2048]",303.0
1212,9110,14,22,2023-06-18T18:34:23.044000+00:00,21.356,24.454,30.945,256.0,279.0,False,76.755,"[None, 2048, 2048, 2048, 2048]","[2048, 2048, 2049, 2049, 2048, 2048]","[2048, 2048, 2049, 2049, 2049, 2048]",327.0
1212,9110,16,22,2023-06-18T18:34:24.997000+00:00,21.517,24.801,30.952,257.0,271.0,False,77.27,"[None, 2048, 2048, 2048, 2048]","[2048, 2048, 2048, 2048, 2049, 2048]","[2048, 2048, 2048, 2048, 2048, 2049, 2048]",301.0
1212,9110,55,22,2023-06-18T18:34:25.731000+00:00,21.673,24.641,30.722,248.0,280.0,False,77.036,"[2049, 2048, 2049, 2048, 2049]","[2048, 2048, 2048, 2048, 2048, 2048]","[2048, 2048, 2048, 2048, 2048, 2048, 2049]",328.0
1212,9110,11,22,2023-06-18T18:34:28.638000+00:00,21.732,24.807,31.162,245.0,272.0,False,77.701,"[2048, 2048, 2048, 2048, 2048]","[2048, 2048, 2048, 2049, 2048, 2048]","[2048, 2048, 2048, 2048, 2048, 2048, 2048]",306.0
1212,9110,31,22,2023-06-18T18:34:32.856000+00:00,21.655,24.9,31.248,246.0,268.0,False,77.803,"[2048, 2048, 2048, 2049, 2049]","[2049, 2048, 2048, 2048, 2049, 2048]","[2048, 2048, 2048, 2048, 2048, 2048, 2048]",295.0
1212,9110,77,22,2023-06-18T18:34:34.231000+00:00,21.719,24.882,31.255,250.0,273.0,False,77.856,"[None, 2049, 2049, 2049, 2048]","[2049, 2049, 2048, 2049, 2048, 2048]","[2048, 2048, 2048, 2048, 2048, 2049]",302.0
1212,9110,4,22,2023-06-18T18:34:34.544000+00:00,22.031,24.871,31.077,246.0,278.0,False,77.979,"[None, 2048, 2048, 2048, 2048]","[2048, 2048, 2048, 2049, 2048, 2048]","[2048, 2048, 2048, 2048, 2048, 2048]",325.0
1212,9110,20,22,2023-06-18T18:34:35.434000+00:00,21.935,25.067,31.574,252.0,276.0,False,78.576,"[None, 2048, 2048, 2048, 2048]","[2048, 2048, 2048, 2049, 2048, 2048]","[2048, 2048, 2048, 2048, 2048, 2048]",328.0
1212,9110,23,22,2023-06-18T18:34:35.778000+00:00,22.078,25.017,31.773,253.0,280.0,False,78.868,"[2049, 2048, 2048, 2048, 2048]","[2048, 2048, 2048, 2048, 2048, 2048]","[2048, 2048, 2048, 2048, 2049, 2048]",343.0
1212,9110,81,22,2023-06-18T18:34:36.294000+00:00,22.027,25.235,30.794,245.0,275.0,False,78.056,"[None, 2048, 2048, 2048, 2048]","[2048, 2048, 2049, 2048, 2048, 2048]","[2048, 2048, 2048, 2048, 2048, 2048, 2048]",329.0
1212,9110,22,22,2023-06-18T18:34:36.919000+00:00,22.317,25.073,30.874,,279.0,False,78.264,"[None, 2048, 2048, 2048, 2048]","[2048, 2048, 2048, 2048, 2048, 2048]","[2048, 2048, 2048, 2048, 2048, 2048, 2049]",332.0
1212,9110,24,22,2023-06-18T18:34:37.450000+00:00,22.269,25.1,31.016,250.0,278.0,False,78.385,"[None, 2048, 2048, 2048, 2048]","[2048, 2048, 2048, 2048, 2048, 2048]","[2048, 2048, 2048, 2048, 2049, 2048, 2048]",337.0
1212,9110,27,22,2023-06-18T18:34:38.044000+00:00,22.216,24.997,31.135,254.0,279.0,False,78.348,"[None, 2048, 2048, 2048, 2048]","[2048, 2048, 2048, 2048, 2048, 2048]","[2048, 2048, 2048, 2049, 2048, 2048]",334.0
1212,9110,18,22,2023-06-18T18:34:38.372000+00:00,22.255,25.136,31.082,251.0,281.0,False,78.473,"[None, 2048, 2048, 2048, 2048]","[2048, 2048, 2049, 2048, 2048, 2048]","[2048, 2048, 2048, 2048, 2048, 2049, 2049]",334.0
1212,9110,21,22,2023-06-18T18:34:39.044000+00:00,22.063,25.203,31.3,255.0,281.0,False,78.566,"[None, 2048, 2048, 2048, 2048]","[2048, 2048, 2048, 2048, 2048, 2048]","[2048, 2048, 2048, 2048, 2048, 2048, 2048]",336.0
1212,9110,10,22,2023-06-18T18:34:39.528000+00:00,22.028,25.197,31.213,250.0,274.0,False,78.438,"[None, 2048, 2048, 2048, 2048]","[2048, 2048, 2048, 2048, 2048, 2048]","[2048, 2048, 2048, 2049, 2048, 2048, 2048]",330.0
1212,9110,63,22,2023-06-18T18:34:40.059000+00:00,22.097,25.18,31.222,248.0,278.0,False,78.499,"[None, 2048, 2048, 2048, 2048]","[2048, 2048, 2048, 2048, 2048, 2048]","[2048, 2048, 2048, 2048, 2048, 2048, 2049]",330.0
1212,9110,1,23,2023-06-18T18:35:37.074000+00:00,21.256,24.432,31.258,251.0,271.0,False,76.946,"[None, 2048, 2048, 2048, 2049]","[2048, 2048, 2049, 2048, 2048, 2048]","[2048, 2049, 2048, 2048, 2048, 2048, 2048]",302.0
1212,9110,14,23,2023-06-18T18:35:39.714000+00:00,21.535,24.487,30.986,250.0,274.0,False,77.008,"[None, 2048, 2048, 2049, 2048]","[2049, 2051, 2048, 2048, 2051, 2048]","[2048, 2049, 2048, 2048, 2048, 2049, 2048]",298.0
1212,9110,44,23,2023-06-18T18:35:39.933000+00:00,22.141,24.737,30.816,248.0,278.0,False,77.694,"[None, 2049, 2048, 2048, 2048]","[2048, 2048, 2049, 2048, 2048, 2049]","[2048, 2049, 2049, 2049, 2048, 2048]",323.0
1212,9110,16,23,2023-06-18T18:35:42.277000+00:00,21.585,24.735,30.868,251.0,272.0,False,77.188,"[None, 2048, 2048, 2048, 2048]","[2048, 2048, 2048, 2049, 2048, 2048]","[2048, 2048, 2048, 2048, 2048, 2049, 2048]",303.0
1212,9110,55,23,2023-06-18T18:35:42.761000+00:00,21.857,24.776,30.72,247.0,280.0,False,77.353,"[2048, 2048, 2048, 2049, 2048]","[2048, 2048, 2048, 2048, 2048, 2048]","[2048, 2048, 2048, 2048, 2048, 2048, 2048]",328.0
1212,9110,11,23,2023-06-18T18:35:46.355000+00:00,21.712,24.754,31.13,,275.0,False,77.596,"[2049, 2048, 2048, 2048, 2048]","[2048, 2049, 2048, 2048, 2048, 2048]","[2048, 2048, 2048, 2048, 2049, 2049, 2048]",306.0
1212,9110,31,23,2023-06-18T18:35:50.652000+00:00,21.561,25.058,31.228,,270.0,False,77.847,"[2049, 2048, 2049, 2049, 2048]","[2048, 2048, 2048, 2049, 2048, 2048]","[2048, 2048, 2048, 2048, 2049, 2048, 2048]",301.0
1212,9110,77,23,2023-06-18T18:35:52.089000+00:00,21.749,24.899,31.307,253.0,276.0,False,77.955,"[None, 2048, 2048, 2048, 2048]","[2049, 2048, 2048, 2049, 2048, 2048]","[2048, 2048, 2048, 2048, 2048, 2048, 2048]",303.0
1212,9110,4,23,2023-06-18T18:35:52.605000+00:00,21.933,24.878,31.085,242.0,279.0,False,77.896,"[None, 2048, 2048, 2048, 2048]","[2048, 2048, 2048, 2048, 2049, 2048]","[2048, 2048, 2048, 2048, 2048, 2048]",325.0
1212,9110,20,23,2023-06-18T18:35:54.011000+00:00,22.121,25.024,31.35,250.0,276.0,False,78.495,"[None, 2048, 2048, 2048, 2048]","[2048, 2048, 2048, 2048, 2048, 2048]","[2048, 2048, 2048, 2048, 2048, 2049, 2048]",305.0
1212,9110,81,23,2023-06-18T18:35:54.308000+00:00,22.254,25.107,31.196,246.0,278.0,False,78.557,"[None, 2048, 2049, 2048, 2048]","[2048, 2048, 2048, 2048, 2048, 2049]","[2048, 2048, 2048, 2048, 2048, 2048, 2048]",322.0
1212,9110,23,23,2023-06-18T18:35:54.620000+00:00,22.445,25.083,31.19,255.0,281.0,False,78.718,"[2048, 2048, 2048, 2048, 2048]","[2048, 2048, 2048, 2048, 2048, 2048]","[2048, 2048, 2048, 2048, 2048, 2048, 2048]",335.0
1212,9110,22,23,2023-06-18T18:35:55.199000+00:00,22.321,25.201,31.166,255.0,282.0,False,78.688,"[None, 2048, 2048, 2048, 2048]","[2048, 2048, 2048, 2048, 2048, 2049]","[2048, 2048, 2048, 2048, 2048, 2048]",333.0
1212,9110,24,23,2023-06-18T18:35:55.808000+00:00,22.329,25.202,31.142,249.0,278.0,False,78.673,"[None, 2048, 2048, 2048, 2048]","[2048, 2048, 2048, 2048, 2048, 2048]","[2048, 2048, 2048, 2048, 2048, 2048, 2048]",334.0
1212,9110,27,23,2023-06-18T18:35:56.402000+00:00,22.353,25.086,31.256,252.0,278.0,False,78.695,"[None, 2048, 2048, 2048, 2048]","[2048, 2048, 2048, 2048, 2048, 2048]","[2048, 2048, 2048, 2048, 2048, 2048, 2048]",331.0
1212,9110,18,23,2023-06-18T18:35:56.870000+00:00,22.247,25.217,31.1,247.0,282.0,False,78.564,"[None, 2048, 2048, 2048, 2048]","[2048, 2048, 2048, 2048, 2048, 2049]","[2048, 2048, 2048, 2048, 2048, 2048, 2048]",333.0
1212,9110,21,23,2023-06-18T18:35:57.605000+00:00,21.997,25.13,31.237,,283.0,False,78.364,"[None, 2048, 2048, 2048, 2048]","[2048, 2048, 2048, 2048, 2048, 2049]","[2048, 2048, 2048, 2049, 2048, 2048, 2048]",338.0
1212,9110,10,23,2023-06-18T18:35:57.948000+00:00,22.026,25.233,31.174,251.0,276.0,False,78.433,"[None, 2048, 2048, 2048, 2049]","[2048, 2049, 2049, 2048, 2048, 2048]","[2048, 2048, 2048, 2048, 2048, 2048]",330.0
1212,9110,63,23,2023-06-18T18:35:58.589000+00:00,22.186,25.057,31.303,242.0,281.0,False,78.546,"[None, 2048, 2048, 2048, 2048]","[2048, 2048, 2048, 2048, 2048, 2048]","[2048, 2048, 2048, 2048, 2048, 2048, 2048]",332.0
1212,9110,1,24,2023-06-18T18:36:54.151000+00:00,21.272,24.504,30.865,252.0,271.0,False,76.641,"[None, 2048, 2048, 2048, 2049]","[2048, 2048, 2049, 2048, 2048, 2048]","[2048, 2048, 2049, 2048, 2048, 2048, 2048]",302.0
1212,9110,14,24,2023-06-18T18:36:56.822000+00:00,21.334,24.622,30.973,252.0,276.0,False,76.929,"[None, 2048, 2048, 2049, 2048]","[2049, 2048, 2048, 2048, 2048, 2048]","[2048, 2048, 2048, 2048, 2048, 2048]",301.0
1212,9110,44,24,2023-06-18T18:36:57.635000+00:00,21.622,24.56,31.059,245.0,278.0,False,77.241,"[None, 2048, 2048, 2048, 2048]","[2048, 2048, 2048, 2048, 2048, 2049]","[2048, 2048, 2048, 2048, 2048, 2048, 2048]",307.0
1212,9110,16,24,2023-06-18T18:36:59.463000+00:00,21.486,24.779,30.947,253.0,274.0,False,77.212,"[None, 2048, 2048, 2049, 2048]","[2048, 2048, 2048, 2049, 2048, 2048]","[2048, 2048, 2048, 2048, 2048, 2048, 2048]",305.0
1212,9110,55,24,2023-06-18T18:37:00.119000+00:00,21.827,24.645,30.766,,280.0,False,77.238,"[None, 2048, 2048, 2048, 2048]","[2048, 2048, 2048, 2049, 2048, 2048]","[2048, 2048, 2048, 2048, 2049, 2048, 2048]",326.0
1212,9110,11,24,2023-06-18T18:37:03.900000+00:00,21.745,24.651,31.039,244.0,277.0,False,77.435,"[2048, 2048, 2049, 2048, 2048]","[2049, 2048, 2048, 2048, 2048, 2048]","[2049, 2048, 2048, 2048, 2049, 2048]",306.0
1212,9110,31,24,2023-06-18T18:37:08.525000+00:00,21.671,24.941,31.37,,268.0,False,77.982,"[2048, 2048, 2048, 2048, 2048]","[2048, 2048, 2048, 2048, 2048, 2048]","[2048, 2048, 2048, 2048, 2048, 2048]",294.0
1212,9110,77,24,2023-06-18T18:37:10.103000+00:00,21.732,24.775,31.294,,277.0,False,77.801,"[2048, 2048, 2048, 2049, 2049]","[2048, 2048, 2048, 2048, 2049, 2049]","[2048, 2048, 2048, 2048, 2048, 2048]",304.0
1212,9110,4,24,2023-06-18T18:37:10.479000+00:00,22.073,24.796,31.039,,279.0,False,77.908,"[None, 2048, 2048, 2048, 2048]","[2048, 2048, 2048, 2049, 2048, 2048]","[2048, 2048, 2048, 2048, 2048, 2048]",324.0
1212,9110,20,24,2023-06-18T18:37:12.510000+00:00,21.817,24.868,31.85,253.0,278.0,False,78.535,"[None, 2048, 2048, 2049, 2048]","[2048, 2048, 2048, 2049, 2048, 2049]","[2048, 2048, 2048, 2048, 2048, 2048, 2048]",309.0
1212,9110,81,24,2023-06-18T18:37:12.916000+00:00,21.974,24.88,31.26,243.0,280.0,False,78.114,"[None, 2048, 2048, 2048, 2048]","[2048, 2048, 2049, 2048, 2048, 2049]","[2048, 2048, 2048, 2048, 2048, 2048]",330.0
1212,9110,23,24,2023-06-18T18:37:13.369000+00:00,22.267,24.891,31.004,256.0,282.0,False,78.162,"[2049, 2048, 2048, 2048, 2048]","[2049, 2048, 2048, 2049, 2048, 2048]","[2049, 2048, 2048, 2048, 2048, 2048, 2048]",332.0
1212,9110,22,24,2023-06-18T18:37:13.885000+00:00,22.252,24.999,31.022,256.0,281.0,False,78.273,"[None, 2048, 2048, 2048, 2049]","[2048, 2048, 2048, 2048, 2048, 2049]","[2048, 2048, 2048, 2048, 2048, 2048, 2048]",330.0
1212,9110,24,24,2023-06-18T18:37:14.478000+00:00,22.191,25.078,31.09,252.0,280.0,False,78.359,"[None, 2048, 2048, 2048, 2049]","[2048, 2048, 2048, 2048, 2048, 2048]","[2048, 2048, 2048, 2048, 2048, 2048]",334.0
1212,9110,27,24,2023-06-18T18:37:15.072000+00:00,22.263,24.96,31.168,254.0,281.0,False,78.391,"[None, 2048, 2048, 2048, 2048]","[2048, 2048, 2048, 2048, 2048, 2048]","[2048, 2048, 2048, 2048, 2048, 2048, 2048]",334.0
1212,9110,18,24,2023-06-18T18:37:15.447000+00:00,22.252,25.072,31.154,250.0,282.0,False,78.478,"[None, 2048, 2048, 2048, 2048]","[2048, 2048, 2049, 2048, 2048, 2049]","[2048, 2048, 2048, 2048, 2048, 2048, 2048]",333.0
1212,9110,21,24,2023-06-18T18:37:15.978000+00:00,22.17,25.282,31.228,256.0,282.0,False,78.68,"[None, 2048, 2048, 2048, 2048]","[2048, 2048, 2048, 2048, 2048, 2048]","[2048, 2048, 2048, 2048, 2048, 2048, 2048]",335.0
1212,9110,10,24,2023-06-18T18:37:16.400000+00:00,22.137,25.265,31.265,,276.0,False,78.667,"[None, 2048, 2048, 2048, 2048]","[2048, 2048, 2048, 2048, 2048, 2048]","[2048, 2048, 2049, 2049, 2048, 2048, 2048]",335.0
1212,9110,63,24,2023-06-18T18:37:17.119000+00:00,22.205,25.065,31.257,249.0,281.0,False,78.527,"[None, 2048, 2048, 2048, 2048]","[2048, 2048, 2048, 2048, 2048, 2048]","[2048, 2048, 2049, 2048, 2048, 2048, 2048]",333.0
1212,9110,1,25,2023-06-18T18:38:10.665000+00:00,21.254,24.457,30.932,251.0,269.0,False,76.643,"[None, 2048, 2048, 2051, 2048]","[2048, 2049, 2048, 2048, 2048, 2048]","[2048, 2048, 2049, 2048, 2048, 2048, 2048]",298.0
1212,9110,14,25,2023-06-18T18:38:13.743000+00:00,21.319,24.66,30.943,254.0,278.0,False,76.922,"[None, 2048, 2048, 2048, 2048]","[2049, 2048, 2048, 2048, 2048, 2048]","[2048, 2048, 2048, 2048, 2048, 2048, 2048]",304.0
1212,9110,44,25,2023-06-18T18:38:14.852000+00:00,21.407,24.568,31.067,248.0,278.0,False,77.042,"[None, 2048, 2048, 2048, 2049]","[2048, 2048, 2048, 2048, 2048, 2049]","[2048, 2048, 2048, 2048, 2048, 2048, 2048]",305.0
1212,9110,16,25,2023-06-18T18:38:16.665000+00:00,21.569,24.65,30.991,257.0,279.0,False,77.21,"[None, 2048, 2048, 2048, 2048]","[2048, 2048, 2048, 2048, 2048, 2049]","[2048, 2048, 2048, 2048, 2048, 2048, 2048]",309.0
1212,9110,55,25,2023-06-18T18:38:17.368000+00:00,21.927,24.809,31.118,246.0,280.0,False,77.854,"[None, 2048, 2048, 2048, 2048]","[2048, 2048, 2048, 2048, 2048, 2049]","[2048, 2048, 2048, 2048, 2048, 2048, 2048]",310.0
1212,9110,11,25,2023-06-18T18:38:21.337000+00:00,21.647,24.742,31.156,247.0,274.0,False,77.545,"[2049, 2048, 2048, 2048, 2049]","[2049, 2048, 2048, 2048, 2048, 2048]","[2048, 2048, 2048, 2048, 2049, 2048, 2048]",305.0
1212,9110,31,25,2023-06-18T18:38:26.493000+00:00,21.601,24.885,31.261,,268.0,False,77.747,"[None, 2048, 2048, 2049, 2048]","[2048, 2049, 2048, 2048, 2048, 2048]","[2048, 2048, 2048, 2048, 2048, 2048, 2048]",293.0
1212,9110,77,25,2023-06-18T18:38:27.868000+00:00,21.895,24.869,31.21,254.0,277.0,False,77.974,"[None, 2048, 2048, 2048, 2049]","[2048, 2048, 2048, 2048, 2049, 2048]","[2048, 2048, 2048, 2048, 2048, 2048, 2048]",304.0
1212,9110,4,25,2023-06-18T18:38:28.446000+00:00,21.872,24.927,31.022,249.0,279.0,False,77.821,"[None, 2048, 2048, 2048, 2049]","[2048, 2048, 2048, 2048, 2049, 2049]","[2048, 2048, 2048, 2048, 2048, 2048, 2048]",324.0
1212,9110,81,25,2023-06-18T18:38:31.024000+00:00,21.887,25.227,31.194,244.0,271.0,False,78.308,"[2049, 2048, 2048, 2048, 2048]","[2048, 2048, 2048, 2048, 2049, 2048]","[2048, 2048, 2048, 2048, 2048, 2048, 2048]",304.0
1212,9110,20,25,2023-06-18T18:38:31.133000+00:00,22.641,25.089,31.186,252.0,277.0,False,78.916,"[None, 2048, 2048, 2048, 2048]","[2048, 2048, 2048, 2048, 2048, 2049]","[2048, 2048, 2048, 2048, 2048, 2048, 2049]",325.0
1212,9110,23,25,2023-06-18T18:38:31.508000+00:00,22.526,25.149,31.1,257.0,283.0,False,78.775,"[2048, 2048, 2048, 2048, 2049]","[2048, 2048, 2048, 2048, 2048, 2048]","[2048, 2048, 2048, 2048, 2048, 2048, 2048]",339.0
1212,9110,22,25,2023-06-18T18:38:32.165000+00:00,22.316,25.216,31.184,,281.0,False,78.716,"[None, 2048, 2048, 2048, 2048]","[2048, 2048, 2048, 2048, 2049, 2048]","[2048, 2048, 2049, 2048, 2048, 2048, 2048]",332.0
1212,9110,24,25,2023-06-18T18:38:32.836000+00:00,22.359,25.142,31.083,248.0,277.0,False,78.584,"[None, 2048, 2048, 2048, 2048]","[2048, 2048, 2048, 2048, 2048, 2048]","[2048, 2048, 2048, 2048, 2048, 2048, 2048]",334.0
1212,9110,27,25,2023-06-18T18:38:33.493000+00:00,22.276,25.004,31.257,250.0,280.0,False,78.537,"[None, 2048, 2048, 2048, 2048]","[2048, 2048, 2048, 2048, 2048, 2048]","[2048, 2048, 2049, 2049, 2048, 2048, 2048]",335.0
1212,9110,18,25,2023-06-18T18:38:33.915000+00:00,22.168,25.115,31.082,,282.0,False,78.365,"[None, 2048, 2048, 2049, 2048]","[2048, 2048, 2048, 2048, 2049, 2049]","[2048, 2048, 2049, 2049, 2048, 2048, 2049]",339.0
1212,9110,21,25,2023-06-18T18:38:34.680000+00:00,21.905,25.205,31.187,,281.0,False,78.297,"[None, 2048, 2048, 2048, 2049]","[2048, 2048, 2049, 2048, 2048, 2048]","[2048, 2048, 2048, 2048, 2048, 2048, 2048]",336.0
1212,9110,10,25,2023-06-18T18:38:35.055000+00:00,22.036,25.145,31.107,250.0,274.0,False,78.288,"[None, 2048, 2048, 2048, 2048]","[2048, 2048, 2048, 2048, 2048, 2048]","[2048, 2048, 2048, 2048, 2048, 2048, 2048]",335.0
1212,9110,63,25,2023-06-18T18:38:35.649000+00:00,22.252,25.016,31.16,236.0,280.0,False,78.428,"[None, 2048, 2048, 2048, 2048]","[2048, 2048, 2048, 2048, 2048, 2048]","[2048, 2048, 2048, 2048, 2048, 2048, 2049]",334.0
1212,9110,1,26,2023-06-18T18:39:27.320000+00:00,21.341,24.509,30.935,250.0,269.0,False,76.785,"[None, 2048, 2048, 2048, 2048]","[2048, 2048, 2048, 2048, 2048, 2048]","[2048, 2048, 2048, 2048, 2048, 2048, 2049]",302.0
1212,9110,14,26,2023-06-18T18:39:30.679000+00:00,21.372,24.619,30.988,253.0,277.0,False,76.979,"[None, 2048, 2048, 2048, 2048]","[2048, 2048, 2048, 2048, 2048, 2048]","[2049, 2048, 2048, 2048, 2048, 2048]",304.0
1212,9110,44,26,2023-06-18T18:39:31.898000+00:00,21.442,24.718,30.99,249.0,276.0,False,77.15,"[None, 2048, 2048, 2048, 2049]","[2048, 2048, 2048, 2048, 2048, 2048]","[2048, 2048, 2048, 2048, 2049, 2048, 2048]",307.0
1212,9110,16,26,2023-06-18T18:39:33.867000+00:00,21.587,24.802,30.964,252.0,278.0,False,77.353,"[2049, 2048, 2048, 2048, 2048]","[2048, 2048, 2048, 2048, 2048, 2048]","[2048, 2048, 2048, 2048, 2048, 2048, 2048]",310.0
1212,9110,55,26,2023-06-18T18:39:35.179000+00:00,21.98,24.865,31.025,245.0,279.0,False,77.87,"[None, 2048, 2048, 2048, 2048]","[2048, 2048, 2048, 2048, 2048, 2048]","[2048, 2048, 2048, 2048, 2048, 2049]",309.0
1212,9110,11,26,2023-06-18T18:39:38.866000+00:00,21.616,24.81,31.069,246.0,275.0,False,77.495,"[2048, 2048, 2048, 2048, 2048]","[2048, 2048, 2048, 2048, 2048, 2048]","[2048, 2048, 2048, 2048, 2048, 2048, 2048]",307.0
1212,9110,31,26,2023-06-18T18:39:44.241000+00:00,21.672,24.984,31.248,,267.0,False,77.904,"[None, 2048, 2048, 2048, 2049]","[2048, 2048, 2048, 2048, 2048, 2048]","[2048, 2048, 2048, 2048, 2049, 2048, 2048]",300.0
1212,9110,77,26,2023-06-18T18:39:45.819000+00:00,21.707,25.001,31.366,252.0,275.0,False,78.074,"[None, 2048, 2048, 2049, 2048]","[2048, 2048, 2048, 2048, 2048, 2048]","[2048, 2048, 2048, 2048, 2048, 2048]",303.0
1212,9110,4,26,2023-06-18T18:39:46.273000+00:00,22.047,24.99,31.071,242.0,278.0,False,78.108,"[None, 2048, 2048, 2048, 2048]","[2048, 2048, 2048, 2048, 2048, 2048]","[2048, 2048, 2048, 2048, 2048, 2048, 2048]",324.0
1212,9110,81,26,2023-06-18T18:39:49.319000+00:00,21.873,25.239,31.123,243.0,272.0,False,78.235,"[2048, 2048, 2048, 2049, 2048]","[2048, 2048, 2048, 2048, 2048, 2048]","[2048, 2048, 2048, 2048, 2048, 2049, 2048]",304.0
1212,9110,20,26,2023-06-18T18:39:49.960000+00:00,22.129,25.096,31.379,253.0,278.0,False,78.604,"[None, 2048, 2048, 2048, 2048]","[2048, 2048, 2048, 2048, 2048, 2048]","[2048, 2048, 2048, 2048, 2048, 2048, 2048]",326.0
1212,9110,23,26,2023-06-18T18:39:50.273000+00:00,22.208,25.128,31.015,253.0,282.0,False,78.351,"[None, 2048, 2048, 2048, 2048]","[2048, 2048, 2048, 2048, 2048, 2048]","[2048, 2048, 2051, 2048, 2048, 2048]",342.0
1212,9110,22,26,2023-06-18T18:39:50.866000+00:00,22.197,25.386,31.082,,280.0,False,78.665,"[None, 2048, 2048, 2048, 2048]","[2048, 2048, 2048, 2048, 2048, 2048]","[2048, 2048, 2048, 2048, 2048, 2048]",330.0
1212,9110,24,26,2023-06-18T18:39:51.429000+00:00,22.246,25.239,31.249,253.0,279.0,False,78.734,"[None, 2048, 2048, 2048, 2048]","[2048, 2048, 2048, 2048, 2048, 2048]","[2048, 2048, 2048, 2048, 2048, 2048]",335.0
1212,9110,27,26,2023-06-18T18:39:52.038000+00:00,22.242,25.169,31.279,253.0,279.0,False,78.69,"[None, 2048, 2048, 2048, 2048]","[2048, 2048, 2048, 2048, 2048, 2048]","[2048, 2048, 2048, 2048, 2048, 2048]",334.0
1212,9110,18,26,2023-06-18T18:39:52.288000+00:00,22.336,25.222,31.178,246.0,281.0,False,78.736,"[None, 2048, 2048, 2048, 2048]","[2048, 2048, 2048, 2048, 2048, 2048]","[2048, 2048, 2048, 2048, 2048, 2048, 2048]",333.0
1212,9110,21,26,2023-06-18T18:39:52.960000+00:00,22.14,25.391,31.093,,281.0,False,78.624,"[None, 2048, 2048, 2048, 2048]","[2048, 2048, 2048, 2048, 2048, 2048]","[2048, 2048, 2049, 2048, 2048, 2048, 2049]",336.0
1212,9110,10,26,2023-06-18T18:39:53.413000+00:00,22.185,25.319,31.219,249.0,272.0,False,78.723,"[None, 2048, 2048, 2048, 2048]","[2048, 2048, 2048, 2048, 2048, 2048]","[2048, 2048, 2049, 2048, 2048, 2048, 2048]",329.0
1212,9110,63,26,2023-06-18T18:39:54.444000+00:00,21.939,25.3,31.177,255.0,281.0,False,78.416,"[None, 2048, 2048, 2048, 2048]","[2048, 2048, 2048, 2048, 2048, 2048]","[2048, 2048, 2049, 2049, 2048, 2048, 2048]",332.0
1212,9110,1,27,2023-06-18T18:40:44.068000+00:00,21.3,24.656,30.972,,269.0,False,76.928,"[None, 2048, 2048, 2048, 2048]","[2048, 2048, 2048, 2048, 2048, 2048]","[2048, 2048, 2048, 2049, 2048, 2048, 2048]",301.0
1212,9110,14,27,2023-06-18T18:40:47.693000+00:00,21.256,24.583,30.98,,278.0,False,76.819,"[2049, 2048, 2048, 2049, 2048]","[2048, 2048, 2048, 2049, 2048, 2048]","[2048, 2048, 2048, 2048, 2048, 2049, 2048]",305.0
1212,9110,44,27,2023-06-18T18:40:49.053000+00:00,21.36,24.648,31.043,251.0,278.0,False,77.051,"[None, 2048, 2048, 2048, 2048]","[2048, 2048, 2048, 2048, 2048, 2048]","[2048, 2048, 2048, 2048, 2048, 2048]",306.0
1212,9110,16,27,2023-06-18T18:40:51.256000+00:00,21.753,24.867,30.986,236.0,279.0,False,77.606,"[None, 2048, 2048, 2048, 2048]","[2048, 2048, 2048, 2048, 2048, 2048]","[2048, 2048, 2048, 2048, 2048, 2048, 2048]",309.0
1212,9110,55,27,2023-06-18T18:40:53.068000+00:00,21.724,24.885,31.034,,279.0,False,77.643,"[2049, 2048, 2048, 2049, 2048]","[2048, 2048, 2048, 2048, 2048, 2048]","[2048, 2048, 2048, 2048, 2048, 2048, 2048]",309.0
1212,9110,11,27,2023-06-18T18:40:56.396000+00:00,21.709,24.813,31.3,,275.0,False,77.822,"[None, 2048, 2048, 2048, 2048]","[2048, 2048, 2048, 2048, 2048, 2048]","[2048, 2048, 2048, 2048, 2048, 2048, 2048]",305.0
1212,9110,31,27,2023-06-18T18:41:02.162000+00:00,21.706,25.117,31.148,244.0,265.0,False,77.971,"[None, 2048, 2048, 2048, 2048]","[2048, 2048, 2048, 2048, 2048, 2048]","[2048, 2048, 2048, 2048, 2048, 2049]",300.0
1212,9110,77,27,2023-06-18T18:41:03.896000+00:00,21.758,25.058,31.299,253.0,277.0,False,78.115,"[None, 2048, 2048, 2048, 2048]","[2049, 2048, 2048, 2048, 2048, 2048]","[2048, 2048, 2048, 2048, 2048, 2048]",304.0
1212,9110,4,27,2023-06-18T18:41:04.334000+00:00,22.046,25.018,31.038,241.0,278.0,False,78.102,"[None, 2048, 2048, 2048, 2048]","[2048, 2048, 2048, 2048, 2048, 2048]","[2048, 2048, 2048, 2048, 2048, 2048, 2048]",324.0
1212,9110,81,27,2023-06-18T18:41:07.568000+00:00,21.921,25.025,31.095,240.0,277.0,False,78.041,"[None, 2048, 2048, 2048, 2048]","[2048, 2048, 2048, 2049, 2048, 2048]","[2048, 2048, 2048, 2048, 2048, 2048, 2048]",304.0
1212,9110,20,27,2023-06-18T18:41:08.709000+00:00,22.14,24.948,31.406,252.0,277.0,False,78.494,"[None, 2048, 2048, 2048, 2048]","[2048, 2048, 2048, 2048, 2048, 2048]","[2048, 2048, 2048, 2048, 2048, 2048, 2048]",307.0
1212,9110,23,27,2023-06-18T18:41:08.740000+00:00,22.595,25.057,30.951,254.0,282.0,False,78.603,"[None, 2048, 2048, 2048, 2048]","[2048, 2048, 2048, 2048, 2049, 2048]","[2049, 2048, 2048, 2048, 2048, 2049, 2048]",332.0
1212,9110,22,27,2023-06-18T18:41:09.552000+00:00,22.216,25.267,31.02,255.0,280.0,False,78.503,"[None, 2048, 2048, 2048, 2048]","[2048, 2048, 2048, 2048, 2048, 2048]","[2048, 2048, 2048, 2048, 2048, 2048]",329.0
1212,9110,24,27,2023-06-18T18:41:10.146000+00:00,22.219,25.093,31.136,248.0,279.0,False,78.448,"[None, 2048, 2048, 2048, 2048]","[2048, 2048, 2048, 2048, 2049, 2048]","[2048, 2048, 2048, 2048, 2048, 2048, 2048]",335.0
1212,9110,27,27,2023-06-18T18:41:10.693000+00:00,22.27,25.067,31.26,252.0,280.0,False,78.597,"[None, 2048, 2048, 2048, 2048]","[2048, 2048, 2048, 2048, 2048, 2048]","[2048, 2048, 2048, 2048, 2048, 2048]",332.0
1212,9110,18,27,2023-06-18T18:41:11.021000+00:00,22.329,25.123,47.38,248.0,281.0,False,94.832,"[None, 2048, 2048, 2048, 2048]","[2048, 2048, 2048, 2048, 2048, 2048]","[2048, 2049, 2049, 2049, 2048, 2064, 2064]",338.0
1212,9110,21,27,2023-06-18T18:41:11.584000+00:00,22.164,25.194,31.214,,283.0,False,78.572,"[None, 2048, 2048, 2048, 2049]","[2048, 2048, 2048, 2048, 2048, 2048]","[2048, 2048, 2048, 2048, 2048, 2048]",335.0
1212,9110,10,27,2023-06-18T18:41:12.099000+00:00,22.131,25.25,31.118,,275.0,False,78.499,"[None, 2048, 2048, 2048, 2048]","[2048, 2048, 2048, 2048, 2048, 2048]","[2048, 2048, 2048, 2048, 2048, 2048]",336.0
1212,9110,63,27,2023-06-18T18:41:12.459000+00:00,22.386,25.239,31.34,245.0,280.0,False,78.965,"[None, 2048, 2048, 2048, 2048]","[2048, 2048, 2048, 2048, 2048, 2048]","[2048, 2048, 2048, 2048, 2048, 2048, 2048]",330.0
1212,9110,1,28,2023-06-18T18:42:01.020000+00:00,21.266,24.706,31.032,,270.0,False,77.004,"[None, 2048, 2048, 2048, 2048]","[2048, 2048, 2048, 2051, 2048, 2048]","[2048, 2048, 2048, 2049, 2048, 2048, 2048]",302.0
1212,9110,14,28,2023-06-18T18:42:04.458000+00:00,21.441,24.605,30.964,252.0,278.0,False,77.01,"[2048, 2048, 2048, 2048, 2048]","[2048, 2048, 2048, 2048, 2048, 2048]","[2048, 2048, 2048, 2048, 2048, 2048, 2048]",303.0
1212,9110,44,28,2023-06-18T18:42:06.130000+00:00,21.519,24.677,31.205,250.0,278.0,False,77.401,"[None, 2048, 2048, 2048, 2048]","[2048, 2048, 2048, 2048, 2048, 2048]","[2048, 2048, 2048, 2048, 2048, 2048]",306.0
1212,9110,16,28,2023-06-18T18:42:08.848000+00:00,21.615,24.82,30.999,255.0,278.0,False,77.434,"[2048, 2048, 2048, 2048, 2048]","[2048, 2048, 2048, 2048, 2048, 2048]","[2048, 2048, 2048, 2048, 2048, 2048, 2048]",309.0
1212,9110,55,28,2023-06-18T18:42:10.723000+00:00,21.823,24.806,30.94,,279.0,False,77.569,"[2048, 2048, 2048, 2048, 2048]","[2049, 2048, 2048, 2048, 2048, 2048]","[2048, 2048, 2048, 2048, 2048, 2048, 2048]",308.0
1212,9110,11,28,2023-06-18T18:42:14.223000+00:00,21.707,24.895,31.04,245.0,276.0,False,77.642,"[None, 2048, 2048, 2048, 2048]","[2048, 2048, 2048, 2048, 2048, 2048]","[2048, 2048, 2048, 2048, 2049, 2048, 2048]",306.0
1212,9110,31,28,2023-06-18T18:42:20.114000+00:00,21.597,25.039,31.248,,266.0,False,77.884,"[2049, 2048, 2048, 2048, 2048]","[2048, 2048, 2048, 2048, 2048, 2048]","[2048, 2048, 2048, 2048, 2048, 2048, 2048]",301.0
1212,9110,77,28,2023-06-18T18:42:21.989000+00:00,21.757,24.955,31.354,254.0,277.0,False,78.066,"[2049, 2048, 2048, 2048, 2048]","[2048, 2048, 2048, 2048, 2048, 2048]","[2048, 2048, 2048, 2048, 2048, 2048, 2048]",303.0
1212,9110,4,28,2023-06-18T18:42:22.442000+00:00,21.99,25.098,31.049,,279.0,False,78.137,"[None, 2048, 2048, 2048, 2048]","[2048, 2048, 2048, 2048, 2048, 2048]","[2048, 2048, 2048, 2048, 2048, 2048, 2048]",324.0
1212,9110,81,28,2023-06-18T18:42:25.614000+00:00,21.826,25.117,31.117,,276.0,False,78.06,"[None, 2048, 2048, 2048, 2048]","[2049, 2048, 2048, 2048, 2048, 2048]","[2048, 2048, 2048, 2048, 2048, 2048]",305.0
1212,9110,20,28,2023-06-18T18:42:27.098000+00:00,22.006,24.995,31.931,,277.0,False,78.932,"[None, 2048, 2048, 2048, 2048]","[2048, 2048, 2048, 2048, 2048, 2048]","[2048, 2048, 2048, 2048, 2048, 2048, 2048]",309.0
1212,9110,23,28,2023-06-18T18:42:27.254000+00:00,22.293,25.039,31.231,252.0,283.0,False,78.563,"[None, 2048, 2048, 2048, 2048]","[2048, 2048, 2048, 2048, 2048, 2048]","[2049, 2048, 2048, 2048, 2048, 2048]",335.0
1212,9110,22,28,2023-06-18T18:42:28.051000+00:00,22.229,25.149,31.048,,280.0,False,78.426,"[None, 2048, 2048, 2048, 2048]","[2048, 2048, 2048, 2048, 2048, 2048]","[2048, 2048, 2048, 2048, 2048, 2048]",328.0
1212,9110,24,28,2023-06-18T18:42:28.598000+00:00,22.101,25.123,31.098,250.0,281.0,False,78.322,"[None, 2048, 2048, 2048, 2048]","[2048, 2048, 2048, 2048, 2048, 2048]","[2048, 2048, 2048, 2048, 2048, 2048, 2049]",339.0
1212,9110,27,28,2023-06-18T18:42:29.332000+00:00,22.183,25.185,31.122,254.0,278.0,False,78.49,"[None, 2048, 2048, 2048, 2049]","[2048, 2048, 2048, 2048, 2048, 2048]","[2048, 2048, 2048, 2048, 2048, 2048, 2048]",331.0
1212,9110,21,28,2023-06-18T18:42:30.145000+00:00,21.953,25.133,31.116,255.0,282.0,False,78.202,"[2049, 2048, 2048, 2048, 2048]","[2048, 2048, 2048, 2048, 2048, 2048]","[2048, 2048, 2048, 2049, 2048, 2048, 2048]",337.0
1212,9110,10,28,2023-06-18T18:42:30.488000+00:00,22.199,25.103,31.036,246.0,274.0,False,78.338,"[None, 2048, 2048, 2048, 2048]","[2048, 2048, 2048, 2048, 2048, 2048]","[2048, 2048, 2048, 2048, 2048, 2048]",332.0
1212,9110,63,28,2023-06-18T18:42:31.504000+00:00,22.016,25.044,31.205,247.0,280.0,False,78.265,"[None, 2048, 2048, 2048, 2048]","[2048, 2048, 2048, 2048, 2048, 2048]","[2048, 2048, 2048, 2048, 2048, 2048, 2048]",332.0
1212,9110,18,28,2023-06-18T18:42:45.816000+00:00,24.508,25.257,31.424,244.0,269.0,True,81.189,"[2064, 2048, 2048, 2048, 2048]","[2048, 2048, 2048, 2048, 2048, 2048]","[2049, 2048, 2048, 2048, 2048, 2049, 2048]",291.0
1212,9110,1,29,2023-06-18T18:43:18.034000+00:00,21.34,24.598,30.869,,272.0,False,76.807,"[2049, 2048, 2048, 2048, 2048]","[2048, 2048, 2048, 2048, 2048, 2049]","[2048, 2048, 2048, 2048, 2048, 2048, 2049]",302.0
1212,9110,14,29,2023-06-18T18:43:21.472000+00:00,21.386,24.899,30.967,250.0,278.0,False,77.252,"[None, 2048, 2048, 2048, 2048]","[2048, 2048, 2048, 2048, 2048, 2048]","[2049, 2048, 2048, 2048, 2048, 2048, 2048]",303.0
1212,9110,44,29,2023-06-18T18:43:23.519000+00:00,21.509,25.008,31.273,221.0,277.0,False,77.79,"[None, 2048, 2048, 2048, 2048]","[2048, 2048, 2048, 2048, 2048, 2048]","[2048, 2048, 2048, 2048, 2048, 2048, 2048]",306.0
1212,9110,16,29,2023-06-18T18:43:26.269000+00:00,21.799,24.824,30.917,244.0,279.0,False,77.54,"[None, 2048, 2048, 2048, 2048]","[2048, 2048, 2048, 2048, 2048, 2049]","[2048, 2048, 2048, 2048, 2048, 2048]",308.0
1212,9110,55,29,2023-06-18T18:43:28.284000+00:00,21.683,24.77,30.979,246.0,279.0,False,77.432,"[2049, 2048, 2048, 2048, 2048]","[2048, 2048, 2048, 2048, 2048, 2048]","[2048, 2048, 2048, 2048, 2048, 2048, 2048]",309.0
1212,9110,11,29,2023-06-18T18:43:31.831000+00:00,21.666,24.924,31.108,246.0,276.0,False,77.698,"[None, 2048, 2048, 2048, 2048]","[2048, 2048, 2048, 2049, 2048, 2048]","[2048, 2048, 2048, 2048, 2048, 2048, 2048]",304.0
1212,9110,31,29,2023-06-18T18:43:38.034000+00:00,21.685,25.008,31.244,245.0,266.0,False,77.937,"[2048, 2048, 2048, 2048, 2048]","[2048, 2048, 2048, 2049, 2048, 2048]","[2048, 2048, 2048, 2048, 2048, 2048, 2048]",299.0
1212,9110,77,29,2023-06-18T18:43:40.081000+00:00,21.708,24.916,31.327,,277.0,False,77.951,"[2048, 2048, 2048, 2048, 2048]","[2048, 2048, 2048, 2048, 2048, 2048]","[2048, 2048, 2048, 2048, 2048, 2048, 2048]",304.0
1212,9110,4,29,2023-06-18T18:43:40.565000+00:00,21.843,24.931,31.199,254.0,278.0,False,77.973,"[None, 2048, 2048, 2048, 2049]","[2048, 2048, 2048, 2048, 2048, 2048]","[2048, 2048, 2048, 2048, 2048, 2048, 2048]",323.0
1212,9110,81,29,2023-06-18T18:43:43.675000+00:00,21.911,25.103,31.202,,276.0,False,78.216,"[None, 2048, 2048, 2048, 2048]","[2048, 2048, 2048, 2048, 2048, 2048]","[2048, 2048, 2048, 2048, 2048, 2048, 2048]",304.0
1212,9110,23,29,2023-06-18T18:43:45.768000+00:00,22.054,24.904,31.21,253.0,281.0,False,78.168,"[2049, 2048, 2048, 2048, 2048]","[2049, 2048, 2048, 2049, 2049, 2048]","[2048, 2048, 2048, 2048, 2048, 2048, 2048]",312.0
1212,9110,20,29,2023-06-18T18:43:45.987000+00:00,22.497,25.122,31.219,253.0,278.0,False,78.838,"[None, 2048, 2048, 2048, 2048]","[2048, 2048, 2048, 2048, 2048, 2048]","[2048, 2048, 2048, 2048, 2048, 2048, 2049]",325.0
1212,9110,22,29,2023-06-18T18:43:46.472000+00:00,22.472,25.149,31.158,256.0,282.0,False,78.779,"[None, 2048, 2048, 2048, 2048]","[2048, 2048, 2048, 2048, 2048, 2049]","[2048, 2048, 2049, 2048, 2048, 2048, 2048]",332.0
1212,9110,24,29,2023-06-18T18:43:46.909000+00:00,22.517,25.187,31.236,,279.0,False,78.94,"[None, 2048, 2048, 2048, 2048]","[2048, 2048, 2048, 2048, 2048, 2048]","[2048, 2048, 2048, 2048, 2048, 2048, 2049]",333.0
1212,9110,27,29,2023-06-18T18:43:47.800000+00:00,22.248,25.153,31.354,248.0,280.0,False,78.755,"[None, 2048, 2048, 2048, 2048]","[2048, 2048, 2048, 2048, 2048, 2048]","[2048, 2048, 2048, 2048, 2048, 2048, 2048]",334.0
1212,9110,21,29,2023-06-18T18:43:48.346000+00:00,22.055,25.398,31.182,,281.0,False,78.635,"[2048, 2048, 2048, 2048, 2048]","[2048, 2048, 2048, 2048, 2048, 2048]","[2048, 2048, 2048, 2048, 2048, 2048, 2048]",336.0
1212,9110,10,29,2023-06-18T18:43:48.909000+00:00,22.036,25.221,31.423,249.0,273.0,False,78.68,"[None, 2048, 2048, 2048, 2048]","[2048, 2048, 2048, 2048, 2048, 2048]","[2048, 2048, 2048, 2048, 2048, 2048]",327.0
1212,9110,63,29,2023-06-18T18:43:49.753000+00:00,21.936,25.045,31.409,246.0,281.0,False,78.39,"[None, 2048, 2048, 2048, 2048]","[2048, 2048, 2048, 2048, 2048, 2048]","[2048, 2048, 2048, 2048, 2048, 2048]",327.0
1212,9110,18,29,2023-06-18T18:44:07.034000+00:00,21.475,24.634,31.247,252.0,276.0,False,77.356,"[2049, 2048, 2049, 2049, 2049]","[2049, 2049, 2048, 2049, 2048, 2048]","[2049, 2048, 2048, 2048, 2048, 2049, 2048]",300.0
1212,9110,1,30,2023-06-18T18:44:34.830000+00:00,21.355,24.658,31.003,,270.0,False,77.016,"[2048, 2048, 2048, 2048, 2048]","[2048, 2048, 2048, 2048, 2048, 2048]","[2048, 2048, 2048, 2048, 2048, 2048, 2048]",300.0
1212,9110,14,30,2023-06-18T18:44:38.736000+00:00,21.453,24.599,31.243,253.0,279.0,False,77.295,"[None, 2048, 2048, 2048, 2048]","[2048, 2048, 2048, 2049, 2048, 2049]","[2048, 2048, 2048, 2048, 2048, 2048, 2048]",301.0
1212,9110,44,30,2023-06-18T18:44:41.314000+00:00,21.516,24.586,31.074,249.0,278.0,False,77.176,"[None, 2048, 2048, 2048, 2048]","[2048, 2048, 2048, 2048, 2048, 2048]","[2048, 2048, 2048, 2048, 2048, 2048, 2048]",305.0
1212,9110,16,30,2023-06-18T18:44:43.830000+00:00,21.656,24.741,31.295,256.0,279.0,False,77.692,"[None, 2048, 2048, 2048, 2048]","[2049, 2048, 2048, 2048, 2048, 2048]","[2048, 2048, 2048, 2048, 2049, 2048, 2048]",308.0
1212,9110,55,30,2023-06-18T18:44:45.736000+00:00,21.737,24.827,30.857,,279.0,False,77.421,"[2048, 2048, 2048, 2048, 2048]","[2048, 2048, 2048, 2048, 2048, 2048]","[2048, 2048, 2048, 2048, 2049, 2048, 2048]",308.0
1212,9110,11,30,2023-06-18T18:44:49.549000+00:00,21.635,24.81,31.129,,275.0,False,77.574,"[None, 2048, 2048, 2049, 2048]","[2048, 2048, 2048, 2048, 2048, 2048]","[2048, 2048, 2048, 2048, 2048, 2048, 2048]",304.0
1212,9110,31,30,2023-06-18T18:44:55.939000+00:00,21.656,24.927,31.442,,267.0,False,78.025,"[None, 2048, 2048, 2049, 2048]","[2048, 2048, 2048, 2048, 2048, 2048]","[2048, 2048, 2048, 2048, 2048, 2048]",292.0
1212,9110,77,30,2023-06-18T18:44:58.001000+00:00,21.799,25.017,31.432,252.0,275.0,False,78.248,"[None, 2048, 2048, 2048, 2048]","[2048, 2048, 2048, 2048, 2048, 2048]","[2048, 2048, 2048, 2048, 2048, 2048, 2048]",300.0
1212,9110,4,30,2023-06-18T18:44:58.564000+00:00,22.248,25.031,31.268,245.0,279.0,False,78.547,"[None, 2048, 2048, 2048, 2048]","[2048, 2048, 2048, 2048, 2048, 2048]","[2049, 2048, 2048, 2048, 2048, 2049]",307.0
1212,9110,81,30,2023-06-18T18:45:01.955000+00:00,21.872,25.078,31.242,242.0,277.0,False,78.192,"[None, 2048, 2048, 2048, 2048]","[2049, 2048, 2048, 2048, 2048, 2048]","[2048, 2048, 2048, 2048, 2048, 2048, 2048]",304.0
1212,9110,23,30,2023-06-18T18:45:03.970000+00:00,22.11,24.979,31.121,,280.0,False,78.21,"[2048, 2048, 2048, 2049, 2049]","[2048, 2048, 2048, 2048, 2048, 2048]","[2049, 2048, 2048, 2048, 2048, 2049]",310.0
1212,9110,20,30,2023-06-18T18:45:04.829000+00:00,22.18,24.994,31.136,,279.0,False,78.31,"[None, 2048, 2048, 2048, 2048]","[2048, 2048, 2048, 2048, 2048, 2048]","[2048, 2048, 2048, 2048, 2048, 2048, 2048]",324.0
1212,9110,22,30,2023-06-18T18:45:05.251000+00:00,22.334,25.132,31.027,255.0,281.0,False,78.493,"[None, 2048, 2048, 2048, 2048]","[2048, 2048, 2048, 2048, 2048, 2048]","[2048, 2048, 2048, 2048, 2048, 2048]",331.0
1212,9110,24,30,2023-06-18T18:45:05.861000+00:00,22.322,25.101,31.211,248.0,278.0,False,78.634,"[None, 2048, 2048, 2048, 2048]","[2048, 2048, 2048, 2048, 2048, 2048]","[2048, 2048, 2048, 2048, 2048, 2048]",331.0
1212,9110,27,30,2023-06-18T18:45:06.548000+00:00,22.231,25.109,31.224,252.0,279.0,False,78.564,"[None, 2048, 2048, 2048, 2048]","[2048, 2048, 2048, 2048, 2048, 2048]","[2048, 2048, 2048, 2048, 2048, 2048, 2048]",333.0
1212,9110,21,30,2023-06-18T18:45:06.986000+00:00,22.176,25.183,31.226,256.0,282.0,False,78.585,"[None, 2048, 2048, 2048, 2048]","[2048, 2048, 2048, 2048, 2048, 2048]","[2048, 2048, 2048, 2048, 2048, 2048, 2048]",337.0
1212,9110,10,30,2023-06-18T18:45:07.579000+00:00,22.029,25.242,31.21,251.0,276.0,False,78.481,"[None, 2048, 2048, 2048, 2048]","[2048, 2048, 2048, 2048, 2048, 2048]","[2048, 2048, 2048, 2048, 2048, 2048]",327.0
1212,9110,63,30,2023-06-18T18:45:08.111000+00:00,22.365,25.063,31.454,238.0,281.0,False,78.882,"[None, 2048, 2048, 2048, 2048]","[2048, 2048, 2048, 2048, 2048, 2048]","[2048, 2048, 2048, 2048, 2048, 2048, 2048]",329.0
1212,9110,18,30,2023-06-18T18:45:24.423000+00:00,21.5,24.629,31.093,255.0,279.0,False,77.222,"[None, 2048, 2049, 2048, 2049]","[2049, 2048, 2048, 2048, 2049, 2048]","[2048, 2051, 2048, 2048, 2048, 2048]",303.0
1212,9110,1,31,2023-06-18T18:45:52.157000+00:00,21.296,24.554,30.999,251.0,271.0,False,76.849,"[None, 2048, 2048, 2048, 2048]","[2048, 2048, 2049, 2048, 2048, 2048]","[2048, 2048, 2048, 2048, 2048, 2048, 2049]",302.0
1212,9110,14,31,2023-06-18T18:45:56.032000+00:00,21.491,24.583,31.039,,278.0,False,77.113,"[None, 2048, 2048, 2048, 2048]","[2049, 2048, 2048, 2049, 2048, 2048]","[2048, 2048, 2048, 2048, 2048, 2048, 2048]",302.0
1212,9110,44,31,2023-06-18T18:45:58.485000+00:00,21.467,24.595,31.189,250.0,277.0,False,77.251,"[2051, 2048, 2048, 2048, 2048]","[2048, 2048, 2048, 2048, 2048, 2048]","[2048, 2048, 2048, 2048, 2048, 2048, 2048]",305.0
1212,9110,16,31,2023-06-18T18:46:01.485000+00:00,21.629,24.73,31.023,,279.0,False,77.382,"[None, 2048, 2048, 2048, 2048]","[2048, 2048, 2048, 2048, 2048, 2048]","[2048, 2048, 2048, 2048, 2048, 2048]",308.0
1212,9110,55,31,2023-06-18T18:46:03.141000+00:00,21.718,24.801,30.921,,280.0,False,77.44,"[None, 2048, 2048, 2048, 2048]","[2048, 2048, 2048, 2048, 2048, 2048]","[2049, 2048, 2048, 2048, 2048, 2048, 2048]",310.0
1212,9110,11,31,2023-06-18T18:46:07.110000+00:00,21.654,24.79,31.298,245.0,277.0,False,77.742,"[None, 2048, 2048, 2048, 2048]","[2048, 2048, 2048, 2048, 2048, 2048]","[2048, 2048, 2048, 2048, 2048, 2048, 2048]",305.0
1212,9110,31,31,2023-06-18T18:46:13.969000+00:00,21.747,24.925,31.189,,269.0,False,77.861,"[None, 2048, 2048, 2048, 2048]","[2048, 2048, 2048, 2049, 2048, 2048]","[2048, 2048, 2048, 2048, 2048, 2048, 2048]",300.0
1212,9110,77,31,2023-06-18T18:46:16.250000+00:00,21.648,24.928,31.288,254.0,277.0,False,77.864,"[None, 2048, 2048, 2049, 2048]","[2048, 2048, 2048, 2049, 2048, 2048]","[2049, 2048, 2048, 2048, 2048, 2048, 2048]",304.0
1212,9110,4,31,2023-06-18T18:46:17.094000+00:00,21.934,25.006,31.306,252.0,278.0,False,78.246,"[None, 2048, 2048, 2048, 2049]","[2048, 2048, 2048, 2048, 2048, 2048]","[2048, 2048, 2048, 2048, 2048, 2048, 2048]",306.0
1212,9110,81,31,2023-06-18T18:46:20.078000+00:00,21.862,25.131,31.216,245.0,276.0,False,78.209,"[None, 2048, 2048, 2048, 2048]","[2048, 2048, 2048, 2048, 2048, 2048]","[2048, 2048, 2048, 2048, 2048, 2048]",304.0
1212,9110,23,31,2023-06-18T18:46:22.187000+00:00,22.044,24.86,31.216,256.0,280.0,False,78.12,"[None, 2048, 2049, 2049, 2048]","[2048, 2048, 2048, 2049, 2048, 2048]","[2048, 2048, 2048, 2048, 2048, 2048]",309.0
1212,9110,20,31,2023-06-18T18:46:23.172000+00:00,22.018,24.987,31.529,,278.0,False,78.534,"[None, 2048, 2048, 2048, 2048]","[2048, 2048, 2048, 2048, 2048, 2048]","[2048, 2048, 2048, 2048, 2048, 2048, 2048]",307.0
1212,9110,22,31,2023-06-18T18:46:23.734000+00:00,22.069,25.08,31.234,256.0,280.0,False,78.383,"[None, 2048, 2048, 2048, 2049]","[2048, 2048, 2048, 2048, 2048, 2048]","[2048, 2048, 2048, 2048, 2048, 2048]",328.0
1212,9110,24,31,2023-06-18T18:46:24.484000+00:00,22.046,25.057,31.338,255.0,278.0,False,78.441,"[None, 2048, 2048, 2049, 2048]","[2048, 2048, 2048, 2048, 2048, 2048]","[2048, 2048, 2048, 2048, 2048, 2048, 2048]",328.0
1212,9110,27,31,2023-06-18T18:46:25.141000+00:00,22.106,25.041,48.153,253.0,279.0,False,95.3,"[None, 2048, 2048, 2048, 2048]","[2048, 2048, 2048, 2048, 2048, 2048]","[2048, 2048, 2048, 2048, 2048, 2064, 2064]",331.0
1212,9110,21,31,2023-06-18T18:46:25.578000+00:00,22.224,25.184,30.993,255.0,281.0,False,78.401,"[None, 2048, 2048, 2048, 2048]","[2048, 2048, 2048, 2048, 2048, 2048]","[2048, 2048, 2048, 2048, 2048, 2048]",333.0
1212,9110,10,31,2023-06-18T18:46:26.094000+00:00,22.093,25.219,31.11,252.0,275.0,False,78.422,"[None, 2048, 2048, 2048, 2048]","[2048, 2048, 2048, 2048, 2048, 2049]","[2048, 2048, 2048, 2048, 2048, 2048]",327.0
1212,9110,63,31,2023-06-18T18:46:27+00:00,21.963,25.028,31.335,242.0,281.0,False,78.326,"[None, 2048, 2048, 2048, 2048]","[2048, 2048, 2048, 2048, 2048, 2048]","[2048, 2048, 2048, 2048, 2048, 2048]",323.0
1212,9110,18,31,2023-06-18T18:46:41.625000+00:00,21.492,24.693,31.19,251.0,278.0,False,77.375,"[None, 2048, 2048, 2048, 2048]","[2048, 2048, 2048, 2048, 2049, 2048]","[2049, 2048, 2048, 2048, 2048, 2048]",297.0
1212,9110,1,32,2023-06-18T18:47:08.655000+00:00,21.435,24.563,30.92,,273.0,False,76.918,"[None, 2048, 2048, 2048, 2048]","[2048, 2048, 2048, 2048, 2048, 2049]","[2048, 2048, 2048, 2048, 2048, 2048, 2049]",302.0
1212,9110,14,32,2023-06-18T18:47:13.108000+00:00,21.467,24.854,31.346,249.0,274.0,False,77.667,"[None, 2048, 2048, 2048, 2048]","[2048, 2048, 2048, 2048, 2048, 2048]","[2048, 2048, 2048, 2048, 2048, 2048]",296.0
1212,9110,44,32,2023-06-18T18:47:15.765000+00:00,21.626,24.798,31.175,249.0,278.0,False,77.599,"[2048, 2048, 2048, 2048, 2048]","[2048, 2048, 2048, 2048, 2048, 2048]","[2048, 2048, 2048, 2048, 2048, 2048, 2048]",303.0
1212,9110,16,32,2023-06-18T18:47:18.905000+00:00,21.632,24.841,30.914,255.0,279.0,False,77.387,"[None, 2048, 2048, 2048, 2048]","[2048, 2048, 2048, 2048, 2048, 2048]","[2048, 2048, 2048, 2048, 2048, 2048]",309.0
1212,9110,55,32,2023-06-18T18:47:20.561000+00:00,21.63,24.799,30.93,247.0,280.0,False,77.359,"[None, 2048, 2048, 2049, 2048]","[2048, 2048, 2048, 2048, 2048, 2048]","[2048, 2048, 2048, 2048, 2048, 2048]",310.0
1212,9110,11,32,2023-06-18T18:47:24.858000+00:00,21.646,24.869,31.206,246.0,275.0,False,77.721,"[None, 2048, 2048, 2049, 2048]","[2048, 2048, 2048, 2048, 2048, 2048]","[2048, 2048, 2048, 2048, 2048, 2048, 2048]",305.0
1212,9110,31,32,2023-06-18T18:47:31.811000+00:00,21.714,24.925,31.43,,267.0,False,78.069,"[None, 2048, 2048, 2048, 2048]","[2049, 2048, 2048, 2048, 2048, 2048]","[2048, 2048, 2048, 2048, 2048, 2048, 2048]",294.0
1212,9110,77,32,2023-06-18T18:47:34.108000+00:00,21.814,25.274,31.317,252.0,276.0,False,78.405,"[None, 2048, 2048, 2048, 2048]","[2048, 2048, 2048, 2048, 2048, 2048]","[2048, 2048, 2048, 2048, 2048, 2048, 2048]",302.0
1212,9110,4,32,2023-06-18T18:47:35.342000+00:00,21.82,25.334,31.324,253.0,278.0,False,78.478,"[None, 2048, 2048, 2049, 2048]","[2048, 2048, 2048, 2048, 2048, 2048]","[2048, 2048, 2048, 2048, 2048, 2048, 2048]",306.0
1212,9110,81,32,2023-06-18T18:47:38.311000+00:00,21.877,25.136,31.156,243.0,278.0,False,78.169,"[None, 2048, 2048, 2048, 2048]","[2048, 2048, 2048, 2048, 2048, 2048]","[2048, 2048, 2048, 2048, 2048, 2048, 2048]",305.0
1212,9110,23,32,2023-06-18T18:47:40.295000+00:00,21.941,24.823,31.244,253.0,281.0,False,78.008,"[2049, 2048, 2048, 2048, 2049]","[2049, 2048, 2048, 2049, 2048, 2048]","[2048, 2048, 2048, 2048, 2048, 2048, 2048]",310.0
1212,9110,20,32,2023-06-18T18:47:41.686000+00:00,22.167,25.138,31.59,252.0,277.0,False,78.895,"[None, 2048, 2048, 2048, 2048]","[2049, 2048, 2048, 2048, 2048, 2048]","[2048, 2048, 2048, 2048, 2048, 2048]",306.0
1212,9110,22,32,2023-06-18T18:47:42.139000+00:00,22.248,25.316,31.168,254.0,281.0,False,78.732,"[None, 2048, 2049, 2048, 2048]","[2048, 2048, 2048, 2048, 2048, 2048]","[2048, 2048, 2048, 2048, 2048, 2048, 2048]",328.0
1212,9110,24,32,2023-06-18T18:47:42.920000+00:00,22.199,25.086,51.349,252.0,280.0,False,98.634,"[None, 2048, 2048, 2048, 2048]","[2048, 2048, 2048, 2048, 2048, 2048]","[2048, 2048, 2048, 2048, 2049, 2064, 2064]",331.0
1212,9110,21,32,2023-06-18T18:47:43.889000+00:00,21.925,25.288,31.069,256.0,280.0,False,78.282,"[None, 2048, 2048, 2049, 2049]","[2048, 2048, 2048, 2048, 2048, 2048]","[2048, 2048, 2048, 2048, 2048, 2048, 2048]",332.0
1212,9110,10,32,2023-06-18T18:47:44.389000+00:00,21.977,25.162,30.987,251.0,276.0,False,78.126,"[None, 2048, 2048, 2048, 2048]","[2049, 2048, 2048, 2048, 2048, 2049]","[2048, 2048, 2049, 2048, 2048, 2048]",329.0
1212,9110,63,32,2023-06-18T18:47:45.186000+00:00,22.075,25.041,31.192,247.0,281.0,False,78.308,"[None, 2048, 2048, 2048, 2048]","[2048, 2048, 2048, 2048, 2048, 2048]","[2048, 2048, 2048, 2048, 2048, 2048, 2049]",326.0
1212,9110,18,32,2023-06-18T18:47:58.920000+00:00,21.737,24.59,30.964,252.0,279.0,False,77.291,"[2048, 2048, 2048, 2048, 2048]","[2048, 2048, 2048, 2049, 2048, 2048]","[2048, 2048, 2048, 2048, 2048, 2048]",306.0
1212,9110,27,32,2023-06-18T18:48:00.420000+00:00,23.669,24.812,31.051,240.0,274.0,True,79.532,"[2064, 2048, 2049, 2048, 2048]","[2048, 2049, 2048, 2048, 2049, 2048]","[2048, 2051, 2048, 2048, 2048, 2049]",305.0
1212,9110,1,33,2023-06-18T18:48:25.701000+00:00,21.367,24.511,30.952,252.0,272.0,False,76.83,"[None, 2048, 2048, 2048, 2049]","[2048, 2048, 2048, 2048, 2048, 2048]","[2048, 2048, 2049, 2049, 2048, 2048, 2048]",303.0
1212,9110,14,33,2023-06-18T18:48:30.857000+00:00,21.38,24.527,31.084,251.0,276.0,False,76.991,"[None, 2048, 2048, 2049, 2048]","[2048, 2048, 2048, 2048, 2048, 2048]","[2048, 2048, 2048, 2048, 2048, 2048, 2048]",300.0
1212,9110,44,33,2023-06-18T18:48:33.326000+00:00,21.486,24.742,31.051,253.0,278.0,False,77.279,"[None, 2048, 2048, 2048, 2048]","[2048, 2048, 2048, 2049, 2048, 2048]","[2048, 2048, 2048, 2048, 2048, 2048, 2048]",305.0
1212,9110,16,33,2023-06-18T18:48:36.295000+00:00,21.528,24.764,30.897,257.0,280.0,False,77.189,"[2049, 2048, 2048, 2048, 2048]","[2048, 2048, 2048, 2048, 2048, 2048]","[2048, 2048, 2048, 2048, 2048, 2048]",309.0
1212,9110,55,33,2023-06-18T18:48:37.935000+00:00,21.613,24.982,30.938,255.0,279.0,False,77.533,"[None, 2048, 2048, 2048, 2051]","[2048, 2048, 2048, 2049, 2048, 2048]","[2048, 2048, 2048, 2048, 2048, 2048]",311.0
1212,9110,11,33,2023-06-18T18:48:42.607000+00:00,21.765,24.995,31.226,,277.0,False,77.986,"[None, 2048, 2048, 2048, 2048]","[2048, 2048, 2048, 2048, 2048, 2048]","[2048, 2048, 2048, 2048, 2048, 2048]",305.0
1212,9110,31,33,2023-06-18T18:48:49.904000+00:00,21.772,24.997,31.26,247.0,269.0,False,78.029,"[None, 2048, 2048, 2048, 2048]","[2048, 2048, 2048, 2048, 2048, 2048]","[2048, 2048, 2048, 2048, 2048, 2048, 2048]",301.0
1212,9110,77,33,2023-06-18T18:48:52.513000+00:00,21.687,25.025,31.297,255.0,278.0,False,78.009,"[None, 2048, 2049, 2048, 2048]","[2048, 2048, 2048, 2048, 2048, 2048]","[2048, 2048, 2048, 2048, 2048, 2048]",303.0
1212,9110,4,33,2023-06-18T18:48:53.810000+00:00,21.885,25.279,31.309,247.0,278.0,False,78.473,"[None, 2048, 2048, 2048, 2048]","[2048, 2048, 2048, 2048, 2048, 2048]","[2048, 2048, 2048, 2048, 2048, 2048, 2048]",306.0
1212,9110,81,33,2023-06-18T18:48:56.450000+00:00,21.955,25.253,31.178,240.0,277.0,False,78.386,"[None, 2048, 2048, 2048, 2048]","[2048, 2048, 2048, 2048, 2048, 2048]","[2048, 2048, 2048, 2048, 2048, 2048, 2048]",304.0
1212,9110,23,33,2023-06-18T18:48:58.294000+00:00,22.148,24.783,31.088,255.0,282.0,False,78.019,"[2048, 2048, 2048, 2048, 2049]","[2049, 2048, 2048, 2049, 2048, 2048]","[2048, 2048, 2048, 2048, 2048, 2048, 2048]",313.0
1212,9110,20,33,2023-06-18T18:49:00.560000+00:00,22.132,25.115,31.46,251.0,276.0,False,78.707,"[None, 2048, 2048, 2048, 2048]","[2048, 2048, 2048, 2048, 2048, 2048]","[2048, 2048, 2048, 2048, 2048, 2048, 2048]",306.0
1212,9110,22,33,2023-06-18T18:49:00.857000+00:00,22.458,25.052,31.342,,282.0,False,78.852,"[None, 2048, 2048, 2048, 2048]","[2048, 2048, 2048, 2048, 2048, 2048]","[2048, 2048, 2048, 2048, 2048, 2048, 2048]",329.0
1212,9110,21,33,2023-06-18T18:49:02.403000+00:00,21.893,25.21,31.153,,280.0,False,78.256,"[None, 2048, 2048, 2048, 2048]","[2048, 2048, 2048, 2049, 2048, 2048]","[2048, 2048, 2048, 2048, 2048, 2048, 2048]",330.0
1212,9110,10,33,2023-06-18T18:49:02.575000+00:00,22.01,25.078,48.056,252.0,280.0,False,95.144,"[None, 2048, 2048, 2048, 2049]","[2048, 2048, 2048, 2048, 2048, 2049]","[2048, 2048, 2048, 2048, 2049, 2064, 2064]",327.0
1212,9110,63,33,2023-06-18T18:49:03.528000+00:00,21.857,24.887,31.196,256.0,281.0,False,77.94,"[None, 2048, 2048, 2048, 2049]","[2048, 2048, 2048, 2048, 2048, 2048]","[2048, 2048, 2048, 2048, 2048, 2048]",327.0
1212,9110,18,33,2023-06-18T18:49:16.247000+00:00,21.603,24.61,30.932,254.0,279.0,False,77.145,"[None, 2048, 2048, 2048, 2049]","[2049, 2048, 2048, 2048, 2048, 2048]","[2048, 2048, 2048, 2048, 2048, 2049]",306.0
1212,9110,27,33,2023-06-18T18:49:19.887000+00:00,21.581,24.829,30.884,247.0,271.0,False,77.294,"[2049, 2049, 2048, 2049, 2048]","[2049, 2048, 2048, 2049, 2048, 2048]","[2049, 2048, 2048, 2048, 2048, 2049]",305.0
1212,9110,24,33,2023-06-18T18:49:21.575000+00:00,24.829,25.055,31.479,249.0,273.0,True,81.363,"[2064, 2048, 2048, 2048, 2048]","[2049, 2048, 2048, 2048, 2048, 2048]","[2048, 2049, 2048, 2048, 2048, 2049]",300.0
1212,9110,1,34,2023-06-18T18:49:42.434000+00:00,21.46,24.588,31.006,,274.0,False,77.054,"[None, 2048, 2048, 2048, 2048]","[2048, 2048, 2048, 2051, 2048, 2048]","[2048, 2048, 2048, 2048, 2048, 2048, 2048]",303.0
1212,9110,14,34,2023-06-18T18:49:47.824000+00:00,21.454,24.556,31.059,,275.0,False,77.069,"[None, 2048, 2048, 2048, 2048]","[2049, 2048, 2048, 2048, 2048, 2048]","[2048, 2048, 2048, 2048, 2048, 2048, 2048]",299.0
1212,9110,44,34,2023-06-18T18:49:50.637000+00:00,21.594,24.713,31.193,,277.0,False,77.5,"[None, 2048, 2048, 2048, 2048]","[2048, 2048, 2048, 2048, 2048, 2048]","[2048, 2048, 2048, 2048, 2048, 2048]",304.0
1212,9110,16,34,2023-06-18T18:49:53.449000+00:00,21.688,24.79,30.983,,279.0,False,77.461,"[2048, 2048, 2048, 2048, 2048]","[2048, 2048, 2048, 2048, 2048, 2048]","[2048, 2048, 2048, 2048, 2048, 2048, 2048]",309.0
1212,9110,55,34,2023-06-18T18:49:55.481000+00:00,21.75,24.838,31.048,254.0,279.0,False,77.636,"[None, 2048, 2048, 2048, 2048]","[2048, 2048, 2048, 2048, 2048, 2048]","[2048, 2048, 2048, 2048, 2048, 2048, 2048]",309.0
1212,9110,11,34,2023-06-18T18:50:00.590000+00:00,21.878,24.844,31.245,,274.0,False,77.967,"[None, 2048, 2048, 2048, 2048]","[2048, 2048, 2048, 2048, 2048, 2048]","[2048, 2048, 2048, 2048, 2048, 2048]",304.0
1212,9110,31,34,2023-06-18T18:50:07.918000+00:00,21.674,25.033,31.39,,269.0,False,78.097,"[None, 2048, 2048, 2048, 2049]","[2048, 2048, 2048, 2048, 2048, 2048]","[2048, 2048, 2048, 2048, 2048, 2048, 2048]",294.0
1212,9110,77,34,2023-06-18T18:50:10.543000+00:00,21.848,24.971,31.428,252.0,277.0,False,78.247,"[None, 2048, 2048, 2048, 2048]","[2048, 2048, 2048, 2048, 2048, 2048]","[2048, 2048, 2048, 2048, 2048, 2048, 2048]",302.0
1212,9110,4,34,2023-06-18T18:50:12.293000+00:00,21.974,25.269,31.244,237.0,278.0,False,78.487,"[None, 2048, 2048, 2049, 2048]","[2048, 2048, 2048, 2048, 2048, 2048]","[2049, 2048, 2048, 2048, 2048, 2049, 2048]",304.0
1212,9110,81,34,2023-06-18T18:50:14.840000+00:00,21.917,25.128,31.325,241.0,278.0,False,78.37,"[None, 2048, 2048, 2048, 2048]","[2048, 2048, 2048, 2048, 2048, 2048]","[2048, 2048, 2048, 2048, 2048, 2048, 2048]",303.0
1212,9110,23,34,2023-06-18T18:50:16.308000+00:00,22.221,24.895,31.155,256.0,282.0,False,78.271,"[None, 2048, 2048, 2048, 2048]","[2048, 2048, 2048, 2048, 2048, 2048]","[2048, 2048, 2048, 2048, 2048, 2049, 2048]",311.0
1212,9110,20,34,2023-06-18T18:50:19.277000+00:00,22.271,25.2,32.023,250.0,275.0,False,79.494,"[None, 2048, 2048, 2048, 2048]","[2048, 2048, 2048, 2048, 2048, 2048]","[2048, 2048, 2048, 2048, 2048, 2048, 2048]",303.0
1212,9110,22,34,2023-06-18T18:50:19.715000+00:00,22.239,25.283,50.548,255.0,281.0,False,98.07,"[None, 2048, 2048, 2048, 2048]","[2048, 2048, 2048, 2048, 2048, 2048]","[2048, 2048, 2049, 2048, 2051, 2064, 2064]",329.0
1212,9110,21,34,2023-06-18T18:50:20.558000+00:00,22.011,25.216,31.177,255.0,283.0,False,78.404,"[None, 2048, 2048, 2048, 2048]","[2048, 2048, 2048, 2048, 2048, 2048]","[2048, 2048, 2048, 2048, 2048, 2048]",332.0
1212,9110,63,34,2023-06-18T18:50:21.465000+00:00,21.695,24.922,31.251,,282.0,False,77.868,"[None, 2048, 2048, 2048, 2049]","[2048, 2048, 2048, 2048, 2049, 2048]","[2048, 2048, 2048, 2048, 2048, 2048]",327.0
1212,9110,18,34,2023-06-18T18:50:33.355000+00:00,21.533,24.588,30.952,,279.0,False,77.073,"[None, 2048, 2048, 2048, 2049]","[2048, 2048, 2048, 2048, 2049, 2048]","[2048, 2048, 2048, 2048, 2048, 2049]",303.0
1212,9110,27,34,2023-06-18T18:50:37.167000+00:00,21.561,24.817,31.314,249.0,272.0,False,77.692,"[2048, 2048, 2048, 2049, 2048]","[2049, 2048, 2048, 2048, 2048, 2048]","[2048, 2048, 2048, 2048, 2048, 2048, 2048]",296.0
1212,9110,10,34,2023-06-18T18:50:37.730000+00:00,24.417,25.104,31.39,246.0,269.0,True,80.911,"[2064, 2048, 2048, 2048, 2048]","[2049, 2048, 2048, 2048, 2048, 2048]","[2049, 2048, 2048, 2048, 2048, 2048, 2048]",292.0
1212,9110,24,34,2023-06-18T18:50:42.949000+00:00,21.724,24.929,31.356,255.0,278.0,False,78.009,"[2049, 2049, 2051, 2049, 2048]","[2049, 2048, 2048, 2048, 2048, 2048]","[2049, 2048, 2048, 2048, 2048, 2048, 2048]",304.0
1212,9110,1,35,2023-06-18T18:50:59.495000+00:00,21.433,24.666,31.126,253.0,274.0,False,77.225,"[None, 2048, 2048, 2048, 2048]","[2048, 2048, 2048, 2048, 2048, 2048]","[2048, 2048, 2048, 2048, 2048, 2048, 2048]",302.0
1212,9110,14,35,2023-06-18T18:51:04.854000+00:00,21.393,24.663,31.091,252.0,279.0,False,77.147,"[None, 2048, 2048, 2048, 2048]","[2048, 2048, 2048, 2048, 2048, 2048]","[2048, 2048, 2048, 2048, 2048, 2048, 2048]",298.0
1212,9110,44,35,2023-06-18T18:51:08.104000+00:00,21.604,24.808,31.238,252.0,278.0,False,77.65,"[None, 2048, 2048, 2048, 2048]","[2048, 2048, 2048, 2048, 2048, 2048]","[2048, 2048, 2048, 2048, 2048, 2048, 2048]",300.0
1212,9110,16,35,2023-06-18T18:51:10.917000+00:00,21.743,24.808,31.191,,280.0,False,77.742,"[None, 2048, 2048, 2048, 2048]","[2048, 2048, 2048, 2048, 2048, 2049]","[2048, 2048, 2048, 2048, 2048, 2048, 2048]",307.0
1212,9110,55,35,2023-06-18T18:51:13.104000+00:00,21.681,24.813,30.958,256.0,281.0,False,77.452,"[None, 2048, 2048, 2048, 2048]","[2049, 2048, 2048, 2048, 2048, 2049]","[2048, 2048, 2048, 2048, 2049, 2048, 2048]",309.0
1212,9110,11,35,2023-06-18T18:51:18.526000+00:00,21.651,24.899,31.192,,277.0,False,77.742,"[None, 2048, 2048, 2048, 2048]","[2048, 2048, 2048, 2048, 2048, 2048]","[2048, 2048, 2048, 2048, 2048, 2048]",302.0
1212,9110,31,35,2023-06-18T18:51:26.135000+00:00,21.676,25.058,31.502,,269.0,False,78.236,"[None, 2048, 2048, 2048, 2048]","[2048, 2048, 2048, 2048, 2048, 2048]","[2048, 2048, 2048, 2048, 2048, 2048]",299.0
1212,9110,77,35,2023-06-18T18:51:28.791000+00:00,21.784,25.052,31.331,255.0,277.0,False,78.167,"[None, 2048, 2048, 2048, 2048]","[2049, 2048, 2048, 2048, 2048, 2048]","[2048, 2048, 2048, 2048, 2048, 2048]",302.0
1212,9110,4,35,2023-06-18T18:51:30.776000+00:00,21.943,25.113,46.936,247.0,278.0,False,93.992,"[None, 2048, 2048, 2048, 2048]","[2048, 2048, 2048, 2049, 2048, 2048]","[2048, 2048, 2048, 2048, 2049, 2064, 2064]",302.0
1212,9110,81,35,2023-06-18T18:51:33.213000+00:00,21.891,25.224,31.378,243.0,278.0,False,78.493,"[None, 2048, 2048, 2049, 2049]","[2048, 2048, 2048, 2048, 2048, 2048]","[2048, 2048, 2048, 2048, 2048, 2048]",302.0
1212,9110,23,35,2023-06-18T18:51:34.619000+00:00,22.068,25.122,31.236,257.0,281.0,False,78.426,"[None, 2048, 2048, 2048, 2049]","[2049, 2048, 2048, 2048, 2048, 2048]","[2048, 2048, 2048, 2048, 2048, 2048]",312.0
1212,9110,20,35,2023-06-18T18:51:38.791000+00:00,63.247,26.902,49.544,220.0,213.0,False,139.693,"[None, 2048, 2048, 2048, 2048]","[2048, 2048, 2048, 2048, 2048, 2048]","[2048, 2048, 2048, 2048, 2049, 2064, 2064]",308.0
1212,9110,21,35,2023-06-18T18:51:38.838000+00:00,80.397,27.262,32.012,174.0,278.0,False,139.671,"[None, 2048, 2048, 2048, 2048]","[2048, 2048, 2048, 2048, 2048, 2048]","[2048, 2048, 2048, 2048, 2048, 2048, 2048]",303.0
1212,9110,63,35,2023-06-18T18:51:39.385000+00:00,22.051,25.01,31.253,254.0,276.0,False,78.314,"[None, 2048, 2049, 2048, 2048]","[2049, 2048, 2048, 2048, 2048, 2048]","[2048, 2048, 2048, 2048, 2048, 2049, 2048]",302.0
1212,9110,18,35,2023-06-18T18:51:50.447000+00:00,22.092,24.901,31.179,251.0,278.0,False,78.172,"[None, 2048, 2048, 2048, 2048]","[2048, 2048, 2048, 2048, 2048, 2048]","[2048, 2048, 2048, 2048, 2048, 2048]",301.0
1212,9110,27,35,2023-06-18T18:51:54.853000+00:00,22.392,24.907,31.185,,276.0,False,78.484,"[None, 2048, 2048, 2048, 2048]","[2048, 2048, 2048, 2049, 2048, 2048]","[2048, 2048, 2048, 2048, 2048, 2048, 2048]",302.0
1212,9110,22,35,2023-06-18T18:51:57.775000+00:00,25.14,24.986,30.808,253.0,280.0,True,80.934,"[2064, 2048, 2048, 2048, 2048]","[2048, 2048, 2048, 2048, 2049, 2048]","[2048, 2049, 2048, 2048, 2048, 2049, 2048]",306.0
1212,9110,10,35,2023-06-18T18:51:58.697000+00:00,21.992,24.964,31.188,248.0,269.0,False,78.144,"[2048, 2048, 2048, 2048, 2048]","[2048, 2048, 2048, 2049, 2048, 2048]","[2049, 2048, 2048, 2048, 2048, 2049]",293.0
1212,9110,24,35,2023-06-18T18:52:00.947000+00:00,22.383,25.09,30.929,258.0,279.0,False,78.402,"[None, 2048, 2048, 2048, 2049]","[2048, 2048, 2048, 2048, 2049, 2048]","[2048, 2048, 2048, 2048, 2048, 2048]",325.0
1212,9110,1,36,2023-06-18T18:52:16.712000+00:00,22.06,24.706,30.999,251.0,274.0,False,77.765,"[None, 2048, 2048, 2048, 2048]","[2048, 2048, 2048, 2048, 2048, 2048]","[2048, 2048, 2049, 2048, 2048, 2048, 2048]",302.0
1212,9110,14,36,2023-06-18T18:52:21.994000+00:00,22.057,24.82,30.772,253.0,279.0,False,77.649,"[None, 2048, 2048, 2048, 2048]","[2048, 2048, 2048, 2048, 2048, 2049]","[2048, 2048, 2048, 2048, 2048, 2048]",314.0
1212,9110,44,36,2023-06-18T18:52:25.759000+00:00,22.041,24.802,31.032,,278.0,False,77.875,"[None, 2048, 2048, 2048, 2048]","[2048, 2048, 2048, 2048, 2048, 2048]","[2048, 2048, 2048, 2048, 2049, 2048]",304.0
1212,9110,16,36,2023-06-18T18:52:28.681000+00:00,22.1,24.844,31.09,,279.0,False,78.034,"[None, 2048, 2048, 2048, 2048]","[2048, 2048, 2048, 2048, 2048, 2048]","[2048, 2048, 2048, 2048, 2048, 2048, 2048]",307.0
1212,9110,55,36,2023-06-18T18:52:30.603000+00:00,22.033,24.777,31.044,,280.0,False,77.854,"[None, 2048, 2048, 2048, 2048]","[2048, 2048, 2048, 2048, 2048, 2048]","[2048, 2048, 2048, 2048, 2048, 2048]",308.0
1212,9110,11,36,2023-06-18T18:52:36.290000+00:00,22.245,24.97,31.255,,277.0,False,78.47,"[None, 2048, 2048, 2048, 2048]","[2048, 2048, 2048, 2048, 2048, 2048]","[2048, 2048, 2048, 2048, 2048, 2048, 2048]",302.0
1212,9110,31,36,2023-06-18T18:52:44.275000+00:00,22.242,25.011,47.735,,270.0,False,94.988,"[None, 2048, 2048, 2048, 2048]","[2048, 2048, 2048, 2048, 2048, 2048]","[2048, 2048, 2048, 2048, 2049, 2064, 2064]",295.0
1212,9110,77,36,2023-06-18T18:52:46.993000+00:00,22.43,25.033,47.518,254.0,278.0,False,94.981,"[None, 2048, 2048, 2048, 2048]","[2048, 2048, 2048, 2049, 2048, 2048]","[2048, 2048, 2048, 2048, 2049, 2064, 2064]",301.0
1212,9110,81,36,2023-06-18T18:52:51.618000+00:00,22.092,25.086,31.431,245.0,277.0,False,78.609,"[None, 2048, 2048, 2048, 2048]","[2048, 2048, 2048, 2048, 2048, 2048]","[2048, 2048, 2048, 2048, 2048, 2048]",301.0
1212,9110,23,36,2023-06-18T18:52:52.931000+00:00,22.04,24.875,31.09,,282.0,False,78.005,"[None, 2048, 2048, 2049, 2048]","[2048, 2048, 2048, 2048, 2048, 2048]","[2048, 2048, 2048, 2048, 2048, 2048]",313.0
1212,9110,63,36,2023-06-18T18:52:57.962000+00:00,21.607,24.882,31.137,255.0,278.0,False,77.626,"[None, 2048, 2048, 2048, 2048]","[2048, 2048, 2048, 2048, 2049, 2048]","[2048, 2048, 2048, 2048, 2048, 2049, 2048]",301.0
1212,9110,4,36,2023-06-18T18:53:04.790000+00:00,23.928,25.167,31.058,245.0,276.0,True,80.153,"[2064, 2048, 2048, 2048, 2048]","[2048, 2048, 2048, 2048, 2048, 2048]","[2049, 2048, 2048, 2048, 2048, 2049, 2048]",298.0
1212,9110,18,36,2023-06-18T18:53:08.602000+00:00,21.672,24.71,31.094,256.0,281.0,False,77.476,"[None, 2048, 2048, 2048, 2049]","[2048, 2048, 2048, 2048, 2048, 2048]","[2048, 2048, 2048, 2048, 2048, 2048]",304.0
1212,9110,27,36,2023-06-18T18:53:13.415000+00:00,21.464,24.702,31.14,254.0,278.0,False,77.306,"[None, 2049, 2049, 2049, 2048]","[2048, 2048, 2048, 2048, 2048, 2048]","[2048, 2048, 2048, 2048, 2048, 2048, 2048]",302.0
1212,9110,10,36,2023-06-18T18:53:16.743000+00:00,21.555,24.712,31.038,247.0,269.0,False,77.305,"[2049, 2048, 2048, 2049, 2048]","[2049, 2049, 2048, 2049, 2048, 2048]","[2048, 2049, 2048, 2048, 2048, 2049, 2048]",301.0
1212,9110,22,36,2023-06-18T18:53:18.711000+00:00,21.599,24.683,31.052,256.0,279.0,False,77.334,"[2048, 2049, 2051, 2049, 2049]","[2049, 2049, 2048, 2048, 2048, 2048]","[2048, 2048, 2048, 2048, 2048, 2048]",307.0
1212,9110,24,36,2023-06-18T18:53:19.274000+00:00,21.882,24.905,31.268,247.0,277.0,False,78.055,"[2048, 2048, 2048, 2048, 2048]","[2048, 2048, 2048, 2048, 2048, 2048]","[2048, 2049, 2048, 2048, 2048, 2048, 2048]",304.0
1212,9110,1,37,2023-06-18T18:53:34.492000+00:00,21.37,24.595,31.129,253.0,274.0,False,77.094,"[None, 2048, 2048, 2048, 2048]","[2048, 2048, 2048, 2048, 2048, 2049]","[2048, 2048, 2049, 2049, 2048, 2048, 2048]",303.0
1212,9110,14,37,2023-06-18T18:53:39.649000+00:00,21.428,24.685,31.056,251.0,276.0,False,77.169,"[None, 2048, 2048, 2048, 2048]","[2048, 2048, 2048, 2048, 2048, 2048]","[2048, 2048, 2048, 2048, 2048, 2048, 2048]",295.0
1212,9110,44,37,2023-06-18T18:53:43.664000+00:00,21.334,24.617,31.085,255.0,278.0,False,77.036,"[2051, 2048, 2048, 2048, 2049]","[2048, 2048, 2048, 2048, 2048, 2048]","[2048, 2048, 2048, 2048, 2048, 2048]",303.0
1212,9110,16,37,2023-06-18T18:53:46.695000+00:00,21.633,24.777,31.011,258.0,280.0,False,77.421,"[None, 2048, 2048, 2048, 2051]","[2048, 2048, 2048, 2048, 2048, 2049]","[2048, 2048, 2048, 2048, 2048, 2048, 2048]",308.0
1212,9110,55,37,2023-06-18T18:53:48.414000+00:00,21.664,24.834,30.997,255.0,280.0,False,77.495,"[None, 2048, 2048, 2048, 2048]","[2048, 2048, 2048, 2048, 2048, 2049]","[2048, 2048, 2048, 2048, 2048, 2048, 2048]",310.0
1212,9110,11,37,2023-06-18T18:53:54.742000+00:00,21.979,24.845,46.826,245.0,276.0,False,93.65,"[None, 2048, 2048, 2048, 2048]","[2048, 2048, 2048, 2048, 2048, 2048]","[2048, 2048, 2048, 2048, 2049, 2064, 2064]",302.0
1212,9110,20,36,2023-06-18T18:53:58.429000+00:00,24.628,25.473,32.084,251.0,272.0,True,82.185,"[2064, 2048, 2048, 2048, 2048]","[2048, 2048, 2048, 2048, 2048, 2048]","[2048, 2048, 2048, 2048, 2048, 2048]",298.0
1212,9110,21,36,2023-06-18T18:53:58.601000+00:00,22.282,25.155,31.383,252.0,278.0,False,78.82,"[None, 2048, 2049, 2048, 2048]","[2049, 2048, 2048, 2048, 2048, 2048]","[2048, 2048, 2048, 2048, 2048, 2048]",306.0
1212,9110,81,37,2023-06-18T18:54:10.226000+00:00,22.004,25.109,46.946,,276.0,False,94.059,"[None, 2048, 2048, 2048, 2049]","[2048, 2048, 2048, 2048, 2048, 2048]","[2048, 2048, 2048, 2048, 2049, 2064, 2064]",301.0
1212,9110,23,37,2023-06-18T18:54:10.929000+00:00,21.992,24.999,31.137,,281.0,False,78.128,"[None, 2048, 2048, 2048, 2048]","[2048, 2048, 2048, 2048, 2048, 2048]","[2048, 2048, 2048, 2048, 2048, 2048]",330.0
1212,9110,63,37,2023-06-18T18:54:15.335000+00:00,21.494,24.92,31.205,254.0,277.0,False,77.619,"[None, 2048, 2048, 2049, 2048]","[2048, 2048, 2048, 2048, 2048, 2048]","[2048, 2048, 2048, 2048, 2048, 2048, 2048]",304.0
1212,9110,31,37,2023-06-18T18:54:19.226000+00:00,24.159,25.32,31.372,246.0,267.0,True,80.851,"[2064, 2048, 2048, 2048, 2048]","[2048, 2048, 2048, 2048, 2048, 2048]","[2048, 2048, 2048, 2048, 2048, 2048]",295.0
1212,9110,77,37,2023-06-18T18:54:21.913000+00:00,23.766,24.662,30.984,254.0,277.0,True,79.412,"[2064, 2048, 2049, 2048, 2048]","[2048, 2049, 2048, 2048, 2051, 2049]","[2049, 2049, 2048, 2048, 2048, 2048]",301.0
1212,9110,4,37,2023-06-18T18:54:24.929000+00:00,21.513,24.787,30.73,254.0,277.0,False,77.03,"[2049, 2048, 2049, 2049, 2049]","[2048, 2048, 2049, 2048, 2048, 2048]","[2048, 2048, 2048, 2048, 2048, 2048]",324.0
1212,9110,18,37,2023-06-18T18:54:26.163000+00:00,21.624,24.907,31.164,254.0,279.0,False,77.695,"[None, 2048, 2048, 2048, 2049]","[2048, 2048, 2048, 2048, 2048, 2048]","[2048, 2048, 2048, 2048, 2048, 2048]",302.0
1212,9110,27,37,2023-06-18T18:54:30.773000+00:00,21.477,24.712,31.043,255.0,278.0,False,77.232,"[None, 2048, 2048, 2048, 2048]","[2048, 2048, 2048, 2048, 2049, 2048]","[2048, 2048, 2048, 2048, 2048, 2048, 2048]",302.0
1212,9110,10,37,2023-06-18T18:54:34.116000+00:00,21.434,24.909,31.08,248.0,268.0,False,77.423,"[None, 2048, 2048, 2049, 2049]","[2048, 2048, 2048, 2048, 2049, 2048]","[2049, 2048, 2048, 2048, 2048, 2048, 2048]",301.0
1212,9110,22,37,2023-06-18T18:54:36.085000+00:00,21.581,24.793,31.024,,278.0,False,77.398,"[None, 2048, 2048, 2049, 2049]","[2049, 2048, 2048, 2048, 2048, 2048]","[2048, 2048, 2048, 2048, 2048, 2048, 2048]",307.0
1212,9110,24,37,2023-06-18T18:54:37.398000+00:00,21.723,24.885,31.228,255.0,277.0,False,77.836,"[None, 2049, 2048, 2049, 2048]","[2049, 2048, 2048, 2048, 2048, 2048]","[2048, 2048, 2048, 2048, 2048, 2048, 2048]",306.0
1212,9110,1,38,2023-06-18T18:54:51.554000+00:00,21.414,24.626,30.971,,274.0,False,77.011,"[None, 2048, 2048, 2048, 2048]","[2048, 2048, 2048, 2048, 2048, 2048]","[2048, 2048, 2049, 2049, 2048, 2048, 2048]",303.0
1212,9110,14,38,2023-06-18T18:54:56.819000+00:00,21.44,24.678,30.959,250.0,278.0,False,77.077,"[2049, 2048, 2048, 2048, 2048]","[2048, 2048, 2048, 2049, 2048, 2048]","[2048, 2048, 2048, 2048, 2048, 2048]",300.0
1212,9110,44,38,2023-06-18T18:55:00.678000+00:00,21.462,24.908,31.068,254.0,277.0,False,77.438,"[2048, 2048, 2048, 2048, 2048]","[2048, 2048, 2048, 2048, 2048, 2048]","[2048, 2048, 2048, 2048, 2048, 2048, 2048]",302.0
1212,9110,16,38,2023-06-18T18:55:04.131000+00:00,21.679,24.905,30.982,257.0,279.0,False,77.566,"[None, 2048, 2048, 2048, 2048]","[2048, 2048, 2048, 2048, 2048, 2048]","[2048, 2048, 2048, 2048, 2048, 2048]",307.0
1212,9110,55,38,2023-06-18T18:55:05.991000+00:00,21.619,24.883,47.623,258.0,280.0,False,94.125,"[None, 2048, 2048, 2048, 2049]","[2048, 2048, 2048, 2048, 2048, 2048]","[2048, 2048, 2048, 2048, 2049, 2064, 2064]",310.0
1212,9110,21,37,2023-06-18T18:55:17.381000+00:00,22.052,25.147,31.47,251.0,276.0,False,78.669,"[None, 2048, 2048, 2048, 2048]","[2048, 2048, 2048, 2048, 2048, 2048]","[2048, 2048, 2048, 2048, 2048, 2049, 2048]",303.0
1212,9110,20,37,2023-06-18T18:55:20.647000+00:00,22.183,25.081,31.429,245.0,272.0,False,78.693,"[2048, 2048, 2048, 2048, 2048]","[2048, 2048, 2048, 2048, 2048, 2048]","[2048, 2049, 2048, 2048, 2048, 2048]",298.0
1212,9110,11,38,2023-06-18T18:55:28.412000+00:00,23.886,24.772,31.116,246.0,277.0,True,79.774,"[2064, 2048, 2048, 2048, 2048]","[2048, 2048, 2048, 2048, 2048, 2048]","[2048, 2049, 2048, 2048, 2048, 2048, 2048]",306.0
1212,9110,23,38,2023-06-18T18:55:29.084000+00:00,21.803,24.82,31.159,256.0,280.0,False,77.782,"[2049, 2048, 2048, 2049, 2048]","[2048, 2048, 2048, 2048, 2049, 2048]","[2048, 2048, 2048, 2048, 2048, 2048]",307.0
1212,9110,63,38,2023-06-18T18:55:32.897000+00:00,21.818,24.916,31.286,253.0,276.0,False,78.02,"[None, 2048, 2048, 2048, 2048]","[2048, 2048, 2048, 2048, 2048, 2048]","[2048, 2048, 2048, 2048, 2048, 2048, 2048]",302.0
1212,9110,31,38,2023-06-18T18:55:40.037000+00:00,21.615,24.746,30.973,247.0,268.0,False,77.334,"[2048, 2048, 2049, 2048, 2049]","[2049, 2048, 2048, 2048, 2048, 2048]","[2049, 2049, 2048, 2048, 2048, 2048, 2048]",299.0
1212,9110,77,38,2023-06-18T18:55:41.287000+00:00,21.641,24.66,30.945,246.0,277.0,False,77.246,"[2048, 2049, 2049, 2048, 2048]","[2048, 2048, 2048, 2048, 2048, 2049]","[2049, 2048, 2048, 2048, 2048, 2048]",302.0
1212,9110,4,38,2023-06-18T18:55:41.881000+00:00,21.827,24.887,30.748,237.0,272.0,False,77.462,"[2048, 2048, 2048, 2048, 2048]","[2048, 2048, 2048, 2049, 2048, 2048]","[2048, 2049, 2048, 2048, 2048, 2048, 2048]",323.0
1212,9110,18,38,2023-06-18T18:55:43.771000+00:00,21.559,24.773,30.992,256.0,280.0,False,77.324,"[None, 2048, 2048, 2048, 2048]","[2048, 2048, 2048, 2048, 2048, 2048]","[2048, 2048, 2048, 2048, 2048, 2048, 2048]",307.0
1212,9110,81,38,2023-06-18T18:55:44.350000+00:00,24.431,25.204,31.234,248.0,273.0,True,80.869,"[2064, 2048, 2048, 2048, 2048]","[2048, 2048, 2048, 2048, 2048, 2048]","[2048, 2049, 2048, 2048, 2048, 2048, 2048]",294.0
1212,9110,27,38,2023-06-18T18:55:47.959000+00:00,21.801,24.858,31.23,252.0,277.0,False,77.889,"[None, 2048, 2048, 2048, 2048]","[2048, 2048, 2048, 2048, 2048, 2048]","[2048, 2048, 2048, 2048, 2048, 2048, 2049]",322.0
1212,9110,10,38,2023-06-18T18:55:51.537000+00:00,21.403,24.824,31.024,,269.0,False,77.251,"[None, 2048, 2048, 2049, 2049]","[2048, 2048, 2048, 2049, 2048, 2048]","[2048, 2048, 2048, 2048, 2048, 2048, 2048]",304.0
1212,9110,22,38,2023-06-18T18:55:53.459000+00:00,21.648,24.873,30.911,,280.0,False,77.432,"[None, 2048, 2048, 2048, 2048]","[2048, 2048, 2048, 2048, 2048, 2048]","[2048, 2048, 2048, 2048, 2048, 2048, 2048]",308.0
1212,9110,24,38,2023-06-18T18:55:55.240000+00:00,21.561,24.838,31.235,256.0,279.0,False,77.634,"[2049, 2048, 2048, 2049, 2048]","[2048, 2048, 2048, 2049, 2048, 2048]","[2048, 2048, 2048, 2048, 2048, 2048]",306.0
1212,9110,1,39,2023-06-18T18:56:08.599000+00:00,21.443,24.76,31.07,254.0,276.0,False,77.273,"[None, 2048, 2048, 2048, 2049]","[2048, 2048, 2048, 2048, 2048, 2049]","[2048, 2048, 2049, 2049, 2048, 2048, 2048]",304.0
1212,9110,14,39,2023-06-18T18:56:13.896000+00:00,21.407,24.609,31.01,253.0,277.0,False,77.026,"[2048, 2048, 2048, 2048, 2049]","[2048, 2048, 2048, 2049, 2048, 2048]","[2048, 2048, 2048, 2048, 2048, 2048, 2048]",299.0
1212,9110,44,39,2023-06-18T18:56:18.099000+00:00,21.559,24.883,31.075,257.0,278.0,False,77.517,"[None, 2048, 2048, 2048, 2048]","[2048, 2048, 2048, 2048, 2048, 2048]","[2048, 2048, 2048, 2048, 2048, 2048, 2048]",303.0
1212,9110,16,39,2023-06-18T18:56:21.693000+00:00,21.695,24.813,47.523,258.0,280.0,False,94.031,"[None, 2048, 2048, 2048, 2048]","[2049, 2048, 2048, 2048, 2048, 2049]","[2048, 2048, 2048, 2048, 2049, 2064, 2064]",309.0
1212,9110,21,38,2023-06-18T18:56:36.099000+00:00,21.925,25.063,31.364,253.0,278.0,False,78.352,"[None, 2048, 2048, 2049, 2048]","[2048, 2048, 2048, 2048, 2049, 2048]","[2048, 2048, 2048, 2048, 2048, 2049]",305.0
1212,9110,20,38,2023-06-18T18:56:39.348000+00:00,21.68,24.77,30.965,254.0,277.0,False,77.415,"[None, 2048, 2049, 2049, 2049]","[2049, 2048, 2048, 2049, 2048, 2048]","[2049, 2049, 2048, 2048, 2048, 2049, 2048]",306.0
1212,9110,55,39,2023-06-18T18:56:40.020000+00:00,24.442,24.811,30.806,255.0,274.0,True,80.059,"[2064, 2048, 2048, 2048, 2048]","[2048, 2048, 2048, 2048, 2048, 2048]","[2048, 2048, 2048, 2048, 2048, 2048, 2048]",304.0
1212,9110,23,39,2023-06-18T18:56:46.848000+00:00,22.019,24.837,31.585,,281.0,False,78.441,"[2048, 2048, 2048, 2048, 2048]","[2048, 2048, 2048, 2048, 2049, 2048]","[2048, 2048, 2048, 2048, 2048, 2048, 2048]",304.0
1212,9110,11,39,2023-06-18T18:56:48.192000+00:00,21.417,24.669,30.618,249.0,280.0,False,76.704,"[2048, 2049, 2049, 2048, 2049]","[2048, 2048, 2049, 2048, 2048, 2049]","[2048, 2048, 2049, 2048, 2048, 2048]",330.0
1212,9110,63,39,2023-06-18T18:56:51.036000+00:00,21.663,24.768,31.005,256.0,278.0,False,77.436,"[None, 2048, 2048, 2048, 2049]","[2048, 2048, 2048, 2048, 2048, 2048]","[2048, 2048, 2048, 2048, 2048, 2048, 2048]",306.0
1212,9110,31,39,2023-06-18T18:56:57.536000+00:00,21.444,24.787,30.942,248.0,268.0,False,77.173,"[None, 2048, 2049, 2048, 2049]","[2048, 2048, 2048, 2048, 2048, 2048]","[2049, 2048, 2048, 2048, 2048, 2049, 2048]",298.0
1212,9110,77,39,2023-06-18T18:56:58.598000+00:00,21.571,24.705,30.87,247.0,278.0,False,77.146,"[None, 2048, 2048, 2048, 2048]","[2048, 2048, 2048, 2048, 2048, 2049]","[2049, 2048, 2048, 2048, 2048, 2048]",307.0
1212,9110,4,39,2023-06-18T18:56:59.411000+00:00,21.918,25.036,30.889,236.0,275.0,False,77.843,"[None, 2048, 2048, 2048, 2048]","[2048, 2048, 2048, 2048, 2048, 2048]","[2048, 2048, 2048, 2048, 2048, 2048, 2048]",306.0
1212,9110,18,39,2023-06-18T18:57:01.192000+00:00,,24.796,31.014,255.0,281.0,False,77.369,"[None, 2048, 2048, 2048, 2048]","[2048, 2048, 2048, 2048, 2048, 2048]","[2048, 2048, 2048, 2048, 2048, 2048, 2048]",308.0
1212,9110,81,39,2023-06-18T18:57:05.239000+00:00,21.675,24.826,30.807,247.0,275.0,False,77.308,"[2048, 2049, 2049, 2049, 2049]","[2049, 2048, 2048, 2048, 2049, 2048]","[2049, 2049, 2048, 2048, 2048, 2049, 2048]",305.0
1212,9110,27,39,2023-06-18T18:57:05.864000+00:00,22.019,24.759,30.81,251.0,277.0,False,77.588,"[None, 2048, 2048, 2048, 2048]","[2048, 2048, 2048, 2048, 2048, 2048]","[2048, 2048, 2048, 2048, 2048, 2048, 2049]",326.0
1212,9110,10,39,2023-06-18T18:57:08.801000+00:00,21.588,24.744,30.848,,268.0,False,77.18,"[2048, 2048, 2048, 2048, 2048]","[2049, 2048, 2048, 2048, 2048, 2048]","[2049, 2048, 2048, 2048, 2048, 2048]",307.0
1212,9110,22,39,2023-06-18T18:57:10.864000+00:00,21.596,24.699,30.905,257.0,280.0,False,77.2,"[None, 2048, 2048, 2048, 2049]","[2048, 2048, 2048, 2049, 2048, 2048]","[2048, 2048, 2048, 2048, 2048, 2049, 2048]",312.0
1212,9110,24,39,2023-06-18T18:57:12.895000+00:00,21.61,24.573,31.036,257.0,278.0,False,77.219,"[2048, 2048, 2048, 2049, 2048]","[2049, 2048, 2048, 2048, 2048, 2048]","[2049, 2048, 2048, 2048, 2048, 2048]",309.0
1212,9110,1,40,2023-06-18T18:57:25.879000+00:00,21.576,24.771,31.053,,274.0,False,77.4,"[None, 2048, 2048, 2048, 2048]","[2048, 2048, 2049, 2048, 2048, 2048]","[2048, 2048, 2049, 2049, 2048, 2048, 2048]",306.0
1212,9110,14,40,2023-06-18T18:57:30.926000+00:00,21.485,24.642,31.128,252.0,275.0,False,77.255,"[None, 2048, 2048, 2048, 2048]","[2048, 2048, 2048, 2048, 2048, 2048]","[2048, 2048, 2048, 2048, 2048, 2048]",302.0
1212,9110,44,40,2023-06-18T18:57:35.613000+00:00,21.51,24.751,47.264,255.0,276.0,False,93.525,"[None, 2048, 2048, 2048, 2048]","[2048, 2048, 2048, 2048, 2048, 2048]","[2048, 2048, 2048, 2048, 2049, 2064, 2064]",306.0
1212,9110,21,39,2023-06-18T18:57:54.441000+00:00,21.821,25.139,31.478,,275.0,False,78.438,"[2049, 2048, 2048, 2048, 2048]","[2048, 2048, 2048, 2048, 2049, 2048]","[2048, 2048, 2048, 2048, 2048, 2048]",306.0
1212,9110,16,40,2023-06-18T18:57:55.691000+00:00,24.182,25.11,30.89,249.0,273.0,True,80.182,"[2064, 2048, 2048, 2048, 2048]","[2048, 2048, 2048, 2048, 2048, 2048]","[2048, 2049, 2048, 2048, 2048, 2048, 2048]",306.0
1212,9110,20,39,2023-06-18T18:57:56.769000+00:00,21.765,24.813,31.024,,277.0,False,77.602,"[None, 2048, 2048, 2049, 2048]","[2049, 2048, 2048, 2048, 2049, 2048]","[2048, 2049, 2048, 2048, 2048, 2048, 2048]",307.0
1212,9110,55,40,2023-06-18T18:58:00.128000+00:00,21.536,24.666,30.837,253.0,276.0,False,77.039,"[2048, 2048, 2049, 2048, 2049]","[2049, 2048, 2048, 2049, 2049, 2048]","[2048, 2048, 2048, 2048, 2048, 2048]",308.0
1212,9110,11,40,2023-06-18T18:58:04.816000+00:00,21.341,24.639,30.789,248.0,275.0,False,76.769,"[2049, 2048, 2048, 2049, 2048]","[2048, 2048, 2048, 2049, 2048, 2048]","[2048, 2048, 2048, 2048, 2048, 2049, 2048]",306.0
1212,9110,23,40,2023-06-18T18:58:05.380000+00:00,22.003,25.024,31.064,,280.0,False,78.091,"[None, 2048, 2048, 2048, 2048]","[2048, 2048, 2048, 2048, 2048, 2048]","[2048, 2048, 2048, 2048, 2048, 2048, 2048]",313.0
1212,9110,63,40,2023-06-18T18:58:08.488000+00:00,21.57,24.947,31.128,253.0,276.0,False,77.645,"[2049, 2048, 2048, 2048, 2048]","[2048, 2048, 2048, 2048, 2048, 2048]","[2048, 2048, 2048, 2048, 2048, 2048, 2048]",305.0
1212,9110,31,40,2023-06-18T18:58:14.612000+00:00,21.318,24.728,31.025,249.0,269.0,False,77.071,"[2049, 2048, 2049, 2049, 2049]","[2048, 2048, 2048, 2049, 2049, 2048]","[2049, 2048, 2048, 2048, 2048, 2048, 2048]",299.0
1212,9110,77,40,2023-06-18T18:58:15.753000+00:00,21.474,24.714,30.805,246.0,276.0,False,76.993,"[2049, 2048, 2048, 2048, 2048]","[2048, 2048, 2048, 2049, 2048, 2048]","[2048, 2048, 2048, 2048, 2048, 2048, 2048]",306.0
1212,9110,4,40,2023-06-18T18:58:17.269000+00:00,21.674,24.825,30.782,244.0,274.0,False,77.281,"[None, 2048, 2048, 2049, 2048]","[2048, 2048, 2048, 2049, 2048, 2048]","[2048, 2048, 2048, 2048, 2048, 2048]",306.0
1212,9110,18,40,2023-06-18T18:58:18.565000+00:00,21.539,24.714,30.992,257.0,280.0,False,77.245,"[None, 2048, 2048, 2048, 2049]","[2048, 2048, 2048, 2048, 2048, 2048]","[2048, 2048, 2048, 2048, 2048, 2048, 2048]",310.0
1212,9110,81,40,2023-06-18T18:58:22.565000+00:00,21.571,24.78,30.841,,276.0,False,77.192,"[None, 2049, 2049, 2049, 2049]","[2048, 2049, 2048, 2049, 2048, 2048]","[2048, 2048, 2048, 2048, 2048, 2048, 2048]",305.0
1212,9110,27,40,2023-06-18T18:58:23.440000+00:00,21.887,24.957,31.26,255.0,277.0,False,78.104,"[None, 2048, 2048, 2048, 2048]","[2048, 2048, 2048, 2048, 2048, 2048]","[2048, 2048, 2048, 2048, 2048, 2048, 2048]",308.0
1212,9110,10,40,2023-06-18T18:58:26.081000+00:00,21.391,24.874,31.012,247.0,269.0,False,77.277,"[2049, 2048, 2048, 2048, 2048]","[2048, 2048, 2048, 2048, 2049, 2048]","[2048, 2048, 2048, 2048, 2048, 2048, 2048]",307.0
1212,9110,22,40,2023-06-18T18:58:28.081000+00:00,21.547,24.718,30.993,254.0,277.0,False,77.258,"[None, 2048, 2048, 2049, 2049]","[2049, 2049, 2048, 2048, 2048, 2048]","[2048, 2048, 2048, 2048, 2048, 2048, 2048]",310.0
1212,9110,24,40,2023-06-18T18:58:30.097000+00:00,21.724,24.864,31.212,,277.0,False,77.8,"[None, 2048, 2048, 2048, 2048]","[2048, 2048, 2048, 2048, 2048, 2048]","[2048, 2048, 2048, 2048, 2048, 2048]",308.0
1212,9110,1,41,2023-06-18T18:58:43.284000+00:00,21.532,24.618,30.867,253.0,274.0,False,77.017,"[None, 2048, 2048, 2048, 2048]","[2048, 2048, 2049, 2048, 2048, 2048]","[2048, 2048, 2048, 2049, 2048, 2048, 2048]",306.0
1212,9110,14,41,2023-06-18T18:58:48.190000+00:00,21.484,24.745,47.4,250.0,278.0,False,93.629,"[None, 2048, 2048, 2048, 2048]","[2048, 2048, 2048, 2048, 2048, 2048]","[2048, 2048, 2048, 2048, 2049, 2064, 2064]",301.0
1212,9110,44,41,2023-06-18T18:59:09.143000+00:00,23.989,24.981,31.426,236.0,274.0,True,80.396,"[2064, 2048, 2048, 2048, 2048]","[2048, 2048, 2048, 2048, 2048, 2048]","[2048, 2048, 2048, 2048, 2048, 2048, 2048]",303.0
1212,9110,21,40,2023-06-18T18:59:12.924000+00:00,22.032,25.0,31.26,255.0,279.0,False,78.292,"[2048, 2048, 2048, 2048, 2048]","[2049, 2048, 2048, 2048, 2048, 2048]","[2048, 2048, 2048, 2048, 2048, 2048, 2048]",311.0
1212,9110,20,40,2023-06-18T18:59:14.377000+00:00,21.684,24.656,30.713,253.0,277.0,False,77.053,"[None, 2048, 2048, 2049, 2049]","[2048, 2049, 2048, 2048, 2048, 2049]","[2048, 2048, 2049, 2048, 2048, 2048, 2049]",328.0
1212,9110,16,41,2023-06-18T18:59:15.893000+00:00,21.649,24.636,30.721,239.0,276.0,False,77.006,"[2048, 2048, 2049, 2048, 2048]","[2048, 2048, 2048, 2048, 2049, 2048]","[2048, 2048, 2048, 2048, 2048, 2048, 2048]",310.0
1212,9110,55,41,2023-06-18T18:59:17.143000+00:00,21.496,24.478,30.456,257.0,281.0,False,76.43,"[None, 2048, 2049, 2048, 2048]","[2049, 2048, 2048, 2049, 2048, 2049]","[2048, 2048, 2048, 2048, 2048, 2048, 2049]",331.0
1212,9110,11,41,2023-06-18T18:59:21.658000+00:00,21.285,24.384,30.741,247.0,275.0,False,76.41,"[2048, 2048, 2049, 2049, 2048]","[2049, 2048, 2048, 2051, 2048, 2048]","[2048, 2048, 2048, 2048, 2048, 2049]",310.0
1212,9110,23,41,2023-06-18T18:59:23.471000+00:00,22.062,24.805,31.136,257.0,280.0,False,78.003,"[None, 2048, 2048, 2048, 2048]","[2048, 2048, 2048, 2048, 2048, 2048]","[2048, 2048, 2048, 2048, 2048, 2048, 2048]",313.0
1212,9110,63,41,2023-06-18T18:59:26.096000+00:00,21.845,24.784,31.189,251.0,278.0,False,77.818,"[2048, 2048, 2048, 2048, 2048]","[2048, 2048, 2048, 2048, 2048, 2048]","[2048, 2048, 2048, 2048, 2048, 2048, 2048]",308.0
1212,9110,31,41,2023-06-18T18:59:31.674000+00:00,21.4,24.68,30.994,,270.0,False,77.074,"[2048, 2048, 2048, 2048, 2049]","[2048, 2048, 2048, 2049, 2048, 2048]","[2048, 2048, 2048, 2048, 2048, 2048, 2048]",301.0
1212,9110,77,41,2023-06-18T18:59:32.720000+00:00,21.499,24.739,30.893,255.0,278.0,False,77.131,"[2048, 2048, 2048, 2049, 2049]","[2048, 2048, 2048, 2048, 2048, 2048]","[2048, 2048, 2048, 2048, 2048, 2048, 2048]",308.0
1212,9110,4,41,2023-06-18T18:59:34.533000+00:00,21.547,24.762,30.821,,275.0,False,77.13,"[None, 2048, 2048, 2049, 2048]","[2048, 2048, 2048, 2048, 2049, 2048]","[2048, 2048, 2048, 2048, 2048, 2048]",310.0
1212,9110,18,41,2023-06-18T18:59:35.783000+00:00,21.574,24.54,30.993,255.0,281.0,False,77.107,"[None, 2048, 2048, 2048, 2048]","[2048, 2048, 2048, 2048, 2048, 2048]","[2048, 2048, 2048, 2048, 2048, 2048, 2048]",309.0
1212,9110,81,41,2023-06-18T18:59:39.736000+00:00,21.655,24.803,30.892,246.0,277.0,False,77.35,"[2049, 2048, 2048, 2048, 2048]","[2048, 2048, 2048, 2048, 2048, 2048]","[2048, 2048, 2048, 2048, 2048, 2048, 2048]",308.0
1212,9110,27,41,2023-06-18T18:59:41.564000+00:00,21.827,24.932,31.25,,277.0,False,78.009,"[None, 2048, 2048, 2048, 2049]","[2048, 2048, 2048, 2048, 2048, 2048]","[2048, 2048, 2048, 2048, 2048, 2048, 2048]",309.0
1212,9110,10,41,2023-06-18T18:59:43.267000+00:00,21.468,24.672,30.986,249.0,270.0,False,77.126,"[2048, 2048, 2048, 2048, 2048]","[2048, 2048, 2048, 2049, 2048, 2048]","[2048, 2048, 2048, 2048, 2048, 2048, 2048]",304.0
1212,9110,22,41,2023-06-18T18:59:45.361000+00:00,21.58,24.768,30.874,256.0,279.0,False,77.222,"[None, 2048, 2048, 2048, 2049]","[2049, 2048, 2048, 2048, 2048, 2048]","[2048, 2048, 2048, 2048, 2048, 2048, 2048]",312.0
1212,9110,24,41,2023-06-18T18:59:47.923000+00:00,21.604,24.655,31.172,,277.0,False,77.431,"[None, 2048, 2048, 2048, 2048]","[2049, 2048, 2048, 2048, 2049, 2048]","[2048, 2048, 2048, 2048, 2048, 2048, 2048]",310.0
1212,9110,1,42,2023-06-18T19:00:00.689000+00:00,21.536,24.613,47.124,255.0,275.0,False,93.273,"[None, 2048, 2048, 2048, 2049]","[2048, 2048, 2049, 2048, 2048, 2048]","[2048, 2048, 2048, 2048, 2049, 2064, 2064]",307.0
1212,9110,14,42,2023-06-18T19:00:21.829000+00:00,23.71,24.694,30.868,246.0,272.0,True,79.272,"[2064, 2048, 2048, 2048, 2048]","[2048, 2048, 2048, 2048, 2048, 2048]","[2048, 2048, 2048, 2048, 2048, 2048, 2048]",299.0
1212,9110,44,42,2023-06-18T19:00:29.563000+00:00,21.411,24.59,30.904,243.0,276.0,False,76.905,"[2048, 2048, 2048, 2048, 2048]","[2048, 2048, 2048, 2048, 2048, 2048]","[2048, 2049, 2048, 2048, 2048, 2048, 2048]",306.0
1212,9110,21,41,2023-06-18T19:00:31.204000+00:00,21.91,25.084,32.226,254.0,280.0,False,79.22,"[None, 2048, 2048, 2048, 2049]","[2048, 2048, 2048, 2048, 2048, 2048]","[2048, 2048, 2048, 2048, 2048, 2048, 2048]",297.0
1212,9110,20,41,2023-06-18T19:00:31.438000+00:00,22.142,26.84,30.808,,277.0,False,79.79,"[None, 2048, 2048, 2048, 2048]","[2048, 2048, 2048, 2048, 2048, 2048]","[2048, 2048, 2048, 2048, 2048, 2048]",330.0
1212,9110,16,42,2023-06-18T19:00:32.907000+00:00,21.34,24.625,30.215,256.0,278.0,False,76.18,"[None, 2048, 2048, 2048, 2051]","[2048, 2048, 2049, 2048, 2048, 2048]","[2049, 2048, 2049, 2048, 2048, 2048]",325.0
1212,9110,55,42,2023-06-18T19:00:33.516000+00:00,21.558,24.676,30.488,250.0,281.0,False,76.722,"[None, 2048, 2048, 2048, 2048]","[2048, 2048, 2049, 2048, 2048, 2048]","[2048, 2048, 2048, 2048, 2048, 2048, 2049]",332.0
1212,9110,11,42,2023-06-18T19:00:38.001000+00:00,21.202,24.385,30.562,248.0,276.0,False,76.149,"[2049, 2048, 2048, 2049, 2048]","[2049, 2048, 2048, 2048, 2049, 2048]","[2048, 2048, 2048, 2048, 2048, 2048]",311.0
1212,9110,23,42,2023-06-18T19:00:41.485000+00:00,21.898,24.836,30.99,256.0,281.0,False,77.724,"[None, 2048, 2048, 2048, 2048]","[2048, 2048, 2048, 2049, 2048, 2048]","[2048, 2048, 2048, 2048, 2048, 2048, 2048]",313.0
1212,9110,63,42,2023-06-18T19:00:43.938000+00:00,21.675,24.88,31.121,257.0,279.0,False,77.676,"[None, 2048, 2048, 2048, 2049]","[2048, 2048, 2048, 2048, 2048, 2048]","[2048, 2048, 2048, 2048, 2048, 2048, 2048]",309.0
1212,9110,31,42,2023-06-18T19:00:48.735000+00:00,21.472,24.645,30.942,248.0,271.0,False,77.059,"[None, 2048, 2049, 2048, 2048]","[2049, 2048, 2048, 2048, 2049, 2049]","[2048, 2048, 2048, 2048, 2048, 2048]",300.0
1212,9110,77,42,2023-06-18T19:00:49.860000+00:00,21.59,24.71,30.989,247.0,278.0,False,77.289,"[None, 2048, 2048, 2048, 2048]","[2048, 2048, 2048, 2048, 2048, 2048]","[2048, 2048, 2048, 2048, 2048, 2048]",308.0
1212,9110,4,42,2023-06-18T19:00:51.703000+00:00,21.497,24.777,30.776,247.0,278.0,False,77.05,"[None, 2048, 2049, 2049, 2048]","[2049, 2048, 2048, 2048, 2048, 2048]","[2048, 2049, 2048, 2048, 2048, 2048, 2048]",309.0
1212,9110,18,42,2023-06-18T19:00:52.875000+00:00,21.506,24.727,31.002,257.0,281.0,False,77.235,"[None, 2048, 2049, 2048, 2048]","[2048, 2048, 2048, 2048, 2048, 2048]","[2048, 2048, 2048, 2048, 2048, 2048, 2048]",310.0
1212,9110,81,42,2023-06-18T19:00:57.094000+00:00,21.716,24.777,30.862,247.0,278.0,False,77.355,"[2048, 2048, 2048, 2048, 2049]","[2048, 2048, 2048, 2048, 2049, 2048]","[2048, 2048, 2048, 2048, 2048, 2049]",306.0
1212,9110,27,42,2023-06-18T19:00:59.563000+00:00,21.761,24.681,31.276,,278.0,False,77.718,"[None, 2048, 2048, 2048, 2049]","[2048, 2048, 2048, 2049, 2048, 2048]","[2048, 2048, 2048, 2048, 2048, 2048, 2048]",308.0
1212,9110,10,42,2023-06-18T19:01:00.375000+00:00,21.61,24.619,31.094,,270.0,False,77.323,"[None, 2048, 2049, 2048, 2048]","[2048, 2048, 2048, 2048, 2048, 2048]","[2048, 2048, 2048, 2048, 2048, 2048, 2048]",328.0
1212,9110,22,42,2023-06-18T19:01:02.563000+00:00,21.55,24.767,30.9,255.0,279.0,False,77.217,"[None, 2048, 2048, 2048, 2048]","[2048, 2048, 2048, 2048, 2048, 2048]","[2048, 2048, 2048, 2048, 2048, 2048, 2048]",313.0
1212,9110,24,42,2023-06-18T19:01:05.328000+00:00,21.513,24.774,33.388,255.0,277.0,False,79.675,"[None, 2049, 2048, 2049, 2048]","[2048, 2048, 2048, 2048, 2048, 2048]","[2048, 2048, 2048, 2048, 2048, 2048, 2048]",310.0
1212,9110,1,43,2023-06-18T19:01:33.515000+00:00,23.988,24.489,30.834,252.0,273.0,True,79.311,"[2064, 2048, 2048, 2048, 2048]","[2048, 2051, 2048, 2048, 2048, 2048]","[2048, 2048, 2048, 2048, 2048, 2048, 2048]",303.0
1212,9110,14,43,2023-06-18T19:01:41.093000+00:00,21.284,24.228,30.746,249.0,279.0,False,76.258,"[2048, 2048, 2049, 2048, 2048]","[2049, 2049, 2048, 2048, 2051, 2049]","[2048, 2049, 2048, 2048, 2048, 2048]",302.0
1212,9110,44,43,2023-06-18T19:01:46.468000+00:00,21.094,24.394,30.793,247.0,277.0,False,76.281,"[2051, 2048, 2049, 2048, 2048]","[2048, 2048, 2048, 2049, 2048, 2048]","[2048, 2049, 2048, 2048, 2048, 2048, 2048]",306.0
1212,9110,16,43,2023-06-18T19:01:49.171000+00:00,21.204,24.414,30.682,,278.0,False,76.3,"[2049, 2048, 2049, 2049, 2048]","[2049, 2049, 2048, 2049, 2048, 2048]","[2048, 2048, 2048, 2048, 2048, 2048, 2048]",309.0
1212,9110,55,43,2023-06-18T19:01:50.296000+00:00,21.715,24.548,30.816,248.0,279.0,False,77.079,"[None, 2048, 2048, 2048, 2048]","[2049, 2048, 2048, 2048, 2049, 2048]","[2048, 2048, 2048, 2048, 2048, 2048, 2048]",309.0
1212,9110,21,42,2023-06-18T19:01:50.437000+00:00,22.412,24.969,31.225,256.0,281.0,False,78.606,"[None, 2048, 2048, 2048, 2048]","[2049, 2048, 2048, 2048, 2048, 2048]","[2048, 2048, 2048, 2048, 2048, 2048]",312.0
1212,9110,20,42,2023-06-18T19:01:51.218000+00:00,21.988,24.962,31.094,257.0,281.0,False,78.044,"[None, 2048, 2048, 2048, 2049]","[2048, 2048, 2049, 2048, 2048, 2049]","[2048, 2048, 2048, 2048, 2048, 2048, 2048]",332.0
1212,9110,11,43,2023-06-18T19:01:54.171000+00:00,21.312,24.573,30.716,,274.0,False,76.601,"[2048, 2048, 2048, 2048, 2048]","[2048, 2048, 2048, 2048, 2048, 2048]","[2048, 2048, 2048, 2048, 2048, 2048, 2048]",311.0
1212,9110,23,43,2023-06-18T19:01:59.202000+00:00,21.91,24.785,30.978,250.0,282.0,False,77.673,"[None, 2048, 2048, 2048, 2048]","[2048, 2048, 2048, 2049, 2048, 2048]","[2048, 2048, 2048, 2048, 2048, 2048, 2048]",312.0
1212,9110,63,43,2023-06-18T19:02:01.577000+00:00,21.623,24.765,31.005,254.0,277.0,False,77.393,"[None, 2048, 2048, 2048, 2049]","[2048, 2048, 2048, 2048, 2048, 2048]","[2048, 2048, 2048, 2048, 2048, 2048, 2048]",307.0
1212,9110,31,43,2023-06-18T19:02:05.827000+00:00,21.386,24.769,30.975,249.0,272.0,False,77.13,"[None, 2048, 2048, 2049, 2048]","[2048, 2048, 2048, 2048, 2048, 2048]","[2048, 2048, 2048, 2048, 2048, 2048]",298.0
1212,9110,77,43,2023-06-18T19:02:07.140000+00:00,21.492,24.645,30.885,248.0,279.0,False,77.022,"[None, 2048, 2048, 2048, 2048]","[2048, 2048, 2048, 2048, 2048, 2049]","[2049, 2048, 2048, 2048, 2048, 2048, 2048]",305.0
1212,9110,4,43,2023-06-18T19:02:08.718000+00:00,21.595,24.719,30.707,,276.0,False,77.021,"[None, 2048, 2048, 2048, 2048]","[2048, 2049, 2048, 2048, 2049, 2049]","[2048, 2049, 2048, 2048, 2048, 2049, 2048]",309.0
1212,9110,18,43,2023-06-18T19:02:10.124000+00:00,21.481,24.652,31.076,256.0,282.0,False,77.209,"[None, 2048, 2049, 2048, 2049]","[2048, 2048, 2048, 2048, 2048, 2049]","[2048, 2048, 2048, 2048, 2048, 2048, 2048]",307.0
1212,9110,81,43,2023-06-18T19:02:14.468000+00:00,21.642,24.769,30.791,,278.0,False,77.202,"[None, 2048, 2048, 2048, 2049]","[2049, 2048, 2048, 2048, 2048, 2048]","[2048, 2048, 2048, 2048, 2048, 2048, 2048]",305.0
1212,9110,27,43,2023-06-18T19:02:17.280000+00:00,21.908,24.8,31.755,253.0,276.0,False,78.463,"[None, 2048, 2048, 2048, 2049]","[2048, 2048, 2048, 2048, 2048, 2048]","[2048, 2048, 2048, 2048, 2048, 2048]",305.0
1212,9110,10,43,2023-06-18T19:02:17.718000+00:00,21.936,24.72,30.75,248.0,280.0,False,77.406,"[None, 2048, 2048, 2048, 2048]","[2048, 2048, 2048, 2048, 2048, 2049]","[2048, 2048, 2048, 2048, 2048, 2048, 2048]",327.0
1212,9110,22,43,2023-06-18T19:02:19.780000+00:00,21.633,24.725,31.025,,281.0,False,77.383,"[None, 2048, 2048, 2048, 2048]","[2048, 2048, 2048, 2048, 2048, 2049]","[2048, 2048, 2048, 2048, 2048, 2048, 2048]",313.0
1212,9110,24,43,2023-06-18T19:02:25.030000+00:00,22.296,24.874,31.388,254.0,278.0,False,78.558,"[None, 2048, 2048, 2048, 2048]","[2048, 2048, 2048, 2048, 2048, 2048]","[2048, 2048, 2048, 2048, 2048, 2048, 2048]",307.0
1212,9110,1,44,2023-06-18T19:02:52.873000+00:00,21.309,24.264,30.749,243.0,276.0,False,76.322,"[2048, 2048, 2049, 2051, 2048]","[2048, 2051, 2049, 2049, 2048, 2048]","[2048, 2048, 2048, 2048, 2048, 2048, 2049]",304.0
1212,9110,14,44,2023-06-18T19:02:57.342000+00:00,21.251,24.215,30.902,252.0,276.0,False,76.368,"[2049, 2048, 2048, 2048, 2048]","[2051, 2048, 2048, 2049, 2048, 2048]","[2048, 2048, 2048, 2048, 2048, 2048, 2048]",299.0
1212,9110,44,44,2023-06-18T19:03:02.764000+00:00,21.048,24.237,30.718,244.0,278.0,False,76.003,"[2048, 2048, 2049, 2049, 2048]","[2049, 2048, 2048, 2051, 2049, 2048]","[2048, 2048, 2048, 2048, 2048, 2048]",305.0
1212,9110,16,44,2023-06-18T19:03:05.404000+00:00,21.184,24.335,30.624,258.0,280.0,False,76.143,"[2048, 2049, 2049, 2048, 2048]","[2048, 2049, 2048, 2048, 2049, 2049]","[2048, 2048, 2048, 2048, 2048, 2048]",309.0
1212,9110,55,44,2023-06-18T19:03:07.357000+00:00,21.517,24.398,30.61,256.0,281.0,False,76.525,"[None, 2048, 2048, 2048, 2048]","[2049, 2049, 2048, 2048, 2049, 2049]","[2048, 2048, 2048, 2048, 2048, 2049, 2048]",312.0
1212,9110,21,43,2023-06-18T19:03:09.014000+00:00,21.869,25.183,31.912,,280.0,False,78.964,"[None, 2048, 2049, 2048, 2048]","[2048, 2048, 2048, 2048, 2048, 2048]","[2048, 2048, 2048, 2048, 2048, 2048]",297.0
1212,9110,20,43,2023-06-18T19:03:09.263000+00:00,22.093,26.057,30.973,256.0,263.0,False,79.123,"[None, 2048, 2048, 2048, 2048]","[2048, 2048, 2048, 2048, 2048, 2048]","[2048, 2048, 2048, 2048, 2048, 2048, 2048]",329.0
1212,9110,11,44,2023-06-18T19:03:10.810000+00:00,21.394,24.69,30.086,249.0,279.0,False,76.17,"[None, 2048, 2049, 2048, 2048]","[2048, 2048, 2049, 2048, 2048, 2048]","[2048, 2048, 2048, 2048, 2048, 2048, 2049]",328.0
1212,9110,23,44,2023-06-18T19:03:16.873000+00:00,21.852,24.719,30.983,251.0,282.0,False,77.554,"[None, 2048, 2049, 2049, 2048]","[2048, 2048, 2048, 2048, 2049, 2048]","[2048, 2048, 2048, 2048, 2048, 2048, 2048]",312.0
1212,9110,63,44,2023-06-18T19:03:18.982000+00:00,21.51,24.559,31.028,258.0,280.0,False,77.097,"[None, 2048, 2048, 2048, 2049]","[2048, 2049, 2048, 2048, 2049, 2048]","[2048, 2048, 2048, 2048, 2048, 2048, 2048]",307.0
1212,9110,31,44,2023-06-18T19:03:22.935000+00:00,21.405,24.657,31.005,,270.0,False,77.067,"[None, 2048, 2049, 2049, 2049]","[2048, 2048, 2048, 2049, 2048, 2048]","[2048, 2048, 2048, 2048, 2048, 2048, 2048]",299.0
1212,9110,77,44,2023-06-18T19:03:24.185000+00:00,21.411,24.682,30.9,,277.0,False,76.993,"[None, 2048, 2048, 2049, 2048]","[2048, 2048, 2048, 2048, 2048, 2048]","[2048, 2048, 2048, 2048, 2048, 2048, 2048]",306.0
1212,9110,4,44,2023-06-18T19:03:25.779000+00:00,21.569,24.64,30.805,245.0,275.0,False,77.014,"[None, 2048, 2049, 2048, 2048]","[2048, 2049, 2048, 2048, 2049, 2049]","[2048, 2048, 2048, 2048, 2048, 2048, 2048]",309.0
1212,9110,18,44,2023-06-18T19:03:27.373000+00:00,21.387,24.618,31.007,257.0,281.0,False,77.012,"[None, 2048, 2049, 2048, 2049]","[2048, 2048, 2048, 2048, 2048, 2048]","[2048, 2048, 2048, 2048, 2048, 2048, 2048]",308.0
1212,9110,81,44,2023-06-18T19:03:31.747000+00:00,21.574,24.722,30.81,244.0,279.0,False,77.106,"[None, 2048, 2048, 2049, 2048]","[2048, 2048, 2048, 2048, 2048, 2048]","[2048, 2048, 2048, 2048, 2048, 2049, 2048]",305.0
1212,9110,10,44,2023-06-18T19:03:35.029000+00:00,21.392,24.555,30.977,,270.0,False,76.924,"[2049, 2048, 2048, 2049, 2048]","[2049, 2048, 2048, 2048, 2049, 2048]","[2048, 2048, 2048, 2048, 2048, 2049, 2048]",297.0
1212,9110,27,44,2023-06-18T19:03:35.732000+00:00,21.903,24.835,31.223,255.0,279.0,False,77.961,"[None, 2048, 2048, 2048, 2048]","[2048, 2048, 2048, 2048, 2048, 2048]","[2048, 2048, 2048, 2048, 2048, 2048, 2048]",307.0
1212,9110,22,44,2023-06-18T19:03:37.169000+00:00,21.628,25.165,30.844,257.0,280.0,False,77.637,"[None, 2048, 2048, 2048, 2048]","[2048, 2048, 2048, 2048, 2048, 2048]","[2048, 2048, 2048, 2048, 2048, 2048, 2048]",310.0
1212,9110,24,44,2023-06-18T19:03:43.560000+00:00,21.657,24.867,31.17,,277.0,False,77.694,"[None, 2049, 2048, 2048, 2048]","[2048, 2048, 2048, 2048, 2048, 2048]","[2048, 2048, 2048, 2048, 2048, 2048, 2048]",304.0
1212,9110,1,45,2023-06-18T19:04:09.169000+00:00,21.156,24.275,30.661,244.0,277.0,False,76.092,"[None, 2048, 2048, 2048, 2048]","[2048, 2048, 2049, 2051, 2048, 2049]","[2048, 2048, 2048, 2048, 2048, 2051, 2049]",303.0
1212,9110,14,45,2023-06-18T19:04:13.700000+00:00,21.146,24.334,30.572,253.0,277.0,False,76.052,"[2048, 2048, 2048, 2049, 2049]","[2048, 2048, 2048, 2049, 2048, 2048]","[2051, 2048, 2048, 2048, 2048, 2048, 2048]",299.0
1212,9110,44,45,2023-06-18T19:04:18.700000+00:00,20.969,24.289,30.747,245.0,277.0,False,76.005,"[2051, 2048, 2049, 2051, 2048]","[2048, 2049, 2048, 2048, 2048, 2048]","[2048, 2048, 2048, 2048, 2048, 2051, 2048]",305.0
1212,9110,16,45,2023-06-18T19:04:21.544000+00:00,21.214,24.478,30.709,,280.0,False,76.401,"[None, 2048, 2048, 2048, 2048]","[2048, 2048, 2048, 2048, 2048, 2048]","[2048, 2048, 2048, 2048, 2048, 2048, 2048]",309.0
1212,9110,55,45,2023-06-18T19:04:23.872000+00:00,21.225,24.279,30.595,257.0,281.0,False,76.099,"[2049, 2049, 2049, 2049, 2049]","[2049, 2049, 2048, 2049, 2049, 2049]","[2048, 2051, 2048, 2048, 2048, 2049, 2048]",311.0
1212,9110,11,45,2023-06-18T19:04:27.012000+00:00,21.277,24.445,30.723,248.0,274.0,False,76.445,"[None, 2048, 2048, 2048, 2048]","[2048, 2049, 2048, 2048, 2048, 2048]","[2048, 2048, 2048, 2048, 2048, 2049, 2048]",307.0
1212,9110,21,44,2023-06-18T19:04:27.996000+00:00,21.966,25.004,31.662,,280.0,False,78.632,"[None, 2048, 2048, 2048, 2048]","[2048, 2048, 2048, 2048, 2048, 2048]","[2048, 2048, 2048, 2048, 2048, 2048, 2048]",308.0
1212,9110,20,44,2023-06-18T19:04:28.418000+00:00,21.949,24.91,30.779,257.0,282.0,False,77.638,"[None, 2048, 2048, 2048, 2049]","[2048, 2048, 2048, 2048, 2048, 2049]","[2048, 2048, 2049, 2048, 2048, 2048]",329.0
1212,9110,23,45,2023-06-18T19:04:34.418000+00:00,21.96,24.697,30.998,,281.0,False,77.655,"[None, 2048, 2048, 2048, 2048]","[2048, 2048, 2048, 2049, 2048, 2048]","[2048, 2048, 2048, 2048, 2048, 2048, 2048]",312.0
1212,9110,63,45,2023-06-18T19:04:36.090000+00:00,21.547,24.461,31.106,257.0,281.0,False,77.114,"[2049, 2048, 2048, 2048, 2048]","[2048, 2048, 2048, 2048, 2049, 2048]","[2048, 2048, 2048, 2048, 2048, 2048, 2048]",306.0
1212,9110,31,45,2023-06-18T19:04:39.996000+00:00,21.379,24.542,30.948,,270.0,False,76.869,"[None, 2048, 2048, 2048, 2048]","[2049, 2048, 2048, 2049, 2048, 2048]","[2048, 2048, 2048, 2048, 2048, 2048]",298.0
1212,9110,77,45,2023-06-18T19:04:41.184000+00:00,,24.614,30.906,249.0,279.0,False,76.931,"[None, 2048, 2048, 2048, 2048]","[2048, 2048, 2048, 2049, 2048, 2048]","[2049, 2048, 2048, 2048, 2048, 2048]",306.0
1212,9110,4,45,2023-06-18T19:04:42.762000+00:00,21.474,24.699,30.795,249.0,275.0,False,76.968,"[2049, 2048, 2048, 2049, 2048]","[2048, 2048, 2048, 2048, 2048, 2048]","[2048, 2048, 2048, 2048, 2048, 2048, 2048]",307.0
1212,9110,18,45,2023-06-18T19:04:44.356000+00:00,21.443,24.72,31.006,,280.0,False,77.169,"[None, 2048, 2048, 2048, 2048]","[2048, 2048, 2048, 2048, 2048, 2048]","[2048, 2048, 2048, 2048, 2048, 2048, 2048]",307.0
1212,9110,81,45,2023-06-18T19:04:48.777000+00:00,21.524,24.634,30.716,246.0,280.0,False,76.874,"[None, 2048, 2049, 2048, 2048]","[2048, 2048, 2048, 2048, 2049, 2049]","[2049, 2048, 2048, 2048, 2048, 2049]",304.0
1212,9110,10,45,2023-06-18T19:04:52.027000+00:00,21.28,24.537,30.96,249.0,271.0,False,76.777,"[2048, 2048, 2049, 2049, 2048]","[2049, 2048, 2048, 2049, 2048, 2048]","[2048, 2048, 2048, 2048, 2048, 2049]",299.0
1212,9110,27,45,2023-06-18T19:04:53.699000+00:00,21.612,24.754,31.167,256.0,279.0,False,77.533,"[None, 2048, 2048, 2048, 2049]","[2048, 2048, 2048, 2048, 2048, 2048]","[2048, 2048, 2048, 2048, 2048, 2048, 2048]",306.0
1212,9110,22,45,2023-06-18T19:04:55.137000+00:00,21.631,24.786,31.289,,282.0,False,77.706,"[None, 2048, 2048, 2048, 2048]","[2048, 2048, 2048, 2048, 2048, 2048]","[2048, 2048, 2048, 2048, 2048, 2048, 2048]",311.0
1212,9110,24,45,2023-06-18T19:05:01.246000+00:00,21.569,24.81,31.196,,277.0,False,77.575,"[None, 2048, 2048, 2048, 2048]","[2048, 2049, 2048, 2048, 2048, 2048]","[2048, 2048, 2048, 2048, 2048, 2048, 2048]",305.0
1212,9110,1,46,2023-06-18T19:05:25.245000+00:00,21.225,24.32,30.659,,277.0,False,76.204,"[None, 2048, 2048, 2051, 2048]","[2048, 2048, 2049, 2048, 2049, 2049]","[2048, 2048, 2048, 2048, 2048, 2048, 2048]",303.0
1212,9110,14,46,2023-06-18T19:05:29.792000+00:00,21.027,24.255,30.609,,277.0,False,75.891,"[2049, 2048, 2048, 2048, 2048]","[2048, 2048, 2048, 2048, 2048, 2048]","[2049, 2048, 2048, 2048, 2048, 2048]",301.0
1212,9110,44,46,2023-06-18T19:05:34.745000+00:00,20.963,24.332,30.584,249.0,278.0,False,75.879,"[None, 2048, 2049, 2048, 2048]","[2048, 2048, 2048, 2048, 2048, 2048]","[2049, 2048, 2048, 2048, 2048, 2048, 2048]",305.0
1212,9110,16,46,2023-06-18T19:05:37.964000+00:00,21.213,24.307,30.611,257.0,280.0,False,76.131,"[None, 2048, 2049, 2048, 2048]","[2049, 2048, 2048, 2049, 2048, 2048]","[2049, 2048, 2048, 2048, 2048, 2048]",309.0
1212,9110,55,46,2023-06-18T19:05:39.980000+00:00,21.247,24.373,30.48,255.0,280.0,False,76.1,"[2048, 2049, 2048, 2049, 2048]","[2048, 2049, 2048, 2048, 2048, 2048]","[2051, 2048, 2048, 2048, 2048, 2048, 2048]",310.0
1212,9110,11,46,2023-06-18T19:05:43.433000+00:00,21.244,24.327,30.661,247.0,275.0,False,76.232,"[None, 2048, 2048, 2048, 2048]","[2049, 2049, 2048, 2048, 2048, 2048]","[2048, 2048, 2048, 2048, 2048, 2048]",307.0
1212,9110,20,45,2023-06-18T19:05:46.011000+00:00,21.907,24.929,31.13,252.0,278.0,False,77.966,"[2049, 2049, 2049, 2048, 2048]","[2048, 2048, 2048, 2048, 2048, 2048]","[2048, 2048, 2048, 2048, 2048, 2048, 2048]",303.0
1212,9110,21,45,2023-06-18T19:05:46.714000+00:00,22.048,25.097,31.057,253.0,279.0,False,78.202,"[None, 2048, 2048, 2048, 2049]","[2048, 2048, 2048, 2048, 2048, 2048]","[2048, 2048, 2048, 2048, 2048, 2048, 2048]",325.0
1212,9110,23,46,2023-06-18T19:05:52.167000+00:00,21.994,24.756,30.907,252.0,281.0,False,77.657,"[None, 2048, 2048, 2048, 2048]","[2048, 2049, 2048, 2048, 2048, 2048]","[2048, 2048, 2048, 2048, 2048, 2049, 2048]",311.0
1212,9110,63,46,2023-06-18T19:05:53.198000+00:00,21.607,24.832,30.948,254.0,279.0,False,77.387,"[2048, 2048, 2048, 2048, 2048]","[2048, 2048, 2048, 2048, 2048, 2048]","[2048, 2048, 2048, 2048, 2048, 2048, 2049]",321.0
1212,9110,31,46,2023-06-18T19:05:56.901000+00:00,21.365,24.574,30.916,,271.0,False,76.855,"[None, 2048, 2049, 2048, 2048]","[2048, 2049, 2048, 2048, 2048, 2048]","[2049, 2048, 2048, 2048, 2048, 2048, 2048]",304.0
1212,9110,77,46,2023-06-18T19:05:58.089000+00:00,21.431,24.594,30.793,248.0,279.0,False,76.818,"[None, 2048, 2049, 2049, 2048]","[2048, 2049, 2048, 2049, 2048, 2048]","[2049, 2048, 2048, 2048, 2048, 2048]",306.0
1212,9110,4,46,2023-06-18T19:05:59.714000+00:00,21.411,24.539,30.749,250.0,275.0,False,76.699,"[None, 2048, 2048, 2049, 2049]","[2049, 2049, 2048, 2048, 2048, 2048]","[2048, 2048, 2048, 2048, 2048, 2048, 2048]",307.0
1212,9110,18,46,2023-06-18T19:06:01.526000+00:00,21.34,25.029,31.067,,278.0,False,77.436,"[None, 2048, 2048, 2049, 2048]","[2048, 2048, 2048, 2048, 2048, 2048]","[2048, 2048, 2048, 2048, 2048, 2048, 2048]",305.0
1212,9110,81,46,2023-06-18T19:06:05.699000+00:00,21.471,24.615,30.726,247.0,277.0,False,76.812,"[2049, 2048, 2048, 2048, 2048]","[2049, 2048, 2048, 2048, 2048, 2048]","[2048, 2048, 2048, 2048, 2048, 2048, 2048]",303.0
1212,9110,10,46,2023-06-18T19:06:08.807000+00:00,21.274,24.518,30.96,,272.0,False,76.752,"[2049, 2048, 2049, 2048, 2048]","[2049, 2048, 2048, 2048, 2048, 2048]","[2048, 2048, 2048, 2048, 2048, 2048, 2048]",304.0
1212,9110,27,46,2023-06-18T19:06:11.213000+00:00,21.591,24.544,31.244,,279.0,False,77.379,"[None, 2048, 2048, 2048, 2049]","[2048, 2049, 2048, 2049, 2048, 2048]","[2048, 2048, 2048, 2048, 2048, 2048, 2048]",304.0
1212,9110,22,46,2023-06-18T19:06:12.542000+00:00,21.54,24.627,30.964,,282.0,False,77.131,"[2049, 2048, 2048, 2048, 2048]","[2048, 2049, 2048, 2049, 2048, 2049]","[2048, 2048, 2048, 2048, 2048, 2048, 2048]",309.0
1212,9110,24,46,2023-06-18T19:06:18.823000+00:00,21.498,24.529,31.114,255.0,279.0,False,77.141,"[None, 2048, 2048, 2049, 2049]","[2048, 2049, 2048, 2048, 2049, 2048]","[2049, 2048, 2048, 2048, 2048, 2048, 2048]",303.0
1212,9110,1,47,2023-06-18T19:06:41.479000+00:00,21.111,24.211,30.714,,277.0,False,76.036,"[None, 2049, 2048, 2048, 2048]","[2048, 2048, 2048, 2048, 2048, 2049]","[2049, 2048, 2048, 2048, 2048, 2048, 2049]",303.0
1212,9110,14,47,2023-06-18T19:06:45.588000+00:00,20.936,25.485,30.946,252.0,271.0,False,77.367,"[2048, 2048, 2048, 2049, 2048]","[2048, 2048, 2048, None, None, 2048]","[2048, 2048, 2048, 2048, 2048, 2048]",299.0
1212,9110,44,47,2023-06-18T19:06:50.572000+00:00,20.768,24.05,30.578,256.0,276.0,False,75.396,"[None, 2048, 2048, 2051, 2049]","[2049, 2049, 2048, 2051, 2051, 2049]","[2049, 2048, 2048, 2048, 2048, 2051, 2048]",304.0
1212,9110,16,47,2023-06-18T19:06:54.056000+00:00,21.083,24.317,30.507,258.0,281.0,False,75.907,"[2049, 2049, 2049, 2049, 2048]","[2048, 2049, 2048, 2048, 2048, 2048]","[2049, 2048, 2048, 2048, 2048, 2049, 2048]",308.0
1212,9110,55,47,2023-06-18T19:06:56.088000+00:00,21.194,24.227,30.49,259.0,282.0,False,75.911,"[2049, 2048, 2048, 2049, 2051]","[2048, 2049, 2048, 2049, 2048, 2049]","[2048, 2048, 2048, 2048, 2048, 2048, 2048]",310.0
1212,9110,11,47,2023-06-18T19:06:59.650000+00:00,21.263,24.427,30.598,,275.0,False,76.288,"[None, 2048, 2048, 2048, 2048]","[2048, 2048, 2048, 2048, 2048, 2048]","[2049, 2048, 2048, 2048, 2048, 2048, 2048]",306.0
1212,9110,20,46,2023-06-18T19:07:04.009000+00:00,21.744,24.761,31.175,253.0,275.0,False,77.68,"[2048, 2048, 2048, 2049, 2048]","[2048, 2048, 2048, 2049, 2048, 2048]","[2048, 2048, 2048, 2048, 2048, 2048, 2048]",301.0
1212,9110,21,46,2023-06-18T19:07:04.775000+00:00,22.006,25.08,31.299,255.0,280.0,False,78.385,"[None, 2048, 2048, 2048, 2048]","[2048, 2048, 2048, 2048, 2048, 2048]","[2048, 2048, 2048, 2048, 2048, 2048, 2048]",309.0
1212,9110,23,47,2023-06-18T19:07:09.759000+00:00,21.891,24.661,30.9,253.0,281.0,False,77.452,"[None, 2048, 2048, 2048, 2049]","[2049, 2048, 2048, 2048, 2049, 2048]","[2048, 2048, 2048, 2048, 2048, 2049, 2048]",311.0
1212,9110,63,47,2023-06-18T19:07:10.587000+00:00,21.711,24.708,30.939,257.0,281.0,False,77.358,"[None, 2048, 2048, 2048, 2048]","[2048, 2048, 2048, 2048, 2048, 2048]","[2048, 2048, 2048, 2048, 2048, 2048]",324.0
1212,9110,31,47,2023-06-18T19:07:13.712000+00:00,21.311,24.579,31.082,250.0,269.0,False,76.972,"[2049, 2048, 2048, 2049, 2049]","[2048, 2048, 2048, 2048, 2049, 2049]","[2048, 2048, 2048, 2048, 2048, 2048, 2048]",296.0
1212,9110,77,47,2023-06-18T19:07:14.931000+00:00,21.495,24.622,30.928,,277.0,False,77.045,"[None, 2048, 2048, 2048, 2048]","[2048, 2048, 2048, 2048, 2048, 2049]","[2048, 2048, 2048, 2048, 2048, 2048, 2048]",304.0
1212,9110,4,47,2023-06-18T19:07:16.448000+00:00,21.584,24.523,30.813,249.0,275.0,False,76.92,"[2048, 2048, 2048, 2048, 2048]","[2048, 2048, 2048, 2049, 2048, 2049]","[2048, 2048, 2048, 2048, 2048, 2048, 2048]",307.0
1212,9110,18,47,2023-06-18T19:07:18.962000+00:00,21.523,24.768,31.011,,281.0,False,77.302,"[None, 2048, 2048, 2048, 2048]","[2048, 2048, 2048, 2048, 2048, 2049]","[2048, 2048, 2048, 2048, 2048, 2048]",306.0
1212,9110,81,47,2023-06-18T19:07:22.447000+00:00,21.519,24.646,30.857,249.0,279.0,False,77.022,"[2048, 2048, 2048, 2049, 2049]","[2048, 2048, 2048, 2048, 2048, 2049]","[2048, 2048, 2048, 2048, 2048, 2048, 2048]",305.0
1212,9110,10,47,2023-06-18T19:07:25.556000+00:00,21.466,24.589,30.895,248.0,270.0,False,76.95,"[2048, 2048, 2048, 2048, 2048]","[2048, 2048, 2048, 2048, 2048, 2048]","[2048, 2048, 2048, 2048, 2048, 2048, 2048]",303.0
1212,9110,27,47,2023-06-18T19:07:28.587000+00:00,21.721,24.658,31.221,255.0,278.0,False,77.6,"[None, 2048, 2048, 2048, 2048]","[2048, 2048, 2048, 2048, 2048, 2048]","[2048, 2048, 2048, 2048, 2048, 2048, 2048]",303.0
1212,9110,22,47,2023-06-18T19:07:29.634000+00:00,21.625,24.505,30.837,,282.0,False,76.967,"[2048, 2048, 2048, 2048, 2049]","[2048, 2049, 2049, 2049, 2048, 2048]","[2048, 2048, 2048, 2048, 2048, 2048, 2049]",327.0
1212,9110,24,47,2023-06-18T19:07:35.978000+00:00,21.611,24.672,31.09,,277.0,False,77.373,"[None, 2048, 2048, 2048, 2048]","[2048, 2048, 2048, 2048, 2048, 2048]","[2048, 2048, 2048, 2048, 2048, 2048, 2048]",303.0
1212,9110,1,48,2023-06-18T19:07:57.508000+00:00,21.228,24.282,30.599,246.0,276.0,False,76.109,"[None, 2048, 2048, 2048, 2048]","[2048, 2048, 2048, 2048, 2049, 2049]","[2049, 2048, 2048, 2048, 2048, 2049, 2048]",303.0
1212,9110,14,48,2023-06-18T19:08:03.008000+00:00,21.103,24.236,30.706,254.0,278.0,False,76.045,"[None, 2048, 2048, 2048, 2048]","[2048, 2048, 2048, 2048, 2048, 2049]","[2048, 2048, 2048, 2048, 2048, 2048]",300.0
1212,9110,44,48,2023-06-18T19:08:06.040000+00:00,21.135,24.267,30.909,247.0,280.0,False,76.311,"[2048, 2048, 2049, 2048, 2048]","[2048, 2048, 2048, 2051, 2048, 2048]","[2048, 2048, 2048, 2048, 2048, 2048, 2048]",306.0
1212,9110,16,48,2023-06-18T19:08:10.008000+00:00,21.028,24.416,30.515,,279.0,False,75.959,"[2048, 2049, 2051, 2049, 2048]","[2048, 2048, 2048, 2048, 2048, 2048]","[2048, 2048, 2048, 2048, 2048, 2048]",308.0
1212,9110,55,48,2023-06-18T19:08:12.008000+00:00,21.227,24.324,30.644,257.0,280.0,False,76.195,"[2048, 2048, 2048, 2049, 2051]","[2049, 2049, 2048, 2048, 2048, 2048]","[2048, 2048, 2048, 2048, 2048, 2048, 2048]",307.0
1212,9110,11,48,2023-06-18T19:08:15.946000+00:00,21.267,24.383,30.73,248.0,275.0,False,76.38,"[None, 2048, 2048, 2048, 2048]","[2048, 2048, 2048, 2048, 2048, 2048]","[2048, 2048, 2048, 2048, 2048, 2048, 2048]",306.0
1212,9110,20,47,2023-06-18T19:08:21.664000+00:00,21.589,24.739,31.112,252.0,275.0,False,77.44,"[None, 2049, 2048, 2049, 2048]","[2048, 2048, 2048, 2049, 2048, 2048]","[2048, 2048, 2048, 2048, 2048, 2049, 2048]",301.0
1212,9110,21,47,2023-06-18T19:08:23.164000+00:00,22.02,24.975,31.843,256.0,281.0,False,78.838,"[None, 2048, 2048, 2048, 2048]","[2048, 2048, 2048, 2048, 2049, 2048]","[2048, 2048, 2048, 2048, 2048, 2048]",309.0
1212,9110,23,48,2023-06-18T19:08:27.180000+00:00,21.923,24.876,30.961,252.0,278.0,False,77.76,"[None, 2048, 2048, 2048, 2048]","[2048, 2048, 2048, 2048, 2048, 2048]","[2049, 2048, 2048, 2048, 2048, 2048, 2048]",311.0
1212,9110,63,48,2023-06-18T19:08:27.961000+00:00,21.766,24.883,31.062,,282.0,False,77.711,"[None, 2048, 2048, 2048, 2049]","[2048, 2048, 2048, 2048, 2048, 2048]","[2048, 2048, 2048, 2048, 2048, 2048, 2048]",323.0
1212,9110,31,48,2023-06-18T19:08:30.727000+00:00,21.454,24.646,31.009,,272.0,False,77.109,"[2048, 2048, 2048, 2048, 2048]","[2048, 2048, 2048, 2048, 2048, 2049]","[2048, 2048, 2048, 2048, 2048, 2048, 2048]",303.0
1212,9110,77,48,2023-06-18T19:08:31.977000+00:00,21.568,24.786,30.881,,278.0,False,77.235,"[None, 2048, 2048, 2048, 2048]","[2048, 2048, 2048, 2048, 2048, 2049]","[2049, 2048, 2048, 2048, 2048, 2048, 2048]",305.0
1212,9110,4,48,2023-06-18T19:08:33.336000+00:00,21.521,24.694,30.873,251.0,278.0,False,77.088,"[None, 2048, 2048, 2048, 2049]","[2048, 2048, 2048, 2048, 2048, 2049]","[2048, 2048, 2048, 2048, 2048, 2048, 2048]",307.0
1212,9110,18,48,2023-06-18T19:08:36.258000+00:00,21.466,24.608,30.929,255.0,282.0,False,77.003,"[None, 2048, 2048, 2048, 2048]","[2048, 2048, 2048, 2048, 2048, 2049]","[2049, 2048, 2048, 2048, 2048, 2048]",304.0
1212,9110,81,48,2023-06-18T19:08:39.445000+00:00,21.513,24.704,30.864,248.0,279.0,False,77.081,"[None, 2048, 2048, 2048, 2048]","[2048, 2048, 2048, 2048, 2048, 2048]","[2048, 2048, 2048, 2048, 2048, 2048]",303.0
1212,9110,10,48,2023-06-18T19:08:42.523000+00:00,21.369,24.555,31.091,,270.0,False,77.015,"[None, 2048, 2048, 2049, 2049]","[2048, 2048, 2048, 2048, 2049, 2048]","[2049, 2048, 2048, 2048, 2048, 2048, 2048]",296.0
1212,9110,27,48,2023-06-18T19:08:46.211000+00:00,21.54,24.773,31.646,253.0,276.0,False,77.959,"[None, 2048, 2048, 2049, 2048]","[2048, 2048, 2048, 2048, 2048, 2048]","[2048, 2048, 2048, 2048, 2048, 2048, 2048]",295.0
1212,9110,22,48,2023-06-18T19:08:46.617000+00:00,21.7,24.681,30.645,256.0,283.0,False,77.026,"[None, 2048, 2048, 2048, 2049]","[2048, 2048, 2048, 2048, 2048, 2049]","[2048, 2048, 2049, 2048, 2048, 2048]",329.0
1212,9110,24,48,2023-06-18T19:08:53.351000+00:00,21.618,24.551,31.197,254.0,279.0,False,77.366,"[None, 2048, 2048, 2048, 2048]","[2049, 2048, 2048, 2048, 2048, 2048]","[2048, 2048, 2048, 2048, 2048, 2048, 2048]",304.0
1212,9110,1,49,2023-06-18T19:09:13.632000+00:00,21.031,24.19,30.635,245.0,277.0,False,75.856,"[2049, 2048, 2048, 2051, 2048]","[2048, 2048, 2049, 2049, 2048, 2048]","[2049, 2048, 2048, 2048, 2048, 2048, 2048]",303.0
1212,9110,14,49,2023-06-18T19:09:19.054000+00:00,21.055,24.182,30.658,252.0,279.0,False,75.895,"[None, 2048, 2049, 2048, 2048]","[2048, 2048, 2048, 2048, 2049, 2049]","[2048, 2048, 2048, 2048, 2048, 2048, 2048]",300.0
1212,9110,44,49,2023-06-18T19:09:22.351000+00:00,21.017,24.335,30.762,,279.0,False,76.114,"[None, 2048, 2048, 2048, 2048]","[2048, 2048, 2048, 2048, 2048, 2048]","[2049, 2048, 2048, 2048, 2048, 2048, 2048]",305.0
1212,9110,16,49,2023-06-18T19:09:25.944000+00:00,21.027,24.365,30.576,259.0,281.0,False,75.968,"[None, 2049, 2048, 2048, 2048]","[2048, 2048, 2048, 2049, 2048, 2048]","[2048, 2048, 2048, 2048, 2048, 2048, 2048]",309.0
1212,9110,55,49,2023-06-18T19:09:28.226000+00:00,21.224,24.301,30.537,258.0,282.0,False,76.062,"[None, 2048, 2048, 2049, 2048]","[2048, 2048, 2048, 2048, 2048, 2048]","[2048, 2048, 2048, 2048, 2048, 2049]",310.0
1212,9110,11,49,2023-06-18T19:09:32.351000+00:00,21.183,24.324,30.577,249.0,276.0,False,76.084,"[None, 2048, 2049, 2049, 2049]","[2049, 2048, 2048, 2048, 2048, 2048]","[2049, 2048, 2048, 2048, 2048, 2049, 2048]",306.0
1212,9110,20,48,2023-06-18T19:09:39.163000+00:00,21.7,24.685,31.25,,276.0,False,77.635,"[None, 2048, 2048, 2049, 2048]","[2048, 2049, 2048, 2048, 2048, 2048]","[2048, 2048, 2048, 2048, 2048, 2048]",302.0
1212,9110,21,48,2023-06-18T19:09:42.007000+00:00,22.16,25.095,31.328,254.0,280.0,False,78.583,"[None, 2048, 2048, 2048, 2048]","[2048, 2048, 2048, 2048, 2048, 2048]","[2049, 2048, 2048, 2048, 2048, 2048]",308.0
1212,9110,23,49,2023-06-18T19:09:44.960000+00:00,21.958,24.765,30.964,253.0,283.0,False,77.687,"[None, 2048, 2049, 2049, 2048]","[2048, 2048, 2048, 2048, 2048, 2048]","[2048, 2048, 2048, 2048, 2048, 2048, 2048]",312.0
1212,9110,63,49,2023-06-18T19:09:45.632000+00:00,21.848,24.875,31.163,,281.0,False,77.886,"[None, 2048, 2048, 2048, 2048]","[2048, 2048, 2048, 2048, 2048, 2048]","[2048, 2048, 2048, 2048, 2048, 2048]",322.0
1212,9110,31,49,2023-06-18T19:09:47.819000+00:00,21.548,24.66,31.184,249.0,272.0,False,77.392,"[None, 2048, 2048, 2048, 2048]","[2048, 2048, 2048, 2048, 2048, 2048]","[2048, 2048, 2048, 2048, 2048, 2048, 2049]",296.0
1212,9110,77,49,2023-06-18T19:09:49.194000+00:00,21.589,24.722,30.961,,280.0,False,77.272,"[None, 2048, 2048, 2048, 2048]","[2048, 2048, 2048, 2048, 2048, 2048]","[2048, 2048, 2048, 2048, 2048, 2048, 2048]",305.0
1212,9110,4,49,2023-06-18T19:09:50.460000+00:00,21.567,24.665,30.752,250.0,279.0,False,76.984,"[None, 2048, 2048, 2049, 2049]","[2048, 2048, 2048, 2048, 2048, 2049]","[2048, 2048, 2048, 2048, 2048, 2048, 2048]",309.0
1212,9110,18,49,2023-06-18T19:09:53.288000+00:00,21.454,24.511,30.963,257.0,282.0,False,76.928,"[None, 2048, 2048, 2048, 2048]","[2049, 2048, 2048, 2048, 2049, 2049]","[2048, 2048, 2048, 2048, 2048, 2048, 2048]",307.0
1212,9110,81,49,2023-06-18T19:09:56.553000+00:00,21.674,24.72,30.77,244.0,279.0,False,77.164,"[None, 2048, 2048, 2048, 2048]","[2048, 2048, 2048, 2048, 2048, 2048]","[2048, 2049, 2048, 2048, 2048, 2048]",305.0
1212,9110,10,49,2023-06-18T19:09:59.506000+00:00,21.415,24.548,30.909,249.0,272.0,False,76.872,"[None, 2048, 2048, 2048, 2048]","[2048, 2048, 2048, 2048, 2048, 2048]","[2048, 2048, 2048, 2048, 2048, 2048]",304.0
1212,9110,22,49,2023-06-18T19:10:03.553000+00:00,21.692,24.565,30.947,255.0,278.0,False,77.204,"[None, 2048, 2048, 2049, 2048]","[2048, 2048, 2048, 2048, 2049, 2048]","[2048, 2048, 2048, 2048, 2048, 2049]",307.0
1212,9110,27,49,2023-06-18T19:10:04.209000+00:00,22.129,24.764,31.242,256.0,280.0,False,78.135,"[None, 2048, 2048, 2048, 2048]","[2048, 2048, 2048, 2048, 2048, 2048]","[2048, 2048, 2048, 2048, 2048, 2048, 2048]",308.0
1212,9110,24,49,2023-06-18T19:10:10.740000+00:00,21.744,24.608,31.06,255.0,278.0,False,77.412,"[None, 2048, 2048, 2048, 2049]","[2048, 2048, 2048, 2048, 2048, 2048]","[2048, 2048, 2048, 2048, 2048, 2048, 2048]",304.0
1212,9110,1,50,2023-06-18T19:10:29.490000+00:00,21.101,24.228,30.59,,275.0,False,75.919,"[2048, 2048, 2048, 2051, 2048]","[2048, 2048, 2048, 2048, 2048, 2048]","[2049, 2048, 2048, 2048, 2048, 2048]",303.0
1212,9110,14,50,2023-06-18T19:10:35.006000+00:00,21.314,24.289,30.661,253.0,276.0,False,76.264,"[None, 2048, 2048, 2048, 2048]","[2048, 2048, 2048, 2048, 2048, 2048]","[2051, 2048, 2048, 2048, 2048, 2048]",299.0
1212,9110,44,50,2023-06-18T19:10:38.740000+00:00,21.247,24.216,30.783,246.0,276.0,False,76.246,"[None, 2048, 2048, 2048, 2048]","[2048, 2048, 2048, 2048, 2048, 2048]","[2049, 2048, 2048, 2048, 2048, 2048, 2048]",303.0
1212,9110,16,50,2023-06-18T19:10:41.896000+00:00,21.256,24.373,30.646,258.0,280.0,False,76.275,"[None, 2048, 2048, 2048, 2048]","[2048, 2048, 2048, 2048, 2048, 2048]","[2048, 2048, 2048, 2048, 2048, 2048, 2048]",309.0
1212,9110,55,50,2023-06-18T19:10:44.256000+00:00,21.439,24.286,30.579,256.0,280.0,False,76.304,"[None, 2048, 2048, 2048, 2048]","[2049, 2048, 2048, 2048, 2048, 2048]","[2048, 2048, 2048, 2048, 2048, 2049]",308.0
1212,9110,11,50,2023-06-18T19:10:48.396000+00:00,21.236,24.373,31.075,248.0,276.0,False,76.684,"[None, 2048, 2048, 2049, 2048]","[2048, 2048, 2048, 2048, 2049, 2048]","[2048, 2049, 2048, 2048, 2048, 2048, 2048]",306.0
1212,9110,20,49,2023-06-18T19:10:56.724000+00:00,21.731,24.747,31.217,253.0,275.0,False,77.695,"[None, 2048, 2048, 2049, 2049]","[2048, 2048, 2048, 2048, 2048, 2048]","[2048, 2048, 2048, 2048, 2048, 2048]",301.0
1212,9110,21,49,2023-06-18T19:11:00.615000+00:00,21.91,25.007,31.203,255.0,281.0,False,78.12,"[None, 2048, 2048, 2049, 2048]","[2048, 2048, 2048, 2048, 2049, 2048]","[2049, 2048, 2048, 2048, 2048, 2049]",308.0
1212,9110,23,50,2023-06-18T19:11:02.661000+00:00,21.922,24.737,30.947,254.0,283.0,False,77.606,"[None, 2048, 2048, 2048, 2049]","[2048, 2048, 2048, 2048, 2048, 2048]","[2048, 2048, 2048, 2048, 2048, 2048]",314.0
1212,9110,63,50,2023-06-18T19:11:03.536000+00:00,21.833,24.859,30.938,253.0,281.0,False,77.63,"[None, 2048, 2048, 2048, 2048]","[2048, 2048, 2048, 2048, 2048, 2048]","[2048, 2048, 2048, 2048, 2048, 2048, 2049]",326.0
1212,9110,31,50,2023-06-18T19:11:05.208000+00:00,21.511,24.828,31.088,250.0,272.0,False,77.427,"[None, 2048, 2048, 2048, 2048]","[2048, 2048, 2048, 2048, 2048, 2048]","[2048, 2048, 2048, 2048, 2048, 2048, 2048]",299.0
1212,9110,77,50,2023-06-18T19:11:06.458000+00:00,21.596,24.662,30.943,,280.0,False,77.201,"[None, 2048, 2048, 2048, 2048]","[2048, 2048, 2048, 2048, 2048, 2049]","[2048, 2048, 2048, 2048, 2048, 2048, 2048]",305.0
1212,9110,4,50,2023-06-18T19:11:07.427000+00:00,21.495,24.484,30.551,251.0,278.0,False,76.53,"[None, 2048, 2048, 2048, 2048]","[2048, 2048, 2049, 2048, 2048, 2049]","[2048, 2048, 2048, 2048, 2048, 2048, 2048]",328.0
1212,9110,18,50,2023-06-18T19:11:10.224000+00:00,21.474,24.543,30.94,255.0,281.0,False,76.957,"[None, 2048, 2048, 2048, 2048]","[2048, 2048, 2048, 2048, 2048, 2048]","[2048, 2048, 2048, 2048, 2048, 2048, 2048]",305.0
1212,9110,81,50,2023-06-18T19:11:13.724000+00:00,21.769,24.756,30.832,247.0,279.0,False,77.357,"[None, 2048, 2048, 2048, 2048]","[2048, 2048, 2048, 2049, 2048, 2048]","[2048, 2048, 2048, 2048, 2048, 2048, 2048]",306.0
1212,9110,10,50,2023-06-18T19:11:16.427000+00:00,21.417,24.662,30.933,,271.0,False,77.012,"[None, 2048, 2048, 2048, 2049]","[2048, 2048, 2048, 2048, 2048, 2048]","[2048, 2048, 2048, 2048, 2048, 2049, 2048]",300.0
1212,9110,22,50,2023-06-18T19:11:20.849000+00:00,21.5,24.604,30.755,254.0,279.0,False,76.859,"[2049, 2048, 2048, 2049, 2048]","[2048, 2048, 2048, 2048, 2048, 2048]","[2048, 2048, 2048, 2048, 2048, 2049]",310.0
1212,9110,27,50,2023-06-18T19:11:22.302000+00:00,21.775,24.971,31.273,257.0,279.0,False,78.019,"[None, 2048, 2048, 2048, 2049]","[2048, 2048, 2048, 2048, 2048, 2048]","[2048, 2048, 2048, 2048, 2048, 2048, 2048]",307.0
1212,9110,24,50,2023-06-18T19:11:28.145000+00:00,21.471,24.679,31.099,257.0,279.0,False,77.249,"[None, 2048, 2048, 2048, 2048]","[2049, 2048, 2048, 2048, 2048, 2048]","[2049, 2048, 2048, 2048, 2048, 2049, 2048]",306.0
1212,9110,1,51,2023-06-18T19:11:45.411000+00:00,20.995,24.18,30.62,255.0,273.0,False,75.795,"[None, 2048, 2048, 2048, 2049]","[2048, 2048, 2048, 2048, 2048, 2048]","[2048, 2048, 2048, 2048, 2048, 2048, 2048]",303.0
1212,9110,14,51,2023-06-18T19:11:51.223000+00:00,21.096,24.347,30.742,254.0,278.0,False,76.185,"[None, 2048, 2048, 2048, 2049]","[2048, 2048, 2048, 2048, 2048, 2048]","[2048, 2048, 2048, 2048, 2048, 2048, 2048]",299.0
1212,9110,44,51,2023-06-18T19:11:54.676000+00:00,21.143,24.335,30.624,248.0,280.0,False,76.102,"[None, 2048, 2048, 2048, 2048]","[2048, 2048, 2048, 2048, 2048, 2048]","[2048, 2049, 2048, 2048, 2048, 2048, 2048]",305.0
1212,9110,16,51,2023-06-18T19:11:58.192000+00:00,21.116,24.38,30.695,259.0,281.0,False,76.191,"[None, 2048, 2048, 2048, 2048]","[2048, 2048, 2048, 2048, 2048, 2048]","[2048, 2048, 2048, 2048, 2048, 2048, 2048]",309.0
1212,9110,55,51,2023-06-18T19:12:00.567000+00:00,21.277,24.337,30.574,259.0,282.0,False,76.188,"[None, 2048, 2048, 2048, 2051]","[2048, 2048, 2048, 2048, 2049, 2048]","[2048, 2048, 2048, 2048, 2048, 2048, 2048]",310.0
1212,9110,11,51,2023-06-18T19:12:05.082000+00:00,21.348,24.584,30.819,,276.0,False,76.751,"[None, 2048, 2048, 2048, 2048]","[2048, 2048, 2048, 2048, 2049, 2048]","[2048, 2048, 2048, 2048, 2048, 2048, 2048]",304.0
1212,9110,20,50,2023-06-18T19:12:14.441000+00:00,21.651,24.842,31.212,,275.0,False,77.705,"[None, 2048, 2048, 2049, 2048]","[2048, 2048, 2048, 2048, 2048, 2048]","[2048, 2048, 2048, 2048, 2048, 2048]",301.0
1212,9110,21,50,2023-06-18T19:12:18.707000+00:00,21.899,25.085,47.38,,280.0,False,94.364,"[None, 2048, 2048, 2048, 2048]","[2049, 2048, 2048, 2048, 2049, 2048]","[2048, 2048, 2048, 2048, 2049, 2064, 2064]",306.0
1212,9110,23,51,2023-06-18T19:12:20.301000+00:00,21.957,24.88,30.774,,281.0,False,77.611,"[None, 2048, 2048, 2048, 2048]","[2048, 2048, 2048, 2048, 2048, 2051]","[2049, 2048, 2048, 2048, 2048, 2049, 2048]",314.0
1212,9110,63,51,2023-06-18T19:12:21.160000+00:00,21.625,24.824,30.888,258.0,282.0,False,77.337,"[None, 2048, 2049, 2048, 2049]","[2048, 2048, 2048, 2048, 2048, 2048]","[2048, 2048, 2049, 2048, 2048, 2048, 2048]",325.0
1212,9110,31,51,2023-06-18T19:12:22.613000+00:00,21.491,24.701,31.147,251.0,272.0,False,77.339,"[None, 2048, 2048, 2048, 2048]","[2048, 2048, 2048, 2048, 2048, 2048]","[2048, 2048, 2048, 2048, 2048, 2048, 2048]",300.0
1212,9110,77,51,2023-06-18T19:12:23.660000+00:00,21.507,24.739,30.955,,280.0,False,77.201,"[None, 2048, 2048, 2048, 2048]","[2048, 2048, 2048, 2048, 2048, 2048]","[2048, 2048, 2048, 2048, 2048, 2048, 2048]",306.0
1212,9110,4,51,2023-06-18T19:12:23.957000+00:00,21.846,24.801,30.553,250.0,279.0,False,77.2,"[None, 2048, 2048, 2048, 2048]","[2048, 2048, 2048, 2048, 2048, 2048]","[2048, 2048, 2049, 2048, 2048, 2048, 2048]",329.0
1212,9110,18,51,2023-06-18T19:12:27.129000+00:00,21.42,24.55,30.882,258.0,282.0,False,76.852,"[None, 2048, 2049, 2048, 2048]","[2049, 2048, 2048, 2048, 2048, 2048]","[2048, 2048, 2048, 2048, 2048, 2048]",308.0
1212,9110,81,51,2023-06-18T19:12:31.097000+00:00,21.639,24.611,30.923,248.0,279.0,False,77.173,"[None, 2048, 2048, 2048, 2048]","[2048, 2048, 2048, 2049, 2048, 2049]","[2048, 2048, 2048, 2048, 2048, 2048, 2048]",305.0
1212,9110,10,51,2023-06-18T19:12:33.410000+00:00,21.341,24.557,30.939,251.0,273.0,False,76.837,"[None, 2048, 2048, 2048, 2049]","[2048, 2048, 2048, 2048, 2048, 2048]","[2048, 2048, 2048, 2048, 2048, 2048, 2048]",301.0
1212,9110,22,51,2023-06-18T19:12:37.691000+00:00,21.504,24.474,30.803,257.0,281.0,False,76.781,"[2048, 2048, 2048, 2048, 2048]","[2049, 2048, 2048, 2048, 2049, 2048]","[2048, 2048, 2048, 2048, 2048, 2048, 2048]",308.0
1212,9110,27,51,2023-06-18T19:12:40.316000+00:00,21.764,24.728,31.174,256.0,278.0,False,77.666,"[None, 2048, 2048, 2048, 2048]","[2049, 2048, 2048, 2048, 2048, 2048]","[2048, 2048, 2048, 2048, 2048, 2048, 2048]",304.0
1212,9110,24,51,2023-06-18T19:12:45.394000+00:00,21.6,24.799,31.104,,279.0,False,77.503,"[None, 2048, 2048, 2048, 2049]","[2048, 2048, 2048, 2048, 2048, 2048]","[2048, 2048, 2048, 2048, 2048, 2048, 2048]",304.0
1212,9110,1,52,2023-06-18T19:13:01.175000+00:00,21.109,24.299,30.695,,273.0,False,76.103,"[None, 2048, 2048, 2048, 2048]","[2048, 2048, 2048, 2048, 2049, 2048]","[2048, 2048, 2048, 2048, 2048, 2048, 2048]",302.0
1212,9110,14,52,2023-06-18T19:13:07.472000+00:00,21.061,24.391,30.745,,277.0,False,76.197,"[None, 2048, 2049, 2048, 2049]","[2048, 2048, 2048, 2048, 2049, 2048]","[2048, 2048, 2048, 2048, 2048, 2048, 2048]",299.0
1212,9110,44,52,2023-06-18T19:13:10.769000+00:00,20.906,24.159,30.626,254.0,279.0,False,75.691,"[None, 2048, 2048, 2048, 2048]","[2048, 2048, 2048, 2048, 2051, 2049]","[2048, 2048, 2048, 2048, 2048, 2048]",304.0
1212,9110,16,52,2023-06-18T19:13:14.347000+00:00,21.106,24.449,30.57,,281.0,False,76.125,"[None, 2048, 2048, 2048, 2049]","[2048, 2048, 2048, 2048, 2048, 2048]","[2049, 2048, 2048, 2048, 2048, 2048, 2048]",308.0
1212,9110,55,52,2023-06-18T19:13:16.753000+00:00,21.256,24.237,30.598,,282.0,False,76.091,"[None, 2048, 2048, 2048, 2048]","[2048, 2048, 2048, 2049, 2048, 2049]","[2048, 2048, 2048, 2048, 2048, 2048, 2048]",309.0
1212,9110,11,52,2023-06-18T19:13:21.909000+00:00,21.174,24.473,30.748,249.0,276.0,False,76.395,"[None, 2048, 2048, 2048, 2049]","[2048, 2048, 2048, 2048, 2048, 2048]","[2048, 2048, 2048, 2048, 2048, 2048, 2048]",305.0
1212,9110,20,51,2023-06-18T19:13:32.143000+00:00,21.71,24.739,31.036,252.0,276.0,False,77.485,"[None, 2048, 2048, 2049, 2048]","[2048, 2048, 2048, 2048, 2048, 2048]","[2049, 2048, 2048, 2048, 2048, 2049, 2048]",300.0
1212,9110,23,52,2023-06-18T19:13:37.846000+00:00,21.843,24.632,30.946,253.0,282.0,False,77.421,"[None, 2048, 2049, 2048, 2048]","[2048, 2048, 2048, 2048, 2048, 2048]","[2048, 2048, 2048, 2048, 2048, 2048, 2048]",309.0
1212,9110,63,52,2023-06-18T19:13:38.503000+00:00,21.89,24.736,30.956,249.0,281.0,False,77.582,"[None, 2048, 2048, 2048, 2048]","[2048, 2048, 2048, 2048, 2048, 2048]","[2048, 2048, 2048, 2048, 2048, 2048, 2048]",321.0
1212,9110,31,52,2023-06-18T19:13:39.971000+00:00,21.476,24.726,30.922,249.0,273.0,False,77.124,"[None, 2048, 2049, 2048, 2048]","[2048, 2048, 2048, 2048, 2048, 2049]","[2048, 2048, 2048, 2048, 2048, 2048, 2049]",306.0
1212,9110,77,52,2023-06-18T19:13:40.862000+00:00,21.455,24.517,30.653,,281.0,False,76.625,"[None, 2048, 2048, 2048, 2048]","[2048, 2048, 2049, 2048, 2048, 2049]","[2048, 2048, 2048, 2048, 2048, 2048]",323.0
1212,9110,4,52,2023-06-18T19:13:41.127000+00:00,21.76,24.726,30.492,251.0,281.0,False,76.978,"[None, 2048, 2048, 2048, 2048]","[2048, 2048, 2049, 2048, 2048, 2049]","[2048, 2048, 2048, 2048, 2048, 2048, 2049]",329.0
1212,9110,18,52,2023-06-18T19:13:44.018000+00:00,21.259,24.52,30.995,257.0,282.0,False,76.774,"[None, 2048, 2048, 2048, 2049]","[2048, 2048, 2048, 2048, 2048, 2049]","[2048, 2048, 2048, 2048, 2048, 2048, 2048]",308.0
1212,9110,81,52,2023-06-18T19:13:48.284000+00:00,21.39,24.7,30.816,247.0,279.0,False,76.906,"[None, 2049, 2049, 2049, 2048]","[2048, 2048, 2048, 2048, 2048, 2048]","[2048, 2048, 2048, 2048, 2048, 2048, 2048]",304.0
1212,9110,10,52,2023-06-18T19:13:50.237000+00:00,21.373,24.612,30.928,,274.0,False,76.913,"[None, 2048, 2048, 2048, 2049]","[2048, 2048, 2048, 2049, 2048, 2048]","[2048, 2048, 2048, 2048, 2048, 2048, 2048]",305.0
1212,9110,21,51,2023-06-18T19:13:53.065000+00:00,24.927,24.78,30.885,256.0,282.0,True,80.592,"[2064, 2048, 2048, 2048, 2048]","[2048, 2049, 2048, 2049, 2049, 2049]","[2048, 2049, 2048, 2048, 2048, 2049, 2048]",309.0
1212,9110,22,52,2023-06-18T19:13:54.502000+00:00,21.388,24.614,30.779,256.0,281.0,False,76.781,"[None, 2048, 2049, 2049, 2048]","[2048, 2048, 2048, 2048, 2048, 2048]","[2048, 2048, 2048, 2048, 2048, 2048, 2048]",307.0
1212,9110,27,52,2023-06-18T19:13:57.971000+00:00,21.705,24.994,31.207,,280.0,False,77.906,"[None, 2048, 2048, 2048, 2048]","[2048, 2048, 2048, 2048, 2048, 2048]","[2048, 2048, 2048, 2048, 2048, 2048, 2048]",305.0
1212,9110,24,52,2023-06-18T19:14:02.861000+00:00,21.481,24.786,31.087,,279.0,False,77.354,"[None, 2048, 2048, 2048, 2048]","[2048, 2048, 2048, 2048, 2048, 2048]","[2048, 2048, 2048, 2048, 2048, 2048, 2048]",304.0
1212,9110,1,53,2023-06-18T19:14:17.314000+00:00,21.051,24.126,30.517,256.0,276.0,False,75.694,"[None, 2048, 2048, 2048, 2048]","[2048, 2048, 2048, 2049, 2049, 2049]","[2048, 2048, 2049, 2048, 2048, 2049, 2049]",303.0
1212,9110,14,53,2023-06-18T19:14:23.595000+00:00,20.989,24.189,30.631,,279.0,False,75.809,"[None, 2048, 2049, 2049, 2048]","[2048, 2048, 2048, 2049, 2049, 2049]","[2048, 2048, 2048, 2048, 2048, 2049, 2048]",299.0
1212,9110,44,53,2023-06-18T19:14:26.486000+00:00,21.121,24.155,30.743,255.0,281.0,False,76.019,"[None, 2048, 2048, 2048, 2048]","[2048, 2048, 2048, 2048, 2048, 2049]","[2048, 2048, 2048, 2048, 2048, 2048, 2048]",305.0
1212,9110,16,53,2023-06-18T19:14:30.533000+00:00,21.092,24.305,30.563,,282.0,False,75.96,"[None, 2048, 2048, 2048, 2048]","[2048, 2048, 2048, 2048, 2048, 2049]","[2048, 2048, 2048, 2048, 2048, 2048]",308.0
1212,9110,55,53,2023-06-18T19:14:32.845000+00:00,,24.26,30.542,,282.0,False,76.058,"[None, 2048, 2049, 2048, 2048]","[2048, 2048, 2048, 2048, 2048, 2048]","[2048, 2048, 2048, 2048, 2048, 2048]",310.0
1212,9110,11,53,2023-06-18T19:14:38.251000+00:00,21.253,24.69,30.831,248.0,278.0,False,76.774,"[None, 2048, 2048, 2048, 2048]","[2048, 2048, 2048, 2048, 2048, 2048]","[2048, 2048, 2048, 2048, 2048, 2048, 2048]",303.0
1212,9110,20,52,2023-06-18T19:14:49.626000+00:00,21.547,24.706,31.17,253.0,276.0,False,77.423,"[None, 2048, 2048, 2049, 2049]","[2048, 2048, 2048, 2049, 2048, 2048]","[2048, 2048, 2048, 2048, 2048, 2048, 2048]",299.0
1212,9110,23,53,2023-06-18T19:14:55.329000+00:00,21.836,24.811,30.875,252.0,282.0,False,77.522,"[None, 2048, 2049, 2048, 2048]","[2048, 2048, 2048, 2048, 2048, 2048]","[2048, 2048, 2048, 2048, 2048, 2048]",309.0
1212,9110,63,53,2023-06-18T19:14:56.126000+00:00,21.675,24.87,31.031,255.0,281.0,False,77.576,"[None, 2048, 2048, 2048, 2048]","[2048, 2048, 2048, 2048, 2048, 2048]","[2048, 2048, 2048, 2048, 2048, 2048]",321.0
1212,9110,31,53,2023-06-18T19:14:57.095000+00:00,21.511,24.754,30.895,,273.0,False,77.16,"[None, 2048, 2048, 2048, 2048]","[2048, 2048, 2049, 2048, 2048, 2049]","[2048, 2048, 2049, 2048, 2048, 2048]",318.0
1212,9110,77,53,2023-06-18T19:14:57.517000+00:00,21.77,24.622,30.722,,282.0,False,77.114,"[None, 2048, 2048, 2048, 2048]","[2048, 2048, 2049, 2048, 2048, 2049]","[2048, 2048, 2048, 2049, 2048, 2048, 2048]",333.0
1212,9110,4,53,2023-06-18T19:14:58.126000+00:00,21.686,24.853,30.48,257.0,281.0,False,77.019,"[None, 2048, 2048, 2048, 2049]","[2048, 2048, 2048, 2048, 2048, 2049]","[2048, 2048, 2048, 2048, 2048, 2048, 2049]",324.0
1212,9110,18,53,2023-06-18T19:15:00.767000+00:00,21.354,24.592,30.907,256.0,283.0,False,76.853,"[2049, 2048, 2048, 2048, 2048]","[2048, 2048, 2048, 2048, 2048, 2051]","[2048, 2048, 2048, 2048, 2048, 2048, 2048]",307.0
1212,9110,81,53,2023-06-18T19:15:05.188000+00:00,21.455,24.517,30.74,248.0,280.0,False,76.712,"[None, 2048, 2048, 2048, 2048]","[2048, 2048, 2048, 2048, 2048, 2049]","[2048, 2048, 2048, 2048, 2048, 2049, 2048]",304.0
1212,9110,10,53,2023-06-18T19:15:07.157000+00:00,21.353,24.667,30.793,250.0,273.0,False,76.813,"[None, 2048, 2048, 2048, 2048]","[2048, 2048, 2048, 2048, 2048, 2048]","[2048, 2048, 2048, 2048, 2048, 2048]",305.0
1212,9110,22,53,2023-06-18T19:15:11.266000+00:00,21.416,24.554,30.773,,282.0,False,76.743,"[2049, 2048, 2049, 2048, 2048]","[2048, 2048, 2048, 2049, 2048, 2048]","[2048, 2048, 2048, 2048, 2048, 2048]",307.0
1212,9110,21,52,2023-06-18T19:15:13.688000+00:00,21.353,24.603,30.7,258.0,283.0,False,76.656,"[2049, 2049, 2049, 2049, 2049]","[2049, 2048, 2048, 2048, 2049, 2049]","[2049, 2048, 2048, 2048, 2048, 2049, 2048]",309.0
1212,9110,27,53,2023-06-18T19:15:15.907000+00:00,21.563,24.78,31.106,,280.0,False,77.449,"[None, 2048, 2048, 2048, 2049]","[2048, 2048, 2048, 2048, 2048, 2049]","[2048, 2048, 2048, 2048, 2048, 2048, 2048]",305.0
1212,9110,24,53,2023-06-18T19:15:20.235000+00:00,21.48,24.665,31.091,,280.0,False,77.236,"[None, 2048, 2048, 2048, 2048]","[2048, 2048, 2048, 2048, 2048, 2048]","[2048, 2048, 2048, 2048, 2048, 2048, 2048]",305.0
1212,9110,1,54,2023-06-18T19:15:32.969000+00:00,21.04,24.169,30.523,254.0,277.0,False,75.732,"[None, 2048, 2048, 2048, 2048]","[2048, 2048, 2048, 2049, 2048, 2049]","[2049, 2048, 2048, 2048, 2048, 2048]",301.0
1212,9110,14,54,2023-06-18T19:15:39.422000+00:00,21.024,24.573,30.622,255.0,278.0,False,76.219,"[None, 2048, 2051, 2048, 2049]","[2048, 2048, 2048, 2048, 2048, 2048]","[2048, 2048, 2048, 2048, 2048, 2049, 2048]",300.0
1212,9110,44,54,2023-06-18T19:15:42.532000+00:00,20.961,24.05,30.53,256.0,280.0,False,75.541,"[None, 2048, 2048, 2049, 2048]","[2048, 2048, 2048, 2051, 2048, 2049]","[2048, 2048, 2048, 2048, 2048, 2048, 2048]",306.0
1212,9110,16,54,2023-06-18T19:15:46.469000+00:00,21.076,24.439,30.611,258.0,280.0,False,76.126,"[None, 2048, 2048, 2048, 2048]","[2048, 2048, 2048, 2048, 2048, 2048]","[2048, 2048, 2048, 2048, 2048, 2049]",307.0
1212,9110,55,54,2023-06-18T19:15:48.891000+00:00,21.225,24.484,30.612,257.0,280.0,False,76.321,"[None, 2048, 2048, 2048, 2048]","[2048, 2048, 2048, 2048, 2048, 2048]","[2048, 2048, 2048, 2048, 2048, 2048, 2048]",308.0
1212,9110,11,54,2023-06-18T19:15:54.984000+00:00,21.308,24.447,30.892,,277.0,False,76.647,"[None, 2048, 2048, 2048, 2049]","[2048, 2048, 2048, 2048, 2048, 2048]","[2048, 2048, 2048, 2048, 2048, 2048, 2048]",303.0
1212,9110,20,53,2023-06-18T19:16:07.031000+00:00,21.529,24.839,48.268,,276.0,False,94.636,"[None, 2048, 2048, 2048, 2048]","[2048, 2048, 2048, 2048, 2048, 2048]","[2048, 2048, 2048, 2048, 2048, 2064, 2064]",300.0
1212,9110,23,54,2023-06-18T19:16:12.797000+00:00,21.749,24.822,30.874,254.0,282.0,False,77.445,"[None, 2048, 2048, 2049, 2049]","[2048, 2048, 2048, 2048, 2048, 2048]","[2048, 2048, 2048, 2048, 2048, 2048]",309.0
1212,9110,63,54,2023-06-18T19:16:13.672000+00:00,21.714,25.089,,259.0,233.0,False,,"[None, 2048, 2048, 2048, 2048]","[2048, 2048, 2048, 2048, 2048, 2048]","[2048, 2048, 2048, 2048]",254.0
1212,9110,31,54,2023-06-18T19:16:14.250000+00:00,21.646,24.688,30.734,253.0,282.0,False,77.068,"[None, 2048, 2048, 2048, 2049]","[2048, 2048, 2049, 2048, 2048, 2051]","[2048, 2048, 2048, 2048, 2048, 2048]",314.0
1212,9110,77,54,2023-06-18T19:16:14.625000+00:00,21.921,24.691,30.686,249.0,280.0,False,77.298,"[None, 2048, 2048, 2048, 2048]","[2048, 2048, 2049, 2048, 2048, 2048]","[2048, 2048, 2048, 2048, 2048, 2048, 2048]",325.0
1212,9110,4,54,2023-06-18T19:16:15.140000+00:00,21.817,24.724,30.688,253.0,281.0,False,77.229,"[None, 2048, 2048, 2048, 2048]","[2048, 2048, 2051, 2048, 2048, 2049]","[2048, 2048, 2048, 2048, 2048, 2048, 2048]",324.0
1212,9110,18,54,2023-06-18T19:16:17.625000+00:00,21.234,24.507,31.124,259.0,282.0,False,76.865,"[None, 2048, 2049, 2048, 2048]","[2048, 2048, 2048, 2048, 2048, 2048]","[2048, 2048, 2048, 2048, 2048, 2048]",309.0
1212,9110,81,54,2023-06-18T19:16:21.859000+00:00,21.495,24.577,30.798,250.0,280.0,False,76.87,"[None, 2048, 2048, 2048, 2049]","[2048, 2048, 2048, 2048, 2048, 2048]","[2048, 2048, 2048, 2048, 2048, 2048]",304.0
1212,9110,10,54,2023-06-18T19:16:23.984000+00:00,21.431,24.61,30.952,249.0,273.0,False,76.993,"[None, 2048, 2049, 2048, 2048]","[2048, 2048, 2048, 2048, 2048, 2048]","[2048, 2048, 2048, 2048, 2048, 2048]",304.0
1212,9110,22,54,2023-06-18T19:16:27.999000+00:00,21.421,24.632,30.899,257.0,281.0,False,76.952,"[None, 2048, 2048, 2048, 2048]","[2048, 2048, 2048, 2048, 2048, 2048]","[2048, 2048, 2048, 2048, 2048, 2048]",308.0
1212,9110,21,53,2023-06-18T19:16:30.343000+00:00,21.446,24.616,30.759,256.0,281.0,False,76.821,"[2048, 2048, 2048, 2049, 2048]","[2048, 2048, 2048, 2049, 2048, 2048]","[2049, 2048, 2048, 2048, 2048, 2048, 2048]",309.0
1212,9110,27,54,2023-06-18T19:16:33.359000+00:00,21.658,25.372,31.461,257.0,276.0,False,78.491,"[None, 2048, 2048, 2048, 2049]","[2048, 2048, 2048, 2048, 2048, 2048]","[2048, 2048, 2048, 2048, 2048, 2048]",303.0
1212,9110,24,54,2023-06-18T19:16:37.499000+00:00,21.485,24.698,31.221,,280.0,False,77.404,"[None, 2048, 2048, 2048, 2049]","[2048, 2048, 2048, 2048, 2048, 2048]","[2048, 2048, 2048, 2048, 2048, 2048, 2048]",304.0
1212,9110,1,55,2023-06-18T19:16:48.702000+00:00,21.005,24.26,30.555,256.0,276.0,False,75.82,"[2049, 2048, 2048, 2048, 2048]","[2048, 2048, 2048, 2048, 2048, 2048]","[2048, 2048, 2048, 2048, 2048, 2048, 2048]",301.0
1212,9110,14,55,2023-06-18T19:16:55.624000+00:00,21.159,24.299,30.729,253.0,279.0,False,76.187,"[None, 2048, 2048, 2048, 2048]","[2048, 2048, 2048, 2048, 2048, 2048]","[2048, 2048, 2048, 2048, 2048, 2048, 2048]",300.0
1212,9110,44,55,2023-06-18T19:16:58.046000+00:00,21.109,24.229,30.764,257.0,280.0,False,76.102,"[None, 2048, 2048, 2048, 2048]","[2048, 2048, 2048, 2048, 2048, 2049]","[2048, 2048, 2048, 2048, 2048, 2048, 2048]",306.0
1212,9110,16,55,2023-06-18T19:17:02.577000+00:00,21.041,24.374,30.63,260.0,281.0,False,76.045,"[2049, 2048, 2048, 2048, 2049]","[2048, 2048, 2048, 2048, 2048, 2048]","[2048, 2048, 2048, 2048, 2048, 2048, 2048]",309.0
1212,9110,55,55,2023-06-18T19:17:05.218000+00:00,21.181,24.236,30.537,259.0,282.0,False,75.954,"[None, 2048, 2048, 2048, 2048]","[2048, 2048, 2048, 2048, 2048, 2049]","[2048, 2048, 2048, 2048, 2048, 2049]",309.0
1212,9110,11,55,2023-06-18T19:17:11.717000+00:00,21.37,24.583,31.009,249.0,276.0,False,76.962,"[None, 2048, 2048, 2048, 2048]","[2048, 2048, 2048, 2048, 2048, 2048]","[2048, 2048, 2048, 2048, 2048, 2048]",303.0
1212,9110,23,55,2023-06-18T19:17:30.233000+00:00,21.713,24.813,30.892,251.0,280.0,False,77.418,"[None, 2048, 2049, 2049, 2048]","[2048, 2048, 2048, 2048, 2048, 2048]","[2048, 2048, 2048, 2048, 2048, 2048]",307.0
1212,9110,31,55,2023-06-18T19:17:31.264000+00:00,21.521,24.798,30.737,257.0,270.0,False,77.056,"[None, 2048, 2048, 2048, 2048]","[2048, 2048, 2048, 2048, 2048, 2048]","[2048, 2048, 2048, 2048, 2048, 2048]",314.0
1212,9110,77,55,2023-06-18T19:17:31.826000+00:00,21.644,24.617,30.743,,280.0,False,77.004,"[None, 2048, 2048, 2048, 2049]","[2048, 2048, 2048, 2048, 2048, 2048]","[2048, 2048, 2048, 2048, 2048, 2048, 2048]",324.0
1212,9110,4,55,2023-06-18T19:17:32.311000+00:00,21.682,24.766,30.644,251.0,281.0,False,77.092,"[None, 2048, 2048, 2048, 2048]","[2048, 2048, 2048, 2048, 2048, 2048]","[2048, 2048, 2048, 2048, 2048, 2048, 2048]",325.0
1212,9110,18,55,2023-06-18T19:17:34.373000+00:00,21.402,24.68,30.897,257.0,282.0,False,76.979,"[2048, 2048, 2048, 2048, 2049]","[2048, 2048, 2048, 2048, 2048, 2048]","[2048, 2048, 2048, 2048, 2048, 2048, 2048]",309.0
1212,9110,81,55,2023-06-18T19:17:38.764000+00:00,21.393,24.697,30.86,247.0,279.0,False,76.95,"[None, 2048, 2049, 2048, 2048]","[2048, 2048, 2048, 2048, 2048, 2048]","[2048, 2048, 2048, 2048, 2048, 2048, 2048]",305.0
1212,9110,10,55,2023-06-18T19:17:40.889000+00:00,21.449,24.713,30.948,250.0,273.0,False,77.11,"[None, 2048, 2048, 2048, 2048]","[2048, 2048, 2048, 2048, 2048, 2048]","[2048, 2048, 2048, 2048, 2048, 2048, 2048]",305.0
1212,9110,20,54,2023-06-18T19:17:41.670000+00:00,26.113,25.05,30.674,247.0,276.0,True,81.837,"[2064, 2048, 2048, 2048, 2048]","[2048, 2048, 2048, 2048, 2048, 2048]","[2049, 2049, 2048, 2048, 2048, 2048]",303.0
1212,9110,22,55,2023-06-18T19:17:44.873000+00:00,21.731,24.728,30.934,256.0,281.0,False,77.393,"[2048, 2048, 2048, 2048, 2048]","[2048, 2048, 2048, 2048, 2048, 2048]","[2048, 2048, 2048, 2048, 2048, 2048, 2048]",308.0
1212,9110,21,54,2023-06-18T19:17:47.186000+00:00,21.373,24.818,30.708,257.0,283.0,False,76.899,"[2049, 2048, 2048, 2048, 2048]","[2048, 2048, 2048, 2048, 2048, 2048]","[2048, 2048, 2049, 2048, 2048, 2048]",330.0
1212,9110,27,55,2023-06-18T19:17:51.748000+00:00,21.716,24.936,31.244,255.0,278.0,False,77.896,"[None, 2048, 2048, 2048, 2048]","[2048, 2048, 2048, 2048, 2048, 2048]","[2048, 2048, 2048, 2048, 2048, 2048, 2048]",304.0
1212,9110,24,55,2023-06-18T19:17:54.764000+00:00,21.589,24.732,31.202,256.0,280.0,False,77.523,"[None, 2048, 2048, 2048, 2048]","[2048, 2048, 2048, 2048, 2048, 2048]","[2048, 2048, 2048, 2048, 2048, 2048, 2048]",306.0
1212,9110,1,56,2023-06-18T19:18:04.545000+00:00,20.979,24.252,30.657,255.0,275.0,False,75.888,"[None, 2048, 2048, 2051, 2048]","[2048, 2048, 2048, 2049, 2048, 2048]","[2048, 2048, 2049, 2048, 2048, 2048, 2048]",304.0
1212,9110,14,56,2023-06-18T19:18:11.826000+00:00,21.063,24.297,30.804,255.0,280.0,False,76.164,"[None, 2048, 2048, 2048, 2049]","[2048, 2048, 2048, 2048, 2048, 2048]","[2051, 2048, 2048, 2048, 2048, 2048, 2048]",301.0
1212,9110,44,56,2023-06-18T19:18:14.154000+00:00,20.989,24.254,30.55,256.0,281.0,False,75.793,"[None, 2048, 2049, 2049, 2048]","[2048, 2048, 2048, 2048, 2048, 2048]","[2048, 2048, 2048, 2048, 2048, 2048, 2048]",307.0
1212,9110,16,56,2023-06-18T19:18:18.623000+00:00,21.191,24.41,30.612,259.0,281.0,False,76.213,"[2048, 2048, 2048, 2048, 2049]","[2048, 2048, 2048, 2048, 2048, 2048]","[2048, 2048, 2048, 2048, 2048, 2048, 2048]",309.0
1212,9110,55,56,2023-06-18T19:18:21.185000+00:00,21.13,24.501,30.726,260.0,275.0,False,76.357,"[None, 2048, 2048, 2049, 2051]","[2048, 2048, 2048, None, None, 2048]","[2048, 2048, 2048, 2048, 2048, 2048, 2048]",311.0
1212,9110,11,56,2023-06-18T19:18:28.622000+00:00,21.474,24.632,30.963,248.0,278.0,False,77.069,"[None, 2048, 2048, 2048, 2048]","[2048, 2048, 2048, 2048, 2048, 2048]","[2048, 2048, 2048, 2048, 2048, 2048]",305.0
1212,9110,23,56,2023-06-18T19:18:47.685000+00:00,21.828,24.627,30.859,253.0,282.0,False,77.314,"[None, 2048, 2048, 2048, 2049]","[2048, 2048, 2048, 2048, 2049, 2048]","[2049, 2048, 2048, 2048, 2048, 2048, 2048]",309.0
1212,9110,31,56,2023-06-18T19:18:48.388000+00:00,21.723,24.767,30.739,249.0,273.0,False,77.229,"[None, 2048, 2048, 2048, 2048]","[2048, 2048, 2048, 2048, 2048, 2048]","[2048, 2048, 2048, 2048, 2048, 2048, 2048]",316.0
1212,9110,77,56,2023-06-18T19:18:48.903000+00:00,21.689,24.71,30.73,250.0,281.0,False,77.129,"[None, 2048, 2048, 2048, 2049]","[2048, 2048, 2048, 2048, 2048, 2048]","[2048, 2048, 2048, 2048, 2048, 2048]",328.0
1212,9110,4,56,2023-06-18T19:18:49.450000+00:00,21.696,24.687,30.623,250.0,282.0,False,77.006,"[None, 2048, 2048, 2048, 2048]","[2048, 2048, 2048, 2048, 2048, 2049]","[2048, 2048, 2048, 2048, 2048, 2048, 2048]",326.0
1212,9110,18,56,2023-06-18T19:18:51.450000+00:00,21.373,24.552,30.877,258.0,282.0,False,76.802,"[None, 2048, 2048, 2048, 2048]","[2048, 2048, 2048, 2048, 2048, 2048]","[2048, 2048, 2048, 2048, 2048, 2048, 2048]",311.0
1212,9110,81,56,2023-06-18T19:18:55.669000+00:00,21.566,24.524,30.736,248.0,279.0,False,76.826,"[None, 2048, 2048, 2048, 2048]","[2048, 2049, 2048, 2049, 2048, 2048]","[2048, 2048, 2048, 2048, 2048, 2048, 2048]",304.0
1212,9110,10,56,2023-06-18T19:18:58.091000+00:00,21.422,24.531,31.034,251.0,273.0,False,76.987,"[None, 2048, 2048, 2048, 2048]","[2048, 2048, 2048, 2048, 2048, 2048]","[2048, 2048, 2048, 2048, 2048, 2048, 2048]",299.0
1212,9110,22,56,2023-06-18T19:19:02.341000+00:00,21.368,24.495,30.85,258.0,281.0,False,76.713,"[None, 2048, 2048, 2048, 2049]","[2048, 2048, 2048, 2048, 2048, 2048]","[2048, 2048, 2048, 2048, 2048, 2048, 2048]",306.0
1212,9110,20,55,2023-06-18T19:19:03.434000+00:00,21.243,24.406,30.477,256.0,280.0,False,76.126,"[2049, 2049, 2049, 2048, 2049]","[2048, 2049, 2048, 2048, 2049, 2048]","[2048, 2048, 2048, 2048, 2048, 2048, 2048]",326.0
1212,9110,21,55,2023-06-18T19:19:03.965000+00:00,21.561,24.554,30.924,,283.0,False,77.039,"[2048, 2048, 2048, 2048, 2048]","[2048, 2048, 2048, 2049, 2048, 2048]","[2048, 2048, 2048, 2048, 2048, 2048, 2048]",313.0
1212,9110,27,56,2023-06-18T19:19:09.731000+00:00,21.656,24.73,31.112,256.0,279.0,False,77.498,"[None, 2048, 2048, 2048, 2049]","[2048, 2048, 2048, 2048, 2048, 2048]","[2048, 2048, 2048, 2048, 2048, 2048, 2048]",303.0
1212,9110,24,56,2023-06-18T19:19:12.372000+00:00,21.526,24.654,31.131,,280.0,False,77.311,"[None, 2048, 2048, 2049, 2048]","[2048, 2048, 2048, 2048, 2048, 2048]","[2048, 2048, 2048, 2048, 2048, 2048, 2048]",306.0
1212,9110,1,57,2023-06-18T19:19:20.418000+00:00,21.134,24.173,30.638,,276.0,False,75.945,"[2048, 2048, 2048, 2048, 2048]","[2048, 2048, 2049, 2048, 2048, 2049]","[2048, 2048, 2049, 2048, 2048, 2048, 2048]",303.0
1212,9110,14,57,2023-06-18T19:19:28.012000+00:00,21.109,24.262,30.791,254.0,279.0,False,76.162,"[None, 2048, 2048, 2048, 2048]","[2048, 2048, 2048, 2048, 2049, 2049]","[2048, 2048, 2048, 2048, 2048, 2048, 2048]",299.0
1212,9110,44,57,2023-06-18T19:19:29.965000+00:00,20.914,24.255,30.641,257.0,280.0,False,75.81,"[None, 2048, 2048, 2048, 2049]","[2048, 2048, 2048, 2048, 2048, 2048]","[2048, 2048, 2048, 2048, 2048, 2048, 2048]",305.0
1212,9110,16,57,2023-06-18T19:19:34.856000+00:00,21.097,24.267,30.604,260.0,281.0,False,75.968,"[None, 2048, 2048, 2049, 2048]","[2048, 2048, 2048, 2048, 2049, 2048]","[2048, 2048, 2048, 2048, 2048, 2049, 2048]",307.0
1212,9110,55,57,2023-06-18T19:19:37.527000+00:00,21.282,24.774,30.746,257.0,279.0,False,76.802,"[2049, 2048, 2048, 2048, 2048]","[2048, 2048, 2048, 2048, 2048, 2048]","[2048, 2048, 2048, 2048, 2048, 2048]",309.0
1212,9110,11,57,2023-06-18T19:19:45.699000+00:00,21.445,24.452,30.916,,277.0,False,76.813,"[None, 2048, 2048, 2048, 2048]","[2048, 2048, 2048, 2048, 2048, 2048]","[2048, 2048, 2048, 2048, 2048, 2048]",303.0
1212,9110,23,57,2023-06-18T19:20:04.980000+00:00,21.756,24.534,30.858,,279.0,False,77.148,"[None, 2048, 2049, 2048, 2048]","[2048, 2049, 2048, 2048, 2049, 2048]","[2048, 2048, 2048, 2048, 2048, 2048]",308.0
1212,9110,31,57,2023-06-18T19:20:05.605000+00:00,21.57,24.59,30.897,259.0,281.0,False,77.057,"[None, 2048, 2048, 2048, 2048]","[2048, 2048, 2048, 2048, 2048, 2048]","[2048, 2048, 2049, 2048, 2048, 2048]",318.0
1212,9110,77,57,2023-06-18T19:20:06.043000+00:00,21.7,24.663,30.684,,280.0,False,77.047,"[None, 2048, 2048, 2048, 2048]","[2048, 2048, 2048, 2048, 2048, 2048]","[2048, 2048, 2048, 2048, 2048, 2048, 2048]",325.0
1212,9110,4,57,2023-06-18T19:20:06.480000+00:00,21.971,24.546,30.491,246.0,281.0,False,77.008,"[None, 2048, 2048, 2048, 2048]","[2048, 2048, 2048, 2048, 2048, 2048]","[2048, 2048, 2048, 2048, 2048, 2048]",330.0
1212,9110,18,57,2023-06-18T19:20:08.261000+00:00,21.446,24.498,30.827,257.0,281.0,False,76.771,"[None, 2048, 2048, 2048, 2048]","[2048, 2048, 2048, 2048, 2048, 2048]","[2048, 2048, 2048, 2048, 2048, 2048, 2048]",311.0
1212,9110,81,57,2023-06-18T19:20:12.496000+00:00,21.438,24.569,30.888,,277.0,False,76.895,"[None, 2048, 2049, 2048, 2048]","[2049, 2048, 2048, 2048, 2048, 2048]","[2048, 2048, 2048, 2048, 2048, 2048, 2048]",304.0
1212,9110,10,57,2023-06-18T19:20:15.058000+00:00,21.373,24.499,30.93,252.0,274.0,False,76.802,"[None, 2048, 2048, 2048, 2048]","[2048, 2048, 2048, 2049, 2048, 2048]","[2048, 2048, 2048, 2048, 2048, 2048, 2048]",305.0
1212,9110,22,57,2023-06-18T19:20:19.074000+00:00,21.441,24.674,30.891,257.0,278.0,False,77.006,"[None, 2048, 2048, 2048, 2048]","[2048, 2048, 2048, 2048, 2048, 2048]","[2048, 2048, 2048, 2048, 2048, 2048, 2048]",306.0
1212,9110,20,56,2023-06-18T19:20:19.636000+00:00,21.38,24.82,30.652,259.0,281.0,False,76.852,"[2048, 2048, 2048, 2048, 2049]","[2048, 2048, 2048, 2048, 2048, 2048]","[2048, 2048, 2048, 2048, 2048, 2048, 2048]",328.0
1212,9110,21,56,2023-06-18T19:20:21.074000+00:00,21.459,24.549,30.895,,280.0,False,76.903,"[None, 2048, 2048, 2049, 2048]","[2048, 2049, 2048, 2049, 2048, 2048]","[2048, 2048, 2048, 2048, 2048, 2048, 2048]",312.0
1212,9110,27,57,2023-06-18T19:20:27.277000+00:00,21.744,24.646,31.198,,278.0,False,77.588,"[None, 2048, 2048, 2048, 2048]","[2049, 2048, 2048, 2049, 2048, 2048]","[2048, 2048, 2048, 2048, 2048, 2048, 2048]",303.0
1212,9110,24,57,2023-06-18T19:20:29.761000+00:00,21.512,24.682,31.043,257.0,278.0,False,77.237,"[None, 2048, 2049, 2049, 2048]","[2048, 2048, 2048, 2049, 2048, 2048]","[2048, 2048, 2048, 2048, 2048, 2048]",306.0
1212,9110,1,58,2023-06-18T19:20:36.354000+00:00,21.082,24.286,30.589,256.0,275.0,False,75.957,"[None, 2048, 2048, 2048, 2049]","[2048, 2048, 2049, 2048, 2048, 2048]","[2048, 2048, 2049, 2049, 2048, 2048, 2048]",306.0
1212,9110,14,58,2023-06-18T19:20:44.136000+00:00,20.997,24.303,30.67,255.0,278.0,False,75.97,"[None, 2048, 2048, 2049, 2049]","[2048, 2048, 2048, 2048, 2048, 2048]","[2048, 2048, 2048, 2048, 2048, 2048, 2048]",301.0
1212,9110,44,58,2023-06-18T19:20:45.792000+00:00,21.03,24.255,30.517,256.0,280.0,False,75.802,"[None, 2048, 2048, 2048, 2049]","[2048, 2048, 2048, 2048, 2048, 2048]","[2048, 2048, 2048, 2048, 2048, 2048, 2048]",308.0
1212,9110,16,58,2023-06-18T19:20:50.823000+00:00,21.188,24.487,30.629,,281.0,False,76.304,"[None, 2048, 2048, 2048, 2048]","[2048, 2048, 2048, 2048, 2048, 2048]","[2048, 2048, 2048, 2048, 2048, 2048, 2048]",309.0
1212,9110,55,58,2023-06-18T19:20:54.323000+00:00,21.217,24.391,30.532,260.0,281.0,False,76.14,"[2048, 2048, 2048, 2048, 2048]","[2048, 2048, 2048, 2048, 2048, 2048]","[2048, 2048, 2048, 2048, 2048, 2048, 2048]",311.0
1212,9110,11,58,2023-06-18T19:21:02.495000+00:00,21.297,24.409,30.758,,275.0,False,76.464,"[None, 2048, 2049, 2048, 2048]","[2048, 2048, 2048, 2048, 2048, 2048]","[2048, 2048, 2048, 2048, 2048, 2048, 2048]",306.0
1212,9110,23,58,2023-06-18T19:21:22.119000+00:00,21.793,24.673,30.918,,280.0,False,77.384,"[None, 2048, 2048, 2048, 2048]","[2048, 2048, 2048, 2048, 2048, 2048]","[2048, 2048, 2048, 2048, 2048, 2048, 2048]",309.0
1212,9110,31,58,2023-06-18T19:21:22.666000+00:00,21.746,24.741,30.779,249.0,271.0,False,77.266,"[None, 2048, 2048, 2048, 2048]","[2048, 2048, 2048, 2048, 2048, 2048]","[2048, 2048, 2048, 2048, 2048, 2048, 2049]",314.0
1212,9110,77,58,2023-06-18T19:21:23.072000+00:00,21.854,24.792,30.677,249.0,280.0,False,77.323,"[None, 2048, 2048, 2048, 2048]","[2048, 2048, 2048, 2048, 2048, 2048]","[2048, 2048, 2049, 2048, 2048, 2048, 2048]",330.0
1212,9110,4,58,2023-06-18T19:21:23.479000+00:00,21.991,24.517,30.918,253.0,283.0,False,77.426,"[None, 2048, 2048, 2048, 2048]","[2048, 2048, 2048, 2048, 2048, 2051]","[2048, 2048, 2048, 2048, 2048, 2048, 2048]",318.0
1212,9110,18,58,2023-06-18T19:21:25.041000+00:00,21.371,24.511,30.682,259.0,282.0,False,76.564,"[None, 2048, 2048, 2048, 2049]","[2048, 2048, 2049, 2048, 2048, 2048]","[2048, 2048, 2048, 2048, 2048, 2048, 2049]",331.0
1212,9110,81,58,2023-06-18T19:21:29.432000+00:00,21.473,24.561,30.646,,280.0,False,76.68,"[None, 2048, 2048, 2048, 2049]","[2048, 2048, 2048, 2048, 2048, 2048]","[2048, 2048, 2048, 2048, 2048, 2048, 2048]",308.0
1212,9110,10,58,2023-06-18T19:21:31.869000+00:00,21.357,24.475,30.893,253.0,273.0,False,76.725,"[None, 2048, 2048, 2049, 2049]","[2048, 2048, 2048, 2048, 2049, 2048]","[2048, 2048, 2048, 2048, 2048, 2048, 2048]",303.0
1212,9110,22,58,2023-06-18T19:21:36.057000+00:00,21.44,24.541,31.572,258.0,281.0,False,77.553,"[None, 2048, 2048, 2048, 2048]","[2049, 2048, 2048, 2048, 2048, 2048]","[2048, 2048, 2048, 2048, 2048, 2048, 2048]",310.0
1212,9110,20,57,2023-06-18T19:21:36.557000+00:00,21.547,24.572,30.926,257.0,281.0,False,77.045,"[None, 2048, 2048, 2048, 2048]","[2048, 2048, 2048, 2048, 2048, 2048]","[2048, 2048, 2049, 2048, 2048, 2048]",332.0
1212,9110,21,57,2023-06-18T19:21:37.978000+00:00,21.413,24.495,30.876,258.0,282.0,False,76.784,"[None, 2048, 2048, 2048, 2048]","[2048, 2049, 2048, 2049, 2048, 2048]","[2048, 2048, 2048, 2048, 2048, 2048, 2048]",318.0
1212,9110,27,58,2023-06-18T19:21:44.838000+00:00,21.508,24.758,31.11,257.0,277.0,False,77.376,"[None, 2048, 2048, 2048, 2049]","[2048, 2048, 2048, 2048, 2048, 2048]","[2048, 2048, 2048, 2048, 2048, 2048, 2048]",306.0
1212,9110,24,58,2023-06-18T19:21:46.931000+00:00,21.522,24.549,31.019,258.0,278.0,False,77.09,"[None, 2048, 2048, 2048, 2048]","[2048, 2048, 2048, 2048, 2048, 2048]","[2048, 2048, 2048, 2048, 2048, 2048, 2048]",309.0
1212,9110,1,59,2023-06-18T19:21:52.306000+00:00,21.109,24.114,30.552,,276.0,False,75.775,"[None, 2048, 2048, 2048, 2048]","[2048, 2048, 2049, 2048, 2048, 2048]","[2048, 2048, 2049, 2049, 2048, 2048]",309.0
1212,9110,14,59,2023-06-18T19:22:00.119000+00:00,21.006,24.209,30.697,,278.0,False,75.912,"[None, 2048, 2048, 2048, 2049]","[2048, 2048, 2048, 2048, 2051, 2048]","[2048, 2048, 2048, 2048, 2048, 2048, 2048]",302.0
1212,9110,44,59,2023-06-18T19:22:01.556000+00:00,21.001,24.309,30.662,258.0,280.0,False,75.972,"[None, 2048, 2048, 2048, 2048]","[2048, 2048, 2048, 2048, 2048, 2049]","[2048, 2048, 2048, 2048, 2048, 2048]",307.0
1212,9110,16,59,2023-06-18T19:22:07.103000+00:00,21.069,24.357,30.535,259.0,281.0,False,75.961,"[None, 2048, 2051, 2048, 2048]","[2048, 2048, 2048, 2048, 2048, 2048]","[2048, 2048, 2048, 2048, 2048, 2048, 2048]",310.0
1212,9110,55,59,2023-06-18T19:22:10.478000+00:00,21.159,24.228,30.579,259.0,282.0,False,75.966,"[None, 2048, 2048, 2048, 2051]","[2048, 2048, 2048, 2048, 2048, 2049]","[2048, 2048, 2048, 2048, 2048, 2048, 2048]",311.0
1212,9110,11,59,2023-06-18T19:22:18.978000+00:00,21.237,24.485,30.746,249.0,278.0,False,76.468,"[None, 2048, 2048, 2048, 2048]","[2048, 2048, 2048, 2048, 2048, 2048]","[2048, 2048, 2048, 2048, 2048, 2048]",306.0
1212,9110,23,59,2023-06-18T19:22:39.509000+00:00,21.645,24.558,30.881,,282.0,False,77.084,"[2049, 2048, 2049, 2048, 2048]","[2048, 2049, 2048, 2048, 2049, 2048]","[2048, 2048, 2048, 2048, 2048, 2049, 2048]",310.0
1212,9110,31,59,2023-06-18T19:22:39.915000+00:00,21.682,24.664,30.781,251.0,274.0,False,77.127,"[None, 2048, 2048, 2048, 2048]","[2048, 2048, 2049, 2048, 2048, 2048]","[2048, 2048, 2048, 2048, 2048, 2048]",317.0
1212,9110,77,59,2023-06-18T19:22:40.399000+00:00,21.805,24.586,30.661,,280.0,False,77.052,"[None, 2048, 2048, 2048, 2048]","[2048, 2048, 2048, 2048, 2048, 2048]","[2048, 2048, 2048, 2048, 2048, 2048, 2048]",330.0
1212,9110,4,59,2023-06-18T19:22:40.899000+00:00,21.792,24.594,30.499,252.0,282.0,False,76.885,"[None, 2048, 2048, 2048, 2048]","[2048, 2048, 2049, 2048, 2048, 2048]","[2048, 2048, 2048, 2048, 2048, 2048, 2048]",332.0
1212,9110,18,59,2023-06-18T19:22:41.634000+00:00,21.494,24.827,30.581,,283.0,False,76.902,"[None, 2048, 2048, 2048, 2048]","[2048, 2048, 2048, 2048, 2048, 2048]","[2048, 2048, 2048, 2048, 2048, 2048]",330.0
1212,9110,81,59,2023-06-18T19:22:46.071000+00:00,21.355,24.496,30.747,250.0,279.0,False,76.598,"[None, 2048, 2049, 2049, 2048]","[2048, 2048, 2048, 2048, 2048, 2048]","[2048, 2048, 2048, 2048, 2048, 2048, 2048]",309.0
1212,9110,10,59,2023-06-18T19:22:48.712000+00:00,21.298,24.44,30.818,,275.0,False,76.556,"[None, 2048, 2049, 2048, 2049]","[2048, 2048, 2048, 2049, 2048, 2048]","[2048, 2048, 2048, 2048, 2048, 2048, 2048]",307.0
1212,9110,20,58,2023-06-18T19:22:53.540000+00:00,21.582,24.439,30.862,253.0,276.0,False,76.883,"[None, 2048, 2048, 2048, 2048]","[2048, 2048, 2048, 2049, 2048, 2048]","[2048, 2048, 2048, 2048, 2048, 2048, 2048]",305.0
1212,9110,22,59,2023-06-18T19:22:53.727000+00:00,22.281,24.566,30.752,257.0,283.0,False,77.599,"[None, 2048, 2048, 2048, 2048]","[2048, 2048, 2049, 2048, 2048, 2048]","[2048, 2048, 2048, 2048, 2048, 2048, 2048]",328.0
1212,9110,21,58,2023-06-18T19:22:54.790000+00:00,21.505,24.835,30.726,259.0,284.0,False,77.066,"[None, 2048, 2049, 2048, 2049]","[2048, 2048, 2051, 2048, 2048, 2048]","[2048, 2048, 2049, 2049, 2048, 2048, 2048]",337.0
1212,9110,27,59,2023-06-18T19:23:02.243000+00:00,21.703,24.671,31.053,256.0,278.0,False,77.427,"[None, 2048, 2048, 2048, 2048]","[2048, 2048, 2048, 2048, 2048, 2048]","[2048, 2048, 2048, 2048, 2048, 2048]",306.0
1212,9110,24,59,2023-06-18T19:23:04.024000+00:00,21.523,24.655,31.018,,279.0,False,77.196,"[None, 2048, 2048, 2048, 2049]","[2048, 2048, 2048, 2048, 2048, 2048]","[2048, 2048, 2048, 2048, 2048, 2048, 2048]",310.0
1212,9110,1,60,2023-06-18T19:23:08.086000+00:00,21.111,24.168,30.587,,275.0,False,75.866,"[None, 2048, 2048, 2048, 2048]","[2048, 2048, 2048, 2048, 2048, 2048]","[2048, 2048, 2049, 2049, 2048, 2048]",311.0
1212,9110,14,60,2023-06-18T19:23:16.024000+00:00,21.008,24.299,30.883,254.0,277.0,False,76.19,"[None, 2048, 2048, 2048, 2048]","[2048, 2048, 2048, 2048, 2048, 2048]","[2048, 2048, 2048, 2048, 2048, 2048, 2048]",302.0
1212,9110,44,60,2023-06-18T19:23:17.524000+00:00,20.997,24.375,30.761,259.0,280.0,False,76.133,"[None, 2048, 2048, 2048, 2049]","[2048, 2048, 2048, 2048, 2048, 2048]","[2048, 2048, 2049, 2048, 2048, 2048]",310.0
1212,9110,16,60,2023-06-18T19:23:23.070000+00:00,21.188,24.383,30.67,260.0,280.0,False,76.241,"[None, 2048, 2048, 2048, 2051]","[2049, 2048, 2048, 2048, 2048, 2048]","[2048, 2048, 2048, 2048, 2048, 2048, 2048]",310.0
1212,9110,55,60,2023-06-18T19:23:26.445000+00:00,21.084,24.283,30.58,260.0,281.0,False,75.947,"[None, 2048, 2049, 2049, 2048]","[2048, 2048, 2048, 2048, 2048, 2048]","[2048, 2048, 2048, 2048, 2048, 2048, 2048]",312.0
1212,9110,11,60,2023-06-18T19:23:35.445000+00:00,21.131,24.446,30.742,248.0,277.0,False,76.319,"[2049, 2048, 2048, 2048, 2048]","[2048, 2048, 2048, 2048, 2048, 2048]","[2048, 2048, 2048, 2048, 2048, 2048, 2048]",306.0
1212,9110,23,60,2023-06-18T19:23:56.601000+00:00,21.686,24.606,30.86,,280.0,False,77.152,"[2048, 2048, 2048, 2048, 2048]","[2048, 2048, 2048, 2049, 2048, 2048]","[2048, 2048, 2048, 2048, 2048, 2048, 2048]",310.0
1212,9110,31,60,2023-06-18T19:23:57.070000+00:00,21.63,24.876,30.766,249.0,271.0,False,77.272,"[None, 2048, 2048, 2048, 2048]","[2048, 2048, 2048, 2048, 2048, 2048]","[2048, 2048, 2048, 2048, 2048, 2048, 2048]",322.0
1212,9110,77,60,2023-06-18T19:23:57.460000+00:00,21.877,24.63,30.731,258.0,281.0,False,77.238,"[None, 2048, 2048, 2048, 2049]","[2048, 2048, 2048, 2048, 2048, 2048]","[2048, 2048, 2048, 2048, 2048, 2048, 2048]",331.0
1212,9110,4,60,2023-06-18T19:23:57.804000+00:00,21.89,24.644,30.621,251.0,281.0,False,77.155,"[None, 2048, 2048, 2048, 2048]","[2048, 2048, 2051, 2048, 2048, 2048]","[2048, 2048, 2048, 2048, 2048, 2048, 2051]",331.0
1212,9110,18,60,2023-06-18T19:23:58.523000+00:00,21.643,24.78,30.694,260.0,282.0,False,77.117,"[None, 2048, 2048, 2048, 2048]","[2048, 2048, 2048, 2048, 2048, 2048]","[2048, 2048, 2048, 2048, 2048, 2048, 2049]",332.0
1212,9110,81,60,2023-06-18T19:24:02.679000+00:00,21.415,24.619,30.682,,277.0,False,76.716,"[None, 2048, 2048, 2048, 2048]","[2048, 2048, 2048, 2048, 2048, 2048]","[2048, 2048, 2048, 2048, 2048, 2048, 2048]",309.0
1212,9110,10,60,2023-06-18T19:24:05.148000+00:00,21.28,24.532,30.829,252.0,273.0,False,76.641,"[None, 2048, 2048, 2048, 2048]","[2048, 2048, 2048, 2048, 2048, 2048]","[2048, 2048, 2048, 2048, 2048, 2048, 2048]",304.0
1212,9110,20,59,2023-06-18T19:24:10.413000+00:00,21.307,24.56,30.872,,276.0,False,76.739,"[None, 2048, 2048, 2048, 2048]","[2048, 2048, 2048, 2048, 2048, 2048]","[2048, 2048, 2048, 2048, 2048, 2048, 2048]",304.0
1212,9110,22,60,2023-06-18T19:24:11.226000+00:00,21.689,24.619,30.795,258.0,282.0,False,77.103,"[None, 2048, 2048, 2048, 2048]","[2048, 2048, 2048, 2048, 2048, 2048]","[2048, 2048, 2048, 2048, 2048, 2048]",312.0
1212,9110,21,59,2023-06-18T19:24:11.835000+00:00,21.563,24.732,30.657,258.0,284.0,False,76.952,"[None, 2048, 2048, 2048, 2048]","[2048, 2048, 2048, 2048, 2048, 2048]","[2048, 2048, 2048, 2048, 2048, 2048, 2049]",333.0
1212,9110,27,60,2023-06-18T19:24:19.616000+00:00,21.535,24.767,31.172,255.0,278.0,False,77.474,"[None, 2048, 2048, 2048, 2048]","[2048, 2048, 2048, 2048, 2048, 2048]","[2049, 2048, 2048, 2048, 2048, 2048, 2048]",306.0
1212,9110,24,60,2023-06-18T19:24:21.226000+00:00,21.484,24.651,31.092,,279.0,False,77.227,"[2049, 2048, 2048, 2048, 2048]","[2048, 2048, 2048, 2048, 2048, 2048]","[2048, 2048, 2048, 2048, 2048, 2048, 2048]",310.0
1212,9110,1,61,2023-06-18T19:24:23.866000+00:00,21.171,24.187,30.57,,278.0,False,75.928,"[None, 2048, 2048, 2048, 2048]","[2048, 2048, 2049, 2048, 2048, 2049]","[2048, 2048, 2049, 2049, 2048, 2048, 2049]",312.0
1212,9110,14,61,2023-06-18T19:24:32.225000+00:00,20.94,24.265,30.648,255.0,279.0,False,75.853,"[None, 2048, 2051, 2049, 2048]","[2048, 2048, 2048, 2048, 2048, 2048]","[2048, 2048, 2048, 2048, 2048, 2048, 2048]",303.0
1212,9110,44,61,2023-06-18T19:24:33.694000+00:00,21.103,24.422,30.767,257.0,279.0,False,76.292,"[None, 2048, 2048, 2048, 2048]","[2048, 2048, 2048, 2048, 2048, 2048]","[2048, 2048, 2048, 2048, 2048, 2048, 2048]",308.0
1212,9110,16,61,2023-06-18T19:24:39.319000+00:00,21.041,24.419,30.615,261.0,281.0,False,76.075,"[None, 2048, 2049, 2048, 2048]","[2048, 2048, 2048, 2048, 2048, 2048]","[2048, 2048, 2048, 2048, 2048, 2048, 2048]",311.0
1212,9110,55,61,2023-06-18T19:24:42.381000+00:00,21.137,24.284,30.586,259.0,282.0,False,76.007,"[None, 2048, 2048, 2048, 2048]","[2048, 2048, 2048, 2048, 2048, 2048]","[2048, 2048, 2048, 2048, 2048, 2048]",312.0
1212,9110,11,61,2023-06-18T19:24:51.772000+00:00,21.209,24.408,30.735,,275.0,False,76.352,"[2048, 2048, 2048, 2048, 2048]","[2048, 2048, 2048, 2048, 2048, 2048]","[2048, 2048, 2048, 2048, 2048, 2048]",306.0
1212,9110,23,61,2023-06-18T19:25:13.787000+00:00,21.701,24.618,30.889,252.0,280.0,False,77.208,"[None, 2048, 2048, 2048, 2048]","[2048, 2048, 2048, 2049, 2048, 2048]","[2048, 2048, 2048, 2048, 2048, 2048, 2048]",310.0
1212,9110,31,61,2023-06-18T19:25:14.318000+00:00,21.697,24.792,30.746,,272.0,False,77.235,"[None, 2048, 2048, 2048, 2048]","[2048, 2048, 2048, 2048, 2048, 2048]","[2048, 2048, 2048, 2048, 2048, 2048]",323.0
1212,9110,77,61,2023-06-18T19:25:14.693000+00:00,21.872,24.693,30.812,257.0,281.0,False,77.377,"[None, 2048, 2048, 2048, 2049]","[2048, 2048, 2048, 2048, 2048, 2048]","[2048, 2048, 2048, 2048, 2048, 2048, 2048]",330.0
1212,9110,4,61,2023-06-18T19:25:14.990000+00:00,22.038,24.703,30.588,255.0,282.0,False,77.329,"[None, 2048, 2048, 2048, 2048]","[2048, 2048, 2048, 2048, 2048, 2048]","[2048, 2048, 2049, 2048, 2048, 2048, 2051]",326.0
1212,9110,18,61,2023-06-18T19:25:15.631000+00:00,21.821,24.854,30.612,,283.0,False,77.287,"[None, 2048, 2048, 2048, 2048]","[2048, 2048, 2048, 2048, 2048, 2048]","[2048, 2048, 2048, 2048, 2048, 2048, 2049]",331.0
1212,9110,81,61,2023-06-18T19:25:19.396000+00:00,21.45,24.571,30.76,,279.0,False,76.781,"[None, 2048, 2048, 2048, 2048]","[2048, 2048, 2048, 2048, 2049, 2048]","[2048, 2048, 2048, 2048, 2048, 2048, 2048]",309.0
1212,9110,10,61,2023-06-18T19:25:21.803000+00:00,21.341,24.603,30.777,253.0,274.0,False,76.721,"[None, 2048, 2049, 2048, 2049]","[2048, 2048, 2048, 2049, 2048, 2048]","[2049, 2048, 2048, 2048, 2048, 2048, 2048]",308.0
1212,9110,20,60,2023-06-18T19:25:27.193000+00:00,21.331,24.489,30.902,,277.0,False,76.722,"[None, 2048, 2048, 2048, 2048]","[2049, 2048, 2048, 2048, 2048, 2048]","[2048, 2048, 2048, 2048, 2048, 2048, 2048]",306.0
1212,9110,22,61,2023-06-18T19:25:28.318000+00:00,21.564,24.592,30.785,,282.0,False,76.941,"[None, 2048, 2048, 2048, 2049]","[2048, 2049, 2048, 2048, 2048, 2048]","[2048, 2048, 2048, 2048, 2048, 2048, 2048]",312.0
1212,9110,21,60,2023-06-18T19:25:28.787000+00:00,21.605,24.838,31.13,,279.0,False,77.573,"[None, 2048, 2048, 2048, 2048]","[2048, 2048, 2048, 2048, 2048, 2048]","[2048, 2048, 2048, 2048, 2048, 2048, 2048]",329.0
1212,9110,27,61,2023-06-18T19:25:37.084000+00:00,21.681,24.758,31.325,256.0,278.0,False,77.764,"[None, 2048, 2048, 2048, 2048]","[2048, 2048, 2048, 2048, 2048, 2048]","[2048, 2048, 2048, 2048, 2048, 2048, 2048]",306.0
1212,9110,24,61,2023-06-18T19:25:38.443000+00:00,21.591,25.389,31.786,257.0,229.0,False,78.766,"[2048, 2048, 2048, 2048, 2048]","[2048, 2048, 2048, 2048, 2048, 2048]","[2048, 2048, 2048, 2048, 2048, 2048, 2048]",313.0
1212,9110,1,62,2023-06-18T19:25:39.927000+00:00,21.405,24.4,30.128,255.0,280.0,False,75.933,"[None, 2048, 2048, 2048, 2048]","[2048, 2048, 2049, 2048, 2048, 2049]","[2048, 2048, 2049, 2049, 2048, 2048, 2049]",330.0
1212,9110,14,62,2023-06-18T19:25:48.052000+00:00,20.901,24.158,30.72,,279.0,False,75.779,"[None, 2048, 2048, 2049, 2049]","[2048, 2051, 2048, 2048, 2048, 2049]","[2048, 2048, 2048, 2048, 2048, 2048, 2049]",302.0
1212,9110,44,62,2023-06-18T19:25:49.974000+00:00,21.063,24.282,30.682,259.0,280.0,False,76.027,"[None, 2048, 2048, 2048, 2048]","[2048, 2048, 2048, 2048, 2048, 2048]","[2048, 2048, 2048, 2048, 2048, 2048, 2048]",310.0
1212,9110,16,62,2023-06-18T19:25:55.380000+00:00,21.184,24.449,30.567,259.0,280.0,False,76.2,"[None, 2048, 2048, 2048, 2048]","[2048, 2048, 2048, 2048, 2048, 2048]","[2048, 2048, 2048, 2048, 2048, 2048, 2048]",312.0
1212,9110,55,62,2023-06-18T19:25:58.411000+00:00,21.244,24.265,30.677,257.0,281.0,False,76.186,"[None, 2048, 2048, 2048, 2048]","[2048, 2048, 2048, 2048, 2048, 2048]","[2048, 2048, 2048, 2048, 2048, 2048, 2048]",312.0
1212,9110,11,62,2023-06-18T19:26:08.161000+00:00,21.195,24.436,30.677,249.0,278.0,False,76.308,"[None, 2048, 2049, 2048, 2048]","[2048, 2048, 2048, 2048, 2048, 2048]","[2048, 2048, 2048, 2048, 2048, 2048, 2048]",307.0
1212,9110,23,62,2023-06-18T19:26:30.942000+00:00,21.651,24.488,30.875,253.0,281.0,False,77.014,"[2049, 2048, 2048, 2048, 2048]","[2048, 2048, 2048, 2049, 2048, 2048]","[2048, 2048, 2048, 2048, 2048, 2048]",310.0
1212,9110,31,62,2023-06-18T19:26:31.567000+00:00,21.491,24.711,30.835,259.0,272.0,False,77.037,"[None, 2048, 2048, 2048, 2049]","[2048, 2048, 2048, 2048, 2048, 2048]","[2048, 2048, 2048, 2048, 2048, 2048]",315.0
1212,9110,77,62,2023-06-18T19:26:32.098000+00:00,21.737,24.571,30.838,254.0,277.0,False,77.146,"[None, 2048, 2048, 2048, 2048]","[2048, 2048, 2048, 2048, 2048, 2048]","[2048, 2048, 2048, 2048, 2048, 2048, 2048]",324.0
1212,9110,4,62,2023-06-18T19:26:32.301000+00:00,21.938,24.648,30.631,254.0,281.0,False,77.217,"[None, 2048, 2048, 2048, 2048]","[2048, 2048, 2048, 2048, 2048, 2048]","[2048, 2048, 2048, 2048, 2048, 2048]",334.0
1212,9110,18,62,2023-06-18T19:26:32.895000+00:00,21.744,24.68,30.728,258.0,282.0,False,77.152,"[None, 2048, 2048, 2048, 2048]","[2048, 2048, 2049, 2048, 2048, 2048]","[2048, 2048, 2048, 2048, 2048, 2048, 2048]",334.0
1212,9110,81,62,2023-06-18T19:26:36.192000+00:00,21.382,24.638,30.785,247.0,280.0,False,76.805,"[None, 2048, 2048, 2048, 2048]","[2048, 2048, 2048, 2048, 2048, 2048]","[2048, 2048, 2048, 2048, 2048, 2048, 2048]",309.0
1212,9110,10,62,2023-06-18T19:26:38.536000+00:00,21.233,24.509,30.918,,275.0,False,76.66,"[None, 2048, 2049, 2048, 2048]","[2048, 2048, 2048, 2048, 2048, 2048]","[2048, 2048, 2048, 2048, 2048, 2048, 2048]",304.0
1212,9110,20,61,2023-06-18T19:26:43.879000+00:00,21.337,24.494,30.947,,276.0,False,76.778,"[None, 2048, 2048, 2048, 2048]","[2048, 2049, 2048, 2048, 2048, 2048]","[2048, 2048, 2048, 2048, 2048, 2048, 2048]",304.0
1212,9110,22,62,2023-06-18T19:26:45.286000+00:00,21.53,24.548,30.93,259.0,282.0,False,77.008,"[None, 2048, 2048, 2048, 2049]","[2048, 2048, 2048, 2048, 2048, 2048]","[2048, 2048, 2048, 2048, 2048, 2048, 2048]",311.0
1212,9110,21,61,2023-06-18T19:26:46.379000+00:00,21.796,24.644,30.983,257.0,282.0,False,77.423,"[None, 2048, 2048, 2048, 2048]","[2048, 2049, 2048, 2048, 2048, 2048]","[2048, 2048, 2048, 2048, 2048, 2048, 2048]",314.0
1212,9110,27,62,2023-06-18T19:26:54.895000+00:00,23.18,24.736,31.227,,279.0,False,79.143,"[None, 2048, 2048, 2048, 2048]","[2048, 2048, 2048, 2048, 2048, 2048]","[2048, 2048, 2048, 2048, 2048, 2048]",306.0
1212,9110,1,63,2023-06-18T19:26:55.832000+00:00,21.239,24.119,30.579,,275.0,False,75.937,"[None, 2048, 2048, 2048, 2048]","[2048, 2048, 2048, 2048, 2048, 2048]","[2048, 2048, 2048, 2048, 2048, 2048, 2048]",306.0
1212,9110,24,62,2023-06-18T19:26:57.223000+00:00,21.72,24.43,31.055,259.0,280.0,False,77.205,"[None, 2048, 2048, 2048, 2048]","[2048, 2048, 2049, 2048, 2048, 2049]","[2048, 2048, 2048, 2048, 2048, 2048, 2049]",328.0
1212,9110,14,63,2023-06-18T19:27:03.848000+00:00,21.067,24.12,30.767,,280.0,False,75.954,"[None, 2048, 2048, 2048, 2048]","[2048, 2048, 2048, 2048, 2048, 2049]","[2048, 2048, 2048, 2048, 2048, 2048, 2048]",303.0
1212,9110,44,63,2023-06-18T19:27:06.004000+00:00,21.195,24.279,30.894,257.0,280.0,False,76.368,"[None, 2048, 2048, 2048, 2048]","[2048, 2048, 2048, 2048, 2048, 2048]","[2048, 2048, 2048, 2048, 2048, 2048, 2048]",308.0
1212,9110,16,63,2023-06-18T19:27:11.582000+00:00,21.054,24.465,30.616,260.0,280.0,False,76.135,"[None, 2048, 2048, 2048, 2048]","[2048, 2048, 2048, 2048, 2048, 2048]","[2048, 2048, 2048, 2048, 2048, 2048, 2048]",310.0
1212,9110,55,63,2023-06-18T19:27:14.582000+00:00,21.183,24.311,30.551,260.0,282.0,False,76.045,"[2049, 2048, 2048, 2048, 2048]","[2048, 2048, 2048, 2048, 2048, 2048]","[2048, 2048, 2048, 2048, 2048, 2048, 2048]",312.0
1212,9110,11,63,2023-06-18T19:27:24.410000+00:00,21.207,24.417,30.771,248.0,278.0,False,76.395,"[None, 2048, 2048, 2048, 2048]","[2048, 2048, 2048, 2048, 2048, 2048]","[2048, 2048, 2048, 2048, 2048, 2048, 2048]",306.0
1212,9110,23,63,2023-06-18T19:27:47.972000+00:00,21.507,24.549,30.896,,279.0,False,76.952,"[None, 2048, 2049, 2049, 2048]","[2048, 2048, 2048, 2048, 2048, 2048]","[2048, 2048, 2048, 2048, 2048, 2048]",310.0
1212,9110,31,63,2023-06-18T19:27:48.597000+00:00,21.526,24.618,30.638,250.0,271.0,False,76.782,"[None, 2048, 2048, 2048, 2048]","[2048, 2048, 2048, 2048, 2048, 2048]","[2048, 2048, 2049, 2048, 2048, 2048, 2049]",324.0
1212,9110,77,63,2023-06-18T19:27:49.222000+00:00,21.677,24.68,31.661,,276.0,False,78.018,"[None, 2048, 2048, 2048, 2048]","[2048, 2048, 2048, 2048, 2048, 2048]","[2048, 2048, 2049, 2049, 2048, 2048, 2048]",328.0
1212,9110,4,63,2023-06-18T19:27:49.519000+00:00,21.916,24.454,30.934,258.0,284.0,False,77.304,"[None, 2048, 2048, 2048, 2048]","[2048, 2048, 2048, 2048, 2048, 2051]","[2048, 2048, 2048, 2048, 2048, 2048]",325.0
1212,9110,18,63,2023-06-18T19:27:50.097000+00:00,21.859,24.789,30.676,,281.0,False,77.324,"[None, 2048, 2048, 2048, 2048]","[2048, 2048, 2048, 2048, 2048, 2048]","[2048, 2048, 2048, 2048, 2048, 2048, 2049]",333.0
1212,9110,81,63,2023-06-18T19:27:53.019000+00:00,21.451,24.946,30.845,248.0,278.0,False,77.242,"[2049, 2048, 2048, 2048, 2048]","[2048, 2048, 2048, 2048, 2048, 2048]","[2048, 2048, 2048, 2048, 2048, 2048, 2048]",311.0
1212,9110,10,63,2023-06-18T19:27:55.175000+00:00,21.522,24.451,30.763,252.0,274.0,False,76.736,"[None, 2048, 2048, 2048, 2048]","[2049, 2048, 2048, 2049, 2048, 2048]","[2048, 2048, 2048, 2048, 2048, 2048, 2048]",309.0
1212,9110,20,62,2023-06-18T19:28:00.675000+00:00,21.426,24.627,30.822,,276.0,False,76.875,"[None, 2048, 2048, 2048, 2048]","[2048, 2048, 2048, 2048, 2048, 2048]","[2048, 2048, 2048, 2048, 2048, 2048]",305.0
1212,9110,22,63,2023-06-18T19:28:02.269000+00:00,21.54,24.567,30.823,257.0,281.0,False,76.93,"[None, 2048, 2048, 2048, 2048]","[2049, 2048, 2048, 2048, 2048, 2048]","[2048, 2048, 2048, 2048, 2048, 2048, 2048]",311.0
1212,9110,21,62,2023-06-18T19:28:03.768000+00:00,21.495,24.467,31.161,258.0,281.0,False,77.123,"[None, 2048, 2048, 2048, 2048]","[2048, 2049, 2048, 2048, 2048, 2048]","[2048, 2048, 2048, 2048, 2048, 2048, 2048]",315.0
1212,9110,1,64,2023-06-18T19:28:11.737000+00:00,21.041,24.574,30.599,,276.0,False,76.214,"[None, 2048, 2048, 2048, 2048]","[2048, 2048, 2048, 2048, 2048, 2048]","[2048, 2048, 2048, 2048, 2048, 2048, 2048]",307.0
1212,9110,27,63,2023-06-18T19:28:14.018000+00:00,21.774,24.759,31.082,257.0,279.0,False,77.615,"[None, 2048, 2048, 2048, 2048]","[2048, 2048, 2048, 2048, 2048, 2048]","[2048, 2048, 2048, 2048, 2048, 2048, 2048]",307.0
1212,9110,24,63,2023-06-18T19:28:14.471000+00:00,21.94,24.726,31.055,256.0,279.0,False,77.721,"[None, 2048, 2048, 2048, 2048]","[2048, 2048, 2048, 2048, 2049, 2049]","[2048, 2048, 2048, 2048, 2048, 2048, 2048]",328.0
1212,9110,14,64,2023-06-18T19:28:19.817000+00:00,21.045,24.192,30.701,,278.0,False,75.938,"[None, 2048, 2048, 2048, 2048]","[2048, 2048, 2048, 2048, 2048, 2048]","[2048, 2048, 2048, 2048, 2048, 2048]",306.0
1212,9110,44,64,2023-06-18T19:28:22.362000+00:00,21.167,24.333,30.816,259.0,280.0,False,76.316,"[None, 2048, 2048, 2048, 2048]","[2048, 2048, 2048, 2048, 2048, 2048]","[2048, 2048, 2048, 2048, 2048, 2048, 2048]",309.0
1212,9110,16,64,2023-06-18T19:28:27.721000+00:00,21.051,24.377,30.518,261.0,280.0,False,75.946,"[None, 2048, 2049, 2048, 2048]","[2048, 2048, 2048, 2049, 2048, 2048]","[2048, 2048, 2048, 2048, 2048, 2048, 2048]",312.0
1212,9110,55,64,2023-06-18T19:28:30.627000+00:00,21.144,24.271,30.613,259.0,281.0,False,76.028,"[2048, 2048, 2048, 2048, 2048]","[2048, 2048, 2048, 2048, 2048, 2048]","[2048, 2048, 2048, 2048, 2048, 2048, 2048]",312.0
1212,9110,11,64,2023-06-18T19:28:40.893000+00:00,21.212,24.382,30.744,253.0,274.0,False,76.338,"[None, 2048, 2048, 2048, 2049]","[2048, 2048, 2048, 2048, 2048, 2048]","[2048, 2048, 2048, 2048, 2048, 2048, 2048]",308.0
1212,9110,23,64,2023-06-18T19:29:04.955000+00:00,21.732,24.56,30.837,254.0,280.0,False,77.129,"[2048, 2048, 2048, 2048, 2049]","[2048, 2048, 2048, 2048, 2048, 2048]","[2048, 2048, 2048, 2048, 2048, 2048, 2048]",310.0
1212,9110,31,64,2023-06-18T19:29:05.392000+00:00,21.656,24.743,30.872,260.0,272.0,False,77.271,"[None, 2048, 2048, 2048, 2049]","[2048, 2048, 2048, 2048, 2048, 2048]","[2048, 2048, 2048, 2048, 2048, 2048]",310.0
1212,9110,4,64,2023-06-18T19:29:06.736000+00:00,21.579,24.664,30.739,256.0,276.0,False,76.982,"[None, 2048, 2049, 2048, 2048]","[2048, 2048, 2048, 2048, 2048, 2048]","[2048, 2048, 2048, 2048, 2048, 2048, 2048]",309.0
1212,9110,77,64,2023-06-18T19:29:07.314000+00:00,22.022,24.667,30.67,,276.0,False,77.359,"[None, 2048, 2048, 2048, 2048]","[2048, 2048, 2048, 2048, 2048, 2048]","[2048, 2048, 2048, 2048, 2048, 2048]",324.0
1212,9110,18,64,2023-06-18T19:29:07.549000+00:00,22.258,25.045,30.555,257.0,281.0,False,77.858,"[None, 2048, 2048, 2048, 2048]","[2048, 2048, 2048, 2048, 2048, 2048]","[2048, 2048, 2048, 2048, 2048, 2048, 2048]",328.0
1212,9110,81,64,2023-06-18T19:29:10.220000+00:00,21.507,24.641,30.787,251.0,280.0,False,76.935,"[2048, 2048, 2048, 2048, 2048]","[2048, 2048, 2048, 2048, 2048, 2049]","[2048, 2048, 2048, 2048, 2048, 2048, 2048]",311.0
1212,9110,10,64,2023-06-18T19:29:11.939000+00:00,21.412,24.519,30.803,253.0,275.0,False,76.734,"[None, 2048, 2048, 2048, 2048]","[2048, 2048, 2048, 2048, 2048, 2048]","[2048, 2048, 2048, 2048, 2048, 2049, 2048]",306.0
1212,9110,20,63,2023-06-18T19:29:17.533000+00:00,21.516,24.653,30.888,254.0,276.0,False,77.057,"[None, 2048, 2048, 2048, 2048]","[2048, 2048, 2048, 2048, 2048, 2048]","[2048, 2048, 2048, 2048, 2048, 2048]",307.0
1212,9110,22,64,2023-06-18T19:29:19.236000+00:00,21.723,24.553,30.867,258.0,281.0,False,77.143,"[None, 2048, 2048, 2048, 2048]","[2048, 2048, 2048, 2048, 2048, 2048]","[2048, 2048, 2048, 2048, 2048, 2048, 2048]",312.0
1212,9110,21,63,2023-06-18T19:29:20.908000+00:00,21.47,24.644,30.991,,282.0,False,77.105,"[None, 2048, 2051, 2048, 2048]","[2048, 2048, 2048, 2048, 2048, 2048]","[2048, 2048, 2048, 2048, 2048, 2048, 2048]",315.0
1212,9110,1,65,2023-06-18T19:29:27.986000+00:00,21.188,24.151,30.558,256.0,276.0,False,75.897,"[None, 2048, 2048, 2048, 2049]","[2048, 2048, 2048, 2048, 2048, 2048]","[2048, 2049, 2048, 2048, 2048, 2048, 2048]",309.0
1212,9110,27,64,2023-06-18T19:29:31.658000+00:00,21.654,24.75,31.172,256.0,276.0,False,77.576,"[None, 2048, 2048, 2048, 2049]","[2049, 2048, 2048, 2048, 2048, 2048]","[2048, 2048, 2048, 2048, 2048, 2048, 2048]",307.0
1212,9110,24,64,2023-06-18T19:29:32.158000+00:00,21.916,24.579,31.013,257.0,279.0,False,77.508,"[None, 2048, 2048, 2048, 2048]","[2048, 2048, 2048, 2048, 2048, 2048]","[2048, 2048, 2048, 2048, 2048, 2048, 2048]",328.0
1212,9110,14,65,2023-06-18T19:29:35.751000+00:00,21.194,24.275,30.716,256.0,279.0,False,76.185,"[None, 2048, 2048, 2048, 2048]","[2048, 2048, 2048, 2048, 2048, 2048]","[2048, 2048, 2048, 2048, 2048, 2048, 2048]",308.0
1212,9110,44,65,2023-06-18T19:29:38.673000+00:00,21.236,24.235,30.65,,279.0,False,76.121,"[None, 2048, 2048, 2048, 2048]","[2048, 2048, 2048, 2048, 2048, 2048]","[2048, 2048, 2049, 2048, 2048, 2048]",310.0
1212,9110,16,65,2023-06-18T19:29:43.673000+00:00,21.118,24.474,30.674,,279.0,False,76.266,"[None, 2048, 2048, 2048, 2051]","[2048, 2048, 2048, 2048, 2048, 2048]","[2048, 2048, 2048, 2048, 2048, 2048, 2048]",311.0
1212,9110,55,65,2023-06-18T19:29:46.642000+00:00,21.333,24.394,30.601,258.0,281.0,False,76.328,"[None, 2048, 2048, 2048, 2048]","[2048, 2048, 2048, 2048, 2048, 2048]","[2048, 2048, 2048, 2048, 2048, 2048, 2048]",312.0
1212,9110,11,65,2023-06-18T19:29:57.142000+00:00,21.148,24.527,30.895,,272.0,False,76.57,"[None, 2048, 2048, 2048, 2049]","[2051, 2048, 2048, 2048, 2048, 2048]","[2048, 2048, 2048, 2048, 2048, 2048, 2048]",306.0
1212,9110,23,65,2023-06-18T19:30:22.047000+00:00,21.677,24.666,30.837,253.0,276.0,False,77.18,"[None, 2048, 2048, 2048, 2048]","[2048, 2048, 2048, 2048, 2048, 2048]","[2048, 2048, 2048, 2048, 2048, 2048, 2048]",311.0
1212,9110,31,65,2023-06-18T19:30:22.688000+00:00,21.695,24.698,30.698,250.0,271.0,False,77.091,"[None, 2048, 2048, 2048, 2048]","[2048, 2048, 2048, 2048, 2048, 2048]","[2048, 2048, 2048, 2048, 2048, 2048, 2048]",323.0
1212,9110,4,65,2023-06-18T19:30:23.782000+00:00,21.604,24.54,30.23,258.0,279.0,False,76.374,"[None, 2048, 2048, 2048, 2049]","[2048, 2048, 2048, 2048, 2048, 2048]","[2048, 2048, 2048, 2048, 2048, 2048]",329.0
1212,9110,77,65,2023-06-18T19:30:24.594000+00:00,21.735,24.661,31.099,257.0,278.0,False,77.495,"[None, 2048, 2048, 2048, 2048]","[2048, 2048, 2048, 2048, 2048, 2048]","[2048, 2048, 2048, 2048, 2048, 2048, 2048]",308.0
1212,9110,18,65,2023-06-18T19:30:25.250000+00:00,21.732,24.651,31.192,259.0,281.0,False,77.575,"[None, 2048, 2048, 2048, 2048]","[2048, 2048, 2048, 2048, 2048, 2048]","[2048, 2048, 2048, 2048, 2048, 2048]",326.0
1212,9110,81,65,2023-06-18T19:30:27.188000+00:00,21.445,24.603,30.805,252.0,279.0,False,76.853,"[None, 2048, 2048, 2048, 2049]","[2048, 2048, 2048, 2048, 2048, 2048]","[2048, 2048, 2048, 2048, 2048, 2048, 2048]",312.0
1212,9110,10,65,2023-06-18T19:30:28.703000+00:00,21.374,24.663,30.861,254.0,274.0,False,76.898,"[None, 2048, 2048, 2048, 2048]","[2048, 2048, 2048, 2048, 2048, 2048]","[2048, 2048, 2048, 2048, 2048, 2048, 2048]",309.0
1212,9110,20,64,2023-06-18T19:30:34.594000+00:00,21.341,24.517,30.871,256.0,278.0,False,76.729,"[2049, 2048, 2048, 2048, 2048]","[2048, 2048, 2048, 2048, 2048, 2048]","[2048, 2048, 2048, 2048, 2048, 2048, 2048]",307.0
1212,9110,22,65,2023-06-18T19:30:36.344000+00:00,21.555,24.521,30.908,,281.0,False,76.984,"[None, 2048, 2048, 2048, 2048]","[2048, 2048, 2048, 2048, 2048, 2048]","[2048, 2048, 2048, 2048, 2048, 2048, 2048]",310.0
1212,9110,21,64,2023-06-18T19:30:38.078000+00:00,21.562,24.702,30.921,257.0,282.0,False,77.185,"[None, 2048, 2048, 2048, 2048]","[2048, 2048, 2048, 2048, 2048, 2048]","[2048, 2048, 2048, 2048, 2048, 2048]",313.0
1212,9110,1,66,2023-06-18T19:30:43.891000+00:00,21.19,24.442,30.601,255.0,276.0,False,76.233,"[None, 2048, 2048, 2048, 2048]","[2048, 2048, 2048, 2048, 2048, 2048]","[2048, 2048, 2048, 2048, 2048, 2048, 2048]",308.0
1212,9110,27,65,2023-06-18T19:30:49.172000+00:00,21.836,24.939,31.373,254.0,276.0,False,78.148,"[None, 2048, 2048, 2048, 2048]","[2048, 2048, 2048, 2048, 2048, 2048]","[2048, 2048, 2048, 2048, 2048, 2048]",304.0
1212,9110,24,65,2023-06-18T19:30:49.641000+00:00,21.953,24.947,31.824,,277.0,False,78.724,"[None, 2048, 2048, 2048, 2048]","[2048, 2048, 2048, 2048, 2048, 2048]","[2048, 2048, 2048, 2048, 2048, 2048, 2048]",326.0
1212,9110,14,66,2023-06-18T19:30:51.922000+00:00,21.134,24.243,30.907,255.0,279.0,False,76.284,"[None, 2048, 2048, 2048, 2048]","[2048, 2048, 2048, 2048, 2048, 2049]","[2048, 2048, 2049, 2049, 2048, 2048]",327.0
1212,9110,44,66,2023-06-18T19:30:54.781000+00:00,21.241,24.294,31.002,,280.0,False,76.537,"[None, 2048, 2048, 2048, 2048]","[2048, 2048, 2048, 2048, 2048, 2048]","[2048, 2048, 2048, 2048, 2048, 2048, 2048]",310.0
1212,9110,16,66,2023-06-18T19:30:59.937000+00:00,21.211,24.363,30.667,260.0,280.0,False,76.241,"[None, 2048, 2048, 2048, 2048]","[2048, 2048, 2048, 2049, 2048, 2048]","[2048, 2048, 2048, 2048, 2048, 2048]",311.0
1212,9110,55,66,2023-06-18T19:31:02.984000+00:00,21.329,24.584,30.759,260.0,280.0,False,76.672,"[None, 2048, 2048, 2048, 2049]","[2048, 2048, 2048, 2048, 2048, 2048]","[2048, 2048, 2048, 2048, 2048, 2048, 2048]",311.0
1212,9110,11,66,2023-06-18T19:31:13.750000+00:00,21.343,24.621,30.807,,273.0,False,76.771,"[None, 2048, 2048, 2048, 2048]","[2048, 2048, 2048, 2048, 2048, 2048]","[2048, 2048, 2048, 2048, 2048, 2048, 2048]",306.0
1212,9110,23,66,2023-06-18T19:31:39.249000+00:00,21.711,24.614,31.016,,280.0,False,77.341,"[None, 2048, 2048, 2048, 2048]","[2048, 2048, 2048, 2048, 2048, 2048]","[2048, 2048, 2048, 2048, 2048, 2048, 2048]",310.0
1212,9110,31,66,2023-06-18T19:31:39.749000+00:00,21.836,24.688,30.786,257.0,273.0,False,77.31,"[None, 2048, 2048, 2048, 2048]","[2048, 2048, 2048, 2048, 2048, 2048]","[2048, 2048, 2048, 2048, 2048, 2048, 2048]",317.0
1212,9110,4,66,2023-06-18T19:31:40.155000+00:00,21.779,24.761,30.663,,279.0,False,77.203,"[None, 2048, 2048, 2048, 2048]","[2048, 2048, 2048, 2048, 2048, 2048]","[2048, 2048, 2048, 2048, 2048, 2048, 2048]",330.0
1212,9110,77,66,2023-06-18T19:31:42.093000+00:00,21.602,24.612,31.082,258.0,279.0,False,77.296,"[None, 2048, 2048, 2048, 2048]","[2048, 2048, 2048, 2048, 2048, 2048]","[2048, 2048, 2048, 2048, 2048, 2048, 2048]",307.0
1212,9110,18,66,2023-06-18T19:31:42.827000+00:00,21.751,24.597,30.762,256.0,281.0,False,77.11,"[None, 2048, 2048, 2048, 2048]","[2048, 2048, 2048, 2048, 2048, 2048]","[2048, 2048, 2048, 2048, 2048, 2048, 2048]",325.0
1212,9110,81,66,2023-06-18T19:31:44.030000+00:00,21.516,24.602,30.593,250.0,281.0,False,76.711,"[None, 2048, 2048, 2048, 2048]","[2048, 2048, 2049, 2048, 2048, 2049]","[2048, 2048, 2049, 2048, 2048, 2048, 2049]",331.0
1212,9110,10,66,2023-06-18T19:31:45.561000+00:00,21.432,24.457,30.738,,276.0,False,76.627,"[None, 2048, 2048, 2048, 2048]","[2048, 2048, 2048, 2048, 2048, 2048]","[2048, 2048, 2048, 2048, 2048, 2048, 2048]",308.0
1212,9110,20,65,2023-06-18T19:31:51.327000+00:00,21.529,24.583,30.862,255.0,278.0,False,76.974,"[2048, 2048, 2048, 2048, 2048]","[2048, 2048, 2048, 2048, 2048, 2048]","[2048, 2048, 2048, 2048, 2048, 2048, 2048]",308.0
1212,9110,22,66,2023-06-18T19:31:53.327000+00:00,21.554,24.568,30.888,257.0,282.0,False,77.01,"[None, 2048, 2048, 2048, 2048]","[2048, 2048, 2048, 2048, 2048, 2049]","[2048, 2048, 2048, 2048, 2048, 2048, 2048]",312.0
1212,9110,21,65,2023-06-18T19:31:55.186000+00:00,21.403,24.581,30.926,258.0,283.0,False,76.91,"[None, 2048, 2048, 2049, 2048]","[2049, 2048, 2048, 2048, 2048, 2048]","[2048, 2048, 2048, 2048, 2048, 2048, 2048]",315.0
1212,9110,1,67,2023-06-18T19:32:00.171000+00:00,21.164,24.293,30.664,256.0,278.0,False,76.121,"[None, 2048, 2048, 2048, 2048]","[2048, 2048, 2048, 2048, 2048, 2048]","[2048, 2048, 2048, 2048, 2048, 2048, 2048]",309.0
1212,9110,27,66,2023-06-18T19:32:07.327000+00:00,23.162,24.76,31.393,,279.0,False,79.315,"[None, 2048, 2048, 2048, 2048]","[2048, 2048, 2048, 2048, 2048, 2048]","[2048, 2048, 2048, 2048, 2048, 2048, 2048]",311.0
1212,9110,14,67,2023-06-18T19:32:08.171000+00:00,21.406,24.435,30.969,254.0,280.0,False,76.81,"[None, 2048, 2048, 2048, 2048]","[2048, 2048, 2048, 2048, 2048, 2048]","[2048, 2048, 2048, 2048, 2048, 2048, 2048]",304.0
1212,9110,24,66,2023-06-18T19:32:08.452000+00:00,22.7,24.756,31.232,,282.0,False,78.688,"[None, 2048, 2048, 2048, 2048]","[2048, 2048, 2049, 2048, 2048, 2049]","[2048, 2048, 2048, 2048, 2048, 2048, 2048]",331.0
1212,9110,44,67,2023-06-18T19:32:11.358000+00:00,21.4,24.378,30.873,258.0,282.0,False,76.651,"[None, 2048, 2048, 2048, 2048]","[2048, 2048, 2048, 2048, 2048, 2048]","[2048, 2048, 2048, 2048, 2048, 2048, 2048]",312.0
1212,9110,16,67,2023-06-18T19:32:16.186000+00:00,21.261,24.601,30.855,257.0,280.0,False,76.717,"[None, 2048, 2048, 2048, 2048]","[2048, 2048, 2048, 2048, 2048, 2048]","[2048, 2048, 2048, 2048, 2048, 2048, 2048]",311.0
1212,9110,55,67,2023-06-18T19:32:19.639000+00:00,21.335,24.364,30.608,259.0,281.0,False,76.307,"[None, 2048, 2048, 2048, 2049]","[2048, 2048, 2048, 2048, 2048, 2048]","[2048, 2048, 2048, 2048, 2048, 2048, 2048]",312.0
1212,9110,11,67,2023-06-18T19:32:30.608000+00:00,21.229,24.423,30.861,254.0,274.0,False,76.513,"[None, 2048, 2048, 2048, 2048]","[2048, 2048, 2048, 2048, 2048, 2048]","[2048, 2048, 2048, 2048, 2048, 2048, 2048]",307.0
1212,9110,23,67,2023-06-18T19:32:56.592000+00:00,21.648,24.657,30.908,,280.0,False,77.213,"[None, 2048, 2048, 2048, 2048]","[2048, 2048, 2048, 2048, 2048, 2048]","[2048, 2048, 2048, 2048, 2048, 2048]",310.0
1212,9110,31,67,2023-06-18T19:32:57.060000+00:00,21.664,24.737,30.879,251.0,281.0,False,77.28,"[None, 2048, 2048, 2048, 2048]","[2048, 2048, 2048, 2048, 2048, 2048]","[2048, 2048, 2048, 2048, 2048, 2048, 2048]",314.0
1212,9110,4,67,2023-06-18T19:32:57.357000+00:00,21.776,24.619,30.809,259.0,285.0,False,77.204,"[None, 2048, 2048, 2048, 2049]","[2048, 2048, 2048, 2048, 2048, 2051]","[2048, 2048, 2048, 2048, 2048, 2048, 2051]",321.0
1212,9110,77,67,2023-06-18T19:32:59.373000+00:00,21.628,24.578,31.157,256.0,279.0,False,77.363,"[None, 2048, 2048, 2048, 2048]","[2048, 2048, 2048, 2048, 2048, 2048]","[2048, 2048, 2048, 2048, 2048, 2048, 2048]",308.0
1212,9110,18,67,2023-06-18T19:32:59.935000+00:00,21.703,24.67,31.071,257.0,284.0,False,77.444,"[None, 2048, 2048, 2048, 2048]","[2048, 2048, 2048, 2048, 2048, 2049]","[2048, 2048, 2048, 2048, 2048, 2048, 2048]",331.0
1212,9110,81,67,2023-06-18T19:33:00.732000+00:00,21.701,24.824,30.675,,282.0,False,77.2,"[None, 2048, 2048, 2048, 2048]","[2048, 2048, 2048, 2048, 2048, 2049]","[2048, 2048, 2048, 2048, 2048, 2048, 2049]",330.0
1212,9110,10,67,2023-06-18T19:33:02.154000+00:00,21.419,24.43,30.576,255.0,278.0,False,76.425,"[None, 2048, 2049, 2048, 2048]","[2048, 2048, 2048, 2049, 2048, 2049]","[2048, 2048, 2048, 2048, 2048, 2048, 2049]",331.0
1212,9110,20,66,2023-06-18T19:33:08.341000+00:00,21.443,24.548,30.8,,279.0,False,76.791,"[None, 2048, 2048, 2048, 2048]","[2048, 2048, 2048, 2048, 2048, 2048]","[2048, 2048, 2048, 2048, 2048, 2048, 2048]",309.0
1212,9110,22,67,2023-06-18T19:33:10.341000+00:00,21.444,24.532,30.845,259.0,282.0,False,76.821,"[None, 2048, 2048, 2048, 2048]","[2048, 2048, 2048, 2048, 2048, 2048]","[2048, 2048, 2048, 2048, 2048, 2048, 2048]",312.0
1212,9110,21,66,2023-06-18T19:33:12.124000+00:00,21.351,24.533,30.82,,282.0,False,76.704,"[None, 2048, 2048, 2049, 2048]","[2048, 2048, 2048, 2048, 2048, 2048]","[2048, 2048, 2048, 2048, 2048, 2048, 2048]",315.0
1212,9110,1,68,2023-06-18T19:33:16.247000+00:00,21.025,24.048,30.521,257.0,278.0,False,75.594,"[None, 2048, 2049, 2048, 2049]","[2049, 2048, 2049, 2048, 2048, 2048]","[2048, 2048, 2048, 2048, 2048, 2048, 2048]",310.0
1212,9110,14,68,2023-06-18T19:33:25.029000+00:00,21.183,24.502,30.922,253.0,277.0,False,76.607,"[None, 2048, 2048, 2048, 2048]","[2048, 2048, 2048, 2048, 2048, 2048]","[2048, 2048, 2048, 2048, 2048, 2048, 2048]",301.0
1212,9110,27,67,2023-06-18T19:33:26.638000+00:00,22.116,25.874,30.986,257.0,282.0,False,78.976,"[None, 2048, 2048, 2048, 2048]","[2048, 2048, 2048, 2048, 2048, 2049]","[2048, 2048, 2049, 2048, 2048, 2048, 2048]",326.0
1212,9110,24,67,2023-06-18T19:33:27.060000+00:00,23.208,24.868,30.964,258.0,283.0,False,79.04,"[None, 2048, 2048, 2048, 2048]","[2048, 2048, 2048, 2048, 2048, 2049]","[2048, 2048, 2049, 2048, 2048, 2048]",333.0
1212,9110,44,68,2023-06-18T19:33:27.950000+00:00,21.545,24.401,30.908,259.0,281.0,False,76.854,"[None, 2048, 2048, 2048, 2048]","[2048, 2048, 2049, 2048, 2048, 2048]","[2048, 2048, 2048, 2048, 2048, 2048, 2048]",308.0
1212,9110,16,68,2023-06-18T19:33:32.888000+00:00,21.197,24.475,30.603,260.0,281.0,False,76.275,"[None, 2048, 2048, 2048, 2048]","[2048, 2048, 2048, 2048, 2048, 2048]","[2049, 2048, 2048, 2048, 2048, 2048, 2048]",313.0
1212,9110,55,68,2023-06-18T19:33:36.028000+00:00,21.308,24.549,30.684,257.0,280.0,False,76.541,"[None, 2048, 2048, 2048, 2048]","[2048, 2048, 2048, 2048, 2048, 2048]","[2048, 2048, 2048, 2048, 2048, 2048]",311.0
1212,9110,11,68,2023-06-18T19:33:47.059000+00:00,21.437,24.5,46.628,253.0,272.0,False,92.565,"[None, 2048, 2048, 2048, 2048]","[2048, 2048, 2048, 2048, 2048, 2048]","[2048, 2048, 2048, 2048, 2048, 2064, 2064]",307.0
1212,9110,23,68,2023-06-18T19:34:13.809000+00:00,21.599,24.531,30.787,254.0,281.0,False,76.917,"[None, 2048, 2048, 2048, 2048]","[2048, 2048, 2048, 2048, 2048, 2048]","[2049, 2048, 2048, 2048, 2048, 2048]",311.0
1212,9110,31,68,2023-06-18T19:34:14.340000+00:00,21.629,24.567,30.623,252.0,279.0,False,76.819,"[None, 2048, 2048, 2048, 2048]","[2048, 2048, 2048, 2048, 2048, 2048]","[2048, 2048, 2049, 2048, 2048, 2048, 2048]",314.0
1212,9110,4,68,2023-06-18T19:34:14.575000+00:00,21.863,24.492,30.545,257.0,279.0,False,76.9,"[None, 2048, 2048, 2048, 2048]","[2048, 2048, 2048, 2048, 2048, 2048]","[2048, 2048, 2048, 2048, 2048, 2048, 2051]",321.0
1212,9110,77,68,2023-06-18T19:34:16.762000+00:00,21.592,24.496,31.049,254.0,279.0,False,77.137,"[None, 2048, 2048, 2048, 2048]","[2049, 2048, 2048, 2048, 2048, 2048]","[2048, 2048, 2048, 2048, 2048, 2048, 2048]",305.0
1212,9110,18,68,2023-06-18T19:34:17.387000+00:00,21.761,24.587,30.695,256.0,281.0,False,77.043,"[None, 2048, 2048, 2048, 2048]","[2048, 2048, 2048, 2048, 2048, 2048]","[2048, 2048, 2048, 2048, 2048, 2048, 2048]",325.0
1212,9110,81,68,2023-06-18T19:34:17.934000+00:00,21.729,24.743,30.528,251.0,282.0,False,77.0,"[None, 2048, 2048, 2048, 2048]","[2048, 2048, 2051, 2048, 2048, 2048]","[2048, 2048, 2049, 2049, 2048, 2048, 2051]",332.0
1212,9110,10,68,2023-06-18T19:34:18.621000+00:00,21.694,24.654,30.548,254.0,281.0,False,76.896,"[None, 2048, 2048, 2048, 2048]","[2048, 2048, 2048, 2048, 2048, 2049]","[2048, 2048, 2049, 2048, 2048, 2048, 2049]",331.0
1212,9110,20,67,2023-06-18T19:34:25.090000+00:00,21.341,24.375,30.806,256.0,279.0,False,76.522,"[None, 2048, 2048, 2048, 2048]","[2048, 2048, 2048, 2048, 2048, 2048]","[2049, 2048, 2048, 2048, 2048, 2048, 2048]",308.0
1212,9110,22,68,2023-06-18T19:34:27.168000+00:00,21.467,24.393,30.806,258.0,281.0,False,76.666,"[None, 2048, 2048, 2048, 2048]","[2049, 2048, 2048, 2049, 2048, 2048]","[2048, 2048, 2048, 2048, 2048, 2048, 2048]",311.0
1212,9110,21,67,2023-06-18T19:34:28.809000+00:00,21.423,24.516,30.907,259.0,283.0,False,76.846,"[None, 2048, 2048, 2048, 2048]","[2048, 2048, 2048, 2048, 2048, 2048]","[2048, 2048, 2048, 2048, 2048, 2048, 2048]",313.0
1212,9110,1,69,2023-06-18T19:34:31.809000+00:00,21.134,24.243,30.792,255.0,276.0,False,76.169,"[None, 2048, 2048, 2048, 2048]","[2048, 2048, 2048, 2048, 2048, 2048]","[2048, 2048, 2048, 2048, 2048, 2048, 2048]",310.0
1212,9110,14,69,2023-06-18T19:34:41.637000+00:00,21.084,24.105,30.621,,281.0,False,75.81,"[None, 2048, 2051, 2048, 2048]","[2048, 2048, 2048, 2048, 2048, 2048]","[2048, 2048, 2048, 2048, 2048, 2048, 2049]",306.0
1212,9110,44,69,2023-06-18T19:34:44.824000+00:00,21.274,24.267,30.85,258.0,279.0,False,76.391,"[None, 2048, 2048, 2048, 2048]","[2048, 2048, 2048, 2048, 2048, 2048]","[2048, 2048, 2048, 2048, 2048, 2048, 2048]",306.0
1212,9110,27,68,2023-06-18T19:34:45.652000+00:00,21.506,24.708,31.348,259.0,279.0,False,77.562,"[None, 2048, 2048, 2049, 2049]","[2048, 2048, 2048, 2048, 2048, 2048]","[2048, 2048, 2048, 2048, 2048, 2048]",311.0
1212,9110,24,68,2023-06-18T19:34:46.105000+00:00,21.69,24.574,31.183,,281.0,False,77.447,"[None, 2048, 2048, 2048, 2049]","[2048, 2048, 2048, 2048, 2048, 2049]","[2048, 2048, 2048, 2048, 2048, 2048, 2048]",332.0
1212,9110,16,69,2023-06-18T19:34:49.152000+00:00,21.305,24.443,30.749,,281.0,False,76.497,"[None, 2048, 2048, 2048, 2048]","[2048, 2048, 2048, 2048, 2048, 2048]","[2048, 2048, 2048, 2048, 2048, 2048, 2048]",314.0
1212,9110,55,69,2023-06-18T19:34:52.511000+00:00,21.328,24.399,30.622,258.0,280.0,False,76.349,"[None, 2048, 2048, 2048, 2048]","[2048, 2048, 2048, 2048, 2048, 2048]","[2048, 2048, 2048, 2048, 2048, 2048, 2048]",312.0
1212,9110,11,69,2023-06-18T19:35:19.527000+00:00,24.257,25.29,31.645,240.0,257.0,True,81.192,"[2064, 2048, 2048, 2048, 2048]","[2048, 2048, 2048, 2048, 2048, 2048]","[2048, 2048, 2048, 2048, 2048, 2049, 2048]",284.0
1212,9110,23,69,2023-06-18T19:35:30.698000+00:00,21.591,24.641,30.84,,281.0,False,77.072,"[None, 2048, 2049, 2048, 2048]","[2048, 2048, 2048, 2048, 2048, 2048]","[2048, 2048, 2048, 2048, 2048, 2048]",311.0
1212,9110,31,69,2023-06-18T19:35:31.167000+00:00,21.739,24.652,30.682,249.0,276.0,False,77.073,"[None, 2048, 2048, 2048, 2048]","[2048, 2048, 2048, 2048, 2048, 2048]","[2048, 2048, 2049, 2048, 2048, 2048, 2049]",315.0
1212,9110,4,69,2023-06-18T19:35:31.558000+00:00,21.833,24.604,30.635,260.0,280.0,False,77.072,"[None, 2048, 2048, 2048, 2049]","[2048, 2048, 2048, 2048, 2048, 2048]","[2048, 2048, 2049, 2048, 2048, 2048]",321.0
1212,9110,77,69,2023-06-18T19:35:33.917000+00:00,21.498,24.515,31.041,258.0,279.0,False,77.054,"[None, 2048, 2049, 2048, 2049]","[2049, 2048, 2048, 2048, 2048, 2048]","[2048, 2048, 2048, 2048, 2048, 2048, 2048]",308.0
1212,9110,18,69,2023-06-18T19:35:34.432000+00:00,21.624,24.658,30.703,260.0,282.0,False,76.985,"[None, 2048, 2048, 2048, 2048]","[2048, 2048, 2048, 2048, 2048, 2048]","[2048, 2048, 2048, 2048, 2048, 2048, 2048]",328.0
1212,9110,81,69,2023-06-18T19:35:34.979000+00:00,21.811,24.736,30.543,252.0,279.0,False,77.09,"[None, 2048, 2048, 2048, 2048]","[2048, 2048, 2048, 2048, 2048, 2048]","[2048, 2048, 2048, 2048, 2048, 2048]",331.0
1212,9110,10,69,2023-06-18T19:35:35.495000+00:00,21.73,24.706,30.635,255.0,281.0,False,77.071,"[None, 2048, 2049, 2048, 2048]","[2048, 2048, 2049, 2048, 2048, 2049]","[2048, 2048, 2049, 2048, 2048, 2048, 2048]",333.0
1212,9110,20,68,2023-06-18T19:35:41.635000+00:00,21.269,24.438,30.714,255.0,278.0,False,76.421,"[None, 2048, 2048, 2049, 2048]","[2048, 2048, 2048, 2049, 2048, 2048]","[2048, 2048, 2048, 2048, 2048, 2048, 2048]",309.0
1212,9110,22,69,2023-06-18T19:35:43.870000+00:00,21.452,24.551,30.849,,281.0,False,76.852,"[None, 2048, 2048, 2048, 2048]","[2048, 2048, 2048, 2048, 2048, 2048]","[2048, 2048, 2048, 2048, 2048, 2048]",311.0
1212,9110,21,68,2023-06-18T19:35:45.682000+00:00,21.44,24.459,30.838,258.0,282.0,False,76.737,"[None, 2048, 2048, 2048, 2048]","[2049, 2048, 2048, 2048, 2048, 2048]","[2048, 2048, 2048, 2048, 2048, 2048]",314.0
1212,9110,1,70,2023-06-18T19:35:48.026000+00:00,21.174,24.255,30.808,258.0,280.0,False,76.237,"[None, 2048, 2049, 2048, 2048]","[2048, 2048, 2049, 2048, 2048, 2048]","[2048, 2048, 2048, 2048, 2048, 2048, 2048]",312.0
1212,9110,14,70,2023-06-18T19:35:57.448000+00:00,21.049,24.2,31.097,259.0,281.0,False,76.346,"[None, 2048, 2048, 2048, 2049]","[2048, 2048, 2048, 2048, 2048, 2048]","[2048, 2048, 2048, 2048, 2048, 2048, 2048]",298.0
1212,9110,44,70,2023-06-18T19:36:01.213000+00:00,21.565,24.556,31.048,259.0,278.0,False,77.169,"[None, 2048, 2048, 2048, 2048]","[2048, 2048, 2048, 2048, 2048, 2048]","[2048, 2048, 2048, 2048, 2048, 2048, 2048]",306.0
1212,9110,27,69,2023-06-18T19:36:03.213000+00:00,21.858,24.73,31.376,258.0,280.0,False,77.964,"[None, 2048, 2048, 2048, 2048]","[2048, 2048, 2048, 2048, 2048, 2048]","[2048, 2048, 2048, 2048, 2048, 2048, 2048]",309.0
1212,9110,24,69,2023-06-18T19:36:03.541000+00:00,21.961,24.723,31.356,259.0,281.0,False,78.04,"[None, 2048, 2048, 2048, 2048]","[2048, 2048, 2049, 2048, 2048, 2049]","[2048, 2048, 2048, 2048, 2048, 2048, 2048]",332.0
1212,9110,16,70,2023-06-18T19:36:05.666000+00:00,21.48,24.69,31.027,259.0,281.0,False,77.197,"[None, 2048, 2048, 2048, 2048]","[2048, 2048, 2048, 2048, 2048, 2048]","[2048, 2048, 2048, 2048, 2048, 2048]",315.0
1212,9110,55,70,2023-06-18T19:36:08.854000+00:00,21.528,24.643,30.734,257.0,280.0,False,76.905,"[None, 2048, 2048, 2048, 2048]","[2048, 2048, 2048, 2048, 2048, 2048]","[2048, 2048, 2048, 2048, 2048, 2048, 2048]",312.0
1212,9110,11,70,2023-06-18T19:36:40.759000+00:00,20.627,23.762,30.092,257.0,278.0,False,74.481,"[2049, 2051, 2051, 2049, 2049]","[2051, 2049, 2048, 2051, 2049, 2049]","[2051, 2051, 2048, 2048, 2048, 2049]",304.0
1212,9110,23,70,2023-06-18T19:36:47.775000+00:00,21.758,24.595,30.905,,282.0,False,77.258,"[None, 2048, 2048, 2048, 2048]","[2048, 2048, 2048, 2048, 2048, 2048]","[2048, 2048, 2048, 2048, 2048, 2048, 2048]",310.0
1212,9110,31,70,2023-06-18T19:36:48.259000+00:00,21.742,24.656,31.282,254.0,281.0,False,77.68,"[None, 2048, 2048, 2048, 2048]","[2048, 2048, 2049, 2048, 2048, 2048]","[2048, 2048, 2048, 2048, 2048, 2048, 2048]",318.0
1212,9110,4,70,2023-06-18T19:36:48.541000+00:00,21.772,24.602,32.666,259.0,286.0,False,79.04,"[None, 2048, 2049, 2048, 2048]","[2048, 2048, 2048, 2048, 2048, 2051]","[2048, 2048, 2051, 2048, 2048, 2048, 2048]",324.0
1212,9110,77,70,2023-06-18T19:36:50.978000+00:00,21.545,24.689,31.465,259.0,280.0,False,77.699,"[None, 2048, 2048, 2049, 2049]","[2049, 2048, 2048, 2048, 2048, 2048]","[2048, 2048, 2048, 2048, 2048, 2048, 2048]",311.0
1212,9110,18,70,2023-06-18T19:36:51.400000+00:00,21.726,24.668,30.82,259.0,285.0,False,77.214,"[None, 2048, 2048, 2048, 2048]","[2048, 2048, 2048, 2048, 2048, 2049]","[2048, 2048, 2048, 2048, 2048, 2048]",332.0
1212,9110,81,70,2023-06-18T19:36:52.025000+00:00,21.709,24.619,30.968,253.0,284.0,False,77.296,"[None, 2048, 2049, 2048, 2048]","[2048, 2048, 2048, 2048, 2048, 2049]","[2048, 2048, 2048, 2049, 2048, 2048, 2048]",331.0
1212,9110,10,70,2023-06-18T19:36:52.587000+00:00,21.733,24.628,30.542,,282.0,False,76.903,"[None, 2048, 2048, 2048, 2048]","[2048, 2048, 2048, 2048, 2048, 2048]","[2048, 2048, 2048, 2048, 2048, 2048, 2049]",333.0
1212,9110,20,69,2023-06-18T19:36:58.040000+00:00,21.23,24.386,30.821,257.0,280.0,False,76.437,"[2049, 2048, 2048, 2048, 2048]","[2048, 2048, 2048, 2049, 2048, 2048]","[2048, 2048, 2048, 2048, 2048, 2048, 2048]",309.0
1212,9110,22,70,2023-06-18T19:37:00.681000+00:00,21.461,24.562,30.934,,282.0,False,76.957,"[None, 2048, 2048, 2048, 2048]","[2048, 2048, 2048, 2048, 2048, 2048]","[2048, 2048, 2048, 2048, 2048, 2048, 2048]",311.0
1212,9110,21,69,2023-06-18T19:37:02.400000+00:00,21.405,24.529,30.845,,282.0,False,76.779,"[None, 2048, 2048, 2048, 2048]","[2048, 2048, 2048, 2048, 2048, 2048]","[2048, 2048, 2048, 2048, 2048, 2048, 2048]",313.0
1212,9110,1,71,2023-06-18T19:37:04.165000+00:00,,,,,,False,,"[None, 0, 0, 0, 0]","[0, 0, 0, 0, 0, 0]","[0, 0, 0, 0, 0, 0, 0]",
