meeting_key,session_key,driver_number,lap_number,date_start,duration_sector_1,duration_sector_2,duration_sector_3,i1_speed,i2_speed,is_pit_out_lap,lap_duration,segments_sector_1,segments_sector_2,segments_sector_3,st_speed
1226,9197,1,1,2023-11-26T13:03:25.643000+00:00,20.821,38.769,33.004,284.0,293.0,False,92.594,"[2048, 2049, 2051, 2051, 2049]","[2051, 2049, 2049, 2049, 2049, 2049, 2049, 2049, 2049]","[2051, 2049, 2051, 2049, 2049, 2051, 2051, 2051, 2051]",304.0
1226,9197,63,1,2023-11-26T13:03:25.643000+00:00,22.135,38.868,34.232,290.0,288.0,False,95.235,"[2048, 2049, 2049, 2049, 2049]","[2049, 2049, 2049, 2049, 2049, 2049, 2049, 2049, 2049]","[2049, 2049, 2049, 2049, 2049, 2049, 2049, 2049, 2049]",305.0
1226,9197,16,1,2023-11-26T13:03:25.643000+00:00,21.127,38.434,33.924,287.0,308.0,False,93.485,"[None, 2049, 2049, 2049, 2051]","[2049, 2051, 2049, 2049, 2049, 2049, 2049, 2049, 2049]","[2049, 2051, 2049, 2049, 2049, 2049, 2049, 2049, 2049]",305.0
1226,9197,81,1,2023-11-26T13:03:25.643000+00:00,21.501,38.531,34.296,288.0,304.0,False,94.328,"[None, 2049, 2049, 2049, 2049]","[2049, 2049, 2049, 2049, 2049, 2049, 2049, 2049, 2049]","[2049, 2049, 2049, 2049, 2049, 2049, 2049, 2049, 2049]",309.0
1226,9197,27,1,2023-11-26T13:03:25.643000+00:00,24.064,40.214,35.55,280.0,291.0,False,99.828,"[2048, 2049, 2049, 2049, 2049]","[2049, 2049, 2049, 2049, 2049, 2049, 2049, 2049, 2049]","[2049, 2049, 2049, 2049, 2049, 2049, 2049, 2049, 2049]",288.0
1226,9197,11,1,2023-11-26T13:03:25.643000+00:00,23.902,39.841,34.742,285.0,286.0,False,98.485,"[2048, 2049, 2049, 2049, 2049]","[2049, 2049, 2049, 2049, 2049, 2049, 2049, 2049, 2049]","[2049, 2049, 2049, 2049, 2049, 2049, 2049, 2049, 2049]",307.0
1226,9197,4,1,2023-11-26T13:03:25.643000+00:00,22.022,38.613,34.209,288.0,284.0,False,94.844,"[None, 2049, 2049, 2049, 2049]","[2049, 2049, 2049, 2049, 2049, 2051, 2051, 2049, 2049]","[2049, 2049, 2049, 2049, 2049, 2049, 2049, 2049, 2048]",309.0
1226,9197,44,1,2023-11-26T13:03:25.643000+00:00,23.476,39.669,34.527,278.0,293.0,False,97.672,"[2048, 2049, 2049, 2049, 2049]","[2049, 2049, 2049, 2049, 2049, 2049, 2049, 2049, 2049]","[2049, 2049, 2049, 2049, 2049, 2049, 2049, 2049, 2049]",307.0
1226,9197,20,1,2023-11-26T13:03:25.643000+00:00,25.226,40.288,36.471,282.0,277.0,False,101.985,"[2049, 2049, 2049, 2049, 2049]","[2049, 2049, 2049, 2049, 2049, 2049, 2049, 2049, 2049]","[2049, 2049, 2049, 2049, 2049, 2049, 2049, 2049, 2049]",309.0
1226,9197,22,1,2023-11-26T13:03:25.643000+00:00,23.086,39.136,33.981,285.0,291.0,False,96.203,"[None, 2049, 2049, 2049, 2049]","[2049, 2049, 2051, 2049, 2049, 2049, 2049, 2049, 2049]","[2049, 2049, 2049, 2051, 2051, 2049, 2049, 2049, 2049]",312.0
1226,9197,77,1,2023-11-26T13:03:25.643000+00:00,25.205,39.862,35.683,280.0,287.0,False,100.75,"[2049, 2049, 2049, 2049, 2049]","[2049, 2049, 2049, 2049, 2049, 2049, 2049, 2049, 2049]","[2049, 2049, 2049, 2049, 2049, 2049, 2049, 2049, 2049]",293.0
1226,9197,31,1,2023-11-26T13:03:25.643000+00:00,24.059,39.861,34.924,290.0,310.0,False,98.844,"[2048, 2049, 2049, 2049, 2049]","[2049, 2049, 2049, 2049, 2051, 2049, 2049, 2049, 2049]","[2049, 2049, 2049, 2049, 2049, 2049, 2049, 2049, 2049]",311.0
1226,9197,24,1,2023-11-26T13:03:25.643000+00:00,25.488,39.804,36.005,289.0,294.0,False,101.297,"[2049, 2049, 2049, 2049, 2049]","[2049, 2049, 2049, 2049, 2049, 2049, 2049, 2049, 2049]","[2049, 2049, 2049, 2049, 2049, 2049, 2049, 2049, 0]",303.0
1226,9197,14,1,2023-11-26T13:03:25.643000+00:00,22.43,40.05,34.036,286.0,290.0,False,96.516,"[None, 2049, 2049, 2049, 2049]","[2049, 2049, 2049, 2049, 2049, 2049, 2049, 2049, 2049]","[2049, 2049, 2049, 2049, 2049, 2049, 2049, 2049, 2049]",298.0
1226,9197,18,1,2023-11-26T13:03:25.643000+00:00,24.035,39.74,35.303,282.0,293.0,False,99.078,"[2048, 2049, 2049, 2049, 2049]","[2049, 2049, 2049, 2049, 2049, 2049, 2049, 2049, 2049]","[2049, 2049, 2049, 2049, 2049, 2049, 2049, 2049, 2049]",320.0
1226,9197,2,1,2023-11-26T13:03:25.643000+00:00,25.562,40.261,36.662,288.0,264.0,False,102.485,"[2049, 2049, 2049, 2049, 2049]","[2049, 2049, 2049, 2051, 2049, 2049, 2049, 2051, 2049]","[2049, 2049, 2049, 2049, 2049, 2049, 2049, 2049, 2049]",241.0
1226,9197,10,1,2023-11-26T13:03:25.643000+00:00,23.614,39.247,34.092,287.0,305.0,False,96.953,"[None, 2049, 2049, 2049, 2049]","[2049, 2049, 2049, 2049, 2049, 2049, 2049, 2049, 2049]","[2049, 2049, 2049, 2049, 2049, 2049, 2049, 2049, 2048]",310.0
1226,9197,3,1,2023-11-26T13:03:25.643000+00:00,24.924,40.343,35.124,284.0,298.0,False,100.391,"[2049, 2049, 2049, 2049, 2049]","[2049, 2049, 2049, 2049, 2049, 2049, 2049, 2049, 2049]","[2049, 2049, 2049, 2049, 2049, 2049, 2049, 2049, 2049]",267.0
1226,9197,23,1,2023-11-26T13:03:25.643000+00:00,25.322,40.189,35.489,287.0,287.0,False,101.0,"[None, 2049, 2049, 2049, 2049]","[2049, 2049, 2049, 2049, 2049, 2049, 2049, 2049, 2051]","[2049, 2049, 2049, 2049, 2049, 2049, 2049, 2049, 2049]",289.0
1226,9197,55,1,2023-11-26T13:03:25.643000+00:00,24.838,39.984,35.35,281.0,292.0,False,100.172,"[2049, 2049, 2049, 2049, 2049]","[2049, 2049, 2049, 2049, 2049, 2049, 2049, 2049, 2049]","[2049, 2049, 2049, 2049, 2049, 2049, 2049, 2049, 2049]",279.0
1226,9197,1,2,2023-11-26T13:04:58.236000+00:00,18.377,38.691,33.642,281.0,285.0,False,90.71,"[2049, 2051, 2051, 2048, 2048]","[2048, 2048, 2048, 2049, 2048, 2051, 2049, 2049, 2048]","[2048, 2048, 2048, 2048, 2049, 2048, 2048, 2048]",294.0
1226,9197,16,2,2023-11-26T13:04:59.127000+00:00,18.577,38.919,33.621,277.0,290.0,False,91.117,"[2049, 2049, 2049, 2048, 2048]","[2048, 2048, 2048, 2048, 2048, 2049, 2048, 2048, 2048]","[2049, 2048, 2048, 2049, 2049, 2049, 2049, 2051, 2048]",291.0
1226,9197,81,2,2023-11-26T13:04:59.970000+00:00,18.324,38.67,34.081,283.0,300.0,False,91.075,"[2049, 2049, 2049, 2049, 2048]","[2048, 2048, 2048, 2048, 2048, 2049, 2048, 2048, 2048]","[2048, 2049, 2048, 2048, 2049, 2049, 2049, 2049, 2049]",302.0
1226,9197,4,2,2023-11-26T13:05:00.486000+00:00,18.382,38.823,34.225,290.0,280.0,False,91.43,"[2049, 2049, 2049, 2049, 2049]","[2048, 2049, 2048, 2049, 2049, 2048, 2048, 2048, 2049]","[2048, 2048, 2048, 2048, 2049, 2048, 2049, 2049]",317.0
1226,9197,63,2,2023-11-26T13:05:00.877000+00:00,18.501,38.803,34.294,286.0,283.0,False,91.598,"[2049, 2049, 2049, 2049, 2048]","[2049, 2048, 2048, 2048, 2048, 2049, 2049, 2049, 2049]","[2049, 2048, 2048, 2048, 2048, 2049, 2048, 2048, 2049]",295.0
1226,9197,22,2,2023-11-26T13:05:01.845000+00:00,18.483,39.053,34.138,284.0,297.0,False,91.674,"[2049, 2049, 2049, 2049, 2049]","[2049, 2049, 2048, 2048, 2048, 2049, 2049, 2049, 2049]","[2049, 2049, 2048, 2048, 2048, 2048, 2048, 2049, 2048]",299.0
1226,9197,14,2,2023-11-26T13:05:02.158000+00:00,18.292,39.226,34.237,,293.0,False,91.755,"[2049, 2049, 2049, 2051, 2049]","[2049, 2049, 2048, 2049, 2049, 2049, 2049, 2049, 2049]","[2049, 2048, 2049, 2049, 2048, 2048, 2049, 2048, 2048]",298.0
1226,9197,10,2,2023-11-26T13:05:02.595000+00:00,18.41,38.935,34.429,279.0,294.0,False,91.774,"[2049, 2049, 2049, 2049, 2049]","[2049, 2049, 2048, 2048, 2048, 2049, 2049, 2049, 2048]","[2048, 2048, 2048, 2049, 2048, 2048, 2048, 2048, 2049]",296.0
1226,9197,44,2,2023-11-26T13:05:03.314000+00:00,18.456,38.849,34.422,281.0,278.0,False,91.727,"[2049, 2049, 2049, 2049, 2049]","[2048, 2049, 2049, 2049, 2049, 2049, 2049, 2048, 2048]","[2048, 2049, 2048, 2048, 2049, 2048, 2048, 2048, 2048]",297.0
1226,9197,11,2,2023-11-26T13:05:04.127000+00:00,18.483,39.08,34.109,286.0,294.0,False,91.672,"[2049, 2049, 2049, 2049, 2049]","[2048, 2049, 2048, 2048, 2049, 2049, 2048, 2048, 2048]","[2049, 2049, 2048, 2049, 2049, 2049, 2049, 2048, 2048]",284.0
1226,9197,31,2,2023-11-26T13:05:04.486000+00:00,18.536,39.26,34.014,282.0,296.0,False,91.81,"[2049, 2049, 2049, 2049, 2049]","[2049, 2049, 2048, 2048, 2048, 2049, 2048, 2048, 2048]","[2049, 2049, 2048, 2049, 2049, 2049, 2049, 2049, 2049]",302.0
1226,9197,18,2,2023-11-26T13:05:04.720000+00:00,18.489,39.292,34.182,285.0,276.0,False,91.963,"[2049, 2049, 2049, 2049, 2049]","[2049, 2049, 2049, 2048, 2048, 2049, 2049, 2048, 2048]","[2049, 2049, 2048, 2049, 2049, 2049, 2049, 2049, 2048]",295.0
1226,9197,27,2,2023-11-26T13:05:05.470000+00:00,18.791,39.448,34.682,279.0,288.0,False,92.921,"[2049, 2049, 2049, 2049, 2049]","[2049, 2049, 2049, 2048, 2048, 2049, 2048, 2048, 2048]","[2049, 2049, 2048, 2049, 2049, 2049, 2049, 2049, 2049]",297.0
1226,9197,55,2,2023-11-26T13:05:05.814000+00:00,18.867,38.954,34.159,286.0,296.0,False,91.98,"[None, 2049, 2049, 2049, 2049]","[2048, 2049, 2048, 2048, 2048, 2049, 2051, 2051, 2049]","[2049, 2049, 2049, 2049, 2049, 2049, 2049, 2049]",313.0
1226,9197,3,2,2023-11-26T13:05:06.033000+00:00,18.93,39.145,34.667,282.0,303.0,False,92.742,"[None, 2049, 2049, 2049, 2049]","[2049, 2049, 2048, 2048, 2048, 2049, 2049, 2048, 2049]","[2049, 2048, 2048, 2049, 2049, 2049, 2048, 2049, 2048]",304.0
1226,9197,77,2,2023-11-26T13:05:06.392000+00:00,18.909,39.076,34.785,278.0,298.0,False,92.77,"[None, 2049, 2049, 2049, 2049]","[2049, 2049, 2049, 2048, 2048, 2049, 2049, 2049, 2049]","[2049, 2049, 2049, 2049, 2049, 2049, 2049, 2049, 2048]",302.0
1226,9197,23,2,2023-11-26T13:05:06.642000+00:00,18.892,39.357,35.311,286.0,313.0,False,93.56,"[2049, 2049, 2049, 2049, 2049]","[2049, 2049, 2049, 2048, 2048, 2049, 2048, 2048, 2048]","[2049, 2048, 2049, 2049, 2049, 2049, 2049, 2049, 2049]",319.0
1226,9197,24,2,2023-11-26T13:05:06.939000+00:00,18.749,39.191,34.593,287.0,298.0,False,92.533,"[None, 2049, 2049, 2049, 2049]","[2048, 2049, 2048, 2048, 2049, 2049, 2048, 2048, 2048]","[2049, 2049, 2048, 2049, 2049, 2049, 2049, 2048]",298.0
1226,9197,20,2,2023-11-26T13:05:07.627000+00:00,18.777,39.907,34.383,278.0,296.0,False,93.067,"[None, 2049, 2049, 2049, 2049]","[2049, 2049, 2048, 2048, 2048, 2049, 2049, 2048, 2048]","[2049, 2049, 2048, 2049, 2049, 2049, 2049, 2049, 2048]",301.0
1226,9197,2,2,2023-11-26T13:05:08.127000+00:00,18.676,40.296,34.61,287.0,303.0,False,93.582,"[2051, 2049, 2049, 2049, 2049]","[2049, 2049, 2048, 2048, 2051, 2049, 2048, 2048, 2048]","[2049, 2049, 2049, 2049, 2049, 2049, 2049, 2049, 2048]",321.0
1226,9197,1,3,2023-11-26T13:06:28.938000+00:00,18.549,38.725,33.134,280.0,293.0,False,90.408,"[2048, 2048, 2048, 2048, 2048]","[2048, 2048, 2048, 2048, 2049, 2051, 2049, 2049, 2049]","[2048, 2048, 2048, 2048, 2051, 2048, 2048, 2051, 2048]",299.0
1226,9197,16,3,2023-11-26T13:06:30.423000+00:00,18.298,38.407,33.795,279.0,295.0,False,90.5,"[2048, 2049, 2049, 2048, 2048]","[2048, 2048, 2048, 2048, 2048, 2049, 2048, 2049, 2049]","[2048, 2048, 2048, 2049, 2048, 2048, 2048, 2048, 2048]",294.0
1226,9197,81,3,2023-11-26T13:06:31.048000+00:00,18.267,38.209,34.155,285.0,313.0,False,90.631,"[None, 2049, 2049, 2048, 2048]","[2049, 2048, 2048, 2049, 2049, 2048, 2048, 2049, 2049]","[2048, 2048, 2048, 2049, 2048, 2048, 2051, 2049, 2048]",310.0
1226,9197,4,3,2023-11-26T13:06:31.798000+00:00,18.378,38.212,34.124,282.0,300.0,False,90.714,"[2048, 2049, 2049, 2048, 2048]","[2048, 2049, 2048, 2049, 2049, 2049, 2048, 2049, 2049]","[2049, 2048, 2048, 2049, 2049, 2048, 2049, 2049, 2048]",300.0
1226,9197,63,3,2023-11-26T13:06:32.469000+00:00,18.387,38.158,34.053,285.0,303.0,False,90.598,"[None, 2049, 2049, 2049, 2048]","[2048, 2048, 2048, 2049, 2049, 2049, 2049, 2049, 2049]","[2049, 2048, 2048, 2049, 2049, 2048, 2049, 2049, 2048]",307.0
1226,9197,22,3,2023-11-26T13:06:33.251000+00:00,18.382,38.304,33.988,,306.0,False,90.674,"[2048, 2049, 2049, 2049, 2048]","[2049, 2048, 2048, 2049, 2049, 2049, 2048, 2049, 2049]","[2049, 2048, 2048, 2048, 2048, 2049, 2049, 2049]",304.0
1226,9197,14,3,2023-11-26T13:06:33.876000+00:00,18.276,38.309,34.238,,320.0,False,90.823,"[None, 2049, 2048, 2048, 2049]","[2049, 2048, 2048, 2049, 2049, 2049, 2048, 2049, 2049]","[2048, 2048, 2049, 2049, 2048, 2048, 2049, 2049, 2048]",320.0
1226,9197,10,3,2023-11-26T13:06:34.501000+00:00,18.313,38.022,34.489,283.0,310.0,False,90.824,"[None, 2049, 2049, 2048, 2049]","[2048, 2048, 2048, 2049, 2049, 2049, 2049, 2049, 2049]","[2048, 2048, 2048, 2049, 2048, 2048, 2048, 2048, 2048]",317.0
1226,9197,44,3,2023-11-26T13:06:35.094000+00:00,18.492,38.519,34.515,,292.0,False,91.526,"[None, 2051, 2048, 2048, 2048]","[2049, 2048, 2048, 2049, 2049, 2048, 2048, 2049, 2049]","[2048, 2048, 2048, 2048, 2048, 2048, 2048, 2048, 2048]",321.0
1226,9197,11,3,2023-11-26T13:06:35.516000+00:00,18.333,37.906,34.23,288.0,308.0,False,90.469,"[2048, 2048, 2049, 2049, 2049]","[2048, 2048, 2048, 2049, 2051, 2049, 2048, 2049, 2049]","[2049, 2048, 2048, 2048, 2049, 2048, 2048, 2048]",333.0
1226,9197,31,3,2023-11-26T13:06:36.110000+00:00,18.466,38.107,34.46,283.0,314.0,False,91.033,"[None, 2049, 2049, 2049, 2049]","[2049, 2048, 2048, 2049, 2049, 2049, 2048, 2049, 2049]","[2048, 2048, 2048, 2048, 2048, 2048, 2048, 2048, 2048]",320.0
1226,9197,18,3,2023-11-26T13:06:36.751000+00:00,18.445,38.135,34.347,,298.0,False,90.927,"[None, 2048, 2049, 2048, 2049]","[2049, 2048, 2049, 2049, 2049, 2049, 2048, 2049, 2049]","[2049, 2048, 2048, 2048, 2048, 2048, 2049, 2048, 2048]",325.0
1226,9197,55,3,2023-11-26T13:06:37.579000+00:00,18.756,38.685,33.867,277.0,300.0,False,91.308,"[2048, 2049, 2049, 2048, 2048]","[2048, 2049, 2048, 2048, 2048, 2049, 2048, 2048, 2048]","[2049, 2048, 2048, 2049, 2049, 2048, 2049, 2049, 2048]",308.0
1226,9197,27,3,2023-11-26T13:06:38.266000+00:00,18.595,38.591,34.165,286.0,297.0,False,91.351,"[None, 2049, 2049, 2048, 2049]","[2049, 2048, 2048, 2049, 2049, 2049, 2048, 2049, 2049]","[2049, 2049, 2049, 2051, 2049, 2048, 2049, 2049, 2048]",284.0
1226,9197,3,3,2023-11-26T13:06:38.844000+00:00,18.615,38.346,34.558,283.0,292.0,False,91.519,"[2048, 2049, 2049, 2049, 2049]","[2048, 2049, 2048, 2049, 2049, 2049, 2048, 2049, 2049]","[2048, 2048, 2049, 2048, 2049, 2049, 2049, 2049, 2048]",318.0
1226,9197,77,3,2023-11-26T13:06:39.329000+00:00,18.751,38.363,34.584,280.0,317.0,False,91.698,"[2048, 2049, 2048, 2049, 2049]","[2049, 2048, 2048, 2049, 2049, 2049, 2048, 2049, 2049]","[2049, 2049, 2049, 2048, 2048, 2049, 2049, 2049, 2048]",321.0
1226,9197,24,3,2023-11-26T13:06:39.469000+00:00,18.795,38.19,34.832,278.0,294.0,False,91.817,"[2048, 2049, 2048, 2049, 2048]","[2049, 2049, 2048, 2049, 2049, 2049, 2049, 2051, 2049]","[2048, 2048, 2049, 2049, 2049, 2048, 2048, 2049, 2048]",321.0
1226,9197,23,3,2023-11-26T13:06:40.282000+00:00,18.588,38.312,34.868,290.0,304.0,False,91.768,"[2048, 2049, 2049, 2049, 2049]","[2049, 2049, 2048, 2051, 2049, 2049, 2048, 2049, 2049]","[2049, 2048, 2048, 2048, 2049, 2049, 2049, 2048, 2048]",325.0
1226,9197,20,3,2023-11-26T13:06:40.735000+00:00,18.598,38.365,34.748,286.0,317.0,False,91.711,"[2048, 2049, 2049, 2048, 2049]","[2048, 2049, 2048, 2049, 2049, 2049, 2049, 2049, 2049]","[2049, 2048, 2048, 2048, 2048, 2048, 2048, 2049, 2048]",322.0
1226,9197,2,3,2023-11-26T13:06:41.766000+00:00,18.597,38.063,34.74,286.0,314.0,False,91.4,"[2048, 2049, 2049, 2048, 2048]","[2049, 2049, 2048, 2049, 2049, 2049, 2048, 2049, 2051]","[2049, 2048, 2048, 2048, 2048, 2048, 2048, 2049, 2048]",324.0
1226,9197,1,4,2023-11-26T13:07:59.359000+00:00,18.562,38.81,33.344,,291.0,False,90.716,"[None, 2048, 2051, 2048, 2048]","[2048, 2049, 2048, 2048, 2048, 2048, 2048, 2048, 2048]","[2048, 2048, 2048, 2048, 2048, 2048, 2048, 2048, 2048]",293.0
1226,9197,16,4,2023-11-26T13:08:00.828000+00:00,18.451,38.912,33.521,280.0,293.0,False,90.884,"[None, 2049, 2048, 2048, 2048]","[2048, 2048, 2048, 2048, 2048, 2049, 2048, 2048, 2048]","[2049, 2048, 2048, 2049, 2048, 2049, 2048, 2049, 2048]",302.0
1226,9197,81,4,2023-11-26T13:08:01.609000+00:00,18.674,38.622,34.52,284.0,310.0,False,91.816,"[2048, 2048, 2049, 2048, 2048]","[2048, 2048, 2048, 2048, 2048, 2048, 2048, 2048, 2049]","[2048, 2048, 2048, 2048, 2048, 2048, 2048, 2048, 2048]",306.0
1226,9197,4,4,2023-11-26T13:08:02.484000+00:00,18.027,38.157,34.004,290.0,292.0,False,90.188,"[2049, 2051, 2048, 2051, 2051]","[2048, 2048, 2048, 2049, 2049, 2049, 2048, 2048, 2048]","[2048, 2048, 2048, 2049, 2048, 2049, 2051, 2049]",321.0
1226,9197,63,4,2023-11-26T13:08:02.984000+00:00,18.465,38.281,34.051,,307.0,False,90.797,"[2048, 2049, 2048, 2048, 2048]","[2049, 2048, 2048, 2048, 2048, 2049, 2048, 2048, 2049]","[2049, 2048, 2048, 2048, 2048, 2048, 2048, 2048, 2048]",308.0
1226,9197,22,4,2023-11-26T13:08:03.828000+00:00,18.447,38.394,33.916,283.0,306.0,False,90.757,"[None, 2048, 2048, 2049, 2048]","[2048, 2048, 2048, 2049, 2049, 2048, 2048, 2048, 2048]","[2048, 2049, 2049, 2048, 2048, 2049, 2049, 2049, 2048]",306.0
1226,9197,14,4,2023-11-26T13:08:04.796000+00:00,18.227,38.352,34.081,,308.0,False,90.66,"[2048, 2048, 2048, 2049, 2049]","[2048, 2048, 2048, 2049, 2049, 2049, 2048, 2049, 2048]","[2048, 2048, 2049, 2049, 2048, 2048, 2049, 2048]",317.0
1226,9197,10,4,2023-11-26T13:08:05.281000+00:00,18.404,38.134,34.22,282.0,313.0,False,90.758,"[2048, 2048, 2048, 2048, 2048]","[2049, 2048, 2048, 2049, 2049, 2048, 2048, 2048, 2049]","[2048, 2048, 2048, 2049, 2048, 2048, 2049, 2049, 2048]",320.0
1226,9197,11,4,2023-11-26T13:08:05.890000+00:00,18.392,38.174,34.193,284.0,306.0,False,90.759,"[2049, 2049, 2048, 2048, 2048]","[2049, 2048, 2048, 2048, 2048, 2048, 2048, 2048, 2048]","[2048, 2048, 2048, 2048, 2049, 2048, 2048, 2048, 2048]",308.0
1226,9197,44,4,2023-11-26T13:08:06.578000+00:00,18.634,38.016,34.194,,306.0,False,90.844,"[2048, 2048, 2049, 2048, 2048]","[2048, 2048, 2049, 2049, 2049, 2049, 2048, 2048, 2048]","[2049, 2049, 2048, 2049, 2048, 2048, 2048, 2048, 2048]",319.0
1226,9197,31,4,2023-11-26T13:08:07.203000+00:00,18.553,38.24,34.195,284.0,316.0,False,90.988,"[2048, 2048, 2048, 2048, 2048]","[2048, 2048, 2048, 2049, 2049, 2048, 2048, 2048, 2048]","[2048, 2048, 2048, 2049, 2048, 2048, 2049, 2049, 2048]",318.0
1226,9197,18,4,2023-11-26T13:08:07.718000+00:00,18.491,38.306,34.22,287.0,288.0,False,91.017,"[None, 2048, 2048, 2048, 2048]","[2048, 2048, 2048, 2049, 2049, 2048, 2048, 2049, 2048]","[2048, 2048, 2048, 2048, 2048, 2049, 2049, 2048, 2048]",319.0
1226,9197,55,4,2023-11-26T13:08:09.062000+00:00,18.607,38.718,33.774,278.0,298.0,False,91.099,"[None, 2049, 2049, 2049, 2048]","[2048, 2049, 2048, 2048, 2048, 2048, 2048, 2048, 2048]","[2048, 2048, 2049, 2049, 2048, 2049, 2049, 2049, 2048]",308.0
1226,9197,27,4,2023-11-26T13:08:09.765000+00:00,18.375,38.662,34.337,287.0,296.0,False,91.374,"[None, 2049, 2048, 2049, 2049]","[2048, 2048, 2048, 2049, 2049, 2048, 2048, 2048, 2048]","[2049, 2048, 2048, 2051, 2048, 2049, 2049, 2049, 2048]",307.0
1226,9197,3,4,2023-11-26T13:08:10.265000+00:00,18.541,38.174,34.569,285.0,301.0,False,91.284,"[None, 2049, 2049, 2049, 2049]","[2049, 2049, 2048, 2048, 2048, 2049, 2048, 2048, 2048]","[2048, 2048, 2048, 2048, 2048, 2049, 2049, 2048, 2048]",320.0
1226,9197,77,4,2023-11-26T13:08:10.859000+00:00,18.611,38.285,34.385,285.0,311.0,False,91.281,"[None, 2049, 2048, 2048, 2049]","[2049, 2048, 2048, 2048, 2049, 2049, 2048, 2048, 2048]","[2049, 2048, 2049, 2049, 2049, 2048, 2048, 2048, 2049]",327.0
1226,9197,24,4,2023-11-26T13:08:11.484000+00:00,18.648,38.151,34.504,286.0,300.0,False,91.303,"[None, 2048, 2049, 2049, 2048]","[2049, 2049, 2048, 2049, 2049, 2048, 2048, 2048, 2049]","[2048, 2048, 2048, 2049, 2049, 2049, 2048, 2049, 2048]",310.0
1226,9197,23,4,2023-11-26T13:08:12.093000+00:00,18.657,38.211,34.723,287.0,298.0,False,91.591,"[None, 2048, 2048, 2049, 2048]","[2049, 2049, 2048, 2048, 2048, 2049, 2048, 2048, 2048]","[2049, 2048, 2048, 2049, 2048, 2049, 2049, 2049, 2048]",331.0
1226,9197,20,4,2023-11-26T13:08:12.484000+00:00,18.692,38.125,34.776,,322.0,False,91.593,"[None, 2048, 2048, 2048, 2049]","[2049, 2049, 2048, 2049, 2049, 2048, 2049, 2049, 2051]","[2049, 2048, 2048, 2048, 2048, 2048, 2049, 2049, 2048]",335.0
1226,9197,2,4,2023-11-26T13:08:13.093000+00:00,18.657,38.143,34.687,287.0,310.0,False,91.487,"[None, 2048, 2048, 2048, 2048]","[2048, 2049, 2048, 2051, 2049, 2048, 2048, 2048, 2048]","[2048, 2048, 2049, 2049, 2048, 2048, 2048, 2049, 2048]",317.0
1226,9197,1,5,2023-11-26T13:09:30.077000+00:00,18.599,38.714,33.239,,293.0,False,90.552,"[None, 2048, 2048, 2048, 2048]","[2048, 2048, 2048, 2048, 2048, 2048, 2048, 2048, 2049]","[2048, 2048, 2048, 2048, 2048, 2048, 2048, 2051, 2048]",291.0
1226,9197,16,5,2023-11-26T13:09:31.639000+00:00,18.459,38.584,33.416,281.0,299.0,False,90.459,"[None, 2048, 2048, 2048, 2048]","[2048, 2048, 2048, 2048, 2048, 2049, 2048, 2048, 2048]","[2049, 2048, 2048, 2049, 2049, 2048, 2048, 2048, 2048]",305.0
1226,9197,4,5,2023-11-26T13:09:32.702000+00:00,18.047,38.532,33.877,287.0,298.0,False,90.456,"[2048, 2051, 2049, 2048, 2048]","[2048, 2048, 2048, 2048, 2048, 2048, 2048, 2048, 2048]","[2048, 2048, 2048, 2049, 2049, 2048, 2048, 2048, 2048]",303.0
1226,9197,81,5,2023-11-26T13:09:33.467000+00:00,18.12,38.191,34.108,290.0,313.0,False,90.419,"[None, 2048, 2049, 2049, 2049]","[2049, 2048, 2048, 2049, 2049, 2048, 2048, 2049, 2048]","[2048, 2048, 2049, 2048, 2048, 2049, 2049, 2049, 2048]",317.0
1226,9197,63,5,2023-11-26T13:09:33.889000+00:00,18.274,38.198,34.217,290.0,291.0,False,90.689,"[2049, 2048, 2048, 2049, 2049]","[2049, 2048, 2048, 2049, 2049, 2048, 2049, 2049, 2048]","[2048, 2048, 2048, 2048, 2049, 2048, 2048, 2048, 2048]",319.0
1226,9197,22,5,2023-11-26T13:09:34.717000+00:00,18.312,38.533,33.84,287.0,302.0,False,90.685,"[None, 2049, 2049, 2049, 2049]","[2048, 2048, 2048, 2048, 2048, 2048, 2049, 2048, 2048]","[2049, 2048, 2048, 2049, 2048, 2048, 2049, 2049, 2048]",309.0
1226,9197,14,5,2023-11-26T13:09:35.311000+00:00,18.3,38.446,34.027,287.0,307.0,False,90.773,"[2049, 2048, 2048, 2049, 2048]","[2049, 2048, 2048, 2049, 2048, 2048, 2048, 2048, 2048]","[2049, 2048, 2049, 2049, 2048, 2048, 2048, 2049, 2048]",309.0
1226,9197,10,5,2023-11-26T13:09:36.202000+00:00,18.407,38.152,34.205,283.0,316.0,False,90.764,"[None, 2048, 2049, 2048, 2048]","[2048, 2048, 2048, 2048, 2048, 2048, 2048, 2048, 2049]","[2048, 2048, 2049, 2048, 2048, 2048, 2048, 2048, 2048]",326.0
1226,9197,11,5,2023-11-26T13:09:36.749000+00:00,18.35,38.24,34.207,282.0,305.0,False,90.797,"[2048, 2048, 2048, 2049, 2049]","[2048, 2048, 2048, 2048, 2048, 2048, 2048, 2049, 2049]","[2049, 2048, 2048, 2049, 2048, 2049, 2048, 2049, 2048]",306.0
1226,9197,44,5,2023-11-26T13:09:37.436000+00:00,18.431,38.158,34.255,282.0,312.0,False,90.844,"[None, 2049, 2049, 2048, 2049]","[2048, 2048, 2048, 2048, 2049, 2048, 2048, 2048, 2049]","[2049, 2048, 2048, 2048, 2048, 2049, 2048, 2048, 2048]",317.0
1226,9197,31,5,2023-11-26T13:09:38.186000+00:00,18.443,38.295,34.256,,315.0,False,90.994,"[None, 2049, 2048, 2049, 2049]","[2048, 2048, 2048, 2048, 2048, 2049, 2048, 2048, 2048]","[2049, 2048, 2049, 2049, 2048, 2048, 2048, 2048, 2048]",324.0
1226,9197,18,5,2023-11-26T13:09:38.749000+00:00,18.455,38.278,34.361,286.0,294.0,False,91.094,"[2048, 2049, 2049, 2048, 2048]","[2048, 2048, 2048, 2048, 2049, 2048, 2049, 2049, 2048]","[2049, 2048, 2048, 2048, 2048, 2048, 2048, 2049, 2048]",320.0
1226,9197,55,5,2023-11-26T13:09:40.202000+00:00,18.573,38.709,33.876,280.0,300.0,False,91.158,"[None, 2048, 2049, 2049, 2048]","[2048, 2048, 2048, 2048, 2048, 2049, 2048, 2048, 2048]","[2049, 2048, 2048, 2049, 2048, 2048, 2048, 2048, 2048]",306.0
1226,9197,27,5,2023-11-26T13:09:41.030000+00:00,18.371,38.686,34.17,283.0,303.0,False,91.227,"[2048, 2049, 2049, 2049, 2048]","[2049, 2048, 2048, 2048, 2048, 2048, 2048, 2048, 2049]","[2049, 2048, 2048, 2048, 2048, 2048, 2048, 2048, 2048]",311.0
1226,9197,3,5,2023-11-26T13:09:41.592000+00:00,18.512,38.432,34.382,284.0,313.0,False,91.326,"[None, 2049, 2048, 2048, 2049]","[2048, 2048, 2048, 2048, 2048, 2048, 2048, 2048, 2049]","[2049, 2048, 2048, 2049, 2049, 2048, 2049, 2048, 2048]",318.0
1226,9197,77,5,2023-11-26T13:09:42.202000+00:00,18.609,38.388,34.448,,318.0,False,91.445,"[None, 2048, 2049, 2048, 2049]","[2048, 2049, 2048, 2048, 2048, 2048, 2048, 2048, 2049]","[2049, 2048, 2048, 2048, 2048, 2048, 2048, 2048, 2048]",322.0
1226,9197,24,5,2023-11-26T13:09:42.702000+00:00,18.682,38.304,34.454,281.0,295.0,False,91.44,"[None, 2049, 2049, 2048, 2048]","[2048, 2048, 2048, 2048, 2048, 2048, 2048, 2048, 2048]","[2048, 2048, 2049, 2048, 2049, 2048, 2049, 2048, 2048]",300.0
1226,9197,23,5,2023-11-26T13:09:43.686000+00:00,18.605,38.328,34.489,286.0,319.0,False,91.422,"[None, 2048, 2049, 2048, 2048]","[2049, 2048, 2048, 2048, 2048, 2048, 2048, 2048, 2049]","[2049, 2049, 2048, 2048, 2049, 2048, 2048, 2048, 2048]",327.0
1226,9197,20,5,2023-11-26T13:09:44.045000+00:00,18.578,38.157,37.146,,319.0,False,93.881,"[None, 2048, 2048, 2049, 2049]","[2049, 2048, 2048, 2048, 2048, 2049, 2048, 2049, 2051]","[2048, 2048, 2048, 2049, 2048, 2049, 2048, 2064, 2064]",333.0
1226,9197,2,5,2023-11-26T13:09:44.577000+00:00,18.654,38.115,35.506,289.0,317.0,False,92.275,"[None, 2048, 2048, 2048, 2048]","[2048, 2048, 2048, 2051, 2051, 2048, 2049, 2049, 2049]","[2049, 2048, 2048, 2049, 2048, 2048, 2048, 2048]",313.0
1226,9197,1,6,2023-11-26T13:11:00.701000+00:00,18.445,38.767,33.228,281.0,294.0,False,90.44,"[None, 2049, 2051, 2048, 2048]","[2048, 2048, 2048, 2048, 2048, 2048, 2048, 2048, 2048]","[2048, 2048, 2048, 2048, 2048, 2048, 2048, 2048, 2048]",291.0
1226,9197,16,6,2023-11-26T13:11:02.138000+00:00,18.393,38.789,33.362,283.0,298.0,False,90.544,"[None, 2048, 2048, 2048, 2048]","[2048, 2048, 2048, 2048, 2048, 2048, 2048, 2048, 2048]","[2049, 2048, 2048, 2049, 2048, 2048, 2048, 2048, 2048]",302.0
1226,9197,4,6,2023-11-26T13:11:03.169000+00:00,18.186,38.522,33.742,,305.0,False,90.45,"[None, 2048, 2049, 2048, 2048]","[2048, 2048, 2048, 2048, 2048, 2048, 2048, 2048, 2049]","[2049, 2048, 2049, 2049, 2049, 2048, 2048, 2048, 2048]",308.0
1226,9197,81,6,2023-11-26T13:11:04.044000+00:00,18.458,38.246,34.109,286.0,310.0,False,90.813,"[None, 2048, 2048, 2048, 2048]","[2048, 2048, 2048, 2049, 2049, 2048, 2048, 2048, 2048]","[2049, 2048, 2048, 2049, 2048, 2049, 2048, 2048, 2048]",316.0
1226,9197,63,6,2023-11-26T13:11:04.466000+00:00,18.333,38.327,34.148,,296.0,False,90.808,"[2048, 2048, 2048, 2048, 2048]","[2049, 2048, 2048, 2049, 2048, 2048, 2048, 2048, 2048]","[2048, 2048, 2048, 2048, 2049, 2048, 2048, 2048, 2048]",305.0
1226,9197,22,6,2023-11-26T13:11:05.279000+00:00,18.449,38.216,34.121,284.0,306.0,False,90.786,"[None, 2049, 2048, 2048, 2048]","[2048, 2048, 2048, 2048, 2049, 2049, 2048, 2048, 2048]","[2048, 2048, 2048, 2048, 2048, 2048, 2048, 2048, 2048]",315.0
1226,9197,14,6,2023-11-26T13:11:06.185000+00:00,18.289,38.491,34.023,286.0,317.0,False,90.803,"[2048, 2049, 2048, 2048, 2048]","[2048, 2048, 2048, 2048, 2048, 2048, 2048, 2048, 2048]","[2049, 2048, 2048, 2049, 2048, 2048, 2048, 2048, 2048]",315.0
1226,9197,10,6,2023-11-26T13:11:06.810000+00:00,18.321,38.246,34.319,284.0,312.0,False,90.886,"[None, 2048, 2049, 2049, 2048]","[2048, 2048, 2048, 2049, 2049, 2048, 2048, 2048, 2048]","[2048, 2048, 2048, 2048, 2048, 2048, 2048, 2049, 2048]",325.0
1226,9197,11,6,2023-11-26T13:11:07.482000+00:00,18.201,38.145,34.336,289.0,302.0,False,90.682,"[None, 2049, 2049, 2049, 2049]","[2048, 2048, 2048, 2048, 2048, 2048, 2048, 2049, 2049]","[2048, 2048, 2048, 2048, 2048, 2048, 2049, 2048, 2048]",316.0
1226,9197,44,6,2023-11-26T13:11:08.294000+00:00,18.407,38.172,34.055,284.0,305.0,False,90.634,"[None, 2048, 2049, 2048, 2049]","[2048, 2048, 2048, 2048, 2048, 2048, 2048, 2048, 2048]","[2048, 2048, 2048, 2049, 2049, 2048, 2049, 2049, 2048]",314.0
1226,9197,31,6,2023-11-26T13:11:09.138000+00:00,18.427,38.17,34.092,283.0,317.0,False,90.689,"[None, 2048, 2049, 2049, 2048]","[2049, 2049, 2048, 2048, 2048, 2049, 2048, 2048, 2048]","[2049, 2048, 2049, 2049, 2048, 2048, 2048, 2048, 2048]",325.0
1226,9197,18,6,2023-11-26T13:11:09.826000+00:00,18.378,38.118,34.299,287.0,294.0,False,90.795,"[None, 2049, 2048, 2048, 2049]","[2048, 2049, 2048, 2048, 2048, 2049, 2048, 2048, 2048]","[2048, 2048, 2048, 2048, 2048, 2048, 2048, 2049, 2048]",323.0
1226,9197,55,6,2023-11-26T13:11:11.310000+00:00,18.681,38.709,33.785,278.0,300.0,False,91.175,"[None, 2048, 2048, 2048, 2048]","[2048, 2048, 2048, 2048, 2048, 2048, 2048, 2048, 2048]","[2049, 2049, 2048, 2048, 2048, 2048, 2048, 2048, 2048]",307.0
1226,9197,27,6,2023-11-26T13:11:12.263000+00:00,18.391,38.667,34.043,282.0,311.0,False,91.101,"[None, 2048, 2048, 2049, 2048]","[2048, 2048, 2048, 2048, 2048, 2048, 2048, 2048, 2049]","[2049, 2048, 2048, 2048, 2048, 2048, 2048, 2049, 2048]",303.0
1226,9197,3,6,2023-11-26T13:11:12.919000+00:00,18.452,38.316,34.296,,314.0,False,91.064,"[None, 2048, 2048, 2049, 2049]","[2049, 2048, 2048, 2048, 2048, 2048, 2048, 2048, 2048]","[2049, 2048, 2048, 2049, 2048, 2048, 2049, 2048, 2048]",317.0
1226,9197,77,6,2023-11-26T13:11:13.529000+00:00,18.603,38.366,34.153,284.0,315.0,False,91.122,"[None, 2048, 2048, 2049, 2049]","[2048, 2049, 2048, 2048, 2048, 2048, 2048, 2048, 2048]","[2049, 2048, 2048, 2049, 2049, 2049, 2049, 2048, 2048]",320.0
1226,9197,24,6,2023-11-26T13:11:14.169000+00:00,18.61,38.449,34.272,284.0,279.0,False,91.331,"[None, 2049, 2048, 2048, 2048]","[2048, 2048, 2048, 2048, 2048, 2048, 2048, 2048, 2048]","[2048, 2048, 2048, 2048, 2049, 2049, 2049, 2049, 2048]",313.0
1226,9197,23,6,2023-11-26T13:11:15.091000+00:00,18.696,38.325,34.47,,299.0,False,91.491,"[None, 2048, 2048, 2048, 2048]","[2048, 2048, 2048, 2048, 2048, 2048, 2048, 2048, 2048]","[2048, 2048, 2048, 2048, 2049, 2048, 2048, 2049, 2048]",322.0
1226,9197,2,6,2023-11-26T13:11:16.747000+00:00,18.667,38.69,34.355,286.0,309.0,False,91.712,"[None, 2048, 2048, 2049, 2048]","[2049, 2048, 2048, 2048, 2048, 2049, 2048, 2048, 2048]","[2049, 2048, 2048, 2049, 2049, 2048, 2048, 2048, 2048]",311.0
1226,9197,20,6,2023-11-26T13:11:17.872000+00:00,39.081,38.731,33.13,279.0,291.0,True,110.942,"[2064, 2064, 2064, 2064, 2048]","[2048, 2049, 2049, 2048, 2048, 2049, 2048, 2048, 2048]","[2051, 2048, 2048, 2049, 2049, 2049, 2049, 2049, 2049]",292.0
1226,9197,1,7,2023-11-26T13:12:31.090000+00:00,18.491,38.692,33.346,,294.0,False,90.529,"[None, 2049, 2048, 2048, 2048]","[2048, 2049, 2048, 2048, 2048, 2048, 2048, 2048, 2049]","[2048, 2048, 2048, 2048, 2048, 2048, 2048, 2048, 2048]",294.0
1226,9197,16,7,2023-11-26T13:12:32.715000+00:00,18.335,38.704,33.334,,298.0,False,90.373,"[None, 2049, 2048, 2048, 2048]","[2048, 2048, 2048, 2048, 2048, 2048, 2048, 2048, 2048]","[2048, 2048, 2048, 2049, 2048, 2048, 2049, 2048, 2048]",304.0
1226,9197,4,7,2023-11-26T13:12:33.637000+00:00,18.172,38.468,33.893,286.0,301.0,False,90.533,"[None, 2048, 2048, 2048, 2048]","[2048, 2048, 2048, 2048, 2048, 2048, 2048, 2048, 2048]","[2048, 2048, 2048, 2049, 2048, 2048, 2048, 2048, 2048]",308.0
1226,9197,81,7,2023-11-26T13:12:34.731000+00:00,18.383,38.481,34.089,287.0,305.0,False,90.953,"[None, 2048, 2048, 2048, 2048]","[2048, 2048, 2048, 2048, 2048, 2048, 2048, 2048, 2048]","[2048, 2049, 2048, 2049, 2048, 2048, 2048, 2048, 2048]",315.0
1226,9197,63,7,2023-11-26T13:12:35.356000+00:00,18.288,37.88,34.674,288.0,321.0,False,90.842,"[None, 2048, 2048, 2049, 2048]","[2049, 2049, 2048, 2048, 2048, 2048, 2051, 2051, 2049]","[2049, 2048, 2048, 2048, 2048, 2048, 2048, 2048, 2048]",326.0
1226,9197,22,7,2023-11-26T13:12:36.090000+00:00,18.4,38.536,33.89,285.0,297.0,False,90.826,"[None, 2048, 2048, 2048, 2048]","[2048, 2048, 2048, 2048, 2048, 2049, 2048, 2048, 2048]","[2048, 2048, 2048, 2049, 2048, 2048, 2048, 2048, 2048]",316.0
1226,9197,14,7,2023-11-26T13:12:36.997000+00:00,18.32,38.357,34.105,,319.0,False,90.782,"[2049, 2048, 2048, 2048, 2048]","[2048, 2048, 2048, 2048, 2049, 2048, 2048, 2048, 2048]","[2048, 2048, 2048, 2048, 2048, 2048, 2048, 2048, 2048]",325.0
1226,9197,10,7,2023-11-26T13:12:37.668000+00:00,18.367,38.026,34.394,286.0,315.0,False,90.787,"[None, 2048, 2048, 2048, 2049]","[2049, 2048, 2048, 2048, 2048, 2049, 2048, 2048, 2049]","[2048, 2048, 2048, 2049, 2048, 2048, 2048, 2048, 2048]",325.0
1226,9197,11,7,2023-11-26T13:12:38.200000+00:00,18.386,38.081,34.351,290.0,304.0,False,90.818,"[None, 2048, 2048, 2048, 2049]","[2049, 2048, 2048, 2048, 2048, 2048, 2048, 2048, 2048]","[2049, 2048, 2048, 2048, 2048, 2048, 2048, 2048]",309.0
1226,9197,44,7,2023-11-26T13:12:38.934000+00:00,18.454,38.357,34.088,283.0,313.0,False,90.899,"[None, 2048, 2049, 2048, 2048]","[2048, 2048, 2048, 2048, 2048, 2048, 2048, 2048, 2048]","[2048, 2048, 2048, 2048, 2048, 2048, 2048, 2048, 2048]",314.0
1226,9197,31,7,2023-11-26T13:12:39.731000+00:00,18.454,38.344,34.134,281.0,315.0,False,90.932,"[None, 2048, 2048, 2048, 2048]","[2048, 2048, 2048, 2048, 2048, 2048, 2048, 2048, 2048]","[2049, 2048, 2048, 2048, 2048, 2048, 2048, 2048, 2048]",325.0
1226,9197,18,7,2023-11-26T13:12:40.590000+00:00,18.432,38.248,34.376,286.0,296.0,False,91.056,"[None, 2048, 2049, 2048, 2048]","[2049, 2048, 2048, 2048, 2048, 2048, 2049, 2048, 2049]","[2048, 2048, 2048, 2049, 2048, 2048, 2048, 2049, 2048]",316.0
1226,9197,55,7,2023-11-26T13:12:42.496000+00:00,18.563,38.913,33.825,280.0,299.0,False,91.301,"[None, 2049, 2048, 2049, 2048]","[2048, 2048, 2048, 2048, 2048, 2048, 2048, 2048, 2048]","[2049, 2048, 2048, 2048, 2048, 2048, 2048, 2048, 2048]",305.0
1226,9197,27,7,2023-11-26T13:12:43.387000+00:00,18.406,38.583,34.343,280.0,310.0,False,91.332,"[None, 2048, 2049, 2049, 2048]","[2049, 2048, 2048, 2048, 2048, 2049, 2048, 2048, 2049]","[2048, 2048, 2048, 2048, 2048, 2048, 2048, 2048, 2048]",314.0
1226,9197,3,7,2023-11-26T13:12:44.043000+00:00,18.514,38.214,36.344,,312.0,False,93.072,"[None, 2048, 2048, 2048, 2048]","[2048, 2049, 2048, 2048, 2048, 2048, 2048, 2048, 2049]","[2048, 2048, 2048, 2049, 2048, 2048, 2048, 2064, 2064]",319.0
1226,9197,77,7,2023-11-26T13:12:44.684000+00:00,18.591,38.376,34.222,,315.0,False,91.189,"[None, 2048, 2048, 2048, 2048]","[2049, 2049, 2048, 2048, 2048, 2048, 2048, 2048, 2048]","[2049, 2048, 2048, 2049, 2048, 2048, 2048, 2048]",320.0
1226,9197,24,7,2023-11-26T13:12:45.543000+00:00,18.614,38.271,34.342,282.0,295.0,False,91.227,"[None, 2049, 2048, 2048, 2048]","[2048, 2048, 2048, 2048, 2048, 2049, 2048, 2048, 2048]","[2048, 2048, 2048, 2048, 2048, 2048, 2049, 2048, 2048]",318.0
1226,9197,23,7,2023-11-26T13:12:46.512000+00:00,18.537,38.553,34.348,287.0,296.0,False,91.438,"[None, 2049, 2049, 2049, 2048]","[2048, 2048, 2048, 2048, 2048, 2048, 2048, 2048, 2048]","[2048, 2048, 2048, 2048, 2049, 2048, 2048, 2049, 2048]",323.0
1226,9197,2,7,2023-11-26T13:12:48.528000+00:00,18.443,38.482,34.232,287.0,309.0,False,91.157,"[None, 2049, 2049, 2049, 2048]","[2048, 2048, 2048, 2048, 2048, 2049, 2048, 2048, 2048]","[2049, 2048, 2049, 2048, 2048, 2048, 2049, 2048, 2048]",315.0
1226,9197,20,7,2023-11-26T13:13:08.887000+00:00,18.399,38.765,33.281,275.0,291.0,False,90.445,"[2048, 2048, 2049, 2049, 2048]","[2048, 2049, 2048, 2048, 2048, 2048, 2048, 2048, 2048]","[2051, 2048, 2048, 2048, 2048, 2048, 2049, 2051, 2048]",292.0
1226,9197,1,8,2023-11-26T13:14:01.621000+00:00,18.368,38.719,33.429,282.0,293.0,False,90.516,"[None, 2049, 2048, 2048, 2048]","[2048, 2048, 2048, 2048, 2048, 2048, 2048, 2048, 2048]","[2048, 2048, 2048, 2048, 2048, 2048, 2048, 2048, 2048]",294.0
1226,9197,16,8,2023-11-26T13:14:03.152000+00:00,18.321,38.892,33.418,284.0,300.0,False,90.631,"[None, 2048, 2048, 2048, 2048]","[2048, 2048, 2048, 2048, 2048, 2048, 2048, 2048, 2048]","[2049, 2048, 2048, 2048, 2048, 2048, 2049, 2049, 2048]",305.0
1226,9197,4,8,2023-11-26T13:14:04.230000+00:00,,38.456,34.048,,301.0,False,90.676,"[None, 2048, 2048, 2048, 2048]","[2048, 2048, 2048, 2048, 2048, 2048, 2048, 2048, 2048]","[2048, 2048, 2048, 2048, 2049, 2048, 2048, 2048, 2048]",309.0
1226,9197,81,8,2023-11-26T13:14:05.636000+00:00,18.098,38.796,33.901,,301.0,False,90.795,"[None, 2049, 2048, 2048, 2051]","[2048, 2048, 2048, 2048, 2048, 2048, 2048, 2048, 2048]","[2049, 2048, 2048, 2049, 2048, 2048, 2048, 2048, 2048]",302.0
1226,9197,63,8,2023-11-26T13:14:06.277000+00:00,18.35,38.46,34.123,,288.0,False,90.933,"[None, 2048, 2048, 2048, 2048]","[2048, 2048, 2048, 2048, 2048, 2048, 2048, 2048, 2048]","[2048, 2048, 2048, 2048, 2048, 2048, 2048, 2048, 2048]",301.0
1226,9197,22,8,2023-11-26T13:14:06.839000+00:00,18.441,38.424,34.232,286.0,302.0,False,91.097,"[None, 2048, 2048, 2048, 2048]","[2048, 2048, 2048, 2048, 2048, 2048, 2048, 2048, 2048]","[2048, 2048, 2048, 2048, 2048, 2048, 2048, 2049, 2048]",314.0
1226,9197,14,8,2023-11-26T13:14:07.808000+00:00,18.305,38.538,34.266,287.0,320.0,False,91.109,"[2048, 2048, 2048, 2048, 2049]","[2048, 2048, 2048, 2048, 2048, 2048, 2048, 2048, 2048]","[2049, 2048, 2048, 2048, 2048, 2048, 2048, 2048, 2048]",320.0
1226,9197,10,8,2023-11-26T13:14:08.527000+00:00,18.361,38.188,34.395,282.0,314.0,False,90.944,"[None, 2051, 2048, 2048, 2048]","[2048, 2048, 2048, 2048, 2048, 2048, 2048, 2048, 2048]","[2048, 2048, 2048, 2048, 2048, 2048, 2048, 2048]",319.0
1226,9197,11,8,2023-11-26T13:14:08.980000+00:00,18.299,38.345,34.349,287.0,303.0,False,90.993,"[None, 2048, 2048, 2048, 2048]","[2048, 2048, 2048, 2048, 2048, 2048, 2048, 2048, 2048]","[2048, 2048, 2048, 2049, 2048, 2048, 2048, 2048, 2048]",313.0
1226,9197,44,8,2023-11-26T13:14:09.824000+00:00,18.478,38.326,34.257,284.0,307.0,False,91.061,"[None, 2048, 2048, 2048, 2048]","[2048, 2048, 2048, 2048, 2048, 2048, 2048, 2048, 2048]","[2048, 2048, 2048, 2048, 2049, 2048, 2048, 2048]",315.0
1226,9197,31,8,2023-11-26T13:14:10.699000+00:00,18.375,38.366,34.256,282.0,315.0,False,90.997,"[None, 2049, 2049, 2049, 2048]","[2048, 2048, 2048, 2048, 2048, 2048, 2048, 2048, 2048]","[2048, 2048, 2048, 2048, 2048, 2048, 2048, 2048, 2048]",324.0
1226,9197,18,8,2023-11-26T13:14:11.652000+00:00,18.395,38.24,34.353,,301.0,False,90.988,"[None, 2048, 2048, 2048, 2048]","[2048, 2048, 2048, 2048, 2048, 2048, 2048, 2048, 2048]","[2049, 2048, 2048, 2049, 2048, 2048, 2048, 2048, 2048]",324.0
1226,9197,55,8,2023-11-26T13:14:13.824000+00:00,18.525,38.884,33.854,,299.0,False,91.263,"[None, 2048, 2049, 2048, 2048]","[2048, 2048, 2048, 2048, 2048, 2049, 2048, 2048, 2048]","[2048, 2048, 2049, 2051, 2048, 2048, 2048, 2049, 2048]",306.0
1226,9197,27,8,2023-11-26T13:14:14.605000+00:00,18.455,39.105,33.94,,298.0,False,91.5,"[None, 2048, 2048, 2048, 2048]","[2048, 2048, 2048, 2048, 2048, 2048, 2048, 2048, 2048]","[2049, 2048, 2048, 2049, 2048, 2048, 2048, 2048, 2048]",309.0
1226,9197,77,8,2023-11-26T13:14:15.839000+00:00,18.463,38.679,34.064,287.0,311.0,False,91.206,"[None, 2048, 2048, 2049, 2049]","[2048, 2048, 2048, 2048, 2048, 2049, 2048, 2048, 2048]","[2049, 2048, 2048, 2049, 2049, 2048, 2048, 2049, 2048]",303.0
1226,9197,24,8,2023-11-26T13:14:16.667000+00:00,18.506,38.699,34.113,284.0,309.0,False,91.318,"[None, 2048, 2048, 2048, 2048]","[2049, 2048, 2048, 2048, 2048, 2048, 2048, 2048, 2048]","[2049, 2048, 2048, 2049, 2048, 2048, 2049, 2048, 2048]",294.0
1226,9197,3,8,2023-11-26T13:14:17.042000+00:00,38.499,38.802,32.957,281.0,291.0,True,110.258,"[2064, 2064, 2064, 2064, 2048]","[2048, 2049, 2048, 2048, 2048, 2049, 2048, 2048, 2048]","[2049, 2048, 2048, 2049, 2051, 2049, 2049, 2049, 2049]",295.0
1226,9197,23,8,2023-11-26T13:14:17.964000+00:00,18.473,38.845,34.262,288.0,301.0,False,91.58,"[None, 2048, 2049, 2049, 2048]","[2048, 2048, 2048, 2048, 2048, 2049, 2048, 2048, 2048]","[2049, 2048, 2048, 2048, 2049, 2049, 2048, 2049, 2048]",313.0
1226,9197,2,8,2023-11-26T13:14:19.698000+00:00,18.441,38.743,34.358,288.0,308.0,False,91.542,"[None, 2048, 2049, 2048, 2049]","[2049, 2048, 2048, 2048, 2048, 2048, 2048, 2048, 2048]","[2048, 2048, 2048, 2049, 2048, 2048, 2049, 2049, 2048]",312.0
1226,9197,20,8,2023-11-26T13:14:39.276000+00:00,18.342,38.684,33.286,284.0,299.0,False,90.312,"[None, 2049, 2048, 2048, 2048]","[2049, 2048, 2048, 2048, 2048, 2048, 2049, 2048, 2048]","[2048, 2048, 2048, 2049, 2048, 2048, 2048, 2048, 2048]",302.0
1226,9197,1,9,2023-11-26T13:15:32.198000+00:00,18.439,38.862,33.331,,293.0,False,90.632,"[None, 2048, 2048, 2048, 2048]","[2048, 2048, 2048, 2048, 2048, 2048, 2048, 2048, 2048]","[2048, 2048, 2048, 2048, 2048, 2048, 2048, 2048, 2048]",295.0
1226,9197,16,9,2023-11-26T13:15:33.698000+00:00,18.348,38.81,33.273,286.0,304.0,False,90.431,"[None, 2049, 2048, 2048, 2048]","[2048, 2048, 2048, 2048, 2048, 2048, 2048, 2048, 2048]","[2048, 2048, 2048, 2048, 2048, 2048, 2049, 2048, 2048]",309.0
1226,9197,4,9,2023-11-26T13:15:34.776000+00:00,18.159,38.481,33.973,,305.0,False,90.613,"[None, 2049, 2048, 2048, 2048]","[2048, 2048, 2048, 2048, 2048, 2048, 2048, 2048, 2049]","[2049, 2048, 2048, 2048, 2048, 2048, 2048, 2048, 2048]",311.0
1226,9197,81,9,2023-11-26T13:15:36.541000+00:00,18.292,38.686,33.921,285.0,305.0,False,90.899,"[None, 2048, 2048, 2048, 2048]","[2048, 2048, 2048, 2048, 2048, 2048, 2048, 2048, 2048]","[2049, 2048, 2048, 2049, 2048, 2048, 2048, 2048, 2048]",305.0
1226,9197,63,9,2023-11-26T13:15:37.104000+00:00,18.239,38.052,34.476,289.0,321.0,False,90.767,"[None, 2049, 2049, 2048, 2048]","[2049, 2048, 2048, 2048, 2048, 2048, 2048, 2048, 2049]","[2049, 2048, 2048, 2048, 2048, 2048, 2049, 2048, 2048]",313.0
1226,9197,22,9,2023-11-26T13:15:37.979000+00:00,18.343,38.57,33.949,285.0,295.0,False,90.862,"[None, 2048, 2049, 2048, 2048]","[2048, 2048, 2048, 2048, 2048, 2048, 2048, 2048, 2048]","[2048, 2048, 2048, 2049, 2048, 2048, 2048, 2048, 2048]",313.0
1226,9197,14,9,2023-11-26T13:15:38.854000+00:00,18.307,38.477,34.131,288.0,315.0,False,90.915,"[None, 2048, 2048, 2048, 2049]","[2048, 2048, 2048, 2048, 2048, 2049, 2048, 2048, 2048]","[2048, 2048, 2048, 2049, 2048, 2048, 2048, 2049]",323.0
1226,9197,10,9,2023-11-26T13:15:39.401000+00:00,18.498,38.545,34.262,281.0,314.0,False,91.305,"[None, 2048, 2048, 2048, 2048]","[2048, 2048, 2048, 2048, 2048, 2048, 2048, 2048, 2048]","[2048, 2048, 2048, 2049, 2048, 2048, 2048, 2048, 2048]",329.0
1226,9197,11,9,2023-11-26T13:15:40.041000+00:00,18.285,38.576,34.426,289.0,297.0,False,91.287,"[None, 2048, 2048, 2048, 2049]","[2048, 2048, 2048, 2049, 2051, 2048, 2048, 2049, 2048]","[2048, 2048, 2048, 2049, 2048, 2048, 2048, 2049, 2048]",311.0
1226,9197,44,9,2023-11-26T13:15:40.807000+00:00,18.455,38.142,34.535,283.0,310.0,False,91.132,"[None, 2048, 2049, 2048, 2048]","[2048, 2048, 2048, 2048, 2049, 2048, 2048, 2048, 2049]","[2048, 2048, 2048, 2048, 2048, 2048, 2048, 2048, 2048]",319.0
1226,9197,31,9,2023-11-26T13:15:41.776000+00:00,18.412,38.673,33.988,285.0,300.0,False,91.073,"[None, 2049, 2048, 2048, 2048]","[2048, 2048, 2048, 2048, 2048, 2048, 2048, 2048, 2048]","[2049, 2048, 2049, 2049, 2048, 2048, 2048, 2049, 2048]",319.0
1226,9197,18,9,2023-11-26T13:15:42.666000+00:00,18.53,38.626,34.039,284.0,296.0,False,91.195,"[None, 2048, 2049, 2048, 2048]","[2049, 2048, 2048, 2048, 2048, 2048, 2048, 2048, 2048]","[2049, 2048, 2048, 2049, 2048, 2048, 2049, 2049, 2048]",311.0
1226,9197,55,9,2023-11-26T13:15:45.041000+00:00,18.493,38.797,33.675,281.0,299.0,False,90.965,"[None, 2048, 2049, 2048, 2048]","[2048, 2049, 2048, 2048, 2048, 2048, 2048, 2048, 2048]","[2048, 2048, 2049, 2049, 2048, 2048, 2048, 2048, 2048]",306.0
1226,9197,27,9,2023-11-26T13:15:46.244000+00:00,18.495,39.189,33.861,281.0,296.0,False,91.545,"[None, 2048, 2048, 2048, 2048]","[2049, 2048, 2048, 2048, 2048, 2049, 2048, 2048, 2048]","[2049, 2048, 2048, 2051, 2048, 2048, 2048, 2048, 2048]",304.0
1226,9197,77,9,2023-11-26T13:15:47.073000+00:00,18.656,38.887,34.173,280.0,310.0,False,91.716,"[None, 2048, 2048, 2048, 2048]","[2048, 2049, 2048, 2048, 2048, 2048, 2048, 2048, 2048]","[2048, 2048, 2048, 2048, 2048, 2048, 2049, 2048, 2048]",299.0
1226,9197,24,9,2023-11-26T13:15:48.041000+00:00,18.566,38.845,34.251,281.0,310.0,False,91.662,"[None, 2049, 2048, 2048, 2048]","[2048, 2048, 2048, 2048, 2048, 2048, 2048, 2048, 2048]","[2048, 2048, 2048, 2049, 2048, 2048, 2048, 2048, 2048]",306.0
1226,9197,23,9,2023-11-26T13:15:49.494000+00:00,18.449,38.802,34.393,286.0,299.0,False,91.644,"[None, 2049, 2048, 2049, 2048]","[2048, 2049, 2048, 2048, 2048, 2048, 2048, 2048, 2048]","[2048, 2048, 2048, 2049, 2048, 2048, 2048, 2048, 2048]",310.0
1226,9197,2,9,2023-11-26T13:15:51.197000+00:00,18.565,38.683,34.16,,309.0,False,91.408,"[None, 2048, 2048, 2048, 2048]","[2048, 2049, 2048, 2048, 2048, 2048, 2048, 2048, 2048]","[2049, 2048, 2048, 2049, 2049, 2049, 2049, 2048, 2048]",310.0
1226,9197,3,9,2023-11-26T13:16:07.354000+00:00,18.327,38.548,32.94,282.0,293.0,False,89.815,"[2048, 2049, 2049, 2049, 2048]","[2049, 2049, 2048, 2048, 2048, 2049, 2048, 2048, 2048]","[2049, 2049, 2048, 2049, 2048, 2051, 2049, 2049, 2048]",295.0
1226,9197,20,9,2023-11-26T13:16:09.572000+00:00,18.384,38.634,33.307,285.0,300.0,False,90.325,"[None, 2048, 2048, 2048, 2048]","[2048, 2048, 2048, 2048, 2048, 2048, 2048, 2048, 2048]","[2048, 2048, 2048, 2049, 2048, 2048, 2048, 2048, 2048]",299.0
1226,9197,1,10,2023-11-26T13:17:02.822000+00:00,18.414,38.75,33.342,,292.0,False,90.506,"[None, 2049, 2048, 2048, 2048]","[2048, 2048, 2048, 2048, 2048, 2048, 2048, 2048, 2048]","[2048, 2048, 2048, 2048, 2048, 2048, 2048, 2048, 2048]",295.0
1226,9197,16,10,2023-11-26T13:17:04.150000+00:00,18.418,38.773,33.418,284.0,300.0,False,90.609,"[None, 2048, 2048, 2048, 2048]","[2048, 2048, 2048, 2048, 2048, 2048, 2048, 2048, 2048]","[2048, 2048, 2048, 2049, 2048, 2048, 2048, 2048, 2048]",302.0
1226,9197,4,10,2023-11-26T13:17:05.493000+00:00,18.269,38.929,33.714,284.0,300.0,False,90.912,"[None, 2051, 2048, 2048, 2048]","[2048, 2048, 2048, 2048, 2048, 2048, 2048, 2048, 2048]","[2048, 2048, 2049, 2049, 2048, 2048, 2048, 2049, 2048]",302.0
1226,9197,81,10,2023-11-26T13:17:07.353000+00:00,18.25,38.817,34.172,283.0,305.0,False,91.239,"[None, 2049, 2048, 2048, 2048]","[2048, 2048, 2048, 2048, 2048, 2048, 2048, 2048, 2048]","[2048, 2048, 2048, 2049, 2048, 2048, 2048, 2048, 2048]",302.0
1226,9197,63,10,2023-11-26T13:17:07.915000+00:00,18.334,38.308,34.498,288.0,312.0,False,91.14,"[None, 2049, 2048, 2048, 2048]","[2048, 2048, 2048, 2048, 2048, 2048, 2048, 2048, 2048]","[2048, 2048, 2049, 2048, 2048, 2048, 2049, 2048, 2048]",303.0
1226,9197,22,10,2023-11-26T13:17:08.806000+00:00,18.361,38.917,33.826,287.0,298.0,False,91.104,"[None, 2048, 2048, 2048, 2049]","[2048, 2048, 2048, 2048, 2048, 2048, 2048, 2048, 2048]","[2049, 2048, 2048, 2049, 2048, 2048, 2048, 2049, 2048]",302.0
1226,9197,14,10,2023-11-26T13:17:09.728000+00:00,18.337,38.692,34.151,286.0,319.0,False,91.18,"[None, 2048, 2048, 2048, 2048]","[2048, 2048, 2048, 2048, 2048, 2048, 2048, 2048, 2048]","[2048, 2048, 2048, 2048, 2048, 2048, 2048, 2048, 2048]",311.0
1226,9197,10,10,2023-11-26T13:17:10.697000+00:00,18.356,38.536,34.244,285.0,312.0,False,91.136,"[None, 2048, 2048, 2048, 2048]","[2048, 2048, 2048, 2048, 2048, 2048, 2048, 2048, 2048]","[2049, 2048, 2049, 2048, 2048, 2048, 2049, 2048, 2048]",305.0
1226,9197,11,10,2023-11-26T13:17:11.322000+00:00,18.473,38.463,34.278,288.0,310.0,False,91.214,"[None, 2048, 2048, 2048, 2048]","[2048, 2048, 2048, 2048, 2048, 2048, 2048, 2048, 2049]","[2049, 2048, 2048, 2048, 2048, 2048, 2048, 2048, 2048]",302.0
1226,9197,44,10,2023-11-26T13:17:11.993000+00:00,18.522,38.425,34.324,,318.0,False,91.271,"[None, 2048, 2048, 2048, 2048]","[2048, 2048, 2048, 2048, 2048, 2048, 2048, 2048, 2049]","[2049, 2048, 2049, 2048, 2048, 2048, 2048, 2048, 2048]",312.0
1226,9197,31,10,2023-11-26T13:17:12.837000+00:00,18.441,38.486,34.327,284.0,317.0,False,91.254,"[None, 2049, 2048, 2048, 2048]","[2048, 2048, 2048, 2048, 2048, 2048, 2048, 2048, 2048]","[2048, 2048, 2048, 2048, 2048, 2048, 2048, 2048, 2048]",321.0
1226,9197,18,10,2023-11-26T13:17:13.853000+00:00,18.241,38.382,34.451,287.0,306.0,False,91.074,"[None, 2048, 2049, 2049, 2049]","[2048, 2048, 2048, 2048, 2048, 2048, 2048, 2048, 2049]","[2048, 2048, 2048, 2048, 2048, 2048, 2048, 2048, 2048]",320.0
1226,9197,55,10,2023-11-26T13:17:16.087000+00:00,18.601,38.941,33.763,279.0,299.0,False,91.305,"[None, 2049, 2048, 2048, 2048]","[2048, 2048, 2048, 2048, 2048, 2048, 2048, 2048, 2048]","[2048, 2049, 2048, 2048, 2048, 2048, 2048, 2048, 2048]",304.0
1226,9197,27,10,2023-11-26T13:17:17.743000+00:00,18.41,39.198,33.975,,298.0,False,91.583,"[None, 2048, 2048, 2048, 2048]","[2048, 2048, 2048, 2048, 2048, 2048, 2048, 2048, 2048]","[2049, 2048, 2048, 2048, 2048, 2048, 2048, 2048, 2048]",303.0
1226,9197,77,10,2023-11-26T13:17:18.884000+00:00,18.521,39.104,34.088,282.0,295.0,False,91.713,"[None, 2048, 2049, 2048, 2048]","[2048, 2048, 2048, 2048, 2048, 2048, 2048, 2048, 2048]","[2049, 2048, 2048, 2048, 2048, 2048, 2048, 2048]",299.0
1226,9197,24,10,2023-11-26T13:17:19.712000+00:00,18.571,38.832,34.533,282.0,291.0,False,91.936,"[None, 2048, 2048, 2048, 2048]","[2048, 2048, 2048, 2048, 2048, 2048, 2048, 2048, 2048]","[2048, 2048, 2048, 2048, 2048, 2048, 2048, 2048, 2048]",301.0
1226,9197,23,10,2023-11-26T13:17:21.212000+00:00,18.548,38.802,34.628,285.0,302.0,False,91.978,"[None, 2048, 2048, 2048, 2048]","[2048, 2049, 2048, 2048, 2048, 2048, 2048, 2048, 2048]","[2048, 2048, 2048, 2048, 2048, 2048, 2048, 2048, 2048]",310.0
1226,9197,2,10,2023-11-26T13:17:22.665000+00:00,18.514,38.774,34.75,283.0,304.0,False,92.038,"[None, 2048, 2049, 2048, 2048]","[2048, 2049, 2048, 2048, 2048, 2048, 2048, 2048, 2048]","[2048, 2048, 2048, 2048, 2048, 2048, 2048, 2048, 2048]",312.0
1226,9197,3,10,2023-11-26T13:17:37.056000+00:00,18.294,38.729,33.215,,290.0,False,90.238,"[None, 2049, 2049, 2049, 2048]","[2048, 2049, 2048, 2048, 2048, 2048, 2048, 2048, 2048]","[2048, 2048, 2048, 2049, 2048, 2048, 2048, 2048, 2048]",297.0
1226,9197,20,10,2023-11-26T13:17:39.977000+00:00,18.375,38.756,33.683,282.0,297.0,False,90.814,"[None, 2048, 2048, 2049, 2048]","[2048, 2048, 2048, 2048, 2048, 2048, 2048, 2048, 2048]","[2048, 2048, 2048, 2049, 2048, 2048, 2048, 2048, 2048]",299.0
1226,9197,1,11,2023-11-26T13:18:33.258000+00:00,18.432,38.836,33.293,,294.0,False,90.561,"[None, 2048, 2048, 2048, 2048]","[2048, 2048, 2048, 2048, 2048, 2048, 2048, 2049, 2049]","[2048, 2048, 2048, 2049, 2048, 2048, 2048, 2048, 2048]",294.0
1226,9197,16,11,2023-11-26T13:18:34.789000+00:00,18.334,38.725,33.554,286.0,304.0,False,90.613,"[None, 2048, 2048, 2048, 2048]","[2048, 2048, 2048, 2048, 2048, 2048, 2048, 2048, 2048]","[2048, 2048, 2048, 2048, 2048, 2048, 2048, 2048, 2048]",308.0
1226,9197,4,11,2023-11-26T13:18:36.352000+00:00,18.24,39.117,33.871,,300.0,False,91.228,"[None, 2048, 2048, 2048, 2048]","[2048, 2048, 2048, 2048, 2048, 2048, 2048, 2048, 2048]","[2049, 2048, 2048, 2049, 2048, 2048, 2048, 2048, 2048]",300.0
1226,9197,81,11,2023-11-26T13:18:38.680000+00:00,18.212,39.229,35.007,,303.0,False,92.448,"[None, 2048, 2048, 2048, 2048]","[2048, 2048, 2048, 2048, 2048, 2048, 2048, 2048, 2048]","[2048, 2048, 2048, 2048, 2048, 2048, 2048, 2048, 2048]",312.0
1226,9197,63,11,2023-11-26T13:18:39.117000+00:00,18.38,38.516,33.96,289.0,319.0,False,90.856,"[None, 2048, 2048, 2048, 2048]","[2048, 2048, 2048, 2048, 2048, 2048, 2048, 2048, 2048]","[2048, 2048, 2048, 2048, 2048, 2049, 2048, 2048]",319.0
1226,9197,22,11,2023-11-26T13:18:39.914000+00:00,18.296,38.502,34.674,284.0,296.0,False,91.472,"[None, 2049, 2048, 2049, 2049]","[2048, 2048, 2048, 2048, 2048, 2048, 2048, 2048, 2048]","[2048, 2048, 2048, 2048, 2048, 2048, 2048, 2048, 2048]",318.0
1226,9197,14,11,2023-11-26T13:18:40.914000+00:00,18.275,38.379,34.727,288.0,324.0,False,91.381,"[None, 2048, 2048, 2048, 2048]","[2049, 2048, 2048, 2048, 2048, 2048, 2048, 2048, 2049]","[2049, 2048, 2048, 2048, 2048, 2048, 2048, 2048, 2048]",325.0
1226,9197,10,11,2023-11-26T13:18:41.852000+00:00,18.504,38.7,34.263,284.0,302.0,False,91.467,"[None, 2048, 2048, 2048, 2048]","[2048, 2048, 2048, 2048, 2048, 2048, 2048, 2048, 2048]","[2048, 2049, 2048, 2048, 2048, 2048, 2048, 2048, 2048]",314.0
1226,9197,11,11,2023-11-26T13:18:42.492000+00:00,18.31,38.496,34.729,290.0,298.0,False,91.535,"[None, 2048, 2048, 2048, 2049]","[2048, 2048, 2048, 2048, 2048, 2048, 2048, 2048, 2048]","[2048, 2048, 2048, 2048, 2048, 2048, 2048, 2048, 2048]",319.0
1226,9197,44,11,2023-11-26T13:18:43.242000+00:00,18.511,38.455,34.412,285.0,309.0,False,91.378,"[None, 2048, 2048, 2048, 2048]","[2048, 2048, 2048, 2048, 2048, 2048, 2048, 2048, 2048]","[2048, 2048, 2048, 2048, 2048, 2048, 2048, 2048, 2048]",317.0
1226,9197,31,11,2023-11-26T13:18:44.071000+00:00,18.567,38.512,34.343,,317.0,False,91.422,"[None, 2048, 2048, 2048, 2048]","[2049, 2048, 2048, 2048, 2048, 2048, 2048, 2048, 2048]","[2048, 2048, 2048, 2048, 2048, 2048, 2048, 2049, 2048]",319.0
1226,9197,18,11,2023-11-26T13:18:44.867000+00:00,18.398,38.471,34.498,289.0,300.0,False,91.367,"[None, 2048, 2048, 2048, 2048]","[2048, 2048, 2048, 2048, 2048, 2048, 2048, 2048, 2048]","[2048, 2048, 2048, 2048, 2048, 2048, 2048, 2048, 2048]",320.0
1226,9197,55,11,2023-11-26T13:18:47.258000+00:00,18.56,38.706,33.819,281.0,302.0,False,91.085,"[None, 2048, 2048, 2048, 2048]","[2048, 2048, 2048, 2048, 2048, 2049, 2048, 2048, 2049]","[2049, 2048, 2048, 2048, 2048, 2048, 2048, 2048, 2048]",306.0
1226,9197,27,11,2023-11-26T13:18:49.367000+00:00,18.877,39.194,33.931,,308.0,False,92.002,"[None, 2049, 2048, 2048, 2048]","[2048, 2048, 2048, 2048, 2048, 2049, 2048, 2048, 2048]","[2048, 2048, 2048, 2048, 2048, 2048, 2048, 2048, 2048]",303.0
1226,9197,77,11,2023-11-26T13:18:50.492000+00:00,18.622,38.478,34.516,286.0,300.0,False,91.616,"[None, 2048, 2048, 2048, 2048]","[2048, 2048, 2048, 2048, 2048, 2048, 2048, 2048, 2048]","[2048, 2048, 2048, 2048, 2048, 2048, 2048, 2048, 2048]",317.0
1226,9197,24,11,2023-11-26T13:18:51.680000+00:00,18.54,39.009,34.296,,295.0,False,91.845,"[None, 2048, 2048, 2048, 2048]","[2048, 2048, 2048, 2048, 2048, 2048, 2048, 2048, 2048]","[2048, 2048, 2048, 2048, 2048, 2048, 2048, 2048, 2048]",316.0
1226,9197,23,11,2023-11-26T13:18:53.117000+00:00,18.571,38.881,34.51,288.0,304.0,False,91.962,"[None, 2048, 2048, 2048, 2048]","[2048, 2048, 2048, 2048, 2048, 2048, 2048, 2048, 2048]","[2049, 2048, 2048, 2048, 2048, 2048, 2048, 2048, 2048]",314.0
1226,9197,2,11,2023-11-26T13:18:54.758000+00:00,18.495,38.782,34.605,287.0,307.0,False,91.882,"[None, 2049, 2048, 2048, 2048]","[2049, 2048, 2048, 2048, 2048, 2048, 2048, 2048, 2048]","[2049, 2048, 2048, 2048, 2048, 2048, 2048, 2048, 2048]",310.0
1226,9197,3,11,2023-11-26T13:19:07.305000+00:00,18.375,38.9,33.155,,293.0,False,90.43,"[None, 2048, 2048, 2048, 2048]","[2049, 2048, 2048, 2048, 2048, 2048, 2049, 2048, 2048]","[2048, 2048, 2048, 2049, 2048, 2048, 2048, 2048]",294.0
1226,9197,20,11,2023-11-26T13:19:10.726000+00:00,18.464,38.858,33.729,280.0,298.0,False,91.051,"[None, 2048, 2048, 2048, 2048]","[2049, 2048, 2048, 2048, 2048, 2048, 2048, 2048, 2048]","[2048, 2048, 2048, 2048, 2048, 2048, 2048, 2048, 2048]",299.0
1226,9197,1,12,2023-11-26T13:20:03.929000+00:00,18.433,38.875,33.282,281.0,294.0,False,90.59,"[None, 2049, 2048, 2048, 2048]","[2048, 2048, 2048, 2048, 2049, 2048, 2048, 2048, 2048]","[2048, 2048, 2048, 2048, 2048, 2048, 2048, 2048, 2048]",296.0
1226,9197,16,12,2023-11-26T13:20:05.382000+00:00,18.364,38.85,33.37,283.0,300.0,False,90.584,"[None, 2049, 2048, 2048, 2048]","[2048, 2048, 2048, 2048, 2048, 2048, 2048, 2048, 2048]","[2049, 2048, 2048, 2048, 2048, 2048, 2048, 2049, 2048]",306.0
1226,9197,4,12,2023-11-26T13:20:07.554000+00:00,18.276,39.127,33.786,285.0,300.0,False,91.189,"[None, 2048, 2048, 2048, 2048]","[2048, 2048, 2048, 2048, 2048, 2048, 2048, 2048, 2048]","[2048, 2048, 2048, 2048, 2048, 2048, 2048, 2049, 2048]",301.0
1226,9197,63,12,2023-11-26T13:20:09.773000+00:00,18.399,38.959,33.592,284.0,294.0,False,90.95,"[None, 2048, 2049, 2048, 2048]","[2048, 2048, 2048, 2048, 2048, 2048, 2048, 2048, 2048]","[2048, 2049, 2048, 2049, 2049, 2048, 2048, 2048, 2048]",292.0
1226,9197,81,12,2023-11-26T13:20:11.054000+00:00,18.236,38.579,34.489,287.0,311.0,False,91.304,"[None, 2048, 2048, 2048, 2051]","[2049, 2048, 2048, 2048, 2048, 2048, 2048, 2048, 2048]","[2048, 2048, 2048, 2048, 2048, 2048, 2048, 2048, 2048]",313.0
1226,9197,22,12,2023-11-26T13:20:11.663000+00:00,18.411,38.652,34.403,286.0,295.0,False,91.466,"[2049, 2048, 2048, 2048, 2049]","[2048, 2048, 2048, 2049, 2049, 2048, 2048, 2049, 2048]","[2048, 2048, 2048, 2048, 2048, 2048, 2048, 2048, 2048]",301.0
1226,9197,14,12,2023-11-26T13:20:12.257000+00:00,18.486,38.792,36.1,286.0,313.0,False,93.378,"[None, 2048, 2048, 2048, 2048]","[2048, 2048, 2048, 2048, 2048, 2048, 2048, 2048, 2048]","[2049, 2048, 2048, 2048, 2048, 2048, 2048, 2064, 2064]",321.0
1226,9197,10,12,2023-11-26T13:20:13.429000+00:00,18.549,39.059,34.884,286.0,287.0,False,92.492,"[None, 2048, 2048, 2048, 2048]","[2048, 2048, 2048, 2048, 2048, 2048, 2048, 2048, 2048]","[2048, 2048, 2048, 2048, 2048, 2048, 2048, 2048, 2048]",316.0
1226,9197,11,12,2023-11-26T13:20:14.069000+00:00,18.423,38.319,34.132,288.0,318.0,False,90.874,"[None, 2048, 2048, 2048, 2048]","[2048, 2048, 2048, 2048, 2048, 2048, 2048, 2049, 2048]","[2048, 2048, 2048, 2049, 2048, 2048, 2048, 2049]",331.0
1226,9197,44,12,2023-11-26T13:20:14.585000+00:00,18.576,38.393,34.747,284.0,312.0,False,91.716,"[None, 2048, 2048, 2048, 2048]","[2048, 2048, 2048, 2048, 2048, 2048, 2048, 2048, 2048]","[2048, 2048, 2048, 2048, 2048, 2048, 2048, 2049, 2048]",319.0
1226,9197,31,12,2023-11-26T13:20:15.413000+00:00,18.487,38.445,34.595,285.0,318.0,False,91.527,"[None, 2048, 2048, 2048, 2048]","[2048, 2048, 2048, 2048, 2048, 2048, 2048, 2048, 2049]","[2048, 2048, 2048, 2048, 2048, 2048, 2048, 2048, 2048]",324.0
1226,9197,18,12,2023-11-26T13:20:16.319000+00:00,18.416,38.39,34.749,285.0,296.0,False,91.555,"[None, 2048, 2048, 2048, 2048]","[2048, 2048, 2048, 2048, 2048, 2048, 2048, 2049, 2048]","[2048, 2048, 2048, 2048, 2048, 2048, 2048, 2048, 2048]",319.0
1226,9197,55,12,2023-11-26T13:20:18.382000+00:00,18.592,38.813,33.873,,301.0,False,91.278,"[None, 2049, 2048, 2048, 2048]","[2048, 2048, 2048, 2048, 2048, 2048, 2048, 2048, 2049]","[2048, 2048, 2048, 2049, 2048, 2048, 2048, 2048, 2048]",308.0
1226,9197,27,12,2023-11-26T13:20:21.351000+00:00,18.551,39.279,33.997,278.0,299.0,False,91.827,"[None, 2048, 2048, 2048, 2048]","[2048, 2048, 2048, 2048, 2048, 2048, 2048, 2048, 2048]","[2048, 2048, 2048, 2048, 2048, 2048, 2048, 2048, 2048]",301.0
1226,9197,77,12,2023-11-26T13:20:22.069000+00:00,18.705,38.646,34.429,279.0,302.0,False,91.78,"[None, 2048, 2048, 2048, 2048]","[2048, 2048, 2048, 2048, 2048, 2048, 2048, 2048, 2048]","[2048, 2048, 2048, 2048, 2048, 2048, 2048, 2048, 2048]",317.0
1226,9197,24,12,2023-11-26T13:20:23.444000+00:00,18.715,39.336,34.247,281.0,295.0,False,92.298,"[None, 2049, 2048, 2048, 2048]","[2048, 2048, 2048, 2048, 2048, 2048, 2048, 2048, 2048]","[2049, 2048, 2049, 2048, 2048, 2048, 2048, 2048, 2048]",303.0
1226,9197,23,12,2023-11-26T13:20:25.147000+00:00,18.547,38.86,34.551,285.0,306.0,False,91.958,"[None, 2049, 2048, 2048, 2048]","[2049, 2048, 2048, 2048, 2048, 2049, 2048, 2048, 2048]","[2049, 2048, 2048, 2048, 2048, 2048, 2048, 2048, 2048]",314.0
1226,9197,2,12,2023-11-26T13:20:26.632000+00:00,18.484,38.898,34.507,,304.0,False,91.889,"[None, 2048, 2048, 2049, 2048]","[2049, 2048, 2048, 2048, 2048, 2048, 2048, 2048, 2048]","[2049, 2048, 2048, 2048, 2048, 2048, 2048, 2048, 2048]",309.0
1226,9197,3,12,2023-11-26T13:20:37.725000+00:00,18.297,38.633,33.148,,294.0,False,90.078,"[None, 2049, 2048, 2048, 2048]","[2049, 2048, 2048, 2048, 2048, 2048, 2048, 2048, 2048]","[2048, 2049, 2048, 2049, 2048, 2048, 2048, 2048, 2048]",299.0
1226,9197,20,12,2023-11-26T13:20:41.866000+00:00,18.44,38.791,33.56,282.0,298.0,False,90.791,"[None, 2048, 2048, 2048, 2048]","[2048, 2048, 2048, 2048, 2048, 2051, 2048, 2048, 2048]","[2048, 2048, 2048, 2048, 2048, 2048, 2049, 2048, 2048]",302.0
1226,9197,1,13,2023-11-26T13:21:34.522000+00:00,18.427,38.811,33.323,,297.0,False,90.561,"[None, 2048, 2048, 2048, 2048]","[2048, 2048, 2048, 2048, 2048, 2048, 2048, 2048, 2049]","[2048, 2048, 2048, 2048, 2048, 2048, 2048, 2048, 2048]",296.0
1226,9197,16,13,2023-11-26T13:21:35.912000+00:00,18.363,38.996,33.458,285.0,304.0,False,90.817,"[None, 2048, 2048, 2048, 2048]","[2049, 2048, 2048, 2048, 2048, 2048, 2048, 2048, 2048]","[2048, 2048, 2048, 2049, 2048, 2048, 2048, 2048, 2048]",310.0
1226,9197,4,13,2023-11-26T13:21:38.787000+00:00,18.252,39.133,33.628,284.0,302.0,False,91.013,"[None, 2048, 2048, 2048, 2048]","[2048, 2048, 2048, 2048, 2048, 2048, 2048, 2048, 2048]","[2049, 2048, 2048, 2049, 2048, 2048, 2048, 2048, 2048]",302.0
1226,9197,63,13,2023-11-26T13:21:40.834000+00:00,18.448,38.783,33.585,285.0,304.0,False,90.816,"[None, 2048, 2048, 2048, 2048]","[2048, 2049, 2048, 2048, 2048, 2048, 2048, 2048, 2048]","[2048, 2048, 2049, 2049, 2049, 2049, 2048, 2049, 2048]",296.0
1226,9197,81,13,2023-11-26T13:21:42.397000+00:00,18.147,39.102,35.732,284.0,302.0,False,92.981,"[None, 2048, 2048, 2049, 2048]","[2048, 2048, 2048, 2048, 2048, 2048, 2048, 2048, 2048]","[2048, 2048, 2048, 2049, 2048, 2048, 2049, 2064, 2064]",299.0
1226,9197,22,13,2023-11-26T13:21:42.975000+00:00,18.45,38.688,34.06,283.0,298.0,False,91.198,"[2048, 2048, 2048, 2048, 2048]","[2048, 2048, 2048, 2048, 2048, 2048, 2048, 2048, 2048]","[2048, 2048, 2048, 2048, 2048, 2048, 2049, 2048, 2048]",308.0
1226,9197,11,13,2023-11-26T13:21:44.865000+00:00,18.204,39.188,33.917,286.0,305.0,False,91.309,"[None, 2048, 2049, 2049, 2048]","[2048, 2048, 2048, 2048, 2048, 2048, 2048, 2048, 2048]","[2048, 2048, 2048, 2049, 2048, 2048, 2048, 2049, 2048]",306.0
1226,9197,14,13,2023-11-26T13:21:45.678000+00:00,38.626,38.618,32.761,284.0,298.0,True,110.005,"[2064, 2064, 2064, 2064, 2048]","[2048, 2049, 2048, 2048, 2048, 2049, 2049, 2048, 2048]","[2051, 2048, 2048, 2049, 2049, 2049, 2049, 2049, 2049]",296.0
1226,9197,10,13,2023-11-26T13:21:45.834000+00:00,18.474,38.727,34.331,280.0,310.0,False,91.532,"[None, 2048, 2048, 2048, 2048]","[2048, 2048, 2048, 2048, 2048, 2048, 2048, 2048, 2048]","[2048, 2048, 2048, 2048, 2048, 2048, 2048, 2048]",303.0
1226,9197,44,13,2023-11-26T13:21:46.334000+00:00,18.559,38.622,34.508,285.0,303.0,False,91.689,"[None, 2048, 2048, 2048, 2048]","[2048, 2048, 2048, 2048, 2048, 2048, 2048, 2048, 2048]","[2048, 2048, 2048, 2048, 2048, 2048, 2048, 2048]",317.0
1226,9197,31,13,2023-11-26T13:21:46.975000+00:00,18.587,38.638,34.545,,315.0,False,91.77,"[None, 2048, 2048, 2048, 2048]","[2048, 2048, 2048, 2048, 2048, 2048, 2048, 2048, 2048]","[2048, 2048, 2048, 2048, 2048, 2048, 2048, 2048, 2048]",319.0
1226,9197,18,13,2023-11-26T13:21:47.850000+00:00,18.418,38.562,34.651,287.0,290.0,False,91.631,"[None, 2048, 2048, 2048, 2048]","[2048, 2048, 2048, 2048, 2048, 2048, 2048, 2048, 2048]","[2048, 2048, 2048, 2048, 2048, 2048, 2048, 2048, 2048]",314.0
1226,9197,55,13,2023-11-26T13:21:49.615000+00:00,18.731,38.72,33.934,282.0,303.0,False,91.385,"[None, 2048, 2048, 2048, 2048]","[2048, 2048, 2048, 2048, 2048, 2048, 2048, 2048, 2049]","[2048, 2048, 2048, 2048, 2048, 2048, 2048, 2048]",308.0
1226,9197,27,13,2023-11-26T13:21:53.084000+00:00,18.528,39.281,35.91,279.0,305.0,False,93.719,"[None, 2048, 2048, 2048, 2048]","[2048, 2048, 2048, 2048, 2048, 2048, 2048, 2048, 2048]","[2048, 2048, 2048, 2048, 2048, 2048, 2048, 2064, 2064]",300.0
1226,9197,77,13,2023-11-26T13:21:53.928000+00:00,18.528,38.556,34.803,283.0,314.0,False,91.887,"[None, 2048, 2048, 2049, 2048]","[2048, 2048, 2048, 2048, 2048, 2048, 2048, 2048, 2048]","[2048, 2048, 2048, 2048, 2048, 2048, 2048, 2048, 2048]",319.0
1226,9197,24,13,2023-11-26T13:21:55.834000+00:00,18.661,39.177,36.061,,297.0,False,93.899,"[None, 2048, 2048, 2048, 2048]","[2048, 2048, 2048, 2048, 2048, 2048, 2048, 2048, 2048]","[2048, 2048, 2049, 2048, 2048, 2048, 2048, 2064, 2064]",300.0
1226,9197,23,13,2023-11-26T13:21:57.068000+00:00,18.568,38.523,34.609,287.0,319.0,False,91.7,"[None, 2048, 2048, 2048, 2048]","[2049, 2048, 2048, 2048, 2048, 2048, 2048, 2048, 2048]","[2048, 2048, 2048, 2048, 2048, 2048, 2048, 2049]",316.0
1226,9197,2,13,2023-11-26T13:21:58.459000+00:00,18.511,38.795,34.744,286.0,311.0,False,92.05,"[None, 2048, 2048, 2048, 2048]","[2048, 2048, 2048, 2048, 2048, 2048, 2048, 2048, 2048]","[2049, 2048, 2048, 2048, 2048, 2048, 2048, 2048]",309.0
1226,9197,3,13,2023-11-26T13:22:07.803000+00:00,18.307,38.668,33.296,283.0,298.0,False,90.271,"[None, 2048, 2048, 2048, 2048]","[2048, 2048, 2048, 2048, 2048, 2048, 2048, 2048, 2048]","[2048, 2048, 2049, 2048, 2048, 2048, 2048, 2048, 2048]",301.0
1226,9197,20,13,2023-11-26T13:22:12.677000+00:00,18.513,38.908,33.535,,296.0,False,90.956,"[None, 2048, 2048, 2048, 2048]","[2048, 2048, 2048, 2048, 2048, 2048, 2048, 2048, 2048]","[2048, 2048, 2048, 2049, 2048, 2048, 2048, 2048, 2048]",300.0
1226,9197,1,14,2023-11-26T13:23:05.052000+00:00,18.412,38.79,33.445,,295.0,False,90.647,"[None, 2048, 2048, 2048, 2048]","[2048, 2048, 2048, 2049, 2049, 2048, 2048, 2048, 2049]","[2048, 2048, 2048, 2048, 2048, 2048, 2048, 2048, 2048]",297.0
1226,9197,16,14,2023-11-26T13:23:06.802000+00:00,18.339,38.754,33.478,286.0,305.0,False,90.571,"[None, 2048, 2048, 2048, 2048]","[2048, 2048, 2048, 2048, 2048, 2048, 2048, 2048, 2048]","[2049, 2048, 2048, 2048, 2048, 2048, 2049, 2048, 2048]",309.0
1226,9197,4,14,2023-11-26T13:23:09.739000+00:00,18.146,38.924,35.324,,302.0,False,92.394,"[None, 2048, 2048, 2048, 2048]","[2048, 2048, 2048, 2048, 2048, 2048, 2048, 2048, 2048]","[2049, 2048, 2048, 2049, 2048, 2048, 2048, 2064, 2064]",303.0
1226,9197,63,14,2023-11-26T13:23:11.708000+00:00,18.441,38.965,35.065,284.0,301.0,False,92.471,"[None, 2048, 2048, 2048, 2048]","[2048, 2048, 2048, 2048, 2048, 2048, 2048, 2048, 2048]","[2048, 2049, 2049, 2048, 2048, 2048, 2049, 2064, 2064]",302.0
1226,9197,22,14,2023-11-26T13:23:14.005000+00:00,18.216,39.042,33.592,,296.0,False,90.85,"[None, 2049, 2049, 2049, 2048]","[2048, 2048, 2048, 2048, 2048, 2048, 2048, 2048, 2048]","[2048, 2048, 2048, 2048, 2048, 2048, 2048, 2049, 2048]",300.0
1226,9197,81,14,2023-11-26T13:23:15.333000+00:00,38.098,38.61,33.376,282.0,304.0,True,110.084,"[2064, 2064, 2064, 2064, 2048]","[2048, 2048, 2049, 2048, 2048, 2048, 2049, 2048, 2048]","[2048, 2049, 2048, 2048, 2049, 2049, 2051, 2048, 2048]",310.0
1226,9197,11,14,2023-11-26T13:23:16.224000+00:00,18.193,39.121,33.876,283.0,306.0,False,91.19,"[None, 2048, 2049, 2049, 2048]","[2048, 2048, 2048, 2048, 2048, 2048, 2048, 2048, 2048]","[2049, 2048, 2048, 2049, 2048, 2048, 2048, 2049]",299.0
1226,9197,10,14,2023-11-26T13:23:17.239000+00:00,18.406,38.946,34.105,282.0,295.0,False,91.457,"[None, 2048, 2048, 2048, 2048]","[2048, 2048, 2048, 2048, 2048, 2048, 2048, 2048, 2048]","[2049, 2048, 2048, 2048, 2048, 2048, 2049, 2048]",302.0
1226,9197,44,14,2023-11-26T13:23:17.880000+00:00,18.573,38.592,34.267,283.0,307.0,False,91.432,"[None, 2048, 2048, 2048, 2048]","[2049, 2048, 2048, 2048, 2048, 2048, 2048, 2048, 2048]","[2048, 2048, 2048, 2049, 2048, 2048, 2048, 2048]",315.0
1226,9197,31,14,2023-11-26T13:23:18.692000+00:00,18.573,38.671,34.403,,314.0,False,91.647,"[None, 2048, 2048, 2048, 2048]","[2048, 2048, 2048, 2048, 2048, 2048, 2048, 2048, 2048]","[2048, 2048, 2048, 2048, 2048, 2048, 2048, 2048, 2048]",314.0
1226,9197,18,14,2023-11-26T13:23:19.520000+00:00,18.516,38.556,34.621,286.0,289.0,False,91.693,"[None, 2048, 2048, 2048, 2048]","[2048, 2048, 2048, 2048, 2048, 2048, 2048, 2048, 2048]","[2048, 2048, 2048, 2048, 2048, 2048, 2048, 2048]",312.0
1226,9197,55,14,2023-11-26T13:23:20.911000+00:00,18.608,38.696,34.112,284.0,303.0,False,91.416,"[None, 2048, 2048, 2048, 2048]","[2048, 2048, 2048, 2048, 2048, 2048, 2048, 2048, 2049]","[2048, 2048, 2048, 2048, 2048, 2048, 2048, 2048, 2048]",310.0
1226,9197,77,14,2023-11-26T13:23:25.739000+00:00,18.479,39.172,34.058,278.0,291.0,False,91.709,"[None, 2049, 2049, 2048, 2048]","[2048, 2048, 2048, 2048, 2048, 2048, 2048, 2048, 2048]","[2049, 2048, 2048, 2048, 2048, 2049, 2048, 2048, 2049]",295.0
1226,9197,27,14,2023-11-26T13:23:26.739000+00:00,38.268,39.22,33.255,282.0,288.0,True,110.743,"[2064, 2064, 2064, 2064, 2048]","[2048, 2048, 2048, 2048, 2048, 2049, 2049, 2048, 2048]","[2048, 2049, 2048, 2048, 2049, 2049, 2049, 2049, 2049]",292.0
1226,9197,23,14,2023-11-26T13:23:28.677000+00:00,18.478,38.871,34.306,286.0,304.0,False,91.655,"[None, 2048, 2048, 2049, 2048]","[2049, 2048, 2048, 2048, 2048, 2048, 2048, 2048, 2048]","[2049, 2048, 2048, 2048, 2048, 2048, 2048, 2048]",309.0
1226,9197,24,14,2023-11-26T13:23:29.536000+00:00,40.299,39.024,33.079,277.0,287.0,True,112.402,"[2064, 2064, 2064, 2064, 2048]","[2048, 2049, 2048, 2048, 2048, 2049, 2048, 2048, 2048]","[2049, 2049, 2048, 2049, 2049, 2049, 2049, 2049, 2049]",290.0
1226,9197,2,14,2023-11-26T13:23:30.364000+00:00,18.53,38.79,34.505,287.0,308.0,False,91.825,"[None, 2048, 2048, 2048, 2048]","[2048, 2048, 2048, 2048, 2048, 2048, 2048, 2048, 2048]","[2048, 2048, 2048, 2049, 2048, 2048, 2048, 2048]",311.0
1226,9197,14,14,2023-11-26T13:23:35.723000+00:00,17.994,38.502,33.97,290.0,316.0,False,90.466,"[2049, 2049, 2049, 2051, 2049]","[2048, 2048, 2049, 2048, 2048, 2048, 2049, 2049, 2048]","[2048, 2049, 2048, 2048, 2048, 2048, 2048, 2048, 2048]",318.0
1226,9197,3,14,2023-11-26T13:23:38.130000+00:00,18.319,38.766,33.339,285.0,296.0,False,90.424,"[None, 2049, 2048, 2048, 2048]","[2048, 2048, 2048, 2048, 2048, 2048, 2048, 2048, 2048]","[2048, 2048, 2049, 2048, 2048, 2048, 2048, 2048, 2048]",302.0
1226,9197,20,14,2023-11-26T13:23:43.598000+00:00,18.401,38.941,33.732,,296.0,False,91.074,"[None, 2048, 2048, 2048, 2048]","[2048, 2048, 2048, 2048, 2048, 2048, 2048, 2048, 2048]","[2048, 2048, 2048, 2048, 2048, 2048, 2048, 2048]",300.0
1226,9197,1,15,2023-11-26T13:24:35.660000+00:00,18.168,38.814,33.285,282.0,295.0,False,90.267,"[None, 2049, 2048, 2048, 2048]","[2048, 2048, 2048, 2048, 2048, 2048, 2048, 2049, 2048]","[2048, 2048, 2048, 2049, 2048, 2048, 2049, 2049, 2048]",298.0
1226,9197,16,15,2023-11-26T13:24:37.395000+00:00,18.3,38.83,33.488,284.0,299.0,False,90.618,"[None, 2048, 2048, 2048, 2048]","[2048, 2048, 2048, 2048, 2048, 2048, 2048, 2048, 2048]","[2049, 2048, 2048, 2048, 2048, 2048, 2048, 2048, 2048]",304.0
1226,9197,4,15,2023-11-26T13:24:42.191000+00:00,40.781,38.081,34.338,292.0,300.0,True,113.2,"[2064, 2064, 2064, 2064, 2049]","[2048, 2049, 2048, 2048, 2049, 2048, 2048, 2048, 2048]","[2048, 2049, 2048, 2048, 2048, 2048, 2048, 2048, 2049]",330.0
1226,9197,63,15,2023-11-26T13:24:44.098000+00:00,38.295,38.07,33.152,288.0,309.0,True,109.517,"[2064, 2064, 2064, 2064, 2048]","[2048, 2049, 2048, 2048, 2048, 2049, 2048, 2048, 2048]","[2048, 2049, 2049, 2049, 2048, 2049, 2051, 2049, 2051]",308.0
1226,9197,22,15,2023-11-26T13:24:45.035000+00:00,18.148,39.23,33.523,,296.0,False,90.901,"[None, 2049, 2049, 2049, 2049]","[2048, 2048, 2048, 2048, 2048, 2048, 2048, 2048, 2048]","[2048, 2048, 2048, 2048, 2049, 2048, 2049, 2049]",297.0
1226,9197,11,15,2023-11-26T13:24:47.457000+00:00,18.275,39.038,33.912,284.0,305.0,False,91.225,"[None, 2051, 2048, 2048, 2048]","[2048, 2048, 2048, 2048, 2048, 2048, 2048, 2048, 2048]","[2049, 2048, 2048, 2048, 2048, 2048, 2049, 2048]",308.0
1226,9197,10,15,2023-11-26T13:24:48.801000+00:00,18.403,39.192,34.391,283.0,303.0,False,91.986,"[None, 2048, 2048, 2048, 2048]","[2048, 2048, 2048, 2048, 2048, 2048, 2048, 2048, 2048]","[2048, 2048, 2048, 2048, 2048, 2048, 2049, 2048]",303.0
1226,9197,44,15,2023-11-26T13:24:49.316000+00:00,18.438,38.687,36.526,,314.0,False,93.651,"[None, 2048, 2048, 2049, 2049]","[2049, 2048, 2048, 2048, 2048, 2048, 2048, 2048, 2048]","[2048, 2048, 2048, 2048, 2048, 2048, 2048, 2064, 2064]",321.0
1226,9197,31,15,2023-11-26T13:24:50.379000+00:00,18.439,38.517,36.711,284.0,316.0,False,93.667,"[None, 2048, 2048, 2048, 2048]","[2049, 2048, 2048, 2048, 2048, 2048, 2048, 2048, 2048]","[2048, 2048, 2048, 2048, 2048, 2048, 2048, 2064, 2064]",322.0
1226,9197,18,15,2023-11-26T13:24:51.066000+00:00,18.371,38.228,34.713,285.0,290.0,False,91.312,"[None, 2048, 2048, 2049, 2048]","[2048, 2048, 2048, 2048, 2048, 2048, 2049, 2049, 2048]","[2048, 2048, 2048, 2048, 2048, 2048, 2048, 2048, 2048]",322.0
1226,9197,55,15,2023-11-26T13:24:52.504000+00:00,18.705,38.826,34.088,279.0,303.0,False,91.619,"[None, 2048, 2048, 2048, 2048]","[2048, 2048, 2048, 2048, 2048, 2048, 2048, 2048, 2048]","[2048, 2048, 2048, 2048, 2048, 2048, 2048, 2048, 2048]",307.0
1226,9197,77,15,2023-11-26T13:24:57.410000+00:00,18.43,39.097,33.909,281.0,293.0,False,91.436,"[None, 2048, 2049, 2048, 2048]","[2049, 2048, 2048, 2048, 2048, 2048, 2048, 2048, 2048]","[2048, 2048, 2048, 2048, 2048, 2049, 2049, 2049]",296.0
1226,9197,23,15,2023-11-26T13:25:00.410000+00:00,18.45,39.002,34.277,,308.0,False,91.729,"[None, 2048, 2048, 2048, 2048]","[2048, 2048, 2048, 2048, 2048, 2048, 2048, 2048, 2048]","[2049, 2048, 2048, 2049, 2048, 2048, 2048, 2048, 2048]",311.0
1226,9197,2,15,2023-11-26T13:25:02.332000+00:00,18.502,38.974,37.38,,306.0,False,94.856,"[None, 2048, 2048, 2048, 2048]","[2048, 2048, 2048, 2048, 2048, 2048, 2048, 2048, 2048]","[2048, 2048, 2048, 2048, 2048, 2048, 2048, 2064, 2064]",310.0
1226,9197,81,15,2023-11-26T13:25:05.363000+00:00,18.265,38.003,34.381,281.0,310.0,False,90.649,"[2048, 2048, 2049, 2051, 2048]","[2048, 2048, 2048, 2049, 2048, 2048, 2048, 2049, 2048]","[2048, 2048, 2048, 2048, 2048, 2048, 2048, 2048, 2048]",313.0
1226,9197,14,15,2023-11-26T13:25:06.082000+00:00,18.169,38.198,34.022,287.0,317.0,False,90.389,"[2048, 2048, 2048, 2049, 2048]","[2048, 2048, 2048, 2048, 2048, 2048, 2048, 2048, 2048]","[2048, 2048, 2048, 2048, 2048, 2048, 2048, 2048]",317.0
1226,9197,3,15,2023-11-26T13:25:08.488000+00:00,18.36,38.68,33.435,282.0,299.0,False,90.475,"[None, 2048, 2048, 2049, 2048]","[2048, 2048, 2048, 2048, 2048, 2048, 2048, 2048, 2048]","[2049, 2048, 2048, 2048, 2048, 2048, 2048, 2048, 2048]",301.0
1226,9197,20,15,2023-11-26T13:25:14.504000+00:00,18.422,39.023,33.796,281.0,299.0,False,91.241,"[None, 2048, 2048, 2048, 2048]","[2048, 2048, 2048, 2048, 2048, 2048, 2048, 2048, 2048]","[2048, 2048, 2048, 2048, 2048, 2048, 2048, 2048, 2048]",300.0
1226,9197,27,15,2023-11-26T13:25:17.597000+00:00,18.386,38.636,33.111,275.0,293.0,False,90.133,"[2049, 2048, 2049, 2048, 2048]","[2049, 2049, 2049, 2048, 2048, 2049, 2049, 2048, 2048]","[2048, 2049, 2048, 2048, 2048, 2048, 2049, 2048, 2048]",296.0
1226,9197,24,15,2023-11-26T13:25:22.191000+00:00,18.353,38.907,33.502,,288.0,False,90.762,"[2048, 2048, 2049, 2049, 2048]","[2049, 2049, 2048, 2048, 2048, 2048, 2048, 2048, 2048]","[2048, 2049, 2048, 2048, 2048, 2048, 2048, 2048, 2048]",292.0
1226,9197,1,16,2023-11-26T13:26:05.894000+00:00,18.117,39.027,35.414,283.0,295.0,False,92.558,"[None, 2048, 2048, 2049, 2049]","[2048, 2048, 2048, 2048, 2048, 2048, 2048, 2048, 2048]","[2048, 2048, 2048, 2049, 2048, 2048, 2049, 2064, 2064]",297.0
1226,9197,16,16,2023-11-26T13:26:07.925000+00:00,18.28,38.862,33.569,285.0,300.0,False,90.711,"[None, 2048, 2048, 2048, 2048]","[2048, 2048, 2048, 2048, 2048, 2048, 2048, 2048, 2048]","[2048, 2048, 2048, 2048, 2048, 2048, 2049, 2048, 2048]",305.0
1226,9197,22,16,2023-11-26T13:26:15.753000+00:00,18.438,39.183,33.46,279.0,293.0,False,91.081,"[None, 2048, 2048, 2048, 2048]","[2048, 2048, 2048, 2048, 2048, 2048, 2048, 2048, 2048]","[2049, 2048, 2048, 2048, 2048, 2048, 2048, 2049, 2048]",296.0
1226,9197,11,16,2023-11-26T13:26:18.550000+00:00,18.276,39.123,33.976,285.0,304.0,False,91.375,"[None, 2048, 2048, 2048, 2048]","[2048, 2048, 2048, 2048, 2048, 2048, 2048, 2048, 2048]","[2048, 2048, 2048, 2049, 2048, 2048, 2048, 2048, 2048]",308.0
1226,9197,10,16,2023-11-26T13:26:20.815000+00:00,18.622,39.22,34.431,281.0,294.0,False,92.273,"[None, 2048, 2048, 2048, 2048]","[2048, 2048, 2048, 2048, 2048, 2048, 2048, 2048, 2048]","[2048, 2048, 2048, 2048, 2048, 2048, 2048, 2048, 2048]",301.0
1226,9197,18,16,2023-11-26T13:26:22.440000+00:00,18.244,38.627,34.422,287.0,292.0,False,91.293,"[2049, 2049, 2048, 2048, 2049]","[2049, 2048, 2048, 2048, 2048, 2048, 2048, 2048, 2048]","[2048, 2048, 2048, 2048, 2048, 2048, 2048, 2048, 2048]",299.0
1226,9197,44,16,2023-11-26T13:26:23.018000+00:00,38.911,38.738,33.186,283.0,295.0,True,110.835,"[2064, 2064, 2064, 2064, 2048]","[2049, 2048, 2048, 2048, 2048, 2048, 2049, 2048, 2048]","[2049, 2048, 2049, 2049, 2049, 2049, 2049, 2049, 2049]",297.0
1226,9197,31,16,2023-11-26T13:26:24.018000+00:00,38.873,37.87,33.872,288.0,324.0,True,110.615,"[2064, 2064, 2064, 2064, 2048]","[2048, 2049, 2048, 2048, 2048, 2049, 2049, 2049, 2049]","[2049, 2048, 2049, 2048, 2048, 2048, 2049, 2049, 2049]",321.0
1226,9197,55,16,2023-11-26T13:26:24.112000+00:00,18.519,38.835,33.843,282.0,301.0,False,91.197,"[None, 2049, 2048, 2048, 2048]","[2048, 2048, 2048, 2048, 2048, 2048, 2048, 2048, 2048]","[2048, 2048, 2048, 2049, 2048, 2048, 2048, 2049]",304.0
1226,9197,77,16,2023-11-26T13:26:28.831000+00:00,18.451,39.171,33.853,283.0,292.0,False,91.475,"[None, 2048, 2049, 2048, 2048]","[2048, 2048, 2048, 2048, 2048, 2048, 2048, 2048, 2048]","[2048, 2048, 2048, 2049, 2048, 2049, 2049, 2048]",296.0
1226,9197,23,16,2023-11-26T13:26:32.143000+00:00,18.458,38.965,36.859,288.0,299.0,False,94.282,"[None, 2048, 2048, 2048, 2048]","[2048, 2048, 2048, 2048, 2048, 2048, 2048, 2048, 2048]","[2048, 2048, 2048, 2048, 2048, 2048, 2048, 2064, 2064]",309.0
1226,9197,63,16,2023-11-26T13:26:33.518000+00:00,18.051,37.919,33.567,289.0,302.0,False,89.537,"[2049, 2049, 2049, 2049, 2049]","[2048, 2048, 2048, 2048, 2048, 2048, 2051, 2048, 2048]","[2048, 2048, 2048, 2048, 2049, 2048, 2048, 2049, 2048]",310.0
1226,9197,4,16,2023-11-26T13:26:35.409000+00:00,17.889,38.492,33.273,284.0,301.0,False,89.654,"[2049, 2049, 2049, 2049, 2048]","[2048, 2048, 2048, 2048, 2048, 2048, 2048, 2048, 2048]","[2048, 2048, 2049, 2048, 2049, 2048, 2048, 2049, 2048]",297.0
1226,9197,81,16,2023-11-26T13:26:36.050000+00:00,18.02,38.231,34.025,287.0,309.0,False,90.276,"[None, 2048, 2048, 2048, 2048]","[2048, 2048, 2048, 2048, 2048, 2048, 2048, 2048, 2048]","[2048, 2048, 2049, 2048, 2048, 2048, 2048, 2048, 2048]",313.0
1226,9197,14,16,2023-11-26T13:26:36.409000+00:00,18.305,38.252,33.757,289.0,311.0,False,90.314,"[None, 2048, 2048, 2048, 2048]","[2048, 2048, 2048, 2048, 2048, 2048, 2048, 2048, 2048]","[2048, 2048, 2048, 2048, 2048, 2048, 2048, 2048]",324.0
1226,9197,2,16,2023-11-26T13:26:37.206000+00:00,39.278,38.862,33.764,282.0,301.0,True,111.904,"[2064, 2064, 2064, 2064, 2048]","[2048, 2048, 2048, 2048, 2048, 2048, 2048, 2048, 2048]","[2048, 2048, 2048, 2048, 2049, 2049, 2049, 2048, 2048]",305.0
1226,9197,3,16,2023-11-26T13:26:39.096000+00:00,18.403,38.657,33.422,283.0,297.0,False,90.482,"[None, 2048, 2048, 2048, 2048]","[2048, 2048, 2048, 2048, 2048, 2048, 2048, 2048, 2048]","[2048, 2048, 2048, 2048, 2048, 2048, 2048, 2048]",302.0
1226,9197,20,16,2023-11-26T13:26:45.924000+00:00,18.602,39.239,34.069,,297.0,False,91.91,"[None, 2048, 2048, 2048, 2048]","[2048, 2048, 2048, 2048, 2048, 2048, 2048, 2048, 2048]","[2048, 2048, 2048, 2049, 2048, 2048, 2048, 2048]",300.0
1226,9197,27,16,2023-11-26T13:26:47.768000+00:00,18.155,38.444,33.975,281.0,311.0,False,90.574,"[None, 2048, 2048, 2049, 2048]","[2049, 2048, 2048, 2048, 2048, 2048, 2048, 2049, 2048]","[2048, 2048, 2049, 2048, 2048, 2048, 2048, 2048]",298.0
1226,9197,24,16,2023-11-26T13:26:52.752000+00:00,18.294,39.023,33.525,284.0,293.0,False,90.842,"[None, 2049, 2049, 2048, 2048]","[2049, 2048, 2048, 2048, 2048, 2048, 2048, 2048, 2048]","[2048, 2048, 2049, 2048, 2048, 2048, 2048, 2048]",297.0
1226,9197,1,17,2023-11-26T13:27:38.455000+00:00,38.181,38.775,33.232,283.0,289.0,True,110.188,"[2064, 2064, 2064, 2064, 2048]","[2048, 2048, 2048, 2049, 2048, 2048, 2048, 2049, 2048]","[2048, 2048, 2048, 2048, 2048, 2048, 2048, 2048, 2048]",292.0
1226,9197,16,17,2023-11-26T13:27:38.643000+00:00,18.312,38.936,35.22,283.0,302.0,False,92.468,"[None, 2048, 2048, 2048, 2048]","[2048, 2048, 2048, 2048, 2048, 2048, 2048, 2048, 2048]","[2049, 2048, 2048, 2051, 2048, 2048, 2048, 2064, 2064]",306.0
1226,9197,22,17,2023-11-26T13:27:46.971000+00:00,18.349,39.234,33.645,281.0,295.0,False,91.228,"[None, 2048, 2048, 2048, 2048]","[2048, 2048, 2048, 2048, 2048, 2048, 2048, 2048, 2048]","[2048, 2048, 2048, 2048, 2048, 2048, 2048, 2048]",297.0
1226,9197,11,17,2023-11-26T13:27:50.096000+00:00,18.259,39.069,35.928,288.0,304.0,False,93.256,"[None, 2048, 2048, 2048, 2048]","[2048, 2048, 2048, 2048, 2048, 2048, 2048, 2048, 2048]","[2048, 2048, 2048, 2048, 2048, 2048, 2048, 2064, 2064]",308.0
1226,9197,10,17,2023-11-26T13:27:53.142000+00:00,18.546,39.403,36.76,282.0,311.0,False,94.709,"[None, 2048, 2048, 2048, 2048]","[2048, 2048, 2048, 2048, 2048, 2048, 2048, 2048, 2048]","[2048, 2048, 2048, 2048, 2048, 2048, 2048, 2064, 2064]",308.0
1226,9197,18,17,2023-11-26T13:27:53.752000+00:00,18.396,38.336,33.768,288.0,289.0,False,90.5,"[2048, 2048, 2048, 2048, 2048]","[2048, 2048, 2048, 2048, 2048, 2049, 2049, 2048, 2048]","[2048, 2048, 2048, 2049, 2048, 2048, 2049, 2049]",327.0
1226,9197,55,17,2023-11-26T13:27:55.299000+00:00,18.674,39.069,33.878,279.0,303.0,False,91.621,"[None, 2048, 2048, 2048, 2048]","[2048, 2048, 2048, 2048, 2048, 2048, 2048, 2048, 2048]","[2048, 2048, 2048, 2049, 2048, 2048, 2048, 2049]",307.0
1226,9197,77,17,2023-11-26T13:28:00.361000+00:00,18.625,39.187,33.749,281.0,293.0,False,91.561,"[None, 2048, 2048, 2048, 2048]","[2048, 2048, 2048, 2048, 2048, 2048, 2048, 2048, 2048]","[2048, 2048, 2048, 2049, 2048, 2048, 2048, 2048, 2048]",297.0
1226,9197,63,17,2023-11-26T13:28:03.080000+00:00,18.34,38.357,33.352,284.0,293.0,False,90.049,"[2048, 2048, 2049, 2048, 2048]","[2048, 2048, 2048, 2048, 2048, 2048, 2048, 2048, 2048]","[2048, 2048, 2048, 2048, 2049, 2048, 2048, 2048, 2048]",294.0
1226,9197,4,17,2023-11-26T13:28:04.955000+00:00,18.372,38.62,33.141,283.0,302.0,False,90.133,"[2048, 2048, 2048, 2048, 2048]","[2048, 2048, 2048, 2048, 2048, 2048, 2048, 2048, 2048]","[2048, 2049, 2049, 2048, 2049, 2049, 2049, 2048, 2048]",301.0
1226,9197,81,17,2023-11-26T13:28:06.330000+00:00,18.153,38.146,33.655,288.0,316.0,False,89.954,"[None, 2048, 2048, 2048, 2048]","[2049, 2048, 2048, 2048, 2048, 2049, 2048, 2048, 2048]","[2048, 2048, 2049, 2049, 2048, 2048, 2048, 2048, 2048]",313.0
1226,9197,23,17,2023-11-26T13:28:06.439000+00:00,39.219,38.776,33.906,285.0,297.0,True,111.901,"[2064, 2064, 2064, 2064, 2048]","[2048, 2049, 2048, 2048, 2048, 2049, 2048, 2048, 2048]","[2048, 2048, 2048, 2048, 2049, 2049, 2048, 2048, 2049]",304.0
1226,9197,14,17,2023-11-26T13:28:06.877000+00:00,18.192,38.241,33.875,290.0,312.0,False,90.308,"[None, 2048, 2048, 2049, 2049]","[2048, 2048, 2048, 2048, 2048, 2048, 2048, 2048, 2048]","[2048, 2048, 2048, 2048, 2048, 2048, 2048, 2048]",321.0
1226,9197,3,17,2023-11-26T13:28:09.377000+00:00,18.347,38.753,33.291,285.0,299.0,False,90.391,"[None, 2048, 2048, 2048, 2049]","[2048, 2048, 2048, 2048, 2048, 2048, 2048, 2048, 2048]","[2048, 2048, 2048, 2049, 2048, 2048, 2048, 2048, 2048]",300.0
1226,9197,44,17,2023-11-26T13:28:13.970000+00:00,18.145,38.667,33.283,,299.0,False,90.095,"[2049, 2051, 2049, 2049, 2049]","[2048, 2048, 2048, 2048, 2048, 2048, 2049, 2048, 2048]","[2048, 2048, 2048, 2048, 2049, 2049, 2049, 2049, 2048]",298.0
1226,9197,31,17,2023-11-26T13:28:14.658000+00:00,18.215,37.981,33.938,283.0,297.0,False,90.134,"[2048, 2048, 2049, 2049, 2049]","[2048, 2048, 2048, 2048, 2048, 2048, 2049, 2049, 2048]","[2048, 2048, 2048, 2048, 2049, 2048, 2048, 2048]",319.0
1226,9197,20,17,2023-11-26T13:28:17.658000+00:00,18.588,39.295,34.571,,295.0,False,92.454,"[None, 2048, 2048, 2048, 2048]","[2048, 2048, 2048, 2048, 2048, 2048, 2048, 2048, 2048]","[2048, 2048, 2048, 2048, 2048, 2048, 2048, 2048]",299.0
1226,9197,27,17,2023-11-26T13:28:18.220000+00:00,18.393,38.632,33.331,283.0,294.0,False,90.356,"[2048, 2048, 2048, 2048, 2048]","[2048, 2048, 2049, 2049, 2048, 2048, 2048, 2048, 2048]","[2048, 2048, 2048, 2048, 2048, 2048, 2048, 2049]",315.0
1226,9197,24,17,2023-11-26T13:28:23.533000+00:00,18.372,38.943,33.577,282.0,294.0,False,90.892,"[None, 2049, 2048, 2048, 2048]","[2048, 2048, 2048, 2048, 2048, 2048, 2048, 2048, 2048]","[2048, 2048, 2048, 2048, 2048, 2048, 2048, 2048, 2048]",298.0
1226,9197,2,17,2023-11-26T13:28:29.142000+00:00,18.154,38.3,33.95,288.0,302.0,False,90.404,"[2048, 2049, 2049, 2049, 2049]","[2049, 2049, 2048, 2048, 2048, 2048, 2049, 2048, 2048]","[2048, 2048, 2048, 2048, 2048, 2048, 2048, 2048, 2048]",307.0
1226,9197,16,18,2023-11-26T13:29:11.048000+00:00,39.127,38.465,32.75,284.0,296.0,True,110.342,"[2064, 2064, 2064, 2064, 2048]","[2048, 2048, 2048, 2048, 2048, 2048, 2049, 2048, 2048]","[2048, 2048, 2048, 2048, 2049, 2051, 2051, 2048, 2049]",299.0
1226,9197,22,18,2023-11-26T13:29:18.110000+00:00,18.324,39.329,33.591,,295.0,False,91.244,"[None, 2048, 2048, 2048, 2048]","[2048, 2048, 2048, 2048, 2048, 2048, 2048, 2048, 2048]","[2048, 2048, 2048, 2048, 2048, 2048, 2048, 2048, 2048]",298.0
1226,9197,11,18,2023-11-26T13:29:23.251000+00:00,37.789,38.424,32.818,283.0,305.0,True,109.031,"[2064, 2064, 2064, 2064, 2048]","[2048, 2049, 2048, 2048, 2048, 2049, 2049, 2048, 2048]","[2051, 2049, 2048, 2048, 2049, 2049, 2049, 2048, 2049]",306.0
1226,9197,18,18,2023-11-26T13:29:24.282000+00:00,18.283,38.922,33.806,286.0,292.0,False,91.011,"[None, 2048, 2048, 2048, 2048]","[2049, 2048, 2048, 2048, 2048, 2048, 2048, 2048, 2048]","[2049, 2048, 2048, 2049, 2048, 2048, 2049, 2048]",296.0
1226,9197,55,18,2023-11-26T13:29:26.751000+00:00,18.509,38.793,33.658,285.0,305.0,False,90.96,"[None, 2048, 2048, 2048, 2049]","[2049, 2048, 2048, 2048, 2048, 2048, 2048, 2048, 2048]","[2049, 2048, 2048, 2048, 2048, 2049, 2049, 2048]",309.0
1226,9197,10,18,2023-11-26T13:29:27.735000+00:00,39.957,38.211,33.237,283.0,294.0,True,111.405,"[2064, 2064, 2064, 2064, 2048]","[2048, 2048, 2048, 2048, 2048, 2048, 2049, 2048, 2048]","[2049, 2049, 2048, 2048, 2049, 2049, 2049, 2049, 2048]",330.0
1226,9197,1,18,2023-11-26T13:29:28.626000+00:00,18.177,38.474,33.245,284.0,294.0,False,89.896,"[2048, 2048, 2048, 2048, 2048]","[2048, 2048, 2048, 2049, 2049, 2048, 2049, 2049, 2049]","[2048, 2048, 2048, 2048, 2048, 2048, 2048, 2048, 2048]",300.0
1226,9197,77,18,2023-11-26T13:29:32.047000+00:00,18.756,39.036,34.444,,309.0,False,92.236,"[None, 2048, 2048, 2048, 2048]","[2048, 2048, 2048, 2048, 2048, 2048, 2048, 2048, 2048]","[2048, 2048, 2048, 2048, 2048, 2048, 2048, 2048, 2048]",317.0
1226,9197,63,18,2023-11-26T13:29:33.313000+00:00,18.172,37.765,33.585,289.0,303.0,False,89.522,"[None, 2048, 2048, 2049, 2048]","[2048, 2048, 2048, 2049, 2049, 2048, 2048, 2048, 2048]","[2048, 2049, 2048, 2049, 2048, 2048, 2048, 2048, 2048]",319.0
1226,9197,4,18,2023-11-26T13:29:35.219000+00:00,18.156,38.535,33.353,284.0,301.0,False,90.044,"[None, 2048, 2048, 2048, 2048]","[2048, 2048, 2048, 2048, 2048, 2049, 2048, 2048, 2048]","[2048, 2048, 2048, 2049, 2048, 2048, 2048, 2048, 2048]",304.0
1226,9197,81,18,2023-11-26T13:29:36.344000+00:00,18.066,38.811,33.561,285.0,302.0,False,90.438,"[None, 2049, 2048, 2048, 2051]","[2048, 2048, 2048, 2048, 2048, 2048, 2048, 2048, 2048]","[2049, 2048, 2048, 2049, 2048, 2048, 2048, 2048, 2048]",303.0
1226,9197,14,18,2023-11-26T13:29:37.001000+00:00,18.105,38.509,33.766,289.0,309.0,False,90.38,"[None, 2048, 2048, 2048, 2048]","[2048, 2048, 2048, 2048, 2048, 2048, 2048, 2048, 2048]","[2048, 2048, 2048, 2048, 2048, 2048, 2048, 2048]",316.0
1226,9197,3,18,2023-11-26T13:29:39.766000+00:00,18.488,38.859,33.35,283.0,297.0,False,90.697,"[None, 2048, 2048, 2048, 2048]","[2048, 2048, 2048, 2048, 2048, 2048, 2048, 2048, 2048]","[2048, 2048, 2048, 2048, 2048, 2048, 2048, 2048]",301.0
1226,9197,44,18,2023-11-26T13:29:43.969000+00:00,18.256,38.538,33.263,284.0,301.0,False,90.057,"[2048, 2048, 2048, 2048, 2048]","[2048, 2048, 2048, 2048, 2048, 2048, 2048, 2048, 2048]","[2048, 2049, 2048, 2048, 2049, 2048, 2049, 2048]",300.0
1226,9197,31,18,2023-11-26T13:29:44.813000+00:00,18.231,38.188,33.857,,306.0,False,90.276,"[2049, 2049, 2049, 2048, 2048]","[2048, 2048, 2048, 2048, 2048, 2048, 2048, 2048, 2048]","[2048, 2048, 2048, 2048, 2048, 2049, 2048, 2048, 2048]",319.0
1226,9197,27,18,2023-11-26T13:29:48.594000+00:00,18.276,39.376,33.983,279.0,283.0,False,91.635,"[None, 2048, 2048, 2048, 2048]","[2048, 2048, 2048, 2048, 2048, 2048, 2048, 2048, 2048]","[2048, 2048, 2048, 2048, 2048, 2048, 2048, 2048, 2048]",297.0
1226,9197,20,18,2023-11-26T13:29:50.125000+00:00,18.646,39.094,34.368,283.0,302.0,False,92.108,"[None, 2048, 2048, 2048, 2048]","[2048, 2048, 2048, 2048, 2048, 2048, 2048, 2048, 2048]","[2048, 2048, 2048, 2048, 2048, 2048, 2048, 2048, 2048]",305.0
1226,9197,24,18,2023-11-26T13:29:54.594000+00:00,18.4,38.991,33.582,283.0,292.0,False,90.973,"[None, 2048, 2048, 2048, 2048]","[2048, 2048, 2048, 2048, 2048, 2048, 2048, 2048, 2048]","[2048, 2048, 2049, 2049, 2048, 2048, 2048, 2048, 2048]",298.0
1226,9197,23,18,2023-11-26T13:29:58.391000+00:00,18.34,38.394,33.729,286.0,299.0,False,90.463,"[2048, 2048, 2049, 2048, 2048]","[2048, 2049, 2048, 2048, 2048, 2049, 2049, 2048, 2048]","[2048, 2049, 2048, 2048, 2049, 2049, 2048, 2048, 2049]",305.0
1226,9197,2,18,2023-11-26T13:29:59.594000+00:00,18.362,38.45,34.483,,293.0,False,91.295,"[None, 2048, 2048, 2048, 2048]","[2048, 2049, 2048, 2048, 2048, 2048, 2048, 2048, 2048]","[2048, 2048, 2048, 2048, 2048, 2048, 2048, 2048, 2048]",303.0
1226,9197,22,19,2023-11-26T13:30:49.390000+00:00,18.493,39.332,33.628,280.0,294.0,False,91.453,"[None, 2048, 2048, 2048, 2048]","[2049, 2048, 2048, 2048, 2048, 2048, 2048, 2048, 2048]","[2048, 2048, 2048, 2049, 2048, 2048, 2048, 2048, 2048]",296.0
1226,9197,18,19,2023-11-26T13:30:55.156000+00:00,18.352,38.735,33.553,,294.0,False,90.64,"[None, 2048, 2048, 2049, 2048]","[2048, 2048, 2048, 2048, 2048, 2049, 2048, 2048, 2048]","[2048, 2048, 2048, 2049, 2048, 2049, 2049, 2049]",300.0
1226,9197,55,19,2023-11-26T13:30:57.828000+00:00,18.528,38.785,34.238,282.0,310.0,False,91.551,"[None, 2048, 2048, 2048, 2048]","[2048, 2049, 2048, 2048, 2048, 2048, 2048, 2049, 2049]","[2048, 2048, 2048, 2048, 2048, 2048, 2049, 2048, 2048]",302.0
1226,9197,1,19,2023-11-26T13:30:58.609000+00:00,18.279,38.057,33.05,287.0,301.0,False,89.386,"[2049, 2048, 2048, 2048, 2048]","[2048, 2048, 2048, 2049, 2049, 2048, 2048, 2048, 2049]","[2048, 2048, 2048, 2048, 2048, 2048, 2048, 2048, 2048]",323.0
1226,9197,16,19,2023-11-26T13:31:01.843000+00:00,18.153,38.519,33.236,282.0,298.0,False,89.908,"[2048, 2048, 2049, 2048, 2048]","[2048, 2048, 2048, 2048, 2048, 2048, 2048, 2048, 2048]","[2048, 2048, 2048, 2048, 2048, 2048, 2048, 2048, 2048]",302.0
1226,9197,63,19,2023-11-26T13:31:02.718000+00:00,18.502,38.526,33.33,283.0,298.0,False,90.358,"[None, 2048, 2048, 2048, 2048]","[2048, 2048, 2048, 2048, 2048, 2048, 2048, 2048, 2048]","[2048, 2048, 2048, 2048, 2048, 2048, 2048, 2048]",300.0
1226,9197,77,19,2023-11-26T13:31:04.187000+00:00,18.532,39.365,34.412,285.0,314.0,False,92.309,"[None, 2048, 2048, 2048, 2048]","[2049, 2048, 2048, 2048, 2048, 2048, 2048, 2048, 2048]","[2048, 2048, 2048, 2048, 2048, 2048, 2048, 2048, 2049]",299.0
1226,9197,4,19,2023-11-26T13:31:05.187000+00:00,18.097,38.341,33.289,288.0,303.0,False,89.727,"[None, 2048, 2048, 2048, 2048]","[2048, 2048, 2048, 2048, 2048, 2048, 2048, 2048, 2048]","[2048, 2048, 2049, 2048, 2048, 2049, 2049, 2048]",321.0
1226,9197,81,19,2023-11-26T13:31:06.718000+00:00,18.018,38.547,33.933,290.0,304.0,False,90.498,"[None, 2048, 2048, 2048, 2048]","[2048, 2048, 2048, 2048, 2048, 2048, 2048, 2048, 2048]","[2048, 2048, 2048, 2048, 2048, 2048, 2048, 2048, 2048]",304.0
1226,9197,14,19,2023-11-26T13:31:07.375000+00:00,18.202,38.301,33.702,,307.0,False,90.205,"[None, 2048, 2048, 2049, 2048]","[2048, 2048, 2048, 2048, 2048, 2048, 2048, 2048, 2048]","[2048, 2049, 2049, 2048, 2048, 2048, 2048, 2048, 2048]",319.0
1226,9197,3,19,2023-11-26T13:31:10.453000+00:00,18.298,38.725,33.395,285.0,297.0,False,90.418,"[None, 2048, 2048, 2049, 2048]","[2049, 2048, 2048, 2048, 2048, 2048, 2048, 2048, 2048]","[2048, 2048, 2048, 2048, 2048, 2048, 2048, 2048, 2048]",302.0
1226,9197,11,19,2023-11-26T13:31:12.296000+00:00,18.015,38.299,33.051,,304.0,False,89.365,"[2049, 2048, 2049, 2049, 2049]","[2048, 2049, 2048, 2048, 2048, 2048, 2049, 2048, 2048]","[2048, 2049, 2048, 2048, 2048, 2048, 2048, 2048]",305.0
1226,9197,44,19,2023-11-26T13:31:14.015000+00:00,18.184,38.563,33.232,285.0,297.0,False,89.979,"[None, 2048, 2048, 2049, 2048]","[2048, 2048, 2048, 2048, 2048, 2049, 2048, 2048, 2048]","[2048, 2048, 2048, 2048, 2049, 2048, 2049, 2048, 2048]",300.0
1226,9197,31,19,2023-11-26T13:31:15.078000+00:00,18.195,38.295,33.642,285.0,310.0,False,90.132,"[2048, 2048, 2048, 2049, 2048]","[2049, 2048, 2048, 2048, 2048, 2049, 2048, 2048, 2048]","[2048, 2048, 2048, 2048, 2049, 2048, 2049, 2048, 2048]",303.0
1226,9197,10,19,2023-11-26T13:31:19.234000+00:00,18.252,38.463,33.285,279.0,293.0,False,90.0,"[2048, 2048, 2049, 2048, 2048]","[2048, 2049, 2048, 2048, 2048, 2049, 2049, 2048, 2048]","[2049, 2049, 2048, 2048, 2049, 2048, 2048, 2049, 2048]",298.0
1226,9197,27,19,2023-11-26T13:31:20.281000+00:00,18.284,38.927,33.124,,295.0,False,90.335,"[None, 2048, 2048, 2048, 2048]","[2048, 2048, 2048, 2048, 2048, 2048, 2048, 2048, 2048]","[2049, 2048, 2048, 2051, 2048, 2048, 2048, 2049, 2048]",293.0
1226,9197,20,19,2023-11-26T13:31:22.406000+00:00,18.659,39.516,33.985,,299.0,False,92.16,"[None, 2048, 2048, 2048, 2048]","[2048, 2048, 2048, 2048, 2048, 2048, 2048, 2048, 2048]","[2048, 2048, 2048, 2048, 2048, 2048, 2048, 2048, 2048]",302.0
1226,9197,24,19,2023-11-26T13:31:25.593000+00:00,18.481,39.057,33.545,282.0,293.0,False,91.083,"[None, 2048, 2048, 2048, 2048]","[2048, 2048, 2048, 2048, 2048, 2048, 2048, 2048, 2048]","[2048, 2048, 2049, 2048, 2048, 2048, 2048, 2048, 2048]",299.0
1226,9197,23,19,2023-11-26T13:31:28.827000+00:00,18.339,38.459,33.775,,299.0,False,90.573,"[2049, 2049, 2049, 2048, 2048]","[2048, 2049, 2048, 2048, 2048, 2048, 2048, 2048, 2048]","[2048, 2049, 2048, 2048, 2048, 2048, 2048, 2048, 2048]",303.0
1226,9197,2,19,2023-11-26T13:31:30.906000+00:00,18.189,38.391,33.788,289.0,300.0,False,90.368,"[None, 2048, 2048, 2048, 2049]","[2048, 2049, 2048, 2048, 2048, 2048, 2048, 2048, 2048]","[2048, 2048, 2049, 2049, 2049, 2048, 2049, 2048, 2048]",307.0
1226,9197,22,20,2023-11-26T13:32:21.061000+00:00,18.456,39.24,33.515,,293.0,False,91.211,"[None, 2048, 2048, 2048, 2048]","[2048, 2048, 2048, 2048, 2048, 2048, 2048, 2048, 2048]","[2048, 2048, 2048, 2048, 2048, 2048, 2048, 2048]",296.0
1226,9197,18,20,2023-11-26T13:32:25.874000+00:00,18.277,38.709,33.669,,292.0,False,90.655,"[None, 2048, 2048, 2048, 2048]","[2048, 2049, 2048, 2048, 2048, 2048, 2048, 2048, 2048]","[2048, 2049, 2048, 2049, 2048, 2048, 2048, 2048, 2048]",302.0
1226,9197,1,20,2023-11-26T13:32:27.936000+00:00,18.203,38.358,33.067,285.0,301.0,False,89.628,"[2048, 2048, 2051, 2048, 2048]","[2048, 2048, 2048, 2048, 2048, 2048, 2049, 2049, 2049]","[2048, 2048, 2048, 2048, 2048, 2048, 2048, 2048, 2048]",306.0
1226,9197,55,20,2023-11-26T13:32:29.420000+00:00,18.603,38.805,33.525,281.0,298.0,False,90.933,"[None, 2048, 2048, 2048, 2048]","[2048, 2048, 2048, 2048, 2048, 2048, 2048, 2048, 2048]","[2048, 2048, 2048, 2048, 2049, 2048, 2048, 2048, 2048]",303.0
1226,9197,16,20,2023-11-26T13:32:31.483000+00:00,18.248,38.489,33.336,,296.0,False,90.073,"[2049, 2048, 2048, 2048, 2048]","[2048, 2048, 2048, 2048, 2048, 2048, 2048, 2048, 2048]","[2048, 2048, 2048, 2048, 2048, 2048, 2048, 2048, 2048]",301.0
1226,9197,63,20,2023-11-26T13:32:33.077000+00:00,18.253,38.432,33.403,285.0,296.0,False,90.088,"[None, 2048, 2049, 2048, 2048]","[2048, 2048, 2048, 2048, 2048, 2048, 2048, 2048, 2048]","[2048, 2048, 2048, 2048, 2048, 2048, 2048, 2048, 2048]",300.0
1226,9197,4,20,2023-11-26T13:32:34.842000+00:00,18.023,38.515,33.364,286.0,302.0,False,89.902,"[None, 2048, 2048, 2048, 2048]","[2048, 2048, 2048, 2048, 2048, 2048, 2048, 2048, 2048]","[2048, 2048, 2048, 2048, 2048, 2048, 2048, 2048, 2048]",298.0
1226,9197,77,20,2023-11-26T13:32:36.545000+00:00,18.622,39.176,34.997,281.0,298.0,False,92.795,"[None, 2048, 2048, 2048, 2048]","[2048, 2048, 2048, 2048, 2048, 2048, 2048, 2048, 2048]","[2048, 2048, 2048, 2048, 2048, 2048, 2048, 2048, 2048]",295.0
1226,9197,81,20,2023-11-26T13:32:37.217000+00:00,18.237,38.396,33.455,293.0,307.0,False,90.088,"[None, 2048, 2048, 2048, 2048]","[2048, 2048, 2048, 2049, 2049, 2048, 2048, 2048, 2048]","[2048, 2048, 2049, 2049, 2048, 2048, 2048, 2049]",322.0
1226,9197,14,20,2023-11-26T13:32:37.827000+00:00,18.259,38.316,33.805,,326.0,False,90.38,"[None, 2048, 2048, 2048, 2048]","[2048, 2048, 2048, 2048, 2048, 2048, 2048, 2051, 2049]","[2048, 2048, 2049, 2048, 2048, 2048, 2048, 2048]",326.0
1226,9197,3,20,2023-11-26T13:32:41.045000+00:00,18.318,38.879,33.888,284.0,306.0,False,91.085,"[None, 2048, 2048, 2048, 2048]","[2048, 2048, 2048, 2048, 2048, 2048, 2048, 2048, 2048]","[2048, 2048, 2048, 2048, 2048, 2048, 2048, 2048, 2048]",291.0
1226,9197,11,20,2023-11-26T13:32:41.670000+00:00,18.072,38.01,33.025,288.0,303.0,False,89.107,"[None, 2048, 2048, 2048, 2049]","[2048, 2048, 2049, 2048, 2048, 2049, 2049, 2048, 2048]","[2048, 2048, 2048, 2049, 2048, 2048, 2049, 2048]",318.0
1226,9197,44,20,2023-11-26T13:32:44.186000+00:00,18.148,38.391,33.118,286.0,303.0,False,89.657,"[2049, 2048, 2049, 2048, 2048]","[2049, 2048, 2048, 2048, 2048, 2049, 2048, 2048, 2048]","[2048, 2049, 2048, 2048, 2049, 2048, 2049, 2048, 2048]",303.0
1226,9197,31,20,2023-11-26T13:32:45.202000+00:00,18.208,38.585,33.335,,294.0,False,90.128,"[None, 2048, 2049, 2049, 2048]","[2049, 2048, 2048, 2048, 2048, 2049, 2048, 2048, 2048]","[2048, 2049, 2048, 2049, 2049, 2048, 2048, 2048, 2048]",304.0
1226,9197,10,20,2023-11-26T13:32:49.264000+00:00,18.297,38.56,33.385,282.0,293.0,False,90.242,"[None, 2048, 2048, 2048, 2048]","[2048, 2048, 2048, 2048, 2048, 2048, 2048, 2048, 2048]","[2048, 2049, 2048, 2048, 2048, 2048, 2048, 2048, 2048]",301.0
1226,9197,27,20,2023-11-26T13:32:50.702000+00:00,18.351,38.784,33.301,,293.0,False,90.436,"[None, 2048, 2048, 2048, 2048]","[2048, 2048, 2048, 2048, 2048, 2048, 2048, 2048, 2048]","[2048, 2048, 2048, 2048, 2048, 2048, 2048, 2049, 2048]",297.0
1226,9197,20,20,2023-11-26T13:32:54.467000+00:00,18.565,39.033,33.923,282.0,297.0,False,91.521,"[None, 2048, 2048, 2048, 2048]","[2048, 2048, 2048, 2048, 2048, 2048, 2048, 2048, 2048]","[2048, 2048, 2048, 2048, 2048, 2048, 2048, 2048, 2048]",300.0
1226,9197,24,20,2023-11-26T13:32:56.670000+00:00,18.48,39.023,33.596,,293.0,False,91.099,"[None, 2048, 2048, 2048, 2048]","[2048, 2048, 2048, 2048, 2048, 2048, 2048, 2048, 2048]","[2048, 2048, 2049, 2048, 2048, 2048, 2048, 2048, 2048]",299.0
1226,9197,23,20,2023-11-26T13:32:59.389000+00:00,18.321,38.348,33.723,,302.0,False,90.392,"[2048, 2048, 2048, 2048, 2048]","[2049, 2049, 2048, 2048, 2048, 2048, 2048, 2048, 2048]","[2048, 2048, 2048, 2048, 2048, 2048, 2048, 2048, 2048]",304.0
1226,9197,2,20,2023-11-26T13:33:01.217000+00:00,18.29,38.388,33.728,,301.0,False,90.406,"[None, 2048, 2048, 2048, 2048]","[2048, 2048, 2048, 2048, 2048, 2048, 2048, 2048, 2048]","[2049, 2048, 2049, 2048, 2048, 2048, 2049, 2048, 2048]",304.0
1226,9197,22,21,2023-11-26T13:33:52.076000+00:00,18.422,39.192,33.52,279.0,293.0,False,91.134,"[None, 2048, 2048, 2048, 2048]","[2048, 2048, 2048, 2048, 2048, 2048, 2048, 2048, 2048]","[2048, 2048, 2048, 2048, 2048, 2048, 2048, 2048, 2048]",296.0
1226,9197,18,21,2023-11-26T13:33:56.654000+00:00,18.274,38.829,34.52,,281.0,False,91.623,"[None, 2048, 2048, 2048, 2048]","[2048, 2048, 2048, 2048, 2048, 2048, 2048, 2048, 2048]","[2048, 2048, 2048, 2048, 2048, 2048, 2048, 2048, 2048]",296.0
1226,9197,1,21,2023-11-26T13:33:57.654000+00:00,18.244,37.84,33.043,286.0,322.0,False,89.127,"[None, 2049, 2048, 2048, 2048]","[2048, 2048, 2048, 2048, 2049, 2048, 2049, 2049, 2049]","[2048, 2048, 2048, 2048, 2048, 2048, 2049, 2048]",312.0
1226,9197,55,21,2023-11-26T13:34:00.435000+00:00,18.619,39.087,34.478,282.0,288.0,False,92.184,"[None, 2049, 2048, 2048, 2048]","[2048, 2048, 2048, 2048, 2048, 2048, 2048, 2049, 2048]","[2048, 2048, 2048, 2048, 2048, 2048, 2048, 2048, 2048]",302.0
1226,9197,16,21,2023-11-26T13:34:01.435000+00:00,18.176,38.279,33.269,288.0,307.0,False,89.724,"[None, 2049, 2048, 2048, 2048]","[2048, 2048, 2048, 2049, 2049, 2048, 2048, 2048, 2048]","[2048, 2048, 2048, 2048, 2048, 2048, 2048, 2048, 2048]",331.0
1226,9197,63,21,2023-11-26T13:34:03.248000+00:00,18.328,38.333,33.457,,305.0,False,90.118,"[None, 2048, 2048, 2048, 2048]","[2048, 2048, 2048, 2048, 2048, 2048, 2048, 2048, 2048]","[2048, 2048, 2048, 2048, 2048, 2048, 2048, 2048, 2048]",296.0
1226,9197,4,21,2023-11-26T13:34:04.873000+00:00,18.079,38.444,33.258,289.0,305.0,False,89.781,"[None, 2048, 2048, 2048, 2048]","[2048, 2048, 2048, 2048, 2048, 2049, 2048, 2048, 2048]","[2048, 2048, 2049, 2048, 2048, 2048, 2048, 2048, 2048]",304.0
1226,9197,81,21,2023-11-26T13:34:07.169000+00:00,18.044,38.486,33.358,286.0,307.0,False,89.888,"[None, 2048, 2048, 2048, 2048]","[2048, 2048, 2048, 2048, 2048, 2048, 2048, 2048, 2048]","[2048, 2048, 2051, 2048, 2048, 2048, 2048, 2048, 2048]",305.0
1226,9197,14,21,2023-11-26T13:34:07.982000+00:00,18.076,38.236,33.575,,318.0,False,89.887,"[None, 2049, 2048, 2048, 2048]","[2048, 2048, 2048, 2048, 2048, 2048, 2048, 2048, 2048]","[2048, 2048, 2048, 2048, 2048, 2048, 2048, 2048, 2048]",322.0
1226,9197,77,21,2023-11-26T13:34:09.279000+00:00,18.728,39.436,34.298,,309.0,False,92.462,"[None, 2048, 2048, 2048, 2048]","[2048, 2048, 2048, 2048, 2048, 2048, 2048, 2048, 2048]","[2048, 2048, 2049, 2048, 2048, 2048, 2048, 2048, 2048]",289.0
1226,9197,11,21,2023-11-26T13:34:10.732000+00:00,18.029,38.041,32.916,290.0,306.0,False,88.986,"[2048, 2051, 2048, 2048, 2049]","[2048, 2048, 2048, 2048, 2048, 2048, 2049, 2048, 2048]","[2048, 2048, 2049, 2049, 2048, 2048, 2049, 2048, 2048]",329.0
1226,9197,3,21,2023-11-26T13:34:12.169000+00:00,18.294,38.624,33.768,286.0,302.0,False,90.686,"[None, 2048, 2048, 2049, 2049]","[2048, 2048, 2048, 2048, 2048, 2048, 2048, 2048, 2048]","[2049, 2048, 2048, 2048, 2048, 2048, 2048, 2048, 2048]",306.0
1226,9197,44,21,2023-11-26T13:34:13.810000+00:00,18.132,38.327,33.391,285.0,305.0,False,89.85,"[2048, 2048, 2048, 2049, 2048]","[2048, 2049, 2048, 2048, 2048, 2048, 2048, 2048, 2048]","[2048, 2048, 2049, 2048, 2048, 2048, 2048, 2048, 2048]",306.0
1226,9197,31,21,2023-11-26T13:34:15.466000+00:00,18.242,38.498,33.506,284.0,296.0,False,90.246,"[None, 2049, 2049, 2048, 2048]","[2048, 2048, 2048, 2048, 2048, 2049, 2048, 2048, 2048]","[2049, 2048, 2048, 2049, 2048, 2048, 2048, 2048, 2048]",302.0
1226,9197,10,21,2023-11-26T13:34:19.497000+00:00,18.252,38.798,33.372,281.0,295.0,False,90.422,"[None, 2048, 2048, 2048, 2048]","[2048, 2048, 2048, 2048, 2048, 2048, 2048, 2048, 2048]","[2049, 2048, 2048, 2048, 2048, 2048, 2049, 2049, 2048]",301.0
1226,9197,27,21,2023-11-26T13:34:21.060000+00:00,18.358,38.938,33.34,278.0,296.0,False,90.636,"[None, 2048, 2048, 2048, 2048]","[2048, 2048, 2048, 2048, 2048, 2048, 2048, 2048, 2048]","[2048, 2048, 2048, 2048, 2048, 2048, 2048, 2048]",300.0
1226,9197,20,21,2023-11-26T13:34:26.060000+00:00,18.527,39.275,34.148,279.0,296.0,False,91.95,"[None, 2048, 2048, 2048, 2048]","[2048, 2048, 2048, 2048, 2048, 2048, 2048, 2048, 2048]","[2048, 2048, 2048, 2048, 2048, 2048, 2048, 2048, 2048]",297.0
1226,9197,24,21,2023-11-26T13:34:27.654000+00:00,18.422,38.944,33.689,284.0,297.0,False,91.055,"[None, 2048, 2048, 2048, 2048]","[2048, 2048, 2048, 2048, 2048, 2048, 2048, 2048, 2048]","[2049, 2048, 2048, 2048, 2048, 2048, 2048, 2048, 2048]",295.0
1226,9197,23,21,2023-11-26T13:34:29.857000+00:00,18.302,38.385,33.853,287.0,307.0,False,90.54,"[None, 2049, 2048, 2048, 2048]","[2048, 2048, 2048, 2048, 2048, 2048, 2048, 2048, 2048]","[2048, 2048, 2048, 2048, 2048, 2048, 2048, 2048, 2048]",310.0
1226,9197,2,21,2023-11-26T13:34:31.544000+00:00,18.209,38.344,33.728,,304.0,False,90.281,"[None, 2048, 2048, 2048, 2049]","[2048, 2048, 2048, 2048, 2048, 2048, 2049, 2048, 2048]","[2049, 2048, 2048, 2048, 2048, 2048, 2048, 2048, 2048]",306.0
1226,9197,22,22,2023-11-26T13:35:23.262000+00:00,18.356,39.173,35.038,280.0,295.0,False,92.567,"[None, 2048, 2048, 2048, 2048]","[2048, 2048, 2048, 2048, 2048, 2048, 2048, 2048, 2048]","[2048, 2048, 2048, 2049, 2048, 2048, 2048, 2064, 2064]",296.0
1226,9197,1,22,2023-11-26T13:35:26.668000+00:00,18.395,38.444,32.85,283.0,298.0,False,89.689,"[None, 2048, 2048, 2048, 2048]","[2048, 2048, 2048, 2048, 2048, 2048, 2048, 2048, 2048]","[2048, 2048, 2048, 2048, 2048, 2048, 2048, 2048, 2048]",303.0
1226,9197,18,22,2023-11-26T13:35:28.168000+00:00,18.381,38.773,35.761,287.0,293.0,False,92.915,"[None, 2048, 2048, 2049, 2048]","[2048, 2048, 2048, 2048, 2048, 2048, 2048, 2048, 2048]","[2048, 2048, 2048, 2048, 2048, 2048, 2048, 2064, 2064]",303.0
1226,9197,16,22,2023-11-26T13:35:31.137000+00:00,18.236,38.393,33.075,286.0,305.0,False,89.704,"[2048, 2048, 2048, 2048, 2048]","[2049, 2048, 2048, 2048, 2048, 2048, 2048, 2048, 2048]","[2048, 2048, 2048, 2048, 2048, 2048, 2048, 2048, 2048]",310.0
1226,9197,55,22,2023-11-26T13:35:32.528000+00:00,18.639,38.976,34.456,280.0,311.0,False,92.071,"[None, 2048, 2048, 2048, 2048]","[2048, 2048, 2048, 2048, 2048, 2048, 2048, 2048, 2049]","[2048, 2048, 2048, 2048, 2048, 2048, 2048, 2048, 2048]",312.0
1226,9197,63,22,2023-11-26T13:35:33.309000+00:00,18.148,38.394,33.244,291.0,305.0,False,89.786,"[None, 2048, 2048, 2049, 2048]","[2048, 2048, 2048, 2048, 2048, 2048, 2048, 2048, 2048]","[2048, 2049, 2048, 2048, 2048, 2048, 2048, 2048]",326.0
1226,9197,4,22,2023-11-26T13:35:34.637000+00:00,18.031,38.19,34.172,290.0,313.0,False,90.393,"[None, 2048, 2048, 2048, 2048]","[2051, 2048, 2048, 2048, 2048, 2048, 2048, 2049, 2049]","[2048, 2048, 2048, 2048, 2048, 2048, 2048, 2048, 2048]",310.0
1226,9197,81,22,2023-11-26T13:35:37.340000+00:00,18.12,38.853,33.523,288.0,304.0,False,90.496,"[None, 2048, 2048, 2048, 2048]","[2048, 2048, 2048, 2048, 2048, 2048, 2048, 2048, 2048]","[2048, 2048, 2048, 2048, 2048, 2048, 2049, 2048]",305.0
1226,9197,14,22,2023-11-26T13:35:38.043000+00:00,18.187,38.523,33.753,,309.0,False,90.463,"[None, 2048, 2048, 2048, 2048]","[2048, 2048, 2048, 2048, 2048, 2048, 2048, 2048, 2048]","[2048, 2049, 2048, 2048, 2048, 2048, 2048, 2048, 2048]",321.0
1226,9197,11,22,2023-11-26T13:35:39.715000+00:00,18.059,38.545,33.115,284.0,302.0,False,89.719,"[None, 2048, 2048, 2049, 2048]","[2048, 2048, 2048, 2048, 2048, 2048, 2048, 2048, 2048]","[2048, 2048, 2048, 2048, 2048, 2048, 2048, 2048, 2048]",304.0
1226,9197,77,22,2023-11-26T13:35:41.809000+00:00,18.646,39.499,34.777,283.0,321.0,False,92.922,"[None, 2048, 2048, 2048, 2048]","[2049, 2048, 2048, 2048, 2048, 2048, 2048, 2049, 2048]","[2048, 2048, 2048, 2048, 2048, 2048, 2048, 2048, 2048]",301.0
1226,9197,3,22,2023-11-26T13:35:42.746000+00:00,18.371,38.81,33.702,,301.0,False,90.883,"[None, 2048, 2048, 2048, 2048]","[2048, 2048, 2048, 2048, 2048, 2048, 2048, 2048, 2048]","[2048, 2048, 2048, 2048, 2048, 2048, 2049, 2048, 2048]",323.0
1226,9197,44,22,2023-11-26T13:35:43.575000+00:00,18.172,38.376,34.954,289.0,295.0,False,91.502,"[None, 2048, 2048, 2048, 2049]","[2048, 2048, 2049, 2049, 2049, 2048, 2048, 2049, 2048]","[2048, 2048, 2048, 2048, 2048, 2048, 2048, 2048, 2048]",317.0
1226,9197,31,22,2023-11-26T13:35:45.668000+00:00,18.301,38.574,33.881,285.0,299.0,False,90.756,"[None, 2048, 2048, 2048, 2048]","[2048, 2048, 2048, 2048, 2048, 2048, 2048, 2048, 2048]","[2048, 2048, 2048, 2048, 2048, 2048, 2048, 2048]",303.0
1226,9197,10,22,2023-11-26T13:35:49.871000+00:00,18.218,38.552,33.409,283.0,297.0,False,90.179,"[None, 2048, 2048, 2048, 2048]","[2048, 2048, 2048, 2048, 2048, 2048, 2048, 2048, 2048]","[2048, 2048, 2049, 2048, 2048, 2048, 2049, 2048, 2048]",301.0
1226,9197,27,22,2023-11-26T13:35:51.668000+00:00,18.266,38.876,33.309,280.0,296.0,False,90.451,"[None, 2048, 2048, 2048, 2048]","[2048, 2048, 2048, 2048, 2048, 2048, 2048, 2048, 2048]","[2048, 2048, 2049, 2048, 2048, 2048, 2048, 2048, 2048]",298.0
1226,9197,20,22,2023-11-26T13:35:58.012000+00:00,18.63,39.02,36.687,284.0,304.0,False,94.337,"[None, 2048, 2048, 2048, 2048]","[2048, 2048, 2048, 2048, 2048, 2048, 2048, 2048, 2048]","[2048, 2048, 2048, 2048, 2048, 2048, 2048, 2064, 2064]",309.0
1226,9197,24,22,2023-11-26T13:35:58.777000+00:00,18.477,38.318,33.558,286.0,311.0,False,90.353,"[None, 2048, 2048, 2048, 2048]","[2048, 2048, 2048, 2048, 2048, 2048, 2049, 2049, 2049]","[2048, 2048, 2048, 2049, 2048, 2048, 2048, 2048]",307.0
1226,9197,23,22,2023-11-26T13:36:00.496000+00:00,18.371,38.164,34.171,,308.0,False,90.706,"[None, 2048, 2048, 2048, 2048]","[2048, 2048, 2048, 2048, 2048, 2049, 2049, 2048, 2048]","[2048, 2048, 2048, 2048, 2048, 2048, 2048, 2048]",315.0
1226,9197,2,22,2023-11-26T13:36:01.871000+00:00,18.238,38.309,33.887,290.0,307.0,False,90.434,"[None, 2049, 2048, 2048, 2049]","[2048, 2048, 2048, 2048, 2048, 2048, 2048, 2048, 2048]","[2048, 2048, 2048, 2049, 2048, 2048, 2048, 2048, 2048]",308.0
1226,9197,22,23,2023-11-26T13:36:55.730000+00:00,38.657,38.126,33.621,285.0,317.0,True,110.404,"[2064, 2064, 2064, 2064, 2048]","[2048, 2048, 2048, 2048, 2048, 2048, 2049, 2051, 2049]","[2048, 2048, 2049, 2048, 2048, 2049, 2049, 2048, 2048]",314.0
1226,9197,1,23,2023-11-26T13:36:56.417000+00:00,18.251,38.546,32.837,284.0,297.0,False,89.634,"[None, 2048, 2048, 2048, 2048]","[2048, 2048, 2048, 2048, 2048, 2048, 2048, 2048, 2048]","[2048, 2048, 2048, 2048, 2048, 2049, 2049, 2049, 2048]",297.0
1226,9197,16,23,2023-11-26T13:37:00.871000+00:00,18.289,38.525,33.033,284.0,298.0,False,89.847,"[None, 2048, 2048, 2048, 2048]","[2048, 2048, 2048, 2048, 2048, 2048, 2048, 2048, 2048]","[2048, 2048, 2048, 2048, 2048, 2048, 2048, 2048]",303.0
1226,9197,18,23,2023-11-26T13:37:01.167000+00:00,38.069,37.776,33.126,287.0,322.0,True,108.971,"[2064, 2064, 2064, 2064, 2048]","[2048, 2049, 2048, 2048, 2048, 2048, 2051, 2049, 2049]","[2048, 2049, 2048, 2048, 2049, 2049, 2048, 2049, 2049]",317.0
1226,9197,63,23,2023-11-26T13:37:02.980000+00:00,18.062,38.446,33.164,287.0,301.0,False,89.672,"[None, 2048, 2049, 2048, 2048]","[2049, 2048, 2048, 2048, 2048, 2048, 2048, 2048, 2048]","[2048, 2048, 2048, 2048, 2048, 2048, 2048, 2048]",302.0
1226,9197,55,23,2023-11-26T13:37:04.620000+00:00,18.584,38.72,36.283,279.0,308.0,False,93.587,"[None, 2048, 2048, 2048, 2048]","[2048, 2048, 2048, 2048, 2048, 2048, 2048, 2049, 2049]","[2048, 2048, 2048, 2048, 2048, 2048, 2048, 2064, 2064]",305.0
1226,9197,4,23,2023-11-26T13:37:05.042000+00:00,18.477,38.32,33.443,289.0,305.0,False,90.24,"[None, 2048, 2048, 2048, 2048]","[2048, 2048, 2048, 2048, 2048, 2048, 2048, 2048, 2048]","[2048, 2048, 2048, 2048, 2048, 2048, 2049, 2048]",321.0
1226,9197,81,23,2023-11-26T13:37:07.652000+00:00,18.028,38.678,33.397,291.0,309.0,False,90.103,"[None, 2048, 2048, 2048, 2049]","[2049, 2048, 2048, 2048, 2048, 2048, 2048, 2048, 2048]","[2049, 2048, 2051, 2048, 2048, 2048, 2048, 2049]",311.0
1226,9197,14,23,2023-11-26T13:37:08.527000+00:00,18.065,38.314,33.723,290.0,323.0,False,90.102,"[None, 2048, 2048, 2049, 2048]","[2048, 2048, 2048, 2048, 2048, 2048, 2048, 2048, 2048]","[2048, 2048, 2048, 2048, 2048, 2048, 2049, 2048]",322.0
1226,9197,11,23,2023-11-26T13:37:09.527000+00:00,17.995,37.955,33.76,290.0,310.0,False,89.71,"[None, 2048, 2048, 2049, 2051]","[2048, 2048, 2048, 2048, 2048, 2048, 2048, 2048, 2049]","[2048, 2048, 2049, 2048, 2048, 2048, 2048, 2048, 2048]",324.0
1226,9197,3,23,2023-11-26T13:37:13.605000+00:00,18.357,38.798,33.321,283.0,295.0,False,90.476,"[None, 2048, 2048, 2048, 2048]","[2048, 2048, 2048, 2048, 2048, 2048, 2048, 2048, 2048]","[2048, 2048, 2048, 2048, 2048, 2048, 2049, 2048]",301.0
1226,9197,77,23,2023-11-26T13:37:14.808000+00:00,18.688,39.234,35.012,,275.0,False,92.934,"[None, 2048, 2048, 2048, 2048]","[2048, 2048, 2048, 2048, 2048, 2048, 2048, 2048, 2048]","[2048, 2048, 2048, 2048, 2048, 2048, 2048, 2048]",301.0
1226,9197,44,23,2023-11-26T13:37:15.089000+00:00,18.616,38.287,33.362,,301.0,False,90.265,"[None, 2048, 2048, 2048, 2048]","[2048, 2048, 2049, 2048, 2048, 2048, 2048, 2048, 2048]","[2049, 2048, 2048, 2048, 2048, 2048, 2048, 2048, 2048]",317.0
1226,9197,31,23,2023-11-26T13:37:16.339000+00:00,18.425,38.577,34.724,286.0,316.0,False,91.726,"[None, 2048, 2048, 2048, 2048]","[2048, 2048, 2048, 2049, 2049, 2048, 2048, 2048, 2048]","[2048, 2048, 2048, 2048, 2048, 2048, 2048, 2048, 2048]",313.0
1226,9197,10,23,2023-11-26T13:37:20.167000+00:00,18.253,38.687,34.218,,304.0,False,91.158,"[None, 2048, 2048, 2048, 2049]","[2048, 2048, 2048, 2048, 2048, 2048, 2048, 2048, 2048]","[2048, 2048, 2048, 2048, 2048, 2048, 2048, 2048, 2048]",303.0
1226,9197,27,23,2023-11-26T13:37:22.105000+00:00,18.42,39.01,33.59,279.0,296.0,False,91.02,"[None, 2048, 2048, 2048, 2048]","[2048, 2048, 2048, 2048, 2048, 2048, 2048, 2048, 2048]","[2048, 2048, 2048, 2048, 2048, 2048, 2048, 2048, 2048]",301.0
1226,9197,24,23,2023-11-26T13:37:29.058000+00:00,18.378,38.836,33.493,282.0,292.0,False,90.707,"[None, 2048, 2048, 2048, 2048]","[2048, 2048, 2048, 2048, 2048, 2048, 2048, 2048, 2048]","[2048, 2048, 2048, 2048, 2048, 2048, 2048, 2048, 2048]",297.0
1226,9197,23,23,2023-11-26T13:37:30.901000+00:00,18.281,38.244,33.747,289.0,306.0,False,90.272,"[None, 2048, 2048, 2048, 2049]","[2048, 2049, 2048, 2048, 2048, 2049, 2048, 2048, 2048]","[2048, 2048, 2048, 2048, 2048, 2048, 2048, 2048, 2048]",315.0
1226,9197,2,23,2023-11-26T13:37:32.198000+00:00,18.314,38.514,34.009,,305.0,False,90.837,"[None, 2048, 2048, 2048, 2049]","[2048, 2048, 2048, 2048, 2048, 2048, 2048, 2048, 2048]","[2048, 2048, 2048, 2049, 2048, 2048, 2048, 2048, 2048]",308.0
1226,9197,20,23,2023-11-26T13:37:32.386000+00:00,38.273,39.128,34.021,280.0,287.0,True,111.422,"[2064, 2064, 2064, 2064, 2049]","[2048, 2048, 2049, 2048, 2048, 2048, 2048, 2048, 2048]","[2048, 2048, 2048, 2048, 2048, 2048, 2048, 2048, 2048]",291.0
1226,9197,1,24,2023-11-26T13:38:25.932000+00:00,18.149,38.385,32.759,,298.0,False,89.293,"[None, 2049, 2048, 2048, 2048]","[2048, 2048, 2048, 2048, 2048, 2048, 2048, 2048, 2048]","[2048, 2048, 2048, 2048, 2049, 2048, 2048, 2048]",304.0
1226,9197,16,24,2023-11-26T13:38:30.682000+00:00,18.236,38.349,32.992,285.0,304.0,False,89.577,"[None, 2049, 2048, 2048, 2048]","[2048, 2048, 2048, 2048, 2048, 2049, 2048, 2048, 2048]","[2048, 2048, 2048, 2048, 2048, 2048, 2048, 2048, 2048]",309.0
1226,9197,63,24,2023-11-26T13:38:32.713000+00:00,18.096,38.378,32.881,,302.0,False,89.355,"[None, 2049, 2048, 2048, 2048]","[2048, 2048, 2048, 2048, 2048, 2049, 2048, 2048, 2048]","[2049, 2048, 2048, 2048, 2049, 2048, 2049, 2048, 2048]",303.0
1226,9197,4,24,2023-11-26T13:38:35.104000+00:00,18.001,38.663,33.127,287.0,301.0,False,89.791,"[None, 2048, 2049, 2048, 2048]","[2048, 2048, 2048, 2048, 2048, 2048, 2048, 2048, 2048]","[2048, 2049, 2048, 2049, 2048, 2049, 2048, 2048, 2048]",301.0
1226,9197,81,24,2023-11-26T13:38:37.666000+00:00,17.997,38.708,33.253,292.0,302.0,False,89.958,"[None, 2048, 2048, 2048, 2051]","[2048, 2048, 2048, 2048, 2048, 2048, 2048, 2048, 2048]","[2048, 2048, 2048, 2049, 2048, 2048, 2051, 2048, 2048]",302.0
1226,9197,55,24,2023-11-26T13:38:38.041000+00:00,37.69,38.55,33.017,287.0,298.0,True,109.257,"[2064, 2064, 2064, 2064, 2049]","[2048, 2049, 2048, 2048, 2048, 2048, 2048, 2048, 2048]","[2048, 2048, 2049, 2048, 2049, 2049, 2049, 2048, 2049]",300.0
1226,9197,14,24,2023-11-26T13:38:38.448000+00:00,18.119,38.281,33.693,,309.0,False,90.093,"[None, 2048, 2048, 2048, 2048]","[2048, 2048, 2048, 2048, 2048, 2048, 2048, 2048, 2048]","[2048, 2048, 2048, 2048, 2048, 2048, 2048, 2048, 2048]",320.0
1226,9197,11,24,2023-11-26T13:38:39.135000+00:00,18.176,38.085,33.74,292.0,315.0,False,90.001,"[None, 2048, 2048, 2048, 2049]","[2051, 2048, 2048, 2048, 2048, 2048, 2048, 2049, 2049]","[2048, 2048, 2048, 2048, 2048, 2048, 2048, 2048, 2048]",315.0
1226,9197,3,24,2023-11-26T13:38:44.197000+00:00,18.28,38.793,33.222,,295.0,False,90.295,"[None, 2048, 2048, 2048, 2049]","[2048, 2048, 2048, 2048, 2048, 2048, 2048, 2048, 2048]","[2048, 2048, 2048, 2048, 2048, 2048, 2048, 2048, 2048]",300.0
1226,9197,44,24,2023-11-26T13:38:45.338000+00:00,18.115,38.224,33.522,287.0,311.0,False,89.861,"[None, 2048, 2048, 2049, 2049]","[2048, 2048, 2048, 2048, 2048, 2048, 2048, 2048, 2048]","[2048, 2048, 2048, 2048, 2048, 2048, 2048, 2048, 2048]",301.0
1226,9197,22,24,2023-11-26T13:38:46.197000+00:00,18.377,38.653,33.283,286.0,293.0,False,90.313,"[2049, 2048, 2048, 2048, 2048]","[2048, 2049, 2048, 2048, 2048, 2048, 2048, 2048, 2048]","[2048, 2048, 2048, 2048, 2049, 2049, 2048, 2048]",294.0
1226,9197,77,24,2023-11-26T13:38:47.510000+00:00,18.728,39.123,34.509,284.0,310.0,False,92.36,"[None, 2048, 2048, 2048, 2048]","[2048, 2048, 2048, 2048, 2048, 2048, 2048, 2048, 2048]","[2048, 2048, 2048, 2048, 2048, 2048, 2048, 2048]",293.0
1226,9197,31,24,2023-11-26T13:38:47.916000+00:00,18.651,38.301,33.839,,298.0,False,90.791,"[None, 2048, 2048, 2048, 2048]","[2048, 2048, 2048, 2048, 2048, 2048, 2048, 2048, 2048]","[2048, 2048, 2048, 2048, 2048, 2048, 2048, 2048]",321.0
1226,9197,18,24,2023-11-26T13:38:50.166000+00:00,18.138,38.432,33.783,289.0,294.0,False,90.353,"[2048, 2048, 2049, 2049, 2049]","[2048, 2048, 2049, 2048, 2048, 2049, 2048, 2048, 2048]","[2048, 2048, 2048, 2048, 2048, 2048, 2048, 2048, 2048]",299.0
1226,9197,10,24,2023-11-26T13:38:51.307000+00:00,18.38,38.744,33.678,,299.0,False,90.802,"[None, 2048, 2048, 2048, 2048]","[2048, 2048, 2048, 2048, 2048, 2048, 2048, 2048, 2048]","[2048, 2048, 2048, 2048, 2048, 2048, 2048, 2048, 2048]",306.0
1226,9197,27,24,2023-11-26T13:38:53.229000+00:00,18.372,39.01,33.722,287.0,301.0,False,91.104,"[None, 2048, 2048, 2048, 2048]","[2049, 2048, 2048, 2048, 2048, 2048, 2048, 2048, 2048]","[2049, 2048, 2048, 2051, 2048, 2048, 2048, 2048]",305.0
1226,9197,24,24,2023-11-26T13:38:59.869000+00:00,18.408,39.02,33.529,284.0,293.0,False,90.957,"[None, 2048, 2048, 2048, 2048]","[2048, 2048, 2048, 2048, 2048, 2048, 2048, 2048, 2048]","[2048, 2048, 2048, 2048, 2048, 2048, 2048, 2048, 2048]",298.0
1226,9197,23,24,2023-11-26T13:39:01.260000+00:00,18.267,38.099,34.145,,313.0,False,90.511,"[None, 2051, 2048, 2048, 2049]","[2049, 2048, 2048, 2048, 2048, 2048, 2049, 2049, 2048]","[2048, 2048, 2048, 2048, 2048, 2048, 2048, 2048, 2048]",315.0
1226,9197,2,24,2023-11-26T13:39:03.213000+00:00,18.234,38.53,33.845,289.0,306.0,False,90.609,"[None, 2048, 2048, 2048, 2048]","[2048, 2048, 2048, 2048, 2048, 2048, 2048, 2048, 2048]","[2049, 2048, 2048, 2049, 2048, 2048, 2048, 2048, 2048]",309.0
1226,9197,20,24,2023-11-26T13:39:23.806000+00:00,18.72,38.957,33.771,275.0,287.0,False,91.448,"[2048, 2048, 2048, 2048, 2048]","[2048, 2048, 2048, 2048, 2048, 2048, 2048, 2048, 2048]","[2048, 2048, 2048, 2048, 2048, 2048, 2049, 2048, 2048]",292.0
1226,9197,1,25,2023-11-26T13:39:55.306000+00:00,18.161,38.436,32.804,,302.0,False,89.401,"[None, 2048, 2048, 2048, 2048]","[2048, 2048, 2048, 2048, 2048, 2048, 2048, 2048, 2048]","[2048, 2048, 2048, 2048, 2048, 2048, 2049, 2049, 2048]",301.0
1226,9197,16,25,2023-11-26T13:40:00.431000+00:00,18.271,38.483,32.953,284.0,304.0,False,89.707,"[None, 2048, 2048, 2048, 2048]","[2048, 2048, 2048, 2048, 2048, 2048, 2048, 2048, 2048]","[2048, 2048, 2048, 2048, 2048, 2048, 2048, 2048, 2048]",309.0
1226,9197,63,25,2023-11-26T13:40:02.197000+00:00,18.142,38.396,33.007,285.0,302.0,False,89.545,"[None, 2049, 2048, 2048, 2048]","[2048, 2048, 2048, 2048, 2048, 2048, 2048, 2048, 2048]","[2048, 2048, 2048, 2048, 2048, 2048, 2049, 2048, 2048]",301.0
1226,9197,4,25,2023-11-26T13:40:05.072000+00:00,17.957,38.665,33.015,285.0,303.0,False,89.637,"[None, 2048, 2048, 2048, 2048]","[2048, 2048, 2048, 2048, 2048, 2048, 2048, 2048, 2048]","[2049, 2048, 2048, 2049, 2049, 2048, 2049, 2048, 2048]",304.0
1226,9197,81,25,2023-11-26T13:40:07.853000+00:00,18.063,38.766,33.199,286.0,302.0,False,90.028,"[None, 2048, 2048, 2048, 2048]","[2048, 2048, 2048, 2048, 2048, 2048, 2048, 2048, 2048]","[2049, 2048, 2048, 2049, 2048, 2048, 2048, 2049, 2048]",301.0
1226,9197,14,25,2023-11-26T13:40:08.587000+00:00,18.164,39.053,33.734,289.0,314.0,False,90.951,"[None, 2048, 2048, 2049, 2048]","[2048, 2048, 2048, 2048, 2048, 2048, 2048, 2048, 2048]","[2048, 2048, 2048, 2048, 2048, 2048, 2048, 2048, 2048]",294.0
1226,9197,11,25,2023-11-26T13:40:09.134000+00:00,18.186,37.873,33.513,290.0,309.0,False,89.572,"[None, 2048, 2048, 2048, 2048]","[2048, 2048, 2048, 2048, 2048, 2048, 2048, 2048, 2048]","[2048, 2048, 2048, 2048, 2048, 2048, 2048, 2048, 2048]",332.0
1226,9197,3,25,2023-11-26T13:40:14.259000+00:00,18.256,38.91,33.966,,320.0,False,91.132,"[None, 2048, 2048, 2048, 2049]","[2048, 2048, 2048, 2048, 2048, 2048, 2048, 2049, 2048]","[2048, 2048, 2049, 2048, 2048, 2048, 2048, 2048, 2048]",300.0
1226,9197,44,25,2023-11-26T13:40:15.118000+00:00,18.082,38.23,33.058,288.0,301.0,False,89.37,"[None, 2048, 2048, 2049, 2049]","[2049, 2048, 2048, 2048, 2048, 2048, 2048, 2048, 2048]","[2048, 2049, 2049, 2048, 2048, 2048, 2049, 2048, 2048]",326.0
1226,9197,22,25,2023-11-26T13:40:16.384000+00:00,18.157,38.709,33.238,,294.0,False,90.104,"[2048, 2048, 2049, 2048, 2048]","[2048, 2048, 2048, 2048, 2048, 2048, 2048, 2048, 2048]","[2048, 2049, 2049, 2048, 2048, 2049, 2049, 2048, 2048]",299.0
1226,9197,31,25,2023-11-26T13:40:18.806000+00:00,18.332,38.564,33.442,283.0,299.0,False,90.338,"[None, 2048, 2048, 2048, 2048]","[2048, 2048, 2048, 2048, 2048, 2048, 2048, 2048, 2048]","[2048, 2048, 2048, 2049, 2048, 2049, 2049, 2048, 2048]",303.0
1226,9197,77,25,2023-11-26T13:40:19.962000+00:00,18.631,39.077,34.431,283.0,313.0,False,92.139,"[None, 2048, 2048, 2048, 2048]","[2048, 2049, 2048, 2048, 2048, 2048, 2048, 2048, 2048]","[2048, 2048, 2048, 2048, 2048, 2048, 2048, 2048, 2048]",302.0
1226,9197,18,25,2023-11-26T13:40:20.384000+00:00,18.506,37.988,33.376,285.0,298.0,False,89.87,"[2049, 2048, 2048, 2048, 2048]","[2048, 2048, 2049, 2049, 2048, 2051, 2048, 2048, 2048]","[2048, 2048, 2048, 2048, 2048, 2048, 2048, 2049]",326.0
1226,9197,10,25,2023-11-26T13:40:21.931000+00:00,18.347,38.706,33.799,284.0,300.0,False,90.852,"[None, 2048, 2048, 2048, 2048]","[2048, 2048, 2048, 2048, 2048, 2048, 2048, 2048, 2048]","[2048, 2048, 2049, 2048, 2048, 2048, 2048, 2048, 2048]",308.0
1226,9197,27,25,2023-11-26T13:40:24.290000+00:00,18.397,38.942,33.529,283.0,297.0,False,90.868,"[None, 2048, 2048, 2048, 2048]","[2048, 2048, 2048, 2048, 2048, 2048, 2048, 2048, 2048]","[2048, 2048, 2048, 2048, 2048, 2048, 2048, 2048, 2048]",305.0
1226,9197,55,25,2023-11-26T13:40:27.415000+00:00,18.454,38.565,33.169,278.0,295.0,False,90.188,"[2049, 2048, 2048, 2048, 2048]","[2048, 2048, 2048, 2048, 2048, 2049, 2048, 2048, 2048]","[2049, 2048, 2048, 2048, 2048, 2049, 2049, 2048, 2048]",299.0
1226,9197,24,25,2023-11-26T13:40:30.868000+00:00,18.364,38.849,33.482,281.0,292.0,False,90.695,"[None, 2048, 2048, 2048, 2048]","[2048, 2048, 2048, 2048, 2048, 2048, 2048, 2048, 2048]","[2048, 2048, 2048, 2048, 2048, 2048, 2048, 2049, 2048]",297.0
1226,9197,23,25,2023-11-26T13:40:31.837000+00:00,18.269,38.171,34.215,290.0,312.0,False,90.655,"[None, 2048, 2048, 2049, 2049]","[2049, 2048, 2048, 2048, 2048, 2048, 2048, 2049, 2048]","[2048, 2048, 2048, 2048, 2048, 2048, 2049, 2048, 2048]",332.0
1226,9197,2,25,2023-11-26T13:40:33.790000+00:00,18.259,38.517,33.754,288.0,306.0,False,90.53,"[None, 2049, 2048, 2048, 2048]","[2048, 2048, 2048, 2048, 2048, 2048, 2048, 2048, 2048]","[2048, 2049, 2048, 2048, 2048, 2048, 2048, 2048, 2048]",313.0
1226,9197,20,25,2023-11-26T13:40:55.149000+00:00,18.456,38.649,33.487,283.0,297.0,False,90.592,"[None, 2048, 2048, 2048, 2048]","[2048, 2048, 2049, 2048, 2048, 2048, 2048, 2048, 2048]","[2048, 2048, 2048, 2048, 2048, 2048, 2048, 2048, 2048]",301.0
1226,9197,1,26,2023-11-26T13:41:24.821000+00:00,18.151,38.435,32.703,,297.0,False,89.289,"[2049, 2048, 2048, 2048, 2048]","[2048, 2048, 2048, 2048, 2048, 2048, 2048, 2048, 2048]","[2048, 2048, 2048, 2048, 2049, 2048, 2049, 2048, 2048]",301.0
1226,9197,16,26,2023-11-26T13:41:30.039000+00:00,18.297,38.481,32.877,,300.0,False,89.655,"[None, 2048, 2048, 2048, 2048]","[2048, 2048, 2048, 2048, 2048, 2048, 2048, 2048, 2048]","[2048, 2048, 2048, 2048, 2048, 2048, 2048, 2049, 2048]",306.0
1226,9197,63,26,2023-11-26T13:41:31.633000+00:00,18.04,38.392,33.108,288.0,302.0,False,89.54,"[None, 2048, 2048, 2049, 2048]","[2048, 2048, 2048, 2048, 2048, 2048, 2048, 2048, 2048]","[2048, 2048, 2048, 2048, 2048, 2048, 2049, 2049]",302.0
1226,9197,4,26,2023-11-26T13:41:34.789000+00:00,17.898,38.457,32.953,286.0,302.0,False,89.308,"[None, 2051, 2049, 2048, 2048]","[2048, 2048, 2048, 2048, 2048, 2048, 2048, 2048, 2048]","[2049, 2048, 2049, 2049, 2048, 2048, 2051, 2048, 2048]",303.0
1226,9197,81,26,2023-11-26T13:41:37.883000+00:00,17.958,38.745,33.215,289.0,303.0,False,89.918,"[None, 2049, 2048, 2048, 2048]","[2048, 2048, 2048, 2048, 2048, 2048, 2048, 2048, 2048]","[2048, 2048, 2048, 2049, 2048, 2048, 2048, 2048, 2048]",303.0
1226,9197,11,26,2023-11-26T13:41:38.696000+00:00,18.049,38.389,33.426,281.0,306.0,False,89.864,"[None, 2048, 2048, 2049, 2048]","[2048, 2048, 2048, 2048, 2048, 2048, 2048, 2048, 2048]","[2048, 2048, 2048, 2048, 2048, 2048, 2048, 2048, 2048]",306.0
1226,9197,14,26,2023-11-26T13:41:39.695000+00:00,18.117,38.2,33.619,,325.0,False,89.936,"[None, 2048, 2048, 2048, 2048]","[2048, 2048, 2048, 2048, 2048, 2048, 2048, 2048, 2048]","[2048, 2048, 2049, 2048, 2048, 2048, 2048, 2048, 2048]",320.0
1226,9197,44,26,2023-11-26T13:41:44.586000+00:00,18.138,38.679,33.082,281.0,292.0,False,89.899,"[None, 2049, 2048, 2048, 2048]","[2048, 2048, 2048, 2048, 2048, 2048, 2048, 2048, 2048]","[2048, 2048, 2048, 2048, 2048, 2048, 2051, 2049, 2048]",295.0
1226,9197,3,26,2023-11-26T13:41:45.508000+00:00,18.325,39.338,34.286,284.0,279.0,False,91.949,"[None, 2048, 2048, 2048, 2048]","[2048, 2048, 2048, 2048, 2048, 2048, 2048, 2048, 2048]","[2048, 2048, 2048, 2048, 2048, 2048, 2048, 2048, 2048]",304.0
1226,9197,22,26,2023-11-26T13:41:46.617000+00:00,18.179,38.215,33.33,,307.0,False,89.724,"[None, 2048, 2048, 2049, 2049]","[2048, 2048, 2048, 2048, 2048, 2048, 2048, 2048, 2048]","[2048, 2048, 2049, 2048, 2048, 2048, 2048, 2048]",304.0
1226,9197,31,26,2023-11-26T13:41:49.336000+00:00,18.262,38.575,34.156,286.0,292.0,False,90.993,"[None, 2048, 2048, 2048, 2048]","[2048, 2048, 2048, 2048, 2048, 2049, 2048, 2048, 2048]","[2048, 2049, 2048, 2048, 2048, 2048, 2048, 2048, 2048]",303.0
1226,9197,18,26,2023-11-26T13:41:50.180000+00:00,18.056,37.627,33.177,287.0,323.0,False,88.86,"[None, 2048, 2048, 2049, 2048]","[2048, 2049, 2048, 2048, 2048, 2048, 2048, 2048, 2049]","[2049, 2048, 2048, 2048, 2048, 2048, 2049, 2049, 2048]",319.0
1226,9197,77,26,2023-11-26T13:41:52.117000+00:00,18.668,39.27,34.883,280.0,283.0,False,92.821,"[None, 2048, 2048, 2048, 2048]","[2048, 2048, 2048, 2048, 2048, 2048, 2048, 2048, 2048]","[2048, 2048, 2048, 2048, 2048, 2048, 2048, 2048]",297.0
1226,9197,10,26,2023-11-26T13:41:52.898000+00:00,18.436,38.532,33.661,,298.0,False,90.629,"[None, 2048, 2048, 2048, 2048]","[2048, 2048, 2048, 2048, 2048, 2048, 2048, 2048, 2048]","[2048, 2049, 2049, 2048, 2048, 2048, 2049, 2048, 2048]",332.0
1226,9197,27,26,2023-11-26T13:41:55.180000+00:00,18.521,39.19,33.733,278.0,296.0,False,91.444,"[None, 2048, 2048, 2048, 2048]","[2048, 2048, 2048, 2048, 2048, 2048, 2048, 2048, 2048]","[2048, 2048, 2048, 2048, 2048, 2048, 2049, 2048, 2048]",301.0
1226,9197,55,26,2023-11-26T13:41:57.648000+00:00,18.352,38.381,33.274,280.0,301.0,False,90.007,"[2048, 2049, 2049, 2048, 2048]","[2048, 2049, 2048, 2048, 2048, 2049, 2048, 2048, 2048]","[2048, 2049, 2048, 2048, 2048, 2048, 2048, 2048, 2048]",303.0
1226,9197,24,26,2023-11-26T13:42:01.555000+00:00,18.411,38.998,34.47,282.0,302.0,False,91.879,"[None, 2048, 2048, 2048, 2048]","[2048, 2048, 2048, 2048, 2048, 2048, 2048, 2048, 2048]","[2048, 2048, 2048, 2048, 2048, 2048, 2048, 2048, 2048]",307.0
1226,9197,23,26,2023-11-26T13:42:02.570000+00:00,18.246,38.167,33.679,289.0,327.0,False,90.092,"[None, 2048, 2048, 2049, 2048]","[2049, 2048, 2048, 2048, 2048, 2048, 2048, 2048, 2049]","[2048, 2048, 2049, 2048, 2048, 2048, 2048, 2049, 2048]",335.0
1226,9197,2,26,2023-11-26T13:42:04.445000+00:00,18.253,38.539,33.816,,307.0,False,90.608,"[None, 2049, 2048, 2048, 2048]","[2048, 2048, 2048, 2048, 2048, 2048, 2048, 2048, 2048]","[2048, 2048, 2048, 2048, 2048, 2048, 2048, 2048, 2048]",310.0
1226,9197,20,26,2023-11-26T13:42:25.742000+00:00,18.355,38.815,33.429,282.0,292.0,False,90.599,"[None, 2049, 2049, 2048, 2048]","[2048, 2048, 2048, 2048, 2048, 2048, 2048, 2048, 2048]","[2048, 2048, 2048, 2048, 2048, 2048, 2049, 2048, 2048]",298.0
1226,9197,1,27,2023-11-26T13:42:54.038000+00:00,18.092,38.399,32.665,285.0,298.0,False,89.156,"[2048, 2048, 2048, 2048, 2048]","[2048, 2048, 2048, 2048, 2048, 2048, 2048, 2048, 2048]","[2048, 2048, 2048, 2048, 2048, 2048, 2049, 2048, 2048]",302.0
1226,9197,16,27,2023-11-26T13:42:59.726000+00:00,18.109,38.277,32.824,287.0,303.0,False,89.21,"[None, 2049, 2048, 2048, 2048]","[2049, 2048, 2048, 2048, 2048, 2049, 2048, 2048, 2048]","[2049, 2048, 2048, 2049, 2048, 2048, 2048, 2049, 2048]",308.0
1226,9197,63,27,2023-11-26T13:43:01.163000+00:00,18.019,38.353,33.06,,303.0,False,89.432,"[None, 2048, 2048, 2049, 2048]","[2048, 2048, 2048, 2048, 2048, 2048, 2048, 2048, 2048]","[2048, 2048, 2048, 2048, 2048, 2048, 2048, 2048, 2048]",303.0
1226,9197,4,27,2023-11-26T13:43:04.132000+00:00,17.982,38.573,32.925,285.0,298.0,False,89.48,"[None, 2048, 2048, 2048, 2048]","[2048, 2048, 2048, 2048, 2048, 2048, 2048, 2048, 2048]","[2048, 2048, 2048, 2049, 2049, 2048, 2048, 2049, 2048]",300.0
1226,9197,81,27,2023-11-26T13:43:07.710000+00:00,17.913,38.643,33.046,292.0,302.0,False,89.602,"[None, 2048, 2048, 2048, 2051]","[2049, 2048, 2048, 2048, 2048, 2048, 2048, 2048, 2048]","[2048, 2049, 2048, 2048, 2049, 2048, 2051, 2049, 2048]",304.0
1226,9197,11,27,2023-11-26T13:43:08.694000+00:00,17.945,37.877,33.518,288.0,290.0,False,89.34,"[None, 2048, 2048, 2049, 2048]","[2048, 2048, 2048, 2048, 2048, 2048, 2048, 2048, 2048]","[2048, 2048, 2048, 2048, 2048, 2048, 2049, 2049, 2048]",318.0
1226,9197,14,27,2023-11-26T13:43:09.616000+00:00,18.054,38.652,33.523,290.0,300.0,False,90.229,"[None, 2049, 2048, 2048, 2048]","[2048, 2048, 2048, 2048, 2048, 2048, 2048, 2048, 2048]","[2048, 2048, 2048, 2049, 2048, 2048, 2048, 2048, 2048]",304.0
1226,9197,44,27,2023-11-26T13:43:14.491000+00:00,18.117,38.516,32.935,286.0,299.0,False,89.568,"[None, 2048, 2048, 2048, 2048]","[2048, 2048, 2048, 2048, 2048, 2048, 2048, 2048, 2048]","[2048, 2048, 2049, 2049, 2049, 2049, 2048, 2049, 2048]",301.0
1226,9197,22,27,2023-11-26T13:43:16.257000+00:00,18.25,38.666,33.026,,294.0,False,89.942,"[None, 2048, 2048, 2048, 2048]","[2048, 2048, 2048, 2048, 2048, 2048, 2048, 2048, 2048]","[2048, 2049, 2049, 2048, 2048, 2049, 2049, 2049, 2048]",299.0
1226,9197,3,27,2023-11-26T13:43:17.585000+00:00,18.317,38.739,33.681,285.0,296.0,False,90.737,"[None, 2048, 2048, 2049, 2048]","[2048, 2048, 2048, 2048, 2048, 2048, 2048, 2048, 2048]","[2048, 2048, 2048, 2048, 2048, 2048, 2048, 2048, 2048]",303.0
1226,9197,18,27,2023-11-26T13:43:19.101000+00:00,18.108,38.605,33.478,289.0,287.0,False,90.191,"[None, 2048, 2048, 2048, 2048]","[2049, 2048, 2048, 2048, 2048, 2048, 2048, 2048, 2048]","[2048, 2048, 2048, 2048, 2048, 2048, 2048, 2048, 2048]",299.0
1226,9197,31,27,2023-11-26T13:43:20.194000+00:00,18.371,38.51,33.697,285.0,298.0,False,90.578,"[None, 2048, 2048, 2048, 2048]","[2048, 2048, 2048, 2048, 2048, 2048, 2048, 2048, 2048]","[2048, 2048, 2048, 2049, 2048, 2048, 2049, 2048, 2048]",304.0
1226,9197,10,27,2023-11-26T13:43:23.366000+00:00,18.334,38.752,33.318,286.0,294.0,False,90.404,"[None, 2048, 2048, 2048, 2048]","[2048, 2048, 2048, 2048, 2048, 2048, 2048, 2048, 2048]","[2048, 2048, 2048, 2048, 2048, 2048, 2048, 2048, 2048]",299.0
1226,9197,77,27,2023-11-26T13:43:24.929000+00:00,18.659,38.959,34.199,283.0,295.0,False,91.817,"[None, 2048, 2048, 2048, 2048]","[2048, 2048, 2048, 2048, 2048, 2048, 2048, 2048, 2048]","[2048, 2048, 2048, 2048, 2048, 2048, 2049, 2048, 2048]",300.0
1226,9197,27,27,2023-11-26T13:43:26.679000+00:00,18.507,39.176,34.402,283.0,297.0,False,92.085,"[None, 2048, 2048, 2048, 2048]","[2048, 2048, 2048, 2048, 2048, 2048, 2048, 2049, 2048]","[2048, 2048, 2048, 2048, 2048, 2048, 2048, 2048, 2048]",303.0
1226,9197,55,27,2023-11-26T13:43:27.616000+00:00,18.324,37.97,33.547,283.0,298.0,False,89.841,"[None, 2048, 2048, 2049, 2048]","[2048, 2048, 2048, 2049, 2049, 2048, 2048, 2048, 2048]","[2049, 2049, 2048, 2048, 2048, 2048, 2048, 2048]",333.0
1226,9197,23,27,2023-11-26T13:43:32.569000+00:00,18.294,38.576,33.858,,301.0,False,90.728,"[None, 2048, 2048, 2048, 2048]","[2049, 2048, 2048, 2048, 2048, 2048, 2048, 2048, 2048]","[2048, 2048, 2048, 2048, 2048, 2048, 2048, 2048, 2048]",312.0
1226,9197,24,27,2023-11-26T13:43:33.335000+00:00,18.442,38.324,33.853,284.0,298.0,False,90.619,"[None, 2048, 2048, 2048, 2048]","[2048, 2048, 2048, 2048, 2048, 2048, 2048, 2048, 2048]","[2048, 2048, 2049, 2048, 2048, 2048, 2048, 2048, 2048]",314.0
1226,9197,2,27,2023-11-26T13:43:34.960000+00:00,18.233,38.311,33.921,289.0,307.0,False,90.465,"[None, 2048, 2048, 2049, 2048]","[2048, 2048, 2048, 2048, 2048, 2048, 2048, 2048, 2048]","[2048, 2048, 2048, 2049, 2048, 2048, 2048, 2048, 2048]",313.0
1226,9197,20,27,2023-11-26T13:43:56.413000+00:00,18.288,38.877,33.526,281.0,292.0,False,90.691,"[None, 2048, 2049, 2049, 2048]","[2048, 2048, 2048, 2048, 2048, 2048, 2048, 2048, 2048]","[2048, 2048, 2048, 2048, 2048, 2048, 2048, 2048, 2048]",296.0
1226,9197,1,28,2023-11-26T13:44:23.240000+00:00,18.052,38.437,32.728,286.0,295.0,False,89.217,"[2049, 2049, 2048, 2048, 2048]","[2048, 2048, 2048, 2048, 2048, 2048, 2048, 2048, 2048]","[2048, 2048, 2048, 2048, 2048, 2048, 2048, 2048, 2048]",297.0
1226,9197,16,28,2023-11-26T13:44:28.881000+00:00,18.187,38.496,32.873,286.0,299.0,False,89.556,"[None, 2048, 2048, 2048, 2048]","[2048, 2048, 2048, 2048, 2048, 2048, 2048, 2048, 2048]","[2048, 2048, 2048, 2048, 2048, 2048, 2048, 2048, 2048]",304.0
1226,9197,63,28,2023-11-26T13:44:30.662000+00:00,18.02,38.499,33.046,290.0,304.0,False,89.565,"[None, 2048, 2048, 2049, 2049]","[2048, 2048, 2048, 2048, 2048, 2048, 2048, 2048, 2048]","[2048, 2048, 2048, 2048, 2048, 2048, 2048, 2048, 2048]",303.0
1226,9197,4,28,2023-11-26T13:44:33.506000+00:00,17.936,38.525,33.008,286.0,301.0,False,89.469,"[None, 2048, 2048, 2049, 2048]","[2048, 2048, 2048, 2048, 2048, 2049, 2048, 2048, 2048]","[2049, 2048, 2048, 2048, 2048, 2048, 2048, 2048, 2048]",303.0
1226,9197,81,28,2023-11-26T13:44:37.365000+00:00,17.962,38.973,34.101,289.0,309.0,False,91.036,"[None, 2048, 2048, 2048, 2048]","[2048, 2048, 2048, 2048, 2048, 2048, 2048, 2049, 2048]","[2048, 2048, 2048, 2048, 2048, 2048, 2048, 2048, 2048]",302.0
1226,9197,11,28,2023-11-26T13:44:37.943000+00:00,17.998,38.055,32.901,289.0,303.0,False,88.954,"[None, 2048, 2048, 2048, 2048]","[2048, 2048, 2048, 2048, 2048, 2048, 2048, 2048, 2048]","[2048, 2049, 2048, 2048, 2048, 2048, 2048, 2049]",333.0
1226,9197,14,28,2023-11-26T13:44:39.740000+00:00,18.159,38.885,33.515,289.0,297.0,False,90.559,"[None, 2048, 2048, 2049, 2048]","[2048, 2048, 2048, 2048, 2048, 2048, 2048, 2048, 2048]","[2048, 2048, 2048, 2049, 2048, 2048, 2048, 2048, 2048]",300.0
1226,9197,44,28,2023-11-26T13:44:44.084000+00:00,18.171,38.594,32.926,,298.0,False,89.691,"[None, 2048, 2048, 2048, 2048]","[2048, 2048, 2048, 2048, 2048, 2048, 2048, 2048, 2048]","[2049, 2048, 2048, 2049, 2048, 2048, 2048, 2048]",300.0
1226,9197,22,28,2023-11-26T13:44:46.193000+00:00,18.153,38.772,32.967,284.0,295.0,False,89.892,"[None, 2048, 2049, 2048, 2048]","[2048, 2048, 2048, 2048, 2048, 2048, 2048, 2048, 2048]","[2049, 2048, 2049, 2049, 2048, 2048, 2048, 2049, 2048]",299.0
1226,9197,3,28,2023-11-26T13:44:48.287000+00:00,18.31,38.863,33.524,,295.0,False,90.697,"[None, 2048, 2048, 2048, 2048]","[2048, 2048, 2048, 2048, 2048, 2048, 2048, 2048, 2048]","[2048, 2048, 2048, 2048, 2048, 2048, 2048, 2048, 2048]",300.0
1226,9197,18,28,2023-11-26T13:44:49.412000+00:00,18.25,38.067,33.995,,297.0,False,90.312,"[None, 2048, 2048, 2048, 2048]","[2048, 2048, 2048, 2048, 2048, 2048, 2048, 2048, 2048]","[2048, 2048, 2048, 2048, 2048, 2048, 2048, 2048, 2048]",306.0
1226,9197,31,28,2023-11-26T13:44:50.771000+00:00,18.236,38.512,33.574,287.0,298.0,False,90.322,"[None, 2048, 2048, 2048, 2048]","[2048, 2048, 2048, 2048, 2048, 2048, 2048, 2048, 2048]","[2048, 2048, 2048, 2049, 2048, 2048, 2048, 2048, 2048]",305.0
1226,9197,10,28,2023-11-26T13:44:53.849000+00:00,18.241,38.741,33.514,283.0,293.0,False,90.496,"[None, 2048, 2048, 2048, 2048]","[2048, 2048, 2048, 2048, 2048, 2048, 2048, 2048, 2048]","[2048, 2048, 2048, 2048, 2048, 2048, 2048, 2048, 2048]",300.0
1226,9197,77,28,2023-11-26T13:44:56.787000+00:00,18.758,39.126,34.54,279.0,301.0,False,92.424,"[None, 2048, 2048, 2048, 2048]","[2048, 2049, 2048, 2048, 2048, 2048, 2048, 2048, 2048]","[2048, 2048, 2048, 2048, 2048, 2048, 2048, 2048, 2048]",297.0
1226,9197,55,28,2023-11-26T13:44:57.381000+00:00,18.442,38.389,33.146,284.0,297.0,False,89.977,"[2049, 2048, 2048, 2048, 2048]","[2048, 2048, 2048, 2048, 2048, 2048, 2048, 2048, 2048]","[2049, 2048, 2048, 2048, 2048, 2048, 2049, 2048]",325.0
1226,9197,27,28,2023-11-26T13:44:58.678000+00:00,18.545,38.947,34.088,285.0,298.0,False,91.58,"[None, 2048, 2048, 2048, 2048]","[2048, 2048, 2048, 2048, 2048, 2048, 2048, 2048, 2048]","[2048, 2048, 2048, 2048, 2048, 2048, 2048, 2048, 2048]",306.0
1226,9197,23,28,2023-11-26T13:45:03.271000+00:00,18.245,38.512,33.874,,303.0,False,90.631,"[None, 2048, 2048, 2048, 2048]","[2048, 2048, 2048, 2048, 2048, 2048, 2048, 2048, 2048]","[2048, 2048, 2048, 2048, 2048, 2048, 2048, 2048, 2048]",313.0
1226,9197,24,28,2023-11-26T13:45:04.099000+00:00,18.297,38.444,34.041,286.0,296.0,False,90.782,"[None, 2048, 2048, 2049, 2049]","[2048, 2048, 2048, 2048, 2048, 2048, 2048, 2048, 2048]","[2048, 2048, 2048, 2048, 2048, 2048, 2048, 2048, 2048]",315.0
1226,9197,2,28,2023-11-26T13:45:05.334000+00:00,18.326,38.439,34.222,290.0,306.0,False,90.987,"[None, 2048, 2048, 2048, 2048]","[2048, 2048, 2048, 2048, 2048, 2048, 2048, 2048, 2048]","[2048, 2048, 2048, 2048, 2048, 2048, 2048, 2048, 2048]",310.0
1226,9197,20,28,2023-11-26T13:45:27.146000+00:00,18.37,38.848,33.491,,288.0,False,90.709,"[None, 2048, 2048, 2048, 2048]","[2048, 2048, 2048, 2048, 2048, 2048, 2048, 2048, 2048]","[2048, 2048, 2048, 2048, 2048, 2048, 2049, 2048, 2048]",295.0
1226,9197,1,29,2023-11-26T13:45:52.396000+00:00,17.953,38.469,32.761,,298.0,False,89.183,"[2048, 2049, 2048, 2048, 2049]","[2048, 2048, 2048, 2048, 2048, 2048, 2048, 2048, 2048]","[2048, 2048, 2048, 2049, 2048, 2048, 2049, 2049, 2048]",301.0
1226,9197,16,29,2023-11-26T13:45:58.411000+00:00,18.217,38.44,32.899,287.0,303.0,False,89.556,"[None, 2048, 2048, 2048, 2048]","[2049, 2048, 2048, 2048, 2048, 2048, 2048, 2048, 2048]","[2048, 2048, 2048, 2048, 2048, 2048, 2048, 2048, 2048]",309.0
1226,9197,63,29,2023-11-26T13:46:00.286000+00:00,18.065,38.516,33.141,288.0,301.0,False,89.722,"[None, 2049, 2048, 2048, 2048]","[2048, 2048, 2048, 2048, 2048, 2048, 2048, 2048, 2048]","[2049, 2048, 2048, 2048, 2048, 2048, 2048, 2048, 2048]",298.0
1226,9197,4,29,2023-11-26T13:46:02.942000+00:00,17.901,38.575,32.95,289.0,299.0,False,89.426,"[None, 2048, 2049, 2048, 2049]","[2048, 2048, 2048, 2048, 2048, 2048, 2048, 2048, 2048]","[2048, 2048, 2048, 2048, 2048, 2048, 2048, 2048, 2048]",304.0
1226,9197,11,29,2023-11-26T13:46:06.833000+00:00,17.959,38.552,33.052,281.0,296.0,False,89.563,"[None, 2051, 2049, 2048, 2048]","[2048, 2049, 2048, 2048, 2048, 2048, 2048, 2048, 2048]","[2048, 2048, 2048, 2048, 2048, 2048, 2048, 2048, 2048]",298.0
1226,9197,81,29,2023-11-26T13:46:08.442000+00:00,18.05,38.704,33.586,291.0,307.0,False,90.34,"[None, 2048, 2048, 2048, 2048]","[2049, 2048, 2048, 2048, 2048, 2048, 2048, 2048, 2048]","[2048, 2048, 2048, 2048, 2048, 2048, 2048, 2048, 2048]",309.0
1226,9197,14,29,2023-11-26T13:46:10.395000+00:00,18.057,38.685,33.267,,296.0,False,90.009,"[None, 2048, 2048, 2048, 2048]","[2049, 2048, 2048, 2048, 2048, 2048, 2048, 2048, 2048]","[2048, 2048, 2048, 2048, 2048, 2048, 2049, 2048, 2048]",301.0
1226,9197,44,29,2023-11-26T13:46:13.739000+00:00,18.123,38.638,33.081,,301.0,False,89.842,"[None, 2048, 2048, 2048, 2048]","[2048, 2048, 2048, 2048, 2048, 2048, 2048, 2048, 2048]","[2048, 2048, 2048, 2048, 2048, 2048, 2048, 2048, 2048]",304.0
1226,9197,22,29,2023-11-26T13:46:16.270000+00:00,18.164,38.621,32.903,283.0,295.0,False,89.688,"[None, 2048, 2049, 2048, 2048]","[2048, 2048, 2048, 2048, 2048, 2048, 2048, 2048, 2048]","[2048, 2049, 2049, 2048, 2048, 2049, 2048, 2048, 2048]",299.0
1226,9197,3,29,2023-11-26T13:46:18.989000+00:00,18.261,38.912,34.134,284.0,308.0,False,91.307,"[None, 2048, 2048, 2048, 2049]","[2048, 2048, 2048, 2048, 2048, 2048, 2048, 2048, 2048]","[2048, 2048, 2048, 2048, 2048, 2048, 2048, 2048, 2048]",300.0
1226,9197,18,29,2023-11-26T13:46:19.583000+00:00,18.031,38.05,33.521,291.0,291.0,False,89.602,"[2048, 2048, 2048, 2051, 2049]","[2048, 2048, 2048, 2048, 2048, 2048, 2048, 2048, 2048]","[2049, 2048, 2048, 2048, 2048, 2048, 2048, 2049]",325.0
1226,9197,31,29,2023-11-26T13:46:21.161000+00:00,18.279,38.643,33.582,,299.0,False,90.504,"[None, 2048, 2048, 2048, 2048]","[2048, 2048, 2048, 2048, 2048, 2048, 2048, 2048, 2048]","[2048, 2048, 2048, 2048, 2048, 2048, 2049, 2048, 2048]",303.0
1226,9197,10,29,2023-11-26T13:46:24.380000+00:00,18.178,38.6,33.551,284.0,295.0,False,90.329,"[None, 2048, 2048, 2049, 2049]","[2048, 2048, 2048, 2048, 2048, 2048, 2048, 2048, 2048]","[2048, 2048, 2048, 2048, 2048, 2048, 2048, 2048, 2048]",302.0
1226,9197,55,29,2023-11-26T13:46:27.442000+00:00,18.233,38.447,32.96,283.0,298.0,False,89.64,"[2048, 2049, 2048, 2048, 2049]","[2048, 2048, 2048, 2048, 2048, 2049, 2048, 2048, 2048]","[2049, 2049, 2049, 2049, 2048, 2048, 2048, 2048, 2048]",303.0
1226,9197,77,29,2023-11-26T13:46:29.192000+00:00,18.598,39.137,36.359,283.0,295.0,False,94.094,"[None, 2048, 2048, 2048, 2048]","[2048, 2048, 2048, 2048, 2048, 2048, 2048, 2048, 2048]","[2048, 2048, 2048, 2048, 2048, 2048, 2049, 2064, 2064]",302.0
1226,9197,27,29,2023-11-26T13:46:30.286000+00:00,18.464,38.503,34.801,,301.0,False,91.768,"[None, 2048, 2048, 2048, 2048]","[2049, 2048, 2048, 2048, 2048, 2048, 2048, 2049, 2049]","[2048, 2048, 2049, 2048, 2048, 2048, 2048, 2048, 2048]",322.0
1226,9197,23,29,2023-11-26T13:46:33.880000+00:00,18.323,38.376,33.889,288.0,304.0,False,90.588,"[None, 2048, 2048, 2048, 2048]","[2048, 2048, 2048, 2048, 2048, 2048, 2048, 2048, 2048]","[2048, 2048, 2048, 2048, 2048, 2048, 2048, 2048, 2048]",314.0
1226,9197,24,29,2023-11-26T13:46:34.770000+00:00,18.475,38.506,33.627,283.0,295.0,False,90.608,"[None, 2048, 2048, 2048, 2048]","[2048, 2048, 2048, 2048, 2048, 2048, 2048, 2048, 2048]","[2048, 2048, 2048, 2048, 2048, 2048, 2048, 2048, 2048]",315.0
1226,9197,2,29,2023-11-26T13:46:36.411000+00:00,18.385,38.494,33.814,,308.0,False,90.693,"[None, 2048, 2048, 2048, 2048]","[2048, 2048, 2048, 2048, 2048, 2048, 2048, 2048, 2048]","[2048, 2048, 2048, 2048, 2048, 2048, 2048, 2048, 2048]",312.0
1226,9197,20,29,2023-11-26T13:46:57.817000+00:00,18.284,38.889,33.455,,292.0,False,90.628,"[None, 2048, 2048, 2049, 2048]","[2048, 2048, 2048, 2048, 2048, 2048, 2048, 2048, 2048]","[2048, 2048, 2048, 2048, 2048, 2048, 2049, 2048, 2048]",296.0
1226,9197,1,30,2023-11-26T13:47:21.582000+00:00,18.08,38.425,32.761,,295.0,False,89.266,"[None, 2048, 2048, 2049, 2048]","[2048, 2048, 2048, 2048, 2048, 2048, 2048, 2048, 2048]","[2048, 2048, 2048, 2048, 2048, 2048, 2048, 2048, 2048]",301.0
1226,9197,16,30,2023-11-26T13:47:28.051000+00:00,18.208,38.354,32.866,286.0,300.0,False,89.428,"[None, 2048, 2048, 2048, 2048]","[2048, 2048, 2048, 2048, 2048, 2049, 2048, 2048, 2048]","[2048, 2048, 2048, 2051, 2048, 2048, 2048, 2048, 2048]",305.0
1226,9197,63,30,2023-11-26T13:47:29.973000+00:00,18.19,38.476,33.174,287.0,304.0,False,89.84,"[None, 2048, 2048, 2048, 2048]","[2048, 2048, 2048, 2048, 2048, 2048, 2048, 2048, 2048]","[2048, 2049, 2048, 2048, 2048, 2048, 2048, 2048, 2048]",304.0
1226,9197,4,30,2023-11-26T13:47:32.332000+00:00,17.963,38.557,32.98,288.0,299.0,False,89.5,"[None, 2048, 2048, 2048, 2049]","[2048, 2048, 2048, 2048, 2048, 2048, 2048, 2048, 2048]","[2048, 2048, 2048, 2048, 2048, 2048, 2051, 2048, 2048]",301.0
1226,9197,11,30,2023-11-26T13:47:36.426000+00:00,18.081,38.602,32.797,284.0,298.0,False,89.48,"[None, 2048, 2048, 2048, 2048]","[2048, 2048, 2048, 2048, 2048, 2048, 2048, 2048, 2048]","[2048, 2048, 2048, 2048, 2048, 2048, 2049, 2049, 2048]",302.0
1226,9197,81,30,2023-11-26T13:47:38.754000+00:00,18.128,38.751,33.618,288.0,304.0,False,90.497,"[None, 2049, 2048, 2048, 2048]","[2048, 2048, 2048, 2048, 2048, 2048, 2048, 2048, 2048]","[2048, 2048, 2048, 2048, 2048, 2048, 2048, 2048, 2048]",306.0
1226,9197,14,30,2023-11-26T13:47:40.316000+00:00,18.116,38.769,33.53,,294.0,False,90.415,"[None, 2048, 2048, 2048, 2048]","[2048, 2048, 2048, 2048, 2048, 2048, 2048, 2048, 2048]","[2048, 2048, 2048, 2049, 2048, 2048, 2049, 2048, 2048]",297.0
1226,9197,44,30,2023-11-26T13:47:43.629000+00:00,18.174,38.666,33.278,,299.0,False,90.118,"[None, 2049, 2048, 2048, 2048]","[2048, 2048, 2048, 2048, 2048, 2048, 2048, 2048, 2048]","[2048, 2048, 2048, 2048, 2048, 2048, 2048, 2048, 2048]",299.0
1226,9197,22,30,2023-11-26T13:47:45.863000+00:00,18.158,38.801,33.03,285.0,297.0,False,89.989,"[None, 2048, 2048, 2048, 2048]","[2048, 2048, 2048, 2048, 2048, 2048, 2048, 2048, 2048]","[2049, 2048, 2048, 2049, 2048, 2048, 2049, 2048, 2048]",293.0
1226,9197,18,30,2023-11-26T13:47:49.269000+00:00,18.055,38.41,33.271,287.0,289.0,False,89.736,"[None, 2048, 2049, 2048, 2048]","[2048, 2049, 2048, 2048, 2048, 2048, 2048, 2048, 2048]","[2049, 2048, 2048, 2048, 2048, 2049, 2049, 2048, 2048]",295.0
1226,9197,3,30,2023-11-26T13:47:50.191000+00:00,18.343,38.834,33.501,286.0,298.0,False,90.678,"[None, 2048, 2048, 2048, 2048]","[2048, 2048, 2048, 2048, 2048, 2048, 2048, 2048, 2048]","[2048, 2048, 2048, 2048, 2048, 2048, 2049, 2048, 2048]",303.0
1226,9197,31,30,2023-11-26T13:47:51.676000+00:00,18.269,38.682,33.563,,297.0,False,90.514,"[None, 2048, 2048, 2048, 2049]","[2049, 2048, 2048, 2048, 2048, 2048, 2048, 2048, 2048]","[2048, 2048, 2048, 2049, 2048, 2048, 2048, 2048, 2048]",305.0
1226,9197,10,30,2023-11-26T13:47:54.879000+00:00,18.281,38.689,33.422,283.0,292.0,False,90.392,"[None, 2048, 2048, 2048, 2048]","[2048, 2048, 2048, 2048, 2048, 2048, 2048, 2048, 2048]","[2048, 2049, 2048, 2049, 2048, 2048, 2048, 2048, 2048]",296.0
1226,9197,55,30,2023-11-26T13:47:57.113000+00:00,18.224,38.385,33.091,281.0,296.0,False,89.7,"[None, 2049, 2048, 2049, 2049]","[2048, 2049, 2048, 2048, 2048, 2049, 2048, 2048, 2048]","[2048, 2049, 2048, 2048, 2048, 2048, 2049, 2049]",300.0
1226,9197,27,30,2023-11-26T13:48:01.847000+00:00,18.239,39.011,33.417,283.0,293.0,False,90.667,"[None, 2048, 2048, 2048, 2048]","[2048, 2048, 2048, 2048, 2048, 2048, 2048, 2048, 2048]","[2048, 2048, 2048, 2048, 2048, 2048, 2048, 2048, 2048]",298.0
1226,9197,77,30,2023-11-26T13:48:03.285000+00:00,39.718,39.273,34.095,279.0,283.0,True,113.086,"[2064, 2064, 2064, 2064, 2048]","[2048, 2049, 2048, 2048, 2048, 2048, 2048, 2048, 2048]","[2048, 2048, 2048, 2048, 2048, 2049, 2048, 2048, 2049]",288.0
1226,9197,23,30,2023-11-26T13:48:04.519000+00:00,18.282,38.437,33.872,289.0,308.0,False,90.591,"[None, 2048, 2048, 2048, 2048]","[2048, 2048, 2048, 2048, 2048, 2048, 2049, 2048, 2048]","[2048, 2048, 2048, 2048, 2048, 2048, 2048, 2048]",312.0
1226,9197,24,30,2023-11-26T13:48:05.550000+00:00,18.465,39.003,33.586,285.0,293.0,False,91.054,"[None, 2048, 2048, 2048, 2048]","[2048, 2048, 2048, 2048, 2048, 2048, 2048, 2048, 2048]","[2048, 2048, 2048, 2048, 2048, 2048, 2049, 2048]",301.0
1226,9197,2,30,2023-11-26T13:48:07.066000+00:00,18.358,38.343,33.941,,308.0,False,90.642,"[None, 2048, 2048, 2048, 2048]","[2048, 2048, 2048, 2048, 2048, 2049, 2049, 2048, 2048]","[2048, 2049, 2048, 2048, 2048, 2048, 2048, 2048]",309.0
1226,9197,20,30,2023-11-26T13:48:28.503000+00:00,18.222,38.546,33.348,284.0,295.0,False,90.116,"[None, 2048, 2048, 2049, 2048]","[2048, 2048, 2048, 2048, 2048, 2048, 2048, 2048, 2048]","[2048, 2048, 2048, 2048, 2048, 2048, 2049, 2048, 2048]",302.0
1226,9197,1,31,2023-11-26T13:48:50.862000+00:00,18.014,38.411,32.724,,300.0,False,89.149,"[None, 2048, 2048, 2048, 2048]","[2048, 2048, 2048, 2048, 2048, 2048, 2048, 2048, 2048]","[2049, 2048, 2048, 2049, 2048, 2048, 2048, 2048, 2048]",302.0
1226,9197,16,31,2023-11-26T13:48:57.394000+00:00,18.226,38.42,32.908,287.0,305.0,False,89.554,"[None, 2049, 2048, 2048, 2048]","[2048, 2048, 2048, 2048, 2048, 2048, 2048, 2048, 2048]","[2048, 2048, 2048, 2048, 2048, 2048, 2048, 2048, 2048]",309.0
1226,9197,63,31,2023-11-26T13:48:59.800000+00:00,18.066,38.34,32.996,,306.0,False,89.402,"[None, 2048, 2048, 2048, 2048]","[2048, 2048, 2048, 2048, 2048, 2048, 2048, 2048, 2048]","[2048, 2048, 2048, 2048, 2048, 2048, 2048, 2048, 2048]",303.0
1226,9197,4,31,2023-11-26T13:49:01.925000+00:00,17.908,38.522,33.58,,299.0,False,90.01,"[None, 2048, 2048, 2051, 2048]","[2048, 2048, 2048, 2048, 2048, 2048, 2048, 2048, 2048]","[2048, 2048, 2048, 2048, 2048, 2048, 2048, 2048, 2048]",302.0
1226,9197,11,31,2023-11-26T13:49:06.034000+00:00,17.952,38.576,32.885,287.0,302.0,False,89.413,"[None, 2048, 2048, 2048, 2048]","[2048, 2048, 2048, 2048, 2048, 2048, 2048, 2048, 2048]","[2051, 2048, 2048, 2048, 2048, 2048, 2048, 2049, 2048]",305.0
1226,9197,81,31,2023-11-26T13:49:09.237000+00:00,18.067,38.691,33.324,290.0,306.0,False,90.082,"[2049, 2048, 2048, 2048, 2048]","[2049, 2048, 2048, 2048, 2048, 2048, 2048, 2048, 2048]","[2048, 2048, 2051, 2048, 2048, 2048, 2048, 2048, 2048]",308.0
1226,9197,14,31,2023-11-26T13:49:10.753000+00:00,18.137,38.713,33.278,,298.0,False,90.128,"[None, 2048, 2048, 2048, 2048]","[2048, 2048, 2048, 2048, 2048, 2048, 2048, 2048, 2048]","[2048, 2048, 2048, 2049, 2048, 2048, 2048, 2048, 2048]",301.0
1226,9197,44,31,2023-11-26T13:49:13.722000+00:00,18.119,38.484,33.203,,300.0,False,89.806,"[None, 2048, 2048, 2048, 2048]","[2048, 2048, 2048, 2048, 2048, 2049, 2048, 2048, 2048]","[2048, 2048, 2049, 2048, 2048, 2048, 2048, 2048, 2048]",302.0
1226,9197,22,31,2023-11-26T13:49:15.800000+00:00,18.151,38.532,32.984,286.0,298.0,False,89.667,"[None, 2048, 2048, 2048, 2048]","[2048, 2049, 2048, 2048, 2048, 2048, 2048, 2048, 2048]","[2048, 2048, 2049, 2049, 2048, 2048, 2048, 2048, 2048]",301.0
1226,9197,18,31,2023-11-26T13:49:18.987000+00:00,18.016,38.375,33.315,288.0,294.0,False,89.706,"[2049, 2048, 2049, 2048, 2048]","[2048, 2048, 2048, 2048, 2048, 2048, 2048, 2048, 2048]","[2048, 2048, 2048, 2048, 2048, 2048, 2048, 2048, 2048]",300.0
1226,9197,3,31,2023-11-26T13:49:20.971000+00:00,18.335,38.795,35.354,284.0,296.0,False,92.484,"[None, 2048, 2048, 2048, 2048]","[2048, 2048, 2048, 2048, 2048, 2048, 2048, 2048, 2048]","[2048, 2048, 2049, 2048, 2048, 2048, 2048, 2064, 2064]",299.0
1226,9197,31,31,2023-11-26T13:49:22.237000+00:00,18.261,38.377,33.681,,312.0,False,90.319,"[2049, 2048, 2048, 2048, 2048]","[2049, 2048, 2048, 2048, 2048, 2048, 2048, 2048, 2048]","[2048, 2049, 2048, 2048, 2048, 2048, 2048, 2048]",304.0
1226,9197,10,31,2023-11-26T13:49:25.096000+00:00,18.256,38.513,33.47,,293.0,False,90.239,"[None, 2048, 2048, 2048, 2048]","[2048, 2048, 2048, 2048, 2048, 2048, 2048, 2048, 2048]","[2048, 2048, 2048, 2048, 2048, 2048, 2048, 2048, 2048]",300.0
1226,9197,55,31,2023-11-26T13:49:26.799000+00:00,18.217,38.321,33.226,280.0,297.0,False,89.764,"[None, 2048, 2048, 2049, 2048]","[2048, 2048, 2048, 2048, 2048, 2048, 2048, 2048, 2048]","[2048, 2049, 2048, 2048, 2048, 2048, 2048, 2048, 2048]",302.0
1226,9197,27,31,2023-11-26T13:49:32.674000+00:00,18.204,38.987,33.402,280.0,292.0,False,90.593,"[None, 2048, 2048, 2048, 2048]","[2048, 2048, 2048, 2048, 2048, 2048, 2048, 2048, 2048]","[2048, 2048, 2048, 2048, 2048, 2048, 2049, 2048, 2048]",295.0
1226,9197,23,31,2023-11-26T13:49:35.081000+00:00,18.288,38.339,33.928,288.0,305.0,False,90.555,"[None, 2048, 2048, 2048, 2048]","[2048, 2048, 2048, 2048, 2048, 2048, 2048, 2048, 2048]","[2048, 2048, 2048, 2048, 2048, 2048, 2048, 2048, 2048]",310.0
1226,9197,24,31,2023-11-26T13:49:36.268000+00:00,18.319,38.857,33.759,286.0,295.0,False,90.935,"[2049, 2048, 2048, 2048, 2048]","[2048, 2048, 2048, 2048, 2048, 2048, 2048, 2048, 2048]","[2048, 2048, 2048, 2048, 2048, 2048, 2048, 2048, 2048]",302.0
1226,9197,2,31,2023-11-26T13:49:37.612000+00:00,18.372,38.114,34.161,289.0,317.0,False,90.647,"[None, 2048, 2048, 2048, 2048]","[2048, 2048, 2048, 2048, 2048, 2048, 2048, 2049, 2048]","[2048, 2048, 2048, 2048, 2048, 2048, 2048, 2048, 2048]",312.0
1226,9197,77,31,2023-11-26T13:49:56.518000+00:00,18.84,38.909,33.559,276.0,284.0,False,91.308,"[2048, 2048, 2048, 2048, 2048]","[2048, 2049, 2048, 2048, 2048, 2049, 2048, 2048, 2048]","[2048, 2048, 2048, 2048, 2049, 2049, 2049, 2048, 2049]",289.0
1226,9197,20,31,2023-11-26T13:49:58.518000+00:00,18.249,38.792,33.59,283.0,293.0,False,90.631,"[None, 2048, 2048, 2048, 2049]","[2048, 2048, 2048, 2048, 2048, 2048, 2048, 2048, 2048]","[2048, 2048, 2048, 2048, 2048, 2048, 2048, 2048, 2048]",300.0
1226,9197,1,32,2023-11-26T13:50:19.986000+00:00,17.994,38.454,32.652,,298.0,False,89.1,"[None, 2049, 2048, 2048, 2048]","[2048, 2048, 2048, 2048, 2048, 2048, 2048, 2048, 2048]","[2048, 2048, 2048, 2048, 2048, 2048, 2049, 2048, 2048]",302.0
1226,9197,16,32,2023-11-26T13:50:27.064000+00:00,18.321,38.547,32.947,283.0,300.0,False,89.815,"[None, 2048, 2048, 2048, 2048]","[2048, 2048, 2048, 2048, 2048, 2048, 2048, 2048, 2048]","[2048, 2048, 2048, 2048, 2048, 2048, 2048, 2048, 2048]",306.0
1226,9197,63,32,2023-11-26T13:50:29.143000+00:00,18.111,38.5,33.081,286.0,304.0,False,89.692,"[2049, 2048, 2049, 2048, 2048]","[2048, 2048, 2048, 2048, 2048, 2048, 2048, 2048, 2048]","[2048, 2049, 2048, 2048, 2048, 2048, 2048, 2048, 2048]",304.0
1226,9197,4,32,2023-11-26T13:50:31.830000+00:00,17.963,38.725,33.154,289.0,301.0,False,89.842,"[None, 2048, 2048, 2048, 2048]","[2048, 2048, 2048, 2048, 2048, 2048, 2048, 2048, 2048]","[2048, 2048, 2049, 2048, 2048, 2048, 2048, 2048, 2048]",300.0
1226,9197,11,32,2023-11-26T13:50:35.439000+00:00,18.005,38.521,32.788,284.0,299.0,False,89.314,"[None, 2048, 2048, 2048, 2048]","[2048, 2048, 2048, 2048, 2048, 2048, 2048, 2048, 2048]","[2048, 2048, 2048, 2049, 2048, 2048, 2048, 2048, 2048]",304.0
1226,9197,81,32,2023-11-26T13:50:39.361000+00:00,17.891,38.808,33.148,291.0,301.0,False,89.847,"[2048, 2049, 2048, 2051, 2048]","[2048, 2048, 2048, 2048, 2048, 2048, 2048, 2048, 2048]","[2048, 2048, 2048, 2048, 2048, 2048, 2048, 2048, 2048]",304.0
1226,9197,14,32,2023-11-26T13:50:40.939000+00:00,18.048,38.615,33.144,,298.0,False,89.807,"[None, 2048, 2048, 2049, 2048]","[2048, 2048, 2048, 2048, 2048, 2048, 2048, 2048, 2048]","[2048, 2048, 2048, 2049, 2048, 2048, 2048, 2048]",301.0
1226,9197,44,32,2023-11-26T13:50:43.486000+00:00,18.259,38.518,33.099,,300.0,False,89.876,"[None, 2048, 2048, 2048, 2048]","[2048, 2048, 2048, 2048, 2048, 2048, 2048, 2048, 2048]","[2048, 2048, 2049, 2048, 2048, 2048, 2048, 2048, 2048]",302.0
1226,9197,22,32,2023-11-26T13:50:45.470000+00:00,18.223,38.657,33.088,,293.0,False,89.968,"[None, 2048, 2048, 2048, 2048]","[2048, 2048, 2048, 2048, 2048, 2048, 2048, 2048, 2048]","[2048, 2048, 2048, 2048, 2048, 2048, 2048, 2048, 2048]",294.0
1226,9197,18,32,2023-11-26T13:50:48.767000+00:00,18.039,38.562,33.23,,290.0,False,89.831,"[2048, 2048, 2049, 2048, 2048]","[2048, 2048, 2048, 2048, 2048, 2048, 2048, 2048, 2048]","[2048, 2048, 2048, 2048, 2048, 2048, 2048, 2048, 2048]",297.0
1226,9197,31,32,2023-11-26T13:50:52.392000+00:00,18.238,38.587,33.418,286.0,293.0,False,90.243,"[2048, 2048, 2048, 2049, 2048]","[2048, 2048, 2048, 2048, 2048, 2048, 2048, 2048, 2048]","[2048, 2049, 2048, 2048, 2048, 2048, 2048, 2048, 2048]",300.0
1226,9197,3,32,2023-11-26T13:50:53.439000+00:00,38.391,38.65,33.017,281.0,293.0,True,110.058,"[2064, 2064, 2064, 2064, 2048]","[2048, 2048, 2048, 2048, 2048, 2048, 2049, 2048, 2048]","[2048, 2049, 2049, 2048, 2048, 2048, 2048, 2048, 2049]",299.0
1226,9197,10,32,2023-11-26T13:50:55.298000+00:00,18.237,38.808,35.518,284.0,292.0,False,92.563,"[None, 2048, 2048, 2048, 2048]","[2048, 2048, 2048, 2048, 2048, 2048, 2048, 2048, 2048]","[2048, 2049, 2048, 2048, 2048, 2048, 2048, 2064, 2064]",299.0
1226,9197,55,32,2023-11-26T13:50:56.627000+00:00,18.117,38.285,33.495,286.0,313.0,False,89.897,"[2049, 2048, 2048, 2049, 2049]","[2048, 2048, 2048, 2048, 2048, 2048, 2048, 2048, 2048]","[2048, 2048, 2048, 2048, 2048, 2048, 2048, 2048]",311.0
1226,9197,27,32,2023-11-26T13:51:03.408000+00:00,18.334,39.05,33.461,279.0,291.0,False,90.845,"[None, 2048, 2048, 2048, 2048]","[2048, 2048, 2048, 2048, 2048, 2048, 2048, 2048, 2048]","[2048, 2048, 2048, 2048, 2048, 2048, 2048, 2048]",296.0
1226,9197,23,32,2023-11-26T13:51:05.720000+00:00,18.227,38.372,33.751,289.0,308.0,False,90.35,"[None, 2048, 2048, 2048, 2048]","[2048, 2048, 2048, 2048, 2048, 2048, 2048, 2048, 2048]","[2048, 2048, 2048, 2048, 2048, 2048, 2048, 2048]",313.0
1226,9197,24,32,2023-11-26T13:51:07.376000+00:00,18.224,38.999,33.651,,293.0,False,90.874,"[2048, 2048, 2048, 2049, 2048]","[2048, 2048, 2048, 2048, 2048, 2048, 2048, 2048, 2048]","[2048, 2048, 2048, 2048, 2048, 2048, 2049, 2049, 2048]",300.0
1226,9197,2,32,2023-11-26T13:51:08.361000+00:00,18.299,38.885,33.946,290.0,307.0,False,91.13,"[None, 2049, 2048, 2048, 2048]","[2048, 2048, 2048, 2048, 2048, 2048, 2048, 2048, 2048]","[2049, 2048, 2048, 2048, 2048, 2048, 2048, 2048]",307.0
1226,9197,77,32,2023-11-26T13:51:27.673000+00:00,18.359,38.506,33.38,282.0,291.0,False,90.245,"[2049, 2048, 2049, 2048, 2048]","[2048, 2049, 2049, 2048, 2048, 2049, 2049, 2048, 2048]","[2048, 2048, 2048, 2048, 2048, 2048, 2049, 2049, 2049]",296.0
1226,9197,20,32,2023-11-26T13:51:29.236000+00:00,18.244,38.804,33.636,287.0,298.0,False,90.684,"[None, 2048, 2048, 2048, 2049]","[2048, 2048, 2048, 2048, 2048, 2048, 2048, 2048, 2048]","[2048, 2048, 2048, 2048, 2048, 2048, 2048, 2048, 2048]",303.0
1226,9197,1,33,2023-11-26T13:51:49.126000+00:00,18.0,38.435,32.702,,301.0,False,89.137,"[None, 2048, 2048, 2048, 2048]","[2048, 2048, 2048, 2048, 2048, 2048, 2048, 2048, 2048]","[2048, 2048, 2048, 2048, 2048, 2048, 2049, 2051, 2048]",302.0
1226,9197,16,33,2023-11-26T13:51:56.845000+00:00,18.227,38.346,33.12,286.0,304.0,False,89.693,"[None, 2048, 2048, 2048, 2048]","[2048, 2048, 2048, 2048, 2048, 2049, 2048, 2048, 2048]","[2048, 2048, 2048, 2048, 2048, 2048, 2048, 2048, 2048]",309.0
1226,9197,63,33,2023-11-26T13:51:58.923000+00:00,18.132,38.476,32.985,287.0,305.0,False,89.593,"[2048, 2048, 2048, 2048, 2048]","[2048, 2048, 2048, 2048, 2048, 2048, 2048, 2048, 2048]","[2048, 2048, 2048, 2048, 2048, 2048, 2048, 2048, 2048]",301.0
1226,9197,4,33,2023-11-26T13:52:01.891000+00:00,18.048,38.559,34.838,287.0,300.0,False,91.445,"[None, 2049, 2048, 2048, 2048]","[2048, 2048, 2048, 2048, 2048, 2048, 2048, 2048, 2048]","[2048, 2048, 2048, 2048, 2048, 2048, 2048, 2064, 2064]",302.0
1226,9197,11,33,2023-11-26T13:52:04.751000+00:00,17.999,38.521,32.741,285.0,302.0,False,89.261,"[None, 2051, 2048, 2048, 2048]","[2048, 2048, 2048, 2048, 2048, 2048, 2048, 2048, 2048]","[2048, 2048, 2048, 2048, 2048, 2048, 2049, 2051, 2048]",305.0
1226,9197,81,33,2023-11-26T13:52:09.173000+00:00,18.042,38.646,33.089,287.0,302.0,False,89.777,"[2049, 2048, 2048, 2048, 2048]","[2048, 2048, 2048, 2048, 2048, 2048, 2048, 2048, 2048]","[2049, 2048, 2048, 2048, 2048, 2048, 2048, 2048, 2048]",305.0
1226,9197,14,33,2023-11-26T13:52:10.688000+00:00,18.308,38.745,33.373,288.0,295.0,False,90.426,"[None, 2048, 2048, 2048, 2048]","[2048, 2048, 2048, 2048, 2048, 2048, 2048, 2048, 2048]","[2048, 2048, 2048, 2049, 2048, 2048, 2048, 2049, 2048]",299.0
1226,9197,44,33,2023-11-26T13:52:13.485000+00:00,18.166,38.484,33.124,287.0,300.0,False,89.774,"[None, 2048, 2048, 2048, 2048]","[2048, 2048, 2048, 2048, 2048, 2049, 2048, 2048, 2048]","[2048, 2048, 2048, 2048, 2048, 2048, 2048, 2048, 2048]",302.0
1226,9197,22,33,2023-11-26T13:52:15.563000+00:00,18.137,38.579,33.043,285.0,299.0,False,89.759,"[None, 2048, 2048, 2048, 2049]","[2048, 2049, 2048, 2048, 2048, 2048, 2048, 2048, 2048]","[2049, 2048, 2049, 2048, 2048, 2048, 2048, 2048, 2048]",300.0
1226,9197,18,33,2023-11-26T13:52:18.563000+00:00,18.104,38.659,33.365,289.0,297.0,False,90.128,"[None, 2048, 2048, 2048, 2048]","[2048, 2048, 2048, 2048, 2048, 2048, 2048, 2048, 2048]","[2049, 2048, 2048, 2048, 2048, 2048, 2048, 2048, 2048]",302.0
1226,9197,31,33,2023-11-26T13:52:22.751000+00:00,18.241,38.62,33.383,285.0,293.0,False,90.244,"[None, 2048, 2048, 2048, 2048]","[2048, 2048, 2048, 2048, 2048, 2048, 2048, 2048, 2048]","[2048, 2049, 2048, 2049, 2048, 2048, 2048, 2048, 2048]",300.0
1226,9197,55,33,2023-11-26T13:52:26.297000+00:00,18.195,38.628,32.937,280.0,294.0,False,89.76,"[None, 2048, 2048, 2048, 2048]","[2048, 2048, 2048, 2048, 2048, 2048, 2048, 2048, 2048]","[2048, 2048, 2049, 2048, 2048, 2049, 2049, 2048, 2048]",295.0
1226,9197,10,33,2023-11-26T13:52:27.766000+00:00,40.117,38.445,32.739,282.0,290.0,True,111.301,"[2064, 2064, 2064, 2064, 2048]","[2048, 2049, 2049, 2048, 2048, 2048, 2049, 2048, 2048]","[2048, 2049, 2049, 2048, 2051, 2049, 2049, 2049, 2049]",295.0
1226,9197,27,33,2023-11-26T13:52:34.079000+00:00,18.283,39.026,35.146,281.0,292.0,False,92.455,"[None, 2048, 2048, 2048, 2048]","[2048, 2048, 2048, 2048, 2048, 2048, 2048, 2048, 2048]","[2048, 2048, 2048, 2048, 2048, 2048, 2048, 2064, 2064]",297.0
1226,9197,23,33,2023-11-26T13:52:35.891000+00:00,18.24,38.454,33.753,,309.0,False,90.447,"[None, 2048, 2048, 2049, 2048]","[2048, 2048, 2048, 2048, 2048, 2048, 2048, 2048, 2048]","[2048, 2048, 2048, 2048, 2048, 2048, 2048, 2048, 2048]",314.0
1226,9197,24,33,2023-11-26T13:52:38.172000+00:00,18.271,39.055,33.518,285.0,292.0,False,90.844,"[None, 2049, 2048, 2048, 2048]","[2048, 2048, 2048, 2048, 2048, 2048, 2048, 2048, 2048]","[2048, 2048, 2048, 2048, 2048, 2048, 2048, 2048]",299.0
1226,9197,2,33,2023-11-26T13:52:39.422000+00:00,18.332,38.633,33.913,288.0,308.0,False,90.878,"[None, 2048, 2048, 2048, 2048]","[2048, 2048, 2048, 2048, 2048, 2048, 2048, 2048, 2048]","[2048, 2048, 2048, 2048, 2048, 2048, 2048, 2048, 2048]",309.0
1226,9197,3,33,2023-11-26T13:52:43.438000+00:00,18.168,38.325,32.856,284.0,294.0,False,89.349,"[2049, 2049, 2049, 2048, 2048]","[2048, 2048, 2048, 2048, 2048, 2049, 2048, 2048, 2048]","[2048, 2049, 2048, 2048, 2048, 2049, 2049, 2048, 2048]",300.0
1226,9197,77,33,2023-11-26T13:52:57.953000+00:00,18.319,38.713,33.591,,288.0,False,90.623,"[None, 2048, 2049, 2048, 2048]","[2049, 2048, 2048, 2048, 2048, 2048, 2048, 2048, 2048]","[2048, 2048, 2048, 2048, 2048, 2049, 2048, 2048, 2049]",294.0
1226,9197,20,33,2023-11-26T13:52:59.891000+00:00,18.297,38.772,33.368,284.0,294.0,False,90.437,"[None, 2048, 2048, 2048, 2048]","[2048, 2048, 2048, 2048, 2048, 2048, 2048, 2048, 2048]","[2048, 2048, 2048, 2048, 2048, 2048, 2049, 2048, 2048]",301.0
1226,9197,1,34,2023-11-26T13:53:18.187000+00:00,17.92,38.467,32.69,,300.0,False,89.077,"[None, 2049, 2051, 2049, 2048]","[2048, 2048, 2048, 2048, 2048, 2048, 2048, 2048, 2048]","[2048, 2048, 2048, 2048, 2048, 2048, 2049, 2048, 2048]",303.0
1226,9197,16,34,2023-11-26T13:53:26.469000+00:00,18.165,38.346,32.936,287.0,303.0,False,89.447,"[2049, 2048, 2048, 2048, 2048]","[2048, 2048, 2048, 2048, 2048, 2048, 2048, 2048, 2048]","[2048, 2048, 2048, 2048, 2048, 2048, 2048, 2048, 2048]",309.0
1226,9197,63,34,2023-11-26T13:53:28.547000+00:00,17.979,38.428,34.555,288.0,305.0,False,90.962,"[None, 2048, 2048, 2049, 2048]","[2048, 2048, 2048, 2048, 2048, 2048, 2048, 2048, 2048]","[2048, 2049, 2048, 2049, 2048, 2048, 2049, 2064, 2064]",301.0
1226,9197,4,34,2023-11-26T13:53:33.203000+00:00,37.343,38.126,32.228,290.0,295.0,True,107.697,"[2064, 2064, 2064, 2064, 2048]","[2048, 2048, 2048, 2048, 2048, 2049, 2049, 2048, 2048]","[2048, 2051, 2051, 2048, 2051, 2049, 2051, 2048, 2048]",298.0
1226,9197,11,34,2023-11-26T13:53:33.922000+00:00,17.939,38.64,32.737,284.0,300.0,False,89.316,"[None, 2048, 2048, 2048, 2048]","[2048, 2048, 2048, 2048, 2048, 2048, 2048, 2048, 2048]","[2051, 2048, 2048, 2048, 2048, 2048, 2048, 2048, 2048]",303.0
1226,9197,81,34,2023-11-26T13:53:38.984000+00:00,17.972,38.706,33.163,289.0,302.0,False,89.841,"[2048, 2048, 2048, 2048, 2048]","[2048, 2048, 2048, 2048, 2048, 2048, 2048, 2048, 2048]","[2048, 2049, 2048, 2048, 2048, 2048, 2048, 2048]",306.0
1226,9197,14,34,2023-11-26T13:53:41.156000+00:00,18.076,38.564,33.244,289.0,301.0,False,89.884,"[None, 2048, 2048, 2048, 2048]","[2048, 2048, 2048, 2048, 2048, 2048, 2048, 2048, 2048]","[2048, 2048, 2048, 2048, 2048, 2048, 2048, 2048, 2048]",304.0
1226,9197,44,34,2023-11-26T13:53:43.187000+00:00,18.181,38.514,33.094,286.0,302.0,False,89.789,"[None, 2048, 2048, 2048, 2048]","[2049, 2048, 2048, 2048, 2048, 2048, 2048, 2048, 2048]","[2048, 2049, 2048, 2048, 2048, 2048, 2048, 2049]",303.0
1226,9197,22,34,2023-11-26T13:53:45.281000+00:00,18.177,38.64,33.159,282.0,295.0,False,89.976,"[None, 2048, 2048, 2048, 2048]","[2048, 2048, 2048, 2048, 2048, 2048, 2048, 2048, 2048]","[2049, 2048, 2048, 2048, 2048, 2048, 2048, 2048]",299.0
1226,9197,18,34,2023-11-26T13:53:48.671000+00:00,18.059,38.597,33.265,287.0,296.0,False,89.921,"[2049, 2048, 2048, 2048, 2048]","[2048, 2048, 2048, 2048, 2048, 2048, 2048, 2048, 2048]","[2048, 2048, 2048, 2048, 2048, 2048, 2048, 2048, 2048]",300.0
1226,9197,31,34,2023-11-26T13:53:53+00:00,18.217,38.131,33.685,286.0,312.0,False,90.033,"[None, 2048, 2048, 2048, 2048]","[2048, 2048, 2048, 2048, 2048, 2048, 2048, 2048, 2048]","[2048, 2048, 2048, 2048, 2048, 2048, 2048, 2048, 2048]",320.0
1226,9197,55,34,2023-11-26T13:53:56.234000+00:00,18.124,38.596,32.954,282.0,295.0,False,89.674,"[2048, 2048, 2049, 2048, 2048]","[2048, 2048, 2048, 2048, 2048, 2048, 2048, 2048, 2048]","[2048, 2048, 2048, 2048, 2048, 2048, 2049, 2049, 2048]",301.0
1226,9197,23,34,2023-11-26T13:54:06.312000+00:00,18.167,38.379,33.48,288.0,306.0,False,90.026,"[None, 2048, 2048, 2049, 2048]","[2048, 2048, 2048, 2048, 2048, 2048, 2049, 2048, 2048]","[2048, 2048, 2048, 2048, 2048, 2048, 2048, 2049, 2048]",309.0
1226,9197,27,34,2023-11-26T13:54:06.468000+00:00,38.203,38.91,33.085,284.0,288.0,True,110.198,"[2064, 2064, 2064, 2064, 2048]","[2048, 2048, 2048, 2048, 2048, 2048, 2048, 2048, 2048]","[2048, 2048, 2048, 2048, 2049, 2049, 2049, 2048, 2048]",291.0
1226,9197,24,34,2023-11-26T13:54:09.046000+00:00,18.296,38.888,33.757,,291.0,False,90.941,"[None, 2048, 2048, 2048, 2048]","[2049, 2048, 2048, 2048, 2048, 2048, 2048, 2048, 2048]","[2048, 2048, 2048, 2048, 2048, 2048, 2048, 2048]",299.0
1226,9197,2,34,2023-11-26T13:54:10.218000+00:00,18.223,38.607,33.939,289.0,305.0,False,90.769,"[None, 2048, 2048, 2049, 2048]","[2048, 2048, 2048, 2048, 2048, 2048, 2048, 2048, 2048]","[2048, 2048, 2048, 2048, 2048, 2048, 2049, 2048, 2048]",311.0
1226,9197,3,34,2023-11-26T13:54:12.796000+00:00,18.171,38.424,32.989,,293.0,False,89.584,"[2048, 2049, 2049, 2048, 2048]","[2048, 2048, 2048, 2048, 2048, 2048, 2048, 2048, 2048]","[2048, 2049, 2048, 2048, 2048, 2048, 2049, 2048, 2048]",299.0
1226,9197,10,34,2023-11-26T13:54:19.218000+00:00,18.015,38.301,32.835,,290.0,False,89.151,"[2049, 2048, 2049, 2048, 2048]","[2048, 2049, 2048, 2048, 2048, 2049, 2048, 2048, 2048]","[2048, 2048, 2048, 2048, 2048, 2048, 2048, 2048, 2049]",297.0
1226,9197,77,34,2023-11-26T13:54:28.624000+00:00,18.341,38.657,33.475,,291.0,False,90.473,"[None, 2048, 2049, 2049, 2048]","[2048, 2048, 2048, 2048, 2048, 2048, 2048, 2048, 2048]","[2048, 2049, 2049, 2048, 2048, 2048, 2049, 2048, 2048]",295.0
1226,9197,20,34,2023-11-26T13:54:30.296000+00:00,18.226,38.682,33.544,286.0,295.0,False,90.452,"[None, 2048, 2048, 2048, 2049]","[2048, 2048, 2048, 2048, 2048, 2048, 2048, 2048, 2048]","[2048, 2048, 2048, 2048, 2048, 2048, 2048, 2048, 2048]",303.0
1226,9197,1,35,2023-11-26T13:54:47.249000+00:00,17.929,38.526,32.693,,300.0,False,89.148,"[2049, 2048, 2048, 2049, 2049]","[2048, 2048, 2048, 2048, 2048, 2048, 2048, 2048, 2048]","[2049, 2048, 2048, 2048, 2048, 2048, 2049, 2048, 2048]",301.0
1226,9197,16,35,2023-11-26T13:54:55.999000+00:00,18.215,38.446,34.782,285.0,299.0,False,91.443,"[2048, 2048, 2048, 2048, 2048]","[2048, 2048, 2048, 2048, 2048, 2048, 2048, 2048, 2048]","[2048, 2048, 2048, 2048, 2048, 2048, 2048, 2064, 2064]",305.0
1226,9197,63,35,2023-11-26T13:54:59.358000+00:00,38.638,37.633,33.058,289.0,306.0,True,109.329,"[2064, 2064, 2064, 2064, 2049]","[2049, 2049, 2049, 2048, 2048, 2051, 2048, 2048, 2048]","[2048, 2048, 2051, 2048, 2048, 2048, 2048, 2048, 2051]",311.0
1226,9197,11,35,2023-11-26T13:55:03.202000+00:00,18.012,38.556,32.675,,299.0,False,89.243,"[None, 2048, 2048, 2048, 2048]","[2048, 2048, 2048, 2048, 2048, 2048, 2048, 2048, 2048]","[2048, 2048, 2048, 2048, 2048, 2048, 2048, 2051, 2048]",303.0
1226,9197,81,35,2023-11-26T13:55:08.577000+00:00,18.033,38.609,33.216,291.0,300.0,False,89.858,"[2049, 2048, 2048, 2048, 2048]","[2048, 2048, 2048, 2048, 2048, 2048, 2048, 2048, 2048]","[2048, 2049, 2048, 2048, 2048, 2048, 2048, 2048]",302.0
1226,9197,14,35,2023-11-26T13:55:10.936000+00:00,18.025,38.499,33.345,288.0,293.0,False,89.869,"[None, 2049, 2048, 2048, 2048]","[2048, 2049, 2048, 2048, 2048, 2048, 2048, 2048, 2048]","[2048, 2048, 2048, 2048, 2048, 2048, 2048, 2048]",297.0
1226,9197,44,35,2023-11-26T13:55:12.920000+00:00,18.054,38.271,34.999,288.0,304.0,False,91.324,"[None, 2048, 2048, 2048, 2048]","[2048, 2048, 2048, 2048, 2048, 2049, 2048, 2048, 2048]","[2049, 2048, 2048, 2048, 2048, 2048, 2048, 2064, 2064]",306.0
1226,9197,22,35,2023-11-26T13:55:15.124000+00:00,18.165,38.541,33.067,285.0,295.0,False,89.773,"[None, 2048, 2048, 2048, 2048]","[2048, 2048, 2048, 2048, 2048, 2049, 2048, 2048, 2048]","[2048, 2048, 2048, 2048, 2048, 2048, 2048, 2048, 2048]",300.0
1226,9197,18,35,2023-11-26T13:55:18.592000+00:00,18.056,38.494,33.352,288.0,294.0,False,89.902,"[2048, 2048, 2048, 2048, 2048]","[2048, 2048, 2048, 2048, 2048, 2048, 2048, 2048, 2048]","[2048, 2048, 2048, 2048, 2048, 2048, 2048, 2048]",301.0
1226,9197,4,35,2023-11-26T13:55:20.952000+00:00,17.799,37.545,33.392,293.0,306.0,False,88.736,"[2048, 2048, 2049, 2051, 2049]","[2048, 2048, 2049, 2048, 2048, 2048, 2049, 2049, 2048]","[2048, 2048, 2048, 2048, 2048, 2048, 2048, 2048, 2048]",317.0
1226,9197,31,35,2023-11-26T13:55:23.045000+00:00,18.213,38.759,33.502,287.0,295.0,False,90.474,"[None, 2048, 2048, 2049, 2049]","[2048, 2048, 2048, 2048, 2048, 2048, 2048, 2048, 2048]","[2048, 2048, 2048, 2048, 2048, 2048, 2049, 2048, 2048]",302.0
1226,9197,55,35,2023-11-26T13:55:25.889000+00:00,18.073,38.417,33.004,,294.0,False,89.494,"[None, 2048, 2048, 2049, 2048]","[2048, 2048, 2048, 2048, 2048, 2048, 2048, 2048, 2048]","[2048, 2048, 2049, 2048, 2048, 2048, 2048, 2048, 2048]",301.0
1226,9197,23,35,2023-11-26T13:55:36.530000+00:00,18.214,38.278,33.495,290.0,306.0,False,89.987,"[None, 2048, 2048, 2048, 2048]","[2048, 2048, 2048, 2048, 2048, 2049, 2048, 2048, 2048]","[2048, 2048, 2048, 2048, 2048, 2048, 2048, 2049, 2048]",310.0
1226,9197,24,35,2023-11-26T13:55:39.905000+00:00,18.242,38.842,33.51,,292.0,False,90.594,"[None, 2048, 2048, 2049, 2048]","[2048, 2048, 2048, 2048, 2048, 2048, 2048, 2048, 2048]","[2048, 2048, 2048, 2048, 2048, 2048, 2048, 2048, 2048]",298.0
1226,9197,2,35,2023-11-26T13:55:40.951000+00:00,18.222,38.217,34.106,290.0,323.0,False,90.545,"[None, 2048, 2048, 2048, 2048]","[2049, 2048, 2048, 2048, 2048, 2048, 2048, 2049, 2048]","[2048, 2048, 2048, 2048, 2048, 2048, 2049, 2048, 2048]",314.0
1226,9197,3,35,2023-11-26T13:55:42.358000+00:00,18.106,38.356,33.352,286.0,299.0,False,89.814,"[None, 2049, 2048, 2049, 2048]","[2048, 2048, 2048, 2048, 2048, 2048, 2048, 2048, 2048]","[2048, 2049, 2048, 2048, 2048, 2048, 2048, 2048, 2048]",303.0
1226,9197,10,35,2023-11-26T13:55:48.295000+00:00,17.979,38.257,32.78,,292.0,False,89.016,"[None, 2048, 2048, 2049, 2048]","[2048, 2048, 2048, 2048, 2048, 2049, 2049, 2048, 2048]","[2048, 2049, 2049, 2048, 2048, 2049, 2048, 2049, 2048]",294.0
1226,9197,27,35,2023-11-26T13:55:56.779000+00:00,18.481,38.911,33.106,275.0,288.0,False,90.498,"[2048, 2048, 2048, 2048, 2048]","[2048, 2048, 2048, 2048, 2048, 2048, 2048, 2048, 2048]","[2048, 2048, 2048, 2048, 2048, 2049, 2048, 2048, 2048]",292.0
1226,9197,77,35,2023-11-26T13:55:59.045000+00:00,18.372,38.661,33.368,,290.0,False,90.401,"[2048, 2048, 2048, 2048, 2048]","[2048, 2048, 2048, 2048, 2048, 2048, 2048, 2048, 2048]","[2048, 2049, 2049, 2048, 2048, 2049, 2049, 2048, 2048]",295.0
1226,9197,20,35,2023-11-26T13:56:00.842000+00:00,18.242,38.844,33.327,287.0,298.0,False,90.413,"[None, 2048, 2048, 2049, 2049]","[2048, 2048, 2048, 2048, 2048, 2048, 2048, 2048, 2048]","[2048, 2048, 2048, 2048, 2048, 2048, 2048, 2048, 2048]",301.0
1226,9197,1,36,2023-11-26T13:56:16.451000+00:00,17.853,38.456,32.593,,298.0,False,88.902,"[2048, 2048, 2048, 2049, 2049]","[2048, 2048, 2048, 2048, 2048, 2048, 2048, 2048, 2048]","[2048, 2048, 2048, 2048, 2048, 2048, 2048, 2048, 2048]",299.0
1226,9197,16,36,2023-11-26T13:56:27.326000+00:00,38.094,38.292,32.434,289.0,297.0,True,108.82,"[2064, 2064, 2064, 2064, 2048]","[2048, 2048, 2049, 2048, 2048, 2049, 2051, 2048, 2048]","[2048, 2048, 2049, 2051, 2049, 2048, 2048, 2048, 2048]",301.0
1226,9197,11,36,2023-11-26T13:56:32.435000+00:00,17.92,38.407,32.601,285.0,298.0,False,88.928,"[None, 2048, 2048, 2048, 2048]","[2048, 2048, 2048, 2048, 2048, 2049, 2048, 2048, 2048]","[2048, 2048, 2048, 2048, 2048, 2048, 2048, 2048]",300.0
1226,9197,81,36,2023-11-26T13:56:38.513000+00:00,17.965,38.589,35.026,290.0,303.0,False,91.58,"[2048, 2048, 2048, 2048, 2048]","[2048, 2048, 2048, 2048, 2048, 2048, 2048, 2048, 2048]","[2049, 2048, 2048, 2048, 2048, 2048, 2048, 2064, 2064]",305.0
1226,9197,14,36,2023-11-26T13:56:40.748000+00:00,18.116,38.615,35.317,289.0,295.0,False,92.048,"[None, 2048, 2048, 2048, 2048]","[2051, 2048, 2048, 2048, 2048, 2048, 2048, 2048, 2048]","[2048, 2048, 2048, 2048, 2048, 2048, 2048, 2064, 2064]",299.0
1226,9197,44,36,2023-11-26T13:56:44.466000+00:00,38.536,38.062,32.183,283.0,300.0,True,108.781,"[2064, 2064, 2064, 2064, 2048]","[2048, 2049, 2048, 2048, 2048, 2051, 2049, 2048, 2048]","[2049, 2048, 2049, 2049, 2051, 2049, 2049, 2049, 2049]",303.0
1226,9197,22,36,2023-11-26T13:56:44.998000+00:00,18.128,38.584,32.928,286.0,295.0,False,89.64,"[None, 2048, 2048, 2049, 2048]","[2048, 2048, 2048, 2048, 2048, 2048, 2048, 2048, 2048]","[2048, 2048, 2048, 2049, 2048, 2048, 2048, 2048]",301.0
1226,9197,18,36,2023-11-26T13:56:48.419000+00:00,18.087,38.645,33.754,290.0,319.0,False,90.486,"[2049, 2048, 2048, 2048, 2048]","[2048, 2048, 2048, 2048, 2048, 2048, 2048, 2048, 2048]","[2048, 2048, 2048, 2048, 2048, 2048, 2048, 2048]",295.0
1226,9197,63,36,2023-11-26T13:56:48.826000+00:00,18.191,37.619,32.877,293.0,311.0,False,88.687,"[2051, 2048, 2048, 2048, 2049]","[2048, 2048, 2048, 2048, 2048, 2048, 2048, 2048, 2048]","[2048, 2048, 2048, 2048, 2048, 2048, 2049, 2048, 2048]",322.0
1226,9197,4,36,2023-11-26T13:56:49.560000+00:00,17.861,37.872,34.148,288.0,325.0,False,89.881,"[2049, 2048, 2048, 2048, 2048]","[2048, 2048, 2048, 2048, 2048, 2048, 2048, 2051, 2051]","[2048, 2048, 2048, 2048, 2048, 2048, 2048, 2048, 2048]",314.0
1226,9197,31,36,2023-11-26T13:56:53.497000+00:00,18.274,38.757,33.591,285.0,296.0,False,90.622,"[2049, 2049, 2048, 2048, 2048]","[2048, 2048, 2048, 2048, 2048, 2048, 2048, 2048, 2048]","[2048, 2048, 2048, 2048, 2048, 2048, 2048, 2048, 2048]",302.0
1226,9197,55,36,2023-11-26T13:56:55.357000+00:00,18.129,38.764,33.335,,297.0,False,90.228,"[None, 2048, 2048, 2048, 2048]","[2048, 2048, 2048, 2048, 2048, 2048, 2048, 2048, 2048]","[2048, 2048, 2048, 2048, 2048, 2048, 2048, 2048]",300.0
1226,9197,23,36,2023-11-26T13:57:06.544000+00:00,18.22,38.446,33.675,,308.0,False,90.341,"[None, 2049, 2048, 2048, 2048]","[2048, 2048, 2048, 2048, 2048, 2048, 2048, 2048, 2048]","[2049, 2048, 2048, 2048, 2049, 2048, 2048, 2048, 2048]",313.0
1226,9197,24,36,2023-11-26T13:57:10.560000+00:00,18.308,38.827,33.535,283.0,293.0,False,90.67,"[None, 2049, 2048, 2048, 2048]","[2048, 2048, 2048, 2048, 2048, 2048, 2048, 2048, 2048]","[2048, 2048, 2048, 2048, 2048, 2048, 2048, 2048, 2048]",299.0
1226,9197,2,36,2023-11-26T13:57:11.700000+00:00,18.226,38.224,34.29,291.0,321.0,False,90.74,"[None, 2048, 2048, 2048, 2048]","[2049, 2048, 2048, 2048, 2048, 2048, 2048, 2049, 2048]","[2048, 2048, 2048, 2048, 2048, 2048, 2048, 2048, 2048]",323.0
1226,9197,3,36,2023-11-26T13:57:12.247000+00:00,18.195,38.059,34.277,,309.0,False,90.531,"[None, 2048, 2048, 2048, 2048]","[2048, 2048, 2048, 2049, 2049, 2048, 2048, 2049, 2048]","[2048, 2048, 2048, 2048, 2048, 2048, 2048, 2048, 2048]",320.0
1226,9197,10,36,2023-11-26T13:57:17.466000+00:00,17.997,38.433,32.921,284.0,292.0,False,89.351,"[2048, 2048, 2048, 2048, 2049]","[2048, 2048, 2048, 2048, 2048, 2048, 2048, 2048, 2048]","[2049, 2048, 2049, 2048, 2048, 2048, 2048, 2048, 2048]",300.0
1226,9197,27,36,2023-11-26T13:57:27.231000+00:00,18.306,38.645,32.74,282.0,294.0,False,89.691,"[2049, 2049, 2049, 2048, 2048]","[2048, 2048, 2048, 2048, 2048, 2049, 2048, 2048, 2048]","[2048, 2049, 2048, 2048, 2049, 2048, 2049, 2049, 2048]",298.0
1226,9197,77,36,2023-11-26T13:57:29.481000+00:00,18.264,38.552,33.391,283.0,293.0,False,90.207,"[None, 2049, 2049, 2049, 2048]","[2048, 2048, 2048, 2048, 2048, 2048, 2048, 2048, 2048]","[2048, 2048, 2049, 2048, 2048, 2048, 2048, 2048, 2048]",299.0
1226,9197,20,36,2023-11-26T13:57:31.091000+00:00,18.278,38.832,33.564,284.0,297.0,False,90.674,"[None, 2048, 2048, 2048, 2048]","[2048, 2048, 2048, 2048, 2048, 2048, 2048, 2048, 2048]","[2048, 2048, 2048, 2048, 2048, 2048, 2048, 2048, 2048]",300.0
1226,9197,1,37,2023-11-26T13:57:45.450000+00:00,17.837,38.463,32.61,287.0,297.0,False,88.91,"[None, 2048, 2048, 2048, 2049]","[2048, 2048, 2048, 2048, 2048, 2048, 2048, 2048, 2048]","[2048, 2048, 2048, 2048, 2048, 2048, 2048, 2048, 2048]",300.0
1226,9197,11,37,2023-11-26T13:58:01.372000+00:00,17.933,38.512,32.547,,298.0,False,88.992,"[None, 2048, 2048, 2048, 2048]","[2048, 2048, 2048, 2048, 2048, 2048, 2048, 2048, 2048]","[2048, 2048, 2048, 2049, 2049, 2048, 2049, 2048, 2048]",300.0
1226,9197,81,37,2023-11-26T13:58:10.090000+00:00,37.279,38.007,32.247,291.0,301.0,True,107.533,"[2064, 2064, 2064, 2064, 2048]","[2048, 2049, 2048, 2048, 2048, 2049, 2049, 2048, 2048]","[2049, 2049, 2049, 2048, 2049, 2049, 2051, 2049, 2049]",305.0
1226,9197,14,37,2023-11-26T13:58:12.887000+00:00,37.913,39.078,33.288,242.0,313.0,True,110.279,"[2064, 2064, 2064, 2064, 2048]","[2048, 2048, 2048, 2048, 2048, 2048, 2048, 2048, 2048]","[2048, 2049, 2048, 2048, 2048, 2048, 2049, 2048, 2049]",293.0
1226,9197,22,37,2023-11-26T13:58:14.622000+00:00,18.2,38.732,32.902,282.0,293.0,False,89.834,"[2049, 2048, 2048, 2048, 2048]","[2048, 2048, 2048, 2048, 2048, 2048, 2048, 2048, 2048]","[2048, 2048, 2048, 2048, 2048, 2048, 2049, 2048, 2048]",295.0
1226,9197,16,37,2023-11-26T13:58:16.231000+00:00,18.024,37.737,33.274,284.0,307.0,False,89.035,"[2049, 2048, 2049, 2049, 2048]","[2048, 2048, 2049, 2048, 2048, 2049, 2048, 2049, 2049]","[2048, 2048, 2048, 2048, 2048, 2048, 2049, 2048, 2048]",303.0
1226,9197,63,37,2023-11-26T13:58:17.481000+00:00,18.062,38.058,32.823,287.0,306.0,False,88.943,"[2048, 2048, 2048, 2048, 2048]","[2048, 2048, 2048, 2048, 2048, 2048, 2048, 2048, 2048]","[2048, 2048, 2048, 2048, 2048, 2048, 2048, 2048]",303.0
1226,9197,18,37,2023-11-26T13:58:18.793000+00:00,18.055,38.77,33.926,289.0,299.0,False,90.751,"[2048, 2048, 2048, 2048, 2048]","[2048, 2048, 2048, 2048, 2048, 2048, 2048, 2048, 2048]","[2048, 2048, 2048, 2048, 2048, 2048, 2048, 2048]",288.0
1226,9197,4,37,2023-11-26T13:58:19.387000+00:00,17.946,38.144,33.13,294.0,307.0,False,89.22,"[None, 2048, 2048, 2048, 2051]","[2048, 2048, 2048, 2049, 2049, 2048, 2048, 2048, 2048]","[2048, 2048, 2048, 2048, 2048, 2048, 2048, 2048]",323.0
1226,9197,31,37,2023-11-26T13:58:24.075000+00:00,18.266,38.622,33.419,286.0,297.0,False,90.307,"[2048, 2048, 2048, 2048, 2048]","[2048, 2048, 2048, 2048, 2048, 2048, 2048, 2048, 2048]","[2048, 2048, 2048, 2048, 2048, 2048, 2049, 2048]",302.0
1226,9197,55,37,2023-11-26T13:58:25.575000+00:00,18.108,38.474,33.225,283.0,295.0,False,89.807,"[2049, 2048, 2048, 2048, 2048]","[2048, 2048, 2048, 2048, 2048, 2048, 2048, 2048, 2048]","[2048, 2049, 2048, 2048, 2048, 2048, 2048, 2048, 2048]",303.0
1226,9197,44,37,2023-11-26T13:58:33.121000+00:00,17.949,38.703,32.88,241.0,297.0,False,89.532,"[2049, 2049, 2051, 2049, 2048]","[2048, 2048, 2049, 2048, 2048, 2048, 2048, 2048, 2048]","[2048, 2048, 2048, 2048, 2048, 2048, 2048, 2048, 2048]",325.0
1226,9197,23,37,2023-11-26T13:58:36.778000+00:00,18.176,38.487,33.75,,310.0,False,90.413,"[None, 2048, 2048, 2049, 2048]","[2048, 2048, 2048, 2048, 2048, 2048, 2048, 2048, 2048]","[2048, 2048, 2049, 2049, 2048, 2048, 2049, 2048, 2048]",312.0
1226,9197,24,37,2023-11-26T13:58:41.278000+00:00,18.284,39.113,35.539,280.0,290.0,False,92.936,"[None, 2049, 2048, 2048, 2048]","[2048, 2048, 2048, 2048, 2048, 2048, 2048, 2048, 2048]","[2048, 2048, 2048, 2048, 2048, 2048, 2048, 2064, 2064]",295.0
1226,9197,2,37,2023-11-26T13:58:42.371000+00:00,18.296,39.156,34.328,290.0,323.0,False,91.78,"[None, 2048, 2048, 2048, 2048]","[2048, 2048, 2048, 2048, 2048, 2048, 2048, 2048, 2048]","[2048, 2048, 2048, 2048, 2048, 2048, 2048, 2048, 2048]",316.0
1226,9197,3,37,2023-11-26T13:58:42.824000+00:00,18.352,39.054,34.562,,299.0,False,91.968,"[2049, 2048, 2048, 2048, 2048]","[2048, 2048, 2048, 2048, 2048, 2048, 2048, 2048, 2048]","[2048, 2048, 2048, 2048, 2048, 2048, 2048, 2048]",311.0
1226,9197,10,37,2023-11-26T13:58:46.793000+00:00,18.117,38.694,33.199,,294.0,False,90.01,"[None, 2048, 2048, 2048, 2048]","[2048, 2048, 2048, 2048, 2048, 2048, 2048, 2048, 2048]","[2048, 2048, 2048, 2048, 2048, 2048, 2048, 2048, 2048]",297.0
1226,9197,27,37,2023-11-26T13:58:56.949000+00:00,18.234,38.675,32.838,283.0,295.0,False,89.747,"[None, 2048, 2048, 2048, 2048]","[2048, 2048, 2048, 2048, 2048, 2048, 2048, 2048, 2048]","[2048, 2048, 2048, 2048, 2048, 2048, 2048, 2048, 2048]",298.0
1226,9197,77,37,2023-11-26T13:58:59.699000+00:00,18.306,38.604,33.336,284.0,292.0,False,90.246,"[None, 2048, 2048, 2048, 2048]","[2048, 2048, 2048, 2048, 2048, 2048, 2048, 2048, 2048]","[2048, 2049, 2048, 2048, 2048, 2048, 2048, 2048, 2048]",296.0
1226,9197,20,37,2023-11-26T13:59:01.855000+00:00,18.155,38.722,33.468,288.0,293.0,False,90.345,"[None, 2048, 2048, 2049, 2048]","[2049, 2048, 2048, 2048, 2048, 2048, 2048, 2048, 2048]","[2048, 2048, 2048, 2048, 2048, 2048, 2048, 2048, 2048]",304.0
1226,9197,1,38,2023-11-26T13:59:14.293000+00:00,17.858,38.536,32.679,,296.0,False,89.073,"[None, 2048, 2048, 2049, 2049]","[2048, 2048, 2048, 2048, 2048, 2048, 2048, 2048, 2048]","[2048, 2048, 2048, 2048, 2048, 2048, 2049, 2048, 2048]",300.0
1226,9197,11,38,2023-11-26T13:59:30.433000+00:00,17.901,38.487,32.655,286.0,299.0,False,89.043,"[2049, 2048, 2048, 2048, 2048]","[2048, 2048, 2048, 2048, 2048, 2048, 2048, 2048, 2048]","[2048, 2048, 2048, 2048, 2048, 2048, 2048, 2048]",301.0
1226,9197,22,38,2023-11-26T13:59:44.339000+00:00,18.055,38.881,33.643,285.0,287.0,False,90.579,"[None, 2048, 2049, 2048, 2048]","[2048, 2048, 2048, 2048, 2048, 2048, 2048, 2048, 2048]","[2048, 2048, 2048, 2048, 2048, 2048, 2048, 2048, 2048]",293.0
1226,9197,16,38,2023-11-26T13:59:45.183000+00:00,17.972,37.832,32.932,289.0,302.0,False,88.736,"[2048, 2049, 2048, 2049, 2048]","[2048, 2048, 2049, 2049, 2049, 2048, 2048, 2048, 2048]","[2048, 2048, 2048, 2048, 2048, 2048, 2048, 2048, 2049]",330.0
1226,9197,63,38,2023-11-26T13:59:46.214000+00:00,17.819,37.851,33.573,292.0,306.0,False,89.243,"[None, 2049, 2049, 2049, 2048]","[2048, 2048, 2048, 2048, 2048, 2048, 2048, 2048, 2048]","[2048, 2048, 2048, 2048, 2048, 2048, 2048, 2048, 2048]",314.0
1226,9197,4,38,2023-11-26T13:59:48.574000+00:00,17.982,38.415,33.199,286.0,292.0,False,89.596,"[None, 2048, 2048, 2048, 2048]","[2048, 2048, 2048, 2048, 2048, 2048, 2048, 2048, 2048]","[2048, 2048, 2048, 2048, 2048, 2048, 2048, 2048, 2048]",302.0
1226,9197,18,38,2023-11-26T13:59:49.652000+00:00,18.178,38.64,33.585,290.0,295.0,False,90.403,"[2049, 2048, 2048, 2048, 2048]","[2048, 2048, 2048, 2048, 2048, 2048, 2048, 2048, 2048]","[2048, 2048, 2048, 2048, 2048, 2048, 2048, 2048, 2048]",303.0
1226,9197,31,38,2023-11-26T13:59:54.230000+00:00,18.183,38.659,33.296,288.0,294.0,False,90.138,"[2049, 2049, 2048, 2048, 2048]","[2048, 2048, 2048, 2048, 2048, 2048, 2048, 2048, 2048]","[2048, 2048, 2049, 2049, 2048, 2048, 2049, 2048, 2048]",303.0
1226,9197,55,38,2023-11-26T13:59:55.308000+00:00,18.15,38.103,33.493,289.0,311.0,False,89.746,"[None, 2048, 2048, 2048, 2049]","[2048, 2048, 2048, 2048, 2048, 2048, 2048, 2049, 2048]","[2048, 2048, 2048, 2048, 2048, 2048, 2048, 2048, 2048]",312.0
1226,9197,81,38,2023-11-26T13:59:57.761000+00:00,17.716,37.852,32.57,289.0,304.0,False,88.138,"[2049, 2048, 2049, 2051, 2049]","[2048, 2048, 2048, 2048, 2048, 2048, 2049, 2048, 2048]","[2048, 2048, 2051, 2048, 2048, 2048, 2048, 2048, 2048]",307.0
1226,9197,44,38,2023-11-26T14:00:02.573000+00:00,18.113,38.784,33.476,281.0,296.0,False,90.373,"[2048, 2048, 2048, 2048, 2048]","[2048, 2048, 2048, 2048, 2048, 2048, 2048, 2048, 2048]","[2048, 2048, 2048, 2048, 2048, 2048, 2048, 2048, 2048]",292.0
1226,9197,14,38,2023-11-26T14:00:03.417000+00:00,17.915,38.207,32.787,288.0,300.0,False,88.909,"[2048, 2048, 2049, 2049, 2049]","[2048, 2048, 2051, 2049, 2048, 2048, 2051, 2048, 2048]","[2048, 2048, 2048, 2048, 2049, 2049, 2049, 2049]",314.0
1226,9197,23,38,2023-11-26T14:00:07.261000+00:00,18.174,38.407,33.657,,307.0,False,90.238,"[None, 2048, 2048, 2049, 2048]","[2048, 2048, 2048, 2048, 2048, 2048, 2048, 2048, 2048]","[2048, 2048, 2048, 2048, 2048, 2049, 2048, 2048]",313.0
1226,9197,2,38,2023-11-26T14:00:14.058000+00:00,18.155,38.94,34.136,,304.0,False,91.231,"[None, 2049, 2048, 2048, 2049]","[2048, 2048, 2048, 2048, 2048, 2048, 2049, 2048, 2048]","[2048, 2048, 2048, 2048, 2048, 2048, 2048, 2048, 2048]",307.0
1226,9197,24,38,2023-11-26T14:00:14.292000+00:00,39.309,38.875,32.712,285.0,288.0,True,110.896,"[2064, 2064, 2064, 2064, 2048]","[2048, 2048, 2048, 2048, 2048, 2049, 2049, 2048, 2048]","[2049, 2048, 2049, 2048, 2049, 2051, 2049, 2048, 2049]",295.0
1226,9197,3,38,2023-11-26T14:00:14.667000+00:00,18.201,38.559,34.248,287.0,304.0,False,91.008,"[2048, 2048, 2048, 2049, 2048]","[2048, 2048, 2048, 2048, 2048, 2048, 2048, 2048, 2048]","[2048, 2048, 2048, 2048, 2048, 2048, 2048, 2048, 2048]",318.0
1226,9197,10,38,2023-11-26T14:00:16.729000+00:00,18.014,38.592,33.492,287.0,294.0,False,90.098,"[None, 2048, 2048, 2048, 2048]","[2048, 2048, 2048, 2048, 2048, 2048, 2048, 2048, 2048]","[2048, 2048, 2048, 2048, 2048, 2048, 2048, 2048]",300.0
1226,9197,27,38,2023-11-26T14:00:26.683000+00:00,18.14,38.564,32.758,,292.0,False,89.462,"[2048, 2048, 2048, 2048, 2048]","[2048, 2048, 2048, 2048, 2048, 2049, 2048, 2048, 2048]","[2049, 2048, 2048, 2048, 2048, 2048, 2049, 2048, 2048]",297.0
1226,9197,77,38,2023-11-26T14:00:29.995000+00:00,18.356,38.499,33.161,282.0,291.0,False,90.016,"[None, 2048, 2048, 2048, 2048]","[2048, 2049, 2048, 2048, 2048, 2049, 2048, 2048, 2048]","[2048, 2049, 2049, 2048, 2049, 2048, 2048, 2048]",297.0
1226,9197,20,38,2023-11-26T14:00:32.214000+00:00,18.242,38.745,33.389,286.0,295.0,False,90.376,"[None, 2048, 2048, 2049, 2048]","[2048, 2048, 2048, 2048, 2048, 2048, 2048, 2048, 2048]","[2049, 2048, 2048, 2048, 2048, 2048, 2049, 2048, 2048]",303.0
1226,9197,1,39,2023-11-26T14:00:43.354000+00:00,17.737,38.388,32.724,,297.0,False,88.849,"[2049, 2048, 2049, 2049, 2049]","[2048, 2048, 2048, 2048, 2048, 2049, 2048, 2048, 2048]","[2048, 2048, 2048, 2049, 2048, 2048, 2048, 2048, 2048]",302.0
1226,9197,11,39,2023-11-26T14:00:59.448000+00:00,17.912,38.528,32.69,,298.0,False,89.13,"[2048, 2048, 2048, 2048, 2048]","[2048, 2048, 2048, 2048, 2048, 2048, 2048, 2048, 2048]","[2048, 2048, 2048, 2048, 2048, 2048, 2049, 2048, 2048]",302.0
1226,9197,16,39,2023-11-26T14:01:13.854000+00:00,17.896,38.31,32.553,287.0,296.0,False,88.759,"[None, 2048, 2049, 2049, 2048]","[2048, 2048, 2048, 2048, 2048, 2048, 2048, 2048, 2048]","[2048, 2048, 2048, 2048, 2048, 2048, 2049, 2049, 2048]",306.0
1226,9197,22,39,2023-11-26T14:01:15.119000+00:00,18.232,38.736,34.045,287.0,286.0,False,91.013,"[2048, 2048, 2048, 2048, 2048]","[2048, 2048, 2048, 2048, 2048, 2048, 2048, 2048, 2048]","[2048, 2048, 2048, 2048, 2048, 2048, 2048, 2048, 2048]",299.0
1226,9197,63,39,2023-11-26T14:01:15.666000+00:00,18.036,38.219,32.939,,304.0,False,89.194,"[None, 2048, 2048, 2048, 2049]","[2048, 2048, 2049, 2048, 2048, 2048, 2048, 2048, 2048]","[2048, 2048, 2048, 2048, 2048, 2048, 2049, 2049]",299.0
1226,9197,4,39,2023-11-26T14:01:18.260000+00:00,17.928,38.367,33.137,284.0,300.0,False,89.432,"[2048, 2048, 2049, 2048, 2048]","[2048, 2048, 2048, 2048, 2048, 2048, 2048, 2048, 2048]","[2048, 2048, 2048, 2048, 2048, 2048, 2048, 2048, 2048]",300.0
1226,9197,18,39,2023-11-26T14:01:20.104000+00:00,18.113,38.653,33.539,,293.0,False,90.305,"[None, 2048, 2048, 2048, 2048]","[2048, 2048, 2048, 2048, 2048, 2048, 2048, 2048, 2048]","[2048, 2048, 2048, 2048, 2048, 2048, 2048, 2048, 2048]",300.0
1226,9197,31,39,2023-11-26T14:01:24.557000+00:00,18.219,39.365,34.511,287.0,288.0,False,92.095,"[2048, 2048, 2048, 2048, 2049]","[2048, 2048, 2048, 2048, 2048, 2048, 2048, 2049, 2048]","[2048, 2048, 2048, 2048, 2048, 2048, 2048, 2048, 2048]",301.0
1226,9197,55,39,2023-11-26T14:01:25.166000+00:00,18.195,38.632,33.754,290.0,319.0,False,90.581,"[2048, 2048, 2048, 2048, 2049]","[2048, 2048, 2048, 2048, 2048, 2048, 2048, 2048, 2048]","[2048, 2048, 2048, 2048, 2048, 2048, 2048, 2048, 2048]",327.0
1226,9197,81,39,2023-11-26T14:01:25.979000+00:00,17.837,38.154,32.659,295.0,305.0,False,88.65,"[2048, 2048, 2048, 2048, 2048]","[2049, 2048, 2049, 2051, 2048, 2048, 2048, 2048, 2048]","[2048, 2049, 2048, 2048, 2048, 2048, 2048, 2048]",328.0
1226,9197,14,39,2023-11-26T14:01:32.057000+00:00,17.837,38.237,32.726,287.0,292.0,False,88.8,"[None, 2048, 2049, 2049, 2048]","[2048, 2049, 2048, 2048, 2048, 2048, 2048, 2048, 2048]","[2049, 2048, 2048, 2048, 2048, 2048, 2048, 2048, 2048]",296.0
1226,9197,44,39,2023-11-26T14:01:32.979000+00:00,18.033,38.35,32.838,287.0,294.0,False,89.221,"[None, 2048, 2048, 2048, 2048]","[2048, 2049, 2048, 2048, 2048, 2048, 2048, 2048, 2048]","[2048, 2049, 2049, 2048, 2048, 2048, 2048, 2048, 2048]",302.0
1226,9197,23,39,2023-11-26T14:01:37.400000+00:00,18.204,38.49,33.803,292.0,307.0,False,90.497,"[None, 2048, 2048, 2048, 2048]","[2049, 2048, 2048, 2048, 2048, 2048, 2048, 2048, 2048]","[2048, 2048, 2048, 2048, 2048, 2048, 2049, 2048, 2048]",313.0
1226,9197,2,39,2023-11-26T14:01:45.447000+00:00,18.312,39.007,34.67,,304.0,False,91.989,"[None, 2048, 2048, 2048, 2049]","[2048, 2048, 2048, 2048, 2048, 2048, 2048, 2048, 2048]","[2048, 2048, 2048, 2048, 2048, 2048, 2048, 2048, 2048]",310.0
1226,9197,3,39,2023-11-26T14:01:45.666000+00:00,18.313,38.728,33.027,289.0,318.0,False,90.068,"[None, 2048, 2048, 2048, 2049]","[2048, 2048, 2048, 2048, 2048, 2048, 2048, 2048, 2048]","[2048, 2048, 2049, 2048, 2048, 2048, 2049, 2049]",314.0
1226,9197,10,39,2023-11-26T14:01:46.775000+00:00,18.065,38.226,34.506,288.0,310.0,False,90.797,"[None, 2049, 2048, 2048, 2049]","[2048, 2048, 2048, 2048, 2048, 2048, 2048, 2049, 2048]","[2048, 2048, 2048, 2048, 2048, 2048, 2048, 2048, 2048]",321.0
1226,9197,27,39,2023-11-26T14:01:56.150000+00:00,18.258,38.755,33.078,279.0,293.0,False,90.091,"[None, 2048, 2048, 2048, 2048]","[2048, 2048, 2048, 2048, 2048, 2048, 2048, 2048, 2048]","[2048, 2048, 2048, 2048, 2048, 2048, 2048, 2048, 2048]",296.0
1226,9197,77,39,2023-11-26T14:01:59.869000+00:00,18.281,38.552,33.168,,292.0,False,90.001,"[None, 2049, 2049, 2048, 2048]","[2048, 2048, 2048, 2048, 2048, 2048, 2048, 2048, 2048]","[2048, 2048, 2049, 2048, 2049, 2048, 2049, 2049, 2048]",297.0
1226,9197,20,39,2023-11-26T14:02:02.447000+00:00,18.323,38.769,33.333,281.0,295.0,False,90.425,"[None, 2048, 2048, 2048, 2048]","[2048, 2048, 2048, 2048, 2048, 2048, 2048, 2048, 2048]","[2048, 2048, 2048, 2048, 2048, 2048, 2048, 2048, 2048]",300.0
1226,9197,24,39,2023-11-26T14:02:05.103000+00:00,17.989,38.279,32.683,281.0,290.0,False,88.951,"[2049, 2048, 2049, 2049, 2048]","[2048, 2048, 2049, 2048, 2048, 2049, 2049, 2048, 2048]","[2048, 2048, 2048, 2049, 2049, 2048, 2049, 2048, 2048]",296.0
1226,9197,1,40,2023-11-26T14:02:12.197000+00:00,17.812,38.527,32.714,288.0,295.0,False,89.053,"[2048, 2048, 2048, 2048, 2049]","[2048, 2048, 2048, 2048, 2048, 2048, 2048, 2048, 2048]","[2048, 2048, 2048, 2048, 2048, 2048, 2049, 2048, 2048]",300.0
1226,9197,11,40,2023-11-26T14:02:28.556000+00:00,17.859,38.492,32.558,,298.0,False,88.909,"[None, 2048, 2049, 2049, 2048]","[2048, 2048, 2048, 2048, 2048, 2048, 2048, 2048, 2048]","[2048, 2048, 2048, 2048, 2048, 2048, 2048, 2048, 2048]",301.0
1226,9197,16,40,2023-11-26T14:02:42.790000+00:00,17.891,38.162,32.493,286.0,295.0,False,88.546,"[None, 2048, 2048, 2049, 2049]","[2048, 2048, 2048, 2048, 2048, 2048, 2048, 2048, 2048]","[2049, 2048, 2048, 2048, 2048, 2048, 2048, 2048, 2048]",301.0
1226,9197,63,40,2023-11-26T14:02:44.728000+00:00,17.768,38.099,32.816,290.0,299.0,False,88.683,"[None, 2048, 2051, 2049, 2048]","[2048, 2048, 2048, 2048, 2048, 2048, 2048, 2048, 2048]","[2048, 2048, 2048, 2048, 2048, 2048, 2048, 2048, 2048]",301.0
1226,9197,22,40,2023-11-26T14:02:46.165000+00:00,18.088,38.573,32.972,289.0,299.0,False,89.633,"[2049, 2048, 2048, 2049, 2049]","[2048, 2048, 2048, 2048, 2048, 2048, 2048, 2048, 2048]","[2049, 2048, 2048, 2048, 2048, 2048, 2048, 2048, 2048]",301.0
1226,9197,4,40,2023-11-26T14:02:47.806000+00:00,17.988,38.213,33.042,291.0,294.0,False,89.243,"[None, 2048, 2048, 2048, 2048]","[2048, 2048, 2048, 2048, 2048, 2048, 2048, 2048, 2048]","[2048, 2048, 2048, 2048, 2048, 2048, 2048, 2048, 2048]",303.0
1226,9197,18,40,2023-11-26T14:02:50.415000+00:00,18.149,38.626,33.324,,295.0,False,90.099,"[2048, 2048, 2048, 2048, 2048]","[2048, 2048, 2048, 2048, 2048, 2048, 2048, 2048, 2048]","[2048, 2048, 2048, 2048, 2048, 2048, 2048, 2049, 2048]",302.0
1226,9197,81,40,2023-11-26T14:02:54.353000+00:00,17.738,38.274,32.671,289.0,298.0,False,88.683,"[None, 2049, 2048, 2048, 2051]","[2048, 2048, 2048, 2048, 2048, 2048, 2048, 2048, 2048]","[2048, 2048, 2048, 2048, 2048, 2048, 2048, 2048, 2048]",302.0
1226,9197,55,40,2023-11-26T14:02:55.728000+00:00,18.103,38.424,33.108,284.0,296.0,False,89.635,"[None, 2048, 2048, 2048, 2048]","[2048, 2048, 2048, 2048, 2048, 2048, 2048, 2048, 2048]","[2049, 2048, 2049, 2048, 2048, 2048, 2049, 2048, 2048]",300.0
1226,9197,31,40,2023-11-26T14:02:56.556000+00:00,18.336,38.575,33.536,286.0,295.0,False,90.447,"[2049, 2048, 2048, 2048, 2048]","[2048, 2048, 2048, 2048, 2048, 2048, 2048, 2048, 2048]","[2048, 2048, 2048, 2048, 2048, 2048, 2048, 2048, 2048]",304.0
1226,9197,14,40,2023-11-26T14:03:00.978000+00:00,17.739,38.25,32.628,290.0,296.0,False,88.617,"[2049, 2048, 2049, 2048, 2048]","[2048, 2048, 2048, 2048, 2048, 2048, 2048, 2048, 2048]","[2048, 2048, 2048, 2048, 2048, 2048, 2049, 2048, 2048]",299.0
1226,9197,44,40,2023-11-26T14:03:02.149000+00:00,17.991,38.261,32.615,289.0,299.0,False,88.867,"[None, 2048, 2048, 2048, 2048]","[2048, 2048, 2048, 2048, 2048, 2048, 2048, 2048, 2048]","[2048, 2048, 2049, 2048, 2048, 2048, 2048, 2048, 2048]",300.0
1226,9197,23,40,2023-11-26T14:03:07.931000+00:00,18.234,38.523,33.574,291.0,307.0,False,90.331,"[None, 2048, 2048, 2048, 2048]","[2049, 2048, 2048, 2048, 2048, 2048, 2048, 2048, 2048]","[2048, 2048, 2048, 2048, 2048, 2048, 2048, 2048, 2048]",310.0
1226,9197,3,40,2023-11-26T14:03:15.743000+00:00,18.005,38.381,32.455,285.0,293.0,False,88.841,"[None, 2048, 2049, 2049, 2049]","[2049, 2048, 2048, 2048, 2048, 2048, 2049, 2048, 2048]","[2049, 2048, 2048, 2048, 2049, 2049, 2049, 2048, 2048]",299.0
1226,9197,2,40,2023-11-26T14:03:17.446000+00:00,19.208,38.354,34.192,291.0,319.0,False,91.754,"[None, 2048, 2048, 2048, 2048]","[2048, 2048, 2048, 2048, 2048, 2048, 2048, 2048, 2048]","[2048, 2048, 2048, 2049, 2048, 2048, 2049, 2049, 2048]",319.0
1226,9197,10,40,2023-11-26T14:03:17.665000+00:00,18.351,38.413,33.095,287.0,293.0,False,89.859,"[None, 2048, 2048, 2048, 2048]","[2048, 2048, 2048, 2048, 2048, 2048, 2048, 2048, 2048]","[2049, 2048, 2049, 2048, 2048, 2048, 2048, 2048]",301.0
1226,9197,27,40,2023-11-26T14:03:26.227000+00:00,18.346,38.827,32.948,281.0,292.0,False,90.121,"[None, 2048, 2048, 2048, 2048]","[2048, 2048, 2048, 2048, 2048, 2048, 2048, 2048, 2048]","[2048, 2048, 2048, 2048, 2048, 2048, 2048, 2048, 2048]",296.0
1226,9197,77,40,2023-11-26T14:03:29.930000+00:00,18.356,38.749,33.24,283.0,293.0,False,90.345,"[None, 2048, 2048, 2048, 2048]","[2048, 2048, 2048, 2048, 2048, 2048, 2048, 2048, 2048]","[2048, 2048, 2048, 2048, 2048, 2048, 2049, 2048, 2048]",297.0
1226,9197,20,40,2023-11-26T14:03:33.071000+00:00,18.148,38.974,34.315,286.0,285.0,False,91.437,"[None, 2049, 2048, 2048, 2048]","[2048, 2048, 2048, 2048, 2048, 2048, 2048, 2048, 2048]","[2048, 2048, 2048, 2048, 2048, 2048, 2048, 2048, 2048]",303.0
1226,9197,24,40,2023-11-26T14:03:34.134000+00:00,18.019,37.88,33.182,287.0,317.0,False,89.081,"[None, 2048, 2048, 2048, 2049]","[2049, 2048, 2048, 2048, 2048, 2048, 2051, 2048, 2048]","[2048, 2048, 2048, 2048, 2048, 2048, 2048, 2048]",319.0
1226,9197,1,41,2023-11-26T14:03:41.243000+00:00,17.824,38.514,32.665,,297.0,False,89.003,"[None, 2048, 2048, 2048, 2048]","[2048, 2048, 2048, 2048, 2048, 2048, 2048, 2048, 2048]","[2048, 2048, 2048, 2049, 2048, 2048, 2048, 2048, 2048]",301.0
1226,9197,11,41,2023-11-26T14:03:57.602000+00:00,17.955,38.485,32.755,287.0,299.0,False,89.195,"[None, 2048, 2048, 2048, 2048]","[2048, 2048, 2048, 2048, 2048, 2048, 2048, 2048, 2048]","[2048, 2048, 2048, 2048, 2048, 2048, 2049, 2048, 2048]",302.0
1226,9197,16,41,2023-11-26T14:04:11.258000+00:00,17.887,38.164,32.415,287.0,296.0,False,88.466,"[None, 2048, 2048, 2049, 2048]","[2048, 2048, 2048, 2048, 2048, 2048, 2048, 2048, 2048]","[2048, 2048, 2048, 2051, 2048, 2048, 2048, 2048, 2048]",302.0
1226,9197,63,41,2023-11-26T14:04:13.555000+00:00,17.933,38.064,32.615,288.0,304.0,False,88.612,"[None, 2048, 2048, 2048, 2048]","[2048, 2048, 2048, 2048, 2048, 2048, 2048, 2048, 2048]","[2048, 2048, 2048, 2048, 2049, 2048, 2048, 2048, 2048]",302.0
1226,9197,22,41,2023-11-26T14:04:15.742000+00:00,18.042,38.52,32.949,284.0,296.0,False,89.511,"[2048, 2048, 2048, 2049, 2048]","[2048, 2048, 2048, 2048, 2048, 2049, 2048, 2048, 2048]","[2048, 2048, 2048, 2048, 2048, 2048, 2049, 2048, 2048]",302.0
1226,9197,4,41,2023-11-26T14:04:16.977000+00:00,17.809,38.055,33.2,292.0,310.0,False,89.064,"[None, 2048, 2048, 2048, 2048]","[2048, 2048, 2048, 2048, 2048, 2048, 2048, 2048, 2048]","[2048, 2048, 2048, 2048, 2048, 2048, 2048, 2048, 2048]",303.0
1226,9197,18,41,2023-11-26T14:04:20.555000+00:00,18.057,38.617,33.317,,293.0,False,89.991,"[None, 2048, 2048, 2048, 2048]","[2049, 2048, 2048, 2048, 2048, 2048, 2048, 2048, 2048]","[2048, 2048, 2048, 2049, 2048, 2048, 2049, 2048, 2048]",300.0
1226,9197,81,41,2023-11-26T14:04:23.242000+00:00,17.799,38.256,32.707,,299.0,False,88.762,"[None, 2048, 2048, 2048, 2051]","[2048, 2048, 2048, 2048, 2048, 2048, 2048, 2048, 2048]","[2048, 2049, 2048, 2048, 2048, 2048, 2048, 2048, 2048]",303.0
1226,9197,55,41,2023-11-26T14:04:25.461000+00:00,18.13,38.437,32.928,283.0,294.0,False,89.495,"[None, 2048, 2048, 2048, 2048]","[2048, 2048, 2048, 2048, 2048, 2049, 2048, 2048, 2048]","[2049, 2048, 2048, 2048, 2048, 2048, 2049, 2048, 2048]",300.0
1226,9197,31,41,2023-11-26T14:04:27.258000+00:00,18.174,38.613,33.465,288.0,296.0,False,90.252,"[2048, 2048, 2048, 2049, 2048]","[2049, 2048, 2048, 2048, 2048, 2048, 2048, 2048, 2048]","[2049, 2048, 2048, 2048, 2048, 2048, 2048, 2048, 2048]",304.0
1226,9197,14,41,2023-11-26T14:04:29.602000+00:00,17.767,38.416,32.627,291.0,293.0,False,88.81,"[2048, 2048, 2048, 2051, 2049]","[2048, 2048, 2048, 2048, 2048, 2048, 2048, 2048, 2048]","[2049, 2048, 2048, 2049, 2048, 2048, 2048, 2048, 2048]",297.0
1226,9197,44,41,2023-11-26T14:04:31.117000+00:00,17.973,38.157,32.68,287.0,285.0,False,88.81,"[None, 2048, 2048, 2048, 2048]","[2048, 2049, 2048, 2048, 2048, 2048, 2048, 2048, 2048]","[2048, 2048, 2049, 2048, 2048, 2049, 2048, 2048, 2048]",299.0
1226,9197,23,41,2023-11-26T14:04:38.367000+00:00,18.226,38.35,33.734,289.0,306.0,False,90.31,"[None, 2048, 2048, 2049, 2048]","[2048, 2048, 2048, 2048, 2048, 2048, 2048, 2048, 2048]","[2049, 2048, 2048, 2048, 2048, 2048, 2048, 2048, 2048]",310.0
1226,9197,3,41,2023-11-26T14:04:44.726000+00:00,17.918,38.397,32.523,283.0,291.0,False,88.838,"[None, 2048, 2049, 2049, 2049]","[2048, 2048, 2048, 2048, 2048, 2048, 2048, 2048, 2048]","[2048, 2049, 2048, 2048, 2048, 2048, 2049, 2048, 2049]",297.0
1226,9197,10,41,2023-11-26T14:04:47.414000+00:00,17.997,38.62,33.004,,292.0,False,89.621,"[None, 2048, 2048, 2048, 2048]","[2048, 2048, 2048, 2048, 2048, 2048, 2048, 2048, 2048]","[2048, 2048, 2048, 2048, 2048, 2048, 2048, 2048, 2048]",299.0
1226,9197,2,41,2023-11-26T14:04:49.180000+00:00,18.392,38.515,35.789,290.0,308.0,False,92.696,"[None, 2048, 2048, 2048, 2048]","[2048, 2048, 2048, 2048, 2048, 2048, 2048, 2048, 2048]","[2049, 2048, 2048, 2048, 2048, 2048, 2048, 2064, 2064]",314.0
1226,9197,27,41,2023-11-26T14:04:56.351000+00:00,18.17,38.782,32.941,283.0,293.0,False,89.893,"[None, 2048, 2048, 2048, 2048]","[2048, 2048, 2048, 2048, 2048, 2048, 2048, 2048, 2048]","[2048, 2048, 2048, 2048, 2048, 2049, 2049, 2048, 2048]",299.0
1226,9197,77,41,2023-11-26T14:05:00.320000+00:00,18.278,38.651,33.232,282.0,290.0,False,90.161,"[None, 2048, 2048, 2048, 2048]","[2048, 2048, 2048, 2048, 2048, 2048, 2048, 2048, 2048]","[2048, 2048, 2048, 2048, 2048, 2049, 2048, 2048, 2048]",294.0
1226,9197,24,41,2023-11-26T14:05:03.070000+00:00,18.009,38.4,32.993,283.0,292.0,False,89.402,"[2048, 2049, 2048, 2048, 2048]","[2048, 2048, 2048, 2048, 2048, 2048, 2048, 2048, 2048]","[2048, 2048, 2048, 2048, 2048, 2048, 2048, 2048, 2048]",298.0
1226,9197,20,41,2023-11-26T14:05:04.351000+00:00,18.191,38.821,33.468,,297.0,False,90.48,"[None, 2048, 2048, 2048, 2048]","[2048, 2048, 2048, 2048, 2048, 2048, 2048, 2048, 2048]","[2049, 2048, 2048, 2048, 2048, 2048, 2049, 2048, 2048]",303.0
1226,9197,1,42,2023-11-26T14:05:10.195000+00:00,17.811,38.492,32.779,,297.0,False,89.082,"[None, 2048, 2048, 2048, 2048]","[2048, 2048, 2048, 2048, 2048, 2048, 2048, 2048, 2048]","[2048, 2048, 2048, 2048, 2048, 2048, 2048, 2048, 2048]",301.0
1226,9197,11,42,2023-11-26T14:05:26.788000+00:00,17.855,38.497,34.606,288.0,298.0,False,90.958,"[2049, 2048, 2048, 2049, 2048]","[2048, 2048, 2048, 2048, 2048, 2048, 2048, 2048, 2048]","[2048, 2048, 2048, 2048, 2048, 2048, 2048, 2064, 2064]",302.0
1226,9197,16,42,2023-11-26T14:05:39.726000+00:00,17.856,38.027,32.394,288.0,297.0,False,88.277,"[None, 2048, 2048, 2049, 2048]","[2049, 2048, 2048, 2048, 2048, 2049, 2048, 2048, 2048]","[2049, 2048, 2049, 2048, 2048, 2048, 2048, 2048, 2048]",303.0
1226,9197,63,42,2023-11-26T14:05:42.210000+00:00,18.024,38.152,32.616,287.0,304.0,False,88.792,"[None, 2048, 2048, 2048, 2048]","[2048, 2048, 2048, 2048, 2048, 2048, 2048, 2048, 2048]","[2048, 2048, 2048, 2048, 2049, 2048, 2048, 2048, 2048]",304.0
1226,9197,22,42,2023-11-26T14:05:45.163000+00:00,18.049,38.602,33.698,285.0,302.0,False,90.349,"[None, 2048, 2048, 2048, 2048]","[2049, 2048, 2048, 2048, 2048, 2048, 2048, 2048, 2048]","[2048, 2048, 2048, 2048, 2048, 2048, 2048, 2048, 2048]",300.0
1226,9197,4,42,2023-11-26T14:05:46.132000+00:00,17.709,37.98,32.833,290.0,306.0,False,88.522,"[None, 2048, 2048, 2048, 2048]","[2048, 2048, 2048, 2049, 2048, 2048, 2048, 2048, 2048]","[2048, 2048, 2048, 2048, 2048, 2048, 2048, 2048, 2048]",317.0
1226,9197,18,42,2023-11-26T14:05:50.507000+00:00,18.021,38.564,35.055,,293.0,False,91.64,"[None, 2048, 2048, 2049, 2049]","[2048, 2048, 2048, 2048, 2048, 2048, 2048, 2048, 2048]","[2049, 2048, 2048, 2048, 2048, 2048, 2048, 2064, 2064]",299.0
1226,9197,81,42,2023-11-26T14:05:51.960000+00:00,17.768,38.073,33.137,296.0,318.0,False,88.978,"[None, 2048, 2048, 2048, 2051]","[2049, 2048, 2048, 2048, 2048, 2048, 2048, 2049, 2048]","[2048, 2048, 2051, 2048, 2048, 2048, 2048, 2048, 2048]",308.0
1226,9197,55,42,2023-11-26T14:05:54.960000+00:00,18.064,38.443,32.945,,298.0,False,89.452,"[None, 2048, 2049, 2048, 2048]","[2048, 2048, 2048, 2048, 2048, 2048, 2048, 2048, 2048]","[2048, 2048, 2048, 2048, 2048, 2048, 2049, 2048]",301.0
1226,9197,31,42,2023-11-26T14:05:57.366000+00:00,18.068,38.767,33.907,289.0,291.0,False,90.742,"[None, 2048, 2048, 2049, 2049]","[2048, 2048, 2048, 2048, 2048, 2048, 2048, 2048, 2048]","[2048, 2049, 2048, 2048, 2048, 2048, 2048, 2048, 2048]",303.0
1226,9197,14,42,2023-11-26T14:05:58.460000+00:00,17.755,37.896,32.605,292.0,316.0,False,88.256,"[None, 2048, 2048, 2051, 2049]","[2048, 2048, 2048, 2049, 2048, 2048, 2049, 2049, 2048]","[2048, 2048, 2048, 2048, 2048, 2048, 2048, 2048, 2048]",286.0
1226,9197,44,42,2023-11-26T14:05:59.835000+00:00,17.926,38.22,32.647,289.0,306.0,False,88.793,"[None, 2048, 2048, 2048, 2049]","[2049, 2048, 2048, 2048, 2048, 2048, 2048, 2048, 2048]","[2048, 2049, 2049, 2048, 2048, 2048, 2049, 2048, 2048]",307.0
1226,9197,23,42,2023-11-26T14:06:08.616000+00:00,18.239,38.445,33.671,285.0,308.0,False,90.355,"[None, 2049, 2048, 2048, 2048]","[2048, 2048, 2048, 2048, 2048, 2048, 2049, 2048, 2048]","[2048, 2048, 2049, 2048, 2048, 2048, 2049, 2048, 2048]",313.0
1226,9197,3,42,2023-11-26T14:06:13.507000+00:00,17.966,38.271,32.344,284.0,295.0,False,88.581,"[None, 2048, 2048, 2049, 2048]","[2048, 2048, 2048, 2048, 2048, 2049, 2048, 2048, 2048]","[2049, 2049, 2048, 2048, 2048, 2048, 2049, 2048, 2048]",301.0
1226,9197,10,42,2023-11-26T14:06:17.163000+00:00,17.939,38.308,32.984,,292.0,False,89.231,"[None, 2048, 2048, 2048, 2049]","[2048, 2048, 2048, 2048, 2048, 2049, 2048, 2048, 2048]","[2048, 2048, 2048, 2049, 2048, 2048, 2048, 2048, 2048]",301.0
1226,9197,2,42,2023-11-26T14:06:21.772000+00:00,38.365,38.406,33.256,288.0,299.0,True,110.027,"[2064, 2064, 2064, 2064, 2048]","[2048, 2048, 2048, 2048, 2048, 2048, 2049, 2048, 2048]","[2048, 2049, 2048, 2048, 2049, 2049, 2048, 2048, 2049]",302.0
1226,9197,27,42,2023-11-26T14:06:26.397000+00:00,18.028,38.676,32.692,,292.0,False,89.396,"[None, 2048, 2048, 2049, 2049]","[2048, 2048, 2048, 2048, 2048, 2048, 2048, 2048, 2048]","[2048, 2049, 2048, 2048, 2048, 2048, 2048, 2048, 2049]",297.0
1226,9197,77,42,2023-11-26T14:06:30.428000+00:00,18.211,38.661,32.991,284.0,290.0,False,89.863,"[None, 2048, 2048, 2049, 2049]","[2049, 2049, 2048, 2048, 2048, 2048, 2048, 2048, 2048]","[2049, 2048, 2048, 2048, 2049, 2048, 2048, 2048]",297.0
1226,9197,24,42,2023-11-26T14:06:32.600000+00:00,18.02,38.238,32.714,287.0,294.0,False,88.972,"[None, 2048, 2048, 2048, 2048]","[2048, 2048, 2048, 2048, 2048, 2048, 2048, 2048, 2048]","[2049, 2048, 2049, 2048, 2048, 2048, 2049, 2048]",302.0
1226,9197,20,42,2023-11-26T14:06:34.819000+00:00,18.181,38.802,33.373,,296.0,False,90.356,"[None, 2049, 2048, 2048, 2048]","[2048, 2048, 2048, 2048, 2048, 2048, 2048, 2048, 2048]","[2048, 2048, 2048, 2049, 2048, 2048, 2048, 2048, 2048]",304.0
1226,9197,1,43,2023-11-26T14:06:39.381000+00:00,17.835,38.509,35.047,,296.0,False,91.391,"[None, 2048, 2048, 2049, 2049]","[2048, 2048, 2048, 2048, 2048, 2048, 2048, 2048, 2048]","[2048, 2048, 2048, 2048, 2048, 2048, 2048, 2064, 2064]",302.0
1226,9197,11,43,2023-11-26T14:06:57.756000+00:00,37.573,38.136,32.37,287.0,301.0,True,108.079,"[2064, 2064, 2064, 2064, 2048]","[2048, 2048, 2048, 2048, 2048, 2049, 2049, 2048, 2048]","[2048, 2048, 2049, 2048, 2049, 2049, 2049, 2048, 2049]",306.0
1226,9197,16,43,2023-11-26T14:07:08.084000+00:00,17.867,37.992,32.352,,298.0,False,88.211,"[None, 2048, 2048, 2049, 2048]","[2048, 2048, 2048, 2048, 2048, 2049, 2048, 2048, 2048]","[2048, 2048, 2048, 2048, 2049, 2048, 2048, 2049, 2049]",303.0
1226,9197,63,43,2023-11-26T14:07:10.912000+00:00,17.927,38.046,32.551,286.0,304.0,False,88.524,"[None, 2049, 2048, 2048, 2048]","[2048, 2048, 2048, 2048, 2048, 2048, 2048, 2048, 2048]","[2048, 2048, 2048, 2048, 2048, 2049, 2048, 2048]",305.0
1226,9197,4,43,2023-11-26T14:07:14.537000+00:00,17.638,38.5,32.71,286.0,296.0,False,88.848,"[None, 2051, 2049, 2048, 2048]","[2048, 2048, 2048, 2048, 2048, 2048, 2048, 2048, 2048]","[2048, 2048, 2048, 2048, 2048, 2048, 2048, 2048, 2048]",300.0
1226,9197,22,43,2023-11-26T14:07:15.537000+00:00,18.08,38.643,32.936,288.0,298.0,False,89.659,"[None, 2049, 2048, 2048, 2048]","[2048, 2048, 2048, 2048, 2048, 2048, 2048, 2048, 2048]","[2048, 2048, 2049, 2048, 2048, 2048, 2048, 2048]",305.0
1226,9197,81,43,2023-11-26T14:07:20.865000+00:00,17.634,38.175,32.523,294.0,303.0,False,88.332,"[2049, 2049, 2048, 2049, 2051]","[2048, 2048, 2048, 2048, 2048, 2048, 2048, 2048, 2048]","[2048, 2049, 2048, 2049, 2048, 2048, 2048, 2048, 2048]",305.0
1226,9197,18,43,2023-11-26T14:07:22.193000+00:00,37.71,38.113,32.417,289.0,286.0,True,108.24,"[2064, 2064, 2064, 2064, 2048]","[2048, 2048, 2049, 2048, 2048, 2049, 2048, 2048, 2048]","[2048, 2049, 2048, 2048, 2051, 2049, 2049, 2049, 2051]",295.0
1226,9197,55,43,2023-11-26T14:07:24.318000+00:00,18.205,38.517,32.89,281.0,292.0,False,89.612,"[None, 2048, 2048, 2048, 2048]","[2048, 2048, 2048, 2048, 2048, 2048, 2048, 2048, 2048]","[2048, 2048, 2048, 2048, 2049, 2048, 2048, 2048, 2048]",295.0
1226,9197,14,43,2023-11-26T14:07:26.553000+00:00,17.803,38.325,32.641,289.0,304.0,False,88.769,"[2049, 2048, 2048, 2048, 2048]","[2048, 2048, 2048, 2048, 2048, 2048, 2048, 2048, 2048]","[2048, 2048, 2049, 2048, 2048, 2048, 2048, 2048, 2048]",306.0
1226,9197,31,43,2023-11-26T14:07:28.037000+00:00,18.283,38.872,33.926,287.0,311.0,False,91.081,"[None, 2048, 2048, 2048, 2048]","[2048, 2048, 2048, 2048, 2048, 2048, 2048, 2049, 2048]","[2048, 2048, 2049, 2048, 2048, 2048, 2048, 2048, 2048]",301.0
1226,9197,44,43,2023-11-26T14:07:28.678000+00:00,18.082,37.842,32.787,291.0,303.0,False,88.711,"[None, 2048, 2048, 2048, 2048]","[2048, 2048, 2048, 2049, 2048, 2048, 2048, 2048, 2048]","[2048, 2048, 2048, 2048, 2048, 2048, 2048, 2048, 2048]",326.0
1226,9197,23,43,2023-11-26T14:07:38.943000+00:00,18.185,38.482,35.508,288.0,306.0,False,92.175,"[None, 2048, 2048, 2048, 2048]","[2048, 2048, 2048, 2048, 2048, 2048, 2049, 2048, 2048]","[2048, 2048, 2048, 2048, 2048, 2048, 2048, 2064, 2064]",312.0
1226,9197,3,43,2023-11-26T14:07:42.068000+00:00,18.056,38.982,33.017,289.0,296.0,False,90.055,"[None, 2048, 2048, 2048, 2048]","[2048, 2048, 2048, 2048, 2048, 2048, 2048, 2048, 2048]","[2048, 2048, 2048, 2048, 2048, 2048, 2048, 2048, 2048]",324.0
1226,9197,10,43,2023-11-26T14:07:46.443000+00:00,18.009,38.616,33.092,286.0,291.0,False,89.717,"[None, 2048, 2048, 2049, 2048]","[2048, 2048, 2048, 2048, 2048, 2048, 2048, 2048, 2048]","[2048, 2048, 2048, 2048, 2048, 2048, 2048, 2048, 2048]",299.0
1226,9197,27,43,2023-11-26T14:07:55.630000+00:00,18.116,38.684,32.685,282.0,291.0,False,89.485,"[2049, 2048, 2048, 2049, 2048]","[2048, 2048, 2048, 2048, 2048, 2048, 2048, 2048, 2048]","[2048, 2048, 2048, 2048, 2048, 2048, 2049, 2048, 2048]",296.0
1226,9197,77,43,2023-11-26T14:08:00.224000+00:00,18.271,38.955,34.192,,246.0,False,91.418,"[None, 2049, 2048, 2048, 2048]","[2048, 2048, 2048, 2048, 2048, 2048, 2048, 2048, 2048]","[2048, 2048, 2048, 2048, 2048, 2048, 2048, 2048, 2048]",295.0
1226,9197,24,43,2023-11-26T14:08:01.459000+00:00,18.019,37.807,32.92,288.0,308.0,False,88.746,"[2049, 2048, 2048, 2048, 2048]","[2048, 2048, 2048, 2048, 2048, 2048, 2048, 2048, 2048]","[2048, 2048, 2048, 2048, 2049, 2048, 2048, 2048]",318.0
1226,9197,20,43,2023-11-26T14:08:05.287000+00:00,18.182,38.776,33.099,285.0,296.0,False,90.057,"[2049, 2048, 2048, 2048, 2048]","[2048, 2048, 2048, 2048, 2048, 2048, 2048, 2048, 2048]","[2048, 2048, 2048, 2049, 2048, 2048, 2048, 2048, 2048]",303.0
1226,9197,1,44,2023-11-26T14:08:10.693000+00:00,37.987,38.194,31.989,285.0,295.0,True,108.17,"[2064, 2064, 2064, 2064, 2048]","[2048, 2048, 2049, 2048, 2048, 2049, 2049, 2048, 2048]","[2048, 2048, 2049, 2048, 2051, 2049, 2049, 2048, 2051]",298.0
1226,9197,2,43,2023-11-26T14:08:11.896000+00:00,17.815,37.817,32.948,291.0,304.0,False,88.58,"[2049, 2048, 2049, 2049, 2049]","[2049, 2049, 2048, 2048, 2048, 2049, 2051, 2048, 2048]","[2049, 2049, 2049, 2048, 2049, 2049, 2048, 2048, 2049]",307.0
1226,9197,16,44,2023-11-26T14:08:36.146000+00:00,17.789,37.99,32.42,,285.0,False,88.199,"[None, 2048, 2048, 2049, 2049]","[2048, 2048, 2048, 2048, 2048, 2049, 2048, 2048, 2048]","[2048, 2048, 2048, 2048, 2049, 2051, 2048, 2048, 2049]",305.0
1226,9197,63,44,2023-11-26T14:08:39.349000+00:00,17.791,38.077,32.492,290.0,304.0,False,88.36,"[None, 2049, 2048, 2048, 2048]","[2048, 2048, 2048, 2048, 2048, 2048, 2048, 2048, 2048]","[2049, 2048, 2048, 2048, 2049, 2048, 2048, 2048, 2048]",304.0
1226,9197,4,44,2023-11-26T14:08:43.364000+00:00,17.731,38.306,32.502,290.0,302.0,False,88.539,"[2049, 2048, 2048, 2048, 2048]","[2048, 2048, 2048, 2048, 2048, 2048, 2048, 2048, 2048]","[2048, 2048, 2049, 2048, 2048, 2048, 2049, 2048, 2048]",305.0
1226,9197,22,44,2023-11-26T14:08:45.130000+00:00,18.091,38.556,33.085,289.0,306.0,False,89.732,"[None, 2048, 2048, 2048, 2048]","[2048, 2048, 2048, 2048, 2048, 2048, 2048, 2048, 2048]","[2048, 2048, 2049, 2048, 2048, 2048, 2048, 2048, 2048]",301.0
1226,9197,11,44,2023-11-26T14:08:45.692000+00:00,17.874,37.503,32.116,291.0,298.0,False,87.493,"[2049, 2048, 2048, 2048, 2049]","[2048, 2048, 2049, 2049, 2048, 2051, 2049, 2048, 2048]","[2048, 2048, 2049, 2048, 2049, 2049, 2048, 2048, 2048]",325.0
1226,9197,81,44,2023-11-26T14:08:49.224000+00:00,17.598,38.289,32.602,291.0,296.0,False,88.489,"[2048, 2049, 2048, 2049, 2048]","[2048, 2048, 2048, 2048, 2048, 2048, 2048, 2048, 2048]","[2048, 2048, 2048, 2049, 2048, 2048, 2048, 2048, 2048]",302.0
1226,9197,55,44,2023-11-26T14:08:53.833000+00:00,18.272,38.53,33.007,282.0,304.0,False,89.809,"[None, 2048, 2048, 2048, 2048]","[2048, 2048, 2048, 2048, 2048, 2048, 2048, 2048, 2048]","[2048, 2048, 2048, 2048, 2048, 2048, 2048, 2048, 2048]",302.0
1226,9197,14,44,2023-11-26T14:08:55.270000+00:00,17.691,37.863,33.432,293.0,310.0,False,88.986,"[None, 2049, 2048, 2048, 2048]","[2048, 2048, 2048, 2048, 2048, 2048, 2048, 2048, 2048]","[2048, 2049, 2048, 2048, 2048, 2048, 2048, 2048, 2048]",325.0
1226,9197,44,44,2023-11-26T14:08:57.395000+00:00,17.997,38.303,32.69,288.0,305.0,False,88.99,"[None, 2048, 2048, 2048, 2048]","[2049, 2048, 2048, 2048, 2048, 2048, 2048, 2048, 2048]","[2048, 2048, 2049, 2048, 2048, 2048, 2048, 2048, 2048]",306.0
1226,9197,31,44,2023-11-26T14:08:59.161000+00:00,18.302,38.602,33.527,288.0,298.0,False,90.431,"[None, 2048, 2048, 2048, 2048]","[2048, 2048, 2048, 2048, 2048, 2048, 2048, 2048, 2048]","[2048, 2048, 2048, 2048, 2048, 2048, 2048, 2048, 2048]",305.0
1226,9197,18,44,2023-11-26T14:09:10.583000+00:00,17.686,37.982,32.382,290.0,290.0,False,88.05,"[2049, 2048, 2049, 2051, 2048]","[2051, 2049, 2048, 2048, 2048, 2049, 2048, 2048, 2048]","[2049, 2048, 2048, 2048, 2048, 2049, 2049, 2049, 2048]",294.0
1226,9197,23,44,2023-11-26T14:09:11.161000+00:00,38.287,37.789,33.309,291.0,313.0,True,109.385,"[2064, 2064, 2064, 2064, 2048]","[2048, 2049, 2049, 2048, 2048, 2048, 2049, 2049, 2048]","[2048, 2049, 2048, 2048, 2048, 2048, 2049, 2048, 2049]",315.0
1226,9197,3,44,2023-11-26T14:09:12.177000+00:00,17.902,38.288,32.628,288.0,298.0,False,88.818,"[None, 2049, 2048, 2049, 2048]","[2048, 2048, 2048, 2048, 2048, 2048, 2048, 2048, 2048]","[2049, 2048, 2048, 2049, 2048, 2048, 2048, 2048, 2048]",304.0
1226,9197,10,44,2023-11-26T14:09:16.067000+00:00,18.111,38.603,33.056,,292.0,False,89.77,"[None, 2048, 2048, 2048, 2048]","[2048, 2048, 2048, 2048, 2048, 2048, 2048, 2048, 2048]","[2049, 2048, 2048, 2048, 2048, 2048, 2048, 2048]",298.0
1226,9197,27,44,2023-11-26T14:09:25.223000+00:00,18.021,38.741,32.78,,291.0,False,89.542,"[2048, 2049, 2048, 2049, 2048]","[2048, 2048, 2048, 2048, 2048, 2048, 2048, 2048, 2048]","[2048, 2048, 2048, 2048, 2048, 2048, 2048, 2048, 2048]",295.0
1226,9197,24,44,2023-11-26T14:09:30.114000+00:00,17.92,38.441,32.722,286.0,292.0,False,89.083,"[2048, 2049, 2048, 2049, 2048]","[2048, 2048, 2048, 2048, 2048, 2048, 2048, 2048, 2048]","[2048, 2048, 2049, 2048, 2049, 2048, 2048, 2049, 2048]",298.0
1226,9197,77,44,2023-11-26T14:09:31.895000+00:00,18.391,38.058,33.55,287.0,313.0,False,89.999,"[None, 2048, 2048, 2048, 2048]","[2048, 2048, 2048, 2048, 2048, 2048, 2048, 2049, 2048]","[2048, 2048, 2049, 2049, 2048, 2048, 2048, 2048, 2048]",319.0
1226,9197,20,44,2023-11-26T14:09:35.364000+00:00,18.166,38.7,33.218,288.0,298.0,False,90.084,"[2048, 2048, 2048, 2048, 2048]","[2048, 2048, 2048, 2048, 2048, 2048, 2048, 2048, 2048]","[2048, 2048, 2048, 2048, 2048, 2048, 2048, 2048, 2048]",304.0
1226,9197,2,44,2023-11-26T14:09:40.442000+00:00,17.859,37.903,32.883,292.0,305.0,False,88.645,"[None, 2048, 2048, 2048, 2049]","[2048, 2049, 2049, 2048, 2048, 2048, 2048, 2048, 2048]","[2049, 2048, 2049, 2048, 2049, 2049, 2049, 2049, 2048]",307.0
1226,9197,1,45,2023-11-26T14:09:58.926000+00:00,17.505,37.714,31.774,288.0,296.0,False,86.993,"[2049, 2049, 2051, 2049, 2048]","[2049, 2051, 2049, 2048, 2048, 2049, 2049, 2048, 2048]","[2049, 2049, 2049, 2048, 2048, 2048, 2049, 2049, 2051]",299.0
1226,9197,16,45,2023-11-26T14:10:04.442000+00:00,17.737,38.23,32.428,291.0,296.0,False,88.395,"[2049, 2048, 2049, 2049, 2049]","[2048, 2048, 2049, 2048, 2048, 2048, 2048, 2048, 2048]","[2049, 2048, 2049, 2048, 2048, 2048, 2048, 2048, 2048]",295.0
1226,9197,63,45,2023-11-26T14:10:07.801000+00:00,17.73,38.019,32.438,,305.0,False,88.187,"[None, 2048, 2048, 2049, 2048]","[2048, 2048, 2048, 2048, 2048, 2048, 2049, 2048, 2048]","[2049, 2048, 2049, 2049, 2048, 2048, 2048, 2048, 2048]",300.0
1226,9197,4,45,2023-11-26T14:10:11.941000+00:00,17.625,38.046,32.493,,299.0,False,88.164,"[2048, 2048, 2048, 2049, 2049]","[2048, 2049, 2048, 2048, 2048, 2049, 2048, 2048, 2048]","[2048, 2048, 2048, 2048, 2048, 2048, 2048, 2048, 2048]",303.0
1226,9197,11,45,2023-11-26T14:10:13.238000+00:00,17.69,37.85,32.297,288.0,299.0,False,87.837,"[2048, 2049, 2049, 2049, 2048]","[2048, 2049, 2048, 2048, 2048, 2048, 2048, 2048, 2048]","[2048, 2048, 2049, 2048, 2048, 2048, 2048, 2048, 2048]",303.0
1226,9197,22,45,2023-11-26T14:10:14.973000+00:00,17.947,38.511,32.857,,296.0,False,89.315,"[None, 2048, 2048, 2049, 2049]","[2048, 2048, 2048, 2048, 2048, 2048, 2048, 2048, 2048]","[2048, 2048, 2049, 2049, 2048, 2048, 2048, 2048, 2048]",304.0
1226,9197,81,45,2023-11-26T14:10:17.785000+00:00,17.611,38.085,32.453,295.0,301.0,False,88.149,"[None, 2048, 2048, 2048, 2051]","[2048, 2048, 2048, 2048, 2048, 2048, 2048, 2048, 2048]","[2049, 2048, 2051, 2049, 2048, 2048, 2048, 2048, 2048]",308.0
1226,9197,55,45,2023-11-26T14:10:23.816000+00:00,18.167,38.751,33.214,,295.0,False,90.132,"[None, 2048, 2048, 2048, 2048]","[2048, 2048, 2048, 2048, 2048, 2048, 2049, 2048, 2048]","[2048, 2048, 2048, 2048, 2048, 2048, 2048, 2048, 2048]",305.0
1226,9197,14,45,2023-11-26T14:10:24.410000+00:00,17.943,38.738,33.496,281.0,306.0,False,90.177,"[2048, 2048, 2048, 2049, 2048]","[2048, 2048, 2048, 2049, 2048, 2048, 2048, 2048, 2048]","[2048, 2048, 2048, 2048, 2048, 2048, 2049, 2048, 2048]",301.0
1226,9197,44,45,2023-11-26T14:10:26.363000+00:00,17.896,38.253,32.874,291.0,298.0,False,89.023,"[None, 2048, 2048, 2048, 2049]","[2048, 2048, 2048, 2048, 2048, 2048, 2048, 2048, 2048]","[2048, 2049, 2049, 2048, 2048, 2048, 2048, 2048, 2048]",297.0
1226,9197,31,45,2023-11-26T14:10:29.691000+00:00,18.162,38.607,33.394,,293.0,False,90.163,"[None, 2048, 2048, 2048, 2048]","[2049, 2048, 2048, 2048, 2048, 2048, 2048, 2048, 2048]","[2048, 2048, 2048, 2048, 2048, 2048, 2049, 2048, 2048]",303.0
1226,9197,18,45,2023-11-26T14:10:38.441000+00:00,17.807,37.928,32.442,,294.0,False,88.177,"[2048, 2048, 2048, 2048, 2049]","[2048, 2049, 2048, 2048, 2048, 2049, 2048, 2048, 2048]","[2048, 2048, 2049, 2048, 2048, 2048, 2049, 2048, 2048]",300.0
1226,9197,3,45,2023-11-26T14:10:40.941000+00:00,17.936,38.371,32.398,286.0,295.0,False,88.705,"[None, 2048, 2048, 2048, 2049]","[2048, 2048, 2048, 2048, 2048, 2048, 2048, 2048, 2048]","[2048, 2048, 2048, 2048, 2048, 2048, 2048, 2048, 2048]",302.0
1226,9197,10,45,2023-11-26T14:10:45.707000+00:00,17.964,38.436,33.103,,291.0,False,89.503,"[None, 2048, 2048, 2048, 2048]","[2048, 2048, 2048, 2048, 2048, 2048, 2048, 2048, 2048]","[2048, 2048, 2048, 2048, 2048, 2048, 2048, 2048, 2048]",298.0
1226,9197,27,45,2023-11-26T14:10:54.691000+00:00,18.002,38.668,32.83,285.0,292.0,False,89.5,"[None, 2048, 2048, 2049, 2049]","[2048, 2048, 2048, 2048, 2048, 2048, 2048, 2048, 2048]","[2048, 2049, 2048, 2048, 2048, 2048, 2048, 2048, 2048]",297.0
1226,9197,24,45,2023-11-26T14:10:59.285000+00:00,17.909,38.434,33.547,287.0,300.0,False,89.89,"[None, 2048, 2048, 2049, 2048]","[2049, 2048, 2048, 2048, 2048, 2048, 2048, 2048, 2048]","[2048, 2048, 2048, 2048, 2048, 2048, 2048, 2048, 2048]",306.0
1226,9197,23,45,2023-11-26T14:11:00.675000+00:00,17.746,37.427,32.672,293.0,325.0,False,87.845,"[2049, 2049, 2049, 2049, 2049]","[2051, 2049, 2049, 2048, 2048, 2048, 2049, 2049, 2048]","[2048, 2049, 2049, 2049, 2049, 2049, 2049, 2049, 2049]",318.0
1226,9197,77,45,2023-11-26T14:11:01.722000+00:00,18.287,38.77,33.438,,293.0,False,90.495,"[None, 2048, 2048, 2048, 2048]","[2049, 2048, 2048, 2048, 2048, 2048, 2048, 2048, 2048]","[2048, 2048, 2048, 2048, 2048, 2048, 2048, 2048, 2048]",300.0
1226,9197,20,45,2023-11-26T14:11:05.425000+00:00,18.146,38.658,33.306,286.0,298.0,False,90.11,"[None, 2048, 2048, 2048, 2048]","[2049, 2048, 2048, 2048, 2048, 2048, 2048, 2048, 2048]","[2051, 2048, 2048, 2048, 2048, 2048, 2048, 2048]",302.0
1226,9197,2,45,2023-11-26T14:11:09.113000+00:00,17.933,37.891,32.967,,308.0,False,88.791,"[None, 2048, 2048, 2048, 2048]","[2048, 2048, 2048, 2048, 2048, 2048, 2048, 2048, 2048]","[2049, 2048, 2049, 2048, 2048, 2048, 2049, 2048, 2048]",313.0
1226,9197,1,46,2023-11-26T14:11:25.878000+00:00,17.608,38.118,32.176,,292.0,False,87.902,"[None, 2048, 2048, 2048, 2048]","[2048, 2048, 2048, 2048, 2048, 2048, 2048, 2048, 2048]","[2048, 2049, 2048, 2048, 2048, 2048, 2048, 2048, 2048]",297.0
1226,9197,16,46,2023-11-26T14:11:32.831000+00:00,17.785,38.211,32.45,287.0,296.0,False,88.446,"[2048, 2048, 2048, 2049, 2048]","[2048, 2048, 2048, 2048, 2048, 2048, 2048, 2048, 2048]","[2048, 2048, 2048, 2048, 2048, 2048, 2048, 2048, 2048]",302.0
1226,9197,63,46,2023-11-26T14:11:35.972000+00:00,17.616,38.032,32.544,292.0,304.0,False,88.192,"[None, 2048, 2048, 2049, 2049]","[2048, 2048, 2048, 2048, 2048, 2048, 2048, 2048, 2048]","[2048, 2048, 2048, 2048, 2048, 2048, 2048, 2048, 2048]",308.0
1226,9197,4,46,2023-11-26T14:11:40.159000+00:00,17.541,38.222,32.424,288.0,295.0,False,88.187,"[2049, 2048, 2049, 2049, 2048]","[2048, 2048, 2048, 2048, 2048, 2048, 2048, 2048, 2048]","[2049, 2048, 2048, 2048, 2048, 2048, 2048, 2049, 2048]",300.0
1226,9197,11,46,2023-11-26T14:11:41.175000+00:00,17.584,37.717,32.613,,311.0,False,87.914,"[None, 2051, 2049, 2049, 2049]","[2048, 2048, 2048, 2048, 2048, 2048, 2048, 2049, 2048]","[2048, 2048, 2048, 2048, 2048, 2048, 2048, 2048, 2048]",303.0
1226,9197,22,46,2023-11-26T14:11:44.456000+00:00,17.926,38.537,32.947,288.0,297.0,False,89.41,"[None, 2048, 2048, 2049, 2048]","[2049, 2048, 2048, 2048, 2048, 2048, 2048, 2048, 2048]","[2048, 2048, 2048, 2049, 2048, 2048, 2048, 2048, 2048]",302.0
1226,9197,81,46,2023-11-26T14:11:45.940000+00:00,17.57,38.292,32.944,293.0,300.0,False,88.806,"[None, 2048, 2048, 2051, 2048]","[2048, 2048, 2048, 2048, 2048, 2048, 2048, 2048, 2048]","[2048, 2048, 2048, 2048, 2048, 2048, 2048, 2048, 2048]",306.0
1226,9197,55,46,2023-11-26T14:11:53.893000+00:00,18.215,38.645,33.852,279.0,293.0,False,90.712,"[None, 2048, 2048, 2048, 2048]","[2048, 2048, 2048, 2049, 2048, 2048, 2049, 2049, 2048]","[2048, 2048, 2048, 2048, 2048, 2048, 2048, 2048, 2048]",314.0
1226,9197,14,46,2023-11-26T14:11:54.519000+00:00,17.819,38.16,32.575,295.0,301.0,False,88.554,"[None, 2048, 2048, 2049, 2049]","[2049, 2048, 2048, 2048, 2048, 2048, 2048, 2048, 2048]","[2048, 2048, 2049, 2049, 2048, 2048, 2048, 2048]",326.0
1226,9197,44,46,2023-11-26T14:11:55.456000+00:00,18.031,38.089,33.609,,317.0,False,89.729,"[None, 2048, 2048, 2049, 2048]","[2048, 2048, 2048, 2048, 2048, 2048, 2048, 2048, 2049]","[2048, 2048, 2048, 2048, 2048, 2048, 2048, 2048, 2048]",305.0
1226,9197,31,46,2023-11-26T14:11:59.753000+00:00,18.194,38.563,33.356,287.0,294.0,False,90.113,"[None, 2048, 2048, 2048, 2048]","[2048, 2048, 2048, 2048, 2048, 2048, 2048, 2048, 2048]","[2048, 2048, 2048, 2049, 2048, 2048, 2048, 2048, 2048]",302.0
1226,9197,18,46,2023-11-26T14:12:06.675000+00:00,17.769,37.989,32.481,,294.0,False,88.239,"[None, 2049, 2048, 2048, 2048]","[2048, 2048, 2048, 2048, 2048, 2048, 2048, 2048, 2048]","[2048, 2049, 2048, 2049, 2048, 2048, 2048, 2049, 2048]",301.0
1226,9197,3,46,2023-11-26T14:12:09.690000+00:00,17.902,38.304,32.502,287.0,294.0,False,88.708,"[None, 2048, 2048, 2049, 2049]","[2048, 2048, 2048, 2048, 2048, 2048, 2048, 2048, 2048]","[2048, 2048, 2048, 2048, 2048, 2048, 2048, 2049, 2048]",303.0
1226,9197,10,46,2023-11-26T14:12:15.440000+00:00,17.946,38.462,33.02,287.0,291.0,False,89.428,"[None, 2048, 2048, 2048, 2049]","[2048, 2048, 2048, 2048, 2048, 2048, 2048, 2048, 2048]","[2048, 2048, 2048, 2048, 2048, 2048, 2048, 2048, 2048]",299.0
1226,9197,27,46,2023-11-26T14:12:24.237000+00:00,17.956,38.705,32.795,,291.0,False,89.456,"[None, 2048, 2048, 2049, 2049]","[2049, 2048, 2048, 2048, 2048, 2048, 2048, 2048, 2048]","[2048, 2048, 2048, 2048, 2048, 2048, 2049, 2049, 2048]",297.0
1226,9197,23,46,2023-11-26T14:12:28.424000+00:00,17.819,37.847,33.028,292.0,298.0,False,88.694,"[2048, 2048, 2048, 2048, 2048]","[2048, 2048, 2048, 2048, 2048, 2049, 2048, 2048, 2048]","[2048, 2048, 2048, 2048, 2048, 2048, 2048, 2048, 2048]",305.0
1226,9197,24,46,2023-11-26T14:12:29.237000+00:00,17.998,38.489,32.837,,294.0,False,89.324,"[None, 2048, 2048, 2049, 2048]","[2048, 2048, 2048, 2048, 2048, 2048, 2048, 2048, 2048]","[2049, 2048, 2049, 2048, 2048, 2048, 2048, 2049, 2048]",303.0
1226,9197,77,46,2023-11-26T14:12:32.190000+00:00,18.206,38.673,33.119,286.0,293.0,False,89.998,"[2049, 2048, 2048, 2049, 2048]","[2048, 2048, 2048, 2048, 2048, 2048, 2048, 2048, 2048]","[2048, 2048, 2049, 2049, 2048, 2048, 2049, 2048, 2048]",301.0
1226,9197,20,46,2023-11-26T14:12:35.440000+00:00,18.15,38.703,33.081,285.0,295.0,False,89.934,"[None, 2049, 2048, 2048, 2048]","[2048, 2048, 2048, 2048, 2048, 2048, 2048, 2048, 2048]","[2048, 2048, 2049, 2049, 2048, 2048, 2049, 2048, 2048]",303.0
1226,9197,2,46,2023-11-26T14:12:37.862000+00:00,17.919,38.067,32.932,,308.0,False,88.918,"[2048, 2049, 2048, 2048, 2048]","[2048, 2048, 2048, 2048, 2048, 2048, 2048, 2048, 2048]","[2048, 2048, 2048, 2048, 2049, 2049, 2049, 2049, 2048]",314.0
1226,9197,1,47,2023-11-26T14:12:53.768000+00:00,17.677,38.214,32.071,287.0,292.0,False,87.962,"[2048, 2048, 2048, 2048, 2048]","[2048, 2048, 2048, 2048, 2048, 2048, 2048, 2048, 2048]","[2048, 2048, 2048, 2049, 2048, 2048, 2048, 2049, 2048]",298.0
1226,9197,16,47,2023-11-26T14:13:01.471000+00:00,17.824,38.033,32.364,289.0,298.0,False,88.221,"[None, 2048, 2048, 2048, 2048]","[2048, 2048, 2048, 2048, 2048, 2048, 2048, 2048, 2048]","[2048, 2048, 2048, 2048, 2049, 2048, 2048, 2048, 2048]",305.0
1226,9197,63,47,2023-11-26T14:13:04.236000+00:00,17.687,38.083,32.491,291.0,300.0,False,88.261,"[None, 2048, 2048, 2048, 2048]","[2048, 2048, 2048, 2048, 2048, 2048, 2048, 2048, 2048]","[2048, 2049, 2048, 2048, 2048, 2048, 2048, 2048, 2048]",304.0
1226,9197,4,47,2023-11-26T14:13:08.268000+00:00,17.572,38.062,32.934,292.0,297.0,False,88.568,"[2048, 2048, 2048, 2049, 2049]","[2048, 2048, 2048, 2048, 2048, 2051, 2048, 2048, 2048]","[2048, 2048, 2048, 2048, 2048, 2048, 2048, 2049]",302.0
1226,9197,11,47,2023-11-26T14:13:09.096000+00:00,17.646,37.751,33.004,294.0,313.0,False,88.401,"[None, 2048, 2048, 2049, 2049]","[2049, 2048, 2048, 2048, 2048, 2048, 2048, 2048, 2048]","[2048, 2048, 2048, 2048, 2048, 2048, 2048, 2048, 2048]",328.0
1226,9197,22,47,2023-11-26T14:13:13.752000+00:00,17.964,38.558,32.813,287.0,296.0,False,89.335,"[None, 2048, 2048, 2048, 2048]","[2049, 2048, 2048, 2048, 2048, 2048, 2048, 2048, 2048]","[2049, 2048, 2048, 2049, 2049, 2048, 2048, 2048, 2048]",303.0
1226,9197,81,47,2023-11-26T14:13:14.830000+00:00,17.685,38.021,33.56,294.0,314.0,False,89.266,"[None, 2048, 2048, 2048, 2048]","[2049, 2048, 2048, 2048, 2048, 2048, 2048, 2049, 2049]","[2048, 2048, 2048, 2048, 2048, 2048, 2048, 2048, 2048]",312.0
1226,9197,14,47,2023-11-26T14:13:22.939000+00:00,17.676,38.401,32.548,290.0,294.0,False,88.625,"[None, 2049, 2048, 2048, 2048]","[2048, 2048, 2048, 2048, 2048, 2048, 2048, 2048, 2048]","[2048, 2048, 2048, 2049, 2048, 2048, 2048, 2048, 2048]",300.0
1226,9197,55,47,2023-11-26T14:13:24.767000+00:00,18.12,38.929,34.053,290.0,301.0,False,91.102,"[2049, 2048, 2048, 2048, 2049]","[2049, 2048, 2048, 2048, 2048, 2048, 2049, 2048, 2048]","[2048, 2048, 2049, 2048, 2048, 2048, 2048, 2048, 2048]",299.0
1226,9197,44,47,2023-11-26T14:13:25.174000+00:00,18.069,38.49,32.969,290.0,322.0,False,89.528,"[None, 2048, 2048, 2048, 2048]","[2048, 2048, 2048, 2048, 2048, 2048, 2048, 2049, 2049]","[2048, 2048, 2048, 2048, 2048, 2048, 2048, 2048]",314.0
1226,9197,31,47,2023-11-26T14:13:29.767000+00:00,18.103,38.665,33.409,288.0,297.0,False,90.177,"[None, 2048, 2048, 2049, 2048]","[2048, 2048, 2048, 2048, 2048, 2048, 2048, 2048, 2048]","[2048, 2048, 2048, 2048, 2048, 2048, 2048, 2048, 2048]",301.0
1226,9197,18,47,2023-11-26T14:13:34.939000+00:00,17.675,38.281,32.579,291.0,291.0,False,88.535,"[None, 2049, 2048, 2049, 2049]","[2049, 2048, 2048, 2048, 2048, 2048, 2048, 2048, 2048]","[2048, 2048, 2048, 2048, 2048, 2048, 2048, 2048, 2048]",298.0
1226,9197,3,47,2023-11-26T14:13:38.345000+00:00,17.87,38.266,32.435,288.0,298.0,False,88.571,"[None, 2048, 2048, 2048, 2048]","[2049, 2048, 2048, 2048, 2048, 2048, 2049, 2048, 2048]","[2049, 2048, 2048, 2049, 2048, 2048, 2048, 2048, 2048]",304.0
1226,9197,10,47,2023-11-26T14:13:44.798000+00:00,17.963,38.607,33.156,,292.0,False,89.726,"[None, 2048, 2048, 2048, 2048]","[2048, 2048, 2048, 2048, 2048, 2048, 2048, 2048, 2048]","[2048, 2048, 2049, 2048, 2048, 2048, 2049, 2049, 2048]",298.0
1226,9197,27,47,2023-11-26T14:13:53.611000+00:00,18.021,38.986,33.028,283.0,290.0,False,90.035,"[None, 2048, 2048, 2049, 2048]","[2048, 2048, 2048, 2048, 2048, 2048, 2048, 2048, 2048]","[2049, 2048, 2048, 2048, 2048, 2048, 2048, 2048, 2048]",296.0
1226,9197,23,47,2023-11-26T14:13:57.033000+00:00,17.847,37.868,33.025,,300.0,False,88.74,"[None, 2049, 2049, 2048, 2048]","[2051, 2048, 2048, 2048, 2048, 2048, 2048, 2048, 2048]","[2048, 2049, 2048, 2048, 2048, 2048, 2048, 2048, 2048]",312.0
1226,9197,24,47,2023-11-26T14:13:58.626000+00:00,18.007,38.548,32.854,286.0,292.0,False,89.409,"[None, 2048, 2048, 2048, 2048]","[2048, 2048, 2048, 2048, 2048, 2048, 2048, 2048, 2048]","[2048, 2049, 2049, 2048, 2048, 2048, 2048, 2048, 2048]",300.0
1226,9197,77,47,2023-11-26T14:14:02.220000+00:00,18.298,38.848,33.302,284.0,289.0,False,90.448,"[2048, 2048, 2048, 2048, 2048]","[2048, 2048, 2048, 2048, 2048, 2048, 2048, 2048, 2048]","[2048, 2048, 2048, 2048, 2048, 2048, 2048, 2048, 2048]",296.0
1226,9197,20,47,2023-11-26T14:14:05.470000+00:00,18.204,39.419,34.3,286.0,322.0,False,91.923,"[None, 2048, 2048, 2048, 2048]","[2048, 2048, 2048, 2048, 2048, 2048, 2048, 2049, 2048]","[2048, 2048, 2048, 2048, 2048, 2048, 2048, 2048, 2048]",262.0
1226,9197,2,47,2023-11-26T14:14:06.782000+00:00,17.743,38.461,33.254,295.0,305.0,False,89.458,"[2049, 2049, 2048, 2049, 2049]","[2048, 2048, 2048, 2048, 2048, 2048, 2048, 2048, 2048]","[2048, 2049, 2048, 2048, 2048, 2048, 2048, 2048]",335.0
1226,9197,1,48,2023-11-26T14:14:21.845000+00:00,17.606,38.23,32.132,288.0,293.0,False,87.968,"[None, 2048, 2048, 2048, 2049]","[2048, 2048, 2048, 2048, 2048, 2048, 2048, 2048, 2048]","[2048, 2049, 2048, 2048, 2048, 2048, 2048, 2048, 2048]",299.0
1226,9197,16,48,2023-11-26T14:14:29.438000+00:00,17.771,38.092,32.556,290.0,299.0,False,88.419,"[None, 2048, 2048, 2049, 2048]","[2048, 2048, 2048, 2048, 2048, 2048, 2048, 2048, 2048]","[2048, 2048, 2048, 2048, 2048, 2048, 2048, 2048, 2048]",305.0
1226,9197,63,48,2023-11-26T14:14:32.485000+00:00,17.667,38.304,32.559,,303.0,False,88.53,"[None, 2048, 2048, 2049, 2048]","[2048, 2048, 2048, 2048, 2048, 2048, 2048, 2048, 2048]","[2048, 2048, 2048, 2048, 2048, 2048, 2048, 2048, 2048]",306.0
1226,9197,4,48,2023-11-26T14:14:36.845000+00:00,17.692,38.599,33.472,294.0,319.0,False,89.763,"[None, 2048, 2048, 2048, 2049]","[2048, 2048, 2048, 2048, 2048, 2048, 2048, 2048, 2048]","[2048, 2048, 2048, 2048, 2048, 2048, 2048, 2048, 2048]",303.0
1226,9197,11,48,2023-11-26T14:14:37.470000+00:00,17.769,37.905,32.296,,302.0,False,87.97,"[None, 2048, 2048, 2049, 2049]","[2049, 2048, 2048, 2048, 2048, 2048, 2048, 2048, 2048]","[2048, 2048, 2048, 2049, 2048, 2048, 2048, 2048]",329.0
1226,9197,22,48,2023-11-26T14:14:43.063000+00:00,17.923,39.109,33.9,285.0,322.0,False,90.932,"[None, 2048, 2048, 2048, 2048]","[2048, 2048, 2048, 2048, 2048, 2048, 2049, 2048, 2048]","[2048, 2048, 2048, 2048, 2048, 2048, 2048, 2048, 2048]",301.0
1226,9197,81,48,2023-11-26T14:14:43.985000+00:00,17.756,38.294,33.011,,304.0,False,89.061,"[None, 2048, 2048, 2048, 2048]","[2048, 2048, 2048, 2048, 2049, 2048, 2048, 2048, 2048]","[2048, 2048, 2048, 2048, 2048, 2048, 2048, 2048, 2048]",335.0
1226,9197,14,48,2023-11-26T14:14:51.766000+00:00,17.778,38.25,32.564,,298.0,False,88.592,"[None, 2048, 2048, 2048, 2048]","[2049, 2048, 2048, 2048, 2048, 2049, 2048, 2048, 2048]","[2049, 2048, 2048, 2049, 2048, 2048, 2048, 2048, 2048]",301.0
1226,9197,44,48,2023-11-26T14:14:54.594000+00:00,17.858,38.442,32.514,286.0,295.0,False,88.814,"[2049, 2049, 2048, 2048, 2048]","[2048, 2048, 2048, 2048, 2048, 2048, 2048, 2048, 2048]","[2049, 2048, 2048, 2048, 2048, 2048, 2048, 2048, 2048]",297.0
1226,9197,55,48,2023-11-26T14:14:55.704000+00:00,18.311,39.098,33.156,283.0,290.0,False,90.565,"[2048, 2048, 2048, 2048, 2048]","[2048, 2048, 2048, 2048, 2048, 2048, 2048, 2048, 2048]","[2048, 2048, 2048, 2048, 2048, 2048, 2048, 2048, 2048]",273.0
1226,9197,31,48,2023-11-26T14:15:00.079000+00:00,18.24,38.691,33.428,287.0,292.0,False,90.359,"[None, 2049, 2048, 2048, 2048]","[2048, 2048, 2048, 2048, 2048, 2048, 2048, 2048, 2048]","[2048, 2048, 2048, 2048, 2048, 2048, 2048, 2048, 2048]",301.0
1226,9197,18,48,2023-11-26T14:15:04.094000+00:00,17.92,38.215,32.504,290.0,296.0,False,88.639,"[None, 2048, 2048, 2048, 2048]","[2048, 2048, 2048, 2048, 2048, 2048, 2048, 2048, 2048]","[2049, 2048, 2049, 2049, 2048, 2048, 2049, 2049, 2048]",303.0
1226,9197,3,48,2023-11-26T14:15:06.876000+00:00,17.873,38.381,32.448,287.0,294.0,False,88.702,"[None, 2048, 2048, 2049, 2048]","[2048, 2048, 2048, 2048, 2048, 2048, 2048, 2048, 2048]","[2048, 2048, 2048, 2048, 2048, 2048, 2049, 2049, 2048]",304.0
1226,9197,10,48,2023-11-26T14:15:14.469000+00:00,18.044,38.524,32.937,286.0,291.0,False,89.505,"[None, 2048, 2048, 2048, 2048]","[2048, 2048, 2048, 2048, 2048, 2048, 2048, 2048, 2048]","[2049, 2048, 2048, 2048, 2048, 2048, 2048, 2048, 2048]",299.0
1226,9197,27,48,2023-11-26T14:15:23.657000+00:00,18.282,38.901,32.938,281.0,290.0,False,90.121,"[None, 2048, 2048, 2048, 2048]","[2048, 2048, 2048, 2048, 2048, 2048, 2048, 2048, 2048]","[2048, 2048, 2048, 2048, 2048, 2048, 2048, 2048, 2048]",297.0
1226,9197,23,48,2023-11-26T14:15:25.813000+00:00,17.904,37.624,33.392,,324.0,False,88.92,"[None, 2048, 2048, 2048, 2048]","[2048, 2048, 2048, 2048, 2048, 2048, 2048, 2048, 2048]","[2048, 2048, 2048, 2048, 2048, 2048, 2048, 2048, 2048]",315.0
1226,9197,24,48,2023-11-26T14:15:27.985000+00:00,18.013,38.451,32.919,285.0,293.0,False,89.383,"[None, 2048, 2048, 2048, 2048]","[2048, 2048, 2048, 2048, 2048, 2048, 2048, 2048, 2048]","[2048, 2048, 2048, 2048, 2048, 2048, 2048, 2048, 2048]",300.0
1226,9197,77,48,2023-11-26T14:15:32.688000+00:00,18.289,38.883,33.32,,289.0,False,90.492,"[None, 2049, 2048, 2048, 2048]","[2048, 2048, 2048, 2048, 2048, 2048, 2048, 2048, 2048]","[2048, 2048, 2048, 2048, 2048, 2048, 2048, 2048, 2048]",297.0
1226,9197,2,48,2023-11-26T14:15:36.141000+00:00,17.843,39.187,32.901,293.0,307.0,False,89.931,"[2048, 2048, 2048, 2048, 2048]","[2048, 2048, 2048, 2048, 2048, 2048, 2048, 2048, 2048]","[2048, 2049, 2048, 2049, 2049, 2048, 2048, 2048, 2048]",314.0
1226,9197,20,48,2023-11-26T14:15:37.344000+00:00,18.317,38.904,33.436,283.0,298.0,False,90.657,"[None, 2048, 2048, 2048, 2048]","[2048, 2048, 2048, 2048, 2048, 2048, 2048, 2048, 2048]","[2048, 2048, 2048, 2048, 2048, 2048, 2048, 2048, 2048]",302.0
1226,9197,1,49,2023-11-26T14:15:49.750000+00:00,17.664,38.259,31.978,,293.0,False,87.901,"[None, 2048, 2048, 2048, 2048]","[2048, 2048, 2048, 2048, 2048, 2048, 2048, 2048, 2048]","[2048, 2049, 2048, 2048, 2048, 2048, 2049, 2049, 2048]",297.0
1226,9197,16,49,2023-11-26T14:15:57.922000+00:00,17.784,38.064,32.548,289.0,298.0,False,88.396,"[None, 2048, 2048, 2048, 2048]","[2048, 2048, 2048, 2048, 2048, 2048, 2048, 2048, 2048]","[2048, 2048, 2048, 2048, 2048, 2048, 2049, 2048, 2048]",305.0
1226,9197,63,49,2023-11-26T14:16:00.906000+00:00,17.74,38.204,32.484,290.0,303.0,False,88.428,"[None, 2048, 2048, 2048, 2048]","[2048, 2048, 2048, 2048, 2048, 2048, 2048, 2048, 2048]","[2049, 2048, 2048, 2048, 2049, 2048, 2048, 2048, 2048]",307.0
1226,9197,11,49,2023-11-26T14:16:05.250000+00:00,17.728,38.119,32.079,285.0,293.0,False,87.926,"[None, 2048, 2048, 2048, 2048]","[2048, 2048, 2048, 2048, 2048, 2048, 2048, 2048, 2048]","[2051, 2048, 2048, 2048, 2049, 2049, 2048, 2048, 2048]",298.0
1226,9197,4,49,2023-11-26T14:16:06.734000+00:00,17.738,38.392,32.667,289.0,296.0,False,88.797,"[None, 2048, 2048, 2048, 2048]","[2048, 2048, 2048, 2048, 2048, 2048, 2048, 2048, 2048]","[2048, 2048, 2049, 2048, 2048, 2048, 2049, 2048, 2048]",304.0
1226,9197,81,49,2023-11-26T14:16:12.937000+00:00,17.803,38.76,32.882,289.0,294.0,False,89.445,"[None, 2048, 2048, 2048, 2048]","[2048, 2048, 2048, 2048, 2048, 2048, 2048, 2048, 2048]","[2048, 2048, 2048, 2048, 2048, 2048, 2048, 2048, 2048]",300.0
1226,9197,22,49,2023-11-26T14:16:13.953000+00:00,18.106,38.682,33.163,289.0,298.0,False,89.951,"[None, 2048, 2048, 2048, 2048]","[2048, 2048, 2048, 2048, 2048, 2048, 2048, 2048, 2048]","[2048, 2048, 2048, 2048, 2048, 2048, 2049, 2048, 2048]",302.0
1226,9197,14,49,2023-11-26T14:16:20.359000+00:00,17.736,38.33,32.434,291.0,293.0,False,88.5,"[None, 2048, 2048, 2048, 2048]","[2048, 2048, 2048, 2048, 2048, 2048, 2048, 2048, 2048]","[2049, 2048, 2048, 2049, 2048, 2048, 2048, 2048, 2048]",298.0
1226,9197,44,49,2023-11-26T14:16:23.375000+00:00,17.983,38.325,32.501,289.0,301.0,False,88.809,"[2048, 2048, 2048, 2048, 2048]","[2048, 2048, 2048, 2048, 2048, 2048, 2048, 2048, 2048]","[2048, 2048, 2048, 2048, 2048, 2048, 2048, 2048, 2048]",300.0
1226,9197,55,49,2023-11-26T14:16:26.312000+00:00,18.221,38.671,33.141,281.0,289.0,False,90.033,"[None, 2048, 2048, 2048, 2048]","[2048, 2048, 2048, 2048, 2048, 2048, 2049, 2048, 2048]","[2048, 2048, 2048, 2048, 2048, 2048, 2048, 2048, 2048]",290.0
1226,9197,31,49,2023-11-26T14:16:30.406000+00:00,18.168,38.68,33.41,288.0,292.0,False,90.258,"[None, 2048, 2048, 2048, 2048]","[2048, 2048, 2048, 2048, 2048, 2048, 2048, 2048, 2048]","[2048, 2048, 2048, 2048, 2048, 2049, 2048, 2049, 2048]",302.0
1226,9197,18,49,2023-11-26T14:16:32.125000+00:00,17.76,38.001,33.269,292.0,307.0,False,89.03,"[None, 2048, 2048, 2048, 2048]","[2048, 2048, 2048, 2048, 2048, 2048, 2048, 2048, 2048]","[2048, 2048, 2048, 2048, 2048, 2048, 2048, 2048, 2048]",302.0
1226,9197,3,49,2023-11-26T14:16:35.656000+00:00,17.92,38.395,32.476,288.0,297.0,False,88.791,"[None, 2048, 2048, 2048, 2049]","[2048, 2048, 2048, 2048, 2048, 2048, 2048, 2048, 2048]","[2048, 2048, 2048, 2048, 2048, 2048, 2049, 2048, 2048]",303.0
1226,9197,10,49,2023-11-26T14:16:43.984000+00:00,18.022,38.532,32.964,287.0,291.0,False,89.518,"[None, 2048, 2048, 2048, 2048]","[2048, 2048, 2048, 2048, 2048, 2048, 2048, 2048, 2048]","[2048, 2048, 2048, 2048, 2048, 2048, 2048, 2048, 2048]",298.0
1226,9197,27,49,2023-11-26T14:16:53.765000+00:00,18.116,38.917,33.672,287.0,298.0,False,90.705,"[2049, 2049, 2048, 2048, 2048]","[2048, 2048, 2048, 2048, 2048, 2048, 2048, 2048, 2048]","[2048, 2048, 2048, 2048, 2048, 2048, 2048, 2048, 2048]",300.0
1226,9197,23,49,2023-11-26T14:16:54.781000+00:00,17.91,37.774,33.077,294.0,299.0,False,88.761,"[None, 2048, 2048, 2048, 2048]","[2048, 2048, 2048, 2049, 2048, 2048, 2048, 2048, 2048]","[2048, 2048, 2049, 2048, 2048, 2048, 2048, 2048]",330.0
1226,9197,24,49,2023-11-26T14:16:57.484000+00:00,18.044,38.709,33.013,,293.0,False,89.766,"[None, 2048, 2048, 2048, 2048]","[2048, 2048, 2048, 2048, 2048, 2048, 2048, 2048, 2048]","[2048, 2048, 2048, 2048, 2048, 2048, 2048, 2048, 2048]",300.0
1226,9197,77,49,2023-11-26T14:17:03.218000+00:00,18.378,38.927,33.383,282.0,288.0,False,90.688,"[None, 2048, 2048, 2048, 2048]","[2048, 2048, 2048, 2048, 2048, 2048, 2048, 2048, 2048]","[2048, 2048, 2048, 2048, 2048, 2048, 2048, 2048, 2048]",296.0
1226,9197,2,49,2023-11-26T14:17:06.234000+00:00,17.869,38.099,32.928,292.0,309.0,False,88.896,"[None, 2049, 2048, 2048, 2048]","[2048, 2049, 2048, 2048, 2048, 2048, 2048, 2048, 2048]","[2049, 2048, 2049, 2048, 2048, 2048, 2048, 2048, 2048]",315.0
1226,9197,20,49,2023-11-26T14:17:08.077000+00:00,18.235,38.743,33.575,287.0,295.0,False,90.553,"[None, 2048, 2048, 2048, 2049]","[2048, 2048, 2048, 2048, 2048, 2048, 2048, 2048, 2048]","[2048, 2048, 2048, 2048, 2048, 2048, 2048, 2048, 2048]",303.0
1226,9197,1,50,2023-11-26T14:17:17.655000+00:00,17.648,38.269,32.123,289.0,292.0,False,88.04,"[None, 2048, 2048, 2048, 2049]","[2048, 2048, 2048, 2048, 2048, 2048, 2048, 2048, 2048]","[2049, 2048, 2048, 2048, 2048, 2048, 2048, 2048]",298.0
1226,9197,16,50,2023-11-26T14:17:26.640000+00:00,17.758,37.958,32.542,,297.0,False,88.258,"[None, 2048, 2048, 2049, 2048]","[2048, 2048, 2048, 2048, 2048, 2049, 2048, 2048, 2048]","[2048, 2048, 2048, 2048, 2048, 2048, 2048, 2048, 2048]",304.0
1226,9197,63,50,2023-11-26T14:17:29.546000+00:00,17.694,38.191,32.515,,303.0,False,88.4,"[None, 2048, 2048, 2048, 2048]","[2048, 2048, 2048, 2048, 2048, 2048, 2048, 2048, 2048]","[2048, 2048, 2048, 2048, 2048, 2048, 2048, 2048, 2048]",304.0
1226,9197,11,50,2023-11-26T14:17:33.296000+00:00,17.626,37.944,32.188,289.0,298.0,False,87.758,"[None, 2048, 2048, 2048, 2048]","[2048, 2048, 2048, 2048, 2048, 2048, 2048, 2048, 2048]","[2051, 2048, 2048, 2048, 2048, 2048, 2049, 2048, 2048]",303.0
1226,9197,4,50,2023-11-26T14:17:35.499000+00:00,17.646,38.334,32.654,288.0,291.0,False,88.634,"[None, 2048, 2048, 2049, 2048]","[2048, 2048, 2048, 2048, 2048, 2048, 2048, 2048, 2048]","[2049, 2048, 2048, 2048, 2048, 2048, 2048, 2048, 2048]",299.0
1226,9197,81,50,2023-11-26T14:17:42.483000+00:00,17.659,38.461,32.641,290.0,295.0,False,88.761,"[None, 2048, 2048, 2048, 2048]","[2048, 2048, 2048, 2048, 2048, 2048, 2048, 2048, 2048]","[2048, 2048, 2048, 2048, 2048, 2048, 2048, 2048, 2048]",301.0
1226,9197,22,50,2023-11-26T14:17:43.905000+00:00,17.997,38.712,32.934,287.0,297.0,False,89.643,"[None, 2048, 2048, 2048, 2048]","[2048, 2048, 2048, 2048, 2048, 2048, 2048, 2048, 2048]","[2049, 2048, 2048, 2048, 2048, 2048, 2049, 2048, 2048]",303.0
1226,9197,14,50,2023-11-26T14:17:48.796000+00:00,17.706,38.272,32.641,289.0,291.0,False,88.619,"[None, 2048, 2048, 2048, 2048]","[2048, 2048, 2048, 2048, 2048, 2049, 2048, 2048, 2048]","[2049, 2048, 2048, 2048, 2048, 2048, 2048, 2048, 2048]",298.0
1226,9197,44,50,2023-11-26T14:17:52.342000+00:00,17.865,38.228,32.492,,300.0,False,88.585,"[None, 2048, 2048, 2049, 2049]","[2048, 2048, 2048, 2048, 2048, 2048, 2048, 2048, 2048]","[2048, 2048, 2048, 2048, 2048, 2048, 2048, 2048, 2048]",304.0
1226,9197,55,50,2023-11-26T14:17:56.342000+00:00,18.107,38.666,33.1,283.0,291.0,False,89.873,"[None, 2048, 2048, 2048, 2048]","[2048, 2048, 2048, 2048, 2048, 2048, 2048, 2048, 2048]","[2048, 2048, 2048, 2048, 2048, 2048, 2048, 2048, 2048]",289.0
1226,9197,31,50,2023-11-26T14:18:00.670000+00:00,18.232,38.763,33.991,286.0,313.0,False,90.986,"[None, 2048, 2048, 2048, 2048]","[2048, 2048, 2048, 2048, 2048, 2048, 2048, 2049, 2048]","[2048, 2048, 2048, 2048, 2048, 2048, 2048, 2049, 2048]",297.0
1226,9197,18,50,2023-11-26T14:18:01.124000+00:00,18.017,38.049,32.744,290.0,287.0,False,88.81,"[None, 2048, 2048, 2048, 2048]","[2048, 2048, 2049, 2049, 2048, 2048, 2048, 2048, 2048]","[2048, 2048, 2048, 2048, 2048, 2048, 2048, 2048, 2048]",324.0
1226,9197,3,50,2023-11-26T14:18:04.436000+00:00,,38.349,32.796,287.0,297.0,False,89.065,"[None, 2048, 2048, 2048, 2048]","[2048, 2048, 2048, 2048, 2048, 2048, 2048, 2048, 2048]","[2048, 2048, 2048, 2048, 2048, 2048, 2048, 2048, 2048]",305.0
1226,9197,10,50,2023-11-26T14:18:13.608000+00:00,18.016,38.625,32.908,286.0,290.0,False,89.549,"[None, 2048, 2048, 2048, 2048]","[2048, 2048, 2048, 2048, 2048, 2048, 2048, 2048, 2048]","[2048, 2048, 2049, 2049, 2048, 2048, 2048, 2048, 2048]",298.0
1226,9197,23,50,2023-11-26T14:18:23.358000+00:00,17.83,38.083,33.098,292.0,300.0,False,89.011,"[None, 2048, 2048, 2048, 2048]","[2048, 2048, 2048, 2048, 2048, 2048, 2048, 2048, 2048]","[2048, 2048, 2049, 2048, 2048, 2048, 2048, 2048, 2048]",308.0
1226,9197,27,50,2023-11-26T14:18:24.483000+00:00,18.263,38.862,33.075,288.0,297.0,False,90.2,"[2048, 2048, 2048, 2048, 2048]","[2048, 2048, 2048, 2048, 2048, 2048, 2048, 2048, 2048]","[2048, 2048, 2048, 2049, 2048, 2048, 2048, 2048, 2048]",305.0
1226,9197,24,50,2023-11-26T14:18:27.170000+00:00,18.097,38.595,33.012,287.0,292.0,False,89.704,"[None, 2048, 2048, 2048, 2048]","[2048, 2048, 2048, 2048, 2048, 2048, 2048, 2048, 2048]","[2048, 2048, 2048, 2048, 2048, 2048, 2048, 2048, 2048]",300.0
1226,9197,77,50,2023-11-26T14:18:33.904000+00:00,18.48,39.048,34.058,284.0,286.0,False,91.586,"[None, 2048, 2048, 2048, 2048]","[2048, 2048, 2048, 2048, 2048, 2048, 2049, 2049, 2048]","[2048, 2048, 2048, 2048, 2048, 2048, 2048, 2048, 2048]",295.0
1226,9197,2,50,2023-11-26T14:18:35.045000+00:00,17.874,38.078,33.028,295.0,303.0,False,88.98,"[None, 2048, 2048, 2048, 2048]","[2048, 2048, 2048, 2048, 2048, 2048, 2048, 2048, 2048]","[2048, 2048, 2048, 2048, 2048, 2048, 2048, 2048, 2048]",332.0
1226,9197,20,50,2023-11-26T14:18:38.561000+00:00,18.279,38.757,33.473,286.0,297.0,False,90.509,"[None, 2048, 2048, 2048, 2048]","[2048, 2048, 2048, 2048, 2048, 2048, 2049, 2048, 2048]","[2048, 2048, 2048, 2048, 2048, 2048, 2048, 2048, 2048]",303.0
1226,9197,1,51,2023-11-26T14:18:45.592000+00:00,17.642,38.051,32.156,288.0,292.0,False,87.849,"[None, 2048, 2048, 2048, 2048]","[2048, 2048, 2048, 2048, 2048, 2048, 2048, 2048, 2048]","[2048, 2048, 2048, 2048, 2048, 2048, 2048, 2048, 2048]",297.0
1226,9197,16,51,2023-11-26T14:18:54.607000+00:00,17.84,38.136,32.719,,297.0,False,88.695,"[None, 2048, 2048, 2048, 2048]","[2048, 2048, 2048, 2048, 2048, 2048, 2048, 2048, 2048]","[2048, 2048, 2048, 2048, 2048, 2048, 2048, 2048, 2048]",304.0
1226,9197,63,51,2023-11-26T14:18:57.764000+00:00,17.685,38.216,32.791,,304.0,False,88.692,"[None, 2048, 2048, 2048, 2048]","[2048, 2048, 2048, 2048, 2048, 2048, 2048, 2048, 2048]","[2048, 2048, 2048, 2048, 2048, 2048, 2048, 2048, 2048]",308.0
1226,9197,11,51,2023-11-26T14:19:00.998000+00:00,17.619,37.969,32.278,288.0,298.0,False,87.866,"[None, 2048, 2049, 2048, 2048]","[2048, 2048, 2048, 2048, 2048, 2048, 2048, 2048, 2048]","[2051, 2048, 2048, 2048, 2048, 2048, 2048, 2048, 2048]",302.0
1226,9197,4,51,2023-11-26T14:19:04.045000+00:00,17.574,38.259,32.693,292.0,297.0,False,88.526,"[None, 2048, 2048, 2048, 2048]","[2048, 2048, 2048, 2048, 2048, 2048, 2048, 2048, 2048]","[2049, 2048, 2048, 2049, 2048, 2048, 2048, 2049, 2048]",302.0
1226,9197,81,51,2023-11-26T14:19:11.201000+00:00,17.611,38.409,32.536,289.0,297.0,False,88.556,"[None, 2048, 2049, 2048, 2048]","[2048, 2048, 2048, 2048, 2048, 2048, 2048, 2048, 2048]","[2049, 2048, 2048, 2048, 2048, 2048, 2048, 2048, 2048]",301.0
1226,9197,22,51,2023-11-26T14:19:13.498000+00:00,18.039,38.623,32.867,285.0,297.0,False,89.529,"[None, 2048, 2048, 2048, 2048]","[2048, 2048, 2048, 2048, 2048, 2048, 2048, 2048, 2048]","[2049, 2048, 2048, 2049, 2048, 2048, 2048, 2048, 2048]",301.0
1226,9197,14,51,2023-11-26T14:19:17.451000+00:00,17.822,38.14,32.529,290.0,300.0,False,88.491,"[None, 2048, 2048, 2048, 2048]","[2048, 2048, 2048, 2048, 2048, 2048, 2048, 2048, 2048]","[2049, 2048, 2048, 2049, 2048, 2048, 2048, 2048, 2048]",305.0
1226,9197,44,51,2023-11-26T14:19:20.873000+00:00,17.751,38.272,32.508,290.0,300.0,False,88.531,"[None, 2048, 2048, 2049, 2049]","[2048, 2048, 2048, 2048, 2048, 2048, 2048, 2048, 2048]","[2048, 2048, 2048, 2049, 2048, 2048, 2048, 2048, 2048]",304.0
1226,9197,55,51,2023-11-26T14:19:26.263000+00:00,18.123,38.551,33.044,,293.0,False,89.718,"[None, 2048, 2048, 2048, 2048]","[2048, 2048, 2048, 2048, 2048, 2048, 2048, 2048, 2048]","[2048, 2048, 2048, 2048, 2048, 2048, 2048, 2048, 2048]",287.0
1226,9197,18,51,2023-11-26T14:19:29.841000+00:00,17.905,38.231,32.665,,293.0,False,88.801,"[None, 2048, 2048, 2048, 2048]","[2048, 2048, 2048, 2048, 2048, 2048, 2048, 2048, 2048]","[2048, 2048, 2048, 2049, 2048, 2048, 2048, 2048, 2048]",301.0
1226,9197,31,51,2023-11-26T14:19:31.654000+00:00,18.294,38.516,33.5,287.0,298.0,False,90.31,"[None, 2048, 2048, 2048, 2048]","[2048, 2048, 2048, 2048, 2048, 2048, 2048, 2048, 2048]","[2048, 2048, 2048, 2048, 2048, 2048, 2048, 2048, 2048]",304.0
1226,9197,3,51,2023-11-26T14:19:33.482000+00:00,17.928,38.347,33.057,290.0,300.0,False,89.332,"[None, 2048, 2048, 2048, 2048]","[2048, 2048, 2048, 2048, 2048, 2048, 2048, 2048, 2048]","[2048, 2048, 2048, 2048, 2048, 2048, 2048, 2048, 2048]",306.0
1226,9197,10,51,2023-11-26T14:19:43.060000+00:00,18.018,38.444,32.983,285.0,291.0,False,89.445,"[None, 2048, 2048, 2048, 2048]","[2048, 2048, 2048, 2048, 2048, 2048, 2048, 2048, 2048]","[2048, 2048, 2048, 2048, 2048, 2048, 2048, 2048, 2048]",296.0
1226,9197,23,51,2023-11-26T14:19:52.544000+00:00,17.837,37.891,32.947,291.0,302.0,False,88.675,"[None, 2048, 2049, 2049, 2048]","[2048, 2048, 2048, 2048, 2048, 2048, 2048, 2048, 2048]","[2048, 2048, 2048, 2048, 2049, 2048, 2048, 2048, 2048]",307.0
1226,9197,27,51,2023-11-26T14:19:54.700000+00:00,18.224,38.756,33.099,287.0,296.0,False,90.079,"[None, 2048, 2048, 2048, 2048]","[2048, 2048, 2048, 2048, 2048, 2048, 2048, 2048, 2048]","[2048, 2048, 2048, 2048, 2048, 2048, 2048, 2048, 2048]",302.0
1226,9197,24,51,2023-11-26T14:19:56.872000+00:00,18.086,38.594,33.022,,295.0,False,89.702,"[None, 2048, 2048, 2048, 2048]","[2048, 2048, 2048, 2048, 2048, 2048, 2048, 2048, 2048]","[2048, 2048, 2048, 2049, 2048, 2048, 2048, 2048, 2048]",303.0
1226,9197,2,51,2023-11-26T14:20:03.935000+00:00,17.774,38.114,32.949,292.0,304.0,False,88.837,"[None, 2048, 2048, 2049, 2048]","[2048, 2048, 2048, 2048, 2048, 2048, 2048, 2048, 2048]","[2049, 2048, 2048, 2048, 2049, 2048, 2048, 2048, 2048]",309.0
1226,9197,77,51,2023-11-26T14:20:05.435000+00:00,18.491,39.028,33.498,285.0,292.0,False,91.017,"[None, 2048, 2048, 2048, 2048]","[2048, 2048, 2048, 2048, 2048, 2048, 2048, 2048, 2048]","[2048, 2048, 2048, 2048, 2048, 2048, 2048, 2048, 2048]",299.0
1226,9197,20,51,2023-11-26T14:20:09.091000+00:00,18.323,38.751,33.358,287.0,297.0,False,90.432,"[None, 2048, 2048, 2048, 2048]","[2048, 2048, 2048, 2048, 2048, 2048, 2048, 2048, 2048]","[2048, 2048, 2048, 2049, 2048, 2048, 2048, 2048, 2048]",303.0
1226,9197,1,52,2023-11-26T14:20:13.481000+00:00,17.566,38.101,32.184,289.0,293.0,False,87.851,"[None, 2048, 2048, 2049, 2048]","[2048, 2048, 2048, 2048, 2048, 2048, 2048, 2048, 2048]","[2048, 2048, 2049, 2048, 2048, 2048, 2048, 2048, 2048]",298.0
1226,9197,16,52,2023-11-26T14:20:23.216000+00:00,17.828,38.176,32.599,290.0,288.0,False,88.603,"[None, 2049, 2048, 2048, 2048]","[2048, 2048, 2048, 2048, 2048, 2048, 2048, 2048, 2048]","[2048, 2048, 2048, 2048, 2048, 2048, 2048, 2048, 2048]",290.0
1226,9197,63,52,2023-11-26T14:20:26.575000+00:00,17.766,38.355,32.756,289.0,301.0,False,88.877,"[None, 2048, 2048, 2048, 2048]","[2048, 2048, 2048, 2048, 2048, 2048, 2048, 2048, 2048]","[2048, 2048, 2048, 2048, 2048, 2048, 2048, 2048, 2048]",302.0
1226,9197,11,52,2023-11-26T14:20:28.934000+00:00,17.705,37.947,32.234,289.0,301.0,False,87.886,"[None, 2048, 2048, 2048, 2048]","[2048, 2048, 2048, 2048, 2048, 2048, 2048, 2048, 2048]","[2048, 2049, 2048, 2048, 2048, 2048, 2049, 2048]",306.0
1226,9197,4,52,2023-11-26T14:20:32.653000+00:00,17.836,38.329,32.674,289.0,296.0,False,88.839,"[None, 2048, 2048, 2048, 2048]","[2048, 2048, 2048, 2048, 2048, 2048, 2048, 2048, 2048]","[2048, 2048, 2048, 2048, 2048, 2048, 2048, 2048, 2048]",300.0
1226,9197,81,52,2023-11-26T14:20:39.715000+00:00,17.626,38.268,32.503,294.0,300.0,False,88.397,"[None, 2048, 2048, 2048, 2048]","[2048, 2048, 2048, 2048, 2048, 2048, 2048, 2048, 2048]","[2048, 2048, 2048, 2048, 2048, 2048, 2048, 2048, 2048]",305.0
1226,9197,22,52,2023-11-26T14:20:43.169000+00:00,18.053,38.618,32.783,287.0,297.0,False,89.454,"[None, 2049, 2048, 2048, 2048]","[2048, 2048, 2048, 2048, 2048, 2048, 2048, 2048, 2048]","[2049, 2048, 2048, 2049, 2048, 2048, 2048, 2048, 2048]",301.0
1226,9197,14,52,2023-11-26T14:20:45.950000+00:00,17.683,38.23,32.691,289.0,299.0,False,88.604,"[None, 2048, 2048, 2048, 2048]","[2048, 2048, 2048, 2048, 2048, 2049, 2048, 2048, 2048]","[2049, 2048, 2048, 2048, 2048, 2048, 2048, 2048, 2048]",302.0
1226,9197,44,52,2023-11-26T14:20:49.465000+00:00,17.851,38.128,32.393,,301.0,False,88.372,"[None, 2049, 2048, 2048, 2048]","[2049, 2048, 2048, 2048, 2048, 2048, 2048, 2048, 2048]","[2049, 2048, 2048, 2049, 2048, 2048, 2048, 2048, 2048]",303.0
1226,9197,55,52,2023-11-26T14:20:55.997000+00:00,18.207,38.509,32.929,282.0,293.0,False,89.645,"[None, 2048, 2048, 2048, 2048]","[2048, 2048, 2048, 2048, 2048, 2048, 2048, 2048, 2048]","[2048, 2048, 2048, 2048, 2048, 2048, 2048, 2048]",289.0
1226,9197,18,52,2023-11-26T14:20:58.762000+00:00,17.818,38.196,32.85,292.0,293.0,False,88.864,"[None, 2048, 2048, 2048, 2049]","[2048, 2048, 2048, 2048, 2048, 2048, 2048, 2048, 2048]","[2048, 2048, 2048, 2048, 2048, 2048, 2049, 2048, 2048]",301.0
1226,9197,31,52,2023-11-26T14:21:01.965000+00:00,18.186,38.72,34.078,289.0,297.0,False,90.984,"[None, 2048, 2048, 2048, 2048]","[2048, 2048, 2048, 2048, 2048, 2048, 2048, 2048, 2048]","[2048, 2048, 2048, 2048, 2048, 2048, 2048, 2048, 2048]",302.0
1226,9197,3,52,2023-11-26T14:21:02.762000+00:00,17.957,38.086,32.7,,322.0,False,88.743,"[None, 2048, 2048, 2048, 2048]","[2048, 2048, 2048, 2048, 2048, 2048, 2048, 2048, 2049]","[2048, 2048, 2048, 2049, 2048, 2048, 2048, 2048, 2048]",315.0
1226,9197,10,52,2023-11-26T14:21:12.528000+00:00,18.009,38.524,33.054,286.0,292.0,False,89.587,"[None, 2048, 2048, 2048, 2048]","[2048, 2048, 2048, 2048, 2048, 2048, 2048, 2048, 2048]","[2049, 2048, 2049, 2048, 2048, 2048, 2048, 2048, 2048]",297.0
1226,9197,23,52,2023-11-26T14:21:21.106000+00:00,17.799,37.837,32.766,292.0,308.0,False,88.402,"[None, 2049, 2048, 2048, 2048]","[2048, 2048, 2048, 2048, 2048, 2048, 2048, 2048, 2048]","[2048, 2048, 2049, 2049, 2049, 2048, 2048, 2048, 2048]",312.0
1226,9197,27,52,2023-11-26T14:21:24.809000+00:00,18.187,38.91,33.008,284.0,295.0,False,90.105,"[None, 2048, 2048, 2048, 2048]","[2048, 2048, 2048, 2048, 2048, 2048, 2048, 2048, 2048]","[2048, 2048, 2048, 2048, 2048, 2048, 2048, 2048, 2048]",300.0
1226,9197,24,52,2023-11-26T14:21:26.590000+00:00,18.024,38.606,32.978,,297.0,False,89.608,"[None, 2049, 2048, 2048, 2048]","[2048, 2048, 2048, 2048, 2048, 2048, 2048, 2048, 2048]","[2048, 2048, 2048, 2048, 2048, 2048, 2049, 2048, 2048]",303.0
1226,9197,2,52,2023-11-26T14:21:32.856000+00:00,17.737,38.061,32.842,,308.0,False,88.64,"[2049, 2049, 2048, 2048, 2048]","[2048, 2048, 2048, 2048, 2048, 2048, 2048, 2048, 2048]","[2049, 2048, 2048, 2048, 2048, 2048, 2048, 2048]",312.0
1226,9197,77,52,2023-11-26T14:21:36.418000+00:00,18.505,39.022,33.397,284.0,291.0,False,90.924,"[2049, 2048, 2048, 2048, 2048]","[2048, 2048, 2048, 2048, 2048, 2048, 2048, 2048, 2048]","[2048, 2048, 2048, 2048, 2048, 2048, 2048, 2048, 2048]",297.0
1226,9197,20,52,2023-11-26T14:21:39.512000+00:00,18.172,39.212,34.113,,287.0,False,91.497,"[None, 2048, 2048, 2048, 2049]","[2048, 2048, 2048, 2048, 2048, 2048, 2048, 2048, 2048]","[2048, 2048, 2048, 2048, 2048, 2048, 2048, 2048, 2048]",304.0
1226,9197,1,53,2023-11-26T14:21:41.434000+00:00,17.591,37.751,32.341,290.0,319.0,False,87.683,"[None, 2048, 2048, 2049, 2049]","[2048, 2048, 2048, 2048, 2048, 2048, 2048, 2049, 2048]","[2048, 2048, 2048, 2049, 2048, 2048, 2051, 2048, 2048]",303.0
1226,9197,16,53,2023-11-26T14:21:51.840000+00:00,17.797,38.144,32.604,289.0,299.0,False,88.545,"[2049, 2048, 2048, 2048, 2048]","[2048, 2048, 2048, 2048, 2048, 2048, 2048, 2048, 2048]","[2048, 2048, 2049, 2048, 2048, 2048, 2048, 2048, 2048]",296.0
1226,9197,63,53,2023-11-26T14:21:55.418000+00:00,17.782,38.262,32.781,290.0,301.0,False,88.825,"[None, 2048, 2048, 2048, 2048]","[2048, 2048, 2048, 2048, 2048, 2048, 2048, 2048, 2048]","[2048, 2048, 2048, 2048, 2048, 2048, 2048, 2048, 2048]",302.0
1226,9197,11,53,2023-11-26T14:21:56.793000+00:00,17.734,38.013,32.56,288.0,302.0,False,88.307,"[None, 2048, 2048, 2048, 2048]","[2048, 2048, 2048, 2048, 2048, 2048, 2048, 2048, 2048]","[2048, 2048, 2048, 2048, 2048, 2048, 2048, 2048, 2048]",304.0
1226,9197,4,53,2023-11-26T14:22:01.465000+00:00,17.64,38.416,32.501,292.0,296.0,False,88.557,"[None, 2048, 2048, 2048, 2049]","[2048, 2048, 2048, 2048, 2048, 2048, 2048, 2048, 2048]","[2048, 2048, 2048, 2049, 2048, 2048, 2049, 2048, 2048]",298.0
1226,9197,81,53,2023-11-26T14:22:08.121000+00:00,17.72,38.483,32.585,292.0,298.0,False,88.788,"[None, 2048, 2048, 2048, 2048]","[2048, 2048, 2048, 2048, 2048, 2048, 2048, 2048, 2048]","[2048, 2048, 2048, 2048, 2048, 2048, 2048, 2048, 2048]",301.0
1226,9197,22,53,2023-11-26T14:22:12.496000+00:00,18.014,38.647,32.752,288.0,297.0,False,89.413,"[None, 2048, 2048, 2048, 2048]","[2049, 2048, 2048, 2048, 2048, 2048, 2048, 2048, 2048]","[2048, 2048, 2048, 2048, 2048, 2048, 2049, 2048, 2048]",302.0
1226,9197,14,53,2023-11-26T14:22:14.621000+00:00,17.687,38.277,32.75,292.0,299.0,False,88.714,"[None, 2048, 2048, 2049, 2048]","[2048, 2048, 2048, 2048, 2048, 2048, 2048, 2048, 2048]","[2048, 2048, 2048, 2048, 2048, 2048, 2049, 2048, 2048]",303.0
1226,9197,44,53,2023-11-26T14:22:17.730000+00:00,17.817,38.1,32.557,289.0,298.0,False,88.474,"[None, 2049, 2048, 2048, 2048]","[2048, 2048, 2048, 2048, 2048, 2048, 2048, 2048, 2048]","[2048, 2048, 2048, 2048, 2048, 2048, 2049, 2048, 2048]",301.0
1226,9197,55,53,2023-11-26T14:22:25.542000+00:00,18.131,38.573,33.071,283.0,292.0,False,89.775,"[2049, 2048, 2048, 2048, 2048]","[2048, 2048, 2048, 2048, 2048, 2048, 2048, 2048, 2048]","[2048, 2048, 2048, 2048, 2048, 2048, 2048, 2048, 2048]",297.0
1226,9197,18,53,2023-11-26T14:22:27.527000+00:00,17.82,38.294,33.091,291.0,293.0,False,89.205,"[None, 2048, 2048, 2048, 2049]","[2048, 2048, 2048, 2048, 2048, 2048, 2048, 2048, 2048]","[2048, 2048, 2048, 2048, 2048, 2048, 2048, 2048, 2048]",301.0
1226,9197,3,53,2023-11-26T14:22:31.511000+00:00,17.88,38.329,32.533,286.0,295.0,False,88.742,"[None, 2048, 2048, 2048, 2049]","[2048, 2048, 2048, 2048, 2048, 2048, 2048, 2048, 2048]","[2049, 2048, 2048, 2048, 2048, 2048, 2048, 2048, 2048]",302.0
1226,9197,31,53,2023-11-26T14:22:32.902000+00:00,18.212,38.496,33.575,,295.0,False,90.283,"[2049, 2048, 2048, 2048, 2048]","[2048, 2048, 2048, 2048, 2048, 2048, 2049, 2048, 2048]","[2048, 2048, 2049, 2048, 2048, 2048, 2048, 2048, 2048]",306.0
1226,9197,10,53,2023-11-26T14:22:42.105000+00:00,17.971,38.529,33.032,287.0,290.0,False,89.532,"[None, 2048, 2048, 2048, 2048]","[2048, 2048, 2048, 2048, 2048, 2048, 2048, 2048, 2048]","[2048, 2048, 2049, 2048, 2048, 2048, 2048, 2048, 2048]",297.0
1226,9197,23,53,2023-11-26T14:22:49.605000+00:00,17.781,37.924,32.903,291.0,303.0,False,88.608,"[None, 2049, 2048, 2048, 2048]","[2048, 2048, 2048, 2048, 2048, 2048, 2048, 2048, 2048]","[2049, 2048, 2048, 2048, 2048, 2048, 2048, 2048, 2048]",308.0
1226,9197,27,53,2023-11-26T14:22:54.870000+00:00,18.033,38.866,33.191,285.0,292.0,False,90.09,"[None, 2048, 2048, 2048, 2048]","[2049, 2048, 2048, 2048, 2048, 2048, 2048, 2048, 2048]","[2048, 2048, 2048, 2048, 2048, 2048, 2048, 2048, 2048]",298.0
1226,9197,24,53,2023-11-26T14:22:56.167000+00:00,18.053,38.507,33.221,288.0,295.0,False,89.781,"[None, 2048, 2048, 2048, 2048]","[2048, 2048, 2048, 2048, 2048, 2048, 2048, 2048, 2048]","[2048, 2048, 2048, 2048, 2048, 2048, 2048, 2048, 2048]",302.0
1226,9197,2,53,2023-11-26T14:23:01.495000+00:00,17.774,38.272,32.897,293.0,305.0,False,88.943,"[2048, 2048, 2048, 2048, 2048]","[2048, 2048, 2048, 2048, 2048, 2048, 2048, 2048, 2048]","[2048, 2048, 2048, 2048, 2048, 2048, 2048, 2048, 2048]",309.0
1226,9197,77,53,2023-11-26T14:23:07.401000+00:00,18.437,39.253,34.023,281.0,305.0,False,91.713,"[2048, 2048, 2048, 2048, 2048]","[2048, 2048, 2048, 2048, 2048, 2048, 2048, 2048, 2048]","[2048, 2048, 2048, 2048, 2048, 2048, 2048, 2048, 2048]",281.0
1226,9197,1,54,2023-11-26T14:23:09.089000+00:00,17.614,37.745,32.154,291.0,292.0,False,87.513,"[None, 2048, 2048, 2048, 2049]","[2048, 2048, 2048, 2049, 2048, 2048, 2048, 2048, 2048]","[2048, 2048, 2049, 2048, 2048, 2048, 2048, 2048, 2048]",322.0
1226,9197,20,53,2023-11-26T14:23:10.964000+00:00,18.338,38.718,33.389,290.0,305.0,False,90.445,"[None, 2048, 2048, 2048, 2048]","[2049, 2048, 2048, 2048, 2048, 2048, 2048, 2048, 2048]","[2048, 2048, 2048, 2049, 2048, 2048, 2048, 2048, 2048]",309.0
1226,9197,16,54,2023-11-26T14:23:20.511000+00:00,17.808,38.263,32.707,287.0,297.0,False,88.778,"[2048, 2048, 2048, 2048, 2048]","[2048, 2048, 2048, 2048, 2048, 2048, 2048, 2048, 2048]","[2048, 2048, 2048, 2048, 2048, 2048, 2049, 2048, 2048]",302.0
1226,9197,63,54,2023-11-26T14:23:24.151000+00:00,17.712,38.565,33.761,291.0,304.0,False,90.038,"[None, 2048, 2048, 2048, 2048]","[2048, 2048, 2048, 2048, 2048, 2048, 2048, 2048, 2048]","[2048, 2048, 2048, 2048, 2048, 2048, 2048, 2048, 2048]",308.0
1226,9197,11,54,2023-11-26T14:23:25.214000+00:00,17.685,37.696,32.643,295.0,330.0,False,88.024,"[None, 2048, 2048, 2048, 2049]","[2051, 2048, 2048, 2048, 2048, 2048, 2049, 2049, 2049]","[2048, 2048, 2048, 2048, 2048, 2048, 2048, 2051, 2048]",330.0
1226,9197,4,54,2023-11-26T14:23:29.995000+00:00,17.582,38.413,32.595,293.0,297.0,False,88.59,"[2049, 2048, 2048, 2048, 2049]","[2048, 2048, 2048, 2048, 2048, 2048, 2048, 2048, 2048]","[2048, 2048, 2048, 2048, 2048, 2048, 2048, 2048, 2048]",300.0
1226,9197,81,54,2023-11-26T14:23:36.948000+00:00,17.639,38.325,32.572,293.0,300.0,False,88.536,"[None, 2048, 2048, 2048, 2051]","[2048, 2048, 2048, 2048, 2048, 2048, 2048, 2048, 2048]","[2048, 2048, 2048, 2048, 2048, 2048, 2048, 2048, 2048]",304.0
1226,9197,22,54,2023-11-26T14:23:41.979000+00:00,17.911,38.617,32.857,285.0,296.0,False,89.385,"[None, 2049, 2048, 2048, 2048]","[2048, 2048, 2048, 2048, 2048, 2048, 2048, 2048, 2048]","[2048, 2048, 2048, 2048, 2048, 2048, 2048, 2048, 2048]",301.0
1226,9197,14,54,2023-11-26T14:23:43.245000+00:00,17.742,38.46,32.972,293.0,301.0,False,89.174,"[2049, 2048, 2048, 2048, 2048]","[2048, 2048, 2048, 2048, 2048, 2048, 2048, 2048, 2048]","[2048, 2048, 2048, 2048, 2048, 2048, 2048, 2048, 2048]",304.0
1226,9197,44,54,2023-11-26T14:23:46.276000+00:00,17.762,38.246,32.626,290.0,300.0,False,88.634,"[None, 2048, 2048, 2048, 2049]","[2048, 2048, 2048, 2048, 2048, 2048, 2048, 2048, 2048]","[2048, 2048, 2048, 2048, 2048, 2048, 2048, 2048, 2048]",305.0
1226,9197,55,54,2023-11-26T14:23:55.323000+00:00,18.073,38.694,32.967,284.0,292.0,False,89.734,"[None, 2048, 2048, 2048, 2048]","[2048, 2048, 2048, 2048, 2048, 2048, 2048, 2048, 2048]","[2048, 2048, 2048, 2048, 2048, 2048, 2049, 2048, 2048]",293.0
1226,9197,18,54,2023-11-26T14:23:56.729000+00:00,17.845,38.208,33.248,,311.0,False,89.301,"[None, 2048, 2048, 2048, 2049]","[2048, 2048, 2048, 2048, 2048, 2048, 2048, 2048, 2048]","[2048, 2048, 2048, 2048, 2048, 2048, 2048, 2048, 2048]",301.0
1226,9197,3,54,2023-11-26T14:24:00.385000+00:00,17.795,38.384,32.581,288.0,296.0,False,88.76,"[None, 2049, 2048, 2048, 2049]","[2048, 2048, 2048, 2048, 2048, 2048, 2048, 2048, 2048]","[2048, 2048, 2048, 2048, 2048, 2048, 2048, 2048, 2048]",302.0
1226,9197,31,54,2023-11-26T14:24:03.244000+00:00,18.166,38.663,33.443,288.0,294.0,False,90.272,"[2048, 2049, 2048, 2048, 2048]","[2048, 2048, 2048, 2048, 2048, 2048, 2048, 2048, 2048]","[2048, 2048, 2048, 2048, 2048, 2048, 2048, 2048, 2048]",302.0
1226,9197,10,54,2023-11-26T14:24:11.604000+00:00,17.958,38.492,32.985,286.0,289.0,False,89.435,"[None, 2048, 2048, 2048, 2048]","[2048, 2048, 2048, 2048, 2048, 2048, 2049, 2048, 2048]","[2048, 2048, 2048, 2048, 2048, 2048, 2048, 2048, 2048]",295.0
1226,9197,23,54,2023-11-26T14:24:18.197000+00:00,17.809,38.094,32.909,293.0,306.0,False,88.812,"[None, 2049, 2048, 2048, 2048]","[2048, 2048, 2048, 2048, 2048, 2048, 2048, 2048, 2048]","[2048, 2048, 2048, 2048, 2048, 2048, 2048, 2048, 2048]",310.0
1226,9197,27,54,2023-11-26T14:24:25.057000+00:00,17.956,38.824,32.887,,291.0,False,89.667,"[None, 2048, 2048, 2048, 2048]","[2049, 2048, 2048, 2048, 2048, 2048, 2048, 2048, 2048]","[2048, 2048, 2048, 2048, 2048, 2048, 2049, 2048]",298.0
1226,9197,24,54,2023-11-26T14:24:25.947000+00:00,18.143,38.926,33.22,283.0,288.0,False,90.289,"[None, 2048, 2048, 2048, 2048]","[2048, 2048, 2048, 2048, 2048, 2048, 2048, 2048, 2048]","[2048, 2048, 2048, 2048, 2048, 2048, 2048, 2048, 2048]",295.0
1226,9197,2,54,2023-11-26T14:24:30.494000+00:00,17.79,38.139,32.994,,306.0,False,88.923,"[None, 2048, 2048, 2048, 2049]","[2048, 2048, 2048, 2048, 2048, 2048, 2048, 2048, 2048]","[2048, 2048, 2048, 2049, 2048, 2048, 2048, 2048, 2048]",311.0
1226,9197,1,55,2023-11-26T14:24:36.525000+00:00,17.562,38.271,32.097,289.0,294.0,False,87.93,"[None, 2048, 2048, 2048, 2048]","[2048, 2048, 2048, 2048, 2048, 2048, 2048, 2048, 2048]","[2049, 2048, 2048, 2048, 2048, 2048, 2048, 2048, 2048]",298.0
1226,9197,77,54,2023-11-26T14:24:39.041000+00:00,18.414,38.993,33.448,284.0,292.0,False,90.855,"[None, 2048, 2048, 2048, 2048]","[2048, 2048, 2048, 2048, 2048, 2048, 2048, 2048, 2048]","[2048, 2048, 2048, 2048, 2048, 2048, 2048, 2048, 2048]",298.0
1226,9197,20,54,2023-11-26T14:24:41.416000+00:00,18.196,38.696,33.315,288.0,298.0,False,90.207,"[None, 2048, 2048, 2048, 2048]","[2048, 2048, 2048, 2048, 2048, 2048, 2048, 2048, 2048]","[2048, 2048, 2048, 2048, 2048, 2048, 2048, 2048, 2048]",306.0
1226,9197,16,55,2023-11-26T14:24:49.260000+00:00,,38.175,32.569,290.0,295.0,False,88.552,"[None, 2048, 2048, 2048, 2048]","[2048, 2048, 2048, 2048, 2048, 2048, 2048, 2048, 2048]","[2048, 2048, 2048, 2048, 2048, 2048, 2048, 2048, 2048]",300.0
1226,9197,11,55,2023-11-26T14:24:53.088000+00:00,17.651,38.139,32.397,287.0,297.0,False,88.187,"[None, 2048, 2048, 2048, 2048]","[2048, 2048, 2048, 2048, 2048, 2048, 2048, 2048, 2048]","[2048, 2048, 2048, 2048, 2048, 2048, 2048, 2048, 2048]",301.0
1226,9197,63,55,2023-11-26T14:24:54.306000+00:00,17.86,38.321,32.795,292.0,304.0,False,88.976,"[None, 2048, 2048, 2048, 2048]","[2048, 2048, 2048, 2048, 2048, 2048, 2048, 2048, 2048]","[2049, 2048, 2048, 2048, 2048, 2048, 2048, 2048, 2048]",306.0
1226,9197,4,55,2023-11-26T14:24:58.713000+00:00,17.56,38.279,32.619,292.0,292.0,False,88.458,"[2048, 2048, 2048, 2051, 2049]","[2048, 2048, 2048, 2048, 2048, 2048, 2048, 2048, 2048]","[2049, 2048, 2048, 2048, 2048, 2048, 2051, 2048, 2048]",298.0
1226,9197,81,55,2023-11-26T14:25:05.587000+00:00,17.601,38.384,32.744,294.0,300.0,False,88.729,"[None, 2049, 2048, 2048, 2048]","[2048, 2048, 2048, 2048, 2048, 2048, 2048, 2048, 2048]","[2048, 2048, 2048, 2048, 2048, 2048, 2048, 2048, 2048]",302.0
1226,9197,22,55,2023-11-26T14:25:11.400000+00:00,17.908,38.524,32.824,287.0,295.0,False,89.256,"[None, 2049, 2048, 2048, 2048]","[2049, 2048, 2048, 2048, 2048, 2048, 2048, 2048, 2048]","[2048, 2048, 2048, 2048, 2048, 2048, 2048, 2048, 2048]",300.0
1226,9197,14,55,2023-11-26T14:25:12.494000+00:00,17.765,38.1,33.087,294.0,306.0,False,88.952,"[2048, 2048, 2048, 2048, 2048]","[2048, 2048, 2048, 2048, 2048, 2048, 2048, 2048, 2048]","[2048, 2048, 2048, 2048, 2048, 2048, 2048, 2048, 2048]",323.0
1226,9197,44,55,2023-11-26T14:25:14.837000+00:00,17.77,38.038,32.776,288.0,299.0,False,88.584,"[None, 2048, 2048, 2049, 2048]","[2048, 2048, 2048, 2048, 2048, 2048, 2048, 2048, 2048]","[2048, 2048, 2048, 2048, 2048, 2048, 2048, 2048, 2048]",302.0
1226,9197,55,55,2023-11-26T14:25:25.087000+00:00,18.166,38.515,32.973,283.0,303.0,False,89.654,"[None, 2049, 2048, 2048, 2048]","[2048, 2048, 2048, 2048, 2048, 2048, 2049, 2048, 2048]","[2048, 2048, 2048, 2048, 2048, 2048, 2049, 2048, 2048]",307.0
1226,9197,18,55,2023-11-26T14:25:26.056000+00:00,17.867,38.065,33.526,,297.0,False,89.458,"[None, 2048, 2048, 2048, 2048]","[2048, 2048, 2048, 2048, 2048, 2048, 2049, 2049, 2048]","[2048, 2048, 2048, 2048, 2048, 2048, 2048, 2048, 2048]",318.0
1226,9197,3,55,2023-11-26T14:25:29.040000+00:00,17.832,38.427,32.612,,295.0,False,88.871,"[None, 2048, 2048, 2048, 2049]","[2048, 2048, 2048, 2048, 2048, 2048, 2048, 2048, 2048]","[2048, 2049, 2048, 2048, 2048, 2048, 2048, 2048, 2048]",305.0
1226,9197,31,55,2023-11-26T14:25:33.509000+00:00,18.294,38.587,33.406,286.0,296.0,False,90.287,"[None, 2048, 2048, 2048, 2048]","[2048, 2048, 2048, 2048, 2048, 2048, 2048, 2048, 2048]","[2048, 2048, 2048, 2048, 2048, 2048, 2048, 2048, 2048]",302.0
1226,9197,10,55,2023-11-26T14:25:41.040000+00:00,17.992,38.468,32.847,285.0,291.0,False,89.307,"[None, 2048, 2048, 2048, 2048]","[2048, 2048, 2048, 2048, 2048, 2048, 2048, 2048, 2048]","[2048, 2048, 2048, 2048, 2048, 2048, 2048, 2048, 2048]",296.0
1226,9197,23,55,2023-11-26T14:25:47.071000+00:00,17.796,38.071,32.875,294.0,305.0,False,88.742,"[None, 2048, 2048, 2048, 2048]","[2048, 2048, 2048, 2048, 2048, 2048, 2048, 2048, 2048]","[2048, 2048, 2048, 2048, 2048, 2048, 2048, 2048, 2048]",310.0
1226,9197,27,55,2023-11-26T14:25:54.649000+00:00,18.05,38.701,32.825,283.0,291.0,False,89.576,"[2049, 2048, 2048, 2048, 2048]","[2048, 2048, 2048, 2048, 2048, 2048, 2048, 2048, 2048]","[2048, 2048, 2048, 2048, 2048, 2048, 2049, 2048, 2048]",296.0
1226,9197,24,55,2023-11-26T14:25:56.243000+00:00,18.206,38.783,33.427,287.0,294.0,False,90.416,"[2049, 2048, 2048, 2048, 2048]","[2048, 2048, 2048, 2048, 2048, 2048, 2048, 2048, 2048]","[2048, 2048, 2048, 2048, 2048, 2048, 2048, 2048, 2048]",301.0
1226,9197,2,55,2023-11-26T14:25:59.415000+00:00,17.784,38.208,33.033,294.0,309.0,False,89.025,"[None, 2049, 2048, 2048, 2048]","[2048, 2048, 2048, 2048, 2048, 2048, 2048, 2048, 2048]","[2048, 2048, 2048, 2049, 2048, 2048, 2048, 2048, 2048]",312.0
1226,9197,1,56,2023-11-26T14:26:04.571000+00:00,17.513,38.046,32.168,290.0,295.0,False,87.727,"[2049, 2048, 2048, 2048, 2048]","[2048, 2048, 2048, 2048, 2048, 2048, 2048, 2048, 2048]","[2048, 2048, 2048, 2048, 2048, 2048, 2049, 2049, 2048]",299.0
1226,9197,77,55,2023-11-26T14:26:09.852000+00:00,18.229,38.892,33.409,285.0,294.0,False,90.53,"[None, 2049, 2048, 2049, 2048]","[2048, 2048, 2048, 2048, 2048, 2048, 2048, 2048, 2048]","[2048, 2048, 2048, 2048, 2048, 2048, 2048, 2048, 2048]",301.0
1226,9197,20,55,2023-11-26T14:26:11.618000+00:00,18.187,38.669,33.396,286.0,299.0,False,90.252,"[None, 2048, 2048, 2048, 2048]","[2048, 2048, 2048, 2048, 2048, 2048, 2048, 2048, 2048]","[2048, 2048, 2048, 2048, 2048, 2048, 2048, 2048, 2048]",304.0
1226,9197,16,56,2023-11-26T14:26:17.712000+00:00,17.839,38.086,32.732,,299.0,False,88.657,"[None, 2048, 2048, 2048, 2048]","[2048, 2048, 2048, 2048, 2048, 2048, 2048, 2048, 2048]","[2048, 2048, 2048, 2048, 2048, 2048, 2048, 2048, 2048]",305.0
1226,9197,11,56,2023-11-26T14:26:21.430000+00:00,17.642,38.006,32.248,289.0,300.0,False,87.896,"[None, 2048, 2048, 2048, 2048]","[2048, 2048, 2048, 2048, 2048, 2048, 2048, 2048, 2048]","[2048, 2048, 2048, 2048, 2048, 2048, 2048, 2048, 2048]",305.0
1226,9197,63,56,2023-11-26T14:26:23.149000+00:00,17.701,38.101,32.664,,305.0,False,88.466,"[None, 2048, 2048, 2048, 2049]","[2048, 2048, 2048, 2048, 2048, 2048, 2048, 2048, 2048]","[2048, 2048, 2048, 2048, 2048, 2048, 2048, 2048, 2048]",304.0
1226,9197,4,56,2023-11-26T14:26:27.055000+00:00,17.663,38.279,32.63,294.0,297.0,False,88.572,"[None, 2048, 2048, 2048, 2048]","[2049, 2048, 2048, 2048, 2048, 2048, 2048, 2048, 2048]","[2048, 2048, 2048, 2048, 2048, 2048, 2048, 2049, 2048]",301.0
1226,9197,81,56,2023-11-26T14:26:34.274000+00:00,17.649,38.301,32.756,,300.0,False,88.706,"[2049, 2048, 2048, 2048, 2048]","[2048, 2048, 2048, 2048, 2048, 2048, 2048, 2048, 2048]","[2048, 2048, 2048, 2048, 2048, 2048, 2048, 2048, 2048]",304.0
1226,9197,22,56,2023-11-26T14:26:40.649000+00:00,18.018,38.725,34.284,286.0,301.0,False,91.027,"[None, 2048, 2048, 2048, 2048]","[2048, 2048, 2048, 2048, 2048, 2048, 2048, 2048, 2048]","[2048, 2048, 2048, 2048, 2048, 2048, 2048, 2048, 2048]",300.0
1226,9197,14,56,2023-11-26T14:26:41.446000+00:00,17.772,38.266,33.07,,324.0,False,89.108,"[None, 2048, 2048, 2048, 2048]","[2048, 2048, 2048, 2049, 2048, 2048, 2048, 2048, 2048]","[2048, 2048, 2049, 2048, 2048, 2048, 2048, 2048, 2048]",330.0
1226,9197,44,56,2023-11-26T14:26:43.524000+00:00,17.97,38.162,33.006,289.0,305.0,False,89.138,"[None, 2049, 2048, 2048, 2048]","[2048, 2048, 2048, 2048, 2048, 2048, 2048, 2048, 2048]","[2048, 2048, 2048, 2048, 2048, 2048, 2048, 2048, 2048]",306.0
1226,9197,55,56,2023-11-26T14:26:54.758000+00:00,18.084,38.534,34.836,284.0,293.0,False,91.454,"[None, 2048, 2048, 2048, 2048]","[2048, 2048, 2048, 2048, 2048, 2048, 2048, 2048, 2048]","[2048, 2048, 2048, 2048, 2048, 2048, 2048, 2064, 2064]",299.0
1226,9197,18,56,2023-11-26T14:26:55.492000+00:00,17.919,38.249,33.487,292.0,296.0,False,89.655,"[None, 2048, 2048, 2048, 2049]","[2048, 2048, 2048, 2048, 2048, 2048, 2048, 2048, 2048]","[2048, 2048, 2048, 2048, 2048, 2048, 2048, 2048]",314.0
1226,9197,3,56,2023-11-26T14:26:57.899000+00:00,17.84,38.215,32.874,290.0,302.0,False,88.929,"[None, 2049, 2048, 2048, 2048]","[2048, 2048, 2048, 2048, 2048, 2048, 2048, 2048, 2048]","[2048, 2048, 2048, 2048, 2048, 2048, 2048, 2048, 2048]",308.0
1226,9197,31,56,2023-11-26T14:27:03.711000+00:00,18.237,38.543,33.428,288.0,294.0,False,90.208,"[None, 2048, 2048, 2048, 2048]","[2048, 2048, 2048, 2048, 2048, 2048, 2048, 2048, 2048]","[2048, 2048, 2048, 2048, 2048, 2049, 2048, 2048, 2048]",302.0
1226,9197,10,56,2023-11-26T14:27:10.398000+00:00,17.929,38.587,32.98,287.0,290.0,False,89.496,"[None, 2048, 2048, 2048, 2049]","[2048, 2048, 2048, 2048, 2048, 2048, 2048, 2048, 2048]","[2048, 2048, 2048, 2048, 2048, 2048, 2048, 2048, 2048]",296.0
1226,9197,23,56,2023-11-26T14:27:15.836000+00:00,17.771,37.984,32.988,,304.0,False,88.743,"[None, 2048, 2048, 2048, 2049]","[2048, 2048, 2048, 2048, 2048, 2048, 2048, 2048, 2048]","[2049, 2048, 2048, 2049, 2048, 2048, 2048, 2048, 2048]",310.0
1226,9197,27,56,2023-11-26T14:27:24.242000+00:00,18.006,38.677,32.824,286.0,293.0,False,89.507,"[None, 2048, 2048, 2048, 2048]","[2049, 2048, 2048, 2048, 2048, 2048, 2048, 2048, 2048]","[2048, 2048, 2048, 2048, 2048, 2048, 2048, 2049]",298.0
1226,9197,24,56,2023-11-26T14:27:26.695000+00:00,18.057,38.998,33.145,289.0,292.0,False,90.2,"[2048, 2048, 2048, 2048, 2049]","[2048, 2048, 2048, 2048, 2048, 2048, 2048, 2048, 2048]","[2048, 2048, 2048, 2048, 2048, 2048, 2048, 2048, 2048]",299.0
1226,9197,2,56,2023-11-26T14:27:28.461000+00:00,17.818,37.895,33.717,,326.0,False,89.43,"[None, 2048, 2048, 2048, 2048]","[2048, 2048, 2048, 2048, 2048, 2048, 2048, 2049, 2048]","[2048, 2048, 2048, 2048, 2048, 2048, 2048, 2048, 2048]",316.0
1226,9197,1,57,2023-11-26T14:27:32.148000+00:00,17.598,38.129,32.253,,296.0,False,87.98,"[2048, 2048, 2048, 2048, 2048]","[2049, 2048, 2048, 2048, 2048, 2048, 2048, 2048, 2048]","[2048, 2048, 2049, 2048, 2048, 2048, 2048, 2048, 2048]",299.0
1226,9197,77,56,2023-11-26T14:27:40.508000+00:00,18.314,38.751,33.065,,294.0,False,90.13,"[2049, 2048, 2048, 2048, 2048]","[2048, 2048, 2048, 2048, 2048, 2048, 2048, 2048, 2048]","[2049, 2048, 2048, 2048, 2049, 2048, 2048, 2048, 2048]",299.0
1226,9197,20,56,2023-11-26T14:27:41.898000+00:00,18.165,38.79,33.474,287.0,306.0,False,90.429,"[2049, 2048, 2048, 2048, 2048]","[2048, 2048, 2048, 2048, 2048, 2048, 2048, 2048, 2048]","[2048, 2048, 2048, 2049, 2048, 2048, 2048, 2048, 2048]",312.0
1226,9197,16,57,2023-11-26T14:27:46.445000+00:00,17.977,38.172,32.882,,293.0,False,89.031,"[2049, 2049, 2048, 2048, 2048]","[2048, 2048, 2048, 2048, 2048, 2048, 2048, 2048, 2048]","[2048, 2048, 2048, 2048, 2048, 2048, 2048, 2048, 2048]",311.0
1226,9197,11,57,2023-11-26T14:27:49.226000+00:00,17.596,38.042,32.353,,301.0,False,87.991,"[None, 2048, 2048, 2048, 2048]","[2048, 2048, 2048, 2048, 2048, 2048, 2048, 2048, 2048]","[2048, 2048, 2048, 2049, 2048, 2048, 2048, 2051, 2048]",305.0
1226,9197,63,57,2023-11-26T14:27:51.664000+00:00,17.695,38.29,32.572,288.0,303.0,False,88.557,"[None, 2048, 2048, 2048, 2049]","[2048, 2048, 2048, 2048, 2048, 2048, 2048, 2048, 2048]","[2048, 2048, 2048, 2048, 2048, 2048, 2049, 2048, 2048]",305.0
1226,9197,4,57,2023-11-26T14:27:55.648000+00:00,17.786,38.409,32.605,,302.0,False,88.8,"[None, 2048, 2048, 2048, 2048]","[2048, 2048, 2048, 2048, 2048, 2048, 2048, 2048, 2048]","[2048, 2048, 2049, 2048, 2048, 2048, 2048, 2048, 2048]",305.0
1226,9197,81,57,2023-11-26T14:28:02.945000+00:00,17.711,38.42,32.655,293.0,305.0,False,88.786,"[2048, 2048, 2048, 2048, 2048]","[2048, 2048, 2048, 2048, 2048, 2048, 2048, 2048, 2048]","[2048, 2048, 2048, 2048, 2048, 2048, 2048, 2048, 2048]",308.0
1226,9197,14,57,2023-11-26T14:28:10.382000+00:00,17.786,38.508,32.744,291.0,289.0,False,89.038,"[None, 2048, 2048, 2048, 2048]","[2048, 2048, 2048, 2048, 2048, 2048, 2048, 2048, 2048]","[2048, 2048, 2048, 2048, 2048, 2048, 2048, 2048, 2048]",296.0
1226,9197,22,57,2023-11-26T14:28:11.632000+00:00,18.087,38.513,33.228,290.0,302.0,False,89.828,"[None, 2048, 2048, 2048, 2048]","[2049, 2048, 2048, 2048, 2048, 2048, 2048, 2048, 2048]","[2048, 2048, 2048, 2048, 2048, 2048, 2048, 2048, 2048]",306.0
1226,9197,44,57,2023-11-26T14:28:12.648000+00:00,17.946,37.999,33.721,291.0,323.0,False,89.666,"[None, 2048, 2048, 2048, 2048]","[2048, 2048, 2048, 2048, 2048, 2048, 2048, 2048, 2048]","[2048, 2048, 2048, 2048, 2048, 2048, 2048, 2048, 2048]",331.0
1226,9197,18,57,2023-11-26T14:28:25.070000+00:00,17.921,38.569,32.996,290.0,291.0,False,89.486,"[None, 2048, 2048, 2048, 2048]","[2048, 2048, 2048, 2048, 2048, 2048, 2049, 2048, 2048]","[2048, 2048, 2048, 2049, 2048, 2048, 2048, 2048, 2048]",297.0
1226,9197,55,57,2023-11-26T14:28:26.148000+00:00,37.337,37.508,36.002,290.0,309.0,True,110.847,"[2064, 2064, 2064, 2064, 2049]","[2048, 2049, 2049, 2048, 2048, 2049, 2048, 2048, 2048]","[2048, 2048, 2049, 2049, 2049, 2049, 2048, 2064, 2064]",304.0
1226,9197,3,57,2023-11-26T14:28:26.913000+00:00,17.96,38.355,32.745,289.0,299.0,False,89.06,"[None, 2048, 2048, 2048, 2048]","[2049, 2048, 2048, 2048, 2048, 2048, 2048, 2048, 2048]","[2048, 2048, 2048, 2049, 2048, 2048, 2048, 2048, 2048]",308.0
1226,9197,31,57,2023-11-26T14:28:33.976000+00:00,18.262,38.66,33.555,287.0,293.0,False,90.477,"[None, 2048, 2048, 2048, 2048]","[2048, 2048, 2048, 2048, 2048, 2048, 2048, 2048, 2048]","[2048, 2048, 2048, 2048, 2048, 2048, 2048, 2048, 2048]",301.0
1226,9197,10,57,2023-11-26T14:28:39.976000+00:00,18.024,38.552,33.066,290.0,290.0,False,89.642,"[None, 2048, 2048, 2048, 2048]","[2048, 2048, 2048, 2048, 2048, 2048, 2048, 2048, 2048]","[2048, 2048, 2048, 2048, 2048, 2048, 2048, 2048]",297.0
1226,9197,23,57,2023-11-26T14:28:44.507000+00:00,17.846,38.124,32.779,,307.0,False,88.749,"[None, 2049, 2048, 2048, 2048]","[2048, 2048, 2048, 2048, 2048, 2048, 2048, 2048, 2048]","[2048, 2049, 2049, 2048, 2048, 2048, 2049, 2048]",314.0
1226,9197,27,57,2023-11-26T14:28:53.710000+00:00,17.945,38.708,32.784,284.0,293.0,False,89.437,"[2048, 2048, 2048, 2048, 2048]","[2048, 2048, 2048, 2048, 2048, 2048, 2048, 2048, 2048]","[2048, 2048, 2048, 2048, 2048, 2048, 2048, 2048, 2048]",297.0
1226,9197,24,57,2023-11-26T14:28:56.882000+00:00,17.939,38.767,34.285,,300.0,False,90.991,"[2049, 2048, 2048, 2048, 2049]","[2048, 2048, 2048, 2048, 2048, 2048, 2048, 2048, 2048]","[2048, 2048, 2048, 2048, 2048, 2048, 2048, 2048, 2048]",306.0
1226,9197,2,57,2023-11-26T14:28:57.866000+00:00,17.826,37.779,33.66,,328.0,False,89.265,"[None, 2048, 2048, 2048, 2049]","[2048, 2048, 2048, 2048, 2048, 2048, 2048, 2051, 2049]","[2048, 2048, 2048, 2048, 2048, 2048, 2048, 2048, 2048]",322.0
1226,9197,1,58,2023-11-26T14:29:00.194000+00:00,17.59,38.071,32.884,,300.0,False,88.545,"[None, 2048, 2048, 2048, 2048]","[2048, 2048, 2048, 2048, 2048, 2048, 2048, 2048, 2048]","[2048, 2048, 2049, 2048, 2048, 2048, 2048, 2048, 2048]",303.0
1226,9197,77,57,2023-11-26T14:29:10.585000+00:00,18.367,38.822,33.361,284.0,295.0,False,90.55,"[2048, 2048, 2048, 2048, 2048]","[2048, 2048, 2048, 2048, 2048, 2048, 2048, 2048, 2048]","[2048, 2048, 2048, 2048, 2048, 2048, 2048, 2048, 2048]",300.0
1226,9197,20,57,2023-11-26T14:29:12.397000+00:00,18.225,39.021,34.01,289.0,306.0,False,91.256,"[2048, 2049, 2048, 2048, 2048]","[2048, 2048, 2048, 2048, 2048, 2048, 2048, 2048, 2048]","[2048, 2048, 2048, 2048, 2048, 2048, 2048, 2048, 2048]",313.0
1226,9197,16,58,2023-11-26T14:29:15.475000+00:00,19.151,38.712,33.421,258.0,317.0,False,91.284,"[2048, 2048, 2048, 2048, 2048]","[2048, 2048, 2048, 2048, 2048, 2048, 2048, 2049, 2049]","[2048, 2048, 2048, 2048, 2048, 2048, 2048, 2048, 2048]",320.0
1226,9197,11,58,2023-11-26T14:29:17.256000+00:00,17.641,37.826,32.481,294.0,307.0,False,87.948,"[None, 2048, 2048, 2049, 2048]","[2051, 2048, 2048, 2048, 2048, 2048, 2048, 2048, 2048]","[2048, 2048, 2049, 2051, 2048, 2048, 2049, 2051, 2048]",332.0
1226,9197,63,58,2023-11-26T14:29:20.194000+00:00,17.781,38.287,32.752,292.0,306.0,False,88.82,"[None, 2049, 2048, 2048, 2048]","[2048, 2048, 2048, 2048, 2048, 2048, 2048, 2048, 2048]","[2048, 2048, 2048, 2048, 2048, 2048, 2048, 2048, 2048]",307.0
1226,9197,4,58,2023-11-26T14:29:24.428000+00:00,17.61,38.255,32.723,295.0,302.0,False,88.588,"[None, 2048, 2048, 2048, 2048]","[2049, 2048, 2048, 2048, 2048, 2048, 2048, 2048, 2048]","[2048, 2048, 2048, 2048, 2048, 2048, 2048, 2048, 2048]",305.0
1226,9197,81,58,2023-11-26T14:29:31.772000+00:00,17.633,38.22,32.614,295.0,305.0,False,88.467,"[None, 2048, 2048, 2048, 2048]","[2049, 2048, 2048, 2048, 2048, 2048, 2048, 2048, 2048]","[2048, 2048, 2048, 2048, 2048, 2048, 2049, 2048, 2048]",308.0
1226,9197,14,58,2023-11-26T14:29:39.569000+00:00,17.845,38.229,32.632,,298.0,False,88.706,"[None, 2048, 2048, 2048, 2048]","[2048, 2048, 2048, 2048, 2048, 2048, 2048, 2048, 2048]","[2048, 2048, 2048, 2048, 2048, 2048, 2048, 2048, 2048]",300.0
1226,9197,22,58,2023-11-26T14:29:41.491000+00:00,17.979,38.795,33.606,288.0,301.0,False,90.38,"[2049, 2048, 2048, 2048, 2049]","[2048, 2048, 2048, 2048, 2048, 2048, 2049, 2048, 2048]","[2048, 2049, 2048, 2048, 2048, 2048, 2049, 2048, 2048]",308.0
1226,9197,44,58,2023-11-26T14:29:42.225000+00:00,17.931,38.031,34.932,,322.0,False,90.894,"[None, 2048, 2048, 2048, 2048]","[2048, 2048, 2048, 2048, 2048, 2048, 2048, 2049, 2049]","[2048, 2048, 2048, 2048, 2048, 2048, 2048, 2048, 2048]",330.0
1226,9197,18,58,2023-11-26T14:29:54.709000+00:00,17.89,38.487,33.306,,303.0,False,89.683,"[None, 2049, 2048, 2048, 2048]","[2048, 2048, 2048, 2048, 2048, 2048, 2049, 2048, 2048]","[2048, 2048, 2048, 2048, 2048, 2048, 2048, 2048, 2048]",303.0
1226,9197,3,58,2023-11-26T14:29:55.881000+00:00,17.862,37.87,33.288,291.0,320.0,False,89.02,"[None, 2048, 2048, 2048, 2048]","[2048, 2048, 2048, 2048, 2048, 2048, 2048, 2048, 2048]","[2048, 2048, 2048, 2048, 2048, 2048, 2048, 2048, 2048]",309.0
1226,9197,31,58,2023-11-26T14:30:04.412000+00:00,18.233,38.766,33.64,,295.0,False,90.639,"[2049, 2048, 2048, 2048, 2048]","[2048, 2048, 2048, 2048, 2048, 2048, 2048, 2048, 2048]","[2048, 2048, 2048, 2048, 2048, 2048, 2048, 2048, 2048]",299.0
1226,9197,10,58,2023-11-26T14:30:09.428000+00:00,18.053,38.424,33.07,289.0,291.0,False,89.547,"[2049, 2048, 2048, 2048, 2048]","[2048, 2048, 2048, 2048, 2048, 2048, 2048, 2048, 2048]","[2048, 2048, 2048, 2048, 2048, 2048, 2048, 2048, 2048]",295.0
1226,9197,23,58,2023-11-26T14:30:13.068000+00:00,17.828,37.878,32.964,295.0,310.0,False,88.67,"[None, 2048, 2048, 2048, 2048]","[2048, 2048, 2048, 2048, 2048, 2048, 2048, 2048, 2048]","[2048, 2048, 2048, 2049, 2048, 2048, 2048, 2048, 2048]",315.0
1226,9197,55,58,2023-11-26T14:30:16.959000+00:00,,,,,,False,,,,,
1226,9197,27,58,2023-11-26T14:30:23.193000+00:00,17.922,38.602,32.693,,293.0,False,89.217,"[None, 2048, 2049, 2048, 2048]","[2048, 2048, 2048, 2048, 2048, 2048, 2048, 2048, 2048]","[2048, 2048, 2048, 2048, 2048, 2048, 2048, 2048, 2048]",296.0
1226,9197,2,58,2023-11-26T14:30:27.115000+00:00,17.971,38.273,33.135,293.0,309.0,False,89.379,"[None, 2048, 2048, 2048, 2048]","[2048, 2048, 2048, 2048, 2048, 2048, 2048, 2048, 2048]","[2048, 2048, 2049, 2048, 2048, 2048, 2048, 2049, 2048]",313.0
1226,9197,24,58,2023-11-26T14:30:27.818000+00:00,18.15,38.603,33.574,,303.0,False,90.327,"[None, 2048, 2048, 2048, 2048]","[2048, 2048, 2048, 2048, 2048, 2048, 2048, 2048, 2048]","[2048, 2048, 2048, 2048, 2048, 2048, 2048, 2048]",325.0
1226,9197,1,59,2023-11-26T14:30:28.724000+00:00,,,,,,False,,"[None, 2048, 2048, 2048, 2048]","[2048, 2048, 2048, 2048, 2048, 2048, 2048, 2048, 2048]",[2048],
