meeting_key,session_key,driver_number,lap_number,date_start,duration_sector_1,duration_sector_2,duration_sector_3,i1_speed,i2_speed,is_pit_out_lap,lap_duration,segments_sector_1,segments_sector_2,segments_sector_3,st_speed
1141,7953,1,1,2023-03-05T15:03:38.500000+00:00,33.103,42.414,23.842,232.0,231.0,False,99.359,"[None, 2048, 2049, 2049, 2051, 2051, 2049, 2049, 2051, 2049]","[2051, 2049, 2051, 2049, 2051, 2049, 2049, 2049, 2051, 2049, 2049]","[2051, 2049, 2049, 2049, 2051, 2051]",252.0
1141,7953,11,1,2023-03-05T15:03:38.500000+00:00,34.12,43.216,24.069,230.0,237.0,False,101.405,"[None, 2048, 2049, 2049, 2049, 2049, 2049, 2049, 2049, 2051]","[2049, 2049, 2049, 2049, 2049, 2049, 2049, 2049, 2049, 2049, 2049]","[2049, 2049, 2049, 2049, 2049, 2049]",252.0
1141,7953,16,1,2023-03-05T15:03:38.500000+00:00,33.938,42.549,24.122,226.0,250.0,False,100.609,"[None, 2048, 2049, 2051, 2049, 2049, 2049, 2049, 2049, 2049]","[2049, 2051, 2049, 2049, 2049, 2049, 2049, 2051, 2049, 2049, 2049]","[2049, 2049, 2049, 2049, 2049, 2049]",255.0
1141,7953,31,1,2023-03-05T15:03:38.500000+00:00,36.463,45.213,24.698,233.0,238.0,False,106.374,"[2048, 2049, 2049, 2049, 2049, 2049, 2049, 2049, 2049, 2049]","[2049, 2049, 2049, 2049, 2049, 2049, 2049, 2049, 2049, 2049, 2049]","[2049, 2049, 2049, 2049, 2049, 2049, 2049]",254.0
1141,7953,27,1,2023-03-05T15:03:38.500000+00:00,37.038,45.924,24.741,220.0,239.0,False,107.703,"[2048, 2049, 2049, 2049, 2049, 2049, 2049, 2049, 2049, 2049]","[2049, 2049, 2049, 2049, 2049, 2049, 2049, 2049, 2049, 2049, 2049]","[2049, 2049, 2049, 2049, 2049, 2049, 2048]",249.0
1141,7953,55,1,2023-03-05T15:03:38.500000+00:00,34.431,43.409,24.19,225.0,240.0,False,102.03,"[None, 2048, 2049, 2049, 2049, 2049, 2049, 2049, 2049, 2049]","[2049, 2049, 2049, 2049, 2049, 2049, 2049, 2049, 2049, 2049, 2049]","[2049, 2049, 2049, 2049, 2049, 2049]",235.0
1141,7953,4,1,2023-03-05T15:03:38.500000+00:00,36.383,44.789,24.561,229.0,236.0,False,105.733,"[2048, 2049, 2049, 2049, 2049, 2049, 2049, 2049, 2049, 2049]","[2049, 2049, 2049, 2049, 2049, 2049, 2049, 2049, 2049, 2049, 2049]","[2049, 2049, 2049, 2049, 2049, 2049, 0]",263.0
1141,7953,77,1,2023-03-05T15:03:38.500000+00:00,36.2,43.757,24.573,230.0,251.0,False,104.53,"[2048, 2049, 2049, 2049, 2049, 2049, 2049, 2049, 2049, 2049]","[2049, 2049, 2049, 2049, 2049, 2049, 2049, 2049, 2049, 2049, 2051]","[2049, 2049, 2049, 2049, 2049, 2049, 2049]",266.0
1141,7953,14,1,2023-03-05T15:03:38.500000+00:00,35.523,43.884,24.561,222.0,247.0,False,103.968,"[None, 2048, 2049, 2049, 2049, 2049, 2049, 2049, 2049, 2049]","[2049, 2049, 2049, 2049, 2049, 2049, 2049, 2049, 2049, 2051, 2049]","[2049, 2049, 2049, 2049, 2049, 2049]",255.0
1141,7953,24,1,2023-03-05T15:03:38.500000+00:00,38.025,45.972,24.736,223.0,241.0,False,108.733,"[2048, 2049, 2049, 2049, 2049, 2049, 2049, 2049, 2049, 2049]","[2049, 2049, 2049, 2049, 2049, 2049, 2049, 2049, 2049, 2049, 2049]","[2049, 2049, 2049, 2049, 2049, 2049, 2048]",246.0
1141,7953,22,1,2023-03-05T15:03:38.500000+00:00,37.331,45.884,24.925,230.0,248.0,False,108.14,"[2048, 2049, 2049, 2049, 2049, 2049, 2049, 2049, 2049, 2049]","[2049, 2049, 2049, 2049, 2049, 2049, 2049, 2049, 2049, 2049, 2049]","[2049, 2049, 2049, 2049, 2049, 2049, 2049]",259.0
1141,7953,63,1,2023-03-05T15:03:38.500000+00:00,35.47,43.377,24.168,231.0,244.0,False,103.015,"[None, 2048, 2049, 2049, 2049, 2049, 2049, 2049, 2049, 2049]","[2049, 2049, 2049, 2051, 2049, 2051, 2049, 2049, 2049, 2049, 2049]","[2049, 2051, 2051, 2051, 2049, 2051, 2051]",259.0
1141,7953,23,1,2023-03-05T15:03:38.500000+00:00,36.579,45.491,24.742,206.0,245.0,False,106.812,"[2048, 2049, 2049, 2049, 2049, 2049, 2051, 2051, 2049, 2049]","[2049, 2049, 2049, 2049, 2049, 2049, 2051, 2049, 2049, 2049, 2049]","[2049, 2049, 2049, 2049, 2049, 2049, 2049]",245.0
1141,7953,44,1,2023-03-05T15:03:38.500000+00:00,34.808,43.494,24.338,234.0,247.0,False,102.64,"[None, 2049, 2049, 2049, 2049, 2049, 2049, 2049, 2049, 2049]","[2049, 2049, 2049, 2049, 2049, 2049, 2049, 2049, 2049, 2049, 2049]","[2049, 2049, 2049, 2049, 2049, 2049, 2051]",266.0
1141,7953,2,1,2023-03-05T15:03:38.500000+00:00,37.088,45.33,24.706,224.0,249.0,False,107.124,"[2048, 2049, 2049, 2049, 2049, 2049, 2049, 2049, 2049, 2049]","[2049, 2049, 2049, 2049, 2049, 2049, 2049, 2049, 2049, 2049, 2049]","[2049, 2049, 2049, 2049, 2049, 2049, 0]",269.0
1141,7953,20,1,2023-03-05T15:03:38.500000+00:00,37.77,46.858,25.043,235.0,241.0,False,109.671,"[2048, 2049, 2049, 2049, 2049, 2049, 2049, 2049, 2049, 2049]","[2049, 2049, 2049, 2049, 2049, 2049, 2049, 2049, 2049, 2049, 2049]","[2049, 2049, 2049, 2049, 2049, 2049, 2048]",243.0
1141,7953,18,1,2023-03-05T15:03:38.500000+00:00,36.263,44.143,24.609,223.0,250.0,False,105.015,"[None, 2049, 2049, 2049, 2049, 2049, 2049, 2049, 2049, 2049]","[2049, 2049, 2049, 2049, 2049, 2049, 2049, 2049, 2049, 2049, 2049]","[2049, 2049, 2049, 2049, 2049, 2049, 2049]",261.0
1141,7953,81,1,2023-03-05T15:03:38.500000+00:00,37.748,45.783,24.952,231.0,247.0,False,108.483,"[2048, 2049, 2049, 2049, 2049, 2049, 2049, 2049, 2049, 2049]","[2049, 2049, 2049, 2049, 2049, 2049, 2049, 2049, 2049, 2049, 2049]","[2049, 2049, 2049, 2049, 2049, 2049, 2048]",250.0
1141,7953,10,1,2023-03-05T15:03:38.500000+00:00,38.115,46.78,25.135,214.0,234.0,False,110.03,"[2048, 2049, 2049, 2049, 2049, 2049, 2049, 2049, 2049, 2049]","[2049, 2049, 2049, 2049, 2049, 2049, 2049, 2049, 2049, 2049, 2049]","[2049, 2049, 2049, 2049, 2049, 2049, 2049]",271.0
1141,7953,21,1,2023-03-05T15:03:38.500000+00:00,38.329,46.835,25.179,217.0,226.0,False,110.343,"[None, 2049, 2049, 2049, 2049, 2049, 2049, 2049, 2049, 2049]","[2049, 2049, 2049, 2049, 2049, 2049, 2049, 2049, 2049, 2049, 2049]","[2049, 2049, 2049, 2049, 2049, 2049, 2049]",253.0
1141,7953,1,2,2023-03-05T15:05:17.858000+00:00,31.342,42.504,24.128,227.0,238.0,False,97.974,"[2049, 2049, 2049, 2049, 2051, 2049, 2049, 2048, 2048, 2048]","[2048, 2049, 2048, 2049, 2048, 2049, 2049, 2048, 2048, 2049, 2049]","[2048, 2048, 2048, 2048, 2048, 2048]",288.0
1141,7953,16,2,2023-03-05T15:05:19.108000+00:00,31.407,43.127,24.216,,243.0,False,98.75,"[2049, 2049, 2049, 2049, 2049, 2049, 2049, 2048, 2049, 2048]","[2048, 2048, 2048, 2048, 2048, 2048, 2048, 2048, 2048, 2048, 2048]","[2048, 2049, 2048, 2049, 2049, 2048]",294.0
1141,7953,11,2,2023-03-05T15:05:19.904000+00:00,31.532,43.116,24.214,228.0,238.0,False,98.862,"[2049, 2049, 2049, 2049, 2049, 2049, 2048, 2049, 2049, 2048]","[2049, 2049, 2049, 2048, 2049, 2048, 2048, 2048, 2049, 2048, 2048]","[2048, 2048, 2048, 2048, 2048, 2048, 2049]",283.0
1141,7953,55,2,2023-03-05T15:05:20.529000+00:00,31.451,43.164,24.318,229.0,242.0,False,98.933,"[2049, 2049, 2049, 2049, 2049, 2049, 2049, 2048, 2049, 2049]","[2049, 2051, 2049, 2049, 2049, 2048, 2048, 2049, 2048, 2048, 2049]","[2048, 2048, 2048, 2049, 2048, 2048, 2049]",299.0
1141,7953,44,2,2023-03-05T15:05:21.139000+00:00,31.408,43.352,24.406,,247.0,False,99.166,"[2049, 2049, 2049, 2049, 2049, 2049, 2048, 2048, 2049, 2051]","[2049, 2048, 2048, 2049, 2049, 2049, 2049, 2048, 2049, 2048, 2048]","[2049, 2048, 2048, 2048, 2048, 2048, 2048]",311.0
1141,7953,63,2,2023-03-05T15:05:21.514000+00:00,31.709,43.468,24.413,214.0,239.0,False,99.59,"[2049, 2049, 2049, 2049, 2049, 2049, 2049, 2048, 2049, 2048]","[2049, 2049, 2049, 2048, 2049, 2048, 2048, 2049, 2049, 2048, 2048]","[2048, 2048, 2048, 2048, 2049, 2048, 2048]",306.0
1141,7953,14,2,2023-03-05T15:05:22.467000+00:00,31.743,43.626,24.423,231.0,228.0,False,99.792,"[2049, 2049, 2049, 2051, 2049, 2049, 2048, 2048, 2049, 2049]","[2049, 2048, 2049, 2048, 2049, 2048, 2048, 2049, 2049, 2048, 2048]","[2048, 2048, 2048, 2049, 2049, 2049]",300.0
1141,7953,77,2,2023-03-05T15:05:23.029000+00:00,31.722,43.495,24.739,228.0,247.0,False,99.956,"[2049, 2049, 2049, 2049, 2049, 2051, 2049, 2049, 2049, 2049]","[2049, 2048, 2049, 2048, 2048, 2048, 2049, 2049, 2049, 2048, 2048]","[2048, 2048, 2049, 2049, 2048, 2049]",290.0
1141,7953,18,2,2023-03-05T15:05:23.514000+00:00,31.685,43.58,24.627,232.0,243.0,False,99.892,"[2049, 2049, 2049, 2049, 2049, 2049, 2049, 2049, 2049, 2049]","[2049, 2049, 2049, 2049, 2049, 2048, 2049, 2049, 2049, 2049, 2048]","[2048, 2049, 2049, 2049, 2048, 2048]",305.0
1141,7953,4,2,2023-03-05T15:05:24.232000+00:00,31.867,43.83,24.736,231.0,238.0,False,100.433,"[2049, 2049, 2049, 2049, 2049, 2049, 2049, 2048, 2049, 2049]","[2049, 2049, 2049, 2048, 2049, 2048, 2048, 2049, 2049, 2049, 2049]","[2048, 2048, 2048, 2048, 2049, 2048, 2048]",291.0
1141,7953,31,2,2023-03-05T15:05:24.873000+00:00,31.783,43.896,24.729,228.0,243.0,False,100.408,"[2049, 2049, 2049, 2049, 2049, 2049, 2049, 2048, 2049, 2048]","[2049, 2049, 2049, 2049, 2049, 2048, 2048, 2048, 2049, 2049, 2049]","[2049, 2048, 2049, 2049, 2049, 2048, 2048]",293.0
1141,7953,23,2,2023-03-05T15:05:25.311000+00:00,31.765,43.909,24.756,228.0,245.0,False,100.43,"[2051, 2051, 2051, 2049, 2049, 2049, 2051, 2048, 2049, 2049]","[2049, 2049, 2049, 2049, 2049, 2048, 2051, 2051, 2049, 2048, 2049]","[2049, 2049, 2051, 2049, 2049, 2048]",306.0
1141,7953,2,2,2023-03-05T15:05:25.623000+00:00,31.795,43.956,24.716,231.0,248.0,False,100.467,"[2049, 2049, 2049, 2049, 2049, 2049, 2049, 2049, 2049, 2048]","[2049, 2049, 2049, 2048, 2049, 2048, 2049, 2049, 2049, 2049, 2049]","[2049, 2048, 2048, 2048, 2048, 2049, 2049]",309.0
1141,7953,27,2,2023-03-05T15:05:26.202000+00:00,31.78,44.191,24.749,230.0,242.0,False,100.72,"[2049, 2049, 2049, 2049, 2049, 2049, 2048, 2048, 2049, 2049]","[2049, 2049, 2049, 2049, 2049, 2048, 2049, 2049, 2049, 2048, 2049]","[2049, 2049, 2049, 2048, 2048, 2048]",299.0
1141,7953,22,2,2023-03-05T15:05:26.639000+00:00,31.976,43.987,24.874,232.0,240.0,False,100.837,"[2049, 2049, 2049, 2049, 2049, 2049, 2049, 2048, 2049, 2049]","[2049, 2049, 2049, 2048, 2049, 2049, 2048, 2049, 2049, 2048, 2048]","[2049, 2049, 2048, 2049, 2049, 2048]",294.0
1141,7953,81,2,2023-03-05T15:05:26.982000+00:00,32.185,43.977,24.668,233.0,243.0,False,100.83,"[2049, 2049, 2049, 2049, 2049, 2049, 2049, 2049, 2049, 2049]","[2049, 2049, 2049, 2048, 2049, 2048, 2048, 2049, 2049, 2049, 2048]","[2049, 2048, 2048, 2049, 2049, 2049]",304.0
1141,7953,24,2,2023-03-05T15:05:27.232000+00:00,32.232,44.025,24.834,228.0,243.0,False,101.091,"[2049, 2049, 2049, 2049, 2049, 2049, 2049, 2049, 2049, 2049]","[2049, 2049, 2049, 2049, 2049, 2049, 2049, 2048, 2049, 2049, 2049]","[2048, 2048, 2048, 2049, 2049, 2048, 2048]",307.0
1141,7953,20,2,2023-03-05T15:05:28.170000+00:00,32.42,44.355,24.746,231.0,242.0,False,101.521,"[2049, 2049, 2049, 2049, 2049, 2049, 2049, 2048, 2049, 2048]","[2049, 2049, 2049, 2049, 2049, 2049, 2049, 2049, 2049, 2049, 2048]","[2049, 2049, 2049, 2049, 2049, 2048, 2048]",306.0
1141,7953,10,2,2023-03-05T15:05:28.529000+00:00,31.738,43.938,24.762,226.0,237.0,False,100.438,"[2049, 2049, 2049, 2049, 2049, 2049, 2049, 2049, 2049, 2049]","[2049, 2049, 2049, 2049, 2049, 2048, 2048, 2049, 2049, 2048, 2049]","[2049, 2049, 2048, 2048, 2049, 2048]",298.0
1141,7953,21,2,2023-03-05T15:05:28.842000+00:00,32.136,44.304,24.849,231.0,237.0,False,101.289,"[2049, 2049, 2049, 2049, 2049, 2049, 2049, 2049, 2049, 2049]","[2049, 2049, 2049, 2049, 2049, 2049, 2049, 2049, 2049, 2048, 2048]","[2049, 2048, 2048, 2049, 2049, 2048]",277.0
1141,7953,1,3,2023-03-05T15:06:55.793000+00:00,31.388,42.469,24.149,,238.0,False,98.006,"[None, 2049, 2048, 2048, 2048, 2049, 2049, 2048, 2048, 2048]","[2048, 2051, 2048, 2048, 2048, 2049, 2049, 2048, 2048, 2048, 2049]","[2048, 2048, 2048, 2048, 2048, 2048, 2048]",287.0
1141,7953,16,3,2023-03-05T15:06:57.871000+00:00,31.238,43.103,24.317,,244.0,False,98.658,"[None, 2049, 2049, 2051, 2049, 2048, 2048, 2048, 2049, 2048]","[2048, 2048, 2048, 2048, 2048, 2048, 2049, 2049, 2048, 2048, 2048]","[2048, 2048, 2048, 2049, 2049, 2048]",303.0
1141,7953,11,3,2023-03-05T15:06:58.762000+00:00,31.397,43.146,24.287,231.0,240.0,False,98.83,"[None, 2049, 2049, 2049, 2049, 2049, 2048, 2049, 2048, 2048]","[2049, 2048, 2048, 2048, 2048, 2048, 2048, 2048, 2048, 2048, 2049]","[2048, 2048, 2048, 2048, 2048, 2048, 2048]",293.0
1141,7953,55,3,2023-03-05T15:06:59.465000+00:00,31.374,43.257,24.411,228.0,246.0,False,99.042,"[2048, 2048, 2049, 2049, 2049, 2048, 2049, 2049, 2048, 2048]","[2049, 2048, 2049, 2048, 2048, 2048, 2049, 2049, 2048, 2048, 2049]","[2048, 2048, 2048, 2049, 2048, 2048]",
1141,7953,44,3,2023-03-05T15:07:00.371000+00:00,31.298,43.499,24.423,228.0,246.0,False,99.22,"[2048, 2048, 2048, 2049, 2048, 2048, 2049, 2049, 2049, 2048]","[2048, 2048, 2049, 2049, 2048, 2048, 2049, 2049, 2048, 2048, 2048]","[2048, 2048, 2048, 2048, 2049, 2048, 2048]",303.0
1141,7953,63,3,2023-03-05T15:07:01.090000+00:00,31.218,43.416,24.459,219.0,245.0,False,99.093,"[2048, 2048, 2049, 2049, 2049, 2048, 2049, 2049, 2049, 2048]","[2049, 2048, 2048, 2048, 2048, 2048, 2049, 2049, 2048, 2048, 2048]","[2048, 2048, 2048, 2048, 2048, 2048, 2048]",310.0
1141,7953,14,3,2023-03-05T15:07:02.278000+00:00,31.541,43.276,24.283,,247.0,False,99.1,"[None, 2049, 2048, 2048, 2049, 2049, 2049, 2049, 2049, 2048]","[2049, 2048, 2049, 2048, 2049, 2048, 2048, 2049, 2049, 2048, 2048]","[2049, 2048, 2049, 2049, 2049, 2048]",293.0
1141,7953,77,3,2023-03-05T15:07:02.981000+00:00,31.428,43.378,24.591,227.0,246.0,False,99.397,"[2048, 2049, 2049, 2049, 2049, 2048, 2049, 2049, 2049, 2048]","[2048, 2049, 2048, 2048, 2049, 2048, 2049, 2049, 2048, 2048, 2048]","[2048, 2048, 2048, 2048, 2049, 2048]",302.0
1141,7953,18,3,2023-03-05T15:07:03.465000+00:00,31.501,43.471,24.653,231.0,235.0,False,99.625,"[None, 2049, 2049, 2048, 2048, 2049, 2049, 2049, 2049, 2048]","[2049, 2048, 2048, 2049, 2049, 2048, 2049, 2049, 2049, 2048, 2048]","[2049, 2048, 2048, 2049, 2048, 2048]",306.0
1141,7953,4,3,2023-03-05T15:07:04.684000+00:00,31.627,43.448,24.702,232.0,255.0,False,99.777,"[2048, 2048, 2048, 2049, 2049, 2048, 2049, 2048, 2049, 2049]","[2049, 2049, 2049, 2048, 2048, 2048, 2048, 2049, 2049, 2048, 2051]","[2048, 2048, 2048, 2048, 2049, 2048, 2048]",300.0
1141,7953,31,3,2023-03-05T15:07:05.262000+00:00,31.547,43.662,24.739,229.0,243.0,False,99.948,"[None, 2049, 2049, 2048, 2048, 2048, 2049, 2049, 2049, 2049]","[2049, 2048, 2048, 2049, 2049, 2049, 2049, 2049, 2048, 2049, 2049]","[2049, 2048, 2048, 2049, 2049, 2048, 2049]",291.0
1141,7953,23,3,2023-03-05T15:07:05.793000+00:00,31.66,43.782,24.701,225.0,247.0,False,100.143,"[2049, 2049, 2049, 2048, 2048, 2048, 2051, 2049, 2049, 2049]","[2049, 2049, 2048, 2048, 2048, 2048, 2049, 2049, 2049, 2048, 2049]","[2048, 2048, 2048, 2051, 2049, 2048, 2051]",308.0
1141,7953,2,3,2023-03-05T15:07:06.184000+00:00,31.746,43.8,24.803,,245.0,False,100.349,"[None, 2048, 2049, 2049, 2048, 2048, 2049, 2051, 2048, 2048]","[2049, 2049, 2048, 2048, 2048, 2048, 2051, 2051, 2049, 2048, 2048]","[2048, 2048, 2048, 2048, 2048, 2048, 2049]",300.0
1141,7953,27,3,2023-03-05T15:07:06.934000+00:00,31.671,43.801,25.012,228.0,245.0,False,100.484,"[2048, 2048, 2048, 2049, 2048, 2048, 2049, 2049, 2049, 2048]","[2049, 2049, 2049, 2049, 2049, 2049, 2049, 2049, 2048, 2048, 2049]","[2048, 2049, 2048, 2049, 2048, 2048]",300.0
1141,7953,22,3,2023-03-05T15:07:07.496000+00:00,31.699,43.736,24.808,224.0,250.0,False,100.243,"[2048, 2048, 2049, 2049, 2049, 2048, 2049, 2049, 2049, 2048]","[2049, 2049, 2048, 2048, 2049, 2048, 2049, 2049, 2048, 2048, 2048]","[2048, 2048, 2048, 2048, 2049, 2048]",301.0
1141,7953,81,3,2023-03-05T15:07:07.902000+00:00,31.877,43.986,24.828,232.0,242.0,False,100.691,"[None, 2049, 2048, 2049, 2048, 2048, 2049, 2049, 2049, 2048]","[2048, 2048, 2048, 2048, 2049, 2048, 2049, 2049, 2048, 2048, 2048]","[2049, 2048, 2048, 2048, 2048, 2048, 2049]",302.0
1141,7953,24,3,2023-03-05T15:07:08.402000+00:00,31.73,44.033,24.833,229.0,244.0,False,100.596,"[2048, 2048, 2048, 2048, 2049, 2049, 2049, 2049, 2049, 2049]","[2049, 2048, 2048, 2048, 2048, 2049, 2049, 2049, 2048, 2048, 2048]","[2048, 2048, 2049, 2049, 2048, 2048, 2049]",304.0
1141,7953,10,3,2023-03-05T15:07:08.871000+00:00,31.8,44.083,24.76,225.0,237.0,False,100.643,"[2048, 2048, 2048, 2049, 2049, 2048, 2048, 2049, 2049, 2048]","[2048, 2049, 2048, 2049, 2048, 2048, 2049, 2048, 2048, 2048, 2048]","[2048, 2048, 2048, 2048, 2049, 2048, 2049]",285.0
1141,7953,20,3,2023-03-05T15:07:09.699000+00:00,31.821,45.009,25.148,227.0,237.0,False,101.978,"[None, 2049, 2048, 2049, 2048, 2049, 2049, 2049, 2049, 2048]","[2049, 2048, 2048, 2048, 2048, 2048, 2048, 2048, 2048, 2049, 2048]","[2048, 2048, 2049, 2048, 2048, 2048]",294.0
1141,7953,21,3,2023-03-05T15:07:10.137000+00:00,31.761,44.368,24.785,230.0,242.0,False,100.914,"[2048, 2049, 2049, 2049, 2049, 2049, 2049, 2049, 2049, 2048]","[2049, 2048, 2048, 2048, 2048, 2048, 2049, 2049, 2048, 2048, 2049]","[2049, 2048, 2048, 2048, 2049, 2048]",291.0
1141,7953,1,4,2023-03-05T15:08:33.885000+00:00,31.271,42.642,24.063,228.0,238.0,False,97.976,"[None, 2049, 2049, 2049, 2051, 2048, 2048, 2048, 2048, 2048]","[2048, 2048, 2048, 2048, 2048, 2048, 2048, 2048, 2048, 2049, 2049]","[2048, 2048, 2048, 2049, 2048, 2048, 2048]",289.0
1141,7953,16,4,2023-03-05T15:08:36.510000+00:00,31.402,43.15,24.273,,246.0,False,98.825,"[2048, 2048, 2049, 2049, 2048, 2048, 2048, 2048, 2048, 2048]","[2048, 2048, 2048, 2048, 2048, 2048, 2048, 2049, 2048, 2048, 2048]","[2048, 2048, 2048, 2049, 2048, 2048]",305.0
1141,7953,11,4,2023-03-05T15:08:37.620000+00:00,31.404,43.108,24.246,,243.0,False,98.758,"[2048, 2048, 2048, 2049, 2048, 2048, 2048, 2048, 2048, 2048]","[2048, 2048, 2048, 2048, 2048, 2048, 2048, 2049, 2049, 2048, 2049]","[2048, 2048, 2048, 2048, 2048, 2049, 2049]",297.0
1141,7953,55,4,2023-03-05T15:08:38.495000+00:00,31.192,43.306,24.487,,242.0,False,98.985,"[2049, 2049, 2049, 2049, 2048, 2048, 2048, 2048, 2049, 2048]","[2048, 2048, 2048, 2048, 2048, 2048, 2049, 2048, 2048, 2048, 2049]","[2048, 2048, 2048, 2048, 2048, 2048, 2049]",317.0
1141,7953,44,4,2023-03-05T15:08:39.541000+00:00,31.315,43.446,24.437,231.0,240.0,False,99.198,"[2049, 2049, 2049, 2049, 2049, 2048, 2048, 2048, 2048, 2048]","[2049, 2048, 2048, 2048, 2048, 2048, 2048, 2048, 2048, 2048, 2048]","[2048, 2048, 2048, 2048, 2048, 2048, 2048]",311.0
1141,7953,63,4,2023-03-05T15:08:40.229000+00:00,31.267,43.497,24.497,222.0,247.0,False,99.261,"[2049, 2049, 2049, 2049, 2048, 2051, 2049, 2048, 2048, 2048]","[2049, 2048, 2048, 2048, 2048, 2048, 2048, 2048, 2048, 2048, 2049]","[2048, 2048, 2048, 2048, 2048, 2048, 2048]",321.0
1141,7953,14,4,2023-03-05T15:08:41.369000+00:00,31.723,43.457,24.368,223.0,242.0,False,99.548,"[None, 2049, 2049, 2048, 2048, 2048, 2048, 2048, 2048, 2048]","[2048, 2048, 2048, 2048, 2048, 2048, 2048, 2048, 2048, 2048, 2048]","[2048, 2048, 2049, 2048, 2048, 2048]",300.0
1141,7953,77,4,2023-03-05T15:08:42.385000+00:00,31.568,43.543,24.712,226.0,244.0,False,99.823,"[2049, 2049, 2049, 2049, 2048, 2048, 2048, 2048, 2048, 2048]","[2049, 2048, 2048, 2048, 2048, 2048, 2048, 2048, 2049, 2048, 2048]","[2048, 2048, 2048, 2048, 2048, 2048]",307.0
1141,7953,18,4,2023-03-05T15:08:43.073000+00:00,31.274,43.798,24.673,226.0,242.0,False,99.745,"[None, 2049, 2049, 2049, 2048, 2048, 2049, 2048, 2048, 2048]","[2048, 2048, 2048, 2048, 2048, 2048, 2049, 2048, 2048, 2048, 2048]","[2048, 2048, 2048, 2049, 2049, 2048]",320.0
1141,7953,4,4,2023-03-05T15:08:44.479000+00:00,32.947,44.387,24.933,227.0,224.0,False,102.267,"[None, 2048, 2048, 2049, 2048, 2048, 2048, 2048, 2048, 2048]","[2048, 2048, 2048, 2048, 2048, 2048, 2049, 2049, 2048, 2048, 2048]","[2048, 2048, 2048, 2048, 2048, 2048]",286.0
1141,7953,31,4,2023-03-05T15:08:45.213000+00:00,31.349,43.518,24.676,226.0,245.0,False,99.543,"[None, 2049, 2049, 2049, 2049, 2048, 2048, 2049, 2049, 2048]","[2049, 2049, 2048, 2048, 2049, 2048, 2048, 2048, 2049, 2048, 2049]","[2049, 2049, 2048, 2048, 2049, 2048]",327.0
1141,7953,23,4,2023-03-05T15:08:45.947000+00:00,31.226,43.808,24.727,229.0,247.0,False,99.761,"[2051, 2049, 2049, 2049, 2049, 2048, 2051, 2049, 2049, 2048]","[2049, 2048, 2048, 2048, 2048, 2049, 2048, 2048, 2049, 2048, 2048]","[2048, 2048, 2048, 2048, 2049, 2048]",324.0
1141,7953,2,4,2023-03-05T15:08:46.557000+00:00,31.421,44.124,25.099,228.0,242.0,False,100.644,"[None, 2049, 2049, 2049, 2049, 2048, 2048, 2048, 2048, 2048]","[2048, 2048, 2048, 2048, 2049, 2048, 2048, 2048, 2048, 2048, 2048]","[2048, 2048, 2048, 2048, 2048, 2048]",327.0
1141,7953,27,4,2023-03-05T15:08:47.432000+00:00,32.225,43.817,24.962,227.0,248.0,False,101.004,"[2049, 2049, 2049, 2049, 2048, 2048, 2048, 2048, 2049, 2048]","[2048, 2048, 2048, 2048, 2049, 2049, 2049, 2049, 2048, 2048, 2049]","[2048, 2048, 2049, 2049, 2048, 2048]",328.0
1141,7953,22,4,2023-03-05T15:08:47.791000+00:00,31.259,43.59,25.101,225.0,248.0,False,99.95,"[2049, 2051, 2051, 2049, 2049, 2048, 2048, 2049, 2049, 2048]","[2049, 2049, 2048, 2048, 2049, 2049, 2049, 2051, 2048, 2048, 2048]","[2048, 2048, 2048, 2048, 2048, 2048]",317.0
1141,7953,81,4,2023-03-05T15:08:48.588000+00:00,31.831,44.079,24.808,227.0,244.0,False,100.718,"[None, 2049, 2049, 2049, 2048, 2048, 2048, 2048, 2048, 2048]","[2048, 2048, 2048, 2048, 2048, 2048, 2048, 2048, 2048, 2048, 2049]","[2048, 2048, 2048, 2048, 2049, 2048]",327.0
1141,7953,24,4,2023-03-05T15:08:49.010000+00:00,31.457,44.6,24.796,,244.0,False,100.853,"[2049, 2049, 2049, 2049, 2048, 2048, 2048, 2051, 2048, 2049]","[2048, 2048, 2048, 2048, 2048, 2048, 2048, 2048, 2049, 2048, 2049]","[2048, 2048, 2048, 2048, 2049, 2048, 2048]",323.0
1141,7953,10,4,2023-03-05T15:08:49.588000+00:00,31.514,44.492,24.888,223.0,237.0,False,100.894,"[2049, 2049, 2049, 2049, 2048, 2048, 2048, 2049, 2048, 2048]","[2048, 2048, 2048, 2048, 2048, 2048, 2048, 2048, 2048, 2048, 2049]","[2048, 2048, 2048, 2048, 2048, 2048, 2048]",311.0
1141,7953,21,4,2023-03-05T15:08:50.979000+00:00,31.611,43.9,24.862,,237.0,False,100.373,"[None, 2048, 2048, 2049, 2049, 2048, 2048, 2048, 2049, 2048]","[2049, 2049, 2049, 2049, 2049, 2048, 2048, 2048, 2049, 2048, 2048]","[2048, 2048, 2048, 2048, 2048, 2048, 2048]",302.0
1141,7953,20,4,2023-03-05T15:08:51.822000+00:00,31.755,44.045,24.973,229.0,239.0,False,100.773,"[None, 2049, 2049, 2048, 2048, 2048, 2049, 2049, 2048, 2048]","[2049, 2049, 2048, 2048, 2049, 2048, 2049, 2049, 2049, 2048, 2048]","[2048, 2048, 2048, 2049, 2048, 2048, 2048]",303.0
1141,7953,1,5,2023-03-05T15:10:11.852000+00:00,31.244,42.724,24.067,,239.0,False,98.035,"[None, 2049, 2049, 2048, 2051, 2048, 2048, 2048, 2048, 2048]","[2048, 2048, 2048, 2048, 2048, 2048, 2048, 2048, 2048, 2048, 2048]","[2048, 2048, 2048, 2049, 2048, 2048, 2048]",290.0
1141,7953,16,5,2023-03-05T15:10:15.352000+00:00,31.543,42.943,24.178,,255.0,False,98.664,"[None, 2048, 2049, 2049, 2048, 2048, 2048, 2048, 2048, 2049]","[2048, 2048, 2048, 2048, 2048, 2048, 2048, 2049, 2048, 2048, 2049]","[2048, 2049, 2048, 2049, 2048, 2048, 2049]",307.0
1141,7953,11,5,2023-03-05T15:10:16.368000+00:00,31.231,42.944,24.229,232.0,250.0,False,98.404,"[2049, 2049, 2049, 2049, 2049, 2048, 2048, 2049, 2048, 2048]","[2048, 2048, 2048, 2049, 2048, 2048, 2049, 2049, 2048, 2049, 2049]","[2048, 2048, 2048, 2049, 2048, 2048, 2049]",299.0
1141,7953,55,5,2023-03-05T15:10:17.524000+00:00,31.048,43.623,24.457,227.0,241.0,False,99.128,"[2048, 2049, 2048, 2049, 2048, 2048, 2048, 2049, 2049, 2048]","[2048, 2048, 2048, 2048, 2048, 2048, 2048, 2048, 2048, 2048, 2048]","[2048, 2048, 2048, 2048, 2048, 2048]",315.0
1141,7953,44,5,2023-03-05T15:10:18.758000+00:00,31.35,43.508,24.477,230.0,246.0,False,99.335,"[2048, 2048, 2048, 2048, 2048, 2048, 2048, 2048, 2049, 2048]","[2049, 2048, 2048, 2048, 2048, 2048, 2048, 2048, 2048, 2048, 2048]","[2049, 2048, 2048, 2048, 2049, 2048, 2048]",308.0
1141,7953,63,5,2023-03-05T15:10:19.508000+00:00,31.367,43.763,24.419,227.0,243.0,False,99.549,"[None, 2049, 2048, 2048, 2048, 2048, 2048, 2048, 2048, 2048]","[2049, 2048, 2048, 2048, 2048, 2048, 2048, 2048, 2048, 2048, 2048]","[2048, 2048, 2048, 2048, 2049, 2048, 2048]",314.0
1141,7953,14,5,2023-03-05T15:10:20.915000+00:00,31.705,43.553,24.404,225.0,235.0,False,99.662,"[None, 2049, 2049, 2048, 2048, 2048, 2048, 2048, 2048, 2048]","[2049, 2048, 2048, 2048, 2048, 2048, 2049, 2048, 2048, 2048, 2048]","[2048, 2048, 2048, 2048, 2048, 2048]",301.0
1141,7953,77,5,2023-03-05T15:10:22.165000+00:00,32.204,44.132,24.697,,239.0,False,101.033,"[2048, 2048, 2048, 2048, 2048, 2048, 2048, 2048, 2048, 2048]","[2048, 2048, 2048, 2048, 2048, 2048, 2048, 2048, 2048, 2048, 2048]","[2048, 2048, 2048, 2049, 2048, 2048, 2048]",297.0
1141,7953,18,5,2023-03-05T15:10:22.789000+00:00,31.135,43.479,24.53,227.0,248.0,False,99.144,"[2048, 2049, 2049, 2051, 2049, 2048, 2048, 2048, 2049, 2048]","[2049, 2048, 2048, 2048, 2049, 2048, 2048, 2048, 2049, 2048, 2048]","[2049, 2048, 2048, 2048, 2049, 2048]",323.0
1141,7953,31,5,2023-03-05T15:10:24.680000+00:00,31.709,43.727,24.845,,241.0,False,100.281,"[2048, 2048, 2048, 2048, 2048, 2048, 2048, 2048, 2049, 2048]","[2049, 2048, 2048, 2048, 2048, 2048, 2048, 2048, 2048, 2048, 2048]","[2048, 2048, 2048, 2048, 2048, 2048]",297.0
1141,7953,23,5,2023-03-05T15:10:25.633000+00:00,31.48,44.21,24.916,,241.0,False,100.606,"[2048, 2048, 2048, 2049, 2048, 2048, 2048, 2048, 2048, 2048]","[2049, 2048, 2048, 2048, 2048, 2048, 2048, 2048, 2049, 2048, 2048]","[2048, 2048, 2048, 2048, 2048, 2048, 2048]",321.0
1141,7953,4,5,2023-03-05T15:10:26.727000+00:00,32.022,43.875,24.767,225.0,248.0,False,100.664,"[2049, 2049, 2049, 2049, 2048, 2048, 2048, 2048, 2048, 2048]","[2048, 2048, 2048, 2048, 2048, 2048, 2048, 2048, 2049, 2048, 2048]","[2048, 2048, 2048, 2048, 2048, 2048, 2048]",315.0
1141,7953,2,5,2023-03-05T15:10:27.180000+00:00,31.603,44.497,24.802,229.0,243.0,False,100.902,"[None, 2049, 2051, 2048, 2048, 2048, 2049, 2051, 2049, 2048]","[2048, 2048, 2048, 2048, 2049, 2048, 2048, 2048, 2048, 2049, 2048]","[2049, 2048, 2048, 2048, 2049, 2048, 2048]",310.0
1141,7953,22,5,2023-03-05T15:10:27.649000+00:00,31.566,44.562,25.003,227.0,251.0,False,101.131,"[2048, 2048, 2048, 2048, 2048, 2048, 2049, 2048, 2048, 2048]","[2048, 2048, 2048, 2049, 2048, 2049, 2049, 2048, 2048, 2048, 2049]","[2048, 2048, 2048, 2048, 2048, 2048, 2048]",302.0
1141,7953,27,5,2023-03-05T15:10:28.430000+00:00,31.56,44.453,24.989,230.0,246.0,False,101.002,"[2048, 2049, 2048, 2048, 2048, 2048, 2048, 2049, 2048, 2048]","[2048, 2048, 2048, 2048, 2048, 2048, 2048, 2048, 2048, 2048, 2048]","[2048, 2048, 2048, 2049, 2048, 2048, 2048]",318.0
1141,7953,81,5,2023-03-05T15:10:29.336000+00:00,31.846,44.06,24.956,228.0,232.0,False,100.862,"[2048, 2048, 2048, 2048, 2049, 2048, 2048, 2048, 2048, 2048]","[2048, 2048, 2048, 2048, 2048, 2048, 2049, 2048, 2048, 2048, 2048]","[2048, 2048, 2048, 2048, 2048, 2048, 2048]",309.0
1141,7953,24,5,2023-03-05T15:10:29.883000+00:00,31.58,44.334,24.9,226.0,248.0,False,100.814,"[2048, 2048, 2048, 2048, 2048, 2048, 2048, 2048, 2048, 2048]","[2048, 2048, 2048, 2048, 2048, 2048, 2048, 2048, 2048, 2048, 2049]","[2048, 2048, 2048, 2048, 2048, 2048]",325.0
1141,7953,10,5,2023-03-05T15:10:30.477000+00:00,31.705,44.192,24.921,,241.0,False,100.818,"[2048, 2048, 2048, 2048, 2048, 2048, 2048, 2048, 2049, 2048]","[2048, 2048, 2048, 2048, 2048, 2048, 2048, 2049, 2048, 2048, 2049]","[2048, 2048, 2048, 2049, 2048, 2048, 2048]",299.0
1141,7953,21,5,2023-03-05T15:10:31.461000+00:00,31.428,44.155,25.047,228.0,239.0,False,100.63,"[2049, 2049, 2049, 2049, 2048, 2048, 2048, 2048, 2048, 2048]","[2048, 2048, 2048, 2048, 2048, 2048, 2049, 2049, 2048, 2048, 2048]","[2048, 2048, 2048, 2048, 2048, 2048, 2048]",318.0
1141,7953,20,5,2023-03-05T15:10:32.461000+00:00,31.769,44.572,24.999,228.0,239.0,False,101.34,"[2048, 2048, 2049, 2049, 2048, 2048, 2048, 2048, 2048, 2048]","[2049, 2048, 2048, 2048, 2048, 2048, 2048, 2048, 2049, 2048, 2048]","[2048, 2049, 2048, 2048, 2048, 2048]",314.0
1141,7953,1,6,2023-03-05T15:11:49.866000+00:00,31.341,42.632,24.013,229.0,239.0,False,97.986,"[None, 2049, 2049, 2048, 2048, 2048, 2048, 2048, 2048, 2048]","[2048, 2048, 2048, 2049, 2048, 2048, 2049, 2048, 2048, 2048, 2048]","[2048, 2048, 2048, 2049, 2048, 2048, 2049]",291.0
1141,7953,16,6,2023-03-05T15:11:53.991000+00:00,31.444,43.037,24.091,,242.0,False,98.572,"[2049, 2049, 2048, 2048, 2048, 2048, 2048, 2048, 2048, 2048]","[2048, 2049, 2048, 2048, 2048, 2048, 2048, 2048, 2048, 2048, 2048]","[2048, 2048, 2048, 2049, 2049, 2048]",302.0
1141,7953,11,6,2023-03-05T15:11:54.772000+00:00,31.276,43.043,24.399,231.0,246.0,False,98.718,"[None, 2049, 2049, 2048, 2048, 2048, 2049, 2049, 2048, 2048]","[2048, 2048, 2048, 2048, 2048, 2048, 2048, 2048, 2048, 2048, 2048]","[2048, 2048, 2048, 2048, 2048, 2048, 2048]",309.0
1141,7953,55,6,2023-03-05T15:11:56.647000+00:00,31.469,43.498,24.507,226.0,241.0,False,99.474,"[None, 2048, 2048, 2049, 2048, 2048, 2048, 2048, 2049, 2048]","[2049, 2049, 2048, 2048, 2048, 2048, 2048, 2048, 2048, 2048, 2048]","[2048, 2048, 2048, 2048, 2048, 2048, 2048]",306.0
1141,7953,44,6,2023-03-05T15:11:58.069000+00:00,31.434,43.751,24.571,231.0,245.0,False,99.756,"[None, 2048, 2048, 2049, 2048, 2048, 2048, 2048, 2048, 2048]","[2048, 2048, 2048, 2048, 2048, 2048, 2048, 2048, 2048, 2048, 2048]","[2048, 2048, 2048, 2048, 2048, 2048, 2048]",309.0
1141,7953,63,6,2023-03-05T15:11:59.038000+00:00,31.196,43.619,24.678,228.0,255.0,False,99.493,"[2048, 2048, 2049, 2048, 2048, 2048, 2048, 2049, 2048, 2048]","[2048, 2048, 2048, 2048, 2048, 2048, 2048, 2048, 2048, 2048, 2049]","[2048, 2048, 2048, 2048, 2048, 2048]",323.0
1141,7953,14,6,2023-03-05T15:12:00.585000+00:00,31.695,43.482,24.497,224.0,240.0,False,99.674,"[2048, 2048, 2049, 2049, 2048, 2048, 2048, 2048, 2048, 2048]","[2049, 2049, 2048, 2048, 2048, 2048, 2048, 2049, 2048, 2048, 2048]","[2048, 2048, 2048, 2048, 2048, 2048]",306.0
1141,7953,18,6,2023-03-05T15:12:01.960000+00:00,31.536,43.59,24.588,229.0,230.0,False,99.714,"[None, 2048, 2048, 2048, 2048, 2048, 2048, 2048, 2049, 2048]","[2048, 2049, 2048, 2048, 2048, 2048, 2048, 2048, 2048, 2048, 2048]","[2048, 2048, 2048, 2048, 2048, 2048, 2048]",298.0
1141,7953,77,6,2023-03-05T15:12:03.241000+00:00,31.687,43.789,24.789,229.0,239.0,False,100.265,"[None, 2048, 2048, 2048, 2048, 2048, 2048, 2048, 2049, 2048]","[2048, 2048, 2048, 2048, 2049, 2048, 2048, 2048, 2049, 2048, 2048]","[2048, 2048, 2048, 2048, 2048, 2048, 2048]",292.0
1141,7953,31,6,2023-03-05T15:12:05.069000+00:00,31.767,43.724,24.84,227.0,244.0,False,100.331,"[None, 2048, 2048, 2048, 2048, 2048, 2048, 2048, 2048, 2048]","[2049, 2048, 2048, 2048, 2048, 2048, 2048, 2048, 2048, 2048, 2048]","[2048, 2048, 2048, 2048, 2048, 2048]",
1141,7953,23,6,2023-03-05T15:12:06.272000+00:00,31.764,44.077,24.903,227.0,242.0,False,100.744,"[None, 2048, 2048, 2049, 2049, 2048, 2048, 2048, 2048, 2048]","[2049, 2048, 2048, 2048, 2048, 2048, 2048, 2048, 2048, 2048, 2048]","[2048, 2048, 2048, 2048, 2048, 2048, 2048]",312.0
1141,7953,4,6,2023-03-05T15:12:07.413000+00:00,31.98,44.01,24.824,227.0,243.0,False,100.814,"[2048, 2048, 2048, 2048, 2049, 2048, 2048, 2048, 2048, 2048]","[2048, 2048, 2048, 2048, 2048, 2048, 2048, 2048, 2048, 2048, 2048]","[2048, 2048, 2048, 2049, 2048, 2048, 2048]",297.0
1141,7953,2,6,2023-03-05T15:12:08.209000+00:00,31.776,44.129,24.886,230.0,240.0,False,100.791,"[2048, 2048, 2048, 2048, 2049, 2048, 2048, 2048, 2048, 2048]","[2048, 2049, 2048, 2048, 2048, 2048, 2048, 2048, 2048, 2048, 2048]","[2048, 2048, 2048, 2048, 2048, 2048, 2048]",303.0
1141,7953,22,6,2023-03-05T15:12:08.834000+00:00,31.671,44.172,25.043,230.0,251.0,False,100.886,"[None, 2048, 2048, 2049, 2048, 2048, 2048, 2048, 2048, 2048]","[2048, 2048, 2048, 2048, 2048, 2048, 2048, 2048, 2048, 2048, 2048]","[2048, 2048, 2048, 2048, 2048, 2048, 2048]",311.0
1141,7953,27,6,2023-03-05T15:12:09.413000+00:00,31.566,44.338,25.098,,248.0,False,101.002,"[2049, 2048, 2048, 2048, 2048, 2048, 2048, 2048, 2048, 2048]","[2048, 2048, 2048, 2048, 2048, 2048, 2048, 2048, 2048, 2048, 2048]","[2048, 2048, 2048, 2048, 2048, 2048]",323.0
1141,7953,81,6,2023-03-05T15:12:10.178000+00:00,31.694,44.425,24.992,223.0,241.0,False,101.111,"[None, 2048, 2048, 2048, 2048, 2048, 2048, 2048, 2049, 2048]","[2048, 2048, 2048, 2048, 2048, 2048, 2048, 2048, 2048, 2048, 2048]","[2048, 2048, 2048, 2049, 2048, 2048]",317.0
1141,7953,24,6,2023-03-05T15:12:10.694000+00:00,31.782,44.431,24.943,224.0,237.0,False,101.156,"[None, 2048, 2048, 2049, 2048, 2048, 2048, 2048, 2049, 2048]","[2048, 2048, 2048, 2048, 2048, 2048, 2048, 2048, 2049, 2048, 2048]","[2048, 2048, 2048, 2048, 2049, 2048]",308.0
1141,7953,10,6,2023-03-05T15:12:11.319000+00:00,31.573,44.534,25.003,225.0,242.0,False,101.11,"[None, 2048, 2049, 2049, 2048, 2048, 2049, 2049, 2048, 2048]","[2048, 2048, 2048, 2048, 2048, 2048, 2048, 2049, 2048, 2048, 2049]","[2048, 2048, 2048, 2049, 2048, 2048, 2048]",313.0
1141,7953,21,6,2023-03-05T15:12:12.038000+00:00,31.563,44.451,25.111,229.0,243.0,False,101.125,"[None, 2049, 2049, 2049, 2048, 2048, 2048, 2048, 2048, 2048]","[2048, 2048, 2048, 2048, 2048, 2048, 2048, 2048, 2048, 2048, 2048]","[2048, 2048, 2048, 2048, 2048, 2048, 2048]",320.0
1141,7953,20,6,2023-03-05T15:12:13.819000+00:00,32.023,44.289,24.813,227.0,239.0,False,101.125,"[None, 2048, 2048, 2049, 2048, 2048, 2048, 2048, 2049, 2048]","[2049, 2048, 2048, 2048, 2049, 2048, 2048, 2048, 2048, 2048, 2048]","[2048, 2048, 2048, 2048, 2049, 2048, 2048]",299.0
1141,7953,1,7,2023-03-05T15:13:27.880000+00:00,31.29,42.763,23.968,230.0,239.0,False,98.021,"[None, 2049, 2049, 2049, 2048, 2048, 2048, 2048, 2048, 2048]","[2048, 2048, 2048, 2048, 2048, 2048, 2049, 2048, 2048, 2048, 2048]","[2048, 2048, 2048, 2049, 2048, 2048]",293.0
1141,7953,16,7,2023-03-05T15:13:32.583000+00:00,31.441,43.08,24.17,227.0,242.0,False,98.691,"[2048, 2048, 2048, 2048, 2048, 2048, 2048, 2048, 2048, 2049]","[2049, 2049, 2048, 2048, 2048, 2048, 2048, 2048, 2048, 2048, 2048]","[2048, 2049, 2049, 2049, 2048, 2048]",304.0
1141,7953,11,7,2023-03-05T15:13:33.489000+00:00,31.214,43.174,24.416,230.0,237.0,False,98.804,"[2048, 2048, 2048, 2048, 2048, 2048, 2049, 2048, 2048, 2048]","[2048, 2049, 2048, 2048, 2048, 2048, 2049, 2048, 2048, 2048, 2048]","[2048, 2048, 2048, 2048, 2048, 2048, 2048]",298.0
1141,7953,55,7,2023-03-05T15:13:36.098000+00:00,31.546,43.469,24.487,227.0,241.0,False,99.502,"[None, 2048, 2048, 2048, 2048, 2048, 2048, 2048, 2048, 2048]","[2048, 2048, 2048, 2048, 2048, 2048, 2048, 2048, 2048, 2048, 2048]","[2048, 2048, 2048, 2048, 2048, 2048, 2048]",305.0
1141,7953,44,7,2023-03-05T15:13:37.817000+00:00,31.48,43.664,24.613,233.0,249.0,False,99.757,"[None, 2048, 2048, 2048, 2048, 2048, 2048, 2048, 2048, 2048]","[2049, 2048, 2048, 2048, 2048, 2048, 2048, 2048, 2048, 2048, 2048]","[2048, 2048, 2048, 2048, 2048, 2048, 2048]",310.0
1141,7953,63,7,2023-03-05T15:13:38.505000+00:00,31.589,43.827,24.64,223.0,250.0,False,100.056,"[2049, 2049, 2049, 2048, 2048, 2048, 2048, 2048, 2048, 2048]","[2048, 2049, 2048, 2048, 2048, 2048, 2048, 2048, 2048, 2048, 2048]","[2048, 2048, 2048, 2048, 2048, 2048]",319.0
1141,7953,14,7,2023-03-05T15:13:40.302000+00:00,31.675,43.494,24.56,227.0,233.0,False,99.729,"[2049, 2048, 2048, 2048, 2048, 2048, 2048, 2048, 2048, 2048]","[2048, 2048, 2048, 2048, 2048, 2048, 2048, 2049, 2048, 2048, 2048]","[2048, 2048, 2048, 2048, 2048, 2049, 2049]",305.0
1141,7953,18,7,2023-03-05T15:13:41.661000+00:00,31.558,43.832,24.555,230.0,236.0,False,99.945,"[None, 2048, 2048, 2048, 2049, 2048, 2048, 2048, 2049, 2048]","[2048, 2048, 2048, 2048, 2048, 2048, 2048, 2048, 2048, 2048, 2048]","[2048, 2048, 2048, 2048, 2048, 2048, 2048]",295.0
1141,7953,77,7,2023-03-05T15:13:43.489000+00:00,31.983,43.92,24.661,226.0,238.0,False,100.564,"[None, 2048, 2048, 2048, 2048, 2048, 2048, 2048, 2048, 2048]","[2049, 2048, 2048, 2048, 2048, 2048, 2048, 2048, 2048, 2048, 2048]","[2048, 2048, 2048, 2048, 2049, 2048, 2048]",293.0
1141,7953,31,7,2023-03-05T15:13:45.348000+00:00,31.819,43.773,24.896,,243.0,False,100.488,"[None, 2048, 2048, 2048, 2048, 2048, 2048, 2048, 2048, 2048]","[2048, 2048, 2048, 2048, 2048, 2048, 2048, 2048, 2048, 2048, 2049]","[2048, 2048, 2048, 2048, 2048, 2048]",
1141,7953,23,7,2023-03-05T15:13:47.020000+00:00,31.833,44.04,24.773,,243.0,False,100.646,"[None, 2048, 2048, 2049, 2048, 2048, 2048, 2048, 2049, 2048]","[2048, 2048, 2048, 2048, 2048, 2048, 2048, 2048, 2048, 2048, 2048]","[2048, 2048, 2048, 2048, 2048, 2048, 2048]",310.0
1141,7953,4,7,2023-03-05T15:13:48.223000+00:00,31.923,43.89,24.913,,251.0,False,100.726,"[None, 2048, 2048, 2048, 2049, 2048, 2048, 2048, 2048, 2048]","[2048, 2048, 2048, 2048, 2048, 2048, 2048, 2048, 2048, 2048, 2048]","[2048, 2048, 2048, 2048, 2048, 2048]",301.0
1141,7953,2,7,2023-03-05T15:13:48.880000+00:00,31.801,44.19,24.901,227.0,246.0,False,100.892,"[None, 2048, 2048, 2048, 2048, 2048, 2048, 2048, 2048, 2048]","[2048, 2048, 2048, 2048, 2048, 2048, 2048, 2048, 2048, 2048, 2048]","[2048, 2048, 2048, 2048, 2048, 2048, 2048]",308.0
1141,7953,22,7,2023-03-05T15:13:49.692000+00:00,31.564,44.259,25.129,224.0,252.0,False,100.952,"[None, 2048, 2048, 2049, 2048, 2048, 2048, 2049, 2048, 2048]","[2048, 2048, 2048, 2048, 2048, 2048, 2048, 2048, 2048, 2048, 2048]","[2048, 2048, 2048, 2048, 2048, 2048]",312.0
1141,7953,27,7,2023-03-05T15:13:50.411000+00:00,31.575,44.33,25.243,227.0,249.0,False,101.148,"[2048, 2048, 2048, 2048, 2048, 2048, 2048, 2048, 2049, 2048]","[2049, 2048, 2048, 2048, 2048, 2048, 2048, 2048, 2048, 2048, 2049]","[2048, 2048, 2048, 2048, 2048, 2048]",315.0
1141,7953,81,7,2023-03-05T15:13:51.270000+00:00,31.716,44.471,24.98,226.0,230.0,False,101.167,"[None, 2048, 2048, 2048, 2048, 2048, 2048, 2048, 2048, 2048]","[2048, 2048, 2048, 2048, 2048, 2048, 2048, 2049, 2048, 2048, 2048]","[2048, 2048, 2048, 2049, 2049, 2048]",320.0
1141,7953,24,7,2023-03-05T15:13:51.911000+00:00,31.609,44.554,25.034,229.0,236.0,False,101.197,"[None, 2048, 2048, 2048, 2048, 2048, 2048, 2048, 2048, 2048]","[2048, 2048, 2048, 2048, 2048, 2048, 2048, 2049, 2048, 2048, 2048]","[2048, 2048, 2048, 2049, 2048, 2048, 2048]",323.0
1141,7953,10,7,2023-03-05T15:13:52.395000+00:00,31.604,44.49,25.04,,241.0,False,101.134,"[None, 2048, 2048, 2048, 2048, 2048, 2048, 2049, 2048, 2048]","[2048, 2048, 2048, 2048, 2048, 2048, 2048, 2049, 2048, 2048, 2048]","[2048, 2048, 2048, 2048, 2048, 2048, 2048]",308.0
1141,7953,21,7,2023-03-05T15:13:53.129000+00:00,31.511,44.638,25.017,230.0,243.0,False,101.166,"[2048, 2048, 2048, 2048, 2048, 2048, 2048, 2048, 2048, 2048]","[2048, 2048, 2048, 2048, 2048, 2048, 2048, 2048, 2048, 2048, 2049]","[2048, 2048, 2048, 2048, 2048, 2048, 2048]",318.0
1141,7953,20,7,2023-03-05T15:13:54.926000+00:00,32.135,44.46,24.931,,241.0,False,101.526,"[None, 2048, 2048, 2049, 2048, 2048, 2048, 2048, 2049, 2048]","[2048, 2048, 2048, 2048, 2048, 2048, 2048, 2048, 2048, 2048, 2048]","[2048, 2048, 2048, 2048, 2048, 2048]",
1141,7953,1,8,2023-03-05T15:15:05.878000+00:00,31.291,42.833,24.03,,240.0,False,98.154,"[None, 2049, 2049, 2048, 2048, 2048, 2048, 2049, 2048, 2048]","[2048, 2048, 2048, 2049, 2048, 2048, 2048, 2048, 2048, 2048, 2048]","[2048, 2048, 2048, 2049, 2048, 2048, 2049]",
1141,7953,16,8,2023-03-05T15:15:11.253000+00:00,31.438,42.977,24.199,,242.0,False,98.614,"[None, 2048, 2048, 2048, 2048, 2048, 2048, 2048, 2048, 2048]","[2048, 2051, 2048, 2048, 2048, 2048, 2048, 2048, 2048, 2048, 2048]","[2048, 2048, 2048, 2048, 2048, 2048]",302.0
1141,7953,11,8,2023-03-05T15:15:12.300000+00:00,31.58,43.193,24.399,,243.0,False,99.172,"[None, 2048, 2048, 2048, 2048, 2048, 2048, 2048, 2048, 2048]","[2049, 2048, 2048, 2048, 2048, 2048, 2048, 2048, 2048, 2048, 2048]","[2048, 2048, 2048, 2048, 2048, 2048, 2048]",296.0
1141,7953,55,8,2023-03-05T15:15:15.628000+00:00,31.674,43.598,24.507,226.0,244.0,False,99.779,"[None, 2048, 2048, 2048, 2048, 2048, 2048, 2048, 2048, 2048]","[2049, 2048, 2048, 2048, 2048, 2048, 2048, 2048, 2048, 2048, 2048]","[2048, 2048, 2048, 2048, 2048, 2048, 2048]",302.0
1141,7953,44,8,2023-03-05T15:15:17.597000+00:00,31.718,43.82,24.729,231.0,249.0,False,100.267,"[None, 2048, 2048, 2048, 2048, 2048, 2048, 2048, 2048, 2048]","[2048, 2048, 2048, 2048, 2048, 2048, 2048, 2048, 2048, 2048, 2048]","[2048, 2048, 2048, 2048, 2049, 2048, 2048]",306.0
1141,7953,63,8,2023-03-05T15:15:18.565000+00:00,31.522,44.119,24.669,227.0,249.0,False,100.31,"[2048, 2048, 2048, 2048, 2048, 2048, 2048, 2048, 2048, 2048]","[2049, 2048, 2048, 2048, 2048, 2048, 2048, 2048, 2048, 2048, 2048]","[2048, 2048, 2048, 2048, 2048, 2048]",312.0
1141,7953,14,8,2023-03-05T15:15:19.972000+00:00,31.674,43.675,24.61,,238.0,False,99.959,"[None, 2049, 2049, 2048, 2048, 2048, 2048, 2048, 2048, 2048]","[2049, 2048, 2048, 2048, 2048, 2048, 2049, 2048, 2048, 2048, 2048]","[2048, 2048, 2049, 2049, 2048, 2048, 2049]",
1141,7953,18,8,2023-03-05T15:15:21.581000+00:00,31.619,43.524,24.658,228.0,249.0,False,99.801,"[None, 2048, 2048, 2048, 2048, 2048, 2048, 2048, 2048, 2048]","[2049, 2048, 2048, 2048, 2048, 2048, 2048, 2048, 2049, 2049, 2048]","[2048, 2048, 2048, 2049, 2048, 2048]",304.0
1141,7953,77,8,2023-03-05T15:15:24.034000+00:00,31.864,43.791,24.732,228.0,239.0,False,100.387,"[None, 2048, 2048, 2048, 2048, 2048, 2048, 2048, 2048, 2048]","[2049, 2049, 2048, 2048, 2048, 2048, 2048, 2048, 2049, 2048, 2048]","[2048, 2049, 2048, 2048, 2048, 2048]",
1141,7953,31,8,2023-03-05T15:15:25.831000+00:00,31.873,43.836,24.853,,243.0,False,100.562,"[None, 2048, 2048, 2048, 2048, 2048, 2048, 2048, 2049, 2048]","[2049, 2048, 2048, 2048, 2048, 2048, 2048, 2048, 2048, 2048, 2048]","[2048, 2048, 2048, 2048, 2048, 2048, 2048]",292.0
1141,7953,23,8,2023-03-05T15:15:27.659000+00:00,31.83,44.297,24.791,228.0,239.0,False,100.918,"[None, 2048, 2048, 2049, 2048, 2048, 2048, 2048, 2049, 2048]","[2049, 2048, 2048, 2048, 2048, 2048, 2048, 2048, 2048, 2048, 2048]","[2048, 2048, 2048, 2048, 2048, 2048]",312.0
1141,7953,4,8,2023-03-05T15:15:28.893000+00:00,32.024,43.869,24.964,226.0,244.0,False,100.857,"[None, 2048, 2048, 2048, 2048, 2048, 2048, 2048, 2048, 2048]","[2048, 2048, 2048, 2048, 2048, 2048, 2048, 2048, 2048, 2048, 2048]","[2048, 2048, 2048, 2048, 2048, 2048, 2048]",298.0
1141,7953,2,8,2023-03-05T15:15:29.737000+00:00,31.647,44.392,24.829,231.0,245.0,False,100.868,"[None, 2048, 2048, 2048, 2049, 2048, 2048, 2048, 2048, 2048]","[2048, 2048, 2048, 2048, 2048, 2048, 2048, 2048, 2048, 2048, 2048]","[2049, 2048, 2048, 2048, 2048, 2048, 2048]",312.0
1141,7953,22,8,2023-03-05T15:15:30.659000+00:00,31.566,44.156,25.124,,251.0,False,100.846,"[None, 2048, 2048, 2049, 2048, 2048, 2048, 2048, 2048, 2048]","[2048, 2048, 2048, 2048, 2048, 2048, 2048, 2048, 2048, 2048, 2048]","[2048, 2048, 2048, 2048, 2048, 2048]",319.0
1141,7953,27,8,2023-03-05T15:15:31.612000+00:00,31.819,44.221,25.209,,248.0,False,101.249,"[None, 2048, 2048, 2048, 2048, 2048, 2048, 2048, 2048, 2048]","[2049, 2048, 2048, 2048, 2048, 2048, 2048, 2048, 2048, 2048, 2048]","[2048, 2048, 2048, 2048, 2048, 2048]",322.0
1141,7953,81,8,2023-03-05T15:15:32.456000+00:00,31.665,44.59,25.04,225.0,230.0,False,101.295,"[None, 2048, 2048, 2048, 2048, 2048, 2048, 2048, 2048, 2048]","[2048, 2048, 2048, 2048, 2048, 2048, 2048, 2048, 2048, 2048, 2048]","[2048, 2048, 2048, 2048, 2048, 2048, 2048]",318.0
1141,7953,24,8,2023-03-05T15:15:33.049000+00:00,31.722,44.39,25.072,226.0,231.0,False,101.184,"[None, 2048, 2048, 2048, 2048, 2048, 2048, 2048, 2048, 2048]","[2048, 2048, 2048, 2048, 2048, 2048, 2048, 2048, 2049, 2048, 2048]","[2048, 2048, 2048, 2049, 2048, 2048, 2048]",314.0
1141,7953,10,8,2023-03-05T15:15:33.534000+00:00,31.773,44.275,25.125,,239.0,False,101.173,"[None, 2048, 2048, 2048, 2048, 2048, 2048, 2049, 2048, 2048]","[2049, 2048, 2048, 2049, 2048, 2048, 2048, 2048, 2048, 2048, 2048]","[2048, 2048, 2048, 2048, 2048, 2048, 2048]",305.0
1141,7953,21,8,2023-03-05T15:15:34.378000+00:00,31.601,44.514,25.115,229.0,237.0,False,101.23,"[None, 2049, 2049, 2048, 2048, 2048, 2048, 2048, 2048, 2048]","[2048, 2048, 2048, 2048, 2048, 2048, 2048, 2048, 2048, 2048, 2048]","[2048, 2048, 2048, 2048, 2048, 2048, 2048]",319.0
1141,7953,20,8,2023-03-05T15:15:36.471000+00:00,32.062,44.289,24.932,,249.0,False,101.283,"[None, 2048, 2048, 2049, 2048, 2048, 2048, 2048, 2048, 2048]","[2048, 2048, 2048, 2048, 2048, 2048, 2048, 2048, 2048, 2049, 2049]","[2048, 2048, 2048, 2048, 2048, 2048]",303.0
1141,7953,1,9,2023-03-05T15:16:44.033000+00:00,31.336,42.823,24.119,229.0,242.0,False,98.278,"[None, 2049, 2049, 2048, 2048, 2048, 2048, 2048, 2048, 2048]","[2048, 2048, 2048, 2048, 2048, 2048, 2048, 2049, 2048, 2048, 2049]","[2048, 2048, 2048, 2048, 2048, 2048]",
1141,7953,16,9,2023-03-05T15:16:49.892000+00:00,31.503,43.09,24.235,226.0,241.0,False,98.828,"[None, 2049, 2049, 2048, 2048, 2048, 2048, 2048, 2049, 2048]","[2048, 2048, 2048, 2048, 2048, 2048, 2048, 2049, 2048, 2048, 2048]","[2048, 2048, 2048, 2048, 2048, 2048, 2048]",304.0
1141,7953,11,9,2023-03-05T15:16:51.439000+00:00,31.464,43.077,24.373,231.0,246.0,False,98.914,"[None, 2048, 2048, 2048, 2048, 2048, 2048, 2048, 2048, 2048]","[2049, 2048, 2048, 2048, 2048, 2048, 2048, 2048, 2048, 2048, 2048]","[2048, 2048, 2048, 2048, 2048, 2048, 2048]",294.0
1141,7953,55,9,2023-03-05T15:16:55.376000+00:00,31.602,43.608,24.534,,242.0,False,99.744,"[None, 2048, 2048, 2048, 2048, 2048, 2048, 2048, 2049, 2048]","[2049, 2048, 2048, 2048, 2048, 2048, 2048, 2048, 2048, 2048, 2048]","[2048, 2048, 2048, 2048, 2048, 2048]",306.0
1141,7953,44,9,2023-03-05T15:16:57.860000+00:00,31.893,43.776,24.654,,249.0,False,100.323,"[None, 2048, 2048, 2048, 2048, 2048, 2048, 2048, 2048, 2048]","[2049, 2048, 2048, 2048, 2048, 2048, 2048, 2048, 2048, 2048, 2049]","[2048, 2048, 2048, 2048, 2048, 2048, 2048]",309.0
1141,7953,63,9,2023-03-05T15:16:58.845000+00:00,31.652,44.022,24.746,228.0,254.0,False,100.42,"[None, 2048, 2048, 2048, 2048, 2048, 2048, 2048, 2048, 2048]","[2048, 2048, 2048, 2048, 2048, 2048, 2048, 2048, 2048, 2048, 2048]","[2048, 2048, 2048, 2048, 2048, 2048, 2048]",306.0
1141,7953,14,9,2023-03-05T15:16:59.939000+00:00,31.774,43.819,24.682,226.0,245.0,False,100.275,"[2048, 2048, 2048, 2048, 2048, 2048, 2048, 2048, 2048, 2048]","[2048, 2048, 2048, 2048, 2048, 2048, 2049, 2048, 2048, 2048, 2048]","[2048, 2048, 2048, 2049, 2048, 2048, 2049]",307.0
1141,7953,18,9,2023-03-05T15:17:01.454000+00:00,31.709,43.736,24.661,229.0,248.0,False,100.106,"[None, 2048, 2048, 2048, 2049, 2048, 2048, 2048, 2048, 2048]","[2048, 2049, 2048, 2048, 2048, 2048, 2048, 2048, 2048, 2048, 2048]","[2048, 2048, 2048, 2049, 2048, 2048]",294.0
1141,7953,77,9,2023-03-05T15:17:04.454000+00:00,31.936,43.661,24.678,,238.0,False,100.275,"[None, 2048, 2048, 2048, 2048, 2048, 2048, 2048, 2049, 2048]","[2049, 2049, 2048, 2048, 2048, 2048, 2048, 2048, 2049, 2048, 2048]","[2048, 2048, 2048, 2048, 2048, 2048, 2048]",
1141,7953,31,9,2023-03-05T15:17:06.392000+00:00,31.957,44.034,24.875,226.0,244.0,False,100.866,"[None, 2048, 2048, 2048, 2048, 2048, 2048, 2048, 2048, 2048]","[2048, 2048, 2048, 2048, 2048, 2048, 2048, 2048, 2048, 2048, 2048]","[2048, 2048, 2048, 2048, 2048, 2048]",288.0
1141,7953,23,9,2023-03-05T15:17:08.579000+00:00,31.837,44.298,24.834,230.0,241.0,False,100.969,"[None, 2048, 2048, 2049, 2049, 2048, 2048, 2048, 2049, 2048]","[2049, 2048, 2048, 2048, 2048, 2048, 2048, 2048, 2048, 2048, 2048]","[2048, 2048, 2048, 2048, 2049, 2048, 2048]",310.0
1141,7953,4,9,2023-03-05T15:17:09.766000+00:00,31.843,43.98,24.96,227.0,248.0,False,100.783,"[None, 2048, 2048, 2048, 2049, 2048, 2048, 2048, 2049, 2048]","[2049, 2048, 2048, 2048, 2048, 2048, 2048, 2048, 2048, 2048, 2048]","[2048, 2048, 2048, 2048, 2048, 2048]",297.0
1141,7953,2,9,2023-03-05T15:17:10.610000+00:00,31.948,44.066,24.894,230.0,247.0,False,100.908,"[None, 2048, 2048, 2048, 2048, 2048, 2048, 2048, 2048, 2048]","[2049, 2048, 2048, 2048, 2048, 2048, 2048, 2048, 2048, 2048, 2048]","[2048, 2048, 2048, 2048, 2048, 2048, 2048]",308.0
1141,7953,22,9,2023-03-05T15:17:11.595000+00:00,31.627,44.241,25.142,225.0,250.0,False,101.01,"[None, 2048, 2048, 2048, 2048, 2048, 2048, 2049, 2048, 2048]","[2048, 2048, 2048, 2048, 2048, 2048, 2048, 2048, 2048, 2048, 2048]","[2048, 2048, 2048, 2048, 2048, 2048, 2048]",318.0
1141,7953,27,9,2023-03-05T15:17:12.829000+00:00,32.117,44.419,25.079,226.0,249.0,False,101.615,"[None, 2048, 2048, 2048, 2048, 2048, 2048, 2048, 2049, 2048]","[2049, 2048, 2048, 2048, 2048, 2048, 2048, 2048, 2048, 2048, 2049]","[2048, 2048, 2048, 2048, 2048, 2048]",305.0
1141,7953,81,9,2023-03-05T15:17:13.766000+00:00,31.989,44.548,24.997,223.0,230.0,False,101.534,"[None, 2048, 2048, 2048, 2048, 2048, 2048, 2048, 2048, 2048]","[2048, 2048, 2048, 2048, 2048, 2048, 2049, 2048, 2048, 2048, 2048]","[2048, 2048, 2048, 2048, 2048, 2048]",315.0
1141,7953,24,9,2023-03-05T15:17:14.235000+00:00,31.73,44.682,25.114,223.0,235.0,False,101.526,"[None, 2048, 2048, 2048, 2048, 2048, 2048, 2048, 2048, 2048]","[2048, 2048, 2048, 2048, 2048, 2048, 2048, 2049, 2048, 2048, 2048]","[2048, 2048, 2048, 2048, 2048, 2048, 2048]",307.0
1141,7953,10,9,2023-03-05T15:17:14.735000+00:00,31.843,44.538,27.82,226.0,233.0,False,104.201,"[None, 2048, 2048, 2048, 2048, 2048, 2048, 2049, 2048, 2048]","[2048, 2048, 2048, 2048, 2048, 2048, 2048, 2049, 2048, 2048, 2048]","[2048, 2048, 2048, 2049, 2048, 2048, 2064]",303.0
1141,7953,21,9,2023-03-05T15:17:15.548000+00:00,31.817,44.54,25.216,228.0,241.0,False,101.573,"[None, 2048, 2048, 2048, 2048, 2048, 2048, 2048, 2048, 2048]","[2048, 2048, 2048, 2048, 2048, 2048, 2048, 2048, 2048, 2048, 2048]","[2048, 2048, 2048, 2048, 2048, 2048]",317.0
1141,7953,20,9,2023-03-05T15:17:17.751000+00:00,32.161,44.196,24.921,226.0,250.0,False,101.278,"[None, 2048, 2048, 2048, 2048, 2048, 2048, 2048, 2048, 2048]","[2048, 2048, 2048, 2048, 2048, 2048, 2048, 2048, 2049, 2049, 2049]","[2048, 2048, 2048, 2048, 2048, 2048, 2048]",299.0
1141,7953,1,10,2023-03-05T15:18:22.359000+00:00,31.361,42.884,24.124,230.0,242.0,False,98.369,"[2048, 2049, 2049, 2048, 2048, 2048, 2048, 2049, 2048, 2048]","[2048, 2048, 2048, 2048, 2048, 2048, 2049, 2048, 2048, 2048, 2048]","[2048, 2048, 2048, 2049, 2048, 2048, 2048]",
1141,7953,16,10,2023-03-05T15:18:28.734000+00:00,31.51,43.274,24.289,225.0,242.0,False,99.073,"[None, 2049, 2049, 2048, 2048, 2048, 2048, 2048, 2048, 2048]","[2048, 2048, 2048, 2048, 2048, 2048, 2048, 2048, 2048, 2048, 2048]","[2048, 2048, 2048, 2048, 2048, 2048]",305.0
1141,7953,11,10,2023-03-05T15:18:30.406000+00:00,31.434,43.27,24.381,232.0,242.0,False,99.085,"[None, 2048, 2048, 2048, 2048, 2049, 2048, 2048, 2048, 2048]","[2048, 2048, 2048, 2048, 2048, 2048, 2048, 2048, 2048, 2048, 2048]","[2048, 2048, 2048, 2048, 2048, 2048, 2048]",297.0
1141,7953,55,10,2023-03-05T15:18:35.141000+00:00,31.764,43.676,24.662,225.0,244.0,False,100.102,"[None, 2048, 2048, 2048, 2048, 2048, 2048, 2048, 2048, 2048]","[2048, 2049, 2048, 2048, 2048, 2048, 2048, 2048, 2048, 2048, 2048]","[2048, 2048, 2048, 2048, 2048, 2048]",303.0
1141,7953,44,10,2023-03-05T15:18:38.156000+00:00,31.649,43.985,24.655,230.0,248.0,False,100.289,"[None, 2048, 2048, 2048, 2048, 2048, 2048, 2048, 2049, 2048]","[2048, 2048, 2048, 2048, 2048, 2048, 2048, 2048, 2048, 2048, 2048]","[2048, 2048, 2048, 2048, 2048, 2048, 2048]",308.0
1141,7953,63,10,2023-03-05T15:18:39.281000+00:00,31.699,44.074,24.759,229.0,256.0,False,100.532,"[None, 2048, 2048, 2048, 2048, 2048, 2048, 2048, 2048, 2048]","[2049, 2049, 2048, 2048, 2048, 2048, 2048, 2048, 2048, 2048, 2049]","[2048, 2048, 2048, 2048, 2048, 2048, 2048]",
1141,7953,14,10,2023-03-05T15:18:40.218000+00:00,31.505,43.905,24.793,225.0,243.0,False,100.203,"[2049, 2049, 2049, 2048, 2048, 2048, 2049, 2049, 2048, 2048]","[2048, 2048, 2048, 2048, 2048, 2048, 2049, 2048, 2048, 2048, 2048]","[2048, 2048, 2049, 2049, 2048, 2048, 2049]",321.0
1141,7953,18,10,2023-03-05T15:18:41.530000+00:00,31.714,43.754,24.724,228.0,246.0,False,100.192,"[None, 2048, 2048, 2048, 2048, 2048, 2048, 2048, 2048, 2048]","[2048, 2048, 2048, 2048, 2048, 2048, 2048, 2048, 2048, 2048, 2048]","[2048, 2048, 2048, 2049, 2048, 2048]",306.0
1141,7953,77,10,2023-03-05T15:18:44.718000+00:00,31.929,43.981,24.766,227.0,238.0,False,100.676,"[None, 2048, 2048, 2048, 2048, 2048, 2048, 2048, 2049, 2048]","[2048, 2048, 2048, 2048, 2048, 2048, 2048, 2048, 2048, 2048, 2048]","[2048, 2048, 2048, 2048, 2048, 2048]",292.0
1141,7953,31,10,2023-03-05T15:18:47.265000+00:00,31.918,43.957,24.983,227.0,244.0,False,100.858,"[None, 2048, 2048, 2048, 2048, 2048, 2048, 2048, 2049, 2048]","[2048, 2048, 2048, 2048, 2048, 2048, 2048, 2048, 2048, 2048, 2048]","[2048, 2048, 2048, 2048, 2048, 2048, 2048]",284.0
1141,7953,23,10,2023-03-05T15:18:49.546000+00:00,31.855,44.432,24.832,228.0,247.0,False,101.119,"[None, 2048, 2048, 2048, 2048, 2048, 2048, 2048, 2049, 2048]","[2048, 2049, 2048, 2048, 2048, 2048, 2048, 2048, 2048, 2048, 2048]","[2048, 2048, 2048, 2048, 2048, 2048, 2048]",313.0
1141,7953,4,10,2023-03-05T15:18:50.530000+00:00,31.762,44.097,27.662,,244.0,False,103.521,"[2049, 2048, 2048, 2048, 2048, 2048, 2049, 2049, 2048, 2048]","[2048, 2048, 2048, 2048, 2048, 2048, 2048, 2049, 2048, 2048, 2048]","[2048, 2048, 2048, 2049, 2048, 2048, 2064]",309.0
1141,7953,2,10,2023-03-05T15:18:51.546000+00:00,31.594,44.481,25.058,229.0,250.0,False,101.133,"[None, 2048, 2048, 2048, 2048, 2048, 2048, 2048, 2048, 2048]","[2048, 2048, 2048, 2048, 2048, 2048, 2048, 2048, 2048, 2048, 2048]","[2048, 2048, 2048, 2048, 2048, 2048]",323.0
1141,7953,22,10,2023-03-05T15:18:52.499000+00:00,31.649,44.285,27.815,224.0,253.0,False,103.749,"[None, 2048, 2048, 2049, 2048, 2048, 2048, 2048, 2048, 2048]","[2048, 2048, 2048, 2048, 2048, 2048, 2048, 2048, 2048, 2048, 2049]","[2048, 2048, 2048, 2049, 2048, 2048, 2064]",322.0
1141,7953,27,10,2023-03-05T15:18:54.436000+00:00,32.095,44.673,25.484,227.0,246.0,False,102.252,"[None, 2048, 2048, 2048, 2048, 2048, 2048, 2048, 2049, 2048]","[2048, 2048, 2048, 2048, 2048, 2048, 2048, 2048, 2048, 2048, 2048]","[2048, 2048, 2048, 2048, 2048, 2048]",
1141,7953,81,10,2023-03-05T15:18:55.296000+00:00,31.779,44.617,25.188,225.0,245.0,False,101.584,"[None, 2048, 2048, 2048, 2048, 2048, 2048, 2048, 2048, 2048]","[2048, 2048, 2048, 2048, 2048, 2048, 2048, 2048, 2048, 2048, 2049]","[2048, 2048, 2048, 2049, 2048, 2048]",309.0
1141,7953,24,10,2023-03-05T15:18:55.811000+00:00,31.833,44.623,25.287,226.0,242.0,False,101.743,"[None, 2048, 2048, 2048, 2048, 2048, 2048, 2048, 2048, 2048]","[2048, 2048, 2048, 2048, 2048, 2048, 2048, 2048, 2048, 2048, 2048]","[2048, 2048, 2048, 2048, 2048, 2048, 2048]",310.0
1141,7953,21,10,2023-03-05T15:18:57.046000+00:00,31.78,44.807,25.079,230.0,238.0,False,101.666,"[None, 2048, 2048, 2048, 2048, 2048, 2048, 2048, 2048, 2048]","[2048, 2049, 2048, 2048, 2048, 2048, 2048, 2048, 2048, 2048, 2048]","[2048, 2048, 2048, 2048, 2048, 2048]",319.0
1141,7953,10,10,2023-03-05T15:18:58.905000+00:00,54.574,42.66,24.028,227.0,245.0,True,121.262,"[2064, 2064, 2064, 2048, 2048, 2048, 2048, 2048, 2049, 2048]","[2049, 2048, 2051, 2049, 2051, 2048, 2048, 2048, 2049, 2049, 2049]","[2051, 2049, 2048, 2048, 2049, 2048, 0]",215.0
1141,7953,20,10,2023-03-05T15:18:59.015000+00:00,32.289,44.441,24.989,225.0,249.0,False,101.719,"[None, 2048, 2048, 2049, 2048, 2048, 2048, 2048, 2048, 2048]","[2049, 2048, 2048, 2048, 2048, 2048, 2048, 2048, 2048, 2048, 2049]","[2048, 2048, 2048, 2048, 2049, 2048, 2048]",302.0
1141,7953,1,11,2023-03-05T15:20:00.685000+00:00,31.342,42.978,24.163,,239.0,False,98.483,"[2049, 2049, 2048, 2048, 2048, 2048, 2048, 2048, 2048, 2048]","[2048, 2048, 2048, 2048, 2048, 2048, 2048, 2048, 2048, 2048, 2048]","[2048, 2048, 2048, 2049, 2048, 2048, 2048]",292.0
1141,7953,16,11,2023-03-05T15:20:07.780000+00:00,31.556,43.28,24.376,226.0,242.0,False,99.212,"[None, 2048, 2048, 2048, 2048, 2048, 2048, 2048, 2048, 2048]","[2048, 2048, 2048, 2048, 2048, 2048, 2048, 2049, 2048, 2048, 2048]","[2048, 2048, 2048, 2048, 2048, 2048, 2048]",
1141,7953,11,11,2023-03-05T15:20:09.451000+00:00,31.632,43.188,24.429,,248.0,False,99.249,"[None, 2048, 2048, 2048, 2048, 2048, 2048, 2048, 2048, 2048]","[2048, 2048, 2048, 2048, 2048, 2048, 2048, 2048, 2048, 2048, 2048]","[2048, 2048, 2048, 2048, 2048, 2048]",
1141,7953,55,11,2023-03-05T15:20:15.232000+00:00,31.836,43.996,24.675,226.0,240.0,False,100.507,"[None, 2048, 2048, 2048, 2048, 2048, 2048, 2048, 2048, 2048]","[2049, 2048, 2048, 2048, 2048, 2048, 2048, 2048, 2048, 2048, 2048]","[2048, 2048, 2048, 2048, 2048, 2048, 2048]",305.0
1141,7953,44,11,2023-03-05T15:20:18.482000+00:00,31.823,44.205,24.724,,243.0,False,100.752,"[None, 2048, 2048, 2048, 2048, 2048, 2048, 2048, 2048, 2048]","[2049, 2048, 2048, 2048, 2048, 2048, 2048, 2048, 2048, 2048, 2048]","[2048, 2048, 2048, 2048, 2048, 2048, 2048]",306.0
1141,7953,63,11,2023-03-05T15:20:19.810000+00:00,31.772,44.52,24.793,224.0,251.0,False,101.085,"[None, 2048, 2048, 2048, 2048, 2048, 2048, 2048, 2049, 2048]","[2048, 2048, 2048, 2048, 2048, 2048, 2048, 2048, 2048, 2048, 2048]","[2048, 2048, 2048, 2048, 2048, 2048, 2048]",311.0
1141,7953,14,11,2023-03-05T15:20:20.404000+00:00,31.657,44.321,25.169,,242.0,False,101.147,"[None, 2049, 2049, 2048, 2048, 2048, 2049, 2048, 2048, 2048]","[2048, 2048, 2048, 2048, 2048, 2048, 2048, 2048, 2048, 2048, 2048]","[2048, 2048, 2048, 2048, 2048, 2048]",325.0
1141,7953,18,11,2023-03-05T15:20:21.732000+00:00,31.837,44.225,24.861,227.0,238.0,False,100.923,"[None, 2048, 2048, 2048, 2048, 2048, 2048, 2048, 2048, 2048]","[2048, 2049, 2048, 2048, 2048, 2048, 2048, 2048, 2048, 2048, 2048]","[2048, 2048, 2048, 2048, 2048, 2048]",
1141,7953,77,11,2023-03-05T15:20:25.419000+00:00,31.926,43.791,27.552,224.0,251.0,False,103.269,"[None, 2048, 2048, 2048, 2048, 2048, 2048, 2048, 2048, 2048]","[2048, 2049, 2048, 2048, 2048, 2048, 2048, 2048, 2048, 2048, 2049]","[2048, 2048, 2048, 2048, 2048, 2048, 2064]",293.0
1141,7953,31,11,2023-03-05T15:20:28.122000+00:00,32.006,44.056,24.973,,245.0,False,101.035,"[None, 2048, 2048, 2048, 2048, 2048, 2048, 2048, 2048, 2048]","[2049, 2048, 2048, 2048, 2048, 2048, 2048, 2048, 2048, 2048, 2048]","[2048, 2048, 2048, 2048, 2048, 2048]",
1141,7953,23,11,2023-03-05T15:20:30.653000+00:00,31.953,44.361,27.634,,251.0,False,103.948,"[None, 2048, 2048, 2048, 2048, 2048, 2048, 2048, 2048, 2048]","[2048, 2049, 2048, 2048, 2048, 2048, 2048, 2048, 2048, 2048, 2049]","[2048, 2048, 2048, 2048, 2048, 2048, 2064]",311.0
1141,7953,2,11,2023-03-05T15:20:32.591000+00:00,32.122,44.37,25.04,,247.0,False,101.532,"[None, 2048, 2048, 2048, 2048, 2048, 2048, 2048, 2049, 2048]","[2048, 2049, 2048, 2048, 2048, 2048, 2048, 2048, 2048, 2048, 2048]","[2048, 2048, 2048, 2048, 2048, 2048]",305.0
1141,7953,4,11,2023-03-05T15:20:34.028000+00:00,61.49,43.939,24.457,227.0,236.0,True,129.886,"[2064, 2064, 2064, 2048, 2048, 2048, 2048, 2048, 2048, 2048]","[2048, 2048, 2048, 2048, 2049, 2048, 2048, 2048, 2048, 2048, 2048]","[2049, 2048, 2048, 2048, 2049, 2048, 2048]",213.0
1141,7953,22,11,2023-03-05T15:20:36.231000+00:00,53.357,42.423,24.063,226.0,255.0,True,119.843,"[2064, 2064, 2064, 2048, 2048, 2048, 2048, 2048, 2049, 2048]","[2049, 2049, 2049, 2049, 2049, 2049, 2048, 2048, 2049, 2049, 2051]","[2049, 2049, 2048, 2048, 2049, 2049, 0]",217.0
1141,7953,27,11,2023-03-05T15:20:36.669000+00:00,32.73,45.759,28.301,,241.0,False,106.79,"[None, 2048, 2048, 2048, 2048, 2048, 2048, 2048, 2048, 2048]","[2048, 2048, 2048, 2048, 2048, 2048, 2048, 2048, 2048, 2048, 2048]","[2048, 2048, 2048, 2048, 2048, 2048, 2064]",293.0
1141,7953,81,11,2023-03-05T15:20:36.857000+00:00,31.894,44.557,24.901,222.0,240.0,False,101.352,"[2049, 2049, 2048, 2048, 2048, 2048, 2048, 2048, 2048, 2048]","[2048, 2048, 2048, 2048, 2049, 2048, 2048, 2048, 2048, 2048, 2048]","[2048, 2048, 2048, 2048, 2049, 2048]",315.0
1141,7953,24,11,2023-03-05T15:20:37.497000+00:00,32.197,44.947,24.964,224.0,247.0,False,102.108,"[None, 2048, 2048, 2048, 2048, 2048, 2048, 2048, 2048, 2048]","[2048, 2048, 2048, 2048, 2048, 2048, 2048, 2048, 2048, 2048, 2048]","[2048, 2048, 2048, 2048, 2048, 2048]",312.0
1141,7953,21,11,2023-03-05T15:20:38.778000+00:00,32.072,44.715,28.673,229.0,245.0,False,105.46,"[None, 2048, 2048, 2048, 2048, 2048, 2048, 2048, 2048, 2048]","[2048, 2048, 2048, 2048, 2048, 2048, 2049, 2048, 2048, 2048, 2049]","[2048, 2048, 2048, 2048, 2048, 2048, 2064]",299.0
1141,7953,20,11,2023-03-05T15:20:40.669000+00:00,32.334,44.458,25.257,228.0,250.0,False,102.049,"[None, 2048, 2048, 2049, 2048, 2048, 2048, 2048, 2048, 2048]","[2048, 2049, 2048, 2048, 2048, 2048, 2048, 2048, 2048, 2048, 2049]","[2048, 2048, 2048, 2048, 2048, 2048]",304.0
1141,7953,10,11,2023-03-05T15:21:00.247000+00:00,31.455,43.098,24.209,,243.0,False,98.762,"[2048, 2048, 2048, 2048, 2049, 2048, 2048, 2048, 2049, 2048]","[2049, 2049, 2048, 2048, 2048, 2048, 2048, 2048, 2048, 2048, 2048]","[2048, 2048, 2048, 2048, 2048, 2049]",294.0
1141,7953,1,12,2023-03-05T15:21:39.152000+00:00,31.408,42.951,24.232,231.0,241.0,False,98.591,"[2048, 2048, 2048, 2048, 2048, 2048, 2048, 2048, 2048, 2048]","[2048, 2049, 2048, 2048, 2048, 2048, 2048, 2048, 2048, 2048, 2049]","[2048, 2048, 2048, 2048, 2048, 2048, 2048]",294.0
1141,7953,16,12,2023-03-05T15:21:47.043000+00:00,31.597,43.406,24.486,229.0,254.0,False,99.489,"[None, 2048, 2048, 2048, 2048, 2048, 2048, 2048, 2049, 2048]","[2048, 2048, 2048, 2048, 2048, 2048, 2048, 2048, 2048, 2048, 2048]","[2048, 2048, 2048, 2048, 2048, 2048]",
1141,7953,11,12,2023-03-05T15:21:48.730000+00:00,31.527,43.252,24.418,,253.0,False,99.197,"[None, 2048, 2048, 2048, 2048, 2048, 2048, 2048, 2048, 2048]","[2048, 2048, 2048, 2048, 2048, 2048, 2048, 2048, 2048, 2048, 2049]","[2048, 2048, 2048, 2048, 2048, 2048, 2048]",
1141,7953,55,12,2023-03-05T15:21:55.730000+00:00,31.776,44.006,24.738,,239.0,False,100.52,"[None, 2048, 2048, 2048, 2048, 2048, 2048, 2048, 2048, 2048]","[2048, 2048, 2048, 2048, 2048, 2048, 2048, 2048, 2048, 2048, 2048]","[2048, 2048, 2048, 2048, 2048, 2048, 2048]",304.0
1141,7953,44,12,2023-03-05T15:21:59.214000+00:00,31.821,44.259,27.256,231.0,249.0,False,103.336,"[None, 2048, 2048, 2048, 2048, 2048, 2048, 2048, 2048, 2048]","[2048, 2048, 2048, 2048, 2048, 2048, 2048, 2048, 2048, 2048, 2048]","[2048, 2048, 2048, 2048, 2048, 2048, 2064]",308.0
1141,7953,63,12,2023-03-05T15:22:00.902000+00:00,32.023,44.122,24.967,223.0,251.0,False,101.112,"[None, 2048, 2048, 2048, 2048, 2048, 2048, 2048, 2048, 2048]","[2048, 2048, 2048, 2048, 2048, 2048, 2048, 2048, 2048, 2048, 2048]","[2048, 2048, 2048, 2048, 2048, 2048]",308.0
1141,7953,14,12,2023-03-05T15:22:01.621000+00:00,31.789,44.062,25.083,227.0,245.0,False,100.934,"[2048, 2048, 2048, 2048, 2048, 2048, 2049, 2049, 2048, 2048]","[2048, 2048, 2048, 2048, 2048, 2048, 2048, 2048, 2048, 2048, 2049]","[2048, 2048, 2048, 2049, 2048, 2048]",324.0
1141,7953,18,12,2023-03-05T15:22:02.621000+00:00,31.929,44.125,24.985,,245.0,False,101.039,"[None, 2048, 2048, 2048, 2048, 2048, 2048, 2048, 2048, 2048]","[2048, 2048, 2048, 2048, 2048, 2048, 2048, 2048, 2048, 2048, 2048]","[2048, 2048, 2048, 2048, 2048, 2048]",305.0
1141,7953,77,12,2023-03-05T15:22:08.667000+00:00,52.921,42.49,24.039,228.0,252.0,True,119.45,"[2064, 2064, 2064, 2048, 2048, 2048, 2048, 2048, 2049, 2049]","[2049, 2051, 2049, 2048, 2049, 2048, 2048, 2048, 2049, 2049, 2049]","[2049, 2049, 2048, 2048, 2049, 2049, 2048]",215.0
1141,7953,31,12,2023-03-05T15:22:09.167000+00:00,32.034,44.101,27.652,225.0,247.0,False,103.787,"[None, 2048, 2048, 2048, 2048, 2048, 2048, 2048, 2048, 2048]","[2048, 2049, 2048, 2048, 2048, 2048, 2048, 2048, 2048, 2048, 2049]","[2048, 2048, 2048, 2048, 2048, 2048, 2064]",289.0
1141,7953,2,12,2023-03-05T15:22:14.198000+00:00,32.031,44.118,27.731,,251.0,False,103.88,"[None, 2048, 2048, 2048, 2048, 2048, 2048, 2048, 2049, 2048]","[2049, 2049, 2048, 2048, 2048, 2048, 2048, 2048, 2048, 2048, 2048]","[2048, 2048, 2048, 2048, 2048, 2048, 2064]",
1141,7953,23,12,2023-03-05T15:22:14.573000+00:00,52.452,42.947,24.046,233.0,239.0,True,119.445,"[2064, 2064, 2064, 2048, 2048, 2048, 2048, 2048, 2049, 2048]","[2049, 2049, 2049, 2049, 2049, 2049, 2048, 2048, 2049, 2048, 2048]","[2049, 2049, 2048, 2048, 2049, 2049, 2048]",220.0
1141,7953,81,12,2023-03-05T15:22:18.183000+00:00,32.1,44.235,24.821,224.0,243.0,False,101.156,"[2048, 2048, 2048, 2048, 2049, 2048, 2048, 2048, 2048, 2048]","[2048, 2048, 2048, 2048, 2049, 2048, 2048, 2048, 2048, 2048, 2048]","[2048, 2048, 2048, 2048, 2049, 2048, 2048]",300.0
1141,7953,24,12,2023-03-05T15:22:19.620000+00:00,32.015,44.178,27.677,229.0,251.0,False,103.87,"[None, 2048, 2048, 2048, 2048, 2048, 2048, 2048, 2049, 2048]","[2049, 2048, 2048, 2048, 2048, 2048, 2048, 2048, 2048, 2048, 2049]","[2048, 2048, 2048, 2048, 2048, 2048, 2064]",303.0
1141,7953,20,12,2023-03-05T15:22:22.698000+00:00,32.185,44.197,24.963,230.0,250.0,False,101.345,"[None, 2048, 2048, 2048, 2048, 2048, 2048, 2048, 2048, 2048]","[2048, 2048, 2048, 2048, 2048, 2048, 2048, 2048, 2048, 2048, 2048]","[2048, 2048, 2048, 2048, 2048, 2048]",300.0
1141,7953,27,12,2023-03-05T15:22:23.370000+00:00,54.5,43.599,24.48,213.0,245.0,True,122.579,"[2064, 2064, 2064, 2048, 2048, 2048, 2049, 2048, 2048, 2048]","[2048, 2048, 2049, 2051, 2048, 2049, 2049, 2048, 2048, 2049, 2048]","[2048, 2049, 2049, 2048, 2049, 2048, 0]",212.0
1141,7953,21,12,2023-03-05T15:22:24.198000+00:00,53.538,43.459,24.187,231.0,247.0,True,121.184,"[2064, 2064, 2064, 2048, 2048, 2048, 2048, 2048, 2048, 2049]","[2048, 2049, 2049, 2049, 2049, 2049, 2048, 2048, 2049, 2049, 2049]","[2049, 2049, 2048, 2048, 2049, 2049, 0]",214.0
1141,7953,22,12,2023-03-05T15:22:36.042000+00:00,31.623,43.14,24.38,,244.0,False,99.143,"[2048, 2048, 2048, 2049, 2048, 2049, 2048, 2048, 2048, 2048]","[2048, 2048, 2048, 2048, 2048, 2048, 2048, 2048, 2048, 2048, 2048]","[2048, 2048, 2048, 2049, 2048, 2048]",303.0
1141,7953,10,12,2023-03-05T15:22:38.886000+00:00,31.57,43.066,24.292,,242.0,False,98.928,"[None, 2048, 2048, 2048, 2048, 2048, 2048, 2048, 2049, 2048]","[2048, 2049, 2048, 2048, 2048, 2048, 2048, 2048, 2049, 2049, 2048]","[2048, 2048, 2048, 2048, 2048, 2048]",288.0
1141,7953,4,12,2023-03-05T15:22:43.948000+00:00,31.825,43.134,24.355,228.0,241.0,False,99.314,"[2048, 2048, 2048, 2048, 2048, 2048, 2048, 2048, 2049, 2048]","[2049, 2049, 2049, 2048, 2048, 2048, 2048, 2048, 2049, 2048, 2048]","[2049, 2049, 2048, 2048, 2048, 2048]",291.0
1141,7953,1,13,2023-03-05T15:23:17.760000+00:00,31.389,42.907,24.186,230.0,241.0,False,98.482,"[None, 2049, 2049, 2048, 2048, 2048, 2048, 2049, 2048, 2048]","[2048, 2049, 2048, 2048, 2048, 2048, 2048, 2048, 2048, 2048, 2048]","[2048, 2048, 2048, 2049, 2048, 2048, 2048]",292.0
1141,7953,16,13,2023-03-05T15:23:26.478000+00:00,31.703,43.481,26.884,230.0,253.0,False,102.068,"[None, 2048, 2048, 2048, 2048, 2048, 2048, 2048, 2048, 2048]","[2048, 2048, 2048, 2048, 2048, 2048, 2048, 2048, 2048, 2048, 2048]","[2048, 2048, 2048, 2048, 2048, 2048, 2064]",303.0
1141,7953,11,13,2023-03-05T15:23:27.932000+00:00,31.57,43.298,24.468,,248.0,False,99.336,"[None, 2048, 2048, 2048, 2048, 2048, 2048, 2048, 2048, 2048]","[2049, 2048, 2048, 2048, 2048, 2048, 2048, 2048, 2048, 2048, 2048]","[2048, 2048, 2048, 2048, 2048, 2048]",
1141,7953,55,13,2023-03-05T15:23:36.244000+00:00,31.93,43.823,27.557,225.0,250.0,False,103.31,"[None, 2048, 2048, 2048, 2048, 2048, 2048, 2048, 2048, 2048]","[2048, 2048, 2048, 2048, 2048, 2048, 2048, 2048, 2048, 2048, 2049]","[2048, 2048, 2048, 2048, 2048, 2048, 2064]",303.0
1141,7953,63,13,2023-03-05T15:23:41.931000+00:00,32.276,44.91,27.505,232.0,253.0,False,104.691,"[None, 2048, 2048, 2048, 2048, 2048, 2048, 2048, 2048, 2049]","[2048, 2048, 2048, 2048, 2048, 2048, 2048, 2048, 2048, 2048, 2048]","[2048, 2048, 2048, 2048, 2048, 2048, 2064]",303.0
1141,7953,14,13,2023-03-05T15:23:42.447000+00:00,31.823,43.946,24.572,226.0,246.0,False,100.341,"[None, 2049, 2049, 2049, 2048, 2048, 2048, 2048, 2048, 2048]","[2048, 2048, 2048, 2048, 2048, 2048, 2048, 2048, 2048, 2048, 2049]","[2048, 2048, 2048, 2048, 2048, 2048]",325.0
1141,7953,44,13,2023-03-05T15:23:42.603000+00:00,52.819,42.559,23.801,230.0,252.0,True,119.179,"[2064, 2064, 2064, 2048, 2048, 2048, 2048, 2048, 2048, 2048]","[2048, 2048, 2049, 2051, 2049, 2049, 2048, 2048, 2049, 2051, 2049]","[2049, 2049, 2048, 2048, 2049, 2049, 2048]",214.0
1141,7953,18,13,2023-03-05T15:23:43.666000+00:00,31.882,44.192,25.046,228.0,247.0,False,101.12,"[None, 2048, 2048, 2048, 2048, 2048, 2048, 2048, 2048, 2048]","[2048, 2048, 2048, 2048, 2048, 2048, 2049, 2049, 2048, 2048, 2048]","[2048, 2048, 2049, 2049, 2048, 2048]",304.0
1141,7953,31,13,2023-03-05T15:23:52.837000+00:00,53.451,42.674,24.256,228.0,246.0,True,120.381,"[2064, 2064, 2064, 2048, 2048, 2048, 2048, 2048, 2048, 2048]","[2049, 2048, 2049, 2049, 2049, 2049, 2049, 2049, 2049, 2049, 2049]","[2049, 2049, 2049, 2049, 2049, 2049, 2049]",217.0
1141,7953,2,13,2023-03-05T15:23:57.962000+00:00,53.407,42.646,24.202,233.0,246.0,True,120.255,"[2064, 2064, 2064, 2048, 2048, 2048, 2048, 2048, 2049, 2049]","[2049, 2049, 2049, 2048, 2049, 2049, 2048, 2048, 2049, 2048, 2048]","[2049, 2048, 2048, 2048, 2049, 2049, 2048]",219.0
1141,7953,81,13,2023-03-05T15:23:59.384000+00:00,34.839,53.536,33.696,151.0,202.0,False,122.071,"[None, 2048, 2048, 2048, 2048, 2048, 2048, 2048, 2048, 2048]","[2048, 2048, 2048, 2048, 2048, 2048, 2048, 2048, 2048, 2048, 2048]","[2048, 2048, 2048, 2048, 2048, 2048, 2064]",299.0
1141,7953,24,13,2023-03-05T15:24:03.368000+00:00,54.117,43.596,24.388,231.0,251.0,True,122.101,"[2064, 2064, 2064, 2048, 2048, 2048, 2048, 2048, 2048, 2049]","[2048, 2049, 2048, 2049, 2049, 2049, 2048, 2048, 2049, 2049, 2049]","[2049, 2048, 2048, 2048, 2049, 2049, 0]",215.0
1141,7953,20,13,2023-03-05T15:24:04.071000+00:00,32.197,44.455,25.002,229.0,247.0,False,101.654,"[None, 2048, 2048, 2048, 2048, 2048, 2048, 2048, 2048, 2048]","[2048, 2048, 2048, 2048, 2048, 2048, 2048, 2048, 2049, 2048, 2048]","[2048, 2048, 2048, 2048, 2048, 2048]",297.0
1141,7953,77,13,2023-03-05T15:24:08.134000+00:00,31.273,42.523,24.234,227.0,252.0,False,98.03,"[2048, 2048, 2048, 2048, 2049, 2051, 2048, 2048, 2049, 2048]","[2048, 2048, 2048, 2049, 2049, 2048, 2048, 2048, 2048, 2049, 2049]","[2048, 2049, 2049, 2048, 2048, 2048]",285.0
1141,7953,23,13,2023-03-05T15:24:14.087000+00:00,31.512,42.949,24.188,234.0,237.0,False,98.649,"[2048, 2048, 2048, 2049, 2049, 2048, 2048, 2048, 2049, 2049]","[2049, 2048, 2048, 2049, 2048, 2048, 2048, 2048, 2049, 2048, 2048]","[2048, 2048, 2051, 2051, 2049, 2048]",312.0
1141,7953,22,13,2023-03-05T15:24:15.182000+00:00,31.607,43.29,24.574,232.0,249.0,False,99.471,"[None, 2048, 2048, 2048, 2049, 2048, 2048, 2048, 2048, 2048]","[2048, 2048, 2048, 2048, 2048, 2048, 2048, 2048, 2048, 2048, 2048]","[2048, 2048, 2048, 2049, 2048, 2048]",302.0
1141,7953,10,13,2023-03-05T15:24:17.790000+00:00,31.744,43.26,24.345,,248.0,False,99.349,"[None, 2048, 2048, 2049, 2048, 2048, 2048, 2048, 2048, 2048]","[2049, 2048, 2048, 2048, 2048, 2048, 2048, 2048, 2048, 2048, 2049]","[2048, 2048, 2048, 2048, 2048, 2048, 2048]",296.0
1141,7953,4,13,2023-03-05T15:24:23.212000+00:00,31.74,43.246,24.524,229.0,244.0,False,99.51,"[None, 2048, 2048, 2048, 2049, 2048, 2048, 2048, 2048, 2048]","[2048, 2049, 2048, 2048, 2048, 2048, 2048, 2048, 2048, 2049, 2048]","[2048, 2048, 2048, 2048, 2048, 2048]",294.0
1141,7953,21,13,2023-03-05T15:24:25.399000+00:00,31.468,43.189,24.267,232.0,241.0,False,98.924,"[2048, 2048, 2048, 2049, 2048, 2048, 2048, 2048, 2049, 2049]","[2049, 2049, 2048, 2049, 2049, 2049, 2048, 2048, 2049, 2048, 2048]","[2048, 2048, 2048, 2048, 2048, 2048]",302.0
1141,7953,27,13,2023-03-05T15:24:26.040000+00:00,31.504,43.055,24.847,230.0,248.0,False,99.406,"[2049, 2048, 2048, 2048, 2048, 2048, 2051, 2048, 2048, 2048]","[2048, 2048, 2048, 2048, 2049, 2048, 2048, 2049, 2049, 2048, 2048]","[2049, 2049, 2049, 2049, 2048, 2048]",295.0
1141,7953,1,14,2023-03-05T15:24:56.258000+00:00,31.427,42.876,26.992,229.0,241.0,False,101.295,"[2049, 2049, 2049, 2048, 2048, 2048, 2048, 2048, 2048, 2048]","[2048, 2048, 2048, 2048, 2048, 2048, 2048, 2049, 2048, 2048, 2049]","[2048, 2048, 2049, 2049, 2048, 2048, 2064]",
1141,7953,11,14,2023-03-05T15:25:07.148000+00:00,31.411,42.993,24.335,,245.0,False,98.739,"[None, 2048, 2048, 2048, 2048, 2048, 2048, 2048, 2049, 2048]","[2049, 2048, 2048, 2048, 2048, 2048, 2048, 2048, 2049, 2048, 2048]","[2048, 2048, 2048, 2048, 2048, 2048, 2048]",
1141,7953,16,14,2023-03-05T15:25:08.539000+00:00,52.07,42.739,23.961,230.0,243.0,True,118.77,"[2064, 2064, 2064, 2048, 2048, 2048, 2048, 2048, 2048, 2049]","[2048, 2048, 2049, 2048, 2048, 2048, 2048, 2048, 2048, 2048, 2048]","[2049, 2049, 2049, 2048, 2049, 2048, 2049]",219.0
1141,7953,55,14,2023-03-05T15:25:19.539000+00:00,52.026,42.788,24.192,228.0,242.0,True,119.006,"[2064, 2064, 2064, 2048, 2048, 2048, 2048, 2048, 2048, 2048]","[2048, 2048, 2049, 2049, 2049, 2048, 2048, 2048, 2049, 2048, 2048]","[2049, 2048, 2048, 2048, 2048, 2048, 0]",221.0
1141,7953,14,14,2023-03-05T15:25:22.804000+00:00,31.869,43.309,27.034,228.0,248.0,False,102.212,"[None, 2048, 2048, 2048, 2048, 2048, 2048, 2048, 2048, 2048]","[2049, 2049, 2048, 2048, 2048, 2048, 2048, 2048, 2048, 2048, 2049]","[2048, 2048, 2048, 2048, 2048, 2048, 2064]",302.0
1141,7953,18,14,2023-03-05T15:25:24.883000+00:00,31.565,43.743,24.694,,250.0,False,100.002,"[None, 2048, 2048, 2048, 2048, 2048, 2048, 2048, 2048, 2048]","[2048, 2049, 2048, 2048, 2048, 2048, 2048, 2048, 2048, 2048, 2049]","[2048, 2048, 2048, 2048, 2048, 2048]",317.0
1141,7953,63,14,2023-03-05T15:25:26.789000+00:00,54.862,42.554,23.853,228.0,256.0,True,121.269,"[2064, 2064, 2064, 2048, 2048, 2048, 2048, 2048, 2049, 2048]","[2049, 2049, 2049, 2048, 2049, 2048, 2048, 2048, 2049, 2049, 2049]","[2049, 2048, 2048, 2048, 2049, 2048, 2048]",214.0
1141,7953,44,14,2023-03-05T15:25:41.773000+00:00,30.783,43.351,24.174,232.0,226.0,False,98.308,"[2048, 2048, 2048, 2048, 2049, 2049, 2048, 2048, 2049, 2049]","[2048, 2048, 2048, 2048, 2048, 2048, 2048, 2048, 2048, 2048, 2048]","[2048, 2048, 2049, 2048, 2048, 2048]",302.0
1141,7953,20,14,2023-03-05T15:25:45.757000+00:00,32.409,44.478,24.852,227.0,246.0,False,101.739,"[None, 2048, 2048, 2048, 2048, 2048, 2048, 2048, 2048, 2048]","[2048, 2048, 2048, 2048, 2048, 2048, 2048, 2048, 2049, 2048, 2048]","[2048, 2048, 2048, 2048, 2048, 2048]",296.0
1141,7953,77,14,2023-03-05T15:25:46.101000+00:00,31.122,42.799,24.177,226.0,244.0,False,98.098,"[2049, 2049, 2049, 2049, 2048, 2048, 2048, 2048, 2048, 2048]","[2048, 2051, 2048, 2048, 2048, 2048, 2048, 2048, 2048, 2048, 2048]","[2048, 2048, 2048, 2048, 2049, 2048]",320.0
1141,7953,23,14,2023-03-05T15:25:52.663000+00:00,31.104,43.144,24.224,230.0,248.0,False,98.472,"[None, 2048, 2048, 2048, 2048, 2048, 2048, 2048, 2048, 2048]","[2048, 2049, 2048, 2048, 2048, 2048, 2048, 2048, 2048, 2048, 2048]","[2048, 2048, 2048, 2048, 2048, 2048, 2048]",314.0
1141,7953,31,14,2023-03-05T15:25:53.413000+00:00,31.163,43.16,24.326,225.0,250.0,False,98.649,"[2049, 2049, 2049, 2048, 2048, 2048, 2048, 2048, 2048, 2048]","[2048, 2048, 2048, 2048, 2048, 2048, 2048, 2048, 2048, 2048, 2048]","[2049, 2048, 2048, 2048, 2049, 2048]",329.0
1141,7953,22,14,2023-03-05T15:25:54.694000+00:00,31.227,43.111,24.404,226.0,257.0,False,98.742,"[None, 2048, 2048, 2048, 2048, 2048, 2048, 2048, 2049, 2048]","[2048, 2048, 2048, 2048, 2048, 2048, 2048, 2048, 2048, 2048, 2048]","[2048, 2048, 2048, 2048, 2048, 2048, 2048]",317.0
1141,7953,10,14,2023-03-05T15:25:57.226000+00:00,31.518,43.043,24.298,,246.0,False,98.859,"[None, 2048, 2048, 2048, 2048, 2048, 2048, 2048, 2048, 2048]","[2049, 2048, 2048, 2048, 2048, 2048, 2048, 2048, 2049, 2048, 2048]","[2048, 2048, 2048, 2048, 2048, 2048, 2048]",303.0
1141,7953,2,14,2023-03-05T15:25:58.335000+00:00,31.156,42.959,24.298,,245.0,False,98.413,"[2048, 2048, 2048, 2048, 2049, 2049, 2048, 2048, 2049, 2048]","[2048, 2048, 2048, 2049, 2048, 2048, 2048, 2048, 2048, 2048, 2048]","[2048, 2048, 2048, 2049, 2048, 2048, 2049]",305.0
1141,7953,81,14,2023-03-05T15:26:01.538000+00:00,,,,,,False,,,,,
1141,7953,4,14,2023-03-05T15:26:02.805000+00:00,31.728,43.15,24.365,,247.0,False,99.243,"[None, 2048, 2048, 2048, 2048, 2048, 2048, 2048, 2048, 2048]","[2049, 2049, 2048, 2048, 2048, 2048, 2048, 2048, 2049, 2049, 2048]","[2048, 2048, 2048, 2048, 2048, 2048]",289.0
1141,7953,21,14,2023-03-05T15:26:04.335000+00:00,31.383,43.082,24.364,231.0,244.0,False,98.829,"[None, 2048, 2048, 2048, 2049, 2048, 2048, 2048, 2049, 2048]","[2049, 2049, 2048, 2049, 2049, 2048, 2048, 2048, 2049, 2048, 2048]","[2048, 2048, 2048, 2048, 2048, 2048]",293.0
1141,7953,27,14,2023-03-05T15:26:05.397000+00:00,31.291,43.147,24.409,232.0,254.0,False,98.847,"[2048, 2048, 2048, 2048, 2048, 2048, 2048, 2049, 2048, 2051]","[2049, 2049, 2048, 2048, 2048, 2048, 2048, 2048, 2048, 2048, 2049]","[2049, 2048, 2048, 2048, 2048, 2048]",325.0
1141,7953,24,14,2023-03-05T15:26:05.601000+00:00,31.335,43.564,24.431,224.0,244.0,False,99.33,"[2051, 2048, 2048, 2049, 2049, 2048, 2048, 2048, 2048, 2048]","[2048, 2048, 2049, 2048, 2049, 2048, 2048, 2048, 2048, 2048, 2048]","[2049, 2048, 2048, 2048, 2048, 2048]",324.0
1141,7953,1,15,2023-03-05T15:26:37.537000+00:00,51.854,42.629,23.895,230.0,237.0,True,118.378,"[2064, 2064, 2064, 2048, 2048, 2048, 2048, 2048, 2048, 2049]","[2048, 2048, 2049, 2048, 2048, 2048, 2048, 2048, 2048, 2049, 2048]","[2048, 2048, 2049, 2048, 2048, 2048, 2049]",218.0
1141,7953,11,15,2023-03-05T15:26:45.975000+00:00,31.441,42.89,24.277,233.0,250.0,False,98.608,"[None, 2048, 2048, 2048, 2048, 2048, 2048, 2048, 2048, 2048]","[2048, 2049, 2048, 2048, 2048, 2048, 2048, 2048, 2049, 2048, 2048]","[2048, 2048, 2048, 2048, 2048, 2048]",
1141,7953,18,15,2023-03-05T15:27:04.724000+00:00,31.857,43.737,27.247,229.0,253.0,False,102.841,"[None, 2048, 2048, 2048, 2048, 2048, 2048, 2048, 2048, 2048]","[2049, 2049, 2048, 2048, 2048, 2048, 2048, 2048, 2049, 2048, 2049]","[2048, 2048, 2048, 2048, 2049, 2048, 2064]",295.0
1141,7953,14,15,2023-03-05T15:27:05.021000+00:00,53.186,42.622,23.884,228.0,250.0,True,119.692,"[2064, 2064, 2064, 2048, 2048, 2049, 2048, 2048, 2048, 2048]","[2048, 2048, 2049, 2048, 2049, 2048, 2048, 2048, 2049, 2048, 2049]","[2049, 2049, 2049, 2048, 2049, 2049, 2048]",220.0
1141,7953,16,15,2023-03-05T15:27:07.318000+00:00,31.261,43.184,24.032,228.0,242.0,False,98.477,"[2049, 2049, 2048, 2048, 2048, 2048, 2049, 2048, 2048, 2048]","[2048, 2048, 2048, 2048, 2048, 2048, 2049, 2048, 2048, 2048, 2048]","[2048, 2048, 2049, 2048, 2048, 2048]",301.0
1141,7953,55,15,2023-03-05T15:27:18.552000+00:00,31.107,42.86,24.018,227.0,241.0,False,97.985,"[2048, 2048, 2048, 2048, 2049, 2048, 2048, 2048, 2049, 2048]","[2049, 2049, 2048, 2048, 2048, 2048, 2048, 2048, 2048, 2048, 2048]","[2049, 2048, 2048, 2048, 2049, 2048]",294.0
1141,7953,44,15,2023-03-05T15:27:19.974000+00:00,31.23,43.259,24.038,231.0,240.0,False,98.527,"[None, 2048, 2048, 2048, 2048, 2048, 2048, 2048, 2048, 2048]","[2048, 2048, 2048, 2048, 2048, 2048, 2048, 2048, 2048, 2048, 2048]","[2048, 2048, 2049, 2048, 2048, 2048]",309.0
1141,7953,77,15,2023-03-05T15:27:24.177000+00:00,31.469,43.076,24.306,,244.0,False,98.851,"[2048, 2048, 2048, 2048, 2048, 2048, 2048, 2048, 2048, 2048]","[2048, 2048, 2048, 2048, 2048, 2048, 2048, 2048, 2048, 2048, 2048]","[2048, 2048, 2048, 2048, 2048, 2048]",290.0
1141,7953,20,15,2023-03-05T15:27:27.474000+00:00,32.424,44.674,27.801,,251.0,False,104.899,"[None, 2048, 2048, 2048, 2048, 2048, 2048, 2048, 2048, 2048]","[2048, 2048, 2048, 2048, 2048, 2048, 2048, 2048, 2048, 2048, 2048]","[2048, 2048, 2048, 2049, 2048, 2048, 2064]",300.0
1141,7953,63,15,2023-03-05T15:27:27.990000+00:00,30.812,42.616,24.032,229.0,259.0,False,97.46,"[2048, 2049, 2048, 2049, 2048, 2048, 2048, 2048, 2048, 2051]","[2048, 2049, 2048, 2048, 2048, 2051, 2049, 2049, 2048, 2049, 2051]","[2048, 2048, 2048, 2051, 2048, 2048]",321.0
1141,7953,23,15,2023-03-05T15:27:31.193000+00:00,31.3,43.386,24.472,227.0,242.0,False,99.158,"[None, 2048, 2048, 2048, 2048, 2048, 2048, 2048, 2048, 2048]","[2048, 2048, 2048, 2048, 2048, 2048, 2048, 2048, 2048, 2048, 2048]","[2048, 2048, 2048, 2048, 2048, 2048]",315.0
1141,7953,31,15,2023-03-05T15:27:31.974000+00:00,31.363,43.264,27.236,223.0,253.0,False,101.863,"[None, 2048, 2048, 2048, 2049, 2048, 2048, 2048, 2048, 2048]","[2048, 2048, 2048, 2048, 2048, 2048, 2048, 2048, 2048, 2048, 2049]","[2048, 2048, 2048, 2048, 2048, 2048, 2064]",318.0
1141,7953,22,15,2023-03-05T15:27:33.474000+00:00,31.398,43.143,24.434,225.0,247.0,False,98.975,"[None, 2048, 2048, 2048, 2048, 2048, 2048, 2048, 2048, 2048]","[2048, 2048, 2048, 2048, 2048, 2048, 2048, 2048, 2048, 2048, 2048]","[2048, 2048, 2048, 2049, 2048, 2048]",308.0
1141,7953,10,15,2023-03-05T15:27:36.177000+00:00,31.398,43.252,24.335,,247.0,False,98.985,"[None, 2048, 2048, 2049, 2048, 2049, 2048, 2048, 2049, 2048]","[2048, 2049, 2048, 2048, 2048, 2048, 2048, 2048, 2048, 2048, 2048]","[2048, 2048, 2048, 2048, 2048, 2048]",302.0
1141,7953,2,15,2023-03-05T15:27:36.786000+00:00,31.192,43.462,24.379,226.0,245.0,False,99.033,"[None, 2048, 2048, 2048, 2048, 2048, 2048, 2048, 2048, 2049]","[2048, 2048, 2048, 2048, 2048, 2048, 2048, 2048, 2048, 2049, 2048]","[2048, 2049, 2048, 2048, 2048, 2049]",314.0
1141,7953,4,15,2023-03-05T15:27:42.021000+00:00,31.562,42.936,24.372,,253.0,False,98.87,"[None, 2048, 2048, 2048, 2048, 2048, 2048, 2048, 2049, 2048]","[2051, 2048, 2048, 2048, 2048, 2048, 2048, 2048, 2048, 2048, 2048]","[2048, 2048, 2048, 2048, 2049, 2048]",297.0
1141,7953,21,15,2023-03-05T15:27:43.177000+00:00,31.425,43.124,24.319,229.0,244.0,False,98.868,"[None, 2048, 2048, 2048, 2048, 2048, 2048, 2048, 2049, 2048]","[2049, 2048, 2048, 2049, 2049, 2048, 2048, 2048, 2048, 2048, 2048]","[2048, 2048, 2048, 2048, 2048, 2049]",297.0
1141,7953,27,15,2023-03-05T15:27:44.255000+00:00,31.408,43.081,24.483,229.0,252.0,False,98.972,"[None, 2048, 2048, 2048, 2049, 2049, 2048, 2048, 2049, 2048]","[2049, 2048, 2048, 2048, 2049, 2048, 2048, 2048, 2049, 2048, 2048]","[2048, 2048, 2048, 2048, 2048, 2048]",304.0
1141,7953,24,15,2023-03-05T15:27:44.849000+00:00,31.385,43.353,24.491,225.0,244.0,False,99.229,"[2048, 2048, 2048, 2048, 2048, 2049, 2048, 2048, 2048, 2048]","[2048, 2049, 2049, 2048, 2048, 2048, 2048, 2048, 2048, 2048, 2048]","[2048, 2048, 2048, 2048, 2048, 2048]",311.0
1141,7953,11,16,2023-03-05T15:28:24.551000+00:00,31.469,43.019,24.282,232.0,251.0,False,98.77,"[None, 2048, 2048, 2048, 2048, 2048, 2048, 2048, 2048, 2048]","[2048, 2048, 2048, 2048, 2048, 2048, 2048, 2048, 2048, 2048, 2048]","[2048, 2048, 2048, 2048, 2048, 2048]",296.0
1141,7953,1,16,2023-03-05T15:28:36.254000+00:00,31.209,42.711,23.881,231.0,236.0,False,97.801,"[2048, 2048, 2048, 2048, 2048, 2049, 2049, 2048, 2048, 2049]","[2048, 2048, 2049, 2049, 2048, 2048, 2049, 2048, 2048, 2048, 2048]","[2048, 2049, 2049, 2048, 2048, 2048]",287.0
1141,7953,16,16,2023-03-05T15:28:45.754000+00:00,30.859,42.965,24.129,229.0,243.0,False,97.953,"[None, 2049, 2049, 2051, 2048, 2048, 2048, 2048, 2049, 2048]","[2048, 2048, 2048, 2048, 2048, 2048, 2049, 2048, 2048, 2048, 2048]","[2048, 2048, 2048, 2048, 2048, 2048, 2048]",324.0
1141,7953,18,16,2023-03-05T15:28:47.676000+00:00,53.276,42.527,24.073,228.0,238.0,True,119.876,"[2064, 2064, 2064, 2048, 2048, 2048, 2048, 2048, 2048, 2048]","[2048, 2049, 2049, 2049, 2049, 2048, 2048, 2048, 2049, 2049, 2048]","[2049, 2049, 2048, 2048, 2049, 2048, 2048]",216.0
1141,7953,55,16,2023-03-05T15:28:56.504000+00:00,31.232,43.011,24.19,228.0,242.0,False,98.433,"[None, 2048, 2048, 2048, 2048, 2048, 2048, 2048, 2048, 2048]","[2048, 2048, 2048, 2048, 2048, 2048, 2048, 2048, 2048, 2048, 2048]","[2048, 2048, 2048, 2048, 2048, 2048]",298.0
1141,7953,44,16,2023-03-05T15:28:58.472000+00:00,31.162,43.414,24.041,232.0,232.0,False,98.617,"[None, 2048, 2048, 2048, 2048, 2048, 2048, 2048, 2048, 2048]","[2048, 2048, 2048, 2048, 2048, 2048, 2048, 2048, 2048, 2048, 2048]","[2048, 2048, 2048, 2048, 2048, 2048]",304.0
1141,7953,77,16,2023-03-05T15:29:03.035000+00:00,31.299,43.018,24.177,227.0,244.0,False,98.494,"[None, 2048, 2048, 2048, 2048, 2048, 2048, 2048, 2049, 2049]","[2048, 2048, 2048, 2048, 2048, 2048, 2048, 2048, 2049, 2048, 2048]","[2048, 2048, 2048, 2048, 2048, 2048]",291.0
1141,7953,14,16,2023-03-05T15:29:04.769000+00:00,31.154,42.459,23.929,229.0,252.0,False,97.542,"[2048, 2048, 2048, 2049, 2048, 2049, 2048, 2048, 2048, 2049]","[2049, 2048, 2049, 2048, 2049, 2048, 2048, 2048, 2048, 2048, 2049]","[2048, 2048, 2049, 2049, 2048, 2049]",305.0
1141,7953,63,16,2023-03-05T15:29:05.347000+00:00,30.88,42.883,24.07,223.0,256.0,False,97.833,"[None, 2048, 2048, 2048, 2048, 2049, 2051, 2048, 2048, 2048]","[2048, 2048, 2048, 2048, 2048, 2048, 2048, 2048, 2048, 2048, 2048]","[2048, 2048, 2048, 2048, 2048, 2048]",325.0
1141,7953,23,16,2023-03-05T15:29:10.316000+00:00,31.205,43.747,24.301,230.0,233.0,False,99.253,"[None, 2048, 2048, 2048, 2048, 2048, 2048, 2048, 2048, 2048]","[2048, 2048, 2048, 2048, 2048, 2048, 2048, 2048, 2048, 2048, 2048]","[2048, 2048, 2048, 2051, 2048, 2048, 2048]",314.0
1141,7953,22,16,2023-03-05T15:29:12.425000+00:00,31.429,43.184,24.448,226.0,251.0,False,99.061,"[None, 2048, 2048, 2048, 2048, 2048, 2048, 2048, 2049, 2048]","[2048, 2048, 2048, 2048, 2048, 2048, 2048, 2048, 2048, 2048, 2048]","[2048, 2048, 2048, 2049, 2048, 2048]",
1141,7953,20,16,2023-03-05T15:29:12.425000+00:00,53.295,43.201,24.091,226.0,236.0,True,120.587,"[2064, 2064, 2064, 2048, 2048, 2048, 2048, 2048, 2048, 2048]","[2048, 2048, 2049, 2049, 2049, 2049, 2048, 2048, 2049, 2049, 2048]","[2049, 2049, 2049, 2048, 2049, 2049, 0]",218.0
1141,7953,31,16,2023-03-05T15:29:13.800000+00:00,68.689,42.863,24.156,225.0,253.0,True,135.708,"[2064, 2064, 2064, 2048, 2048, 2048, 2048, 2048, 2049, 2048]","[2049, 2049, 2048, 2048, 2049, 2048, 2048, 2048, 2049, 2049, 2048]","[2049, 2048, 2048, 2048, 2049, 2048, 2048]",220.0
1141,7953,10,16,2023-03-05T15:29:15.097000+00:00,31.514,43.137,24.294,226.0,246.0,False,98.945,"[None, 2048, 2048, 2048, 2048, 2048, 2048, 2048, 2048, 2048]","[2048, 2048, 2048, 2048, 2048, 2048, 2048, 2048, 2048, 2048, 2048]","[2048, 2048, 2048, 2048, 2048, 2049]",
1141,7953,2,16,2023-03-05T15:29:15.831000+00:00,31.239,43.299,24.45,231.0,248.0,False,98.988,"[None, 2048, 2048, 2048, 2048, 2048, 2048, 2048, 2048, 2048]","[2048, 2048, 2048, 2048, 2048, 2049, 2048, 2048, 2048, 2048, 2048]","[2048, 2048, 2048, 2048, 2048, 2048]",326.0
1141,7953,4,16,2023-03-05T15:29:20.925000+00:00,31.537,42.928,24.395,230.0,253.0,False,98.86,"[None, 2048, 2048, 2048, 2048, 2049, 2048, 2048, 2048, 2048]","[2048, 2049, 2048, 2048, 2048, 2048, 2048, 2048, 2048, 2048, 2048]","[2048, 2048, 2048, 2048, 2048, 2048]",
1141,7953,21,16,2023-03-05T15:29:22.081000+00:00,31.487,43.229,24.411,231.0,247.0,False,99.127,"[None, 2048, 2048, 2048, 2048, 2048, 2048, 2048, 2048, 2048]","[2049, 2048, 2048, 2048, 2048, 2048, 2048, 2048, 2048, 2048, 2048]","[2048, 2048, 2048, 2048, 2048, 2048]",
1141,7953,27,16,2023-03-05T15:29:23.300000+00:00,31.437,43.257,24.442,228.0,246.0,False,99.136,"[None, 2048, 2048, 2048, 2048, 2048, 2048, 2048, 2049, 2048]","[2048, 2049, 2048, 2048, 2049, 2048, 2048, 2048, 2048, 2048, 2048]","[2049, 2049, 2048, 2048, 2048, 2048]",303.0
1141,7953,24,16,2023-03-05T15:29:24.159000+00:00,31.133,43.302,24.563,,247.0,False,98.998,"[None, 2048, 2048, 2048, 2048, 2048, 2048, 2048, 2049, 2048]","[2048, 2048, 2048, 2048, 2048, 2048, 2048, 2048, 2048, 2048, 2048]","[2048, 2048, 2048, 2048, 2048, 2048]",322.0
1141,7953,11,17,2023-03-05T15:30:03.393000+00:00,31.516,43.018,26.826,,253.0,False,101.36,"[None, 2048, 2048, 2049, 2048, 2048, 2048, 2048, 2049, 2048]","[2048, 2048, 2048, 2048, 2048, 2048, 2048, 2048, 2048, 2048, 2049]","[2048, 2048, 2048, 2049, 2048, 2048, 2064]",295.0
1141,7953,1,17,2023-03-05T15:30:13.705000+00:00,31.17,42.623,23.855,232.0,237.0,False,97.648,"[2049, 2049, 2048, 2048, 2048, 2048, 2048, 2048, 2048, 2049]","[2048, 2048, 2048, 2048, 2048, 2048, 2049, 2048, 2048, 2048, 2048]","[2048, 2049, 2049, 2048, 2048, 2048]",293.0
1141,7953,16,17,2023-03-05T15:30:23.752000+00:00,31.312,42.722,23.997,227.0,248.0,False,98.031,"[2048, 2048, 2048, 2048, 2048, 2048, 2048, 2048, 2049, 2048]","[2048, 2048, 2048, 2048, 2048, 2048, 2049, 2049, 2048, 2048, 2048]","[2049, 2048, 2048, 2049, 2048, 2048]",303.0
1141,7953,55,17,2023-03-05T15:30:34.908000+00:00,31.234,42.911,24.016,,239.0,False,98.161,"[None, 2048, 2048, 2048, 2048, 2048, 2048, 2048, 2048, 2048]","[2048, 2049, 2048, 2048, 2048, 2048, 2048, 2048, 2049, 2048, 2048]","[2048, 2048, 2048, 2048, 2048, 2048, 2048]",295.0
1141,7953,44,17,2023-03-05T15:30:37.127000+00:00,31.16,43.372,24.172,231.0,242.0,False,98.704,"[None, 2048, 2048, 2048, 2048, 2048, 2048, 2048, 2048, 2048]","[2048, 2048, 2048, 2048, 2048, 2048, 2048, 2048, 2048, 2048, 2048]","[2048, 2048, 2048, 2048, 2048, 2048, 2048]",306.0
1141,7953,77,17,2023-03-05T15:30:41.596000+00:00,32.034,43.463,24.476,229.0,246.0,False,99.973,"[None, 2048, 2048, 2048, 2048, 2048, 2048, 2048, 2048, 2049]","[2048, 2048, 2048, 2048, 2048, 2048, 2049, 2049, 2048, 2048, 2048]","[2048, 2048, 2048, 2048, 2048, 2048, 2048]",296.0
1141,7953,14,17,2023-03-05T15:30:42.221000+00:00,30.946,43.197,23.996,,249.0,False,98.139,"[None, 2048, 2048, 2048, 2048, 2051, 2049, 2049, 2048, 2049]","[2048, 2048, 2048, 2048, 2048, 2048, 2048, 2048, 2048, 2048, 2048]","[2048, 2049, 2049, 2048, 2048, 2048]",326.0
1141,7953,63,17,2023-03-05T15:30:43.252000+00:00,30.903,43.462,24.239,224.0,250.0,False,98.604,"[2049, 2049, 2048, 2048, 2048, 2048, 2048, 2048, 2048, 2048]","[2048, 2048, 2048, 2048, 2048, 2048, 2048, 2048, 2048, 2048, 2048]","[2048, 2048, 2048, 2048, 2048, 2048]",313.0
1141,7953,18,17,2023-03-05T15:30:47.517000+00:00,31.247,42.341,23.919,229.0,245.0,False,97.507,"[2048, 2048, 2048, 2048, 2049, 2048, 2048, 2048, 2049, 2049]","[2049, 2048, 2049, 2049, 2048, 2048, 2048, 2048, 2049, 2049, 2048]","[2049, 2049, 2048, 2048, 2048, 2049]",301.0
1141,7953,23,17,2023-03-05T15:30:49.595000+00:00,31.288,43.482,24.324,231.0,234.0,False,99.094,"[None, 2048, 2048, 2048, 2048, 2048, 2048, 2048, 2048, 2048]","[2048, 2048, 2048, 2048, 2048, 2048, 2048, 2048, 2048, 2048, 2048]","[2048, 2048, 2048, 2048, 2048, 2048]",306.0
1141,7953,22,17,2023-03-05T15:30:51.408000+00:00,31.417,43.132,24.472,225.0,255.0,False,99.021,"[None, 2048, 2048, 2048, 2048, 2048, 2048, 2048, 2048, 2048]","[2048, 2048, 2048, 2048, 2048, 2048, 2048, 2048, 2048, 2048, 2048]","[2048, 2048, 2048, 2048, 2048, 2048, 2048]",304.0
1141,7953,10,17,2023-03-05T15:30:53.986000+00:00,31.527,43.151,24.333,227.0,247.0,False,99.011,"[None, 2048, 2048, 2048, 2048, 2048, 2048, 2048, 2048, 2048]","[2048, 2048, 2048, 2048, 2048, 2048, 2048, 2048, 2048, 2049, 2048]","[2048, 2048, 2048, 2048, 2048, 2048, 2048]",301.0
1141,7953,2,17,2023-03-05T15:30:54.830000+00:00,31.439,43.542,24.458,232.0,245.0,False,99.439,"[None, 2048, 2048, 2048, 2048, 2048, 2048, 2048, 2048, 2048]","[2048, 2048, 2048, 2048, 2048, 2048, 2048, 2048, 2048, 2048, 2048]","[2048, 2048, 2048, 2048, 2048, 2048]",320.0
1141,7953,4,17,2023-03-05T15:30:59.689000+00:00,31.573,42.806,27.122,231.0,252.0,False,101.501,"[None, 2048, 2048, 2048, 2048, 2048, 2048, 2048, 2048, 2049]","[2048, 2049, 2048, 2048, 2048, 2048, 2048, 2048, 2049, 2048, 2048]","[2048, 2048, 2048, 2049, 2048, 2048, 2064]",298.0
1141,7953,21,17,2023-03-05T15:31:01.189000+00:00,31.498,43.126,24.372,,250.0,False,98.996,"[None, 2048, 2048, 2048, 2048, 2048, 2048, 2048, 2048, 2048]","[2048, 2048, 2048, 2048, 2048, 2048, 2048, 2048, 2049, 2048, 2049]","[2048, 2048, 2048, 2048, 2048, 2048]",
1141,7953,27,17,2023-03-05T15:31:02.345000+00:00,31.458,43.372,24.566,229.0,248.0,False,99.396,"[None, 2048, 2048, 2048, 2048, 2048, 2048, 2048, 2048, 2048]","[2048, 2048, 2048, 2048, 2048, 2048, 2048, 2048, 2048, 2048, 2048]","[2048, 2048, 2048, 2048, 2048, 2048]",304.0
1141,7953,24,17,2023-03-05T15:31:03.111000+00:00,31.399,43.248,24.496,224.0,249.0,False,99.143,"[None, 2048, 2048, 2048, 2048, 2048, 2048, 2048, 2048, 2048]","[2048, 2048, 2049, 2048, 2048, 2048, 2048, 2048, 2048, 2048, 2048]","[2048, 2048, 2048, 2048, 2049, 2048, 2048]",309.0
1141,7953,20,17,2023-03-05T15:31:13.017000+00:00,31.498,42.739,24.082,229.0,240.0,False,98.319,"[2048, 2048, 2048, 2048, 2049, 2049, 2048, 2048, 2049, 2049]","[2049, 2049, 2049, 2049, 2048, 2049, 2048, 2048, 2049, 2048, 2048]","[2049, 2049, 2049, 2048, 2048, 2049, 2048]",295.0
1141,7953,31,17,2023-03-05T15:31:29.579000+00:00,31.538,43.002,24.24,223.0,252.0,False,98.78,"[2048, 2048, 2048, 2048, 2048, 2049, 2048, 2048, 2049, 2048]","[2048, 2049, 2048, 2048, 2048, 2048, 2048, 2048, 2049, 2048, 2048]","[2048, 2048, 2048, 2048, 2048, 2048, 2048]",292.0
1141,7953,11,18,2023-03-05T15:31:44.813000+00:00,51.905,42.936,23.956,232.0,241.0,True,118.797,"[2064, 2064, 2064, 2048, 2048, 2048, 2048, 2048, 2048, 2048]","[2048, 2048, 2049, 2048, 2049, 2048, 2048, 2048, 2049, 2048, 2048]","[2049, 2048, 2049, 2048, 2049, 2049, 2048]",218.0
1141,7953,1,18,2023-03-05T15:31:51.391000+00:00,31.211,42.569,23.834,,239.0,False,97.614,"[2048, 2048, 2048, 2048, 2048, 2048, 2048, 2048, 2048, 2048]","[2048, 2048, 2048, 2048, 2048, 2049, 2048, 2048, 2048, 2049, 2048]","[2048, 2048, 2049, 2048, 2048, 2049]",286.0
1141,7953,16,18,2023-03-05T15:32:01.797000+00:00,31.207,42.696,23.895,,244.0,False,97.798,"[None, 2048, 2048, 2048, 2048, 2048, 2048, 2048, 2049, 2048]","[2048, 2048, 2048, 2048, 2048, 2048, 2048, 2048, 2049, 2048, 2048]","[2049, 2049, 2048, 2048, 2049, 2048]",300.0
1141,7953,55,18,2023-03-05T15:32:13.156000+00:00,31.283,42.95,24.054,,243.0,False,98.287,"[None, 2048, 2048, 2048, 2048, 2048, 2048, 2048, 2048, 2048]","[2048, 2049, 2048, 2048, 2048, 2048, 2048, 2048, 2048, 2048, 2048]","[2048, 2048, 2048, 2048, 2048, 2048]",301.0
1141,7953,44,18,2023-03-05T15:32:15.906000+00:00,31.263,43.262,24.165,232.0,240.0,False,98.69,"[None, 2048, 2048, 2048, 2048, 2048, 2048, 2048, 2048, 2048]","[2048, 2048, 2048, 2048, 2048, 2048, 2048, 2048, 2048, 2048, 2048]","[2048, 2048, 2048, 2048, 2048, 2048, 2048]",305.0
1141,7953,14,18,2023-03-05T15:32:20.359000+00:00,31.3,42.737,24.087,,237.0,False,98.124,"[None, 2048, 2048, 2048, 2048, 2048, 2048, 2048, 2049, 2048]","[2048, 2049, 2048, 2048, 2048, 2048, 2048, 2048, 2048, 2048, 2048]","[2048, 2048, 2049, 2048, 2048, 2048]",300.0
1141,7953,77,18,2023-03-05T15:32:21.578000+00:00,31.682,43.946,24.612,227.0,245.0,False,100.24,"[None, 2048, 2048, 2048, 2048, 2048, 2048, 2049, 2048, 2048]","[2048, 2048, 2048, 2048, 2048, 2048, 2048, 2049, 2048, 2048, 2048]","[2048, 2048, 2048, 2048, 2048, 2048, 2048]",310.0
1141,7953,63,18,2023-03-05T15:32:21.922000+00:00,30.995,43.299,24.133,230.0,247.0,False,98.427,"[2051, 2049, 2048, 2048, 2048, 2048, 2051, 2051, 2048, 2048]","[2048, 2048, 2048, 2048, 2049, 2048, 2048, 2048, 2048, 2048, 2048]","[2048, 2048, 2048, 2048, 2049, 2048]",308.0
1141,7953,18,18,2023-03-05T15:32:25.031000+00:00,31.4,42.53,24.197,230.0,244.0,False,98.127,"[None, 2048, 2048, 2048, 2048, 2049, 2048, 2048, 2049, 2048]","[2048, 2049, 2048, 2049, 2048, 2048, 2048, 2048, 2048, 2048, 2048]","[2048, 2048, 2048, 2049, 2048, 2048, 2048]",303.0
1141,7953,23,18,2023-03-05T15:32:28.703000+00:00,31.24,43.43,24.379,,236.0,False,99.049,"[None, 2048, 2048, 2048, 2048, 2048, 2048, 2048, 2048, 2048]","[2048, 2048, 2048, 2048, 2048, 2048, 2048, 2048, 2048, 2048, 2048]","[2048, 2048, 2048, 2048, 2048, 2048, 2048]",315.0
1141,7953,22,18,2023-03-05T15:32:30.547000+00:00,31.402,43.402,24.498,229.0,237.0,False,99.302,"[None, 2048, 2048, 2048, 2048, 2048, 2048, 2048, 2048, 2048]","[2048, 2048, 2048, 2048, 2048, 2048, 2048, 2048, 2048, 2048, 2048]","[2048, 2048, 2048, 2049, 2048, 2048, 2048]",307.0
1141,7953,10,18,2023-03-05T15:32:33.078000+00:00,31.515,43.068,24.446,225.0,244.0,False,99.029,"[None, 2048, 2048, 2048, 2048, 2048, 2048, 2048, 2048, 2048]","[2048, 2049, 2048, 2048, 2048, 2048, 2048, 2048, 2049, 2048, 2048]","[2048, 2048, 2048, 2048, 2048, 2048]",300.0
1141,7953,2,18,2023-03-05T15:32:34.234000+00:00,31.497,43.423,24.479,231.0,242.0,False,99.399,"[None, 2048, 2048, 2048, 2048, 2048, 2048, 2048, 2048, 2048]","[2048, 2048, 2048, 2048, 2048, 2048, 2048, 2048, 2048, 2048, 2048]","[2048, 2048, 2048, 2048, 2048, 2048]",298.0
1141,7953,21,18,2023-03-05T15:32:40.093000+00:00,31.426,43.327,24.301,,241.0,False,99.054,"[None, 2048, 2048, 2048, 2048, 2048, 2048, 2048, 2048, 2048]","[2049, 2048, 2048, 2048, 2048, 2048, 2048, 2048, 2049, 2048, 2048]","[2049, 2048, 2048, 2048, 2048, 2048, 2048]",295.0
1141,7953,4,18,2023-03-05T15:32:41.265000+00:00,60.993,43.457,24.157,231.0,230.0,True,128.607,"[2064, 2064, 2064, 2048, 2048, 2049, 2048, 2048, 2048, 2049]","[2048, 2048, 2048, 2048, 2049, 2048, 2048, 2048, 2048, 2048, 2048]","[2049, 2048, 2048, 2048, 2049, 2049, 2048]",220.0
1141,7953,27,18,2023-03-05T15:32:41.828000+00:00,32.119,43.519,24.685,,246.0,False,100.323,"[None, 2048, 2048, 2048, 2048, 2048, 2048, 2048, 2048, 2048]","[2048, 2048, 2048, 2048, 2048, 2048, 2048, 2048, 2048, 2048, 2048]","[2048, 2048, 2048, 2048, 2048, 2048]",308.0
1141,7953,24,18,2023-03-05T15:32:42.281000+00:00,31.104,43.376,24.393,228.0,243.0,False,98.873,"[None, 2048, 2048, 2048, 2048, 2048, 2049, 2048, 2048, 2051]","[2049, 2048, 2048, 2048, 2048, 2048, 2048, 2048, 2049, 2048, 2048]","[2048, 2048, 2048, 2048, 2049, 2048]",327.0
1141,7953,20,18,2023-03-05T15:32:51.328000+00:00,31.32,42.799,24.155,232.0,243.0,False,98.274,"[None, 2048, 2048, 2049, 2048, 2049, 2048, 2048, 2048, 2049]","[2048, 2049, 2048, 2049, 2048, 2048, 2048, 2048, 2048, 2048, 2048]","[2048, 2049, 2049, 2048, 2048, 2048]",298.0
1141,7953,31,18,2023-03-05T15:33:08.327000+00:00,31.577,43.055,24.254,225.0,248.0,False,98.886,"[None, 2048, 2048, 2048, 2048, 2048, 2048, 2048, 2048, 2048]","[2048, 2048, 2048, 2048, 2048, 2048, 2048, 2048, 2049, 2049, 2048]","[2048, 2048, 2048, 2048, 2048, 2048]",290.0
1141,7953,1,19,2023-03-05T15:33:28.905000+00:00,31.243,42.608,23.861,,243.0,False,97.712,"[None, 2048, 2048, 2048, 2048, 2048, 2048, 2048, 2048, 2048]","[2048, 2048, 2048, 2048, 2048, 2049, 2049, 2048, 2048, 2048, 2049]","[2048, 2048, 2049, 2048, 2048, 2049, 2049]",289.0
1141,7953,16,19,2023-03-05T15:33:39.483000+00:00,31.149,42.743,23.966,228.0,248.0,False,97.858,"[None, 2048, 2048, 2048, 2048, 2048, 2048, 2048, 2048, 2048]","[2048, 2048, 2048, 2048, 2048, 2048, 2049, 2048, 2049, 2048, 2048]","[2048, 2048, 2048, 2048, 2048, 2048]",303.0
1141,7953,11,19,2023-03-05T15:33:43.545000+00:00,31.164,42.653,23.842,,236.0,False,97.659,"[2048, 2048, 2048, 2048, 2049, 2049, 2048, 2048, 2048, 2049]","[2048, 2048, 2049, 2049, 2049, 2048, 2048, 2048, 2051, 2048, 2048]","[2049, 2049, 2049, 2048, 2051, 2049]",291.0
1141,7953,55,19,2023-03-05T15:33:51.436000+00:00,31.208,42.939,24.063,227.0,243.0,False,98.21,"[None, 2048, 2048, 2048, 2048, 2048, 2048, 2048, 2048, 2048]","[2048, 2049, 2048, 2048, 2048, 2048, 2048, 2048, 2048, 2048, 2048]","[2048, 2048, 2048, 2048, 2048, 2048]",
1141,7953,44,19,2023-03-05T15:33:54.592000+00:00,31.294,43.297,24.093,,238.0,False,98.684,"[None, 2048, 2048, 2048, 2048, 2048, 2048, 2048, 2048, 2048]","[2048, 2048, 2048, 2048, 2048, 2048, 2048, 2048, 2048, 2048, 2048]","[2048, 2048, 2048, 2048, 2048, 2048]",308.0
1141,7953,14,19,2023-03-05T15:33:58.576000+00:00,31.313,42.965,24.083,228.0,245.0,False,98.361,"[None, 2048, 2048, 2048, 2048, 2048, 2048, 2048, 2049, 2048]","[2048, 2048, 2048, 2048, 2048, 2048, 2048, 2048, 2048, 2048, 2048]","[2048, 2048, 2048, 2048, 2048, 2048]",304.0
1141,7953,63,19,2023-03-05T15:34:00.311000+00:00,31.276,43.188,24.048,,246.0,False,98.512,"[2048, 2048, 2048, 2048, 2048, 2048, 2048, 2048, 2049, 2048]","[2048, 2048, 2048, 2048, 2048, 2048, 2048, 2048, 2048, 2048, 2048]","[2048, 2048, 2048, 2048, 2049, 2048, 2048]",299.0
1141,7953,77,19,2023-03-05T15:34:01.826000+00:00,31.65,43.373,24.474,225.0,244.0,False,99.497,"[None, 2048, 2048, 2048, 2048, 2048, 2048, 2048, 2048, 2048]","[2048, 2048, 2048, 2048, 2048, 2048, 2048, 2048, 2048, 2048, 2048]","[2048, 2048, 2048, 2048, 2048, 2048, 2048]",294.0
1141,7953,18,19,2023-03-05T15:34:03.154000+00:00,31.275,42.792,24.52,231.0,249.0,False,98.587,"[None, 2048, 2048, 2048, 2049, 2049, 2048, 2048, 2048, 2049]","[2048, 2048, 2048, 2048, 2048, 2048, 2049, 2049, 2048, 2048, 2048]","[2048, 2048, 2048, 2049, 2048, 2048]",304.0
1141,7953,23,19,2023-03-05T15:34:07.732000+00:00,31.412,43.511,24.349,230.0,241.0,False,99.272,"[None, 2048, 2048, 2048, 2048, 2048, 2048, 2048, 2048, 2048]","[2048, 2048, 2048, 2048, 2048, 2048, 2048, 2048, 2048, 2048, 2048]","[2048, 2048, 2048, 2048, 2048, 2048]",304.0
1141,7953,22,19,2023-03-05T15:34:09.842000+00:00,31.456,43.331,24.383,227.0,243.0,False,99.17,"[None, 2048, 2048, 2048, 2048, 2048, 2048, 2048, 2049, 2048]","[2048, 2048, 2048, 2048, 2048, 2048, 2048, 2048, 2048, 2048, 2048]","[2048, 2048, 2048, 2048, 2048, 2048, 2048]",303.0
1141,7953,10,19,2023-03-05T15:34:12.045000+00:00,31.571,43.098,24.397,,244.0,False,99.066,"[None, 2048, 2048, 2048, 2048, 2048, 2048, 2048, 2048, 2048]","[2048, 2048, 2048, 2048, 2048, 2048, 2048, 2048, 2048, 2048, 2048]","[2048, 2048, 2048, 2048, 2048, 2048]",299.0
1141,7953,2,19,2023-03-05T15:34:13.623000+00:00,31.3,43.546,24.374,232.0,246.0,False,99.22,"[None, 2048, 2048, 2049, 2048, 2048, 2048, 2048, 2049, 2048]","[2048, 2048, 2048, 2048, 2048, 2048, 2048, 2048, 2048, 2048, 2048]","[2048, 2048, 2048, 2048, 2048, 2048, 2048]",308.0
1141,7953,21,19,2023-03-05T15:34:19.232000+00:00,31.442,43.253,24.383,232.0,245.0,False,99.078,"[None, 2048, 2048, 2048, 2048, 2048, 2048, 2048, 2048, 2048]","[2048, 2049, 2048, 2048, 2048, 2048, 2048, 2048, 2049, 2048, 2048]","[2048, 2048, 2048, 2048, 2048, 2048]",296.0
1141,7953,24,19,2023-03-05T15:34:21.092000+00:00,31.493,43.007,24.294,230.0,248.0,False,98.794,"[None, 2048, 2048, 2048, 2049, 2048, 2048, 2048, 2049, 2048]","[2049, 2049, 2048, 2048, 2048, 2048, 2048, 2048, 2048, 2048, 2048]","[2049, 2049, 2048, 2048, 2048, 2048, 2048]",289.0
1141,7953,27,19,2023-03-05T15:34:22.060000+00:00,31.771,43.31,24.552,227.0,248.0,False,99.633,"[None, 2048, 2048, 2048, 2048, 2048, 2048, 2048, 2048, 2048]","[2048, 2048, 2048, 2048, 2048, 2048, 2048, 2048, 2048, 2048, 2048]","[2048, 2048, 2048, 2048, 2048, 2048]",322.0
1141,7953,20,19,2023-03-05T15:34:29.701000+00:00,31.449,43.108,24.246,229.0,241.0,False,98.803,"[None, 2048, 2048, 2048, 2049, 2048, 2048, 2048, 2048, 2048]","[2048, 2049, 2048, 2048, 2048, 2048, 2048, 2048, 2049, 2048, 2048]","[2048, 2048, 2048, 2048, 2048, 2048, 2048]",299.0
1141,7953,31,19,2023-03-05T15:34:47.232000+00:00,31.651,42.936,24.23,224.0,248.0,False,98.817,"[None, 2048, 2048, 2048, 2048, 2048, 2048, 2048, 2048, 2048]","[2049, 2048, 2048, 2048, 2048, 2048, 2048, 2048, 2049, 2049, 2048]","[2048, 2048, 2048, 2048, 2049, 2048, 2048]",289.0
1141,7953,4,19,2023-03-05T15:34:49.857000+00:00,31.206,42.704,24.056,230.0,240.0,False,97.966,"[2048, 2048, 2048, 2048, 2049, 2049, 2048, 2048, 2049, 2048]","[2048, 2048, 2049, 2049, 2049, 2048, 2048, 2048, 2049, 2048, 2048]","[2049, 2049, 2048, 2049, 2049, 2048]",294.0
1141,7953,1,20,2023-03-05T15:35:06.747000+00:00,31.186,42.766,23.836,230.0,237.0,False,97.788,"[2049, 2048, 2048, 2048, 2051, 2048, 2048, 2048, 2048, 2048]","[2048, 2048, 2048, 2048, 2048, 2048, 2048, 2048, 2048, 2048, 2048]","[2049, 2048, 2048, 2048, 2048, 2048, 2049]",291.0
1141,7953,16,20,2023-03-05T15:35:17.466000+00:00,31.166,42.561,23.904,,244.0,False,97.631,"[None, 2048, 2048, 2048, 2048, 2048, 2048, 2048, 2048, 2048]","[2048, 2048, 2048, 2048, 2048, 2048, 2049, 2049, 2049, 2048, 2048]","[2049, 2048, 2048, 2049, 2049, 2048, 2048]",
1141,7953,11,20,2023-03-05T15:35:21.215000+00:00,30.978,42.696,23.774,,237.0,False,97.448,"[None, 2048, 2048, 2048, 2049, 2049, 2048, 2048, 2049, 2048]","[2048, 2048, 2048, 2048, 2049, 2048, 2048, 2048, 2048, 2048, 2048]","[2049, 2049, 2049, 2048, 2051, 2049, 2048]",292.0
1141,7953,55,20,2023-03-05T15:35:29.653000+00:00,31.272,42.826,23.998,228.0,246.0,False,98.096,"[None, 2048, 2048, 2048, 2048, 2048, 2048, 2048, 2048, 2048]","[2049, 2051, 2048, 2048, 2048, 2048, 2048, 2048, 2048, 2048, 2048]","[2049, 2048, 2048, 2048, 2048, 2048]",303.0
1141,7953,44,20,2023-03-05T15:35:33.293000+00:00,31.163,43.227,24.088,233.0,234.0,False,98.478,"[None, 2048, 2048, 2048, 2048, 2048, 2048, 2048, 2048, 2048]","[2048, 2048, 2048, 2048, 2048, 2048, 2048, 2048, 2048, 2048, 2048]","[2048, 2048, 2048, 2048, 2048, 2048, 2048]",
1141,7953,14,20,2023-03-05T15:35:36.918000+00:00,31.337,42.915,24.066,227.0,240.0,False,98.318,"[None, 2048, 2048, 2048, 2048, 2048, 2048, 2048, 2048, 2048]","[2048, 2048, 2048, 2048, 2048, 2048, 2048, 2048, 2048, 2048, 2048]","[2048, 2048, 2048, 2048, 2048, 2048, 2048]",
1141,7953,63,20,2023-03-05T15:35:38.824000+00:00,31.282,43.216,24.08,229.0,242.0,False,98.578,"[None, 2048, 2048, 2048, 2048, 2048, 2048, 2048, 2048, 2048]","[2048, 2048, 2048, 2048, 2048, 2048, 2048, 2048, 2048, 2048, 2048]","[2048, 2048, 2048, 2048, 2048, 2048, 2048]",
1141,7953,77,20,2023-03-05T15:35:41.324000+00:00,31.91,43.979,24.553,232.0,245.0,False,100.442,"[None, 2048, 2048, 2048, 2048, 2048, 2049, 2048, 2048, 2049]","[2048, 2048, 2048, 2048, 2048, 2048, 2048, 2048, 2048, 2048, 2048]","[2048, 2048, 2048, 2049, 2048, 2048]",296.0
1141,7953,18,20,2023-03-05T15:35:41.778000+00:00,31.031,42.815,24.192,227.0,240.0,False,98.038,"[2049, 2049, 2048, 2048, 2048, 2048, 2048, 2048, 2048, 2048]","[2048, 2048, 2048, 2048, 2048, 2048, 2048, 2048, 2048, 2048, 2048]","[2048, 2048, 2048, 2048, 2048, 2048]",324.0
1141,7953,23,20,2023-03-05T15:35:47.028000+00:00,31.372,43.498,24.429,,240.0,False,99.299,"[None, 2048, 2048, 2048, 2048, 2048, 2048, 2048, 2048, 2048]","[2048, 2048, 2048, 2048, 2048, 2048, 2048, 2048, 2048, 2048, 2048]","[2048, 2048, 2048, 2048, 2048, 2048, 2048]",314.0
1141,7953,22,20,2023-03-05T15:35:49.012000+00:00,31.476,43.398,24.408,,248.0,False,99.282,"[None, 2048, 2048, 2048, 2048, 2048, 2048, 2048, 2048, 2048]","[2048, 2048, 2048, 2048, 2048, 2048, 2048, 2048, 2048, 2048, 2048]","[2048, 2048, 2048, 2048, 2048, 2048]",306.0
1141,7953,10,20,2023-03-05T15:35:51.184000+00:00,31.481,43.179,24.357,,248.0,False,99.017,"[None, 2048, 2048, 2049, 2048, 2048, 2048, 2048, 2049, 2048]","[2048, 2048, 2048, 2048, 2048, 2048, 2048, 2048, 2048, 2048, 2048]","[2048, 2048, 2048, 2048, 2048, 2048, 2048]",301.0
1141,7953,2,20,2023-03-05T15:35:52.824000+00:00,31.337,43.39,24.459,233.0,247.0,False,99.186,"[None, 2048, 2048, 2048, 2048, 2048, 2048, 2048, 2048, 2048]","[2048, 2048, 2048, 2048, 2048, 2048, 2048, 2048, 2048, 2048, 2048]","[2048, 2048, 2048, 2048, 2048, 2048]",
1141,7953,21,20,2023-03-05T15:35:58.293000+00:00,,43.332,24.408,,248.0,False,99.182,"[None, 2048, 2048, 2048, 2048, 2048, 2048, 2048, 2048, 2048]","[2049, 2048, 2048, 2048, 2048, 2048, 2048, 2048, 2048, 2048, 2048]","[2048, 2048, 2048, 2048, 2048, 2048]",297.0
1141,7953,24,20,2023-03-05T15:35:59.934000+00:00,31.546,43.055,24.295,231.0,248.0,False,98.896,"[None, 2048, 2048, 2048, 2048, 2048, 2048, 2048, 2048, 2048]","[2049, 2048, 2049, 2048, 2048, 2048, 2048, 2048, 2048, 2048, 2048]","[2049, 2048, 2048, 2048, 2048, 2048]",298.0
1141,7953,27,20,2023-03-05T15:36:01.824000+00:00,31.592,43.273,24.63,231.0,253.0,False,99.495,"[None, 2048, 2048, 2048, 2048, 2048, 2048, 2048, 2048, 2048]","[2048, 2049, 2048, 2048, 2048, 2048, 2048, 2048, 2048, 2048, 2048]","[2048, 2048, 2048, 2048, 2048, 2048, 2048]",305.0
1141,7953,20,20,2023-03-05T15:36:08.418000+00:00,31.665,43.198,24.22,,247.0,False,99.083,"[None, 2048, 2048, 2048, 2048, 2048, 2048, 2048, 2048, 2048]","[2048, 2048, 2048, 2048, 2048, 2048, 2048, 2048, 2048, 2048, 2048]","[2048, 2048, 2048, 2048, 2048, 2048]",297.0
1141,7953,31,20,2023-03-05T15:36:26.074000+00:00,31.605,43.024,24.18,225.0,254.0,False,98.809,"[None, 2048, 2048, 2048, 2048, 2048, 2048, 2048, 2048, 2048]","[2049, 2048, 2048, 2048, 2048, 2048, 2048, 2048, 2048, 2048, 2049]","[2048, 2048, 2048, 2048, 2049, 2048]",
1141,7953,4,20,2023-03-05T15:36:27.855000+00:00,31.318,42.762,24.265,231.0,243.0,False,98.345,"[None, 2048, 2048, 2048, 2048, 2048, 2048, 2048, 2048, 2048]","[2048, 2048, 2048, 2048, 2048, 2048, 2048, 2048, 2048, 2049, 2048]","[2048, 2049, 2049, 2048, 2048, 2049]",295.0
1141,7953,1,21,2023-03-05T15:36:44.511000+00:00,31.168,42.572,23.842,232.0,239.0,False,97.582,"[None, 2049, 2049, 2048, 2048, 2048, 2048, 2048, 2048, 2048]","[2048, 2048, 2048, 2048, 2048, 2048, 2048, 2048, 2048, 2048, 2048]","[2048, 2049, 2049, 2048, 2048, 2048]",293.0
1141,7953,16,21,2023-03-05T15:36:55.058000+00:00,31.114,42.726,23.913,,244.0,False,97.753,"[None, 2048, 2048, 2048, 2049, 2048, 2048, 2048, 2048, 2048]","[2048, 2048, 2048, 2048, 2048, 2048, 2048, 2049, 2048, 2048, 2048]","[2048, 2048, 2048, 2049, 2048, 2048]",305.0
1141,7953,11,21,2023-03-05T15:36:58.698000+00:00,30.982,42.507,23.751,233.0,242.0,False,97.24,"[None, 2048, 2048, 2048, 2049, 2048, 2048, 2048, 2048, 2049]","[2048, 2048, 2048, 2049, 2048, 2048, 2048, 2048, 2051, 2048, 2048]","[2049, 2048, 2049, 2048, 2048, 2049, 2048]",293.0
1141,7953,55,21,2023-03-05T15:37:07.745000+00:00,31.305,42.957,23.978,,244.0,False,98.24,"[None, 2048, 2048, 2048, 2048, 2048, 2048, 2048, 2048, 2048]","[2048, 2048, 2048, 2048, 2048, 2048, 2048, 2048, 2049, 2048, 2048]","[2048, 2048, 2048, 2048, 2048, 2048]",301.0
1141,7953,44,21,2023-03-05T15:37:11.807000+00:00,31.151,43.35,24.08,230.0,235.0,False,98.581,"[None, 2048, 2048, 2048, 2048, 2048, 2048, 2048, 2048, 2048]","[2048, 2048, 2048, 2048, 2048, 2048, 2048, 2048, 2048, 2048, 2048]","[2048, 2048, 2048, 2048, 2048, 2048, 2048]",
1141,7953,14,21,2023-03-05T15:37:15.292000+00:00,31.383,42.994,24.03,228.0,236.0,False,98.407,"[None, 2048, 2048, 2048, 2048, 2048, 2048, 2048, 2048, 2048]","[2048, 2048, 2048, 2048, 2048, 2048, 2048, 2048, 2049, 2048, 2048]","[2048, 2048, 2049, 2048, 2048, 2048, 2048]",303.0
1141,7953,63,21,2023-03-05T15:37:17.401000+00:00,31.287,43.084,24.184,,247.0,False,98.555,"[None, 2048, 2048, 2048, 2048, 2048, 2048, 2048, 2049, 2048]","[2048, 2048, 2048, 2048, 2048, 2048, 2048, 2048, 2048, 2048, 2048]","[2048, 2048, 2048, 2048, 2048, 2048, 2048]",302.0
1141,7953,18,21,2023-03-05T15:37:19.682000+00:00,31.172,42.998,24.103,230.0,233.0,False,98.273,"[2048, 2048, 2048, 2048, 2049, 2049, 2048, 2048, 2048, 2048]","[2048, 2048, 2048, 2048, 2048, 2048, 2048, 2048, 2048, 2048, 2048]","[2048, 2048, 2048, 2048, 2048, 2048]",304.0
1141,7953,77,21,2023-03-05T15:37:21.760000+00:00,31.577,43.366,24.412,228.0,244.0,False,99.355,"[None, 2048, 2048, 2048, 2048, 2048, 2048, 2048, 2048, 2048]","[2048, 2048, 2048, 2048, 2048, 2048, 2048, 2048, 2048, 2048, 2048]","[2048, 2048, 2048, 2048, 2048, 2048]",295.0
1141,7953,23,21,2023-03-05T15:37:26.307000+00:00,31.415,43.682,24.494,,240.0,False,99.591,"[None, 2048, 2048, 2048, 2048, 2048, 2048, 2048, 2048, 2048]","[2048, 2048, 2048, 2048, 2048, 2048, 2048, 2048, 2048, 2048, 2048]","[2048, 2048, 2048, 2048, 2048, 2048]",311.0
1141,7953,22,21,2023-03-05T15:37:28.291000+00:00,31.486,43.285,24.554,,246.0,False,99.325,"[None, 2048, 2048, 2048, 2048, 2048, 2048, 2048, 2048, 2048]","[2048, 2048, 2048, 2048, 2048, 2048, 2048, 2048, 2048, 2048, 2048]","[2048, 2048, 2048, 2048, 2048, 2048, 2048]",305.0
1141,7953,10,21,2023-03-05T15:37:30.182000+00:00,31.671,43.328,24.328,,247.0,False,99.327,"[None, 2048, 2048, 2048, 2048, 2048, 2048, 2048, 2048, 2048]","[2048, 2048, 2048, 2048, 2048, 2048, 2048, 2048, 2048, 2048, 2048]","[2048, 2048, 2048, 2048, 2048, 2048]",300.0
1141,7953,2,21,2023-03-05T15:37:32.026000+00:00,31.466,43.62,24.526,231.0,241.0,False,99.612,"[None, 2048, 2048, 2048, 2048, 2048, 2048, 2048, 2048, 2048]","[2048, 2048, 2048, 2048, 2048, 2048, 2048, 2048, 2048, 2048, 2048]","[2048, 2048, 2048, 2048, 2048, 2048, 2048]",307.0
1141,7953,21,21,2023-03-05T15:37:37.525000+00:00,31.508,43.309,24.365,231.0,246.0,False,99.182,"[None, 2048, 2048, 2048, 2048, 2048, 2048, 2048, 2048, 2048]","[2048, 2048, 2048, 2048, 2048, 2048, 2048, 2048, 2048, 2048, 2048]","[2048, 2048, 2048, 2048, 2048, 2048]",295.0
1141,7953,24,21,2023-03-05T15:37:38.822000+00:00,31.46,43.064,24.364,,245.0,False,98.888,"[None, 2048, 2048, 2048, 2048, 2048, 2048, 2048, 2048, 2048]","[2049, 2049, 2048, 2048, 2048, 2048, 2048, 2048, 2048, 2048, 2048]","[2048, 2048, 2048, 2049, 2048, 2048]",
1141,7953,27,21,2023-03-05T15:37:41.307000+00:00,31.669,43.393,24.641,230.0,254.0,False,99.703,"[None, 2048, 2048, 2048, 2048, 2048, 2048, 2048, 2049, 2048]","[2048, 2048, 2048, 2048, 2048, 2048, 2048, 2048, 2048, 2048, 2048]","[2048, 2048, 2048, 2048, 2048, 2048, 2048]",303.0
1141,7953,20,21,2023-03-05T15:37:47.541000+00:00,31.648,43.082,24.356,230.0,248.0,False,99.086,"[None, 2048, 2048, 2048, 2048, 2048, 2048, 2048, 2048, 2048]","[2048, 2048, 2048, 2048, 2048, 2048, 2048, 2048, 2048, 2048, 2048]","[2048, 2048, 2048, 2048, 2048, 2048, 2048]",299.0
1141,7953,31,21,2023-03-05T15:38:04.837000+00:00,31.634,43.064,24.278,,251.0,False,98.976,"[None, 2048, 2048, 2048, 2048, 2048, 2048, 2048, 2048, 2048]","[2048, 2048, 2048, 2048, 2048, 2048, 2048, 2048, 2048, 2048, 2048]","[2048, 2048, 2048, 2048, 2048, 2048]",288.0
1141,7953,4,21,2023-03-05T15:38:06.181000+00:00,31.319,42.673,24.305,232.0,253.0,False,98.297,"[None, 2048, 2048, 2048, 2048, 2048, 2049, 2048, 2048, 2051]","[2048, 2048, 2048, 2048, 2048, 2048, 2049, 2049, 2048, 2048, 2048]","[2048, 2048, 2048, 2049, 2048, 2048, 2049]",296.0
1141,7953,1,22,2023-03-05T15:38:22.087000+00:00,31.224,42.548,23.879,,235.0,False,97.651,"[None, 2049, 2049, 2048, 2048, 2048, 2048, 2048, 2048, 2048]","[2048, 2048, 2048, 2048, 2048, 2049, 2049, 2048, 2048, 2049, 2048]","[2048, 2048, 2048, 2048, 2048, 2048]",292.0
1141,7953,16,22,2023-03-05T15:38:32.853000+00:00,31.499,42.618,24.045,227.0,243.0,False,98.162,"[None, 2048, 2048, 2048, 2048, 2048, 2048, 2048, 2048, 2048]","[2049, 2049, 2048, 2048, 2048, 2048, 2048, 2049, 2048, 2048, 2048]","[2048, 2048, 2048, 2048, 2048, 2048]",
1141,7953,11,22,2023-03-05T15:38:35.946000+00:00,30.956,42.354,23.859,234.0,241.0,False,97.169,"[None, 2048, 2048, 2048, 2048, 2049, 2048, 2048, 2048, 2048]","[2048, 2048, 2049, 2049, 2049, 2048, 2048, 2048, 2051, 2048, 2048]","[2048, 2049, 2049, 2048, 2048, 2048]",298.0
1141,7953,55,22,2023-03-05T15:38:46.024000+00:00,31.288,43.137,24.028,227.0,240.0,False,98.453,"[None, 2048, 2048, 2048, 2048, 2048, 2048, 2048, 2048, 2048]","[2049, 2048, 2048, 2048, 2048, 2048, 2048, 2048, 2048, 2048, 2048]","[2048, 2048, 2048, 2048, 2048, 2048, 2048]",304.0
1141,7953,44,22,2023-03-05T15:38:50.337000+00:00,31.336,43.109,24.015,229.0,238.0,False,98.46,"[None, 2048, 2048, 2048, 2048, 2048, 2048, 2048, 2048, 2048]","[2048, 2048, 2048, 2048, 2048, 2048, 2048, 2048, 2048, 2048, 2048]","[2048, 2048, 2048, 2048, 2048, 2048, 2048]",307.0
1141,7953,14,22,2023-03-05T15:38:53.649000+00:00,31.364,42.853,23.983,,235.0,False,98.2,"[None, 2048, 2048, 2048, 2048, 2048, 2048, 2048, 2049, 2048]","[2049, 2048, 2048, 2049, 2048, 2048, 2048, 2048, 2048, 2048, 2048]","[2048, 2049, 2049, 2048, 2048, 2048, 2048]",304.0
1141,7953,63,22,2023-03-05T15:38:56.024000+00:00,31.313,42.999,24.126,,247.0,False,98.438,"[None, 2048, 2048, 2048, 2048, 2048, 2048, 2048, 2049, 2048]","[2048, 2048, 2048, 2048, 2048, 2048, 2048, 2048, 2048, 2048, 2048]","[2048, 2048, 2048, 2048, 2048, 2048, 2048]",305.0
1141,7953,18,22,2023-03-05T15:38:58.055000+00:00,31.338,43.254,24.138,228.0,230.0,False,98.73,"[None, 2048, 2048, 2048, 2048, 2048, 2048, 2048, 2048, 2048]","[2048, 2048, 2048, 2048, 2048, 2048, 2048, 2048, 2048, 2048, 2048]","[2048, 2048, 2048, 2048, 2048, 2048, 2048]",
1141,7953,77,22,2023-03-05T15:39:01.118000+00:00,31.591,43.332,24.433,229.0,244.0,False,99.356,"[None, 2048, 2048, 2048, 2048, 2048, 2048, 2048, 2048, 2048]","[2048, 2048, 2048, 2048, 2048, 2048, 2048, 2048, 2048, 2048, 2048]","[2048, 2048, 2048, 2048, 2048, 2048, 2048]",292.0
1141,7953,23,22,2023-03-05T15:39:05.915000+00:00,31.391,43.783,24.414,231.0,242.0,False,99.588,"[None, 2048, 2048, 2048, 2048, 2048, 2048, 2048, 2048, 2048]","[2048, 2048, 2048, 2048, 2048, 2048, 2048, 2048, 2048, 2048, 2048]","[2048, 2048, 2048, 2048, 2048, 2048]",313.0
1141,7953,22,22,2023-03-05T15:39:07.602000+00:00,31.479,43.415,24.545,226.0,250.0,False,99.439,"[None, 2048, 2048, 2048, 2048, 2048, 2048, 2048, 2048, 2048]","[2048, 2048, 2048, 2048, 2048, 2048, 2048, 2048, 2048, 2048, 2048]","[2048, 2048, 2048, 2048, 2048, 2048]",304.0
1141,7953,10,22,2023-03-05T15:39:09.477000+00:00,31.609,43.483,24.393,224.0,245.0,False,99.485,"[None, 2048, 2048, 2049, 2048, 2048, 2048, 2048, 2048, 2048]","[2048, 2048, 2048, 2048, 2048, 2048, 2048, 2048, 2048, 2048, 2048]","[2048, 2048, 2048, 2048, 2048, 2048, 2048]",302.0
1141,7953,2,22,2023-03-05T15:39:11.618000+00:00,31.385,43.461,24.516,234.0,247.0,False,99.362,"[None, 2048, 2048, 2048, 2048, 2048, 2048, 2048, 2048, 2048]","[2048, 2048, 2048, 2048, 2048, 2048, 2048, 2048, 2048, 2048, 2048]","[2048, 2048, 2048, 2048, 2048, 2048, 2048]",306.0
1141,7953,21,22,2023-03-05T15:39:16.742000+00:00,31.572,43.328,24.396,232.0,246.0,False,99.296,"[None, 2048, 2048, 2048, 2048, 2048, 2048, 2048, 2048, 2048]","[2049, 2049, 2048, 2048, 2048, 2048, 2048, 2048, 2048, 2048, 2048]","[2048, 2048, 2048, 2048, 2048, 2048, 2048]",297.0
1141,7953,24,22,2023-03-05T15:39:17.789000+00:00,31.548,43.054,24.513,233.0,245.0,False,99.115,"[None, 2048, 2048, 2048, 2048, 2048, 2048, 2048, 2048, 2048]","[2048, 2048, 2048, 2048, 2048, 2048, 2048, 2049, 2048, 2048, 2048]","[2048, 2048, 2048, 2048, 2048, 2048, 2048]",300.0
1141,7953,27,22,2023-03-05T15:39:21.024000+00:00,31.837,43.443,24.654,228.0,253.0,False,99.934,"[None, 2048, 2048, 2048, 2048, 2048, 2048, 2048, 2048, 2048]","[2048, 2048, 2048, 2048, 2048, 2048, 2048, 2048, 2048, 2048, 2048]","[2048, 2048, 2048, 2048, 2048, 2048]",301.0
1141,7953,20,22,2023-03-05T15:39:26.602000+00:00,31.554,43.081,24.278,,247.0,False,98.913,"[None, 2048, 2048, 2049, 2048, 2048, 2048, 2048, 2048, 2048]","[2048, 2048, 2048, 2048, 2048, 2048, 2048, 2048, 2048, 2048, 2048]","[2048, 2048, 2048, 2048, 2048, 2048, 2048]",
1141,7953,31,22,2023-03-05T15:39:43.836000+00:00,31.568,43.193,24.267,,251.0,False,99.028,"[None, 2048, 2048, 2048, 2048, 2048, 2048, 2048, 2048, 2048]","[2048, 2049, 2048, 2048, 2048, 2048, 2048, 2048, 2048, 2048, 2048]","[2048, 2048, 2048, 2048, 2048, 2048, 2048]",295.0
1141,7953,4,22,2023-03-05T15:39:44.476000+00:00,31.306,43.305,24.297,227.0,249.0,False,98.908,"[2049, 2049, 2049, 2048, 2048, 2048, 2049, 2049, 2048, 2048]","[2048, 2048, 2048, 2048, 2048, 2048, 2048, 2048, 2048, 2049, 2048]","[2048, 2049, 2049, 2049, 2048, 2048, 2048]",321.0
1141,7953,1,23,2023-03-05T15:39:59.726000+00:00,31.153,42.514,23.885,,237.0,False,97.552,"[None, 2049, 2048, 2048, 2051, 2048, 2048, 2048, 2048, 2048]","[2048, 2048, 2048, 2048, 2048, 2048, 2049, 2048, 2048, 2048, 2048]","[2048, 2048, 2048, 2048, 2048, 2048, 2048]",294.0
1141,7953,16,23,2023-03-05T15:40:11.038000+00:00,31.209,42.95,23.895,228.0,243.0,False,98.054,"[None, 2048, 2048, 2048, 2048, 2048, 2048, 2049, 2048, 2048]","[2049, 2048, 2048, 2048, 2048, 2048, 2048, 2048, 2048, 2048, 2048]","[2048, 2048, 2048, 2049, 2048, 2048]",306.0
1141,7953,11,23,2023-03-05T15:40:13.101000+00:00,31.057,42.415,23.832,235.0,243.0,False,97.304,"[None, 2048, 2048, 2048, 2048, 2048, 2048, 2048, 2048, 2051]","[2048, 2049, 2048, 2048, 2048, 2048, 2048, 2048, 2048, 2049, 2048]","[2048, 2048, 2049, 2048, 2048, 2049, 2048]",295.0
1141,7953,55,23,2023-03-05T15:40:24.429000+00:00,31.483,43.147,23.967,228.0,247.0,False,98.597,"[None, 2048, 2048, 2048, 2048, 2048, 2048, 2048, 2048, 2048]","[2048, 2048, 2048, 2048, 2048, 2048, 2048, 2048, 2048, 2048, 2048]","[2048, 2048, 2048, 2048, 2048, 2048, 2048]",
1141,7953,44,23,2023-03-05T15:40:29.132000+00:00,31.164,43.21,24.01,231.0,236.0,False,98.384,"[None, 2048, 2048, 2048, 2048, 2048, 2048, 2048, 2048, 2048]","[2048, 2048, 2048, 2048, 2048, 2048, 2048, 2048, 2048, 2048, 2048]","[2048, 2048, 2048, 2048, 2048, 2048, 2048]",
1141,7953,14,23,2023-03-05T15:40:31.944000+00:00,31.14,42.63,24.083,227.0,243.0,False,97.853,"[None, 2048, 2048, 2049, 2048, 2048, 2048, 2048, 2051, 2048]","[2048, 2049, 2048, 2049, 2048, 2048, 2048, 2048, 2049, 2048, 2048]","[2048, 2048, 2048, 2048, 2048, 2048, 2048]",305.0
1141,7953,63,23,2023-03-05T15:40:34.382000+00:00,31.278,43.405,24.09,227.0,242.0,False,98.773,"[None, 2048, 2048, 2048, 2048, 2048, 2048, 2048, 2049, 2048]","[2048, 2048, 2048, 2049, 2048, 2048, 2048, 2048, 2048, 2048, 2048]","[2048, 2048, 2048, 2048, 2048, 2048, 2048]",308.0
1141,7953,18,23,2023-03-05T15:40:36.835000+00:00,31.348,42.818,24.129,229.0,247.0,False,98.295,"[None, 2048, 2048, 2048, 2048, 2048, 2048, 2048, 2048, 2048]","[2048, 2048, 2048, 2048, 2048, 2048, 2048, 2048, 2048, 2048, 2048]","[2048, 2048, 2048, 2048, 2048, 2048, 2048]",302.0
1141,7953,77,23,2023-03-05T15:40:40.444000+00:00,31.711,43.197,24.403,228.0,243.0,False,99.311,"[None, 2048, 2048, 2048, 2048, 2048, 2048, 2048, 2048, 2048]","[2048, 2048, 2048, 2048, 2048, 2048, 2048, 2048, 2048, 2048, 2048]","[2048, 2048, 2048, 2048, 2048, 2048, 2048]",293.0
1141,7953,23,23,2023-03-05T15:40:45.506000+00:00,31.503,43.786,24.513,232.0,239.0,False,99.802,"[None, 2048, 2048, 2048, 2048, 2048, 2048, 2048, 2048, 2048]","[2048, 2048, 2048, 2048, 2048, 2048, 2048, 2048, 2048, 2048, 2048]","[2048, 2048, 2048, 2048, 2048, 2048, 2048]",312.0
1141,7953,22,23,2023-03-05T15:40:47.085000+00:00,31.543,43.474,24.615,227.0,248.0,False,99.632,"[None, 2048, 2048, 2048, 2048, 2048, 2048, 2048, 2048, 2048]","[2048, 2048, 2048, 2048, 2048, 2048, 2048, 2048, 2048, 2048, 2048]","[2048, 2048, 2048, 2048, 2048, 2048]",307.0
1141,7953,10,23,2023-03-05T15:40:48.960000+00:00,31.538,43.32,24.405,225.0,246.0,False,99.263,"[None, 2048, 2048, 2048, 2048, 2048, 2048, 2048, 2048, 2048]","[2048, 2048, 2048, 2048, 2048, 2048, 2048, 2048, 2048, 2048, 2048]","[2048, 2048, 2048, 2048, 2048, 2048, 2048]",
1141,7953,2,23,2023-03-05T15:40:51.006000+00:00,31.63,43.546,24.516,231.0,248.0,False,99.692,"[None, 2048, 2048, 2048, 2048, 2048, 2048, 2048, 2048, 2048]","[2048, 2048, 2048, 2048, 2048, 2048, 2048, 2048, 2048, 2048, 2048]","[2048, 2048, 2048, 2048, 2048, 2048]",307.0
1141,7953,21,23,2023-03-05T15:40:55.975000+00:00,31.637,43.479,24.426,231.0,245.0,False,99.542,"[None, 2048, 2048, 2048, 2048, 2048, 2048, 2048, 2048, 2048]","[2048, 2048, 2048, 2048, 2048, 2048, 2048, 2048, 2048, 2048, 2048]","[2048, 2048, 2048, 2048, 2048, 2048]",
1141,7953,24,23,2023-03-05T15:40:56.850000+00:00,31.41,43.384,24.668,228.0,245.0,False,99.462,"[None, 2048, 2048, 2048, 2048, 2048, 2048, 2048, 2048, 2048]","[2048, 2048, 2048, 2048, 2048, 2048, 2048, 2048, 2048, 2048, 2048]","[2048, 2048, 2048, 2048, 2048, 2048, 2048]",313.0
1141,7953,27,23,2023-03-05T15:41:00.928000+00:00,31.733,43.474,24.659,230.0,254.0,False,99.866,"[None, 2048, 2048, 2048, 2048, 2048, 2048, 2048, 2049, 2048]","[2048, 2049, 2048, 2048, 2048, 2048, 2048, 2048, 2048, 2048, 2048]","[2048, 2048, 2048, 2048, 2048, 2048, 2048]",302.0
1141,7953,20,23,2023-03-05T15:41:05.537000+00:00,31.612,43.032,24.383,,251.0,False,99.027,"[None, 2048, 2048, 2048, 2048, 2048, 2048, 2048, 2049, 2048]","[2049, 2048, 2048, 2048, 2048, 2048, 2048, 2048, 2048, 2048, 2049]","[2048, 2048, 2048, 2048, 2048, 2048, 2048]",298.0
1141,7953,31,23,2023-03-05T15:41:22.881000+00:00,32.119,43.443,24.49,226.0,252.0,False,100.052,"[None, 2048, 2048, 2048, 2048, 2048, 2048, 2048, 2048, 2048]","[2048, 2048, 2048, 2048, 2048, 2048, 2048, 2049, 2048, 2048, 2048]","[2048, 2048, 2048, 2048, 2048, 2048, 2048]",304.0
1141,7953,4,23,2023-03-05T15:41:23.350000+00:00,31.283,42.726,24.282,220.0,241.0,False,98.291,"[None, 2049, 2049, 2048, 2048, 2048, 2049, 2049, 2048, 2048]","[2048, 2049, 2048, 2048, 2048, 2048, 2048, 2048, 2049, 2048, 2048]","[2048, 2048, 2048, 2048, 2048, 2048]",325.0
1141,7953,1,24,2023-03-05T15:41:37.256000+00:00,31.145,42.398,23.844,233.0,238.0,False,97.387,"[None, 2049, 2049, 2048, 2048, 2048, 2048, 2049, 2048, 2048]","[2048, 2048, 2048, 2048, 2048, 2048, 2048, 2048, 2048, 2049, 2048]","[2051, 2048, 2048, 2048, 2048, 2048, 2048]",289.0
1141,7953,16,24,2023-03-05T15:41:49.083000+00:00,31.197,42.742,24.033,229.0,249.0,False,97.972,"[None, 2048, 2048, 2048, 2048, 2048, 2048, 2048, 2048, 2048]","[2049, 2048, 2048, 2048, 2048, 2048, 2048, 2048, 2048, 2048, 2048]","[2048, 2048, 2048, 2048, 2048, 2048, 2048]",304.0
1141,7953,11,24,2023-03-05T15:41:50.365000+00:00,31.142,42.243,23.967,233.0,258.0,False,97.352,"[None, 2048, 2048, 2048, 2048, 2048, 2048, 2048, 2048, 2048]","[2048, 2048, 2048, 2048, 2048, 2048, 2048, 2048, 2048, 2049, 2051]","[2048, 2048, 2048, 2048, 2048, 2048, 2049]",294.0
1141,7953,55,24,2023-03-05T15:42:03.021000+00:00,31.442,42.878,23.994,227.0,247.0,False,98.314,"[None, 2048, 2048, 2048, 2048, 2048, 2048, 2048, 2048, 2048]","[2048, 2048, 2048, 2048, 2048, 2048, 2048, 2048, 2048, 2048, 2048]","[2048, 2048, 2048, 2048, 2048, 2048]",
1141,7953,44,24,2023-03-05T15:42:07.177000+00:00,31.202,43.079,24.086,230.0,244.0,False,98.367,"[None, 2048, 2048, 2048, 2048, 2048, 2048, 2048, 2048, 2048]","[2048, 2048, 2048, 2048, 2048, 2048, 2048, 2048, 2048, 2048, 2048]","[2048, 2048, 2048, 2048, 2048, 2048]",308.0
1141,7953,14,24,2023-03-05T15:42:09.708000+00:00,31.237,42.611,24.03,229.0,241.0,False,97.878,"[None, 2048, 2048, 2048, 2048, 2048, 2048, 2048, 2048, 2048]","[2049, 2048, 2048, 2051, 2048, 2048, 2048, 2049, 2048, 2048, 2048]","[2048, 2048, 2049, 2049, 2048, 2048]",
1141,7953,63,24,2023-03-05T15:42:13.208000+00:00,31.298,43.348,23.997,,246.0,False,98.643,"[None, 2048, 2048, 2048, 2048, 2048, 2048, 2048, 2049, 2048]","[2048, 2048, 2048, 2048, 2048, 2048, 2048, 2048, 2048, 2048, 2048]","[2048, 2048, 2048, 2048, 2048, 2048, 2048]",306.0
1141,7953,18,24,2023-03-05T15:42:15.099000+00:00,31.28,42.995,24.203,231.0,253.0,False,98.478,"[None, 2048, 2048, 2048, 2048, 2048, 2048, 2048, 2048, 2048]","[2049, 2048, 2048, 2048, 2048, 2048, 2048, 2048, 2048, 2049, 2048]","[2048, 2048, 2048, 2048, 2048, 2048]",305.0
1141,7953,77,24,2023-03-05T15:42:19.817000+00:00,31.731,43.277,24.419,,243.0,False,99.427,"[None, 2048, 2048, 2048, 2048, 2048, 2048, 2048, 2048, 2048]","[2048, 2048, 2048, 2048, 2048, 2048, 2048, 2048, 2048, 2048, 2048]","[2048, 2048, 2048, 2048, 2048, 2048]",294.0
1141,7953,23,24,2023-03-05T15:42:25.427000+00:00,31.616,43.801,24.473,230.0,241.0,False,99.89,"[None, 2048, 2048, 2048, 2048, 2048, 2048, 2048, 2048, 2048]","[2048, 2048, 2048, 2048, 2048, 2048, 2048, 2048, 2048, 2048, 2048]","[2048, 2048, 2048, 2048, 2048, 2048]",311.0
1141,7953,22,24,2023-03-05T15:42:26.693000+00:00,32.039,43.405,24.665,228.0,252.0,False,100.109,"[None, 2048, 2048, 2048, 2048, 2048, 2048, 2048, 2048, 2048]","[2048, 2048, 2048, 2048, 2048, 2048, 2048, 2048, 2048, 2048, 2048]","[2048, 2048, 2048, 2048, 2048, 2048]",304.0
1141,7953,10,24,2023-03-05T15:42:28.223000+00:00,31.721,43.505,24.535,,247.0,False,99.761,"[None, 2048, 2048, 2049, 2048, 2048, 2048, 2048, 2048, 2048]","[2048, 2048, 2048, 2048, 2048, 2048, 2048, 2048, 2048, 2048, 2048]","[2048, 2048, 2048, 2048, 2048, 2048, 2048]",
1141,7953,2,24,2023-03-05T15:42:30.723000+00:00,31.583,43.663,24.626,233.0,244.0,False,99.872,"[None, 2048, 2048, 2048, 2048, 2048, 2048, 2048, 2048, 2048]","[2048, 2048, 2048, 2048, 2048, 2048, 2048, 2048, 2048, 2048, 2048]","[2048, 2048, 2048, 2048, 2048, 2048, 2048]",
1141,7953,21,24,2023-03-05T15:42:35.536000+00:00,31.847,43.493,24.467,,243.0,False,99.807,"[None, 2048, 2048, 2048, 2048, 2048, 2048, 2048, 2048, 2048]","[2048, 2048, 2048, 2048, 2048, 2048, 2048, 2048, 2048, 2048, 2048]","[2048, 2048, 2048, 2048, 2048, 2048, 2048]",295.0
1141,7953,24,24,2023-03-05T15:42:36.301000+00:00,31.448,43.537,24.518,,245.0,False,99.503,"[None, 2048, 2048, 2048, 2048, 2048, 2048, 2048, 2048, 2048]","[2048, 2048, 2048, 2048, 2048, 2048, 2048, 2048, 2048, 2048, 2048]","[2048, 2049, 2049, 2049, 2048, 2048, 2048]",322.0
1141,7953,27,24,2023-03-05T15:42:40.788000+00:00,31.809,43.418,24.628,229.0,251.0,False,99.855,"[None, 2048, 2048, 2048, 2048, 2048, 2048, 2048, 2048, 2048]","[2048, 2048, 2048, 2048, 2048, 2048, 2048, 2048, 2048, 2048, 2048]","[2048, 2048, 2048, 2048, 2048, 2048]",
1141,7953,20,24,2023-03-05T15:42:44.629000+00:00,31.57,43.03,24.347,231.0,253.0,False,98.947,"[None, 2048, 2048, 2048, 2048, 2048, 2048, 2048, 2048, 2048]","[2048, 2048, 2048, 2048, 2048, 2048, 2048, 2048, 2048, 2049, 2049]","[2048, 2048, 2048, 2049, 2048, 2048]",302.0
1141,7953,4,24,2023-03-05T15:43:01.567000+00:00,31.468,42.973,24.255,229.0,236.0,False,98.696,"[2048, 2048, 2048, 2048, 2048, 2049, 2048, 2048, 2048, 2048]","[2048, 2048, 2048, 2048, 2048, 2048, 2048, 2048, 2048, 2048, 2048]","[2048, 2049, 2048, 2048, 2048, 2048, 2048]",295.0
1141,7953,31,24,2023-03-05T15:43:02.910000+00:00,31.661,43.286,24.435,225.0,252.0,False,99.382,"[None, 2048, 2048, 2048, 2048, 2048, 2048, 2048, 2048, 2048]","[2048, 2048, 2048, 2048, 2048, 2048, 2048, 2048, 2048, 2048, 2048]","[2048, 2048, 2048, 2048, 2048, 2048]",298.0
1141,7953,1,25,2023-03-05T15:43:14.676000+00:00,,42.344,23.883,232.0,240.0,False,97.372,"[2048, 2048, 2049, 2048, 2048, 2048, 2048, 2048, 2048, 2048]","[2048, 2048, 2048, 2049, 2048, 2048, 2048, 2048, 2048, 2049, 2048]","[2048, 2048, 2048, 2048, 2048, 2048, 2048]",292.0
1141,7953,16,25,2023-03-05T15:43:27.019000+00:00,31.344,43.046,24.151,228.0,243.0,False,98.541,"[None, 2048, 2048, 2048, 2048, 2048, 2049, 2048, 2048, 2048]","[2048, 2048, 2048, 2048, 2048, 2048, 2048, 2048, 2048, 2048, 2048]","[2048, 2048, 2048, 2048, 2048, 2048]",306.0
1141,7953,11,25,2023-03-05T15:43:27.691000+00:00,31.176,42.937,24.305,234.0,245.0,False,98.418,"[2049, 2049, 2049, 2048, 2048, 2049, 2049, 2049, 2048, 2048]","[2048, 2048, 2048, 2049, 2048, 2048, 2049, 2048, 2048, 2048, 2048]","[2048, 2048, 2048, 2049, 2048, 2048, 2048]",325.0
1141,7953,55,25,2023-03-05T15:43:41.363000+00:00,31.282,43.172,24.117,228.0,243.0,False,98.571,"[None, 2048, 2048, 2049, 2048, 2048, 2048, 2048, 2048, 2048]","[2048, 2048, 2048, 2048, 2048, 2048, 2048, 2048, 2048, 2048, 2048]","[2048, 2048, 2048, 2048, 2048, 2048, 2048]",
1141,7953,44,25,2023-03-05T15:43:45.519000+00:00,31.209,42.97,24.111,232.0,245.0,False,98.29,"[None, 2048, 2048, 2048, 2048, 2048, 2048, 2048, 2049, 2048]","[2049, 2049, 2048, 2048, 2048, 2048, 2048, 2048, 2048, 2048, 2048]","[2048, 2048, 2048, 2048, 2048, 2048, 2049]",307.0
1141,7953,14,25,2023-03-05T15:43:47.597000+00:00,31.315,42.669,24.155,228.0,250.0,False,98.139,"[None, 2048, 2048, 2048, 2048, 2048, 2048, 2048, 2048, 2048]","[2048, 2048, 2048, 2048, 2048, 2048, 2048, 2048, 2048, 2048, 2048]","[2048, 2048, 2049, 2048, 2048, 2048]",304.0
1141,7953,63,25,2023-03-05T15:43:51.816000+00:00,31.311,43.056,24.12,226.0,249.0,False,98.487,"[None, 2048, 2048, 2048, 2048, 2048, 2048, 2048, 2048, 2048]","[2048, 2048, 2048, 2048, 2048, 2048, 2048, 2048, 2048, 2048, 2048]","[2048, 2048, 2048, 2048, 2048, 2048, 2048]",
1141,7953,18,25,2023-03-05T15:43:53.534000+00:00,31.174,42.928,24.148,,256.0,False,98.25,"[None, 2048, 2048, 2048, 2048, 2048, 2048, 2048, 2048, 2049]","[2048, 2048, 2048, 2048, 2048, 2048, 2048, 2048, 2048, 2048, 2049]","[2048, 2048, 2048, 2048, 2048, 2048, 2048]",302.0
1141,7953,77,25,2023-03-05T15:43:59.190000+00:00,31.785,43.253,24.452,,244.0,False,99.49,"[None, 2048, 2048, 2048, 2048, 2048, 2048, 2048, 2048, 2048]","[2048, 2048, 2048, 2048, 2048, 2048, 2048, 2048, 2048, 2048, 2048]","[2048, 2049, 2048, 2048, 2048, 2048, 2048]",291.0
1141,7953,23,25,2023-03-05T15:44:05.222000+00:00,31.547,43.808,24.477,231.0,244.0,False,99.832,"[None, 2048, 2048, 2048, 2048, 2048, 2048, 2048, 2048, 2048]","[2048, 2048, 2048, 2048, 2048, 2048, 2048, 2048, 2048, 2048, 2048]","[2048, 2048, 2048, 2048, 2048, 2048, 2048]",312.0
1141,7953,22,25,2023-03-05T15:44:06.784000+00:00,31.638,43.565,24.543,227.0,252.0,False,99.746,"[None, 2048, 2048, 2048, 2048, 2048, 2048, 2048, 2048, 2048]","[2048, 2048, 2048, 2048, 2048, 2048, 2048, 2048, 2048, 2048, 2048]","[2048, 2048, 2048, 2049, 2048, 2048, 2048]",305.0
1141,7953,10,25,2023-03-05T15:44:07.972000+00:00,31.613,43.531,27.144,226.0,251.0,False,102.288,"[None, 2048, 2048, 2049, 2048, 2048, 2048, 2048, 2048, 2048]","[2048, 2048, 2048, 2048, 2048, 2048, 2048, 2048, 2048, 2048, 2049]","[2048, 2048, 2048, 2049, 2048, 2048, 2064]",303.0
1141,7953,2,25,2023-03-05T15:44:10.581000+00:00,31.581,43.719,24.534,231.0,249.0,False,99.834,"[None, 2048, 2048, 2048, 2048, 2048, 2048, 2048, 2048, 2048]","[2048, 2048, 2048, 2048, 2048, 2048, 2048, 2048, 2048, 2048, 2048]","[2048, 2048, 2048, 2048, 2048, 2048, 2048]",
1141,7953,21,25,2023-03-05T15:44:15.346000+00:00,32.101,44.14,24.719,234.0,246.0,False,100.96,"[None, 2048, 2048, 2048, 2048, 2048, 2048, 2048, 2048, 2049]","[2048, 2048, 2048, 2048, 2048, 2048, 2048, 2048, 2048, 2048, 2048]","[2048, 2048, 2048, 2049, 2048, 2048, 2048]",296.0
1141,7953,24,25,2023-03-05T15:44:15.800000+00:00,31.337,43.38,24.349,,245.0,False,99.066,"[None, 2048, 2048, 2048, 2048, 2048, 2049, 2048, 2048, 2048]","[2048, 2048, 2048, 2048, 2048, 2048, 2048, 2048, 2048, 2048, 2048]","[2048, 2048, 2048, 2048, 2048, 2048]",326.0
1141,7953,27,25,2023-03-05T15:44:20.643000+00:00,31.869,43.869,24.557,,250.0,False,100.295,"[None, 2048, 2048, 2048, 2048, 2048, 2048, 2048, 2048, 2048]","[2048, 2048, 2048, 2048, 2048, 2048, 2048, 2048, 2048, 2048, 2048]","[2048, 2048, 2048, 2048, 2048, 2048]",303.0
1141,7953,20,25,2023-03-05T15:44:23.471000+00:00,31.67,43.433,24.373,229.0,251.0,False,99.476,"[None, 2048, 2048, 2049, 2048, 2048, 2048, 2048, 2048, 2048]","[2048, 2048, 2048, 2048, 2048, 2048, 2048, 2048, 2048, 2048, 2048]","[2048, 2048, 2048, 2049, 2048, 2048, 2048]",301.0
1141,7953,4,25,2023-03-05T15:44:40.408000+00:00,31.438,42.732,24.277,230.0,237.0,False,98.447,"[None, 2048, 2048, 2048, 2048, 2048, 2048, 2048, 2048, 2048]","[2051, 2048, 2048, 2048, 2048, 2048, 2048, 2048, 2048, 2048, 2048]","[2048, 2048, 2048, 2048, 2048, 2048, 2048]",296.0
1141,7953,31,25,2023-03-05T15:44:42.283000+00:00,31.667,43.405,24.363,224.0,250.0,False,99.435,"[None, 2048, 2048, 2048, 2048, 2048, 2048, 2048, 2048, 2048]","[2048, 2048, 2048, 2048, 2048, 2048, 2048, 2048, 2048, 2048, 2048]","[2048, 2048, 2048, 2048, 2048, 2048]",297.0
1141,7953,1,26,2023-03-05T15:44:52.002000+00:00,31.213,42.533,23.936,,242.0,False,97.682,"[2049, 2049, 2048, 2048, 2048, 2048, 2048, 2049, 2048, 2048]","[2048, 2048, 2048, 2048, 2048, 2048, 2048, 2048, 2048, 2049, 2048]","[2048, 2048, 2049, 2048, 2048, 2048, 2049]",283.0
1141,7953,16,26,2023-03-05T15:45:05.564000+00:00,32.247,43.143,24.278,,245.0,False,99.668,"[None, 2048, 2048, 2048, 2048, 2048, 2049, 2049, 2048, 2048]","[2048, 2048, 2048, 2048, 2048, 2048, 2049, 2051, 2048, 2048, 2048]","[2048, 2048, 2048, 2048, 2048, 2048]",301.0
1141,7953,11,26,2023-03-05T15:45:06.113000+00:00,30.903,42.667,23.884,233.0,243.0,False,97.454,"[2048, 2049, 2049, 2049, 2048, 2048, 2048, 2049, 2048, 2048]","[2048, 2048, 2048, 2048, 2048, 2048, 2048, 2048, 2048, 2048, 2048]","[2048, 2048, 2048, 2048, 2048, 2048, 2048]",330.0
1141,7953,55,26,2023-03-05T15:45:19.939000+00:00,31.316,42.976,24.039,,246.0,False,98.331,"[None, 2048, 2048, 2048, 2048, 2048, 2048, 2048, 2048, 2048]","[2048, 2051, 2048, 2048, 2048, 2048, 2048, 2048, 2048, 2048, 2048]","[2048, 2048, 2048, 2048, 2048, 2048]",
1141,7953,44,26,2023-03-05T15:45:23.845000+00:00,31.345,42.89,24.104,231.0,250.0,False,98.339,"[None, 2048, 2048, 2048, 2048, 2048, 2048, 2048, 2048, 2048]","[2048, 2049, 2048, 2048, 2048, 2048, 2048, 2049, 2048, 2048, 2048]","[2048, 2048, 2048, 2048, 2048, 2048, 2048]",
1141,7953,14,26,2023-03-05T15:45:25.736000+00:00,31.267,42.694,24.166,,251.0,False,98.127,"[None, 2048, 2048, 2048, 2048, 2048, 2048, 2048, 2048, 2048]","[2048, 2048, 2048, 2048, 2048, 2048, 2048, 2048, 2048, 2048, 2048]","[2048, 2048, 2048, 2048, 2048, 2048, 2048]",306.0
1141,7953,63,26,2023-03-05T15:45:30.283000+00:00,31.334,43.033,24.095,230.0,247.0,False,98.462,"[None, 2048, 2048, 2048, 2048, 2048, 2048, 2048, 2048, 2048]","[2049, 2048, 2048, 2048, 2048, 2048, 2048, 2048, 2048, 2048, 2048]","[2048, 2048, 2048, 2048, 2049, 2048]",
1141,7953,18,26,2023-03-05T15:45:31.814000+00:00,31.203,43.13,24.149,230.0,253.0,False,98.482,"[None, 2048, 2048, 2048, 2048, 2048, 2048, 2048, 2048, 2048]","[2048, 2048, 2048, 2048, 2048, 2048, 2048, 2048, 2048, 2048, 2048]","[2048, 2048, 2048, 2048, 2048, 2048]",
1141,7953,77,26,2023-03-05T15:45:38.673000+00:00,31.813,43.256,24.431,,243.0,False,99.5,"[None, 2048, 2048, 2048, 2048, 2048, 2048, 2048, 2048, 2048]","[2048, 2048, 2048, 2048, 2048, 2048, 2048, 2048, 2048, 2048, 2048]","[2048, 2048, 2048, 2048, 2048, 2048, 2048]",
1141,7953,23,26,2023-03-05T15:45:45.048000+00:00,31.597,43.733,27.28,232.0,252.0,False,102.61,"[None, 2048, 2048, 2048, 2048, 2048, 2048, 2048, 2048, 2048]","[2048, 2048, 2048, 2048, 2048, 2048, 2048, 2048, 2048, 2048, 2049]","[2048, 2048, 2048, 2048, 2048, 2048, 2064]",313.0
1141,7953,22,26,2023-03-05T15:45:46.579000+00:00,31.619,43.452,27.156,229.0,251.0,False,102.227,"[None, 2048, 2048, 2048, 2048, 2048, 2048, 2048, 2048, 2048]","[2048, 2048, 2048, 2048, 2048, 2048, 2048, 2048, 2048, 2049, 2048]","[2048, 2048, 2048, 2048, 2048, 2048, 2064]",304.0
1141,7953,10,26,2023-03-05T15:45:50.251000+00:00,53.105,42.4,23.899,228.0,250.0,True,119.404,"[2064, 2064, 2064, 2048, 2048, 2048, 2048, 2048, 2048, 2048]","[2048, 2048, 2051, 2048, 2048, 2049, 2048, 2048, 2049, 2049, 2048]","[2048, 2048, 2048, 2048, 2049, 2049, 2048]",215.0
1141,7953,2,26,2023-03-05T15:45:50.438000+00:00,31.621,43.912,24.473,232.0,246.0,False,100.006,"[None, 2048, 2048, 2049, 2048, 2048, 2048, 2048, 2048, 2048]","[2048, 2048, 2048, 2048, 2048, 2048, 2048, 2048, 2048, 2048, 2048]","[2048, 2048, 2048, 2048, 2048, 2048]",306.0
1141,7953,24,26,2023-03-05T15:45:54.829000+00:00,31.674,43.349,24.404,223.0,242.0,False,99.427,"[None, 2048, 2048, 2049, 2048, 2048, 2048, 2048, 2049, 2048]","[2048, 2048, 2048, 2048, 2048, 2048, 2048, 2048, 2048, 2048, 2048]","[2049, 2048, 2048, 2048, 2048, 2048]",301.0
1141,7953,21,26,2023-03-05T15:45:56.313000+00:00,31.698,43.692,24.58,231.0,247.0,False,99.97,"[None, 2048, 2048, 2048, 2048, 2048, 2048, 2048, 2048, 2048]","[2048, 2048, 2048, 2048, 2048, 2048, 2048, 2048, 2048, 2048, 2048]","[2048, 2048, 2048, 2048, 2048, 2048, 2048]",298.0
1141,7953,27,26,2023-03-05T15:46:00.923000+00:00,31.744,43.635,27.552,231.0,255.0,False,102.931,"[None, 2048, 2048, 2048, 2048, 2048, 2048, 2048, 2048, 2048]","[2049, 2048, 2048, 2048, 2048, 2048, 2048, 2048, 2048, 2048, 2048]","[2048, 2048, 2048, 2048, 2048, 2048, 2064]",
1141,7953,20,26,2023-03-05T15:46:02.954000+00:00,31.703,43.414,24.484,,251.0,False,99.601,"[None, 2048, 2048, 2048, 2048, 2048, 2048, 2048, 2048, 2048]","[2048, 2048, 2048, 2048, 2048, 2048, 2048, 2048, 2048, 2048, 2048]","[2048, 2048, 2048, 2049, 2048, 2048, 2048]",
1141,7953,4,26,2023-03-05T15:46:18.829000+00:00,31.441,42.713,24.286,231.0,251.0,False,98.44,"[None, 2048, 2048, 2048, 2048, 2048, 2048, 2048, 2048, 2048]","[2051, 2048, 2048, 2048, 2048, 2048, 2048, 2048, 2048, 2048, 2048]","[2048, 2048, 2048, 2048, 2048, 2048, 2048]",300.0
1141,7953,31,26,2023-03-05T15:46:21.719000+00:00,31.669,43.437,24.415,225.0,250.0,False,99.521,"[None, 2048, 2048, 2048, 2048, 2048, 2048, 2048, 2048, 2048]","[2048, 2048, 2048, 2048, 2048, 2048, 2048, 2048, 2048, 2048, 2048]","[2048, 2048, 2048, 2048, 2048, 2048, 2048]",295.0
1141,7953,1,27,2023-03-05T15:46:29.703000+00:00,31.079,42.349,23.951,233.0,245.0,False,97.379,"[None, 2049, 2049, 2048, 2048, 2048, 2048, 2049, 2048, 2048]","[2048, 2049, 2048, 2048, 2048, 2048, 2049, 2048, 2049, 2049, 2049]","[2048, 2048, 2049, 2048, 2048, 2048, 2049]",295.0
1141,7953,11,27,2023-03-05T15:46:43.484000+00:00,30.97,42.639,23.778,234.0,244.0,False,97.387,"[None, 2048, 2048, 2048, 2048, 2048, 2048, 2048, 2049, 2048]","[2048, 2048, 2048, 2048, 2048, 2048, 2048, 2048, 2048, 2048, 2048]","[2049, 2049, 2048, 2048, 2048, 2049, 2048]",296.0
1141,7953,16,27,2023-03-05T15:46:45.234000+00:00,31.412,43.168,24.234,227.0,243.0,False,98.814,"[None, 2048, 2048, 2048, 2048, 2048, 2048, 2048, 2048, 2048]","[2048, 2048, 2048, 2048, 2048, 2048, 2048, 2048, 2048, 2048, 2048]","[2048, 2048, 2048, 2048, 2048, 2048, 2048]",303.0
1141,7953,55,27,2023-03-05T15:46:58.265000+00:00,31.448,42.994,23.981,,247.0,False,98.423,"[None, 2048, 2048, 2048, 2048, 2048, 2048, 2048, 2048, 2048]","[2049, 2048, 2048, 2048, 2048, 2048, 2048, 2048, 2048, 2048, 2048]","[2048, 2048, 2048, 2048, 2049, 2048, 2048]",
1141,7953,44,27,2023-03-05T15:47:02.140000+00:00,31.379,42.864,24.126,,251.0,False,98.369,"[None, 2048, 2048, 2048, 2048, 2048, 2048, 2048, 2049, 2048]","[2049, 2048, 2048, 2048, 2048, 2048, 2048, 2048, 2048, 2048, 2048]","[2048, 2048, 2048, 2048, 2048, 2048, 2048]",
1141,7953,14,27,2023-03-05T15:47:03.859000+00:00,31.395,43.114,24.103,230.0,240.0,False,98.612,"[None, 2048, 2048, 2048, 2048, 2048, 2048, 2048, 2048, 2049]","[2048, 2048, 2048, 2048, 2048, 2048, 2048, 2048, 2048, 2048, 2048]","[2048, 2048, 2048, 2048, 2048, 2048, 2048]",
1141,7953,63,27,2023-03-05T15:47:08.796000+00:00,31.393,43.152,24.08,231.0,246.0,False,98.625,"[None, 2048, 2048, 2048, 2048, 2048, 2048, 2048, 2048, 2048]","[2049, 2049, 2048, 2048, 2048, 2048, 2048, 2048, 2048, 2048, 2048]","[2048, 2048, 2048, 2048, 2048, 2048, 2048]",
1141,7953,18,27,2023-03-05T15:47:10.312000+00:00,31.177,43.506,24.338,232.0,257.0,False,99.021,"[None, 2048, 2048, 2048, 2048, 2048, 2048, 2048, 2048, 2049]","[2048, 2048, 2048, 2048, None, None, 2048, 2048, 2048, 2048, 2049]","[2048, 2048, 2048, 2048, 2048, 2048]",303.0
1141,7953,77,27,2023-03-05T15:47:18.171000+00:00,31.712,43.177,24.398,229.0,243.0,False,99.287,"[None, 2048, 2048, 2048, 2048, 2048, 2048, 2048, 2048, 2048]","[2049, 2048, 2048, 2048, 2048, 2048, 2048, 2048, 2048, 2048, 2048]","[2048, 2048, 2048, 2048, 2048, 2048, 2048]",290.0
1141,7953,23,27,2023-03-05T15:47:27.562000+00:00,53.056,42.957,23.857,234.0,248.0,True,119.87,"[2064, 2064, 2064, 2048, 2048, 2048, 2048, 2048, 2048, 2048]","[2048, 2048, 2048, 2048, 2048, 2048, 2048, 2048, 2048, 2049, 2048]","[2049, 2049, 2051, 2048, 2048, 2049, 2048]",219.0
1141,7953,22,27,2023-03-05T15:47:28.749000+00:00,52.788,43.364,24.148,236.0,254.0,True,120.3,"[2064, 2064, 2064, 2048, 2048, 2048, 2048, 2049, 2048, 2051]","[2048, 2048, 2048, 2051, 2048, 2049, 2049, 2048, 2048, 2049, 2048]","[2048, 2049, 2049, 2048, 2048, 2051, 0]",219.0
1141,7953,2,27,2023-03-05T15:47:30.343000+00:00,31.547,43.585,24.47,233.0,249.0,False,99.602,"[None, 2048, 2048, 2049, 2048, 2048, 2048, 2048, 2048, 2048]","[2048, 2048, 2048, 2048, 2048, 2048, 2048, 2048, 2048, 2048, 2048]","[2048, 2048, 2048, 2048, 2048, 2048]",307.0
1141,7953,24,27,2023-03-05T15:47:34.233000+00:00,31.58,43.319,24.336,225.0,245.0,False,99.235,"[None, 2048, 2048, 2048, 2048, 2048, 2048, 2048, 2048, 2048]","[2048, 2048, 2048, 2048, 2048, 2048, 2048, 2048, 2048, 2048, 2048]","[2048, 2048, 2048, 2048, 2048, 2048]",302.0
1141,7953,21,27,2023-03-05T15:47:36.280000+00:00,31.644,43.489,27.176,230.0,251.0,False,102.309,"[None, 2048, 2048, 2048, 2048, 2048, 2048, 2048, 2048, 2048]","[2048, 2048, 2048, 2048, 2048, 2048, 2048, 2048, 2048, 2049, 2049]","[2048, 2048, 2048, 2048, 2048, 2048, 2064]",296.0
1141,7953,20,27,2023-03-05T15:47:42.483000+00:00,31.694,43.25,24.354,231.0,250.0,False,99.298,"[None, 2048, 2048, 2048, 2048, 2048, 2048, 2048, 2048, 2048]","[2048, 2048, 2048, 2048, 2048, 2048, 2048, 2048, 2048, 2048, 2048]","[2048, 2048, 2048, 2048, 2048, 2048]",300.0
1141,7953,27,27,2023-03-05T15:47:43.765000+00:00,65.552,42.412,24.073,229.0,246.0,True,132.037,"[2064, 2064, 2064, 2048, 2048, 2048, 2048, 2048, 2049, 2048]","[2048, 2048, 2049, 2049, 2049, 2049, 2048, 2048, 2049, 2048, 2048]","[2049, 2049, 2048, 2048, 2049, 2049, 2048]",208.0
1141,7953,10,27,2023-03-05T15:47:49.686000+00:00,31.836,42.851,24.042,227.0,251.0,False,98.729,"[2048, 2048, 2048, 2049, 2049, 2048, 2048, 2048, 2048, 2048]","[2048, 2048, 2048, 2049, 2048, 2048, 2048, 2049, 2048, 2048, 2049]","[2048, 2048, 2049, 2049, 2048, 2048]",297.0
1141,7953,4,27,2023-03-05T15:47:57.264000+00:00,31.514,42.723,26.736,,253.0,False,100.973,"[None, 2048, 2048, 2048, 2048, 2048, 2048, 2048, 2048, 2048]","[2048, 2048, 2048, 2048, 2048, 2048, 2048, 2048, 2048, 2048, 2048]","[2048, 2048, 2048, 2048, 2048, 2048, 2064]",298.0
1141,7953,31,27,2023-03-05T15:48:01.295000+00:00,31.711,43.443,24.44,224.0,249.0,False,99.594,"[None, 2048, 2048, 2048, 2048, 2048, 2048, 2048, 2048, 2048]","[2048, 2048, 2048, 2048, 2048, 2048, 2048, 2048, 2048, 2048, 2048]","[2048, 2048, 2048, 2048, 2048, 2048, 2048]",298.0
1141,7953,1,28,2023-03-05T15:48:07.077000+00:00,31.112,42.554,23.985,231.0,241.0,False,97.651,"[None, 2049, 2049, 2048, 2048, 2048, 2048, 2048, 2048, 2048]","[2048, 2048, 2048, 2048, 2048, 2048, 2049, 2049, 2048, 2048, 2048]","[2048, 2048, 2048, 2049, 2048, 2048, 2048]",
1141,7953,11,28,2023-03-05T15:48:20.936000+00:00,31.052,42.274,23.885,235.0,245.0,False,97.211,"[None, 2048, 2048, 2048, 2048, 2048, 2048, 2048, 2048, 2048]","[2048, 2049, 2048, 2048, 2048, 2048, 2048, 2048, 2048, 2049, 2048]","[2048, 2048, 2048, 2048, 2048, 2048, 2048]",294.0
1141,7953,16,28,2023-03-05T15:48:24.030000+00:00,31.382,43.081,24.155,228.0,244.0,False,98.618,"[None, 2048, 2048, 2048, 2048, 2048, 2048, 2048, 2048, 2048]","[2048, 2048, 2048, 2048, 2048, 2048, 2048, 2048, 2048, 2048, 2048]","[2048, 2048, 2048, 2049, 2048, 2048, 2048]",305.0
1141,7953,55,28,2023-03-05T15:48:36.670000+00:00,31.422,42.956,24.096,,248.0,False,98.474,"[None, 2048, 2048, 2048, 2048, 2048, 2048, 2048, 2048, 2048]","[2049, 2048, 2048, 2048, 2048, 2048, 2048, 2048, 2048, 2048, 2048]","[2048, 2048, 2048, 2048, 2048, 2048]",303.0
1141,7953,44,28,2023-03-05T15:48:40.545000+00:00,31.232,42.845,24.188,,251.0,False,98.265,"[None, 2048, 2048, 2048, 2048, 2048, 2048, 2048, 2048, 2048]","[2049, 2048, 2048, 2048, 2048, 2048, 2048, 2048, 2048, 2048, 2048]","[2048, 2048, 2048, 2049, 2048, 2048]",306.0
1141,7953,14,28,2023-03-05T15:48:42.467000+00:00,31.345,42.758,24.096,,247.0,False,98.199,"[None, 2048, 2048, 2048, 2048, 2048, 2048, 2048, 2048, 2048]","[2048, 2048, 2048, 2048, 2048, 2048, 2048, 2048, 2048, 2048, 2048]","[2048, 2048, 2048, 2048, 2048, 2048, 2048]",302.0
1141,7953,63,28,2023-03-05T15:48:47.404000+00:00,31.233,43.103,24.112,,248.0,False,98.448,"[None, 2048, 2048, 2048, 2048, 2048, 2048, 2048, 2049, 2048]","[2049, 2048, 2048, 2048, 2048, 2048, 2048, 2048, 2048, 2048, 2048]","[2048, 2048, 2048, 2048, 2048, 2048, 2048]",307.0
1141,7953,18,28,2023-03-05T15:48:49.326000+00:00,31.475,43.02,24.228,230.0,254.0,False,98.723,"[None, 2048, 2048, 2048, 2048, 2048, 2048, 2048, 2048, 2048]","[2048, 2048, 2048, 2048, 2048, 2048, 2048, 2048, 2048, 2048, 2048]","[2048, 2048, 2048, 2048, 2048, 2048]",302.0
1141,7953,77,28,2023-03-05T15:48:57.513000+00:00,31.753,42.963,24.3,,244.0,False,99.016,"[None, 2048, 2048, 2048, 2048, 2048, 2048, 2048, 2048, 2048]","[2049, 2048, 2048, 2048, 2048, 2048, 2048, 2048, 2048, 2048, 2048]","[2048, 2048, 2048, 2048, 2048, 2048, 2048]",292.0
1141,7953,2,28,2023-03-05T15:49:09.904000+00:00,31.548,43.544,24.528,,252.0,False,99.62,"[None, 2048, 2048, 2048, 2048, 2048, 2048, 2048, 2048, 2048]","[2048, 2048, 2048, 2048, 2048, 2048, 2048, 2048, 2048, 2048, 2049]","[2048, 2048, 2048, 2048, 2048, 2048, 2048]",
1141,7953,24,28,2023-03-05T15:49:13.450000+00:00,31.717,43.311,24.384,229.0,247.0,False,99.412,"[None, 2048, 2048, 2048, 2048, 2048, 2048, 2048, 2048, 2048]","[2048, 2048, 2048, 2048, 2048, 2048, 2048, 2048, 2048, 2048, 2048]","[2049, 2048, 2048, 2048, 2048, 2048, 2048]",293.0
1141,7953,21,28,2023-03-05T15:49:18.482000+00:00,53.173,42.985,23.925,232.0,242.0,True,120.083,"[2064, 2064, 2064, 2048, 2048, 2048, 2048, 2048, 2048, 2048]","[2048, 2048, 2049, 2049, 2049, 2048, 2048, 2048, 2049, 2048, 2048]","[2049, 2049, 2048, 2048, 2049, 2049, 2048]",214.0
1141,7953,20,28,2023-03-05T15:49:21.825000+00:00,31.703,43.255,24.358,230.0,253.0,False,99.316,"[None, 2048, 2048, 2048, 2048, 2048, 2048, 2048, 2048, 2048]","[2048, 2048, 2048, 2048, 2048, 2048, 2048, 2048, 2048, 2048, 2049]","[2048, 2048, 2048, 2049, 2048, 2048]",298.0
1141,7953,23,28,2023-03-05T15:49:27.481000+00:00,30.968,42.567,23.968,235.0,242.0,False,97.503,"[2048, 2048, 2048, 2048, 2049, 2048, 2048, 2048, 2048, 2048]","[2048, 2049, 2049, 2049, 2048, 2049, 2048, 2048, 2049, 2049, 2048]","[2048, 2049, 2051, 2048, 2048, 2048]",312.0
1141,7953,10,28,2023-03-05T15:49:28.388000+00:00,31.006,42.656,24.099,226.0,250.0,False,97.761,"[None, 2048, 2048, 2048, 2048, 2048, 2049, 2048, 2048, 2048]","[2048, 2049, 2048, 2048, 2048, 2048, 2048, 2048, 2048, 2049, 2048]","[2048, 2048, 2048, 2048, 2048, 2048]",317.0
1141,7953,22,28,2023-03-05T15:49:29.078000+00:00,31.04,42.788,23.996,229.0,249.0,False,97.824,"[2048, 2048, 2048, 2048, 2048, 2048, 2048, 2048, 2048, 2048]","[2048, 2048, 2048, 2048, 2048, 2048, 2048, 2048, 2048, 2049, 2048]","[2048, 2051, 2049, 2048, 2048, 2048]",315.0
1141,7953,4,28,2023-03-05T15:49:38.091000+00:00,61.171,42.498,23.994,233.0,238.0,True,127.663,"[2064, 2064, 2064, 2048, 2048, 2048, 2048, 2048, 2048, 2048]","[2048, 2048, 2049, 2049, 2048, 2048, 2048, 2048, 2048, 2049, 2048]","[2049, 2049, 2048, 2048, 2048, 2048, 0]",216.0
1141,7953,31,28,2023-03-05T15:49:40.747000+00:00,31.826,43.747,24.453,226.0,249.0,False,100.026,"[None, 2048, 2048, 2048, 2048, 2048, 2048, 2048, 2048, 2048]","[2048, 2048, 2048, 2048, 2048, 2048, 2048, 2048, 2048, 2048, 2048]","[2048, 2048, 2048, 2048, 2048, 2048, 2048]",297.0
1141,7953,1,29,2023-03-05T15:49:44.809000+00:00,31.045,42.533,23.993,233.0,245.0,False,97.571,"[2048, 2049, 2049, 2048, 2048, 2048, 2048, 2049, 2048, 2048]","[2048, 2048, 2048, 2049, 2048, 2048, 2049, 2049, 2048, 2048, 2049]","[2048, 2048, 2049, 2049, 2048, 2048, 2049]",296.0
1141,7953,27,28,2023-03-05T15:49:55.918000+00:00,30.875,42.048,24.058,233.0,247.0,False,96.981,"[2048, 2048, 2048, 2049, 2049, 2049, 2048, 2048, 2049, 2049]","[2049, 2049, 2049, 2049, 2049, 2048, 2048, 2048, 2049, 2048, 2048]","[2049, 2049, 2048, 2048, 2048, 2048, 2048]",299.0
1141,7953,11,29,2023-03-05T15:49:58.184000+00:00,31.166,42.675,23.892,234.0,244.0,False,97.733,"[None, 2048, 2048, 2048, 2048, 2048, 2048, 2048, 2048, 2048]","[2048, 2048, 2048, 2048, 2048, 2048, 2048, 2048, 2048, 2048, 2048]","[2048, 2048, 2048, 2048, 2048, 2048]",295.0
1141,7953,16,29,2023-03-05T15:50:02.637000+00:00,31.394,42.964,24.089,229.0,244.0,False,98.447,"[None, 2048, 2048, 2048, 2048, 2048, 2048, 2048, 2048, 2048]","[2048, 2048, 2048, 2048, 2048, 2048, 2048, 2048, 2048, 2048, 2048]","[2048, 2048, 2048, 2048, 2048, 2048]",308.0
1141,7953,55,29,2023-03-05T15:50:15.168000+00:00,31.436,42.983,24.131,227.0,243.0,False,98.55,"[None, 2048, 2048, 2048, 2048, 2048, 2048, 2048, 2048, 2048]","[2048, 2048, 2048, 2048, 2048, 2048, 2048, 2048, 2048, 2048, 2048]","[2048, 2048, 2048, 2048, 2048, 2048, 2048]",304.0
1141,7953,44,29,2023-03-05T15:50:18.809000+00:00,31.319,42.914,24.147,232.0,252.0,False,98.38,"[None, 2048, 2048, 2048, 2048, 2048, 2048, 2048, 2048, 2048]","[2048, 2049, 2048, 2048, 2048, 2048, 2048, 2048, 2048, 2048, 2049]","[2048, 2048, 2048, 2049, 2048, 2048, 2049]",309.0
1141,7953,14,29,2023-03-05T15:50:20.699000+00:00,31.49,42.916,24.179,228.0,245.0,False,98.585,"[None, 2048, 2048, 2048, 2048, 2048, 2048, 2048, 2048, 2048]","[2048, 2048, 2048, 2048, 2048, 2048, 2048, 2048, 2048, 2048, 2048]","[2048, 2048, 2049, 2048, 2048, 2048, 2048]",307.0
1141,7953,63,29,2023-03-05T15:50:25.840000+00:00,31.476,43.264,24.052,230.0,244.0,False,98.792,"[None, 2048, 2048, 2048, 2048, 2048, 2048, 2048, 2048, 2048]","[2048, 2049, 2048, 2048, 2048, 2048, 2048, 2048, 2048, 2048, 2048]","[2048, 2048, 2048, 2048, 2049, 2048, 2048]",
1141,7953,18,29,2023-03-05T15:50:28.027000+00:00,31.461,42.966,24.283,232.0,255.0,False,98.71,"[None, 2048, 2048, 2048, 2048, 2048, 2048, 2048, 2048, 2048]","[2048, 2048, 2048, 2048, 2048, 2048, 2048, 2048, 2048, 2048, 2049]","[2048, 2048, 2048, 2048, 2048, 2048, 2048]",303.0
1141,7953,77,29,2023-03-05T15:50:36.558000+00:00,32.154,43.012,27.054,227.0,250.0,False,102.22,"[None, 2048, 2048, 2048, 2048, 2048, 2048, 2048, 2048, 2048]","[2048, 2048, 2048, 2048, 2048, 2048, 2048, 2048, 2048, 2048, 2048]","[2048, 2048, 2048, 2048, 2048, 2048, 2064]",284.0
1141,7953,2,29,2023-03-05T15:50:49.621000+00:00,31.672,43.498,24.503,234.0,252.0,False,99.673,"[None, 2048, 2048, 2049, 2048, 2048, 2048, 2048, 2048, 2048]","[2048, 2048, 2048, 2048, 2048, 2048, 2048, 2048, 2048, 2048, 2049]","[2048, 2048, 2048, 2048, 2048, 2048, 2048]",305.0
1141,7953,24,29,2023-03-05T15:50:52.949000+00:00,31.669,43.346,24.346,232.0,250.0,False,99.361,"[None, 2048, 2048, 2048, 2048, 2048, 2048, 2048, 2048, 2048]","[2048, 2048, 2048, 2048, 2048, 2048, 2048, 2048, 2048, 2048, 2048]","[2049, 2048, 2048, 2048, 2048, 2048, 2048]",295.0
1141,7953,20,29,2023-03-05T15:51:01.105000+00:00,31.697,43.421,26.861,232.0,256.0,False,101.979,"[None, 2048, 2048, 2048, 2048, 2048, 2048, 2048, 2048, 2048]","[2048, 2048, 2048, 2048, 2048, 2048, 2048, 2048, 2048, 2048, 2048]","[2048, 2048, 2048, 2049, 2048, 2048, 2064]",300.0
1141,7953,23,29,2023-03-05T15:51:04.902000+00:00,31.1,43.034,23.993,230.0,243.0,False,98.127,"[None, 2048, 2048, 2048, 2048, 2048, 2048, 2048, 2048, 2048]","[2048, 2048, 2048, 2048, 2048, 2048, 2048, 2048, 2048, 2048, 2048]","[2048, 2048, 2048, 2048, 2048, 2048]",
1141,7953,10,29,2023-03-05T15:51:06.089000+00:00,31.178,42.696,24.138,227.0,253.0,False,98.012,"[None, 2048, 2048, 2048, 2048, 2049, 2048, 2048, 2049, 2048]","[2049, 2048, 2048, 2048, 2048, 2048, 2048, 2048, 2048, 2048, 2049]","[2048, 2048, 2049, 2049, 2048, 2048, 2049]",302.0
1141,7953,22,29,2023-03-05T15:51:06.823000+00:00,31.071,42.582,24.126,230.0,256.0,False,97.779,"[None, 2048, 2048, 2048, 2048, 2048, 2048, 2048, 2048, 2048]","[2048, 2048, 2048, 2048, 2048, 2048, 2049, 2048, 2048, 2048, 2048]","[2048, 2048, 2049, 2049, 2048, 2048]",311.0
1141,7953,21,29,2023-03-05T15:51:18.651000+00:00,31.275,42.759,24.087,,245.0,False,98.121,"[2048, 2048, 2048, 2048, 2049, 2048, 2048, 2048, 2049, 2048]","[2048, 2048, 2048, 2049, 2049, 2048, 2048, 2048, 2049, 2049, 2048]","[2048, 2048, 2048, 2048, 2048, 2048, 2048]",292.0
1141,7953,31,29,2023-03-05T15:51:20.886000+00:00,31.685,44.908,24.588,,252.0,False,101.181,"[None, 2048, 2048, 2048, 2048, 2048, 2048, 2048, 2048, 2048]","[2048, 2048, 2048, 2048, 2048, 2048, 2048, 2048, 2048, 2048, 2048]","[2048, 2048, 2048, 2048, 2048, 2048]",293.0
1141,7953,1,30,2023-03-05T15:51:22.401000+00:00,31.185,42.443,23.921,,249.0,False,97.549,"[2049, 2049, 2049, 2048, 2048, 2048, 2048, 2049, 2048, 2048]","[2048, 2048, 2048, 2048, 2048, 2048, 2048, 2049, 2049, 2048, 2049]","[2048, 2048, 2048, 2049, 2048, 2048, 2048]",299.0
1141,7953,27,29,2023-03-05T15:51:32.885000+00:00,30.954,42.329,24.115,,245.0,False,97.398,"[None, 2048, 2048, 2048, 2048, 2048, 2048, 2048, 2049, 2049]","[2049, 2049, 2048, 2048, 2048, 2048, 2048, 2048, 2048, 2048, 2048]","[2048, 2048, 2048, 2048, 2048, 2048]",298.0
1141,7953,11,30,2023-03-05T15:51:35.932000+00:00,31.031,42.483,23.886,,243.0,False,97.4,"[None, 2048, 2048, 2048, 2048, 2048, 2048, 2048, 2048, 2048]","[2048, 2048, 2048, 2048, 2048, 2048, 2048, 2048, 2051, 2048, 2048]","[2048, 2048, 2048, 2048, 2048, 2048, 2048]",298.0
1141,7953,16,30,2023-03-05T15:51:41.136000+00:00,31.339,42.887,24.164,228.0,244.0,False,98.39,"[None, 2048, 2048, 2048, 2048, 2048, 2048, 2048, 2048, 2048]","[2048, 2048, 2048, 2048, 2048, 2048, 2048, 2048, 2048, 2048, 2048]","[2048, 2048, 2048, 2049, 2048, 2048]",305.0
1141,7953,4,29,2023-03-05T15:51:45.916000+00:00,31.144,42.226,23.89,232.0,243.0,False,97.26,"[2048, 2048, 2048, 2048, 2048, 2048, 2048, 2048, 2049, 2048]","[2048, 2048, 2049, 2048, 2048, 2048, 2048, 2048, 2049, 2049, 2048]","[2049, 2048, 2048, 2048, 2049, 2049]",300.0
1141,7953,55,30,2023-03-05T15:51:53.682000+00:00,31.445,43.033,24.123,228.0,243.0,False,98.601,"[None, 2048, 2048, 2048, 2048, 2048, 2048, 2048, 2048, 2048]","[2049, 2048, 2048, 2048, 2048, 2048, 2048, 2048, 2048, 2048, 2048]","[2048, 2048, 2048, 2048, 2048, 2048, 2048]",
1141,7953,44,30,2023-03-05T15:51:57.183000+00:00,31.375,42.964,26.836,233.0,251.0,False,101.175,"[None, 2048, 2048, 2048, 2048, 2048, 2048, 2048, 2049, 2048]","[2049, 2048, 2048, 2048, 2048, 2048, 2048, 2048, 2048, 2048, 2048]","[2048, 2048, 2048, 2049, 2048, 2048, 2064]",
1141,7953,14,30,2023-03-05T15:51:59.276000+00:00,31.37,42.711,24.201,,250.0,False,98.282,"[None, 2048, 2048, 2048, 2048, 2048, 2048, 2048, 2048, 2048]","[2049, 2048, 2048, 2048, 2048, 2048, 2048, 2048, 2048, 2048, 2048]","[2048, 2048, 2048, 2048, 2048, 2048]",306.0
1141,7953,63,30,2023-03-05T15:52:04.697000+00:00,31.301,43.18,24.06,,251.0,False,98.541,"[None, 2048, 2048, 2048, 2048, 2048, 2048, 2048, 2048, 2048]","[2048, 2048, 2048, 2048, 2048, 2048, 2048, 2048, 2048, 2048, 2048]","[2048, 2048, 2048, 2048, 2048, 2048, 2048]",
1141,7953,18,30,2023-03-05T15:52:06.744000+00:00,31.512,43.025,26.93,231.0,255.0,False,101.467,"[None, 2048, 2048, 2048, 2048, 2048, 2048, 2048, 2048, 2048]","[2048, 2048, 2048, 2048, 2048, 2048, 2048, 2048, 2048, 2048, 2048]","[2048, 2048, 2048, 2048, 2048, 2048, 2064]",301.0
1141,7953,77,30,2023-03-05T15:52:18.713000+00:00,52.999,42.137,23.75,229.0,252.0,True,118.886,"[2064, 2064, 2064, 2048, 2048, 2048, 2048, 2048, 2048, 2049]","[2048, 2048, 2049, 2049, 2051, 2049, 2048, 2048, 2049, 2049, 2048]","[2051, 2049, 2049, 2048, 2049, 2049, 0]",218.0
1141,7953,2,30,2023-03-05T15:52:29.291000+00:00,31.687,43.426,27.296,233.0,257.0,False,102.409,"[None, 2048, 2048, 2048, 2048, 2048, 2048, 2048, 2048, 2048]","[2048, 2048, 2048, 2048, 2048, 2048, 2048, 2048, 2048, 2048, 2049]","[2048, 2048, 2048, 2048, 2048, 2048, 2064]",307.0
1141,7953,24,30,2023-03-05T15:52:32.322000+00:00,31.741,43.19,24.451,,244.0,False,99.382,"[None, 2048, 2048, 2048, 2048, 2048, 2048, 2048, 2048, 2048]","[2048, 2048, 2048, 2048, 2048, 2048, 2048, 2048, 2048, 2048, 2048]","[2048, 2048, 2048, 2048, 2048, 2048]",298.0
1141,7953,23,30,2023-03-05T15:52:43.181000+00:00,31.11,42.857,23.964,234.0,249.0,False,97.931,"[None, 2048, 2048, 2048, 2048, 2048, 2048, 2048, 2048, 2048]","[2048, 2048, 2048, 2048, 2048, 2048, 2048, 2048, 2048, 2051, 2049]","[2048, 2048, 2048, 2048, 2048, 2048, 2048]",311.0
1141,7953,20,30,2023-03-05T15:52:43.181000+00:00,52.88,43.703,24.35,232.0,235.0,True,120.933,"[2064, 2064, 2064, 2048, 2048, 2048, 2048, 2048, 2048, 2048]","[2048, 2048, 2048, 2048, 2048, 2048, 2048, 2048, 2048, 2048, 2048]","[2048, 2048, 2048, 2048, 2048, 2048, 2048]",221.0
1141,7953,10,30,2023-03-05T15:52:44.181000+00:00,30.885,42.716,24.159,226.0,252.0,False,97.76,"[None, 2048, 2048, 2048, 2048, 2048, 2048, 2048, 2049, 2048]","[2048, 2048, 2048, 2048, 2048, 2049, 2048, 2048, 2048, 2048, 2049]","[2048, 2048, 2048, 2048, 2048, 2048]",319.0
1141,7953,22,30,2023-03-05T15:52:44.665000+00:00,31.111,42.762,24.274,226.0,252.0,False,98.147,"[None, 2048, 2048, 2048, 2048, 2048, 2048, 2048, 2048, 2048]","[2048, 2048, 2048, 2048, 2048, 2048, 2048, 2048, 2048, 2049, 2048]","[2048, 2048, 2048, 2048, 2048, 2048]",309.0
1141,7953,21,30,2023-03-05T15:52:56.759000+00:00,31.186,42.605,23.918,234.0,244.0,False,97.709,"[None, 2048, 2048, 2048, 2048, 2048, 2048, 2048, 2048, 2049]","[2049, 2051, 2048, 2049, 2049, 2048, 2048, 2048, 2048, 2048, 2048]","[2049, 2049, 2048, 2048, 2048, 2049]",300.0
1141,7953,1,31,2023-03-05T15:52:59.837000+00:00,31.04,42.464,23.927,232.0,250.0,False,97.431,"[2048, 2048, 2048, 2048, 2048, 2048, 2048, 2048, 2049, 2048]","[2048, 2049, 2048, 2048, 2048, 2048, 2048, 2048, 2048, 2049, 2048]","[2048, 2048, 2048, 2049, 2048, 2048, 2048]",298.0
1141,7953,31,30,2023-03-05T15:53:02.040000+00:00,31.696,43.535,24.526,225.0,253.0,False,99.757,"[None, 2048, 2048, 2048, 2048, 2048, 2048, 2048, 2048, 2048]","[2048, 2048, 2048, 2048, 2048, 2048, 2048, 2048, 2048, 2048, 2049]","[2048, 2048, 2048, 2048, 2048, 2048]",296.0
1141,7953,27,30,2023-03-05T15:53:10.274000+00:00,31.178,42.467,23.972,231.0,248.0,False,97.617,"[None, 2048, 2048, 2048, 2048, 2048, 2048, 2048, 2048, 2048]","[2049, 2048, 2048, 2048, 2048, 2048, 2048, 2048, 2048, 2048, 2048]","[2049, 2049, 2048, 2048, 2049, 2048]",
1141,7953,11,31,2023-03-05T15:53:13.337000+00:00,31.246,42.722,23.951,,245.0,False,97.919,"[None, 2048, 2048, 2048, 2048, 2048, 2048, 2048, 2048, 2048]","[2048, 2048, 2048, 2048, 2048, 2048, 2048, 2048, 2048, 2048, 2048]","[2048, 2048, 2048, 2048, 2048, 2048, 2048]",301.0
1141,7953,16,31,2023-03-05T15:53:19.493000+00:00,31.444,43.121,24.181,,243.0,False,98.746,"[None, 2048, 2048, 2048, 2048, 2048, 2048, 2048, 2048, 2048]","[2048, 2048, 2048, 2048, 2048, 2048, 2048, 2048, 2048, 2048, 2048]","[2048, 2048, 2048, 2048, 2048, 2048, 2048]",
1141,7953,4,30,2023-03-05T15:53:23.180000+00:00,31.235,42.354,24.016,,241.0,False,97.605,"[None, 2048, 2048, 2048, 2048, 2048, 2048, 2048, 2048, 2048]","[2048, 2048, 2048, 2048, 2048, 2048, 2048, 2048, 2048, 2049, 2048]","[2048, 2048, 2048, 2048, 2048, 2048, 2048]",297.0
1141,7953,55,31,2023-03-05T15:53:32.352000+00:00,31.438,43.032,26.804,229.0,255.0,False,101.274,"[None, 2048, 2048, 2048, 2048, 2048, 2048, 2048, 2048, 2048]","[2048, 2048, 2048, 2048, 2048, 2048, 2048, 2048, 2048, 2049, 2049]","[2048, 2048, 2048, 2048, 2048, 2048, 2064]",
1141,7953,14,31,2023-03-05T15:53:37.446000+00:00,31.257,42.663,24.089,,252.0,False,98.009,"[None, 2048, 2048, 2048, 2048, 2048, 2048, 2048, 2048, 2048]","[2049, 2049, 2048, 2048, 2048, 2048, 2048, 2048, 2048, 2048, 2048]","[2048, 2048, 2048, 2048, 2048, 2048]",304.0
1141,7953,44,31,2023-03-05T15:53:38.352000+00:00,52.363,43.477,23.663,235.0,238.0,True,119.503,"[2064, 2064, 2064, 2048, 2048, 2048, 2048, 2048, 2048, 2048]","[2048, 2048, 2049, 2049, 2048, 2048, 2048, 2048, 2048, 2048, 2048]","[2049, 2049, 2049, 2048, 2048, 2049, 2049]",219.0
1141,7953,63,31,2023-03-05T15:53:43.164000+00:00,31.353,43.015,26.667,232.0,259.0,False,101.035,"[None, 2048, 2048, 2048, 2048, 2048, 2048, 2048, 2048, 2048]","[2049, 2049, 2048, 2048, 2048, 2048, 2048, 2048, 2048, 2048, 2049]","[2048, 2048, 2048, 2048, 2048, 2048, 2064]",304.0
1141,7953,18,31,2023-03-05T15:53:48.258000+00:00,51.935,41.573,23.555,229.0,256.0,True,117.063,"[2064, 2064, 2064, 2048, 2048, 2048, 2048, 2048, 2049, 2048]","[2049, 2051, 2049, 2049, 2048, 2051, 2048, 2048, 2049, 2051, 2051]","[2051, 2049, 2049, 2048, 2049, 2051, 2048]",218.0
1141,7953,2,31,2023-03-05T15:54:11.586000+00:00,53.34,42.124,23.839,234.0,253.0,True,119.303,"[2064, 2064, 2064, 2048, 2048, 2048, 2048, 2048, 2048, 2048]","[2049, 2049, 2049, 2049, 2048, 2049, 2048, 2048, 2049, 2049, 2048]","[2049, 2049, 2049, 2048, 2049, 2049, 2048]",221.0
1141,7953,24,31,2023-03-05T15:54:11.711000+00:00,31.824,43.5,24.346,231.0,247.0,False,99.67,"[None, 2048, 2048, 2048, 2048, 2048, 2048, 2048, 2048, 2048]","[2049, 2048, 2048, 2048, 2048, 2048, 2048, 2048, 2048, 2048, 2048]","[2048, 2048, 2048, 2048, 2048, 2048]",295.0
1141,7953,77,31,2023-03-05T15:54:17.664000+00:00,31.079,42.337,23.963,232.0,250.0,False,97.379,"[2048, 2048, 2048, 2048, 2049, 2048, 2048, 2048, 2048, 2049]","[2048, 2048, 2048, 2049, 2048, 2048, 2048, 2048, 2048, 2048, 2048]","[2048, 2049, 2049, 2048, 2048, 2048, 2048]",294.0
1141,7953,23,31,2023-03-05T15:54:21.085000+00:00,31.211,42.963,23.93,233.0,250.0,False,98.104,"[None, 2048, 2048, 2048, 2048, 2048, 2048, 2048, 2048, 2048]","[2048, 2048, 2048, 2048, 2048, 2048, 2048, 2048, 2048, 2048, 2048]","[2048, 2048, 2048, 2051, 2048, 2048, 2048]",314.0
1141,7953,10,31,2023-03-05T15:54:21.960000+00:00,30.971,42.877,24.12,229.0,253.0,False,97.968,"[None, 2048, 2048, 2048, 2048, 2048, 2048, 2048, 2048, 2048]","[2048, 2048, 2048, 2048, 2048, 2048, 2048, 2048, 2048, 2048, 2048]","[2048, 2048, 2049, 2048, 2048, 2048]",320.0
1141,7953,22,31,2023-03-05T15:54:22.726000+00:00,30.795,42.857,24.161,230.0,244.0,False,97.813,"[None, 2048, 2048, 2048, 2048, 2048, 2048, 2049, 2048, 2048]","[2048, 2048, 2048, 2048, 2048, 2048, 2049, 2048, 2048, 2048, 2048]","[2048, 2048, 2048, 2048, 2048, 2048]",315.0
1141,7953,21,31,2023-03-05T15:54:34.398000+00:00,31.126,42.804,23.979,233.0,248.0,False,97.909,"[None, 2048, 2048, 2048, 2048, 2049, 2048, 2048, 2048, 2048]","[2048, 2048, 2048, 2049, 2048, 2049, 2048, 2048, 2048, 2048, 2048]","[2048, 2048, 2048, 2049, 2048, 2048, 2049]",299.0
1141,7953,1,32,2023-03-05T15:54:37.304000+00:00,31.139,42.523,24.029,,249.0,False,97.691,"[None, 2048, 2048, 2048, 2048, 2048, 2048, 2048, 2048, 2048]","[2048, 2048, 2048, 2048, 2048, 2048, 2048, 2049, 2048, 2048, 2048]","[2048, 2048, 2048, 2048, 2048, 2048, 2048]",300.0
1141,7953,31,31,2023-03-05T15:54:41.804000+00:00,31.748,43.573,24.427,,247.0,False,99.748,"[None, 2048, 2048, 2048, 2048, 2048, 2048, 2048, 2048, 2048]","[2048, 2048, 2048, 2048, 2048, 2048, 2048, 2048, 2048, 2048, 2048]","[2048, 2048, 2048, 2048, 2048, 2048, 2048]",
1141,7953,20,31,2023-03-05T15:54:44.085000+00:00,31.332,43.288,23.973,229.0,236.0,False,98.593,"[2048, 2048, 2048, 2048, 2049, 2049, 2048, 2048, 2048, 2048]","[2048, 2048, 2048, 2048, 2048, 2049, 2048, 2048, 2049, 2048, 2048]","[2048, 2048, 2049, 2048, 2048, 2049, 2048]",297.0
1141,7953,27,31,2023-03-05T15:54:47.882000+00:00,31.175,42.637,24.079,,246.0,False,97.891,"[None, 2048, 2048, 2048, 2048, 2048, 2048, 2048, 2048, 2048]","[2048, 2048, 2048, 2048, 2048, 2048, 2048, 2048, 2048, 2048, 2048]","[2048, 2048, 2048, 2048, 2048, 2048]",299.0
1141,7953,11,32,2023-03-05T15:54:51.257000+00:00,31.106,42.637,23.979,,250.0,False,97.722,"[None, 2048, 2048, 2048, 2048, 2048, 2048, 2048, 2048, 2048]","[2048, 2048, 2048, 2048, 2048, 2048, 2048, 2048, 2051, 2048, 2048]","[2048, 2048, 2048, 2048, 2048, 2048]",295.0
1141,7953,16,32,2023-03-05T15:54:58.272000+00:00,31.506,43.272,24.17,227.0,243.0,False,98.948,"[None, 2048, 2048, 2048, 2048, 2048, 2048, 2048, 2048, 2048]","[2048, 2048, 2048, 2048, 2048, 2048, 2048, 2048, 2048, 2048, 2048]","[2048, 2048, 2048, 2048, 2048, 2048]",
1141,7953,4,31,2023-03-05T15:55:00.757000+00:00,31.174,42.459,24.135,233.0,244.0,False,97.768,"[None, 2048, 2048, 2048, 2048, 2049, 2048, 2048, 2048, 2048]","[2048, 2048, 2048, 2048, 2048, 2048, 2048, 2048, 2048, 2048, 2048]","[2048, 2048, 2048, 2048, 2048, 2048, 2048]",
1141,7953,55,32,2023-03-05T15:55:13.585000+00:00,51.61,42.949,23.933,230.0,240.0,True,118.492,"[2064, 2064, 2064, 2048, 2048, 2048, 2048, 2048, 2048, 2048]","[2048, 2048, 2048, 2048, 2048, 2048, 2048, 2048, 2049, 2048, 2048]","[2048, 2049, 2048, 2048, 2048, 2049, 0]",219.0
1141,7953,14,32,2023-03-05T15:55:15.522000+00:00,31.335,42.558,23.978,231.0,251.0,False,97.871,"[None, 2048, 2048, 2048, 2048, 2048, 2048, 2048, 2048, 2048]","[2048, 2049, 2048, 2048, 2048, 2048, 2048, 2048, 2049, 2048, 2049]","[2048, 2048, 2048, 2048, 2048, 2048]",303.0
1141,7953,63,32,2023-03-05T15:55:24.116000+00:00,52.322,42.773,23.599,235.0,245.0,True,118.694,"[2064, 2064, 2064, 2048, 2048, 2048, 2048, 2048, 2048, 2049]","[2048, 2048, 2048, 2049, 2048, 2051, 2051, 2048, 2048, 2048, 2048]","[2048, 2051, 2051, 2048, 2049, 2051, 2048]",216.0
1141,7953,44,32,2023-03-05T15:55:38.209000+00:00,30.795,42.982,23.786,234.0,236.0,False,97.563,"[2048, 2048, 2048, 2048, 2048, 2048, 2048, 2048, 2051, 2049]","[2048, 2048, 2049, 2049, 2048, 2048, 2048, 2048, 2048, 2048, 2048]","[2048, 2049, 2049, 2048, 2048, 2048]",304.0
1141,7953,18,32,2023-03-05T15:55:45.615000+00:00,30.853,41.993,23.7,230.0,244.0,False,96.546,"[2048, 2048, 2048, 2048, 2048, 2048, 2051, 2049, 2049, 2049]","[2048, 2048, 2049, 2048, 2048, 2048, 2048, 2048, 2048, 2048, 2048]","[2048, 2049, 2049, 2048, 2048, 2048]",303.0
1141,7953,24,32,2023-03-05T15:55:51.365000+00:00,31.82,43.189,27.087,,244.0,False,102.096,"[None, 2048, 2048, 2048, 2048, 2048, 2048, 2048, 2048, 2048]","[2048, 2048, 2048, 2048, 2048, 2048, 2048, 2048, 2048, 2048, 2048]","[2048, 2048, 2048, 2048, 2048, 2048, 2064]",294.0
1141,7953,77,32,2023-03-05T15:55:54.974000+00:00,31.059,42.59,24.026,231.0,245.0,False,97.675,"[None, 2048, 2048, 2048, 2048, 2048, 2048, 2048, 2049, 2049]","[2048, 2048, 2048, 2049, 2048, 2049, 2048, 2048, 2048, 2049, 2048]","[2048, 2048, 2048, 2048, 2048, 2048, 2048]",292.0
1141,7953,23,32,2023-03-05T15:55:59.131000+00:00,31.133,42.843,23.943,,252.0,False,97.919,"[None, 2048, 2048, 2048, 2048, 2048, 2048, 2048, 2048, 2048]","[2048, 2048, 2048, 2048, 2048, 2048, 2048, 2048, 2049, 2048, 2049]","[2048, 2048, 2049, 2048, 2048, 2048, 2048]",313.0
1141,7953,10,32,2023-03-05T15:55:59.865000+00:00,30.969,42.824,24.219,227.0,253.0,False,98.012,"[None, 2048, 2048, 2048, 2048, 2048, 2048, 2048, 2048, 2048]","[2048, 2049, 2048, 2048, 2048, 2048, 2048, 2048, 2048, 2048, 2049]","[2048, 2048, 2048, 2048, 2048, 2048]",
1141,7953,22,32,2023-03-05T15:56:00.537000+00:00,30.916,42.886,24.215,,247.0,False,98.017,"[None, 2048, 2048, 2048, 2048, 2048, 2048, 2049, 2048, 2048]","[2048, 2048, 2048, 2048, 2048, 2048, 2048, 2048, 2048, 2048, 2048]","[2048, 2048, 2048, 2048, 2048, 2048]",318.0
1141,7953,2,32,2023-03-05T15:56:11.037000+00:00,30.975,42.694,23.944,233.0,248.0,False,97.613,"[2048, 2048, 2048, 2048, 2049, 2048, 2048, 2048, 2049, 2048]","[2048, 2048, 2048, 2048, 2049, 2048, 2048, 2048, 2048, 2048, 2048]","[2048, 2048, 2049, 2048, 2048, 2048, 2048]",305.0
1141,7953,21,32,2023-03-05T15:56:12.505000+00:00,31.118,42.773,24.011,232.0,250.0,False,97.902,"[None, 2048, 2048, 2048, 2048, 2048, 2048, 2048, 2048, 2048]","[2048, 2048, 2048, 2048, 2048, 2048, 2048, 2048, 2048, 2049, 2048]","[2048, 2048, 2048, 2048, 2048, 2048, 2049]",298.0
1141,7953,1,33,2023-03-05T15:56:14.974000+00:00,31.112,42.505,24.069,233.0,249.0,False,97.686,"[None, 2048, 2048, 2049, 2048, 2048, 2048, 2049, 2048, 2048]","[2048, 2048, 2048, 2048, 2048, 2048, 2049, 2049, 2048, 2049, 2048]","[2048, 2048, 2048, 2049, 2048, 2048, 2048]",301.0
1141,7953,31,32,2023-03-05T15:56:21.568000+00:00,31.727,43.947,28.622,226.0,245.0,False,104.296,"[None, 2048, 2048, 2048, 2048, 2048, 2048, 2048, 2048, 2048]","[2048, 2048, 2048, 2048, 2048, 2048, 2048, 2048, 2048, 2048, 2048]","[2048, 2048, 2048, 2048, 2048, 2048, 2064]",292.0
1141,7953,20,32,2023-03-05T15:56:22.677000+00:00,30.962,42.718,23.964,233.0,243.0,False,97.644,"[None, 2048, 2048, 2049, 2049, 2049, 2048, 2048, 2049, 2049]","[2048, 2048, 2048, 2049, 2048, 2049, 2049, 2048, 2049, 2048, 2048]","[2048, 2049, 2048, 2048, 2048, 2048]",300.0
1141,7953,27,32,2023-03-05T15:56:25.818000+00:00,31.11,42.524,24.172,,249.0,False,97.806,"[None, 2048, 2048, 2048, 2048, 2048, 2048, 2048, 2048, 2048]","[2049, 2048, 2048, 2048, 2048, 2048, 2048, 2048, 2048, 2048, 2048]","[2048, 2048, 2048, 2048, 2048, 2048]",
1141,7953,11,33,2023-03-05T15:56:28.958000+00:00,31.229,42.546,24.094,233.0,250.0,False,97.869,"[None, 2048, 2048, 2048, 2048, 2048, 2048, 2048, 2048, 2048]","[2048, 2048, 2048, 2048, 2048, 2048, 2048, 2048, 2048, 2048, 2048]","[2048, 2048, 2048, 2048, 2048, 2048, 2048]",302.0
1141,7953,16,33,2023-03-05T15:56:37.210000+00:00,31.464,43.248,26.611,229.0,243.0,False,101.323,"[None, 2048, 2048, 2048, 2048, 2048, 2048, 2048, 2048, 2048]","[2048, 2048, 2048, 2048, 2048, 2048, 2048, 2048, 2048, 2048, 2048]","[2048, 2048, 2048, 2049, 2048, 2048, 2064]",306.0
1141,7953,4,32,2023-03-05T15:56:38.552000+00:00,31.113,42.775,24.223,234.0,244.0,False,98.111,"[None, 2048, 2048, 2048, 2048, 2048, 2048, 2048, 2048, 2048]","[2048, 2048, 2048, 2048, 2048, 2048, 2049, 2049, 2048, 2048, 2048]","[2048, 2048, 2049, 2049, 2048, 2048, 2048]",303.0
1141,7953,14,33,2023-03-05T15:56:53.333000+00:00,31.266,42.549,23.954,,252.0,False,97.769,"[None, 2048, 2048, 2048, 2048, 2048, 2048, 2048, 2048, 2048]","[2049, 2048, 2048, 2048, 2048, 2048, 2048, 2048, 2048, 2048, 2048]","[2048, 2048, 2048, 2048, 2049, 2048, 2048]",
1141,7953,55,33,2023-03-05T15:57:12.129000+00:00,31.27,42.65,23.628,229.0,244.0,False,97.548,"[2048, 2048, 2048, 2048, 2048, 2048, 2048, 2048, 2048, 2048]","[2048, 2048, 2049, 2048, 2048, 2048, 2048, 2048, 2049, 2048, 2048]","[2049, 2049, 2049, 2048, 2051, 2049]",293.0
1141,7953,44,33,2023-03-05T15:57:15.457000+00:00,30.882,42.999,23.668,229.0,228.0,False,97.549,"[2049, 2048, 2048, 2048, 2048, 2048, 2048, 2048, 2048, 2048]","[2048, 2048, 2048, 2048, 2049, 2048, 2048, 2048, 2048, 2048, 2048]","[2048, 2049, 2049, 2048, 2049, 2049, 2048]",306.0
1141,7953,18,33,2023-03-05T15:57:21.785000+00:00,31.057,42.487,23.666,233.0,231.0,False,97.21,"[None, 2048, 2048, 2048, 2048, 2049, 2048, 2048, 2048, 2049]","[2048, 2048, 2048, 2048, 2048, 2048, 2048, 2048, 2048, 2048, 2048]","[2048, 2049, 2049, 2048, 2048, 2048]",301.0
1141,7953,63,33,2023-03-05T15:57:22.895000+00:00,30.915,42.756,23.55,233.0,246.0,False,97.221,"[2048, 2048, 2048, 2048, 2049, 2049, 2048, 2048, 2048, 2048]","[2048, 2048, 2049, 2051, 2049, 2048, 2048, 2048, 2048, 2048, 2048]","[2048, 2051, 2051, 2048, 2049, 2048, 2048]",293.0
1141,7953,77,33,2023-03-05T15:57:32.551000+00:00,31.243,42.542,23.99,230.0,244.0,False,97.775,"[None, 2048, 2048, 2048, 2048, 2048, 2048, 2048, 2048, 2048]","[2048, 2048, 2048, 2048, 2048, 2048, 2048, 2048, 2048, 2048, 2048]","[2048, 2048, 2048, 2048, 2048, 2048]",289.0
1141,7953,24,33,2023-03-05T15:57:33.426000+00:00,53.038,42.807,23.814,230.0,246.0,True,119.659,"[2064, 2064, 2064, 2048, 2048, 2048, 2048, 2048, 2048, 2048]","[2048, 2048, 2049, 2048, 2049, 2048, 2048, 2048, 2048, 2048, 2048]","[2049, 2049, 2048, 2048, 2049, 2048, 2048]",216.0
1141,7953,23,33,2023-03-05T15:57:37.066000+00:00,31.165,42.921,24.018,235.0,250.0,False,98.104,"[None, 2048, 2048, 2048, 2048, 2048, 2048, 2048, 2048, 2048]","[2048, 2049, 2048, 2048, 2048, 2048, 2048, 2048, 2048, 2048, 2048]","[2048, 2048, 2048, 2048, 2048, 2048]",
1141,7953,10,33,2023-03-05T15:57:37.957000+00:00,30.942,42.828,24.204,228.0,252.0,False,97.974,"[None, 2048, 2048, 2048, 2048, 2048, 2049, 2048, 2048, 2048]","[2048, 2048, 2048, 2048, 2048, 2048, 2048, 2048, 2048, 2048, 2048]","[2048, 2048, 2049, 2048, 2048, 2048]",
1141,7953,22,33,2023-03-05T15:57:38.660000+00:00,30.843,42.923,24.328,232.0,249.0,False,98.094,"[None, 2048, 2048, 2048, 2048, 2048, 2048, 2048, 2048, 2048]","[2048, 2048, 2048, 2048, 2048, 2048, 2048, 2051, 2048, 2048, 2048]","[2048, 2048, 2048, 2048, 2048, 2048]",
1141,7953,2,33,2023-03-05T15:57:48.629000+00:00,31.078,42.708,24.076,235.0,247.0,False,97.862,"[None, 2048, 2048, 2049, 2048, 2048, 2048, 2048, 2048, 2048]","[2048, 2048, 2048, 2048, 2048, 2048, 2048, 2048, 2049, 2048, 2048]","[2048, 2048, 2048, 2048, 2049, 2048, 2048]",296.0
1141,7953,21,33,2023-03-05T15:57:50.300000+00:00,31.115,42.729,24.089,234.0,250.0,False,97.933,"[None, 2048, 2048, 2048, 2048, 2048, 2048, 2048, 2048, 2048]","[2048, 2048, 2048, 2048, 2048, 2048, 2048, 2048, 2048, 2048, 2048]","[2048, 2048, 2048, 2048, 2048, 2048]",300.0
1141,7953,1,34,2023-03-05T15:57:52.707000+00:00,31.129,42.615,24.095,232.0,248.0,False,97.839,"[None, 2048, 2048, 2048, 2048, 2048, 2048, 2049, 2048, 2048]","[2048, 2048, 2048, 2048, 2048, 2048, 2048, 2048, 2048, 2048, 2048]","[2048, 2048, 2048, 2048, 2048, 2048, 2048]",299.0
1141,7953,20,33,2023-03-05T15:58:00.363000+00:00,31.049,42.112,23.936,232.0,255.0,False,97.097,"[None, 2048, 2048, 2048, 2048, 2048, 2048, 2048, 2051, 2048]","[2048, 2049, 2048, 2049, 2048, 2048, 2048, 2048, 2049, 2049, 2049]","[2049, 2048, 2048, 2048, 2048, 2048, 2048]",297.0
1141,7953,27,33,2023-03-05T15:58:03.519000+00:00,31.187,42.427,24.147,232.0,252.0,False,97.761,"[None, 2048, 2048, 2048, 2048, 2048, 2048, 2048, 2048, 2048]","[2048, 2048, 2048, 2048, 2048, 2048, 2048, 2048, 2049, 2048, 2048]","[2048, 2048, 2048, 2048, 2048, 2048, 2048]",300.0
1141,7953,31,33,2023-03-05T15:58:05.847000+00:00,72.748,42.304,23.642,227.0,255.0,True,138.694,"[2064, 2064, 2064, 2048, 2048, 2048, 2048, 2048, 2048, 2048]","[2048, 2048, 2049, 2049, 2049, 2048, 2048, 2048, 2049, 2049, 2049]","[2049, 2049, 2048, 2048, 2049, 2049, 2048]",215.0
1141,7953,11,34,2023-03-05T15:58:06.831000+00:00,31.289,42.624,26.773,,243.0,False,100.686,"[None, 2048, 2048, 2048, 2048, 2048, 2048, 2048, 2048, 2048]","[2049, 2048, 2048, 2048, 2048, 2048, 2048, 2048, 2048, 2048, 2048]","[2048, 2048, 2048, 2048, 2048, 2048, 2064]",298.0
1141,7953,4,33,2023-03-05T15:58:16.691000+00:00,30.999,42.476,24.045,230.0,244.0,False,97.52,"[None, 2048, 2048, 2048, 2048, 2048, 2048, 2048, 2048, 2048]","[2048, 2049, 2048, 2048, 2048, 2048, 2048, 2048, 2048, 2048, 2048]","[2048, 2048, 2048, 2048, 2048, 2048]",312.0
1141,7953,16,34,2023-03-05T15:58:18.472000+00:00,52.321,43.143,24.013,228.0,234.0,True,119.477,"[2064, 2064, 2064, 2048, 2048, 2048, 2048, 2048, 2048, 2048]","[2048, 2048, 2048, 2049, 2048, 2048, 2048, 2048, 2048, 2048, 2048]","[2048, 2048, 2048, 2048, 2048, 2048, 2048]",222.0
1141,7953,14,34,2023-03-05T15:58:31.159000+00:00,31.259,42.545,26.549,232.0,250.0,False,100.353,"[None, 2048, 2048, 2049, 2048, 2048, 2048, 2048, 2048, 2048]","[2048, 2048, 2048, 2048, 2048, 2048, 2048, 2048, 2049, 2048, 2048]","[2048, 2048, 2048, 2048, 2048, 2048, 2064]",
1141,7953,55,34,2023-03-05T15:58:49.643000+00:00,31.149,42.615,23.711,,242.0,False,97.475,"[None, 2048, 2048, 2048, 2049, 2048, 2048, 2048, 2048, 2049]","[2048, 2048, 2048, 2048, 2048, 2048, 2048, 2048, 2048, 2048, 2048]","[2048, 2048, 2048, 2048, 2051, 2048]",294.0
1141,7953,44,34,2023-03-05T15:58:52.987000+00:00,30.81,43.571,23.754,227.0,222.0,False,98.135,"[None, 2048, 2048, 2048, 2048, 2048, 2048, 2048, 2048, 2048]","[2048, 2048, 2048, 2048, 2048, 2048, 2048, 2048, 2048, 2048, 2048]","[2048, 2048, 2048, 2048, 2048, 2048, 2048]",305.0
1141,7953,18,34,2023-03-05T15:58:59.049000+00:00,30.988,42.474,23.706,,235.0,False,97.168,"[None, 2048, 2048, 2048, 2048, 2049, 2048, 2048, 2048, 2048]","[2048, 2048, 2048, 2048, 2048, 2048, 2048, 2048, 2049, 2048, 2048]","[2048, 2048, 2048, 2048, 2048, 2048]",300.0
1141,7953,63,34,2023-03-05T15:59:00.159000+00:00,30.975,42.685,23.651,,250.0,False,97.311,"[None, 2048, 2048, 2048, 2048, 2048, 2048, 2048, 2048, 2048]","[2048, 2048, 2048, 2048, 2049, 2048, 2048, 2048, 2048, 2048, 2048]","[2049, 2048, 2048, 2048, 2048, 2048]",300.0
1141,7953,77,34,2023-03-05T15:59:10.424000+00:00,31.317,42.525,23.932,,244.0,False,97.774,"[None, 2048, 2048, 2048, 2048, 2048, 2048, 2048, 2048, 2048]","[2048, 2048, 2048, 2048, 2048, 2048, 2048, 2048, 2048, 2048, 2048]","[2048, 2048, 2049, 2048, 2048, 2048]",288.0
1141,7953,23,34,2023-03-05T15:59:15.111000+00:00,31.19,42.832,23.939,,256.0,False,97.961,"[None, 2048, 2048, 2048, 2048, 2048, 2048, 2048, 2048, 2048]","[2048, 2048, 2048, 2048, 2048, 2048, 2048, 2048, 2049, 2048, 2049]","[2048, 2048, 2048, 2051, 2048, 2048]",
1141,7953,10,34,2023-03-05T15:59:15.830000+00:00,30.947,42.874,24.201,230.0,255.0,False,98.022,"[None, 2048, 2048, 2048, 2048, 2048, 2048, 2049, 2048, 2048]","[2048, 2048, 2048, 2048, 2048, 2048, 2049, 2048, 2048, 2048, 2049]","[2048, 2048, 2048, 2048, 2048, 2048, 2048]",321.0
1141,7953,22,34,2023-03-05T15:59:16.658000+00:00,30.924,42.881,24.325,230.0,243.0,False,98.13,"[None, 2048, 2048, 2048, 2048, 2048, 2048, 2049, 2048, 2048]","[2048, 2048, 2048, 2048, 2048, 2048, 2048, 2051, 2048, 2048, 2048]","[2048, 2048, 2048, 2048, 2048, 2048]",319.0
1141,7953,2,34,2023-03-05T15:59:26.408000+00:00,31.157,42.798,23.947,,249.0,False,97.902,"[None, 2048, 2048, 2048, 2048, 2048, 2048, 2048, 2048, 2048]","[2048, 2048, 2048, 2048, 2048, 2048, 2048, 2048, 2048, 2048, 2048]","[2048, 2048, 2048, 2048, 2048, 2048, 2048]",307.0
1141,7953,21,34,2023-03-05T15:59:28.142000+00:00,31.226,42.896,24.144,233.0,251.0,False,98.266,"[None, 2048, 2048, 2048, 2048, 2048, 2048, 2048, 2048, 2048]","[2048, 2048, 2048, 2048, 2048, 2048, 2048, 2048, 2048, 2049, 2049]","[2048, 2048, 2048, 2048, 2048, 2048, 2048]",295.0
1141,7953,1,35,2023-03-05T15:59:30.533000+00:00,31.211,42.5,24.139,,255.0,False,97.85,"[None, 2048, 2048, 2049, 2048, 2048, 2048, 2049, 2048, 2048]","[2048, 2048, 2048, 2048, 2048, 2048, 2049, 2049, 2048, 2048, 2049]","[2048, 2048, 2048, 2049, 2048, 2048, 2048]",303.0
1141,7953,24,34,2023-03-05T15:59:33.142000+00:00,30.938,42.291,23.808,234.0,241.0,False,97.037,"[2048, 2048, 2048, 2048, 2049, 2049, 2048, 2048, 2049, 2048]","[2049, 2049, 2048, 2049, 2049, 2048, 2048, 2048, 2049, 2048, 2048]","[2048, 2049, 2049, 2048, 2049, 2048]",298.0
1141,7953,20,34,2023-03-05T15:59:37.424000+00:00,31.133,42.454,23.941,231.0,253.0,False,97.528,"[None, 2048, 2048, 2049, 2048, 2048, 2048, 2048, 2048, 2048]","[2048, 2048, 2048, 2048, 2048, 2048, 2048, 2048, 2048, 2048, 2048]","[2048, 2049, 2049, 2048, 2048, 2048]",298.0
1141,7953,27,34,2023-03-05T15:59:41.408000+00:00,31.192,42.592,24.111,234.0,253.0,False,97.895,"[None, 2048, 2048, 2048, 2048, 2048, 2048, 2048, 2048, 2048]","[2048, 2048, 2048, 2048, 2048, 2048, 2048, 2048, 2048, 2048, 2048]","[2048, 2048, 2049, 2048, 2048, 2048]",304.0
1141,7953,11,35,2023-03-05T15:59:47.564000+00:00,52.704,42.423,23.658,234.0,250.0,True,118.785,"[2064, 2064, 2064, 2048, 2048, 2048, 2048, 2048, 2048, 2048]","[2048, 2048, 2049, 2048, 2048, 2048, 2048, 2048, 2048, 2048, 2048]","[2049, 2049, 2049, 2048, 2048, 2049, 0]",218.0
1141,7953,4,34,2023-03-05T15:59:54.080000+00:00,31.333,42.606,24.048,234.0,241.0,False,97.987,"[None, 2048, 2048, 2048, 2048, 2048, 2048, 2048, 2048, 2048]","[2051, 2048, 2048, 2048, 2048, 2048, 2048, 2048, 2049, 2049, 2048]","[2048, 2048, 2048, 2048, 2048, 2048, 2048]",294.0
1141,7953,14,35,2023-03-05T16:00:11.501000+00:00,52.333,41.52,23.536,233.0,256.0,True,117.389,"[2064, 2064, 2064, 2048, 2048, 2048, 2048, 2048, 2048, 2049]","[2048, 2048, 2049, 2051, 2049, 2048, 2048, 2048, 2051, 2051, 2049]","[2049, 2049, 2049, 2049, 2048, 2049, 2048]",217.0
1141,7953,16,35,2023-03-05T16:00:18.001000+00:00,31.528,42.729,23.816,226.0,244.0,False,98.073,"[2048, 2048, 2048, 2048, 2048, 2048, 2048, 2048, 2048, 2048]","[2048, 2048, 2049, 2049, 2049, 2048, 2048, 2048, 2048, 2048, 2048]","[2049, 2048, 2049, 2048, 2048, 2048]",298.0
1141,7953,31,34,2023-03-05T16:00:24.595000+00:00,30.92,42.107,23.77,,255.0,False,96.797,"[2048, 2048, 2048, 2048, 2049, 2049, 2048, 2048, 2051, 2048]","[2049, 2049, 2048, 2048, 2049, 2048, 2048, 2048, 2049, 2048, 2048]","[2048, 2048, 2048, 2048, 2048, 2049, 2048]",296.0
1141,7953,55,35,2023-03-05T16:00:27.110000+00:00,31.161,42.601,23.679,,242.0,False,97.441,"[None, 2048, 2048, 2048, 2048, 2048, 2048, 2048, 2049, 2048]","[2048, 2048, 2048, 2049, 2048, 2048, 2048, 2048, 2049, 2048, 2048]","[2048, 2048, 2049, 2048, 2048, 2048]",301.0
1141,7953,44,35,2023-03-05T16:00:31.110000+00:00,30.798,42.403,23.63,231.0,250.0,False,96.831,"[2048, 2048, 2048, 2048, 2048, 2048, 2048, 2048, 2048, 2049]","[2048, 2048, 2048, 2048, 2049, 2048, 2048, 2048, 2049, 2049, 2048]","[2049, 2048, 2048, 2049, 2048, 2048]",308.0
1141,7953,18,35,2023-03-05T16:00:36.172000+00:00,31.167,42.568,23.786,,232.0,False,97.521,"[None, 2048, 2048, 2048, 2048, 2048, 2048, 2048, 2048, 2048]","[2048, 2048, 2048, 2048, 2048, 2048, 2048, 2048, 2048, 2048, 2048]","[2048, 2048, 2048, 2048, 2048, 2048]",297.0
1141,7953,63,35,2023-03-05T16:00:37.454000+00:00,30.949,42.96,23.683,235.0,241.0,False,97.592,"[None, 2048, 2048, 2048, 2048, 2048, 2048, 2048, 2048, 2048]","[2048, 2048, 2048, 2048, 2048, 2048, 2048, 2048, 2048, 2048, 2048]","[2048, 2048, 2048, 2049, 2048, 2048, 2048]",308.0
1141,7953,77,35,2023-03-05T16:00:48.188000+00:00,31.277,42.617,23.923,,244.0,False,97.817,"[None, 2048, 2048, 2048, 2048, 2048, 2048, 2048, 2048, 2048]","[2048, 2048, 2048, 2048, 2048, 2048, 2048, 2048, 2049, 2048, 2048]","[2048, 2048, 2049, 2048, 2048, 2048, 2048]",289.0
1141,7953,23,35,2023-03-05T16:00:53.188000+00:00,31.113,42.921,23.95,,255.0,False,97.984,"[None, 2048, 2048, 2048, 2048, 2048, 2048, 2048, 2048, 2048]","[2048, 2048, 2048, 2048, 2048, 2048, 2048, 2048, 2048, 2048, 2048]","[2048, 2048, 2048, 2048, 2048, 2048]",
1141,7953,10,35,2023-03-05T16:00:53.922000+00:00,31.01,42.851,24.227,229.0,253.0,False,98.088,"[None, 2048, 2048, 2048, 2048, 2048, 2048, 2048, 2048, 2048]","[2048, 2049, 2048, 2048, 2048, 2048, 2048, 2048, 2048, 2048, 2048]","[2048, 2048, 2048, 2048, 2048, 2048, 2048]",320.0
1141,7953,22,35,2023-03-05T16:00:54.860000+00:00,31.053,42.779,24.331,229.0,254.0,False,98.163,"[None, 2048, 2048, 2048, 2048, 2048, 2048, 2048, 2048, 2048]","[2049, 2049, 2048, 2048, 2048, 2048, 2048, 2051, 2048, 2048, 2048]","[2048, 2048, 2048, 2048, 2048, 2048, 2048]",321.0
1141,7953,2,35,2023-03-05T16:01:04.406000+00:00,31.176,42.79,24.063,,251.0,False,98.029,"[None, 2048, 2048, 2048, 2048, 2048, 2048, 2048, 2048, 2049]","[2048, 2048, 2048, 2048, 2048, 2048, 2048, 2048, 2048, 2048, 2048]","[2048, 2048, 2048, 2048, 2048, 2048, 2048]",308.0
1141,7953,21,35,2023-03-05T16:01:06.469000+00:00,31.249,42.716,24.158,234.0,250.0,False,98.123,"[None, 2048, 2048, 2048, 2048, 2048, 2048, 2048, 2048, 2048]","[2049, 2048, 2048, 2048, 2048, 2048, 2048, 2048, 2049, 2048, 2048]","[2048, 2048, 2048, 2048, 2048, 2048, 2048]",296.0
1141,7953,1,36,2023-03-05T16:01:08.469000+00:00,31.35,42.582,27.032,233.0,251.0,False,100.964,"[None, 2048, 2048, 2048, 2048, 2048, 2048, 2049, 2048, 2048]","[2048, 2048, 2048, 2048, 2048, 2048, 2048, 2049, 2048, 2048, 2048]","[2048, 2048, 2048, 2049, 2048, 2048, 2064]",299.0
1141,7953,24,35,2023-03-05T16:01:10.172000+00:00,31.122,42.475,23.953,235.0,241.0,False,97.55,"[None, 2048, 2048, 2048, 2048, 2048, 2048, 2048, 2048, 2048]","[2048, 2048, 2048, 2049, 2048, 2048, 2048, 2048, 2049, 2048, 2048]","[2048, 2048, 2048, 2048, 2048, 2048, 2048]",299.0
1141,7953,20,35,2023-03-05T16:01:14.969000+00:00,31.158,42.391,23.911,233.0,255.0,False,97.46,"[None, 2048, 2048, 2048, 2048, 2048, 2048, 2048, 2048, 2048]","[2048, 2049, 2048, 2048, 2048, 2048, 2048, 2048, 2048, 2048, 2048]","[2048, 2048, 2048, 2049, 2049, 2048]",301.0
1141,7953,27,35,2023-03-05T16:01:19.234000+00:00,31.363,42.614,24.116,229.0,256.0,False,98.093,"[None, 2048, 2048, 2048, 2048, 2048, 2048, 2048, 2048, 2048]","[2048, 2048, 2048, 2048, 2048, 2048, 2048, 2048, 2048, 2048, 2049]","[2048, 2048, 2048, 2048, 2048, 2048, 2048]",299.0
1141,7953,4,35,2023-03-05T16:01:32.203000+00:00,31.336,42.535,23.999,233.0,246.0,False,97.87,"[None, 2048, 2048, 2048, 2048, 2048, 2048, 2048, 2048, 2048]","[2048, 2048, 2048, 2048, 2048, 2048, 2048, 2048, 2048, 2048, 2048]","[2048, 2048, 2048, 2048, 2048, 2048, 2048]",300.0
1141,7953,11,36,2023-03-05T16:01:46.327000+00:00,30.908,42.254,23.658,236.0,243.0,False,96.82,"[2048, 2048, 2048, 2048, 2048, 2048, 2048, 2048, 2049, 2049]","[2048, 2048, 2049, 2048, 2048, 2048, 2048, 2048, 2049, 2048, 2048]","[2049, 2049, 2049, 2048, 2048, 2048, 2048]",291.0
1141,7953,16,36,2023-03-05T16:01:56.030000+00:00,31.07,42.615,23.628,229.0,249.0,False,97.313,"[None, 2048, 2048, 2048, 2048, 2048, 2048, 2048, 2049, 2048]","[2048, 2048, 2048, 2048, 2048, 2048, 2048, 2048, 2048, 2048, 2048]","[2048, 2049, 2049, 2049, 2049, 2049]",303.0
1141,7953,31,35,2023-03-05T16:02:01.358000+00:00,31.041,42.199,23.724,228.0,255.0,False,96.964,"[None, 2048, 2048, 2048, 2048, 2049, 2048, 2048, 2048, 2048]","[2049, 2048, 2048, 2048, 2048, 2048, 2048, 2048, 2049, 2048, 2048]","[2048, 2049, 2048, 2048, 2048, 2048]",297.0
1141,7953,55,36,2023-03-05T16:02:04.499000+00:00,31.197,42.728,23.781,,244.0,False,97.706,"[None, 2048, 2048, 2048, 2048, 2048, 2048, 2048, 2049, 2048]","[2048, 2048, 2048, 2048, 2048, 2048, 2048, 2048, 2048, 2048, 2048]","[2048, 2048, 2049, 2048, 2048, 2048, 2048]",304.0
1141,7953,44,36,2023-03-05T16:02:07.874000+00:00,30.869,42.013,23.664,232.0,258.0,False,96.546,"[None, 2048, 2048, 2048, 2048, 2048, 2048, 2048, 2048, 2048]","[2048, 2049, 2048, 2048, 2048, 2049, 2048, 2048, 2048, 2049, 2049]","[2048, 2048, 2048, 2049, 2048, 2048]",
1141,7953,14,36,2023-03-05T16:02:08.905000+00:00,30.895,41.462,23.799,,255.0,False,96.156,"[2048, 2048, 2048, 2048, 2048, 2051, 2048, 2048, 2048, 2049]","[2048, 2049, 2048, 2048, 2048, 2051, 2051, 2049, 2048, 2051, 2048]","[2048, 2048, 2048, 2049, 2048, 2048]",296.0
1141,7953,18,36,2023-03-05T16:02:13.749000+00:00,31.025,42.848,23.847,234.0,220.0,False,97.72,"[None, 2048, 2048, 2048, 2048, 2048, 2048, 2048, 2048, 2048]","[2048, 2048, 2048, 2048, 2048, 2048, 2048, 2048, 2049, 2048, 2048]","[2048, 2048, 2048, 2048, 2048, 2048, 2048]",301.0
1141,7953,63,36,2023-03-05T16:02:15.046000+00:00,30.979,42.831,23.797,225.0,238.0,False,97.607,"[None, 2048, 2048, 2048, 2048, 2048, 2048, 2048, 2048, 2048]","[2048, 2048, 2048, 2048, 2048, 2048, 2048, 2048, 2049, 2048, 2048]","[2048, 2048, 2048, 2048, 2048, 2048, 2048]",310.0
1141,7953,77,36,2023-03-05T16:02:26.014000+00:00,31.342,42.528,23.957,,244.0,False,97.827,"[None, 2048, 2048, 2048, 2048, 2048, 2048, 2048, 2048, 2048]","[2048, 2048, 2048, 2048, 2048, 2049, 2048, 2048, 2049, 2048, 2048]","[2048, 2048, 2048, 2048, 2048, 2048, 2048]",290.0
1141,7953,23,36,2023-03-05T16:02:31.124000+00:00,31.233,42.956,23.987,234.0,255.0,False,98.176,"[None, 2048, 2048, 2048, 2048, 2048, 2048, 2048, 2048, 2048]","[2049, 2048, 2048, 2048, 2048, 2048, 2048, 2048, 2048, 2048, 2048]","[2048, 2048, 2049, 2051, 2048, 2048, 2048]",
1141,7953,10,36,2023-03-05T16:02:31.999000+00:00,31.045,42.821,24.318,228.0,252.0,False,98.184,"[None, 2048, 2048, 2048, 2048, 2048, 2048, 2048, 2048, 2048]","[2048, 2048, 2048, 2048, 2048, 2048, 2048, 2048, 2048, 2048, 2048]","[2048, 2048, 2048, 2048, 2048, 2048]",318.0
1141,7953,22,36,2023-03-05T16:02:33.030000+00:00,30.891,42.924,24.244,233.0,248.0,False,98.059,"[None, 2048, 2048, 2048, 2048, 2048, 2048, 2048, 2048, 2048]","[2048, 2049, 2048, 2048, 2048, 2048, 2048, 2048, 2048, 2048, 2048]","[2048, 2048, 2048, 2048, 2048, 2048]",322.0
1141,7953,2,36,2023-03-05T16:02:42.436000+00:00,31.091,42.688,23.938,234.0,254.0,False,97.717,"[None, 2048, 2048, 2048, 2048, 2048, 2048, 2048, 2048, 2048]","[2049, 2048, 2048, 2048, 2048, 2048, 2048, 2048, 2048, 2048, 2048]","[2048, 2048, 2049, 2048, 2049, 2048, 2048]",307.0
1141,7953,21,36,2023-03-05T16:02:44.623000+00:00,31.265,42.791,24.15,233.0,246.0,False,98.206,"[None, 2048, 2048, 2048, 2048, 2048, 2048, 2048, 2048, 2048]","[2048, 2048, 2048, 2048, 2048, 2048, 2048, 2048, 2048, 2049, 2048]","[2048, 2048, 2048, 2048, 2048, 2048, 2048]",
1141,7953,24,36,2023-03-05T16:02:47.719000+00:00,31.13,42.836,23.991,234.0,239.0,False,97.957,"[None, 2048, 2048, 2049, 2048, 2048, 2048, 2048, 2048, 2048]","[2048, 2048, 2048, 2048, 2048, 2048, 2048, 2048, 2048, 2048, 2048]","[2048, 2048, 2048, 2048, 2049, 2048]",298.0
1141,7953,1,37,2023-03-05T16:02:49.389000+00:00,52.755,42.071,23.664,232.0,244.0,True,118.49,"[2064, 2064, 2064, 2048, 2048, 2048, 2049, 2049, 2048, 2048]","[2048, 2048, 2048, 2048, 2048, 2049, 2048, 2048, 2049, 2048, 2048]","[2049, 2049, 2049, 2048, 2048, 2049, 2048]",215.0
1141,7953,20,36,2023-03-05T16:02:52.420000+00:00,31.223,42.466,24.065,232.0,255.0,False,97.754,"[None, 2048, 2048, 2049, 2048, 2048, 2048, 2048, 2048, 2048]","[2048, 2048, 2048, 2048, 2048, 2048, 2048, 2048, 2048, 2049, 2049]","[2048, 2048, 2049, 2048, 2048, 2048]",299.0
1141,7953,27,36,2023-03-05T16:02:57.326000+00:00,31.451,42.707,24.087,231.0,248.0,False,98.245,"[None, 2048, 2048, 2048, 2048, 2048, 2048, 2048, 2048, 2048]","[2048, 2048, 2048, 2048, 2048, 2048, 2048, 2048, 2048, 2048, 2048]","[2048, 2048, 2048, 2048, 2048, 2048, 2048]",298.0
1141,7953,4,36,2023-03-05T16:03:10.045000+00:00,32.216,43.423,24.247,141.0,256.0,False,99.886,"[None, 2048, 2048, 2048, 2048, 2048, 2048, 2048, 2048, 2048]","[2048, 2048, 2048, 2048, 2048, 2048, 2048, 2048, 2048, 2048, 2048]","[2048, 2048, 2048, 2048, 2048, 2048]",
1141,7953,11,37,2023-03-05T16:03:23.123000+00:00,30.919,41.914,23.511,,239.0,False,96.344,"[None, 2048, 2048, 2048, 2048, 2048, 2048, 2048, 2048, 2048]","[2048, 2048, 2049, 2049, 2049, 2049, 2048, 2048, 2048, 2048, 2048]","[2049, 2051, 2049, 2048, 2049, 2048, 2048]",293.0
1141,7953,16,37,2023-03-05T16:03:33.357000+00:00,,42.385,23.715,,251.0,False,97.17,"[None, 2048, 2048, 2048, 2049, 2048, 2048, 2048, 2048, 2048]","[2048, 2048, 2048, 2048, 2049, 2048, 2048, 2048, 2049, 2048, 2048]","[2049, 2048, 2048, 2048, 2048, 2048]",305.0
1141,7953,31,36,2023-03-05T16:03:38.341000+00:00,31.036,42.488,23.84,,250.0,False,97.364,"[None, 2048, 2048, 2048, 2048, 2048, 2048, 2048, 2048, 2048]","[2048, 2048, 2048, 2048, 2048, 2048, 2048, 2048, 2048, 2048, 2048]","[2048, 2048, 2048, 2048, 2048, 2048]",299.0
1141,7953,55,37,2023-03-05T16:03:42.263000+00:00,31.018,42.443,23.669,230.0,244.0,False,97.13,"[None, 2048, 2048, 2048, 2048, 2048, 2048, 2048, 2049, 2048]","[2048, 2049, 2048, 2048, 2048, 2048, 2048, 2048, 2049, 2048, 2048]","[2049, 2049, 2049, 2048, 2048, 2048]",
1141,7953,44,37,2023-03-05T16:03:44.482000+00:00,31.413,42.243,23.732,,256.0,False,97.388,"[2049, 2048, 2048, 2048, 2048, 2048, 2048, 2048, 2048, 2049]","[2048, 2049, 2048, 2048, 2048, 2048, 2048, 2048, 2048, 2048, 2048]","[2048, 2048, 2048, 2048, 2048, 2048, 2048]",310.0
1141,7953,14,37,2023-03-05T16:03:45.107000+00:00,31.186,42.184,24.061,225.0,255.0,False,97.431,"[2049, 2049, 2049, 2049, 2048, 2048, 2049, 2049, 2048, 2048]","[2048, 2048, 2048, 2048, 2048, 2048, 2048, 2048, 2048, 2051, 2048]","[2048, 2048, 2048, 2048, 2048, 2049, 2048]",328.0
1141,7953,18,37,2023-03-05T16:03:51.435000+00:00,31.117,42.684,23.879,232.0,228.0,False,97.68,"[None, 2048, 2048, 2048, 2048, 2048, 2048, 2048, 2048, 2048]","[2048, 2048, 2048, 2048, 2048, 2048, 2048, 2048, 2048, 2048, 2048]","[2048, 2048, 2048, 2048, 2048, 2048]",291.0
1141,7953,63,37,2023-03-05T16:03:52.638000+00:00,31.049,43.002,23.771,228.0,235.0,False,97.822,"[None, 2048, 2048, 2048, 2048, 2048, 2048, 2048, 2048, 2048]","[2048, 2048, 2048, 2048, 2048, 2048, 2048, 2048, 2049, 2048, 2048]","[2048, 2048, 2048, 2048, 2048, 2048, 2048]",301.0
1141,7953,77,37,2023-03-05T16:04:03.856000+00:00,31.238,42.584,23.952,231.0,244.0,False,97.774,"[None, 2048, 2048, 2048, 2048, 2048, 2048, 2048, 2048, 2048]","[2048, 2049, 2048, 2048, 2048, 2048, 2048, 2048, 2048, 2048, 2048]","[2048, 2048, 2048, 2048, 2048, 2048, 2048]",287.0
1141,7953,23,37,2023-03-05T16:04:09.403000+00:00,31.265,42.801,23.972,233.0,256.0,False,98.038,"[None, 2048, 2048, 2048, 2048, 2048, 2048, 2048, 2048, 2048]","[2048, 2049, 2048, 2048, 2048, 2048, 2048, 2048, 2048, 2048, 2048]","[2048, 2048, 2048, 2048, 2048, 2048, 2048]",312.0
1141,7953,10,37,2023-03-05T16:04:10.200000+00:00,31.117,42.864,24.152,227.0,252.0,False,98.133,"[None, 2048, 2048, 2048, 2048, 2048, 2048, 2048, 2048, 2048]","[2048, 2048, 2048, 2048, 2048, 2048, 2048, 2048, 2048, 2048, 2048]","[2048, 2048, 2048, 2048, 2048, 2048, 2048]",
1141,7953,22,37,2023-03-05T16:04:11.106000+00:00,31.004,42.708,24.363,230.0,258.0,False,98.075,"[None, 2048, 2048, 2048, 2048, 2048, 2048, 2049, 2048, 2048]","[2048, 2048, 2048, 2048, 2048, 2048, 2049, 2051, 2048, 2048, 2048]","[2048, 2048, 2048, 2048, 2048, 2048, 2048]",319.0
1141,7953,2,37,2023-03-05T16:04:20.184000+00:00,31.087,42.803,23.941,235.0,252.0,False,97.831,"[None, 2048, 2048, 2048, 2048, 2048, 2048, 2048, 2048, 2049]","[2048, 2048, 2048, 2048, 2048, 2048, 2048, 2048, 2048, 2048, 2048]","[2048, 2048, 2048, 2048, 2048, 2048, 2048]",
1141,7953,21,37,2023-03-05T16:04:22.903000+00:00,31.401,42.905,24.117,,243.0,False,98.423,"[None, 2048, 2048, 2048, 2048, 2048, 2048, 2048, 2048, 2048]","[2049, 2048, 2048, 2048, 2048, 2048, 2048, 2048, 2048, 2048, 2048]","[2048, 2048, 2048, 2048, 2048, 2048]",299.0
1141,7953,24,37,2023-03-05T16:04:25.685000+00:00,31.256,42.848,23.899,,242.0,False,98.003,"[None, 2048, 2048, 2048, 2048, 2048, 2048, 2048, 2048, 2048]","[2048, 2048, 2048, 2048, 2048, 2048, 2048, 2048, 2048, 2048, 2048]","[2048, 2048, 2048, 2048, 2049, 2048, 2048]",297.0
1141,7953,20,37,2023-03-05T16:04:30.168000+00:00,31.244,42.71,24.044,,251.0,False,97.998,"[None, 2048, 2048, 2048, 2048, 2048, 2048, 2048, 2048, 2048]","[2048, 2048, 2048, 2048, 2048, 2048, 2048, 2048, 2048, 2048, 2048]","[2048, 2048, 2048, 2049, 2048, 2048, 2048]",
1141,7953,27,37,2023-03-05T16:04:35.606000+00:00,31.452,42.558,24.098,,252.0,False,98.108,"[None, 2048, 2048, 2048, 2048, 2048, 2048, 2048, 2048, 2048]","[2048, 2048, 2048, 2048, 2048, 2048, 2048, 2048, 2049, 2048, 2048]","[2048, 2048, 2048, 2048, 2049, 2048, 2048]",296.0
1141,7953,1,38,2023-03-05T16:04:47.855000+00:00,31.034,41.772,23.491,235.0,246.0,False,96.297,"[2048, 2048, 2048, 2048, 2048, 2049, 2048, 2048, 2048, 2049]","[2048, 2048, 2048, 2049, 2049, 2048, 2048, 2048, 2049, 2049, 2048]","[2051, 2051, 2049, 2048, 2049, 2048, 2048]",288.0
1141,7953,4,37,2023-03-05T16:04:49.887000+00:00,31.376,42.461,26.36,231.0,254.0,False,100.197,"[None, 2048, 2048, 2048, 2048, 2048, 2048, 2048, 2048, 2048]","[2048, 2048, 2048, 2048, 2048, 2048, 2048, 2048, 2048, 2049, 2049]","[2048, 2048, 2048, 2048, 2048, 2048, 2064]",301.0
1141,7953,11,38,2023-03-05T16:04:59.496000+00:00,30.847,42.011,23.573,,238.0,False,96.431,"[None, 2048, 2048, 2048, 2048, 2048, 2048, 2048, 2049, 2048]","[2048, 2048, 2048, 2049, 2049, 2048, 2048, 2048, 2049, 2048, 2048]","[2049, 2048, 2048, 2048, 2048, 2048, 2048]",294.0
1141,7953,16,38,2023-03-05T16:05:10.558000+00:00,31.091,42.444,23.635,230.0,244.0,False,97.17,"[None, 2048, 2048, 2048, 2048, 2048, 2048, 2048, 2048, 2048]","[2048, 2048, 2048, 2048, 2048, 2048, 2048, 2048, 2048, 2048, 2048]","[2048, 2048, 2048, 2048, 2048, 2048]",300.0
1141,7953,31,37,2023-03-05T16:05:15.683000+00:00,31.098,42.381,23.859,229.0,250.0,False,97.338,"[None, 2048, 2048, 2048, 2048, 2048, 2048, 2048, 2048, 2048]","[2048, 2049, 2048, 2048, 2048, 2048, 2048, 2048, 2048, 2048, 2048]","[2048, 2048, 2048, 2048, 2048, 2048, 2048]",291.0
1141,7953,55,38,2023-03-05T16:05:19.386000+00:00,31.096,42.608,23.74,228.0,245.0,False,97.444,"[None, 2048, 2048, 2048, 2048, 2048, 2048, 2048, 2051, 2048]","[2048, 2048, 2048, 2048, 2048, 2048, 2048, 2048, 2048, 2048, 2048]","[2048, 2048, 2048, 2048, 2048, 2048]",305.0
1141,7953,44,38,2023-03-05T16:05:21.886000+00:00,31.05,43.267,23.987,235.0,251.0,False,98.304,"[2048, 2048, 2048, 2048, 2048, 2048, 2048, 2048, 2048, 2048]","[2048, 2048, 2048, 2048, 2048, 2048, 2049, 2048, 2048, 2048, 2048]","[2048, 2048, 2048, 2051, 2048, 2048, 2049]",309.0
1141,7953,14,38,2023-03-05T16:05:22.542000+00:00,30.763,42.308,23.931,231.0,250.0,False,97.002,"[2048, 2048, 2048, 2048, 2048, 2048, 2048, 2049, 2048, 2051]","[2048, 2048, 2048, 2048, 2048, 2048, 2048, 2049, 2048, 2048, 2048]","[2048, 2048, 2048, 2048, 2049, 2048]",
1141,7953,18,38,2023-03-05T16:05:29.120000+00:00,31.062,42.463,23.749,,232.0,False,97.274,"[None, 2048, 2048, 2048, 2048, 2048, 2048, 2048, 2049, 2048]","[2048, 2048, 2048, 2048, 2048, 2048, 2048, 2048, 2048, 2048, 2048]","[2048, 2048, 2048, 2048, 2048, 2048]",299.0
1141,7953,63,38,2023-03-05T16:05:30.448000+00:00,30.994,42.854,23.812,230.0,242.0,False,97.66,"[None, 2048, 2048, 2048, 2048, 2048, 2048, 2048, 2048, 2048]","[2048, 2048, 2048, 2048, 2048, 2048, 2048, 2048, 2048, 2048, 2048]","[2048, 2048, 2048, 2049, 2048, 2048, 2048]",306.0
1141,7953,77,38,2023-03-05T16:05:41.589000+00:00,31.311,42.406,23.941,230.0,245.0,False,97.658,"[None, 2048, 2048, 2048, 2048, 2048, 2048, 2048, 2048, 2048]","[2048, 2049, 2048, 2048, 2048, 2048, 2048, 2048, 2048, 2048, 2048]","[2048, 2048, 2048, 2048, 2048, 2048, 2048]",288.0
1141,7953,23,38,2023-03-05T16:05:47.667000+00:00,31.372,42.907,24.051,234.0,254.0,False,98.33,"[None, 2048, 2048, 2048, 2048, 2048, 2048, 2048, 2048, 2048]","[2049, 2048, 2048, 2048, 2048, 2048, 2048, 2048, 2048, 2048, 2048]","[2048, 2048, 2049, 2048, 2048, 2048, 2048]",313.0
1141,7953,10,38,2023-03-05T16:05:48.323000+00:00,31.025,42.822,24.261,,253.0,False,98.108,"[None, 2048, 2048, 2048, 2048, 2048, 2048, 2048, 2048, 2048]","[2049, 2048, 2048, 2048, 2048, 2048, 2048, 2048, 2048, 2048, 2048]","[2048, 2048, 2048, 2048, 2048, 2048, 2048]",317.0
1141,7953,22,38,2023-03-05T16:05:49.182000+00:00,30.904,42.811,24.369,,255.0,False,98.084,"[None, 2048, 2048, 2048, 2048, 2048, 2048, 2049, 2048, 2048]","[2048, 2048, 2048, 2048, 2048, 2048, 2048, 2048, 2048, 2048, 2048]","[2048, 2048, 2048, 2048, 2048, 2048, 2048]",321.0
1141,7953,2,38,2023-03-05T16:05:57.995000+00:00,31.136,42.813,24.066,234.0,250.0,False,98.015,"[None, 2048, 2048, 2049, 2048, 2048, 2048, 2048, 2048, 2048]","[2049, 2048, 2048, 2048, 2048, 2048, 2048, 2048, 2048, 2048, 2048]","[2048, 2048, 2049, 2048, 2048, 2048]",308.0
1141,7953,21,38,2023-03-05T16:06:01.229000+00:00,31.355,42.877,24.147,,245.0,False,98.379,"[None, 2048, 2048, 2048, 2048, 2048, 2048, 2048, 2048, 2048]","[2048, 2049, 2048, 2048, 2048, 2048, 2048, 2048, 2048, 2048, 2048]","[2048, 2048, 2048, 2048, 2048, 2048]",
1141,7953,24,38,2023-03-05T16:06:03.667000+00:00,31.438,42.996,23.988,,244.0,False,98.422,"[None, 2048, 2048, 2048, 2048, 2048, 2048, 2048, 2048, 2048]","[2048, 2048, 2048, 2048, 2048, 2048, 2048, 2048, 2048, 2048, 2048]","[2048, 2048, 2048, 2048, 2048, 2048]",
1141,7953,20,38,2023-03-05T16:06:08.151000+00:00,31.297,42.864,24.142,,254.0,False,98.303,"[None, 2048, 2048, 2048, 2048, 2048, 2048, 2048, 2048, 2048]","[2048, 2048, 2048, 2048, 2048, 2048, 2048, 2048, 2048, 2048, 2048]","[2048, 2048, 2048, 2048, 2048, 2048, 2048]",298.0
1141,7953,27,38,2023-03-05T16:06:13.698000+00:00,31.377,42.608,24.206,,250.0,False,98.191,"[None, 2048, 2048, 2048, 2048, 2048, 2048, 2048, 2048, 2048]","[2048, 2048, 2048, 2048, 2048, 2048, 2048, 2048, 2048, 2048, 2048]","[2048, 2048, 2048, 2048, 2048, 2048, 2048]",
1141,7953,1,39,2023-03-05T16:06:24.135000+00:00,30.818,42.125,23.503,233.0,244.0,False,96.446,"[None, 2048, 2048, 2048, 2051, 2048, 2048, 2048, 2048, 2049]","[2048, 2048, 2049, 2049, 2048, 2049, 2049, 2048, 2048, 2048, 2048]","[2048, 2048, 2048, 2048, 2048, 2049, 2048]",
1141,7953,4,38,2023-03-05T16:06:30.072000+00:00,62.477,42.444,23.761,234.0,255.0,True,128.682,"[2064, 2064, 2064, 2048, 2048, 2048, 2048, 2049, 2048, 2048]","[2048, 2048, 2049, 2049, 2048, 2048, 2048, 2048, 2048, 2049, 2048]","[2049, 2049, 2049, 2049, 2048, 2049, 2048]",182.0
1141,7953,11,39,2023-03-05T16:06:35.885000+00:00,30.833,42.027,23.569,237.0,239.0,False,96.429,"[None, 2048, 2048, 2048, 2048, 2048, 2048, 2048, 2048, 2049]","[2048, 2048, 2048, 2049, 2048, 2048, 2048, 2048, 2051, 2048, 2048]","[2048, 2048, 2048, 2048, 2048, 2049, 2048]",297.0
1141,7953,16,39,2023-03-05T16:06:47.728000+00:00,31.103,42.564,23.62,229.0,248.0,False,97.287,"[None, 2048, 2048, 2048, 2048, 2048, 2048, 2048, 2048, 2048]","[2048, 2048, 2048, 2048, 2048, 2048, 2048, 2048, 2049, 2048, 2048]","[2049, 2048, 2048, 2049, 2048, 2048]",304.0
1141,7953,31,38,2023-03-05T16:06:53.056000+00:00,31.045,42.382,23.789,228.0,251.0,False,97.216,"[None, 2048, 2048, 2048, 2048, 2048, 2048, 2048, 2048, 2048]","[2049, 2048, 2048, 2049, 2048, 2048, 2048, 2048, 2048, 2048, 2048]","[2048, 2049, 2048, 2048, 2048, 2048]",297.0
1141,7953,55,39,2023-03-05T16:06:56.806000+00:00,31.044,42.593,23.766,229.0,243.0,False,97.403,"[None, 2048, 2048, 2048, 2048, 2048, 2048, 2048, 2051, 2048]","[2048, 2049, 2048, 2049, 2048, 2048, 2048, 2048, 2048, 2048, 2048]","[2048, 2048, 2048, 2049, 2048, 2048, 2048]",
1141,7953,14,39,2023-03-05T16:06:59.447000+00:00,31.244,42.303,23.696,230.0,255.0,False,97.243,"[None, 2048, 2048, 2048, 2048, 2048, 2048, 2048, 2048, 2048]","[2048, 2048, 2048, 2048, 2048, 2048, 2048, 2048, 2048, 2048, 2048]","[2048, 2048, 2048, 2048, 2048, 2048, 2048]",304.0
1141,7953,44,39,2023-03-05T16:07:00.166000+00:00,30.837,42.719,23.922,230.0,255.0,False,97.478,"[2049, 2049, 2049, 2048, 2048, 2048, 2049, 2051, 2048, 2049]","[2048, 2048, 2048, 2048, 2048, 2049, 2051, 2049, 2048, 2049, 2048]","[2048, 2048, 2048, 2048, 2048, 2048, 2048]",330.0
1141,7953,18,39,2023-03-05T16:07:06.384000+00:00,31.045,42.644,23.767,,227.0,False,97.456,"[None, 2048, 2048, 2048, 2048, 2048, 2048, 2048, 2048, 2048]","[2048, 2048, 2048, 2048, 2048, 2048, 2048, 2048, 2048, 2048, 2048]","[2048, 2048, 2049, 2048, 2048, 2048, 2048]",301.0
1141,7953,63,39,2023-03-05T16:07:08.181000+00:00,30.971,42.712,23.812,233.0,239.0,False,97.495,"[None, 2048, 2048, 2048, 2048, 2048, 2048, 2048, 2048, 2048]","[2048, 2048, 2048, 2048, 2048, 2048, 2048, 2048, 2049, 2049, 2048]","[2048, 2048, 2048, 2048, 2048, 2048, 2048]",305.0
1141,7953,77,39,2023-03-05T16:07:19.275000+00:00,31.376,42.467,23.941,231.0,245.0,False,97.784,"[None, 2048, 2048, 2048, 2048, 2048, 2048, 2048, 2048, 2048]","[2049, 2048, 2048, 2048, 2048, 2048, 2048, 2048, 2048, 2048, 2048]","[2048, 2048, 2048, 2048, 2048, 2048, 2048]",
1141,7953,23,39,2023-03-05T16:07:25.696000+00:00,31.401,42.884,24.061,235.0,258.0,False,98.346,"[None, 2048, 2048, 2048, 2048, 2048, 2048, 2048, 2048, 2048]","[2048, 2048, 2048, 2048, 2048, 2048, 2048, 2048, 2048, 2048, 2051]","[2048, 2048, 2048, 2049, 2048, 2048, 2048]",312.0
1141,7953,10,39,2023-03-05T16:07:26.431000+00:00,31.183,43.08,24.274,,252.0,False,98.537,"[None, 2048, 2048, 2048, 2048, 2048, 2048, 2048, 2048, 2048]","[2048, 2048, 2048, 2048, 2048, 2048, 2048, 2048, 2048, 2048, 2048]","[2048, 2048, 2048, 2048, 2048, 2048, 2048]",319.0
1141,7953,22,39,2023-03-05T16:07:27.274000+00:00,31.108,42.882,24.429,229.0,260.0,False,98.419,"[None, 2048, 2048, 2048, 2048, 2048, 2048, 2048, 2048, 2048]","[2048, 2048, 2048, 2048, 2048, 2048, 2048, 2048, 2048, 2048, 2049]","[2048, 2048, 2048, 2048, 2048, 2048]",322.0
1141,7953,2,39,2023-03-05T16:07:35.977000+00:00,31.148,42.76,24.063,235.0,251.0,False,97.971,"[None, 2048, 2048, 2048, 2048, 2048, 2048, 2048, 2048, 2048]","[2048, 2048, 2048, 2048, 2048, 2048, 2048, 2048, 2048, 2048, 2048]","[2048, 2048, 2048, 2048, 2048, 2048, 2048]",
1141,7953,21,39,2023-03-05T16:07:39.649000+00:00,31.31,42.977,24.248,,245.0,False,98.535,"[None, 2048, 2048, 2048, 2048, 2048, 2048, 2048, 2048, 2048]","[2049, 2048, 2048, 2048, 2048, 2048, 2048, 2048, 2048, 2048, 2048]","[2048, 2048, 2048, 2048, 2048, 2048, 2048]",297.0
1141,7953,24,39,2023-03-05T16:07:42.071000+00:00,31.471,42.79,24.107,,240.0,False,98.368,"[None, 2048, 2048, 2048, 2048, 2048, 2048, 2048, 2048, 2048]","[2048, 2048, 2048, 2048, 2048, 2048, 2048, 2048, 2048, 2048, 2048]","[2048, 2048, 2048, 2048, 2048, 2048, 2048]",296.0
1141,7953,20,39,2023-03-05T16:07:46.462000+00:00,31.279,42.922,24.386,,247.0,False,98.587,"[None, 2048, 2048, 2049, 2048, 2048, 2048, 2048, 2048, 2048]","[2048, 2048, 2048, 2048, 2048, 2048, 2048, 2048, 2048, 2048, 2048]","[2048, 2048, 2048, 2048, 2048, 2048]",299.0
1141,7953,27,39,2023-03-05T16:07:51.883000+00:00,31.355,42.622,24.207,,251.0,False,98.184,"[None, 2048, 2048, 2048, 2048, 2048, 2048, 2048, 2048, 2048]","[2049, 2048, 2048, 2048, 2048, 2048, 2048, 2048, 2048, 2048, 2048]","[2048, 2048, 2048, 2048, 2048, 2048]",294.0
1141,7953,1,40,2023-03-05T16:08:00.555000+00:00,31.175,42.247,23.52,231.0,240.0,False,96.942,"[None, 2048, 2048, 2048, 2048, 2048, 2048, 2048, 2048, 2048]","[2048, 2048, 2048, 2048, 2048, 2048, 2048, 2048, 2048, 2048, 2048]","[2048, 2048, 2049, 2048, 2048, 2048, 2048]",286.0
1141,7953,11,40,2023-03-05T16:08:12.352000+00:00,30.926,42.564,23.624,236.0,236.0,False,97.114,"[None, 2048, 2048, 2048, 2048, 2048, 2048, 2048, 2048, 2048]","[2048, 2048, 2048, 2048, 2048, 2048, 2048, 2048, 2048, 2048, 2048]","[2048, 2048, 2048, 2048, 2049, 2048, 2048]",294.0
1141,7953,16,40,2023-03-05T16:08:25.023000+00:00,31.015,42.88,,230.0,188.0,False,,"[None, 2048, 2048, 2048, 2048, 2048, 2048, 2048, 2048, 2048]","[2048, 2048, 2048, 2048, 2048, 2048, 2048, 2048, 2049, 2048, 2048]",[2048],305.0
1141,7953,31,39,2023-03-05T16:08:30.148000+00:00,31.243,42.389,23.891,,252.0,False,97.523,"[None, 2048, 2048, 2048, 2048, 2048, 2048, 2048, 2048, 2048]","[2048, 2049, 2048, 2048, 2048, 2048, 2048, 2048, 2048, 2048, 2048]","[2048, 2049, 2048, 2048, 2048, 2048]",294.0
1141,7953,55,40,2023-03-05T16:08:34.227000+00:00,31.207,42.653,23.727,,247.0,False,97.587,"[None, 2048, 2048, 2048, 2048, 2048, 2048, 2048, 2048, 2048]","[2048, 2048, 2048, 2048, 2048, 2048, 2048, 2048, 2048, 2048, 2048]","[2048, 2048, 2048, 2048, 2048, 2048]",304.0
1141,7953,14,40,2023-03-05T16:08:36.773000+00:00,31.221,42.306,23.681,,250.0,False,97.208,"[None, 2048, 2048, 2048, 2048, 2048, 2048, 2048, 2048, 2048]","[2048, 2048, 2048, 2048, 2048, 2048, 2048, 2048, 2048, 2048, 2048]","[2048, 2048, 2048, 2048, 2048, 2048, 2048]",
1141,7953,44,40,2023-03-05T16:08:37.633000+00:00,30.768,42.806,23.92,236.0,249.0,False,97.494,"[2048, 2048, 2048, 2048, 2048, 2048, 2048, 2048, 2048, 2049]","[2048, 2048, 2048, 2048, 2048, 2048, 2048, 2049, 2048, 2048, 2048]","[2048, 2048, 2048, 2048, 2048, 2048]",325.0
1141,7953,4,39,2023-03-05T16:08:38.804000+00:00,30.941,43.025,24.381,,250.0,False,98.347,"[2048, 2048, 2048, 2048, 2048, 2049, 2048, 2048, 2048, 2048]","[2048, 2048, 2048, 2048, None, None, 2048, 2049, 2048, 2049, 2048]","[2048, 2048, 2048, 2048, 2048, 2048, 2048]",299.0
1141,7953,18,40,2023-03-05T16:08:43.867000+00:00,31.01,42.646,24.26,,228.0,False,97.916,"[None, 2048, 2048, 2048, 2048, 2048, 2048, 2048, 2048, 2048]","[2048, 2048, 2048, 2048, 2048, 2048, 2048, 2048, 2048, 2048, 2048]","[2048, 2048, 2048, 2048, 2048, 2048]",
1141,7953,63,40,2023-03-05T16:08:45.632000+00:00,31.006,42.651,24.428,232.0,240.0,False,98.085,"[None, 2048, 2048, 2048, 2048, 2048, 2048, 2048, 2049, 2048]","[2048, 2048, 2048, 2048, 2048, 2048, 2048, 2048, 2049, 2049, 2048]","[2048, 2048, 2048, 2048, 2048, 2048]",310.0
1141,7953,77,40,2023-03-05T16:08:57.070000+00:00,31.335,42.515,36.526,232.0,245.0,False,110.376,"[None, 2048, 2048, 2048, 2048, 2048, 2048, 2048, 2048, 2049]","[2048, 2048, 2048, 2048, 2048, 2048, 2048, 2048, 2048, 2048, 2048]","[2048, 2048, 2048, 2048, 2048, 2048, 2048]",290.0
1141,7953,23,40,2023-03-05T16:09:04.023000+00:00,31.353,42.999,35.825,,259.0,False,110.177,"[None, 2048, 2048, 2048, 2048, 2048, 2048, 2048, 2048, 2048]","[2048, 2048, 2048, 2048, 2048, 2048, 2048, 2048, 2048, 2048, 2048]","[2048, 2048, 2048, 2048, 2048, 2048, 2064]",
1141,7953,10,40,2023-03-05T16:09:05.366000+00:00,31.156,42.984,35.567,,252.0,False,109.707,"[None, 2048, 2048, 2048, 2048, 2048, 2048, 2048, 2048, 2048]","[2048, 2048, 2048, 2048, 2048, 2048, 2048, 2048, 2048, 2048, 2048]","[2048, 2048, 2048, 2048, 2048, 2048, 2064]",318.0
1141,7953,22,40,2023-03-05T16:09:05.663000+00:00,31.083,42.908,36.359,230.0,258.0,False,110.35,"[None, 2048, 2048, 2048, 2048, 2048, 2048, 2049, 2048, 2048]","[2048, 2048, 2048, 2048, 2048, 2048, 2049, 2048, 2048, 2048, 2048]","[2048, 2048, 2048, 2048, 2048, 2048, 2064]",
1141,7953,2,40,2023-03-05T16:09:14.023000+00:00,31.202,48.556,33.995,234.0,163.0,False,113.753,"[None, 2048, 2048, 2048, 2048, 2048, 2048, 2048, 2048, 2048]","[2049, 2048, 2048, 2048, 2048, 2048, 2048, 2048, 2048, 2048, 2048]","[2048, 2048, 2048, 2048, 2048, 2048, 2064]",
1141,7953,21,40,2023-03-05T16:09:18.194000+00:00,31.346,53.363,28.835,234.0,178.0,False,113.544,"[None, 2048, 2048, 2048, 2048, 2048, 2048, 2048, 2048, 2049]","[2048, 2048, 2048, 2048, 2048, 2048, 2048, 2048, 2048, 2048, 2048]","[2048, 2048, 2048, 2048, 2048, 2048]",
1141,7953,24,40,2023-03-05T16:09:20.491000+00:00,31.573,52.102,29.781,,178.0,False,113.456,"[None, 2048, 2048, 2048, 2048, 2048, 2048, 2048, 2048, 2048]","[2048, 2048, 2048, 2048, 2048, 2048, 2048, 2048, 2048, 2048, 2048]","[2048, 2048, 2048, 2048, 2048, 2048, 2048]",295.0
1141,7953,20,40,2023-03-05T16:09:25.069000+00:00,31.406,51.042,35.349,234.0,203.0,False,117.797,"[None, 2048, 2048, 2048, 2048, 2048, 2048, 2048, 2048, 2048]","[2048, 2048, 2048, 2048, 2048, 2048, 2048, 2048, 2048, 2048, 2048]","[2048, 2048, 2048, 2048, 2048, 2048, 2064]",
1141,7953,27,40,2023-03-05T16:09:30.054000+00:00,31.463,52.06,35.166,232.0,192.0,False,118.689,"[None, 2048, 2048, 2048, 2048, 2048, 2048, 2048, 2048, 2048]","[2048, 2048, 2048, 2048, 2048, 2048, 2048, 2048, 2048, 2048, 2048]","[2048, 2048, 2048, 2048, 2048, 2048, 2064]",298.0
1141,7953,1,41,2023-03-05T16:09:37.506000+00:00,31.381,55.533,33.581,233.0,214.0,False,120.495,"[None, 2048, 2048, 2048, 2048, 2048, 2048, 2048, 2048, 2048]","[2048, 2048, 2048, 2048, 2048, 2048, 2048, 2048, 2048, 2048, 2048]","[2048, 2048, 2048, 2048, 2048, 2048, 2048]",
1141,7953,11,41,2023-03-05T16:09:49.428000+00:00,30.922,59.493,33.107,234.0,203.0,False,123.522,"[None, 2048, 2048, 2048, 2048, 2048, 2048, 2048, 2048, 2048]","[2048, 2048, 2048, 2048, 2048, 2048, 2048, 2048, 2048, 2048, 2048]","[2048, 2048, 2048, 2048, 2048, 2048, 2048]",295.0
1141,7953,31,40,2023-03-05T16:10:07.772000+00:00,40.89,57.691,29.442,190.0,156.0,False,128.023,"[None, 2048, 2048, 2048, 2048, 2048, 2048, 2048, 2048, 2048]","[2048, 2048, 2048, 2048, 2048, 2048, 2048, 2048, 2048, 2048, 2048]","[2048, 2048, 2048, 2048, 2048, 2048]",290.0
1141,7953,55,41,2023-03-05T16:10:11.803000+00:00,39.595,57.789,29.052,134.0,161.0,False,126.436,"[None, 2048, 2048, 2048, 2048, 2048, 2048, 2048, 2048, 2048]","[2048, 2048, 2048, 2048, 2048, 2048, 2048, 2048, 2048, 2048, 2048]","[2048, 2048, 2048, 2048, 2048, 2049, 2049]",303.0
1141,7953,14,41,2023-03-05T16:10:13.865000+00:00,39.952,58.704,28.057,145.0,187.0,False,126.713,"[None, 2048, 2048, 2048, 2048, 2048, 2048, 2048, 2048, 2048]","[2048, 2048, 2048, 2048, 2048, 2048, 2048, 2048, 2048, 2048, 2048]","[2048, 2048, 2048, 2048, 2048, 2048, 2048]",
1141,7953,44,41,2023-03-05T16:10:15.084000+00:00,40.61,57.504,28.377,125.0,183.0,False,126.491,"[None, 2048, 2048, 2048, 2048, 2048, 2048, 2048, 2048, 2048]","[2048, 2048, 2048, 2048, 2048, 2048, 2048, 2048, 2048, 2048, 2048]","[2048, 2048, 2048, 2048, 2048, 2048, 2048]",324.0
1141,7953,4,40,2023-03-05T16:10:17.131000+00:00,42.446,57.862,27.662,164.0,159.0,False,127.97,"[None, 2048, 2048, 2048, 2048, 2048, 2048, 2048, 2048, 2048]","[2048, 2048, 2048, 2048, 2048, 2048, 2048, 2048, 2048, 2048, 2048]","[2048, 2048, 2048, 2048, 2048, 2048]",217.0
1141,7953,18,41,2023-03-05T16:10:21.724000+00:00,43.661,58.17,24.978,110.0,208.0,False,126.809,"[None, 2048, 2048, 2048, 2048, 2048, 2048, 2048, 2048, 2048]","[2048, 2048, 2048, 2048, 2048, 2048, 2048, 2048, 2048, 2048, 2048]","[2048, 2048, 2048, 2048, 2048, 2048]",222.0
1141,7953,63,41,2023-03-05T16:10:23.568000+00:00,46.011,56.1,24.182,128.0,218.0,False,126.293,"[None, 2048, 2048, 2048, 2048, 2048, 2048, 2048, 2048, 2048]","[2048, 2048, 2048, 2048, 2048, 2048, 2048, 2048, 2048, 2048, 2048]","[2048, 2048, 2048, 2048, 2048, 2048]",246.0
1141,7953,77,41,2023-03-05T16:10:47.349000+00:00,37.625,53.676,23.98,162.0,248.0,False,115.281,"[None, 2048, 2048, 2048, 2048, 2048, 2048, 2048, 2048, 2048]","[2048, 2048, 2048, 2048, 2048, 2048, 2048, 2048, 2048, 2049, 2048]","[2048, 2048, 2048, 2048, 2048, 2048, 2048]",263.0
1141,7953,23,41,2023-03-05T16:10:54.177000+00:00,59.22,45.873,23.566,162.0,255.0,True,128.659,"[2064, 2064, 2064, 2048, 2048, 2048, 2048, 2048, 2048, 2048]","[2048, 2048, 2048, 2048, 2048, 2049, 2048, 2048, 2049, 2049, 2048]","[2049, 2049, 2051, 2048, 2049, 2049, 2048]",217.0
1141,7953,10,41,2023-03-05T16:10:54.536000+00:00,60.744,44.327,23.473,169.0,255.0,True,128.544,"[2064, 2064, 2064, 2048, 2048, 2048, 2048, 2048, 2048, 2048]","[2048, 2048, 2048, 2048, 2048, 2051, 2049, 2048, 2048, 2049, 2049]","[2049, 2049, 2049, 2049, 2048, 2051, 2049]",208.0
1141,7953,22,41,2023-03-05T16:10:55.896000+00:00,63.303,43.564,23.915,177.0,263.0,True,130.782,"[2064, 2064, 2064, 2048, 2048, 2048, 2048, 2048, 2048, 2048]","[2048, 2048, 2048, 2048, 2048, 2049, 2049, 2048, 2049, 2049, 2051]","[2048, 2048, 2049, 2048, 2048, 2051, 0]",223.0
1141,7953,2,41,2023-03-05T16:11:07.567000+00:00,59.069,42.812,23.733,142.0,250.0,True,125.614,"[2064, 2064, 2064, 2048, 2048, 2048, 2048, 2048, 2048, 2048]","[2048, 2048, 2049, 2049, 2049, 2049, 2048, 2048, 2049, 2049, 2048]","[2048, 2049, 2049, 2048, 2049, 2049, 0]",220.0
1141,7953,21,41,2023-03-05T16:11:11.645000+00:00,44.502,45.772,24.085,173.0,245.0,False,114.359,"[None, 2048, 2048, 2048, 2048, 2048, 2048, 2048, 2048, 2048]","[2048, 2048, 2048, 2048, 2048, 2048, 2048, 2048, 2048, 2048, 2048]","[2048, 2049, 2048, 2048, 2048, 2048, 2048]",187.0
1141,7953,24,41,2023-03-05T16:11:13.849000+00:00,44.129,44.401,23.97,201.0,252.0,False,112.5,"[None, 2048, 2048, 2048, 2048, 2048, 2048, 2048, 2048, 2048]","[2048, 2048, 2048, 2048, 2048, 2048, 2048, 2048, 2049, 2049, 2049]","[2048, 2048, 2049, 2048, 2048, 2049]",188.0
1141,7953,20,41,2023-03-05T16:11:22.723000+00:00,56.351,42.391,23.805,232.0,244.0,True,122.547,"[2064, 2064, 2064, 2048, 2048, 2048, 2048, 2048, 2048, 2048]","[2048, 2048, 2049, 2049, 2051, 2049, 2048, 2048, 2048, 2048, 2048]","[2048, 2048, 2049, 2048, 2048, 2049, 0]",222.0
1141,7953,27,41,2023-03-05T16:11:28.630000+00:00,56.839,44.428,24.008,233.0,245.0,True,125.275,"[2064, 2064, 2064, 2048, 2048, 2048, 2048, 2048, 2048, 2048]","[2048, 2048, 2048, 2048, 2048, 2049, 2049, 2048, 2048, 2048, 2048]","[2048, 2049, 2049, 2048, 2048, 2049, 0]",211.0
1141,7953,1,42,2023-03-05T16:11:37.989000+00:00,38.946,42.174,23.704,230.0,246.0,False,104.824,"[None, 2048, 2048, 2048, 2048, 2048, 2048, 2048, 2048, 2048]","[2049, 2048, 2048, 2048, 2048, 2048, 2048, 2048, 2048, 2048, 2048]","[2048, 2048, 2048, 2048, 2048, 2048, 2048]",236.0
1141,7953,11,42,2023-03-05T16:11:52.973000+00:00,34.119,42.002,23.536,237.0,247.0,False,99.657,"[None, 2048, 2048, 2048, 2048, 2048, 2048, 2048, 2048, 2048]","[2049, 2048, 2048, 2048, 2048, 2048, 2048, 2048, 2048, 2048, 2048]","[2048, 2048, 2048, 2048, 2051, 2048, 2048]",265.0
1141,7953,31,41,2023-03-05T16:12:15.707000+00:00,31.234,42.177,29.273,228.0,255.0,False,102.684,"[None, 2048, 2048, 2048, 2048, 2048, 2048, 2048, 2048, 2048]","[2049, 2049, 2048, 2048, 2048, 2048, 2048, 2048, 2048, 2049, 2049]","[2048, 2049, 2049, 2048, 2048, 2048, 2064]",293.0
1141,7953,55,42,2023-03-05T16:12:18.238000+00:00,31.107,42.449,23.819,231.0,243.0,False,97.375,"[None, 2048, 2048, 2048, 2048, 2048, 2048, 2048, 2048, 2049]","[2049, 2048, 2048, 2048, 2048, 2048, 2048, 2048, 2048, 2049, 2048]","[2048, 2048, 2048, 2048, 2048, 2048]",
1141,7953,14,42,2023-03-05T16:12:20.660000+00:00,30.908,41.746,23.68,236.0,255.0,False,96.334,"[None, 2048, 2048, 2048, 2048, 2048, 2048, 2048, 2048, 2048]","[2049, 2051, 2048, 2051, 2048, 2048, 2048, 2048, 2048, 2048, 2048]","[2048, 2048, 2048, 2048, 2048, 2048]",
1141,7953,44,42,2023-03-05T16:12:21.613000+00:00,30.924,42.354,23.783,237.0,259.0,False,97.061,"[None, 2048, 2048, 2048, 2048, 2049, 2048, 2048, 2048, 2048]","[2048, 2048, 2048, 2049, 2048, 2048, 2048, 2048, 2048, 2048, 2048]","[2048, 2048, 2048, 2048, 2048, 2048, 2048]",311.0
1141,7953,4,41,2023-03-05T16:12:25.082000+00:00,31.101,41.67,23.934,235.0,258.0,False,96.705,"[None, 2048, 2048, 2048, 2048, 2048, 2048, 2048, 2048, 2048]","[2051, 2048, 2048, 2049, 2048, 2049, 2048, 2048, 2049, 2049, 2049]","[2048, 2048, 2048, 2048, 2048, 2048]",301.0
1141,7953,18,42,2023-03-05T16:12:28.582000+00:00,31.035,42.477,23.786,233.0,241.0,False,97.298,"[None, 2048, 2048, 2048, 2048, 2048, 2048, 2048, 2048, 2048]","[2048, 2048, 2048, 2048, 2048, 2048, 2048, 2048, 2048, 2048, 2048]","[2048, 2048, 2048, 2048, 2048, 2048]",303.0
1141,7953,63,42,2023-03-05T16:12:29.988000+00:00,30.782,42.391,23.862,238.0,263.0,False,97.035,"[None, 2048, 2048, 2048, 2048, 2048, 2048, 2048, 2048, 2048]","[2048, 2048, 2048, 2048, 2048, 2048, 2048, 2048, 2048, 2049, 2049]","[2048, 2048, 2048, 2049, 2048, 2048, 2048]",310.0
1141,7953,77,42,2023-03-05T16:12:42.691000+00:00,31.22,42.609,23.907,234.0,244.0,False,97.736,"[None, 2048, 2048, 2048, 2048, 2048, 2048, 2048, 2048, 2048]","[2049, 2048, 2048, 2048, 2048, 2048, 2048, 2048, 2048, 2048, 2048]","[2048, 2048, 2048, 2049, 2048, 2048, 2048]",293.0
1141,7953,23,42,2023-03-05T16:13:02.878000+00:00,31.062,42.485,23.664,240.0,254.0,False,97.211,"[2048, 2048, 2048, 2048, 2048, 2048, 2049, 2048, 2048, 2049]","[2048, 2048, 2048, 2049, 2048, 2049, 2048, 2048, 2048, 2049, 2048]","[2048, 2048, 2051, 2051, 2048, 2048, 2049]",309.0
1141,7953,10,42,2023-03-05T16:13:03.237000+00:00,30.069,41.393,23.606,232.0,251.0,False,95.068,"[2049, 2048, 2049, 2049, 2049, 2049, 2049, 2048, 2049, 2051]","[2049, 2049, 2051, 2048, 2051, 2048, 2048, 2048, 2049, 2048, 2048]","[2049, 2048, 2048, 2048, 2048, 2048, 2048]",327.0
1141,7953,21,42,2023-03-05T16:13:06.065000+00:00,32.199,43.466,24.208,234.0,242.0,False,99.873,"[None, 2048, 2048, 2048, 2048, 2048, 2048, 2048, 2048, 2048]","[2048, 2048, 2048, 2048, 2048, 2048, 2048, 2048, 2048, 2048, 2048]","[2048, 2048, 2048, 2048, 2048, 2048, 2048]",304.0
1141,7953,24,42,2023-03-05T16:13:06.315000+00:00,31.967,43.74,24.197,231.0,248.0,False,99.904,"[None, 2048, 2048, 2049, 2048, 2048, 2048, 2048, 2048, 2049]","[2048, 2048, 2048, 2048, 2048, 2048, 2049, 2048, 2048, 2048, 2048]","[2048, 2048, 2048, 2049, 2048, 2048, 2048]",311.0
1141,7953,22,42,2023-03-05T16:13:06.784000+00:00,30.997,41.735,23.905,236.0,253.0,False,96.637,"[2048, 2048, 2048, 2048, 2048, 2048, 2048, 2048, 2048, 2048]","[2049, 2049, 2049, 2048, 2049, 2048, 2048, 2048, 2049, 2048, 2048]","[2049, 2048, 2048, 2048, 2049, 2048]",318.0
1141,7953,2,42,2023-03-05T16:13:13.346000+00:00,30.492,41.875,23.67,237.0,255.0,False,96.037,"[2048, 2048, 2048, 2048, 2049, 2049, 2048, 2048, 2049, 2049]","[2048, 2048, 2048, 2048, 2048, 2048, 2048, 2048, 2049, 2048, 2048]","[2049, 2049, 2049, 2048, 2048, 2049, 2048]",309.0
1141,7953,1,43,2023-03-05T16:13:23.237000+00:00,31.13,42.295,23.465,236.0,247.0,False,96.89,"[None, 2048, 2048, 2048, 2048, 2048, 2048, 2048, 2048, 2048]","[2048, 2048, 2048, 2049, 2048, 2048, 2048, 2048, 2048, 2048, 2048]","[2051, 2051, 2048, 2048, 2048, 2048, 2048]",290.0
1141,7953,20,42,2023-03-05T16:13:25.409000+00:00,30.737,42.113,23.621,234.0,241.0,False,96.471,"[2048, 2048, 2048, 2048, 2049, 2049, 2048, 2048, 2048, 2049]","[2048, 2049, 2048, 2049, 2049, 2048, 2048, 2048, 2048, 2048, 2048]","[2049, 2049, 2049, 2049, 2049, 2049]",300.0
1141,7953,11,43,2023-03-05T16:13:32.627000+00:00,30.774,42.092,23.688,235.0,238.0,False,96.554,"[None, 2048, 2048, 2048, 2048, 2048, 2048, 2048, 2048, 2048]","[2048, 2048, 2048, 2049, 2048, 2048, 2048, 2048, 2048, 2048, 2048]","[2048, 2048, 2048, 2048, 2048, 2048, 2048]",302.0
1141,7953,27,42,2023-03-05T16:13:34.049000+00:00,30.788,42.011,23.817,237.0,246.0,False,96.616,"[2048, 2048, 2048, 2048, 2048, 2049, 2048, 2048, 2048, 2048]","[2048, 2048, 2048, 2049, 2049, 2049, 2048, 2048, 2048, 2048, 2048]","[2048, 2049, 2049, 2049, 2049, 2048]",302.0
1141,7953,55,43,2023-03-05T16:13:55.627000+00:00,31.141,42.431,23.722,229.0,244.0,False,97.294,"[None, 2048, 2048, 2048, 2048, 2048, 2048, 2048, 2048, 2048]","[2048, 2048, 2048, 2049, 2048, 2048, 2048, 2048, 2048, 2048, 2048]","[2048, 2048, 2048, 2048, 2048, 2048]",
1141,7953,14,43,2023-03-05T16:13:57.017000+00:00,30.956,42.096,23.859,232.0,253.0,False,96.911,"[None, 2048, 2048, 2048, 2048, 2048, 2048, 2048, 2048, 2048]","[2048, 2048, 2048, 2048, 2048, 2048, 2048, 2048, 2048, 2048, 2048]","[2048, 2048, 2048, 2048, 2048, 2048, 2048]",305.0
1141,7953,31,42,2023-03-05T16:13:58.471000+00:00,,,,,,False,,,,,
1141,7953,44,43,2023-03-05T16:13:58.721000+00:00,30.89,42.235,23.986,235.0,259.0,False,97.111,"[None, 2048, 2048, 2048, 2048, 2048, 2048, 2048, 2048, 2048]","[2048, 2048, 2048, 2048, 2048, 2048, 2048, 2048, 2048, 2048, 2048]","[2048, 2048, 2048, 2048, 2048, 2048, 2048]",310.0
1141,7953,4,42,2023-03-05T16:14:01.845000+00:00,30.948,41.864,23.856,231.0,251.0,False,96.668,"[None, 2048, 2048, 2048, 2049, 2048, 2048, 2048, 2048, 2048]","[2048, 2048, 2048, 2048, 2048, 2048, 2048, 2048, 2048, 2048, 2048]","[2048, 2048, 2048, 2048, 2048, 2048, 2048]",302.0
1141,7953,18,43,2023-03-05T16:14:05.877000+00:00,31.123,42.318,23.863,,252.0,False,97.304,"[None, 2048, 2048, 2048, 2048, 2048, 2048, 2048, 2048, 2048]","[2048, 2048, 2048, 2049, 2048, 2048, 2048, 2048, 2048, 2048, 2048]","[2048, 2048, 2048, 2048, 2048, 2048]",
1141,7953,63,43,2023-03-05T16:14:07.017000+00:00,30.954,42.679,23.847,237.0,253.0,False,97.48,"[None, 2048, 2048, 2048, 2048, 2048, 2048, 2048, 2048, 2048]","[2048, 2049, 2048, 2048, 2048, 2048, 2048, 2048, 2048, 2049, 2048]","[2048, 2048, 2048, 2048, 2048, 2048]",311.0
1141,7953,77,43,2023-03-05T16:14:20.470000+00:00,31.253,42.525,24.035,233.0,245.0,False,97.813,"[None, 2048, 2048, 2048, 2048, 2048, 2048, 2048, 2048, 2049]","[2048, 2048, 2048, 2048, 2048, 2048, 2048, 2048, 2048, 2048, 2048]","[2048, 2048, 2048, 2048, 2048, 2048, 2048]",288.0
1141,7953,10,43,2023-03-05T16:14:38.298000+00:00,30.776,41.677,23.489,230.0,250.0,False,95.942,"[2048, 2048, 2048, 2048, 2048, 2049, 2048, 2048, 2051, 2048]","[2048, 2049, 2048, 2048, 2048, 2048, 2048, 2048, 2049, 2048, 2048]","[2049, 2049, 2048, 2048, 2051, 2048, 2048]",295.0
1141,7953,23,43,2023-03-05T16:14:40.110000+00:00,30.767,42.589,23.788,235.0,251.0,False,97.144,"[None, 2048, 2048, 2048, 2049, 2049, 2048, 2048, 2048, 2048]","[2048, 2048, 2048, 2049, 2048, 2048, 2048, 2048, 2048, 2048, 2048]","[2048, 2048, 2048, 2048, 2048, 2048]",313.0
1141,7953,22,43,2023-03-05T16:14:43.392000+00:00,31.115,42.08,23.833,229.0,251.0,False,97.028,"[None, 2048, 2048, 2048, 2049, 2049, 2048, 2048, 2049, 2048]","[2048, 2048, 2048, 2048, 2048, 2048, 2048, 2048, 2049, 2048, 2048]","[2049, 2049, 2048, 2048, 2049, 2048, 2048]",303.0
1141,7953,21,43,2023-03-05T16:14:45.970000+00:00,32.026,43.701,24.45,232.0,247.0,False,100.177,"[None, 2048, 2048, 2048, 2048, 2048, 2048, 2048, 2048, 2048]","[2048, 2048, 2048, 2048, 2048, 2048, 2048, 2048, 2048, 2048, 2048]","[2048, 2048, 2048, 2049, 2048, 2048, 2048]",301.0
1141,7953,24,43,2023-03-05T16:14:46.313000+00:00,31.159,43.152,24.0,226.0,248.0,False,98.311,"[None, 2048, 2048, 2048, 2048, 2048, 2048, 2048, 2048, 2048]","[2048, 2048, 2048, 2048, 2048, 2048, 2048, 2048, 2048, 2048, 2048]","[2048, 2048, 2048, 2048, 2048, 2048, 2048]",318.0
1141,7953,2,43,2023-03-05T16:14:49.376000+00:00,30.693,42.146,23.962,,247.0,False,96.801,"[None, 2048, 2048, 2048, 2048, 2048, 2048, 2048, 2049, 2049]","[2048, 2048, 2048, 2048, 2048, 2048, 2048, 2048, 2048, 2048, 2048]","[2048, 2049, 2049, 2049, 2048, 2048, 2049]",
1141,7953,1,44,2023-03-05T16:14:59.719000+00:00,30.783,42.005,23.448,237.0,245.0,False,96.236,"[None, 2048, 2048, 2048, 2048, 2049, 2048, 2048, 2048, 2048]","[2048, 2048, 2048, 2048, 2048, 2048, 2048, 2048, 2048, 2048, 2048]","[2048, 2048, 2048, 2048, 2048, 2049, 2049]",296.0
1141,7953,20,43,2023-03-05T16:15:01.907000+00:00,30.753,42.381,23.808,,240.0,False,96.942,"[None, 2048, 2048, 2048, 2048, 2048, 2048, 2048, 2048, 2048]","[2048, 2048, 2048, 2048, 2048, 2048, 2048, 2048, 2048, 2048, 2048]","[2048, 2048, 2048, 2049, 2048, 2048, 2048]",301.0
1141,7953,11,44,2023-03-05T16:15:09.188000+00:00,31.055,42.36,23.563,237.0,243.0,False,96.978,"[None, 2048, 2048, 2048, 2048, 2048, 2048, 2048, 2048, 2048]","[2048, 2048, 2048, 2048, 2048, 2048, 2048, 2048, 2048, 2049, 2048]","[2049, 2048, 2048, 2048, 2048, 2048, 2048]",297.0
1141,7953,27,43,2023-03-05T16:15:10.657000+00:00,30.915,41.855,24.023,235.0,250.0,False,96.793,"[None, 2048, 2048, 2048, 2048, 2048, 2048, 2048, 2048, 2049]","[2049, 2049, 2048, 2048, 2048, 2048, 2049, 2049, 2048, 2048, 2048]","[2048, 2048, 2049, 2048, 2048, 2048, 2048]",299.0
1141,7953,55,44,2023-03-05T16:15:32.906000+00:00,31.2,42.482,23.707,235.0,254.0,False,97.389,"[None, 2048, 2048, 2048, 2048, 2048, 2048, 2048, 2048, 2049]","[2049, 2048, 2048, 2048, 2048, 2048, 2048, 2048, 2048, 2049, 2048]","[2048, 2049, 2049, 2049, 2048, 2048, 2048]",305.0
1141,7953,14,44,2023-03-05T16:15:33.922000+00:00,30.817,42.208,23.997,238.0,257.0,False,97.022,"[None, 2048, 2048, 2048, 2048, 2048, 2048, 2048, 2048, 2049]","[2048, 2048, 2048, 2048, 2048, 2048, 2048, 2048, 2048, 2051, 2048]","[2048, 2048, 2048, 2048, 2048, 2048, 2048]",312.0
1141,7953,44,44,2023-03-05T16:15:35.828000+00:00,30.807,42.353,23.888,,259.0,False,97.048,"[None, 2048, 2048, 2048, 2048, 2048, 2048, 2048, 2048, 2048]","[2049, 2048, 2048, 2048, 2048, 2048, 2048, 2048, 2048, 2048, 2048]","[2048, 2048, 2048, 2048, 2048, 2048, 2048]",309.0
1141,7953,4,43,2023-03-05T16:15:38.375000+00:00,30.898,41.964,23.825,,252.0,False,96.687,"[None, 2048, 2048, 2048, 2049, 2048, 2048, 2048, 2048, 2048]","[2049, 2048, 2048, 2048, 2048, 2048, 2048, 2048, 2048, 2048, 2048]","[2049, 2048, 2048, 2048, 2048, 2048, 2048]",304.0
1141,7953,18,44,2023-03-05T16:15:43.187000+00:00,31.066,42.331,23.902,,250.0,False,97.299,"[None, 2048, 2048, 2048, 2048, 2048, 2048, 2048, 2048, 2048]","[2049, 2048, 2048, 2048, 2048, 2048, 2048, 2048, 2048, 2048, 2048]","[2048, 2048, 2048, 2048, 2048, 2048]",299.0
1141,7953,63,44,2023-03-05T16:15:44.484000+00:00,31.11,42.611,23.876,236.0,250.0,False,97.597,"[None, 2048, 2048, 2048, 2048, 2048, 2048, 2048, 2048, 2048]","[2048, 2048, 2048, 2048, 2048, 2048, 2048, 2048, 2048, 2048, 2048]","[2048, 2048, 2048, 2048, 2048, 2048]",302.0
1141,7953,77,44,2023-03-05T16:15:58.234000+00:00,31.392,42.601,23.875,230.0,245.0,False,97.868,"[None, 2048, 2048, 2048, 2048, 2048, 2048, 2048, 2048, 2048]","[2049, 2048, 2048, 2048, 2048, 2048, 2048, 2048, 2048, 2048, 2048]","[2048, 2049, 2049, 2048, 2048, 2048, 2048]",289.0
1141,7953,10,44,2023-03-05T16:16:14.202000+00:00,30.785,41.542,23.465,231.0,253.0,False,95.792,"[None, 2048, 2048, 2048, 2048, 2048, 2048, 2048, 2051, 2048]","[2051, 2049, 2048, 2049, 2048, 2048, 2048, 2048, 2051, 2049, 2048]","[2051, 2048, 2048, 2048, 2048, 2048, 2048]",296.0
1141,7953,23,44,2023-03-05T16:16:17.234000+00:00,30.953,42.567,23.807,236.0,247.0,False,97.327,"[None, 2048, 2048, 2048, 2048, 2048, 2048, 2048, 2048, 2048]","[2048, 2048, 2048, 2048, 2048, 2048, 2048, 2048, 2048, 2048, 2048]","[2048, 2048, 2048, 2048, 2048, 2048]",312.0
1141,7953,22,44,2023-03-05T16:16:20.484000+00:00,30.939,42.198,23.873,233.0,250.0,False,97.01,"[None, 2048, 2048, 2048, 2049, 2049, 2048, 2048, 2049, 2048]","[2048, 2048, 2048, 2048, 2048, 2048, 2048, 2048, 2048, 2048, 2048]","[2049, 2048, 2048, 2048, 2048, 2048, 2048]",
1141,7953,24,44,2023-03-05T16:16:24.530000+00:00,31.364,42.648,23.962,232.0,249.0,False,97.974,"[None, 2048, 2048, 2048, 2048, 2048, 2048, 2048, 2048, 2048]","[2048, 2049, 2048, 2048, 2048, 2048, 2048, 2048, 2048, 2048, 2048]","[2048, 2048, 2048, 2048, 2048, 2048, 2048]",300.0
1141,7953,21,44,2023-03-05T16:16:26.077000+00:00,31.78,43.483,24.325,,248.0,False,99.588,"[None, 2048, 2048, 2048, 2048, 2048, 2048, 2048, 2048, 2048]","[2048, 2048, 2048, 2048, 2048, 2048, 2048, 2048, 2048, 2048, 2048]","[2048, 2048, 2048, 2048, 2048, 2048, 2048]",298.0
1141,7953,2,44,2023-03-05T16:16:26.265000+00:00,30.808,42.689,23.91,235.0,248.0,False,97.407,"[None, 2048, 2048, 2048, 2048, 2048, 2048, 2048, 2049, 2048]","[2048, 2048, 2048, 2048, 2048, 2048, 2048, 2048, 2048, 2048, 2048]","[2048, 2048, 2048, 2048, 2048, 2048]",323.0
1141,7953,1,45,2023-03-05T16:16:35.936000+00:00,31.079,42.221,23.715,235.0,245.0,False,97.015,"[None, 2048, 2048, 2048, 2048, 2048, 2048, 2048, 2048, 2048]","[2048, 2048, 2048, 2048, 2048, 2048, 2048, 2048, 2048, 2048, 2048]","[2048, 2048, 2048, 2048, 2048, 2048]",294.0
1141,7953,20,44,2023-03-05T16:16:38.811000+00:00,30.76,42.049,23.779,235.0,247.0,False,96.588,"[None, 2048, 2048, 2048, 2048, 2048, 2048, 2048, 2049, 2048]","[2048, 2049, 2048, 2048, 2048, 2048, 2048, 2048, 2049, 2049, 2048]","[2048, 2048, 2048, 2049, 2048, 2048]",
1141,7953,11,45,2023-03-05T16:16:46.171000+00:00,30.944,42.434,23.55,,246.0,False,96.928,"[None, 2048, 2048, 2048, 2048, 2048, 2048, 2048, 2048, 2048]","[2048, 2048, 2048, 2048, 2048, 2048, 2048, 2048, 2048, 2048, 2048]","[2049, 2048, 2048, 2048, 2048, 2048, 2048]",293.0
1141,7953,27,44,2023-03-05T16:16:47.452000+00:00,30.941,42.199,23.936,232.0,252.0,False,97.076,"[None, 2048, 2048, 2048, 2048, 2048, 2048, 2048, 2049, 2048]","[2048, 2048, 2048, 2048, 2048, 2048, 2048, 2048, 2048, 2049, 2048]","[2048, 2048, 2048, 2048, 2048, 2048, 2048]",297.0
1141,7953,55,45,2023-03-05T16:17:10.342000+00:00,31.572,43.669,24.32,231.0,251.0,False,99.561,"[None, 2048, 2048, 2048, 2048, 2048, 2048, 2048, 2048, 2048]","[2048, 2048, 2048, 2049, 2048, 2048, 2048, 2048, 2048, 2049, 2048]","[2048, 2048, 2048, 2049, 2048, 2048, 2049]",304.0
1141,7953,14,45,2023-03-05T16:17:10.936000+00:00,31.048,43.229,23.654,228.0,253.0,False,97.931,"[None, 2048, 2048, 2048, 2048, 2048, 2048, 2049, 2048, 2048]","[2048, 2048, 2048, 2048, 2048, 2048, 2049, 2048, 2048, 2048, 2048]","[2048, 2048, 2048, 2048, 2048, 2048]",324.0
1141,7953,44,45,2023-03-05T16:17:12.858000+00:00,30.902,42.666,24.093,237.0,262.0,False,97.661,"[None, 2048, 2048, 2048, 2048, 2048, 2048, 2048, 2048, 2048]","[2048, 2048, 2048, 2048, 2048, 2048, 2048, 2048, 2048, 2048, 2049]","[2048, 2048, 2048, 2048, 2048, 2048, 2049]",
1141,7953,4,44,2023-03-05T16:17:15.170000+00:00,30.936,42.401,23.882,232.0,252.0,False,97.219,"[None, 2048, 2048, 2048, 2048, 2048, 2048, 2048, 2048, 2048]","[2048, 2048, 2048, 2048, 2048, 2048, 2048, 2048, 2048, 2048, 2048]","[2048, 2048, 2048, 2048, 2048, 2048, 2048]",305.0
1141,7953,18,45,2023-03-05T16:17:20.483000+00:00,31.017,42.39,23.815,232.0,250.0,False,97.222,"[None, 2048, 2048, 2048, 2048, 2048, 2048, 2048, 2048, 2048]","[2048, 2048, 2048, 2048, 2048, 2048, 2048, 2048, 2048, 2048, 2048]","[2048, 2048, 2049, 2049, 2048, 2048, 2048]",302.0
1141,7953,63,45,2023-03-05T16:17:22.123000+00:00,30.892,42.59,23.834,237.0,258.0,False,97.316,"[None, 2048, 2048, 2048, 2048, 2048, 2048, 2048, 2048, 2048]","[2048, 2048, 2048, 2048, 2048, 2048, 2048, 2048, 2048, 2048, 2048]","[2048, 2048, 2048, 2048, 2048, 2048, 2048]",308.0
1141,7953,77,45,2023-03-05T16:17:36.092000+00:00,31.254,42.539,23.895,233.0,245.0,False,97.688,"[None, 2048, 2048, 2048, 2048, 2048, 2048, 2048, 2048, 2048]","[2048, 2048, 2048, 2048, 2048, 2048, 2048, 2048, 2048, 2048, 2048]","[2048, 2048, 2048, 2048, 2048, 2048, 2048]",291.0
1141,7953,10,45,2023-03-05T16:17:50.013000+00:00,30.874,41.775,23.537,232.0,253.0,False,96.186,"[None, 2048, 2048, 2048, 2048, 2048, 2048, 2048, 2048, 2048]","[2048, 2048, 2048, 2048, 2048, 2048, 2048, 2048, 2048, 2048, 2048]","[2048, 2048, 2048, 2048, 2048, 2048, 2048]",294.0
1141,7953,23,45,2023-03-05T16:17:54.544000+00:00,31.121,42.624,23.758,232.0,250.0,False,97.503,"[None, 2048, 2048, 2048, 2048, 2048, 2048, 2048, 2048, 2048]","[2048, 2048, 2048, 2048, 2048, 2048, 2048, 2048, 2048, 2048, 2048]","[2048, 2048, 2048, 2048, 2048, 2048, 2048]",306.0
1141,7953,22,45,2023-03-05T16:17:57.685000+00:00,30.93,42.107,23.984,232.0,256.0,False,97.021,"[None, 2048, 2048, 2048, 2048, 2048, 2048, 2048, 2049, 2048]","[2048, 2048, 2048, 2048, 2048, 2048, 2048, 2048, 2048, 2049, 2048]","[2048, 2048, 2048, 2048, 2048, 2048, 2048]",305.0
1141,7953,24,45,2023-03-05T16:18:02.591000+00:00,31.334,42.678,23.938,236.0,247.0,False,97.95,"[None, 2048, 2048, 2048, 2048, 2048, 2048, 2048, 2048, 2049]","[2048, 2048, 2048, 2048, 2048, 2048, 2048, 2048, 2048, 2048, 2048]","[2048, 2048, 2048, 2048, 2048, 2048, 2048]",301.0
1141,7953,2,45,2023-03-05T16:18:03.482000+00:00,30.743,42.757,23.962,239.0,250.0,False,97.462,"[2049, 2048, 2048, 2048, 2048, 2048, 2049, 2048, 2048, 2051]","[2048, 2048, 2048, 2048, 2048, 2048, 2051, 2048, 2048, 2048, 2048]","[2048, 2048, 2048, 2048, 2048, 2049, 2051]",318.0
1141,7953,21,45,2023-03-05T16:18:05.747000+00:00,31.481,43.144,24.264,234.0,242.0,False,98.889,"[None, 2048, 2048, 2048, 2048, 2048, 2048, 2048, 2048, 2048]","[2048, 2048, 2048, 2048, 2048, 2048, 2048, 2048, 2048, 2049, 2048]","[2048, 2048, 2048, 2048, 2048, 2048]",293.0
1141,7953,1,46,2023-03-05T16:18:12.872000+00:00,31.03,42.003,23.668,236.0,245.0,False,96.701,"[None, 2048, 2048, 2048, 2048, 2048, 2048, 2048, 2048, 2048]","[2048, 2049, 2048, 2048, 2048, 2048, 2049, 2048, 2048, 2048, 2048]","[2048, 2048, 2048, 2048, 2048, 2048, 2048]",290.0
1141,7953,20,45,2023-03-05T16:18:15.404000+00:00,30.983,42.268,23.875,233.0,248.0,False,97.126,"[None, 2048, 2048, 2048, 2048, 2048, 2048, 2048, 2048, 2048]","[2048, 2048, 2048, 2048, 2048, 2048, 2048, 2048, 2048, 2048, 2048]","[2048, 2048, 2048, 2048, 2048, 2048, 2048]",299.0
1141,7953,11,46,2023-03-05T16:18:23.075000+00:00,30.914,42.496,23.847,,231.0,False,97.257,"[None, 2048, 2048, 2048, 2048, 2049, 2048, 2048, 2048, 2048]","[2048, 2048, 2048, 2048, 2048, 2048, 2048, 2048, 2048, 2048, 2048]","[2048, 2048, 2048, 2048, 2048, 2048, 2048]",291.0
1141,7953,27,45,2023-03-05T16:18:24.528000+00:00,31.074,42.194,24.046,233.0,248.0,False,97.314,"[None, 2048, 2048, 2048, 2048, 2048, 2048, 2048, 2048, 2048]","[2048, 2048, 2048, 2048, 2048, 2048, 2048, 2048, 2048, 2048, 2048]","[2048, 2048, 2048, 2048, 2048, 2048, 2048]",
1141,7953,14,46,2023-03-05T16:18:48.793000+00:00,31.144,42.162,23.781,230.0,253.0,False,97.087,"[None, 2048, 2048, 2048, 2048, 2048, 2048, 2048, 2048, 2048]","[2048, 2048, 2048, 2048, 2048, 2048, 2048, 2048, 2048, 2048, 2048]","[2048, 2048, 2048, 2048, 2048, 2048, 2048]",302.0
1141,7953,55,46,2023-03-05T16:18:49.872000+00:00,30.975,42.701,24.168,233.0,252.0,False,97.844,"[2049, 2049, 2049, 2048, 2048, 2048, 2049, 2049, 2048, 2048]","[2048, 2048, 2048, 2049, 2048, 2048, 2048, 2048, 2048, 2048, 2048]","[2048, 2048, 2048, 2048, 2048, 2048, 2048]",324.0
1141,7953,44,46,2023-03-05T16:18:50.528000+00:00,30.898,42.786,24.095,,258.0,False,97.779,"[2049, 2051, 2049, 2048, 2048, 2048, 2048, 2048, 2048, 2048]","[2048, 2048, 2048, 2048, 2048, 2048, 2049, 2048, 2048, 2048, 2048]","[2048, 2048, 2048, 2049, 2048, 2048, 2049]",333.0
1141,7953,4,45,2023-03-05T16:18:52.403000+00:00,31.112,42.179,24.135,,253.0,False,97.426,"[None, 2048, 2048, 2049, 2048, 2048, 2048, 2048, 2048, 2048]","[2048, 2048, 2048, 2048, 2048, 2048, 2048, 2048, 2048, 2048, 2048]","[2048, 2048, 2048, 2049, 2048, 2048, 2048]",307.0
1141,7953,18,46,2023-03-05T16:18:57.715000+00:00,31.04,42.675,23.847,234.0,242.0,False,97.562,"[None, 2048, 2048, 2048, 2048, 2048, 2048, 2048, 2048, 2048]","[2048, 2048, 2048, 2048, 2048, 2048, 2048, 2048, 2048, 2048, 2048]","[2048, 2048, 2048, 2048, 2048, 2048]",301.0
1141,7953,63,46,2023-03-05T16:18:59.434000+00:00,30.999,42.734,23.838,236.0,260.0,False,97.571,"[None, 2048, 2048, 2048, 2048, 2048, 2048, 2048, 2048, 2048]","[2048, 2048, 2048, 2048, 2048, 2048, 2048, 2048, 2048, 2049, 2048]","[2048, 2048, 2048, 2048, 2048, 2048, 2048]",310.0
1141,7953,77,46,2023-03-05T16:19:13.841000+00:00,31.384,42.473,23.973,231.0,245.0,False,97.83,"[None, 2048, 2048, 2048, 2048, 2048, 2048, 2048, 2048, 2048]","[2048, 2048, 2048, 2048, 2048, 2048, 2048, 2048, 2049, 2048, 2048]","[2048, 2048, 2049, 2048, 2048, 2048, 2048]",288.0
1141,7953,10,46,2023-03-05T16:19:26.183000+00:00,30.831,41.707,23.503,233.0,253.0,False,96.041,"[None, 2048, 2048, 2048, 2048, 2048, 2048, 2048, 2048, 2048]","[2048, 2048, 2048, 2049, 2048, 2048, 2048, 2048, 2048, 2049, 2049]","[2051, 2048, 2048, 2048, 2048, 2048, 2048]",297.0
1141,7953,23,46,2023-03-05T16:19:32.011000+00:00,31.025,42.764,23.788,234.0,243.0,False,97.577,"[None, 2048, 2048, 2048, 2048, 2048, 2048, 2048, 2048, 2048]","[2048, 2048, 2048, 2048, 2048, 2048, 2048, 2048, 2048, 2048, 2048]","[2048, 2048, 2048, 2048, 2048, 2048, 2048]",311.0
1141,7953,22,46,2023-03-05T16:19:34.589000+00:00,31.009,42.28,23.969,230.0,251.0,False,97.258,"[None, 2048, 2048, 2048, 2048, 2048, 2048, 2048, 2048, 2048]","[2048, 2048, 2048, 2048, 2048, 2048, 2048, 2048, 2048, 2048, 2048]","[2048, 2048, 2048, 2048, 2048, 2048, 2048]",
1141,7953,24,46,2023-03-05T16:19:40.558000+00:00,31.439,42.97,23.927,232.0,250.0,False,98.336,"[None, 2048, 2048, 2048, 2048, 2048, 2048, 2048, 2048, 2048]","[2048, 2048, 2048, 2048, 2048, 2048, 2048, 2048, 2049, 2048, 2048]","[2048, 2048, 2048, 2048, 2048, 2048, 2048]",298.0
1141,7953,2,46,2023-03-05T16:19:41.027000+00:00,31.144,43.267,24.03,234.0,250.0,False,98.441,"[None, 2048, 2048, 2049, 2048, 2048, 2048, 2048, 2048, 2048]","[2048, 2048, 2048, 2048, 2048, 2048, 2048, 2048, 2048, 2048, 2048]","[2048, 2048, 2048, 2048, 2048, 2048, 2048]",327.0
1141,7953,21,46,2023-03-05T16:19:44.605000+00:00,31.557,43.061,24.253,,245.0,False,98.871,"[None, 2048, 2048, 2048, 2048, 2048, 2048, 2048, 2048, 2048]","[2048, 2048, 2048, 2048, 2048, 2048, 2048, 2048, 2049, 2049, 2048]","[2048, 2048, 2048, 2048, 2048, 2048]",295.0
1141,7953,1,47,2023-03-05T16:19:49.683000+00:00,31.094,42.205,23.71,,243.0,False,97.009,"[None, 2048, 2048, 2048, 2048, 2048, 2048, 2048, 2048, 2048]","[2049, 2048, 2048, 2048, 2048, 2048, 2049, 2048, 2048, 2048, 2048]","[2048, 2048, 2048, 2048, 2048, 2048]",293.0
1141,7953,20,46,2023-03-05T16:19:52.495000+00:00,31.046,42.533,24.01,,246.0,False,97.589,"[None, 2048, 2048, 2049, 2048, 2048, 2048, 2048, 2048, 2048]","[2048, 2048, 2048, 2048, 2048, 2048, 2048, 2048, 2048, 2048, 2048]","[2048, 2048, 2048, 2048, 2048, 2048]",302.0
1141,7953,11,47,2023-03-05T16:20:00.433000+00:00,30.929,42.049,23.683,238.0,241.0,False,96.661,"[None, 2048, 2048, 2048, 2048, 2048, 2048, 2048, 2048, 2048]","[2049, 2048, 2048, 2048, 2048, 2048, 2048, 2048, 2048, 2048, 2048]","[2048, 2048, 2048, 2048, 2048, 2048, 2048]",294.0
1141,7953,27,46,2023-03-05T16:20:01.808000+00:00,30.962,44.939,24.071,234.0,240.0,False,99.972,"[None, 2048, 2048, 2048, 2048, 2048, 2048, 2048, 2048, 2048]","[2048, 2048, 2048, 2048, 2048, 2048, 2048, 2048, 2048, 2048, 2048]","[2048, 2048, 2048, 2048, 2048, 2048]",300.0
1141,7953,14,47,2023-03-05T16:20:26.010000+00:00,31.293,42.342,23.691,233.0,247.0,False,97.326,"[None, 2048, 2048, 2048, 2048, 2048, 2048, 2048, 2048, 2048]","[2048, 2048, 2048, 2048, 2048, 2048, 2048, 2048, 2048, 2048, 2048]","[2048, 2048, 2048, 2048, 2048, 2048, 2048]",
1141,7953,55,47,2023-03-05T16:20:27.760000+00:00,31.548,42.699,23.975,230.0,253.0,False,98.222,"[2048, 2048, 2048, 2048, 2048, 2049, 2048, 2048, 2048, 2048]","[2048, 2048, 2048, 2048, 2048, 2048, 2048, 2048, 2048, 2049, 2049]","[2048, 2048, 2048, 2048, 2048, 2048, 2048]",308.0
1141,7953,44,47,2023-03-05T16:20:28.323000+00:00,31.32,43.157,24.04,236.0,255.0,False,98.517,"[2048, 2048, 2048, 2048, 2048, 2049, 2051, 2048, 2048, 2048]","[2048, 2048, 2048, 2049, 2048, 2048, 2048, 2048, 2048, 2048, 2048]","[2048, 2048, 2048, 2048, 2048, 2048, 2048]",329.0
1141,7953,4,46,2023-03-05T16:20:29.792000+00:00,31.106,42.351,24.199,,253.0,False,97.656,"[None, 2048, 2048, 2048, 2048, 2048, 2048, 2048, 2048, 2048]","[2048, 2048, 2048, 2049, 2048, 2048, 2049, 2049, 2048, 2048, 2048]","[2048, 2048, 2048, 2048, 2048, 2048, 2049]",306.0
1141,7953,18,47,2023-03-05T16:20:35.245000+00:00,31.043,42.368,23.846,233.0,253.0,False,97.257,"[None, 2048, 2048, 2048, 2048, 2048, 2048, 2048, 2048, 2048]","[2048, 2048, 2048, 2048, 2048, 2048, 2048, 2048, 2048, 2048, 2048]","[2048, 2048, 2048, 2049, 2048, 2048]",302.0
1141,7953,63,47,2023-03-05T16:20:36.963000+00:00,31.049,42.436,23.947,,264.0,False,97.432,"[None, 2048, 2048, 2048, 2048, 2048, 2048, 2048, 2048, 2048]","[2048, 2048, 2048, 2048, 2048, 2048, 2048, 2048, 2048, 2048, 2051]","[2048, 2048, 2048, 2048, 2048, 2048, 2048]",309.0
1141,7953,77,47,2023-03-05T16:20:51.697000+00:00,31.325,42.508,23.982,,245.0,False,97.815,"[None, 2048, 2048, 2048, 2048, 2048, 2048, 2048, 2048, 2048]","[2048, 2048, 2048, 2048, 2048, 2048, 2048, 2048, 2048, 2048, 2048]","[2048, 2048, 2048, 2048, 2048, 2048, 2048]",289.0
1141,7953,10,47,2023-03-05T16:21:02.244000+00:00,30.806,41.735,23.579,232.0,255.0,False,96.12,"[None, 2048, 2048, 2048, 2048, 2048, 2048, 2048, 2048, 2048]","[2051, 2048, 2048, 2048, 2048, 2048, 2048, 2048, 2048, 2048, 2049]","[2048, 2048, 2048, 2048, 2048, 2048]",298.0
1141,7953,23,47,2023-03-05T16:21:09.650000+00:00,31.048,42.675,23.822,235.0,243.0,False,97.545,"[None, 2048, 2048, 2048, 2048, 2048, 2048, 2048, 2048, 2048]","[2048, 2048, 2048, 2048, 2048, 2048, 2048, 2048, 2048, 2048, 2048]","[2048, 2048, 2048, 2048, 2048, 2048, 2048]",312.0
1141,7953,22,47,2023-03-05T16:21:11.744000+00:00,31.083,42.286,23.99,232.0,257.0,False,97.359,"[None, 2048, 2048, 2048, 2048, 2048, 2048, 2048, 2048, 2048]","[2048, 2048, 2048, 2048, 2048, 2048, 2048, 2048, 2048, 2048, 2048]","[2048, 2048, 2048, 2048, 2048, 2048, 2048]",303.0
1141,7953,24,47,2023-03-05T16:21:18.884000+00:00,32.022,43.31,24.221,230.0,249.0,False,99.553,"[None, 2048, 2048, 2048, 2048, 2048, 2048, 2048, 2048, 2048]","[2048, 2048, 2048, 2048, 2048, 2048, 2048, 2048, 2048, 2048, 2048]","[2048, 2048, 2048, 2048, 2048, 2048, 2048]",
1141,7953,2,47,2023-03-05T16:21:19.463000+00:00,31.054,42.356,23.817,237.0,258.0,False,97.227,"[2048, 2048, 2048, 2048, 2048, 2048, 2049, 2049, 2048, 2048]","[2048, 2049, 2048, 2048, 2048, 2048, 2048, 2048, 2048, 2048, 2048]","[2048, 2048, 2048, 2048, 2048, 2048]",328.0
1141,7953,21,47,2023-03-05T16:21:23.447000+00:00,31.53,43.186,24.205,,244.0,False,98.921,"[None, 2048, 2048, 2048, 2048, 2048, 2048, 2048, 2048, 2048]","[2049, 2048, 2048, 2048, 2048, 2048, 2048, 2048, 2048, 2048, 2048]","[2048, 2048, 2048, 2048, 2048, 2048, 2048]",298.0
1141,7953,1,48,2023-03-05T16:21:26.603000+00:00,31.01,42.199,23.709,,239.0,False,96.918,"[None, 2048, 2048, 2048, 2048, 2048, 2048, 2048, 2048, 2048]","[2048, 2048, 2048, 2048, 2048, 2048, 2049, 2048, 2048, 2048, 2048]","[2048, 2048, 2049, 2048, 2048, 2048, 2049]",294.0
1141,7953,20,47,2023-03-05T16:21:30.103000+00:00,31.029,42.64,23.96,234.0,248.0,False,97.629,"[None, 2048, 2048, 2048, 2048, 2048, 2048, 2048, 2048, 2048]","[2048, 2048, 2048, 2048, 2048, 2048, 2048, 2048, 2048, 2048, 2048]","[2048, 2048, 2048, 2048, 2048, 2048]",
1141,7953,11,48,2023-03-05T16:21:37.056000+00:00,31.01,42.316,23.533,237.0,246.0,False,96.859,"[None, 2048, 2048, 2048, 2048, 2048, 2048, 2048, 2048, 2048]","[2048, 2048, 2048, 2048, 2048, 2048, 2048, 2048, 2048, 2048, 2048]","[2048, 2048, 2048, 2048, 2048, 2048, 2048]",293.0
1141,7953,27,47,2023-03-05T16:21:41.806000+00:00,30.895,42.035,23.876,235.0,252.0,False,96.806,"[None, 2048, 2048, 2048, 2048, 2048, 2048, 2048, 2049, 2048]","[2049, 2049, 2048, 2048, 2048, 2048, 2048, 2048, 2049, 2048, 2048]","[2049, 2048, 2048, 2048, 2048, 2048]",
1141,7953,14,48,2023-03-05T16:22:03.274000+00:00,31.076,41.97,23.737,,259.0,False,96.783,"[None, 2048, 2048, 2048, 2048, 2048, 2048, 2048, 2048, 2048]","[2048, 2048, 2048, 2048, 2048, 2048, 2048, 2048, 2048, 2048, 2051]","[2048, 2048, 2048, 2048, 2048, 2048]",292.0
1141,7953,55,48,2023-03-05T16:22:05.931000+00:00,31.407,42.577,23.913,229.0,250.0,False,97.897,"[None, 2048, 2048, 2048, 2048, 2048, 2048, 2048, 2048, 2048]","[2048, 2048, 2048, 2048, 2048, 2048, 2048, 2048, 2048, 2049, 2048]","[2048, 2048, 2048, 2048, 2048, 2048, 2048]",298.0
1141,7953,44,48,2023-03-05T16:22:06.821000+00:00,30.882,42.772,24.19,240.0,262.0,False,97.844,"[None, 2048, 2048, 2048, 2048, 2048, 2048, 2048, 2048, 2048]","[2048, 2048, 2048, 2048, 2048, 2048, 2048, 2049, 2048, 2049, 2048]","[2048, 2048, 2048, 2048, 2048, 2048, 2048]",321.0
1141,7953,4,47,2023-03-05T16:22:07.524000+00:00,30.951,42.71,26.772,233.0,254.0,False,100.433,"[2049, 2049, 2049, 2048, 2048, 2048, 2049, 2049, 2048, 2049]","[2048, 2048, 2048, 2048, 2048, 2048, 2049, 2048, 2048, 2048, 2048]","[2048, 2048, 2048, 2049, 2048, 2048, 2064]",323.0
1141,7953,18,48,2023-03-05T16:22:12.540000+00:00,31.146,42.393,23.909,232.0,244.0,False,97.448,"[None, 2048, 2048, 2048, 2048, 2048, 2048, 2048, 2048, 2048]","[2048, 2048, 2048, 2048, 2048, 2048, 2048, 2048, 2048, 2049, 2048]","[2048, 2048, 2048, 2048, 2048, 2048]",301.0
1141,7953,63,48,2023-03-05T16:22:14.493000+00:00,31.101,42.509,23.91,235.0,261.0,False,97.52,"[None, 2048, 2048, 2048, 2048, 2048, 2048, 2048, 2048, 2048]","[2048, 2048, 2048, 2048, 2048, 2048, 2048, 2048, 2049, 2048, 2048]","[2048, 2048, 2048, 2048, 2048, 2048, 2048]",308.0
1141,7953,77,48,2023-03-05T16:22:29.493000+00:00,31.316,42.265,23.919,234.0,245.0,False,97.5,"[None, 2048, 2048, 2048, 2048, 2048, 2048, 2048, 2049, 2049]","[2049, 2048, 2048, 2048, 2048, 2048, 2048, 2048, 2049, 2048, 2048]","[2048, 2048, 2048, 2049, 2048, 2048, 2048]",292.0
1141,7953,10,48,2023-03-05T16:22:38.383000+00:00,30.909,41.693,23.766,,255.0,False,96.368,"[None, 2048, 2048, 2048, 2048, 2048, 2048, 2048, 2051, 2048]","[2051, 2048, 2048, 2049, 2048, 2048, 2048, 2048, 2048, 2048, 2048]","[2048, 2048, 2048, 2048, 2048, 2048, 2048]",296.0
1141,7953,23,48,2023-03-05T16:22:47.211000+00:00,31.112,42.713,23.859,,243.0,False,97.684,"[None, 2048, 2048, 2048, 2048, 2048, 2048, 2048, 2048, 2048]","[2048, 2048, 2048, 2049, 2048, 2048, 2048, 2048, 2048, 2048, 2048]","[2048, 2048, 2048, 2048, 2048, 2048]",311.0
1141,7953,22,48,2023-03-05T16:22:49.133000+00:00,30.963,42.173,24.102,233.0,259.0,False,97.238,"[None, 2048, 2048, 2048, 2048, 2049, 2048, 2048, 2048, 2048]","[2048, 2048, 2048, 2048, 2048, 2048, 2048, 2048, 2048, 2049, 2048]","[2048, 2048, 2048, 2048, 2048, 2048, 2048]",304.0
1141,7953,2,48,2023-03-05T16:22:56.617000+00:00,30.916,42.28,23.872,236.0,256.0,False,97.068,"[None, 2048, 2048, 2048, 2048, 2048, 2048, 2048, 2048, 2048]","[2048, 2048, 2048, 2048, 2048, 2048, 2048, 2048, 2048, 2048, 2049]","[2048, 2048, 2048, 2048, 2048, 2048]",308.0
1141,7953,24,48,2023-03-05T16:22:58.445000+00:00,31.451,42.912,24.233,229.0,250.0,False,98.596,"[None, 2048, 2048, 2048, 2048, 2048, 2048, 2048, 2048, 2048]","[2048, 2048, 2048, 2048, 2048, 2048, 2048, 2048, 2048, 2048, 2048]","[2048, 2048, 2048, 2048, 2048, 2048, 2048]",301.0
1141,7953,21,48,2023-03-05T16:23:02.429000+00:00,32.523,43.596,24.322,205.0,249.0,False,100.441,"[None, 2048, 2048, 2048, 2048, 2048, 2048, 2048, 2048, 2048]","[2048, 2048, 2048, 2048, 2048, 2048, 2048, 2048, 2048, 2048, 2048]","[2048, 2048, 2048, 2048, 2048, 2048, 2048]",302.0
1141,7953,1,49,2023-03-05T16:23:03.617000+00:00,31.124,42.026,23.812,234.0,239.0,False,96.962,"[2049, 2049, 2048, 2048, 2048, 2048, 2048, 2048, 2048, 2048]","[2049, 2049, 2048, 2048, 2048, 2048, 2048, 2048, 2048, 2048, 2048]","[2048, 2048, 2048, 2048, 2048, 2048, 2048]",299.0
1141,7953,20,48,2023-03-05T16:23:07.711000+00:00,31.059,42.581,23.967,,250.0,False,97.607,"[None, 2048, 2048, 2048, 2048, 2048, 2048, 2048, 2048, 2048]","[2048, 2048, 2048, 2048, 2048, 2048, 2048, 2048, 2048, 2048, 2048]","[2048, 2048, 2048, 2048, 2048, 2048, 2048]",299.0
1141,7953,11,49,2023-03-05T16:23:13.882000+00:00,30.944,42.495,23.61,,240.0,False,97.049,"[None, 2048, 2048, 2048, 2048, 2048, 2048, 2048, 2048, 2048]","[2048, 2048, 2048, 2048, 2048, 2048, 2048, 2049, 2048, 2048, 2048]","[2048, 2048, 2048, 2048, 2048, 2048, 2048]",294.0
1141,7953,27,48,2023-03-05T16:23:18.617000+00:00,31.014,42.126,23.946,234.0,252.0,False,97.086,"[None, 2048, 2048, 2048, 2048, 2048, 2048, 2048, 2048, 2048]","[2049, 2049, 2048, 2048, 2048, 2048, 2048, 2048, 2049, 2048, 2048]","[2048, 2048, 2048, 2048, 2048, 2048]",298.0
1141,7953,14,49,2023-03-05T16:23:40.085000+00:00,31.058,41.981,23.687,234.0,255.0,False,96.726,"[None, 2048, 2048, 2048, 2048, 2048, 2048, 2048, 2049, 2048]","[2048, 2048, 2048, 2048, 2048, 2048, 2048, 2048, 2048, 2048, 2048]","[2048, 2048, 2048, 2048, 2048, 2048, 2048]",302.0
1141,7953,55,49,2023-03-05T16:23:43.835000+00:00,,42.49,23.868,230.0,253.0,False,97.765,"[None, 2048, 2048, 2048, 2048, 2048, 2048, 2048, 2048, 2048]","[2048, 2048, 2048, 2048, 2048, 2048, 2048, 2048, 2048, 2048, 2049]","[2048, 2048, 2048, 2048, 2048, 2048]",299.0
1141,7953,44,49,2023-03-05T16:23:44.647000+00:00,30.947,42.945,24.062,241.0,253.0,False,97.954,"[None, 2048, 2048, 2048, 2048, 2048, 2048, 2048, 2048, 2049]","[2048, 2048, 2048, 2048, 2048, 2048, 2048, 2048, 2048, 2048, 2048]","[2048, 2048, 2048, 2048, 2048, 2048, 2048]",328.0
1141,7953,4,48,2023-03-05T16:23:47.835000+00:00,59.26,43.221,24.424,236.0,237.0,True,126.905,"[2064, 2064, 2064, 2048, 2048, 2048, 2048, 2048, 2048, 2048]","[2048, 2048, 2048, 2048, 2048, 2048, 2048, 2048, 2048, 2048, 2048]","[2048, 2048, 2048, 2048, 2048, 2049, 0]",195.0
1141,7953,18,49,2023-03-05T16:23:49.975000+00:00,31.106,42.536,23.909,234.0,255.0,False,97.551,"[None, 2048, 2048, 2048, 2048, 2048, 2048, 2048, 2048, 2048]","[2048, 2048, 2048, 2048, 2048, 2048, 2048, 2048, 2048, 2048, 2048]","[2048, 2048, 2048, 2048, 2048, 2048, 2048]",302.0
1141,7953,63,49,2023-03-05T16:23:51.991000+00:00,31.097,42.623,23.998,237.0,255.0,False,97.718,"[None, 2048, 2048, 2048, 2048, 2048, 2048, 2048, 2048, 2048]","[2048, 2049, 2048, 2048, 2048, 2048, 2048, 2048, 2048, 2048, 2048]","[2048, 2048, 2048, 2048, 2048, 2048, 2048]",307.0
1141,7953,77,49,2023-03-05T16:24:06.975000+00:00,31.434,42.484,23.932,232.0,246.0,False,97.85,"[None, 2048, 2048, 2048, 2048, 2048, 2048, 2048, 2048, 2048]","[2048, 2049, 2048, 2048, 2048, 2048, 2048, 2048, 2048, 2048, 2048]","[2048, 2048, 2048, 2048, 2048, 2048, 2048]",289.0
1141,7953,10,49,2023-03-05T16:24:14.741000+00:00,31.008,42.102,23.693,233.0,254.0,False,96.803,"[None, 2048, 2048, 2048, 2048, 2048, 2048, 2048, 2048, 2048]","[2048, 2048, 2048, 2048, 2048, 2048, 2048, 2048, 2048, 2048, 2048]","[2048, 2048, 2048, 2048, 2048, 2048, 2048]",297.0
1141,7953,23,49,2023-03-05T16:24:24.850000+00:00,31.051,42.726,23.832,236.0,251.0,False,97.609,"[None, 2048, 2048, 2048, 2048, 2048, 2048, 2048, 2048, 2048]","[2048, 2048, 2048, 2048, 2048, 2048, 2048, 2048, 2048, 2048, 2048]","[2048, 2048, 2048, 2048, 2048, 2048]",312.0
1141,7953,22,49,2023-03-05T16:24:26.381000+00:00,31.034,42.419,24.075,232.0,257.0,False,97.528,"[None, 2048, 2048, 2048, 2048, 2048, 2048, 2048, 2048, 2048]","[2048, 2048, 2048, 2048, 2048, 2048, 2048, 2048, 2048, 2048, 2048]","[2048, 2048, 2048, 2048, 2048, 2048, 2048]",
1141,7953,2,49,2023-03-05T16:24:33.787000+00:00,30.906,42.422,23.897,,253.0,False,97.225,"[None, 2048, 2048, 2048, 2048, 2048, 2048, 2048, 2048, 2048]","[2049, 2048, 2048, 2048, 2048, 2048, 2048, 2048, 2048, 2048, 2048]","[2048, 2048, 2048, 2048, 2048, 2048, 2048]",
1141,7953,24,49,2023-03-05T16:24:37.084000+00:00,31.475,42.942,24.211,230.0,244.0,False,98.628,"[None, 2048, 2048, 2048, 2048, 2048, 2048, 2048, 2048, 2048]","[2048, 2048, 2048, 2048, 2048, 2048, 2048, 2048, 2048, 2048, 2048]","[2048, 2048, 2048, 2048, 2048, 2048, 2048]",
1141,7953,1,50,2023-03-05T16:24:40.537000+00:00,31.07,42.375,23.805,,238.0,False,97.25,"[2048, 2048, 2048, 2048, 2048, 2048, 2048, 2048, 2048, 2048]","[2048, 2048, 2048, 2048, 2048, 2048, 2048, 2048, 2048, 2048, 2048]","[2048, 2048, 2048, 2048, 2048, 2048, 2048]",296.0
1141,7953,21,49,2023-03-05T16:24:42.818000+00:00,31.508,43.167,24.31,234.0,244.0,False,98.985,"[None, 2048, 2048, 2048, 2048, 2048, 2048, 2048, 2048, 2048]","[2048, 2048, 2048, 2048, 2048, 2048, 2048, 2048, 2048, 2048, 2048]","[2048, 2048, 2048, 2048, 2048, 2048, 2048]",303.0
1141,7953,20,49,2023-03-05T16:24:45.396000+00:00,31.077,42.715,23.947,,250.0,False,97.739,"[None, 2048, 2048, 2048, 2048, 2048, 2048, 2048, 2048, 2048]","[2048, 2048, 2048, 2048, 2048, 2048, 2048, 2048, 2048, 2048, 2048]","[2048, 2048, 2048, 2049, 2048, 2048]",300.0
1141,7953,11,50,2023-03-05T16:24:50.881000+00:00,31.251,42.646,23.834,235.0,243.0,False,97.731,"[None, 2048, 2048, 2048, 2048, 2048, 2048, 2048, 2048, 2048]","[2048, 2048, 2048, 2048, 2048, 2048, 2048, 2048, 2048, 2048, 2048]","[2048, 2048, 2048, 2048, 2048, 2048, 2048]",
1141,7953,27,49,2023-03-05T16:24:55.709000+00:00,31.069,42.073,23.935,,254.0,False,97.077,"[None, 2048, 2048, 2048, 2048, 2048, 2048, 2048, 2049, 2048]","[2049, 2048, 2048, 2048, 2048, 2048, 2048, 2048, 2048, 2049, 2048]","[2048, 2048, 2048, 2048, 2048, 2048, 2048]",
1141,7953,14,50,2023-03-05T16:25:16.802000+00:00,30.933,41.764,23.634,,255.0,False,96.331,"[None, 2048, 2048, 2048, 2048, 2048, 2048, 2048, 2048, 2048]","[2049, 2048, 2048, 2048, 2048, 2048, 2048, 2048, 2048, 2048, 2048]","[2049, 2048, 2048, 2048, 2049, 2048]",303.0
1141,7953,55,50,2023-03-05T16:25:21.599000+00:00,31.261,42.436,23.907,229.0,253.0,False,97.604,"[None, 2048, 2048, 2048, 2048, 2048, 2048, 2048, 2048, 2048]","[2049, 2049, 2048, 2048, 2048, 2048, 2048, 2048, 2048, 2048, 2048]","[2048, 2048, 2048, 2048, 2048, 2048, 2048]",298.0
1141,7953,44,50,2023-03-05T16:25:22.630000+00:00,30.824,42.711,24.235,239.0,261.0,False,97.77,"[None, 2048, 2048, 2048, 2048, 2048, 2048, 2048, 2048, 2048]","[2048, 2048, 2048, 2048, 2048, 2048, 2048, 2049, 2048, 2048, 2048]","[2048, 2048, 2048, 2048, 2048, 2048, 2048]",321.0
1141,7953,18,50,2023-03-05T16:25:27.552000+00:00,31.03,42.331,24.027,233.0,257.0,False,97.388,"[None, 2048, 2048, 2048, 2048, 2048, 2048, 2048, 2049, 2048]","[2048, 2048, 2048, 2048, 2048, 2048, 2048, 2048, 2048, 2049, 2048]","[2048, 2048, 2048, 2048, 2048, 2048, 2048]",301.0
1141,7953,63,50,2023-03-05T16:25:29.661000+00:00,31.014,42.413,23.956,,254.0,False,97.383,"[None, 2048, 2048, 2048, 2048, 2048, 2048, 2048, 2048, 2048]","[2048, 2049, 2048, 2048, 2048, 2048, 2048, 2048, 2048, 2048, 2048]","[2048, 2048, 2048, 2048, 2048, 2048]",308.0
1141,7953,77,50,2023-03-05T16:25:44.817000+00:00,31.491,42.241,23.978,,246.0,False,97.71,"[None, 2048, 2048, 2048, 2048, 2048, 2048, 2048, 2048, 2048]","[2048, 2048, 2048, 2048, 2048, 2048, 2048, 2048, 2049, 2048, 2048]","[2048, 2048, 2048, 2048, 2048, 2048]",291.0
1141,7953,10,50,2023-03-05T16:25:51.551000+00:00,30.972,41.874,23.705,,254.0,False,96.551,"[None, 2048, 2048, 2048, 2048, 2048, 2048, 2048, 2048, 2048]","[2048, 2048, 2048, 2048, 2048, 2048, 2048, 2048, 2048, 2048, 2048]","[2048, 2048, 2048, 2048, 2048, 2048]",
1141,7953,4,49,2023-03-05T16:25:54.833000+00:00,31.867,42.987,24.226,229.0,245.0,False,99.08,"[2048, 2048, 2048, 2048, 2048, 2048, 2048, 2048, 2048, 2048]","[2048, 2048, 2048, 2048, 2048, 2048, 2048, 2048, 2048, 2048, 2048]","[2048, 2048, 2048, 2048, 2048, 2048]",287.0
1141,7953,23,50,2023-03-05T16:26:02.457000+00:00,31.087,42.703,23.905,,247.0,False,97.695,"[None, 2048, 2048, 2048, 2048, 2048, 2048, 2048, 2048, 2048]","[2048, 2048, 2048, 2048, 2048, 2048, 2048, 2048, 2048, 2048, 2048]","[2048, 2048, 2048, 2048, 2048, 2048]",311.0
1141,7953,22,50,2023-03-05T16:26:03.864000+00:00,31.076,42.378,24.17,233.0,261.0,False,97.624,"[None, 2048, 2048, 2048, 2048, 2048, 2048, 2048, 2048, 2048]","[2048, 2048, 2048, 2048, 2048, 2048, 2048, 2048, 2048, 2048, 2048]","[2048, 2048, 2048, 2048, 2048, 2048]",306.0
1141,7953,2,50,2023-03-05T16:26:11.004000+00:00,30.955,42.418,23.917,237.0,256.0,False,97.29,"[None, 2048, 2048, 2048, 2048, 2048, 2048, 2048, 2049, 2048]","[2048, 2048, 2048, 2048, 2048, 2048, 2048, 2048, 2048, 2048, 2048]","[2048, 2048, 2048, 2048, 2048, 2048, 2048]",
1141,7953,24,50,2023-03-05T16:26:15.660000+00:00,31.561,42.916,25.416,,246.0,False,99.893,"[None, 2048, 2048, 2048, 2048, 2048, 2048, 2048, 2048, 2048]","[2048, 2048, 2048, 2048, 2048, 2048, 2048, 2048, 2048, 2048, 2048]","[2048, 2048, 2048, 2048, 2048, 2048]",
1141,7953,1,51,2023-03-05T16:26:17.801000+00:00,31.154,42.202,24.071,233.0,241.0,False,97.427,"[None, 2048, 2048, 2048, 2048, 2048, 2048, 2048, 2048, 2048]","[2048, 2048, 2048, 2048, 2048, 2048, 2048, 2048, 2048, 2048, 2048]","[2048, 2048, 2048, 2048, 2048, 2048, 2048]",295.0
1141,7953,21,50,2023-03-05T16:26:21.785000+00:00,31.532,43.24,24.317,,242.0,False,99.089,"[None, 2048, 2048, 2048, 2048, 2048, 2048, 2048, 2048, 2048]","[2048, 2048, 2048, 2048, 2048, 2048, 2048, 2048, 2048, 2048, 2048]","[2048, 2048, 2048, 2048, 2048, 2048, 2048]",297.0
1141,7953,20,50,2023-03-05T16:26:23.145000+00:00,31.323,42.652,24.34,233.0,255.0,False,98.315,"[None, 2048, 2048, 2048, 2048, 2048, 2048, 2048, 2048, 2048]","[2048, 2048, 2048, 2048, 2048, 2048, 2049, 2049, 2048, 2048, 2048]","[2048, 2048, 2048, 2049, 2048, 2048, 2049]",302.0
1141,7953,11,51,2023-03-05T16:26:28.629000+00:00,31.153,42.153,23.743,,258.0,False,97.049,"[None, 2048, 2048, 2048, 2048, 2048, 2048, 2048, 2048, 2048]","[2048, 2048, 2048, 2048, 2048, 2048, 2048, 2048, 2048, 2049, 2048]","[2048, 2048, 2048, 2048, 2048, 2048, 2048]",292.0
1141,7953,27,50,2023-03-05T16:26:32.769000+00:00,31.081,42.064,24.097,,255.0,False,97.242,"[None, 2048, 2048, 2048, 2048, 2048, 2048, 2048, 2048, 2048]","[2048, 2048, 2048, 2048, 2048, 2048, 2048, 2048, 2049, 2048, 2048]","[2048, 2048, 2048, 2048, 2048, 2048, 2048]",
1141,7953,14,51,2023-03-05T16:26:53.144000+00:00,31.158,42.005,23.797,,255.0,False,96.96,"[None, 2048, 2048, 2048, 2048, 2048, 2048, 2048, 2048, 2048]","[2048, 2048, 2048, 2048, 2048, 2048, 2048, 2048, 2048, 2048, 2048]","[2048, 2048, 2048, 2048, 2048, 2048, 2048]",
1141,7953,55,51,2023-03-05T16:26:59.175000+00:00,31.269,42.491,23.912,230.0,252.0,False,97.672,"[None, 2048, 2048, 2048, 2048, 2048, 2048, 2048, 2048, 2048]","[2048, 2048, 2048, 2048, 2048, 2048, 2048, 2048, 2048, 2048, 2048]","[2048, 2048, 2048, 2048, 2048, 2048, 2048]",
1141,7953,44,51,2023-03-05T16:27:00.441000+00:00,31.154,42.759,24.101,237.0,259.0,False,98.014,"[None, 2048, 2048, 2048, 2048, 2048, 2048, 2048, 2048, 2048]","[2048, 2048, 2048, 2048, 2048, 2048, 2048, 2048, 2048, 2048, 2048]","[2048, 2048, 2048, 2048, 2048, 2048]",310.0
1141,7953,18,51,2023-03-05T16:27:04.909000+00:00,31.108,42.709,24.049,,258.0,False,97.866,"[None, 2048, 2048, 2048, 2048, 2048, 2048, 2048, 2048, 2048]","[2048, 2048, 2048, 2048, None, None, 2048, 2048, 2048, 2048, 2048]","[2048, 2048, 2048, 2048, 2048, 2048, 2048]",300.0
1141,7953,63,51,2023-03-05T16:27:07.066000+00:00,31.187,42.705,23.933,,250.0,False,97.825,"[None, 2048, 2048, 2048, 2048, 2048, 2048, 2048, 2048, 2048]","[2048, 2049, 2048, 2048, 2048, 2048, 2048, 2048, 2048, 2048, 2048]","[2048, 2048, 2048, 2048, 2048, 2048, 2048]",303.0
1141,7953,77,51,2023-03-05T16:27:22.550000+00:00,31.383,42.463,23.97,234.0,255.0,False,97.816,"[None, 2048, 2048, 2048, 2048, 2048, 2048, 2048, 2049, 2048]","[2048, 2048, 2048, 2048, 2048, 2048, 2048, 2048, 2048, 2048, 2049]","[2048, 2048, 2048, 2048, 2048, 2048, 2048]",290.0
1141,7953,10,51,2023-03-05T16:27:28.112000+00:00,30.941,41.896,23.798,,254.0,False,96.635,"[None, 2048, 2048, 2048, 2048, 2048, 2048, 2048, 2048, 2048]","[2048, 2048, 2048, 2048, 2048, 2048, 2048, 2048, 2048, 2048, 2048]","[2048, 2048, 2048, 2048, 2048, 2048, 2048]",296.0
1141,7953,4,50,2023-03-05T16:27:33.878000+00:00,30.533,41.13,23.594,237.0,266.0,False,95.257,"[None, 2048, 2048, 2048, 2049, 2048, 2048, 2048, 2049, 2049]","[2051, 2051, 2048, 2049, 2048, 2049, 2048, 2048, 2051, 2049, 2051]","[2049, 2048, 2048, 2048, 2049, 2048, 2048]",301.0
1141,7953,23,51,2023-03-05T16:27:40.190000+00:00,31.157,42.662,23.908,235.0,248.0,False,97.727,"[None, 2048, 2048, 2048, 2048, 2048, 2048, 2048, 2048, 2048]","[2048, 2048, 2048, 2049, 2048, 2048, 2048, 2048, 2048, 2048, 2048]","[2048, 2048, 2048, 2048, 2048, 2048, 2048]",312.0
1141,7953,22,51,2023-03-05T16:27:41.534000+00:00,31.074,42.499,24.133,232.0,258.0,False,97.706,"[None, 2048, 2048, 2048, 2048, 2048, 2048, 2048, 2048, 2048]","[2048, 2048, 2048, 2048, 2048, 2048, 2048, 2048, 2048, 2048, 2048]","[2048, 2048, 2048, 2048, 2048, 2048]",304.0
1141,7953,2,51,2023-03-05T16:27:48.299000+00:00,31.024,42.523,23.925,235.0,257.0,False,97.472,"[None, 2048, 2048, 2048, 2048, 2048, 2048, 2048, 2049, 2048]","[2048, 2048, 2048, 2048, 2048, 2048, 2048, 2048, 2048, 2048, 2049]","[2048, 2048, 2048, 2048, 2048, 2048, 2048]",
1141,7953,1,52,2023-03-05T16:27:55.237000+00:00,31.033,42.133,23.753,235.0,241.0,False,96.919,"[None, 2048, 2048, 2048, 2048, 2048, 2048, 2048, 2048, 2048]","[2048, 2048, 2048, 2048, 2048, 2048, 2048, 2048, 2048, 2048, 2048]","[2048, 2048, 2048, 2048, 2048, 2048, 2048]",297.0
1141,7953,24,51,2023-03-05T16:27:55.612000+00:00,31.663,42.921,24.135,236.0,250.0,False,98.719,"[None, 2048, 2048, 2048, 2048, 2048, 2048, 2048, 2048, 2048]","[2048, 2049, 2048, 2048, 2048, 2048, 2048, 2048, 2048, 2048, 2048]","[2048, 2048, 2048, 2048, 2048, 2048, 2048]",288.0
1141,7953,21,51,2023-03-05T16:28:00.908000+00:00,32.491,43.49,24.494,233.0,248.0,False,100.475,"[None, 2048, 2048, 2048, 2048, 2048, 2048, 2048, 2048, 2048]","[2048, 2048, 2048, 2049, 2048, 2048, 2048, 2048, 2048, 2048, 2048]","[2048, 2048, 2048, 2048, 2048, 2048, 2048]",304.0
1141,7953,20,51,2023-03-05T16:28:01.408000+00:00,31.364,42.723,24.07,229.0,250.0,False,98.157,"[2049, 2049, 2048, 2049, 2048, 2048, 2048, 2048, 2048, 2048]","[2048, 2048, 2048, 2048, 2048, 2048, 2048, 2048, 2048, 2048, 2048]","[2048, 2048, 2048, 2048, 2048, 2048]",313.0
1141,7953,11,52,2023-03-05T16:28:05.690000+00:00,31.147,42.086,23.829,236.0,251.0,False,97.062,"[None, 2048, 2048, 2048, 2048, 2048, 2048, 2048, 2048, 2048]","[2048, 2048, 2048, 2048, 2048, 2048, 2048, 2048, 2048, 2049, 2048]","[2048, 2048, 2048, 2048, 2048, 2048]",293.0
1141,7953,27,51,2023-03-05T16:28:10.033000+00:00,31.116,42.192,23.998,,256.0,False,97.306,"[None, 2048, 2048, 2048, 2048, 2048, 2048, 2048, 2048, 2048]","[2049, 2048, 2048, 2048, 2048, 2048, 2048, 2048, 2048, 2048, 2048]","[2048, 2048, 2048, 2048, 2048, 2048, 2048]",299.0
1141,7953,14,52,2023-03-05T16:28:30.064000+00:00,31.043,42.243,23.724,236.0,241.0,False,97.01,"[None, 2048, 2048, 2048, 2048, 2048, 2048, 2048, 2048, 2048]","[2048, 2048, 2048, 2048, 2048, 2048, 2048, 2048, 2048, 2048, 2048]","[2048, 2048, 2048, 2048, 2048, 2048, 2048]",302.0
1141,7953,55,52,2023-03-05T16:28:36.908000+00:00,31.184,42.381,23.925,233.0,255.0,False,97.49,"[None, 2048, 2048, 2048, 2048, 2048, 2048, 2048, 2048, 2048]","[2048, 2048, 2048, 2048, 2048, 2048, 2048, 2048, 2048, 2048, 2048]","[2048, 2048, 2048, 2048, 2048, 2048]",301.0
1141,7953,44,52,2023-03-05T16:28:38.392000+00:00,31.107,42.69,24.006,,259.0,False,97.803,"[None, 2048, 2048, 2048, 2048, 2048, 2048, 2048, 2048, 2048]","[2048, 2048, 2048, 2048, 2048, 2048, 2048, 2048, 2048, 2048, 2048]","[2048, 2048, 2048, 2048, 2048, 2048]",311.0
1141,7953,18,52,2023-03-05T16:28:42.783000+00:00,31.121,42.501,23.957,235.0,259.0,False,97.579,"[None, 2048, 2048, 2048, 2048, 2048, 2048, 2048, 2048, 2048]","[2048, 2048, 2048, 2048, 2048, 2048, 2048, 2048, 2048, 2048, 2048]","[2048, 2048, 2048, 2048, 2048, 2048, 2048]",299.0
1141,7953,63,52,2023-03-05T16:28:44.861000+00:00,31.107,42.517,23.965,236.0,258.0,False,97.589,"[None, 2048, 2048, 2048, 2048, 2048, 2048, 2048, 2048, 2048]","[2048, 2048, 2048, 2048, 2048, 2048, 2048, 2048, 2048, 2048, 2048]","[2048, 2048, 2048, 2048, 2048, 2048, 2048]",305.0
1141,7953,77,52,2023-03-05T16:29:00.376000+00:00,31.512,42.44,23.995,232.0,255.0,False,97.947,"[None, 2048, 2048, 2048, 2048, 2048, 2048, 2048, 2048, 2049]","[2049, 2048, 2048, 2049, 2048, 2048, 2048, 2048, 2048, 2048, 2049]","[2048, 2048, 2048, 2048, 2048, 2048, 2048]",283.0
1141,7953,10,52,2023-03-05T16:29:04.704000+00:00,30.878,42.136,23.877,,254.0,False,96.891,"[None, 2048, 2048, 2048, 2048, 2048, 2048, 2048, 2048, 2048]","[2048, 2048, 2048, 2048, 2048, 2048, 2048, 2048, 2048, 2048, 2048]","[2048, 2048, 2048, 2048, 2048, 2048]",298.0
1141,7953,4,51,2023-03-05T16:29:09.157000+00:00,30.749,41.366,23.707,235.0,261.0,False,95.822,"[None, 2048, 2048, 2048, 2048, 2048, 2048, 2048, 2048, 2048]","[2048, 2051, 2048, 2048, 2048, 2048, 2048, 2048, 2048, 2048, 2048]","[2048, 2048, 2048, 2048, 2048, 2048, 2048]",
1141,7953,23,52,2023-03-05T16:29:17.891000+00:00,31.11,42.907,23.844,236.0,249.0,False,97.861,"[None, 2048, 2048, 2048, 2048, 2048, 2048, 2048, 2048, 2048]","[2048, 2048, 2048, 2048, 2048, 2048, 2048, 2048, 2048, 2048, 2048]","[2048, 2048, 2048, 2048, 2048, 2048, 2048]",
1141,7953,22,52,2023-03-05T16:29:19.204000+00:00,31.005,42.419,24.166,234.0,262.0,False,97.59,"[None, 2048, 2048, 2048, 2048, 2048, 2048, 2048, 2048, 2048]","[2048, 2048, 2048, 2048, 2048, 2048, 2048, 2048, 2048, 2048, 2048]","[2048, 2048, 2049, 2048, 2048, 2048]",
1141,7953,2,52,2023-03-05T16:29:25.782000+00:00,31.031,42.485,23.94,,257.0,False,97.456,"[None, 2048, 2048, 2048, 2048, 2048, 2048, 2048, 2048, 2048]","[2048, 2048, 2048, 2048, 2048, 2048, 2048, 2048, 2048, 2048, 2048]","[2048, 2048, 2048, 2048, 2048, 2048]",309.0
1141,7953,1,53,2023-03-05T16:29:32.188000+00:00,30.906,42.217,23.767,228.0,240.0,False,96.89,"[None, 2048, 2048, 2048, 2048, 2048, 2048, 2048, 2048, 2048]","[2048, 2048, 2048, 2048, 2048, 2048, 2048, 2048, 2048, 2048, 2048]","[2048, 2048, 2048, 2048, 2048, 2048, 2048]",293.0
1141,7953,24,52,2023-03-05T16:29:34.282000+00:00,31.522,42.936,24.255,233.0,240.0,False,98.713,"[None, 2048, 2048, 2048, 2048, 2048, 2048, 2048, 2048, 2048]","[2048, 2048, 2048, 2048, 2048, 2048, 2048, 2048, 2048, 2048, 2048]","[2048, 2048, 2048, 2048, 2048, 2048, 2048]",302.0
1141,7953,20,52,2023-03-05T16:29:39.454000+00:00,31.275,42.598,24.09,231.0,253.0,False,97.963,"[2048, 2048, 2048, 2048, 2048, 2048, 2048, 2048, 2048, 2048]","[2049, 2048, 2048, 2048, 2048, 2048, 2048, 2048, 2048, 2048, 2048]","[2048, 2048, 2048, 2048, 2048, 2048, 2048]",296.0
1141,7953,21,52,2023-03-05T16:29:41.422000+00:00,31.497,44.208,24.625,234.0,245.0,False,100.33,"[None, 2048, 2048, 2048, 2048, 2048, 2048, 2048, 2048, 2048]","[2048, 2048, 2048, 2048, 2048, 2048, 2048, 2048, 2048, 2048, 2048]","[2048, 2048, 2048, 2048, 2048, 2048]",300.0
1141,7953,11,53,2023-03-05T16:29:42.782000+00:00,31.094,42.383,23.868,,254.0,False,97.345,"[None, 2048, 2048, 2048, 2048, 2048, 2048, 2048, 2048, 2048]","[2048, 2048, 2048, 2048, 2048, 2048, 2048, 2049, 2048, 2048, 2048]","[2048, 2048, 2048, 2048, 2048, 2048, 2048]",300.0
1141,7953,27,52,2023-03-05T16:29:47.344000+00:00,31.146,42.515,24.256,,254.0,False,97.917,"[None, 2048, 2048, 2048, 2048, 2048, 2048, 2048, 2049, 2048]","[2048, 2049, 2048, 2048, 2048, 2048, 2048, 2048, 2048, 2048, 2048]","[2048, 2048, 2048, 2048, 2048, 2048, 2048]",301.0
1141,7953,14,53,2023-03-05T16:30:07.094000+00:00,31.159,42.135,23.716,234.0,246.0,False,97.01,"[None, 2048, 2048, 2048, 2048, 2048, 2048, 2048, 2048, 2048]","[2048, 2048, 2048, 2048, 2048, 2048, 2048, 2048, 2049, 2048, 2048]","[2048, 2048, 2048, 2048, 2048, 2048, 2048]",303.0
1141,7953,55,53,2023-03-05T16:30:14.344000+00:00,31.248,42.531,23.881,234.0,252.0,False,97.66,"[None, 2048, 2048, 2048, 2048, 2048, 2048, 2048, 2048, 2048]","[2049, 2049, 2048, 2048, 2048, 2048, 2048, 2048, 2048, 2048, 2048]","[2048, 2048, 2048, 2048, 2048, 2048]",302.0
1141,7953,44,53,2023-03-05T16:30:16.234000+00:00,31.1,42.853,24.035,,257.0,False,97.988,"[None, 2048, 2048, 2048, 2048, 2048, 2048, 2048, 2048, 2048]","[2048, 2049, 2048, 2048, 2048, 2048, 2048, 2048, 2048, 2048, 2048]","[2048, 2048, 2048, 2048, 2048, 2048, 2048]",309.0
1141,7953,18,53,2023-03-05T16:30:20.406000+00:00,31.162,43.275,23.942,234.0,260.0,False,98.379,"[None, 2048, 2048, 2048, 2048, 2048, 2048, 2048, 2048, 2048]","[2048, 2048, 2048, 2048, 2048, 2048, 2048, 2048, 2048, 2048, 2049]","[2048, 2048, 2048, 2048, 2048, 2048, 2048]",300.0
1141,7953,63,53,2023-03-05T16:30:22.484000+00:00,31.065,42.707,24.069,235.0,261.0,False,97.841,"[None, 2048, 2048, 2048, 2048, 2048, 2048, 2048, 2048, 2048]","[2048, 2048, 2048, 2048, 2048, 2048, 2048, 2048, 2048, 2048, 2048]","[2048, 2048, 2048, 2048, 2048, 2048]",
1141,7953,77,53,2023-03-05T16:30:38.281000+00:00,31.458,42.413,23.985,234.0,261.0,False,97.856,"[None, 2048, 2048, 2048, 2048, 2048, 2048, 2048, 2048, 2048]","[2049, 2049, 2048, 2049, 2048, 2048, 2048, 2048, 2048, 2048, 2049]","[2048, 2048, 2049, 2048, 2048, 2048]",286.0
1141,7953,10,53,2023-03-05T16:30:41.624000+00:00,30.964,42.046,23.969,232.0,254.0,False,96.979,"[None, 2048, 2048, 2048, 2048, 2048, 2048, 2048, 2048, 2048]","[2048, 2048, 2048, 2048, 2048, 2048, 2048, 2048, 2048, 2048, 2048]","[2048, 2048, 2048, 2048, 2048, 2048]",301.0
1141,7953,4,52,2023-03-05T16:30:44.984000+00:00,30.747,41.651,23.754,234.0,261.0,False,96.152,"[None, 2048, 2048, 2048, 2048, 2048, 2048, 2048, 2048, 2048]","[2048, 2048, 2048, 2048, 2048, 2048, 2048, 2048, 2048, 2048, 2048]","[2048, 2048, 2048, 2048, 2048, 2048, 2048]",299.0
1141,7953,23,53,2023-03-05T16:30:55.765000+00:00,31.109,42.799,23.87,237.0,255.0,False,97.778,"[None, 2048, 2048, 2048, 2048, 2048, 2048, 2048, 2048, 2048]","[2048, 2048, 2048, 2048, 2048, 2048, 2048, 2048, 2048, 2048, 2048]","[2048, 2048, 2048, 2048, 2048, 2048, 2048]",311.0
1141,7953,22,53,2023-03-05T16:30:56.796000+00:00,30.863,42.461,24.351,233.0,263.0,False,97.675,"[None, 2048, 2048, 2048, 2048, 2048, 2049, 2048, 2048, 2048]","[2048, 2048, 2048, 2048, 2048, 2048, 2048, 2048, 2048, 2048, 2049]","[2048, 2048, 2048, 2048, 2048, 2048, 2048]",317.0
1141,7953,2,53,2023-03-05T16:31:03.218000+00:00,31.044,42.593,24.025,236.0,259.0,False,97.662,"[None, 2048, 2048, 2048, 2048, 2048, 2048, 2048, 2048, 2048]","[2048, 2048, 2048, 2048, 2048, 2048, 2048, 2048, 2048, 2048, 2048]","[2048, 2048, 2048, 2048, 2048, 2048, 2048]",308.0
1141,7953,1,54,2023-03-05T16:31:09.077000+00:00,30.988,41.938,23.752,235.0,245.0,False,96.678,"[None, 2048, 2048, 2048, 2048, 2048, 2048, 2048, 2048, 2048]","[2048, 2049, 2048, 2048, 2048, 2048, 2048, 2048, 2049, 2048, 2048]","[2048, 2048, 2048, 2048, 2048, 2048, 2048]",297.0
1141,7953,24,53,2023-03-05T16:31:12.983000+00:00,31.452,43.01,24.172,236.0,240.0,False,98.634,"[None, 2048, 2048, 2048, 2048, 2048, 2048, 2048, 2048, 2048]","[2048, 2048, 2048, 2048, 2048, 2048, 2048, 2048, 2048, 2048, 2048]","[2048, 2048, 2048, 2048, 2048, 2048]",297.0
1141,7953,20,53,2023-03-05T16:31:17.530000+00:00,31.324,42.612,24.046,234.0,258.0,False,97.982,"[None, 2048, 2048, 2048, 2048, 2048, 2048, 2048, 2048, 2048]","[2049, 2048, 2048, 2048, 2048, 2048, 2048, 2048, 2048, 2048, 2049]","[2048, 2048, 2048, 2048, 2048, 2048, 2048]",301.0
1141,7953,11,54,2023-03-05T16:31:20.092000+00:00,31.25,42.257,23.789,235.0,262.0,False,97.296,"[None, 2048, 2048, 2048, 2048, 2048, 2048, 2048, 2048, 2048]","[2048, 2048, 2048, 2048, 2048, 2048, 2048, 2048, 2048, 2049, 2049]","[2048, 2048, 2048, 2048, 2048, 2048]",292.0
1141,7953,21,53,2023-03-05T16:31:21.749000+00:00,31.459,43.284,24.407,,245.0,False,99.15,"[None, 2048, 2048, 2048, 2048, 2048, 2048, 2048, 2048, 2048]","[2048, 2048, 2048, 2048, 2048, 2048, 2048, 2048, 2048, 2048, 2048]","[2048, 2048, 2048, 2048, 2048, 2048, 2048]",302.0
1141,7953,27,53,2023-03-05T16:31:25.217000+00:00,31.267,42.619,24.181,233.0,258.0,False,98.067,"[None, 2048, 2048, 2048, 2048, 2048, 2048, 2048, 2048, 2048]","[2048, 2048, 2048, 2048, 2048, 2048, 2048, 2048, 2048, 2048, 2049]","[2048, 2048, 2048, 2048, 2048, 2048, 2048]",302.0
1141,7953,14,54,2023-03-05T16:31:44.108000+00:00,31.305,42.469,23.825,,251.0,False,97.599,"[None, 2048, 2048, 2048, 2048, 2048, 2048, 2048, 2048, 2048]","[2048, 2048, 2048, 2048, 2048, 2048, 2048, 2048, 2048, 2048, 2048]","[2048, 2048, 2048, 2048, 2048, 2048, 2048]",
1141,7953,55,54,2023-03-05T16:31:51.998000+00:00,31.234,42.543,23.917,232.0,256.0,False,97.694,"[None, 2048, 2048, 2048, 2048, 2048, 2048, 2048, 2048, 2048]","[2048, 2048, 2048, 2048, 2048, 2048, 2048, 2048, 2048, 2048, 2048]","[2048, 2048, 2048, 2048, 2048, 2048]",
1141,7953,44,54,2023-03-05T16:31:54.248000+00:00,31.14,42.838,24.098,234.0,258.0,False,98.076,"[None, 2048, 2048, 2048, 2048, 2048, 2048, 2048, 2048, 2048]","[2048, 2048, 2048, 2048, 2048, 2048, 2048, 2048, 2048, 2048, 2048]","[2048, 2048, 2048, 2048, 2048, 2048, 2048]",
1141,7953,18,54,2023-03-05T16:31:58.732000+00:00,31.11,42.373,24.114,,261.0,False,97.597,"[None, 2048, 2048, 2048, 2048, 2048, 2048, 2048, 2048, 2048]","[2048, 2048, 2048, 2048, 2048, 2048, 2048, 2048, 2048, 2048, 2049]","[2048, 2048, 2048, 2048, 2048, 2048, 2048]",
1141,7953,63,54,2023-03-05T16:32:00.404000+00:00,31.192,42.658,24.073,234.0,257.0,False,97.923,"[None, 2048, 2048, 2048, 2048, 2048, 2048, 2048, 2048, 2048]","[2048, 2048, 2048, 2048, 2048, 2048, 2048, 2048, 2048, 2048, 2048]","[2048, 2048, 2048, 2048, 2048, 2048, 2048]",
1141,7953,77,54,2023-03-05T16:32:16.154000+00:00,31.461,42.3,23.977,233.0,256.0,False,97.738,"[None, 2048, 2048, 2048, 2048, 2048, 2048, 2048, 2048, 2049]","[2048, 2049, 2048, 2048, 2048, 2048, 2048, 2048, 2048, 2048, 2048]","[2048, 2048, 2049, 2048, 2048, 2048, 2048]",283.0
1141,7953,10,54,2023-03-05T16:32:18.591000+00:00,31.101,42.251,23.87,234.0,254.0,False,97.222,"[None, 2048, 2048, 2048, 2048, 2048, 2048, 2048, 2048, 2048]","[2048, 2048, 2048, 2048, 2048, 2048, 2048, 2048, 2048, 2048, 2048]","[2048, 2048, 2048, 2048, 2048, 2048, 2048]",302.0
1141,7953,4,53,2023-03-05T16:32:21.138000+00:00,30.909,41.607,23.984,235.0,263.0,False,96.5,"[None, 2048, 2048, 2049, 2048, 2048, 2048, 2048, 2048, 2048]","[2048, 2048, 2048, 2048, 2048, 2048, 2048, 2048, 2048, 2048, 2048]","[2048, 2048, 2048, 2048, 2048, 2048]",298.0
1141,7953,23,54,2023-03-05T16:32:33.513000+00:00,31.074,42.796,23.91,236.0,256.0,False,97.78,"[None, 2048, 2048, 2048, 2048, 2048, 2048, 2048, 2048, 2048]","[2048, 2048, 2048, 2048, 2048, 2048, 2048, 2048, 2048, 2048, 2048]","[2048, 2048, 2048, 2048, 2048, 2048]",312.0
1141,7953,22,54,2023-03-05T16:32:34.482000+00:00,31.051,42.411,24.258,234.0,261.0,False,97.72,"[None, 2048, 2048, 2048, 2048, 2048, 2048, 2048, 2048, 2048]","[2048, 2048, 2048, 2048, 2048, 2048, 2048, 2048, 2048, 2048, 2048]","[2048, 2048, 2049, 2048, 2048, 2048, 2048]",318.0
1141,7953,2,54,2023-03-05T16:32:40.903000+00:00,31.046,42.824,24.066,235.0,255.0,False,97.936,"[None, 2048, 2048, 2048, 2048, 2048, 2048, 2048, 2048, 2048]","[2048, 2048, 2048, 2048, 2048, 2048, 2048, 2048, 2048, 2048, 2048]","[2048, 2048, 2048, 2048, 2048, 2048, 2048]",309.0
1141,7953,1,55,2023-03-05T16:32:45.778000+00:00,30.964,41.747,23.611,234.0,247.0,False,96.322,"[None, 2048, 2048, 2048, 2048, 2048, 2048, 2048, 2049, 2048]","[2049, 2049, 2048, 2048, 2048, 2048, 2048, 2048, 2049, 2049, 2048]","[2048, 2048, 2048, 2048, 2048, 2048, 2048]",295.0
1141,7953,24,54,2023-03-05T16:32:51.622000+00:00,31.543,43.359,27.065,234.0,251.0,False,101.967,"[None, 2048, 2048, 2048, 2048, 2048, 2048, 2048, 2048, 2048]","[2048, 2048, 2048, 2048, 2048, 2048, 2048, 2048, 2048, 2048, 2048]","[2048, 2048, 2048, 2048, 2048, 2048, 2064]",295.0
1141,7953,20,54,2023-03-05T16:32:55.513000+00:00,31.272,42.695,25.684,235.0,256.0,False,99.651,"[None, 2048, 2048, 2048, 2048, 2048, 2048, 2048, 2048, 2048]","[2049, 2048, 2048, 2048, 2048, 2048, 2048, 2048, 2048, 2048, 2048]","[2048, 2048, 2048, 2048, 2048, 2048, 2048]",
1141,7953,11,55,2023-03-05T16:32:57.372000+00:00,31.084,42.076,23.932,234.0,261.0,False,97.092,"[None, 2048, 2048, 2048, 2048, 2048, 2048, 2048, 2048, 2048]","[2049, 2048, 2048, 2048, 2048, 2048, 2048, 2048, 2048, 2048, 2048]","[2048, 2048, 2048, 2048, 2048, 2048, 2048]",301.0
1141,7953,21,54,2023-03-05T16:33:00.856000+00:00,31.467,43.108,24.31,,249.0,False,98.885,"[None, 2048, 2048, 2048, 2048, 2048, 2048, 2048, 2048, 2048]","[2048, 2048, 2048, 2048, 2048, 2048, 2048, 2048, 2048, 2049, 2048]","[2048, 2048, 2048, 2048, 2048, 2048]",299.0
1141,7953,27,54,2023-03-05T16:33:03.372000+00:00,31.303,42.713,24.442,234.0,255.0,False,98.458,"[None, 2048, 2048, 2048, 2048, 2048, 2048, 2048, 2048, 2048]","[2048, 2048, 2048, 2048, 2048, 2048, 2048, 2048, 2048, 2048, 2048]","[2048, 2048, 2048, 2048, 2048, 2048]",301.0
1141,7953,14,55,2023-03-05T16:33:21.715000+00:00,31.237,42.575,23.85,232.0,247.0,False,97.662,"[None, 2048, 2048, 2048, 2048, 2048, 2048, 2048, 2048, 2048]","[2048, 2048, 2048, 2048, 2048, 2048, 2048, 2048, 2048, 2048, 2048]","[2048, 2048, 2048, 2048, 2048, 2048, 2048]",296.0
1141,7953,55,55,2023-03-05T16:33:29.715000+00:00,31.31,42.638,23.873,,254.0,False,97.821,"[None, 2048, 2048, 2048, 2048, 2048, 2048, 2048, 2048, 2048]","[2048, 2048, 2048, 2048, 2048, 2048, 2048, 2048, 2048, 2048, 2048]","[2048, 2048, 2048, 2048, 2048, 2048]",301.0
1141,7953,44,55,2023-03-05T16:33:32.246000+00:00,31.131,42.775,24.049,236.0,261.0,False,97.955,"[None, 2048, 2048, 2048, 2048, 2048, 2048, 2048, 2048, 2048]","[2048, 2048, 2048, 2048, 2048, 2048, 2048, 2048, 2048, 2048, 2048]","[2048, 2048, 2048, 2048, 2048, 2048, 2048]",308.0
1141,7953,18,55,2023-03-05T16:33:36.309000+00:00,31.149,42.517,24.035,233.0,259.0,False,97.701,"[None, 2048, 2048, 2048, 2048, 2048, 2048, 2048, 2048, 2048]","[2048, 2048, 2048, 2048, 2048, 2048, 2048, 2048, 2048, 2048, 2048]","[2048, 2048, 2048, 2048, 2048, 2048, 2048]",301.0
1141,7953,63,55,2023-03-05T16:33:38.231000+00:00,31.118,42.621,24.121,236.0,264.0,False,97.86,"[None, 2048, 2048, 2048, 2048, 2048, 2048, 2048, 2048, 2048]","[2048, 2048, 2048, 2048, 2048, 2048, 2048, 2048, 2048, 2048, 2049]","[2048, 2048, 2048, 2048, 2048, 2048, 2048]",298.0
1141,7953,77,55,2023-03-05T16:33:53.949000+00:00,31.526,42.257,24.024,235.0,261.0,False,97.807,"[None, 2048, 2048, 2048, 2048, 2048, 2048, 2048, 2048, 2049]","[2049, 2048, 2048, 2048, 2048, 2048, 2048, 2048, 2049, 2048, 2049]","[2048, 2048, 2048, 2048, 2048, 2048, 2048]",286.0
1141,7953,10,55,2023-03-05T16:33:55.855000+00:00,31.1,42.422,24.037,233.0,254.0,False,97.559,"[None, 2048, 2048, 2048, 2048, 2048, 2048, 2048, 2048, 2048]","[2048, 2048, 2048, 2048, 2048, 2048, 2048, 2048, 2048, 2048, 2048]","[2048, 2048, 2048, 2048, 2048, 2048, 2048]",303.0
1141,7953,4,54,2023-03-05T16:33:57.668000+00:00,30.938,42.162,26.689,,260.0,False,99.789,"[None, 2048, 2048, 2048, 2048, 2048, 2048, 2048, 2048, 2048]","[2048, 2048, 2048, 2048, 2048, 2048, 2048, 2048, 2048, 2048, 2048]","[2048, 2048, 2048, 2048, 2048, 2048, 2064]",301.0
1141,7953,23,55,2023-03-05T16:34:11.292000+00:00,31.113,42.777,23.913,237.0,256.0,False,97.803,"[None, 2048, 2048, 2048, 2048, 2048, 2048, 2048, 2048, 2048]","[2048, 2048, 2048, 2048, 2048, 2048, 2048, 2048, 2048, 2048, 2048]","[2048, 2048, 2048, 2048, 2048, 2048]",
1141,7953,22,55,2023-03-05T16:34:12.214000+00:00,30.804,42.709,24.432,232.0,262.0,False,97.945,"[None, 2048, 2048, 2048, 2048, 2048, 2049, 2048, 2048, 2048]","[2048, 2048, 2048, 2048, 2048, 2048, 2048, 2048, 2048, 2048, 2048]","[2048, 2048, 2048, 2048, 2048, 2048, 2048]",321.0
1141,7953,2,55,2023-03-05T16:34:18.824000+00:00,31.122,43.107,24.087,236.0,254.0,False,98.316,"[None, 2048, 2048, 2048, 2048, 2048, 2048, 2048, 2048, 2048]","[2048, 2048, 2048, 2048, 2048, 2048, 2048, 2048, 2048, 2048, 2048]","[2048, 2048, 2048, 2048, 2048, 2048, 2048]",
1141,7953,1,56,2023-03-05T16:34:22.058000+00:00,31.091,42.27,23.844,233.0,238.0,False,97.205,"[None, 2048, 2048, 2048, 2048, 2048, 2048, 2048, 2048, 2048]","[2048, 2048, 2048, 2048, 2048, 2048, 2048, 2048, 2049, 2048, 2048]","[2048, 2048, 2048, 2048, 2048, 2048, 2048]",294.0
1141,7953,24,55,2023-03-05T16:34:33.589000+00:00,58.478,44.129,25.066,227.0,242.0,True,127.673,"[2064, 2064, 2064, 2048, 2048, 2048, 2048, 2048, 2048, 2048]","[2048, 2048, 2048, 2048, 2048, 2048, 2048, 2048, 2048, 2048, 2048]","[2048, 2048, 2048, 2048, 2048, 2051, 0]",209.0
1141,7953,11,56,2023-03-05T16:34:34.480000+00:00,31.165,41.786,23.614,236.0,255.0,False,96.565,"[None, 2048, 2048, 2048, 2048, 2048, 2048, 2048, 2048, 2048]","[2049, 2049, 2048, 2048, 2048, 2048, 2048, 2048, 2048, 2048, 2048]","[2048, 2048, 2048, 2048, 2048, 2048]",293.0
1141,7953,20,55,2023-03-05T16:34:35.136000+00:00,31.366,42.971,24.109,234.0,258.0,False,98.446,"[None, 2048, 2048, 2048, 2048, 2048, 2049, 2049, 2048, 2048]","[2048, 2048, 2048, 2048, 2048, 2048, 2048, 2048, 2048, 2048, 2048]","[2048, 2048, 2048, 2048, 2048, 2048, 2048]",315.0
1141,7953,21,55,2023-03-05T16:34:39.792000+00:00,31.445,43.538,24.256,,249.0,False,99.239,"[None, 2048, 2048, 2048, 2048, 2048, 2048, 2048, 2048, 2048]","[2048, 2048, 2048, 2048, 2048, 2048, 2048, 2048, 2048, 2049, 2049]","[2048, 2048, 2048, 2048, 2048, 2048]",298.0
1141,7953,27,55,2023-03-05T16:34:41.776000+00:00,31.42,42.876,24.268,233.0,258.0,False,98.564,"[None, 2048, 2048, 2048, 2048, 2048, 2048, 2048, 2048, 2048]","[2048, 2048, 2048, 2048, 2048, 2048, 2048, 2048, 2048, 2048, 2049]","[2048, 2048, 2048, 2049, 2048, 2048]",303.0
1141,7953,14,56,2023-03-05T16:34:59.385000+00:00,31.425,42.157,23.891,231.0,255.0,False,97.473,"[None, 2048, 2048, 2048, 2048, 2048, 2048, 2048, 2048, 2048]","[2048, 2048, 2048, 2048, 2048, 2048, 2048, 2048, 2048, 2048, 2048]","[2048, 2048, 2048, 2048, 2048, 2048]",303.0
1141,7953,55,56,2023-03-05T16:35:07.526000+00:00,31.403,42.736,23.987,233.0,255.0,False,98.126,"[None, 2048, 2048, 2048, 2048, 2048, 2048, 2048, 2048, 2048]","[2048, 2048, 2048, 2048, 2048, 2048, 2048, 2048, 2048, 2048, 2048]","[2048, 2048, 2048, 2048, 2048, 2048]",302.0
1141,7953,44,56,2023-03-05T16:35:10.213000+00:00,31.227,42.824,24.06,237.0,261.0,False,98.111,"[None, 2048, 2048, 2049, 2048, 2048, 2048, 2048, 2048, 2048]","[2049, 2049, 2048, 2048, 2048, 2048, 2048, 2048, 2048, 2048, 2048]","[2048, 2048, 2048, 2048, 2048, 2048, 2048]",309.0
1141,7953,18,56,2023-03-05T16:35:14.041000+00:00,31.287,42.737,24.086,234.0,257.0,False,98.11,"[None, 2048, 2048, 2048, 2048, 2048, 2048, 2048, 2048, 2048]","[2048, 2048, 2048, 2048, 2048, 2048, 2048, 2048, 2048, 2048, 2048]","[2048, 2048, 2048, 2048, 2048, 2048, 2048]",
1141,7953,63,56,2023-03-05T16:35:16.119000+00:00,30.961,42.593,24.082,238.0,265.0,False,97.636,"[None, 2048, 2048, 2048, 2048, 2048, 2048, 2048, 2048, 2048]","[2049, 2048, 2048, 2048, 2048, 2048, 2048, 2048, 2048, 2048, 2049]","[2048, 2048, 2048, 2049, 2048, 2048]",307.0
1141,7953,77,56,2023-03-05T16:35:31.697000+00:00,31.687,42.384,24.089,,259.0,False,98.16,"[None, 2048, 2048, 2048, 2048, 2048, 2048, 2048, 2048, 2048]","[2048, 2048, 2048, 2049, 2048, 2048, 2048, 2048, 2048, 2048, 2049]","[2048, 2048, 2048, 2049, 2048, 2048, 2048]",288.0
1141,7953,10,56,2023-03-05T16:35:33.400000+00:00,31.196,42.539,24.11,234.0,255.0,False,97.845,"[None, 2048, 2048, 2048, 2048, 2048, 2048, 2048, 2048, 2048]","[2048, 2048, 2048, 2048, 2048, 2048, 2048, 2048, 2048, 2048, 2048]","[2048, 2048, 2048, 2049, 2048, 2048, 2048]",305.0
1141,7953,4,55,2023-03-05T16:35:37.369000+00:00,59.558,41.73,23.559,229.0,260.0,True,124.847,"[2064, 2064, 2064, 2048, 2048, 2048, 2048, 2048, 2048, 2048]","[2048, 2048, 2048, 2049, 2048, 2049, 2048, 2048, 2048, 2048, 2048]","[2049, 2048, 2048, 2048, 2051, 2048, 0]",215.0
1141,7953,23,56,2023-03-05T16:35:49.103000+00:00,31.157,42.905,24.097,238.0,252.0,False,98.159,"[None, 2048, 2048, 2048, 2048, 2048, 2048, 2048, 2048, 2048]","[2048, 2049, 2048, 2048, 2048, 2048, 2048, 2048, 2048, 2048, 2048]","[2048, 2048, 2048, 2048, 2048, 2048, 2049]",
1141,7953,22,56,2023-03-05T16:35:50.134000+00:00,30.921,42.841,24.34,233.0,260.0,False,98.102,"[None, 2048, 2048, 2048, 2048, 2048, 2048, 2048, 2048, 2048]","[2048, 2048, 2048, 2048, 2048, 2048, 2048, 2048, 2048, 2048, 2048]","[2048, 2048, 2048, 2048, 2048, 2048, 2048]",323.0
1141,7953,2,56,2023-03-05T16:35:57.134000+00:00,31.157,44.242,24.227,,250.0,False,99.626,"[None, 2048, 2048, 2048, 2048, 2048, 2048, 2048, 2048, 2048]","[2048, 2048, 2048, 2048, 2048, 2048, 2048, 2048, 2048, 2048, 2048]","[2048, 2048, 2048, 2048, 2048, 2048]",
1141,7953,1,57,2023-03-05T16:35:59.291000+00:00,30.96,41.763,23.65,235.0,262.0,False,96.373,"[None, 2048, 2048, 2048, 2048, 2048, 2048, 2048, 2048, 2048]","[2049, 2049, 2048, 2048, 2048, 2048, 2048, 2048, 2048, 2049, 2049]","[2048, 2048, 2048, 2049, 2048, 2048, 2048]",295.0
1141,7953,11,57,2023-03-05T16:36:11.056000+00:00,30.969,41.799,23.79,237.0,263.0,False,96.558,"[None, 2048, 2048, 2048, 2048, 2048, 2048, 2048, 2048, 2048]","[2048, 2048, 2048, 2048, 2048, 2048, 2048, 2048, 2048, 2048, 2049]","[2048, 2048, 2048, 2048, 2048, 2048, 2048]",300.0
1141,7953,20,56,2023-03-05T16:36:13.525000+00:00,31.633,42.882,24.264,,255.0,False,98.779,"[None, 2048, 2048, 2048, 2048, 2048, 2048, 2048, 2048, 2048]","[2048, 2048, 2048, 2048, 2048, 2048, 2048, 2048, 2048, 2048, 2048]","[2048, 2048, 2048, 2048, 2048, 2048, 2048]",302.0
1141,7953,21,56,2023-03-05T16:36:18.915000+00:00,31.644,43.211,24.306,,249.0,False,99.161,"[None, 2048, 2048, 2048, 2048, 2048, 2048, 2048, 2048, 2048]","[2048, 2048, 2048, 2048, 2048, 2048, 2048, 2048, 2048, 2048, 2048]","[2048, 2048, 2048, 2048, 2048, 2048, 2048]",295.0
1141,7953,27,56,2023-03-05T16:36:20.243000+00:00,31.66,42.973,24.573,235.0,259.0,False,99.206,"[None, 2048, 2048, 2048, 2048, 2048, 2048, 2048, 2048, 2048]","[2048, 2048, 2048, 2048, 2048, 2048, 2048, 2048, 2048, 2048, 2049]","[2048, 2048, 2048, 2049, 2048, 2048]",
1141,7953,14,57,2023-03-05T16:36:36.884000+00:00,31.421,42.088,23.913,233.0,257.0,False,97.422,"[None, 2048, 2048, 2048, 2048, 2048, 2048, 2048, 2048, 2048]","[2049, 2048, 2048, 2048, 2048, 2048, 2048, 2048, 2048, 2048, 2048]","[2048, 2048, 2048, 2048, 2048, 2048]",299.0
1141,7953,24,56,2023-03-05T16:36:41.274000+00:00,30.183,40.533,23.28,239.0,268.0,False,93.996,"[2048, 2048, 2048, 2048, 2049, 2051, 2048, 2048, 2051, 2051]","[2049, 2051, 2049, 2051, 2049, 2049, 2048, 2049, 2051, 2051, 2051]","[2049, 2049, 2048, 2048, 2049, 2048]",292.0
1141,7953,55,57,2023-03-05T16:36:45.649000+00:00,31.244,42.749,24.028,,253.0,False,98.021,"[None, 2048, 2048, 2048, 2048, 2048, 2048, 2048, 2048, 2048]","[2049, 2048, 2048, 2048, 2048, 2048, 2048, 2048, 2048, 2048, 2048]","[2048, 2048, 2048, 2048, 2048, 2048, 2048]",304.0
1141,7953,44,57,2023-03-05T16:36:48.352000+00:00,31.166,42.89,24.199,,264.0,False,98.255,"[None, 2048, 2048, 2048, 2048, 2048, 2048, 2048, 2048, 2048]","[2049, 2048, 2048, 2048, 2048, 2048, 2048, 2048, 2048, 2048, 2049]","[2048, 2048, 2048, 2048, 2048, 2048, 2048]",
1141,7953,18,57,2023-03-05T16:36:52.180000+00:00,31.194,42.65,24.147,,257.0,False,97.991,"[None, 2048, 2048, 2048, 2048, 2048, 2048, 2048, 2048, 2048]","[2048, 2048, 2048, 2048, 2048, 2048, 2048, 2048, 2048, 2048, 2048]","[2048, 2048, 2048, 2048, 2048, 2048, 2048]",300.0
1141,7953,63,57,2023-03-05T16:36:53.727000+00:00,31.077,42.54,24.15,235.0,260.0,False,97.767,"[None, 2048, 2048, 2048, 2048, 2048, 2048, 2048, 2048, 2048]","[2048, 2048, 2048, 2048, 2048, 2048, 2048, 2048, 2048, 2048, 2048]","[2048, 2048, 2048, 2049, 2048, 2048, 2048]",311.0
1141,7953,77,57,2023-03-05T16:37:09.930000+00:00,31.543,42.623,24.241,,250.0,False,98.407,"[None, 2048, 2048, 2048, 2048, 2048, 2048, 2048, 2048, 2049]","[2048, 2048, 2048, 2048, 2048, 2048, 2048, 2048, 2048, 2048, 2048]","[2048, 2048, 2049, 2048, 2048, 2048, 2048]",285.0
1141,7953,10,57,2023-03-05T16:37:11.242000+00:00,31.26,42.631,24.256,235.0,254.0,False,98.147,"[None, 2048, 2048, 2048, 2048, 2048, 2048, 2048, 2048, 2048]","[2048, 2048, 2048, 2048, 2048, 2048, 2048, 2048, 2048, 2048, 2048]","[2048, 2048, 2048, 2049, 2048, 2048, 2048]",306.0
1141,7953,23,57,2023-03-05T16:37:27.273000+00:00,31.128,42.928,24.081,237.0,261.0,False,98.137,"[None, 2048, 2048, 2048, 2048, 2048, 2048, 2048, 2048, 2048]","[2048, 2048, 2048, 2048, 2048, 2048, 2048, 2048, 2048, 2048, 2049]","[2048, 2048, 2048, 2048, 2048, 2048, 2048]",
1141,7953,22,57,2023-03-05T16:37:28.273000+00:00,30.946,42.795,24.505,234.0,262.0,False,98.246,"[None, 2048, 2048, 2048, 2048, 2048, 2048, 2048, 2048, 2048]","[2048, 2048, 2048, 2048, 2048, 2048, 2048, 2048, 2048, 2048, 2048]","[2048, 2048, 2048, 2048, 2048, 2048, 2048]",320.0
