meeting_key,session_key,driver_number,lap_number,date_start,duration_sector_1,duration_sector_2,duration_sector_3,i1_speed,i2_speed,is_pit_out_lap,lap_duration,segments_sector_1,segments_sector_2,segments_sector_3,st_speed
1143,7787,11,1,,,18.735,69.69,267.0,303.0,False,,"[None, 2049, 2049, 2049, 2049, 2049, 2049, 2049, 2049]","[2049, 2049, 2049, 2049, 2049]","[2049, 2049, 2049, 2049, 2049, 2049, 2064, 2064]",220.0
1143,7787,77,1,,,19.004,73.128,257.0,287.0,False,,"[None, 2049, 2049, 2049, 2049, 2049, 2049, 2049, 2049]","[2049, 2049, 2049, 2049, 2049]","[2049, 2049, 2049, 2049, 2049, 2049, 2064, 2064]",203.0
1143,7787,63,1,2023-04-02T05:03:18.684000+00:00,34.709,18.88,44.614,268.0,283.0,False,98.203,"[2049, 2051, 2051, 2049, 2049, 2051, 2051, 2051, 2051]","[2051, 2049, 2049, 2049, 2049]","[2049, 2049, 2049, 2051, 2049, 2049, 2049, 2051]",240.0
1143,7787,44,1,2023-04-02T05:03:18.684000+00:00,36.287,18.733,45.558,272.0,296.0,False,100.578,"[2049, 2049, 2049, 2049, 2049, 2049, 2049, 2049, 2049]","[2049, 2049, 2049, 2049, 2049]","[2051, 2051, 2051, 2049, 2051, 2049, 2049, 2049]",243.0
1143,7787,14,1,2023-04-02T05:03:18.684000+00:00,37.676,18.868,49.346,262.0,302.0,False,105.89,"[2049, 2049, 2049, 2049, 2049, 2049, 2049, 2049, 2049]","[2049, 2049, 2049, 2049, 2049]","[2049, 2049, 2049, 2049, 2049, 2051, 2049, 2049]",242.0
1143,7787,55,1,2023-04-02T05:03:18.684000+00:00,37.281,18.702,48.235,263.0,294.0,False,104.218,"[2049, 2049, 2049, 2049, 2051, 2049, 2049, 2049, 2049]","[2049, 2049, 2049, 2049, 2049]","[2049, 2049, 2049, 2049, 2049, 2049, 2049, 2049]",247.0
1143,7787,18,1,2023-04-02T05:03:18.684000+00:00,38.097,19.292,50.986,262.0,302.0,False,108.375,"[2049, 2049, 2049, 2049, 2049, 2049, 2049, 2049, 2049]","[2049, 2049, 2049, 2049, 2049]","[2049, 2049, 2049, 2049, 2049, 2049, 2049, 2049]",230.0
1143,7787,1,1,2023-04-02T05:03:18.684000+00:00,36.858,18.707,46.357,274.0,293.0,False,101.922,"[2049, 2049, 2049, 2049, 2049, 2049, 2049, 2049, 2049]","[2049, 2051, 2049, 2049, 2049]","[2049, 2049, 2049, 2049, 2049, 2049, 2049, 2049]",239.0
1143,7787,23,1,2023-04-02T05:03:18.684000+00:00,37.872,18.791,50.087,251.0,296.0,False,106.75,"[2049, 2049, 2049, 2049, 2049, 2049, 2049, 2049, 2049]","[2049, 2049, 2049, 2049, 2049]","[2049, 2049, 2049, 2049, 2049, 2049, 2049, 2049]",219.0
1143,7787,10,1,2023-04-02T05:03:18.684000+00:00,38.609,18.89,53.173,260.0,304.0,False,110.672,"[2049, 2049, 2049, 2049, 2049, 2049, 2049, 2049, 2049]","[2049, 2049, 2049, 2049, 2049]","[2049, 2049, 2049, 2049, 2049, 2049, 2049, 0]",242.0
1143,7787,27,1,2023-04-02T05:03:18.684000+00:00,39.195,18.831,53.661,261.0,306.0,False,111.687,"[2049, 2049, 2049, 2049, 2049, 2049, 2049, 2049, 2049]","[2049, 2049, 2049, 2049, 2049]","[2049, 2049, 2049, 2049, 2049, 2049, 2051, 0]",231.0
1143,7787,31,1,2023-04-02T05:03:18.684000+00:00,38.869,18.778,65.009,260.0,278.0,False,122.656,"[2049, 2049, 2049, 2051, 2049, 2049, 2049, 2049, 2049]","[2049, 2049, 2049, 2049, 2049]","[2049, 2049, 2049, 2049, 2049, 2049, 2064, 2064]",244.0
1143,7787,22,1,2023-04-02T05:03:18.684000+00:00,39.365,19.12,55.577,261.0,310.0,False,114.062,"[2049, 2049, 2049, 2049, 2049, 2049, 2049, 2049, 2049]","[2049, 2049, 2049, 2049, 2049]","[2049, 2049, 2049, 2049, 2049, 2049, 2049, 0]",247.0
1143,7787,20,1,2023-04-02T05:03:18.684000+00:00,39.893,19.134,59.285,264.0,310.0,False,118.312,"[2049, 2049, 2049, 2049, 2049, 2049, 2049, 2049, 2049]","[2049, 2049, 2049, 2049, 2049]","[2049, 2049, 2049, 2049, 2049, 2049, 2049, 2049]",228.0
1143,7787,4,1,2023-04-02T05:03:18.684000+00:00,39.548,19.112,58.183,239.0,300.0,False,116.843,"[2049, 2049, 2049, 2049, 2049, 2049, 2049, 2049, 2049]","[2049, 2049, 2049, 2049, 2049]","[2049, 2049, 2049, 2049, 2049, 2049, 2049, 0]",224.0
1143,7787,21,1,2023-04-02T05:03:18.684000+00:00,40.96,19.23,59.997,265.0,311.0,False,120.187,"[2049, 2049, 2049, 2049, 2049, 2049, 2049, 2049, 2049]","[2049, 2049, 2049, 2049, 2049]","[2049, 2049, 2049, 2049, 2049, 2049, 2049, 0]",232.0
1143,7787,81,1,2023-04-02T05:03:18.684000+00:00,40.014,19.695,59.494,262.0,301.0,False,119.203,"[2049, 2049, 2049, 2049, 2049, 2049, 2049, 2049, 2049]","[2049, 2049, 2049, 2049, 2049]","[2049, 2049, 2049, 2049, 2049, 2049, 2049, 0]",251.0
1143,7787,24,1,2023-04-02T05:03:18.684000+00:00,40.509,19.38,70.454,246.0,290.0,False,130.343,"[2049, 2049, 2049, 2049, 2049, 2049, 2049, 2049, 2049]","[2049, 2049, 2049, 2049, 2049]","[2049, 2049, 2049, 2049, 2049, 2049, 2064, 2064]",224.0
1143,7787,2,1,2023-04-02T05:03:18.684000+00:00,41.379,18.82,71.597,266.0,316.0,False,131.796,"[2049, 2049, 2049, 2049, 2049, 2049, 2049, 2049, 2049]","[2049, 2049, 2051, 2051, 2051]","[2049, 2049, 2049, 2049, 2049, 2049, 2064, 2064]",238.0
1143,7787,63,2,2023-04-02T05:04:56.886000+00:00,49.471,31.958,51.869,119.0,140.0,False,133.298,"[None, 2048, 2048, 2048, 2048, 2048, 2048, 2048, 2048]","[2048, 2048, 2048, 2048, 2048]","[2048, 2048, 2048, 2048, 2049, 2049, 2049]",113.0
1143,7787,44,2,2023-04-02T05:04:59.261000+00:00,48.71,31.804,51.773,116.0,141.0,False,132.287,"[None, 2048, 2051, 2048, 2048, 2049, 2048, 2048, 2048]","[2048, 2048, 2048, 2048, 2048]","[2048, 2048, 2048, 2049, 2049, 2048, 2051, 2049]",91.0
1143,7787,1,2,2023-04-02T05:05:00.605000+00:00,48.846,31.614,51.645,167.0,107.0,False,132.105,"[None, 2048, 2048, 2048, 2048, 2048, 2048, 2048, 2048]","[2048, 2048, 2048, 2048, 2048]","[2048, 2048, 2048, 2049, 2048, 2048, 2049]",93.0
1143,7787,55,2,2023-04-02T05:05:02.901000+00:00,47.207,31.797,52.407,152.0,110.0,False,131.411,"[None, 2048, 2048, 2048, 2048, 2048, 2048, 2048, 2048]","[2048, 2048, 2048, 2048, 2048]","[2048, 2048, 2048, 2049, 2049, 2048, 2048]",143.0
1143,7787,14,2,2023-04-02T05:05:04.573000+00:00,47.342,31.93,51.456,174.0,117.0,False,130.728,"[None, 2048, 2048, 2048, 2048, 2048, 2048, 2048, 2048]","[2048, 2048, 2048, 2048, 2048]","[2048, 2048, 2048, 2049, 2049, 2048, 2049]",170.0
1143,7787,23,2,2023-04-02T05:05:05.433000+00:00,47.994,31.504,51.3,226.0,121.0,False,130.798,"[2048, 2048, 2048, 2048, 2048, 2048, 2048, 2048, 2048]","[2048, 2048, 2048, 2048, 2048]","[2048, 2048, 2048, 2049, 2049, 2048, 2049, 2051]",217.0
1143,7787,18,2,2023-04-02T05:05:07.058000+00:00,47.638,32.012,51.492,219.0,106.0,False,131.142,"[2048, 2048, 2048, 2048, 2048, 2049, 2048, 2048, 2048]","[2048, 2048, 2048, 2048, 2048]","[2048, 2048, 2048, 2049, 2049, 2048, 2048]",192.0
1143,7787,10,2,2023-04-02T05:05:09.355000+00:00,46.907,31.398,53.018,206.0,156.0,False,131.323,"[None, 2048, 2048, 2048, 2048, 2048, 2048, 2048, 2048]","[2048, 2048, 2048, 2048, 2048]","[2048, 2048, 2048, 2049, 2049, 2048, 2048, 2049]",173.0
1143,7787,27,2,2023-04-02T05:05:10.370000+00:00,46.722,31.511,53.083,212.0,151.0,False,131.316,"[None, 2048, 2048, 2048, 2048, 2048, 2048, 2048, 2048]","[2048, 2048, 2048, 2048, 2048]","[2048, 2048, 2048, 2049, 2049, 2048, 2048, 2049]",158.0
1143,7787,22,2,2023-04-02T05:05:12.745000+00:00,45.585,32.958,51.658,224.0,200.0,False,130.201,"[None, 2048, 2049, 2048, 2048, 2048, 2048, 2048, 2048]","[2048, 2048, 2048, 2048, 2048]","[2048, 2048, 2048, 2049, 2049, 2048, 2048]",228.0
1143,7787,4,2,2023-04-02T05:05:15.526000+00:00,44.951,31.491,51.371,198.0,196.0,False,127.813,"[2051, 2049, 2049, 2048, 2048, 2048, 2048, 2048, 2048]","[2049, 2048, 2048, 2048, 2048]","[2048, 2048, 2048, 2051, 2051, 2048, 2048, 2049]",261.0
1143,7787,20,2,2023-04-02T05:05:16.995000+00:00,44.888,31.126,51.583,184.0,190.0,False,127.597,"[None, 2049, 2049, 2048, 2048, 2048, 2048, 2048, 2048]","[2048, 2048, 2048, 2048, 2048]","[2048, 2048, 2048, 2049, 2049, 2049, 2048, 2049]",248.0
1143,7787,81,2,2023-04-02T05:05:17.886000+00:00,45.379,30.728,51.043,132.0,162.0,False,127.15,"[2048, 2048, 2049, 2048, 2048, 2048, 2048, 2048, 2048]","[2048, 2048, 2048, 2048, 2048]","[2048, 2048, 2048, 2049, 2049, 2049, 2048]",221.0
1143,7787,21,2,2023-04-02T05:05:18.870000+00:00,45.085,30.76,51.655,133.0,175.0,False,127.5,"[2048, 2049, 2049, 2048, 2048, 2048, 2048, 2048, 2048]","[2048, 2048, 2048, 2048, 2048]","[2048, 2048, 2048, 2049, 2049, 2049, 2048, 2049]",241.0
1143,7787,31,2,2023-04-02T05:05:21.339000+00:00,43.67,30.604,52.012,136.0,189.0,True,126.286,"[2064, 2048, 2048, 2048, 2048, 2048, 2049, 2048, 2048]","[2048, 2048, 2048, 2048, 2048]","[2048, 2048, 2048, 2049, 2049, 2049, 2049, 2049]",208.0
1143,7787,24,2,2023-04-02T05:05:29.026000+00:00,40.087,28.783,50.993,239.0,174.0,True,119.863,"[2064, 2048, 2048, 2048, 2048, 2048, 2049, 2048, 2048]","[2048, 2048, 2048, 2048, 2048]","[2048, 2048, 2048, 2049, 2049, 2049, 2049, 2049]",216.0
1143,7787,2,2,2023-04-02T05:05:30.479000+00:00,40.196,28.543,64.361,255.0,172.0,True,133.1,"[2064, 2048, 2048, 2048, 2048, 2048, 2049, 2049, 2048]","[2049, 2048, 2048, 2048, 2048]","[2048, 2048, 2048, 2049, 2049, 2049, 2064, 2064]",215.0
1143,7787,11,2,2023-04-02T05:05:31.104000+00:00,41.48,27.181,63.128,238.0,155.0,True,131.789,"[None, 2048, 2048, 2048, 2048, 2048, 2048, 2048, 2048]","[2048, 2048, 2048, 2048, 2048]","[2048, 2048, 2048, 2049, 2049, 2051, 2064, 2064]",202.0
1143,7787,77,2,2023-04-02T05:05:36.167000+00:00,42.532,23.163,48.452,234.0,142.0,True,114.147,"[None, 2049, 2048, 2048, 2048, 2048, 2048, 2048, 2048]","[2048, 2048, 2048, 2048, 2048]","[2048, 2049, 2048, 2049, 2049, 2049, 2049]",223.0
1143,7787,63,3,2023-04-02T05:07:10.119000+00:00,46.537,29.752,55.728,174.0,218.0,False,132.017,"[2048, 2048, 2048, 2048, 2048, 2048, 2048, 2048, 2048]","[2048, 2048, 2048, 2048, 2048]","[2048, 2048, 2048, 2049, 2051, 2051, 2051, 2051]",181.0
1143,7787,44,3,2023-04-02T05:07:11.572000+00:00,47.074,29.262,55.026,192.0,179.0,False,131.362,"[2048, 2048, 2048, 2048, 2048, 2051, 2048, 2048, 2048]","[2048, 2048, 2048, 2048, 2048]","[2048, 2048, 2048, 2049, 2049, 2049, 2049, 2049]",131.0
1143,7787,1,3,2023-04-02T05:07:12.697000+00:00,46.836,29.178,54.643,204.0,162.0,False,130.657,"[2048, 2048, 2049, 2048, 2048, 2049, 2048, 2048, 2048]","[2048, 2048, 2048, 2048, 2048]","[2048, 2048, 2048, 2049, 2049, 2049, 2049]",133.0
1143,7787,55,3,2023-04-02T05:07:14.275000+00:00,46.167,29.035,54.756,216.0,138.0,False,129.958,"[2048, 2048, 2049, 2048, 2048, 2048, 2048, 2048, 2048]","[2048, 2048, 2048, 2048, 2048]","[2048, 2048, 2048, 2049, 2049, 2049, 2049]",129.0
1143,7787,14,3,2023-04-02T05:07:15.275000+00:00,46.721,28.947,53.834,212.0,200.0,False,129.502,"[2048, 2048, 2048, 2048, 2048, 2048, 2049, 2048, 2048]","[2048, 2048, 2048, 2048, 2048]","[2048, 2048, 2048, 2049, 2049, 2049, 2049]",92.0
1143,7787,23,3,2023-04-02T05:07:16.228000+00:00,47.694,28.097,53.564,182.0,211.0,False,129.355,"[None, 2048, 2048, 2048, 2048, 2048, 2048, 2048, 2048]","[2048, 2048, 2048, 2048, 2048]","[2048, 2048, 2048, 2049, 2049, 2049, 2049, 2049]",85.0
1143,7787,18,3,2023-04-02T05:07:18.275000+00:00,47.476,28.293,51.988,162.0,211.0,False,127.757,"[2049, 2048, 2048, 2048, 2048, 2048, 2048, 2048, 2048]","[2048, 2048, 2048, 2048, 2048]","[2048, 2048, 2048, 2049, 2049, 2049, 2049, 2049]",132.0
1143,7787,10,3,2023-04-02T05:07:20.697000+00:00,45.929,28.716,51.187,190.0,191.0,False,125.832,"[2049, 2048, 2048, 2048, 2048, 2048, 2048, 2048, 2048]","[2048, 2048, 2048, 2048, 2048]","[2048, 2048, 2048, 2049, 2049, 2049, 2049]",178.0
1143,7787,27,3,2023-04-02T05:07:21.775000+00:00,45.784,29.229,50.191,192.0,196.0,False,125.204,"[None, 2048, 2048, 2048, 2048, 2048, 2049, 2048, 2048]","[2048, 2048, 2048, 2048, 2048]","[2048, 2048, 2048, 2051, 2049, 2049, 2049]",183.0
1143,7787,22,3,2023-04-02T05:07:22.994000+00:00,46.162,29.67,48.964,192.0,178.0,False,124.796,"[None, 2048, 2048, 2048, 2048, 2048, 2048, 2048, 2048]","[2048, 2048, 2048, 2048, 2048]","[2048, 2048, 2048, 2049, 2049, 2049, 2049]",183.0
1143,7787,4,3,2023-04-02T05:07:23.415000+00:00,47.448,29.013,48.336,126.0,156.0,False,124.797,"[2048, 2048, 2048, 2048, 2048, 2048, 2048, 2048, 2048]","[2048, 2048, 2048, 2048, 2048]","[2048, 2048, 2048, 2049, 2048, 2049, 2049, 2049]",110.0
1143,7787,20,3,2023-04-02T05:07:24.697000+00:00,48.199,28.516,47.31,128.0,109.0,False,124.025,"[2048, 2048, 2048, 2048, 2048, 2048, 2048, 2048, 2048]","[2048, 2048, 2048, 2048, 2048]","[2048, 2048, 2048, 2049, 2049, 2049, 2049]",109.0
1143,7787,81,3,2023-04-02T05:07:25.119000+00:00,48.588,28.234,47.347,99.0,106.0,False,124.169,"[None, 2048, 2048, 2048, 2048, 2048, 2048, 2048, 2048]","[2048, 2048, 2048, 2048, 2048]","[2048, 2048, 2048, 2049, 2049, 2049, 2049, 2049]",102.0
1143,7787,21,3,2023-04-02T05:07:26.509000+00:00,48.178,28.173,47.601,105.0,99.0,False,123.952,"[None, 2048, 2048, 2048, 2048, 2048, 2048, 2048, 2048]","[2048, 2048, 2048, 2048, 2048]","[2048, 2048, 2048, 2049, 2049, 2049, 2049, 2049]",109.0
1143,7787,31,3,2023-04-02T05:07:27.650000+00:00,48.064,27.896,47.329,95.0,115.0,False,123.289,"[2048, 2048, 2048, 2048, 2048, 2048, 2048, 2048, 2048]","[2048, 2048, 2048, 2048, 2048]","[2048, 2048, 2048, 2049, 2049, 2049, 2049]",119.0
1143,7787,24,3,2023-04-02T05:07:28.900000+00:00,48.051,27.84,47.819,167.0,116.0,False,123.71,"[2048, 2048, 2048, 2048, 2048, 2048, 2048, 2048, 2048]","[2048, 2048, 2048, 2048, 2048]","[2048, 2048, 2048, 2049, 2049, 2049, 2049, 2049]",107.0
1143,7787,77,3,2023-04-02T05:07:30.275000+00:00,47.615,27.79,47.44,126.0,148.0,False,122.845,"[2049, 2048, 2048, 2048, 2048, 2048, 2048, 2048, 2048]","[2048, 2048, 2048, 2048, 2048]","[2048, 2048, 2048, 2049, 2049, 2049, 2049, 2049]",141.0
1143,7787,11,3,2023-04-02T05:07:42.806000+00:00,36.623,27.351,46.675,243.0,124.0,True,110.649,"[None, 2049, 2048, 2048, 2048, 2049, 2048, 2049, 2048]","[2048, 2048, 2048, 2048, 2048]","[2048, 2048, 2049, 2049, 2049, 2049, 2049]",207.0
1143,7787,2,3,2023-04-02T05:07:43.587000+00:00,37.071,27.405,46.331,266.0,149.0,True,110.807,"[None, 2049, 2049, 2048, 2049, 2049, 2049, 2049, 2049]","[2048, 2048, 2048, 2048, 2048]","[2048, 2048, 2048, 2049, 2049, 2049, 2049, 2049]",221.0
1143,7787,63,4,2023-04-02T05:09:22.273000+00:00,28.739,18.727,35.668,271.0,285.0,False,83.134,"[2049, 2051, 2051, 2049, 2049, 2049, 2051, 2049, 2049]","[2051, 2049, 2049, 2049, 2049]","[2049, 2049, 2049, 2051, 2048, 2049, 2048, 2049]",296.0
1143,7787,44,4,2023-04-02T05:09:22.961000+00:00,28.776,18.722,35.797,274.0,289.0,False,83.295,"[2049, 2049, 2049, 2049, 2049, 2051, 2049, 2049, 2049]","[2049, 2048, 2048, 2049, 2049]","[2048, 2051, 2048, 2049, 2049, 2049, 2048, 2048]",299.0
1143,7787,1,4,2023-04-02T05:09:23.430000+00:00,28.9,18.326,36.165,280.0,296.0,False,83.391,"[2049, 2049, 2049, 2049, 2049, 2049, 2049, 2051, 2051]","[2049, 2051, 2049, 2049, 2049]","[2048, 2049, 2048, 2049, 2049, 2051, 2048, 2048]",303.0
1143,7787,55,4,2023-04-02T05:09:24.320000+00:00,29.248,18.62,36.021,266.0,291.0,False,83.889,"[2049, 2049, 2049, 2049, 2051, 2049, 2049, 2049, 2049]","[2049, 2049, 2048, 2048, 2048]","[2049, 2049, 2051, 2049, 2049, 2049, 2049, 2049]",299.0
1143,7787,14,4,2023-04-02T05:09:24.867000+00:00,29.391,18.696,36.206,269.0,293.0,False,84.293,"[2049, 2049, 2049, 2049, 2049, 2049, 2049, 2049, 2049]","[2049, 2049, 2049, 2049, 2048]","[2049, 2049, 2049, 2049, 2048, 2049, 2049, 2049]",290.0
1143,7787,23,4,2023-04-02T05:09:25.602000+00:00,29.279,18.408,36.64,280.0,306.0,False,84.327,"[2049, 2049, 2049, 2049, 2049, 2049, 2049, 2049, 2049]","[2049, 2049, 2048, 2048, 2049]","[2049, 2049, 2049, 2049, 2049, 2049, 2048, 2049]",291.0
1143,7787,18,4,2023-04-02T05:09:26.039000+00:00,29.461,18.644,36.28,271.0,296.0,False,84.385,"[None, 2049, 2049, 2049, 2049, 2049, 2049, 2049, 2049]","[2049, 2049, 2049, 2049, 2049]","[2049, 2049, 2049, 2049, 2049, 2049, 2048, 2049]",297.0
1143,7787,10,4,2023-04-02T05:09:26.430000+00:00,29.683,18.714,36.274,267.0,298.0,False,84.671,"[None, 2049, 2049, 2049, 2049, 2049, 2049, 2049, 2049]","[2049, 2049, 2048, 2048, 2048]","[2049, 2049, 2049, 2049, 2049, 2049, 2048, 2048]",285.0
1143,7787,27,4,2023-04-02T05:09:26.898000+00:00,29.802,18.455,36.576,271.0,305.0,False,84.833,"[None, 2049, 2049, 2049, 2049, 2049, 2049, 2049, 2049]","[2049, 2049, 2049, 2049, 2048]","[2049, 2049, 2049, 2049, 2049, 2049, 2049, 2048]",285.0
1143,7787,22,4,2023-04-02T05:09:27.773000+00:00,29.88,18.731,36.688,273.0,302.0,False,85.299,"[None, 2049, 2049, 2049, 2049, 2049, 2049, 2049, 2049]","[2049, 2049, 2048, 2048, 2048]","[2049, 2048, 2049, 2049, 2049, 2049, 2048]",292.0
1143,7787,4,4,2023-04-02T05:09:28.492000+00:00,29.98,18.704,36.76,275.0,303.0,False,85.444,"[2049, 2049, 2049, 2049, 2049, 2049, 2049, 2049, 2049]","[2049, 2049, 2048, 2048, 2049]","[2049, 2049, 2049, 2049, 2049, 2049, 2048, 2048]",285.0
1143,7787,20,4,2023-04-02T05:09:28.664000+00:00,29.986,18.623,36.797,274.0,306.0,False,85.406,"[2049, 2049, 2049, 2051, 2049, 2049, 2049, 2049, 2049]","[2049, 2049, 2048, 2048, 2048]","[2049, 2049, 2049, 2049, 2049, 2049, 2048, 2048]",295.0
1143,7787,81,4,2023-04-02T05:09:29.305000+00:00,30.0,18.948,36.48,272.0,301.0,False,85.428,"[2049, 2049, 2049, 2049, 2049, 2049, 2049, 2049, 2049]","[2049, 2049, 2048, 2048, 2049]","[2051, 2049, 2049, 2049, 2049, 2049, 2048, 2049]",294.0
1143,7787,21,4,2023-04-02T05:09:30.742000+00:00,29.751,18.691,36.817,273.0,307.0,False,85.259,"[2049, 2049, 2049, 2049, 2049, 2049, 2049, 2049, 2049]","[2049, 2049, 2048, 2048, 2048]","[2049, 2049, 2049, 2049, 2049, 2049, 2049, 2049]",298.0
1143,7787,31,4,2023-04-02T05:09:30.976000+00:00,30.011,18.581,37.011,267.0,302.0,False,85.603,"[2049, 2049, 2049, 2049, 2049, 2049, 2049, 2049, 2049]","[2049, 2049, 2048, 2048, 2049]","[2049, 2049, 2049, 2049, 2049, 2049, 2049, 2049]",286.0
1143,7787,24,4,2023-04-02T05:09:32.601000+00:00,29.669,18.847,36.688,272.0,293.0,False,85.204,"[2049, 2049, 2049, 2048, 2049, 2049, 2049, 2049, 2049]","[2049, 2048, 2048, 2048, 2049]","[2049, 2049, 2049, 2049, 2049, 2049, 2048, 2049]",287.0
1143,7787,77,4,2023-04-02T05:09:33.211000+00:00,30.183,18.837,37.336,266.0,287.0,False,86.356,"[None, 2049, 2049, 2049, 2049, 2049, 2049, 2049, 2049]","[2049, 2049, 2049, 2049, 2048]","[2048, 2049, 2049, 2049, 2049, 2049, 2049, 2049]",278.0
1143,7787,11,4,2023-04-02T05:09:33.633000+00:00,30.17,18.498,36.44,275.0,311.0,False,85.108,"[2051, 2049, 2049, 2049, 2048, 2049, 2049, 2049, 2049]","[2049, 2049, 2049, 2049, 2049]","[2048, 2049, 2049, 2049, 2049, 2049, 2049]",285.0
1143,7787,2,4,2023-04-02T05:09:34.430000+00:00,30.077,18.641,37.086,277.0,310.0,False,85.804,"[2049, 2049, 2049, 2049, 2049, 2049, 2049, 2049, 2049]","[2049, 2049, 2048, 2048, 2048]","[2049, 2049, 2049, 2049, 2049, 2049, 2049, 2049]",295.0
1143,7787,63,5,2023-04-02T05:10:45.351000+00:00,28.855,18.712,35.567,270.0,285.0,False,83.134,"[2048, 2048, 2048, 2048, 2049, 2048, 2051, 2048, 2048]","[2048, 2049, 2049, 2049, 2048]","[2048, 2049, 2049, 2051, 2048, 2049, 2051, 2051]",285.0
1143,7787,44,5,2023-04-02T05:10:46.272000+00:00,28.837,18.471,35.862,273.0,290.0,False,83.17,"[2048, 2048, 2048, 2049, 2049, 2048, 2049, 2049, 2049]","[2051, 2049, 2049, 2049, 2048]","[2048, 2051, 2048, 2048, 2049, 2048, 2048, 2048]",291.0
1143,7787,1,5,2023-04-02T05:10:46.819000+00:00,28.935,18.347,35.822,273.0,294.0,False,83.104,"[2048, 2048, 2049, 2051, 2049, 2048, 2048, 2048, 2048]","[2049, 2051, 2048, 2048, 2048]","[2049, 2049, 2049, 2048, 2049, 2048, 2048]",286.0
1143,7787,55,5,2023-04-02T05:10:48.210000+00:00,28.969,18.453,35.795,272.0,299.0,False,83.217,"[2048, 2049, 2049, 2048, 2051, 2048, 2049, 2049, 2049]","[2049, 2049, 2049, 2048, 2049]","[2049, 2049, 2051, 2049, 2049, 2048, 2049]",295.0
1143,7787,14,5,2023-04-02T05:10:49.132000+00:00,28.87,18.573,35.847,272.0,291.0,False,83.29,"[None, 2049, 2049, 2049, 2049, 2049, 2049, 2049, 2049]","[2049, 2049, 2049, 2049, 2048]","[2049, 2049, 2049, 2049, 2048, 2048, 2049, 2049]",291.0
1143,7787,23,5,2023-04-02T05:10:49.929000+00:00,29.185,18.308,36.146,278.0,304.0,False,83.639,"[None, 2049, 2049, 2049, 2048, 2049, 2049, 2048, 2048]","[2049, 2049, 2048, 2048, 2048]","[2049, 2049, 2049, 2049, 2048, 2049, 2048, 2048]",296.0
1143,7787,18,5,2023-04-02T05:10:50.429000+00:00,29.358,18.652,35.927,268.0,292.0,False,83.937,"[2048, 2049, 2049, 2049, 2048, 2048, 2048, 2049, 2048]","[2048, 2049, 2049, 2049, 2048]","[2049, 2049, 2048, 2049, 2049, 2049, 2048]",294.0
1143,7787,10,5,2023-04-02T05:10:51.210000+00:00,29.229,18.65,36.411,270.0,298.0,False,84.29,"[2048, 2049, 2049, 2048, 2049, 2049, 2049, 2049, 2049]","[2048, 2049, 2048, 2048, 2048]","[2049, 2048, 2048, 2048, 2048, 2048, 2048, 2048]",290.0
1143,7787,27,5,2023-04-02T05:10:51.819000+00:00,29.423,18.482,36.39,269.0,299.0,False,84.295,"[2048, 2049, 2049, 2049, 2049, 2049, 2048, 2048, 2048]","[2049, 2049, 2049, 2048, 2048]","[2049, 2049, 2049, 2048, 2049, 2048, 2048, 2048]",292.0
1143,7787,22,5,2023-04-02T05:10:53.163000+00:00,29.502,18.737,36.381,269.0,289.0,False,84.62,"[2048, 2049, 2049, 2049, 2049, 2049, 2048, 2049, 2049]","[2049, 2049, 2048, 2048, 2048]","[2048, 2049, 2049, 2049, 2048, 2048, 2048, 2048]",
1143,7787,4,5,2023-04-02T05:10:53.694000+00:00,29.49,18.751,36.491,272.0,296.0,False,84.732,"[2048, 2049, 2049, 2049, 2049, 2049, 2049, 2049, 2048]","[2048, 2049, 2048, 2048, 2048]","[2049, 2048, 2049, 2049, 2048, 2049, 2048, 2048]",289.0
1143,7787,20,5,2023-04-02T05:10:54.163000+00:00,29.749,18.706,36.599,268.0,300.0,False,85.054,"[2048, 2049, 2049, 2048, 2049, 2048, 2049, 2049, 2048]","[2049, 2048, 2048, 2048, 2048]","[2049, 2049, 2049, 2048, 2048, 2048, 2048, 2048]",
1143,7787,81,5,2023-04-02T05:10:54.726000+00:00,29.732,18.729,36.535,270.0,300.0,False,84.996,"[2048, 2049, 2049, 2049, 2049, 2048, 2048, 2048, 2048]","[2049, 2049, 2049, 2049, 2049]","[2048, 2049, 2049, 2049, 2048, 2048, 2048, 2049]",293.0
1143,7787,21,5,2023-04-02T05:10:55.663000+00:00,29.641,18.745,36.639,,299.0,False,85.025,"[2048, 2049, 2049, 2049, 2048, 2048, 2048, 2049, 2049]","[2048, 2048, 2048, 2048, 2048]","[2048, 2049, 2049, 2049, 2049, 2048, 2048, 2048]",289.0
1143,7787,31,5,2023-04-02T05:10:56.569000+00:00,29.636,18.491,36.847,268.0,301.0,False,84.974,"[2048, 2049, 2049, 2048, 2049, 2049, 2049, 2049, 2049]","[2049, 2049, 2048, 2048, 2048]","[2049, 2049, 2049, 2049, 2048, 2048, 2049, 2049]",291.0
1143,7787,24,5,2023-04-02T05:10:57.819000+00:00,29.531,18.788,36.528,273.0,293.0,False,84.847,"[None, 2049, 2049, 2049, 2049, 2048, 2049, 2049, 2049]","[2048, 2049, 2049, 2048, 2048]","[2048, 2049, 2049, 2048, 2049, 2049, 2048, 2049]",290.0
1143,7787,11,5,2023-04-02T05:10:58.616000+00:00,29.362,18.331,36.808,,312.0,False,84.501,"[2048, 2049, 2049, 2049, 2049, 2049, 2049, 2048, 2049]","[2049, 2049, 2049, 2049, 2048]","[2048, 2049, 2048, 2048, 2048, 2048, 2048]",289.0
1143,7787,77,5,2023-04-02T05:10:59.569000+00:00,29.655,18.663,36.531,268.0,290.0,False,84.849,"[2048, 2049, 2049, 2049, 2049, 2049, 2049, 2049, 2049]","[2049, 2049, 2049, 2049, 2049]","[2049, 2049, 2049, 2049, 2049, 2049, 2049]",288.0
1143,7787,2,5,2023-04-02T05:11:00.210000+00:00,29.782,18.55,36.804,271.0,303.0,False,85.136,"[None, 2049, 2049, 2049, 2049, 2049, 2048, 2048, 2048]","[2049, 2049, 2048, 2048, 2048]","[2049, 2049, 2049, 2049, 2049, 2048, 2049, 2048]",294.0
1143,7787,63,6,2023-04-02T05:12:08.537000+00:00,28.666,18.685,35.808,277.0,281.0,False,83.159,"[None, 2048, 2048, 2049, 2048, 2051, 2048, 2049, 2049]","[2049, 2049, 2049, 2049, 2048]","[2048, 2048, 2049, 2048, 2048, 2048, 2048, 2051]",292.0
1143,7787,44,6,2023-04-02T05:12:09.459000+00:00,28.755,18.248,35.887,271.0,306.0,False,82.89,"[2049, 2048, 2051, 2049, 2048, 2048, 2049, 2049, 2049]","[2051, 2048, 2048, 2049, 2049]","[2048, 2048, 2049, 2048, 2048, 2048, 2049, 2051]",
1143,7787,1,6,2023-04-02T05:12:09.850000+00:00,28.986,17.951,35.906,276.0,322.0,False,82.843,"[None, 2049, 2048, 2048, 2048, 2048, 2048, 2048, 2048]","[2049, 2051, 2049, 2049, 2049]","[2048, 2048, 2051, 2048, 2048, 2048, 2048]",296.0
1143,7787,55,6,2023-04-02T05:12:11.428000+00:00,28.859,18.435,35.515,273.0,301.0,False,82.809,"[None, 2049, 2049, 2049, 2048, 2048, 2049, 2049, 2049]","[2049, 2048, 2049, 2048, 2049]","[2049, 2049, 2049, 2049, 2049, 2051, 2049]",
1143,7787,14,6,2023-04-02T05:12:12.428000+00:00,28.656,18.305,35.642,270.0,306.0,False,82.603,"[2048, 2049, 2049, 2049, 2048, 2049, 2051, 2051, 2049]","[2049, 2049, 2049, 2049, 2049]","[2049, 2048, 2049, 2049, 2048, 2049, 2048, 2049]",290.0
1143,7787,23,6,2023-04-02T05:12:13.584000+00:00,29.156,18.316,35.877,277.0,306.0,False,83.349,"[2048, 2048, 2049, 2049, 2048, 2049, 2048, 2048, 2048]","[2049, 2048, 2048, 2048, 2048]","[2051, 2048, 2049, 2048, 2049, 2049, 2049]",295.0
1143,7787,18,6,2023-04-02T05:12:14.334000+00:00,28.985,18.271,35.82,269.0,311.0,False,83.076,"[None, 2051, 2049, 2048, 2049, 2049, 2049, 2049, 2049]","[2049, 2049, 2049, 2049, 2049]","[2049, 2048, 2049, 2048, 2048, 2048, 2048, 2049]",298.0
1143,7787,10,6,2023-04-02T05:12:15.475000+00:00,28.98,18.643,35.906,271.0,298.0,False,83.529,"[None, 2049, 2049, 2048, 2049, 2049, 2049, 2049, 2049]","[2049, 2048, 2048, 2048, 2048]","[2049, 2049, 2049, 2049, 2049, 2049, 2048]",292.0
1143,7787,27,6,2023-04-02T05:12:16.131000+00:00,29.248,18.163,36.128,270.0,320.0,False,83.539,"[None, 2048, 2049, 2049, 2049, 2048, 2049, 2049, 2049]","[2049, 2048, 2048, 2049, 2049]","[2049, 2048, 2049, 2048, 2049, 2049, 2048]",293.0
1143,7787,22,6,2023-04-02T05:12:17.756000+00:00,29.272,18.683,36.155,267.0,293.0,False,84.11,"[None, 2049, 2049, 2049, 2049, 2049, 2049, 2049, 2048]","[2049, 2048, 2048, 2048, 2048]","[2049, 2048, 2049, 2048, 2049, 2048, 2048, 2048]",295.0
1143,7787,4,6,2023-04-02T05:12:18.412000+00:00,29.139,18.374,36.345,273.0,310.0,False,83.858,"[2049, 2049, 2049, 2049, 2049, 2049, 2049, 2049, 2049]","[2049, 2049, 2048, 2049, 2049]","[2048, 2049, 2049, 2049, 2048, 2048, 2048, 2049]",297.0
1143,7787,20,6,2023-04-02T05:12:19.178000+00:00,29.421,18.553,35.982,269.0,300.0,False,83.956,"[None, 2049, 2049, 2048, 2049, 2049, 2049, 2049, 2049]","[2049, 2049, 2048, 2048, 2048]","[2048, 2049, 2049, 2049, 2048, 2049, 2048, 2049]",293.0
1143,7787,81,6,2023-04-02T05:12:19.693000+00:00,29.532,18.493,36.027,272.0,318.0,False,84.052,"[2049, 2048, 2049, 2049, 2049, 2049, 2049, 2048, 2049]","[2049, 2048, 2048, 2049, 2049]","[2048, 2049, 2049, 2048, 2048, 2048, 2048, 2049]",
1143,7787,21,6,2023-04-02T05:12:20.693000+00:00,29.543,18.288,36.349,272.0,319.0,False,84.18,"[None, 2049, 2049, 2048, 2049, 2049, 2049, 2049, 2049]","[2049, 2049, 2049, 2049, 2049]","[2049, 2049, 2049, 2049, 2048, 2048, 2048, 2049]",288.0
1143,7787,31,6,2023-04-02T05:12:21.521000+00:00,29.473,18.207,36.283,269.0,321.0,False,83.963,"[None, 2049, 2049, 2048, 2049, 2048, 2048, 2049, 2049]","[2049, 2048, 2048, 2049, 2049]","[2048, 2049, 2049, 2049, 2049, 2048, 2049, 2049]",293.0
1143,7787,24,6,2023-04-02T05:12:22.693000+00:00,29.409,18.769,36.678,271.0,293.0,False,84.856,"[None, 2049, 2049, 2048, 2049, 2048, 2049, 2049, 2048]","[2048, 2048, 2048, 2049, 2048]","[2048, 2048, 2049, 2048, 2048, 2049, 2048]",291.0
1143,7787,11,6,2023-04-02T05:12:23.225000+00:00,29.47,18.053,36.061,,329.0,False,83.584,"[None, 2049, 2048, 2048, 2048, 2048, 2049, 2049, 2049]","[2048, 2048, 2048, 2049, 2051]","[2049, 2048, 2049, 2049, 2049, 2049, 2048]",293.0
1143,7787,77,6,2023-04-02T05:12:24.412000+00:00,29.379,18.546,36.406,271.0,299.0,False,84.331,"[None, 2049, 2049, 2049, 2049, 2048, 2049, 2049, 2049]","[2049, 2048, 2048, 2049, 2049]","[2048, 2049, 2049, 2048, 2049, 2049, 2048, 2048]",291.0
1143,7787,2,6,2023-04-02T05:12:25.365000+00:00,29.383,18.421,36.515,275.0,310.0,False,84.319,"[2049, 2049, 2049, 2049, 2049, 2048, 2049, 2048, 2049]","[2049, 2049, 2048, 2048, 2048]","[2049, 2048, 2049, 2049, 2048, 2049, 2049, 2049]",300.0
1143,7787,63,7,2023-04-02T05:13:31.661000+00:00,28.604,18.608,60.325,278.0,281.0,False,107.537,"[2049, 2048, 2048, 2049, 2049, 2048, 2048, 2049, 2051]","[2051, 2049, 2049, 2049, 2048]","[2049, 2051, 2048, 2048, 2048, 2048, 2064, 2064]",294.0
1143,7787,44,7,2023-04-02T05:13:32.583000+00:00,28.603,18.313,47.228,273.0,304.0,False,94.144,"[2049, 2049, 2048, 2049, 2049, 2048, 2048, 2048, 2048]","[2048, 2048, 2049, 2049, 2048]","[2048, 2048, 2048, 2048, 2048, 2048, 2048, 2048]",309.0
1143,7787,1,7,2023-04-02T05:13:32.771000+00:00,28.798,18.011,48.261,274.0,319.0,False,95.07,"[2051, 2048, 2048, 2051, 2049, 2048, 2048, 2048, 2048]","[2048, 2048, 2048, 2049, 2048]","[2048, 2048, 2048, 2048, 2048, 2048, 2048]",306.0
1143,7787,55,7,2023-04-02T05:13:34.146000+00:00,28.792,18.423,60.987,271.0,299.0,False,108.202,"[2049, 2049, 2049, 2049, 2048, 2048, 2049, 2049, 2049]","[2048, 2048, 2049, 2049, 2049]","[2048, 2048, 2048, 2048, 2048, 2048, 2064, 2064]",296.0
1143,7787,14,7,2023-04-02T05:13:35.005000+00:00,28.746,18.265,48.344,272.0,310.0,False,95.355,"[2049, 2049, 2048, 2049, 2049, 2048, 2048, 2048, 2049]","[2049, 2048, 2049, 2049, 2049]","[2048, 2048, 2048, 2048, 2048, 2048, 2048, 2048]",311.0
1143,7787,23,7,2023-04-02T05:13:36.944000+00:00,28.815,,,276.0,,False,,"[2049, 2049, 2049, 2048, 2049, 2049, 2049, 2051, 2049]",[2052],,301.0
1143,7787,18,7,2023-04-02T05:13:37.427000+00:00,28.91,19.043,50.077,267.0,288.0,False,98.03,"[2049, 2048, 2048, 2049, 2048, 2048, 2048, 2048, 2048]","[2048, 2048, 2048, 2048, 2048]","[2048, 2048, 2048, 2048, 2048, 2048, 2048]",317.0
1143,7787,10,7,2023-04-02T05:13:38.989000+00:00,28.914,18.841,48.816,,299.0,False,96.571,"[None, 2049, 2049, 2048, 2049, 2049, 2048, 2049, 2049]","[2049, 2048, 2048, 2048, 2048]","[2048, 2048, 2048, 2048, 2048, 2048, 2048]",293.0
1143,7787,27,7,2023-04-02T05:13:39.661000+00:00,29.193,19.167,50.806,269.0,246.0,False,99.166,"[2049, 2049, 2048, 2048, 2048, 2048, 2048, 2048, 2048]","[2048, 2048, 2048, 2048, 2048]","[2048, 2048, 2048, 2048, 2048, 2048, 2048]",309.0
1143,7787,22,7,2023-04-02T05:13:41.864000+00:00,29.343,20.89,51.606,,135.0,False,101.839,"[None, 2049, 2048, 2048, 2049, 2048, 2048, 2048, 2049]","[2048, 2048, 2048, 2048, 2048]","[2048, 2048, 2048, 2048, 2048, 2048, 2048]",293.0
1143,7787,4,7,2023-04-02T05:13:42.270000+00:00,29.226,20.817,52.35,276.0,131.0,False,102.393,"[None, 2048, 2048, 2049, 2048, 2048, 2048, 2048, 2048]","[2048, 2048, 2048, 2048, 2048]","[2048, 2048, 2048, 2048, 2048, 2048, 2048, 2048]",298.0
1143,7787,20,7,2023-04-02T05:13:43.458000+00:00,28.974,20.885,67.931,275.0,126.0,False,117.79,"[2049, 2048, 2048, 2049, 2049, 2048, 2049, 2049, 2049]","[2048, 2048, 2048, 2049, 2048]","[2048, 2048, 2048, 2048, 2048, 2048, 2064, 2064]",312.0
1143,7787,81,7,2023-04-02T05:13:43.786000+00:00,29.08,25.003,47.473,270.0,207.0,False,101.556,"[None, 2049, 2049, 2049, 2049, 2048, 2049, 2049, 2049]","[2048, 2048, 2048, 2048, 2048]","[2048, 2048, 2048, 2048, 2048, 2048, 2048]",313.0
1143,7787,21,7,2023-04-02T05:13:44.911000+00:00,29.233,25.992,46.602,270.0,208.0,False,101.827,"[2049, 2049, 2048, 2049, 2049, 2049, 2049, 2048, 2048]","[2048, 2048, 2048, 2048, 2048]","[2048, 2048, 2048, 2048, 2048, 2048, 2048]",305.0
1143,7787,31,7,2023-04-02T05:13:45.505000+00:00,29.24,26.638,45.663,259.0,222.0,False,101.541,"[2049, 2049, 2048, 2049, 2049, 2048, 2049, 2048, 2048]","[2048, 2048, 2048, 2048, 2048]","[2048, 2048, 2048, 2048, 2048, 2048, 2048, 2048]",309.0
1143,7787,11,7,2023-04-02T05:13:46.708000+00:00,29.184,26.304,45.622,274.0,219.0,False,101.11,"[None, 2049, 2048, 2049, 2049, 2049, 2048, 2049, 2048]","[2048, 2048, 2048, 2048, 2048]","[2048, 2048, 2048, 2048, 2048, 2048, 2048, 2048]",295.0
1143,7787,24,7,2023-04-02T05:13:47.520000+00:00,29.323,26.201,45.744,267.0,210.0,False,101.268,"[None, 2048, 2048, 2049, 2049, 2048, 2048, 2048, 2048]","[2048, 2048, 2048, 2048, 2048]","[2048, 2048, 2048, 2048, 2048, 2048, 2048, 2048]",304.0
1143,7787,77,7,2023-04-02T05:13:48.770000+00:00,29.335,26.676,47.158,269.0,218.0,False,103.169,"[2049, 2048, 2048, 2049, 2049, 2048, 2048, 2048, 2048]","[2048, 2048, 2048, 2048, 2048]","[2048, 2048, 2048, 2048, 2048, 2048, 2048]",294.0
1143,7787,2,7,2023-04-02T05:13:49.692000+00:00,29.233,26.854,46.607,273.0,231.0,False,102.694,"[None, 2049, 2048, 2049, 2051, 2048, 2048, 2049, 2049]","[2048, 2048, 2048, 2048, 2048]","[2048, 2048, 2048, 2048, 2048, 2048, 2048]",310.0
1143,7787,44,8,2023-04-02T05:15:06.363000+00:00,49.426,45.424,77.48,106.0,162.0,False,172.33,"[2048, 2048, 2048, 2048, 2048, 2048, 2048, 2048, 2048]","[2048, 2048, 2048, 2048, 2048]","[2048, 2048, 2048, 2048, 2048, 2048, 2064, 2064]",214.0
1143,7787,1,8,2023-04-02T05:15:07.723000+00:00,48.876,45.642,,92.0,144.0,False,1080.581,"[2048, 2048, 2048, 2048, 2048, 2048, 2048, 2048, 2048]","[2048, 2048, 2048, 2048, 2048]","[2048, 2048, 2048, 2048, 2048, 2048, 2064, 2064]",210.0
1143,7787,14,8,2023-04-02T05:15:10.269000+00:00,47.712,44.908,,132.0,167.0,False,1082.497,"[2048, 2048, 2048, 2048, 2048, 2048, 2048, 2048, 2048]","[2048, 2048, 2048, 2048, 2048]","[2048, 2048, 2048, 2048, 2048, 2048, 2064, 2064]",194.0
1143,7787,18,8,2023-04-02T05:15:15.348000+00:00,44.739,44.58,,155.0,173.0,False,1080.934,"[2048, 2048, 2048, 2048, 2048, 2048, 2048, 2048, 2048]","[2048, 2048, 2048, 2048, 2048]","[2048, 2048, 2048, 2048, 2048, 2048, 2064, 2064]",220.0
1143,7787,10,8,2023-04-02T05:15:15.488000+00:00,45.629,45.178,,129.0,208.0,False,1083.17,"[None, 2048, 2048, 2048, 2048, 2048, 2048, 2048, 2048]","[2048, 2048, 2048, 2048, 2048]","[2048, 2048, 2048, 2048, 2048, 2048, 2064, 2064]",194.0
1143,7787,27,8,2023-04-02T05:15:18.754000+00:00,43.8,45.299,,109.0,216.0,False,1081.953,"[2048, 2048, 2048, 2048, 2048, 2048, 2048, 2048, 2048]","[2048, 2048, 2048, 2048, 2048]","[2048, 2048, 2048, 2048, 2048, 2048, 2064, 2064]",185.0
1143,7787,63,8,2023-04-02T05:15:19.160000+00:00,46.829,44.031,,95.0,169.0,True,1088.782,"[2064, 2048, 2048, 2048, 2048, 2048, 2048, 2048, 2048]","[2048, 2048, 2048, 2048, 2048]","[2048, 2048, 2048, 2048, 2048, 2048, 2064, 2064]",228.0
1143,7787,55,8,2023-04-02T05:15:22.394000+00:00,47.972,43.451,,123.0,175.0,True,1099.71,"[2064, 2048, 2048, 2048, 2048, 2048, 2048, 2048, 2048]","[2048, 2048, 2048, 2048, 2048]","[2048, 2048, 2048, 2048, 2048, 2048, 2064, 2064]",225.0
1143,7787,22,8,2023-04-02T05:15:23.613000+00:00,43.542,44.471,,111.0,187.0,False,1088.144,"[None, 2048, 2048, 2048, 2048, 2048, 2048, 2048, 2048]","[2048, 2048, 2048, 2048, 2048]","[2048, 2048, 2048, 2048, 2048, 2048, 2064, 2064]",267.0
1143,7787,4,8,2023-04-02T05:15:24.582000+00:00,43.368,44.336,,96.0,148.0,False,1091.111,"[2048, 2048, 2048, 2048, 2048, 2048, 2048, 2048, 2048]","[2048, 2048, 2048, 2048, 2048]","[2048, 2048, 2048, 2048, 2048, 2048, 2064, 2064]",262.0
1143,7787,81,8,2023-04-02T05:15:25.254000+00:00,43.941,43.737,,120.0,143.0,False,1092.634,"[2048, 2048, 2048, 2048, 2048, 2048, 2048, 2048, 2048]","[2048, 2048, 2048, 2048, 2048]","[2048, 2048, 2048, 2048, 2048, 2048, 2064, 2064]",244.0
1143,7787,21,8,2023-04-02T05:15:26.613000+00:00,44.538,43.661,,109.0,161.0,False,1098.805,"[2048, 2048, 2048, 2048, 2048, 2048, 2048, 2048, 2048]","[2048, 2048, 2048, 2048, 2048]","[2048, 2048, 2048, 2048, 2048, 2048, 2064, 2064]",272.0
1143,7787,31,8,2023-04-02T05:15:26.972000+00:00,45.093,43.768,,120.0,147.0,False,1101.093,"[2048, 2048, 2048, 2048, 2048, 2048, 2048, 2048, 2048]","[2048, 2048, 2048, 2048, 2048]","[2048, 2048, 2048, 2048, 2048, 2048, 2064, 2064]",231.0
1143,7787,11,8,2023-04-02T05:15:27.832000+00:00,45.041,44.211,,140.0,145.0,False,1103.263,"[None, 2048, 2048, 2048, 2048, 2048, 2048, 2048, 2048]","[2048, 2048, 2048, 2048, 2048]","[2048, 2048, 2048, 2048, 2048, 2048, 2064, 2064]",244.0
1143,7787,24,8,2023-04-02T05:15:28.660000+00:00,45.105,44.355,,146.0,160.0,False,1106.059,"[2048, 2048, 2048, 2048, 2048, 2048, 2048, 2048, 2048]","[2048, 2048, 2048, 2048, 2048]","[2048, 2048, 2048, 2048, 2048, 2048, 2064, 2064]",196.0
1143,7787,77,8,2023-04-02T05:15:31.816000+00:00,43.659,43.768,,120.0,136.0,False,1105.148,"[2048, 2048, 2048, 2048, 2048, 2048, 2048, 2048, 2048]","[2048, 2048, 2048, 2048, 2048]","[2048, 2048, 2048, 2048, 2048, 2048, 2064, 2064]",203.0
1143,7787,2,8,2023-04-02T05:15:32.582000+00:00,43.834,43.902,,146.0,168.0,False,1106.846,"[2048, 2048, 2048, 2048, 2048, 2048, 2048, 2048, 2048]","[2048, 2048, 2048, 2048, 2048]","[2048, 2048, 2048, 2048, 2048, 2048, 2064, 2064]",196.0
1143,7787,20,8,2023-04-02T05:15:40.785000+00:00,39.872,41.069,,165.0,178.0,True,1105.117,"[2064, 2048, 2048, 2048, 2048, 2048, 2048, 2048, 2048]","[2048, 2048, 2048, 2048, 2048]","[2048, 2048, 2048, 2048, 2048, 2048, 2064, 2064]",211.0
1143,7787,44,9,2023-04-02T05:17:58.799000+00:00,,52.89,78.814,117.0,148.0,True,1094.74,"[2064, 2048, 2048, 2048, 2048, 2048, 2048, 2048, 2048]","[2048, 2048, 2048, 2048, 2048]","[2048, 2048, 2048, 2048, 2048, 2048, 2048, 2048]",163.0
1143,7787,1,9,2023-04-02T05:33:08.679000+00:00,54.215,52.945,,117.0,144.0,True,221.774,"[2064, 2048, 2048, 2048, 2048, 2048, 2048, 2048, 2048]","[2048, 2048, 2048, 2048, 2048]","[2048, 2048, 2048, 2048, 2048, 2048, 2048, 2048]",179.0
1143,7787,14,9,2023-04-02T05:33:12.913000+00:00,50.693,53.642,,134.0,117.0,True,217.692,"[2064, 2048, 2048, 2048, 2048, 2048, 2048, 2048, 2048]","[2048, 2048, 2048, 2048, 2048]","[2048, 2048, 2048, 2048, 2048, 2048, 2048, 2048]",209.0
1143,7787,18,9,2023-04-02T05:33:16.429000+00:00,48.799,53.627,,111.0,129.0,True,214.648,"[2064, 2048, 2048, 2048, 2048, 2048, 2048, 2048, 2048]","[2048, 2048, 2048, 2048, 2048]","[2048, 2048, 2048, 2048, 2048, 2048, 2048, 2048]",200.0
1143,7787,10,9,2023-04-02T05:33:18.694000+00:00,47.442,54.044,,112.0,128.0,True,212.5,"[2064, 2048, 2048, 2048, 2048, 2048, 2048, 2048, 2048]","[2048, 2048, 2048, 2048, 2048]","[2048, 2048, 2048, 2048, 2048, 2048, 2048]",205.0
1143,7787,27,9,2023-04-02T05:33:20.741000+00:00,46.837,54.255,,97.0,115.0,True,210.948,"[2064, 2048, 2048, 2048, 2048, 2048, 2048, 2048, 2048]","[2048, 2048, 2048, 2048, 2048]","[2048, 2048, 2048, 2048, 2048, 2048, 2048, 2048]",191.0
1143,7787,63,9,2023-04-02T05:33:27.991000+00:00,42.335,54.255,,153.0,130.0,True,203.766,"[None, 2048, 2048, 2048, 2048, 2048, 2048, 2048, 2048]","[2048, 2048, 2048, 2048, 2048]","[2048, 2048, 2048, 2048, 2048, 2048, 2048, 2048]",185.0
1143,7787,22,9,2023-04-02T05:33:31.819000+00:00,42.533,52.346,,155.0,169.0,True,200.388,"[2064, 2048, 2048, 2048, 2048, 2048, 2048, 2048, 2048]","[2048, 2048, 2048, 2048, 2048]","[2048, 2048, 2048, 2048, 2048, 2048, 2048]",183.0
1143,7787,4,9,2023-04-02T05:33:35.710000+00:00,41.723,54.404,,169.0,80.0,True,196.59,"[2064, 2048, 2048, 2048, 2048, 2048, 2048, 2048, 2048]","[2048, 2048, 2048, 2048, 2048]","[2048, 2048, 2048, 2048, 2048, 2048, 2048, 2048]",210.0
1143,7787,81,9,2023-04-02T05:33:37.960000+00:00,42.594,52.419,99.729,198.0,87.0,True,194.742,"[2064, 2048, 2048, 2048, 2048, 2048, 2048, 2048, 2048]","[2048, 2048, 2048, 2048, 2048]","[2048, 2048, 2048, 2048, 2048, 2048, 2048, 2048]",204.0
1143,7787,55,9,2023-04-02T05:33:42.147000+00:00,41.326,51.052,98.311,246.0,79.0,True,190.689,"[None, 2048, 2048, 2048, 2048, 2048, 2048, 2048, 2048]","[2048, 2048, 2048, 2048, 2048]","[2048, 2048, 2048, 2048, 2048, 2048, 2048, 0]",199.0
1143,7787,21,9,2023-04-02T05:33:45.522000+00:00,40.469,49.979,97.001,240.0,84.0,True,187.449,"[2064, 2048, 2048, 2048, 2048, 2048, 2048, 2048, 2048]","[2048, 2048, 2048, 2048, 2048]","[2048, 2048, 2048, 2048, 2048, 2048, 2048]",202.0
1143,7787,31,9,2023-04-02T05:33:48.147000+00:00,41.172,47.722,96.079,224.0,101.0,True,184.973,"[2064, 2048, 2048, 2048, 2048, 2048, 2048, 2048, 2048]","[2048, 2048, 2048, 2048, 2048]","[2048, 2048, 2048, 2048, 2048, 2048, 2048, 2048]",201.0
1143,7787,11,9,2023-04-02T05:33:51.178000+00:00,41.005,45.549,95.357,251.0,97.0,True,181.911,"[2064, 2048, 2048, 2048, 2048, 2048, 2048, 2048, 2048]","[2048, 2048, 2048, 2048, 2048]","[2048, 2048, 2048, 2048, 2048, 2048, 2048, 0]",187.0
1143,7787,24,9,2023-04-02T05:33:54.928000+00:00,42.389,44.122,92.096,232.0,184.0,True,178.607,"[2064, 2048, 2048, 2048, 2048, 2048, 2048, 2048, 2048]","[2048, 2048, 2048, 2048, 2048]","[2048, 2048, 2048, 2048, 2048, 2048, 2048, 2048]",173.0
1143,7787,77,9,2023-04-02T05:33:57.100000+00:00,41.347,43.658,91.527,240.0,186.0,True,176.532,"[2064, 2048, 2048, 2048, 2048, 2048, 2048, 2048, 2048]","[2048, 2048, 2048, 2048, 2048]","[2048, 2048, 2048, 2048, 2048, 2048, 2048, 2048]",198.0
1143,7787,2,9,2023-04-02T05:33:59.256000+00:00,41.272,42.877,90.216,258.0,197.0,True,174.365,"[2064, 2048, 2048, 2048, 2048, 2048, 2048, 2048, 2048]","[2048, 2048, 2048, 2048, 2048]","[2048, 2048, 2048, 2048, 2048, 2048, 2048, 2048]",196.0
1143,7787,20,9,2023-04-02T05:34:06.006000+00:00,38.639,42.517,86.691,245.0,93.0,True,167.847,"[None, 2048, 2048, 2048, 2048, 2048, 2048, 2048, 2048]","[None, None, 2048, 2048, 2048]","[2048, 2048, 2048, 2048, 2048, 2048, 2048, 2048]",183.0
1143,7787,44,10,2023-04-02T05:36:14.364000+00:00,69.31,18.767,35.543,273.0,291.0,False,123.62,"[2048, 2048, 2048, 2048, 2048, 2048, 2048, 2048, 2048]","[2048, 2048, 2048, 2048, 2048]","[2049, 2048, 2048, 2051, 2049, 2048, 2048, 2048]",237.0
1143,7787,1,10,2023-04-02T05:36:50.223000+00:00,33.323,18.633,35.871,276.0,288.0,False,87.827,"[2048, 2048, 2048, 2048, 2048, 2048, 2048, 2048, 2048]","[2048, 2048, 2048, 2048, 2048]","[2048, 2048, 2048, 2049, 2048, 2048, 2048, 2048]",242.0
1143,7787,14,10,2023-04-02T05:36:50.911000+00:00,33.489,18.929,36.25,263.0,285.0,False,88.668,"[2048, 2048, 2048, 2048, 2048, 2048, 2048, 2048, 2048]","[2048, 2048, 2048, 2048, 2048]","[2048, 2048, 2048, 2049, 2048, 2048, 2048, 2048]",239.0
1143,7787,18,10,2023-04-02T05:36:51.004000+00:00,34.86,18.991,36.648,269.0,300.0,False,90.499,"[2048, 2048, 2048, 2048, 2048, 2048, 2048, 2048, 2048]","[2048, 2048, 2048, 2048, 2048]","[2048, 2048, 2048, 2048, 2048, 2048, 2048, 2048]",242.0
1143,7787,10,10,2023-04-02T05:36:51.286000+00:00,33.555,18.948,36.534,264.0,294.0,False,89.037,"[2048, 2048, 2048, 2048, 2048, 2048, 2048, 2048, 2048]","[2048, 2048, 2048, 2048, 2048]","[2048, 2048, 2048, 2048, 2048, 2048, 2048]",244.0
1143,7787,27,10,2023-04-02T05:36:51.723000+00:00,34.52,18.694,37.05,267.0,288.0,False,90.264,"[2048, 2048, 2048, 2048, 2048, 2048, 2048, 2048, 2048]","[2048, 2048, 2049, 2048, 2048]","[2048, 2048, 2048, 2048, 2048, 2048, 2048, 2048]",242.0
1143,7787,63,10,2023-04-02T05:36:51.801000+00:00,33.632,18.904,36.682,265.0,289.0,False,89.218,"[2048, 2048, 2048, 2048, 2048, 2048, 2048, 2048, 2048]","[2048, 2048, 2049, 2049, 2049]","[2048, 2048, 2048, 2048, 2048, 2048, 2048]",252.0
1143,7787,22,10,2023-04-02T05:36:52.317000+00:00,34.642,19.067,36.955,265.0,305.0,False,90.664,"[2048, 2048, 2048, 2048, 2048, 2048, 2048, 2048, 2048]","[2048, 2048, 2048, 2048, 2048]","[2048, 2048, 2048, 2048, 2048, 2048, 2049, 2048]",246.0
1143,7787,4,10,2023-04-02T05:36:52.426000+00:00,34.757,18.999,37.17,257.0,289.0,False,90.926,"[2048, 2048, 2048, 2048, 2048, 2048, 2048, 2048, 2048]","[2048, 2048, 2049, 2048, 2048]","[2048, 2048, 2048, 2048, 2048, 2048, 2048, 2048]",255.0
1143,7787,81,10,2023-04-02T05:36:53.020000+00:00,35.008,19.283,37.53,262.0,300.0,False,91.821,"[2048, 2048, 2048, 2048, 2048, 2048, 2048, 2048, 2048]","[2048, 2048, 2049, 2048, 2048]","[2048, 2048, 2048, 2048, 2048, 2048, 2049]",248.0
1143,7787,55,10,2023-04-02T05:36:53.036000+00:00,34.638,18.933,37.293,257.0,299.0,False,90.864,"[2048, 2048, 2048, 2048, 2048, 2048, 2048, 2048, 2048]","[2048, 2048, 2048, 2049, 2049]","[2048, 2048, 2048, 2048, 2048, 2048, 2048]",243.0
1143,7787,21,10,2023-04-02T05:36:53.207000+00:00,37.204,19.515,37.568,259.0,307.0,False,94.287,"[2048, 2048, 2048, 2048, 2048, 2048, 2048, 2048, 2048]","[2048, 2048, 2048, 2048, 2048]","[2048, 2048, 2048, 2048, 2048, 2048, 2048]",238.0
1143,7787,11,10,2023-04-02T05:36:53.207000+00:00,36.336,19.121,37.979,228.0,313.0,False,93.436,"[2048, 2048, 2048, 2048, 2048, 2048, 2048, 2048, 2048]","[2048, 2048, 2048, 2048, 2048]","[2048, 2048, 2048, 2048, 2048, 2048, 2048]",231.0
1143,7787,31,10,2023-04-02T05:36:53.395000+00:00,35.334,18.821,38.412,262.0,297.0,False,92.567,"[2048, 2048, 2048, 2048, 2048, 2048, 2048, 2048, 2048]","[2048, 2048, 2048, 2048, 2048]","[2048, 2048, 2048, 2048, 2048, 2048, 2048]",252.0
1143,7787,24,10,2023-04-02T05:36:53.661000+00:00,34.705,18.938,38.014,258.0,301.0,False,91.657,"[2048, 2048, 2048, 2048, 2048, 2048, 2048, 2048, 2048]","[2048, 2048, 2049, 2049, 2049]","[2048, 2048, 2048, 2048, 2048, 2048, 2049]",243.0
1143,7787,2,10,2023-04-02T05:36:53.661000+00:00,35.529,19.143,37.961,263.0,313.0,False,92.633,"[2048, 2048, 2048, 2048, 2048, 2048, 2048, 2048, 2048]","[2048, 2048, 2048, 2048, 2048]","[2048, 2048, 2048, 2048, 2048, 2048, 2048]",256.0
1143,7787,77,10,2023-04-02T05:36:53.848000+00:00,36.842,19.473,37.887,253.0,299.0,False,94.202,"[2048, 2048, 2048, 2048, 2048, 2048, 2048, 2048, 2048]","[2048, 2048, 2048, 2049, 2049]","[2048, 2048, 2048, 2048, 2048, 2048, 2048]",232.0
1143,7787,20,10,2023-04-02T05:36:53.911000+00:00,34.906,19.187,38.069,257.0,304.0,False,92.162,"[2048, 2048, 2048, 2048, 2048, 2048, 2048, 2048, 2048]","[2048, 2048, 2048, 2048, 2048]","[2048, 2048, 2048, 2048, 2048, 2048, 2048]",244.0
1143,7787,44,11,2023-04-02T05:38:17.191000+00:00,29.102,18.759,35.929,268.0,283.0,False,83.79,"[None, 2048, 2048, 2048, 2048, 2048, 2048, 2048, 2048]","[2048, 2048, 2048, 2048, 2048]","[2048, 2048, 2048, 2048, 2048, 2048, 2051, 2048]",294.0
1143,7787,1,11,2023-04-02T05:38:18.019000+00:00,29.054,18.556,35.85,270.0,292.0,False,83.46,"[None, 2048, 2048, 2048, 2048, 2048, 2048, 2048, 2048]","[2048, 2048, 2048, 2048, 2048]","[2049, 2048, 2048, 2048, 2049, 2048, 2048, 2048]",288.0
1143,7787,14,11,2023-04-02T05:38:19.253000+00:00,29.548,18.786,36.31,268.0,291.0,False,84.644,"[None, 2048, 2048, 2048, 2048, 2048, 2048, 2048, 2048]","[2048, 2048, 2048, 2048, 2048]","[2048, 2048, 2048, 2048, 2048, 2048, 2048, 2048]",286.0
1143,7787,10,11,2023-04-02T05:38:20.191000+00:00,29.589,18.627,36.243,267.0,295.0,False,84.459,"[None, 2048, 2048, 2048, 2048, 2048, 2048, 2048, 2048]","[2048, 2049, 2048, 2048, 2048]","[2048, 2048, 2048, 2048, 2048, 2048, 2048, 2048]",288.0
1143,7787,63,11,2023-04-02T05:38:20.863000+00:00,29.386,19.158,36.073,273.0,301.0,False,84.617,"[2049, 2048, 2048, 2048, 2048, 2048, 2048, 2048, 2048]","[2048, 2048, 2048, 2048, 2049]","[2048, 2048, 2048, 2048, 2048, 2048, 2048]",292.0
1143,7787,18,11,2023-04-02T05:38:21.519000+00:00,29.383,18.714,36.641,270.0,285.0,False,84.738,"[None, 2048, 2048, 2048, 2048, 2048, 2048, 2048, 2048]","[2048, 2048, 2049, 2048, 2048]","[2048, 2048, 2048, 2048, 2048, 2048, 2048, 2048]",285.0
1143,7787,27,11,2023-04-02T05:38:22.019000+00:00,29.533,18.415,36.875,270.0,302.0,False,84.823,"[None, 2048, 2048, 2049, 2048, 2048, 2048, 2048, 2048]","[2048, 2048, 2049, 2048, 2048]","[2048, 2048, 2048, 2048, 2048, 2049, 2049, 2048]",291.0
1143,7787,22,11,2023-04-02T05:38:22.910000+00:00,29.617,18.717,36.544,266.0,291.0,False,84.878,"[None, 2048, 2048, 2048, 2048, 2048, 2048, 2048, 2048]","[2048, 2048, 2049, 2048, 2048]","[2048, 2048, 2048, 2049, 2048, 2048, 2048]",291.0
1143,7787,4,11,2023-04-02T05:38:23.300000+00:00,30.68,18.69,36.447,270.0,300.0,False,85.817,"[None, 2048, 2048, 2048, 2048, 2048, 2048, 2048, 2048]","[2048, 2048, 2048, 2048, 2048]","[2049, 2048, 2048, 2049, 2048, 2048, 2048, 2048]",280.0
1143,7787,55,11,2023-04-02T05:38:23.597000+00:00,29.859,18.526,36.048,265.0,300.0,False,84.433,"[None, 2048, 2048, 2049, 2048, 2048, 2048, 2048, 2048]","[2048, 2048, 2048, 2048, 2048]","[2048, 2048, 2048, 2048, 2048, 2048, 2048]",291.0
1143,7787,81,11,2023-04-02T05:38:24.535000+00:00,29.787,18.968,36.466,272.0,292.0,False,85.221,"[None, 2048, 2048, 2048, 2048, 2048, 2048, 2048, 2048]","[2048, 2048, 2048, 2048, 2048]","[2048, 2049, 2048, 2048, 2048, 2048, 2049, 2048]",298.0
1143,7787,24,11,2023-04-02T05:38:25.035000+00:00,29.826,18.694,36.71,269.0,297.0,False,85.23,"[None, 2049, 2048, 2048, 2048, 2048, 2048, 2048, 2048]","[2048, 2049, 2048, 2048, 2048]","[2048, 2048, 2048, 2049, 2048, 2048, 2048, 2048]",297.0
1143,7787,31,11,2023-04-02T05:38:25.581000+00:00,29.859,18.828,36.579,268.0,291.0,False,85.266,"[None, 2048, 2048, 2048, 2048, 2048, 2048, 2048, 2048]","[2048, 2049, 2048, 2048, 2048]","[2048, 2049, 2048, 2048, 2048, 2048, 2049, 2048]",290.0
1143,7787,20,11,2023-04-02T05:38:25.972000+00:00,30.034,18.621,36.734,270.0,311.0,False,85.389,"[None, 2048, 2048, 2048, 2048, 2048, 2048, 2048, 2048]","[2048, 2048, 2048, 2048, 2048]","[2048, 2048, 2048, 2048, 2048, 2048, 2049, 2048]",291.0
1143,7787,2,11,2023-04-02T05:38:26.160000+00:00,30.291,18.295,37.174,276.0,310.0,False,85.76,"[None, 2048, 2048, 2048, 2048, 2048, 2048, 2048, 2048]","[2048, 2049, 2048, 2048, 2048]","[2048, 2048, 2048, 2048, 2048, 2048, 2049]",267.0
1143,7787,11,11,2023-04-02T05:38:26.394000+00:00,30.555,18.477,36.971,275.0,311.0,False,86.003,"[None, 2048, 2048, 2049, 2048, 2048, 2048, 2048, 2048]","[2048, 2049, 2048, 2048, 2048]","[2048, 2049, 2048, 2048, 2048, 2048, 2049]",275.0
1143,7787,21,11,2023-04-02T05:38:27.253000+00:00,30.459,18.719,36.713,268.0,301.0,False,85.891,"[None, 2048, 2048, 2048, 2048, 2048, 2048, 2048, 2048]","[2048, 2049, 2048, 2048, 2048]","[2048, 2049, 2048, 2048, 2048, 2048, 2048, 2048]",282.0
1143,7787,77,11,2023-04-02T05:38:27.800000+00:00,30.299,18.733,36.857,271.0,302.0,False,85.889,"[None, 2048, 2048, 2048, 2048, 2048, 2048, 2048, 2048]","[2048, 2048, 2049, 2049, 2048]","[2048, 2048, 2048, 2048, 2048, 2048, 2048]",275.0
1143,7787,44,12,2023-04-02T05:39:40.924000+00:00,29.016,18.689,36.911,,284.0,False,84.616,"[None, 2048, 2048, 2048, 2048, 2048, 2048, 2048, 2048]","[2048, 2048, 2048, 2048, 2048]","[2048, 2048, 2048, 2048, 2048, 2048, 2048, 2048]",290.0
1143,7787,1,12,2023-04-02T05:39:41.471000+00:00,28.827,18.134,35.033,281.0,321.0,False,81.994,"[None, 2048, 2048, 2048, 2048, 2048, 2048, 2049, 2051]","[2048, 2048, 2049, 2048, 2048]","[2051, 2049, 2051, 2049, 2049, 2049, 2048]",293.0
1143,7787,14,12,2023-04-02T05:39:43.893000+00:00,29.034,18.555,35.732,276.0,299.0,False,83.321,"[None, 2048, 2048, 2048, 2049, 2048, 2048, 2048, 2048]","[2049, 2048, 2048, 2048, 2048]","[2048, 2048, 2048, 2048, 2048, 2049, 2048, 2048]",284.0
1143,7787,10,12,2023-04-02T05:39:44.737000+00:00,29.151,18.522,35.974,271.0,297.0,False,83.647,"[None, 2049, 2048, 2048, 2049, 2048, 2048, 2048, 2048]","[2048, 2049, 2049, 2048, 2048]","[2048, 2048, 2049, 2048, 2049, 2048, 2049]",293.0
1143,7787,63,12,2023-04-02T05:39:45.565000+00:00,29.026,18.246,35.897,,319.0,False,83.169,"[None, 2048, 2048, 2049, 2048, 2048, 2048, 2048, 2048]","[2048, 2048, 2049, 2049, 2049]","[2048, 2048, 2048, 2048, 2048, 2048, 2048, 2051]",295.0
1143,7787,18,12,2023-04-02T05:39:46.252000+00:00,29.049,18.338,35.89,271.0,314.0,False,83.277,"[None, 2048, 2049, 2048, 2048, 2048, 2049, 2048, 2048]","[2048, 2048, 2048, 2048, 2049]","[2048, 2049, 2049, 2048, 2048, 2048, 2048]",292.0
1143,7787,27,12,2023-04-02T05:39:46.799000+00:00,29.196,18.123,35.942,269.0,321.0,False,83.261,"[None, 2048, 2049, 2049, 2049, 2048, 2049, 2048, 2048]","[2048, 2049, 2048, 2049, 2049]","[2049, 2048, 2049, 2048, 2048, 2048, 2048, 2049]",292.0
1143,7787,22,12,2023-04-02T05:39:47.784000+00:00,30.045,18.479,36.072,268.0,313.0,False,84.596,"[2049, 2048, 2048, 2049, 2048, 2048, 2048, 2048, 2048]","[2048, 2048, 2049, 2049, 2049]","[2048, 2048, 2049, 2049, 2048, 2048, 2048]",300.0
1143,7787,55,12,2023-04-02T05:39:48.018000+00:00,29.127,18.46,35.612,268.0,299.0,False,83.199,"[2049, 2048, 2048, 2049, 2051, 2048, 2048, 2048, 2048]","[2048, 2048, 2048, 2048, 2048]","[2048, 2049, 2048, 2049, 2048, 2048, 2049]",298.0
1143,7787,4,12,2023-04-02T05:39:49.096000+00:00,29.319,18.354,36.102,275.0,316.0,False,83.775,"[None, 2048, 2048, 2048, 2049, 2048, 2048, 2048, 2048]","[2048, 2048, 2048, 2049, 2049]","[2048, 2048, 2049, 2049, 2048, 2048, 2048, 2049]",283.0
1143,7787,81,12,2023-04-02T05:39:49.768000+00:00,29.464,18.371,35.924,275.0,315.0,False,83.759,"[None, 2048, 2049, 2048, 2048, 2048, 2048, 2048, 2049]","[2049, 2049, 2048, 2049, 2049]","[2048, 2049, 2049, 2048, 2049, 2048, 2048, 2049]",291.0
1143,7787,24,12,2023-04-02T05:39:50.346000+00:00,29.503,18.312,36.054,,316.0,False,83.869,"[None, 2048, 2048, 2048, 2048, 2048, 2048, 2048, 2048]","[2049, 2048, 2049, 2049, 2049]","[2049, 2048, 2049, 2049, 2048, 2048, 2048, 2049]",288.0
1143,7787,31,12,2023-04-02T05:39:50.924000+00:00,29.511,18.036,36.294,269.0,326.0,False,83.841,"[None, 2048, 2048, 2048, 2049, 2048, 2049, 2048, 2049]","[2049, 2049, 2048, 2049, 2049]","[2048, 2048, 2048, 2048, 2048, 2049, 2049, 2049]",292.0
1143,7787,20,12,2023-04-02T05:39:51.409000+00:00,29.567,18.276,36.02,271.0,323.0,False,83.863,"[None, 2048, 2048, 2048, 2048, 2049, 2048, 2048, 2048]","[2048, 2048, 2049, 2049, 2049]","[2048, 2048, 2049, 2048, 2048, 2048, 2049, 2049]",294.0
1143,7787,2,12,2023-04-02T05:39:51.971000+00:00,29.558,17.994,36.528,273.0,326.0,False,84.08,"[None, 2048, 2048, 2048, 2048, 2048, 2049, 2048, 2048]","[2049, 2049, 2048, 2051, 2049]","[2048, 2048, 2049, 2048, 2048, 2048, 2048]",301.0
1143,7787,11,12,2023-04-02T05:39:52.487000+00:00,29.692,17.865,36.425,271.0,334.0,False,83.982,"[None, 2048, 2048, 2048, 2048, 2048, 2048, 2048, 2048]","[2049, 2049, 2049, 2049, 2051]","[2048, 2048, 2048, 2048, 2048, 2048, 2048]",288.0
1143,7787,21,12,2023-04-02T05:39:53.143000+00:00,29.698,18.258,36.162,274.0,325.0,False,84.118,"[None, 2048, 2048, 2048, 2048, 2048, 2048, 2048, 2049]","[2048, 2049, 2049, 2049, 2049]","[2049, 2048, 2049, 2048, 2048, 2048, 2048, 2049]",291.0
1143,7787,77,12,2023-04-02T05:39:53.690000+00:00,29.851,18.513,36.033,,318.0,False,84.397,"[None, 2048, 2048, 2049, 2048, 2048, 2048, 2048, 2048]","[2048, 2048, 2048, 2049, 2049]","[2049, 2048, 2049, 2049, 2048, 2048, 2049, 2049]",290.0
1143,7787,1,13,2023-04-02T05:41:03.455000+00:00,28.876,18.642,35.768,272.0,287.0,False,83.286,"[None, 2048, 2049, 2048, 2048, 2051, 2048, 2048, 2048]","[2048, 2048, 2048, 2048, 2048]","[2048, 2048, 2048, 2048, 2048, 2048, 2048, 2048]",281.0
1143,7787,44,13,2023-04-02T05:41:05.517000+00:00,29.39,18.682,35.699,272.0,293.0,False,83.771,"[None, 2048, 2048, 2048, 2048, 2048, 2048, 2048, 2048]","[2048, 2048, 2048, 2048, 2048]","[2049, 2048, 2048, 2048, 2048, 2048, 2048, 2048]",281.0
1143,7787,14,13,2023-04-02T05:41:07.236000+00:00,29.021,18.578,36.035,269.0,292.0,False,83.634,"[None, 2048, 2048, 2048, 2048, 2048, 2048, 2048, 2048]","[2048, 2048, 2048, 2048, 2048]","[2048, 2048, 2048, 2048, 2048, 2048, 2048, 2048]",301.0
1143,7787,10,13,2023-04-02T05:41:08.392000+00:00,29.019,18.532,37.017,270.0,306.0,False,84.568,"[None, 2049, 2049, 2049, 2048, 2048, 2048, 2048, 2048]","[2048, 2048, 2048, 2048, 2049]","[2048, 2048, 2048, 2048, 2048, 2048, 2048]",292.0
1143,7787,63,13,2023-04-02T05:41:08.783000+00:00,29.03,18.207,36.468,277.0,320.0,False,83.705,"[None, 2048, 2048, 2049, 2048, 2048, 2048, 2048, 2048]","[2048, 2048, 2049, 2049, 2048]","[2048, 2048, 2049, 2048, 2048, 2048, 2048]",300.0
1143,7787,18,13,2023-04-02T05:41:09.548000+00:00,28.914,18.191,36.697,,319.0,False,83.802,"[None, 2051, 2048, 2049, 2049, 2048, 2048, 2048, 2048]","[2049, 2049, 2048, 2049, 2049]","[2048, 2049, 2048, 2048, 2048, 2048, 2048, 2049]",306.0
1143,7787,27,13,2023-04-02T05:41:10.095000+00:00,29.056,18.181,36.482,271.0,322.0,False,83.719,"[2049, 2049, 2048, 2049, 2049, 2048, 2048, 2049, 2049]","[2048, 2048, 2048, 2049, 2048]","[2048, 2049, 2048, 2048, 2048, 2048, 2048, 2048]",313.0
1143,7787,55,13,2023-04-02T05:41:11.220000+00:00,28.938,18.342,35.582,269.0,302.0,False,82.862,"[2048, 2048, 2048, 2048, 2048, 2048, 2048, 2048, 2048]","[2048, 2049, 2049, 2049, 2048]","[2048, 2049, 2049, 2048, 2048, 2048, 2048, 2049]",296.0
1143,7787,22,13,2023-04-02T05:41:12.376000+00:00,29.019,18.543,36.067,,296.0,False,83.629,"[None, 2049, 2048, 2049, 2048, 2049, 2049, 2048, 2049]","[2048, 2049, 2049, 2048, 2048]","[2049, 2048, 2048, 2049, 2048, 2049, 2048, 2048]",309.0
1143,7787,4,13,2023-04-02T05:41:12.892000+00:00,29.079,18.271,36.19,269.0,317.0,False,83.54,"[2049, 2049, 2048, 2049, 2049, 2048, 2048, 2048, 2048]","[2049, 2049, 2048, 2048, 2048]","[2048, 2048, 2048, 2048, 2048, 2048, 2048, 2048]",306.0
1143,7787,81,13,2023-04-02T05:41:13.501000+00:00,28.937,18.449,36.11,276.0,316.0,False,83.496,"[2049, 2049, 2049, 2049, 2049, 2048, 2048, 2049, 2049]","[2048, 2048, 2049, 2049, 2049]","[2048, 2048, 2048, 2048, 2048, 2048, 2048, 2048]",319.0
1143,7787,24,13,2023-04-02T05:41:14.204000+00:00,29.141,18.357,35.913,270.0,313.0,False,83.411,"[2049, 2049, 2048, 2049, 2049, 2049, 2048, 2048, 2048]","[2048, 2048, 2048, 2048, 2048]","[2049, 2048, 2049, 2048, 2048, 2048, 2048, 2049]",310.0
1143,7787,31,13,2023-04-02T05:41:14.814000+00:00,29.154,18.127,36.205,271.0,323.0,False,83.486,"[None, 2048, 2048, 2049, 2049, 2048, 2048, 2048, 2049]","[2048, 2048, 2048, 2048, 2048]","[2048, 2048, 2049, 2049, 2049, 2049, 2048, 2048]",308.0
1143,7787,20,13,2023-04-02T05:41:15.314000+00:00,29.177,18.223,36.138,272.0,324.0,False,83.538,"[2049, 2048, 2048, 2049, 2048, 2048, 2048, 2048, 2048]","[2048, 2049, 2049, 2049, 2049]","[2049, 2048, 2048, 2048, 2048, 2048, 2048, 2048]",314.0
1143,7787,2,13,2023-04-02T05:41:16.189000+00:00,29.008,18.062,37.175,276.0,331.0,False,84.245,"[2049, 2049, 2049, 2049, 2048, 2049, 2049, 2048, 2048]","[2049, 2048, 2048, 2048, 2048]","[2048, 2048, 2048, 2048, 2048, 2048, 2048, 2048]",313.0
1143,7787,11,13,2023-04-02T05:41:16.501000+00:00,29.128,17.928,35.996,272.0,333.0,False,83.052,"[2049, 2049, 2048, 2051, 2049, 2048, 2048, 2048, 2048]","[2048, 2048, 2049, 2049, 2051]","[2049, 2048, 2051, 2048, 2048, 2048, 2048, 2048]",301.0
1143,7787,21,13,2023-04-02T05:41:17.267000+00:00,29.181,18.279,36.119,271.0,319.0,False,83.579,"[2049, 2049, 2048, 2049, 2049, 2049, 2049, 2048, 2048]","[2048, 2049, 2049, 2048, 2048]","[2048, 2049, 2049, 2048, 2048, 2048, 2048]",309.0
1143,7787,77,13,2023-04-02T05:41:18.142000+00:00,29.16,18.304,35.93,,317.0,False,83.394,"[2049, 2049, 2048, 2049, 2048, 2048, 2049, 2048, 2048]","[2048, 2048, 2048, 2049, 2049]","[2048, 2048, 2049, 2049, 2048, 2049, 2048, 2049]",310.0
1143,7787,1,14,2023-04-02T05:42:26.735000+00:00,28.769,18.604,35.496,275.0,290.0,False,82.869,"[None, 2048, 2048, 2048, 2048, 2051, 2048, 2048, 2048]","[2048, 2048, 2048, 2048, 2048]","[2048, 2048, 2048, 2048, 2048, 2051, 2048, 2048]",293.0
1143,7787,44,14,2023-04-02T05:42:29.313000+00:00,28.927,18.628,36.063,274.0,292.0,False,83.618,"[None, 2048, 2048, 2048, 2048, 2048, 2048, 2048, 2048]","[2048, 2048, 2048, 2048, 2048]","[2048, 2048, 2048, 2048, 2048, 2048, 2048, 2048]",284.0
1143,7787,14,14,2023-04-02T05:42:30.829000+00:00,29.029,18.581,35.814,,292.0,False,83.424,"[None, 2048, 2048, 2048, 2048, 2048, 2048, 2048, 2048]","[2048, 2048, 2048, 2048, 2048]","[2048, 2048, 2048, 2049, 2048, 2048, 2048]",294.0
1143,7787,63,14,2023-04-02T05:42:32.375000+00:00,28.68,18.521,35.872,279.0,287.0,False,83.073,"[2048, 2048, 2048, 2048, 2049, 2048, 2048, 2048, 2048]","[2048, 2048, 2048, 2048, 2048]","[2048, 2048, 2048, 2048, 2048, 2048, 2048, 2048]",292.0
1143,7787,10,14,2023-04-02T05:42:32.969000+00:00,29.034,18.267,35.967,271.0,314.0,False,83.268,"[2049, 2048, 2048, 2049, 2048, 2048, 2048, 2049, 2048]","[2048, 2049, 2049, 2049, 2049]","[2048, 2048, 2049, 2048, 2048, 2048, 2049, 2049]",298.0
1143,7787,18,14,2023-04-02T05:42:33.344000+00:00,29.193,18.241,35.837,270.0,315.0,False,83.271,"[None, 2048, 2048, 2049, 2048, 2048, 2048, 2048, 2048]","[2048, 2049, 2048, 2049, 2048]","[2048, 2049, 2048, 2048, 2048, 2048, 2049, 2049]",307.0
1143,7787,27,14,2023-04-02T05:42:33.766000+00:00,29.936,18.2,35.993,268.0,322.0,False,84.129,"[None, 2048, 2048, 2049, 2048, 2048, 2048, 2048, 2048]","[2048, 2048, 2049, 2049, 2049]","[2048, 2048, 2048, 2049, 2048, 2048, 2048]",307.0
1143,7787,55,14,2023-04-02T05:42:34.188000+00:00,29.124,18.183,35.651,270.0,322.0,False,82.958,"[2051, 2048, 2048, 2049, 2048, 2048, 2048, 2048, 2048]","[2048, 2048, 2049, 2049, 2049]","[2048, 2048, 2049, 2048, 2048, 2048, 2048]",316.0
1143,7787,22,14,2023-04-02T05:42:36.016000+00:00,29.153,18.568,36.648,,295.0,False,84.369,"[2048, 2049, 2049, 2048, 2048, 2048, 2048, 2049, 2049]","[2049, 2048, 2048, 2048, 2048]","[2048, 2048, 2048, 2048, 2048, 2048, 2048]",297.0
1143,7787,4,14,2023-04-02T05:42:36.422000+00:00,29.102,18.12,36.085,275.0,320.0,False,83.307,"[2048, 2048, 2048, 2048, 2049, 2048, 2048, 2048, 2049]","[2049, 2049, 2049, 2049, 2048]","[2049, 2048, 2048, 2048, 2049, 2049, 2048]",305.0
1143,7787,81,14,2023-04-02T05:42:37.016000+00:00,29.12,18.294,36.146,274.0,319.0,False,83.56,"[2048, 2048, 2049, 2049, 2048, 2048, 2048, 2048, 2048]","[2049, 2048, 2049, 2049, 2048]","[2048, 2048, 2048, 2048, 2048, 2048, 2049, 2049]",311.0
1143,7787,24,14,2023-04-02T05:42:37.641000+00:00,29.12,18.267,36.194,,317.0,False,83.581,"[None, 2048, 2048, 2049, 2049, 2048, 2048, 2048, 2048]","[2048, 2049, 2049, 2049, 2048]","[2048, 2049, 2048, 2048, 2048, 2048, 2048, 2048]",304.0
1143,7787,31,14,2023-04-02T05:42:38.266000+00:00,29.103,18.091,36.296,270.0,324.0,False,83.49,"[None, 2048, 2049, 2049, 2049, 2048, 2048, 2049, 2049]","[2048, 2048, 2048, 2048, 2048]","[2048, 2048, 2048, 2048, 2048, 2048, 2048, 2048]",
1143,7787,20,14,2023-04-02T05:42:38.828000+00:00,29.153,18.197,36.169,,323.0,False,83.519,"[2048, 2048, 2049, 2048, 2048, 2048, 2048, 2048, 2048]","[2048, 2049, 2049, 2049, 2048]","[2048, 2049, 2048, 2048, 2048, 2048, 2048]",309.0
1143,7787,11,14,2023-04-02T05:42:39.453000+00:00,28.995,17.893,36.442,,333.0,False,83.33,"[2048, 2049, 2049, 2051, 2048, 2048, 2048, 2048, 2048]","[2048, 2048, 2049, 2049, 2048]","[2048, 2048, 2048, 2048, 2048, 2048, 2048, 2048]",309.0
1143,7787,2,14,2023-04-02T05:42:40.297000+00:00,28.904,18.039,36.556,278.0,330.0,False,83.499,"[2048, 2048, 2049, 2048, 2048, 2049, 2049, 2048, 2048]","[2048, 2048, 2048, 2048, 2048]","[2048, 2049, 2049, 2048, 2048, 2048, 2048, 2048]",
1143,7787,21,14,2023-04-02T05:42:40.844000+00:00,29.306,18.344,36.012,270.0,318.0,False,83.662,"[None, 2048, 2048, 2049, 2048, 2048, 2048, 2048, 2048]","[2048, 2048, 2049, 2049, 2048]","[2048, 2048, 2048, 2049, 2049, 2048, 2048, 2048]",306.0
1143,7787,77,14,2023-04-02T05:42:41.500000+00:00,29.381,18.318,35.899,267.0,317.0,False,83.598,"[None, 2048, 2048, 2049, 2048, 2048, 2048, 2048, 2048]","[2048, 2048, 2049, 2049, 2048]","[2048, 2049, 2049, 2048, 2049, 2048, 2048]",306.0
1143,7787,1,15,2023-04-02T05:43:49.625000+00:00,28.785,18.527,35.505,274.0,290.0,False,82.817,"[None, 2048, 2049, 2048, 2048, 2048, 2048, 2048, 2048]","[2048, 2048, 2048, 2048, 2048]","[2048, 2048, 2048, 2051, 2048, 2048, 2048, 2048]",290.0
1143,7787,44,15,2023-04-02T05:43:52.906000+00:00,28.731,18.574,35.693,271.0,293.0,False,82.998,"[None, 2048, 2051, 2048, 2048, 2048, 2048, 2048, 2048]","[2048, 2048, 2048, 2048, 2048]","[2049, 2048, 2048, 2048, 2048, 2048, 2048, 2048]",293.0
1143,7787,14,15,2023-04-02T05:43:54.265000+00:00,28.878,18.57,35.56,270.0,292.0,False,83.008,"[None, 2048, 2048, 2048, 2048, 2048, 2048, 2048, 2048]","[2048, 2048, 2048, 2048, 2048]","[2048, 2048, 2048, 2049, 2048, 2048, 2049, 2048]",292.0
1143,7787,63,15,2023-04-02T05:43:55.546000+00:00,28.823,18.486,35.77,274.0,295.0,False,83.079,"[None, 2048, 2048, 2048, 2048, 2048, 2048, 2048, 2048]","[2048, 2048, 2048, 2048, 2048]","[2048, 2048, 2048, 2048, 2048, 2048, 2048, 2048]",290.0
1143,7787,10,15,2023-04-02T05:43:56.234000+00:00,28.876,18.282,35.92,274.0,314.0,False,83.078,"[None, 2048, 2048, 2049, 2049, 2048, 2048, 2049, 2049]","[2048, 2048, 2049, 2049, 2049]","[2048, 2049, 2049, 2048, 2048, 2048, 2048, 2048]",305.0
1143,7787,18,15,2023-04-02T05:43:56.609000+00:00,29.683,18.161,35.803,,323.0,False,83.647,"[None, 2048, 2048, 2049, 2049, 2048, 2048, 2048, 2048]","[2048, 2048, 2048, 2049, 2049]","[2048, 2048, 2049, 2048, 2048, 2048, 2048, 2048]",306.0
1143,7787,55,15,2023-04-02T05:43:57.062000+00:00,28.778,18.255,35.554,271.0,319.0,False,82.587,"[2048, 2049, 2048, 2051, 2051, 2048, 2048, 2049, 2049]","[2048, 2048, 2048, 2048, 2048]","[2048, 2048, 2049, 2048, 2048, 2048, 2048]",315.0
1143,7787,27,15,2023-04-02T05:43:57.953000+00:00,29.006,18.148,35.856,271.0,322.0,False,83.01,"[2048, 2048, 2048, 2048, 2048, 2049, 2048, 2048, 2048]","[2048, 2048, 2048, 2048, 2049]","[2048, 2049, 2049, 2048, 2048, 2048, 2048, 2049]",311.0
1143,7787,4,15,2023-04-02T05:43:59.640000+00:00,29.122,18.563,35.883,269.0,298.0,False,83.568,"[None, 2048, 2049, 2048, 2048, 2049, 2049, 2048, 2048]","[2049, 2048, 2048, 2048, 2048]","[2049, 2049, 2048, 2049, 2049, 2049, 2048, 2048]",289.0
1143,7787,22,15,2023-04-02T05:44:00.499000+00:00,29.399,18.511,36.035,,305.0,False,83.945,"[2049, 2048, 2048, 2048, 2048, 2048, 2048, 2048, 2048]","[2048, 2048, 2049, 2048, 2048]","[2049, 2049, 2048, 2049, 2048, 2049, 2048, 2048]",306.0
1143,7787,81,15,2023-04-02T05:44:00.609000+00:00,30.147,18.353,36.736,272.0,319.0,False,85.236,"[2051, 2049, 2048, 2048, 2048, 2048, 2048, 2048, 2048]","[2048, 2048, 2048, 2048, 2049]","[2049, 2048, 2048, 2048, 2048, 2048, 2048, 2048]",325.0
1143,7787,24,15,2023-04-02T05:44:01.218000+00:00,29.926,18.245,36.857,269.0,322.0,False,85.028,"[None, 2048, 2048, 2048, 2048, 2048, 2048, 2048, 2048]","[2048, 2049, 2049, 2049, 2049]","[2048, 2048, 2048, 2048, 2048, 2048, 2048]",310.0
1143,7787,31,15,2023-04-02T05:44:01.749000+00:00,29.724,18.149,37.011,269.0,328.0,False,84.884,"[None, 2048, 2048, 2049, 2048, 2048, 2048, 2048, 2048]","[2048, 2048, 2049, 2049, 2049]","[2048, 2048, 2048, 2048, 2048, 2048, 2048, 2048]",306.0
1143,7787,20,15,2023-04-02T05:44:02.343000+00:00,29.414,18.361,37.383,273.0,326.0,False,85.158,"[None, 2048, 2048, 2049, 2048, 2048, 2048, 2048, 2048]","[2048, 2048, 2049, 2049, 2049]","[2048, 2048, 2048, 2048, 2048, 2048, 2048]",310.0
1143,7787,11,15,2023-04-02T05:44:02.921000+00:00,29.358,17.96,36.849,274.0,338.0,False,84.167,"[2049, 2048, 2048, 2049, 2048, 2048, 2048, 2048, 2048]","[2048, 2048, 2049, 2051, 2051]","[2048, 2048, 2048, 2048, 2048, 2048, 2048]",305.0
1143,7787,2,15,2023-04-02T05:44:03.812000+00:00,29.17,18.106,36.91,274.0,332.0,False,84.186,"[2049, 2048, 2048, 2048, 2048, 2048, 2048, 2048, 2048]","[2048, 2048, 2048, 2048, 2048]","[2048, 2048, 2048, 2048, 2048, 2048, 2048]",312.0
1143,7787,21,15,2023-04-02T05:44:04.499000+00:00,29.132,18.292,36.56,269.0,318.0,False,83.984,"[2048, 2048, 2048, 2048, 2048, 2049, 2049, 2048, 2048]","[2048, 2049, 2049, 2049, 2049]","[2048, 2048, 2048, 2048, 2048, 2048, 2048]",305.0
1143,7787,77,15,2023-04-02T05:44:05.140000+00:00,29.346,18.323,36.27,265.0,316.0,False,83.939,"[None, 2048, 2048, 2049, 2048, 2048, 2048, 2048, 2048]","[2048, 2048, 2048, 2048, 2049]","[2048, 2048, 2048, 2048, 2048, 2048, 2048]",302.0
1143,7787,1,16,2023-04-02T05:45:12.311000+00:00,28.696,18.502,35.401,276.0,291.0,False,82.599,"[None, 2048, 2048, 2048, 2048, 2048, 2048, 2048, 2048]","[2048, 2048, 2048, 2048, 2048]","[2048, 2048, 2048, 2048, 2048, 2048, 2048, 2048]",292.0
1143,7787,44,16,2023-04-02T05:45:15.920000+00:00,28.776,18.546,35.612,270.0,289.0,False,82.934,"[None, 2048, 2048, 2048, 2048, 2048, 2048, 2048, 2048]","[2048, 2048, 2048, 2048, 2048]","[2049, 2048, 2048, 2051, 2048, 2048, 2048, 2048]",289.0
1143,7787,14,16,2023-04-02T05:45:17.264000+00:00,28.583,18.51,35.167,275.0,294.0,False,82.26,"[None, 2048, 2049, 2048, 2049, 2048, 2048, 2048, 2049]","[2048, 2048, 2048, 2048, 2048]","[2048, 2048, 2048, 2048, 2051, 2048, 2048, 2049]",
1143,7787,63,16,2023-04-02T05:45:18.624000+00:00,28.733,18.436,35.511,272.0,291.0,False,82.68,"[None, 2048, 2048, 2048, 2049, 2048, 2048, 2048, 2048]","[2048, 2048, 2048, 2048, 2048]","[2048, 2048, 2048, 2048, 2048, 2048, 2048, 2048]",293.0
1143,7787,10,16,2023-04-02T05:45:19.295000+00:00,28.778,18.189,35.81,272.0,314.0,False,82.777,"[2048, 2049, 2048, 2048, 2049, 2048, 2048, 2048, 2048]","[2049, 2049, 2049, 2049, 2049]","[2048, 2048, 2049, 2048, 2048, 2048, 2048, 2048]",308.0
1143,7787,55,16,2023-04-02T05:45:19.670000+00:00,29.315,18.066,35.844,269.0,319.0,False,83.225,"[None, 2048, 2048, 2048, 2048, 2048, 2048, 2048, 2048]","[2048, 2049, 2049, 2048, 2048]","[2048, 2049, 2049, 2048, 2048, 2048, 2048, 2049]",314.0
1143,7787,18,16,2023-04-02T05:45:20.295000+00:00,29.081,18.118,35.878,273.0,320.0,False,83.077,"[2049, 2048, 2048, 2049, 2049, 2048, 2048, 2048, 2049]","[2048, 2048, 2049, 2049, 2048]","[2048, 2048, 2049, 2048, 2048, 2048, 2048, 2048]",316.0
1143,7787,27,16,2023-04-02T05:45:20.936000+00:00,28.993,18.052,35.779,270.0,322.0,False,82.824,"[None, 2048, 2048, 2049, 2049, 2048, 2048, 2048, 2048]","[2048, 2048, 2048, 2048, 2048]","[2048, 2048, 2048, 2048, 2049, 2048, 2048, 2048]",
1143,7787,4,16,2023-04-02T05:45:23.311000+00:00,29.019,18.485,35.607,267.0,296.0,False,83.111,"[None, 2048, 2049, 2048, 2048, 2049, 2048, 2048, 2048]","[2049, 2049, 2048, 2048, 2048]","[2049, 2049, 2048, 2049, 2049, 2048, 2048, 2048]",290.0
1143,7787,22,16,2023-04-02T05:45:24.327000+00:00,29.116,18.599,36.289,266.0,293.0,False,84.004,"[2048, 2049, 2048, 2049, 2049, 2048, 2048, 2048, 2048]","[2048, 2048, 2048, 2048, 2048]","[2048, 2048, 2048, 2049, 2048, 2048, 2048, 2048]",309.0
1143,7787,81,16,2023-04-02T05:45:25.827000+00:00,29.004,18.597,35.957,274.0,300.0,False,83.558,"[2048, 2048, 2049, 2048, 2049, 2049, 2048, 2049, 2049]","[2049, 2049, 2048, 2048, 2048]","[2048, 2048, 2048, 2049, 2049, 2048, 2049, 2048]",297.0
1143,7787,24,16,2023-04-02T05:45:26.233000+00:00,29.79,18.514,37.241,,305.0,False,85.545,"[2048, 2048, 2048, 2048, 2048, 2048, 2048, 2048, 2048]","[2049, 2049, 2048, 2048, 2048]","[2048, 2048, 2048, 2048, 2048, 2048, 2048, 2048]",284.0
1143,7787,31,16,2023-04-02T05:45:26.639000+00:00,29.733,18.098,35.616,,324.0,False,83.447,"[None, 2048, 2048, 2048, 2048, 2048, 2048, 2048, 2048]","[2048, 2048, 2049, 2048, 2048]","[2049, 2049, 2049, 2049, 2049, 2049, 2048]",285.0
1143,7787,11,16,2023-04-02T05:45:26.952000+00:00,29.672,18.073,36.554,,326.0,False,84.299,"[None, 2048, 2048, 2048, 2048, 2048, 2048, 2048, 2048]","[2048, 2048, 2048, 2048, 2048]","[2048, 2048, 2048, 2048, 2049, 2048, 2048, 2048]",300.0
1143,7787,20,16,2023-04-02T05:45:27.530000+00:00,29.521,18.264,36.902,272.0,325.0,False,84.687,"[2049, 2048, 2048, 2048, 2048, 2048, 2048, 2048, 2048]","[2048, 2048, 2049, 2048, 2048]","[2048, 2048, 2048, 2048, 2048, 2048, 2048]",312.0
1143,7787,2,16,2023-04-02T05:45:27.998000+00:00,29.771,18.23,36.675,270.0,328.0,False,84.676,"[None, 2049, 2048, 2048, 2049, 2048, 2048, 2048, 2048]","[2048, 2048, 2048, 2048, 2048]","[2048, 2048, 2049, 2048, 2048, 2048, 2048, 2048]",314.0
1143,7787,21,16,2023-04-02T05:45:28.483000+00:00,29.625,18.447,36.617,268.0,323.0,False,84.689,"[2049, 2048, 2048, 2049, 2048, 2048, 2048, 2048, 2048]","[2048, 2048, 2048, 2049, 2049]","[2048, 2048, 2048, 2048, 2048, 2048, 2048, 2048]",309.0
1143,7787,77,16,2023-04-02T05:45:29.045000+00:00,29.485,18.204,36.767,267.0,323.0,False,84.456,"[None, 2048, 2048, 2049, 2048, 2048, 2048, 2048, 2048]","[2048, 2048, 2049, 2049, 2049]","[2048, 2048, 2048, 2048, 2048, 2048, 2048]",305.0
1143,7787,1,17,2023-04-02T05:46:35.029000+00:00,28.6,18.529,35.466,,290.0,False,82.595,"[None, 2048, 2049, 2048, 2048, 2051, 2049, 2048, 2048]","[2048, 2048, 2048, 2048, 2048]","[2048, 2048, 2048, 2048, 2048, 2048, 2048, 2048]",294.0
1143,7787,44,17,2023-04-02T05:46:38.873000+00:00,28.519,18.429,35.173,277.0,291.0,False,82.121,"[None, 2048, 2051, 2048, 2048, 2048, 2048, 2049, 2049]","[2051, 2049, 2048, 2048, 2048]","[2049, 2049, 2048, 2048, 2049, 2048, 2048, 2048]",
1143,7787,14,17,2023-04-02T05:46:39.544000+00:00,28.576,18.306,35.379,273.0,307.0,False,82.261,"[None, 2049, 2048, 2049, 2049, 2048, 2048, 2048, 2048]","[2048, 2049, 2049, 2048, 2048]","[2048, 2048, 2049, 2048, 2048, 2048, 2048, 2048]",308.0
1143,7787,63,17,2023-04-02T05:46:41.294000+00:00,28.79,18.41,47.288,273.0,296.0,False,94.488,"[None, 2048, 2048, 2048, 2048, 2048, 2048, 2048, 2048]","[2048, 2049, 2048, 2048, 2048]","[2048, 2048, 2048, 2048, 2048, 2048, 2048, 2048]",291.0
1143,7787,10,17,2023-04-02T05:46:42.107000+00:00,28.742,18.208,36.293,,313.0,False,83.243,"[2049, 2049, 2048, 2048, 2049, 2048, 2049, 2048, 2048]","[2049, 2048, 2048, 2048, 2048]","[2048, 2049, 2048, 2048, 2048, 2048, 2049, 2048]",307.0
1143,7787,55,17,2023-04-02T05:46:43.294000+00:00,28.798,18.104,36.043,267.0,318.0,False,82.945,"[None, 2048, 2048, 2048, 2048, 2048, 2048, 2048, 2048]","[2048, 2048, 2048, 2048, 2048]","[2048, 2048, 2048, 2048, 2048, 2048, 2048]",321.0
1143,7787,18,17,2023-04-02T05:46:43.357000+00:00,28.895,18.232,36.19,269.0,317.0,False,83.317,"[None, 2051, 2048, 2048, 2048, 2048, 2048, 2049, 2048]","[2048, 2048, 2048, 2048, 2048]","[2049, 2048, 2048, 2048, 2048, 2048, 2048, 2048]",317.0
1143,7787,27,17,2023-04-02T05:46:43.779000+00:00,29.163,18.002,36.535,268.0,321.0,False,83.7,"[2049, 2048, 2048, 2048, 2048, 2048, 2048, 2048, 2048]","[2049, 2048, 2048, 2049, 2049]","[2048, 2049, 2049, 2048, 2048, 2048, 2048]",314.0
1143,7787,4,17,2023-04-02T05:46:46.404000+00:00,28.841,18.512,35.633,269.0,298.0,False,82.986,"[None, 2049, 2049, 2048, 2049, 2048, 2049, 2048, 2048]","[2048, 2048, 2048, 2048, 2048]","[2048, 2049, 2048, 2049, 2049, 2048, 2048, 2048]",287.0
1143,7787,22,17,2023-04-02T05:46:48.341000+00:00,29.204,18.538,35.962,268.0,293.0,False,83.704,"[None, 2048, 2048, 2048, 2049, 2048, 2048, 2049, 2049]","[2049, 2048, 2048, 2048, 2048]","[2048, 2048, 2048, 2048, 2049, 2049, 2048]",293.0
1143,7787,81,17,2023-04-02T05:46:49.372000+00:00,,18.294,35.931,273.0,309.0,False,83.229,"[None, 2048, 2048, 2048, 2048, 2048, 2049, 2049, 2049]","[2049, 2049, 2048, 2049, 2048]","[2048, 2049, 2048, 2048, 2048, 2048, 2048]",295.0
1143,7787,31,17,2023-04-02T05:46:49.982000+00:00,28.956,18.071,35.981,272.0,322.0,False,83.008,"[None, 2049, 2049, 2048, 2049, 2048, 2049, 2049, 2049]","[2049, 2048, 2048, 2048, 2048]","[2048, 2048, 2048, 2048, 2048, 2048, 2048]",307.0
1143,7787,11,17,2023-04-02T05:46:51.263000+00:00,28.69,17.943,35.712,276.0,331.0,False,82.345,"[2048, 2049, 2048, 2048, 2049, 2049, 2049, 2048, 2048]","[2049, 2048, 2048, 2048, 2048]","[2051, 2049, 2048, 2048, 2048, 2048, 2048, 2048]",312.0
1143,7787,24,17,2023-04-02T05:46:51.747000+00:00,29.071,18.356,35.947,268.0,313.0,False,83.374,"[2049, 2048, 2048, 2048, 2049, 2048, 2048, 2048, 2048]","[2048, 2048, 2048, 2048, 2048]","[2049, 2049, 2048, 2049, 2049, 2048, 2048, 2048]",303.0
1143,7787,20,17,2023-04-02T05:46:52.200000+00:00,29.222,18.206,36.146,270.0,325.0,False,83.574,"[2048, 2048, 2048, 2048, 2048, 2048, 2048, 2048, 2048]","[2048, 2049, 2048, 2048, 2048]","[2048, 2048, 2048, 2049, 2048, 2048, 2048]",303.0
1143,7787,2,17,2023-04-02T05:46:52.732000+00:00,29.316,18.14,36.649,278.0,332.0,False,84.105,"[None, 2048, 2048, 2048, 2048, 2048, 2048, 2048, 2048]","[2048, 2048, 2048, 2048, 2048]","[2048, 2048, 2048, 2048, 2048, 2048, 2048, 2048]",311.0
1143,7787,21,17,2023-04-02T05:46:53.169000+00:00,29.325,18.292,36.393,270.0,322.0,False,84.01,"[2048, 2049, 2048, 2048, 2048, 2048, 2048, 2048, 2048]","[2048, 2048, 2048, 2048, 2048]","[2048, 2048, 2048, 2048, 2048, 2048, 2048, 2048]",310.0
1143,7787,77,17,2023-04-02T05:46:53.498000+00:00,29.476,18.192,36.435,268.0,322.0,False,84.103,"[2048, 2048, 2048, 2048, 2048, 2048, 2048, 2048, 2048]","[2048, 2049, 2048, 2048, 2048]","[2048, 2048, 2048, 2048, 2048, 2048, 2048, 2048]",282.0
1143,7787,1,18,2023-04-02T05:47:57.622000+00:00,28.525,24.481,47.309,,222.0,False,100.315,"[None, 2048, 2048, 2048, 2048, 2048, 2051, 2048, 2048]","[2048, 2048, 2048, 2048, 2048]","[2048, 2048, 2048, 2048, 2048, 2048, 2048, 2048]",292.0
1143,7787,44,18,2023-04-02T05:48:00.981000+00:00,28.577,25.475,46.436,273.0,232.0,False,100.488,"[None, 2048, 2048, 2048, 2048, 2049, 2048, 2048, 2048]","[2051, 2048, 2048, 2048, 2048]","[2048, 2048, 2048, 2048, 2048, 2048, 2048, 2048]",291.0
1143,7787,14,18,2023-04-02T05:48:01.778000+00:00,28.488,26.882,45.851,,247.0,False,101.221,"[None, 2049, 2048, 2048, 2049, 2048, 2048, 2048, 2048]","[2048, 2049, 2048, 2048, 2048]","[2048, 2048, 2048, 2048, 2048, 2048, 2048, 2048]",309.0
1143,7787,10,18,2023-04-02T05:48:05.231000+00:00,28.715,26.367,48.004,270.0,252.0,False,103.086,"[2048, 2048, 2049, 2048, 2049, 2049, 2048, 2048, 2048]","[2049, 2048, 2048, 2048, 2048]","[2048, 2048, 2048, 2048, 2048, 2048, 2048, 2048]",289.0
1143,7787,55,18,2023-04-02T05:48:05.809000+00:00,28.867,26.611,49.103,266.0,254.0,False,104.581,"[None, 2048, 2048, 2048, 2048, 2048, 2048, 2048, 2048]","[2048, 2048, 2048, 2048, 2048]","[2048, 2048, 2048, 2048, 2048, 2048, 2048, 2048]",307.0
1143,7787,18,18,2023-04-02T05:48:06.559000+00:00,28.755,27.216,49.369,272.0,255.0,False,105.34,"[2048, 2051, 2048, 2048, 2049, 2048, 2048, 2048, 2048]","[2048, 2048, 2048, 2048, 2048]","[2048, 2048, 2048, 2048, 2048, 2048, 2048, 2048]",309.0
1143,7787,27,18,2023-04-02T05:48:07.372000+00:00,28.822,28.017,48.304,279.0,264.0,False,105.143,"[2048, 2048, 2049, 2048, 2048, 2048, 2048, 2048, 2049]","[2048, 2048, 2048, 2048, 2048]","[2048, 2048, 2048, 2048, 2048, 2048, 2048, 2048]",308.0
1143,7787,4,18,2023-04-02T05:48:09.325000+00:00,28.932,27.675,49.35,270.0,272.0,False,105.957,"[None, 2048, 2048, 2048, 2049, 2048, 2048, 2048, 2048]","[2048, 2048, 2048, 2048, 2048]","[2048, 2048, 2048, 2048, 2048, 2048, 2048, 2048]",291.0
1143,7787,22,18,2023-04-02T05:48:11.934000+00:00,30.785,27.304,48.386,127.0,243.0,False,106.475,"[None, 2048, 2048, 2048, 2049, 2048, 2048, 2048, 2048]","[2048, 2048, 2048, 2048, 2048]","[2048, 2048, 2048, 2048, 2048, 2048, 2048, 2048]",297.0
1143,7787,81,18,2023-04-02T05:48:12.512000+00:00,32.457,26.105,48.297,108.0,230.0,False,106.859,"[None, 2048, 2048, 2048, 2048, 2048, 2049, 2048, 2048]","[2048, 2048, 2048, 2048, 2048]","[2048, 2048, 2048, 2048, 2048, 2048, 2048, 2048]",309.0
1143,7787,31,18,2023-04-02T05:48:13.043000+00:00,33.964,25.056,48.884,105.0,219.0,False,107.904,"[None, 2048, 2048, 2048, 2048, 2048, 2048, 2048, 2048]","[2048, 2048, 2048, 2048, 2048]","[2048, 2048, 2048, 2048, 2048, 2048, 2048, 2048]",302.0
1143,7787,11,18,2023-04-02T05:48:13.621000+00:00,34.332,24.994,49.157,110.0,250.0,False,108.483,"[None, 2048, 2048, 2048, 2048, 2048, 2048, 2048, 2048]","[2048, 2048, 2048, 2048, 2048]","[2048, 2048, 2048, 2048, 2048, 2048, 2048, 2048]",308.0
1143,7787,24,18,2023-04-02T05:48:15.090000+00:00,34.679,24.388,48.577,119.0,262.0,False,107.644,"[2048, 2048, 2048, 2048, 2048, 2048, 2048, 2048, 2048]","[2048, 2048, 2048, 2048, 2048]","[2048, 2048, 2048, 2048, 2048, 2048, 2048, 2048]",291.0
1143,7787,63,18,2023-04-02T05:48:15.825000+00:00,,,,,,False,,"[2052, 0, 0, 0, 0, 0, 0, 0, 0]","[0, 0, 0, 0, 0]","[0, 0, 0, 0, 0, 0, 0, 0]",
1143,7787,20,18,2023-04-02T05:48:15.825000+00:00,35.758,24.53,48.866,145.0,271.0,False,109.154,"[None, 2048, 2048, 2048, 2048, 2048, 2048, 2048, 2048]","[2048, 2048, 2048, 2048, 2048]","[2048, 2048, 2048, 2048, 2048, 2048, 2048, 2048]",307.0
1143,7787,2,18,2023-04-02T05:48:16.793000+00:00,35.806,24.413,48.833,154.0,268.0,False,109.052,"[2048, 2048, 2048, 2048, 2048, 2048, 2048, 2048, 2048]","[2048, 2048, 2048, 2048, 2048]","[2048, 2048, 2048, 2048, 2048, 2048, 2048]",317.0
1143,7787,21,18,2023-04-02T05:48:17.168000+00:00,39.575,23.181,49.086,181.0,266.0,False,111.842,"[2049, 2048, 2048, 2048, 2048, 2048, 2048, 2048, 2048]","[2048, 2048, 2048, 2048, 2048]","[2048, 2048, 2048, 2048, 2048, 2048, 2048]",306.0
1143,7787,77,18,2023-04-02T05:48:17.590000+00:00,36.181,24.972,48.749,157.0,263.0,False,109.902,"[2049, 2048, 2048, 2048, 2048, 2048, 2048, 2048, 2048]","[2048, 2048, 2048, 2048, 2048]","[2048, 2048, 2048, 2048, 2048, 2048, 2048]",296.0
1143,7787,1,19,2023-04-02T05:49:37.933000+00:00,39.394,26.616,37.74,239.0,250.0,False,103.75,"[None, 2048, 2048, 2048, 2048, 2048, 2048, 2048, 2048]","[2048, 2048, 2048, 2048, 2048]","[2048, 2048, 2048, 2048, 2048, 2051, 2048, 2048]",194.0
1143,7787,44,19,2023-04-02T05:49:41.464000+00:00,40.528,25.879,36.634,217.0,252.0,False,103.041,"[None, 2048, 2048, 2048, 2048, 2048, 2048, 2048, 2048]","[2048, 2048, 2048, 2048, 2048]","[2048, 2048, 2048, 2048, 2049, 2049, 2048, 2048]",196.0
1143,7787,14,19,2023-04-02T05:49:43.011000+00:00,40.648,25.201,36.537,224.0,260.0,False,102.386,"[None, 2048, 2048, 2048, 2048, 2048, 2048, 2048, 2048]","[2048, 2048, 2048, 2048, 2048]","[2048, 2048, 2048, 2048, 2048, 2048, 2049, 2048]",175.0
1143,7787,10,19,2023-04-02T05:49:48.417000+00:00,40.114,23.985,36.309,125.0,257.0,False,100.408,"[None, 2048, 2048, 2048, 2048, 2048, 2048, 2048, 2048]","[2048, 2048, 2048, 2048, 2048]","[2048, 2049, 2048, 2049, 2048, 2049, 2048, 2048]",253.0
1143,7787,55,19,2023-04-02T05:49:50.464000+00:00,38.886,24.958,35.689,147.0,247.0,False,99.533,"[None, 2048, 2048, 2048, 2048, 2048, 2048, 2048, 2048]","[2048, 2048, 2048, 2048, 2048]","[2048, 2048, 2048, 2048, 2049, 2048, 2049, 2048]",262.0
1143,7787,18,19,2023-04-02T05:49:51.980000+00:00,38.899,23.97,35.839,121.0,239.0,False,98.708,"[None, 2048, 2048, 2048, 2048, 2048, 2048, 2048, 2048]","[2048, 2048, 2048, 2048, 2048]","[2048, 2048, 2048, 2048, 2049, 2049, 2049, 2048]",267.0
1143,7787,27,19,2023-04-02T05:49:52.605000+00:00,39.041,24.018,36.182,125.0,247.0,False,99.241,"[None, 2048, 2048, 2048, 2048, 2048, 2048, 2048, 2048]","[2048, 2048, 2048, 2048, 2048]","[2048, 2048, 2048, 2049, 2048, 2049, 2048, 2048]",201.0
1143,7787,4,19,2023-04-02T05:49:55.370000+00:00,38.503,24.259,35.688,158.0,288.0,False,98.45,"[None, 2048, 2048, 2048, 2048, 2048, 2048, 2048, 2048]","[2048, 2048, 2048, 2048, 2048]","[2048, 2048, 2048, 2048, 2049, 2049, 2048, 2048]",266.0
1143,7787,22,19,2023-04-02T05:49:58.511000+00:00,39.992,22.558,35.799,125.0,283.0,False,98.349,"[None, 2048, 2048, 2048, 2048, 2048, 2048, 2048, 2048]","[2048, 2048, 2048, 2048, 2048]","[2048, 2049, 2048, 2049, 2049, 2049, 2049, 2048]",262.0
1143,7787,81,19,2023-04-02T05:49:59.433000+00:00,39.843,22.275,35.963,155.0,289.0,False,98.081,"[None, 2048, 2048, 2048, 2048, 2048, 2048, 2048, 2048]","[2048, 2048, 2048, 2048, 2048]","[2048, 2048, 2048, 2048, 2049, 2049, 2049, 2048]",202.0
1143,7787,31,19,2023-04-02T05:50:00.995000+00:00,39.164,21.823,36.299,163.0,297.0,False,97.286,"[None, 2048, 2048, 2048, 2048, 2048, 2048, 2048, 2048]","[2048, 2048, 2048, 2048, 2048]","[2048, 2048, 2048, 2048, 2048, 2048, 2049, 2048]",243.0
1143,7787,11,19,2023-04-02T05:50:02.183000+00:00,39.077,20.856,36.632,169.0,305.0,False,96.565,"[None, 2048, 2048, 2048, 2048, 2048, 2048, 2048, 2048]","[2048, 2048, 2048, 2048, 2048]","[2048, 2048, 2048, 2048, 2048, 2048, 2049]",231.0
1143,7787,24,19,2023-04-02T05:50:02.745000+00:00,39.95,21.815,36.041,167.0,279.0,False,97.806,"[None, 2048, 2048, 2048, 2048, 2048, 2048, 2048, 2048]","[2048, 2048, 2048, 2048, 2048]","[2048, 2048, 2048, 2049, 2049, 2049, 2049, 2048]",203.0
1143,7787,20,19,2023-04-02T05:50:04.917000+00:00,39.593,21.295,36.057,194.0,304.0,False,96.945,"[None, 2048, 2048, 2048, 2048, 2048, 2048, 2048, 2048]","[2048, 2048, 2048, 2048, 2048]","[2048, 2049, 2048, 2049, 2049, 2048, 2049, 2048]",194.0
1143,7787,2,19,2023-04-02T05:50:05.729000+00:00,39.127,20.935,36.854,223.0,288.0,False,96.916,"[None, 2048, 2048, 2048, 2048, 2048, 2048, 2048, 2048]","[2048, 2048, 2048, 2048, 2048]","[2048, 2048, 2048, 2048, 2048, 2049, 2048, 2048]",156.0
1143,7787,77,19,2023-04-02T05:50:07.417000+00:00,39.232,20.99,36.475,243.0,287.0,False,96.697,"[2048, 2048, 2048, 2048, 2048, 2048, 2048, 2048, 2048]","[2048, 2048, 2048, 2048, 2048]","[2048, 2048, 2048, 2048, 2049, 2049, 2049, 2048]",154.0
1143,7787,21,19,2023-04-02T05:50:08.917000+00:00,38.398,21.428,36.116,232.0,300.0,False,95.942,"[2048, 2048, 2048, 2048, 2048, 2048, 2048, 2048, 2048]","[2048, 2048, 2048, 2048, 2048]","[2048, 2049, 2048, 2049, 2048, 2048, 2049, 2048]",189.0
1143,7787,1,20,2023-04-02T05:51:21.682000+00:00,28.643,18.603,35.143,270.0,284.0,False,82.389,"[None, 2048, 2048, 2048, 2048, 2051, 2048, 2048, 2048]","[2048, 2048, 2048, 2048, 2048]","[2048, 2049, 2048, 2051, 2051, 2051, 2048]",286.0
1143,7787,44,20,2023-04-02T05:51:24.479000+00:00,28.518,18.435,35.167,278.0,296.0,False,82.12,"[None, 2048, 2048, 2048, 2048, 2049, 2049, 2048, 2048]","[2051, 2048, 2048, 2048, 2048]","[2048, 2049, 2048, 2049, 2048, 2048, 2048, 2048]",295.0
1143,7787,14,20,2023-04-02T05:51:25.385000+00:00,28.684,18.456,35.773,276.0,295.0,False,82.913,"[None, 2048, 2048, 2048, 2048, 2048, 2048, 2048, 2048]","[2049, 2049, 2048, 2048, 2048]","[2048, 2048, 2048, 2048, 2048, 2048, 2048, 2048]",302.0
1143,7787,10,20,2023-04-02T05:51:28.854000+00:00,28.745,18.519,35.335,273.0,293.0,False,82.599,"[None, 2048, 2048, 2048, 2048, 2049, 2049, 2049, 2048]","[2048, 2049, 2048, 2048, 2048]","[2049, 2049, 2048, 2049, 2049, 2049, 2048, 2048]",291.0
1143,7787,55,20,2023-04-02T05:51:29.994000+00:00,28.615,18.28,35.207,277.0,304.0,False,82.102,"[None, 2048, 2049, 2048, 2048, 2049, 2049, 2049, 2049]","[2049, 2049, 2048, 2048, 2048]","[2048, 2048, 2048, 2049, 2049, 2048, 2048, 2049]",300.0
1143,7787,18,20,2023-04-02T05:51:30.729000+00:00,28.747,18.087,35.321,279.0,316.0,False,82.155,"[None, 2048, 2049, 2048, 2048, 2048, 2049, 2049, 2049]","[2049, 2049, 2048, 2048, 2048]","[2048, 2048, 2048, 2048, 2049, 2048, 2048, 2048]",303.0
1143,7787,27,20,2023-04-02T05:51:31.854000+00:00,28.901,18.297,35.415,278.0,307.0,False,82.613,"[None, 2048, 2048, 2048, 2048, 2049, 2049, 2048, 2049]","[2049, 2049, 2048, 2048, 2048]","[2049, 2049, 2048, 2048, 2049, 2049, 2048, 2048]",306.0
1143,7787,4,20,2023-04-02T05:51:33.807000+00:00,28.775,18.508,35.458,271.0,297.0,False,82.741,"[None, 2048, 2049, 2048, 2048, 2049, 2049, 2048, 2048]","[2049, 2049, 2048, 2048, 2048]","[2048, 2049, 2048, 2048, 2048, 2048, 2048, 2048]",298.0
1143,7787,22,20,2023-04-02T05:51:36.869000+00:00,28.976,18.483,35.808,268.0,301.0,False,83.267,"[None, 2048, 2049, 2048, 2048, 2049, 2049, 2049, 2049]","[2049, 2049, 2048, 2048, 2048]","[2049, 2048, 2048, 2048, 2048, 2048, 2048]",292.0
1143,7787,81,20,2023-04-02T05:51:37.541000+00:00,28.88,18.322,35.849,276.0,305.0,False,83.051,"[None, 2048, 2048, 2048, 2048, 2049, 2049, 2048, 2049]","[2049, 2049, 2049, 2048, 2048]","[2048, 2049, 2048, 2048, 2048, 2048, 2048]",302.0
1143,7787,31,20,2023-04-02T05:51:38.275000+00:00,29.006,18.056,35.708,280.0,319.0,False,82.77,"[None, 2049, 2049, 2048, 2049, 2048, 2048, 2049, 2049]","[2049, 2049, 2048, 2048, 2048]","[2049, 2048, 2049, 2048, 2049, 2049, 2048, 2048]",295.0
1143,7787,11,20,2023-04-02T05:51:38.760000+00:00,29.135,17.711,35.911,272.0,333.0,False,82.757,"[None, 2048, 2049, 2048, 2048, 2048, 2048, 2049, 2048]","[2049, 2051, 2049, 2048, 2048]","[2048, 2048, 2048, 2048, 2049, 2048, 2048, 2049]",295.0
1143,7787,24,20,2023-04-02T05:51:40.603000+00:00,29.261,18.639,35.766,274.0,295.0,False,83.666,"[None, 2049, 2048, 2048, 2048, 2048, 2048, 2049, 2049]","[2049, 2048, 2048, 2048, 2048]","[2049, 2049, 2048, 2049, 2048, 2048, 2048, 2048]",293.0
1143,7787,20,20,2023-04-02T05:51:41.885000+00:00,29.223,18.423,35.938,270.0,301.0,False,83.584,"[None, 2048, 2049, 2048, 2048, 2049, 2049, 2048, 2048]","[2049, 2049, 2048, 2048, 2048]","[2049, 2049, 2048, 2049, 2049, 2048, 2048]",294.0
1143,7787,2,20,2023-04-02T05:51:42.744000+00:00,29.256,18.139,36.371,278.0,327.0,False,83.766,"[None, 2048, 2048, 2048, 2048, 2048, 2048, 2049, 2049]","[2048, 2049, 2048, 2048, 2048]","[2048, 2048, 2048, 2048, 2048, 2048, 2048, 2048]",307.0
1143,7787,77,20,2023-04-02T05:51:44.166000+00:00,29.247,18.45,38.101,274.0,305.0,False,85.798,"[None, 2048, 2048, 2048, 2048, 2048, 2049, 2049, 2049]","[2049, 2049, 2048, 2048, 2048]","[2048, 2048, 2048, 2048, 2048, 2048, 2048, 2048]",293.0
1143,7787,21,20,2023-04-02T05:51:44.947000+00:00,29.05,18.172,36.939,277.0,323.0,False,84.161,"[None, 2048, 2049, 2048, 2048, 2048, 2048, 2049, 2049]","[2048, 2049, 2049, 2048, 2048]","[2048, 2048, 2048, 2048, 2048, 2048, 2048]",306.0
1143,7787,1,21,2023-04-02T05:52:44.009000+00:00,28.596,18.437,35.077,274.0,285.0,False,82.11,"[None, 2048, 2049, 2048, 2048, 2048, 2051, 2048, 2048]","[2049, 2051, 2048, 2048, 2048]","[2048, 2049, 2048, 2048, 2051, 2051, 2048, 2048]",285.0
1143,7787,44,21,2023-04-02T05:52:46.618000+00:00,28.526,18.538,35.64,271.0,288.0,False,82.704,"[None, 2049, 2051, 2048, 2048, 2048, 2048, 2048, 2048]","[2048, 2048, 2048, 2048, 2048]","[2048, 2048, 2048, 2048, 2048, 2048, 2048, 2048]",301.0
1143,7787,14,21,2023-04-02T05:52:48.321000+00:00,28.802,18.521,35.598,270.0,290.0,False,82.921,"[None, 2048, 2048, 2048, 2048, 2048, 2048, 2048, 2048]","[2048, 2049, 2048, 2048, 2048]","[2048, 2048, 2048, 2048, 2048, 2048, 2048, 2048]",300.0
1143,7787,10,21,2023-04-02T05:52:51.415000+00:00,28.655,18.36,35.435,,295.0,False,82.45,"[None, 2049, 2048, 2048, 2048, 2048, 2049, 2048, 2048]","[2048, 2049, 2048, 2048, 2048]","[2049, 2048, 2048, 2048, 2048, 2048, 2049, 2048]",
1143,7787,55,21,2023-04-02T05:52:52.134000+00:00,28.514,18.241,35.395,276.0,318.0,False,82.15,"[None, 2049, 2049, 2048, 2048, 2048, 2048, 2049, 2049]","[2048, 2048, 2048, 2048, 2048]","[2048, 2048, 2048, 2048, 2048, 2048, 2048, 2048]",314.0
1143,7787,18,21,2023-04-02T05:52:52.900000+00:00,28.73,18.128,35.329,270.0,314.0,False,82.187,"[None, 2048, 2048, 2048, 2049, 2048, 2048, 2048, 2048]","[2048, 2048, 2048, 2048, 2048]","[2048, 2048, 2048, 2048, 2048, 2048, 2048, 2049]",318.0
1143,7787,27,21,2023-04-02T05:52:54.462000+00:00,28.872,18.311,35.498,273.0,300.0,False,82.681,"[None, 2048, 2048, 2048, 2048, 2048, 2049, 2049, 2048]","[2048, 2048, 2048, 2048, 2048]","[2048, 2048, 2048, 2048, 2048, 2049, 2049, 2048]",294.0
1143,7787,4,21,2023-04-02T05:52:56.540000+00:00,28.836,18.537,35.455,268.0,294.0,False,82.828,"[None, 2048, 2048, 2048, 2048, 2049, 2048, 2048, 2048]","[2048, 2048, 2048, 2048, 2048]","[2048, 2049, 2048, 2048, 2048, 2048, 2048, 2048]",288.0
1143,7787,22,21,2023-04-02T05:53:00.134000+00:00,28.988,18.485,36.433,,303.0,False,83.906,"[None, 2048, 2049, 2048, 2049, 2048, 2049, 2048, 2049]","[2048, 2048, 2048, 2048, 2048]","[2048, 2048, 2048, 2048, 2048, 2048, 2048, 2048]",289.0
1143,7787,81,21,2023-04-02T05:53:00.587000+00:00,28.906,18.251,36.839,,318.0,False,83.996,"[None, 2048, 2048, 2048, 2049, 2048, 2048, 2049, 2049]","[2048, 2048, 2049, 2049, 2049]","[2048, 2048, 2048, 2048, 2048, 2048, 2048, 2048]",311.0
1143,7787,31,21,2023-04-02T05:53:01.056000+00:00,29.045,18.003,37.293,274.0,321.0,False,84.341,"[None, 2048, 2048, 2048, 2048, 2048, 2048, 2048, 2048]","[2048, 2048, 2048, 2048, 2048]","[2048, 2048, 2048, 2048, 2048, 2048, 2048, 2048]",306.0
1143,7787,11,21,2023-04-02T05:53:01.540000+00:00,28.993,17.695,36.849,282.0,339.0,False,83.537,"[None, 2048, 2048, 2048, 2048, 2048, 2048, 2049, 2051]","[2048, 2048, 2049, 2048, 2051]","[2048, 2048, 2048, 2048, 2048, 2048, 2048]",313.0
1143,7787,24,21,2023-04-02T05:53:04.274000+00:00,29.026,18.575,35.667,275.0,296.0,False,83.268,"[None, 2048, 2049, 2048, 2048, 2048, 2048, 2049, 2049]","[2048, 2048, 2048, 2048, 2048]","[2049, 2048, 2048, 2048, 2048, 2048, 2048, 2048]",294.0
1143,7787,20,21,2023-04-02T05:53:05.462000+00:00,29.112,18.439,35.874,274.0,302.0,False,83.425,"[None, 2048, 2049, 2048, 2048, 2048, 2048, 2048, 2048]","[2049, 2048, 2048, 2048, 2048]","[2049, 2048, 2048, 2048, 2048, 2049, 2048, 2048]",295.0
1143,7787,2,21,2023-04-02T05:53:06.509000+00:00,29.064,18.39,36.424,272.0,307.0,False,83.878,"[None, 2048, 2048, 2048, 2048, 2048, 2048, 2048, 2048]","[2048, 2048, 2048, 2048, 2048]","[2048, 2048, 2048, 2048, 2048, 2048, 2048, 2048]",311.0
1143,7787,21,21,2023-04-02T05:53:09.040000+00:00,29.249,18.609,35.934,270.0,294.0,False,83.792,"[None, 2048, 2048, 2048, 2048, 2049, 2049, 2048, 2048]","[2048, 2048, 2048, 2048, 2048]","[2048, 2049, 2048, 2049, 2049, 2049, 2048, 2048]",289.0
1143,7787,77,21,2023-04-02T05:53:09.993000+00:00,29.468,18.653,36.383,265.0,289.0,False,84.504,"[None, 2048, 2048, 2048, 2048, 2048, 2048, 2048, 2048]","[2048, 2048, 2048, 2048, 2048]","[2048, 2049, 2048, 2048, 2048, 2048, 2048]",297.0
1143,7787,1,22,2023-04-02T05:54:06.195000+00:00,28.588,18.517,35.164,271.0,287.0,False,82.269,"[None, 2049, 2049, 2048, 2048, 2048, 2048, 2048, 2048]","[2048, 2048, 2048, 2048, 2048]","[2048, 2048, 2048, 2048, 2048, 2048, 2048, 2048]",302.0
1143,7787,44,22,2023-04-02T05:54:09.320000+00:00,28.593,18.475,35.652,275.0,291.0,False,82.72,"[None, 2048, 2048, 2048, 2048, 2048, 2048, 2048, 2048]","[2048, 2048, 2048, 2048, 2048]","[2048, 2048, 2048, 2048, 2048, 2048, 2048, 2048]",291.0
1143,7787,14,22,2023-04-02T05:54:11.242000+00:00,28.857,18.5,35.697,,291.0,False,83.054,"[None, 2048, 2048, 2048, 2048, 2048, 2048, 2048, 2048]","[2048, 2049, 2048, 2048, 2048]","[2048, 2048, 2048, 2048, 2048, 2048, 2048, 2048]",293.0
1143,7787,10,22,2023-04-02T05:54:13.883000+00:00,28.959,18.406,35.485,272.0,304.0,False,82.85,"[None, 2049, 2048, 2048, 2049, 2048, 2048, 2048, 2048]","[2048, 2048, 2048, 2048, 2048]","[2048, 2048, 2048, 2048, 2049, 2048, 2049]",
1143,7787,55,22,2023-04-02T05:54:14.258000+00:00,28.967,18.151,35.785,268.0,318.0,False,82.903,"[None, 2048, 2048, 2048, 2048, 2048, 2048, 2048, 2048]","[2048, 2048, 2049, 2048, 2048]","[2048, 2048, 2048, 2048, 2048, 2048, 2048]",308.0
1143,7787,18,22,2023-04-02T05:54:15.039000+00:00,28.824,18.195,35.712,275.0,312.0,False,82.731,"[None, 2048, 2048, 2048, 2048, 2048, 2048, 2048, 2048]","[2048, 2048, 2048, 2048, 2048]","[2048, 2048, 2048, 2048, 2048, 2048, 2048, 2049]",306.0
1143,7787,27,22,2023-04-02T05:54:17.117000+00:00,28.839,18.31,35.476,272.0,301.0,False,82.625,"[None, 2048, 2049, 2048, 2049, 2048, 2048, 2048, 2048]","[2048, 2049, 2048, 2048, 2048]","[2048, 2048, 2048, 2048, 2049, 2048, 2048, 2048]",296.0
1143,7787,4,22,2023-04-02T05:54:19.398000+00:00,28.671,18.5,35.361,272.0,298.0,False,82.532,"[None, 2048, 2049, 2048, 2048, 2049, 2048, 2049, 2049]","[2048, 2048, 2048, 2048, 2048]","[2051, 2049, 2048, 2048, 2048, 2048, 2048]",290.0
1143,7787,22,22,2023-04-02T05:54:24.039000+00:00,28.973,18.679,35.57,267.0,286.0,False,83.222,"[None, 2048, 2049, 2048, 2048, 2048, 2049, 2048, 2048]","[2048, 2048, 2048, 2048, 2048]","[2048, 2049, 2049, 2048, 2048, 2049, 2048, 2048]",291.0
1143,7787,81,22,2023-04-02T05:54:24.586000+00:00,29.28,18.272,36.302,273.0,314.0,False,83.854,"[None, 2048, 2048, 2048, 2048, 2048, 2048, 2048, 2048]","[2048, 2049, 2048, 2048, 2048]","[2048, 2048, 2048, 2048, 2048, 2048, 2048, 2048]",300.0
1143,7787,11,22,2023-04-02T05:54:24.977000+00:00,29.184,17.928,35.625,,329.0,False,82.737,"[None, 2048, 2048, 2048, 2048, 2048, 2048, 2049, 2051]","[2048, 2048, 2048, 2048, 2048]","[2048, 2048, 2048, 2049, 2048, 2049, 2048, 2048]",305.0
1143,7787,31,22,2023-04-02T05:54:25.414000+00:00,29.304,18.095,36.119,271.0,324.0,False,83.518,"[2049, 2048, 2048, 2048, 2048, 2048, 2048, 2048, 2048]","[2048, 2048, 2048, 2048, 2048]","[2048, 2048, 2048, 2048, 2048, 2048, 2048]",305.0
1143,7787,24,22,2023-04-02T05:54:27.539000+00:00,29.037,18.484,35.684,273.0,296.0,False,83.205,"[None, 2048, 2048, 2048, 2048, 2049, 2048, 2049, 2048]","[2048, 2049, 2048, 2048, 2048]","[2049, 2048, 2048, 2048, 2048, 2048, 2048, 2048]",
1143,7787,20,22,2023-04-02T05:54:28.930000+00:00,29.203,18.412,35.772,271.0,301.0,False,83.387,"[None, 2048, 2048, 2048, 2048, 2048, 2048, 2048, 2048]","[2048, 2048, 2048, 2048, 2048]","[2049, 2048, 2048, 2049, 2049, 2048, 2048, 2048]",296.0
1143,7787,2,22,2023-04-02T05:54:30.398000+00:00,29.322,18.326,36.411,274.0,308.0,False,84.059,"[None, 2048, 2048, 2048, 2048, 2048, 2048, 2048, 2048]","[2049, 2049, 2048, 2048, 2048]","[2049, 2048, 2048, 2048, 2049, 2049, 2048, 2048]",302.0
1143,7787,21,22,2023-04-02T05:54:32.992000+00:00,29.29,18.659,36.4,269.0,292.0,False,84.349,"[None, 2048, 2049, 2048, 2048, 2048, 2048, 2049, 2048]","[2048, 2048, 2048, 2048, 2048]","[2048, 2048, 2048, 2048, 2048, 2048, 2048]",288.0
1143,7787,77,22,2023-04-02T05:54:34.476000+00:00,29.206,18.567,35.98,268.0,292.0,False,83.753,"[None, 2048, 2049, 2048, 2048, 2048, 2048, 2048, 2048]","[2048, 2048, 2048, 2048, 2048]","[2048, 2049, 2048, 2049, 2049, 2049, 2048, 2048]",290.0
1143,7787,1,23,2023-04-02T05:55:28.476000+00:00,28.561,18.479,35.153,274.0,289.0,False,82.193,"[None, 2048, 2048, 2048, 2048, 2048, 2048, 2048, 2048]","[2048, 2048, 2048, 2048, 2048]","[2049, 2048, 2048, 2048, 2048, 2048, 2048, 2048]",292.0
1143,7787,44,23,2023-04-02T05:55:32.054000+00:00,28.623,18.613,35.735,270.0,290.0,False,82.971,"[None, 2048, 2051, 2048, 2048, 2048, 2048, 2048, 2048]","[2048, 2048, 2048, 2048, 2048]","[2048, 2048, 2048, 2048, 2048, 2048, 2048, 2048]",293.0
1143,7787,14,23,2023-04-02T05:55:34.288000+00:00,28.794,18.582,35.711,,289.0,False,83.087,"[None, 2048, 2048, 2048, 2048, 2048, 2048, 2048, 2048]","[2048, 2048, 2048, 2048, 2048]","[2048, 2048, 2048, 2048, 2048, 2048, 2048, 2048]",292.0
1143,7787,10,23,2023-04-02T05:55:36.726000+00:00,28.693,18.434,35.404,271.0,294.0,False,82.531,"[None, 2048, 2048, 2048, 2048, 2048, 2048, 2049, 2048]","[2048, 2048, 2048, 2048, 2048]","[2048, 2049, 2048, 2048, 2048, 2048, 2048]",290.0
1143,7787,55,23,2023-04-02T05:55:37.163000+00:00,28.798,18.214,35.511,270.0,316.0,False,82.523,"[None, 2048, 2048, 2048, 2048, 2048, 2048, 2048, 2048]","[2048, 2048, 2048, 2048, 2048]","[2048, 2048, 2048, 2048, 2048, 2048, 2048, 2048]",311.0
1143,7787,18,23,2023-04-02T05:55:37.757000+00:00,28.841,18.154,35.704,271.0,316.0,False,82.699,"[None, 2048, 2048, 2048, 2048, 2048, 2048, 2048, 2048]","[2048, 2048, 2048, 2048, 2048]","[2048, 2048, 2048, 2048, 2048, 2048, 2048, 2048]",309.0
1143,7787,27,23,2023-04-02T05:55:39.819000+00:00,28.761,18.344,35.485,274.0,304.0,False,82.59,"[None, 2048, 2049, 2048, 2048, 2048, 2049, 2048, 2048]","[2048, 2048, 2048, 2048, 2048]","[2048, 2048, 2048, 2048, 2049, 2048, 2048, 2048]",295.0
1143,7787,4,23,2023-04-02T05:55:41.929000+00:00,28.778,18.567,35.305,271.0,294.0,False,82.65,"[None, 2048, 2048, 2048, 2048, 2048, 2048, 2049, 2049]","[2048, 2048, 2048, 2048, 2048]","[2048, 2049, 2048, 2049, 2048, 2048, 2048, 2048]",288.0
1143,7787,22,23,2023-04-02T05:55:47.241000+00:00,29.042,18.653,36.151,266.0,285.0,False,83.846,"[None, 2048, 2048, 2048, 2048, 2048, 2049, 2048, 2048]","[2048, 2048, 2048, 2048, 2048]","[2048, 2048, 2048, 2048, 2048, 2048, 2048, 2048]",290.0
1143,7787,11,23,2023-04-02T05:55:47.788000+00:00,29.116,17.914,35.156,281.0,322.0,False,82.186,"[None, 2048, 2048, 2048, 2048, 2048, 2048, 2048, 2048]","[2048, 2048, 2048, 2048, 2048]","[2051, 2049, 2048, 2049, 2049, 2049, 2048]",298.0
1143,7787,81,23,2023-04-02T05:55:48.460000+00:00,28.952,18.298,35.95,274.0,320.0,False,83.2,"[None, 2048, 2048, 2049, 2049, 2048, 2048, 2048, 2048]","[2048, 2048, 2048, 2048, 2048]","[2048, 2048, 2048, 2048, 2048, 2048, 2048, 2048]",311.0
1143,7787,31,23,2023-04-02T05:55:48.897000+00:00,28.925,17.901,36.759,274.0,336.0,False,83.585,"[2048, 2048, 2048, 2048, 2049, 2048, 2048, 2048, 2048]","[2048, 2049, 2048, 2048, 2049]","[2048, 2048, 2048, 2048, 2049, 2048, 2048, 2048]",309.0
1143,7787,24,23,2023-04-02T05:55:50.741000+00:00,29.042,18.618,35.758,271.0,293.0,False,83.418,"[None, 2048, 2048, 2048, 2048, 2048, 2048, 2048, 2048]","[2048, 2048, 2048, 2048, 2048]","[2048, 2048, 2048, 2048, 2048, 2048, 2048, 2048]",292.0
1143,7787,20,23,2023-04-02T05:55:52.272000+00:00,28.973,18.427,35.913,274.0,302.0,False,83.313,"[None, 2048, 2049, 2048, 2048, 2049, 2049, 2048, 2048]","[2048, 2048, 2048, 2048, 2048]","[2048, 2048, 2048, 2048, 2048, 2049, 2048, 2048]",
1143,7787,2,23,2023-04-02T05:55:54.444000+00:00,29.394,18.363,36.225,277.0,310.0,False,83.982,"[None, 2048, 2048, 2048, 2048, 2048, 2048, 2048, 2048]","[2049, 2048, 2048, 2048, 2048]","[2048, 2049, 2048, 2048, 2048, 2048, 2048, 2048]",300.0
1143,7787,21,23,2023-04-02T05:55:57.272000+00:00,29.301,18.616,36.102,270.0,294.0,False,84.019,"[None, 2048, 2049, 2048, 2048, 2048, 2048, 2048, 2048]","[2048, 2048, 2048, 2048, 2048]","[2048, 2048, 2048, 2048, 2048, 2049, 2048, 2048]",
1143,7787,77,23,2023-04-02T05:55:58.257000+00:00,29.165,18.246,36.074,270.0,311.0,False,83.485,"[None, 2048, 2049, 2048, 2048, 2048, 2048, 2048, 2048]","[2048, 2049, 2048, 2048, 2048]","[2048, 2049, 2048, 2048, 2048, 2048, 2048]",292.0
1143,7787,1,24,2023-04-02T05:56:50.631000+00:00,28.374,18.413,35.056,276.0,290.0,False,81.843,"[None, 2048, 2049, 2048, 2048, 2048, 2048, 2049, 2048]","[2048, 2048, 2048, 2048, 2048]","[2049, 2048, 2048, 2051, 2048, 2048, 2048]",293.0
1143,7787,44,24,2023-04-02T05:56:54.990000+00:00,28.798,18.581,35.795,271.0,290.0,False,83.174,"[None, 2048, 2048, 2048, 2048, 2048, 2048, 2048, 2048]","[2048, 2048, 2048, 2048, 2048]","[2048, 2048, 2048, 2048, 2048, 2048, 2048, 2048]",287.0
1143,7787,14,24,2023-04-02T05:56:57.381000+00:00,28.801,18.49,35.594,,291.0,False,82.885,"[None, 2048, 2048, 2048, 2048, 2048, 2048, 2048, 2048]","[2048, 2048, 2048, 2048, 2048]","[2048, 2048, 2048, 2048, 2048, 2048, 2048, 2048]",291.0
1143,7787,10,24,2023-04-02T05:56:59.240000+00:00,28.748,18.352,35.398,273.0,294.0,False,82.498,"[None, 2048, 2049, 2048, 2048, 2048, 2048, 2051, 2049]","[2048, 2049, 2048, 2048, 2048]","[2048, 2048, 2048, 2048, 2049, 2048, 2048, 2048]",291.0
1143,7787,55,24,2023-04-02T05:56:59.693000+00:00,28.989,18.126,35.31,272.0,314.0,False,82.425,"[None, 2048, 2048, 2048, 2048, 2048, 2048, 2049, 2048]","[2048, 2048, 2048, 2048, 2048]","[2048, 2049, 2048, 2048, 2048, 2048, 2049, 2051]",318.0
1143,7787,18,24,2023-04-02T05:57:00.459000+00:00,28.805,18.157,35.581,,314.0,False,82.543,"[None, 2048, 2049, 2049, 2048, 2048, 2048, 2048, 2048]","[2048, 2048, 2048, 2048, 2048]","[2048, 2048, 2048, 2048, 2048, 2048, 2048]",310.0
1143,7787,27,24,2023-04-02T05:57:02.365000+00:00,28.836,18.31,35.493,272.0,301.0,False,82.639,"[None, 2048, 2048, 2048, 2048, 2048, 2049, 2048, 2048]","[2048, 2048, 2048, 2048, 2048]","[2048, 2048, 2048, 2048, 2048, 2048, 2048, 2048]",
1143,7787,4,24,2023-04-02T05:57:04.584000+00:00,28.819,18.366,35.351,272.0,297.0,False,82.536,"[None, 2048, 2048, 2048, 2048, 2048, 2048, 2048, 2048]","[2049, 2049, 2048, 2048, 2048]","[2048, 2048, 2048, 2048, 2048, 2049, 2048, 2048]",287.0
1143,7787,11,24,2023-04-02T05:57:09.850000+00:00,29.025,18.301,35.352,274.0,292.0,False,82.678,"[None, 2048, 2048, 2048, 2048, 2049, 2049, 2048, 2048]","[2049, 2048, 2048, 2048, 2048]","[2048, 2049, 2048, 2049, 2049, 2048, 2048, 2048]",290.0
1143,7787,22,24,2023-04-02T05:57:11.084000+00:00,29.023,18.523,36.214,269.0,303.0,False,83.76,"[None, 2049, 2048, 2048, 2048, 2048, 2048, 2049, 2049]","[2048, 2048, 2048, 2048, 2048]","[2048, 2048, 2048, 2048, 2048, 2048, 2048, 2048]",297.0
1143,7787,81,24,2023-04-02T05:57:11.631000+00:00,28.987,18.117,36.692,,324.0,False,83.796,"[None, 2048, 2048, 2048, 2048, 2048, 2048, 2048, 2048]","[2048, 2049, 2049, 2049, 2049]","[2048, 2048, 2048, 2048, 2048, 2048, 2048, 2048]",305.0
1143,7787,31,24,2023-04-02T05:57:12.475000+00:00,28.741,18.04,36.623,,320.0,False,83.404,"[None, 2049, 2049, 2048, 2048, 2048, 2049, 2049, 2048]","[2048, 2048, 2048, 2048, 2048]","[2048, 2049, 2048, 2048, 2048, 2048, 2048, 2048]",311.0
1143,7787,24,24,2023-04-02T05:57:14.115000+00:00,28.959,18.423,35.739,,290.0,False,83.121,"[None, 2048, 2049, 2048, 2048, 2048, 2049, 2048, 2048]","[2049, 2049, 2048, 2048, 2048]","[2048, 2048, 2048, 2048, 2048, 2048, 2048]",
1143,7787,20,24,2023-04-02T05:57:15.631000+00:00,29.006,18.416,35.621,,301.0,False,83.043,"[None, 2048, 2049, 2048, 2048, 2048, 2048, 2048, 2048]","[2048, 2048, 2048, 2048, 2048]","[2048, 2048, 2048, 2048, 2049, 2048, 2048, 2048]",
1143,7787,2,24,2023-04-02T05:57:18.428000+00:00,29.367,18.288,36.394,276.0,308.0,False,84.049,"[None, 2048, 2048, 2048, 2048, 2048, 2049, 2048, 2048]","[2049, 2049, 2048, 2048, 2048]","[2049, 2048, 2048, 2048, 2048, 2048, 2048, 2048]",299.0
1143,7787,21,24,2023-04-02T05:57:21.256000+00:00,29.436,18.562,36.231,272.0,293.0,False,84.229,"[None, 2048, 2048, 2048, 2048, 2048, 2048, 2049, 2048]","[2049, 2048, 2048, 2048, 2048]","[2048, 2048, 2048, 2048, 2048, 2048, 2048, 2048]",290.0
1143,7787,77,24,2023-04-02T05:57:21.724000+00:00,29.544,18.241,36.37,,312.0,False,84.155,"[None, 2048, 2048, 2048, 2049, 2048, 2048, 2048, 2048]","[2048, 2048, 2048, 2048, 2048]","[2048, 2049, 2048, 2048, 2048, 2048, 2048, 2048]",301.0
1143,7787,1,25,2023-04-02T05:58:12.505000+00:00,28.561,18.458,35.085,275.0,288.0,False,82.104,"[None, 2048, 2048, 2048, 2048, 2048, 2048, 2048, 2048]","[2048, 2048, 2048, 2048, 2048]","[2049, 2049, 2048, 2048, 2048, 2048, 2048, 2048]",290.0
1143,7787,44,25,2023-04-02T05:58:18.208000+00:00,28.641,18.43,35.385,,289.0,False,82.456,"[None, 2048, 2048, 2048, 2048, 2048, 2048, 2048, 2048]","[2048, 2049, 2048, 2048, 2048]","[2048, 2048, 2048, 2049, 2048, 2048, 2048]",290.0
1143,7787,14,25,2023-04-02T05:58:20.302000+00:00,28.899,18.52,35.515,,290.0,False,82.934,"[None, 2048, 2049, 2048, 2048, 2048, 2048, 2048, 2048]","[2048, 2048, 2048, 2048, 2048]","[2048, 2048, 2048, 2048, 2048, 2048, 2048, 2048]",292.0
1143,7787,10,25,2023-04-02T05:58:21.755000+00:00,30.127,18.152,35.966,270.0,325.0,False,84.245,"[None, 2048, 2048, 2048, 2048, 2048, 2048, 2048, 2048]","[2048, 2048, 2049, 2049, 2049]","[2048, 2048, 2049, 2048, 2048, 2048, 2048]",292.0
1143,7787,55,25,2023-04-02T05:58:22.099000+00:00,29.198,18.446,35.35,271.0,294.0,False,82.994,"[None, 2048, 2048, 2048, 2048, 2048, 2048, 2048, 2048]","[2048, 2048, 2048, 2048, 2048]","[2049, 2048, 2048, 2048, 2048, 2048, 2048]",306.0
1143,7787,18,25,2023-04-02T05:58:23.021000+00:00,29.143,18.222,36.006,273.0,321.0,False,83.371,"[None, 2048, 2049, 2049, 2049, 2048, 2048, 2048, 2048]","[2048, 2048, 2048, 2048, 2048]","[2048, 2048, 2051, 2048, 2048, 2048, 2048, 2049]",311.0
1143,7787,27,25,2023-04-02T05:58:25.005000+00:00,28.923,18.311,35.833,,302.0,False,83.067,"[None, 2048, 2048, 2048, 2048, 2048, 2048, 2048, 2048]","[2048, 2048, 2048, 2048, 2048]","[2048, 2048, 2048, 2048, 2048, 2048, 2048, 2048]",293.0
1143,7787,4,25,2023-04-02T05:58:27.099000+00:00,28.687,18.476,35.397,271.0,296.0,False,82.56,"[None, 2048, 2049, 2048, 2048, 2049, 2048, 2048, 2048]","[2048, 2048, 2048, 2048, 2048]","[2048, 2049, 2048, 2048, 2048, 2048, 2048, 2048]",289.0
1143,7787,11,25,2023-04-02T05:58:32.614000+00:00,28.769,18.256,35.039,277.0,297.0,False,82.064,"[None, 2048, 2049, 2048, 2048, 2049, 2048, 2049, 2048]","[2051, 2048, 2048, 2048, 2048]","[2048, 2049, 2048, 2049, 2051, 2049, 2048, 2048]",292.0
1143,7787,22,25,2023-04-02T05:58:34.849000+00:00,28.969,18.571,36.072,268.0,288.0,False,83.612,"[None, 2048, 2048, 2048, 2049, 2048, 2048, 2049, 2049]","[2048, 2048, 2048, 2048, 2048]","[2048, 2048, 2048, 2048, 2048, 2048, 2048, 2048]",293.0
1143,7787,81,25,2023-04-02T05:58:35.442000+00:00,28.945,18.383,36.15,,305.0,False,83.478,"[None, 2048, 2048, 2048, 2048, 2048, 2048, 2048, 2048]","[2048, 2049, 2048, 2048, 2048]","[2048, 2049, 2048, 2048, 2048, 2048, 2048, 2049]",312.0
1143,7787,31,25,2023-04-02T05:58:35.904000+00:00,28.95,18.045,36.637,273.0,325.0,False,83.632,"[None, 2048, 2048, 2048, 2048, 2049, 2048, 2048, 2048]","[2048, 2048, 2048, 2048, 2048]","[2048, 2048, 2048, 2048, 2048, 2048, 2048, 2048]",310.0
1143,7787,24,25,2023-04-02T05:58:37.255000+00:00,28.953,18.497,36.01,272.0,292.0,False,83.46,"[None, 2048, 2048, 2048, 2048, 2048, 2049, 2049, 2049]","[2048, 2048, 2048, 2048, 2048]","[2048, 2049, 2048, 2048, 2048, 2048, 2048, 2048]",293.0
1143,7787,20,25,2023-04-02T05:58:38.677000+00:00,29.023,18.384,35.809,273.0,301.0,False,83.216,"[None, 2048, 2048, 2048, 2048, 2048, 2049, 2049, 2048]","[2049, 2048, 2048, 2048, 2048]","[2048, 2048, 2048, 2048, 2048, 2048, 2048, 2048]",
1143,7787,2,25,2023-04-02T05:58:42.489000+00:00,29.395,18.354,36.244,,306.0,False,83.993,"[None, 2048, 2048, 2048, 2048, 2048, 2049, 2048, 2048]","[2048, 2049, 2048, 2048, 2048]","[2048, 2048, 2048, 2049, 2048, 2048, 2048, 2048]",300.0
1143,7787,21,25,2023-04-02T05:58:45.520000+00:00,29.548,18.612,36.293,271.0,292.0,False,84.453,"[None, 2048, 2048, 2048, 2048, 2048, 2048, 2048, 2048]","[2048, 2048, 2048, 2048, 2048]","[2048, 2048, 2048, 2048, 2048, 2048, 2048]",289.0
1143,7787,77,25,2023-04-02T05:58:45.849000+00:00,29.653,18.243,36.585,266.0,311.0,False,84.481,"[None, 2048, 2048, 2049, 2049, 2048, 2048, 2048, 2048]","[2048, 2048, 2048, 2048, 2048]","[2048, 2048, 2048, 2048, 2048, 2048, 2048, 2048]",298.0
1143,7787,1,26,2023-04-02T05:59:34.614000+00:00,28.495,18.436,35.041,,290.0,False,81.972,"[None, 2048, 2048, 2048, 2048, 2048, 2048, 2048, 2048]","[2048, 2048, 2048, 2048, 2048]","[2048, 2049, 2048, 2048, 2048, 2048, 2048, 2048]",294.0
1143,7787,44,26,2023-04-02T05:59:40.645000+00:00,28.586,18.523,35.486,273.0,290.0,False,82.595,"[None, 2048, 2048, 2048, 2048, 2048, 2048, 2048, 2048]","[2048, 2048, 2048, 2048, 2048]","[2048, 2048, 2048, 2048, 2048, 2048, 2048, 2048]",291.0
1143,7787,14,26,2023-04-02T05:59:43.192000+00:00,28.606,18.447,35.272,274.0,291.0,False,82.325,"[None, 2048, 2049, 2048, 2048, 2048, 2048, 2048, 2049]","[2049, 2049, 2048, 2048, 2048]","[2048, 2049, 2048, 2048, 2048, 2048, 2048, 2048]",289.0
1143,7787,55,26,2023-04-02T05:59:45.020000+00:00,28.675,18.383,35.38,272.0,295.0,False,82.438,"[None, 2048, 2049, 2048, 2048, 2048, 2049, 2049, 2048]","[2048, 2048, 2048, 2048, 2048]","[2048, 2049, 2048, 2048, 2048, 2048, 2049, 2048]",294.0
1143,7787,10,26,2023-04-02T05:59:45.973000+00:00,28.646,18.088,35.579,274.0,315.0,False,82.313,"[2049, 2048, 2048, 2049, 2048, 2048, 2048, 2048, 2049]","[2048, 2048, 2048, 2048, 2048]","[2049, 2048, 2049, 2048, 2048, 2048, 2048]",309.0
1143,7787,18,26,2023-04-02T05:59:46.379000+00:00,28.844,18.177,35.481,269.0,315.0,False,82.502,"[2049, 2048, 2048, 2049, 2048, 2048, 2048, 2048, 2048]","[2048, 2048, 2048, 2048, 2048]","[2048, 2048, 2048, 2048, 2048, 2048, 2048, 2048]",319.0
1143,7787,27,26,2023-04-02T05:59:48.067000+00:00,28.683,18.241,35.555,273.0,302.0,False,82.479,"[None, 2048, 2049, 2048, 2049, 2048, 2048, 2048, 2048]","[2048, 2049, 2048, 2048, 2048]","[2048, 2048, 2048, 2048, 2048, 2048, 2048, 2048]",296.0
1143,7787,4,26,2023-04-02T05:59:49.660000+00:00,28.708,18.375,35.375,275.0,299.0,False,82.458,"[None, 2048, 2048, 2048, 2048, 2048, 2048, 2049, 2049]","[2048, 2048, 2048, 2048, 2048]","[2048, 2049, 2048, 2048, 2048, 2048, 2048, 2048]",288.0
1143,7787,11,26,2023-04-02T05:59:54.691000+00:00,28.68,18.239,35.305,,299.0,False,82.224,"[None, 2048, 2048, 2048, 2048, 2048, 2049, 2049, 2048]","[2051, 2048, 2048, 2048, 2048]","[2048, 2048, 2048, 2048, 2048, 2048, 2048]",293.0
1143,7787,22,26,2023-04-02T05:59:58.520000+00:00,29.147,18.547,35.737,,288.0,False,83.431,"[None, 2049, 2048, 2048, 2048, 2048, 2048, 2048, 2048]","[2048, 2048, 2048, 2048, 2048]","[2049, 2048, 2048, 2048, 2048, 2048, 2048, 2048]",295.0
1143,7787,81,26,2023-04-02T05:59:58.910000+00:00,29.151,18.293,36.883,275.0,320.0,False,84.327,"[None, 2048, 2048, 2049, 2049, 2048, 2048, 2048, 2048]","[2048, 2048, 2048, 2048, 2048]","[2048, 2048, 2048, 2048, 2048, 2048, 2048]",305.0
1143,7787,31,26,2023-04-02T05:59:59.520000+00:00,28.973,17.873,36.067,279.0,325.0,False,82.913,"[None, 2048, 2048, 2048, 2048, 2048, 2048, 2048, 2048]","[2048, 2049, 2051, 2049, 2048]","[2048, 2048, 2048, 2048, 2049, 2048, 2048, 2048]",309.0
1143,7787,24,26,2023-04-02T06:00:00.723000+00:00,29.038,18.492,35.958,273.0,291.0,False,83.488,"[None, 2048, 2048, 2048, 2048, 2048, 2048, 2049, 2048]","[2048, 2049, 2048, 2048, 2048]","[2048, 2048, 2048, 2048, 2048, 2048, 2048, 2048]",295.0
1143,7787,20,26,2023-04-02T06:00:01.910000+00:00,29.003,18.395,35.837,275.0,304.0,False,83.235,"[None, 2048, 2048, 2048, 2048, 2048, 2048, 2049, 2048]","[2048, 2048, 2048, 2048, 2048]","[2048, 2048, 2048, 2048, 2048, 2048, 2048, 2048]",297.0
1143,7787,2,26,2023-04-02T06:00:06.473000+00:00,29.519,18.374,36.312,275.0,304.0,False,84.205,"[None, 2048, 2048, 2048, 2048, 2048, 2048, 2049, 2048]","[2048, 2048, 2048, 2048, 2048]","[2048, 2049, 2048, 2048, 2048, 2048, 2048, 2048]",299.0
1143,7787,21,26,2023-04-02T06:00:09.973000+00:00,29.42,18.601,36.332,270.0,290.0,False,84.353,"[None, 2048, 2048, 2048, 2048, 2048, 2048, 2048, 2048]","[2048, 2048, 2048, 2048, 2048]","[2048, 2048, 2048, 2048, 2048, 2048, 2048, 2048]",288.0
1143,7787,77,26,2023-04-02T06:00:10.363000+00:00,29.562,18.239,36.348,269.0,310.0,False,84.149,"[None, 2048, 2048, 2048, 2048, 2048, 2048, 2048, 2048]","[2048, 2048, 2048, 2048, 2048]","[2048, 2049, 2048, 2048, 2048, 2048, 2048, 2048]",301.0
1143,7787,1,27,2023-04-02T06:00:56.566000+00:00,28.394,18.431,35.099,278.0,289.0,False,81.924,"[None, 2048, 2048, 2048, 2048, 2048, 2048, 2049, 2048]","[2048, 2048, 2048, 2048, 2048]","[2048, 2048, 2048, 2048, 2048, 2048, 2048, 2048]",
1143,7787,44,27,2023-04-02T06:01:03.253000+00:00,28.433,18.438,35.26,271.0,288.0,False,82.131,"[None, 2048, 2048, 2048, 2048, 2049, 2048, 2048, 2048]","[2048, 2049, 2048, 2048, 2048]","[2048, 2049, 2048, 2048, 2048, 2048, 2048, 2048]",294.0
1143,7787,14,27,2023-04-02T06:01:05.519000+00:00,28.614,18.424,35.316,271.0,288.0,False,82.354,"[None, 2048, 2048, 2048, 2048, 2048, 2048, 2048, 2048]","[2049, 2049, 2048, 2048, 2048]","[2048, 2049, 2048, 2048, 2048, 2048, 2048, 2048]",292.0
1143,7787,55,27,2023-04-02T06:01:07.550000+00:00,28.609,18.304,35.186,273.0,298.0,False,82.099,"[None, 2048, 2049, 2048, 2048, 2048, 2048, 2049, 2048]","[2048, 2049, 2048, 2048, 2048]","[2049, 2049, 2048, 2048, 2048, 2048, 2048, 2048]",
1143,7787,10,27,2023-04-02T06:01:08.300000+00:00,28.673,17.971,35.471,276.0,316.0,False,82.115,"[None, 2049, 2048, 2048, 2048, 2048, 2048, 2048, 2049]","[2048, 2049, 2049, 2048, 2048]","[2048, 2048, 2049, 2048, 2048, 2048, 2048, 2049]",
1143,7787,18,27,2023-04-02T06:01:08.925000+00:00,28.687,18.162,35.255,273.0,317.0,False,82.104,"[2048, 2051, 2048, 2048, 2048, 2048, 2048, 2048, 2048]","[2048, 2048, 2048, 2048, 2048]","[2048, 2049, 2048, 2048, 2048, 2048, 2048, 2048]",314.0
1143,7787,27,27,2023-04-02T06:01:10.534000+00:00,28.63,18.145,35.446,274.0,306.0,False,82.221,"[None, 2049, 2049, 2048, 2049, 2048, 2048, 2048, 2048]","[2049, 2049, 2048, 2048, 2048]","[2049, 2048, 2048, 2048, 2048, 2048, 2048]",298.0
1143,7787,4,27,2023-04-02T06:01:12.112000+00:00,28.68,18.434,35.301,274.0,297.0,False,82.415,"[None, 2048, 2048, 2048, 2048, 2048, 2048, 2051, 2049]","[2048, 2048, 2048, 2048, 2048]","[2048, 2048, 2048, 2049, 2048, 2048, 2048, 2048]",289.0
1143,7787,11,27,2023-04-02T06:01:16.972000+00:00,28.578,18.246,35.246,,300.0,False,82.07,"[None, 2049, 2048, 2048, 2048, 2049, 2049, 2049, 2048]","[2048, 2048, 2048, 2048, 2048]","[2048, 2048, 2048, 2049, 2051, 2048, 2048, 2048]",
1143,7787,22,27,2023-04-02T06:01:21.896000+00:00,29.017,18.568,36.108,,300.0,False,83.693,"[None, 2048, 2049, 2048, 2048, 2048, 2048, 2048, 2049]","[2048, 2048, 2048, 2048, 2048]","[2048, 2048, 2048, 2048, 2048, 2048, 2048, 2048]",290.0
1143,7787,31,27,2023-04-02T06:01:22.362000+00:00,29.003,17.949,35.095,271.0,317.0,False,82.047,"[None, 2048, 2048, 2048, 2048, 2048, 2048, 2048, 2048]","[2049, 2048, 2048, 2048, 2048]","[2049, 2049, 2049, 2049, 2049, 2049, 2049]",307.0
1143,7787,81,27,2023-04-02T06:01:23.284000+00:00,28.839,18.263,35.893,274.0,312.0,False,82.995,"[None, 2048, 2048, 2048, 2048, 2048, 2048, 2048, 2048]","[2049, 2048, 2048, 2048, 2048]","[2048, 2048, 2048, 2048, 2048, 2048, 2048, 2048]",313.0
1143,7787,24,27,2023-04-02T06:01:24.269000+00:00,28.753,18.169,35.709,280.0,317.0,False,82.631,"[None, 2048, 2048, 2048, 2049, 2049, 2048, 2048, 2049]","[2048, 2048, 2048, 2048, 2048]","[2049, 2048, 2049, 2048, 2048, 2048, 2048, 2049]",296.0
1143,7787,20,27,2023-04-02T06:01:25.097000+00:00,28.793,17.995,35.766,,325.0,False,82.554,"[None, 2049, 2048, 2048, 2049, 2048, 2048, 2048, 2048]","[2049, 2049, 2048, 2048, 2048]","[2048, 2048, 2048, 2048, 2048, 2048, 2048, 2048]",314.0
1143,7787,2,27,2023-04-02T06:01:30.659000+00:00,29.386,18.308,36.064,277.0,307.0,False,83.758,"[None, 2048, 2048, 2048, 2048, 2048, 2049, 2048, 2048]","[2049, 2049, 2048, 2048, 2048]","[2048, 2048, 2048, 2049, 2049, 2048, 2048, 2048]",298.0
1143,7787,21,27,2023-04-02T06:01:34.331000+00:00,30.898,18.515,36.601,268.0,311.0,False,86.014,"[None, 2048, 2048, 2048, 2048, 2048, 2048, 2048, 2048]","[2048, 2048, 2048, 2048, 2048]","[2048, 2048, 2048, 2048, 2048, 2048, 2048, 2048]",286.0
1143,7787,77,27,2023-04-02T06:01:34.534000+00:00,30.107,18.682,35.739,266.0,283.0,False,84.528,"[None, 2048, 2048, 2048, 2049, 2048, 2048, 2048, 2048]","[2049, 2049, 2048, 2048, 2048]","[2048, 2049, 2048, 2048, 2049, 2049, 2049]",302.0
1143,7787,1,28,2023-04-02T06:02:18.487000+00:00,28.436,18.404,35.086,277.0,290.0,False,81.926,"[None, 2048, 2048, 2048, 2048, 2048, 2048, 2048, 2048]","[2048, 2048, 2048, 2048, 2048]","[2048, 2048, 2048, 2048, 2048, 2048, 2048, 2048]",
1143,7787,44,28,2023-04-02T06:02:25.377000+00:00,28.521,18.417,35.07,273.0,289.0,False,82.008,"[None, 2048, 2048, 2048, 2048, 2048, 2049, 2048, 2048]","[2048, 2049, 2048, 2048, 2048]","[2048, 2048, 2048, 2048, 2049, 2049, 2048, 2048]",285.0
1143,7787,14,28,2023-04-02T06:02:27.877000+00:00,28.523,18.351,35.027,275.0,294.0,False,81.901,"[None, 2049, 2049, 2048, 2048, 2048, 2048, 2048, 2049]","[2049, 2048, 2048, 2048, 2048]","[2049, 2049, 2048, 2048, 2048, 2049, 2049, 2048]",291.0
1143,7787,55,28,2023-04-02T06:02:29.643000+00:00,28.592,18.228,35.099,,298.0,False,81.919,"[None, 2048, 2049, 2048, 2048, 2048, 2048, 2049, 2048]","[2049, 2049, 2048, 2048, 2048]","[2049, 2048, 2048, 2048, 2048, 2048, 2049]",
1143,7787,10,28,2023-04-02T06:02:30.455000+00:00,28.622,18.065,35.339,275.0,315.0,False,82.026,"[None, 2049, 2048, 2048, 2048, 2048, 2048, 2048, 2048]","[2048, 2048, 2048, 2048, 2048]","[2049, 2048, 2049, 2048, 2048, 2048, 2048]",310.0
1143,7787,18,28,2023-04-02T06:02:30.987000+00:00,28.703,18.173,35.311,271.0,314.0,False,82.187,"[None, 2048, 2048, 2048, 2048, 2048, 2048, 2048, 2048]","[2048, 2048, 2048, 2048, 2048]","[2048, 2048, 2048, 2048, 2048, 2048, 2048, 2048]",313.0
1143,7787,27,28,2023-04-02T06:02:32.768000+00:00,28.792,18.161,35.38,273.0,304.0,False,82.333,"[None, 2048, 2048, 2048, 2048, 2048, 2048, 2048, 2048]","[2049, 2048, 2048, 2048, 2048]","[2049, 2048, 2048, 2048, 2048, 2048, 2048, 2048]",297.0
1143,7787,4,28,2023-04-02T06:02:34.549000+00:00,28.695,18.414,35.317,272.0,297.0,False,82.426,"[None, 2048, 2048, 2048, 2048, 2048, 2048, 2048, 2048]","[2048, 2048, 2048, 2048, 2048]","[2048, 2048, 2048, 2049, 2048, 2048, 2048, 2048]",288.0
1143,7787,11,28,2023-04-02T06:02:39.002000+00:00,28.814,18.236,35.194,276.0,299.0,False,82.244,"[None, 2048, 2048, 2048, 2048, 2048, 2048, 2049, 2048]","[2048, 2048, 2048, 2048, 2048]","[2048, 2048, 2048, 2048, 2048, 2048, 2048, 2048]",292.0
1143,7787,31,28,2023-04-02T06:02:44.439000+00:00,28.698,18.37,35.188,272.0,291.0,False,82.256,"[None, 2049, 2049, 2048, 2048, 2049, 2049, 2049, 2048]","[2049, 2048, 2048, 2048, 2048]","[2048, 2049, 2048, 2049, 2049, 2049, 2049]",289.0
1143,7787,22,28,2023-04-02T06:02:45.580000+00:00,28.804,18.53,35.796,,289.0,False,83.13,"[None, 2048, 2048, 2048, 2049, 2048, 2048, 2048, 2048]","[2048, 2048, 2048, 2048, 2048]","[2048, 2048, 2048, 2048, 2048, 2048, 2048, 2048]",309.0
1143,7787,81,28,2023-04-02T06:02:46.236000+00:00,28.798,18.262,35.765,275.0,309.0,False,82.825,"[None, 2048, 2048, 2048, 2048, 2048, 2048, 2048, 2048]","[2049, 2048, 2048, 2048, 2048]","[2048, 2048, 2048, 2048, 2048, 2048, 2048, 2049]",314.0
1143,7787,24,28,2023-04-02T06:02:46.846000+00:00,28.829,18.271,35.804,273.0,314.0,False,82.904,"[2049, 2048, 2048, 2049, 2048, 2048, 2048, 2048, 2048]","[2048, 2048, 2048, 2048, 2048]","[2048, 2048, 2048, 2048, 2048, 2048, 2048, 2048]",306.0
1143,7787,20,28,2023-04-02T06:02:47.627000+00:00,29.255,18.477,35.71,273.0,302.0,False,83.442,"[None, 2048, 2048, 2049, 2048, 2048, 2048, 2048, 2048]","[2048, 2048, 2048, 2048, 2048]","[2048, 2049, 2048, 2048, 2048, 2048, 2048, 2048]",316.0
1143,7787,2,28,2023-04-02T06:02:54.424000+00:00,29.28,18.285,36.17,275.0,304.0,False,83.735,"[None, 2048, 2048, 2048, 2048, 2048, 2048, 2049, 2048]","[2049, 2049, 2048, 2048, 2048]","[2048, 2049, 2048, 2048, 2048, 2048, 2048, 2048]",303.0
1143,7787,77,28,2023-04-02T06:02:59.002000+00:00,28.878,18.61,35.81,268.0,283.0,False,83.298,"[None, 2049, 2049, 2048, 2048, 2049, 2049, 2049, 2048]","[2049, 2048, 2048, 2048, 2048]","[2049, 2048, 2048, 2049, 2048, 2049, 2049, 2048]",288.0
1143,7787,21,28,2023-04-02T06:03:00.580000+00:00,29.271,18.623,36.512,272.0,295.0,False,84.406,"[None, 2049, 2048, 2048, 2048, 2048, 2048, 2048, 2048]","[2048, 2048, 2048, 2048, 2048]","[2048, 2048, 2048, 2048, 2048, 2048, 2048, 2048]",306.0
1143,7787,1,29,2023-04-02T06:03:40.423000+00:00,28.409,18.376,34.987,,290.0,False,81.772,"[None, 2048, 2048, 2048, 2048, 2048, 2048, 2048, 2048]","[2048, 2048, 2048, 2048, 2048]","[2048, 2048, 2048, 2048, 2048, 2048, 2048, 2048]",
1143,7787,44,29,2023-04-02T06:03:47.376000+00:00,28.61,18.554,35.551,269.0,287.0,False,82.715,"[None, 2048, 2051, 2048, 2048, 2048, 2048, 2048, 2048]","[2048, 2048, 2048, 2048, 2048]","[2048, 2048, 2048, 2048, 2048, 2048, 2048, 2048]",292.0
1143,7787,14,29,2023-04-02T06:03:49.814000+00:00,28.429,18.368,35.232,272.0,289.0,False,82.029,"[None, 2048, 2049, 2048, 2048, 2048, 2048, 2049, 2049]","[2048, 2048, 2048, 2048, 2048]","[2049, 2048, 2048, 2048, 2048, 2048, 2049, 2048]",290.0
1143,7787,55,29,2023-04-02T06:03:51.579000+00:00,28.618,18.334,35.46,272.0,297.0,False,82.412,"[None, 2048, 2048, 2048, 2048, 2048, 2048, 2049, 2048]","[2049, 2048, 2048, 2048, 2048]","[2048, 2048, 2048, 2048, 2048, 2048, 2049, 2048]",
1143,7787,10,29,2023-04-02T06:03:52.486000+00:00,28.527,17.977,35.733,,316.0,False,82.237,"[2048, 2048, 2048, 2048, 2048, 2048, 2048, 2048, 2049]","[2049, 2048, 2048, 2048, 2048]","[2048, 2048, 2048, 2048, 2048, 2048, 2048, 2049]",309.0
1143,7787,18,29,2023-04-02T06:03:53.189000+00:00,28.47,18.099,35.436,277.0,318.0,False,82.005,"[None, 2048, 2048, 2049, 2048, 2048, 2048, 2049, 2048]","[2048, 2048, 2048, 2048, 2048]","[2049, 2048, 2048, 2048, 2048, 2048, 2048, 2048]",
1143,7787,27,29,2023-04-02T06:03:55.111000+00:00,28.721,18.173,35.329,274.0,303.0,False,82.223,"[None, 2049, 2048, 2048, 2048, 2048, 2048, 2048, 2049]","[2048, 2049, 2048, 2048, 2048]","[2048, 2048, 2048, 2048, 2048, 2048, 2048, 2048]",
1143,7787,4,29,2023-04-02T06:03:56.954000+00:00,28.718,18.468,35.048,273.0,298.0,False,82.234,"[None, 2048, 2048, 2048, 2048, 2048, 2048, 2048, 2048]","[2048, 2048, 2048, 2048, 2048]","[2048, 2049, 2049, 2048, 2049, 2048, 2049, 2048]",289.0
1143,7787,11,29,2023-04-02T06:04:01.267000+00:00,28.624,18.232,35.052,,300.0,False,81.908,"[None, 2048, 2048, 2048, 2048, 2048, 2048, 2048, 2048]","[2048, 2048, 2048, 2048, 2048]","[2051, 2048, 2048, 2049, 2048, 2049, 2048, 2048]",291.0
1143,7787,31,29,2023-04-02T06:04:06.751000+00:00,28.648,18.388,35.102,273.0,291.0,False,82.138,"[None, 2049, 2048, 2048, 2048, 2049, 2049, 2049, 2049]","[2048, 2048, 2048, 2048, 2048]","[2048, 2049, 2048, 2049, 2049, 2048, 2048, 2048]",
1143,7787,22,29,2023-04-02T06:04:08.720000+00:00,29.202,18.626,36.065,267.0,287.0,False,83.893,"[None, 2048, 2048, 2048, 2048, 2048, 2048, 2048, 2049]","[2048, 2048, 2048, 2048, 2048]","[2048, 2049, 2048, 2048, 2048, 2048, 2048, 2048]",302.0
1143,7787,81,29,2023-04-02T06:04:09.063000+00:00,29.1,18.25,35.285,277.0,317.0,False,82.635,"[None, 2048, 2048, 2048, 2049, 2048, 2048, 2048, 2049]","[2048, 2048, 2049, 2049, 2048]","[2049, 2049, 2048, 2049, 2049, 2048, 2048, 2048]",304.0
1143,7787,24,29,2023-04-02T06:04:09.751000+00:00,29.105,18.274,35.871,272.0,316.0,False,83.25,"[2048, 2048, 2048, 2049, 2049, 2048, 2048, 2048, 2048]","[2048, 2048, 2048, 2048, 2048]","[2048, 2048, 2048, 2048, 2048, 2048, 2048]",309.0
1143,7787,20,29,2023-04-02T06:04:11.063000+00:00,28.821,17.988,35.778,275.0,325.0,False,82.587,"[None, 2048, 2049, 2048, 2048, 2049, 2048, 2049, 2049]","[2049, 2048, 2048, 2048, 2048]","[2048, 2049, 2048, 2048, 2048, 2048, 2048, 2048]",297.0
1143,7787,2,29,2023-04-02T06:04:18.173000+00:00,29.414,18.4,36.308,277.0,307.0,False,84.122,"[None, 2048, 2048, 2048, 2048, 2048, 2048, 2048, 2048]","[2048, 2048, 2048, 2048, 2048]","[2048, 2049, 2048, 2048, 2048, 2048, 2048, 2048]",295.0
1143,7787,77,29,2023-04-02T06:04:22.329000+00:00,28.881,18.536,35.597,270.0,289.0,False,83.014,"[None, 2048, 2048, 2048, 2048, 2049, 2048, 2048, 2048]","[2049, 2049, 2048, 2048, 2048]","[2048, 2049, 2048, 2049, 2049, 2048, 2048, 2048]",289.0
1143,7787,21,29,2023-04-02T06:04:24.751000+00:00,29.483,18.62,36.424,271.0,293.0,False,84.527,"[None, 2048, 2048, 2048, 2048, 2048, 2048, 2049, 2048]","[2048, 2048, 2048, 2048, 2048]","[2048, 2048, 2048, 2048, 2048, 2048, 2048]",288.0
1143,7787,1,30,2023-04-02T06:05:02.219000+00:00,28.353,18.414,35.235,276.0,290.0,False,82.002,"[None, 2048, 2049, 2048, 2048, 2048, 2048, 2048, 2048]","[2048, 2048, 2048, 2048, 2048]","[2048, 2048, 2048, 2048, 2048, 2048, 2048, 2048]",
1143,7787,44,30,2023-04-02T06:05:10.078000+00:00,28.501,18.403,35.301,273.0,291.0,False,82.205,"[None, 2048, 2048, 2048, 2049, 2048, 2048, 2048, 2048]","[2048, 2049, 2048, 2048, 2048]","[2048, 2048, 2048, 2051, 2048, 2048, 2048, 2048]",290.0
1143,7787,14,30,2023-04-02T06:05:11.782000+00:00,28.493,18.332,35.107,273.0,291.0,False,81.932,"[None, 2048, 2048, 2048, 2048, 2048, 2048, 2048, 2048]","[2048, 2048, 2049, 2048, 2048]","[2048, 2049, 2048, 2049, 2048, 2048, 2048]",
1143,7787,55,30,2023-04-02T06:05:13.969000+00:00,28.647,18.278,35.23,271.0,296.0,False,82.155,"[None, 2048, 2048, 2048, 2048, 2048, 2048, 2048, 2048]","[2048, 2048, 2048, 2048, 2048]","[2049, 2048, 2048, 2048, 2048, 2048, 2048, 2048]",
1143,7787,10,30,2023-04-02T06:05:14.688000+00:00,28.573,18.135,35.48,,314.0,False,82.188,"[None, 2048, 2048, 2049, 2048, 2048, 2048, 2048, 2049]","[2048, 2048, 2048, 2048, 2048]","[2048, 2048, 2048, 2048, 2048, 2048, 2048, 2049]",
1143,7787,18,30,2023-04-02T06:05:15.203000+00:00,28.68,18.098,35.409,273.0,318.0,False,82.187,"[None, 2048, 2048, 2048, 2048, 2048, 2048, 2048, 2048]","[2048, 2048, 2048, 2048, 2048]","[2048, 2048, 2048, 2048, 2048, 2048, 2048, 2048]",317.0
1143,7787,27,30,2023-04-02T06:05:17.313000+00:00,29.077,18.289,35.305,272.0,296.0,False,82.671,"[None, 2048, 2048, 2048, 2048, 2048, 2048, 2048, 2048]","[2048, 2048, 2048, 2048, 2048]","[2048, 2048, 2048, 2048, 2049, 2049, 2048, 2048]",295.0
1143,7787,4,30,2023-04-02T06:05:19.235000+00:00,28.623,18.386,35.219,272.0,299.0,False,82.228,"[None, 2048, 2049, 2048, 2048, 2048, 2049, 2051, 2048]","[2048, 2048, 2048, 2048, 2048]","[2048, 2048, 2048, 2048, 2048, 2048, 2048, 2048]",290.0
1143,7787,11,30,2023-04-02T06:05:23.172000+00:00,28.795,18.134,34.989,,299.0,False,81.918,"[None, 2048, 2048, 2048, 2048, 2048, 2048, 2048, 2048]","[2051, 2049, 2048, 2048, 2048]","[2048, 2048, 2048, 2048, 2048, 2049, 2048, 2048]",292.0
1143,7787,31,30,2023-04-02T06:05:28.906000+00:00,28.669,18.331,34.998,271.0,291.0,False,81.998,"[None, 2049, 2049, 2048, 2048, 2048, 2048, 2048, 2048]","[2049, 2049, 2048, 2048, 2048]","[2049, 2049, 2048, 2048, 2048, 2051, 2049, 2048]",
1143,7787,81,30,2023-04-02T06:05:31.609000+00:00,28.938,18.635,35.51,268.0,289.0,False,83.083,"[None, 2048, 2048, 2048, 2048, 2049, 2048, 2048, 2048]","[2049, 2048, 2048, 2048, 2048]","[2048, 2049, 2048, 2048, 2049, 2049, 2049, 2048]",294.0
1143,7787,22,30,2023-04-02T06:05:32.609000+00:00,29.166,18.494,35.898,,290.0,False,83.558,"[None, 2048, 2048, 2048, 2048, 2048, 2048, 2048, 2048]","[2048, 2048, 2048, 2048, 2048]","[2048, 2049, 2048, 2048, 2048, 2048, 2048, 2048]",311.0
1143,7787,24,30,2023-04-02T06:05:33+00:00,29.215,18.245,36.103,,313.0,False,83.563,"[2049, 2048, 2048, 2049, 2048, 2048, 2048, 2048, 2048]","[2048, 2048, 2048, 2048, 2048]","[2048, 2048, 2048, 2048, 2048, 2048, 2048, 2048]",305.0
1143,7787,20,30,2023-04-02T06:05:33.672000+00:00,28.938,18.093,36.445,276.0,324.0,False,83.476,"[2049, 2048, 2048, 2048, 2048, 2048, 2048, 2048, 2049]","[2048, 2048, 2049, 2049, 2048]","[2048, 2048, 2048, 2048, 2048, 2048, 2048, 2048]",310.0
1143,7787,2,30,2023-04-02T06:05:42.281000+00:00,29.555,18.412,36.315,275.0,304.0,False,84.282,"[None, 2048, 2048, 2048, 2048, 2048, 2048, 2048, 2048]","[2048, 2048, 2048, 2048, 2048]","[2048, 2048, 2048, 2048, 2048, 2048, 2048, 2048]",300.0
1143,7787,77,30,2023-04-02T06:05:45.359000+00:00,29.052,18.548,35.885,,287.0,False,83.485,"[None, 2048, 2048, 2048, 2048, 2048, 2048, 2048, 2048]","[2048, 2048, 2048, 2048, 2048]","[2048, 2048, 2048, 2048, 2048, 2048, 2048, 2048]",
1143,7787,21,30,2023-04-02T06:05:49.281000+00:00,29.403,18.585,36.296,,293.0,False,84.284,"[None, 2048, 2048, 2048, 2048, 2048, 2048, 2048, 2048]","[2048, 2048, 2048, 2048, 2048]","[2048, 2048, 2048, 2048, 2048, 2048, 2048]",292.0
1143,7787,1,31,2023-04-02T06:06:24.187000+00:00,28.451,18.29,35.283,277.0,289.0,False,82.024,"[None, 2048, 2048, 2048, 2048, 2048, 2048, 2048, 2048]","[2049, 2051, 2048, 2048, 2048]","[2048, 2048, 2048, 2048, 2048, 2048, 2048, 2048]",293.0
1143,7787,44,31,2023-04-02T06:06:32.296000+00:00,28.586,18.437,35.197,270.0,288.0,False,82.22,"[None, 2048, 2048, 2048, 2048, 2048, 2048, 2048, 2048]","[2048, 2048, 2048, 2048, 2048]","[2048, 2048, 2048, 2048, 2048, 2048, 2048]",295.0
1143,7787,14,31,2023-04-02T06:06:33.734000+00:00,28.896,18.363,35.197,,293.0,False,82.456,"[None, 2048, 2048, 2048, 2048, 2048, 2048, 2048, 2048]","[2048, 2048, 2048, 2048, 2048]","[2048, 2048, 2048, 2048, 2048, 2048, 2048, 2048]",292.0
1143,7787,55,31,2023-04-02T06:06:36.140000+00:00,28.575,18.288,34.991,273.0,298.0,False,81.854,"[None, 2048, 2049, 2048, 2048, 2048, 2048, 2048, 2048]","[2048, 2048, 2048, 2048, 2048]","[2048, 2048, 2048, 2048, 2049, 2049, 2048, 2048]",295.0
1143,7787,10,31,2023-04-02T06:06:36.906000+00:00,28.537,18.086,35.341,274.0,316.0,False,81.964,"[None, 2048, 2048, 2049, 2048, 2048, 2048, 2048, 2048]","[2048, 2048, 2048, 2048, 2048]","[2048, 2048, 2048, 2048, 2048, 2048, 2048, 2048]",
1143,7787,18,31,2023-04-02T06:06:37.374000+00:00,28.602,18.041,35.426,275.0,320.0,False,82.069,"[None, 2048, 2048, 2049, 2048, 2048, 2048, 2048, 2048]","[2048, 2048, 2048, 2048, 2048]","[2048, 2048, 2048, 2048, 2048, 2048, 2048, 2048]",316.0
1143,7787,27,31,2023-04-02T06:06:39.999000+00:00,28.811,18.344,35.242,270.0,297.0,False,82.397,"[None, 2048, 2048, 2048, 2048, 2048, 2048, 2048, 2048]","[2048, 2048, 2048, 2048, 2048]","[2048, 2049, 2048, 2048, 2049, 2048, 2048]",292.0
1143,7787,4,31,2023-04-02T06:06:41.437000+00:00,28.675,18.416,35.248,271.0,297.0,False,82.339,"[None, 2048, 2048, 2048, 2048, 2048, 2048, 2048, 2048]","[2048, 2048, 2048, 2048, 2048]","[2048, 2048, 2048, 2048, 2048, 2048, 2048]",
1143,7787,11,31,2023-04-02T06:06:45.093000+00:00,28.617,18.194,35.001,,299.0,False,81.812,"[None, 2048, 2048, 2048, 2048, 2048, 2049, 2048, 2048]","[2048, 2048, 2048, 2048, 2048]","[2048, 2048, 2048, 2048, 2048, 2048, 2049, 2048]",293.0
1143,7787,31,31,2023-04-02T06:06:50.874000+00:00,28.534,18.358,35.135,273.0,291.0,False,82.027,"[None, 2048, 2049, 2048, 2048, 2049, 2048, 2051, 2049]","[2049, 2048, 2048, 2048, 2048]","[2049, 2049, 2048, 2048, 2051, 2048, 2048]",
1143,7787,81,31,2023-04-02T06:06:54.765000+00:00,28.791,18.574,35.297,270.0,289.0,False,82.662,"[None, 2048, 2049, 2048, 2048, 2049, 2049, 2049, 2048]","[2049, 2048, 2048, 2048, 2048]","[2048, 2049, 2048, 2048, 2049, 2048, 2048, 2048]",287.0
1143,7787,22,31,2023-04-02T06:06:56.171000+00:00,29.122,18.568,36.141,268.0,291.0,False,83.831,"[None, 2048, 2048, 2048, 2048, 2048, 2048, 2048, 2048]","[2048, 2048, 2048, 2048, 2048]","[2048, 2048, 2048, 2048, 2049, 2048, 2048, 2048]",296.0
1143,7787,24,31,2023-04-02T06:06:56.562000+00:00,29.205,18.153,37.11,273.0,298.0,False,84.468,"[2048, 2048, 2048, 2048, 2048, 2048, 2048, 2048, 2048]","[2048, 2048, 2048, 2048, 2048]","[2048, 2048, 2049, 2048, 2048, 2048, 2048, 2048]",289.0
1143,7787,20,31,2023-04-02T06:06:57.124000+00:00,29.249,18.016,36.881,272.0,319.0,False,84.146,"[2048, 2048, 2048, 2048, 2048, 2048, 2048, 2048, 2048]","[2048, 2048, 2048, 2048, 2048]","[2048, 2048, 2048, 2048, 2048, 2048, 2048, 2048]",303.0
1143,7787,2,31,2023-04-02T06:07:06.561000+00:00,29.438,18.458,36.264,277.0,304.0,False,84.16,"[None, 2048, 2048, 2048, 2048, 2048, 2048, 2048, 2048]","[2048, 2048, 2048, 2048, 2048]","[2048, 2048, 2048, 2048, 2048, 2048, 2048]",297.0
1143,7787,77,31,2023-04-02T06:07:08.843000+00:00,29.092,18.559,35.715,271.0,289.0,False,83.366,"[None, 2048, 2048, 2048, 2048, 2048, 2048, 2049, 2049]","[2048, 2048, 2048, 2048, 2048]","[2049, 2049, 2048, 2048, 2048, 2048, 2048, 2048]",
1143,7787,21,31,2023-04-02T06:07:13.546000+00:00,29.314,18.685,36.334,273.0,290.0,False,84.333,"[None, 2048, 2048, 2048, 2048, 2048, 2048, 2049, 2048]","[2048, 2048, 2048, 2048, 2048]","[2048, 2048, 2048, 2048, 2048, 2048, 2048, 2048]",288.0
1143,7787,1,32,2023-04-02T06:07:46.217000+00:00,28.335,18.404,35.273,,290.0,False,82.012,"[None, 2049, 2048, 2048, 2048, 2048, 2048, 2048, 2048]","[2048, 2048, 2048, 2048, 2048]","[2048, 2048, 2048, 2048, 2048, 2048, 2048, 2048]",296.0
1143,7787,44,32,2023-04-02T06:07:54.530000+00:00,28.743,18.522,35.286,273.0,290.0,False,82.551,"[None, 2048, 2048, 2048, 2048, 2048, 2048, 2048, 2048]","[2048, 2048, 2048, 2048, 2048]","[2048, 2048, 2048, 2048, 2048, 2048, 2048]",289.0
1143,7787,14,32,2023-04-02T06:07:56.202000+00:00,28.407,18.393,35.298,274.0,290.0,False,82.098,"[None, 2049, 2048, 2048, 2048, 2048, 2051, 2048, 2049]","[2048, 2049, 2048, 2048, 2048]","[2048, 2048, 2048, 2048, 2048, 2048, 2048, 2048]",295.0
1143,7787,55,32,2023-04-02T06:07:58.014000+00:00,28.442,18.335,35.209,278.0,299.0,False,81.986,"[None, 2048, 2048, 2048, 2048, 2049, 2048, 2049, 2049]","[2048, 2048, 2048, 2048, 2048]","[2048, 2048, 2048, 2048, 2048, 2048, 2048, 2048]",300.0
1143,7787,10,32,2023-04-02T06:07:58.826000+00:00,28.507,18.107,35.333,275.0,313.0,False,81.947,"[None, 2048, 2048, 2048, 2048, 2048, 2048, 2049, 2049]","[2048, 2048, 2048, 2048, 2048]","[2048, 2048, 2049, 2048, 2048, 2048, 2048, 2049]",
1143,7787,18,32,2023-04-02T06:07:59.451000+00:00,28.586,18.129,35.459,,316.0,False,82.174,"[None, 2048, 2048, 2048, 2048, 2048, 2048, 2049, 2049]","[2048, 2048, 2048, 2048, 2048]","[2048, 2048, 2048, 2048, 2048, 2048, 2048, 2048]",319.0
1143,7787,27,32,2023-04-02T06:08:02.373000+00:00,28.701,18.266,35.121,271.0,296.0,False,82.088,"[None, 2048, 2048, 2048, 2048, 2048, 2049, 2048, 2048]","[2048, 2049, 2048, 2048, 2048]","[2049, 2049, 2048, 2049, 2048, 2048, 2048, 2048]",293.0
1143,7787,4,32,2023-04-02T06:08:03.733000+00:00,28.623,18.469,35.068,276.0,297.0,False,82.16,"[None, 2048, 2048, 2048, 2048, 2048, 2048, 2049, 2049]","[2048, 2048, 2048, 2048, 2048]","[2048, 2048, 2048, 2051, 2049, 2048, 2048, 2048]",
1143,7787,11,32,2023-04-02T06:08:06.858000+00:00,28.391,18.1,34.965,278.0,302.0,False,81.456,"[None, 2048, 2048, 2048, 2048, 2048, 2049, 2049, 2048]","[2051, 2049, 2048, 2048, 2048]","[2051, 2048, 2048, 2048, 2048, 2048, 2048, 2048]",294.0
1143,7787,31,32,2023-04-02T06:08:12.904000+00:00,28.537,18.289,35.215,272.0,291.0,False,82.041,"[None, 2048, 2049, 2048, 2048, 2048, 2048, 2048, 2048]","[2049, 2049, 2048, 2048, 2048]","[2048, 2048, 2048, 2049, 2048, 2048, 2048, 2048]",
1143,7787,81,32,2023-04-02T06:08:17.436000+00:00,28.986,18.607,35.262,272.0,291.0,False,82.855,"[None, 2048, 2048, 2048, 2048, 2048, 2048, 2048, 2048]","[2048, 2048, 2048, 2048, 2048]","[2048, 2048, 2048, 2049, 2048, 2048, 2048, 2048]",284.0
1143,7787,22,32,2023-04-02T06:08:20.045000+00:00,29.073,18.614,35.559,267.0,286.0,False,83.246,"[None, 2048, 2048, 2048, 2048, 2048, 2048, 2048, 2048]","[2048, 2048, 2048, 2048, 2048]","[2048, 2049, 2048, 2049, 2049, 2048, 2048]",295.0
1143,7787,24,32,2023-04-02T06:08:21.045000+00:00,28.854,18.266,35.905,271.0,308.0,False,83.025,"[None, 2048, 2048, 2048, 2048, 2048, 2048, 2048, 2048]","[2048, 2048, 2048, 2048, 2048]","[2048, 2048, 2048, 2048, 2048, 2048, 2048]",303.0
1143,7787,20,32,2023-04-02T06:08:21.311000+00:00,,18.085,36.2,271.0,320.0,False,83.534,"[None, 2048, 2048, 2048, 2048, 2048, 2048, 2048, 2048]","[2048, 2048, 2048, 2048, 2048]","[2048, 2048, 2048, 2048, 2048, 2048, 2048, 2048]",288.0
1143,7787,2,32,2023-04-02T06:08:30.732000+00:00,29.425,18.4,36.171,278.0,305.0,False,83.996,"[None, 2048, 2048, 2048, 2048, 2048, 2048, 2049, 2049]","[2048, 2048, 2048, 2048, 2048]","[2048, 2048, 2048, 2048, 2048, 2048, 2048]",
1143,7787,77,32,2023-04-02T06:08:32.185000+00:00,29.192,18.582,35.819,270.0,288.0,False,83.593,"[None, 2048, 2048, 2048, 2048, 2048, 2048, 2048, 2048]","[2048, 2048, 2048, 2048, 2048]","[2048, 2048, 2048, 2048, 2048, 2048, 2048, 2048]",
1143,7787,21,32,2023-04-02T06:08:37.873000+00:00,29.393,18.692,36.272,271.0,292.0,False,84.357,"[None, 2048, 2048, 2048, 2048, 2048, 2048, 2048, 2048]","[2048, 2048, 2048, 2048, 2048]","[2048, 2048, 2048, 2048, 2048, 2048, 2048, 2048]",289.0
1143,7787,1,33,2023-04-02T06:09:08.232000+00:00,28.27,18.343,35.206,278.0,290.0,False,81.819,"[None, 2048, 2049, 2048, 2048, 2048, 2048, 2048, 2048]","[2048, 2048, 2048, 2048, 2048]","[2048, 2048, 2048, 2048, 2048, 2048, 2048, 2048]",
1143,7787,44,33,2023-04-02T06:09:17.076000+00:00,28.259,18.355,35.04,278.0,290.0,False,81.654,"[None, 2048, 2048, 2048, 2049, 2048, 2051, 2049, 2049]","[2049, 2049, 2049, 2048, 2048]","[2048, 2049, 2048, 2048, 2048, 2048, 2048, 2048]",293.0
1143,7787,14,33,2023-04-02T06:09:18.326000+00:00,28.51,18.354,35.127,276.0,291.0,False,81.991,"[None, 2048, 2048, 2048, 2048, 2048, 2048, 2048, 2049]","[2048, 2048, 2049, 2048, 2048]","[2048, 2048, 2048, 2049, 2048, 2048, 2048]",291.0
1143,7787,55,33,2023-04-02T06:09:19.997000+00:00,28.508,18.266,34.996,276.0,299.0,False,81.77,"[None, 2048, 2048, 2048, 2048, 2048, 2048, 2049, 2048]","[2048, 2048, 2049, 2048, 2048]","[2048, 2048, 2048, 2049, 2049, 2048, 2048, 2048]",297.0
1143,7787,10,33,2023-04-02T06:09:20.810000+00:00,28.573,18.041,35.192,276.0,315.0,False,81.806,"[2049, 2048, 2048, 2048, 2048, 2048, 2048, 2048, 2048]","[2048, 2048, 2048, 2048, 2048]","[2048, 2048, 2049, 2048, 2048, 2048, 2048, 2048]",
1143,7787,18,33,2023-04-02T06:09:21.591000+00:00,28.535,18.15,35.291,274.0,315.0,False,81.976,"[None, 2048, 2048, 2048, 2048, 2048, 2049, 2048, 2048]","[2048, 2048, 2048, 2048, 2048]","[2049, 2049, 2048, 2048, 2048, 2048, 2048, 2048]",314.0
1143,7787,27,33,2023-04-02T06:09:24.497000+00:00,28.516,18.154,35.074,276.0,302.0,False,81.744,"[None, 2048, 2048, 2048, 2048, 2048, 2048, 2049, 2049]","[2049, 2049, 2048, 2048, 2048]","[2049, 2049, 2048, 2048, 2051, 2048, 2048, 2048]",296.0
1143,7787,4,33,2023-04-02T06:09:25.889000+00:00,28.696,18.415,35.169,272.0,295.0,False,82.28,"[None, 2048, 2048, 2048, 2048, 2048, 2048, 2048, 2048]","[2048, 2048, 2048, 2048, 2048]","[2048, 2049, 2049, 2048, 2049, 2048, 2048, 2048]",
1143,7787,11,33,2023-04-02T06:09:28.372000+00:00,28.656,18.155,34.996,277.0,300.0,False,81.807,"[None, 2049, 2048, 2048, 2048, 2048, 2048, 2048, 2048]","[2048, 2048, 2048, 2048, 2048]","[2048, 2048, 2048, 2048, 2048, 2048, 2048, 2048]",295.0
1143,7787,31,33,2023-04-02T06:09:34.997000+00:00,28.758,18.342,34.988,273.0,291.0,False,82.088,"[None, 2048, 2048, 2048, 2048, 2048, 2048, 2048, 2048]","[2048, 2048, 2048, 2048, 2048]","[2049, 2049, 2048, 2048, 2049, 2048, 2048, 2048]",
1143,7787,81,33,2023-04-02T06:09:40.357000+00:00,28.839,18.564,35.028,274.0,290.0,False,82.431,"[None, 2048, 2049, 2048, 2048, 2048, 2048, 2048, 2048]","[2048, 2048, 2048, 2048, 2048]","[2048, 2048, 2048, 2049, 2051, 2049, 2049, 2048]",289.0
1143,7787,22,33,2023-04-02T06:09:43.247000+00:00,28.866,18.581,35.621,270.0,285.0,False,83.068,"[None, 2048, 2048, 2048, 2048, 2048, 2048, 2049, 2049]","[2048, 2048, 2048, 2048, 2048]","[2048, 2048, 2048, 2048, 2049, 2048, 2048, 2048]",293.0
1143,7787,24,33,2023-04-02T06:09:44.075000+00:00,28.857,18.277,35.643,273.0,307.0,False,82.777,"[None, 2048, 2048, 2048, 2048, 2048, 2048, 2049, 2048]","[2048, 2048, 2049, 2048, 2048]","[2048, 2049, 2048, 2048, 2048, 2048, 2048, 2048]",305.0
1143,7787,20,33,2023-04-02T06:09:44.810000+00:00,28.886,17.998,35.708,276.0,327.0,False,82.592,"[None, 2048, 2048, 2048, 2048, 2048, 2048, 2049, 2049]","[2048, 2048, 2048, 2048, 2048]","[2048, 2049, 2048, 2048, 2048, 2048, 2048, 2049]",315.0
1143,7787,2,33,2023-04-02T06:09:54.731000+00:00,29.543,18.497,36.337,276.0,303.0,False,84.377,"[None, 2048, 2048, 2048, 2048, 2048, 2048, 2048, 2049]","[2048, 2048, 2048, 2048, 2048]","[2048, 2048, 2048, 2048, 2048, 2048, 2048, 2048]",299.0
1143,7787,77,33,2023-04-02T06:09:55.778000+00:00,29.337,18.347,36.032,269.0,306.0,False,83.716,"[None, 2048, 2048, 2048, 2048, 2048, 2048, 2048, 2048]","[2048, 2048, 2048, 2048, 2048]","[2048, 2048, 2048, 2048, 2048, 2048, 2048, 2049]",
1143,7787,21,33,2023-04-02T06:10:02.216000+00:00,29.382,18.511,36.099,273.0,293.0,False,83.992,"[None, 2048, 2048, 2048, 2048, 2048, 2048, 2048, 2048]","[2049, 2049, 2048, 2048, 2048]","[2048, 2048, 2048, 2048, 2048, 2048, 2048, 2048]",293.0
1143,7787,1,34,2023-04-02T06:10:30.044000+00:00,28.381,18.355,35.158,277.0,289.0,False,81.894,"[None, 2048, 2048, 2048, 2048, 2048, 2048, 2048, 2048]","[2048, 2048, 2048, 2048, 2048]","[2048, 2048, 2048, 2048, 2048, 2048, 2048, 2048]",292.0
1143,7787,44,34,2023-04-02T06:10:38.762000+00:00,28.498,18.502,34.973,271.0,287.0,False,81.973,"[None, 2048, 2048, 2048, 2048, 2048, 2048, 2048, 2048]","[2048, 2048, 2048, 2048, 2048]","[2048, 2049, 2048, 2048, 2048, 2048, 2048, 2048]",292.0
1143,7787,14,34,2023-04-02T06:10:40.309000+00:00,28.522,18.44,35.059,273.0,287.0,False,82.021,"[None, 2048, 2048, 2048, 2048, 2048, 2048, 2048, 2048]","[2048, 2048, 2048, 2048, 2048]","[2048, 2048, 2048, 2048, 2049, 2049, 2048]",292.0
1143,7787,55,34,2023-04-02T06:10:41.731000+00:00,28.474,18.239,35.164,275.0,299.0,False,81.877,"[None, 2048, 2048, 2048, 2048, 2048, 2048, 2048, 2048]","[2048, 2048, 2048, 2048, 2048]","[2048, 2048, 2048, 2048, 2048, 2048, 2048, 2048]",296.0
1143,7787,10,34,2023-04-02T06:10:42.590000+00:00,28.462,18.13,35.184,277.0,314.0,False,81.776,"[None, 2048, 2048, 2049, 2048, 2048, 2048, 2049, 2051]","[2048, 2048, 2048, 2048, 2048]","[2048, 2048, 2048, 2048, 2048, 2048, 2048, 2048]",310.0
1143,7787,18,34,2023-04-02T06:10:43.590000+00:00,28.612,18.275,35.344,277.0,297.0,False,82.231,"[None, 2048, 2048, 2048, 2048, 2048, 2049, 2049, 2049]","[2049, 2048, 2048, 2048, 2048]","[2048, 2049, 2048, 2049, 2049, 2049, 2048, 2048]",296.0
1143,7787,27,34,2023-04-02T06:10:46.215000+00:00,28.713,18.331,35.148,274.0,298.0,False,82.192,"[None, 2048, 2048, 2048, 2048, 2048, 2048, 2048, 2048]","[2048, 2048, 2048, 2048, 2048]","[2048, 2048, 2048, 2049, 2048, 2049, 2048, 2048]",294.0
1143,7787,4,34,2023-04-02T06:10:48.215000+00:00,28.681,18.424,35.189,274.0,295.0,False,82.294,"[None, 2048, 2048, 2048, 2048, 2048, 2048, 2051, 2049]","[2048, 2048, 2048, 2048, 2048]","[2048, 2049, 2048, 2048, 2048, 2048, 2048, 2048]",287.0
1143,7787,11,34,2023-04-02T06:10:50.184000+00:00,28.722,18.116,35.069,278.0,304.0,False,81.907,"[None, 2048, 2048, 2048, 2048, 2048, 2048, 2048, 2048]","[2048, 2048, 2048, 2048, 2048]","[2048, 2048, 2048, 2048, 2048, 2048, 2048, 2048]",
1143,7787,31,34,2023-04-02T06:10:57.059000+00:00,28.56,18.256,34.972,,290.0,False,81.788,"[None, 2048, 2048, 2048, 2048, 2048, 2048, 2049, 2049]","[2049, 2049, 2048, 2048, 2048]","[2048, 2051, 2048, 2048, 2048, 2048, 2048, 2048]",288.0
1143,7787,81,34,2023-04-02T06:11:02.762000+00:00,28.765,18.546,35.193,272.0,289.0,False,82.504,"[None, 2048, 2049, 2048, 2048, 2048, 2048, 2049, 2048]","[2048, 2049, 2048, 2048, 2048]","[2048, 2048, 2048, 2048, 2048, 2048, 2048, 2048]",286.0
1143,7787,22,34,2023-04-02T06:11:06.293000+00:00,28.905,18.555,36.474,269.0,291.0,False,83.934,"[None, 2048, 2048, 2048, 2049, 2048, 2048, 2048, 2048]","[2048, 2048, 2048, 2048, 2048]","[2048, 2048, 2048, 2048, 2048, 2048, 2048, 2048]",294.0
1143,7787,24,34,2023-04-02T06:11:06.824000+00:00,28.876,18.133,36.484,274.0,302.0,False,83.493,"[None, 2048, 2048, 2048, 2048, 2048, 2048, 2048, 2048]","[2048, 2049, 2049, 2048, 2048]","[2048, 2048, 2048, 2048, 2048, 2048, 2048, 2048]",288.0
1143,7787,20,34,2023-04-02T06:11:07.402000+00:00,28.988,18.037,36.27,273.0,318.0,False,83.295,"[None, 2048, 2048, 2048, 2048, 2048, 2048, 2048, 2048]","[2048, 2048, 2048, 2048, 2048]","[2048, 2049, 2048, 2048, 2048, 2048, 2048]",301.0
1143,7787,2,34,2023-04-02T06:11:19.121000+00:00,29.394,18.434,36.02,,303.0,False,83.848,"[None, 2048, 2048, 2048, 2048, 2048, 2048, 2048, 2049]","[2048, 2048, 2048, 2048, 2048]","[2048, 2049, 2048, 2049, 2048, 2048, 2048]",301.0
1143,7787,77,34,2023-04-02T06:11:19.496000+00:00,29.542,18.35,35.873,270.0,308.0,False,83.765,"[None, 2048, 2048, 2048, 2048, 2048, 2048, 2048, 2048]","[2048, 2048, 2048, 2048, 2048]","[2048, 2048, 2048, 2048, 2048, 2048, 2048, 2049]",300.0
1143,7787,21,34,2023-04-02T06:11:26.230000+00:00,29.241,18.697,36.196,,293.0,False,84.134,"[None, 2048, 2048, 2048, 2048, 2048, 2048, 2049, 2049]","[2048, 2048, 2048, 2048, 2048]","[2048, 2048, 2048, 2048, 2048, 2048, 2048, 2048]",289.0
1143,7787,1,35,2023-04-02T06:11:51.949000+00:00,28.333,18.331,35.017,279.0,291.0,False,81.681,"[None, 2048, 2048, 2048, 2049, 2048, 2048, 2049, 2049]","[2048, 2048, 2048, 2048, 2048]","[2048, 2048, 2048, 2048, 2049, 2048, 2048, 2048]",299.0
1143,7787,44,35,2023-04-02T06:12:00.699000+00:00,28.535,18.404,34.893,276.0,291.0,False,81.832,"[None, 2048, 2048, 2048, 2048, 2048, 2048, 2048, 2048]","[2049, 2048, 2048, 2048, 2048]","[2049, 2051, 2048, 2048, 2048, 2048, 2048]",290.0
1143,7787,14,35,2023-04-02T06:12:02.308000+00:00,28.3,18.42,35.008,277.0,289.0,False,81.728,"[None, 2048, 2048, 2048, 2048, 2048, 2049, 2049, 2049]","[2048, 2048, 2048, 2048, 2048]","[2048, 2048, 2048, 2048, 2048, 2048, 2048, 2048]",289.0
1143,7787,55,35,2023-04-02T06:12:03.605000+00:00,28.409,18.27,35.013,276.0,299.0,False,81.692,"[None, 2048, 2048, 2048, 2048, 2048, 2049, 2049, 2049]","[2048, 2048, 2048, 2048, 2048]","[2048, 2049, 2048, 2048, 2048, 2048, 2048, 2048]",297.0
1143,7787,10,35,2023-04-02T06:12:04.386000+00:00,28.511,18.06,35.271,,313.0,False,81.842,"[None, 2048, 2048, 2048, 2048, 2048, 2048, 2049, 2051]","[2048, 2048, 2048, 2048, 2048]","[2048, 2048, 2048, 2048, 2048, 2048, 2048, 2048]",
1143,7787,18,35,2023-04-02T06:12:05.839000+00:00,28.481,18.269,35.315,278.0,298.0,False,82.065,"[None, 2048, 2049, 2048, 2048, 2048, 2048, 2048, 2048]","[2049, 2049, 2048, 2048, 2048]","[2049, 2048, 2048, 2048, 2049, 2048, 2048, 2048]",294.0
1143,7787,27,35,2023-04-02T06:12:08.402000+00:00,28.634,18.292,35.315,273.0,298.0,False,82.241,"[None, 2048, 2048, 2048, 2048, 2048, 2048, 2048, 2048]","[2048, 2048, 2048, 2048, 2048]","[2048, 2048, 2048, 2048, 2048, 2048, 2048, 2048]",292.0
1143,7787,4,35,2023-04-02T06:12:10.495000+00:00,28.598,18.425,35.124,272.0,296.0,False,82.147,"[None, 2048, 2048, 2048, 2048, 2048, 2049, 2048, 2048]","[2048, 2049, 2048, 2048, 2048]","[2048, 2048, 2048, 2048, 2048, 2048, 2048]",289.0
1143,7787,11,35,2023-04-02T06:12:12.058000+00:00,28.763,18.186,35.287,277.0,303.0,False,82.236,"[None, 2048, 2048, 2048, 2048, 2048, 2048, 2048, 2048]","[2048, 2048, 2048, 2048, 2048]","[2048, 2048, 2048, 2048, 2048, 2048, 2048, 2048]",296.0
1143,7787,31,35,2023-04-02T06:12:18.855000+00:00,28.613,18.293,35.165,271.0,290.0,False,82.071,"[None, 2048, 2048, 2048, 2048, 2048, 2048, 2048, 2048]","[2049, 2049, 2048, 2048, 2048]","[2049, 2048, 2048, 2048, 2048, 2048, 2048, 2048]",289.0
1143,7787,81,35,2023-04-02T06:12:25.245000+00:00,28.735,18.608,35.128,274.0,290.0,False,82.471,"[None, 2048, 2049, 2048, 2048, 2048, 2048, 2049, 2048]","[2048, 2048, 2048, 2048, 2048]","[2048, 2048, 2048, 2049, 2048, 2048, 2048, 2048]",289.0
1143,7787,22,35,2023-04-02T06:12:30.245000+00:00,30.382,18.343,36.752,268.0,307.0,False,85.477,"[None, 2048, 2048, 2048, 2048, 2048, 2048, 2048, 2048]","[2048, 2048, 2048, 2048, 2048]","[2048, 2048, 2048, 2048, 2048, 2048, 2048, 2049]",289.0
1143,7787,24,35,2023-04-02T06:12:30.370000+00:00,29.438,18.686,35.543,272.0,280.0,False,83.667,"[None, 2048, 2048, 2048, 2048, 2048, 2048, 2049, 2048]","[2048, 2048, 2048, 2048, 2048]","[2048, 2049, 2048, 2049, 2049, 2049, 2049]",307.0
1143,7787,20,35,2023-04-02T06:12:30.714000+00:00,30.234,18.07,35.855,274.0,325.0,False,84.159,"[None, 2048, 2048, 2048, 2048, 2048, 2048, 2048, 2048]","[2048, 2048, 2048, 2049, 2049]","[2048, 2048, 2048, 2048, 2048, 2048, 2048]",280.0
1143,7787,2,35,2023-04-02T06:12:42.979000+00:00,29.873,18.246,36.755,273.0,317.0,False,84.874,"[None, 2049, 2048, 2048, 2048, 2048, 2048, 2048, 2048]","[2048, 2048, 2048, 2048, 2048]","[2048, 2048, 2048, 2048, 2048, 2048, 2048, 2048]",306.0
1143,7787,77,35,2023-04-02T06:12:43.276000+00:00,28.92,18.607,35.522,272.0,285.0,False,83.049,"[None, 2048, 2048, 2049, 2049, 2048, 2048, 2049, 2049]","[2049, 2048, 2048, 2048, 2048]","[2048, 2049, 2048, 2048, 2049, 2048, 2048]",298.0
1143,7787,21,35,2023-04-02T06:12:50.370000+00:00,29.194,18.684,36.75,272.0,289.0,False,84.628,"[None, 2048, 2048, 2048, 2048, 2048, 2048, 2048, 2048]","[2048, 2048, 2048, 2048, 2048]","[2048, 2048, 2048, 2048, 2048, 2048, 2048, 2048]",287.0
1143,7787,1,36,2023-04-02T06:13:13.620000+00:00,28.37,18.313,35.049,278.0,288.0,False,81.732,"[None, 2048, 2048, 2048, 2048, 2048, 2048, 2048, 2048]","[2048, 2051, 2048, 2048, 2048]","[2048, 2048, 2048, 2048, 2049, 2048, 2048, 2048]",293.0
1143,7787,44,36,2023-04-02T06:13:22.588000+00:00,28.297,18.43,35.353,273.0,289.0,False,82.08,"[None, 2048, 2051, 2048, 2048, 2048, 2048, 2048, 2048]","[2048, 2048, 2048, 2048, 2048]","[2048, 2048, 2048, 2048, 2048, 2048, 2048, 2048]",295.0
1143,7787,14,36,2023-04-02T06:13:24.026000+00:00,28.358,18.381,34.948,275.0,289.0,False,81.687,"[None, 2048, 2048, 2048, 2048, 2048, 2048, 2048, 2048]","[2048, 2049, 2049, 2048, 2048]","[2048, 2049, 2048, 2049, 2049, 2048, 2048, 2048]",293.0
1143,7787,55,36,2023-04-02T06:13:25.323000+00:00,28.371,18.238,35.086,,298.0,False,81.695,"[None, 2048, 2049, 2048, 2048, 2048, 2049, 2049, 2048]","[2048, 2048, 2048, 2048, 2048]","[2048, 2049, 2048, 2049, 2048, 2048, 2048, 2048]",
1143,7787,10,36,2023-04-02T06:13:26.229000+00:00,28.425,18.054,35.205,,312.0,False,81.684,"[2048, 2049, 2048, 2048, 2048, 2048, 2048, 2048, 2048]","[2048, 2048, 2048, 2048, 2048]","[2048, 2048, 2048, 2048, 2048, 2048, 2048, 2048]",309.0
1143,7787,18,36,2023-04-02T06:13:27.901000+00:00,28.414,18.233,35.401,275.0,295.0,False,82.048,"[None, 2048, 2049, 2048, 2048, 2049, 2048, 2048, 2048]","[2049, 2049, 2048, 2048, 2048]","[2048, 2048, 2048, 2048, 2049, 2048, 2048, 2048]",295.0
1143,7787,27,36,2023-04-02T06:13:30.698000+00:00,28.563,18.22,35.358,275.0,299.0,False,82.141,"[None, 2048, 2049, 2048, 2048, 2048, 2048, 2048, 2048]","[2048, 2048, 2048, 2048, 2048]","[2048, 2048, 2048, 2048, 2048, 2048, 2048, 2048]",293.0
1143,7787,4,36,2023-04-02T06:13:32.635000+00:00,28.491,18.364,35.235,274.0,295.0,False,82.09,"[None, 2048, 2048, 2048, 2048, 2048, 2048, 2051, 2049]","[2049, 2049, 2048, 2048, 2048]","[2048, 2048, 2048, 2048, 2048, 2048, 2048, 2048]",288.0
1143,7787,11,36,2023-04-02T06:13:34.276000+00:00,28.607,18.142,35.31,280.0,302.0,False,82.059,"[None, 2048, 2048, 2048, 2048, 2048, 2048, 2048, 2048]","[2048, 2048, 2048, 2048, 2048]","[2048, 2048, 2048, 2048, 2048, 2048, 2048, 2048]",
1143,7787,31,36,2023-04-02T06:13:40.901000+00:00,28.673,18.281,35.818,270.0,290.0,False,82.772,"[None, 2048, 2048, 2048, 2048, 2048, 2048, 2048, 2048]","[2048, 2048, 2048, 2048, 2048]","[2048, 2048, 2048, 2048, 2048, 2048, 2048, 2048]",
1143,7787,81,36,2023-04-02T06:13:47.729000+00:00,28.813,18.518,35.142,275.0,290.0,False,82.473,"[None, 2048, 2048, 2048, 2048, 2048, 2049, 2048, 2048]","[2049, 2049, 2048, 2048, 2048]","[2048, 2048, 2048, 2049, 2048, 2048, 2049, 2048]",287.0
1143,7787,24,36,2023-04-02T06:13:53.916000+00:00,28.724,18.597,36.796,,280.0,False,84.117,"[None, 2048, 2049, 2048, 2048, 2049, 2049, 2049, 2048]","[2049, 2048, 2048, 2048, 2048]","[2048, 2048, 2048, 2048, 2048, 2048, 2048, 2048]",286.0
1143,7787,20,36,2023-04-02T06:13:54.791000+00:00,28.777,18.087,35.943,279.0,320.0,False,82.807,"[None, 2048, 2048, 2048, 2048, 2048, 2048, 2049, 2049]","[2049, 2048, 2048, 2048, 2048]","[2048, 2048, 2049, 2048, 2048, 2048, 2048, 2048]",315.0
1143,7787,22,36,2023-04-02T06:13:55.729000+00:00,28.921,18.506,35.883,275.0,297.0,False,83.31,"[2049, 2048, 2048, 2049, 2049, 2048, 2048, 2048, 2048]","[2048, 2048, 2048, 2048, 2048]","[2049, 2048, 2048, 2048, 2048, 2048, 2048, 2048]",318.0
1143,7787,77,36,2023-04-02T06:14:06.213000+00:00,28.717,18.586,35.528,270.0,283.0,False,82.831,"[None, 2049, 2049, 2048, 2048, 2049, 2049, 2048, 2048]","[2048, 2049, 2048, 2048, 2048]","[2049, 2048, 2048, 2048, 2048, 2048, 2049, 2048]",287.0
1143,7787,2,36,2023-04-02T06:14:07.838000+00:00,29.336,18.374,51.603,275.0,302.0,False,99.313,"[None, 2048, 2048, 2048, 2048, 2048, 2048, 2048, 2048]","[2048, 2048, 2048, 2048, 2048]","[2048, 2048, 2048, 2048, 2048, 2049, 2064, 2064]",299.0
1143,7787,21,36,2023-04-02T06:14:14.994000+00:00,29.425,18.593,36.38,273.0,290.0,False,84.398,"[None, 2048, 2048, 2048, 2048, 2048, 2048, 2048, 2048]","[2048, 2048, 2048, 2048, 2048]","[2048, 2048, 2048, 2048, 2048, 2048, 2048]",289.0
1143,7787,1,37,2023-04-02T06:14:35.369000+00:00,28.327,18.257,34.819,279.0,290.0,False,81.403,"[None, 2048, 2048, 2048, 2048, 2048, 2048, 2049, 2049]","[2049, 2051, 2048, 2048, 2048]","[2049, 2049, 2048, 2048, 2049, 2048, 2048, 2048]",294.0
1143,7787,44,37,2023-04-02T06:14:44.603000+00:00,28.293,18.389,34.718,278.0,290.0,False,81.4,"[None, 2048, 2048, 2048, 2048, 2048, 2048, 2049, 2049]","[2048, 2048, 2048, 2048, 2048]","[2049, 2051, 2049, 2049, 2049, 2048, 2048]",292.0
1143,7787,14,37,2023-04-02T06:14:45.712000+00:00,28.311,18.293,34.969,278.0,289.0,False,81.573,"[None, 2048, 2048, 2048, 2048, 2048, 2051, 2049, 2049]","[2049, 2049, 2049, 2048, 2048]","[2048, 2049, 2048, 2048, 2049, 2048, 2048, 2048]",290.0
1143,7787,55,37,2023-04-02T06:14:47.025000+00:00,28.398,18.244,35.017,275.0,297.0,False,81.659,"[None, 2048, 2048, 2048, 2048, 2048, 2049, 2048, 2048]","[2048, 2048, 2048, 2048, 2048]","[2048, 2049, 2048, 2049, 2048, 2048, 2048]",296.0
1143,7787,10,37,2023-04-02T06:14:47.900000+00:00,28.461,18.026,35.261,275.0,314.0,False,81.748,"[None, 2048, 2048, 2048, 2048, 2048, 2048, 2048, 2048]","[2048, 2048, 2048, 2048, 2048]","[2048, 2048, 2048, 2048, 2048, 2048, 2048]",
1143,7787,18,37,2023-04-02T06:14:49.931000+00:00,28.633,18.461,35.204,273.0,294.0,False,82.298,"[None, 2048, 2048, 2048, 2048, 2048, 2048, 2048, 2048]","[2048, 2048, 2048, 2048, 2048]","[2049, 2048, 2048, 2049, 2048, 2048, 2048]",292.0
1143,7787,27,37,2023-04-02T06:14:52.791000+00:00,28.577,18.24,35.152,274.0,298.0,False,81.969,"[None, 2048, 2049, 2048, 2048, 2048, 2048, 2049, 2048]","[2048, 2048, 2048, 2048, 2048]","[2048, 2048, 2048, 2048, 2048, 2048, 2048, 2048]",294.0
1143,7787,4,37,2023-04-02T06:14:54.697000+00:00,28.582,18.46,35.113,272.0,294.0,False,82.155,"[None, 2048, 2048, 2048, 2048, 2048, 2048, 2048, 2048]","[2048, 2048, 2048, 2048, 2048]","[2048, 2049, 2048, 2048, 2048, 2048, 2048, 2048]",290.0
1143,7787,11,37,2023-04-02T06:14:56.337000+00:00,28.668,18.089,35.057,272.0,302.0,False,81.814,"[None, 2048, 2048, 2048, 2048, 2048, 2048, 2048, 2048]","[2048, 2048, 2048, 2048, 2048]","[2048, 2048, 2048, 2048, 2048, 2048, 2048, 2048]",
1143,7787,31,37,2023-04-02T06:15:03.712000+00:00,28.59,18.319,35.045,272.0,290.0,False,81.954,"[None, 2048, 2048, 2048, 2048, 2048, 2048, 2048, 2048]","[2048, 2048, 2048, 2048, 2048]","[2048, 2048, 2048, 2048, 2048, 2048, 2048, 2048]",
1143,7787,81,37,2023-04-02T06:15:10.150000+00:00,28.634,18.554,35.158,273.0,290.0,False,82.346,"[None, 2048, 2049, 2048, 2048, 2048, 2048, 2048, 2048]","[2048, 2048, 2048, 2048, 2048]","[2048, 2048, 2048, 2049, 2051, 2048, 2048, 2048]",289.0
1143,7787,20,37,2023-04-02T06:15:17.603000+00:00,29.012,18.525,35.675,270.0,290.0,False,83.212,"[None, 2048, 2049, 2048, 2048, 2048, 2048, 2048, 2048]","[2049, 2048, 2048, 2048, 2048]","[2048, 2048, 2048, 2049, 2048, 2048, 2048, 2048]",288.0
1143,7787,24,37,2023-04-02T06:15:18.103000+00:00,29.126,18.345,35.751,273.0,307.0,False,83.222,"[None, 2048, 2048, 2048, 2048, 2048, 2048, 2048, 2048]","[2048, 2048, 2048, 2048, 2048]","[2048, 2048, 2048, 2048, 2048, 2048, 2048, 2048]",
1143,7787,22,37,2023-04-02T06:15:19.009000+00:00,28.997,18.262,35.825,273.0,313.0,False,83.084,"[2048, 2048, 2048, 2048, 2049, 2048, 2048, 2048, 2048]","[2048, 2048, 2048, 2048, 2048]","[2048, 2048, 2049, 2048, 2048, 2048, 2048, 2048]",307.0
1143,7787,77,37,2023-04-02T06:15:29.149000+00:00,28.748,18.71,35.562,,283.0,False,83.02,"[None, 2049, 2049, 2048, 2048, 2048, 2049, 2048, 2048]","[2048, 2048, 2048, 2048, 2048]","[2048, 2048, 2048, 2048, 2049, 2048, 2049, 2048]",
1143,7787,21,37,2023-04-02T06:15:39.321000+00:00,29.252,18.684,36.219,274.0,289.0,False,84.155,"[None, 2048, 2048, 2048, 2048, 2048, 2048, 2048, 2048]","[2048, 2048, 2048, 2048, 2048]","[2048, 2048, 2048, 2048, 2048, 2048, 2048]",290.0
1143,7787,2,37,2023-04-02T06:15:47.134000+00:00,35.111,18.523,36.023,277.0,300.0,True,89.657,"[2064, 2048, 2048, 2048, 2048, 2048, 2048, 2048, 2048]","[2048, 2048, 2048, 2048, 2048]","[2048, 2048, 2048, 2048, 2048, 2048, 2048]",232.0
1143,7787,1,38,2023-04-02T06:15:56.805000+00:00,28.293,18.217,34.809,278.0,295.0,False,81.319,"[None, 2048, 2048, 2048, 2048, 2048, 2048, 2048, 2048]","[2048, 2048, 2049, 2048, 2048]","[2048, 2048, 2048, 2051, 2049, 2048, 2048]",292.0
1143,7787,44,38,2023-04-02T06:16:05.962000+00:00,28.366,18.406,34.921,273.0,288.0,False,81.693,"[None, 2048, 2048, 2048, 2048, 2048, 2048, 2048, 2048]","[2048, 2048, 2048, 2048, 2048]","[2048, 2048, 2048, 2049, 2048, 2048, 2048, 2048]",293.0
1143,7787,14,38,2023-04-02T06:16:07.290000+00:00,28.221,18.366,35.129,276.0,290.0,False,81.716,"[None, 2048, 2051, 2048, 2048, 2048, 2048, 2048, 2048]","[2048, 2048, 2048, 2048, 2048]","[2048, 2048, 2048, 2049, 2049, 2048, 2048, 2048]",289.0
1143,7787,55,38,2023-04-02T06:16:08.696000+00:00,28.314,18.222,35.016,276.0,298.0,False,81.552,"[None, 2048, 2049, 2048, 2048, 2049, 2048, 2049, 2048]","[2049, 2048, 2049, 2048, 2048]","[2048, 2048, 2048, 2048, 2048, 2048, 2048, 2048]",297.0
1143,7787,10,38,2023-04-02T06:16:09.665000+00:00,28.333,17.966,35.126,283.0,314.0,False,81.425,"[None, 2048, 2048, 2048, 2049, 2048, 2048, 2048, 2051]","[2049, 2048, 2049, 2048, 2048]","[2049, 2049, 2048, 2048, 2048, 2048, 2048]",
1143,7787,18,38,2023-04-02T06:16:12.290000+00:00,28.283,18.22,34.948,276.0,295.0,False,81.451,"[None, 2048, 2049, 2048, 2048, 2049, 2049, 2049, 2049]","[2049, 2049, 2048, 2048, 2048]","[2049, 2049, 2048, 2049, 2048, 2049, 2048]",291.0
1143,7787,27,38,2023-04-02T06:16:14.758000+00:00,28.635,18.21,35.352,273.0,296.0,False,82.197,"[None, 2048, 2049, 2048, 2048, 2048, 2048, 2048, 2048]","[2048, 2048, 2048, 2048, 2048]","[2048, 2048, 2048, 2048, 2048, 2048, 2048, 2048]",291.0
1143,7787,4,38,2023-04-02T06:16:16.883000+00:00,28.532,18.353,34.971,274.0,294.0,False,81.856,"[None, 2048, 2048, 2048, 2048, 2048, 2048, 2051, 2049]","[2048, 2049, 2048, 2048, 2048]","[2048, 2049, 2048, 2048, 2049, 2049, 2048, 2048]",287.0
1143,7787,11,38,2023-04-02T06:16:18.149000+00:00,28.447,18.088,35.166,279.0,305.0,False,81.701,"[None, 2048, 2048, 2048, 2048, 2048, 2049, 2049, 2048]","[2048, 2048, 2048, 2048, 2048]","[2048, 2048, 2048, 2048, 2048, 2048, 2048, 2048]",298.0
1143,7787,31,38,2023-04-02T06:16:25.649000+00:00,28.659,18.344,34.866,273.0,291.0,False,81.869,"[None, 2048, 2048, 2048, 2048, 2048, 2048, 2048, 2048]","[2048, 2048, 2048, 2048, 2048]","[2048, 2048, 2048, 2049, 2049, 2048, 2048, 2048]",288.0
1143,7787,81,38,2023-04-02T06:16:32.524000+00:00,28.688,18.589,35.039,272.0,289.0,False,82.316,"[None, 2048, 2048, 2048, 2048, 2048, 2048, 2048, 2048]","[2048, 2048, 2048, 2048, 2048]","[2048, 2049, 2048, 2049, 2048, 2048, 2048, 2048]",
1143,7787,20,38,2023-04-02T06:16:40.914000+00:00,28.82,18.495,35.332,273.0,300.0,False,82.647,"[None, 2048, 2049, 2048, 2048, 2048, 2048, 2049, 2048]","[2049, 2048, 2048, 2048, 2048]","[2049, 2049, 2048, 2049, 2049, 2048, 2048, 2048]",291.0
1143,7787,24,38,2023-04-02T06:16:41.320000+00:00,29.059,18.284,35.574,272.0,308.0,False,82.917,"[None, 2048, 2048, 2048, 2048, 2048, 2048, 2048, 2048]","[2048, 2048, 2048, 2048, 2048]","[2048, 2048, 2048, 2049, 2048, 2048, 2048, 2048]",295.0
1143,7787,22,38,2023-04-02T06:16:42.133000+00:00,29.021,18.257,35.779,275.0,314.0,False,83.057,"[None, 2048, 2048, 2048, 2048, 2048, 2048, 2048, 2048]","[2048, 2048, 2048, 2049, 2048]","[2048, 2048, 2048, 2048, 2048, 2048, 2048]",310.0
1143,7787,77,38,2023-04-02T06:16:52.180000+00:00,28.692,18.555,35.526,271.0,285.0,False,82.773,"[None, 2048, 2048, 2048, 2048, 2048, 2048, 2049, 2049]","[2048, 2049, 2048, 2048, 2048]","[2048, 2048, 2048, 2049, 2049, 2048, 2048]",288.0
1143,7787,21,38,2023-04-02T06:17:03.570000+00:00,29.331,18.637,36.163,273.0,290.0,False,84.131,"[None, 2048, 2048, 2048, 2048, 2048, 2048, 2048, 2048]","[2048, 2049, 2048, 2048, 2048]","[2048, 2048, 2048, 2048, 2048, 2048, 2048, 2048]",291.0
1143,7787,2,38,2023-04-02T06:17:16.836000+00:00,30.631,18.145,35.62,280.0,318.0,False,84.396,"[2048, 2049, 2048, 2048, 2048, 2048, 2048, 2049, 2049]","[2048, 2048, 2048, 2048, 2048]","[2048, 2049, 2049, 2048, 2049, 2049, 2049, 2048]",303.0
1143,7787,1,39,2023-04-02T06:17:18.023000+00:00,28.528,18.282,34.768,276.0,289.0,False,81.578,"[None, 2048, 2048, 2048, 2048, 2048, 2049, 2049, 2048]","[2049, 2051, 2048, 2048, 2048]","[2048, 2049, 2048, 2048, 2048, 2048, 2048, 2048]",294.0
1143,7787,44,39,2023-04-02T06:17:27.711000+00:00,28.194,18.308,34.813,276.0,288.0,False,81.315,"[None, 2048, 2048, 2048, 2049, 2048, 2048, 2049, 2049]","[2049, 2049, 2048, 2048, 2048]","[2048, 2051, 2048, 2048, 2048, 2048, 2048]",291.0
1143,7787,14,39,2023-04-02T06:17:28.992000+00:00,28.335,18.386,34.933,275.0,290.0,False,81.654,"[None, 2048, 2048, 2048, 2048, 2048, 2048, 2048, 2048]","[2048, 2048, 2048, 2048, 2048]","[2049, 2048, 2048, 2048, 2048, 2048, 2048, 2049]",292.0
1143,7787,55,39,2023-04-02T06:17:30.195000+00:00,28.488,18.269,35.095,274.0,298.0,False,81.852,"[None, 2048, 2048, 2048, 2048, 2048, 2048, 2048, 2048]","[2048, 2048, 2048, 2048, 2048]","[2048, 2048, 2048, 2048, 2048, 2048, 2048, 2048]",
1143,7787,10,39,2023-04-02T06:17:31.070000+00:00,28.596,18.088,35.139,272.0,312.0,False,81.823,"[None, 2048, 2048, 2048, 2048, 2048, 2048, 2048, 2048]","[2048, 2048, 2048, 2048, 2048]","[2049, 2048, 2048, 2048, 2048, 2048, 2048, 2048]",307.0
1143,7787,18,39,2023-04-02T06:17:33.710000+00:00,28.336,18.332,35.023,,293.0,False,81.691,"[None, 2048, 2048, 2048, 2048, 2048, 2049, 2049, 2049]","[2048, 2048, 2048, 2048, 2048]","[2049, 2049, 2048, 2048, 2048, 2051, 2048]",292.0
1143,7787,27,39,2023-04-02T06:17:36.976000+00:00,28.59,18.269,34.993,271.0,295.0,False,81.852,"[None, 2048, 2049, 2048, 2048, 2048, 2048, 2048, 2048]","[2048, 2049, 2048, 2048, 2048]","[2048, 2048, 2048, 2048, 2048, 2049, 2049, 2048]",293.0
1143,7787,4,39,2023-04-02T06:17:38.757000+00:00,28.509,18.337,34.811,275.0,295.0,False,81.657,"[None, 2049, 2048, 2048, 2048, 2048, 2049, 2051, 2049]","[2048, 2049, 2048, 2048, 2048]","[2049, 2048, 2048, 2048, 2048, 2049, 2048, 2048]",288.0
1143,7787,11,39,2023-04-02T06:17:39.835000+00:00,28.671,18.038,35.009,,304.0,False,81.718,"[None, 2048, 2048, 2048, 2048, 2048, 2048, 2048, 2048]","[2048, 2049, 2048, 2048, 2048]","[2048, 2049, 2048, 2048, 2049, 2048, 2048, 2048]",
1143,7787,31,39,2023-04-02T06:17:47.585000+00:00,28.52,18.251,34.979,,291.0,False,81.75,"[None, 2048, 2048, 2048, 2048, 2048, 2049, 2049, 2048]","[2049, 2049, 2048, 2048, 2048]","[2048, 2048, 2048, 2049, 2048, 2048, 2048, 2048]",289.0
1143,7787,81,39,2023-04-02T06:17:54.851000+00:00,28.81,18.685,35.017,274.0,286.0,False,82.512,"[None, 2048, 2048, 2048, 2048, 2048, 2048, 2049, 2048]","[2048, 2048, 2048, 2048, 2048]","[2048, 2048, 2048, 2048, 2048, 2049, 2049, 2048]",287.0
1143,7787,20,39,2023-04-02T06:18:03.570000+00:00,28.71,18.495,35.279,272.0,289.0,False,82.484,"[None, 2048, 2049, 2048, 2048, 2048, 2049, 2049, 2048]","[2049, 2048, 2048, 2048, 2048]","[2048, 2049, 2048, 2048, 2048, 2049, 2048, 2048]",290.0
1143,7787,24,39,2023-04-02T06:18:04.257000+00:00,28.79,18.35,35.324,270.0,303.0,False,82.464,"[None, 2048, 2048, 2048, 2048, 2048, 2048, 2048, 2048]","[2048, 2048, 2048, 2048, 2048]","[2048, 2048, 2048, 2049, 2048, 2048, 2048, 2049]",303.0
1143,7787,22,39,2023-04-02T06:18:05.210000+00:00,28.919,18.552,35.722,273.0,293.0,False,83.193,"[None, 2048, 2048, 2049, 2049, 2048, 2048, 2048, 2048]","[2048, 2048, 2048, 2048, 2048]","[2048, 2048, 2048, 2048, 2048, 2048, 2048]",311.0
1143,7787,77,39,2023-04-02T06:18:14.960000+00:00,28.606,18.727,35.686,270.0,283.0,False,83.019,"[None, 2048, 2049, 2048, 2048, 2048, 2049, 2048, 2048]","[2048, 2048, 2048, 2048, 2048]","[2048, 2048, 2048, 2048, 2048, 2049, 2048, 2048]",
1143,7787,21,39,2023-04-02T06:18:27.694000+00:00,29.12,18.697,36.13,,287.0,False,83.947,"[None, 2048, 2049, 2048, 2048, 2048, 2048, 2048, 2048]","[2048, 2048, 2048, 2048, 2048]","[2048, 2049, 2048, 2048, 2048, 2048, 2048, 2048]",289.0
1143,7787,1,40,2023-04-02T06:18:39.679000+00:00,28.204,18.226,34.648,280.0,290.0,False,81.078,"[None, 2048, 2048, 2048, 2048, 2048, 2049, 2048, 2048]","[2049, 2051, 2048, 2048, 2048]","[2049, 2048, 2048, 2048, 2049, 2048, 2048]",291.0
1143,7787,2,39,2023-04-02T06:18:41.194000+00:00,28.727,18.38,35.78,279.0,301.0,False,82.887,"[None, 2049, 2049, 2048, 2048, 2048, 2049, 2049, 2048]","[2049, 2048, 2048, 2048, 2048]","[2048, 2049, 2048, 2048, 2048, 2048, 2048, 2048]",300.0
1143,7787,44,40,2023-04-02T06:18:48.975000+00:00,28.238,18.414,34.911,273.0,288.0,False,81.563,"[None, 2048, 2048, 2049, 2048, 2048, 2049, 2048, 2048]","[2048, 2048, 2048, 2048, 2048]","[2048, 2048, 2048, 2048, 2048, 2048, 2048, 2048]",292.0
1143,7787,14,40,2023-04-02T06:18:50.663000+00:00,28.308,18.399,34.987,272.0,286.0,False,81.694,"[None, 2048, 2048, 2048, 2048, 2048, 2048, 2048, 2048]","[2048, 2049, 2048, 2048, 2048]","[2048, 2048, 2048, 2048, 2048, 2048, 2048, 2048]",294.0
1143,7787,55,40,2023-04-02T06:18:52.069000+00:00,28.561,18.231,35.15,275.0,299.0,False,81.942,"[None, 2049, 2048, 2048, 2048, 2048, 2048, 2048, 2048]","[2048, 2048, 2048, 2048, 2048]","[2049, 2048, 2048, 2048, 2048, 2048, 2048, 2048]",299.0
1143,7787,10,40,2023-04-02T06:18:52.928000+00:00,28.419,18.101,35.281,274.0,313.0,False,81.801,"[None, 2048, 2048, 2048, 2048, 2048, 2048, 2048, 2048]","[2048, 2048, 2048, 2048, 2048]","[2048, 2048, 2048, 2048, 2048, 2048, 2048, 2049]",309.0
1143,7787,18,40,2023-04-02T06:18:55.381000+00:00,28.279,18.343,34.884,278.0,294.0,False,81.506,"[None, 2048, 2048, 2048, 2048, 2049, 2048, 2049, 2049]","[2048, 2048, 2048, 2048, 2048]","[2049, 2049, 2048, 2048, 2049, 2048, 2049, 2048]",294.0
1143,7787,27,40,2023-04-02T06:18:58.819000+00:00,28.469,18.185,34.939,273.0,295.0,False,81.593,"[None, 2048, 2049, 2048, 2048, 2048, 2048, 2049, 2048]","[2049, 2049, 2048, 2048, 2048]","[2048, 2049, 2048, 2048, 2048, 2048, 2049]",291.0
1143,7787,4,40,2023-04-02T06:19:00.553000+00:00,28.472,18.301,34.87,273.0,294.0,False,81.643,"[None, 2048, 2048, 2048, 2048, 2048, 2048, 2048, 2048]","[2049, 2049, 2048, 2048, 2048]","[2049, 2049, 2048, 2048, 2048, 2048, 2048, 2048]",289.0
1143,7787,11,40,2023-04-02T06:19:01.569000+00:00,28.685,18.053,34.864,278.0,307.0,False,81.602,"[None, 2048, 2048, 2048, 2048, 2048, 2048, 2048, 2048]","[2048, 2048, 2048, 2048, 2048]","[2048, 2049, 2048, 2048, 2049, 2048, 2048, 2048]",296.0
1143,7787,31,40,2023-04-02T06:19:09.241000+00:00,28.559,18.305,35.038,,291.0,False,81.902,"[None, 2048, 2048, 2048, 2048, 2048, 2048, 2048, 2048]","[2048, 2048, 2048, 2048, 2048]","[2048, 2048, 2048, 2048, 2048, 2048, 2049, 2048]",
1143,7787,81,40,2023-04-02T06:19:17.334000+00:00,28.663,18.52,34.82,277.0,288.0,False,82.003,"[None, 2048, 2048, 2048, 2048, 2048, 2048, 2049, 2049]","[2049, 2049, 2048, 2048, 2048]","[2048, 2049, 2048, 2048, 2051, 2048, 2048, 2048]",
1143,7787,20,40,2023-04-02T06:19:26.006000+00:00,28.533,18.399,35.209,274.0,300.0,False,82.141,"[None, 2049, 2048, 2048, 2048, 2049, 2049, 2049, 2048]","[2049, 2049, 2048, 2048, 2048]","[2049, 2049, 2048, 2048, 2049, 2048, 2049, 2048]",304.0
1143,7787,24,40,2023-04-02T06:19:26.725000+00:00,28.697,18.268,35.278,271.0,304.0,False,82.243,"[None, 2049, 2048, 2048, 2048, 2048, 2048, 2048, 2048]","[2048, 2048, 2048, 2048, 2048]","[2048, 2048, 2049, 2048, 2048, 2049, 2048]",307.0
1143,7787,22,40,2023-04-02T06:19:28.397000+00:00,28.977,18.483,35.441,274.0,295.0,False,82.901,"[None, 2048, 2048, 2048, 2048, 2048, 2048, 2048, 2048]","[2048, 2049, 2048, 2048, 2048]","[2049, 2048, 2048, 2049, 2048, 2048, 2048, 2048]",296.0
1143,7787,77,40,2023-04-02T06:19:37.959000+00:00,28.578,18.617,35.5,273.0,288.0,False,82.695,"[None, 2048, 2048, 2048, 2048, 2048, 2048, 2049, 2049]","[2048, 2048, 2048, 2048, 2048]","[2048, 2048, 2048, 2049, 2049, 2048, 2048, 2048]",290.0
1143,7787,21,40,2023-04-02T06:19:51.584000+00:00,29.248,18.685,36.0,272.0,288.0,False,83.933,"[None, 2048, 2048, 2048, 2048, 2048, 2048, 2049, 2048]","[2048, 2048, 2048, 2048, 2048]","[2048, 2049, 2048, 2048, 2049, 2048, 2048, 2048]",
1143,7787,1,41,2023-04-02T06:20:00.709000+00:00,28.187,18.181,34.618,,292.0,False,80.986,"[None, 2048, 2048, 2048, 2048, 2048, 2048, 2048, 2048]","[2049, 2048, 2048, 2048, 2048]","[2049, 2049, 2048, 2048, 2048, 2048, 2049, 2048]",293.0
1143,7787,2,40,2023-04-02T06:20:04.146000+00:00,28.994,18.25,35.43,278.0,304.0,False,82.674,"[None, 2048, 2048, 2048, 2048, 2048, 2048, 2048, 2049]","[2048, 2049, 2048, 2048, 2048]","[2049, 2048, 2048, 2049, 2048, 2048, 2049, 2048]",298.0
1143,7787,44,41,2023-04-02T06:20:10.615000+00:00,28.278,18.289,34.7,276.0,293.0,False,81.267,"[None, 2048, 2048, 2048, 2048, 2048, 2048, 2048, 2048]","[2048, 2048, 2048, 2048, 2048]","[2049, 2048, 2048, 2048, 2049, 2048, 2048, 2048]",
1143,7787,14,41,2023-04-02T06:20:12.349000+00:00,28.202,18.306,34.862,276.0,292.0,False,81.37,"[None, 2048, 2048, 2048, 2048, 2048, 2048, 2048, 2048]","[2048, 2049, 2048, 2048, 2048]","[2049, 2048, 2048, 2048, 2048, 2049, 2048, 2048]",289.0
1143,7787,55,41,2023-04-02T06:20:14.006000+00:00,28.304,18.201,34.907,278.0,302.0,False,81.412,"[None, 2048, 2049, 2048, 2048, 2048, 2049, 2048, 2049]","[2049, 2049, 2048, 2048, 2048]","[2049, 2048, 2048, 2048, 2049, 2048, 2048]",298.0
1143,7787,10,41,2023-04-02T06:20:14.693000+00:00,28.443,18.02,35.123,275.0,313.0,False,81.586,"[None, 2049, 2048, 2048, 2048, 2048, 2048, 2048, 2048]","[2048, 2048, 2048, 2048, 2048]","[2049, 2048, 2048, 2048, 2048, 2048, 2048, 2048]",308.0
1143,7787,18,41,2023-04-02T06:20:16.881000+00:00,28.361,18.277,35.087,276.0,294.0,False,81.725,"[None, 2048, 2048, 2048, 2048, 2048, 2048, 2048, 2048]","[2048, 2049, 2048, 2048, 2048]","[2048, 2049, 2048, 2048, 2049, 2048, 2048, 2048]",295.0
1143,7787,27,41,2023-04-02T06:20:20.412000+00:00,28.505,18.165,35.323,274.0,298.0,False,81.993,"[None, 2048, 2048, 2048, 2048, 2048, 2048, 2048, 2048]","[2049, 2049, 2048, 2048, 2048]","[2049, 2048, 2048, 2048, 2048, 2048, 2048, 2048]",292.0
1143,7787,4,41,2023-04-02T06:20:22.037000+00:00,28.435,18.362,34.877,,293.0,False,81.674,"[None, 2048, 2048, 2048, 2048, 2048, 2049, 2051, 2048]","[2048, 2048, 2048, 2048, 2048]","[2048, 2048, 2048, 2048, 2048, 2048, 2048, 2048]",288.0
1143,7787,11,41,2023-04-02T06:20:23.193000+00:00,28.498,17.922,35.324,280.0,309.0,False,81.744,"[None, 2048, 2048, 2048, 2048, 2048, 2048, 2048, 2048]","[2051, 2048, 2048, 2048, 2048]","[2048, 2049, 2048, 2048, 2048, 2048, 2048, 2048]",
1143,7787,31,41,2023-04-02T06:20:31.130000+00:00,28.499,18.26,34.916,274.0,290.0,False,81.675,"[None, 2048, 2048, 2048, 2048, 2048, 2048, 2049, 2049]","[2048, 2048, 2048, 2048, 2048]","[2049, 2048, 2048, 2048, 2049, 2048, 2048, 2048]",
1143,7787,81,41,2023-04-02T06:20:39.365000+00:00,28.517,18.498,34.916,278.0,288.0,False,81.931,"[None, 2048, 2048, 2048, 2048, 2048, 2049, 2049, 2049]","[2048, 2049, 2048, 2048, 2048]","[2048, 2049, 2048, 2049, 2048, 2048, 2048, 2048]",283.0
1143,7787,20,41,2023-04-02T06:20:48.146000+00:00,28.594,18.409,35.771,273.0,292.0,False,82.774,"[None, 2048, 2048, 2048, 2048, 2049, 2048, 2048, 2048]","[2049, 2048, 2048, 2048, 2048]","[2048, 2048, 2048, 2048, 2048, 2048, 2048]",303.0
1143,7787,24,41,2023-04-02T06:20:48.974000+00:00,28.661,18.169,35.416,272.0,306.0,False,82.246,"[None, 2048, 2048, 2048, 2048, 2048, 2049, 2048, 2048]","[2048, 2049, 2048, 2048, 2048]","[2048, 2048, 2048, 2048, 2048, 2048, 2048, 2048]",306.0
1143,7787,22,41,2023-04-02T06:20:51.271000+00:00,28.917,18.51,35.483,,294.0,False,82.91,"[None, 2048, 2048, 2048, 2048, 2048, 2049, 2048, 2049]","[2048, 2048, 2048, 2048, 2048]","[2049, 2048, 2048, 2048, 2049, 2048, 2048]",292.0
1143,7787,77,41,2023-04-02T06:21:00.677000+00:00,28.719,18.726,35.64,271.0,284.0,False,83.085,"[None, 2048, 2048, 2048, 2048, 2048, 2048, 2048, 2048]","[2048, 2048, 2048, 2048, 2048]","[2048, 2048, 2048, 2048, 2048, 2049, 2048, 2048]",288.0
1143,7787,21,41,2023-04-02T06:21:15.552000+00:00,29.056,18.621,36.019,273.0,292.0,False,83.696,"[None, 2048, 2048, 2048, 2048, 2048, 2048, 2049, 2049]","[2048, 2048, 2048, 2048, 2048]","[2048, 2049, 2048, 2048, 2048, 2048, 2048, 2048]",288.0
1143,7787,1,42,2023-04-02T06:21:21.739000+00:00,28.228,18.251,34.669,,290.0,False,81.148,"[None, 2048, 2048, 2048, 2048, 2048, 2048, 2048, 2048]","[2048, 2048, 2048, 2048, 2048]","[2048, 2048, 2048, 2048, 2048, 2048, 2048, 2048]",
1143,7787,2,41,2023-04-02T06:21:26.755000+00:00,28.622,18.181,35.171,281.0,305.0,False,81.974,"[None, 2048, 2048, 2048, 2048, 2049, 2048, 2049, 2049]","[2048, 2049, 2048, 2048, 2048]","[2049, 2049, 2049, 2049, 2049, 2048, 2048, 2048]",
1143,7787,44,42,2023-04-02T06:21:31.864000+00:00,28.292,18.353,34.734,273.0,290.0,False,81.379,"[None, 2048, 2048, 2049, 2048, 2048, 2048, 2048, 2048]","[2048, 2048, 2048, 2048, 2048]","[2049, 2048, 2048, 2048, 2048, 2048, 2048, 2048]",298.0
1143,7787,14,42,2023-04-02T06:21:33.755000+00:00,28.176,18.299,34.809,274.0,287.0,False,81.284,"[None, 2048, 2048, 2048, 2048, 2048, 2048, 2048, 2048]","[2048, 2049, 2048, 2048, 2048]","[2048, 2048, 2048, 2048, 2048, 2048, 2051, 2049]",293.0
1143,7787,55,42,2023-04-02T06:21:35.442000+00:00,28.285,18.117,34.938,276.0,300.0,False,81.34,"[None, 2048, 2049, 2048, 2048, 2049, 2048, 2048, 2048]","[2049, 2049, 2048, 2048, 2048]","[2049, 2048, 2048, 2048, 2048, 2048, 2048, 2048]",
1143,7787,10,42,2023-04-02T06:21:36.317000+00:00,28.29,18.063,35.069,,312.0,False,81.422,"[None, 2048, 2048, 2049, 2048, 2048, 2048, 2048, 2048]","[2048, 2048, 2048, 2048, 2048]","[2049, 2048, 2048, 2048, 2048, 2048, 2048, 2048]",
1143,7787,18,42,2023-04-02T06:21:38.614000+00:00,28.383,18.25,34.95,273.0,295.0,False,81.583,"[None, 2048, 2048, 2048, 2048, 2048, 2048, 2048, 2048]","[2048, 2048, 2048, 2048, 2048]","[2048, 2048, 2048, 2048, 2049, 2048, 2048, 2048]",292.0
1143,7787,27,42,2023-04-02T06:21:42.380000+00:00,28.406,18.17,34.862,,298.0,False,81.438,"[None, 2048, 2048, 2048, 2048, 2049, 2048, 2048, 2048]","[2048, 2048, 2048, 2048, 2048]","[2049, 2049, 2048, 2048, 2049, 2048, 2048, 2048]",293.0
1143,7787,4,42,2023-04-02T06:21:43.708000+00:00,28.387,18.326,34.783,274.0,295.0,False,81.496,"[None, 2048, 2048, 2048, 2049, 2048, 2049, 2048, 2048]","[2048, 2048, 2048, 2048, 2048]","[2048, 2051, 2048, 2048, 2048, 2048, 2048, 2048]",287.0
1143,7787,11,42,2023-04-02T06:21:44.926000+00:00,28.075,17.699,35.205,284.0,330.0,False,80.979,"[None, 2049, 2048, 2048, 2049, 2048, 2048, 2049, 2051]","[2048, 2048, 2048, 2048, 2048]","[2048, 2048, 2048, 2048, 2048, 2048, 2048]",317.0
1143,7787,31,42,2023-04-02T06:21:52.817000+00:00,28.516,18.286,34.737,272.0,291.0,False,81.539,"[None, 2048, 2048, 2048, 2048, 2048, 2048, 2048, 2048]","[2048, 2048, 2048, 2048, 2048]","[2048, 2048, 2048, 2048, 2049, 2048, 2048, 2048]",290.0
1143,7787,81,42,2023-04-02T06:22:01.286000+00:00,28.684,18.511,34.906,276.0,286.0,False,82.101,"[None, 2048, 2048, 2048, 2048, 2048, 2048, 2049, 2048]","[2048, 2049, 2048, 2048, 2048]","[2048, 2049, 2048, 2048, 2048, 2048, 2048, 2048]",287.0
1143,7787,20,42,2023-04-02T06:22:10.926000+00:00,28.834,18.426,35.27,274.0,292.0,False,82.53,"[None, 2048, 2048, 2048, 2048, 2048, 2049, 2049, 2048]","[2048, 2049, 2048, 2048, 2048]","[2048, 2049, 2048, 2048, 2048, 2048, 2049]",296.0
1143,7787,24,42,2023-04-02T06:22:11.207000+00:00,29.106,18.148,35.478,273.0,307.0,False,82.732,"[None, 2048, 2048, 2048, 2048, 2048, 2048, 2048, 2048]","[2048, 2049, 2048, 2048, 2048]","[2048, 2049, 2048, 2048, 2048, 2049, 2048, 2049]",271.0
1143,7787,22,42,2023-04-02T06:22:14.176000+00:00,28.89,18.554,35.437,275.0,291.0,False,82.881,"[None, 2048, 2048, 2048, 2048, 2048, 2048, 2048, 2048]","[2048, 2048, 2048, 2048, 2048]","[2048, 2049, 2048, 2049, 2048, 2048, 2048]",289.0
1143,7787,77,42,2023-04-02T06:22:23.801000+00:00,28.83,18.588,35.526,,283.0,False,82.944,"[None, 2048, 2048, 2048, 2048, 2048, 2048, 2048, 2048]","[2049, 2048, 2048, 2048, 2048]","[2048, 2048, 2048, 2049, 2048, 2048, 2049]",287.0
1143,7787,21,42,2023-04-02T06:22:39.270000+00:00,29.234,18.701,36.249,272.0,287.0,False,84.184,"[None, 2048, 2048, 2048, 2048, 2048, 2048, 2048, 2048]","[2048, 2048, 2048, 2048, 2048]","[2048, 2048, 2048, 2048, 2048, 2048, 2048, 2048]",289.0
1143,7787,1,43,2023-04-02T06:22:42.910000+00:00,28.222,18.17,34.774,,293.0,False,81.166,"[None, 2048, 2048, 2048, 2048, 2048, 2048, 2048, 2048]","[2048, 2048, 2049, 2048, 2048]","[2049, 2048, 2048, 2049, 2048, 2048, 2048, 2048]",295.0
1143,7787,2,42,2023-04-02T06:22:48.754000+00:00,28.751,18.136,35.058,,304.0,False,81.945,"[None, 2048, 2048, 2048, 2048, 2048, 2048, 2048, 2048]","[2048, 2049, 2048, 2048, 2048]","[2049, 2049, 2048, 2049, 2049, 2048, 2049, 2048]",301.0
1143,7787,44,43,2023-04-02T06:22:53.238000+00:00,28.251,18.256,34.566,276.0,293.0,False,81.073,"[None, 2048, 2048, 2049, 2048, 2048, 2048, 2048, 2048]","[2048, 2048, 2048, 2048, 2048]","[2049, 2048, 2048, 2051, 2049, 2049, 2048, 2048]",294.0
1143,7787,14,43,2023-04-02T06:22:55.019000+00:00,28.132,18.241,34.833,275.0,290.0,False,81.206,"[None, 2048, 2051, 2049, 2048, 2048, 2048, 2049, 2048]","[2048, 2048, 2048, 2048, 2048]","[2048, 2048, 2048, 2048, 2048, 2048, 2048, 2048]",289.0
1143,7787,55,43,2023-04-02T06:22:56.754000+00:00,28.18,18.112,34.782,283.0,300.0,False,81.074,"[None, 2048, 2049, 2048, 2048, 2049, 2048, 2049, 2049]","[2048, 2048, 2048, 2048, 2048]","[2048, 2049, 2048, 2048, 2048, 2048, 2048, 2048]",297.0
1143,7787,10,43,2023-04-02T06:22:57.707000+00:00,28.158,17.918,35.027,285.0,314.0,False,81.103,"[2049, 2049, 2048, 2049, 2048, 2048, 2048, 2049, 2049]","[2049, 2048, 2048, 2049, 2048]","[2048, 2048, 2048, 2048, 2048, 2048, 2048, 2048]",322.0
1143,7787,18,43,2023-04-02T06:23:00.191000+00:00,28.245,18.258,34.686,279.0,295.0,False,81.189,"[None, 2048, 2048, 2048, 2048, 2048, 2048, 2048, 2048]","[2048, 2048, 2048, 2048, 2048]","[2048, 2048, 2048, 2049, 2049, 2048, 2048]",294.0
1143,7787,27,43,2023-04-02T06:23:03.832000+00:00,28.428,18.134,34.968,273.0,295.0,False,81.53,"[None, 2048, 2048, 2048, 2048, 2048, 2048, 2049, 2048]","[2049, 2049, 2048, 2048, 2048]","[2048, 2048, 2048, 2048, 2048, 2048, 2048, 2048]",292.0
1143,7787,4,43,2023-04-02T06:23:05.207000+00:00,28.381,18.314,35.524,275.0,294.0,False,82.219,"[None, 2048, 2048, 2048, 2048, 2048, 2048, 2051, 2049]","[2048, 2048, 2048, 2048, 2048]","[2048, 2048, 2048, 2048, 2048, 2048, 2048, 2049]",290.0
1143,7787,11,43,2023-04-02T06:23:05.941000+00:00,28.3,17.606,34.791,286.0,327.0,False,80.697,"[None, 2048, 2048, 2049, 2048, 2048, 2048, 2049, 2051]","[2048, 2049, 2051, 2048, 2048]","[2051, 2048, 2051, 2048, 2048, 2048, 2049, 2048]",315.0
1143,7787,31,43,2023-04-02T06:23:14.347000+00:00,28.386,18.131,34.756,275.0,291.0,False,81.273,"[None, 2048, 2049, 2048, 2048, 2048, 2048, 2049, 2049]","[2049, 2049, 2048, 2048, 2048]","[2049, 2048, 2048, 2048, 2048, 2048, 2048, 2048]",
1143,7787,81,43,2023-04-02T06:23:23.410000+00:00,28.634,18.496,35.088,273.0,284.0,False,82.218,"[None, 2048, 2048, 2048, 2048, 2048, 2048, 2048, 2048]","[2048, 2049, 2048, 2048, 2048]","[2048, 2048, 2048, 2048, 2048, 2048, 2049, 2048]",284.0
1143,7787,20,43,2023-04-02T06:23:33.472000+00:00,28.652,18.388,35.169,271.0,290.0,False,82.209,"[None, 2048, 2048, 2048, 2048, 2048, 2048, 2049, 2048]","[2048, 2049, 2048, 2048, 2048]","[2048, 2048, 2048, 2048, 2048, 2049, 2049, 2048]",288.0
1143,7787,24,43,2023-04-02T06:23:33.972000+00:00,28.79,18.162,35.396,,307.0,False,82.348,"[None, 2048, 2048, 2048, 2048, 2048, 2048, 2048, 2048]","[2048, 2048, 2048, 2048, 2048]","[2048, 2048, 2048, 2048, 2048, 2048, 2048, 2049]",298.0
1143,7787,22,43,2023-04-02T06:23:37.066000+00:00,28.897,18.486,35.423,272.0,291.0,False,82.806,"[None, 2048, 2048, 2048, 2048, 2048, 2048, 2048, 2049]","[2049, 2048, 2048, 2048, 2048]","[2048, 2048, 2048, 2049, 2048, 2048, 2049, 2048]",288.0
1143,7787,77,43,2023-04-02T06:23:46.706000+00:00,28.587,18.595,35.381,273.0,288.0,False,82.563,"[None, 2048, 2048, 2048, 2048, 2048, 2048, 2049, 2049]","[2048, 2048, 2048, 2048, 2048]","[2048, 2049, 2048, 2048, 2048, 2048, 2048, 2048]",289.0
1143,7787,21,43,2023-04-02T06:24:03.425000+00:00,30.559,18.586,35.89,273.0,296.0,False,85.035,"[None, 2048, 2048, 2048, 2048, 2048, 2048, 2048, 2048]","[2048, 2048, 2048, 2048, 2048]","[2048, 2048, 2048, 2048, 2048, 2048, 2048, 2048]",246.0
1143,7787,1,44,2023-04-02T06:24:04.081000+00:00,28.159,18.228,34.702,275.0,290.0,False,81.089,"[None, 2048, 2048, 2048, 2049, 2048, 2048, 2048, 2048]","[2048, 2048, 2049, 2048, 2048]","[2048, 2049, 2048, 2048, 2048, 2048, 2048, 2048]",298.0
1143,7787,2,43,2023-04-02T06:24:10.659000+00:00,28.745,18.033,35.103,279.0,306.0,False,81.881,"[None, 2048, 2048, 2048, 2048, 2048, 2048, 2048, 2048]","[2049, 2048, 2048, 2048, 2048]","[2048, 2049, 2048, 2049, 2048, 2048, 2048]",
1143,7787,44,44,2023-04-02T06:24:14.331000+00:00,28.254,18.108,34.619,278.0,295.0,False,80.981,"[None, 2048, 2049, 2049, 2048, 2048, 2048, 2048, 2048]","[2049, 2049, 2049, 2048, 2048]","[2049, 2048, 2049, 2051, 2048, 2048, 2048]",
1143,7787,14,44,2023-04-02T06:24:16.206000+00:00,28.122,18.104,34.733,278.0,293.0,False,80.959,"[None, 2048, 2048, 2049, 2048, 2048, 2048, 2049, 2049]","[2049, 2049, 2049, 2048, 2048]","[2049, 2049, 2048, 2048, 2049, 2049, 2048, 2048]",290.0
1143,7787,55,44,2023-04-02T06:24:17.831000+00:00,28.34,18.104,34.893,272.0,299.0,False,81.337,"[None, 2048, 2048, 2048, 2048, 2048, 2048, 2048, 2048]","[2048, 2049, 2048, 2048, 2048]","[2049, 2048, 2048, 2049, 2048, 2048, 2049, 2048]",295.0
1143,7787,10,44,2023-04-02T06:24:18.846000+00:00,28.213,17.882,35.082,284.0,312.0,False,81.177,"[2048, 2049, 2048, 2048, 2048, 2048, 2048, 2048, 2048]","[2048, 2049, 2049, 2049, 2048]","[2048, 2049, 2048, 2048, 2048, 2048, 2048, 2048]",307.0
1143,7787,18,44,2023-04-02T06:24:21.409000+00:00,28.995,18.313,34.731,275.0,291.0,False,82.039,"[None, 2048, 2048, 2048, 2048, 2048, 2048, 2048, 2048]","[2048, 2048, 2048, 2048, 2048]","[2048, 2049, 2048, 2049, 2048, 2048, 2049, 2048]",
1143,7787,27,44,2023-04-02T06:24:25.409000+00:00,28.718,18.189,36.127,271.0,295.0,False,83.034,"[None, 2048, 2048, 2048, 2048, 2048, 2048, 2048, 2048]","[2048, 2048, 2048, 2048, 2048]","[2048, 2048, 2048, 2048, 2048, 2048, 2048, 2049]",290.0
1143,7787,11,44,2023-04-02T06:24:26.518000+00:00,28.458,17.589,35.185,276.0,326.0,False,81.232,"[None, 2048, 2049, 2048, 2048, 2048, 2048, 2048, 2048]","[2048, 2049, 2048, 2048, 2048]","[2048, 2048, 2048, 2048, 2048, 2048, 2048]",296.0
1143,7787,4,44,2023-04-02T06:24:27.425000+00:00,28.319,17.92,35.033,277.0,320.0,False,81.272,"[None, 2048, 2048, 2049, 2048, 2048, 2048, 2048, 2049]","[2048, 2049, 2048, 2048, 2049]","[2048, 2048, 2048, 2048, 2048, 2048, 2048]",305.0
1143,7787,31,44,2023-04-02T06:24:35.643000+00:00,28.358,18.217,34.628,,292.0,False,81.203,"[None, 2049, 2048, 2048, 2048, 2048, 2048, 2049, 2049]","[2048, 2048, 2048, 2048, 2048]","[2049, 2049, 2048, 2049, 2049, 2051, 2048, 2048]",
1143,7787,81,44,2023-04-02T06:24:45.627000+00:00,28.597,18.401,34.699,274.0,290.0,False,81.697,"[None, 2048, 2048, 2048, 2048, 2048, 2049, 2049, 2048]","[2049, 2049, 2048, 2048, 2048]","[2048, 2049, 2048, 2049, 2051, 2048, 2048, 2048]",285.0
1143,7787,20,44,2023-04-02T06:24:55.705000+00:00,28.602,18.385,35.177,272.0,291.0,False,82.164,"[None, 2048, 2049, 2048, 2048, 2048, 2048, 2048, 2048]","[2048, 2048, 2048, 2048, 2048]","[2049, 2049, 2048, 2048, 2049, 2048, 2048, 2048]",290.0
1143,7787,24,44,2023-04-02T06:24:56.315000+00:00,28.686,18.208,35.221,272.0,305.0,False,82.115,"[None, 2048, 2048, 2048, 2048, 2048, 2048, 2048, 2048]","[2048, 2048, 2048, 2048, 2048]","[2048, 2049, 2048, 2048, 2048, 2048, 2048, 2049]",303.0
1143,7787,22,44,2023-04-02T06:24:59.862000+00:00,28.796,18.411,35.18,273.0,294.0,False,82.387,"[None, 2048, 2048, 2048, 2048, 2049, 2048, 2048, 2048]","[2049, 2049, 2048, 2048, 2048]","[2049, 2048, 2048, 2049, 2049, 2049, 2048, 2048]",292.0
1143,7787,77,44,2023-04-02T06:25:09.252000+00:00,28.606,18.581,35.336,271.0,285.0,False,82.523,"[None, 2049, 2049, 2048, 2048, 2049, 2048, 2048, 2048]","[2048, 2048, 2048, 2048, 2048]","[2048, 2048, 2048, 2048, 2048, 2048, 2049, 2048]",288.0
1143,7787,1,45,2023-04-02T06:25:25.111000+00:00,28.13,18.192,34.485,281.0,290.0,False,80.807,"[None, 2048, 2048, 2048, 2048, 2048, 2048, 2049, 2049]","[2048, 2048, 2049, 2048, 2048]","[2048, 2049, 2048, 2049, 2048, 2049, 2048, 2048]",295.0
1143,7787,21,44,2023-04-02T06:25:28.471000+00:00,29.165,18.591,35.881,276.0,293.0,False,83.637,"[None, 2048, 2048, 2048, 2048, 2048, 2048, 2048, 2048]","[2048, 2048, 2048, 2048, 2048]","[2048, 2048, 2048, 2048, 2048, 2048, 2048, 2048]",292.0
1143,7787,2,44,2023-04-02T06:25:32.564000+00:00,28.556,18.018,34.996,280.0,308.0,False,81.57,"[None, 2049, 2048, 2048, 2048, 2048, 2048, 2049, 2048]","[2048, 2048, 2048, 2048, 2048]","[2048, 2048, 2049, 2048, 2048, 2048, 2048, 2048]",300.0
1143,7787,44,45,2023-04-02T06:25:35.283000+00:00,28.531,18.17,34.721,276.0,295.0,False,81.422,"[None, 2049, 2048, 2048, 2048, 2048, 2048, 2048, 2048]","[2048, 2048, 2048, 2048, 2048]","[2048, 2048, 2048, 2048, 2048, 2048, 2048, 2048]",298.0
1143,7787,14,45,2023-04-02T06:25:37.189000+00:00,28.146,18.112,34.805,275.0,294.0,False,81.063,"[None, 2049, 2048, 2048, 2048, 2048, 2048, 2048, 2048]","[2048, 2049, 2048, 2048, 2048]","[2049, 2049, 2048, 2048, 2048, 2048, 2051, 2049]",292.0
1143,7787,55,45,2023-04-02T06:25:39.252000+00:00,28.212,18.2,34.891,275.0,299.0,False,81.303,"[None, 2048, 2048, 2048, 2048, 2048, 2048, 2048, 2048]","[2049, 2048, 2048, 2048, 2048]","[2048, 2048, 2048, 2048, 2048, 2048, 2049, 2048]",296.0
1143,7787,10,45,2023-04-02T06:25:40.033000+00:00,28.372,17.854,35.229,,314.0,False,81.455,"[None, 2048, 2048, 2048, 2048, 2048, 2048, 2049, 2049]","[2049, 2049, 2048, 2048, 2048]","[2048, 2048, 2048, 2048, 2048, 2048, 2048, 2049]",308.0
1143,7787,18,45,2023-04-02T06:25:43.424000+00:00,28.254,18.194,34.869,277.0,294.0,False,81.317,"[None, 2048, 2048, 2048, 2048, 2048, 2049, 2049, 2049]","[2049, 2049, 2048, 2048, 2048]","[2049, 2048, 2048, 2048, 2049, 2048, 2048, 2048]",292.0
1143,7787,11,45,2023-04-02T06:25:47.752000+00:00,28.371,17.995,34.781,277.0,299.0,False,81.147,"[None, 2048, 2048, 2048, 2048, 2048, 2049, 2048, 2048]","[2051, 2048, 2048, 2048, 2048]","[2048, 2049, 2048, 2049, 2049, 2048, 2048, 2048]",293.0
1143,7787,27,45,2023-04-02T06:25:48.424000+00:00,28.546,17.889,34.971,280.0,320.0,False,81.406,"[None, 2048, 2048, 2049, 2048, 2048, 2048, 2048, 2049]","[2048, 2048, 2049, 2048, 2048]","[2049, 2048, 2049, 2048, 2048, 2048, 2048, 2049]",311.0
1143,7787,4,45,2023-04-02T06:25:48.705000+00:00,28.568,18.093,34.857,276.0,313.0,False,81.518,"[2049, 2048, 2048, 2049, 2048, 2048, 2048, 2048, 2048]","[2048, 2048, 2048, 2048, 2048]","[2048, 2048, 2049, 2048, 2048, 2048, 2048, 2048]",298.0
1143,7787,31,45,2023-04-02T06:25:56.845000+00:00,28.462,18.274,34.74,272.0,291.0,False,81.476,"[None, 2048, 2048, 2048, 2048, 2048, 2048, 2048, 2048]","[2048, 2048, 2048, 2048, 2048]","[2049, 2048, 2048, 2048, 2048, 2048, 2048, 2048]",
1143,7787,81,45,2023-04-02T06:26:07.298000+00:00,28.444,18.486,34.777,,287.0,False,81.707,"[None, 2048, 2049, 2048, 2048, 2048, 2049, 2048, 2048]","[2048, 2048, 2048, 2048, 2048]","[2048, 2049, 2048, 2049, 2048, 2048, 2049, 2048]",289.0
1143,7787,20,45,2023-04-02T06:26:17.845000+00:00,28.727,18.265,34.971,271.0,292.0,False,81.963,"[None, 2048, 2048, 2048, 2048, 2048, 2048, 2048, 2048]","[2049, 2049, 2048, 2048, 2048]","[2049, 2049, 2048, 2048, 2049, 2048, 2048, 2048]",292.0
1143,7787,24,45,2023-04-02T06:26:18.439000+00:00,28.685,18.079,35.285,274.0,310.0,False,82.049,"[None, 2048, 2048, 2048, 2048, 2048, 2048, 2048, 2048]","[2048, 2049, 2048, 2048, 2048]","[2048, 2048, 2049, 2048, 2048, 2048, 2048, 2048]",305.0
1143,7787,22,45,2023-04-02T06:26:22.267000+00:00,28.563,18.343,35.205,276.0,294.0,False,82.111,"[None, 2048, 2049, 2048, 2048, 2049, 2049, 2049, 2049]","[2049, 2049, 2048, 2048, 2048]","[2049, 2049, 2048, 2049, 2048, 2048, 2048, 2048]",293.0
1143,7787,77,45,2023-04-02T06:26:31.814000+00:00,28.611,18.483,35.297,274.0,289.0,False,82.391,"[None, 2048, 2048, 2048, 2048, 2048, 2048, 2048, 2048]","[2049, 2048, 2048, 2048, 2048]","[2048, 2048, 2048, 2049, 2049, 2049, 2048]",290.0
1143,7787,1,46,2023-04-02T06:26:45.939000+00:00,28.029,18.123,34.551,282.0,292.0,False,80.703,"[None, 2048, 2049, 2048, 2048, 2051, 2048, 2049, 2049]","[2048, 2048, 2049, 2048, 2048]","[2048, 2048, 2048, 2048, 2049, 2051, 2048, 2048]",
1143,7787,21,45,2023-04-02T06:26:52.095000+00:00,29.246,18.57,50.728,271.0,290.0,False,98.544,"[None, 2048, 2048, 2048, 2048, 2048, 2048, 2048, 2048]","[2048, 2048, 2048, 2048, 2048]","[2048, 2049, 2048, 2048, 2048, 2048, 2064, 2064]",291.0
1143,7787,2,45,2023-04-02T06:26:54.126000+00:00,28.6,18.029,35.283,279.0,308.0,False,81.912,"[None, 2049, 2048, 2048, 2048, 2048, 2048, 2048, 2048]","[2048, 2048, 2048, 2048, 2048]","[2048, 2048, 2048, 2048, 2048, 2048, 2049]",303.0
1143,7787,44,46,2023-04-02T06:26:56.688000+00:00,28.28,18.112,34.637,274.0,295.0,False,81.029,"[None, 2048, 2048, 2048, 2048, 2048, 2048, 2048, 2048]","[2048, 2048, 2049, 2048, 2048]","[2048, 2048, 2049, 2048, 2048, 2048, 2048, 2049]",295.0
1143,7787,14,46,2023-04-02T06:26:58.235000+00:00,28.004,18.041,34.645,277.0,295.0,False,80.69,"[None, 2048, 2051, 2049, 2048, 2048, 2048, 2049, 2048]","[2049, 2048, 2049, 2048, 2048]","[2049, 2049, 2048, 2048, 2048, 2049, 2048]",
1143,7787,55,46,2023-04-02T06:27:00.657000+00:00,28.261,18.211,34.836,,300.0,False,81.308,"[None, 2048, 2048, 2048, 2048, 2048, 2048, 2049, 2048]","[2048, 2048, 2048, 2048, 2048]","[2048, 2049, 2048, 2048, 2049, 2048, 2049]",
1143,7787,10,46,2023-04-02T06:27:01.423000+00:00,28.287,17.872,35.081,274.0,314.0,False,81.24,"[None, 2048, 2048, 2048, 2048, 2048, 2048, 2049, 2048]","[2048, 2048, 2048, 2049, 2048]","[2048, 2048, 2048, 2048, 2048, 2048, 2048, 2049]",307.0
1143,7787,18,46,2023-04-02T06:27:04.735000+00:00,28.461,18.186,34.626,276.0,295.0,False,81.273,"[None, 2048, 2048, 2048, 2048, 2048, 2048, 2048, 2048]","[2048, 2048, 2048, 2048, 2048]","[2049, 2049, 2048, 2048, 2048, 2049, 2048, 2048]",
1143,7787,11,46,2023-04-02T06:27:08.970000+00:00,28.477,17.954,34.573,276.0,300.0,False,81.004,"[None, 2048, 2048, 2048, 2048, 2048, 2048, 2048, 2048]","[2048, 2051, 2048, 2048, 2048]","[2051, 2049, 2048, 2048, 2048, 2049, 2049, 2048]",
1143,7787,27,46,2023-04-02T06:27:09.798000+00:00,28.446,17.687,34.991,283.0,319.0,False,81.124,"[None, 2049, 2048, 2048, 2048, 2048, 2048, 2048, 2049]","[2049, 2049, 2049, 2048, 2048]","[2048, 2048, 2049, 2048, 2048, 2048, 2048]",313.0
1143,7787,4,46,2023-04-02T06:27:10.235000+00:00,28.478,17.949,34.746,275.0,322.0,False,81.173,"[2048, 2049, 2048, 2048, 2048, 2048, 2048, 2048, 2048]","[2048, 2048, 2048, 2048, 2049]","[2049, 2048, 2049, 2048, 2048, 2048, 2048, 2051]",313.0
1143,7787,31,46,2023-04-02T06:27:18.313000+00:00,28.293,18.168,35.047,274.0,292.0,False,81.508,"[None, 2048, 2048, 2048, 2048, 2048, 2049, 2049, 2048]","[2048, 2048, 2048, 2048, 2048]","[2048, 2048, 2048, 2048, 2048, 2048, 2048, 2048]",289.0
1143,7787,81,46,2023-04-02T06:27:29.032000+00:00,28.488,18.449,34.715,272.0,287.0,False,81.652,"[None, 2048, 2049, 2048, 2048, 2048, 2048, 2049, 2048]","[2048, 2048, 2048, 2048, 2048]","[2048, 2049, 2048, 2048, 2048, 2048, 2049, 2048]",288.0
1143,7787,20,46,2023-04-02T06:27:39.813000+00:00,28.433,18.314,35.045,274.0,293.0,False,81.792,"[None, 2049, 2049, 2048, 2048, 2048, 2048, 2049, 2048]","[2048, 2048, 2048, 2048, 2048]","[2048, 2048, 2048, 2048, 2048, 2048, 2049, 2048]",
1143,7787,24,46,2023-04-02T06:27:40.469000+00:00,28.52,18.167,35.249,,306.0,False,81.936,"[None, 2048, 2048, 2048, 2049, 2048, 2048, 2048, 2048]","[2048, 2048, 2048, 2048, 2048]","[2048, 2049, 2048, 2048, 2049, 2048, 2048, 2048]",309.0
1143,7787,22,46,2023-04-02T06:27:44.407000+00:00,28.671,18.347,35.281,277.0,292.0,False,82.299,"[None, 2048, 2048, 2048, 2048, 2048, 2049, 2049, 2049]","[2049, 2048, 2048, 2048, 2048]","[2048, 2049, 2048, 2048, 2048, 2048, 2048, 2048]",291.0
1143,7787,77,46,2023-04-02T06:27:54.188000+00:00,28.414,18.51,35.309,275.0,288.0,False,82.233,"[None, 2048, 2049, 2048, 2048, 2048, 2048, 2049, 2049]","[2048, 2048, 2048, 2048, 2048]","[2048, 2049, 2048, 2049, 2048, 2048, 2048, 2048]",291.0
1143,7787,1,47,2023-04-02T06:28:06.625000+00:00,28.065,18.117,37.925,281.0,291.0,False,84.107,"[None, 2048, 2049, 2048, 2048, 2048, 2049, 2048, 2048]","[2048, 2049, 2049, 2048, 2048]","[2048, 2049, 2048, 2048, 2048, 2048, 2048, 2048]",291.0
1143,7787,2,46,2023-04-02T06:28:15.953000+00:00,28.412,18.076,35.075,280.0,303.0,False,81.563,"[None, 2049, 2048, 2049, 2049, 2048, 2048, 2048, 2048]","[2048, 2048, 2048, 2048, 2048]","[2048, 2049, 2048, 2049, 2048, 2048, 2048, 2048]",314.0
1143,7787,44,47,2023-04-02T06:28:17.734000+00:00,28.194,18.05,34.572,279.0,294.0,False,80.816,"[None, 2048, 2048, 2049, 2048, 2048, 2048, 2048, 2048]","[2049, 2049, 2049, 2048, 2048]","[2048, 2048, 2048, 2048, 2048, 2048, 2048]",298.0
1143,7787,14,47,2023-04-02T06:28:18.906000+00:00,28.123,18.111,34.797,276.0,291.0,False,81.031,"[None, 2048, 2048, 2048, 2048, 2048, 2048, 2049, 2048]","[2049, 2048, 2049, 2048, 2048]","[2049, 2048, 2048, 2048, 2048, 2048, 2048, 2049]",294.0
1143,7787,55,47,2023-04-02T06:28:21.781000+00:00,28.153,18.112,34.768,277.0,300.0,False,81.033,"[None, 2048, 2048, 2048, 2048, 2049, 2049, 2048, 2048]","[2048, 2048, 2048, 2048, 2048]","[2048, 2048, 2048, 2049, 2049, 2048, 2048, 2048]",297.0
1143,7787,10,47,2023-04-02T06:28:22.672000+00:00,28.18,17.821,34.994,285.0,313.0,False,80.995,"[None, 2048, 2049, 2049, 2048, 2048, 2048, 2048, 2049]","[2049, 2048, 2049, 2048, 2048]","[2048, 2048, 2048, 2048, 2048, 2048, 2048, 2049]",
1143,7787,18,47,2023-04-02T06:28:26.016000+00:00,28.235,18.202,34.998,278.0,293.0,False,81.435,"[None, 2048, 2049, 2048, 2048, 2048, 2048, 2048, 2049]","[2049, 2048, 2048, 2048, 2048]","[2048, 2048, 2048, 2048, 2048, 2048, 2049, 2048]",294.0
1143,7787,11,47,2023-04-02T06:28:29.969000+00:00,28.281,17.881,34.481,278.0,299.0,False,80.643,"[None, 2048, 2048, 2048, 2048, 2049, 2049, 2048, 2048]","[2051, 2051, 2048, 2048, 2048]","[2051, 2049, 2048, 2048, 2049, 2048, 2048]",296.0
1143,7787,21,46,2023-04-02T06:28:30.609000+00:00,34.684,18.646,35.2,272.0,292.0,True,88.53,"[2064, 2048, 2048, 2048, 2048, 2048, 2048, 2048, 2048]","[2048, 2048, 2048, 2048, 2048]","[2048, 2049, 2048, 2049, 2049, 2049, 2049, 2048]",230.0
1143,7787,27,47,2023-04-02T06:28:30.922000+00:00,28.273,18.014,35.257,285.0,299.0,False,81.544,"[None, 2049, 2048, 2049, 2048, 2048, 2048, 2049, 2049]","[2048, 2048, 2048, 2048, 2048]","[2048, 2048, 2048, 2048, 2048, 2048, 2048, 2048]",
1143,7787,4,47,2023-04-02T06:28:31.422000+00:00,28.304,17.969,35.209,277.0,315.0,False,81.482,"[2049, 2049, 2048, 2048, 2049, 2048, 2048, 2048, 2048]","[2048, 2048, 2048, 2048, 2048]","[2048, 2048, 2048, 2048, 2048, 2048, 2048, 2048]",318.0
1143,7787,31,47,2023-04-02T06:28:39.797000+00:00,28.39,18.157,34.835,,293.0,False,81.382,"[None, 2048, 2048, 2048, 2048, 2048, 2048, 2048, 2048]","[2048, 2048, 2048, 2048, 2048]","[2048, 2048, 2048, 2048, 2048, 2048, 2048, 2048]",290.0
1143,7787,81,47,2023-04-02T06:28:50.656000+00:00,28.518,18.397,34.754,273.0,286.0,False,81.669,"[None, 2048, 2048, 2048, 2048, 2048, 2048, 2049, 2048]","[2049, 2049, 2048, 2048, 2048]","[2048, 2049, 2048, 2048, 2048, 2049, 2048, 2048]",
1143,7787,20,47,2023-04-02T06:29:01.593000+00:00,28.522,18.38,35.017,275.0,292.0,False,81.919,"[None, 2048, 2048, 2048, 2048, 2048, 2048, 2048, 2048]","[2048, 2048, 2048, 2048, 2048]","[2048, 2049, 2048, 2048, 2049, 2048, 2048, 2048]",
1143,7787,24,47,2023-04-02T06:29:02.390000+00:00,28.499,18.173,35.19,,306.0,False,81.862,"[None, 2049, 2048, 2048, 2049, 2048, 2048, 2048, 2049]","[2048, 2048, 2048, 2048, 2048]","[2048, 2048, 2048, 2049, 2049, 2048, 2048, 2048]",307.0
1143,7787,22,47,2023-04-02T06:29:06.671000+00:00,28.587,18.372,35.05,276.0,291.0,False,82.009,"[None, 2048, 2049, 2048, 2048, 2048, 2048, 2048, 2049]","[2048, 2049, 2048, 2048, 2048]","[2048, 2049, 2048, 2049, 2049, 2048, 2049, 2048]",289.0
1143,7787,77,47,2023-04-02T06:29:16.390000+00:00,28.455,18.58,35.335,273.0,283.0,False,82.37,"[None, 2048, 2048, 2048, 2048, 2049, 2049, 2049, 2048]","[2048, 2048, 2048, 2048, 2048]","[2048, 2048, 2048, 2048, 2049, 2049, 2048, 2048]",288.0
1143,7787,1,48,2023-04-02T06:29:30.765000+00:00,28.373,18.133,34.567,,289.0,False,81.073,"[None, 2048, 2048, 2048, 2048, 2048, 2048, 2048, 2048]","[2048, 2049, 2048, 2048, 2048]","[2048, 2048, 2048, 2048, 2048, 2048, 2049, 2048]",294.0
1143,7787,2,47,2023-04-02T06:29:37.624000+00:00,31.383,18.033,36.271,275.0,325.0,False,85.687,"[None, 2048, 2048, 2048, 2048, 2048, 2048, 2048, 2048]","[2048, 2048, 2048, 2048, 2048]","[2048, 2048, 2051, 2048, 2048, 2048, 2048, 2048]",300.0
1143,7787,44,48,2023-04-02T06:29:38.577000+00:00,28.107,18.223,34.52,277.0,289.0,False,80.85,"[None, 2048, 2048, 2048, 2048, 2049, 2049, 2048, 2049]","[2048, 2048, 2048, 2048, 2048]","[2049, 2049, 2048, 2048, 2049, 2048, 2048, 2048]",
1143,7787,14,48,2023-04-02T06:29:39.937000+00:00,28.305,18.155,34.658,277.0,290.0,False,81.118,"[None, 2048, 2048, 2048, 2048, 2048, 2048, 2048, 2048]","[2049, 2048, 2048, 2048, 2048]","[2049, 2049, 2048, 2048, 2048, 2049, 2048, 2048]",291.0
1143,7787,55,48,2023-04-02T06:29:42.843000+00:00,28.218,18.127,34.89,278.0,301.0,False,81.235,"[None, 2048, 2048, 2048, 2048, 2048, 2048, 2048, 2048]","[2048, 2048, 2048, 2048, 2048]","[2048, 2048, 2048, 2048, 2048, 2048, 2048, 2048]",
1143,7787,10,48,2023-04-02T06:29:43.671000+00:00,28.353,17.933,34.956,,312.0,False,81.242,"[None, 2051, 2048, 2048, 2048, 2048, 2048, 2049, 2049]","[2048, 2048, 2048, 2048, 2048]","[2048, 2048, 2048, 2048, 2049, 2048, 2048, 2048]",308.0
1143,7787,18,48,2023-04-02T06:29:47.452000+00:00,28.155,18.162,34.708,279.0,293.0,False,81.025,"[None, 2048, 2049, 2048, 2048, 2048, 2049, 2049, 2049]","[2049, 2049, 2048, 2048, 2048]","[2048, 2048, 2048, 2049, 2048, 2048, 2048, 2048]",
1143,7787,11,48,2023-04-02T06:29:50.608000+00:00,28.223,18.064,34.445,274.0,301.0,False,80.732,"[None, 2048, 2049, 2048, 2048, 2049, 2048, 2048, 2048]","[2048, 2048, 2048, 2048, 2048]","[2048, 2048, 2048, 2048, 2049, 2051, 2048, 2048]",295.0
1143,7787,27,48,2023-04-02T06:29:52.468000+00:00,28.471,18.042,35.353,275.0,305.0,False,81.866,"[None, 2048, 2048, 2048, 2048, 2048, 2049, 2049, 2048]","[2048, 2049, 2048, 2048, 2048]","[2048, 2048, 2048, 2048, 2048, 2048, 2049]",292.0
1143,7787,4,48,2023-04-02T06:29:52.874000+00:00,28.574,17.932,35.278,276.0,315.0,False,81.784,"[2048, 2048, 2048, 2048, 2048, 2048, 2048, 2051, 2049]","[2048, 2049, 2048, 2048, 2048]","[2049, 2048, 2048, 2048, 2048, 2048, 2049, 2048]",305.0
1143,7787,21,47,2023-04-02T06:29:59.202000+00:00,28.378,18.415,35.051,277.0,292.0,False,81.844,"[2048, 2048, 2049, 2048, 2048, 2049, 2049, 2049, 2049]","[2049, 2049, 2048, 2048, 2048]","[2049, 2049, 2048, 2049, 2049, 2048, 2048, 2048]",290.0
1143,7787,31,48,2023-04-02T06:30:01.202000+00:00,28.371,18.194,34.905,,293.0,False,81.47,"[None, 2048, 2048, 2048, 2048, 2048, 2048, 2048, 2048]","[2048, 2048, 2048, 2048, 2048]","[2048, 2048, 2048, 2048, 2048, 2048, 2048, 2048]",291.0
1143,7787,81,48,2023-04-02T06:30:12.311000+00:00,28.552,18.496,34.638,275.0,286.0,False,81.686,"[None, 2048, 2048, 2048, 2048, 2048, 2048, 2049, 2049]","[2048, 2048, 2048, 2048, 2048]","[2048, 2048, 2048, 2048, 2048, 2048, 2048, 2048]",285.0
1143,7787,20,48,2023-04-02T06:30:23.514000+00:00,28.428,18.401,35.143,274.0,299.0,False,81.972,"[None, 2048, 2048, 2048, 2048, 2048, 2049, 2049, 2048]","[2048, 2048, 2048, 2048, 2048]","[2049, 2049, 2048, 2048, 2048, 2048, 2048, 2048]",291.0
1143,7787,24,48,2023-04-02T06:30:24.264000+00:00,28.487,18.222,35.11,278.0,306.0,False,81.819,"[None, 2048, 2048, 2048, 2049, 2048, 2048, 2049, 2049]","[2048, 2048, 2048, 2048, 2048]","[2049, 2049, 2049, 2048, 2048, 2048, 2048, 2048]",309.0
1143,7787,22,48,2023-04-02T06:30:28.686000+00:00,28.519,18.414,35.107,279.0,289.0,False,82.04,"[None, 2048, 2048, 2048, 2048, 2048, 2049, 2049, 2049]","[2048, 2048, 2048, 2048, 2048]","[2048, 2049, 2048, 2048, 2049, 2048, 2048, 2048]",291.0
1143,7787,77,48,2023-04-02T06:30:38.795000+00:00,28.603,18.566,35.267,271.0,282.0,False,82.436,"[None, 2048, 2048, 2048, 2048, 2048, 2048, 2048, 2048]","[2048, 2048, 2048, 2048, 2048]","[2048, 2048, 2048, 2048, 2048, 2048, 2048, 2048]",
1143,7787,1,49,2023-04-02T06:30:51.811000+00:00,27.834,18.133,34.375,284.0,287.0,False,80.342,"[None, 2048, 2051, 2048, 2049, 2048, 2049, 2051, 2049]","[2049, 2048, 2048, 2048, 2048]","[2048, 2049, 2048, 2048, 2049, 2048, 2049]",291.0
1143,7787,44,49,2023-04-02T06:30:59.498000+00:00,27.911,18.141,34.561,278.0,288.0,False,80.613,"[None, 2048, 2049, 2048, 2048, 2048, 2049, 2049, 2049]","[2049, 2049, 2048, 2048, 2048]","[2048, 2049, 2048, 2048, 2048, 2048, 2048]",295.0
1143,7787,14,49,2023-04-02T06:31:01.092000+00:00,28.002,18.085,34.647,278.0,291.0,False,80.734,"[None, 2048, 2048, 2048, 2048, 2048, 2048, 2048, 2049]","[2049, 2048, 2048, 2048, 2048]","[2048, 2048, 2048, 2048, 2048, 2048, 2051, 2048]",292.0
1143,7787,2,48,2023-04-02T06:31:03.295000+00:00,31.943,18.126,35.052,273.0,305.0,False,85.121,"[None, 2048, 2048, 2049, 2049, 2048, 2048, 2048, 2048]","[2048, 2048, 2048, 2048, 2048]","[2048, 2049, 2048, 2048, 2048, 2048, 2048, 2048]",325.0
1143,7787,55,49,2023-04-02T06:31:04.061000+00:00,28.189,18.175,34.738,276.0,296.0,False,81.102,"[None, 2048, 2048, 2048, 2048, 2048, 2049, 2048, 2048]","[2048, 2048, 2048, 2048, 2048]","[2048, 2048, 2048, 2048, 2048, 2049, 2048, 2048]",302.0
1143,7787,10,49,2023-04-02T06:31:04.920000+00:00,28.281,17.889,34.982,,311.0,False,81.152,"[None, 2048, 2048, 2049, 2048, 2048, 2048, 2048, 2048]","[2048, 2048, 2048, 2048, 2048]","[2048, 2048, 2048, 2048, 2049, 2048, 2048, 2049]",310.0
1143,7787,18,49,2023-04-02T06:31:08.498000+00:00,28.252,18.149,34.732,277.0,295.0,False,81.133,"[None, 2048, 2048, 2048, 2048, 2048, 2048, 2048, 2048]","[2048, 2048, 2049, 2048, 2048]","[2048, 2048, 2048, 2048, 2048, 2048, 2048, 2048]",295.0
1143,7787,11,49,2023-04-02T06:31:11.373000+00:00,28.285,17.969,34.493,281.0,301.0,False,80.747,"[None, 2048, 2048, 2048, 2048, 2048, 2049, 2048, 2048]","[2048, 2048, 2048, 2048, 2048]","[2048, 2049, 2048, 2048, 2048, 2048, 2048, 2048]",298.0
1143,7787,27,49,2023-04-02T06:31:14.342000+00:00,28.669,18.117,35.156,273.0,305.0,False,81.942,"[None, 2048, 2048, 2048, 2048, 2048, 2048, 2048, 2048]","[2048, 2048, 2048, 2048, 2048]","[2048, 2048, 2048, 2048, 2048, 2048, 2049, 2048]",303.0
1143,7787,4,49,2023-04-02T06:31:14.670000+00:00,28.788,17.924,35.629,,313.0,False,82.341,"[None, 2048, 2048, 2048, 2048, 2048, 2048, 2048, 2048]","[2048, 2048, 2048, 2048, 2048]","[2048, 2048, 2048, 2048, 2048, 2048, 2048, 2048]",304.0
1143,7787,21,48,2023-04-02T06:31:21.076000+00:00,28.391,18.378,34.924,276.0,289.0,False,81.693,"[None, 2048, 2049, 2048, 2048, 2049, 2048, 2048, 2048]","[2048, 2049, 2048, 2048, 2048]","[2049, 2049, 2048, 2049, 2049, 2049, 2048, 2048]",
1143,7787,31,49,2023-04-02T06:31:22.764000+00:00,28.485,18.191,34.992,,292.0,False,81.668,"[None, 2048, 2048, 2048, 2048, 2048, 2048, 2048, 2048]","[2048, 2048, 2048, 2048, 2048]","[2048, 2048, 2048, 2048, 2048, 2048, 2048, 2048]",292.0
1143,7787,81,49,2023-04-02T06:31:34.060000+00:00,28.394,18.467,34.664,274.0,284.0,False,81.525,"[None, 2048, 2048, 2048, 2048, 2049, 2048, 2048, 2048]","[2049, 2048, 2048, 2048, 2048]","[2048, 2048, 2048, 2048, 2048, 2048, 2048, 2048]",288.0
1143,7787,20,49,2023-04-02T06:31:45.513000+00:00,28.425,18.397,35.141,275.0,291.0,False,81.963,"[None, 2048, 2048, 2048, 2048, 2048, 2048, 2048, 2048]","[2048, 2048, 2048, 2048, 2048]","[2048, 2048, 2048, 2048, 2048, 2048, 2048, 2048]",292.0
1143,7787,24,49,2023-04-02T06:31:46.123000+00:00,28.491,18.209,35.283,276.0,306.0,False,81.983,"[None, 2048, 2048, 2049, 2048, 2048, 2048, 2048, 2048]","[2048, 2048, 2048, 2048, 2048]","[2048, 2048, 2048, 2048, 2048, 2048, 2048, 2048]",306.0
1143,7787,22,49,2023-04-02T06:31:50.716000+00:00,28.714,18.425,35.155,276.0,287.0,False,82.294,"[None, 2048, 2049, 2048, 2048, 2048, 2048, 2048, 2048]","[2048, 2049, 2048, 2048, 2048]","[2049, 2049, 2048, 2048, 2048, 2048, 2048, 2048]",288.0
1143,7787,77,49,2023-04-02T06:32:01.201000+00:00,28.584,18.693,35.196,273.0,284.0,False,82.473,"[None, 2048, 2048, 2048, 2048, 2048, 2048, 2048, 2048]","[2048, 2048, 2048, 2048, 2048]","[2048, 2048, 2048, 2048, 2048, 2049, 2048, 2048]",289.0
1143,7787,1,50,2023-04-02T06:32:12.185000+00:00,28.018,18.151,34.302,283.0,289.0,False,80.471,"[None, 2049, 2048, 2048, 2048, 2048, 2048, 2048, 2048]","[2048, 2048, 2048, 2048, 2048]","[2048, 2048, 2048, 2048, 2048, 2049, 2049, 2048]",293.0
1143,7787,44,50,2023-04-02T06:32:20.060000+00:00,28.087,18.216,34.606,277.0,287.0,False,80.909,"[None, 2048, 2048, 2048, 2049, 2048, 2048, 2048, 2048]","[2048, 2049, 2048, 2048, 2048]","[2048, 2049, 2048, 2048, 2048, 2048, 2048, 2048]",292.0
1143,7787,14,50,2023-04-02T06:32:21.825000+00:00,28.072,18.081,34.57,276.0,290.0,False,80.723,"[None, 2048, 2048, 2048, 2048, 2048, 2048, 2048, 2048]","[2049, 2049, 2049, 2048, 2048]","[2048, 2049, 2048, 2048, 2048, 2049, 2048, 2048]",291.0
1143,7787,55,50,2023-04-02T06:32:25.153000+00:00,28.16,18.172,34.638,277.0,296.0,False,80.97,"[None, 2048, 2049, 2048, 2048, 2049, 2048, 2048, 2048]","[2048, 2048, 2048, 2048, 2048]","[2049, 2049, 2048, 2048, 2049, 2048, 2048, 2048]",295.0
1143,7787,10,50,2023-04-02T06:32:26.075000+00:00,28.282,18.126,35.196,284.0,294.0,False,81.604,"[None, 2048, 2048, 2048, 2048, 2048, 2048, 2048, 2048]","[2049, 2048, 2048, 2048, 2048]","[2048, 2048, 2048, 2048, 2049, 2048, 2048, 2048]",309.0
1143,7787,2,49,2023-04-02T06:32:28.419000+00:00,28.66,19.023,35.641,282.0,281.0,False,83.324,"[None, 2048, 2048, 2048, 2048, 2048, 2048, 2048, 2049]","[2048, 2048, 2048, 2048, 2048]","[2048, 2048, 2048, 2048, 2048, 2048, 2048, 2048]",304.0
1143,7787,18,50,2023-04-02T06:32:29.607000+00:00,28.417,17.941,34.576,281.0,311.0,False,80.934,"[None, 2048, 2048, 2048, 2048, 2048, 2048, 2048, 2048]","[2048, 2048, 2048, 2048, 2048]","[2048, 2048, 2048, 2048, 2049, 2049, 2048, 2048]",293.0
1143,7787,11,50,2023-04-02T06:32:32.107000+00:00,28.365,17.923,34.731,279.0,303.0,False,81.019,"[None, 2048, 2048, 2048, 2048, 2048, 2048, 2048, 2048]","[2048, 2048, 2048, 2048, 2048]","[2048, 2048, 2048, 2048, 2048, 2048, 2048, 2048]",296.0
1143,7787,27,50,2023-04-02T06:32:36.278000+00:00,28.417,18.142,35.313,274.0,289.0,False,81.872,"[None, 2048, 2048, 2048, 2048, 2048, 2049, 2049, 2048]","[2049, 2049, 2048, 2048, 2048]","[2048, 2048, 2048, 2048, 2048, 2048, 2049, 2048]",289.0
1143,7787,4,50,2023-04-02T06:32:37.028000+00:00,28.322,17.945,35.447,277.0,311.0,False,81.714,"[None, 2048, 2048, 2048, 2049, 2048, 2048, 2048, 2048]","[2049, 2049, 2048, 2048, 2048]","[2048, 2051, 2048, 2048, 2048, 2048, 2048, 2048]",305.0
1143,7787,21,49,2023-04-02T06:32:42.700000+00:00,28.265,18.287,34.736,,289.0,False,81.288,"[None, 2048, 2049, 2048, 2048, 2051, 2048, 2049, 2049]","[2049, 2049, 2049, 2048, 2048]","[2049, 2049, 2048, 2049, 2049, 2048, 2049, 2048]",289.0
1143,7787,31,50,2023-04-02T06:32:44.325000+00:00,28.306,18.111,34.787,276.0,293.0,False,81.204,"[None, 2048, 2048, 2048, 2048, 2048, 2048, 2048, 2049]","[2048, 2048, 2048, 2048, 2048]","[2048, 2048, 2048, 2048, 2048, 2048, 2048, 2048]",
1143,7787,81,50,2023-04-02T06:32:55.559000+00:00,28.522,18.478,34.752,276.0,288.0,False,81.752,"[None, 2048, 2048, 2048, 2048, 2048, 2048, 2048, 2048]","[2048, 2048, 2048, 2048, 2048]","[2048, 2048, 2048, 2048, 2048, 2048, 2048]",287.0
1143,7787,20,50,2023-04-02T06:33:07.465000+00:00,28.532,18.399,35.047,273.0,292.0,False,81.978,"[None, 2048, 2048, 2048, 2048, 2048, 2048, 2048, 2048]","[2048, 2048, 2048, 2048, 2048]","[2048, 2049, 2048, 2048, 2048, 2048, 2048, 2048]",291.0
1143,7787,24,50,2023-04-02T06:33:08.059000+00:00,28.448,18.087,35.301,,310.0,False,81.836,"[None, 2048, 2048, 2048, 2048, 2048, 2048, 2049, 2048]","[2048, 2049, 2049, 2048, 2048]","[2048, 2048, 2048, 2048, 2049, 2048, 2048, 2048]",315.0
1143,7787,22,50,2023-04-02T06:33:12.997000+00:00,28.653,18.316,35.042,,290.0,False,82.011,"[None, 2048, 2048, 2048, 2048, 2048, 2048, 2048, 2048]","[2049, 2049, 2049, 2048, 2048]","[2048, 2048, 2048, 2048, 2048, 2048, 2048]",291.0
1143,7787,77,50,2023-04-02T06:33:23.700000+00:00,28.616,18.557,35.232,,286.0,False,82.405,"[None, 2048, 2048, 2048, 2048, 2048, 2048, 2048, 2048]","[2048, 2048, 2048, 2048, 2048]","[2048, 2048, 2048, 2048, 2048, 2048, 2048, 2048]",
1143,7787,1,51,2023-04-02T06:33:32.653000+00:00,28.001,18.094,34.537,282.0,289.0,False,80.632,"[None, 2048, 2048, 2048, 2048, 2048, 2048, 2048, 2048]","[2048, 2048, 2048, 2048, 2048]","[2048, 2049, 2048, 2048, 2048, 2048, 2049, 2049]",292.0
1143,7787,44,51,2023-04-02T06:33:40.918000+00:00,27.958,18.175,34.549,278.0,291.0,False,80.682,"[None, 2048, 2048, 2049, 2049, 2048, 2048, 2048, 2048]","[2048, 2048, 2048, 2048, 2048]","[2048, 2049, 2049, 2048, 2048, 2048, 2048, 2048]",291.0
1143,7787,14,51,2023-04-02T06:33:42.590000+00:00,27.892,18.239,34.773,279.0,298.0,False,80.904,"[None, 2048, 2048, 2049, 2048, 2049, 2048, 2051, 2049]","[2048, 2048, 2048, 2048, 2048]","[2049, 2048, 2048, 2049, 2048, 2048, 2048, 2048]",
1143,7787,55,51,2023-04-02T06:33:46.137000+00:00,28.125,18.111,34.59,276.0,299.0,False,80.826,"[None, 2048, 2049, 2048, 2048, 2049, 2048, 2048, 2048]","[2048, 2049, 2048, 2048, 2048]","[2048, 2048, 2048, 2048, 2049, 2048, 2049, 2048]",296.0
1143,7787,10,51,2023-04-02T06:33:47.670000+00:00,28.453,18.185,34.978,273.0,292.0,False,81.616,"[None, 2048, 2049, 2048, 2048, 2048, 2048, 2048, 2048]","[2048, 2049, 2048, 2048, 2048]","[2048, 2048, 2048, 2048, 2049, 2048, 2049, 2048]",290.0
1143,7787,18,51,2023-04-02T06:33:50.559000+00:00,28.293,18.201,34.661,276.0,293.0,False,81.155,"[None, 2048, 2048, 2048, 2048, 2048, 2048, 2048, 2048]","[2048, 2048, 2048, 2048, 2048]","[2048, 2049, 2048, 2049, 2048, 2048, 2048, 2048]",
1143,7787,2,50,2023-04-02T06:33:51.746000+00:00,28.208,17.922,35.326,285.0,311.0,False,81.456,"[None, 2048, 2048, 2049, 2048, 2048, 2048, 2049, 2049]","[2048, 2049, 2051, 2048, 2048]","[2048, 2048, 2048, 2048, 2049, 2048, 2048, 2048]",317.0
1143,7787,11,51,2023-04-02T06:33:53.106000+00:00,28.677,17.82,34.813,280.0,305.0,False,81.31,"[None, 2048, 2048, 2048, 2048, 2048, 2048, 2048, 2048]","[2048, 2048, 2049, 2048, 2048]","[2048, 2048, 2048, 2048, 2048, 2048, 2048, 2048]",299.0
1143,7787,27,51,2023-04-02T06:33:58.184000+00:00,28.45,18.158,37.872,272.0,290.0,False,84.48,"[None, 2048, 2049, 2048, 2048, 2048, 2048, 2048, 2048]","[2048, 2048, 2048, 2048, 2048]","[2048, 2049, 2048, 2048, 2048, 2048, 2048, 2048]",290.0
1143,7787,4,51,2023-04-02T06:33:58.715000+00:00,28.462,17.975,35.595,272.0,311.0,False,82.032,"[None, 2048, 2048, 2048, 2048, 2048, 2048, 2048, 2048]","[2048, 2048, 2048, 2048, 2048]","[2048, 2048, 2048, 2048, 2048, 2048, 2048]",311.0
1143,7787,21,50,2023-04-02T06:34:04.043000+00:00,28.155,18.299,34.729,274.0,291.0,False,81.183,"[None, 2049, 2049, 2048, 2048, 2048, 2048, 2048, 2048]","[2048, 2048, 2049, 2048, 2048]","[2049, 2048, 2048, 2048, 2048, 2048, 2048, 2049]",290.0
1143,7787,31,51,2023-04-02T06:34:05.512000+00:00,28.392,18.185,34.875,274.0,294.0,False,81.452,"[None, 2048, 2048, 2048, 2048, 2048, 2048, 2048, 2048]","[2048, 2048, 2048, 2048, 2048]","[2048, 2049, 2048, 2048, 2048, 2048, 2048, 2048]",
1143,7787,81,51,2023-04-02T06:34:17.293000+00:00,28.411,18.485,34.841,275.0,284.0,False,81.737,"[None, 2048, 2048, 2048, 2048, 2048, 2048, 2048, 2048]","[2048, 2048, 2048, 2048, 2048]","[2048, 2048, 2048, 2048, 2048, 2048, 2049, 2048]",292.0
1143,7787,20,51,2023-04-02T06:34:29.449000+00:00,28.497,18.38,35.698,,297.0,False,82.575,"[None, 2049, 2048, 2048, 2048, 2048, 2048, 2048, 2048]","[2048, 2048, 2048, 2048, 2048]","[2048, 2048, 2048, 2048, 2048, 2048, 2048, 2048]",292.0
1143,7787,24,51,2023-04-02T06:34:29.918000+00:00,28.538,17.988,36.255,275.0,311.0,False,82.781,"[None, 2048, 2048, 2048, 2048, 2048, 2048, 2048, 2048]","[2048, 2049, 2049, 2048, 2048]","[2048, 2048, 2048, 2048, 2048, 2048, 2048, 2048]",305.0
1143,7787,22,51,2023-04-02T06:34:35.027000+00:00,28.528,18.309,34.99,,288.0,False,81.827,"[None, 2048, 2049, 2048, 2048, 2048, 2048, 2048, 2048]","[2049, 2049, 2049, 2048, 2048]","[2048, 2049, 2048, 2048, 2048, 2049, 2048, 2048]",
1143,7787,77,51,2023-04-02T06:34:46.074000+00:00,28.44,18.571,35.462,,281.0,False,82.473,"[None, 2048, 2048, 2048, 2048, 2048, 2048, 2049, 2049]","[2048, 2049, 2048, 2048, 2048]","[2048, 2048, 2048, 2048, 2048, 2048, 2048, 2048]",288.0
1143,7787,1,52,2023-04-02T06:34:53.261000+00:00,28.025,18.09,34.623,281.0,289.0,False,80.738,"[None, 2048, 2048, 2048, 2048, 2048, 2048, 2048, 2048]","[2048, 2048, 2049, 2048, 2048]","[2048, 2048, 2048, 2048, 2048, 2048, 2048, 2048]",296.0
1143,7787,44,52,2023-04-02T06:35:01.652000+00:00,28.058,18.189,34.494,277.0,289.0,False,80.741,"[None, 2048, 2048, 2048, 2048, 2048, 2048, 2048, 2048]","[2048, 2048, 2048, 2048, 2048]","[2048, 2048, 2048, 2048, 2048, 2048, 2048, 2048]",294.0
1143,7787,14,52,2023-04-02T06:35:03.464000+00:00,27.939,18.03,34.547,277.0,294.0,False,80.516,"[None, 2051, 2048, 2048, 2048, 2048, 2048, 2048, 2048]","[2048, 2049, 2049, 2048, 2048]","[2048, 2048, 2048, 2048, 2049, 2049, 2048, 2049]",294.0
1143,7787,55,52,2023-04-02T06:35:06.980000+00:00,27.973,18.102,34.644,,297.0,False,80.719,"[None, 2048, 2049, 2048, 2048, 2048, 2048, 2049, 2048]","[2048, 2049, 2049, 2048, 2048]","[2048, 2048, 2048, 2049, 2048, 2048, 2048]",
1143,7787,10,52,2023-04-02T06:35:09.292000+00:00,28.45,18.242,34.928,,290.0,False,81.62,"[None, 2048, 2048, 2048, 2048, 2048, 2049, 2049, 2048]","[2048, 2048, 2048, 2048, 2048]","[2048, 2048, 2048, 2048, 2049, 2048, 2048, 2048]",
1143,7787,18,52,2023-04-02T06:35:11.714000+00:00,28.203,18.18,34.748,,291.0,False,81.131,"[None, 2048, 2049, 2048, 2048, 2049, 2049, 2048, 2048]","[2048, 2048, 2048, 2048, 2048]","[2048, 2048, 2048, 2048, 2049, 2048, 2048]",291.0
1143,7787,2,51,2023-04-02T06:35:13.183000+00:00,29.834,18.193,35.376,230.0,314.0,False,83.403,"[None, 2048, 2048, 2048, 2048, 2048, 2048, 2048, 2048]","[2048, 2048, 2048, 2048, 2048]","[2048, 2048, 2048, 2048, 2048, 2048, 2048, 2048]",325.0
1143,7787,11,52,2023-04-02T06:35:14.448000+00:00,28.441,18.013,34.401,277.0,300.0,False,80.855,"[None, 2048, 2048, 2048, 2048, 2048, 2048, 2048, 2048]","[2048, 2048, 2048, 2048, 2048]","[2048, 2049, 2048, 2049, 2048, 2051, 2049]",300.0
1143,7787,4,52,2023-04-02T06:35:20.667000+00:00,28.511,18.31,34.531,274.0,291.0,False,81.352,"[None, 2048, 2048, 2048, 2048, 2048, 2048, 2049, 2048]","[2048, 2048, 2048, 2048, 2048]","[2048, 2048, 2048, 2051, 2049, 2048, 2048, 2048]",288.0
1143,7787,27,52,2023-04-02T06:35:22.667000+00:00,29.191,18.263,35.139,271.0,289.0,False,82.593,"[None, 2048, 2048, 2048, 2048, 2048, 2048, 2048, 2048]","[2048, 2048, 2048, 2048, 2048]","[2048, 2048, 2048, 2048, 2048, 2048, 2048, 2048]",291.0
1143,7787,21,51,2023-04-02T06:35:25.198000+00:00,28.289,18.219,34.823,277.0,296.0,False,81.331,"[None, 2048, 2048, 2048, 2048, 2048, 2048, 2048, 2048]","[2048, 2048, 2049, 2048, 2048]","[2048, 2048, 2048, 2048, 2049, 2048, 2048, 2048]",292.0
1143,7787,31,52,2023-04-02T06:35:26.995000+00:00,28.646,18.018,34.772,273.0,295.0,False,81.436,"[None, 2048, 2048, 2048, 2048, 2048, 2048, 2048, 2048]","[2048, 2049, 2048, 2048, 2048]","[2048, 2048, 2048, 2048, 2048, 2048, 2048, 2048]",290.0
1143,7787,81,52,2023-04-02T06:35:39.073000+00:00,28.577,18.388,34.718,273.0,286.0,False,81.683,"[None, 2048, 2048, 2048, 2048, 2048, 2048, 2048, 2048]","[2049, 2049, 2048, 2048, 2048]","[2048, 2048, 2048, 2048, 2048, 2048, 2048, 2048]",289.0
1143,7787,20,52,2023-04-02T06:35:52.010000+00:00,28.475,18.273,34.937,,301.0,False,81.685,"[None, 2048, 2048, 2048, 2048, 2048, 2048, 2048, 2048]","[2048, 2049, 2048, 2048, 2048]","[2049, 2048, 2048, 2048, 2048, 2048, 2048, 2048]",291.0
1143,7787,24,52,2023-04-02T06:35:52.682000+00:00,28.692,18.199,35.159,272.0,306.0,False,82.05,"[None, 2048, 2048, 2048, 2048, 2048, 2048, 2048, 2048]","[2048, 2048, 2048, 2048, 2048]","[2048, 2048, 2048, 2048, 2048, 2048, 2048, 2048]",
1143,7787,22,52,2023-04-02T06:35:56.839000+00:00,28.553,18.331,34.905,275.0,292.0,False,81.789,"[None, 2048, 2049, 2048, 2048, 2048, 2049, 2048, 2048]","[2048, 2048, 2049, 2048, 2048]","[2049, 2048, 2048, 2049, 2049, 2048, 2048, 2048]",290.0
1143,7787,77,52,2023-04-02T06:36:08.557000+00:00,28.585,18.571,35.505,,290.0,False,82.661,"[None, 2048, 2048, 2048, 2048, 2048, 2048, 2048, 2048]","[2048, 2048, 2048, 2048, 2048]","[2048, 2048, 2048, 2048, 2048, 2048, 2048, 2048]",292.0
1143,7787,1,53,2023-04-02T06:36:14.026000+00:00,28.126,18.043,34.502,282.0,291.0,False,80.671,"[None, 2048, 2048, 2048, 2048, 2048, 2048, 2048, 2048]","[2048, 2048, 2049, 2048, 2048]","[2048, 2048, 2048, 2048, 2048, 2048, 2048, 2048]",298.0
1143,7787,44,53,2023-04-02T06:36:22.338000+00:00,28.01,18.172,34.47,276.0,290.0,False,80.652,"[None, 2048, 2048, 2048, 2048, 2049, 2048, 2048, 2048]","[2048, 2048, 2048, 2048, 2048]","[2048, 2048, 2048, 2048, 2048, 2049, 2049, 2048]",293.0
1143,7787,14,53,2023-04-02T06:36:23.963000+00:00,27.948,18.107,34.421,273.0,290.0,False,80.476,"[None, 2048, 2048, 2048, 2049, 2048, 2051, 2048, 2048]","[2048, 2048, 2049, 2048, 2048]","[2048, 2048, 2048, 2049, 2049, 2049, 2048, 2048]",292.0
1143,7787,55,53,2023-04-02T06:36:27.698000+00:00,27.985,18.061,34.421,275.0,297.0,False,80.467,"[None, 2048, 2048, 2048, 2048, 2049, 2049, 2049, 2048]","[2049, 2049, 2049, 2048, 2048]","[2048, 2049, 2048, 2049, 2049, 2051, 2048, 2048]",295.0
1143,7787,10,53,2023-04-02T06:36:30.932000+00:00,28.171,18.222,34.705,,291.0,False,81.098,"[None, 2048, 2049, 2048, 2048, 2049, 2049, 2048, 2048]","[2048, 2048, 2048, 2048, 2048]","[2048, 2049, 2048, 2049, 2049, 2049, 2048, 2048]",
1143,7787,18,53,2023-04-02T06:36:32.822000+00:00,28.114,18.101,34.742,281.0,295.0,False,80.957,"[None, 2048, 2049, 2048, 2048, 2048, 2048, 2049, 2049]","[2049, 2048, 2048, 2048, 2048]","[2048, 2048, 2048, 2048, 2049, 2048, 2048, 2048]",294.0
1143,7787,11,53,2023-04-02T06:36:35.291000+00:00,28.044,17.802,34.389,278.0,304.0,False,80.235,"[None, 2048, 2049, 2048, 2048, 2049, 2048, 2048, 2048]","[2051, 2051, 2048, 2048, 2048]","[2048, 2048, 2048, 2048, 2049, 2049, 2048, 2048]",297.0
1143,7787,2,52,2023-04-02T06:36:36.588000+00:00,28.321,17.964,35.229,281.0,310.0,False,81.514,"[None, 2048, 2048, 2049, 2048, 2048, 2049, 2048, 2048]","[2048, 2048, 2048, 2048, 2048]","[2048, 2048, 2048, 2048, 2048, 2048, 2048, 2048]",319.0
1143,7787,4,53,2023-04-02T06:36:42.135000+00:00,28.346,18.308,34.605,272.0,291.0,False,81.259,"[None, 2048, 2049, 2048, 2048, 2049, 2049, 2051, 2048]","[2048, 2048, 2048, 2048, 2048]","[2048, 2048, 2048, 2048, 2048, 2049, 2048, 2048]",286.0
1143,7787,27,53,2023-04-02T06:36:45.275000+00:00,28.548,18.126,35.052,272.0,296.0,False,81.726,"[None, 2048, 2048, 2048, 2048, 2048, 2048, 2048, 2048]","[2048, 2048, 2048, 2048, 2048]","[2049, 2048, 2048, 2048, 2048, 2048, 2048, 2048]",289.0
1143,7787,21,52,2023-04-02T06:36:46.510000+00:00,28.328,18.157,34.704,275.0,297.0,False,81.189,"[None, 2048, 2048, 2048, 2049, 2048, 2048, 2048, 2048]","[2048, 2048, 2049, 2048, 2048]","[2049, 2049, 2048, 2048, 2048, 2048, 2049, 2049]",291.0
1143,7787,31,53,2023-04-02T06:36:48.463000+00:00,28.418,18.076,34.844,,297.0,False,81.338,"[None, 2048, 2048, 2048, 2048, 2048, 2048, 2048, 2048]","[2048, 2048, 2048, 2048, 2048]","[2048, 2048, 2048, 2048, 2048, 2048, 2048, 2048]",291.0
1143,7787,81,53,2023-04-02T06:37:00.697000+00:00,28.297,18.364,34.674,276.0,292.0,False,81.335,"[None, 2048, 2049, 2048, 2048, 2049, 2048, 2048, 2048]","[2048, 2048, 2048, 2048, 2048]","[2049, 2048, 2048, 2048, 2051, 2048, 2048, 2048]",
1143,7787,20,53,2023-04-02T06:37:13.681000+00:00,,,,,,False,,"[None, 0, 0, 0, 0, 0, 0, 0, 0]",,,
1143,7787,24,53,2023-04-02T06:37:14.713000+00:00,29.97,18.695,38.101,271.0,279.0,False,86.766,"[None, 2048, 2048, 2048, 2048, 2048, 2048, 2048, 2048]","[2048, 2048, 2048, 2048, 2048]","[2048, 2048, 2048, 2049, 2049, 2049, 2048, 2048]",289.0
1143,7787,22,53,2023-04-02T06:37:18.634000+00:00,30.103,18.472,42.444,274.0,291.0,False,91.019,"[None, 2048, 2048, 2048, 2048, 2048, 2048, 2048, 2048]","[2048, 2048, 2048, 2048, 2048]","[2048, 2048, 2048, 2048, 2048, 2048, 2048]",292.0
1143,7787,77,53,2023-04-02T06:37:31.212000+00:00,30.054,18.872,61.717,266.0,283.0,False,110.643,"[None, 2048, 2048, 2048, 2048, 2048, 2048, 2048, 2048]","[2048, 2048, 2048, 2048, 2048]","[2048, 2048, 2048, 2048, 2048, 2048, 2064, 2064]",288.0
1143,7787,1,54,2023-04-02T06:37:34.744000+00:00,28.525,18.149,44.504,279.0,293.0,False,91.178,"[None, 2048, 2048, 2048, 2048, 2048, 2048, 2048, 2048]","[2048, 2048, 2048, 2048, 2048]","[2048, 2048, 2048, 2048, 2048, 2048, 2048, 2048]",286.0
1143,7787,44,54,2023-04-02T06:37:43.009000+00:00,28.55,18.286,48.767,275.0,292.0,False,95.603,"[None, 2048, 2049, 2048, 2048, 2048, 2048, 2048, 2048]","[2048, 2048, 2048, 2048, 2048]","[2048, 2048, 2048, 2048, 2048, 2048, 2048, 2048]",292.0
1143,7787,14,54,2023-04-02T06:37:44.431000+00:00,28.259,18.082,48.725,279.0,292.0,False,95.066,"[None, 2048, 2048, 2048, 2048, 2048, 2048, 2048, 2049]","[2048, 2048, 2048, 2048, 2048]","[2048, 2048, 2048, 2048, 2048, 2048, 2048, 2048]",289.0
1143,7787,55,54,2023-04-02T06:37:48.134000+00:00,28.502,18.249,51.463,274.0,244.0,False,98.214,"[None, 2048, 2049, 2048, 2048, 2048, 2048, 2048, 2048]","[2048, 2048, 2048, 2048, 2048]","[2048, 2048, 2048, 2048, 2048, 2048, 2048, 2048]",296.0
1143,7787,10,54,2023-04-02T06:37:51.993000+00:00,28.218,18.861,51.914,274.0,171.0,False,98.993,"[None, 2048, 2049, 2048, 2048, 2048, 2048, 2049, 2048]","[2049, 2048, 2048, 2048, 2048]","[2048, 2048, 2048, 2048, 2048, 2048, 2048, 2048]",289.0
1143,7787,18,54,2023-04-02T06:37:53.775000+00:00,28.313,23.743,47.119,278.0,151.0,False,99.175,"[None, 2048, 2049, 2048, 2048, 2049, 2048, 2049, 2048]","[2048, 2048, 2048, 2048, 2048]","[2048, 2048, 2048, 2048, 2048, 2048, 2048, 2048]",295.0
1143,7787,11,54,2023-04-02T06:37:55.587000+00:00,28.425,24.553,47.522,,163.0,False,100.5,"[None, 2048, 2048, 2048, 2048, 2048, 2048, 2048, 2048]","[2048, 2048, 2048, 2048, 2048]","[2048, 2048, 2048, 2048, 2048, 2048, 2048, 2048]",
1143,7787,2,53,2023-04-02T06:37:58.165000+00:00,28.717,24.754,47.71,277.0,256.0,False,101.181,"[None, 2048, 2048, 2048, 2048, 2048, 2048, 2048, 2048]","[2048, 2048, 2048, 2048, 2048]","[2048, 2048, 2048, 2048, 2048, 2048, 2048]",303.0
1143,7787,4,54,2023-04-02T06:38:03.431000+00:00,28.99,27.976,47.656,277.0,271.0,False,104.622,"[None, 2048, 2048, 2048, 2048, 2048, 2048, 2048, 2048]","[2048, 2048, 2048, 2048, 2048]","[2048, 2048, 2048, 2048, 2048, 2048, 2048, 2048]",284.0
1143,7787,27,54,2023-04-02T06:38:06.978000+00:00,28.82,26.546,49.182,192.0,249.0,False,104.548,"[None, 2048, 2048, 2048, 2048, 2048, 2048, 2048, 2048]","[2048, 2048, 2048, 2048, 2048]","[2048, 2048, 2048, 2048, 2048, 2048, 2048, 2048]",292.0
1143,7787,21,53,2023-04-02T06:38:07.759000+00:00,29.774,25.646,50.118,129.0,241.0,False,105.538,"[None, 2048, 2048, 2049, 2048, 2048, 2048, 2048, 2048]","[2048, 2048, 2048, 2048, 2048]","[2048, 2048, 2048, 2048, 2048, 2048, 2048]",307.0
1143,7787,31,54,2023-04-02T06:38:09.774000+00:00,35.272,25.447,45.61,132.0,251.0,False,106.329,"[None, 2048, 2048, 2048, 2048, 2048, 2048, 2048, 2048]","[2048, 2048, 2048, 2048, 2048]","[2048, 2048, 2048, 2048, 2048, 2048, 2048, 2048]",293.0
1143,7787,81,54,2023-04-02T06:38:22.040000+00:00,35.818,26.293,60.821,242.0,233.0,False,122.932,"[None, 2049, 2048, 2048, 2048, 2048, 2048, 2048, 2048]","[2048, 2048, 2048, 2048, 2048]","[2048, 2048, 2048, 2048, 2048, 2048, 2064, 2064]",290.0
1143,7787,24,54,2023-04-02T06:38:41.399000+00:00,50.503,19.701,60.253,247.0,268.0,False,130.457,"[None, 2048, 2048, 2048, 2048, 2048, 2048, 2048, 2048]","[2048, 2048, 2048, 2048, 2048]","[2048, 2048, 2048, 2048, 2048, 2048, 2064, 2064]",191.0
1143,7787,22,54,2023-04-02T06:38:49.571000+00:00,46.162,20.15,57.146,252.0,276.0,False,123.458,"[None, 2048, 2048, 2048, 2048, 2048, 2048, 2048, 2048]","[2048, 2048, 2048, 2048, 2048]","[2048, 2048, 2048, 2048, 2048, 2048, 2064, 2064]",152.0
1143,7787,1,55,2023-04-02T06:39:05.883000+00:00,42.201,41.976,84.323,133.0,111.0,False,168.5,"[None, 2048, 2048, 2048, 2048, 2048, 2048, 2048, 2048]","[2048, 2048, 2048, 2048, 2048]","[2048, 2048, 2048, 2048, 2048, 2048, 2064, 2064]",172.0
1143,7787,44,55,2023-04-02T06:39:18.602000+00:00,41.17,30.998,87.123,223.0,120.0,False,159.291,"[None, 2048, 2048, 2048, 2048, 2048, 2048, 2048, 2048]","[2048, 2048, 2048, 2048, 2048]","[2048, 2048, 2048, 2048, 2048, 2048, 2064, 2064]",233.0
1143,7787,14,55,2023-04-02T06:39:19.508000+00:00,41.774,32.313,,176.0,107.0,False,1013.873,"[None, 2048, 2048, 2048, 2048, 2048, 2048, 2048, 2048]","[2048, 2048, 2048, 2048, 2048]","[2048, 2048, 2048, 2048, 2048, 2048, 2064, 2064]",155.0
1143,7787,77,54,2023-04-02T06:39:21.742000+00:00,41.621,30.576,,240.0,100.0,True,395.214,"[2064, 2048, 2048, 2048, 2048, 2048, 2048, 2048, 2048]","[2048, 2048, 2048, 2048, 2048]","[2048, 2048, 2048, 2048, 2048, 2048, 2064, 2064]",230.0
1143,7787,55,55,2023-04-02T06:39:26.414000+00:00,41.29,28.462,,135.0,108.0,False,1010.212,"[None, 2048, 2048, 2048, 2048, 2048, 2048, 2048, 2048]","[2048, 2048, 2048, 2048, 2048]","[2048, 2048, 2048, 2048, 2048, 2048, 2064, 2064]",270.0
1143,7787,10,55,2023-04-02T06:39:30.992000+00:00,40.165,25.86,,225.0,136.0,False,1008.121,"[None, 2048, 2048, 2048, 2048, 2048, 2048, 2048, 2048]","[2048, 2048, 2048, 2048, 2048]","[2048, 2048, 2048, 2048, 2048, 2048, 2064, 2064]",277.0
1143,7787,18,55,2023-04-02T06:39:32.945000+00:00,41.852,24.773,,233.0,103.0,False,1009.361,"[None, 2048, 2048, 2048, 2048, 2048, 2048, 2048, 2048]","[2048, 2048, 2048, 2048, 2048]","[2048, 2048, 2048, 2048, 2048, 2048, 2064, 2064]",174.0
1143,7787,11,55,2023-04-02T06:39:36.008000+00:00,40.694,25.315,,237.0,150.0,False,1011.29,"[None, 2048, 2048, 2048, 2048, 2048, 2048, 2048, 2048]","[2048, 2048, 2048, 2048, 2048]","[2048, 2048, 2048, 2048, 2048, 2048, 2064, 2064]",163.0
1143,7787,2,54,2023-04-02T06:39:39.227000+00:00,39.654,25.089,,256.0,230.0,False,393.824,"[None, 2048, 2048, 2048, 2048, 2048, 2048, 2048, 2048]","[2048, 2048, 2048, 2048, 2048]","[2048, 2048, 2048, 2048, 2048, 2048, 2064, 2064]",258.0
1143,7787,4,55,2023-04-02T06:39:48.023000+00:00,39.352,25.311,,242.0,277.0,False,1007.053,"[None, 2048, 2048, 2048, 2048, 2048, 2048, 2048, 2048]","[2048, 2048, 2048, 2048, 2048]","[2048, 2048, 2048, 2048, 2048, 2048, 2064, 2064]",185.0
1143,7787,27,55,2023-04-02T06:39:51.492000+00:00,39.536,25.295,,235.0,254.0,False,1005.435,"[None, 2048, 2048, 2048, 2048, 2048, 2048, 2048, 2048]","[2048, 2048, 2048, 2048, 2048]","[2048, 2048, 2048, 2048, 2048, 2048, 2064, 2064]",160.0
1143,7787,21,54,2023-04-02T06:39:53.148000+00:00,39.176,25.203,,215.0,255.0,False,558.552,"[None, 2048, 2048, 2048, 2048, 2048, 2048, 2048, 2048]","[2048, 2048, 2048, 2048, 2048]","[2048, 2048, 2048, 2048, 2048, 2048, 2064, 2064]",140.0
1143,7787,31,55,2023-04-02T06:39:56.086000+00:00,40.018,25.314,,241.0,238.0,False,1004.646,"[None, 2048, 2048, 2048, 2048, 2048, 2048, 2048, 2048]","[2048, 2048, 2048, 2048, 2048]","[2048, 2048, 2048, 2048, 2048, 2048, 2064, 2064]",217.0
1143,7787,81,55,2023-04-02T06:40:24.945000+00:00,43.006,27.169,,230.0,247.0,True,978.431,"[2064, 2048, 2048, 2048, 2048, 2048, 2048, 2048, 2048]","[2048, 2048, 2048, 2048, 2048]","[2048, 2048, 2048, 2048, 2048, 2048, 2064, 2064]",225.0
1143,7787,24,55,2023-04-02T06:40:51.913000+00:00,43.389,25.407,,209.0,227.0,True,955.515,"[2064, 2048, 2048, 2048, 2048, 2048, 2048, 2048, 2048]","[2048, 2048, 2048, 2048, 2048]","[2048, 2048, 2048, 2048, 2048, 2048, 2064, 2064]",226.0
1143,7787,22,55,2023-04-02T06:40:53.101000+00:00,47.542,24.464,,175.0,275.0,True,958.961,"[2064, 2048, 2048, 2048, 2048, 2048, 2048, 2048, 2048]","[2048, 2048, 2048, 2048, 2048]","[2048, 2048, 2048, 2048, 2048, 2048, 2064, 2064]",226.0
1143,7787,1,56,2023-04-02T06:41:54.616000+00:00,,45.715,81.729,73.0,152.0,True,1048.831,"[2064, 2048, 2048, 2048, 2048, 2048, 2048, 2048, 2048]","[2048, 2048, 2048, 2048, 2048]","[2048, 2048, 2048, 2048, 2048, 2048, 2048, 2048]",124.0
1143,7787,44,56,2023-04-02T06:41:58.334000+00:00,,47.686,,90.0,141.0,True,1083.53,"[2064, 2048, 2048, 2048, 2048, 2048, 2048, 2048, 2048]","[2048, 2048, 2048, 2048, 2048]","[2048, 2048, 2048, 2048, 2048, 2048, 2048, 0]",128.0
1143,7787,77,55,2023-04-02T06:45:57.347000+00:00,,19.593,,263.0,285.0,True,658.233,"[None, 2048, 2048, 2048, 2048, 2048, 2048, 2048, 2048]","[2048, 2048, 2048, 2048, 2048]","[2048, 2048, 2048, 2048, 2048, 2048, 2064, 2064]",199.0
1143,7787,2,55,2023-04-02T06:46:13.378000+00:00,,19.457,,266.0,291.0,True,644.225,"[2064, 2048, 2048, 2048, 2048, 2048, 2048, 2048, 2048]","[2048, 2048, 2048, 2048, 2048]","[2048, 2048, 2048, 2048, 2048, 2048, 2064, 2064]",195.0
1143,7787,21,55,2023-04-02T06:49:12.080000+00:00,,19.937,,254.0,279.0,True,467.991,"[2064, 2048, 2048, 2048, 2048, 2048, 2048, 2048, 2048]","[2048, 2048, 2048, 2048, 2048]","[2048, 2048, 2048, 2048, 2048, 2048, 2064, 2064]",188.0
1143,7787,14,56,2023-04-02T06:56:13.340000+00:00,65.15,48.339,,68.0,151.0,True,228.511,"[2064, 2048, 2048, 2048, 2048, 2048, 2048, 2048, 2048]","[2048, 2048, 2048, 2048, 2048]","[2048, 2048, 2048, 2048, 2048, 2048, 2048, 0]",209.0
1143,7787,55,56,2023-04-02T06:56:16.575000+00:00,63.058,48.703,,62.0,128.0,True,225.796,"[2064, 2048, 2048, 2048, 2048, 2048, 2048, 2048, 2048]","[2048, 2048, 2048, 2048, 2048]","[2048, 2048, 2048, 2048, 2048, 2048, 2048, 0]",202.0
1143,7787,10,56,2023-04-02T06:56:19.137000+00:00,62.318,48.434,,61.0,157.0,True,223.365,"[2064, 2048, 2048, 2048, 2048, 2048, 2048, 2048, 2048]","[2048, 2048, 2048, 2048, 2048]","[2048, 2048, 2048, 2048, 2048, 2048, 2048, 0]",205.0
1143,7787,18,56,2023-04-02T06:56:22.340000+00:00,62.104,47.445,,49.0,136.0,True,220.526,"[2064, 2048, 2048, 2048, 2048, 2048, 2048, 2048, 2048]","[2048, 2048, 2048, 2048, 2048]","[2048, 2048, 2048, 2048, 2048, 2048, 2048]",203.0
1143,7787,11,56,2023-04-02T06:56:27.340000+00:00,58.38,49.353,,62.0,142.0,True,215.812,"[2064, 2048, 2048, 2048, 2048, 2048, 2048, 2048, 2048]","[2048, 2048, 2048, 2048, 2048]","[2048, 2048, 2048, 2048, 2048, 2048, 2048]",204.0
1143,7787,4,56,2023-04-02T06:56:35.090000+00:00,53.189,50.231,,47.0,93.0,True,208.399,"[2064, 2048, 2048, 2048, 2048, 2048, 2048, 2048, 2048]","[2048, 2048, 2048, 2048, 2048]","[2048, 2048, 2048, 2048, 2048, 2048, 2048]",215.0
1143,7787,27,56,2023-04-02T06:56:36.996000+00:00,52.428,49.821,,49.0,93.0,True,206.676,"[2064, 2048, 2048, 2048, 2048, 2048, 2048, 2048, 2048]","[2048, 2048, 2048, 2048, 2048]","[2048, 2048, 2048, 2048, 2048, 2048, 2048]",210.0
1143,7787,31,56,2023-04-02T06:56:40.793000+00:00,54.346,45.097,,38.0,109.0,True,203.112,"[2064, 2048, 2048, 2048, 2048, 2048, 2048, 2048, 2048]","[2048, 2048, 2048, 2048, 2048]","[2048, 2048, 2048, 2048, 2048, 2048, 2048]",214.0
1143,7787,81,56,2023-04-02T06:56:43.387000+00:00,53.423,44.425,,40.0,93.0,True,200.722,"[None, 2048, 2048, 2048, 2048, 2048, 2048, 2048, 2048]","[2048, 2048, 2048, 2048, 2048]","[2048, 2048, 2048, 2048, 2048, 2048, 2048]",204.0
1143,7787,24,56,2023-04-02T06:56:47.527000+00:00,51.007,44.181,,44.0,81.0,True,196.801,"[None, 2048, 2048, 2048, 2048, 2048, 2048, 2048, 2048]","[2048, 2048, 2048, 2048, 2048]","[2048, 2048, 2048, 2048, 2048, 2048, 2048]",180.0
1143,7787,22,56,2023-04-02T06:56:52.169000+00:00,52.121,41.487,98.548,46.0,130.0,True,192.156,"[None, 2048, 2048, 2048, 2048, 2048, 2048, 2048, 2048]","[2048, 2048, 2048, 2048, 2048]","[2048, 2048, 2048, 2048, 2048, 2048, 2048]",200.0
1143,7787,77,56,2023-04-02T06:56:55.387000+00:00,49.955,41.789,97.466,52.0,139.0,True,189.21,"[None, 2048, 2048, 2048, 2048, 2048, 2048, 2048, 2048]","[2048, 2048, 2048, 2048, 2048]","[2048, 2048, 2048, 2048, 2048, 2048, 2048]",213.0
1143,7787,2,56,2023-04-02T06:56:57.402000+00:00,48.935,41.733,96.994,47.0,121.0,True,187.662,"[None, 2048, 2048, 2048, 2048, 2048, 2048, 2048, 2048]","[2048, 2048, 2048, 2048, 2048]","[2048, 2048, 2048, 2048, 2048, 2048, 2048]",222.0
1143,7787,21,56,2023-04-02T06:56:59.746000+00:00,48.662,41.003,95.33,41.0,103.0,True,184.995,"[None, 2048, 2048, 2048, 2048, 2048, 2048, 2048, 2048]","[2048, 2048, 2048, 2048, 2048]","[2048, 2048, 2048, 2048, 2048, 2048, 2048]",215.0
1143,7787,1,57,2023-04-02T06:59:23.979000+00:00,76.86,36.187,66.578,121.0,171.0,False,179.625,"[2048, 2048, 2048, 2048, 2048, 2048, 2048, 2048, 2048]","[2048, 2048, 2048, 2048, 2048]","[2048, 2048, 2048, 2048, 2048, 2048, 2064, 2064]",247.0
1143,7787,44,57,2023-04-02T07:00:01.525000+00:00,42.74,32.453,69.247,144.0,158.0,False,144.44,"[2048, 2048, 2048, 2048, 2048, 2048, 2048, 2048, 2048]","[2048, 2048, 2048, 2048, 2048]","[2048, 2048, 2048, 2048, 2048, 2048, 2064, 2064]",245.0
1143,7787,14,57,2023-04-02T07:00:01.853000+00:00,55.327,31.956,,157.0,182.0,False,1987.549,"[2048, 2048, 2048, 2048, 2048, 2048, 2048, 2048, 2048]","[2048, 2048, 2048, 2048, 2048]","[2048, 2048, 2048, 2048, 2048, 2048, 2064, 2064]",245.0
1143,7787,55,57,2023-04-02T07:00:02.447000+00:00,44.202,30.937,,142.0,173.0,False,1989.664,"[2048, 2048, 2048, 2048, 2048, 2048, 2048, 2048, 2048]","[2048, 2048, 2048, 2048, 2048]","[2048, 2048, 2048, 2048, 2048, 2048, 2064, 2064]",253.0
1143,7787,10,57,2023-04-02T07:00:02.619000+00:00,,,,,,False,,"[2048, 0, 0, 0, 0, 0, 0, 0, 0]",,,248.0
1143,7787,18,57,2023-04-02T07:00:02.869000+00:00,56.172,31.512,,122.0,147.0,False,1990.614,"[2048, 2048, 2048, 2048, 2048, 0, 0, 2048, 2048]","[2048, 2048, 2048, 2048, 2048]","[2048, 2048, 2048, 2048, 2048, 2048, 2064, 2064]",249.0
1143,7787,11,57,2023-04-02T07:00:03.197000+00:00,53.041,31.647,,110.0,199.0,False,1994.312,"[2048, 2048, 2048, 2048, 2048, 2048, 2048, 2048, 2048]","[2048, 2048, 2048, 2048, 2048]","[2048, 2048, 2048, 2048, 2048, 2048, 2064, 2064]",252.0
1143,7787,4,57,2023-04-02T07:00:03.463000+00:00,48.113,30.548,,125.0,226.0,False,1996.711,"[2048, 2048, 2048, 2048, 2048, 2048, 2048, 2048, 2048]","[2048, 2048, 2048, 2048, 2048]","[2048, 2048, 2048, 2048, 2048, 2048, 2064, 2064]",253.0
1143,7787,27,57,2023-04-02T07:00:03.681000+00:00,44.319,30.694,,126.0,226.0,False,1998.718,"[2048, 2048, 2048, 2048, 2048, 2048, 2048, 2048, 2048]","[2048, 2048, 2048, 2048, 2048]","[2048, 2048, 2048, 2048, 2048, 2048, 2064, 2064]",254.0
1143,7787,31,57,2023-04-02T07:00:03.853000+00:00,,,,,,False,,"[2048, 0, 0, 0, 0, 0, 0, 0, 0]",,,262.0
1143,7787,81,57,2023-04-02T07:00:04.228000+00:00,48.869,31.272,,109.0,206.0,False,2000.574,"[2048, 2048, 2048, 2048, 2048, 2048, 2048, 2048, 2048]","[2048, 2048, 2048, 2048, 2048]","[2048, 2048, 2048, 2048, 2048, 2048, 2064, 2064]",263.0
1143,7787,22,57,2023-04-02T07:00:04.338000+00:00,45.605,31.41,,104.0,172.0,False,2002.289,"[2048, 2048, 2048, 2048, 2048, 2048, 2048, 2048, 2048]","[2048, 2048, 2048, 2048, 2048]","[2048, 2048, 2048, 2048, 2048, 2048, 2064, 2064]",269.0
1143,7787,24,57,2023-04-02T07:00:04.619000+00:00,49.827,31.478,,104.0,190.0,False,2001.493,"[2048, 2048, 2048, 2048, 2048, 2048, 2048, 2048, 2048]","[2048, 2048, 2048, 2048, 2048]","[2048, 2048, 2048, 2048, 2048, 2048, 2064, 2064]",261.0
1143,7787,77,57,2023-04-02T07:00:04.806000+00:00,50.384,31.658,,106.0,180.0,False,2004.625,"[2048, 2048, 2048, 2048, 2048, 2048, 2048, 2048, 2048]","[2048, 2048, 2048, 2048, 2048]","[2048, 2048, 2048, 2048, 2048, 2048, 2064, 2064]",256.0
1143,7787,21,57,2023-04-02T07:00:04.900000+00:00,,,,,,False,,"[2048, 0, 0, 0, 0, 0, 0, 0, 0]",,,247.0
1143,7787,2,57,2023-04-02T07:00:05.135000+00:00,,,,,,False,,"[2048, 0, 0, 0, 0, 0, 0, 0, 0]",,,248.0
1143,7787,1,58,2023-04-02T07:02:23.180000+00:00,,50.715,59.872,127.0,119.0,True,2014.652,"[2064, 2048, 2048, 2048, 2048, 2048, 2048, 2048, 2048]","[2048, 2048, 2048, 2048, 2048]","[2048, 2048, 2048, 2048, 2048, 2048, 2048, 2048]",81.0
1143,7787,44,58,2023-04-02T07:02:26.149000+00:00,,49.184,59.223,124.0,124.0,True,2011.748,"[2064, 2048, 2048, 2048, 2048, 2048, 2048, 2048, 2048]","[2048, 2048, 2048, 2048, 2048]","[2048, 2048, 2048, 2048, 2048, 2048, 2048, 2048]",78.0
1143,7787,16,1,2023-04-02T07:33:00.456000+00:00,,,,,,False,,"[2049, 2049, 2049, 2049, 2049, 2052, 0, 0, 0]","[2048, 2048, 2048, 2048, 2048]","[2048, 2048, 2048, 2048, 2048, 2048, 2048, 0]",243.0
1143,7787,14,58,2023-04-02T07:33:09.487000+00:00,61.003,48.96,58.821,104.0,167.0,True,168.784,"[2064, 2048, 2048, 2048, 2048, 2048, 2048, 2048, 2048]","[2048, 2048, 2048, 2048, 2048]","[2048, 2048, 2048, 2048, 2048, 2048, 2048, 2048]",106.0
1143,7787,55,58,2023-04-02T07:33:12.049000+00:00,59.062,49.471,58.483,120.0,144.0,True,167.016,"[2064, 2048, 2048, 2048, 2048, 2048, 2048, 2048, 2048]","[2048, 2048, 2048, 2048, 2048]","[2048, 2048, 2048, 2048, 2048, 2048, 2048, 2048]",122.0
1143,7787,18,58,2023-04-02T07:33:13.409000+00:00,58.399,49.348,59.317,110.0,143.0,True,167.064,"[2064, 2048, 2048, 2048, 2048, 2048, 2048, 2048, 2048]","[2048, 2048, 2048, 2048, 2048]","[2048, 2048, 2048, 2048, 2048, 2048, 2048, 2048]",131.0
1143,7787,11,58,2023-04-02T07:33:17.471000+00:00,55.297,49.282,58.746,118.0,137.0,True,163.325,"[2064, 2048, 2048, 2048, 2048, 2048, 2048, 2048, 2048]","[2048, 2048, 2048, 2048, 2048]","[2048, 2048, 2048, 2048, 2048, 2048, 2048, 2048]",168.0
1143,7787,4,58,2023-04-02T07:33:20.112000+00:00,53.703,50.182,57.116,116.0,93.0,True,161.001,"[2064, 2048, 2048, 2048, 2048, 2048, 2048, 2048, 2048]","[2048, 2048, 2048, 2048, 2048]","[2048, 2048, 2048, 2048, 2048, 2048, 2048, 2048]",211.0
1143,7787,27,58,2023-04-02T07:33:22.252000+00:00,52.096,50.403,57.554,141.0,92.0,True,160.053,"[2064, 2048, 2048, 2048, 2048, 2048, 2048, 2048, 2048]","[2048, 2048, 2048, 2048, 2048]","[2048, 2048, 2048, 2048, 2048, 2048, 2048, 2048]",205.0
1143,7787,81,58,2023-04-02T07:33:24.565000+00:00,50.827,50.176,57.123,116.0,90.0,True,158.126,"[2064, 2048, 2048, 2048, 2048, 2048, 2048, 2048, 2048]","[2048, 2048, 2048, 2048, 2048]","[2048, 2048, 2048, 2048, 2048, 2048, 2048]",190.0
1143,7787,24,58,2023-04-02T07:33:25.627000+00:00,50.262,50.247,56.893,121.0,108.0,True,157.402,"[2064, 2048, 2048, 2048, 2048, 2048, 2048, 2048, 2048]","[2048, 2048, 2048, 2048, 2048]","[2048, 2048, 2048, 2048, 2048, 2048, 2048]",191.0
1143,7787,22,58,2023-04-02T07:33:26.409000+00:00,49.925,50.541,56.505,124.0,100.0,True,156.971,"[2064, 2048, 2048, 2048, 2048, 2048, 2048, 2048, 2048]","[2048, 2048, 2048, 2048, 2048]","[2048, 2048, 2048, 2048, 2048, 2048, 2048]",184.0
1143,7787,77,58,2023-04-02T07:33:29.049000+00:00,48.39,50.379,56.046,117.0,118.0,True,154.815,"[2064, 2048, 2048, 2048, 2048, 2048, 2048, 2048, 2048]","[2048, 2048, 2048, 2048, 2048]","[2048, 2048, 2048, 2048, 2048, 2048, 2048, 2048]",200.0
1143,7787,1,59,2023-04-02T07:35:57.391000+00:00,,,,,,False,,"[2048, 2048, 2048, 2048, 2048, 2048, 2048, 2048, 2048]","[2048, 2048, 2048, 2048, 2048]",[2048],
1143,7787,44,59,2023-04-02T07:35:57.672000+00:00,,,,,,False,,"[2048, 2048, 2048, 2048, 2048, 2048, 2048, 2048, 2048]","[2048, 2048, 2048, 2048, 2048]",[2048],
1143,7787,14,59,2023-04-02T07:35:58.219000+00:00,,,,,,False,,"[2048, 2048, 2048, 2048, 2048, 2048, 2048, 2048, 2048]","[2048, 2048, 2048, 2048, 2048]",[2048],
