meeting_key,session_key,driver_number,lap_number,date_start,duration_sector_1,duration_sector_2,duration_sector_3,i1_speed,i2_speed,is_pit_out_lap,lap_duration,segments_sector_1,segments_sector_2,segments_sector_3,st_speed
1213,9118,20,1,,,32.914,29.567,293.0,222.0,False,,"[None, 2064, 2064, 2049, 2049, 2049]","[2049, 2049, 2049, 2049, 2049, 2049, 2049]","[2049, 2049, 2049, 2049, 2064, 2064, 2064]",298.0
1213,9118,21,1,,,33.378,41.507,301.0,218.0,False,,"[None, 2064, 2064, 2049, 2049, 2049]","[2051, 2049, 2049, 2049, 2049, 2049, 2049]","[2049, 2049, 2049, 2049, 2049, 2049, 0]",305.0
1213,9118,1,1,2023-07-02T13:02:48.210000+00:00,20.916,31.613,25.44,292.0,233.0,False,77.969,"[None, 2051, 2051, 2049, 2049, 2049]","[2049, 2049, 2049, 2049, 2049, 2049, 2051]","[2051, 2051, 2049, 2051, 2051, 2051, 2051]",297.0
1213,9118,16,1,2023-07-02T13:02:48.210000+00:00,21.11,32.024,26.554,301.0,227.0,False,79.688,"[None, 2049, 2049, 2049, 2049, 2049]","[2049, 2049, 2049, 2049, 2049, 2049, 2049]","[2049, 2049, 2049, 2049, 2049, 2049, 2049]",298.0
1213,9118,44,1,2023-07-02T13:02:48.210000+00:00,21.719,32.146,30.635,304.0,226.0,False,84.5,"[2048, 2049, 2049, 2049, 2049, 2049]","[2049, 2049, 2049, 2049, 2049, 2051, 2049]","[2049, 2049, 2049, 2049, 2049, 2049, 2048]",297.0
1213,9118,55,1,2023-07-02T13:02:48.210000+00:00,21.61,31.8,28.606,294.0,227.0,False,82.016,"[None, 2049, 2049, 2049, 2049, 2049]","[2049, 2051, 2049, 2049, 2051, 2049, 2049]","[2049, 2049, 2049, 2049, 2049, 2049, 2049]",295.0
1213,9118,18,1,2023-07-02T13:02:48.210000+00:00,23.326,32.602,35.806,296.0,224.0,False,91.734,"[2048, 2049, 2049, 2049, 2049, 2049]","[2049, 2049, 2049, 2049, 2049, 2049, 2049]","[2049, 2049, 2049, 2049, 2049, 2049, 2048]",298.0
1213,9118,4,1,2023-07-02T13:02:48.210000+00:00,22.484,32.015,32.173,291.0,228.0,False,86.672,"[None, 2049, 2049, 2049, 2049, 2049]","[2049, 2049, 2049, 2049, 2049, 2049, 2049]","[2049, 2049, 2049, 2049, 2049, 2049, 2049]",290.0
1213,9118,24,1,2023-07-02T13:02:48.210000+00:00,24.232,33.331,41.093,313.0,210.0,False,98.656,"[2049, 2049, 2049, 2049, 2049, 2051]","[2049, 2049, 2049, 2049, 2049, 2049, 2049]","[2049, 2049, 2049, 2049, 2049, 2049, 0]",292.0
1213,9118,14,1,2023-07-02T13:02:48.210000+00:00,22.515,32.541,33.46,297.0,224.0,False,88.516,"[2048, 2049, 2049, 2049, 2049, 2049]","[2049, 2049, 2049, 2049, 2049, 2049, 2049]","[2049, 2049, 2049, 2049, 2049, 2049, 2048]",289.0
1213,9118,2,1,2023-07-02T13:02:48.210000+00:00,24.245,33.876,42.926,277.0,220.0,False,101.047,"[2049, 2049, 2049, 2051, 2051, 2049]","[2049, 2049, 2049, 2049, 2049, 2049, 2049]","[2049, 2049, 2049, 2049, 2049, 2049, 0]",305.0
1213,9118,23,1,2023-07-02T13:02:48.210000+00:00,23.417,33.151,36.838,290.0,222.0,False,93.406,"[2048, 2049, 2049, 2049, 2049, 2049]","[2049, 2049, 2049, 2049, 2049, 2049, 2049]","[2049, 2049, 2049, 2049, 2049, 2049, 2049]",301.0
1213,9118,27,1,2023-07-02T13:02:48.210000+00:00,23.248,32.369,34.445,299.0,227.0,False,90.062,"[None, 2049, 2049, 2049, 2049, 2049]","[2049, 2049, 2049, 2049, 2049, 2049, 2049]","[2049, 2049, 2049, 2049, 2049, 2049, 2049]",298.0
1213,9118,10,1,2023-07-02T13:02:48.210000+00:00,23.398,32.778,36.464,307.0,222.0,False,92.64,"[None, 2049, 2049, 2049, 2049, 2049]","[2049, 2049, 2049, 2049, 2049, 2049, 2049]","[2049, 2049, 2049, 2049, 2049, 2049, 2048]",305.0
1213,9118,63,1,2023-07-02T13:02:48.210000+00:00,23.554,33.516,37.68,294.0,222.0,False,94.75,"[2048, 2049, 2049, 2049, 2049, 2049]","[2049, 2049, 2049, 2049, 2049, 2049, 2049]","[2049, 2049, 2051, 2049, 2049, 2049, 2049]",310.0
1213,9118,31,1,2023-07-02T13:02:48.210000+00:00,23.715,33.026,38.774,305.0,226.0,False,95.515,"[None, 2049, 2049, 2049, 2049, 2049]","[2049, 2049, 2049, 2049, 2049, 2049, 2049]","[2049, 2049, 2049, 2049, 2049, 2049, 2049]",306.0
1213,9118,81,1,2023-07-02T13:02:48.210000+00:00,23.97,33.737,42.528,308.0,217.0,False,100.235,"[None, 2049, 2049, 2049, 2049, 2049]","[2049, 2049, 2049, 2049, 2049, 2049, 2049]","[2049, 2049, 2049, 2049, 2049, 2049, 0]",305.0
1213,9118,77,1,2023-07-02T13:02:48.210000+00:00,24.505,33.721,44.055,296.0,219.0,False,102.281,"[None, 2049, 2049, 2049, 2049, 2049]","[2049, 2049, 2049, 2049, 2049, 2049, 2049]","[2049, 2049, 2049, 2049, 2049, 2049, 0]",301.0
1213,9118,11,1,2023-07-02T13:02:48.210000+00:00,23.875,33.539,40.086,309.0,220.0,False,97.5,"[None, 2049, 2049, 2049, 2049, 2049]","[2049, 2049, 2051, 2049, 2049, 2049, 2049]","[2049, 2049, 2049, 2049, 2049, 2049, 2049]",281.0
1213,9118,22,1,2023-07-02T13:02:48.210000+00:00,23.955,52.638,30.125,300.0,196.0,False,106.718,"[2048, 2049, 2049, 2049, 2049, 2049]","[2049, 2049, 2049, 2051, 0, 0, 0]","[2049, 2049, 2049, 2049, 2064, 2064, 2064]",311.0
1213,9118,1,2,2023-07-02T13:04:06.178000+00:00,31.698,46.293,37.488,176.0,184.0,False,115.479,"[2049, 2048, 2048, 2048, 2048, 2048]","[2048, 2048, 2048, 2048, 2048, 2048, 2048]","[2048, 2048, 2048, 2048, 2064, 2064, 2064]",195.0
1213,9118,16,2,2023-07-02T13:04:07.897000+00:00,31.837,45.87,37.761,228.0,175.0,False,115.468,"[2049, 2048, 2048, 2048, 2048, 2048]","[2048, 2048, 2048, 2048, 2048, 2048, 2048]","[2048, 2048, 2048, 2048, 2064, 2064, 2064]",214.0
1213,9118,55,2,2023-07-02T13:04:10.225000+00:00,31.477,45.046,38.19,239.0,139.0,False,114.713,"[2049, 2048, 2048, 2048, 2048, 2048]","[2048, 2048, 2048, 2048, 2048, 2048, 2048]","[2048, 2048, 2048, 2048, 2064, 2064, 2064]",210.0
1213,9118,44,2,2023-07-02T13:04:12.709000+00:00,30.786,44.523,39.87,238.0,88.0,False,115.179,"[2049, 2048, 2048, 2048, 2048, 2048]","[2048, 2048, 2048, 2048, 2048, 2048, 2048]","[2048, 2048, 2048, 2048, 2064, 2064, 2064]",158.0
1213,9118,4,2,2023-07-02T13:04:14.881000+00:00,31.058,42.876,41.004,264.0,109.0,False,114.938,"[2049, 2048, 2048, 2048, 2048, 2048]","[2048, 2048, 2048, 2048, 2048, 2048, 2048]","[2048, 2048, 2048, 2048, 2064, 2064, 2064]",234.0
1213,9118,14,2,2023-07-02T13:04:16.725000+00:00,31.084,42.472,42.209,252.0,117.0,False,115.765,"[2051, 2048, 2048, 2048, 2048, 2048]","[2048, 2048, 2048, 2048, 2048, 2048, 2048]","[2048, 2048, 2048, 2048, 2064, 2064, 2064]",232.0
1213,9118,27,2,2023-07-02T13:04:18.271000+00:00,31.064,41.803,42.739,236.0,131.0,False,115.606,"[2049, 2048, 2048, 2048, 2048, 2048]","[2048, 2048, 2048, 2048, 2048, 2048, 2048]","[2048, 2048, 2048, 2048, 2064, 2064, 2064]",266.0
1213,9118,20,2,2023-07-02T13:04:19.787000+00:00,43.749,43.733,47.938,266.0,187.0,True,135.42,"[None, 2064, 2064, 2048, 2048, 2048]","[2048, 2048, 2048, 2048, 2048, 2048, 2048]","[2048, 2048, 2049, 2048, 2064, 2064, 2064]",203.0
1213,9118,18,2,2023-07-02T13:04:19.943000+00:00,30.882,41.148,43.362,232.0,113.0,False,115.392,"[2049, 2048, 2048, 2048, 2048, 2048]","[2048, 2048, 2048, 2048, 2048, 2048, 2048]","[2048, 2048, 2048, 2048, 2064, 2064, 2064]",266.0
1213,9118,10,2,2023-07-02T13:04:20.849000+00:00,31.336,40.703,43.68,219.0,164.0,False,115.719,"[2049, 2048, 2048, 2048, 2048, 2048]","[2048, 2048, 2048, 2048, 2048, 2048, 2048]","[2048, 2048, 2048, 2048, 2064, 2064, 2064]",272.0
1213,9118,23,2,2023-07-02T13:04:21.615000+00:00,31.758,41.575,43.169,212.0,204.0,False,116.502,"[2049, 2048, 2048, 2048, 2048, 2048]","[2048, 2048, 2048, 2048, 2048, 2048, 2048]","[2048, 2048, 2048, 2048, 2064, 2064, 2064]",263.0
1213,9118,63,2,2023-07-02T13:04:22.959000+00:00,31.832,43.764,43.881,162.0,188.0,False,119.477,"[2049, 2048, 2048, 2048, 2048, 2048]","[2048, 2048, 2048, 2048, 2048, 2048, 2048]","[2048, 2048, 2048, 2048, 2064, 2064, 2064]",270.0
1213,9118,31,2,2023-07-02T13:04:23.724000+00:00,31.554,44.628,43.713,187.0,197.0,False,119.895,"[2049, 2048, 2048, 2048, 2048, 2048]","[2048, 2048, 2048, 2048, 2048, 2048, 2048]","[2048, 2048, 2048, 2048, 2064, 2064, 2064]",265.0
1213,9118,11,2,2023-07-02T13:04:25.709000+00:00,30.248,44.789,44.509,193.0,189.0,False,119.546,"[2049, 2048, 2048, 2048, 2048, 2048]","[2048, 2048, 2048, 2048, 2048, 2048, 2048]","[2048, 2048, 2048, 2048, 2064, 2064, 2064]",272.0
1213,9118,24,2,2023-07-02T13:04:26.865000+00:00,30.298,44.908,44.537,213.0,168.0,False,119.743,"[2048, 2048, 2048, 2048, 2048, 2048]","[2048, 2048, 2048, 2048, 2048, 2048, 2048]","[2048, 2048, 2048, 2048, 2064, 2064, 2064]",267.0
1213,9118,81,2,2023-07-02T13:04:28.444000+00:00,29.497,45.269,44.512,209.0,144.0,False,119.278,"[2049, 2048, 2048, 2048, 2048, 2048]","[2048, 2048, 2048, 2048, 2048, 2048, 2048]","[2048, 2048, 2048, 2049, 2064, 2064, 2064]",272.0
1213,9118,2,2,2023-07-02T13:04:29.256000+00:00,29.706,44.91,45.37,215.0,171.0,False,119.986,"[2048, 2048, 2048, 2048, 2048, 2048]","[2048, 2048, 2048, 2048, 2048, 2048, 2048]","[2048, 2048, 2048, 2048, 2064, 2064, 2064]",279.0
1213,9118,77,2,2023-07-02T13:04:30.490000+00:00,30.173,44.308,46.069,226.0,147.0,False,120.55,"[2049, 2048, 2048, 2048, 2048, 2048]","[2048, 2048, 2048, 2048, 2048, 2048, 2048]","[2048, 2048, 2048, 2048, 2064, 2064, 2064]",249.0
1213,9118,21,2,2023-07-02T13:04:32.162000+00:00,29.79,43.555,46.776,231.0,177.0,False,120.121,"[2049, 2049, 2049, 2048, 2048, 2048]","[2048, 2048, 2048, 2048, 2048, 2048, 2048]","[2048, 2048, 2049, 2048, 2064, 2064, 2064]",261.0
1213,9118,22,2,2023-07-02T13:04:34.927000+00:00,46.389,40.669,35.302,183.0,168.0,True,122.36,"[2064, 2064, 2064, 2048, 2048, 2048]","[2048, 2049, 2048, 2048, 2049, 2049, 2049]","[2048, 2048, 2048, 2048, 2064, 2064, 2064]",259.0
1213,9118,1,3,2023-07-02T13:06:01.676000+00:00,37.877,46.298,40.546,191.0,61.0,True,124.721,"[2064, 2064, 2064, 2048, 2048, 2048]","[2048, 2048, 2048, 2048, 2048, 2048, 2048]","[2048, 2048, 2048, 2048, 2051, 2051, 2051]",236.0
1213,9118,16,3,2023-07-02T13:06:03.363000+00:00,37.263,46.268,40.078,203.0,75.0,True,123.609,"[2064, 2064, 2064, 2048, 2048, 2048]","[2048, 2048, 2048, 2048, 2048, 2048, 2048]","[2048, 2048, 2048, 2048, 2048, 2049, 2051]",206.0
1213,9118,55,3,2023-07-02T13:06:04.910000+00:00,36.875,45.632,40.076,211.0,89.0,True,122.583,"[2064, 2064, 2064, 2048, 2048, 2048]","[2048, 2048, 2048, 2048, 2048, 2048, 2048]","[2048, 2048, 2048, 2048, 2048, 2049, 0]",194.0
1213,9118,44,3,2023-07-02T13:06:07.863000+00:00,35.46,45.092,39.583,204.0,80.0,True,120.135,"[2064, 2064, 2064, 2048, 2048, 2048]","[2048, 2048, 2048, 2048, 2048, 2048, 2048]","[2048, 2048, 2048, 2048, 2048, 2049, 0]",253.0
1213,9118,4,3,2023-07-02T13:06:09.879000+00:00,34.508,44.74,39.229,173.0,84.0,True,118.477,"[2064, 2064, 2064, 2048, 2048, 2048]","[2048, 2048, 2048, 2048, 2048, 2048, 2048]","[2048, 2048, 2048, 2048, 2048, 2049, 2049]",275.0
1213,9118,14,3,2023-07-02T13:06:12.488000+00:00,32.826,45.264,38.126,237.0,67.0,True,116.216,"[2064, 2064, 2064, 2048, 2048, 2048]","[2048, 2048, 2048, 2048, 2048, 2048, 2048]","[2048, 2048, 2048, 2048, 2048, 2049, 2049]",277.0
1213,9118,27,3,2023-07-02T13:06:13.832000+00:00,33.612,43.882,37.788,265.0,67.0,True,115.282,"[2064, 2064, 2064, 2048, 2048, 2048]","[2048, 2048, 2048, 2048, 2048, 2048, 2048]","[2048, 2048, 2048, 2048, 2049, 2049, 0]",262.0
1213,9118,18,3,2023-07-02T13:06:15.222000+00:00,33.098,43.734,37.311,199.0,79.0,True,114.143,"[2064, 2064, 2064, 2048, 2048, 2048]","[2048, 2048, 2048, 2048, 2048, 2048, 2048]","[2048, 2048, 2048, 2048, 2049, 2049, 2049]",277.0
1213,9118,10,3,2023-07-02T13:06:16.535000+00:00,32.589,43.576,36.919,269.0,74.0,True,113.084,"[2064, 2064, 2064, 2048, 2048, 2048]","[2048, 2048, 2048, 2048, 2048, 2048, 2048]","[2048, 2048, 2048, 2049, 2049, 2049, 0]",271.0
1213,9118,23,3,2023-07-02T13:06:18.160000+00:00,32.33,43.351,36.169,285.0,97.0,True,111.85,"[2064, 2064, 2064, 2048, 2048, 2048]","[2048, 2048, 2048, 2048, 2048, 2048, 2048]","[2048, 2048, 2048, 2048, 2049, 2049, 0]",275.0
1213,9118,63,3,2023-07-02T13:06:22.347000+00:00,31.514,41.84,34.671,285.0,100.0,True,108.025,"[2064, 2064, 2064, 2048, 2048, 2048]","[2049, 2048, 2048, 2048, 2048, 2048, 2048]","[2048, 2048, 2048, 2049, 2049, 2049, 0]",275.0
1213,9118,31,3,2023-07-02T13:06:23.550000+00:00,33.117,40.142,34.04,265.0,94.0,True,107.299,"[2064, 2064, 2064, 2048, 2048, 2048]","[2049, 2049, 2048, 2048, 2048, 2048, 2048]","[2048, 2048, 2048, 2049, 2049, 2049, 2049]",269.0
1213,9118,11,3,2023-07-02T13:06:25.332000+00:00,32.812,39.978,33.237,274.0,84.0,True,106.027,"[2064, 2064, 2064, 2048, 2048, 2048]","[2049, 2048, 2048, 2048, 2048, 2048, 2048]","[2048, 2048, 2048, 2049, 2049, 2049, 2049]",282.0
1213,9118,24,3,2023-07-02T13:06:26.675000+00:00,33.97,38.127,32.919,260.0,82.0,True,105.016,"[2064, 2064, 2064, 2048, 2048, 2048]","[2048, 2049, 2048, 2048, 2048, 2048, 2048]","[2048, 2048, 2048, 2049, 2049, 2049, 2049]",263.0
1213,9118,81,3,2023-07-02T13:06:27.566000+00:00,33.816,37.961,32.746,279.0,86.0,True,104.523,"[2064, 2064, 2064, 2048, 2048, 2048]","[2048, 2049, 2048, 2048, 2048, 2048, 2048]","[2048, 2048, 2048, 2049, 2049, 2049, 2049]",277.0
1213,9118,2,3,2023-07-02T13:06:29.082000+00:00,33.812,37.786,31.776,288.0,88.0,True,103.374,"[2064, 2064, 2064, 2048, 2048, 2048]","[2049, 2049, 2048, 2048, 2048, 2048, 2048]","[2048, 2048, 2048, 2049, 2049, 2049, 2049]",287.0
1213,9118,77,3,2023-07-02T13:06:31.160000+00:00,34.597,36.056,31.055,256.0,110.0,True,101.708,"[2064, 2064, 2064, 2048, 2048, 2048]","[2048, 2049, 2048, 2048, 2049, 2048, 2048]","[2048, 2048, 2049, 2049, 2049, 2049, 0]",263.0
1213,9118,21,3,2023-07-02T13:06:32.253000+00:00,34.313,35.778,30.895,246.0,105.0,True,100.986,"[2064, 2064, 2064, 2048, 2048, 2048]","[2048, 2049, 2048, 2048, 2048, 2048, 2048]","[2048, 2048, 2049, 2049, 2049, 2049, 2049]",286.0
1213,9118,20,3,2023-07-02T13:06:35.285000+00:00,41.057,33.422,23.928,271.0,223.0,True,98.407,"[None, 2064, 2064, 2048, 2048, 2048]","[2048, 2049, 2048, 2048, 2049, 2048, 2049]","[2048, 2048, 2049, 2049, 2049, 2049, 0]",276.0
1213,9118,22,3,2023-07-02T13:06:37.316000+00:00,33.45,34.018,28.847,274.0,139.0,True,96.315,"[None, 2064, 2064, 2048, 2048, 2048]","[2048, 2048, 2048, 2048, 2049, 2049, 2049]","[2048, 2048, 2049, 2049, 2049, 2049, 0]",281.0
1213,9118,1,4,2023-07-02T13:08:06.455000+00:00,17.618,30.97,21.103,293.0,230.0,False,69.691,"[2049, 2051, 2051, 2049, 2049, 2049]","[2049, 2051, 2049, 2049, 2051, 2048, 2048]","[2048, 2048, 2048, 2048, 2048, 2051]",297.0
1213,9118,16,4,2023-07-02T13:08:07.080000+00:00,17.612,31.29,21.49,293.0,229.0,False,70.392,"[2049, 2049, 2049, 2051, 2049, 2048]","[2048, 2049, 2048, 2048, 2049, 2049, 2049]","[2048, 2048, 2048, 2049, 2049, 2048]",298.0
1213,9118,55,4,2023-07-02T13:08:07.595000+00:00,17.712,31.355,21.372,293.0,225.0,False,70.439,"[2049, 2049, 2049, 2049, 2049, 2049]","[2049, 2049, 2048, 2048, 2049, 2048, 2049]","[2049, 2049, 2048, 2048, 2049, 2049, 2049]",298.0
1213,9118,44,4,2023-07-02T13:08:08.033000+00:00,17.735,31.768,21.478,299.0,225.0,False,70.981,"[2049, 2049, 2049, 2049, 2048, 2048]","[2049, 2049, 2048, 2048, 2049, 2048, 2049]","[2049, 2049, 2048, 2049, 2049, 2049]",292.0
1213,9118,4,4,2023-07-02T13:08:08.330000+00:00,17.775,32.112,21.542,302.0,226.0,False,71.429,"[2049, 2049, 2049, 2049, 2049, 2049]","[2048, 2049, 2048, 2048, 2048, 2048, 2048]","[2049, 2049, 2049, 2048, 2048, 2049]",287.0
1213,9118,14,4,2023-07-02T13:08:08.752000+00:00,17.903,32.263,21.726,293.0,224.0,False,71.892,"[2049, 2049, 2049, 2049, 2048, 2048]","[2049, 2049, 2049, 2049, 2048, 2048, 2048]","[2048, 2048, 2049, 2049, 2049, 2049, 2048]",291.0
1213,9118,27,4,2023-07-02T13:08:09.220000+00:00,17.983,32.18,21.898,295.0,223.0,False,72.061,"[2049, 2049, 2049, 2049, 2049, 2049]","[2049, 2048, 2049, 2048, 2049, 2049, 2048]","[2048, 2048, 2049, 2049, 2049, 2049]",296.0
1213,9118,18,4,2023-07-02T13:08:09.533000+00:00,18.022,32.039,22.022,298.0,224.0,False,72.083,"[2049, 2049, 2049, 2049, 2049, 2049]","[2048, 2049, 2049, 2049, 2049, 2049, 2049]","[2048, 2048, 2049, 2049, 2049, 2049, 2049]",301.0
1213,9118,10,4,2023-07-02T13:08:09.783000+00:00,17.901,32.222,22.13,306.0,221.0,False,72.253,"[2049, 2049, 2049, 2049, 2049, 2048]","[2049, 2049, 2049, 2049, 2049, 2048, 2049]","[2048, 2048, 2049, 2049, 2049, 2048, 2048]",302.0
1213,9118,23,4,2023-07-02T13:08:10.033000+00:00,17.937,32.326,22.028,299.0,220.0,False,72.291,"[2049, 2049, 2049, 2049, 2049, 2049]","[2049, 2049, 2049, 2048, 2049, 2049, 2049]","[2049, 2049, 2048, 2049, 2049, 2049]",301.0
1213,9118,63,4,2023-07-02T13:08:10.533000+00:00,17.981,32.46,21.859,296.0,223.0,False,72.3,"[2049, 2049, 2049, 2049, 2048, 2048]","[2049, 2049, 2048, 2048, 2049, 2049, 2049]","[2049, 2048, 2048, 2049, 2048, 2049, 2049]",294.0
1213,9118,31,4,2023-07-02T13:08:10.955000+00:00,18.05,32.377,21.972,295.0,226.0,False,72.399,"[2049, 2049, 2049, 2049, 2049, 2048]","[2049, 2048, 2048, 2048, 2049, 2048, 2049]","[2049, 2049, 2049, 2049, 2049, 2049]",301.0
1213,9118,11,4,2023-07-02T13:08:11.673000+00:00,17.812,32.606,21.958,307.0,223.0,False,72.376,"[2049, 2049, 2049, 2049, 2049, 2049]","[2049, 2049, 2048, 2049, 2049, 2049, 2049]","[2049, 2049, 2048, 2049, 2048, 2049]",309.0
1213,9118,24,4,2023-07-02T13:08:11.783000+00:00,17.904,32.512,21.997,302.0,223.0,False,72.413,"[2049, 2049, 2049, 2049, 2048, 2048]","[2049, 2049, 2048, 2049, 2049, 2049, 2049]","[2049, 2048, 2049, 2049, 2049, 2048, 2048]",303.0
1213,9118,81,4,2023-07-02T13:08:12.267000+00:00,18.045,32.351,21.98,300.0,225.0,False,72.376,"[2049, 2049, 2049, 2049, 2049, 2048]","[2049, 2049, 2048, 2048, 2049, 2048, 2049]","[2049, 2049, 2049, 2049, 2048, 2049]",298.0
1213,9118,2,4,2023-07-02T13:08:12.564000+00:00,18.054,32.537,21.879,304.0,226.0,False,72.47,"[2049, 2049, 2049, 2048, 2048, 2048]","[2049, 2049, 2049, 2048, 2049, 2049, 2049]","[2049, 2049, 2049, 2049, 2048, 2049, 2049]",305.0
1213,9118,77,4,2023-07-02T13:08:12.955000+00:00,17.996,33.256,22.014,304.0,221.0,False,73.266,"[2049, 2049, 2049, 2049, 2049, 2048]","[2049, 2048, 2048, 2048, 2048, 2048, 2049]","[2049, 2048, 2049, 2049, 2049, 2048]",304.0
1213,9118,21,4,2023-07-02T13:08:13.580000+00:00,17.903,33.157,22.176,304.0,218.0,False,73.236,"[2049, 2049, 2049, 2049, 2049, 2049]","[2048, 2048, 2048, 2048, 2048, 2048, 2049]","[2048, 2049, 2049, 2049, 2049, 2049, 2049]",308.0
1213,9118,22,4,2023-07-02T13:08:13.580000+00:00,17.762,32.395,22.027,309.0,216.0,False,72.184,"[2051, 2049, 2049, 2049, 2048, 2049]","[2049, 2049, 2048, 2048, 2048, 2049, 2049]","[2049, 2049, 2049, 2049, 2049, 2049]",313.0
1213,9118,20,4,2023-07-02T13:08:13.798000+00:00,18.261,33.244,22.29,301.0,228.0,False,73.795,"[2049, 2049, 2049, 2049, 2049, 2049]","[2048, 2049, 2049, 2049, 2048, 2048, 2048]","[2048, 2049, 2049, 2048, 2048, 2048]",307.0
1213,9118,1,5,2023-07-02T13:09:16.079000+00:00,17.716,31.158,21.152,285.0,230.0,False,70.026,"[2048, 2048, 2051, 2049, 2049, 2048]","[2049, 2048, 2048, 2048, 2048, 2048, 2048]","[2048, 2048, 2048, 2048, 2048, 2048, 2049]",289.0
1213,9118,16,5,2023-07-02T13:09:17.407000+00:00,17.613,31.406,21.397,,226.0,False,70.416,"[2048, 2051, 2049, 2048, 2048, 2048]","[2049, 2048, 2048, 2048, 2048, 2048, 2048]","[2049, 2048, 2048, 2049, 2048, 2048, 2048]",292.0
1213,9118,55,5,2023-07-02T13:09:18.313000+00:00,17.599,31.457,21.353,,226.0,False,70.409,"[2048, 2049, 2049, 2049, 2049, 2049]","[2049, 2049, 2048, 2049, 2048, 2048, 2048]","[2048, 2048, 2049, 2049, 2049, 2048]",298.0
1213,9118,44,5,2023-07-02T13:09:19.063000+00:00,17.741,31.681,21.284,294.0,224.0,False,70.706,"[2048, 2048, 2049, 2049, 2048, 2048]","[2048, 2049, 2048, 2048, 2048, 2048, 2049]","[2049, 2048, 2048, 2049, 2049, 2049, 2049]",288.0
1213,9118,4,5,2023-07-02T13:09:19.750000+00:00,17.739,31.736,21.438,293.0,226.0,False,70.913,"[2048, 2049, 2049, 2048, 2048, 2048]","[2048, 2049, 2048, 2049, 2049, 2049, 2049]","[2048, 2048, 2049, 2049, 2049, 2049, 2048]",294.0
1213,9118,14,5,2023-07-02T13:09:20.657000+00:00,17.762,31.793,21.504,295.0,225.0,False,71.059,"[2048, 2049, 2049, 2048, 2048, 2048]","[2048, 2049, 2048, 2049, 2049, 2049, 2049]","[2049, 2048, 2049, 2048, 2049, 2049]",292.0
1213,9118,27,5,2023-07-02T13:09:21.469000+00:00,17.692,32.078,21.846,294.0,225.0,False,71.616,"[2048, 2049, 2049, 2049, 2049, 2049]","[2048, 2049, 2048, 2049, 2048, 2049, 2049]","[2049, 2048, 2049, 2049, 2048, 2049, 2048]",298.0
1213,9118,18,5,2023-07-02T13:09:21.594000+00:00,17.903,32.009,21.773,292.0,219.0,False,71.685,"[None, 2049, 2049, 2049, 2048, 2048]","[2048, 2049, 2048, 2048, 2049, 2048, 2049]","[2049, 2048, 2048, 2049, 2049, 2049]",284.0
1213,9118,10,5,2023-07-02T13:09:22.078000+00:00,17.85,32.113,21.873,302.0,222.0,False,71.836,"[2048, 2049, 2049, 2048, 2048, 2048]","[2048, 2048, 2048, 2048, 2049, 2048, 2049]","[2049, 2048, 2049, 2049, 2049, 2049, 2048]",295.0
1213,9118,23,5,2023-07-02T13:09:22.313000+00:00,17.788,32.452,21.907,308.0,220.0,False,72.147,"[2048, 2049, 2049, 2048, 2048, 2049]","[2049, 2048, 2048, 2048, 2048, 2048, 2049]","[2049, 2048, 2048, 2049, 2048, 2049, 2049]",293.0
1213,9118,63,5,2023-07-02T13:09:22.797000+00:00,17.911,32.325,21.863,294.0,225.0,False,72.099,"[2048, 2049, 2049, 2048, 2049, 2048]","[2048, 2048, 2048, 2048, 2049, 2049, 2049]","[2048, 2048, 2048, 2049, 2048, 2048]",293.0
1213,9118,31,5,2023-07-02T13:09:23.313000+00:00,17.962,32.722,21.953,289.0,226.0,False,72.637,"[2048, 2049, 2049, 2049, 2049, 2048]","[2049, 2048, 2048, 2048, 2048, 2048, 2048]","[2048, 2049, 2048, 2049, 2049, 2048, 2048]",291.0
1213,9118,11,5,2023-07-02T13:09:23.735000+00:00,17.748,32.107,21.702,,221.0,False,71.557,"[2048, 2049, 2049, 2048, 2048, 2049]","[2049, 2049, 2048, 2048, 2049, 2048, 2049]","[2049, 2048, 2049, 2049, 2049, 2049, 2049]",298.0
1213,9118,24,5,2023-07-02T13:09:24.125000+00:00,17.892,32.44,21.915,296.0,223.0,False,72.247,"[2048, 2048, 2049, 2049, 2048, 2048]","[2049, 2049, 2048, 2048, 2048, 2048, 2049]","[2049, 2048, 2048, 2048, 2049, 2048]",296.0
1213,9118,81,5,2023-07-02T13:09:24.641000+00:00,18.002,32.568,22.039,301.0,221.0,False,72.609,"[None, 2049, 2048, 2048, 2048, 2048]","[2048, 2049, 2048, 2048, 2048, 2048, 2048]","[2048, 2048, 2048, 2049, 2048, 2049]",287.0
1213,9118,2,5,2023-07-02T13:09:25.016000+00:00,17.855,32.769,22.106,298.0,220.0,False,72.73,"[None, 2049, 2049, 2049, 2048, 2048]","[2048, 2048, 2048, 2048, 2049, 2048, 2048]","[2048, 2048, 2048, 2048, 2048, 2049]",293.0
1213,9118,22,5,2023-07-02T13:09:25.875000+00:00,17.885,32.503,22.13,295.0,222.0,False,72.518,"[2048, 2049, 2049, 2048, 2048, 2048]","[2048, 2048, 2048, 2048, 2048, 2049, 2049]","[2048, 2048, 2048, 2048, 2049, 2049, 2048]",294.0
1213,9118,77,5,2023-07-02T13:09:26.157000+00:00,17.775,32.812,22.086,,219.0,False,72.673,"[None, 2048, 2049, 2049, 2049, 2049]","[2049, 2049, 2048, 2049, 2048, 2048, 2049]","[2049, 2048, 2048, 2048, 2048, 2048]",303.0
1213,9118,21,5,2023-07-02T13:09:26.594000+00:00,17.899,32.489,22.313,294.0,218.0,False,72.701,"[2048, 2048, 2049, 2048, 2048, 2048]","[2048, 2049, 2049, 2048, 2049, 2049, 2048]","[2048, 2048, 2048, 2049, 2048, 2048, 2048]",299.0
1213,9118,20,5,2023-07-02T13:09:27.531000+00:00,17.934,32.294,22.169,289.0,222.0,False,72.397,"[2048, 2048, 2049, 2048, 2048, 2048]","[2048, 2049, 2048, 2048, 2048, 2049, 2048]","[2048, 2049, 2048, 2048, 2049, 2048]",296.0
1213,9118,1,6,2023-07-02T13:10:26.140000+00:00,17.681,31.308,21.167,286.0,231.0,False,70.156,"[None, 2048, 2051, 2048, 2048, 2048]","[2048, 2048, 2048, 2048, 2048, 2048, 2048]","[2048, 2048, 2049, 2048, 2048, 2048]",288.0
1213,9118,16,6,2023-07-02T13:10:27.843000+00:00,17.699,31.318,21.411,288.0,225.0,False,70.428,"[None, 2048, 2048, 2048, 2048, 2048]","[2048, 2048, 2048, 2048, 2048, 2048, 2048]","[2048, 2048, 2048, 2049, 2049, 2048]",292.0
1213,9118,55,6,2023-07-02T13:10:28.421000+00:00,17.467,31.491,21.441,304.0,225.0,False,70.399,"[None, 2048, 2048, 2051, 2049, 2049]","[2049, 2048, 2048, 2049, 2048, 2048, 2048]","[2048, 2048, 2048, 2048, 2048, 2048]",305.0
1213,9118,44,6,2023-07-02T13:10:29.734000+00:00,17.706,31.637,21.403,293.0,220.0,False,70.746,"[None, 2048, 2049, 2049, 2048, 2048]","[2049, 2048, 2048, 2048, 2049, 2048, 2048]","[2048, 2048, 2048, 2048, 2049, 2048]",290.0
1213,9118,4,6,2023-07-02T13:10:30.640000+00:00,17.521,31.607,21.54,310.0,226.0,False,70.668,"[None, 2048, 2048, 2049, 2049, 2049]","[2048, 2048, 2048, 2049, 2049, 2048, 2048]","[2048, 2048, 2048, 2048, 2049, 2048, 2049]",308.0
1213,9118,14,6,2023-07-02T13:10:31.718000+00:00,17.817,31.943,21.616,293.0,220.0,False,71.376,"[None, 2048, 2048, 2048, 2049, 2049]","[2048, 2048, 2048, 2049, 2049, 2048, 2048]","[2048, 2048, 2048, 2048, 2048, 2048]",290.0
1213,9118,27,6,2023-07-02T13:10:32.905000+00:00,17.747,31.672,21.738,303.0,222.0,False,71.157,"[None, 2048, 2048, 2048, 2048, 2049]","[2049, 2049, 2049, 2049, 2049, 2049, 2048]","[2049, 2048, 2048, 2049, 2049, 2048, 2049]",308.0
1213,9118,18,6,2023-07-02T13:10:33.280000+00:00,17.705,31.827,21.755,311.0,223.0,False,71.287,"[2048, 2048, 2048, 2049, 2049, 2049]","[2048, 2048, 2049, 2049, 2048, 2048, 2048]","[2049, 2048, 2048, 2048, 2048, 2048, 2049]",309.0
1213,9118,10,6,2023-07-02T13:10:33.858000+00:00,17.744,31.782,21.687,300.0,224.0,False,71.213,"[None, 2049, 2048, 2049, 2049, 2048]","[2048, 2049, 2048, 2049, 2049, 2048, 2048]","[2049, 2048, 2048, 2049, 2049, 2049, 2049]",307.0
1213,9118,23,6,2023-07-02T13:10:34.437000+00:00,17.576,31.902,21.83,320.0,225.0,False,71.308,"[None, 2049, 2048, 2049, 2049, 2049]","[2049, 2049, 2049, 2049, 2049, 2048, 2048]","[2049, 2048, 2048, 2049, 2048, 2048]",309.0
1213,9118,63,6,2023-07-02T13:10:34.921000+00:00,17.594,31.953,21.836,320.0,224.0,False,71.383,"[2049, 2049, 2048, 2049, 2049, 2049]","[2049, 2049, 2049, 2049, 2049, 2048, 2048]","[2049, 2048, 2048, 2048, 2048, 2049, 2049]",316.0
1213,9118,11,6,2023-07-02T13:10:35.280000+00:00,17.508,32.073,21.879,328.0,221.0,False,71.46,"[2049, 2049, 2048, 2049, 2049, 2051]","[2048, 2049, 2048, 2051, 2048, 2048, 2048]","[2048, 2048, 2048, 2048, 2048, 2048, 2049]",321.0
1213,9118,31,6,2023-07-02T13:10:35.937000+00:00,17.609,32.009,21.852,308.0,224.0,False,71.47,"[None, 2049, 2049, 2049, 2049, 2049]","[2049, 2048, 2049, 2049, 2049, 2048, 2048]","[2049, 2049, 2048, 2048, 2048, 2049]",301.0
1213,9118,24,6,2023-07-02T13:10:36.421000+00:00,17.556,32.164,21.835,319.0,223.0,False,71.555,"[None, 2048, 2048, 2049, 2049, 2049]","[2049, 2048, 2048, 2049, 2049, 2048, 2048]","[2049, 2048, 2048, 2049, 2048, 2048]",312.0
1213,9118,81,6,2023-07-02T13:10:37.280000+00:00,17.628,32.031,21.907,319.0,223.0,False,71.566,"[2048, 2049, 2049, 2049, 2049, 2049]","[2049, 2049, 2048, 2049, 2049, 2048, 2049]","[2049, 2048, 2048, 2049, 2048, 2048, 2049]",309.0
1213,9118,2,6,2023-07-02T13:10:37.749000+00:00,17.392,32.503,21.991,325.0,222.0,False,71.886,"[None, 2049, 2049, 2049, 2051, 2049]","[2049, 2049, 2048, 2049, 2049, 2048, 2048]","[2048, 2048, 2048, 2048, 2048, 2049]",313.0
1213,9118,22,6,2023-07-02T13:10:38.358000+00:00,17.59,32.314,22.036,314.0,221.0,False,71.94,"[None, 2049, 2048, 2048, 2049, 2049]","[2049, 2049, 2048, 2048, 2048, 2048, 2048]","[2049, 2048, 2048, 2049, 2048, 2048, 2049]",311.0
1213,9118,77,6,2023-07-02T13:10:38.796000+00:00,17.485,32.417,22.162,320.0,217.0,False,72.064,"[2048, 2049, 2048, 2049, 2049, 2049]","[2049, 2049, 2048, 2049, 2049, 2048, 2048]","[2048, 2048, 2048, 2048, 2048, 2048, 2049]",315.0
1213,9118,21,6,2023-07-02T13:10:39.311000+00:00,17.56,32.169,22.311,318.0,217.0,False,72.04,"[None, 2049, 2049, 2049, 2049, 2049]","[2048, 2049, 2049, 2049, 2049, 2048, 2048]","[2048, 2048, 2048, 2048, 2048, 2048, 2049]",316.0
1213,9118,20,6,2023-07-02T13:10:39.921000+00:00,17.592,32.156,22.316,314.0,222.0,False,72.064,"[None, 2048, 2048, 2049, 2049, 2049]","[2048, 2048, 2048, 2049, 2048, 2049, 2048]","[2048, 2048, 2048, 2048, 2048, 2048, 2048]",310.0
1213,9118,1,7,2023-07-02T13:11:36.311000+00:00,17.733,31.265,21.17,288.0,228.0,False,70.168,"[None, 2048, 2048, 2048, 2048, 2049]","[2048, 2048, 2048, 2048, 2048, 2048, 2048]","[2048, 2048, 2049, 2048, 2048, 2048]",291.0
1213,9118,16,7,2023-07-02T13:11:38.545000+00:00,17.697,31.326,21.282,289.0,225.0,False,70.305,"[None, 2048, 2048, 2048, 2048, 2048]","[2048, 2048, 2048, 2048, 2049, 2048, 2048]","[2049, 2048, 2048, 2049, 2049, 2048, 2048]",293.0
1213,9118,55,7,2023-07-02T13:11:38.795000+00:00,17.332,31.609,21.417,308.0,226.0,False,70.358,"[2049, 2049, 2048, 2048, 2049, 2049]","[2048, 2048, 2049, 2049, 2048, 2048, 2048]","[2048, 2048, 2048, 2049, 2049, 2048]",306.0
1213,9118,44,7,2023-07-02T13:11:40.498000+00:00,17.609,31.617,21.371,297.0,224.0,False,70.597,"[2049, 2049, 2049, 2048, 2048, 2048]","[2049, 2048, 2048, 2048, 2049, 2048, 2048]","[2048, 2048, 2048, 2048, 2049, 2048, 2048]",290.0
1213,9118,4,7,2023-07-02T13:11:41.342000+00:00,17.4,31.716,21.525,311.0,223.0,False,70.641,"[2049, 2048, 2048, 2048, 2049, 2049]","[2048, 2048, 2048, 2048, 2048, 2048, 2048]","[2048, 2048, 2048, 2048, 2049, 2049, 2049]",303.0
1213,9118,14,7,2023-07-02T13:11:43.076000+00:00,17.655,31.705,21.462,297.0,225.0,False,70.822,"[2049, 2049, 2048, 2048, 2048, 2049]","[2048, 2049, 2048, 2049, 2048, 2048, 2049]","[2049, 2048, 2048, 2049, 2048, 2048, 2049]",293.0
1213,9118,27,7,2023-07-02T13:11:44.013000+00:00,17.307,31.986,21.773,311.0,221.0,False,71.066,"[2049, 2051, 2048, 2049, 2049, 2049]","[2048, 2048, 2049, 2049, 2048, 2048, 2048]","[2049, 2048, 2048, 2049, 2049, 2048]",309.0
1213,9118,18,7,2023-07-02T13:11:44.592000+00:00,17.424,31.886,21.68,309.0,219.0,False,70.99,"[2049, 2049, 2049, 2049, 2049, 2049]","[2048, 2048, 2048, 2048, 2048, 2048, 2049]","[2049, 2048, 2048, 2048, 2049, 2049, 2049]",300.0
1213,9118,10,7,2023-07-02T13:11:45.060000+00:00,17.458,31.91,21.724,308.0,222.0,False,71.092,"[2049, 2049, 2048, 2048, 2049, 2049]","[2049, 2048, 2048, 2049, 2048, 2048, 2048]","[2049, 2048, 2048, 2049, 2048, 2049, 2049]",307.0
1213,9118,23,7,2023-07-02T13:11:46.060000+00:00,17.261,31.974,21.838,,223.0,False,71.073,"[2049, 2049, 2049, 2049, 2049, 2049]","[2048, 2048, 2048, 2049, 2048, 2048, 2049]","[2049, 2048, 2049, 2048, 2049, 2048, 2049]",312.0
1213,9118,63,7,2023-07-02T13:11:46.326000+00:00,17.357,31.949,21.898,316.0,220.0,False,71.204,"[None, 2049, 2049, 2048, 2048, 2048]","[2049, 2048, 2048, 2048, 2048, 2048, 2049]","[2049, 2048, 2048, 2048, 2048, 2048, 2048]",314.0
1213,9118,11,7,2023-07-02T13:11:46.763000+00:00,17.256,32.052,21.861,326.0,219.0,False,71.169,"[2051, 2049, 2048, 2048, 2048, 2051]","[2048, 2048, 2051, 2051, 2048, 2048, 2048]","[2048, 2048, 2048, 2049, 2049, 2048]",324.0
1213,9118,31,7,2023-07-02T13:11:47.466000+00:00,17.479,31.9,21.718,307.0,227.0,False,71.097,"[2049, 2049, 2048, 2048, 2048, 2048]","[2048, 2048, 2049, 2048, 2049, 2048, 2049]","[2049, 2049, 2048, 2049, 2048, 2049, 2049]",299.0
1213,9118,24,7,2023-07-02T13:11:47.967000+00:00,17.42,31.982,21.759,317.0,222.0,False,71.161,"[2049, 2049, 2048, 2048, 2048, 2048]","[2048, 2049, 2048, 2049, 2049, 2048, 2048]","[2049, 2048, 2048, 2049, 2048, 2048, 2048]",312.0
1213,9118,81,7,2023-07-02T13:11:48.779000+00:00,17.457,31.876,21.723,318.0,224.0,False,71.056,"[2049, 2049, 2048, 2048, 2049, 2049]","[2048, 2049, 2048, 2049, 2049, 2048, 2049]","[2049, 2048, 2048, 2049, 2049, 2049, 2049]",308.0
1213,9118,2,7,2023-07-02T13:11:49.623000+00:00,17.223,32.157,21.831,320.0,224.0,False,71.211,"[None, 2049, 2049, 2048, 2048, 2048]","[2049, 2049, 2048, 2049, 2048, 2048, 2048]","[2048, 2048, 2048, 2049, 2048, 2049, 2048]",314.0
1213,9118,22,7,2023-07-02T13:11:50.310000+00:00,17.454,32.076,22.009,313.0,218.0,False,71.539,"[2049, 2049, 2048, 2048, 2048, 2048]","[2048, 2049, 2048, 2048, 2049, 2048, 2048]","[2049, 2048, 2048, 2049, 2048, 2048, 2048]",308.0
1213,9118,77,7,2023-07-02T13:11:50.951000+00:00,17.292,32.189,22.074,316.0,222.0,False,71.555,"[2049, 2049, 2048, 2048, 2048, 2048]","[2049, 2049, 2048, 2048, 2049, 2048, 2049]","[2049, 2049, 2048, 2048, 2048, 2048, 2048]",312.0
1213,9118,21,7,2023-07-02T13:11:51.357000+00:00,17.48,32.058,22.058,316.0,219.0,False,71.596,"[2049, 2049, 2048, 2048, 2048, 2048]","[2048, 2049, 2049, 2048, 2049, 2048, 2049]","[2049, 2048, 2048, 2049, 2049, 2048]",315.0
1213,9118,20,7,2023-07-02T13:11:52.029000+00:00,17.355,32.225,22.118,317.0,220.0,False,71.698,"[2049, 2049, 2048, 2048, 2048, 2049]","[2048, 2048, 2048, 2049, 2049, 2048, 2048]","[2048, 2048, 2048, 2048, 2048, 2048, 2048]",312.0
1213,9118,1,8,2023-07-02T13:12:46.481000+00:00,17.679,31.137,21.151,290.0,229.0,False,69.967,"[None, 2048, 2048, 2048, 2049, 2049]","[2048, 2048, 2048, 2048, 2048, 2048, 2048]","[2048, 2048, 2049, 2048, 2048, 2048, 2049]",292.0
1213,9118,16,8,2023-07-02T13:12:48.590000+00:00,17.674,31.305,21.437,290.0,225.0,False,70.416,"[None, 2048, 2048, 2048, 2048, 2048]","[2049, 2048, 2048, 2048, 2049, 2048, 2048]","[2048, 2048, 2048, 2048, 2048, 2048]",293.0
1213,9118,55,8,2023-07-02T13:12:49.137000+00:00,17.327,31.636,21.468,306.0,225.0,False,70.431,"[None, 2049, 2048, 2048, 2049, 2048]","[2048, 2048, 2048, 2048, 2048, 2048, 2048]","[2048, 2048, 2048, 2048, 2049, 2048, 2048]",306.0
1213,9118,44,8,2023-07-02T13:12:51.059000+00:00,17.675,31.565,21.339,296.0,224.0,False,70.579,"[2048, 2048, 2048, 2049, 2048, 2048]","[2048, 2048, 2048, 2048, 2048, 2048, 2048]","[2048, 2048, 2048, 2048, 2048, 2048, 2048]",288.0
1213,9118,4,8,2023-07-02T13:12:51.965000+00:00,17.321,31.766,21.401,316.0,224.0,False,70.488,"[2048, 2049, 2048, 2048, 2049, 2049]","[2048, 2048, 2048, 2049, 2048, 2048, 2048]","[2048, 2048, 2048, 2048, 2049, 2048]",307.0
1213,9118,14,8,2023-07-02T13:12:54.137000+00:00,17.812,31.927,21.489,296.0,222.0,False,71.228,"[2048, 2048, 2048, 2048, 2048, 2048]","[2048, 2048, 2048, 2048, 2048, 2048, 2048]","[2048, 2048, 2048, 2048, 2049, 2048, 2048]",291.0
1213,9118,27,8,2023-07-02T13:12:55.106000+00:00,17.754,32.719,21.74,301.0,219.0,False,72.213,"[2048, 2048, 2048, 2048, 2048, 2048]","[2049, 2048, 2049, 2049, 2048, 2048, 2048]","[2049, 2048, 2048, 2048, 2048, 2048]",312.0
1213,9118,18,8,2023-07-02T13:12:55.575000+00:00,17.472,31.902,21.504,318.0,223.0,False,70.878,"[None, 2048, 2048, 2048, 2049, 2049]","[2051, 2048, 2048, 2048, 2048, 2048, 2049]","[2049, 2048, 2048, 2049, 2049, 2049, 2048]",309.0
1213,9118,10,8,2023-07-02T13:12:56.278000+00:00,17.409,32.307,21.922,309.0,223.0,False,71.638,"[2048, 2048, 2049, 2048, 2049, 2049]","[2049, 2048, 2048, 2049, 2048, 2048, 2048]","[2048, 2048, 2048, 2048, 2048, 2048]",314.0
1213,9118,23,8,2023-07-02T13:12:56.809000+00:00,17.319,32.185,21.911,316.0,221.0,False,71.415,"[2048, 2048, 2048, 2048, 2049, 2048]","[2048, 2048, 2048, 2049, 2048, 2048, 2048]","[2048, 2048, 2048, 2048, 2048, 2048, 2049]",310.0
1213,9118,63,8,2023-07-02T13:12:57.528000+00:00,17.397,32.033,21.885,,222.0,False,71.315,"[2048, 2048, 2049, 2048, 2048, 2048]","[2049, 2049, 2048, 2048, 2048, 2048, 2048]","[2048, 2048, 2048, 2049, 2048, 2048]",309.0
1213,9118,11,8,2023-07-02T13:12:57.903000+00:00,17.284,32.161,21.814,328.0,220.0,False,71.259,"[2048, 2049, 2048, 2049, 2049, 2048]","[2048, 2048, 2048, 2048, 2048, 2048, 2048]","[2048, 2048, 2049, 2048, 2048, 2048]",303.0
1213,9118,31,8,2023-07-02T13:12:58.543000+00:00,17.456,32.125,21.86,308.0,225.0,False,71.441,"[None, 2048, 2048, 2048, 2048, 2049]","[2048, 2048, 2048, 2049, 2048, 2048, 2048]","[2048, 2048, 2048, 2049, 2048, 2048, 2048]",301.0
1213,9118,24,8,2023-07-02T13:12:59.075000+00:00,17.442,32.053,25.351,316.0,225.0,False,74.846,"[2048, 2048, 2048, 2048, 2048, 2048]","[2048, 2048, 2048, 2049, 2048, 2048, 2048]","[2048, 2048, 2048, 2048, 2064, 2064, 2064]",312.0
1213,9118,81,8,2023-07-02T13:12:59.840000+00:00,17.458,32.04,21.973,317.0,224.0,False,71.471,"[None, 2049, 2048, 2048, 2049, 2049]","[2048, 2048, 2048, 2048, 2048, 2048, 2049]","[2048, 2048, 2048, 2048, 2048, 2048]",305.0
1213,9118,2,8,2023-07-02T13:13:00.840000+00:00,17.709,32.149,21.809,308.0,224.0,False,71.667,"[2048, 2049, 2048, 2048, 2048, 2048]","[2049, 2048, 2048, 2048, 2049, 2049, 2049]","[2049, 2048, 2048, 2048, 2049, 2049]",301.0
1213,9118,22,8,2023-07-02T13:13:01.856000+00:00,17.495,31.882,22.157,312.0,219.0,False,71.534,"[2048, 2048, 2048, 2048, 2048, 2048]","[2048, 2049, 2048, 2049, 2048, 2049, 2049]","[2048, 2048, 2048, 2048, 2048, 2048]",311.0
1213,9118,77,8,2023-07-02T13:13:02.450000+00:00,17.457,32.381,21.972,312.0,220.0,False,71.81,"[2048, 2048, 2048, 2048, 2048, 2048]","[2049, 2048, 2048, 2048, 2049, 2048, 2048]","[2049, 2048, 2048, 2049, 2049, 2048, 2048]",309.0
1213,9118,21,8,2023-07-02T13:13:02.981000+00:00,17.405,32.42,22.04,315.0,218.0,False,71.865,"[2048, 2048, 2048, 2048, 2049, 2048]","[2048, 2048, 2049, 2049, 2048, 2048, 2048]","[2048, 2048, 2048, 2049, 2049, 2048]",315.0
1213,9118,20,8,2023-07-02T13:13:03.715000+00:00,17.46,32.207,22.099,313.0,221.0,False,71.766,"[2048, 2049, 2048, 2048, 2048, 2048]","[2048, 2048, 2048, 2049, 2048, 2048, 2048]","[2048, 2048, 2048, 2048, 2048, 2048, 2048]",314.0
1213,9118,1,9,2023-07-02T13:13:56.464000+00:00,17.59,31.216,21.183,293.0,230.0,False,69.989,"[None, 2048, 2048, 2048, 2049, 2049]","[2049, 2048, 2048, 2048, 2048, 2048, 2048]","[2048, 2048, 2049, 2048, 2048, 2048, 2048]",291.0
1213,9118,16,9,2023-07-02T13:13:58.964000+00:00,17.648,31.24,21.419,291.0,228.0,False,70.307,"[None, 2048, 2048, 2048, 2048, 2048]","[2049, 2048, 2048, 2048, 2049, 2049, 2048]","[2048, 2048, 2048, 2048, 2048, 2048, 2048]",293.0
1213,9118,55,9,2023-07-02T13:13:59.574000+00:00,17.332,31.5,21.456,308.0,225.0,False,70.288,"[2048, 2048, 2048, 2048, 2049, 2049]","[2048, 2048, 2048, 2048, 2048, 2048, 2048]","[2048, 2048, 2048, 2049, 2048, 2048, 2049]",307.0
1213,9118,44,9,2023-07-02T13:14:01.667000+00:00,17.659,31.54,21.399,297.0,224.0,False,70.598,"[None, 2048, 2048, 2048, 2048, 2048]","[2048, 2048, 2048, 2048, 2049, 2048, 2048]","[2048, 2048, 2048, 2048, 2048, 2048, 2048]",289.0
1213,9118,4,9,2023-07-02T13:14:02.511000+00:00,17.338,31.7,21.655,,224.0,False,70.693,"[2049, 2048, 2048, 2048, 2049, 2049]","[2048, 2048, 2048, 2048, 2048, 2049, 2048]","[2048, 2048, 2049, 2048, 2048, 2048]",309.0
1213,9118,14,9,2023-07-02T13:14:05.136000+00:00,17.776,31.532,21.579,297.0,225.0,False,70.887,"[None, 2048, 2048, 2049, 2048, 2048]","[2048, 2048, 2048, 2049, 2049, 2049, 2049]","[2048, 2048, 2049, 2048, 2048, 2048, 2048]",294.0
1213,9118,18,9,2023-07-02T13:14:06.355000+00:00,17.821,31.712,21.57,295.0,221.0,False,71.103,"[2048, 2048, 2049, 2048, 2048, 2048]","[2048, 2048, 2048, 2048, 2048, 2048, 2049]","[2048, 2048, 2048, 2049, 2049, 2049, 2048]",289.0
1213,9118,27,9,2023-07-02T13:14:07.339000+00:00,17.437,32.154,21.657,312.0,222.0,False,71.248,"[None, 2048, 2048, 2048, 2049, 2049]","[2048, 2048, 2048, 2048, 2048, 2048, 2048]","[2049, 2048, 2048, 2048, 2048, 2048, 2049]",309.0
1213,9118,10,9,2023-07-02T13:14:07.792000+00:00,17.364,32.065,21.861,312.0,226.0,False,71.29,"[2049, 2049, 2048, 2048, 2049, 2049]","[2049, 2048, 2048, 2048, 2048, 2048, 2048]","[2048, 2048, 2048, 2048, 2048, 2048, 2048]",309.0
1213,9118,23,9,2023-07-02T13:14:08.261000+00:00,17.254,32.393,21.952,317.0,217.0,False,71.599,"[2049, 2049, 2048, 2048, 2049, 2049]","[2048, 2048, 2048, 2049, 2048, 2048, 2048]","[2048, 2048, 2048, 2048, 2048, 2049, 2051]",311.0
1213,9118,63,9,2023-07-02T13:14:08.792000+00:00,17.398,32.144,22.054,,222.0,False,71.596,"[2049, 2048, 2048, 2048, 2048, 2048]","[2048, 2048, 2049, 2048, 2048, 2048, 2048]","[2048, 2048, 2048, 2048, 2048, 2048, 2049]",315.0
1213,9118,11,9,2023-07-02T13:14:09.167000+00:00,17.208,32.362,21.99,330.0,219.0,False,71.56,"[2051, 2048, 2048, 2051, 2051, 2051]","[2048, 2048, 2051, 2048, 2048, 2048, 2048]","[2048, 2048, 2048, 2048, 2048, 2048]",315.0
1213,9118,31,9,2023-07-02T13:14:09.933000+00:00,17.411,32.036,22.009,,228.0,False,71.456,"[2048, 2049, 2048, 2048, 2049, 2049]","[2048, 2048, 2049, 2049, 2048, 2048, 2049]","[2048, 2048, 2048, 2048, 2048, 2048]",303.0
1213,9118,81,9,2023-07-02T13:14:11.245000+00:00,17.759,31.816,21.711,296.0,224.0,False,71.286,"[2048, 2048, 2048, 2048, 2048, 2048]","[2048, 2049, 2048, 2048, 2049, 2048, 2049]","[2049, 2048, 2048, 2049, 2049, 2049, 2048]",292.0
1213,9118,2,9,2023-07-02T13:14:12.433000+00:00,17.627,32.048,21.89,307.0,227.0,False,71.565,"[None, 2048, 2048, 2048, 2048, 2048]","[2048, 2049, 2048, 2048, 2048, 2048, 2049]","[2048, 2048, 2048, 2048, 2049, 2048]",300.0
1213,9118,22,9,2023-07-02T13:14:13.276000+00:00,17.594,32.009,22.122,310.0,219.0,False,71.725,"[None, 2048, 2048, 2048, 2048, 2048]","[2048, 2048, 2048, 2048, 2048, 2048, 2048]","[2048, 2048, 2048, 2048, 2048, 2049]",309.0
1213,9118,24,9,2023-07-02T13:14:13.917000+00:00,37.929,31.703,21.175,289.0,227.0,True,90.807,"[2064, 2064, 2064, 2048, 2048, 2048]","[2048, 2049, 2048, 2048, 2049, 2049, 2049]","[2051, 2049, 2048, 2049, 2049, 2049, 2048]",289.0
1213,9118,77,9,2023-07-02T13:14:14.245000+00:00,17.484,32.119,21.953,313.0,222.0,False,71.556,"[None, 2048, 2048, 2048, 2048, 2048]","[2048, 2049, 2048, 2048, 2049, 2049, 2048]","[2049, 2048, 2049, 2048, 2048, 2048]",311.0
1213,9118,21,9,2023-07-02T13:14:14.854000+00:00,17.419,32.119,22.208,313.0,216.0,False,71.746,"[None, 2048, 2048, 2049, 2049, 2048]","[2048, 2049, 2048, 2048, 2049, 2049, 2048]","[2048, 2048, 2048, 2048, 2048, 2048, 2048]",313.0
1213,9118,20,9,2023-07-02T13:14:15.511000+00:00,17.369,32.126,22.077,320.0,225.0,False,71.572,"[2049, 2048, 2048, 2048, 2048, 2049]","[2048, 2048, 2048, 2048, 2048, 2049, 2048]","[2048, 2048, 2049, 2049, 2048, 2048]",316.0
1213,9118,1,10,2023-07-02T13:15:06.447000+00:00,17.605,31.174,21.077,291.0,228.0,False,69.856,"[2049, 2048, 2048, 2049, 2049, 2048]","[2049, 2048, 2048, 2048, 2048, 2048, 2048]","[2048, 2048, 2048, 2048, 2048, 2051, 2049]",290.0
1213,9118,16,10,2023-07-02T13:15:09.291000+00:00,17.667,31.317,21.365,290.0,227.0,False,70.349,"[None, 2048, 2048, 2048, 2048, 2048]","[2048, 2048, 2048, 2048, 2048, 2048, 2049]","[2048, 2048, 2048, 2048, 2048, 2048]",291.0
1213,9118,55,10,2023-07-02T13:15:10.229000+00:00,17.334,31.737,21.499,,226.0,False,70.57,"[2049, 2048, 2048, 2048, 2048, 2049]","[2048, 2048, 2048, 2048, 2048, 2048, 2048]","[2048, 2048, 2048, 2048, 2048, 2048, 2048]",305.0
1213,9118,44,10,2023-07-02T13:15:12.275000+00:00,17.677,31.737,21.487,296.0,224.0,False,70.901,"[None, 2048, 2048, 2048, 2048, 2048]","[2048, 2048, 2048, 2048, 2048, 2048, 2048]","[2048, 2048, 2048, 2048, 2048, 2048]",287.0
1213,9118,4,10,2023-07-02T13:15:13.150000+00:00,17.321,31.765,21.606,317.0,225.0,False,70.692,"[None, 2048, 2048, 2048, 2049, 2049]","[2048, 2048, 2048, 2048, 2048, 2049, 2048]","[2048, 2048, 2048, 2048, 2049, 2048]",307.0
1213,9118,14,10,2023-07-02T13:15:15.994000+00:00,17.763,31.627,21.576,296.0,225.0,False,70.966,"[None, 2048, 2048, 2048, 2049, 2048]","[2049, 2048, 2048, 2048, 2048, 2048, 2049]","[2048, 2048, 2048, 2048, 2048, 2048]",292.0
1213,9118,18,10,2023-07-02T13:15:17.525000+00:00,17.809,31.657,21.571,296.0,223.0,False,71.037,"[None, 2048, 2049, 2048, 2048, 2048]","[2048, 2048, 2048, 2048, 2049, 2048, 2049]","[2048, 2048, 2048, 2049, 2048, 2048, 2048]",292.0
1213,9118,27,10,2023-07-02T13:15:18.603000+00:00,17.45,32.006,21.798,310.0,222.0,False,71.254,"[2049, 2048, 2048, 2048, 2049, 2048]","[2048, 2048, 2048, 2048, 2048, 2049, 2048]","[2048, 2048, 2048, 2048, 2048, 2048, 2048]",310.0
1213,9118,10,10,2023-07-02T13:15:19.088000+00:00,17.424,31.92,21.811,310.0,225.0,False,71.155,"[2048, 2048, 2048, 2048, 2049, 2048]","[2049, 2048, 2048, 2048, 2048, 2048, 2049]","[2048, 2048, 2048, 2048, 2049, 2049]",305.0
1213,9118,23,10,2023-07-02T13:15:19.853000+00:00,17.398,32.032,21.892,312.0,222.0,False,71.322,"[2048, 2048, 2048, 2048, 2048, 2048]","[2048, 2048, 2048, 2048, 2049, 2048, 2049]","[2048, 2048, 2048, 2048, 2049, 2048]",307.0
1213,9118,63,10,2023-07-02T13:15:20.431000+00:00,17.417,32.691,21.928,318.0,218.0,False,72.036,"[None, 2048, 2048, 2048, 2048, 2048]","[2049, 2048, 2048, 2048, 2048, 2048, 2048]","[2048, 2048, 2048, 2048, 2048, 2048, 2048]",301.0
1213,9118,11,10,2023-07-02T13:15:20.728000+00:00,17.292,32.06,21.648,,225.0,False,71.0,"[2048, 2048, 2048, 2048, 2048, 2048]","[2049, 2048, 2048, 2048, 2048, 2048, 2049]","[2048, 2048, 2048, 2048, 2049, 2049]",316.0
1213,9118,31,10,2023-07-02T13:15:21.431000+00:00,17.444,32.17,22.04,,224.0,False,71.654,"[None, 2048, 2048, 2048, 2049, 2049]","[2048, 2048, 2049, 2049, 2048, 2048, 2048]","[2048, 2048, 2048, 2048, 2048, 2048]",305.0
1213,9118,81,10,2023-07-02T13:15:22.572000+00:00,17.845,31.94,21.688,302.0,224.0,False,71.473,"[None, 2048, 2048, 2048, 2048, 2048]","[2049, 2048, 2048, 2048, 2048, 2049, 2048]","[2048, 2048, 2048, 2049, 2049, 2048, 2048]",297.0
1213,9118,2,10,2023-07-02T13:15:24.416000+00:00,17.714,32.158,21.867,304.0,225.0,False,71.739,"[None, 2048, 2048, 2048, 2048, 2048]","[2048, 2048, 2048, 2048, 2048, 2048, 2049]","[2048, 2048, 2048, 2048, 2048, 2048, 2048]",299.0
1213,9118,22,10,2023-07-02T13:15:25.103000+00:00,17.465,32.176,22.211,311.0,220.0,False,71.852,"[None, 2048, 2048, 2048, 2048, 2048]","[2048, 2048, 2048, 2048, 2048, 2048, 2048]","[2048, 2048, 2048, 2048, 2048, 2048, 2048]",310.0
1213,9118,77,10,2023-07-02T13:15:25.713000+00:00,17.42,32.061,22.242,312.0,222.0,False,71.723,"[None, 2048, 2048, 2048, 2048, 2048]","[2048, 2048, 2048, 2048, 2049, 2048, 2049]","[2048, 2048, 2048, 2048, 2048, 2048, 2048]",310.0
1213,9118,21,10,2023-07-02T13:15:26.494000+00:00,17.478,32.052,22.236,312.0,220.0,False,71.766,"[None, 2048, 2048, 2048, 2048, 2048]","[2048, 2048, 2048, 2048, 2049, 2048, 2049]","[2048, 2048, 2048, 2048, 2048, 2048, 2048]",311.0
1213,9118,20,10,2023-07-02T13:15:26.978000+00:00,17.371,32.245,22.196,,222.0,False,71.812,"[None, 2048, 2048, 2048, 2049, 2049]","[2048, 2048, 2048, 2048, 2048, 2048, 2048]","[2048, 2048, 2048, 2048, 2049, 2048, 2048]",314.0
1213,9118,24,10,2023-07-02T13:15:44.744000+00:00,17.817,31.326,21.305,294.0,228.0,False,70.448,"[2048, 2048, 2049, 2048, 2048, 2048]","[2048, 2049, 2048, 2048, 2049, 2048, 2048]","[2048, 2049, 2048, 2048, 2048, 2048, 2048]",293.0
1213,9118,1,11,2023-07-02T13:16:16.618000+00:00,17.643,31.272,21.136,293.0,228.0,False,70.051,"[None, 2048, 2048, 2048, 2048, 2049]","[2048, 2048, 2048, 2048, 2048, 2048, 2048]","[2048, 2048, 2048, 2048, 2048, 2048, 2048]",293.0
1213,9118,16,11,2023-07-02T13:16:19.665000+00:00,17.656,31.386,21.389,291.0,228.0,False,70.431,"[None, 2051, 2048, 2048, 2048, 2048]","[2048, 2048, 2048, 2048, 2049, 2048, 2048]","[2049, 2048, 2048, 2048, 2048, 2048, 2048]",292.0
1213,9118,55,11,2023-07-02T13:16:20.446000+00:00,17.384,31.477,21.534,,228.0,False,70.395,"[2048, 2048, 2048, 2048, 2048, 2048]","[2048, 2048, 2048, 2048, 2048, 2048, 2048]","[2048, 2048, 2048, 2048, 2048, 2048]",306.0
1213,9118,44,11,2023-07-02T13:16:23.134000+00:00,17.704,31.521,21.632,298.0,224.0,False,70.857,"[None, 2048, 2048, 2048, 2048, 2048]","[2048, 2048, 2048, 2048, 2049, 2048, 2048]","[2048, 2048, 2048, 2048, 2048, 2048, 2048]",289.0
1213,9118,4,11,2023-07-02T13:16:23.899000+00:00,17.442,31.949,21.583,312.0,224.0,False,70.974,"[2048, 2048, 2048, 2048, 2048, 2048]","[2048, 2048, 2048, 2049, 2048, 2048, 2048]","[2048, 2048, 2048, 2048, 2049, 2048, 2048]",308.0
1213,9118,14,11,2023-07-02T13:16:26.993000+00:00,17.84,31.581,21.62,297.0,225.0,False,71.041,"[None, 2048, 2048, 2048, 2048, 2048]","[2048, 2049, 2048, 2048, 2048, 2048, 2048]","[2048, 2048, 2048, 2048, 2048, 2048]",293.0
1213,9118,18,11,2023-07-02T13:16:28.571000+00:00,17.823,31.607,21.598,300.0,224.0,False,71.028,"[None, 2048, 2048, 2048, 2048, 2048]","[2048, 2048, 2048, 2048, 2049, 2048, 2049]","[2048, 2048, 2048, 2048, 2048, 2048]",292.0
1213,9118,27,11,2023-07-02T13:16:29.790000+00:00,17.919,32.432,25.233,295.0,227.0,False,75.584,"[2048, 2048, 2048, 2048, 2048, 2048]","[2048, 2048, 2048, 2048, 2048, 2048, 2048]","[2048, 2048, 2048, 2048, 2064, 2064, 2064]",310.0
1213,9118,10,11,2023-07-02T13:16:30.493000+00:00,17.608,31.621,21.654,307.0,225.0,False,70.883,"[None, 2048, 2048, 2048, 2048, 2048]","[2049, 2048, 2048, 2048, 2049, 2048, 2049]","[2048, 2048, 2049, 2048, 2048, 2049]",304.0
1213,9118,23,11,2023-07-02T13:16:31.149000+00:00,17.294,32.097,22.214,320.0,222.0,False,71.605,"[None, 2048, 2048, 2048, 2048, 2048]","[2049, 2048, 2048, 2049, 2048, 2048, 2048]","[2048, 2048, 2048, 2048, 2048, 2049]",318.0
1213,9118,11,11,2023-07-02T13:16:31.618000+00:00,17.268,32.08,22.178,313.0,219.0,False,71.526,"[None, 2049, 2048, 2048, 2048, 2048]","[2048, 2049, 2048, 2048, 2048, 2048, 2048]","[2048, 2048, 2048, 2048, 2048, 2048]",309.0
1213,9118,63,11,2023-07-02T13:16:32.430000+00:00,17.45,32.072,22.011,308.0,225.0,False,71.533,"[2048, 2049, 2048, 2048, 2048, 2048]","[2048, 2048, 2048, 2048, 2048, 2048, 2049]","[2048, 2048, 2048, 2048, 2048, 2048]",308.0
1213,9118,31,11,2023-07-02T13:16:33.071000+00:00,17.497,32.053,22.071,309.0,224.0,False,71.621,"[None, 2048, 2048, 2048, 2048, 2048]","[2048, 2048, 2048, 2048, 2048, 2048, 2048]","[2048, 2048, 2048, 2048, 2049, 2048]",300.0
1213,9118,81,11,2023-07-02T13:16:34.055000+00:00,17.957,31.803,21.796,301.0,224.0,False,71.556,"[None, 2048, 2048, 2048, 2048, 2048]","[2048, 2049, 2048, 2048, 2049, 2048, 2048]","[2048, 2048, 2048, 2048, 2048, 2048]",294.0
1213,9118,2,11,2023-07-02T13:16:35.836000+00:00,17.784,32.043,22.006,302.0,225.0,False,71.833,"[None, 2048, 2048, 2048, 2048, 2048]","[2048, 2048, 2048, 2048, 2049, 2048, 2049]","[2048, 2048, 2048, 2048, 2048, 2048, 2048]",299.0
1213,9118,22,11,2023-07-02T13:16:37.024000+00:00,17.779,32.11,22.164,295.0,219.0,False,72.053,"[None, 2048, 2048, 2048, 2048, 2048]","[2048, 2048, 2048, 2048, 2049, 2048, 2048]","[2048, 2048, 2048, 2048, 2048, 2049, 2048]",295.0
1213,9118,77,11,2023-07-02T13:16:37.508000+00:00,17.492,32.434,22.25,,224.0,False,72.176,"[None, 2048, 2048, 2048, 2048, 2048]","[2048, 2048, 2048, 2048, 2048, 2048, 2048]","[2048, 2048, 2048, 2048, 2048, 2048]",309.0
1213,9118,21,11,2023-07-02T13:16:38.321000+00:00,17.467,32.267,22.334,,220.0,False,72.068,"[None, 2048, 2048, 2048, 2048, 2048]","[2048, 2048, 2048, 2048, 2048, 2048, 2048]","[2048, 2048, 2048, 2048, 2048, 2048, 2048]",313.0
1213,9118,20,11,2023-07-02T13:16:38.821000+00:00,17.43,32.275,22.25,317.0,219.0,False,71.955,"[2048, 2048, 2048, 2048, 2048, 2048]","[2048, 2048, 2048, 2048, 2048, 2048, 2048]","[2048, 2048, 2048, 2048, 2048, 2048, 2048]",311.0
1213,9118,24,11,2023-07-02T13:16:55.195000+00:00,17.841,31.526,21.325,291.0,229.0,False,70.692,"[None, 2048, 2049, 2048, 2048, 2048]","[2049, 2048, 2048, 2048, 2048, 2048, 2048]","[2048, 2048, 2048, 2048, 2048, 2048, 2048]",289.0
1213,9118,1,12,2023-07-02T13:17:26.367000+00:00,17.591,31.121,21.121,296.0,230.0,False,69.833,"[2048, 2048, 2048, 2048, 2048, 2049]","[2048, 2048, 2048, 2048, 2048, 2048, 2048]","[2048, 2048, 2049, 2048, 2048, 2048, 2048]",294.0
1213,9118,16,12,2023-07-02T13:17:30.070000+00:00,17.783,31.407,21.51,,227.0,False,70.7,"[None, 2048, 2048, 2048, 2048, 2048]","[2048, 2048, 2048, 2048, 2048, 2048, 2048]","[2048, 2048, 2048, 2048, 2048, 2048, 2048]",291.0
1213,9118,55,12,2023-07-02T13:17:30.867000+00:00,17.397,31.569,21.696,,225.0,False,70.662,"[None, 2048, 2048, 2048, 2048, 2048]","[2048, 2048, 2048, 2048, 2048, 2048, 2048]","[2048, 2048, 2048, 2048, 2049, 2048]",306.0
1213,9118,44,12,2023-07-02T13:17:33.992000+00:00,17.743,31.559,21.67,297.0,226.0,False,70.972,"[None, 2048, 2048, 2048, 2048, 2048]","[2048, 2048, 2048, 2048, 2048, 2048, 2048]","[2048, 2048, 2048, 2048, 2048, 2048, 2048]",289.0
1213,9118,4,12,2023-07-02T13:17:34.851000+00:00,17.495,31.636,21.6,310.0,225.0,False,70.731,"[None, 2048, 2048, 2048, 2048, 2048]","[2048, 2048, 2048, 2049, 2048, 2049, 2048]","[2048, 2048, 2048, 2048, 2048, 2048]",307.0
1213,9118,14,12,2023-07-02T13:17:38.023000+00:00,17.776,31.485,21.664,295.0,224.0,False,70.925,"[None, 2048, 2048, 2048, 2048, 2048]","[2048, 2048, 2049, 2048, 2049, 2048, 2049]","[2048, 2048, 2048, 2048, 2049, 2048]",291.0
1213,9118,18,12,2023-07-02T13:17:39.601000+00:00,17.845,31.553,21.667,297.0,223.0,False,71.065,"[None, 2048, 2048, 2048, 2048, 2048]","[2048, 2048, 2048, 2048, 2049, 2048, 2049]","[2048, 2048, 2048, 2048, 2048, 2048]",289.0
1213,9118,10,12,2023-07-02T13:17:41.070000+00:00,17.933,31.699,21.624,295.0,228.0,False,71.256,"[None, 2048, 2048, 2048, 2048, 2048]","[2048, 2048, 2048, 2048, 2048, 2049, 2049]","[2048, 2048, 2048, 2049, 2049, 2049, 2048]",293.0
1213,9118,23,12,2023-07-02T13:17:42.663000+00:00,17.529,32.511,21.858,301.0,222.0,False,71.898,"[None, 2049, 2049, 2048, 2048, 2048]","[2048, 2048, 2048, 2048, 2048, 2048, 2048]","[2048, 2048, 2048, 2049, 2049, 2048, 2048]",298.0
1213,9118,11,12,2023-07-02T13:17:43.195000+00:00,17.294,31.326,21.663,325.0,227.0,False,70.283,"[None, 2048, 2048, 2048, 2048, 2048]","[2049, 2048, 2048, 2048, 2049, 2048, 2049]","[2049, 2048, 2048, 2049, 2048, 2048]",311.0
1213,9118,63,12,2023-07-02T13:17:43.898000+00:00,17.468,32.033,21.868,,224.0,False,71.369,"[None, 2048, 2048, 2048, 2048, 2048]","[2048, 2049, 2048, 2048, 2048, 2048, 2048]","[2048, 2048, 2048, 2049, 2048, 2048, 2048]",294.0
1213,9118,31,12,2023-07-02T13:17:44.632000+00:00,17.524,32.011,22.007,308.0,226.0,False,71.542,"[None, 2049, 2048, 2048, 2048, 2048]","[2048, 2048, 2048, 2048, 2048, 2048, 2049]","[2048, 2048, 2048, 2049, 2049, 2048, 2048]",301.0
1213,9118,27,12,2023-07-02T13:17:45.382000+00:00,34.658,31.41,21.726,291.0,226.0,True,87.794,"[2064, 2064, 2064, 2048, 2048, 2048]","[2048, 2049, 2048, 2048, 2049, 2048, 2049]","[2048, 2048, 2048, 2048, 2048, 2049, 2048]",293.0
1213,9118,81,12,2023-07-02T13:17:45.663000+00:00,17.675,31.889,21.775,317.0,228.0,False,71.339,"[None, 2048, 2048, 2048, 2048, 2048]","[2048, 2048, 2048, 2048, 2049, 2048, 2049]","[2048, 2048, 2049, 2049, 2048, 2048]",297.0
1213,9118,2,12,2023-07-02T13:17:47.632000+00:00,17.783,32.105,21.987,303.0,225.0,False,71.875,"[None, 2048, 2048, 2048, 2048, 2048]","[2048, 2048, 2048, 2048, 2048, 2048, 2048]","[2048, 2048, 2048, 2048, 2049, 2048]",296.0
1213,9118,22,12,2023-07-02T13:17:49.007000+00:00,17.901,31.888,22.14,297.0,220.0,False,71.929,"[None, 2048, 2048, 2048, 2048, 2048]","[2048, 2049, 2048, 2048, 2049, 2048, 2049]","[2048, 2048, 2048, 2048, 2049, 2048]",292.0
1213,9118,77,12,2023-07-02T13:17:49.726000+00:00,17.686,32.15,22.289,310.0,219.0,False,72.125,"[None, 2048, 2048, 2048, 2048, 2048]","[2048, 2048, 2048, 2048, 2048, 2048, 2049]","[2048, 2048, 2048, 2048, 2048, 2048]",306.0
1213,9118,21,12,2023-07-02T13:17:50.413000+00:00,17.463,32.184,25.608,314.0,220.0,False,75.255,"[None, 2048, 2048, 2048, 2048, 2048]","[2048, 2048, 2048, 2048, 2048, 2048, 2048]","[2048, 2048, 2048, 2048, 2064, 2064, 2064]",313.0
1213,9118,20,12,2023-07-02T13:17:50.773000+00:00,17.484,32.34,22.399,318.0,218.0,False,72.223,"[None, 2048, 2048, 2048, 2048, 2048]","[2048, 2048, 2048, 2048, 2048, 2048, 2048]","[2048, 2048, 2048, 2048, 2048, 2048]",314.0
1213,9118,24,12,2023-07-02T13:18:05.882000+00:00,17.8,31.739,21.42,295.0,224.0,False,70.959,"[None, 2049, 2048, 2048, 2048, 2048]","[2048, 2048, 2048, 2048, 2048, 2048, 2048]","[2048, 2048, 2048, 2048, 2048, 2048, 2048]",288.0
1213,9118,1,13,2023-07-02T13:18:36.178000+00:00,17.669,31.232,21.295,295.0,229.0,False,70.196,"[None, 2048, 2048, 2048, 2048, 2048]","[2049, 2048, 2048, 2048, 2048, 2048, 2048]","[2048, 2048, 2048, 2048, 2048, 2048, 2048]",291.0
1213,9118,16,13,2023-07-02T13:18:40.772000+00:00,17.803,31.451,21.604,294.0,227.0,False,70.858,"[None, 2048, 2048, 2048, 2048, 2049]","[2048, 2048, 2048, 2048, 2048, 2048, 2048]","[2048, 2048, 2048, 2048, 2048, 2048, 2048]",292.0
1213,9118,55,13,2023-07-02T13:18:41.490000+00:00,17.329,31.855,21.623,311.0,224.0,False,70.807,"[None, 2048, 2048, 2048, 2048, 2049]","[2048, 2048, 2048, 2049, 2048, 2048, 2048]","[2048, 2048, 2048, 2048, 2048, 2048, 2048]",315.0
1213,9118,44,13,2023-07-02T13:18:45.022000+00:00,17.667,31.791,21.694,302.0,223.0,False,71.152,"[None, 2048, 2048, 2048, 2048, 2048]","[2049, 2048, 2048, 2048, 2049, 2048, 2048]","[2048, 2048, 2048, 2048, 2048, 2048, 2048]",293.0
1213,9118,4,13,2023-07-02T13:18:45.537000+00:00,17.54,32.039,21.566,312.0,224.0,False,71.145,"[None, 2048, 2048, 2048, 2048, 2048]","[2048, 2048, 2048, 2048, 2048, 2048, 2048]","[2048, 2048, 2048, 2048, 2048, 2048]",302.0
1213,9118,14,13,2023-07-02T13:18:48.975000+00:00,17.756,31.593,21.561,300.0,224.0,False,70.91,"[None, 2048, 2048, 2049, 2049, 2049]","[2049, 2048, 2048, 2048, 2048, 2048, 2048]","[2048, 2048, 2048, 2048, 2048, 2048]",292.0
1213,9118,18,13,2023-07-02T13:18:50.678000+00:00,17.814,31.653,21.689,298.0,223.0,False,71.156,"[None, 2048, 2048, 2048, 2048, 2048]","[2048, 2048, 2048, 2048, 2049, 2048, 2049]","[2048, 2048, 2048, 2048, 2048, 2048]",289.0
1213,9118,10,13,2023-07-02T13:18:52.428000+00:00,17.835,31.593,21.682,,227.0,False,71.11,"[None, 2048, 2048, 2048, 2048, 2048]","[2048, 2048, 2048, 2048, 2049, 2049, 2049]","[2048, 2048, 2048, 2049, 2048, 2048, 2048]",291.0
1213,9118,11,13,2023-07-02T13:18:53.443000+00:00,17.807,31.77,21.642,298.0,224.0,False,71.219,"[None, 2048, 2049, 2048, 2048, 2048]","[2048, 2049, 2048, 2048, 2048, 2048, 2048]","[2049, 2048, 2048, 2049, 2048, 2048, 2048]",289.0
1213,9118,23,13,2023-07-02T13:18:54.631000+00:00,17.647,31.946,21.839,305.0,224.0,False,71.432,"[None, 2048, 2049, 2048, 2048, 2048]","[2048, 2048, 2048, 2048, 2049, 2049, 2049]","[2048, 2048, 2048, 2049, 2049, 2048]",306.0
1213,9118,63,13,2023-07-02T13:18:55.334000+00:00,17.575,32.08,21.784,310.0,224.0,False,71.439,"[None, 2048, 2048, 2048, 2048, 2048]","[2048, 2048, 2048, 2048, 2048, 2048, 2048]","[2048, 2048, 2048, 2049, 2048, 2048]",302.0
1213,9118,31,13,2023-07-02T13:18:56.225000+00:00,17.56,32.047,21.954,307.0,225.0,False,71.561,"[None, 2048, 2048, 2048, 2048, 2048]","[2048, 2048, 2048, 2048, 2048, 2048, 2048]","[2048, 2048, 2048, 2048, 2049, 2049, 2048]",300.0
1213,9118,81,13,2023-07-02T13:18:56.865000+00:00,17.622,31.973,22.037,,222.0,False,71.632,"[None, 2048, 2048, 2048, 2048, 2048]","[2048, 2048, 2048, 2048, 2048, 2048, 2048]","[2048, 2048, 2048, 2048, 2048, 2048, 2049]",307.0
1213,9118,2,13,2023-07-02T13:18:59.412000+00:00,17.798,32.156,22.057,,225.0,False,72.011,"[None, 2048, 2048, 2048, 2048, 2048]","[2048, 2048, 2048, 2048, 2049, 2048, 2049]","[2048, 2048, 2048, 2048, 2048, 2048]",296.0
1213,9118,22,13,2023-07-02T13:19:00.834000+00:00,17.892,31.951,22.114,295.0,220.0,False,71.957,"[None, 2048, 2048, 2048, 2048, 2048]","[2048, 2048, 2048, 2048, 2048, 2048, 2048]","[2048, 2048, 2048, 2048, 2049, 2048, 2048]",293.0
1213,9118,77,13,2023-07-02T13:19:01.771000+00:00,17.592,32.389,22.133,311.0,220.0,False,72.114,"[None, 2048, 2048, 2048, 2048, 2048]","[2049, 2048, 2048, 2048, 2048, 2048, 2048]","[2048, 2048, 2048, 2048, 2049, 2049, 2048]",304.0
1213,9118,20,13,2023-07-02T13:19:02.928000+00:00,17.895,32.049,22.153,297.0,221.0,False,72.097,"[None, 2049, 2048, 2048, 2048, 2048]","[2048, 2048, 2048, 2048, 2049, 2048, 2048]","[2048, 2048, 2048, 2049, 2048, 2048, 2048]",293.0
1213,9118,21,13,2023-07-02T13:19:05.631000+00:00,34.66,31.906,21.637,294.0,224.0,True,88.203,"[2064, 2064, 2064, 2048, 2048, 2048]","[2048, 2048, 2048, 2048, 2049, 2048, 2049]","[2049, 2049, 2048, 2049, 2049, 2049, 0]",291.0
1213,9118,27,13,2023-07-02T13:19:13.224000+00:00,18.513,,,195.0,,False,,"[2048, 2048, 2049, 2048, 2048, 2048]",[2048],,
1213,9118,24,13,2023-07-02T13:19:16.834000+00:00,17.849,31.868,21.479,292.0,225.0,False,71.196,"[None, 2048, 2048, 2048, 2048, 2048]","[2049, 2048, 2048, 2048, 2048, 2048, 2048]","[2048, 2048, 2048, 2048, 2048, 2048]",286.0
1213,9118,1,14,2023-07-02T13:19:46.380000+00:00,17.65,31.903,24.02,275.0,229.0,False,73.573,"[None, 2048, 2048, 2048, 2048, 2048]","[2048, 2048, 2048, 2048, 2048, 2048, 2048]","[2048, 2048, 2049, 2048, 2048, 2048, 2048]",293.0
1213,9118,16,14,2023-07-02T13:19:51.599000+00:00,17.743,31.955,25.261,292.0,226.0,False,74.959,"[None, 2048, 2048, 2048, 2048, 2048]","[2048, 2048, 2048, 2048, 2048, 2048, 2048]","[2048, 2048, 2048, 2048, 2048, 2048, 2048]",291.0
1213,9118,55,14,2023-07-02T13:19:52.317000+00:00,17.607,31.926,27.508,288.0,229.0,False,77.041,"[None, 2048, 2048, 2048, 2048, 2048]","[2048, 2048, 2048, 2048, 2048, 2048, 2048]","[2048, 2048, 2048, 2048, 2048, 2048, 2048]",304.0
1213,9118,44,14,2023-07-02T13:19:56.145000+00:00,17.848,31.9,28.658,293.0,221.0,False,78.406,"[None, 2048, 2048, 2048, 2048, 2048]","[2048, 2048, 2048, 2048, 2048, 2048, 2048]","[2048, 2048, 2048, 2048, 2064, 2064, 2064]",286.0
1213,9118,4,14,2023-07-02T13:19:56.770000+00:00,18.153,32.374,29.328,262.0,228.0,False,79.855,"[None, 2048, 2048, 2048, 2048, 2048]","[2048, 2048, 2048, 2048, 2048, 2048, 2048]","[2048, 2048, 2048, 2048, 2064, 2064, 2064]",297.0
1213,9118,14,14,2023-07-02T13:19:59.880000+00:00,17.937,31.819,29.959,288.0,222.0,False,79.715,"[None, 2048, 2048, 2048, 2048, 2048]","[2048, 2048, 2048, 2048, 2048, 2048, 2048]","[2048, 2048, 2048, 2048, 2048, 2048, 2048]",289.0
1213,9118,18,14,2023-07-02T13:20:01.817000+00:00,17.888,31.766,30.011,283.0,223.0,False,79.665,"[None, 2048, 2048, 2048, 2048, 2048]","[2048, 2048, 2048, 2048, 2048, 2049, 2048]","[2048, 2048, 2048, 2048, 2048, 2048, 2048]",290.0
1213,9118,10,14,2023-07-02T13:20:03.473000+00:00,17.926,32.112,30.596,274.0,226.0,False,80.634,"[None, 2048, 2048, 2048, 2048, 2048]","[2048, 2048, 2048, 2048, 2048, 2048, 2048]","[2048, 2048, 2048, 2048, 2064, 2064, 2064]",288.0
1213,9118,11,14,2023-07-02T13:20:04.786000+00:00,17.782,32.033,30.391,288.0,194.0,False,80.206,"[None, 2048, 2049, 2048, 2048, 2048]","[2048, 2048, 2048, 2048, 2048, 2049, 2048]","[2048, 2048, 2048, 2048, 2048, 2048, 2048]",311.0
1213,9118,23,14,2023-07-02T13:20:06.083000+00:00,17.691,32.461,30.496,292.0,164.0,False,80.648,"[None, 2048, 2048, 2048, 2048, 2048]","[2048, 2048, 2048, 2048, 2049, 2049, 2048]","[2048, 2048, 2048, 2048, 2064, 2064, 2064]",296.0
1213,9118,63,14,2023-07-02T13:20:06.770000+00:00,17.78,33.676,29.166,273.0,127.0,False,80.622,"[None, 2048, 2048, 2048, 2048, 2048]","[2048, 2048, 2048, 2048, 2048, 2048, 2048]","[2048, 2048, 2048, 2048, 2064, 2064, 2064]",300.0
1213,9118,31,14,2023-07-02T13:20:07.801000+00:00,18.007,35.902,28.661,282.0,111.0,False,82.57,"[None, 2048, 2048, 2048, 2048, 2048]","[2048, 2048, 2048, 2048, 2048, 2048, 2048]","[2048, 2048, 2048, 2048, 2064, 2064, 2064]",285.0
1213,9118,81,14,2023-07-02T13:20:08.598000+00:00,17.988,36.872,27.958,277.0,122.0,False,82.818,"[None, 2048, 2048, 2048, 2048, 2048]","[2048, 2048, 2048, 2048, 2048, 2048, 2048]","[2048, 2048, 2048, 2048, 2064, 2064, 2064]",293.0
1213,9118,2,14,2023-07-02T13:20:11.504000+00:00,17.791,36.303,30.378,298.0,164.0,False,84.472,"[None, 2048, 2048, 2048, 2048, 2048]","[2048, 2048, 2048, 2048, 2048, 2048, 2048]","[2048, 2048, 2048, 2048, 2064, 2064, 2064]",295.0
1213,9118,22,14,2023-07-02T13:20:12.864000+00:00,17.938,38.364,26.637,292.0,149.0,False,82.939,"[None, 2048, 2048, 2048, 2048, 2048]","[2048, 2048, 2048, 2048, 2048, 2048, 2048]","[2048, 2048, 2048, 2048, 2048, 2048]",290.0
1213,9118,77,14,2023-07-02T13:20:13.989000+00:00,18.117,38.01,27.56,253.0,170.0,False,83.687,"[None, 2048, 2048, 2048, 2048, 2048]","[2048, 2048, 2048, 2048, 2048, 2048, 2048]","[2048, 2048, 2048, 2048, 2048, 2048]",289.0
1213,9118,20,14,2023-07-02T13:20:15.130000+00:00,18.028,37.546,27.728,262.0,197.0,False,83.302,"[None, 2048, 2048, 2048, 2048, 2048]","[2048, 2048, 2048, 2048, 2048, 2048, 2048]","[2048, 2048, 2048, 2048, 2048, 2048]",306.0
1213,9118,24,14,2023-07-02T13:20:27.957000+00:00,17.964,40.421,28.532,291.0,194.0,False,86.917,"[None, 2048, 2048, 2048, 2048, 2048]","[2048, 2048, 2048, 2048, 2048, 2048, 2048]","[2048, 2048, 2048, 2048, 2048, 2048, 2048]",236.0
1213,9118,21,14,2023-07-02T13:20:33.879000+00:00,17.796,41.17,28.92,277.0,145.0,False,87.886,"[2048, 2048, 2049, 2048, 2048, 2048]","[2048, 2048, 2048, 2048, 2048, 2048, 2048]","[2048, 2048, 2048, 2048, 2048, 2048, 2048]",229.0
1213,9118,1,15,2023-07-02T13:20:59.925000+00:00,24.171,40.334,29.087,219.0,203.0,False,93.592,"[None, 2048, 2048, 2048, 2048, 2048]","[2048, 2048, 2048, 2048, 2048, 2048, 2048]","[2048, 2048, 2048, 2048, 2048, 2048]",280.0
1213,9118,16,15,2023-07-02T13:21:06.566000+00:00,26.388,39.21,28.182,264.0,194.0,False,93.78,"[None, 2048, 2048, 2048, 2048, 2048]","[2048, 2048, 2048, 2048, 2048, 2048, 2048]","[2048, 2048, 2048, 2048, 2064, 2064, 2064]",262.0
1213,9118,55,15,2023-07-02T13:21:09.378000+00:00,24.768,39.035,33.035,263.0,169.0,False,96.838,"[None, 2048, 2048, 2048, 2048, 2048]","[2048, 2048, 2048, 2048, 2048, 2048, 2048]","[2048, 2048, 2048, 2048, 2064, 2064, 2064]",266.0
1213,9118,44,15,2023-07-02T13:21:14.519000+00:00,38.505,39.869,28.315,212.0,204.0,True,106.689,"[2064, 2064, 2064, 2048, 2048, 2048]","[2048, 2048, 2048, 2048, 2048, 2048, 2048]","[2048, 2048, 2048, 2048, 2048, 2048, 2048]",265.0
1213,9118,4,15,2023-07-02T13:21:16.519000+00:00,37.924,40.035,30.266,216.0,190.0,True,108.225,"[2064, 2064, 2064, 2048, 2048, 2048]","[2048, 2048, 2048, 2048, 2048, 2048, 2048]","[2048, 2048, 2048, 2048, 2048, 2048, 2048]",275.0
1213,9118,14,15,2023-07-02T13:21:19.597000+00:00,22.363,40.869,29.802,175.0,181.0,False,93.034,"[None, 2048, 2048, 2048, 2048, 2048]","[2048, 2048, 2048, 2048, 2048, 2048, 2048]","[2048, 2048, 2048, 2048, 2064, 2064, 2064]",277.0
1213,9118,18,15,2023-07-02T13:21:21.472000+00:00,22.344,41.185,33.96,228.0,212.0,False,97.489,"[None, 2048, 2048, 2048, 2048, 2048]","[2048, 2048, 2048, 2048, 2048, 2048, 2048]","[2048, 2048, 2048, 2048, 2064, 2064, 2064]",274.0
1213,9118,10,15,2023-07-02T13:21:24.097000+00:00,38.574,41.138,27.876,240.0,211.0,True,107.588,"[2064, 2064, 2064, 2048, 2048, 2048]","[2048, 2048, 2048, 2048, 2048, 2048, 2048]","[2048, 2048, 2048, 2048, 2048, 2048, 0]",258.0
1213,9118,11,15,2023-07-02T13:21:24.956000+00:00,22.77,40.929,29.57,242.0,171.0,False,93.269,"[None, 2048, 2048, 2048, 2048, 2048]","[2048, 2048, 2048, 2048, 2048, 2048, 2048]","[2048, 2048, 2048, 2048, 2048, 2048]",274.0
1213,9118,23,15,2023-07-02T13:21:26.706000+00:00,38.953,40.213,28.289,245.0,194.0,True,107.455,"[2064, 2064, 2064, 2048, 2048, 2048]","[2048, 2048, 2048, 2048, 2048, 2048, 2048]","[2048, 2048, 2048, 2048, 2048, 2048, 2048]",272.0
1213,9118,63,15,2023-07-02T13:21:27.362000+00:00,39.654,40.897,27.0,267.0,165.0,True,107.551,"[2064, 2064, 2064, 2048, 2048, 2048]","[2048, 2048, 2048, 2048, 2048, 2048, 2048]","[2048, 2048, 2048, 2048, 2049, 2048, 0]",269.0
1213,9118,31,15,2023-07-02T13:21:30.300000+00:00,38.962,40.889,26.384,233.0,225.0,True,106.235,"[2064, 2064, 2064, 2048, 2048, 2048]","[2048, 2048, 2048, 2048, 2048, 2048, 2048]","[2048, 2048, 2048, 2048, 2048, 2048, 2048]",268.0
1213,9118,81,15,2023-07-02T13:21:31.394000+00:00,40.256,40.317,26.087,251.0,222.0,True,106.66,"[2064, 2064, 2064, 2048, 2048, 2048]","[2048, 2048, 2048, 2048, 2048, 2048, 2048]","[2048, 2048, 2048, 2048, 2048, 2048, 0]",268.0
1213,9118,22,15,2023-07-02T13:21:35.737000+00:00,25.082,41.299,27.443,211.0,187.0,False,93.824,"[None, 2048, 2048, 2048, 2048, 2048]","[2048, 2048, 2048, 2048, 2048, 2048, 2048]","[2048, 2048, 2048, 2048, 2048, 2048]",269.0
1213,9118,2,15,2023-07-02T13:21:35.972000+00:00,38.882,40.95,26.405,239.0,204.0,True,106.237,"[2064, 2064, 2064, 2048, 2048, 2048]","[2048, 2048, 2048, 2048, 2048, 2048, 2048]","[2048, 2048, 2048, 2048, 2048, 2048, 2048]",278.0
1213,9118,77,15,2023-07-02T13:21:37.614000+00:00,24.617,41.083,28.212,223.0,201.0,False,93.912,"[None, 2048, 2048, 2048, 2048, 2048]","[2048, 2048, 2048, 2048, 2048, 2048, 2048]","[2048, 2048, 2048, 2048, 2048, 2048]",259.0
1213,9118,20,15,2023-07-02T13:21:38.378000+00:00,25.616,40.698,27.593,234.0,212.0,False,93.907,"[None, 2048, 2048, 2048, 2048, 2048]","[2048, 2048, 2048, 2048, 2048, 2048, 2048]","[2048, 2048, 2048, 2048, 2048, 2048, 2048]",266.0
1213,9118,24,15,2023-07-02T13:21:54.971000+00:00,24.242,40.967,25.289,239.0,198.0,False,90.498,"[None, 2048, 2048, 2048, 2048, 2048]","[2048, 2048, 2048, 2048, 2048, 2048, 2048]","[2048, 2048, 2048, 2048, 2048, 2048, 2048]",261.0
1213,9118,21,15,2023-07-02T13:22:01.737000+00:00,24.252,41.318,23.337,216.0,183.0,False,88.907,"[None, 2048, 2048, 2048, 2048, 2048]","[2048, 2048, 2048, 2048, 2048, 2048, 2048]","[2048, 2048, 2048, 2048, 2049, 2048, 2048]",251.0
1213,9118,1,16,2023-07-02T13:22:33.424000+00:00,24.619,33.788,21.204,173.0,231.0,False,79.611,"[None, 2048, 2048, 2048, 2048, 2048]","[2048, 2048, 2048, 2048, 2048, 2049, 2048]","[2048, 2048, 2048, 2048, 2048, 2048, 2048]",287.0
1213,9118,16,16,2023-07-02T13:22:40.346000+00:00,38.291,31.128,21.146,285.0,230.0,True,90.565,"[2064, 2064, 2064, 2048, 2048, 2048]","[2048, 2048, 2048, 2048, 2049, 2049, 2049]","[2049, 2049, 2048, 2048, 2048, 2049, 2048]",287.0
1213,9118,55,16,2023-07-02T13:22:46.267000+00:00,38.655,30.897,20.959,301.0,230.0,True,90.511,"[2064, 2064, 2064, 2048, 2048, 2048]","[2049, 2048, 2048, 2048, 2049, 2048, 2049]","[2049, 2051, 2049, 2049, 2049, 2049, 2051]",305.0
1213,9118,14,16,2023-07-02T13:22:52.564000+00:00,35.416,31.679,21.38,297.0,231.0,True,88.475,"[2064, 2064, 2064, 2048, 2048, 2048]","[2048, 2048, 2049, 2048, 2048, 2048, 2049]","[2048, 2049, 2048, 2048, 2049, 2049, 2049]",297.0
1213,9118,11,16,2023-07-02T13:22:58.111000+00:00,21.438,31.68,21.335,294.0,223.0,False,74.453,"[None, 2048, 2048, 2048, 2048, 2048]","[2048, 2049, 2048, 2048, 2048, 2048, 2048]","[2049, 2048, 2048, 2049, 2049, 2049]",293.0
1213,9118,18,16,2023-07-02T13:22:59.033000+00:00,37.022,31.374,21.32,302.0,231.0,True,89.716,"[2064, 2064, 2064, 2048, 2048, 2048]","[2048, 2048, 2049, 2049, 2049, 2049, 2049]","[2049, 2049, 2049, 2048, 2048, 2048, 2048]",314.0
1213,9118,44,16,2023-07-02T13:23:01.236000+00:00,21.378,31.121,21.101,298.0,233.0,False,73.6,"[2048, 2048, 2048, 2048, 2048, 2048]","[2048, 2048, 2048, 2048, 2051, 2048, 2049]","[2049, 2049, 2049, 2048, 2049, 2048, 2049]",299.0
1213,9118,4,16,2023-07-02T13:23:04.751000+00:00,18.954,31.261,21.01,302.0,232.0,False,71.225,"[2048, 2048, 2048, 2048, 2048, 2048]","[2048, 2049, 2048, 2048, 2049, 2049, 2049]","[2049, 2049, 2049, 2051, 2051, 2049]",297.0
1213,9118,22,16,2023-07-02T13:23:09.892000+00:00,18.388,32.536,22.245,293.0,218.0,False,73.169,"[None, 2048, 2049, 2048, 2048, 2048]","[2048, 2048, 2049, 2048, 2048, 2048, 2048]","[2048, 2048, 2048, 2048, 2048, 2048]",308.0
1213,9118,77,16,2023-07-02T13:23:11.486000+00:00,19.231,32.934,22.178,298.0,227.0,False,74.343,"[None, 2048, 2048, 2048, 2048, 2048]","[2049, 2048, 2048, 2048, 2048, 2048, 2048]","[2048, 2048, 2048, 2048, 2048, 2048]",297.0
1213,9118,10,16,2023-07-02T13:23:11.704000+00:00,19.166,32.399,21.823,316.0,224.0,False,73.388,"[2048, 2048, 2048, 2048, 2048, 2048]","[2049, 2048, 2048, 2048, 2048, 2049, 2048]","[2048, 2048, 2048, 2048, 2048, 2048]",309.0
1213,9118,20,16,2023-07-02T13:23:12.220000+00:00,18.624,31.954,21.698,318.0,225.0,False,72.276,"[None, 2048, 2048, 2048, 2048, 2048]","[2048, 2048, 2049, 2048, 2048, 2049, 2048]","[2049, 2048, 2048, 2049, 2049, 2049]",315.0
1213,9118,23,16,2023-07-02T13:23:14.236000+00:00,17.896,32.478,21.945,311.0,224.0,False,72.319,"[2048, 2048, 2049, 2048, 2048, 2048]","[2049, 2048, 2048, 2048, 2048, 2048, 2048]","[2048, 2048, 2049, 2048, 2048, 2048]",306.0
1213,9118,63,16,2023-07-02T13:23:14.939000+00:00,17.436,31.706,22.004,323.0,231.0,False,71.146,"[2048, 2048, 2049, 2051, 2049, 2049]","[2049, 2048, 2051, 2049, 2049, 2049, 2048]","[2048, 2049, 2048, 2048, 2048, 2048]",319.0
1213,9118,31,16,2023-07-02T13:23:16.579000+00:00,17.707,31.457,21.625,296.0,228.0,False,70.789,"[2048, 2048, 2049, 2048, 2048, 2048]","[2048, 2049, 2049, 2048, 2049, 2048, 2049]","[2048, 2049, 2049, 2049, 2048, 2048]",294.0
1213,9118,81,16,2023-07-02T13:23:18.079000+00:00,17.838,32.114,21.54,304.0,223.0,False,71.492,"[2048, 2048, 2048, 2048, 2048, 2048]","[2048, 2048, 2049, 2048, 2048, 2049, 2048]","[2048, 2048, 2049, 2048, 2049, 2048, 2049]",299.0
1213,9118,2,16,2023-07-02T13:23:22.267000+00:00,17.723,31.646,21.685,303.0,228.0,False,71.054,"[2048, 2048, 2048, 2048, 2048, 2048]","[2048, 2049, 2048, 2048, 2049, 2049, 2049]","[2048, 2049, 2048, 2049, 2049, 2049]",297.0
1213,9118,24,16,2023-07-02T13:23:25.438000+00:00,17.733,31.484,21.43,301.0,229.0,False,70.647,"[None, 2048, 2049, 2048, 2048, 2048]","[2049, 2048, 2048, 2048, 2048, 2049, 2048]","[2048, 2048, 2049, 2048, 2048, 2048]",296.0
1213,9118,21,16,2023-07-02T13:23:30.657000+00:00,17.744,31.652,21.789,294.0,227.0,False,71.185,"[None, 2048, 2048, 2048, 2048, 2048]","[2048, 2049, 2048, 2048, 2049, 2048, 2048]","[2048, 2048, 2048, 2048, 2048, 2048]",296.0
1213,9118,1,17,2023-07-02T13:23:53.172000+00:00,17.653,31.205,21.066,299.0,230.0,False,69.924,"[2049, 2048, 2048, 2048, 2048, 2048]","[2048, 2048, 2048, 2048, 2048, 2048, 2048]","[2048, 2048, 2048, 2049, 2048, 2048, 2048]",290.0
1213,9118,16,17,2023-07-02T13:24:10.938000+00:00,17.569,30.712,21.009,291.0,231.0,False,69.29,"[2048, 2048, 2049, 2048, 2048, 2048]","[2049, 2051, 2048, 2048, 2051, 2049, 2049]","[2051, 2049, 2048, 2049, 2049, 2048]",291.0
1213,9118,11,17,2023-07-02T13:24:12.594000+00:00,17.719,31.392,21.178,299.0,225.0,False,70.289,"[None, 2048, 2049, 2048, 2048, 2048]","[2048, 2049, 2048, 2048, 2049, 2049, 2049]","[2049, 2048, 2049, 2049, 2049, 2049]",291.0
1213,9118,44,17,2023-07-02T13:24:14.766000+00:00,17.692,31.059,21.144,295.0,225.0,False,69.895,"[None, 2048, 2049, 2048, 2048, 2048]","[2048, 2049, 2048, 2048, 2048, 2048, 2048]","[2048, 2049, 2048, 2048, 2048, 2049, 2049]",286.0
1213,9118,4,17,2023-07-02T13:24:15.969000+00:00,17.596,31.895,21.465,300.0,225.0,False,70.956,"[None, 2048, 2049, 2048, 2048, 2048]","[2048, 2048, 2049, 2049, 2048, 2048, 2048]","[2048, 2048, 2048, 2048, 2048, 2048, 2048]",304.0
1213,9118,55,17,2023-07-02T13:24:16.781000+00:00,17.018,31.105,21.006,324.0,231.0,False,69.129,"[2049, 2049, 2049, 2051, 2049, 2049]","[2048, 2048, 2049, 2048, 2048, 2048, 2048]","[2049, 2048, 2048, 2049, 2048, 2049, 2048]",304.0
1213,9118,14,17,2023-07-02T13:24:21.094000+00:00,17.775,31.403,21.441,292.0,225.0,False,70.619,"[2048, 2048, 2048, 2049, 2048, 2048]","[2048, 2049, 2048, 2048, 2048, 2048, 2049]","[2048, 2048, 2048, 2048, 2048, 2048]",287.0
1213,9118,22,17,2023-07-02T13:24:23.125000+00:00,17.936,31.971,21.969,292.0,221.0,False,71.876,"[None, 2048, 2048, 2048, 2048, 2048]","[2048, 2048, 2048, 2048, 2049, 2048, 2049]","[2049, 2048, 2048, 2048, 2048, 2048]",289.0
1213,9118,20,17,2023-07-02T13:24:24.500000+00:00,17.832,32.673,21.835,296.0,221.0,False,72.34,"[None, 2048, 2049, 2048, 2048, 2048]","[2048, 2048, 2048, 2048, 2048, 2048, 2048]","[2048, 2048, 2048, 2048, 2048, 2049]",296.0
1213,9118,10,17,2023-07-02T13:24:25.141000+00:00,17.523,31.523,21.542,318.0,227.0,False,70.588,"[None, 2048, 2048, 2048, 2048, 2048]","[2048, 2048, 2048, 2048, 2048, 2049, 2048]","[2048, 2048, 2048, 2049, 2049, 2048]",296.0
1213,9118,77,17,2023-07-02T13:24:25.922000+00:00,17.496,32.585,22.666,315.0,218.0,False,72.747,"[None, 2048, 2048, 2048, 2048, 2048]","[2048, 2048, 2049, 2048, 2048, 2049, 2048]","[2048, 2048, 2048, 2048, 2048, 2048, 2048]",314.0
1213,9118,63,17,2023-07-02T13:24:26.344000+00:00,17.366,32.049,21.872,325.0,222.0,False,71.287,"[None, 2048, 2048, 2049, 2049, 2049]","[2048, 2048, 2048, 2048, 2048, 2048, 2048]","[2048, 2048, 2048, 2048, 2048, 2049]",311.0
1213,9118,23,17,2023-07-02T13:24:26.422000+00:00,17.348,32.273,21.942,323.0,219.0,False,71.563,"[2049, 2048, 2048, 2049, 2049, 2048]","[2048, 2048, 2049, 2048, 2048, 2048, 2048]","[2048, 2049, 2049, 2048, 2048, 2048]",312.0
1213,9118,31,17,2023-07-02T13:24:27.390000+00:00,17.294,31.769,22.444,312.0,228.0,False,71.507,"[2049, 2048, 2048, 2049, 2049, 2049]","[2048, 2048, 2049, 2049, 2048, 2048, 2048]","[2048, 2049, 2049, 2048, 2048, 2048]",307.0
1213,9118,18,17,2023-07-02T13:24:28.687000+00:00,17.59,31.239,21.764,297.0,224.0,False,70.593,"[2048, 2048, 2049, 2049, 2048, 2048]","[2048, 2048, 2048, 2048, 2049, 2048, 2049]","[2048, 2048, 2048, 2048, 2048, 2048]",293.0
1213,9118,81,17,2023-07-02T13:24:29.609000+00:00,17.44,31.56,21.49,312.0,225.0,False,70.49,"[2049, 2048, 2048, 2049, 2049, 2048]","[2048, 2048, 2049, 2048, 2049, 2048, 2049]","[2048, 2049, 2048, 2048, 2049, 2049, 2048]",305.0
1213,9118,2,17,2023-07-02T13:24:33.297000+00:00,17.617,31.613,21.646,,228.0,False,70.876,"[None, 2048, 2049, 2048, 2048, 2048]","[2048, 2048, 2048, 2048, 2049, 2049, 2049]","[2049, 2049, 2048, 2048, 2049, 2048]",294.0
1213,9118,24,17,2023-07-02T13:24:36.093000+00:00,17.74,31.55,21.419,296.0,226.0,False,70.709,"[None, 2048, 2048, 2048, 2048, 2048]","[2048, 2048, 2048, 2048, 2048, 2049, 2048]","[2048, 2048, 2048, 2048, 2048, 2048, 2048]",292.0
1213,9118,21,17,2023-07-02T13:24:41.859000+00:00,17.705,31.517,21.655,,227.0,False,70.877,"[None, 2048, 2049, 2048, 2048, 2048]","[2048, 2048, 2048, 2048, 2049, 2049, 2049]","[2049, 2048, 2048, 2049, 2049, 2048]",299.0
1213,9118,1,18,2023-07-02T13:25:03.109000+00:00,17.681,31.181,21.14,293.0,228.0,False,70.002,"[2048, 2048, 2048, 2048, 2048, 2048]","[2048, 2048, 2048, 2048, 2048, 2048, 2048]","[2048, 2048, 2048, 2048, 2048, 2048, 2048]",292.0
1213,9118,16,18,2023-07-02T13:25:20.233000+00:00,17.549,30.914,21.154,293.0,231.0,False,69.617,"[None, 2048, 2049, 2048, 2048, 2048]","[2049, 2048, 2048, 2048, 2051, 2048, 2048]","[2048, 2048, 2048, 2048, 2048, 2048, 2048]",294.0
1213,9118,11,18,2023-07-02T13:25:22.983000+00:00,17.732,31.286,21.381,297.0,228.0,False,70.399,"[None, 2048, 2048, 2048, 2048, 2048]","[2048, 2048, 2048, 2048, 2049, 2049, 2049]","[2048, 2048, 2048, 2048, 2048, 2049, 2048]",291.0
1213,9118,44,18,2023-07-02T13:25:24.733000+00:00,17.545,30.959,21.196,299.0,227.0,False,69.7,"[None, 2048, 2049, 2049, 2048, 2048]","[2048, 2048, 2048, 2048, 2048, 2048, 2049]","[2048, 2048, 2048, 2049, 2048, 2048, 2048]",291.0
1213,9118,55,18,2023-07-02T13:25:25.858000+00:00,17.463,30.815,21.07,294.0,229.0,False,69.348,"[2048, 2051, 2048, 2048, 2048, 2048]","[2048, 2049, 2049, 2048, 2049, 2048, 2048]","[2048, 2048, 2048, 2048, 2048, 2048]",307.0
1213,9118,4,18,2023-07-02T13:25:26.936000+00:00,17.546,31.318,21.328,,230.0,False,70.192,"[None, 2048, 2048, 2048, 2048, 2048]","[2048, 2048, 2048, 2048, 2048, 2048, 2048]","[2048, 2048, 2048, 2048, 2048, 2048]",293.0
1213,9118,14,18,2023-07-02T13:25:31.702000+00:00,17.79,31.278,21.349,295.0,226.0,False,70.417,"[None, 2048, 2049, 2048, 2048, 2048]","[2048, 2048, 2048, 2048, 2049, 2049, 2049]","[2048, 2048, 2048, 2049, 2048, 2048]",289.0
1213,9118,22,18,2023-07-02T13:25:34.733000+00:00,17.956,32.353,22.122,291.0,218.0,False,72.431,"[None, 2048, 2048, 2048, 2048, 2048]","[2048, 2048, 2048, 2048, 2048, 2048, 2048]","[2048, 2048, 2048, 2048, 2048, 2048, 2048]",288.0
1213,9118,10,18,2023-07-02T13:25:35.592000+00:00,17.546,30.975,21.507,306.0,230.0,False,70.028,"[None, 2048, 2049, 2049, 2048, 2048]","[2048, 2048, 2048, 2048, 2049, 2048, 2049]","[2049, 2048, 2048, 2048, 2048, 2049]",315.0
1213,9118,20,18,2023-07-02T13:25:36.967000+00:00,17.775,32.733,21.966,293.0,218.0,False,72.474,"[None, 2048, 2049, 2048, 2048, 2048]","[2048, 2048, 2048, 2048, 2048, 2049, 2048]","[2048, 2048, 2048, 2049, 2048, 2048, 2048]",294.0
1213,9118,63,18,2023-07-02T13:25:37.295000+00:00,17.408,32.03,21.583,309.0,224.0,False,71.021,"[None, 2048, 2048, 2048, 2048, 2048]","[2048, 2048, 2048, 2048, 2049, 2048, 2049]","[2049, 2048, 2048, 2049, 2048, 2049, 2048]",302.0
1213,9118,23,18,2023-07-02T13:25:37.983000+00:00,17.347,32.191,22.188,320.0,227.0,False,71.726,"[2048, 2048, 2048, 2048, 2048, 2048]","[2048, 2048, 2048, 2048, 2048, 2051, 2048]","[2048, 2048, 2048, 2048, 2048, 2048, 2048]",309.0
1213,9118,77,18,2023-07-02T13:25:38.639000+00:00,17.377,32.746,22.164,318.0,219.0,False,72.287,"[None, 2048, 2048, 2048, 2048, 2048]","[2048, 2048, 2049, 2049, 2048, 2048, 2048]","[2048, 2048, 2049, 2048, 2048, 2048, 2048]",315.0
1213,9118,31,18,2023-07-02T13:25:38.905000+00:00,17.242,31.843,22.178,331.0,228.0,False,71.263,"[None, 2048, 2048, 2049, 2049, 2051]","[2049, 2048, 2048, 2048, 2048, 2049, 2048]","[2048, 2049, 2048, 2048, 2048, 2048, 2049]",302.0
1213,9118,18,18,2023-07-02T13:25:39.295000+00:00,17.349,32.449,22.125,321.0,219.0,False,71.923,"[2049, 2048, 2048, 2049, 2049, 2049]","[2048, 2048, 2048, 2049, 2048, 2048, 2048]","[2048, 2048, 2048, 2048, 2048, 2048]",309.0
1213,9118,81,18,2023-07-02T13:25:40.045000+00:00,17.477,31.888,22.161,317.0,221.0,False,71.526,"[2048, 2048, 2048, 2049, 2049, 2049]","[2048, 2048, 2049, 2049, 2048, 2048, 2048]","[2048, 2048, 2048, 2048, 2048, 2048, 2048]",308.0
1213,9118,2,18,2023-07-02T13:25:44.436000+00:00,17.509,31.691,21.783,306.0,228.0,False,70.983,"[None, 2048, 2049, 2048, 2048, 2048]","[2049, 2048, 2048, 2048, 2048, 2048, 2049]","[2048, 2048, 2048, 2048, 2048, 2048]",298.0
1213,9118,24,18,2023-07-02T13:25:46.811000+00:00,17.813,31.657,21.616,294.0,227.0,False,71.086,"[None, 2048, 2048, 2048, 2048, 2048]","[2048, 2048, 2048, 2048, 2048, 2048, 2048]","[2048, 2048, 2048, 2049, 2048, 2048]",292.0
1213,9118,21,18,2023-07-02T13:25:52.748000+00:00,17.737,31.643,21.667,292.0,228.0,False,71.047,"[None, 2048, 2048, 2048, 2048, 2048]","[2048, 2048, 2048, 2048, 2048, 2048, 2048]","[2048, 2048, 2048, 2049, 2048, 2048]",292.0
1213,9118,1,19,2023-07-02T13:26:13.076000+00:00,17.622,31.213,21.107,295.0,228.0,False,69.942,"[2049, 2048, 2048, 2048, 2048, 2048]","[2048, 2048, 2048, 2048, 2048, 2048, 2048]","[2048, 2048, 2049, 2048, 2049, 2048, 2048]",292.0
1213,9118,16,19,2023-07-02T13:26:29.841000+00:00,17.524,30.848,21.137,294.0,232.0,False,69.509,"[None, 2048, 2049, 2048, 2048, 2048]","[2049, 2048, 2048, 2048, 2048, 2049, 2048]","[2048, 2048, 2048, 2048, 2048, 2048, 2048]",294.0
1213,9118,11,19,2023-07-02T13:26:33.388000+00:00,17.657,31.386,21.162,298.0,227.0,False,70.205,"[None, 2048, 2048, 2048, 2048, 2048]","[2048, 2048, 2048, 2048, 2048, 2048, 2048]","[2048, 2049, 2048, 2049, 2049, 2048, 2048]",294.0
1213,9118,44,19,2023-07-02T13:26:34.419000+00:00,17.553,31.977,21.469,295.0,222.0,False,70.999,"[2049, 2048, 2048, 2048, 2048, 2048]","[2048, 2048, 2049, 2049, 2048, 2048, 2048]","[2048, 2048, 2048, 2048, 2048, 2048]",298.0
1213,9118,55,19,2023-07-02T13:26:35.201000+00:00,17.048,31.126,21.174,319.0,229.0,False,69.348,"[2049, 2048, 2049, 2051, 2049, 2048]","[2049, 2048, 2048, 2048, 2048, 2048, 2049]","[2048, 2048, 2048, 2049, 2048, 2048]",307.0
1213,9118,4,19,2023-07-02T13:26:37.138000+00:00,17.631,31.421,21.221,299.0,228.0,False,70.273,"[None, 2048, 2048, 2048, 2048, 2048]","[2048, 2048, 2048, 2048, 2048, 2048, 2048]","[2048, 2048, 2048, 2048, 2048, 2048, 2048]",293.0
1213,9118,14,19,2023-07-02T13:26:42.138000+00:00,17.717,31.063,21.263,,227.0,False,70.043,"[None, 2048, 2049, 2049, 2049, 2048]","[2048, 2048, 2049, 2048, 2049, 2049, 2049]","[2049, 2049, 2048, 2049, 2048, 2048, 2049]",290.0
1213,9118,10,19,2023-07-02T13:26:45.669000+00:00,17.87,31.438,21.422,285.0,228.0,False,70.73,"[None, 2048, 2049, 2048, 2048, 2048]","[2048, 2048, 2048, 2048, 2048, 2048, 2048]","[2049, 2048, 2048, 2048, 2048, 2049]",285.0
1213,9118,22,19,2023-07-02T13:26:47.216000+00:00,17.917,31.945,22.057,293.0,221.0,False,71.919,"[None, 2048, 2048, 2048, 2048, 2048]","[2048, 2048, 2048, 2048, 2048, 2048, 2049]","[2048, 2048, 2048, 2048, 2048, 2048, 2048]",290.0
1213,9118,63,19,2023-07-02T13:26:48.325000+00:00,17.768,31.578,21.719,298.0,227.0,False,71.065,"[None, 2048, 2048, 2048, 2048, 2048]","[2048, 2049, 2048, 2048, 2049, 2048, 2049]","[2049, 2048, 2048, 2048, 2048, 2048, 2048]",292.0
1213,9118,20,19,2023-07-02T13:26:49.419000+00:00,17.52,32.062,21.771,311.0,220.0,False,71.353,"[None, 2048, 2048, 2048, 2048, 2048]","[2048, 2048, 2048, 2048, 2048, 2048, 2048]","[2048, 2048, 2048, 2049, 2048, 2048]",312.0
1213,9118,23,19,2023-07-02T13:26:49.841000+00:00,17.339,32.227,21.789,322.0,223.0,False,71.355,"[None, 2048, 2048, 2049, 2049, 2048]","[2049, 2048, 2048, 2048, 2048, 2048, 2048]","[2048, 2048, 2048, 2048, 2048, 2048, 2048]",316.0
1213,9118,31,19,2023-07-02T13:26:50.169000+00:00,17.502,31.921,22.046,305.0,225.0,False,71.469,"[2048, 2048, 2048, 2048, 2048, 2048]","[2048, 2048, 2048, 2048, 2048, 2048, 2048]","[2048, 2048, 2048, 2048, 2048, 2048, 2048]",306.0
1213,9118,77,19,2023-07-02T13:26:50.950000+00:00,17.492,32.727,22.054,309.0,221.0,False,72.273,"[None, 2049, 2048, 2048, 2048, 2048]","[2048, 2048, 2048, 2048, 2048, 2048, 2048]","[2048, 2048, 2048, 2048, 2048, 2048, 2048]",310.0
1213,9118,18,19,2023-07-02T13:26:51.388000+00:00,17.21,31.666,21.914,324.0,222.0,False,70.79,"[2048, 2048, 2048, 2049, 2051, 2049]","[2048, 2048, 2048, 2048, 2048, 2048, 2048]","[2048, 2048, 2048, 2048, 2048, 2048]",304.0
1213,9118,81,19,2023-07-02T13:26:51.810000+00:00,17.479,32.411,22.04,314.0,218.0,False,71.93,"[2049, 2048, 2048, 2049, 2049, 2048]","[2048, 2048, 2048, 2049, 2048, 2048, 2048]","[2048, 2049, 2048, 2048, 2048, 2048, 2048]",310.0
1213,9118,2,19,2023-07-02T13:26:55.138000+00:00,17.609,31.83,21.723,305.0,227.0,False,71.162,"[None, 2048, 2048, 2048, 2048, 2048]","[2048, 2048, 2048, 2048, 2048, 2048, 2048]","[2048, 2048, 2048, 2048, 2048, 2048, 2048]",296.0
1213,9118,24,19,2023-07-02T13:26:57.903000+00:00,17.757,31.826,21.529,293.0,226.0,False,71.112,"[None, 2049, 2048, 2048, 2048, 2048]","[2048, 2048, 2048, 2048, 2048, 2048, 2048]","[2048, 2048, 2048, 2048, 2048, 2048]",289.0
1213,9118,21,19,2023-07-02T13:27:03.778000+00:00,17.782,31.662,21.671,294.0,226.0,False,71.115,"[None, 2048, 2048, 2048, 2048, 2048]","[2048, 2048, 2048, 2048, 2048, 2048, 2048]","[2048, 2048, 2048, 2048, 2048, 2049]",293.0
1213,9118,1,20,2023-07-02T13:27:23.028000+00:00,17.672,31.316,21.172,293.0,229.0,False,70.16,"[2048, 2048, 2048, 2048, 2048, 2048]","[2048, 2048, 2048, 2049, 2048, 2048, 2048]","[2048, 2048, 2048, 2048, 2048, 2048, 2048]",293.0
1213,9118,16,20,2023-07-02T13:27:39.356000+00:00,17.568,30.911,21.071,293.0,231.0,False,69.55,"[None, 2048, 2048, 2048, 2048, 2048]","[2048, 2048, 2048, 2048, 2048, 2048, 2048]","[2048, 2048, 2048, 2048, 2048, 2049, 2048]",292.0
1213,9118,11,20,2023-07-02T13:27:43.606000+00:00,17.697,32.056,21.508,297.0,228.0,False,71.261,"[None, 2048, 2048, 2048, 2048, 2048]","[2048, 2048, 2048, 2048, 2048, 2048, 2048]","[2048, 2048, 2049, 2048, 2048, 2048, 2048]",299.0
1213,9118,55,20,2023-07-02T13:27:44.481000+00:00,17.215,30.934,21.202,307.0,231.0,False,69.351,"[2048, 2048, 2048, 2048, 2048, 2048]","[2049, 2048, 2049, 2049, 2048, 2048, 2049]","[2048, 2048, 2048, 2048, 2048, 2048]",318.0
1213,9118,44,20,2023-07-02T13:27:45.418000+00:00,17.193,31.592,21.324,319.0,226.0,False,70.109,"[None, 2048, 2048, 2049, 2049, 2049]","[2049, 2048, 2048, 2049, 2048, 2048, 2048]","[2048, 2048, 2048, 2048, 2048, 2048, 2049]",306.0
1213,9118,4,20,2023-07-02T13:27:47.496000+00:00,17.61,31.299,21.284,302.0,228.0,False,70.193,"[None, 2048, 2048, 2048, 2048, 2048]","[2049, 2048, 2048, 2048, 2048, 2049, 2048]","[2048, 2048, 2048, 2048, 2048, 2048, 2048]",295.0
1213,9118,14,20,2023-07-02T13:27:52.184000+00:00,17.643,31.11,21.328,299.0,229.0,False,70.081,"[None, 2048, 2049, 2048, 2048, 2048]","[2048, 2048, 2048, 2049, 2049, 2049, 2048]","[2048, 2048, 2049, 2049, 2049, 2048]",294.0
1213,9118,10,20,2023-07-02T13:27:56.543000+00:00,17.771,31.449,21.268,286.0,229.0,False,70.488,"[None, 2048, 2049, 2048, 2048, 2048]","[2048, 2048, 2048, 2048, 2048, 2048, 2048]","[2049, 2048, 2048, 2049, 2048, 2049, 2048]",286.0
1213,9118,22,20,2023-07-02T13:27:59.090000+00:00,17.942,32.907,22.148,291.0,218.0,False,72.997,"[None, 2048, 2048, 2048, 2048, 2048]","[2048, 2048, 2048, 2048, 2048, 2048, 2048]","[2048, 2048, 2048, 2048, 2048, 2048]",308.0
1213,9118,63,20,2023-07-02T13:27:59.480000+00:00,17.613,32.023,21.534,303.0,225.0,False,71.17,"[None, 2048, 2048, 2048, 2048, 2048]","[2048, 2048, 2048, 2048, 2048, 2048, 2049]","[2049, 2048, 2048, 2048, 2049, 2049]",297.0
1213,9118,20,20,2023-07-02T13:28:00.793000+00:00,17.859,33.026,22.121,295.0,214.0,False,73.006,"[None, 2048, 2048, 2048, 2048, 2048]","[2048, 2048, 2048, 2048, 2048, 2048, 2048]","[2048, 2048, 2048, 2048, 2048, 2048, 2048]",311.0
1213,9118,23,20,2023-07-02T13:28:01.184000+00:00,17.502,32.312,21.491,306.0,227.0,False,71.305,"[None, 2048, 2048, 2048, 2048, 2048]","[2048, 2048, 2048, 2048, 2048, 2048, 2048]","[2049, 2049, 2048, 2048, 2048, 2048]",299.0
1213,9118,31,20,2023-07-02T13:28:01.621000+00:00,17.515,31.992,21.892,308.0,231.0,False,71.399,"[None, 2048, 2048, 2048, 2048, 2048]","[2048, 2048, 2048, 2049, 2048, 2049, 2048]","[2048, 2048, 2048, 2049, 2048, 2048]",319.0
1213,9118,18,20,2023-07-02T13:28:01.934000+00:00,17.391,32.411,22.302,318.0,212.0,False,72.104,"[None, 2048, 2048, 2048, 2048, 2048]","[2048, 2048, 2048, 2049, 2048, 2048, 2048]","[2048, 2048, 2048, 2048, 2048, 2048]",316.0
1213,9118,77,20,2023-07-02T13:28:03.184000+00:00,17.829,32.863,22.178,296.0,220.0,False,72.87,"[None, 2048, 2048, 2048, 2048, 2048]","[2048, 2048, 2049, 2048, 2048, 2048, 2048]","[2048, 2048, 2048, 2048, 2048, 2048, 2048]",304.0
1213,9118,81,20,2023-07-02T13:28:03.512000+00:00,17.574,32.029,21.988,325.0,220.0,False,71.591,"[2048, 2048, 2048, 2049, 2048, 2049]","[2048, 2048, 2049, 2049, 2048, 2048, 2048]","[2048, 2048, 2048, 2048, 2048, 2048, 2048]",313.0
1213,9118,2,20,2023-07-02T13:28:06.308000+00:00,17.63,31.823,21.772,306.0,228.0,False,71.225,"[None, 2048, 2048, 2048, 2048, 2048]","[2048, 2048, 2048, 2048, 2048, 2048, 2048]","[2048, 2049, 2048, 2048, 2048, 2048, 2048]",301.0
1213,9118,24,20,2023-07-02T13:28:09.090000+00:00,17.795,31.727,21.498,,225.0,False,71.02,"[None, 2048, 2048, 2048, 2048, 2048]","[2048, 2048, 2048, 2048, 2048, 2048, 2048]","[2048, 2048, 2048, 2048, 2048, 2048, 2048]",292.0
1213,9118,21,20,2023-07-02T13:28:14.871000+00:00,17.86,31.726,21.708,292.0,229.0,False,71.294,"[None, 2048, 2048, 2048, 2048, 2048]","[2048, 2048, 2048, 2048, 2048, 2048, 2049]","[2048, 2048, 2048, 2048, 2049, 2048, 2048]",293.0
1213,9118,1,21,2023-07-02T13:28:33.152000+00:00,17.729,31.264,21.149,,230.0,False,70.142,"[2049, 2048, 2048, 2048, 2048, 2048]","[2048, 2048, 2048, 2049, 2048, 2048, 2048]","[2048, 2048, 2049, 2048, 2048, 2048, 2048]",295.0
1213,9118,16,21,2023-07-02T13:28:49.073000+00:00,17.572,30.757,21.051,294.0,231.0,False,69.38,"[None, 2048, 2048, 2048, 2048, 2048]","[2048, 2048, 2048, 2048, 2048, 2049, 2048]","[2048, 2048, 2048, 2048, 2048, 2048, 2049]",294.0
1213,9118,55,21,2023-07-02T13:28:53.792000+00:00,17.635,31.095,21.247,287.0,229.0,False,69.977,"[None, 2048, 2049, 2048, 2048, 2048]","[2048, 2048, 2048, 2048, 2048, 2048, 2048]","[2048, 2048, 2048, 2048, 2048, 2048, 2048]",289.0
1213,9118,11,21,2023-07-02T13:28:54.839000+00:00,17.294,31.621,21.267,309.0,227.0,False,70.182,"[None, 2048, 2048, 2048, 2048, 2048]","[2048, 2048, 2048, 2048, 2048, 2048, 2048]","[2048, 2048, 2049, 2048, 2048, 2048, 2048]",312.0
1213,9118,44,21,2023-07-02T13:28:55.526000+00:00,17.182,31.553,21.403,316.0,223.0,False,70.138,"[None, 2049, 2048, 2048, 2049, 2049]","[2048, 2048, 2048, 2049, 2048, 2048, 2048]","[2048, 2048, 2048, 2048, 2048, 2048, 2049]",309.0
1213,9118,4,21,2023-07-02T13:28:57.620000+00:00,17.582,31.205,21.15,,228.0,False,69.937,"[None, 2048, 2048, 2048, 2048, 2048]","[2048, 2048, 2048, 2048, 2049, 2049, 2049]","[2048, 2048, 2048, 2048, 2048, 2049, 2048]",295.0
1213,9118,14,21,2023-07-02T13:29:02.276000+00:00,17.621,31.152,21.377,298.0,228.0,False,70.15,"[None, 2048, 2048, 2048, 2048, 2048]","[2048, 2048, 2049, 2048, 2048, 2048, 2048]","[2048, 2048, 2048, 2048, 2048, 2048, 2048]",293.0
1213,9118,10,21,2023-07-02T13:29:06.932000+00:00,17.762,31.327,21.29,287.0,225.0,False,70.379,"[None, 2048, 2048, 2048, 2048, 2048]","[2048, 2048, 2048, 2048, 2049, 2048, 2048]","[2049, 2048, 2048, 2048, 2049, 2048, 2048]",286.0
1213,9118,63,21,2023-07-02T13:29:10.542000+00:00,17.778,31.536,21.409,299.0,228.0,False,70.723,"[None, 2048, 2048, 2048, 2048, 2048]","[2048, 2048, 2048, 2048, 2049, 2048, 2049]","[2049, 2048, 2048, 2049, 2048, 2048, 2048]",293.0
1213,9118,22,21,2023-07-02T13:29:12.057000+00:00,17.944,33.212,22.361,298.0,219.0,False,73.517,"[None, 2048, 2048, 2048, 2048, 2048]","[2048, 2048, 2048, 2048, 2048, 2049, 2048]","[2048, 2048, 2048, 2048, 2048, 2048]",301.0
1213,9118,23,21,2023-07-02T13:29:12.479000+00:00,17.635,31.872,21.489,289.0,224.0,False,70.996,"[None, 2048, 2048, 2049, 2048, 2048]","[2048, 2048, 2048, 2048, 2049, 2048, 2049]","[2049, 2048, 2048, 2049, 2048, 2048, 2048]",307.0
1213,9118,31,21,2023-07-02T13:29:12.917000+00:00,17.53,32.127,21.661,305.0,225.0,False,71.318,"[None, 2048, 2048, 2048, 2048, 2048]","[2048, 2048, 2048, 2048, 2048, 2048, 2048]","[2049, 2048, 2048, 2048, 2048, 2048]",320.0
1213,9118,20,21,2023-07-02T13:29:13.807000+00:00,17.41,32.973,22.172,315.0,215.0,False,72.555,"[None, 2049, 2048, 2048, 2048, 2048]","[2048, 2048, 2049, 2049, 2048, 2048, 2048]","[2048, 2048, 2048, 2048, 2048, 2048, 2048]",316.0
1213,9118,18,21,2023-07-02T13:29:14.213000+00:00,17.332,32.182,22.193,322.0,220.0,False,71.707,"[2049, 2048, 2048, 2048, 2048, 2048]","[2048, 2048, 2048, 2048, 2048, 2048, 2048]","[2048, 2048, 2048, 2048, 2048, 2048]",309.0
1213,9118,81,21,2023-07-02T13:29:14.995000+00:00,17.832,31.979,21.952,295.0,218.0,False,71.763,"[None, 2048, 2048, 2048, 2048, 2048]","[2048, 2048, 2048, 2048, 2048, 2048, 2048]","[2048, 2048, 2048, 2048, 2048, 2048, 2048]",292.0
1213,9118,77,21,2023-07-02T13:29:16.042000+00:00,17.528,32.376,25.671,312.0,217.0,False,75.575,"[None, 2048, 2048, 2048, 2048, 2048]","[2048, 2048, 2048, 2048, 2048, 2048, 2048]","[2048, 2048, 2048, 2048, 2064, 2064, 2064]",310.0
1213,9118,2,21,2023-07-02T13:29:17.510000+00:00,17.567,31.879,21.878,,225.0,False,71.324,"[None, 2048, 2048, 2048, 2048, 2048]","[2048, 2048, 2048, 2048, 2048, 2048, 2048]","[2048, 2048, 2048, 2048, 2048, 2048]",300.0
1213,9118,24,21,2023-07-02T13:29:20.041000+00:00,17.868,31.865,21.713,,223.0,False,71.446,"[None, 2048, 2048, 2048, 2048, 2048]","[2048, 2048, 2048, 2048, 2048, 2048, 2048]","[2048, 2048, 2048, 2048, 2048, 2048]",292.0
1213,9118,21,21,2023-07-02T13:29:26.182000+00:00,17.773,31.759,21.76,293.0,225.0,False,71.292,"[None, 2048, 2048, 2048, 2048, 2048]","[2048, 2048, 2048, 2048, 2048, 2048, 2048]","[2048, 2048, 2048, 2048, 2048, 2048, 2048]",294.0
1213,9118,1,22,2023-07-02T13:29:43.307000+00:00,17.662,31.399,21.276,,225.0,False,70.337,"[None, 2048, 2048, 2048, 2048, 2048]","[2048, 2048, 2048, 2048, 2048, 2048, 2048]","[2048, 2048, 2048, 2048, 2048, 2048, 2048]",293.0
1213,9118,16,22,2023-07-02T13:29:58.260000+00:00,17.554,30.936,21.113,295.0,230.0,False,69.603,"[None, 2048, 2048, 2048, 2048, 2048]","[2049, 2048, 2048, 2048, 2048, 2048, 2048]","[2048, 2048, 2048, 2048, 2048, 2048, 2048]",295.0
1213,9118,55,22,2023-07-02T13:30:03.853000+00:00,17.604,31.349,21.246,288.0,228.0,False,70.199,"[None, 2048, 2048, 2048, 2048, 2048]","[2048, 2048, 2048, 2048, 2048, 2048, 2048]","[2048, 2048, 2048, 2048, 2048, 2048, 2048]",290.0
1213,9118,11,22,2023-07-02T13:30:04.994000+00:00,17.726,32.072,21.338,302.0,224.0,False,71.136,"[None, 2048, 2048, 2048, 2048, 2048]","[2048, 2048, 2048, 2048, 2048, 2048, 2048]","[2048, 2048, 2049, 2048, 2048, 2049, 2048]",300.0
1213,9118,44,22,2023-07-02T13:30:05.666000+00:00,17.258,32.158,21.62,,226.0,False,71.036,"[2048, 2048, 2048, 2048, 2048, 2048]","[2048, 2048, 2048, 2049, 2048, 2048, 2048]","[2048, 2048, 2048, 2048, 2048, 2048]",318.0
1213,9118,4,22,2023-07-02T13:30:07.556000+00:00,17.639,31.484,21.392,301.0,226.0,False,70.515,"[None, 2048, 2048, 2048, 2048, 2048]","[2048, 2048, 2048, 2048, 2048, 2048, 2048]","[2048, 2048, 2048, 2048, 2048, 2048]",296.0
1213,9118,14,22,2023-07-02T13:30:12.400000+00:00,17.688,31.6,21.524,,226.0,False,70.812,"[None, 2048, 2048, 2048, 2048, 2048]","[2048, 2048, 2048, 2048, 2048, 2048, 2048]","[2048, 2048, 2049, 2048, 2048, 2048, 2048]",294.0
1213,9118,10,22,2023-07-02T13:30:17.322000+00:00,17.734,31.501,21.303,,223.0,False,70.538,"[None, 2048, 2049, 2048, 2048, 2048]","[2048, 2048, 2048, 2048, 2048, 2048, 2048]","[2048, 2048, 2048, 2048, 2048, 2049, 2048]",287.0
1213,9118,63,22,2023-07-02T13:30:21.415000+00:00,17.78,31.663,21.346,298.0,226.0,False,70.789,"[None, 2048, 2048, 2048, 2048, 2048]","[2048, 2048, 2048, 2048, 2048, 2048, 2048]","[2049, 2048, 2048, 2049, 2049, 2049, 2048]",290.0
1213,9118,23,22,2023-07-02T13:30:23.478000+00:00,17.759,31.837,21.497,300.0,225.0,False,71.093,"[None, 2048, 2048, 2048, 2048, 2048]","[2048, 2048, 2048, 2048, 2048, 2048, 2048]","[2048, 2048, 2048, 2049, 2049, 2048]",296.0
1213,9118,31,22,2023-07-02T13:30:24.243000+00:00,17.496,31.934,21.489,304.0,223.0,False,70.919,"[None, 2048, 2048, 2048, 2048, 2048]","[2048, 2048, 2048, 2048, 2048, 2048, 2048]","[2048, 2048, 2048, 2049, 2049, 2049, 2048]",300.0
1213,9118,22,22,2023-07-02T13:30:25.572000+00:00,17.839,32.622,22.429,301.0,208.0,False,72.89,"[None, 2048, 2048, 2048, 2048, 2048]","[2049, 2048, 2048, 2048, 2048, 2048, 2048]","[2048, 2048, 2048, 2048, 2048, 2048, 2048]",307.0
1213,9118,18,22,2023-07-02T13:30:25.822000+00:00,17.62,32.345,21.647,320.0,218.0,False,71.612,"[2048, 2048, 2048, 2048, 2048, 2048]","[2048, 2048, 2048, 2048, 2048, 2048, 2048]","[2048, 2048, 2048, 2049, 2049, 2049]",307.0
1213,9118,20,22,2023-07-02T13:30:26.322000+00:00,17.666,33.364,22.309,316.0,220.0,False,73.339,"[None, 2048, 2048, 2048, 2048, 2048]","[2048, 2048, 2048, 2048, 2048, 2048, 2048]","[2048, 2048, 2048, 2048, 2048, 2048, 2048]",311.0
1213,9118,81,22,2023-07-02T13:30:26.822000+00:00,17.56,32.976,26.52,317.0,206.0,False,77.056,"[None, 2048, 2048, 2048, 2048, 2048]","[2048, 2048, 2048, 2048, 2048, 2048, 2048]","[2048, 2048, 2048, 2048, 2064, 2064, 2064]",308.0
1213,9118,2,22,2023-07-02T13:30:28.868000+00:00,17.513,32.051,22.616,307.0,226.0,False,72.18,"[2049, 2049, 2048, 2048, 2048, 2048]","[2048, 2048, 2048, 2048, 2048, 2048, 2048]","[2048, 2048, 2048, 2048, 2048, 2048]",303.0
1213,9118,24,22,2023-07-02T13:30:31.384000+00:00,17.824,31.92,21.586,294.0,223.0,False,71.33,"[None, 2048, 2048, 2048, 2048, 2048]","[2048, 2048, 2048, 2048, 2048, 2048, 2048]","[2048, 2048, 2048, 2048, 2048, 2048]",292.0
1213,9118,77,22,2023-07-02T13:30:31.618000+00:00,45.178,32.073,21.471,288.0,226.0,True,98.722,"[2064, 2064, 2064, 2048, 2048, 2048]","[2048, 2048, 2048, 2048, 2049, 2048, 2049]","[2049, 2049, 2048, 2049, 2049, 2049, 2048]",286.0
1213,9118,21,22,2023-07-02T13:30:37.478000+00:00,17.732,31.838,21.668,,222.0,False,71.238,"[None, 2048, 2048, 2048, 2048, 2048]","[2048, 2048, 2048, 2048, 2048, 2048, 2048]","[2048, 2048, 2048, 2048, 2049, 2048]",294.0
1213,9118,1,23,2023-07-02T13:30:53.665000+00:00,17.659,31.502,21.235,295.0,227.0,False,70.396,"[2048, 2048, 2048, 2048, 2048, 2048]","[2048, 2048, 2048, 2049, 2048, 2048, 2048]","[2048, 2048, 2049, 2048, 2048, 2048, 2048]",296.0
1213,9118,16,23,2023-07-02T13:31:07.883000+00:00,17.674,31.119,21.06,293.0,229.0,False,69.853,"[None, 2048, 2048, 2048, 2048, 2048]","[2048, 2048, 2048, 2048, 2048, 2048, 2048]","[2048, 2048, 2048, 2048, 2048, 2048, 2048]",293.0
1213,9118,55,23,2023-07-02T13:31:14.039000+00:00,17.59,31.177,21.238,290.0,227.0,False,70.005,"[None, 2048, 2048, 2048, 2048, 2048]","[2048, 2048, 2048, 2048, 2048, 2048, 2048]","[2048, 2048, 2048, 2048, 2048, 2048]",290.0
1213,9118,11,23,2023-07-02T13:31:16.164000+00:00,17.636,31.726,21.258,,226.0,False,70.62,"[None, 2048, 2048, 2048, 2048, 2048]","[2048, 2048, 2048, 2048, 2048, 2048, 2048]","[2048, 2048, 2048, 2048, 2048, 2049, 2048]",299.0
1213,9118,44,23,2023-07-02T13:31:16.743000+00:00,17.35,31.832,21.505,318.0,227.0,False,70.687,"[None, 2048, 2048, 2048, 2048, 2048]","[2048, 2048, 2049, 2048, 2048, 2049, 2048]","[2048, 2048, 2048, 2048, 2048, 2048, 2048]",308.0
1213,9118,4,23,2023-07-02T13:31:18.071000+00:00,17.562,31.511,21.408,304.0,230.0,False,70.481,"[None, 2048, 2048, 2048, 2048, 2048]","[2048, 2048, 2048, 2048, 2048, 2049, 2048]","[2048, 2048, 2048, 2048, 2048, 2048, 2048]",296.0
1213,9118,14,23,2023-07-02T13:31:23.227000+00:00,17.648,31.43,21.348,,228.0,False,70.426,"[None, 2048, 2048, 2048, 2048, 2048]","[2048, 2048, 2048, 2048, 2048, 2048, 2048]","[2048, 2048, 2048, 2048, 2048, 2048]",293.0
1213,9118,10,23,2023-07-02T13:31:27.899000+00:00,17.767,31.457,21.368,,226.0,False,70.592,"[None, 2048, 2048, 2048, 2048, 2048]","[2048, 2048, 2048, 2048, 2048, 2048, 2048]","[2048, 2048, 2048, 2048, 2048, 2048, 2048]",287.0
1213,9118,63,23,2023-07-02T13:31:32.180000+00:00,17.748,31.668,21.38,299.0,228.0,False,70.796,"[None, 2048, 2049, 2048, 2048, 2048]","[2049, 2048, 2048, 2048, 2048, 2048, 2048]","[2049, 2048, 2048, 2049, 2048, 2048, 2048]",290.0
1213,9118,23,23,2023-07-02T13:31:34.570000+00:00,17.734,31.823,21.493,301.0,224.0,False,71.05,"[None, 2048, 2048, 2048, 2048, 2048]","[2048, 2048, 2048, 2048, 2048, 2048, 2048]","[2048, 2048, 2048, 2048, 2049, 2049, 2048]",296.0
1213,9118,31,23,2023-07-02T13:31:35.273000+00:00,17.536,31.946,21.647,305.0,226.0,False,71.129,"[None, 2048, 2048, 2048, 2048, 2048]","[2048, 2048, 2048, 2048, 2048, 2048, 2048]","[2048, 2048, 2048, 2048, 2048, 2048]",299.0
1213,9118,18,23,2023-07-02T13:31:37.336000+00:00,17.712,31.551,21.504,296.0,226.0,False,70.767,"[None, 2048, 2048, 2048, 2048, 2048]","[2048, 2048, 2048, 2048, 2048, 2048, 2048]","[2048, 2048, 2048, 2048, 2048, 2048, 2048]",292.0
1213,9118,22,23,2023-07-02T13:31:38.805000+00:00,17.602,32.148,25.995,309.0,217.0,False,75.745,"[None, 2048, 2048, 2048, 2048, 2048]","[2048, 2048, 2048, 2048, 2048, 2048, 2048]","[2048, 2048, 2048, 2048, 2064, 2064, 2064]",310.0
1213,9118,20,23,2023-07-02T13:31:39.695000+00:00,17.95,32.367,22.078,294.0,219.0,False,72.395,"[None, 2048, 2048, 2048, 2048, 2048]","[2048, 2048, 2048, 2048, 2048, 2048, 2048]","[2048, 2048, 2048, 2048, 2048, 2048]",292.0
1213,9118,2,23,2023-07-02T13:31:41.227000+00:00,17.711,32.192,21.89,302.0,224.0,False,71.793,"[2048, 2048, 2048, 2048, 2048, 2048]","[2048, 2048, 2048, 2048, 2048, 2048, 2048]","[2048, 2048, 2048, 2048, 2048, 2048]",297.0
1213,9118,24,23,2023-07-02T13:31:42.711000+00:00,17.907,31.985,21.848,295.0,224.0,False,71.74,"[None, 2048, 2048, 2048, 2048, 2048]","[2048, 2048, 2048, 2048, 2048, 2048, 2048]","[2048, 2048, 2048, 2048, 2048, 2048]",291.0
1213,9118,81,23,2023-07-02T13:31:43.883000+00:00,43.467,31.652,20.958,294.0,233.0,True,96.077,"[2064, 2064, 2064, 2048, 2048, 2048]","[2048, 2049, 2048, 2048, 2048, 2049, 2049]","[2051, 2049, 2048, 2051, 2049, 2049, 2048]",298.0
1213,9118,21,23,2023-07-02T13:31:48.898000+00:00,17.817,31.972,21.758,292.0,225.0,False,71.547,"[None, 2048, 2048, 2048, 2048, 2048]","[2048, 2048, 2048, 2048, 2048, 2048, 2048]","[2048, 2048, 2048, 2048, 2048, 2048]",294.0
1213,9118,1,24,2023-07-02T13:32:04.101000+00:00,17.669,31.481,24.369,294.0,229.0,False,73.519,"[None, 2048, 2048, 2048, 2048, 2048]","[2049, 2048, 2048, 2048, 2048, 2048, 2048]","[2048, 2048, 2048, 2048, 2064, 2064, 2064]",295.0
1213,9118,77,23,2023-07-02T13:32:10.413000+00:00,17.638,31.155,21.427,295.0,228.0,False,70.22,"[2048, 2048, 2049, 2048, 2048, 2048]","[2048, 2049, 2049, 2048, 2049, 2049, 2048]","[2048, 2049, 2048, 2049, 2049, 2048, 2049]",308.0
1213,9118,16,24,2023-07-02T13:32:17.726000+00:00,17.682,31.251,21.023,291.0,231.0,False,69.956,"[None, 2048, 2048, 2048, 2049, 2048]","[2048, 2048, 2048, 2048, 2048, 2048, 2048]","[2048, 2048, 2048, 2049, 2048, 2048]",293.0
1213,9118,55,24,2023-07-02T13:32:24.101000+00:00,17.613,31.215,21.173,289.0,228.0,False,70.001,"[None, 2048, 2048, 2048, 2048, 2048]","[2048, 2048, 2048, 2048, 2048, 2048, 2048]","[2048, 2048, 2048, 2049, 2049, 2048, 2048]",291.0
1213,9118,11,24,2023-07-02T13:32:26.757000+00:00,17.689,31.467,21.221,297.0,227.0,False,70.377,"[None, 2048, 2048, 2048, 2048, 2048]","[2048, 2048, 2048, 2048, 2048, 2048, 2048]","[2048, 2048, 2048, 2048, 2048, 2048, 2048]",292.0
1213,9118,44,24,2023-07-02T13:32:27.773000+00:00,17.346,31.791,21.438,316.0,225.0,False,70.575,"[None, 2048, 2048, 2048, 2048, 2048]","[2048, 2048, 2048, 2048, 2048, 2048, 2048]","[2048, 2048, 2048, 2048, 2048, 2048, 2049]",299.0
1213,9118,4,24,2023-07-02T13:32:28.538000+00:00,17.613,31.608,21.311,301.0,226.0,False,70.532,"[None, 2048, 2048, 2048, 2048, 2048]","[2048, 2048, 2048, 2048, 2048, 2048, 2048]","[2048, 2048, 2048, 2048, 2048, 2048, 2048]",292.0
1213,9118,14,24,2023-07-02T13:32:33.663000+00:00,17.733,31.342,21.239,,228.0,False,70.314,"[None, 2048, 2048, 2048, 2049, 2048]","[2048, 2048, 2048, 2048, 2048, 2048, 2048]","[2049, 2048, 2048, 2049, 2048, 2048]",293.0
1213,9118,10,24,2023-07-02T13:32:38.491000+00:00,17.734,31.387,21.224,288.0,228.0,False,70.345,"[None, 2048, 2048, 2048, 2048, 2048]","[2048, 2048, 2048, 2048, 2048, 2048, 2048]","[2048, 2048, 2048, 2049, 2049, 2048, 2048]",288.0
1213,9118,63,24,2023-07-02T13:32:42.944000+00:00,17.861,31.597,21.254,298.0,227.0,False,70.712,"[None, 2048, 2048, 2048, 2048, 2048]","[2048, 2048, 2048, 2048, 2048, 2048, 2048]","[2049, 2048, 2048, 2048, 2049, 2049]",291.0
1213,9118,23,24,2023-07-02T13:32:45.601000+00:00,17.673,31.856,21.402,303.0,225.0,False,70.931,"[None, 2048, 2048, 2048, 2048, 2048]","[2048, 2048, 2048, 2048, 2049, 2048, 2048]","[2048, 2048, 2048, 2048, 2049, 2049, 2048]",296.0
1213,9118,31,24,2023-07-02T13:32:46.382000+00:00,17.541,31.883,21.596,304.0,229.0,False,71.02,"[None, 2048, 2048, 2048, 2048, 2048]","[2048, 2048, 2048, 2048, 2048, 2048, 2048]","[2048, 2048, 2048, 2048, 2049, 2049, 2049]",300.0
1213,9118,18,24,2023-07-02T13:32:48.194000+00:00,17.812,31.513,21.566,298.0,225.0,False,70.891,"[None, 2048, 2048, 2048, 2048, 2048]","[2048, 2048, 2048, 2048, 2048, 2048, 2048]","[2048, 2048, 2048, 2048, 2048, 2048]",292.0
1213,9118,20,24,2023-07-02T13:32:51.944000+00:00,17.796,32.15,21.909,291.0,222.0,False,71.855,"[None, 2049, 2048, 2048, 2048, 2048]","[2048, 2048, 2048, 2048, 2048, 2048, 2048]","[2048, 2048, 2048, 2048, 2048, 2048, 2048]",294.0
1213,9118,2,24,2023-07-02T13:32:52.741000+00:00,17.345,32.441,21.808,319.0,226.0,False,71.594,"[2049, 2049, 2048, 2048, 2048, 2048]","[2048, 2048, 2049, 2048, 2048, 2048, 2048]","[2048, 2048, 2048, 2048, 2048, 2048]",313.0
1213,9118,22,24,2023-07-02T13:32:54.163000+00:00,40.94,31.717,21.442,292.0,225.0,True,94.099,"[2064, 2064, 2064, 2048, 2048, 2048]","[2048, 2048, 2048, 2048, 2049, 2048, 2049]","[2049, 2049, 2048, 2049, 2048, 2049, 0]",291.0
1213,9118,24,24,2023-07-02T13:32:54.538000+00:00,17.877,31.87,21.601,296.0,225.0,False,71.348,"[None, 2048, 2048, 2048, 2048, 2048]","[2048, 2048, 2048, 2048, 2048, 2048, 2048]","[2048, 2048, 2048, 2048, 2048, 2048]",293.0
1213,9118,21,24,2023-07-02T13:33:00.194000+00:00,17.838,31.845,21.678,,224.0,False,71.361,"[None, 2048, 2048, 2048, 2048, 2048]","[2048, 2048, 2048, 2048, 2048, 2048, 2048]","[2048, 2048, 2048, 2048, 2049, 2049, 2048]",295.0
1213,9118,1,25,2023-07-02T13:33:17.537000+00:00,34.338,31.305,21.126,304.0,231.0,True,86.769,"[2064, 2064, 2064, 2048, 2048, 2049]","[2048, 2048, 2049, 2049, 2048, 2049, 2048]","[2048, 2048, 2049, 2048, 2048, 2048, 0]",318.0
1213,9118,81,24,2023-07-02T13:33:20.053000+00:00,17.872,31.31,21.14,288.0,228.0,False,70.322,"[2048, 2048, 2049, 2048, 2048, 2048]","[2048, 2048, 2049, 2049, 2049, 2048, 2049]","[2048, 2048, 2048, 2048, 2048, 2049, 2048]",313.0
1213,9118,77,24,2023-07-02T13:33:20.615000+00:00,17.396,31.83,21.368,299.0,223.0,False,70.594,"[None, 2048, 2048, 2049, 2048, 2048]","[2049, 2048, 2048, 2048, 2048, 2049, 2048]","[2048, 2048, 2048, 2048, 2049, 2049, 2049]",288.0
1213,9118,16,25,2023-07-02T13:33:27.662000+00:00,17.546,31.12,21.194,296.0,229.0,False,69.86,"[None, 2048, 2048, 2048, 2048, 2049]","[2048, 2048, 2048, 2048, 2048, 2048, 2048]","[2048, 2048, 2048, 2048, 2048, 2049]",298.0
1213,9118,55,25,2023-07-02T13:33:34.068000+00:00,17.577,31.23,21.156,290.0,229.0,False,69.963,"[None, 2048, 2049, 2048, 2048, 2048]","[2048, 2048, 2048, 2048, 2048, 2048, 2048]","[2048, 2048, 2048, 2048, 2048, 2048]",292.0
1213,9118,11,25,2023-07-02T13:33:37.224000+00:00,17.617,31.554,25.23,300.0,226.0,False,74.401,"[None, 2048, 2048, 2048, 2048, 2048]","[2048, 2048, 2048, 2048, 2048, 2048, 2048]","[2048, 2048, 2048, 2048, 2064, 2064, 2064]",291.0
1213,9118,44,25,2023-07-02T13:33:37.990000+00:00,17.298,31.611,21.803,314.0,224.0,False,70.712,"[None, 2048, 2048, 2048, 2048, 2048]","[2048, 2048, 2048, 2048, 2048, 2048, 2048]","[2048, 2048, 2048, 2048, 2048, 2048]",306.0
1213,9118,4,25,2023-07-02T13:33:39.068000+00:00,17.561,31.354,21.454,305.0,228.0,False,70.369,"[None, 2048, 2049, 2048, 2048, 2048]","[2049, 2048, 2048, 2048, 2048, 2048, 2048]","[2048, 2048, 2049, 2048, 2048, 2048]",298.0
1213,9118,14,25,2023-07-02T13:33:43.927000+00:00,17.663,31.223,21.394,,227.0,False,70.28,"[None, 2048, 2048, 2048, 2049, 2049]","[2048, 2048, 2048, 2048, 2048, 2048, 2048]","[2048, 2048, 2048, 2048, 2049, 2048, 2048]",291.0
1213,9118,10,25,2023-07-02T13:33:48.818000+00:00,17.749,31.395,21.397,287.0,229.0,False,70.541,"[None, 2048, 2048, 2048, 2048, 2048]","[2048, 2048, 2048, 2048, 2048, 2048, 2048]","[2048, 2048, 2048, 2048, 2048, 2048, 2048]",287.0
1213,9118,63,25,2023-07-02T13:33:53.662000+00:00,17.726,31.379,21.349,294.0,227.0,False,70.454,"[None, 2048, 2049, 2048, 2048, 2048]","[2049, 2049, 2048, 2048, 2049, 2048, 2049]","[2049, 2048, 2048, 2049, 2048, 2048]",289.0
1213,9118,23,25,2023-07-02T13:33:56.537000+00:00,17.595,31.763,21.464,296.0,225.0,False,70.822,"[None, 2048, 2049, 2048, 2048, 2048]","[2048, 2048, 2048, 2048, 2049, 2048, 2048]","[2048, 2048, 2048, 2048, 2048, 2049, 2048]",291.0
1213,9118,31,25,2023-07-02T13:33:57.693000+00:00,17.457,31.666,21.673,303.0,227.0,False,70.796,"[None, 2048, 2048, 2048, 2048, 2048]","[2048, 2048, 2048, 2048, 2048, 2048, 2048]","[2048, 2048, 2048, 2048, 2049, 2048, 2048]",300.0
1213,9118,18,25,2023-07-02T13:33:59.083000+00:00,17.696,31.563,21.432,301.0,225.0,False,70.691,"[None, 2048, 2048, 2048, 2048, 2048]","[2048, 2048, 2048, 2048, 2048, 2048, 2048]","[2048, 2048, 2048, 2048, 2048, 2049, 2048]",295.0
1213,9118,20,25,2023-07-02T13:34:03.927000+00:00,17.944,32.818,22.239,290.0,219.0,False,73.001,"[None, 2048, 2048, 2048, 2048, 2048]","[2048, 2048, 2048, 2048, 2048, 2048, 2048]","[2048, 2048, 2048, 2048, 2048, 2048, 2048]",309.0
1213,9118,2,25,2023-07-02T13:34:04.427000+00:00,17.382,32.316,21.865,320.0,228.0,False,71.563,"[2048, 2048, 2048, 2049, 2049, 2048]","[2049, 2048, 2048, 2048, 2048, 2048, 2048]","[2048, 2048, 2048, 2048, 2048, 2048, 2048]",291.0
1213,9118,24,25,2023-07-02T13:34:05.818000+00:00,17.856,32.107,21.721,293.0,226.0,False,71.684,"[None, 2048, 2048, 2048, 2048, 2048]","[2048, 2048, 2048, 2048, 2048, 2048, 2048]","[2048, 2048, 2048, 2048, 2048, 2048, 2049]",294.0
1213,9118,21,25,2023-07-02T13:34:11.599000+00:00,17.744,31.836,21.817,295.0,223.0,False,71.397,"[None, 2048, 2048, 2048, 2048, 2048]","[2048, 2048, 2048, 2048, 2048, 2048, 2048]","[2048, 2048, 2048, 2048, 2048, 2048, 2048]",299.0
1213,9118,22,25,2023-07-02T13:34:28.302000+00:00,17.628,31.119,21.333,289.0,225.0,False,70.08,"[2048, 2048, 2049, 2048, 2048, 2048]","[2048, 2049, 2048, 2048, 2049, 2048, 2049]","[2049, 2048, 2048, 2049, 2049, 2049, 2048]",288.0
1213,9118,81,25,2023-07-02T13:34:30.348000+00:00,17.791,32.063,21.588,,222.0,False,71.442,"[None, 2048, 2049, 2048, 2048, 2048]","[2048, 2049, 2048, 2048, 2048, 2048, 2048]","[2048, 2048, 2048, 2048, 2048, 2048, 2049]",295.0
1213,9118,77,25,2023-07-02T13:34:31.192000+00:00,17.225,31.336,21.416,309.0,223.0,False,69.977,"[None, 2048, 2048, 2049, 2048, 2048]","[2048, 2048, 2049, 2048, 2048, 2048, 2048]","[2048, 2048, 2048, 2049, 2049, 2048]",316.0
1213,9118,16,26,2023-07-02T13:34:37.536000+00:00,17.514,31.146,21.245,297.0,231.0,False,69.905,"[2049, 2048, 2048, 2048, 2049, 2049]","[2048, 2048, 2048, 2048, 2048, 2048, 2048]","[2048, 2048, 2049, 2048, 2048, 2048]",297.0
1213,9118,55,26,2023-07-02T13:34:44.020000+00:00,17.604,31.77,21.276,,228.0,False,70.65,"[None, 2048, 2048, 2048, 2048, 2048]","[2048, 2048, 2048, 2048, 2048, 2048, 2048]","[2048, 2048, 2048, 2048, 2048, 2048, 2048]",302.0
1213,9118,1,26,2023-07-02T13:34:44.379000+00:00,17.321,30.689,20.919,320.0,233.0,False,68.929,"[2049, 2048, 2048, 2049, 2049, 2049]","[2048, 2048, 2049, 2048, 2049, 2048, 2051]","[2048, 2049, 2048, 2048, 2048, 2051]",315.0
1213,9118,44,26,2023-07-02T13:34:48.567000+00:00,17.622,31.376,21.273,297.0,225.0,False,70.271,"[None, 2048, 2048, 2048, 2048, 2048]","[2048, 2048, 2048, 2048, 2048, 2048, 2048]","[2048, 2048, 2048, 2048, 2048, 2048, 2048]",290.0
1213,9118,4,26,2023-07-02T13:34:49.364000+00:00,17.287,31.619,21.338,318.0,226.0,False,70.244,"[2049, 2049, 2048, 2049, 2049, 2049]","[2048, 2048, 2048, 2048, 2048, 2048, 2048]","[2048, 2048, 2048, 2048, 2048, 2048, 2049]",307.0
1213,9118,11,26,2023-07-02T13:34:51.848000+00:00,34.377,31.189,21.413,314.0,229.0,True,86.979,"[2064, 2064, 2064, 2048, 2048, 2048]","[2048, 2048, 2051, 2048, 2049, 2049, 2048]","[2048, 2048, 2048, 2048, 2048, 2048, 2049]",320.0
1213,9118,14,26,2023-07-02T13:34:54.551000+00:00,17.649,31.376,21.347,300.0,228.0,False,70.372,"[None, 2048, 2048, 2048, 2048, 2049]","[2048, 2048, 2048, 2049, 2048, 2048, 2048]","[2048, 2048, 2049, 2048, 2048, 2048, 2048]",294.0
1213,9118,10,26,2023-07-02T13:34:59.364000+00:00,17.823,31.522,21.317,,228.0,False,70.662,"[None, 2048, 2048, 2048, 2048, 2048]","[2048, 2048, 2048, 2048, 2048, 2048, 2048]","[2048, 2048, 2048, 2048, 2048, 2048]",288.0
1213,9118,63,26,2023-07-02T13:35:04.129000+00:00,17.816,31.584,21.351,295.0,226.0,False,70.751,"[None, 2048, 2048, 2048, 2048, 2048]","[2048, 2048, 2048, 2048, 2049, 2048, 2048]","[2048, 2048, 2048, 2048, 2048, 2048, 2048]",288.0
1213,9118,23,26,2023-07-02T13:35:07.442000+00:00,17.668,31.772,21.458,303.0,227.0,False,70.898,"[None, 2048, 2048, 2048, 2048, 2048]","[2048, 2048, 2048, 2048, 2049, 2048, 2048]","[2048, 2048, 2048, 2048, 2048, 2048]",297.0
1213,9118,31,26,2023-07-02T13:35:08.207000+00:00,17.49,32.152,21.63,305.0,226.0,False,71.272,"[None, 2048, 2048, 2048, 2048, 2048]","[2048, 2048, 2048, 2048, 2048, 2048, 2048]","[2048, 2048, 2048, 2048, 2048, 2048, 2048]",298.0
1213,9118,18,26,2023-07-02T13:35:09.942000+00:00,17.643,31.759,21.514,298.0,225.0,False,70.916,"[None, 2048, 2048, 2048, 2048, 2048]","[2048, 2048, 2048, 2048, 2048, 2048, 2048]","[2048, 2048, 2048, 2048, 2048, 2048, 2048]",296.0
1213,9118,2,26,2023-07-02T13:35:15.910000+00:00,17.72,31.869,21.881,304.0,229.0,False,71.47,"[None, 2048, 2048, 2048, 2048, 2048]","[2048, 2048, 2048, 2048, 2048, 2048, 2048]","[2048, 2048, 2048, 2048, 2048, 2048, 2048]",295.0
1213,9118,20,26,2023-07-02T13:35:16.911000+00:00,17.554,32.243,22.108,312.0,222.0,False,71.905,"[None, 2048, 2048, 2048, 2048, 2048]","[2048, 2048, 2048, 2048, 2048, 2048, 2048]","[2048, 2048, 2048, 2048, 2048, 2048, 2048]",308.0
1213,9118,24,26,2023-07-02T13:35:17.582000+00:00,17.447,32.173,22.039,315.0,226.0,False,71.659,"[2049, 2048, 2048, 2048, 2048, 2048]","[2048, 2048, 2048, 2049, 2048, 2048, 2048]","[2048, 2048, 2049, 2048, 2048, 2048]",314.0
1213,9118,21,26,2023-07-02T13:35:22.988000+00:00,17.835,31.913,21.809,293.0,223.0,False,71.557,"[None, 2048, 2048, 2048, 2048, 2048]","[2048, 2048, 2048, 2048, 2048, 2048, 2048]","[2048, 2048, 2048, 2048, 2048, 2048]",296.0
1213,9118,22,26,2023-07-02T13:35:38.378000+00:00,17.699,31.189,21.49,291.0,225.0,False,70.378,"[None, 2048, 2048, 2048, 2048, 2048]","[2048, 2048, 2048, 2048, 2049, 2048, 2049]","[2048, 2048, 2048, 2048, 2048, 2048, 2048]",288.0
1213,9118,77,26,2023-07-02T13:35:41.175000+00:00,17.719,31.257,21.186,290.0,227.0,False,70.162,"[None, 2048, 2048, 2048, 2048, 2048]","[2048, 2048, 2048, 2048, 2049, 2048, 2049]","[2049, 2049, 2048, 2049, 2048, 2049]",289.0
1213,9118,81,26,2023-07-02T13:35:41.769000+00:00,17.499,31.684,21.363,313.0,226.0,False,70.546,"[None, 2048, 2048, 2048, 2048, 2048]","[2048, 2048, 2048, 2048, 2048, 2048, 2048]","[2048, 2048, 2048, 2048, 2048, 2048]",305.0
1213,9118,16,27,2023-07-02T13:35:47.488000+00:00,17.615,31.151,21.133,295.0,229.0,False,69.899,"[2048, 2048, 2048, 2048, 2048, 2048]","[2048, 2048, 2048, 2048, 2048, 2048, 2048]","[2048, 2048, 2048, 2048, 2048, 2048, 2048]",295.0
1213,9118,1,27,2023-07-02T13:35:53.222000+00:00,17.544,30.851,20.85,290.0,234.0,False,69.245,"[2048, 2048, 2048, 2048, 2048, 2048]","[2048, 2048, 2048, 2048, 2048, 2048, 2048]","[2049, 2051, 2048, 2048, 2048, 2048, 2048]",291.0
1213,9118,55,27,2023-07-02T13:35:54.675000+00:00,17.567,31.337,21.127,293.0,228.0,False,70.031,"[None, 2048, 2048, 2048, 2048, 2048]","[2048, 2048, 2048, 2048, 2048, 2048, 2048]","[2048, 2048, 2048, 2048, 2049, 2048]",292.0
1213,9118,44,27,2023-07-02T13:35:58.925000+00:00,17.649,31.392,21.107,298.0,228.0,False,70.148,"[None, 2048, 2048, 2048, 2048, 2048]","[2048, 2048, 2048, 2048, 2048, 2048, 2048]","[2048, 2048, 2048, 2049, 2048, 2048]",291.0
1213,9118,4,27,2023-07-02T13:35:59.706000+00:00,17.345,31.739,21.218,316.0,229.0,False,70.302,"[2048, 2048, 2048, 2048, 2048, 2048]","[2049, 2048, 2048, 2048, 2048, 2048, 2048]","[2048, 2048, 2048, 2048, 2048, 2048]",305.0
1213,9118,14,27,2023-07-02T13:36:04.597000+00:00,17.632,31.375,21.347,298.0,228.0,False,70.354,"[None, 2048, 2048, 2048, 2048, 2048]","[2048, 2048, 2048, 2048, 2048, 2048, 2048]","[2048, 2048, 2048, 2048, 2048, 2048, 2048]",292.0
1213,9118,10,27,2023-07-02T13:36:09.925000+00:00,17.82,31.516,21.313,,230.0,False,70.649,"[None, 2048, 2048, 2048, 2048, 2048]","[2048, 2048, 2048, 2048, 2048, 2048, 2048]","[2049, 2048, 2048, 2048, 2048, 2048]",287.0
1213,9118,63,27,2023-07-02T13:36:14.878000+00:00,17.746,31.628,21.256,294.0,227.0,False,70.63,"[None, 2049, 2048, 2048, 2048, 2048]","[2048, 2048, 2048, 2048, 2048, 2048, 2049]","[2048, 2048, 2048, 2048, 2049, 2048, 2048]",287.0
1213,9118,23,27,2023-07-02T13:36:18.284000+00:00,17.656,32.085,21.607,300.0,226.0,False,71.348,"[None, 2048, 2048, 2048, 2048, 2048]","[2048, 2048, 2048, 2048, 2048, 2048, 2048]","[2048, 2048, 2048, 2048, 2048, 2048, 2048]",306.0
1213,9118,11,27,2023-07-02T13:36:18.534000+00:00,17.398,30.921,20.975,321.0,233.0,False,69.294,"[2048, 2048, 2048, 2049, 2048, 2048]","[2048, 2049, 2048, 2048, 2048, 2048, 2049]","[2051, 2049, 2048, 2048, 2048, 2051]",295.0
1213,9118,31,27,2023-07-02T13:36:19.472000+00:00,17.504,31.876,21.557,,227.0,False,70.937,"[None, 2049, 2048, 2048, 2048, 2048]","[2048, 2048, 2048, 2048, 2048, 2048, 2048]","[2048, 2048, 2048, 2048, 2048, 2048]",301.0
1213,9118,18,27,2023-07-02T13:36:20.690000+00:00,17.786,31.552,21.451,297.0,223.0,False,70.789,"[None, 2048, 2048, 2048, 2048, 2048]","[2048, 2048, 2048, 2048, 2048, 2048, 2048]","[2048, 2048, 2048, 2048, 2048, 2048, 2048]",293.0
1213,9118,2,27,2023-07-02T13:36:27.471000+00:00,17.684,31.975,21.731,,229.0,False,71.39,"[None, 2048, 2048, 2048, 2048, 2048]","[2048, 2048, 2048, 2048, 2048, 2048, 2048]","[2048, 2048, 2048, 2048, 2048, 2049]",297.0
1213,9118,20,27,2023-07-02T13:36:28.799000+00:00,17.952,32.918,22.117,298.0,220.0,False,72.987,"[None, 2048, 2048, 2048, 2048, 2048]","[2048, 2048, 2048, 2048, 2048, 2048, 2048]","[2048, 2048, 2048, 2048, 2048, 2048]",303.0
1213,9118,24,27,2023-07-02T13:36:29.253000+00:00,17.635,32.106,21.626,320.0,229.0,False,71.367,"[2048, 2048, 2048, 2049, 2048, 2048]","[2048, 2048, 2048, 2048, 2048, 2048, 2048]","[2048, 2048, 2048, 2048, 2048, 2048]",311.0
1213,9118,21,27,2023-07-02T13:36:34.565000+00:00,17.749,31.907,21.765,,225.0,False,71.421,"[None, 2048, 2048, 2048, 2048, 2048]","[2048, 2048, 2048, 2048, 2048, 2048, 2048]","[2048, 2048, 2048, 2048, 2048, 2048, 2048]",297.0
1213,9118,22,27,2023-07-02T13:36:48.971000+00:00,17.729,31.295,21.405,293.0,227.0,False,70.429,"[None, 2048, 2048, 2048, 2048, 2048]","[2048, 2048, 2048, 2048, 2048, 2048, 2048]","[2048, 2048, 2048, 2049, 2048, 2048, 2048]",288.0
1213,9118,77,27,2023-07-02T13:36:51.346000+00:00,17.658,31.475,21.294,,227.0,False,70.427,"[None, 2048, 2048, 2048, 2048, 2048]","[2048, 2048, 2048, 2048, 2048, 2048, 2048]","[2048, 2048, 2048, 2048, 2048, 2048, 2048]",288.0
1213,9118,81,27,2023-07-02T13:36:52.315000+00:00,17.426,31.478,21.507,311.0,225.0,False,70.411,"[None, 2048, 2048, 2048, 2048, 2048]","[2048, 2048, 2048, 2048, 2048, 2048, 2048]","[2048, 2048, 2048, 2048, 2048, 2048, 2048]",304.0
1213,9118,16,28,2023-07-02T13:36:57.408000+00:00,17.611,31.154,21.245,,230.0,False,70.01,"[None, 2048, 2048, 2048, 2048, 2048]","[2048, 2048, 2048, 2048, 2048, 2048, 2048]","[2048, 2048, 2049, 2048, 2048, 2048, 2048]",295.0
1213,9118,1,28,2023-07-02T13:37:02.549000+00:00,17.468,30.873,20.91,293.0,232.0,False,69.251,"[None, 2048, 2051, 2048, 2048, 2048]","[2048, 2048, 2048, 2048, 2048, 2048, 2048]","[2048, 2051, 2048, 2048, 2048, 2048]",294.0
1213,9118,55,28,2023-07-02T13:37:04.689000+00:00,17.614,31.236,21.107,,226.0,False,69.957,"[None, 2048, 2048, 2048, 2048, 2048]","[2048, 2048, 2048, 2048, 2048, 2048, 2048]","[2048, 2048, 2048, 2048, 2048, 2048, 2048]",293.0
1213,9118,44,28,2023-07-02T13:37:09.174000+00:00,17.663,32.393,21.485,296.0,225.0,False,71.541,"[None, 2048, 2048, 2048, 2048, 2048]","[2048, 2048, 2048, 2048, 2048, 2048, 2048]","[2048, 2048, 2048, 2048, 2048, 2048, 2048]",288.0
1213,9118,4,28,2023-07-02T13:37:10.017000+00:00,17.322,31.566,21.059,,228.0,False,69.947,"[None, 2049, 2048, 2048, 2048, 2048]","[2048, 2048, 2048, 2049, 2048, 2048, 2048]","[2049, 2049, 2048, 2048, 2048, 2048]",316.0
1213,9118,14,28,2023-07-02T13:37:15.205000+00:00,17.676,31.406,21.287,,227.0,False,70.369,"[None, 2048, 2048, 2048, 2048, 2048]","[2048, 2048, 2048, 2048, 2048, 2048, 2048]","[2048, 2048, 2048, 2048, 2048, 2048, 2048]",292.0
1213,9118,10,28,2023-07-02T13:37:20.674000+00:00,17.806,31.578,21.286,288.0,227.0,False,70.67,"[None, 2048, 2048, 2048, 2048, 2048]","[2048, 2048, 2048, 2048, 2048, 2048, 2048]","[2048, 2048, 2048, 2048, 2049, 2048, 2048]",287.0
1213,9118,63,28,2023-07-02T13:37:25.533000+00:00,17.773,31.515,21.312,,226.0,False,70.6,"[None, 2048, 2048, 2048, 2048, 2048]","[2048, 2048, 2048, 2048, 2048, 2048, 2048]","[2048, 2048, 2048, 2048, 2049, 2048]",290.0
1213,9118,11,28,2023-07-02T13:37:27.752000+00:00,17.569,30.91,20.909,297.0,231.0,False,69.388,"[None, 2048, 2048, 2048, 2048, 2048]","[2048, 2051, 2048, 2048, 2048, 2048, 2048]","[2048, 2049, 2048, 2049, 2048, 2048, 2048]",291.0
1213,9118,23,28,2023-07-02T13:37:29.642000+00:00,17.696,31.889,21.43,304.0,227.0,False,71.015,"[None, 2048, 2048, 2048, 2048, 2048]","[2048, 2048, 2048, 2048, 2048, 2048, 2048]","[2048, 2048, 2048, 2048, 2048, 2048, 2048]",297.0
1213,9118,31,28,2023-07-02T13:37:30.392000+00:00,17.488,31.912,21.477,304.0,227.0,False,70.877,"[None, 2048, 2048, 2048, 2048, 2048]","[2048, 2048, 2048, 2048, 2048, 2048, 2048]","[2048, 2048, 2048, 2048, 2049, 2048, 2048]",300.0
1213,9118,18,28,2023-07-02T13:37:31.501000+00:00,17.65,31.719,21.42,305.0,226.0,False,70.789,"[None, 2048, 2048, 2048, 2048, 2048]","[2048, 2048, 2048, 2048, 2048, 2048, 2048]","[2048, 2048, 2048, 2048, 2048, 2048, 2048]",297.0
1213,9118,2,28,2023-07-02T13:37:38.861000+00:00,17.711,31.905,21.691,303.0,227.0,False,71.307,"[None, 2048, 2048, 2048, 2048, 2048]","[2048, 2048, 2048, 2048, 2048, 2048, 2048]","[2048, 2048, 2048, 2048, 2049, 2048]",297.0
1213,9118,24,28,2023-07-02T13:37:40.673000+00:00,17.919,31.975,21.6,295.0,227.0,False,71.494,"[None, 2048, 2048, 2048, 2048, 2048]","[2048, 2048, 2048, 2048, 2048, 2048, 2048]","[2048, 2048, 2048, 2048, 2048, 2048]",293.0
1213,9118,20,28,2023-07-02T13:37:41.829000+00:00,17.925,32.407,21.922,,219.0,False,72.254,"[None, 2048, 2048, 2048, 2048, 2048]","[2048, 2048, 2048, 2048, 2048, 2048, 2048]","[2049, 2048, 2048, 2048, 2048, 2048]",297.0
1213,9118,21,28,2023-07-02T13:37:45.986000+00:00,17.821,31.884,21.754,291.0,226.0,False,71.459,"[None, 2048, 2048, 2048, 2048, 2048]","[2048, 2048, 2048, 2048, 2048, 2048, 2048]","[2048, 2048, 2048, 2048, 2048, 2048]",295.0
1213,9118,22,28,2023-07-02T13:37:59.188000+00:00,17.726,31.209,21.411,291.0,224.0,False,70.346,"[None, 2048, 2048, 2048, 2048, 2048]","[2048, 2048, 2048, 2048, 2048, 2048, 2048]","[2049, 2048, 2048, 2049, 2048, 2048]",287.0
1213,9118,77,28,2023-07-02T13:38:01.735000+00:00,17.674,31.382,21.295,,227.0,False,70.351,"[None, 2048, 2048, 2048, 2048, 2048]","[2048, 2048, 2048, 2048, 2048, 2048, 2048]","[2048, 2048, 2048, 2048, 2048, 2048]",288.0
1213,9118,81,28,2023-07-02T13:38:02.735000+00:00,17.476,31.562,21.323,309.0,225.0,False,70.361,"[None, 2049, 2048, 2048, 2048, 2048]","[2048, 2048, 2048, 2048, 2048, 2048, 2048]","[2048, 2048, 2048, 2048, 2048, 2048, 2048]",303.0
1213,9118,16,29,2023-07-02T13:38:07.376000+00:00,17.588,31.219,21.153,298.0,231.0,False,69.96,"[2049, 2048, 2048, 2048, 2048, 2049]","[2048, 2048, 2048, 2048, 2048, 2048, 2048]","[2048, 2048, 2049, 2048, 2048, 2048, 2048]",298.0
1213,9118,1,29,2023-07-02T13:38:11.860000+00:00,17.466,30.9,20.923,294.0,232.0,False,69.289,"[None, 2048, 2048, 2048, 2048, 2048]","[2048, 2048, 2048, 2048, 2048, 2048, 2048]","[2048, 2048, 2048, 2048, 2048, 2049]",294.0
1213,9118,55,29,2023-07-02T13:38:14.688000+00:00,17.603,31.349,21.193,292.0,229.0,False,70.145,"[None, 2048, 2048, 2048, 2048, 2048]","[2048, 2048, 2048, 2048, 2048, 2048, 2048]","[2048, 2048, 2048, 2048, 2049, 2048]",292.0
1213,9118,4,29,2023-07-02T13:38:19.891000+00:00,17.788,31.897,21.141,295.0,227.0,False,70.826,"[None, 2048, 2048, 2048, 2048, 2048]","[2048, 2048, 2048, 2048, 2048, 2048, 2048]","[2048, 2048, 2048, 2048, 2048, 2049, 2048]",289.0
1213,9118,44,29,2023-07-02T13:38:20.641000+00:00,17.286,32.064,21.497,318.0,229.0,False,70.847,"[None, 2048, 2048, 2048, 2048, 2048]","[2048, 2048, 2048, 2048, 2048, 2048, 2048]","[2048, 2048, 2048, 2048, 2048, 2048, 2048]",305.0
1213,9118,14,29,2023-07-02T13:38:25.360000+00:00,17.699,31.348,21.357,300.0,227.0,False,70.404,"[None, 2048, 2048, 2048, 2048, 2048]","[2049, 2048, 2048, 2048, 2048, 2048, 2048]","[2048, 2048, 2049, 2048, 2048, 2048, 2048]",293.0
1213,9118,10,29,2023-07-02T13:38:31.329000+00:00,17.821,31.882,21.485,,227.0,False,71.188,"[None, 2048, 2048, 2048, 2048, 2048]","[2048, 2048, 2048, 2048, 2048, 2048, 2048]","[2048, 2048, 2048, 2048, 2048, 2048]",286.0
1213,9118,63,29,2023-07-02T13:38:36.094000+00:00,17.861,31.865,21.319,299.0,228.0,False,71.045,"[None, 2048, 2048, 2048, 2048, 2048]","[2048, 2048, 2048, 2048, 2048, 2048, 2048]","[2048, 2048, 2048, 2048, 2048, 2048]",291.0
1213,9118,11,29,2023-07-02T13:38:37.219000+00:00,17.538,31.492,21.231,303.0,225.0,False,70.261,"[None, 2048, 2048, 2048, 2048, 2048]","[2048, 2048, 2048, 2048, 2048, 2048, 2048]","[2048, 2048, 2049, 2048, 2048, 2048]",297.0
1213,9118,23,29,2023-07-02T13:38:40.610000+00:00,17.647,31.803,21.566,302.0,225.0,False,71.016,"[None, 2048, 2048, 2048, 2048, 2048]","[2048, 2048, 2048, 2048, 2049, 2048, 2048]","[2048, 2048, 2048, 2048, 2048, 2048]",296.0
1213,9118,31,29,2023-07-02T13:38:41.328000+00:00,17.504,31.87,21.632,305.0,227.0,False,71.006,"[None, 2048, 2048, 2048, 2048, 2048]","[2048, 2048, 2048, 2048, 2048, 2048, 2048]","[2048, 2048, 2048, 2048, 2048, 2048, 2048]",300.0
1213,9118,18,29,2023-07-02T13:38:42.266000+00:00,17.697,31.69,21.617,298.0,224.0,False,71.004,"[None, 2048, 2048, 2048, 2048, 2048]","[2048, 2048, 2048, 2048, 2048, 2048, 2048]","[2048, 2048, 2048, 2048, 2048, 2048, 2048]",295.0
1213,9118,2,29,2023-07-02T13:38:50.188000+00:00,17.751,31.805,21.569,301.0,227.0,False,71.125,"[None, 2048, 2048, 2048, 2048, 2048]","[2048, 2048, 2048, 2048, 2048, 2049, 2048]","[2049, 2049, 2048, 2048, 2048, 2049, 2048]",295.0
1213,9118,24,29,2023-07-02T13:38:52.094000+00:00,17.976,31.995,21.743,291.0,223.0,False,71.714,"[None, 2048, 2048, 2048, 2048, 2048]","[2048, 2048, 2048, 2048, 2048, 2048, 2048]","[2048, 2048, 2048, 2048, 2048, 2048, 2048]",289.0
1213,9118,20,29,2023-07-02T13:38:54.078000+00:00,17.924,32.31,21.954,,221.0,False,72.188,"[None, 2048, 2048, 2048, 2048, 2048]","[2048, 2048, 2048, 2048, 2048, 2048, 2048]","[2048, 2048, 2048, 2048, 2048, 2048, 2048]",297.0
1213,9118,21,29,2023-07-02T13:38:57.484000+00:00,17.836,31.97,21.715,292.0,222.0,False,71.521,"[None, 2048, 2048, 2048, 2048, 2048]","[2048, 2048, 2048, 2048, 2048, 2048, 2048]","[2048, 2048, 2048, 2048, 2048, 2049]",295.0
1213,9118,22,29,2023-07-02T13:39:09.562000+00:00,17.733,31.247,21.383,289.0,226.0,False,70.363,"[None, 2048, 2048, 2048, 2048, 2048]","[2048, 2048, 2048, 2048, 2048, 2048, 2048]","[2048, 2048, 2048, 2049, 2048, 2048]",288.0
1213,9118,77,29,2023-07-02T13:39:12.109000+00:00,17.64,31.245,21.224,296.0,228.0,False,70.109,"[None, 2048, 2048, 2048, 2048, 2048]","[2048, 2048, 2048, 2048, 2048, 2049, 2048]","[2048, 2048, 2048, 2048, 2049, 2049, 2048]",293.0
1213,9118,81,29,2023-07-02T13:39:13.078000+00:00,17.444,31.568,21.329,310.0,227.0,False,70.341,"[None, 2048, 2048, 2048, 2048, 2048]","[2048, 2048, 2048, 2048, 2048, 2048, 2048]","[2048, 2048, 2048, 2048, 2048, 2048, 2048]",304.0
1213,9118,16,30,2023-07-02T13:39:17.359000+00:00,17.601,31.126,21.189,299.0,231.0,False,69.916,"[2048, 2048, 2048, 2048, 2049, 2049]","[2048, 2048, 2048, 2048, 2048, 2049, 2048]","[2048, 2048, 2048, 2048, 2048, 2048]",298.0
1213,9118,1,30,2023-07-02T13:39:21.062000+00:00,17.468,31.009,20.896,296.0,231.0,False,69.373,"[None, 2048, 2048, 2048, 2048, 2048]","[2048, 2048, 2048, 2048, 2048, 2048, 2048]","[2049, 2048, 2048, 2048, 2048, 2048]",293.0
1213,9118,55,30,2023-07-02T13:39:24.953000+00:00,17.6,31.328,21.275,293.0,226.0,False,70.203,"[None, 2048, 2048, 2048, 2048, 2048]","[2048, 2048, 2048, 2048, 2048, 2048, 2048]","[2048, 2048, 2048, 2048, 2048, 2048, 2048]",292.0
1213,9118,4,30,2023-07-02T13:39:30.781000+00:00,17.692,31.592,21.194,298.0,227.0,False,70.478,"[None, 2049, 2048, 2048, 2048, 2048]","[2048, 2048, 2048, 2048, 2048, 2048, 2048]","[2048, 2048, 2048, 2048, 2048, 2048, 2048]",291.0
1213,9118,44,30,2023-07-02T13:39:31.531000+00:00,17.31,31.93,21.404,314.0,226.0,False,70.644,"[None, 2048, 2048, 2048, 2048, 2048]","[2048, 2048, 2048, 2048, 2048, 2048, 2048]","[2048, 2048, 2048, 2048, 2048, 2048, 2049]",301.0
1213,9118,14,30,2023-07-02T13:39:35.734000+00:00,17.649,31.411,21.349,297.0,227.0,False,70.409,"[None, 2048, 2048, 2048, 2048, 2048]","[2048, 2048, 2048, 2048, 2048, 2048, 2048]","[2048, 2048, 2048, 2048, 2048, 2048, 2049]",293.0
1213,9118,10,30,2023-07-02T13:39:42.515000+00:00,17.881,31.631,21.436,289.0,227.0,False,70.948,"[None, 2048, 2048, 2048, 2048, 2048]","[2048, 2048, 2048, 2048, 2048, 2048, 2048]","[2048, 2048, 2048, 2048, 2048, 2048, 2048]",288.0
1213,9118,63,30,2023-07-02T13:39:47.155000+00:00,18.04,31.967,21.344,298.0,225.0,False,71.351,"[None, 2048, 2048, 2048, 2048, 2048]","[2048, 2048, 2048, 2048, 2048, 2048, 2048]","[2048, 2048, 2048, 2048, 2048, 2048, 2048]",299.0
1213,9118,11,30,2023-07-02T13:39:47.468000+00:00,17.623,31.154,21.006,318.0,228.0,False,69.783,"[None, 2048, 2048, 2048, 2048, 2048]","[2048, 2048, 2048, 2048, 2048, 2048, 2048]","[2048, 2048, 2048, 2048, 2049, 2048]",288.0
1213,9118,23,30,2023-07-02T13:39:51.671000+00:00,17.593,31.84,21.579,304.0,227.0,False,71.012,"[None, 2048, 2048, 2048, 2048, 2048]","[2048, 2048, 2048, 2048, 2048, 2048, 2048]","[2048, 2048, 2048, 2048, 2048, 2048, 2048]",298.0
1213,9118,31,30,2023-07-02T13:39:52.327000+00:00,17.487,31.996,21.756,307.0,225.0,False,71.239,"[None, 2048, 2048, 2048, 2048, 2048]","[2048, 2048, 2048, 2048, 2048, 2048, 2048]","[2048, 2048, 2048, 2048, 2049, 2048, 2048]",304.0
1213,9118,18,30,2023-07-02T13:39:53.280000+00:00,17.633,31.713,21.607,306.0,223.0,False,70.953,"[None, 2048, 2048, 2048, 2048, 2048]","[2048, 2048, 2048, 2048, 2048, 2048, 2048]","[2048, 2048, 2048, 2048, 2048, 2048, 2049]",301.0
1213,9118,2,30,2023-07-02T13:40:01.296000+00:00,17.619,31.869,21.585,304.0,227.0,False,71.073,"[None, 2048, 2048, 2048, 2048, 2048]","[2048, 2048, 2048, 2048, 2048, 2048, 2049]","[2049, 2048, 2048, 2048, 2048, 2048, 2048]",298.0
1213,9118,24,30,2023-07-02T13:40:03.796000+00:00,17.95,32.032,21.728,293.0,225.0,False,71.71,"[None, 2048, 2048, 2048, 2048, 2048]","[2048, 2048, 2048, 2048, 2048, 2048, 2048]","[2048, 2048, 2048, 2048, 2048, 2048, 2048]",290.0
1213,9118,20,30,2023-07-02T13:40:06.249000+00:00,17.933,32.351,21.873,296.0,216.0,False,72.157,"[None, 2048, 2048, 2048, 2048, 2048]","[2048, 2048, 2048, 2048, 2048, 2048, 2048]","[2048, 2048, 2048, 2048, 2048, 2048, 2048]",296.0
1213,9118,21,30,2023-07-02T13:40:08.967000+00:00,17.771,32.044,21.71,294.0,222.0,False,71.525,"[None, 2048, 2048, 2048, 2048, 2048]","[2048, 2048, 2048, 2048, 2048, 2048, 2048]","[2048, 2048, 2048, 2049, 2049, 2048, 2048]",298.0
1213,9118,22,30,2023-07-02T13:40:20.139000+00:00,17.737,31.386,21.465,291.0,224.0,False,70.588,"[None, 2048, 2048, 2048, 2048, 2048]","[2048, 2048, 2048, 2048, 2048, 2048, 2048]","[2048, 2048, 2048, 2048, 2048, 2048]",289.0
1213,9118,77,30,2023-07-02T13:40:22.217000+00:00,17.657,31.408,21.285,294.0,226.0,False,70.35,"[None, 2048, 2048, 2048, 2048, 2048]","[2048, 2048, 2048, 2048, 2048, 2048, 2048]","[2048, 2048, 2048, 2048, 2049, 2048]",293.0
1213,9118,81,30,2023-07-02T13:40:23.436000+00:00,17.847,31.525,21.271,297.0,228.0,False,70.643,"[None, 2048, 2048, 2048, 2048, 2048]","[2048, 2048, 2048, 2048, 2049, 2048, 2048]","[2048, 2048, 2049, 2048, 2048, 2048, 2048]",291.0
1213,9118,16,31,2023-07-02T13:40:27.233000+00:00,17.664,31.417,21.209,293.0,229.0,False,70.29,"[None, 2048, 2048, 2048, 2048, 2048]","[2048, 2048, 2048, 2048, 2048, 2049, 2048]","[2048, 2048, 2048, 2048, 2048, 2048, 2048]",294.0
1213,9118,1,31,2023-07-02T13:40:30.436000+00:00,17.466,31.191,20.919,295.0,230.0,False,69.576,"[None, 2048, 2048, 2048, 2048, 2048]","[2048, 2048, 2048, 2048, 2048, 2048, 2048]","[2048, 2048, 2048, 2049, 2048, 2048, 2048]",293.0
1213,9118,55,31,2023-07-02T13:40:35.029000+00:00,17.644,31.378,21.289,,229.0,False,70.311,"[None, 2048, 2048, 2048, 2048, 2048]","[2048, 2048, 2048, 2048, 2048, 2048, 2048]","[2048, 2048, 2048, 2048, 2048, 2048]",293.0
1213,9118,4,31,2023-07-02T13:40:41.295000+00:00,17.706,31.645,21.143,296.0,227.0,False,70.494,"[None, 2048, 2048, 2048, 2048, 2048]","[2048, 2048, 2048, 2048, 2048, 2048, 2048]","[2048, 2048, 2048, 2048, 2048, 2048, 2048]",291.0
1213,9118,44,31,2023-07-02T13:40:42.139000+00:00,17.301,31.82,21.458,312.0,223.0,False,70.579,"[None, 2048, 2048, 2048, 2048, 2048]","[2048, 2048, 2048, 2048, 2048, 2048, 2048]","[2048, 2048, 2048, 2048, 2048, 2048, 2048]",300.0
1213,9118,14,31,2023-07-02T13:40:46.139000+00:00,17.643,31.479,21.364,300.0,227.0,False,70.486,"[None, 2048, 2048, 2048, 2049, 2048]","[2048, 2048, 2048, 2048, 2048, 2048, 2048]","[2048, 2048, 2049, 2048, 2048, 2048]",294.0
1213,9118,10,31,2023-07-02T13:40:53.435000+00:00,17.813,31.583,21.359,288.0,229.0,False,70.755,"[None, 2048, 2048, 2048, 2048, 2048]","[2048, 2048, 2048, 2048, 2048, 2048, 2048]","[2048, 2048, 2048, 2048, 2048, 2048]",287.0
1213,9118,11,31,2023-07-02T13:40:57.295000+00:00,17.526,30.996,20.964,299.0,229.0,False,69.486,"[None, 2048, 2049, 2048, 2048, 2048]","[2048, 2048, 2048, 2048, 2049, 2048, 2048]","[2048, 2049, 2048, 2049, 2049, 2048]",294.0
1213,9118,63,31,2023-07-02T13:40:58.513000+00:00,17.764,31.817,21.415,294.0,225.0,False,70.996,"[None, 2048, 2048, 2048, 2048, 2048]","[2048, 2048, 2048, 2048, 2048, 2048, 2048]","[2048, 2048, 2048, 2048, 2048, 2048, 2048]",289.0
1213,9118,23,31,2023-07-02T13:41:02.685000+00:00,17.685,31.852,21.56,,227.0,False,71.097,"[None, 2048, 2048, 2048, 2048, 2048]","[2048, 2048, 2048, 2048, 2048, 2048, 2048]","[2048, 2048, 2048, 2048, 2048, 2048, 2048]",297.0
1213,9118,31,31,2023-07-02T13:41:03.560000+00:00,17.477,31.818,21.714,306.0,227.0,False,71.009,"[None, 2048, 2048, 2048, 2048, 2048]","[2048, 2048, 2048, 2048, 2048, 2048, 2048]","[2048, 2048, 2049, 2048, 2048, 2048]",303.0
1213,9118,18,31,2023-07-02T13:41:04.263000+00:00,17.34,31.855,21.738,314.0,225.0,False,70.933,"[None, 2048, 2048, 2048, 2048, 2048]","[2048, 2048, 2048, 2048, 2048, 2048, 2048]","[2048, 2048, 2048, 2048, 2048, 2048, 2048]",308.0
1213,9118,2,31,2023-07-02T13:41:12.373000+00:00,17.637,31.866,21.638,,228.0,False,71.141,"[None, 2048, 2048, 2048, 2048, 2048]","[2048, 2048, 2048, 2048, 2048, 2048, 2048]","[2048, 2048, 2048, 2049, 2048, 2048, 2048]",297.0
1213,9118,24,31,2023-07-02T13:41:15.576000+00:00,18.037,32.146,21.596,292.0,224.0,False,71.779,"[None, 2048, 2048, 2048, 2048, 2048]","[2048, 2048, 2048, 2048, 2048, 2048, 2048]","[2048, 2048, 2048, 2048, 2048, 2048, 2048]",289.0
1213,9118,20,31,2023-07-02T13:41:18.435000+00:00,17.899,32.441,21.83,295.0,218.0,False,72.17,"[None, 2048, 2048, 2048, 2048, 2048]","[2048, 2048, 2048, 2048, 2048, 2048, 2048]","[2048, 2048, 2048, 2049, 2048, 2048, 2048]",294.0
1213,9118,21,31,2023-07-02T13:41:20.529000+00:00,17.789,32.132,21.794,295.0,223.0,False,71.715,"[None, 2048, 2048, 2048, 2048, 2048]","[2048, 2048, 2048, 2048, 2048, 2048, 2048]","[2048, 2048, 2048, 2048, 2048, 2048]",296.0
1213,9118,22,31,2023-07-02T13:41:30.544000+00:00,17.741,31.498,21.492,292.0,225.0,False,70.731,"[None, 2048, 2048, 2048, 2048, 2048]","[2048, 2048, 2048, 2048, 2048, 2048, 2048]","[2048, 2048, 2048, 2048, 2048, 2048, 2048]",287.0
1213,9118,77,31,2023-07-02T13:41:32.591000+00:00,17.669,31.479,21.346,293.0,227.0,False,70.494,"[None, 2048, 2048, 2048, 2048, 2048]","[2048, 2048, 2048, 2048, 2048, 2048, 2048]","[2048, 2048, 2048, 2048, 2048, 2048, 2048]",289.0
1213,9118,81,31,2023-07-02T13:41:34.075000+00:00,17.823,31.671,21.271,301.0,230.0,False,70.765,"[None, 2048, 2048, 2048, 2048, 2048]","[2048, 2048, 2048, 2048, 2048, 2048, 2048]","[2048, 2048, 2048, 2048, 2048, 2048, 2048]",293.0
1213,9118,16,32,2023-07-02T13:41:37.544000+00:00,17.619,31.476,21.321,296.0,229.0,False,70.416,"[None, 2048, 2048, 2048, 2048, 2048]","[2048, 2048, 2048, 2048, 2048, 2048, 2048]","[2048, 2048, 2048, 2048, 2048, 2048, 2048]",294.0
1213,9118,1,32,2023-07-02T13:41:40.028000+00:00,17.456,31.116,21.031,,231.0,False,69.603,"[None, 2048, 2048, 2048, 2048, 2048]","[2048, 2048, 2048, 2048, 2048, 2048, 2048]","[2048, 2048, 2048, 2048, 2048, 2048]",293.0
1213,9118,55,32,2023-07-02T13:41:45.341000+00:00,17.594,31.433,21.219,294.0,227.0,False,70.246,"[None, 2048, 2048, 2048, 2048, 2048]","[2048, 2048, 2048, 2048, 2048, 2048, 2048]","[2048, 2048, 2048, 2048, 2048, 2048, 2048]",292.0
1213,9118,4,32,2023-07-02T13:41:51.747000+00:00,17.723,31.676,21.164,299.0,227.0,False,70.563,"[None, 2048, 2048, 2048, 2048, 2048]","[2048, 2048, 2048, 2048, 2048, 2048, 2048]","[2048, 2048, 2048, 2048, 2048, 2048]",290.0
1213,9118,44,32,2023-07-02T13:41:52.716000+00:00,17.357,31.765,21.419,,221.0,False,70.541,"[None, 2048, 2048, 2048, 2048, 2048]","[2048, 2048, 2048, 2048, 2048, 2048, 2048]","[2048, 2048, 2048, 2048, 2048, 2048]",302.0
1213,9118,14,32,2023-07-02T13:41:56.622000+00:00,17.602,31.412,21.422,301.0,228.0,False,70.436,"[None, 2048, 2048, 2049, 2049, 2049]","[2048, 2048, 2048, 2048, 2048, 2048, 2048]","[2048, 2048, 2048, 2048, 2049, 2048, 2048]",293.0
1213,9118,10,32,2023-07-02T13:42:04.215000+00:00,17.801,31.809,21.546,289.0,228.0,False,71.156,"[None, 2048, 2048, 2048, 2048, 2048]","[2048, 2048, 2048, 2048, 2048, 2048, 2048]","[2048, 2048, 2048, 2048, 2048, 2048, 2048]",287.0
1213,9118,11,32,2023-07-02T13:42:06.731000+00:00,17.543,30.988,21.07,300.0,230.0,False,69.601,"[None, 2048, 2048, 2048, 2048, 2048]","[2048, 2048, 2048, 2048, 2048, 2048, 2048]","[2048, 2048, 2048, 2048, 2048, 2048]",291.0
1213,9118,63,32,2023-07-02T13:42:09.512000+00:00,17.781,31.699,21.308,297.0,226.0,False,70.788,"[None, 2048, 2048, 2048, 2048, 2048]","[2048, 2048, 2048, 2048, 2048, 2048, 2048]","[2048, 2048, 2048, 2048, 2048, 2048, 2048]",291.0
1213,9118,23,32,2023-07-02T13:42:13.731000+00:00,17.672,32.092,21.708,301.0,225.0,False,71.472,"[None, 2048, 2048, 2048, 2048, 2048]","[2048, 2048, 2048, 2048, 2048, 2048, 2048]","[2048, 2048, 2048, 2048, 2048, 2048, 2048]",294.0
1213,9118,31,32,2023-07-02T13:42:14.559000+00:00,17.595,31.939,21.788,,228.0,False,71.322,"[None, 2048, 2048, 2048, 2048, 2048]","[2048, 2048, 2048, 2048, 2048, 2048, 2048]","[2048, 2048, 2048, 2048, 2048, 2048, 2048]",303.0
1213,9118,18,32,2023-07-02T13:42:15.168000+00:00,17.402,32.128,21.812,319.0,221.0,False,71.342,"[None, 2048, 2048, 2048, 2048, 2048]","[2048, 2048, 2048, 2048, 2048, 2048, 2048]","[2048, 2048, 2048, 2048, 2048, 2048, 2049]",309.0
1213,9118,2,32,2023-07-02T13:42:23.481000+00:00,17.653,31.867,21.623,,228.0,False,71.143,"[None, 2048, 2048, 2048, 2048, 2048]","[2048, 2048, 2048, 2048, 2048, 2048, 2049]","[2048, 2048, 2048, 2048, 2049, 2048, 2048]",298.0
1213,9118,24,32,2023-07-02T13:42:27.324000+00:00,17.959,32.048,21.636,293.0,224.0,False,71.643,"[None, 2048, 2048, 2048, 2048, 2048]","[2048, 2048, 2048, 2048, 2048, 2048, 2048]","[2048, 2048, 2048, 2048, 2048, 2048, 2048]",290.0
1213,9118,20,32,2023-07-02T13:42:30.590000+00:00,17.909,32.325,21.847,,218.0,False,72.081,"[None, 2048, 2048, 2048, 2048, 2048]","[2048, 2048, 2048, 2048, 2048, 2048, 2048]","[2048, 2048, 2048, 2048, 2048, 2048, 2048]",294.0
1213,9118,21,32,2023-07-02T13:42:32.199000+00:00,17.823,32.015,21.76,,221.0,False,71.598,"[None, 2048, 2048, 2048, 2048, 2048]","[2048, 2048, 2048, 2048, 2048, 2048, 2048]","[2048, 2049, 2048, 2048, 2048, 2048, 2048]",296.0
1213,9118,22,32,2023-07-02T13:42:41.215000+00:00,17.776,31.356,21.423,,224.0,False,70.555,"[None, 2048, 2048, 2048, 2048, 2048]","[2048, 2048, 2048, 2048, 2048, 2048, 2048]","[2048, 2048, 2048, 2048, 2048, 2048, 2048]",289.0
1213,9118,77,32,2023-07-02T13:42:43.090000+00:00,17.644,31.66,21.316,296.0,227.0,False,70.62,"[None, 2048, 2048, 2048, 2048, 2048]","[2048, 2048, 2048, 2048, 2048, 2048, 2048]","[2048, 2048, 2048, 2048, 2049, 2048, 2048]",292.0
1213,9118,81,32,2023-07-02T13:42:44.824000+00:00,17.891,31.552,21.331,296.0,228.0,False,70.774,"[None, 2048, 2048, 2048, 2048, 2048]","[2048, 2048, 2048, 2048, 2048, 2048, 2048]","[2048, 2048, 2048, 2048, 2048, 2048]",292.0
1213,9118,16,33,2023-07-02T13:42:47.965000+00:00,17.613,31.502,21.274,299.0,231.0,False,70.389,"[2049, 2048, 2048, 2048, 2049, 2049]","[2048, 2048, 2048, 2048, 2048, 2048, 2048]","[2048, 2048, 2048, 2048, 2048, 2048, 2048]",298.0
1213,9118,1,33,2023-07-02T13:42:49.621000+00:00,17.511,31.015,21.105,298.0,231.0,False,69.631,"[None, 2048, 2048, 2048, 2048, 2048]","[2048, 2048, 2048, 2048, 2048, 2048, 2048]","[2048, 2048, 2048, 2048, 2048, 2048, 2048]",297.0
1213,9118,55,33,2023-07-02T13:42:55.574000+00:00,17.599,31.275,21.169,295.0,230.0,False,70.043,"[None, 2048, 2048, 2048, 2048, 2048]","[2048, 2048, 2048, 2048, 2048, 2048, 2048]","[2048, 2048, 2048, 2048, 2048, 2048, 2048]",294.0
1213,9118,4,33,2023-07-02T13:43:02.324000+00:00,17.726,31.643,21.093,300.0,228.0,False,70.462,"[None, 2048, 2048, 2048, 2048, 2048]","[2049, 2048, 2048, 2048, 2048, 2048, 2048]","[2048, 2048, 2048, 2048, 2048, 2048, 2048]",290.0
1213,9118,44,33,2023-07-02T13:43:03.261000+00:00,17.415,31.656,21.462,315.0,226.0,False,70.533,"[None, 2048, 2048, 2048, 2048, 2048]","[2048, 2048, 2048, 2048, 2048, 2048, 2048]","[2048, 2048, 2048, 2048, 2048, 2048]",305.0
1213,9118,14,33,2023-07-02T13:43:07.042000+00:00,17.652,31.456,21.304,299.0,226.0,False,70.412,"[None, 2048, 2048, 2048, 2049, 2048]","[2048, 2048, 2049, 2048, 2048, 2048, 2048]","[2048, 2048, 2048, 2048, 2048, 2048, 2048]",293.0
1213,9118,10,33,2023-07-02T13:43:15.667000+00:00,17.784,31.555,21.504,,228.0,False,70.843,"[None, 2048, 2048, 2048, 2048, 2048]","[2048, 2048, 2048, 2048, 2048, 2048, 2048]","[2048, 2048, 2048, 2048, 2048, 2048]",297.0
1213,9118,11,33,2023-07-02T13:43:16.370000+00:00,17.433,31.371,21.479,310.0,224.0,False,70.283,"[None, 2048, 2048, 2048, 2048, 2048]","[2048, 2048, 2048, 2048, 2048, 2048, 2048]","[2048, 2048, 2048, 2048, 2048, 2048]",296.0
1213,9118,63,33,2023-07-02T13:43:20.292000+00:00,17.691,31.781,21.254,300.0,228.0,False,70.726,"[None, 2048, 2048, 2048, 2048, 2048]","[2048, 2048, 2048, 2048, 2048, 2048, 2048]","[2048, 2048, 2048, 2048, 2048, 2048]",294.0
1213,9118,23,33,2023-07-02T13:43:25.230000+00:00,17.64,31.807,21.449,304.0,227.0,False,70.896,"[None, 2048, 2048, 2048, 2048, 2048]","[2048, 2048, 2048, 2048, 2048, 2048, 2048]","[2048, 2048, 2048, 2048, 2049, 2048, 2048]",296.0
1213,9118,31,33,2023-07-02T13:43:25.870000+00:00,17.519,31.798,21.661,307.0,227.0,False,70.978,"[None, 2048, 2048, 2048, 2048, 2048]","[2048, 2048, 2048, 2048, 2048, 2048, 2048]","[2048, 2048, 2049, 2048, 2049, 2048, 2048]",304.0
1213,9118,18,33,2023-07-02T13:43:26.479000+00:00,17.405,31.96,21.822,317.0,223.0,False,71.187,"[None, 2048, 2048, 2048, 2048, 2048]","[2048, 2048, 2048, 2048, 2048, 2048, 2048]","[2048, 2048, 2048, 2048, 2048, 2048, 2048]",310.0
1213,9118,2,33,2023-07-02T13:43:34.636000+00:00,17.617,32.153,21.709,302.0,225.0,False,71.479,"[None, 2048, 2048, 2048, 2048, 2048]","[2048, 2048, 2048, 2048, 2048, 2048, 2048]","[2048, 2048, 2048, 2048, 2048, 2048, 2048]",296.0
1213,9118,24,33,2023-07-02T13:43:38.964000+00:00,17.932,31.974,21.597,291.0,225.0,False,71.503,"[None, 2048, 2048, 2048, 2048, 2048]","[2048, 2048, 2048, 2048, 2048, 2048, 2048]","[2048, 2048, 2048, 2048, 2048, 2048, 2048]",289.0
1213,9118,20,33,2023-07-02T13:43:42.682000+00:00,17.932,32.383,21.86,293.0,221.0,False,72.175,"[None, 2048, 2048, 2048, 2048, 2048]","[2048, 2048, 2048, 2048, 2048, 2048, 2048]","[2048, 2048, 2048, 2048, 2048, 2048]",292.0
1213,9118,21,33,2023-07-02T13:43:43.870000+00:00,17.846,32.01,21.951,297.0,222.0,False,71.807,"[None, 2048, 2048, 2048, 2048, 2048]","[2048, 2048, 2048, 2048, 2048, 2048, 2048]","[2048, 2048, 2048, 2048, 2048, 2048]",310.0
1213,9118,22,33,2023-07-02T13:43:51.776000+00:00,17.683,31.44,21.484,,226.0,False,70.607,"[None, 2048, 2048, 2048, 2048, 2048]","[2048, 2048, 2048, 2048, 2048, 2048, 2048]","[2048, 2048, 2048, 2048, 2048, 2048]",289.0
1213,9118,77,33,2023-07-02T13:43:53.698000+00:00,17.722,31.566,21.417,293.0,226.0,False,70.705,"[None, 2048, 2048, 2048, 2048, 2048]","[2048, 2048, 2048, 2048, 2048, 2048, 2048]","[2048, 2048, 2048, 2048, 2048, 2048]",291.0
1213,9118,81,33,2023-07-02T13:43:55.651000+00:00,17.772,31.625,21.311,300.0,228.0,False,70.708,"[None, 2048, 2048, 2048, 2048, 2048]","[2048, 2048, 2048, 2048, 2048, 2048, 2048]","[2048, 2048, 2048, 2048, 2048, 2048, 2048]",294.0
1213,9118,16,34,2023-07-02T13:43:58.385000+00:00,17.639,31.445,21.237,298.0,234.0,False,70.321,"[None, 2048, 2048, 2048, 2049, 2048]","[2048, 2048, 2048, 2048, 2048, 2048, 2048]","[2048, 2048, 2048, 2048, 2048, 2048, 2048]",303.0
1213,9118,1,34,2023-07-02T13:43:59.229000+00:00,17.213,31.4,21.166,317.0,225.0,False,69.779,"[None, 2048, 2048, 2051, 2049, 2048]","[2049, 2048, 2048, 2049, 2048, 2048, 2048]","[2048, 2048, 2048, 2048, 2048, 2048, 2051]",321.0
1213,9118,55,34,2023-07-02T13:44:05.651000+00:00,17.578,31.163,21.282,296.0,227.0,False,70.023,"[None, 2048, 2048, 2048, 2048, 2048]","[2048, 2048, 2048, 2048, 2048, 2048, 2048]","[2048, 2048, 2048, 2048, 2048, 2048]",295.0
1213,9118,4,34,2023-07-02T13:44:12.776000+00:00,17.677,31.504,21.071,296.0,230.0,False,70.252,"[None, 2048, 2048, 2048, 2048, 2048]","[2048, 2048, 2048, 2048, 2048, 2048, 2048]","[2048, 2048, 2049, 2048, 2048, 2048, 2048]",291.0
1213,9118,44,34,2023-07-02T13:44:13.791000+00:00,17.39,31.526,21.41,314.0,226.0,False,70.326,"[None, 2048, 2048, 2048, 2048, 2048]","[2048, 2048, 2048, 2048, 2048, 2048, 2048]","[2048, 2048, 2048, 2048, 2048, 2048, 2048]",305.0
1213,9118,14,34,2023-07-02T13:44:17.463000+00:00,17.606,31.404,21.291,301.0,227.0,False,70.301,"[None, 2048, 2048, 2049, 2049, 2049]","[2048, 2048, 2049, 2048, 2048, 2048, 2048]","[2048, 2048, 2048, 2048, 2048, 2048, 2049]",292.0
1213,9118,10,34,2023-07-02T13:44:26.213000+00:00,17.793,32.231,21.669,,228.0,False,71.693,"[None, 2048, 2048, 2048, 2048, 2048]","[2048, 2048, 2048, 2048, 2048, 2048, 2048]","[2048, 2048, 2048, 2048, 2048, 2048, 2048]",301.0
1213,9118,11,34,2023-07-02T13:44:26.635000+00:00,17.341,31.145,20.947,321.0,230.0,False,69.433,"[None, 2048, 2048, 2049, 2048, 2048]","[2048, 2048, 2048, 2048, 2048, 2048, 2048]","[2048, 2048, 2048, 2049, 2048, 2048]",290.0
1213,9118,63,34,2023-07-02T13:44:30.994000+00:00,17.685,31.582,21.268,299.0,227.0,False,70.535,"[None, 2048, 2048, 2048, 2048, 2048]","[2048, 2048, 2048, 2048, 2048, 2048, 2048]","[2048, 2048, 2048, 2049, 2048, 2048]",293.0
1213,9118,23,34,2023-07-02T13:44:36.103000+00:00,17.711,31.739,21.455,302.0,227.0,False,70.905,"[None, 2048, 2048, 2048, 2048, 2048]","[2048, 2048, 2048, 2048, 2048, 2048, 2048]","[2049, 2048, 2048, 2048, 2048, 2048, 2048]",293.0
1213,9118,31,34,2023-07-02T13:44:36.869000+00:00,17.509,32.052,21.606,,226.0,False,71.167,"[None, 2048, 2048, 2048, 2048, 2048]","[2049, 2048, 2048, 2048, 2048, 2048, 2048]","[2048, 2048, 2048, 2048, 2048, 2048]",302.0
1213,9118,18,34,2023-07-02T13:44:37.713000+00:00,17.455,31.807,21.783,,227.0,False,71.045,"[None, 2048, 2048, 2048, 2048, 2048]","[2048, 2048, 2048, 2048, 2048, 2048, 2048]","[2048, 2048, 2048, 2048, 2048, 2048]",309.0
1213,9118,2,34,2023-07-02T13:44:46.103000+00:00,17.667,31.995,21.641,304.0,228.0,False,71.303,"[None, 2048, 2048, 2048, 2048, 2048]","[2048, 2048, 2048, 2048, 2048, 2048, 2048]","[2048, 2048, 2048, 2048, 2048, 2048]",297.0
1213,9118,24,34,2023-07-02T13:44:50.462000+00:00,17.939,32.034,21.618,,223.0,False,71.591,"[None, 2048, 2048, 2048, 2048, 2048]","[2048, 2048, 2048, 2048, 2048, 2048, 2048]","[2048, 2048, 2048, 2048, 2048, 2048, 2048]",289.0
1213,9118,20,34,2023-07-02T13:44:54.853000+00:00,17.921,,99.74,299.0,,False,77.88,"[None, 2048, 2048, 2048, 2048, 2048]","[2048, 2048, 2048, 2048, 2048, 2049]","[None, 2048, 2048, 2048, 2064, 2064, 2064]",297.0
1213,9118,21,34,2023-07-02T13:44:55.603000+00:00,17.447,32.457,21.876,312.0,216.0,False,71.78,"[None, 2048, 2048, 2049, 2048, 2048]","[2048, 2048, 2048, 2048, 2048, 2048, 2048]","[2048, 2048, 2048, 2048, 2048, 2048, 2048]",313.0
1213,9118,22,34,2023-07-02T13:45:02.353000+00:00,17.739,31.441,21.522,,224.0,False,70.702,"[None, 2048, 2048, 2048, 2048, 2048]","[2048, 2048, 2048, 2048, 2048, 2048, 2048]","[2048, 2048, 2048, 2049, 2049, 2048, 2048]",290.0
1213,9118,77,34,2023-07-02T13:45:04.368000+00:00,17.645,31.584,21.405,298.0,229.0,False,70.634,"[None, 2048, 2048, 2048, 2048, 2048]","[2048, 2048, 2048, 2048, 2048, 2048, 2048]","[2048, 2048, 2048, 2048, 2048, 2048, 2048]",295.0
1213,9118,81,34,2023-07-02T13:45:06.556000+00:00,17.717,31.647,21.286,298.0,228.0,False,70.65,"[None, 2048, 2048, 2048, 2048, 2048]","[2048, 2048, 2048, 2048, 2048, 2048, 2048]","[2048, 2048, 2048, 2048, 2048, 2048, 2048]",292.0
1213,9118,16,35,2023-07-02T13:45:08.681000+00:00,17.562,31.877,21.452,,228.0,False,70.891,"[None, 2048, 2048, 2048, 2049, 2049]","[2048, 2048, 2049, 2049, 2048, 2048, 2048]","[2048, 2048, 2049, 2048, 2048, 2048, 2048]",312.0
1213,9118,1,35,2023-07-02T13:45:09.056000+00:00,17.242,31.014,21.009,303.0,230.0,False,69.265,"[2049, 2048, 2048, 2048, 2049, 2048]","[2048, 2048, 2048, 2048, 2048, 2048, 2048]","[2048, 2048, 2048, 2048, 2048, 2048, 2048]",311.0
1213,9118,55,35,2023-07-02T13:45:15.868000+00:00,17.584,31.476,21.238,295.0,229.0,False,70.298,"[None, 2048, 2048, 2048, 2048, 2048]","[2048, 2048, 2048, 2048, 2048, 2048, 2048]","[2048, 2048, 2048, 2048, 2048, 2048, 2048]",293.0
1213,9118,4,35,2023-07-02T13:45:23.009000+00:00,17.705,31.528,21.235,,228.0,False,70.468,"[None, 2048, 2048, 2048, 2048, 2048]","[2048, 2048, 2048, 2048, 2048, 2048, 2048]","[2048, 2048, 2048, 2048, 2048, 2048]",290.0
1213,9118,44,35,2023-07-02T13:45:24.102000+00:00,17.688,31.663,21.627,299.0,226.0,False,70.978,"[None, 2048, 2048, 2048, 2048, 2048]","[2048, 2048, 2048, 2048, 2048, 2048, 2048]","[2048, 2048, 2048, 2048, 2048, 2048, 2048]",291.0
1213,9118,14,35,2023-07-02T13:45:27.774000+00:00,17.627,31.317,21.315,300.0,228.0,False,70.259,"[None, 2048, 2048, 2048, 2048, 2048]","[2048, 2048, 2048, 2048, 2048, 2049, 2048]","[2048, 2048, 2049, 2048, 2048, 2048, 2048]",291.0
1213,9118,11,35,2023-07-02T13:45:35.962000+00:00,17.584,30.896,20.976,300.0,232.0,False,69.456,"[None, 2048, 2048, 2048, 2048, 2048]","[2048, 2048, 2048, 2048, 2049, 2048, 2049]","[2048, 2049, 2048, 2048, 2049, 2048]",291.0
1213,9118,10,35,2023-07-02T13:45:37.899000+00:00,17.872,31.761,21.441,290.0,227.0,False,71.074,"[None, 2048, 2048, 2048, 2048, 2048]","[2048, 2048, 2048, 2048, 2048, 2048, 2048]","[2048, 2048, 2048, 2048, 2048, 2048, 2048]",287.0
1213,9118,63,35,2023-07-02T13:45:41.540000+00:00,17.768,31.588,21.261,,229.0,False,70.617,"[None, 2048, 2048, 2048, 2048, 2048]","[2048, 2048, 2048, 2048, 2048, 2048, 2048]","[2048, 2048, 2048, 2048, 2049, 2048, 2048]",293.0
1213,9118,23,35,2023-07-02T13:45:47.055000+00:00,17.637,31.857,21.53,305.0,226.0,False,71.024,"[None, 2048, 2048, 2048, 2048, 2048]","[2048, 2048, 2048, 2048, 2048, 2048, 2048]","[2048, 2048, 2048, 2048, 2049, 2048, 2048]",295.0
1213,9118,31,35,2023-07-02T13:45:47.993000+00:00,17.461,31.898,21.614,,228.0,False,70.973,"[None, 2049, 2048, 2048, 2048, 2048]","[2048, 2048, 2048, 2048, 2048, 2048, 2048]","[2048, 2048, 2049, 2048, 2048, 2048, 2048]",302.0
1213,9118,18,35,2023-07-02T13:45:48.711000+00:00,17.381,31.852,21.737,318.0,224.0,False,70.97,"[None, 2048, 2048, 2048, 2048, 2048]","[2048, 2048, 2048, 2048, 2048, 2048, 2048]","[2048, 2048, 2048, 2048, 2048, 2048, 2048]",309.0
1213,9118,2,35,2023-07-02T13:45:57.414000+00:00,17.675,31.937,21.557,,227.0,False,71.169,"[None, 2048, 2048, 2048, 2048, 2048]","[2048, 2048, 2048, 2048, 2048, 2048, 2048]","[2048, 2048, 2048, 2049, 2048, 2048, 2048]",296.0
1213,9118,24,35,2023-07-02T13:46:02.039000+00:00,17.968,32.066,21.607,293.0,225.0,False,71.641,"[None, 2048, 2048, 2048, 2048, 2048]","[2048, 2048, 2048, 2048, 2048, 2048, 2048]","[2048, 2048, 2048, 2048, 2048, 2048, 2048]",289.0
1213,9118,21,35,2023-07-02T13:46:07.398000+00:00,17.825,32.007,21.764,295.0,226.0,False,71.596,"[None, 2049, 2048, 2048, 2048, 2048]","[2048, 2048, 2048, 2048, 2048, 2048, 2048]","[2048, 2048, 2048, 2048, 2049, 2048, 2048]",297.0
1213,9118,20,35,2023-07-02T13:46:12.680000+00:00,35.597,31.856,21.382,293.0,228.0,True,88.835,"[2064, 2064, 2064, 2048, 2048, 2048]","[2048, 2048, 2048, 2048, 2049, 2048, 2049]","[2049, 2049, 2048, 2049, 2049, 2049, 2048]",293.0
1213,9118,22,35,2023-07-02T13:46:13.055000+00:00,17.764,31.546,21.607,293.0,222.0,False,70.917,"[None, 2048, 2048, 2048, 2048, 2048]","[2048, 2048, 2048, 2048, 2048, 2048, 2048]","[2048, 2048, 2048, 2048, 2048, 2048]",289.0
1213,9118,77,35,2023-07-02T13:46:14.976000+00:00,17.712,31.674,21.637,297.0,225.0,False,71.023,"[None, 2048, 2048, 2048, 2048, 2048]","[2048, 2048, 2048, 2048, 2048, 2048, 2048]","[2048, 2048, 2048, 2048, 2048, 2048]",292.0
1213,9118,81,35,2023-07-02T13:46:16.961000+00:00,17.847,32.871,23.066,,226.0,False,73.784,"[None, 2048, 2048, 2048, 2048, 2048]","[2048, 2048, 2048, 2048, 2048, 2048, 2048]","[2048, 2048, 2048, 2048, 2048, 2048]",289.0
1213,9118,1,36,2023-07-02T13:46:18.212000+00:00,17.512,30.825,21.03,299.0,232.0,False,69.367,"[2048, 2048, 2048, 2048, 2048, 2048]","[2048, 2048, 2048, 2048, 2049, 2048, 2048]","[2048, 2048, 2048, 2048, 2048, 2048, 2048]",314.0
1213,9118,16,36,2023-07-02T13:46:19.555000+00:00,17.65,31.483,21.415,299.0,229.0,False,70.548,"[None, 2048, 2048, 2048, 2049, 2048]","[2048, 2048, 2048, 2048, 2048, 2049, 2048]","[2048, 2048, 2048, 2048, 2048, 2048, 2048]",299.0
1213,9118,55,36,2023-07-02T13:46:25.914000+00:00,17.605,31.386,21.345,,229.0,False,70.336,"[None, 2048, 2048, 2048, 2048, 2048]","[2048, 2048, 2048, 2048, 2048, 2048, 2048]","[2048, 2048, 2048, 2048, 2048, 2048, 2048]",293.0
1213,9118,4,36,2023-07-02T13:46:33.523000+00:00,17.783,31.738,21.294,301.0,231.0,False,70.815,"[None, 2048, 2048, 2048, 2048, 2048]","[2048, 2048, 2048, 2048, 2048, 2048, 2048]","[2048, 2048, 2048, 2048, 2048, 2048]",294.0
1213,9118,44,36,2023-07-02T13:46:35.101000+00:00,17.743,31.558,21.424,302.0,230.0,False,70.725,"[None, 2048, 2048, 2048, 2048, 2048]","[2048, 2048, 2048, 2048, 2048, 2048, 2048]","[2048, 2048, 2048, 2048, 2048, 2048]",293.0
1213,9118,14,36,2023-07-02T13:46:38.070000+00:00,17.621,31.421,21.549,302.0,228.0,False,70.591,"[None, 2048, 2048, 2048, 2048, 2048]","[2048, 2048, 2048, 2048, 2048, 2049, 2048]","[2048, 2048, 2049, 2048, 2048, 2048, 2048]",293.0
1213,9118,11,36,2023-07-02T13:46:45.507000+00:00,17.477,31.017,20.827,302.0,228.0,False,69.321,"[None, 2048, 2049, 2048, 2048, 2048]","[2048, 2048, 2048, 2048, 2048, 2048, 2048]","[2048, 2049, 2048, 2049, 2048, 2048, 2048]",294.0
1213,9118,10,36,2023-07-02T13:46:48.991000+00:00,17.945,31.778,21.419,289.0,227.0,False,71.142,"[None, 2048, 2048, 2048, 2048, 2048]","[2048, 2048, 2048, 2048, 2048, 2048, 2048]","[2048, 2048, 2049, 2048, 2048, 2048, 2048]",286.0
1213,9118,63,36,2023-07-02T13:46:52.210000+00:00,17.737,31.652,21.342,,227.0,False,70.731,"[None, 2048, 2048, 2048, 2048, 2048]","[2048, 2048, 2048, 2048, 2048, 2048, 2048]","[2048, 2048, 2048, 2048, 2048, 2048]",292.0
1213,9118,23,36,2023-07-02T13:46:58.023000+00:00,17.654,31.864,21.462,300.0,225.0,False,70.98,"[None, 2048, 2048, 2048, 2048, 2048]","[2048, 2048, 2048, 2048, 2048, 2048, 2048]","[2048, 2048, 2048, 2048, 2048, 2048, 2048]",292.0
1213,9118,31,36,2023-07-02T13:46:58.976000+00:00,17.436,31.918,21.682,,226.0,False,71.036,"[None, 2048, 2048, 2048, 2048, 2048]","[2048, 2048, 2048, 2048, 2048, 2048, 2048]","[2048, 2048, 2049, 2048, 2049, 2048, 2048]",302.0
1213,9118,18,36,2023-07-02T13:46:59.710000+00:00,17.397,31.818,25.519,320.0,224.0,False,74.734,"[None, 2048, 2048, 2048, 2048, 2048]","[2048, 2048, 2048, 2048, 2048, 2048, 2048]","[2048, 2048, 2048, 2048, 2064, 2064, 2064]",310.0
1213,9118,2,36,2023-07-02T13:47:08.601000+00:00,17.681,31.885,21.697,303.0,228.0,False,71.263,"[None, 2048, 2048, 2048, 2048, 2048]","[2048, 2048, 2048, 2048, 2048, 2049, 2048]","[2048, 2048, 2048, 2048, 2048, 2048, 2048]",297.0
1213,9118,24,36,2023-07-02T13:47:13.975000+00:00,17.965,32.078,21.723,294.0,226.0,False,71.766,"[None, 2048, 2048, 2048, 2048, 2048]","[2048, 2048, 2048, 2048, 2048, 2048, 2048]","[2048, 2048, 2048, 2048, 2048, 2048, 2048]",289.0
1213,9118,21,36,2023-07-02T13:47:18.991000+00:00,17.874,31.884,21.729,293.0,226.0,False,71.487,"[None, 2048, 2048, 2048, 2048, 2048]","[2048, 2048, 2048, 2048, 2048, 2048, 2048]","[2048, 2048, 2048, 2048, 2048, 2048, 2048]",294.0
1213,9118,22,36,2023-07-02T13:47:23.897000+00:00,17.832,31.57,21.667,292.0,222.0,False,71.069,"[None, 2048, 2048, 2048, 2048, 2048]","[2048, 2048, 2048, 2048, 2048, 2048, 2048]","[2048, 2048, 2048, 2048, 2048, 2048, 2048]",289.0
1213,9118,77,36,2023-07-02T13:47:25.975000+00:00,17.719,31.673,22.881,298.0,226.0,False,72.273,"[None, 2048, 2048, 2048, 2048, 2048]","[2048, 2048, 2048, 2048, 2048, 2048, 2048]","[2048, 2048, 2048, 2048, 2048, 2048, 2048]",294.0
1213,9118,1,37,2023-07-02T13:47:27.663000+00:00,17.511,31.122,21.074,300.0,230.0,False,69.707,"[None, 2048, 2048, 2048, 2048, 2048]","[2048, 2048, 2048, 2048, 2048, 2048, 2048]","[2048, 2048, 2048, 2048, 2048, 2048, 2048]",297.0
1213,9118,16,37,2023-07-02T13:47:30.069000+00:00,17.746,31.47,21.455,297.0,228.0,False,70.671,"[2048, 2048, 2048, 2048, 2048, 2048]","[2048, 2048, 2048, 2048, 2048, 2048, 2048]","[2048, 2048, 2048, 2048, 2048, 2048, 2048]",295.0
1213,9118,81,36,2023-07-02T13:47:30.647000+00:00,17.501,31.899,21.811,316.0,223.0,False,71.211,"[None, 2048, 2048, 2048, 2048, 2048]","[2048, 2048, 2048, 2048, 2048, 2048, 2048]","[2048, 2048, 2049, 2048, 2048, 2048, 2048]",310.0
1213,9118,55,37,2023-07-02T13:47:36.272000+00:00,17.61,31.34,21.379,297.0,229.0,False,70.329,"[None, 2048, 2048, 2048, 2048, 2048]","[2048, 2048, 2048, 2048, 2048, 2048, 2048]","[2048, 2048, 2048, 2048, 2048, 2048, 2048]",294.0
1213,9118,20,36,2023-07-02T13:47:41.569000+00:00,17.719,31.409,21.239,296.0,229.0,False,70.367,"[2048, 2048, 2049, 2048, 2048, 2048]","[2048, 2048, 2048, 2048, 2049, 2048, 2049]","[2049, 2049, 2048, 2049, 2049, 2049, 2048]",295.0
1213,9118,4,37,2023-07-02T13:47:44.287000+00:00,17.724,31.577,21.429,,227.0,False,70.73,"[None, 2048, 2048, 2048, 2048, 2048]","[2048, 2048, 2048, 2048, 2048, 2048, 2048]","[2048, 2048, 2048, 2048, 2048, 2048, 2048]",294.0
1213,9118,44,37,2023-07-02T13:47:45.834000+00:00,17.752,31.638,21.467,298.0,226.0,False,70.857,"[None, 2048, 2048, 2048, 2048, 2048]","[2048, 2048, 2048, 2048, 2048, 2048, 2048]","[2048, 2048, 2048, 2048, 2048, 2048, 2048]",290.0
1213,9118,14,37,2023-07-02T13:47:48.615000+00:00,17.659,31.412,21.546,301.0,225.0,False,70.617,"[None, 2048, 2048, 2048, 2048, 2048]","[2048, 2048, 2048, 2048, 2048, 2048, 2048]","[2048, 2048, 2048, 2048, 2048, 2048, 2048]",293.0
1213,9118,11,37,2023-07-02T13:47:54.865000+00:00,17.526,30.906,20.906,,231.0,False,69.338,"[None, 2048, 2048, 2048, 2048, 2048]","[2048, 2048, 2048, 2048, 2049, 2048, 2048]","[2048, 2048, 2048, 2048, 2048, 2048, 2048]",293.0
1213,9118,10,37,2023-07-02T13:48:00.115000+00:00,17.847,31.791,21.576,,227.0,False,71.214,"[None, 2048, 2048, 2048, 2048, 2048]","[2048, 2048, 2048, 2048, 2048, 2048, 2048]","[2048, 2048, 2048, 2048, 2048, 2048, 2048]",287.0
1213,9118,63,37,2023-07-02T13:48:02.881000+00:00,17.81,31.644,21.34,296.0,225.0,False,70.794,"[None, 2048, 2048, 2048, 2048, 2048]","[2048, 2048, 2048, 2048, 2048, 2048, 2048]","[2048, 2048, 2048, 2048, 2049, 2048, 2048]",294.0
1213,9118,23,37,2023-07-02T13:48:09.006000+00:00,17.658,31.734,21.501,304.0,228.0,False,70.893,"[None, 2048, 2048, 2048, 2048, 2048]","[2048, 2048, 2048, 2048, 2048, 2048, 2048]","[2048, 2048, 2048, 2048, 2048, 2048, 2048]",295.0
1213,9118,31,37,2023-07-02T13:48:10.006000+00:00,17.479,31.954,21.682,306.0,227.0,False,71.115,"[None, 2048, 2048, 2048, 2048, 2048]","[2048, 2048, 2048, 2048, 2048, 2048, 2048]","[2048, 2048, 2048, 2048, 2049, 2048]",300.0
1213,9118,18,37,2023-07-02T13:48:14.724000+00:00,35.29,31.087,21.691,299.0,230.0,True,88.068,"[2064, 2064, 2064, 2048, 2048, 2048]","[2048, 2048, 2048, 2048, 2048, 2049, 2049]","[2048, 2049, 2048, 2048, 2048, 2049, 0]",294.0
1213,9118,2,37,2023-07-02T13:48:19.865000+00:00,17.721,32.0,21.718,304.0,228.0,False,71.439,"[None, 2048, 2048, 2048, 2048, 2048]","[2048, 2048, 2048, 2048, 2048, 2048, 2048]","[2048, 2048, 2048, 2048, 2048, 2048]",297.0
1213,9118,24,37,2023-07-02T13:48:25.443000+00:00,17.987,32.093,21.816,,224.0,False,71.896,"[None, 2048, 2048, 2048, 2048, 2048]","[2048, 2048, 2048, 2048, 2048, 2048, 2048]","[2048, 2048, 2048, 2048, 2048, 2048, 2048]",289.0
1213,9118,21,37,2023-07-02T13:48:30.490000+00:00,17.799,31.967,25.123,294.0,226.0,False,74.889,"[None, 2048, 2048, 2048, 2048, 2048]","[2048, 2048, 2048, 2048, 2048, 2048, 2048]","[2048, 2049, 2048, 2048, 2064, 2064, 2064]",298.0
1213,9118,22,37,2023-07-02T13:48:35.083000+00:00,17.775,31.545,21.753,295.0,222.0,False,71.073,"[None, 2048, 2048, 2048, 2048, 2048]","[2048, 2048, 2048, 2048, 2048, 2049, 2048]","[2048, 2048, 2048, 2048, 2048, 2048]",292.0
1213,9118,1,38,2023-07-02T13:48:37.380000+00:00,17.544,31.003,21.021,298.0,232.0,False,69.568,"[None, 2048, 2048, 2048, 2048, 2048]","[2048, 2048, 2048, 2048, 2048, 2048, 2048]","[2048, 2048, 2048, 2048, 2048, 2048, 2048]",297.0
1213,9118,77,37,2023-07-02T13:48:38.302000+00:00,17.432,31.593,21.606,315.0,229.0,False,70.631,"[None, 2048, 2048, 2048, 2048, 2048]","[2048, 2048, 2048, 2048, 2048, 2048, 2048]","[2048, 2048, 2048, 2048, 2048, 2048]",310.0
1213,9118,16,38,2023-07-02T13:48:40.802000+00:00,17.601,31.642,21.416,,229.0,False,70.659,"[None, 2048, 2048, 2048, 2048, 2048]","[2048, 2048, 2048, 2048, 2048, 2048, 2048]","[2048, 2048, 2048, 2048, 2048, 2048]",295.0
1213,9118,81,37,2023-07-02T13:48:41.958000+00:00,17.771,31.773,21.555,302.0,225.0,False,71.099,"[None, 2048, 2048, 2048, 2048, 2048]","[2048, 2048, 2048, 2048, 2048, 2048, 2048]","[2048, 2048, 2048, 2048, 2048, 2048, 2048]",294.0
1213,9118,55,38,2023-07-02T13:48:46.614000+00:00,17.653,31.322,21.336,,227.0,False,70.311,"[None, 2048, 2048, 2048, 2048, 2048]","[2048, 2048, 2048, 2048, 2048, 2048, 2048]","[2048, 2048, 2048, 2048, 2048, 2048, 2048]",296.0
1213,9118,20,37,2023-07-02T13:48:52.005000+00:00,17.697,31.241,21.238,292.0,227.0,False,70.176,"[None, 2048, 2049, 2048, 2048, 2048]","[2048, 2049, 2048, 2048, 2049, 2048, 2048]","[2049, 2049, 2048, 2049, 2048, 2048]",292.0
1213,9118,4,38,2023-07-02T13:48:55.036000+00:00,17.765,31.572,21.359,302.0,229.0,False,70.696,"[None, 2048, 2048, 2048, 2048, 2048]","[2048, 2048, 2048, 2048, 2048, 2048, 2048]","[2048, 2048, 2048, 2048, 2048, 2048, 2048]",293.0
1213,9118,44,38,2023-07-02T13:48:56.724000+00:00,17.691,31.603,21.358,303.0,227.0,False,70.652,"[None, 2048, 2048, 2048, 2048, 2048]","[2048, 2048, 2048, 2048, 2048, 2048, 2048]","[2048, 2048, 2049, 2048, 2048, 2048, 2048]",295.0
1213,9118,14,38,2023-07-02T13:48:59.224000+00:00,17.687,31.467,21.425,300.0,226.0,False,70.579,"[None, 2048, 2048, 2048, 2048, 2048]","[2049, 2048, 2048, 2049, 2048, 2048, 2048]","[2048, 2048, 2049, 2048, 2048, 2048, 2048]",293.0
1213,9118,11,38,2023-07-02T13:49:04.255000+00:00,17.484,30.908,20.866,,232.0,False,69.258,"[None, 2048, 2048, 2048, 2048, 2048]","[2048, 2048, 2048, 2048, 2048, 2049, 2048]","[2048, 2048, 2048, 2048, 2048, 2051, 2048]",294.0
1213,9118,10,38,2023-07-02T13:49:11.364000+00:00,17.878,31.797,21.473,,227.0,False,71.148,"[None, 2048, 2048, 2048, 2048, 2048]","[2048, 2048, 2048, 2048, 2048, 2048, 2048]","[2048, 2048, 2048, 2048, 2048, 2048, 2048]",287.0
1213,9118,63,38,2023-07-02T13:49:13.708000+00:00,17.761,31.817,21.386,298.0,227.0,False,70.964,"[None, 2048, 2048, 2048, 2048, 2048]","[2048, 2048, 2048, 2048, 2048, 2048, 2048]","[2048, 2048, 2048, 2048, 2048, 2048, 2048]",294.0
1213,9118,23,38,2023-07-02T13:49:20.208000+00:00,17.721,31.888,21.556,302.0,225.0,False,71.165,"[None, 2048, 2048, 2048, 2048, 2048]","[2048, 2048, 2048, 2048, 2048, 2048, 2048]","[2048, 2048, 2048, 2048, 2048, 2048, 2048]",295.0
1213,9118,31,38,2023-07-02T13:49:21.129000+00:00,17.896,31.981,21.708,290.0,226.0,False,71.585,"[None, 2048, 2048, 2048, 2048, 2048]","[2048, 2048, 2048, 2048, 2048, 2048, 2048]","[2048, 2048, 2049, 2048, 2048, 2048, 2048]",287.0
1213,9118,2,38,2023-07-02T13:49:31.202000+00:00,17.754,32.039,21.654,302.0,226.0,False,71.447,"[None, 2048, 2048, 2048, 2048, 2048]","[2048, 2048, 2048, 2048, 2048, 2048, 2048]","[2048, 2048, 2048, 2048, 2048, 2048]",296.0
1213,9118,24,38,2023-07-02T13:49:37.285000+00:00,17.969,32.141,25.268,296.0,226.0,False,75.378,"[None, 2048, 2048, 2048, 2048, 2048]","[2048, 2048, 2048, 2048, 2048, 2048, 2048]","[2048, 2048, 2048, 2048, 2064, 2064, 2064]",292.0
1213,9118,18,38,2023-07-02T13:49:42.504000+00:00,17.668,30.78,21.126,295.0,229.0,False,69.574,"[2048, 2048, 2049, 2048, 2048, 2048]","[2048, 2049, 2048, 2048, 2051, 2048, 2049]","[2049, 2049, 2048, 2049, 2048, 2049, 2048]",290.0
1213,9118,21,38,2023-07-02T13:49:45.363000+00:00,34.188,31.946,21.133,301.0,229.0,True,87.267,"[2064, 2064, 2064, 2048, 2048, 2048]","[2048, 2048, 2048, 2048, 2048, 2048, 2049]","[2049, 2051, 2048, 2049, 2049, 2049, 2049]",292.0
1213,9118,22,38,2023-07-02T13:49:46.316000+00:00,17.845,32.537,21.887,277.0,224.0,False,72.269,"[None, 2048, 2048, 2048, 2048, 2048]","[2048, 2048, 2048, 2048, 2048, 2048, 2048]","[2048, 2048, 2048, 2048, 2048, 2048]",309.0
1213,9118,1,39,2023-07-02T13:49:46.957000+00:00,17.29,31.171,20.925,319.0,231.0,False,69.386,"[None, 2048, 2048, 2048, 2048, 2048]","[2048, 2048, 2048, 2048, 2048, 2048, 2048]","[2048, 2048, 2048, 2049, 2048, 2048]",296.0
1213,9118,77,38,2023-07-02T13:49:48.941000+00:00,17.847,31.89,21.767,295.0,223.0,False,71.504,"[None, 2048, 2048, 2048, 2048, 2048]","[2048, 2048, 2048, 2048, 2048, 2048, 2048]","[2048, 2048, 2048, 2048, 2048, 2048]",292.0
1213,9118,16,39,2023-07-02T13:49:51.410000+00:00,17.729,31.597,21.398,296.0,229.0,False,70.724,"[None, 2048, 2048, 2048, 2048, 2048]","[2048, 2048, 2048, 2048, 2048, 2048, 2048]","[2048, 2048, 2048, 2048, 2048, 2048, 2048]",296.0
1213,9118,81,38,2023-07-02T13:49:53.051000+00:00,17.932,31.68,21.455,301.0,227.0,False,71.067,"[None, 2048, 2048, 2048, 2048, 2048]","[2048, 2048, 2048, 2048, 2048, 2048, 2048]","[2048, 2048, 2048, 2048, 2048, 2048, 2048]",294.0
1213,9118,55,39,2023-07-02T13:49:56.910000+00:00,17.659,31.455,21.422,294.0,229.0,False,70.536,"[None, 2048, 2048, 2048, 2048, 2048]","[2048, 2048, 2048, 2048, 2048, 2048, 2048]","[2048, 2048, 2048, 2048, 2048, 2048, 2048]",293.0
1213,9118,20,38,2023-07-02T13:50:02.113000+00:00,17.571,32.369,21.306,302.0,221.0,False,71.246,"[None, 2048, 2048, 2048, 2048, 2048]","[2048, 2048, 2048, 2048, 2048, 2048, 2048]","[2048, 2048, 2048, 2048, 2048, 2049, 2049]",316.0
1213,9118,4,39,2023-07-02T13:50:05.738000+00:00,17.825,31.862,21.488,298.0,225.0,False,71.175,"[None, 2048, 2048, 2048, 2048, 2048]","[2048, 2048, 2048, 2048, 2048, 2048, 2048]","[2048, 2048, 2048, 2048, 2048, 2048]",293.0
1213,9118,44,39,2023-07-02T13:50:07.379000+00:00,17.754,31.751,21.454,297.0,223.0,False,70.959,"[None, 2048, 2048, 2048, 2048, 2048]","[2048, 2048, 2048, 2048, 2048, 2048, 2048]","[2048, 2048, 2048, 2048, 2048, 2048]",291.0
1213,9118,14,39,2023-07-02T13:50:09.800000+00:00,17.655,31.576,21.368,301.0,225.0,False,70.599,"[2049, 2048, 2048, 2048, 2048, 2048]","[2048, 2048, 2049, 2048, 2048, 2049, 2048]","[2048, 2048, 2049, 2048, 2048, 2048, 2049]",294.0
1213,9118,11,39,2023-07-02T13:50:13.441000+00:00,17.485,31.047,21.015,,228.0,False,69.547,"[None, 2048, 2048, 2048, 2048, 2048]","[2048, 2048, 2048, 2048, 2048, 2049, 2048]","[2048, 2048, 2048, 2048, 2049, 2048, 2048]",297.0
1213,9118,10,39,2023-07-02T13:50:22.769000+00:00,17.838,31.768,21.526,288.0,227.0,False,71.132,"[None, 2048, 2048, 2048, 2048, 2048]","[2048, 2048, 2048, 2048, 2048, 2048, 2048]","[2048, 2048, 2048, 2048, 2048, 2048]",288.0
1213,9118,63,39,2023-07-02T13:50:24.644000+00:00,17.821,31.778,21.383,296.0,227.0,False,70.982,"[None, 2048, 2048, 2048, 2048, 2048]","[2048, 2048, 2048, 2048, 2048, 2048, 2048]","[2048, 2048, 2048, 2048, 2048, 2048]",292.0
1213,9118,23,39,2023-07-02T13:50:31.081000+00:00,17.701,31.988,21.5,297.0,221.0,False,71.189,"[None, 2048, 2048, 2048, 2048, 2048]","[2048, 2048, 2048, 2048, 2048, 2048, 2048]","[2048, 2048, 2048, 2048, 2048, 2048]",292.0
1213,9118,31,39,2023-07-02T13:50:32.894000+00:00,17.97,32.16,21.774,289.0,228.0,False,71.904,"[None, 2048, 2048, 2048, 2048, 2048]","[2048, 2048, 2048, 2048, 2048, 2048, 2048]","[2048, 2048, 2048, 2048, 2048, 2048]",289.0
1213,9118,2,39,2023-07-02T13:50:42.987000+00:00,17.683,31.899,21.662,303.0,227.0,False,71.244,"[None, 2048, 2048, 2048, 2048, 2048]","[2048, 2048, 2048, 2048, 2048, 2048, 2048]","[2048, 2048, 2048, 2048, 2048, 2048, 2048]",298.0
1213,9118,18,39,2023-07-02T13:50:52.096000+00:00,17.576,30.854,21.178,299.0,231.0,False,69.608,"[None, 2048, 2049, 2048, 2048, 2048]","[2048, 2048, 2048, 2048, 2048, 2048, 2049]","[2049, 2048, 2048, 2048, 2048, 2048]",292.0
1213,9118,24,39,2023-07-02T13:50:52.706000+00:00,35.403,31.788,21.027,293.0,230.0,True,88.218,"[2064, 2064, 2064, 2048, 2048, 2048]","[2048, 2048, 2048, 2048, 2048, 2049, 2049]","[2048, 2049, 2048, 2048, 2049, 2049, 2048]",292.0
1213,9118,1,40,2023-07-02T13:50:56.346000+00:00,17.564,30.998,20.869,295.0,232.0,False,69.431,"[None, 2048, 2048, 2048, 2048, 2048]","[2048, 2048, 2048, 2048, 2048, 2048, 2048]","[2048, 2048, 2048, 2051, 2048, 2049, 2048]",296.0
1213,9118,22,39,2023-07-02T13:50:58.331000+00:00,17.786,31.606,21.864,294.0,219.0,False,71.256,"[None, 2048, 2048, 2048, 2048, 2048]","[2048, 2048, 2048, 2048, 2048, 2048, 2048]","[2048, 2048, 2048, 2048, 2048, 2048]",293.0
1213,9118,77,39,2023-07-02T13:51:00.378000+00:00,17.852,31.888,21.605,293.0,224.0,False,71.345,"[None, 2048, 2048, 2048, 2048, 2048]","[2048, 2048, 2048, 2048, 2048, 2048, 2048]","[2048, 2048, 2048, 2048, 2048, 2048]",292.0
1213,9118,16,40,2023-07-02T13:51:02.198000+00:00,17.694,31.75,21.452,,229.0,False,70.896,"[None, 2048, 2048, 2048, 2048, 2048]","[2048, 2048, 2048, 2048, 2048, 2048, 2048]","[2048, 2048, 2048, 2048, 2048, 2048, 2048]",296.0
1213,9118,81,39,2023-07-02T13:51:04.018000+00:00,17.899,31.86,21.482,297.0,226.0,False,71.241,"[None, 2048, 2048, 2048, 2048, 2048]","[2048, 2048, 2048, 2048, 2048, 2048, 2048]","[2048, 2048, 2048, 2048, 2048, 2048]",291.0
1213,9118,55,40,2023-07-02T13:51:07.502000+00:00,17.66,31.382,21.321,,231.0,False,70.363,"[None, 2048, 2048, 2048, 2048, 2048]","[2048, 2048, 2048, 2048, 2048, 2048, 2048]","[2048, 2048, 2048, 2048, 2048, 2048]",295.0
1213,9118,21,39,2023-07-02T13:51:12.643000+00:00,17.659,31.166,21.149,293.0,227.0,False,69.974,"[2048, 2048, 2048, 2048, 2048, 2048]","[2048, 2048, 2048, 2048, 2049, 2049, 2048]","[2049, 2048, 2048, 2048, 2048, 2049]",296.0
1213,9118,20,39,2023-07-02T13:51:13.377000+00:00,17.252,31.72,21.268,316.0,226.0,False,70.24,"[None, 2048, 2048, 2049, 2048, 2048]","[2048, 2048, 2048, 2048, 2048, 2048, 2048]","[2048, 2049, 2048, 2048, 2048, 2048, 2048]",312.0
1213,9118,4,40,2023-07-02T13:51:16.909000+00:00,17.799,32.401,21.359,300.0,229.0,False,71.559,"[None, 2048, 2048, 2048, 2048, 2048]","[2048, 2048, 2048, 2048, 2048, 2048, 2048]","[2048, 2048, 2048, 2048, 2048, 2048, 2048]",295.0
1213,9118,44,40,2023-07-02T13:51:18.362000+00:00,17.775,32.039,21.57,,224.0,False,71.384,"[None, 2048, 2048, 2048, 2048, 2048]","[2048, 2048, 2048, 2048, 2048, 2048, 2048]","[2048, 2048, 2048, 2048, 2048, 2048]",293.0
1213,9118,14,40,2023-07-02T13:51:20.424000+00:00,17.644,31.569,21.423,,228.0,False,70.636,"[None, 2048, 2048, 2048, 2048, 2048]","[2049, 2048, 2048, 2049, 2048, 2048, 2048]","[2048, 2048, 2048, 2048, 2048, 2048, 2049]",295.0
1213,9118,11,40,2023-07-02T13:51:23.033000+00:00,17.482,30.949,20.906,,228.0,False,69.337,"[None, 2048, 2048, 2048, 2048, 2048]","[2048, 2048, 2048, 2048, 2048, 2048, 2048]","[2048, 2049, 2048, 2048, 2048, 2048, 2048]",296.0
1213,9118,10,40,2023-07-02T13:51:33.658000+00:00,17.856,31.824,21.432,,227.0,False,71.112,"[None, 2048, 2048, 2048, 2048, 2048]","[2048, 2048, 2048, 2048, 2048, 2048, 2048]","[2048, 2048, 2048, 2048, 2048, 2048]",288.0
1213,9118,63,40,2023-07-02T13:51:35.814000+00:00,17.751,31.818,21.465,300.0,226.0,False,71.034,"[None, 2048, 2048, 2048, 2048, 2048]","[2048, 2048, 2048, 2048, 2048, 2048, 2048]","[2048, 2048, 2048, 2048, 2048, 2048]",296.0
1213,9118,23,40,2023-07-02T13:51:42.267000+00:00,17.695,31.986,21.51,298.0,225.0,False,71.191,"[None, 2048, 2048, 2048, 2048, 2048]","[2048, 2048, 2048, 2048, 2048, 2048, 2048]","[2048, 2049, 2048, 2048, 2048, 2048]",292.0
1213,9118,31,40,2023-07-02T13:51:44.627000+00:00,17.844,31.983,25.344,,227.0,False,75.171,"[None, 2048, 2048, 2048, 2048, 2048]","[2048, 2048, 2048, 2048, 2048, 2048, 2048]","[2048, 2048, 2048, 2048, 2064, 2064, 2064]",289.0
1213,9118,2,40,2023-07-02T13:51:54.002000+00:00,17.646,32.064,21.633,302.0,227.0,False,71.343,"[None, 2048, 2048, 2048, 2048, 2048]","[2048, 2048, 2048, 2048, 2048, 2048, 2048]","[2048, 2048, 2048, 2048, 2048, 2048]",298.0
1213,9118,18,40,2023-07-02T13:52:01.689000+00:00,17.554,30.998,21.114,296.0,230.0,False,69.666,"[None, 2048, 2048, 2048, 2048, 2048]","[2048, 2048, 2048, 2048, 2048, 2048, 2049]","[2049, 2048, 2048, 2049, 2048, 2048, 2048]",290.0
1213,9118,1,41,2023-07-02T13:52:05.783000+00:00,17.521,31.127,20.879,,233.0,False,69.527,"[None, 2048, 2048, 2048, 2048, 2048]","[2048, 2048, 2048, 2048, 2048, 2048, 2048]","[2048, 2048, 2048, 2051, 2049, 2048]",295.0
1213,9118,22,40,2023-07-02T13:52:09.595000+00:00,17.861,31.651,21.673,290.0,224.0,False,71.185,"[None, 2048, 2048, 2048, 2048, 2048]","[2048, 2048, 2048, 2048, 2048, 2048, 2048]","[2048, 2048, 2048, 2048, 2048, 2048]",291.0
1213,9118,77,40,2023-07-02T13:52:11.673000+00:00,17.736,31.74,25.052,295.0,223.0,False,74.528,"[None, 2048, 2048, 2048, 2048, 2048]","[2048, 2048, 2048, 2048, 2048, 2048, 2048]","[2048, 2048, 2048, 2048, 2064, 2064, 2064]",295.0
1213,9118,16,41,2023-07-02T13:52:13.064000+00:00,17.635,31.734,21.459,297.0,228.0,False,70.828,"[None, 2048, 2048, 2048, 2048, 2048]","[2048, 2048, 2048, 2048, 2048, 2048, 2048]","[2048, 2048, 2048, 2048, 2048, 2048, 2049]",296.0
1213,9118,81,40,2023-07-02T13:52:15.267000+00:00,17.878,31.756,21.381,298.0,229.0,False,71.015,"[None, 2048, 2048, 2048, 2048, 2048]","[2048, 2048, 2048, 2048, 2048, 2048, 2048]","[2048, 2048, 2048, 2048, 2048, 2048, 2048]",294.0
1213,9118,55,41,2023-07-02T13:52:17.798000+00:00,17.639,31.551,21.387,296.0,222.0,False,70.577,"[None, 2048, 2048, 2048, 2048, 2048]","[2048, 2048, 2048, 2048, 2048, 2048, 2048]","[2048, 2048, 2048, 2048, 2048, 2048, 2048]",297.0
1213,9118,24,40,2023-07-02T13:52:21.017000+00:00,17.615,31.061,21.196,296.0,229.0,False,69.872,"[2048, 2048, 2049, 2049, 2048, 2048]","[2048, 2049, 2048, 2048, 2049, 2049, 2048]","[2048, 2048, 2048, 2048, 2048, 2049, 2049]",291.0
1213,9118,21,40,2023-07-02T13:52:22.970000+00:00,17.66,31.26,21.141,,227.0,False,70.061,"[None, 2048, 2048, 2048, 2048, 2048]","[2048, 2048, 2048, 2048, 2049, 2048, 2048]","[2049, 2048, 2048, 2049, 2048, 2049, 2048]",295.0
1213,9118,20,40,2023-07-02T13:52:23.564000+00:00,17.255,31.698,21.373,314.0,220.0,False,70.326,"[None, 2048, 2048, 2049, 2048, 2048]","[2048, 2048, 2048, 2048, 2048, 2048, 2048]","[2048, 2048, 2048, 2048, 2048, 2048, 2048]",310.0
1213,9118,4,41,2023-07-02T13:52:28.485000+00:00,17.803,31.628,25.074,297.0,226.0,False,74.505,"[None, 2048, 2048, 2048, 2048, 2048]","[2048, 2048, 2048, 2048, 2048, 2048, 2048]","[2048, 2048, 2048, 2048, 2064, 2064, 2064]",293.0
1213,9118,44,41,2023-07-02T13:52:29.689000+00:00,17.76,31.72,21.388,,227.0,False,70.868,"[None, 2048, 2048, 2048, 2048, 2048]","[2048, 2048, 2048, 2048, 2048, 2048, 2048]","[2048, 2048, 2048, 2048, 2048, 2048, 2048]",293.0
1213,9118,14,41,2023-07-02T13:52:31.063000+00:00,17.617,31.658,21.392,,225.0,False,70.667,"[None, 2048, 2048, 2049, 2048, 2048]","[2048, 2048, 2048, 2048, 2048, 2048, 2048]","[2048, 2049, 2049, 2048, 2048, 2048]",294.0
1213,9118,11,41,2023-07-02T13:52:32.298000+00:00,17.5,31.162,21.143,301.0,229.0,False,69.805,"[None, 2048, 2048, 2048, 2048, 2048]","[2048, 2048, 2048, 2048, 2048, 2048, 2048]","[2048, 2049, 2048, 2048, 2048, 2048]",299.0
1213,9118,10,41,2023-07-02T13:52:44.766000+00:00,17.863,31.768,21.413,,227.0,False,71.044,"[None, 2048, 2048, 2048, 2048, 2048]","[2048, 2048, 2048, 2048, 2048, 2048, 2048]","[2048, 2048, 2048, 2048, 2048, 2048]",288.0
1213,9118,63,41,2023-07-02T13:52:46.688000+00:00,17.778,31.965,24.824,297.0,227.0,False,74.567,"[None, 2048, 2048, 2048, 2048, 2048]","[2048, 2048, 2048, 2048, 2048, 2048, 2048]","[2048, 2048, 2048, 2048, 2064, 2064, 2064]",294.0
1213,9118,23,41,2023-07-02T13:52:53.469000+00:00,17.718,31.815,24.86,299.0,227.0,False,74.393,"[None, 2048, 2048, 2048, 2048, 2048]","[2048, 2048, 2048, 2048, 2048, 2048, 2048]","[2048, 2048, 2048, 2048, 2064, 2064, 2064]",302.0
1213,9118,31,41,2023-07-02T13:52:59.766000+00:00,43.845,31.412,21.371,287.0,233.0,True,96.628,"[2064, 2064, 2064, 2048, 2048, 2048]","[2048, 2048, 2048, 2048, 2049, 2048, 2049]","[2048, 2048, 2048, 2048, 2048, 2049, 0]",290.0
1213,9118,2,41,2023-07-02T13:53:05.344000+00:00,17.709,32.067,21.712,298.0,225.0,False,71.488,"[None, 2048, 2048, 2048, 2048, 2048]","[2048, 2048, 2048, 2048, 2048, 2048, 2048]","[2048, 2048, 2048, 2048, 2048, 2048, 2048]",295.0
1213,9118,18,41,2023-07-02T13:53:11.375000+00:00,17.541,31.053,21.158,300.0,232.0,False,69.752,"[None, 2048, 2048, 2048, 2048, 2048]","[2048, 2048, 2048, 2048, 2048, 2048, 2048]","[2048, 2048, 2048, 2048, 2048, 2049, 2048]",295.0
1213,9118,1,42,2023-07-02T13:53:15.297000+00:00,17.501,31.024,20.986,297.0,232.0,False,69.511,"[None, 2048, 2048, 2048, 2048, 2048]","[2048, 2048, 2048, 2048, 2048, 2048, 2048]","[2048, 2048, 2048, 2048, 2048, 2048, 2048]",297.0
1213,9118,22,41,2023-07-02T13:53:20.828000+00:00,17.859,31.748,21.714,291.0,221.0,False,71.321,"[None, 2048, 2048, 2048, 2048, 2048]","[2048, 2048, 2048, 2048, 2048, 2048, 2048]","[2048, 2048, 2048, 2048, 2048, 2048]",292.0
1213,9118,16,42,2023-07-02T13:53:23.906000+00:00,17.54,31.649,21.333,295.0,227.0,False,70.522,"[2049, 2048, 2048, 2048, 2048, 2048]","[2048, 2048, 2048, 2048, 2048, 2048, 2048]","[2048, 2048, 2048, 2048, 2048, 2048]",296.0
1213,9118,77,41,2023-07-02T13:53:26.297000+00:00,35.04,31.573,21.413,295.0,227.0,True,88.026,"[2064, 2064, 2064, 2048, 2048, 2048]","[2048, 2048, 2048, 2048, 2048, 2049, 2048]","[2048, 2049, 2048, 2048, 2048, 2048, 2048]",294.0
1213,9118,81,41,2023-07-02T13:53:26.391000+00:00,17.77,31.949,24.685,303.0,226.0,False,74.404,"[None, 2048, 2048, 2048, 2048, 2048]","[2048, 2048, 2048, 2048, 2048, 2048, 2048]","[2048, 2048, 2048, 2048, 2064, 2064, 2064]",311.0
1213,9118,55,42,2023-07-02T13:53:28.391000+00:00,17.611,31.537,21.373,297.0,227.0,False,70.521,"[None, 2048, 2048, 2048, 2048, 2048]","[2048, 2048, 2048, 2048, 2048, 2048, 2048]","[2048, 2048, 2048, 2048, 2048, 2048]",299.0
1213,9118,24,41,2023-07-02T13:53:31.187000+00:00,17.61,31.225,21.25,293.0,225.0,False,70.085,"[None, 2049, 2048, 2048, 2048, 2048]","[2048, 2048, 2048, 2048, 2048, 2048, 2048]","[2048, 2048, 2048, 2048, 2048, 2048]",291.0
1213,9118,21,41,2023-07-02T13:53:32.687000+00:00,17.636,31.277,21.09,295.0,232.0,False,70.003,"[None, 2048, 2048, 2049, 2048, 2048]","[2048, 2048, 2048, 2048, 2049, 2048, 2048]","[2049, 2048, 2049, 2048, 2048, 2049, 2048]",298.0
1213,9118,20,41,2023-07-02T13:53:33.937000+00:00,17.62,31.606,21.343,298.0,225.0,False,70.569,"[None, 2048, 2048, 2048, 2048, 2048]","[2048, 2048, 2048, 2048, 2048, 2048, 2048]","[2048, 2048, 2048, 2048, 2048, 2049]",297.0
1213,9118,44,42,2023-07-02T13:53:40.468000+00:00,17.61,31.664,24.809,,228.0,False,74.083,"[None, 2048, 2048, 2048, 2048, 2048]","[2048, 2048, 2048, 2048, 2048, 2048, 2048]","[2048, 2048, 2048, 2048, 2064, 2064, 2064]",292.0
1213,9118,14,42,2023-07-02T13:53:41.609000+00:00,17.598,32.224,21.527,300.0,227.0,False,71.349,"[None, 2048, 2048, 2048, 2049, 2048]","[2048, 2048, 2049, 2049, 2048, 2048, 2048]","[2048, 2048, 2049, 2048, 2048, 2048]",303.0
1213,9118,11,42,2023-07-02T13:53:42.047000+00:00,17.3,31.383,21.107,325.0,228.0,False,69.79,"[None, 2048, 2048, 2048, 2048, 2048]","[2048, 2048, 2048, 2048, 2048, 2048, 2048]","[2048, 2048, 2051, 2048, 2048, 2048]",297.0
1213,9118,4,42,2023-07-02T13:53:43+00:00,35.121,31.243,20.985,298.0,230.0,True,87.349,"[2064, 2064, 2064, 2048, 2048, 2048]","[2048, 2048, 2048, 2048, 2049, 2049, 2048]","[2048, 2048, 2048, 2048, 2048, 2049, 2048]",290.0
1213,9118,10,42,2023-07-02T13:53:55.781000+00:00,17.861,32.636,21.463,,228.0,False,71.96,"[None, 2048, 2048, 2048, 2048, 2048]","[2048, 2048, 2048, 2048, 2048, 2048, 2048]","[2048, 2048, 2049, 2048, 2048, 2048]",288.0
1213,9118,63,42,2023-07-02T13:54:01.218000+00:00,34.925,31.28,21.43,300.0,231.0,True,87.635,"[2064, 2064, 2064, 2048, 2048, 2048]","[2048, 2049, 2048, 2048, 2049, 2048, 2048]","[2048, 2048, 2048, 2048, 2048, 2048, 0]",290.0
1213,9118,23,42,2023-07-02T13:54:07.812000+00:00,40.826,31.442,21.332,302.0,233.0,True,93.6,"[2064, 2064, 2064, 2048, 2048, 2048]","[2048, 2048, 2048, 2048, 2049, 2048, 2049]","[2049, 2049, 2048, 2048, 2048, 2048, 0]",295.0
1213,9118,2,42,2023-07-02T13:54:16.718000+00:00,17.743,32.105,21.703,303.0,227.0,False,71.551,"[None, 2048, 2048, 2048, 2048, 2048]","[2048, 2048, 2048, 2048, 2048, 2048, 2048]","[2048, 2048, 2048, 2048, 2048, 2048]",299.0
1213,9118,18,42,2023-07-02T13:54:21.093000+00:00,17.568,31.122,21.208,297.0,227.0,False,69.898,"[None, 2048, 2048, 2048, 2048, 2048]","[2048, 2048, 2048, 2048, 2048, 2048, 2048]","[2048, 2048, 2048, 2048, 2048, 2048, 2048]",293.0
1213,9118,1,43,2023-07-02T13:54:24.780000+00:00,17.513,31.144,20.935,298.0,230.0,False,69.592,"[None, 2049, 2048, 2048, 2048, 2048]","[2048, 2048, 2048, 2048, 2048, 2048, 2048]","[2048, 2048, 2048, 2048, 2048, 2048]",297.0
1213,9118,22,42,2023-07-02T13:54:32.546000+00:00,17.793,32.182,21.67,295.0,219.0,False,71.645,"[None, 2048, 2048, 2048, 2048, 2048]","[2048, 2048, 2048, 2048, 2048, 2048, 2048]","[2048, 2048, 2048, 2048, 2048, 2048, 2048]",294.0
1213,9118,16,43,2023-07-02T13:54:34.421000+00:00,17.607,31.539,21.478,296.0,228.0,False,70.624,"[2048, 2048, 2048, 2048, 2048, 2048]","[2048, 2048, 2048, 2048, 2048, 2048, 2048]","[2048, 2048, 2048, 2048, 2048, 2048, 2048]",296.0
1213,9118,31,42,2023-07-02T13:54:36.421000+00:00,17.692,31.362,21.378,288.0,233.0,False,70.432,"[2048, 2048, 2048, 2048, 2048, 2048]","[2048, 2048, 2048, 2048, 2048, 2048, 2048]","[2049, 2049, 2048, 2048, 2049, 2048]",288.0
1213,9118,55,43,2023-07-02T13:54:38.905000+00:00,17.392,31.488,21.317,,227.0,False,70.197,"[2049, 2048, 2048, 2048, 2048, 2048]","[2048, 2048, 2048, 2048, 2048, 2048, 2048]","[2048, 2048, 2048, 2048, 2048, 2048, 2048]",296.0
1213,9118,81,42,2023-07-02T13:54:40.702000+00:00,35.774,31.485,21.195,297.0,230.0,True,88.454,"[2064, 2064, 2064, 2048, 2048, 2048]","[2048, 2048, 2048, 2048, 2048, 2048, 2048]","[2048, 2048, 2048, 2048, 2048, 2048, 2048]",292.0
1213,9118,24,42,2023-07-02T13:54:41.139000+00:00,17.596,31.283,21.016,291.0,226.0,False,69.895,"[None, 2048, 2049, 2049, 2048, 2048]","[2048, 2048, 2048, 2048, 2048, 2048, 2048]","[2048, 2048, 2048, 2049, 2048, 2049]",289.0
1213,9118,21,42,2023-07-02T13:54:42.686000+00:00,17.596,31.317,21.256,294.0,228.0,False,70.169,"[None, 2048, 2048, 2048, 2048, 2048]","[2048, 2048, 2048, 2048, 2048, 2048, 2048]","[2048, 2048, 2049, 2048, 2048, 2048]",295.0
1213,9118,20,42,2023-07-02T13:54:44.420000+00:00,17.614,31.601,21.201,297.0,224.0,False,70.416,"[None, 2048, 2048, 2048, 2048, 2048]","[2048, 2048, 2048, 2048, 2048, 2048, 2048]","[2048, 2048, 2048, 2049, 2049, 2048]",296.0
1213,9118,11,43,2023-07-02T13:54:51.842000+00:00,17.327,31.162,20.798,302.0,228.0,False,69.287,"[None, 2049, 2048, 2048, 2048, 2048]","[2048, 2048, 2048, 2048, 2048, 2048, 2048]","[2048, 2051, 2048, 2049, 2048, 2048, 2048]",294.0
1213,9118,14,43,2023-07-02T13:54:53.014000+00:00,17.464,31.594,21.909,299.0,225.0,False,70.967,"[None, 2049, 2048, 2048, 2048, 2048]","[2048, 2048, 2048, 2048, 2048, 2048, 2048]","[2048, 2049, 2048, 2048, 2048, 2048]",293.0
1213,9118,77,42,2023-07-02T13:54:54.327000+00:00,17.511,31.157,21.434,298.0,229.0,False,70.102,"[2048, 2048, 2049, 2048, 2048, 2048]","[2048, 2048, 2048, 2048, 2048, 2049, 2048]","[2048, 2048, 2048, 2048, 2048, 2048, 2049]",297.0
1213,9118,44,43,2023-07-02T13:54:54.608000+00:00,40.687,31.573,21.608,300.0,224.0,True,93.868,"[2064, 2064, 2064, 2048, 2048, 2048]","[2048, 2048, 2048, 2048, 2048, 2048, 2048]","[2048, 2048, 2048, 2048, 2048, 2048, 0]",284.0
1213,9118,10,43,2023-07-02T13:55:07.779000+00:00,17.829,31.746,21.541,289.0,227.0,False,71.116,"[None, 2048, 2048, 2048, 2048, 2048]","[2048, 2048, 2048, 2048, 2048, 2048, 2048]","[2048, 2048, 2048, 2048, 2048, 2048]",289.0
1213,9118,4,43,2023-07-02T13:55:10.357000+00:00,17.531,30.757,20.971,299.0,230.0,False,69.259,"[2048, 2048, 2049, 2048, 2048, 2048]","[2048, 2051, 2048, 2048, 2049, 2049, 2049]","[2048, 2049, 2048, 2048, 2048, 2048]",293.0
1213,9118,2,43,2023-07-02T13:55:28.310000+00:00,17.713,32.599,25.451,302.0,223.0,False,75.763,"[None, 2048, 2048, 2048, 2048, 2048]","[2048, 2048, 2048, 2048, 2048, 2048, 2048]","[2048, 2048, 2048, 2048, 2064, 2064, 2064]",304.0
1213,9118,63,43,2023-07-02T13:55:28.904000+00:00,17.247,31.037,21.375,305.0,229.0,False,69.659,"[2048, 2048, 2048, 2049, 2048, 2048]","[2048, 2048, 2048, 2048, 2049, 2049, 2048]","[2048, 2048, 2048, 2048, 2048, 2048]",305.0
1213,9118,18,43,2023-07-02T13:55:31.029000+00:00,17.489,31.214,21.433,303.0,229.0,False,70.136,"[None, 2048, 2048, 2048, 2048, 2048]","[2048, 2048, 2048, 2048, 2048, 2048, 2048]","[2048, 2048, 2048, 2048, 2048, 2048, 2049]",296.0
1213,9118,1,44,2023-07-02T13:55:34.576000+00:00,17.457,31.244,20.977,,227.0,False,69.678,"[None, 2048, 2048, 2048, 2048, 2048]","[2048, 2048, 2048, 2048, 2048, 2048, 2048]","[2048, 2048, 2048, 2048, 2048, 2048, 2048]",300.0
1213,9118,23,43,2023-07-02T13:55:41.482000+00:00,17.457,31.16,21.217,301.0,230.0,False,69.834,"[2048, 2048, 2049, 2048, 2048, 2048]","[2048, 2049, 2048, 2048, 2049, 2048, 2048]","[2048, 2048, 2048, 2049, 2048, 2048, 2048]",295.0
1213,9118,22,43,2023-07-02T13:55:44.091000+00:00,17.772,33.332,25.618,294.0,219.0,False,76.722,"[None, 2048, 2048, 2048, 2048, 2048]","[2048, 2048, 2048, 2048, 2048, 2048, 2048]","[2048, 2048, 2048, 2048, 2064, 2064, 2064]",294.0
1213,9118,16,44,2023-07-02T13:55:45.044000+00:00,17.622,31.57,21.283,300.0,229.0,False,70.475,"[None, 2048, 2048, 2048, 2048, 2049]","[2048, 2048, 2048, 2048, 2048, 2048, 2048]","[2048, 2048, 2048, 2048, 2048, 2048, 2048]",301.0
1213,9118,31,43,2023-07-02T13:55:46.857000+00:00,17.716,31.472,21.553,,229.0,False,70.741,"[None, 2048, 2048, 2048, 2048, 2048]","[2048, 2048, 2048, 2048, 2048, 2048, 2048]","[2048, 2048, 2048, 2048, 2048, 2048, 2049]",289.0
1213,9118,55,44,2023-07-02T13:55:49.122000+00:00,17.636,31.639,21.402,296.0,227.0,False,70.677,"[2048, 2048, 2048, 2048, 2048, 2048]","[2048, 2048, 2048, 2048, 2048, 2048, 2048]","[2048, 2048, 2048, 2048, 2048, 2048, 2048]",296.0
1213,9118,24,43,2023-07-02T13:55:50.701000+00:00,17.608,31.315,21.143,293.0,223.0,False,70.066,"[None, 2048, 2048, 2048, 2048, 2048]","[2048, 2048, 2048, 2048, 2048, 2049, 2048]","[2048, 2048, 2048, 2048, 2048, 2048, 2048]",291.0
1213,9118,21,43,2023-07-02T13:55:52.888000+00:00,17.663,31.434,21.178,293.0,225.0,False,70.275,"[None, 2048, 2048, 2048, 2048, 2048]","[2048, 2048, 2048, 2048, 2048, 2048, 2048]","[2048, 2048, 2048, 2049, 2048, 2048, 2048]",298.0
1213,9118,20,43,2023-07-02T13:55:54.919000+00:00,17.651,31.757,21.223,296.0,225.0,False,70.631,"[None, 2048, 2048, 2048, 2048, 2048]","[2048, 2048, 2048, 2048, 2048, 2048, 2048]","[2048, 2048, 2048, 2048, 2048, 2049, 2048]",295.0
1213,9118,11,44,2023-07-02T13:56:01.294000+00:00,17.535,31.042,20.912,303.0,228.0,False,69.489,"[None, 2048, 2048, 2048, 2048, 2048]","[2048, 2048, 2048, 2048, 2048, 2048, 2048]","[2048, 2048, 2048, 2048, 2048, 2048, 2048]",293.0
1213,9118,14,44,2023-07-02T13:56:04.091000+00:00,17.721,32.389,25.203,301.0,222.0,False,75.313,"[2048, 2048, 2048, 2048, 2048, 2048]","[2048, 2048, 2048, 2048, 2048, 2048, 2048]","[2048, 2048, 2048, 2048, 2064, 2064, 2064]",293.0
1213,9118,77,43,2023-07-02T13:56:04.466000+00:00,17.426,31.737,21.18,310.0,229.0,False,70.343,"[2049, 2048, 2048, 2049, 2048, 2048]","[2048, 2048, 2048, 2048, 2048, 2048, 2048]","[2048, 2048, 2048, 2048, 2049, 2049, 2048]",304.0
1213,9118,81,43,2023-07-02T13:56:09.575000+00:00,17.693,31.146,21.252,296.0,228.0,False,70.091,"[2048, 2048, 2049, 2048, 2048, 2048]","[2048, 2049, 2048, 2048, 2049, 2049, 2048]","[2048, 2048, 2048, 2048, 2048, 2048, 2048]",294.0
1213,9118,10,44,2023-07-02T13:56:18.762000+00:00,17.908,32.279,25.381,,225.0,False,75.568,"[None, 2048, 2048, 2048, 2048, 2048]","[2048, 2048, 2048, 2048, 2048, 2048, 2048]","[2048, 2048, 2048, 2048, 2064, 2064, 2064]",303.0
1213,9118,4,44,2023-07-02T13:56:19.481000+00:00,17.212,30.972,20.98,311.0,229.0,False,69.164,"[None, 2048, 2048, 2049, 2049, 2048]","[2049, 2048, 2048, 2048, 2048, 2048, 2048]","[2048, 2048, 2048, 2048, 2048, 2048]",287.0
1213,9118,44,44,2023-07-02T13:56:28.684000+00:00,17.609,31.36,21.514,296.0,226.0,False,70.483,"[2048, 2048, 2049, 2048, 2048, 2048]","[2048, 2048, 2048, 2048, 2048, 2048, 2048]","[2048, 2048, 2048, 2048, 2048, 2048]",291.0
1213,9118,63,44,2023-07-02T13:56:38.715000+00:00,17.609,31.035,21.178,291.0,227.0,False,69.822,"[None, 2048, 2049, 2048, 2048, 2048]","[2048, 2049, 2048, 2048, 2049, 2048, 2049]","[2049, 2048, 2048, 2048, 2048, 2049, 2048]",292.0
1213,9118,18,44,2023-07-02T13:56:41.090000+00:00,17.311,31.064,21.177,299.0,227.0,False,69.552,"[None, 2051, 2048, 2048, 2048, 2048]","[2048, 2048, 2048, 2048, 2048, 2048, 2048]","[2048, 2048, 2049, 2048, 2048, 2048]",295.0
1213,9118,1,45,2023-07-02T13:56:44.184000+00:00,17.522,31.196,20.933,296.0,230.0,False,69.651,"[None, 2048, 2048, 2048, 2048, 2048]","[2048, 2048, 2048, 2048, 2048, 2048, 2048]","[2048, 2048, 2048, 2051, 2048, 2048, 2048]",299.0
1213,9118,2,44,2023-07-02T13:56:44.434000+00:00,34.463,31.684,21.295,310.0,231.0,True,87.442,"[2064, 2064, 2064, 2048, 2048, 2048]","[2048, 2048, 2049, 2048, 2048, 2048, 2049]","[2049, 2049, 2048, 2048, 2049, 2049, 2051]",315.0
1213,9118,23,44,2023-07-02T13:56:51.278000+00:00,17.446,31.236,21.189,297.0,230.0,False,69.871,"[None, 2048, 2049, 2048, 2048, 2048]","[2048, 2049, 2048, 2048, 2048, 2048, 2049]","[2049, 2049, 2048, 2048, 2048, 2049]",293.0
1213,9118,16,45,2023-07-02T13:56:55.496000+00:00,17.621,31.638,21.216,298.0,232.0,False,70.475,"[None, 2048, 2048, 2048, 2048, 2048]","[2048, 2048, 2048, 2048, 2048, 2048, 2048]","[2048, 2048, 2048, 2048, 2048, 2048]",300.0
1213,9118,31,44,2023-07-02T13:56:57.590000+00:00,17.497,31.493,21.255,287.0,231.0,False,70.245,"[None, 2048, 2049, 2048, 2048, 2048]","[2048, 2048, 2048, 2048, 2048, 2048, 2048]","[2048, 2048, 2048, 2049, 2048, 2049]",291.0
1213,9118,55,45,2023-07-02T13:56:59.809000+00:00,17.645,31.785,25.08,294.0,229.0,False,74.51,"[None, 2048, 2048, 2048, 2048, 2048]","[2048, 2048, 2048, 2048, 2048, 2048, 2048]","[2048, 2048, 2048, 2048, 2064, 2064, 2064]",298.0
1213,9118,22,44,2023-07-02T13:57:00.512000+00:00,34.882,31.367,21.24,292.0,232.0,True,87.489,"[2064, 2064, 2064, 2048, 2048, 2048]","[2048, 2048, 2048, 2048, 2048, 2049, 2049]","[2048, 2049, 2048, 2048, 2049, 2049, 0]",295.0
1213,9118,24,44,2023-07-02T13:57:00.855000+00:00,17.649,32.259,21.461,292.0,224.0,False,71.369,"[None, 2048, 2048, 2048, 2048, 2048]","[2048, 2048, 2048, 2048, 2048, 2049, 2048]","[2048, 2048, 2048, 2048, 2048, 2048]",292.0
1213,9118,21,44,2023-07-02T13:57:03.121000+00:00,17.658,31.448,21.366,,227.0,False,70.472,"[None, 2048, 2048, 2049, 2048, 2048]","[2048, 2048, 2048, 2048, 2048, 2048, 2048]","[2048, 2048, 2048, 2048, 2048, 2048]",301.0
1213,9118,20,44,2023-07-02T13:57:05.512000+00:00,17.675,31.642,21.363,293.0,224.0,False,70.68,"[None, 2048, 2048, 2048, 2048, 2048]","[2048, 2048, 2048, 2048, 2048, 2048, 2048]","[2048, 2048, 2048, 2048, 2048, 2048, 2048]",298.0
1213,9118,11,45,2023-07-02T13:57:10.730000+00:00,17.482,30.949,20.84,301.0,228.0,False,69.271,"[None, 2048, 2048, 2048, 2048, 2048]","[2048, 2048, 2048, 2048, 2048, 2048, 2048]","[2048, 2048, 2048, 2049, 2048, 2048, 2048]",298.0
1213,9118,77,44,2023-07-02T13:57:14.777000+00:00,17.644,31.249,21.303,289.0,225.0,False,70.196,"[2048, 2048, 2048, 2048, 2048, 2048]","[2048, 2048, 2048, 2048, 2048, 2048, 2048]","[2048, 2048, 2048, 2048, 2049, 2048, 2048]",291.0
1213,9118,14,45,2023-07-02T13:57:19.371000+00:00,34.83,31.124,21.033,295.0,228.0,True,86.987,"[2064, 2064, 2064, 2048, 2048, 2048]","[2048, 2048, 2048, 2048, 2051, 2048, 2048]","[2048, 2049, 2048, 2048, 2049, 2049, 2049]",287.0
1213,9118,81,44,2023-07-02T13:57:19.496000+00:00,17.694,31.334,21.28,297.0,230.0,False,70.308,"[None, 2048, 2048, 2048, 2048, 2048]","[2048, 2048, 2048, 2048, 2048, 2048, 2048]","[2048, 2048, 2048, 2048, 2048, 2048]",295.0
1213,9118,4,45,2023-07-02T13:57:28.621000+00:00,17.612,30.687,20.748,297.0,232.0,False,69.047,"[None, 2048, 2048, 2048, 2048, 2048]","[2048, 2048, 2048, 2048, 2049, 2048, 2049]","[2049, 2051, 2048, 2049, 2051, 2049, 2048]",293.0
1213,9118,10,45,2023-07-02T13:57:34.371000+00:00,40.967,31.144,21.099,286.0,233.0,True,93.21,"[2064, 2064, 2064, 2048, 2048, 2048]","[2048, 2049, 2048, 2048, 2049, 2049, 2049]","[2048, 2049, 2048, 2048, 2048, 2049, 2049]",291.0
1213,9118,44,45,2023-07-02T13:57:38.995000+00:00,17.466,31.245,21.394,,229.0,False,70.105,"[None, 2048, 2049, 2048, 2048, 2048]","[2048, 2048, 2048, 2048, 2048, 2048, 2048]","[2048, 2048, 2048, 2048, 2048, 2048, 2048]",293.0
1213,9118,63,45,2023-07-02T13:57:48.339000+00:00,17.549,30.977,21.2,296.0,227.0,False,69.726,"[None, 2048, 2049, 2048, 2048, 2048]","[2049, 2048, 2048, 2048, 2048, 2049, 2049]","[2048, 2048, 2048, 2048, 2049, 2048, 2048]",293.0
1213,9118,18,45,2023-07-02T13:57:50.714000+00:00,17.509,31.004,21.184,300.0,228.0,False,69.697,"[None, 2048, 2048, 2048, 2048, 2048]","[2048, 2048, 2048, 2048, 2048, 2048, 2048]","[2048, 2048, 2049, 2048, 2049, 2048]",296.0
1213,9118,1,46,2023-07-02T13:57:53.730000+00:00,17.462,31.124,20.977,298.0,231.0,False,69.563,"[None, 2049, 2048, 2048, 2048, 2048]","[2048, 2048, 2048, 2048, 2048, 2048, 2048]","[2048, 2048, 2048, 2048, 2048, 2048, 2048]",302.0
1213,9118,23,45,2023-07-02T13:58:01.073000+00:00,17.444,31.187,21.217,299.0,227.0,False,69.848,"[None, 2048, 2049, 2048, 2048, 2048]","[2048, 2048, 2048, 2048, 2048, 2048, 2048]","[2048, 2048, 2048, 2048, 2049, 2049]",295.0
1213,9118,16,46,2023-07-02T13:58:05.979000+00:00,17.687,31.697,21.247,297.0,230.0,False,70.631,"[None, 2048, 2048, 2048, 2048, 2048]","[2048, 2048, 2048, 2048, 2048, 2048, 2048]","[2048, 2048, 2048, 2048, 2048, 2048, 2048]",299.0
1213,9118,31,45,2023-07-02T13:58:07.792000+00:00,17.683,31.452,21.406,288.0,230.0,False,70.541,"[None, 2048, 2048, 2048, 2048, 2048]","[2048, 2048, 2048, 2048, 2048, 2048, 2048]","[2048, 2048, 2048, 2048, 2048, 2048, 2048]",290.0
1213,9118,2,45,2023-07-02T13:58:11.589000+00:00,17.219,31.157,21.235,305.0,234.0,False,69.611,"[2049, 2049, 2049, 2049, 2048, 2048]","[2048, 2049, 2048, 2048, 2049, 2048, 2049]","[2048, 2048, 2048, 2049, 2049, 2048]",302.0
1213,9118,24,45,2023-07-02T13:58:12.182000+00:00,17.202,32.812,21.117,309.0,231.0,False,71.131,"[2049, 2049, 2048, 2049, 2048, 2048]","[2048, 2048, 2048, 2048, 2048, 2048, 2048]","[2048, 2048, 2048, 2048, 2048, 2048, 2048]",270.0
1213,9118,21,45,2023-07-02T13:58:13.479000+00:00,17.636,31.736,21.395,296.0,226.0,False,70.767,"[None, 2048, 2048, 2048, 2048, 2048]","[2048, 2048, 2048, 2048, 2048, 2048, 2048]","[2048, 2048, 2049, 2048, 2049, 2048, 2048]",299.0
1213,9118,55,46,2023-07-02T13:58:14.260000+00:00,41.397,30.539,20.933,307.0,230.0,True,92.869,"[2064, 2064, 2064, 2048, 2048, 2048]","[2048, 2048, 2049, 2049, 2049, 2049, 2049]","[2048, 2048, 2048, 2048, 2048, 2051, 2048]",322.0
1213,9118,20,45,2023-07-02T13:58:16.089000+00:00,17.668,31.601,21.434,295.0,218.0,False,70.703,"[None, 2048, 2048, 2048, 2048, 2048]","[2048, 2048, 2048, 2048, 2048, 2048, 2048]","[2048, 2048, 2048, 2048, 2048, 2048]",296.0
1213,9118,11,46,2023-07-02T13:58:19.979000+00:00,17.441,30.942,20.905,302.0,228.0,False,69.288,"[None, 2048, 2048, 2048, 2048, 2048]","[2048, 2048, 2048, 2048, 2048, 2048, 2048]","[2048, 2048, 2048, 2048, 2048, 2048]",294.0
1213,9118,77,45,2023-07-02T13:58:24.901000+00:00,17.617,31.142,21.25,294.0,228.0,False,70.009,"[None, 2048, 2048, 2048, 2048, 2048]","[2048, 2048, 2048, 2048, 2049, 2048, 2048]","[2048, 2048, 2048, 2048, 2048, 2048, 2048]",295.0
1213,9118,22,45,2023-07-02T13:58:28.026000+00:00,17.494,30.934,21.192,294.0,231.0,False,69.62,"[2048, 2048, 2049, 2049, 2048, 2048]","[2048, 2048, 2048, 2048, 2049, 2048, 2049]","[2048, 2048, 2048, 2049, 2049, 2048]",295.0
1213,9118,81,45,2023-07-02T13:58:29.635000+00:00,17.693,31.07,21.138,299.0,230.0,False,69.901,"[None, 2048, 2048, 2048, 2048, 2048]","[2048, 2048, 2048, 2048, 2048, 2049, 2048]","[2048, 2048, 2048, 2048, 2048, 2049, 2048]",296.0
1213,9118,4,46,2023-07-02T13:58:37.744000+00:00,17.58,31.253,21.04,298.0,229.0,False,69.873,"[None, 2048, 2048, 2048, 2048, 2048]","[2048, 2048, 2048, 2048, 2048, 2048, 2048]","[2048, 2048, 2048, 2048, 2048, 2048, 2051]",299.0
1213,9118,14,46,2023-07-02T13:58:46.354000+00:00,17.492,30.684,21.074,299.0,233.0,False,69.25,"[2048, 2048, 2049, 2049, 2049, 2048]","[2048, 2049, 2048, 2048, 2048, 2049, 2049]","[2048, 2049, 2048, 2048, 2048, 2048]",295.0
1213,9118,44,46,2023-07-02T13:58:48.979000+00:00,17.475,31.034,21.036,297.0,229.0,False,69.545,"[None, 2048, 2048, 2049, 2048, 2048]","[2048, 2048, 2048, 2048, 2048, 2048, 2048]","[2049, 2049, 2048, 2048, 2048, 2049, 2048]",292.0
1213,9118,63,46,2023-07-02T13:58:57.978000+00:00,17.505,30.967,21.216,,229.0,False,69.688,"[None, 2049, 2049, 2048, 2048, 2048]","[2048, 2048, 2048, 2048, 2048, 2049, 2049]","[2048, 2048, 2048, 2048, 2048, 2048]",294.0
1213,9118,18,46,2023-07-02T13:59:00.353000+00:00,17.507,31.091,21.131,297.0,226.0,False,69.729,"[None, 2048, 2048, 2048, 2048, 2048]","[2048, 2048, 2048, 2048, 2048, 2048, 2048]","[2048, 2048, 2048, 2048, 2048, 2048]",294.0
1213,9118,1,47,2023-07-02T13:59:03.275000+00:00,17.473,31.08,20.898,,231.0,False,69.451,"[None, 2048, 2048, 2048, 2048, 2048]","[2048, 2048, 2048, 2048, 2048, 2049, 2048]","[2048, 2048, 2048, 2051, 2048, 2048, 2048]",300.0
1213,9118,10,46,2023-07-02T13:59:07.666000+00:00,17.533,30.574,21.05,288.0,232.0,False,69.157,"[2048, 2048, 2049, 2049, 2048, 2048]","[2048, 2049, 2048, 2048, 2051, 2049, 2049]","[2049, 2049, 2048, 2049, 2048, 2048, 2048]",290.0
1213,9118,23,46,2023-07-02T13:59:11.025000+00:00,17.446,31.154,21.132,298.0,230.0,False,69.732,"[None, 2048, 2048, 2048, 2048, 2048]","[2048, 2048, 2048, 2048, 2048, 2048, 2049]","[2048, 2049, 2048, 2049, 2049, 2048, 2048]",294.0
1213,9118,16,47,2023-07-02T13:59:16.619000+00:00,17.6,31.522,24.619,298.0,229.0,False,73.741,"[None, 2048, 2048, 2048, 2048, 2048]","[2048, 2048, 2048, 2048, 2048, 2048, 2048]","[2048, 2048, 2048, 2048, 2064, 2064, 2064]",300.0
1213,9118,31,46,2023-07-02T13:59:18.478000+00:00,17.63,31.48,21.341,289.0,231.0,False,70.451,"[None, 2048, 2048, 2048, 2048, 2048]","[2048, 2048, 2048, 2048, 2048, 2048, 2048]","[2048, 2048, 2048, 2048, 2049, 2049, 2048]",290.0
1213,9118,2,46,2023-07-02T13:59:21.197000+00:00,17.408,31.164,21.219,302.0,230.0,False,69.791,"[2048, 2048, 2048, 2048, 2048, 2048]","[2048, 2048, 2048, 2048, 2048, 2049, 2049]","[2049, 2048, 2048, 2049, 2048, 2048, 2048]",295.0
1213,9118,24,46,2023-07-02T13:59:23.369000+00:00,17.58,31.207,20.999,293.0,228.0,False,69.786,"[2048, 2048, 2048, 2048, 2048, 2048]","[2048, 2048, 2048, 2048, 2048, 2048, 2048]","[2048, 2048, 2048, 2049, 2048, 2048, 2048]",295.0
1213,9118,21,46,2023-07-02T13:59:24.369000+00:00,17.327,31.247,21.278,310.0,228.0,False,69.852,"[None, 2049, 2048, 2049, 2048, 2048]","[2048, 2048, 2049, 2048, 2048, 2049, 2048]","[2048, 2048, 2048, 2048, 2048, 2048, 2049]",311.0
1213,9118,20,46,2023-07-02T13:59:26.915000+00:00,17.584,31.474,21.395,301.0,226.0,False,70.453,"[None, 2048, 2048, 2048, 2048, 2048]","[2048, 2048, 2048, 2048, 2048, 2048, 2048]","[2048, 2048, 2048, 2048, 2048, 2048, 2048]",301.0
1213,9118,11,47,2023-07-02T13:59:29.181000+00:00,17.513,31.004,20.885,,228.0,False,69.402,"[None, 2048, 2048, 2048, 2048, 2048]","[2048, 2048, 2048, 2048, 2048, 2048, 2048]","[2048, 2048, 2048, 2048, 2048, 2048]",296.0
1213,9118,77,46,2023-07-02T13:59:35.009000+00:00,17.574,31.195,21.305,291.0,226.0,False,70.074,"[None, 2048, 2048, 2048, 2048, 2048]","[2048, 2048, 2048, 2048, 2048, 2048, 2048]","[2048, 2048, 2048, 2048, 2048, 2048, 2048]",292.0
1213,9118,22,46,2023-07-02T13:59:37.665000+00:00,17.59,30.92,21.265,293.0,231.0,False,69.775,"[None, 2048, 2048, 2048, 2048, 2048]","[2048, 2048, 2048, 2048, 2048, 2048, 2048]","[2048, 2048, 2048, 2048, 2048, 2048, 2049]",292.0
1213,9118,81,46,2023-07-02T13:59:39.728000+00:00,17.664,31.127,21.071,298.0,228.0,False,69.862,"[None, 2048, 2048, 2048, 2048, 2048]","[2048, 2048, 2048, 2048, 2049, 2049, 2048]","[2048, 2048, 2048, 2048, 2048, 2049, 2048]",291.0
1213,9118,55,47,2023-07-02T13:59:47.149000+00:00,17.472,30.593,20.878,289.0,231.0,False,68.943,"[2048, 2048, 2049, 2048, 2048, 2048]","[2048, 2049, 2048, 2048, 2048, 2049, 2049]","[2048, 2049, 2048, 2049, 2049, 2048, 2048]",291.0
1213,9118,4,47,2023-07-02T13:59:47.649000+00:00,17.236,31.271,20.946,316.0,231.0,False,69.453,"[2049, 2048, 2048, 2048, 2048, 2048]","[2048, 2048, 2048, 2048, 2048, 2048, 2048]","[2048, 2048, 2048, 2048, 2048, 2048, 2048]",306.0
1213,9118,14,47,2023-07-02T13:59:55.618000+00:00,17.425,30.729,21.08,296.0,231.0,False,69.234,"[None, 2048, 2048, 2049, 2048, 2048]","[2049, 2048, 2048, 2048, 2048, 2049, 2049]","[2049, 2049, 2048, 2048, 2048, 2048, 2048]",292.0
1213,9118,44,47,2023-07-02T13:59:58.634000+00:00,17.463,31.012,20.822,295.0,229.0,False,69.297,"[None, 2048, 2049, 2048, 2048, 2048]","[2048, 2048, 2048, 2048, 2048, 2048, 2049]","[2049, 2049, 2048, 2049, 2048, 2049, 2049]",290.0
1213,9118,63,47,2023-07-02T14:00:07.774000+00:00,17.551,31.119,21.109,294.0,228.0,False,69.779,"[None, 2048, 2048, 2048, 2048, 2048]","[2048, 2048, 2048, 2048, 2048, 2048, 2048]","[2049, 2048, 2048, 2048, 2049, 2048]",292.0
1213,9118,18,47,2023-07-02T14:00:10.086000+00:00,17.523,31.069,21.135,302.0,229.0,False,69.727,"[None, 2048, 2048, 2048, 2048, 2048]","[2048, 2048, 2048, 2048, 2048, 2048, 2048]","[2048, 2048, 2048, 2049, 2049, 2048, 2048]",296.0
1213,9118,1,48,2023-07-02T14:00:12.727000+00:00,17.426,31.134,20.859,297.0,230.0,False,69.419,"[None, 2048, 2048, 2048, 2048, 2048]","[2048, 2048, 2048, 2048, 2048, 2048, 2048]","[2048, 2048, 2048, 2051, 2048, 2048, 2048]",298.0
1213,9118,10,47,2023-07-02T14:00:17.227000+00:00,17.501,30.709,21.031,289.0,232.0,False,69.241,"[None, 2048, 2049, 2048, 2048, 2048]","[2048, 2048, 2048, 2048, 2048, 2048, 2048]","[2048, 2049, 2048, 2048, 2048, 2048, 2048]",289.0
1213,9118,23,47,2023-07-02T14:00:20.774000+00:00,17.485,31.124,21.157,300.0,229.0,False,69.766,"[None, 2048, 2048, 2048, 2048, 2048]","[2048, 2048, 2048, 2048, 2048, 2048, 2049]","[2049, 2048, 2048, 2048, 2048, 2048, 2048]",294.0
1213,9118,31,47,2023-07-02T14:00:28.867000+00:00,17.716,31.224,21.027,286.0,231.0,False,69.967,"[None, 2048, 2048, 2048, 2048, 2048]","[2048, 2048, 2048, 2048, 2049, 2048, 2049]","[2049, 2049, 2048, 2049, 2049, 2048, 2048]",286.0
1213,9118,16,48,2023-07-02T14:00:30.320000+00:00,34.324,30.91,20.948,301.0,231.0,True,86.182,"[2064, 2064, 2064, 2048, 2048, 2048]","[2048, 2048, 2048, 2048, 2048, 2049, 2048]","[2048, 2049, 2048, 2048, 2048, 2049, 2049]",293.0
1213,9118,2,47,2023-07-02T14:00:30.977000+00:00,17.548,31.406,21.325,303.0,229.0,False,70.279,"[None, 2048, 2048, 2048, 2048, 2048]","[2048, 2048, 2048, 2048, 2048, 2048, 2048]","[2048, 2048, 2048, 2048, 2048, 2048]",297.0
1213,9118,24,47,2023-07-02T14:00:33.289000+00:00,17.614,31.247,21.003,,227.0,False,69.864,"[None, 2048, 2048, 2048, 2048, 2048]","[2048, 2048, 2048, 2048, 2048, 2048, 2048]","[2048, 2048, 2048, 2048, 2048, 2048, 2048]",292.0
1213,9118,21,47,2023-07-02T14:00:34.211000+00:00,17.336,31.261,21.301,309.0,231.0,False,69.898,"[None, 2049, 2048, 2048, 2048, 2048]","[2048, 2048, 2048, 2048, 2048, 2048, 2048]","[2048, 2048, 2048, 2048, 2048, 2048]",313.0
1213,9118,20,47,2023-07-02T14:00:37.336000+00:00,17.669,31.568,22.804,297.0,223.0,False,72.041,"[None, 2049, 2048, 2048, 2048, 2048]","[2048, 2048, 2048, 2048, 2048, 2048, 2048]","[2048, 2048, 2048, 2048, 2048, 2048]",297.0
1213,9118,11,48,2023-07-02T14:00:38.680000+00:00,17.535,31.28,20.956,305.0,227.0,False,69.771,"[None, 2048, 2048, 2048, 2048, 2048]","[2048, 2048, 2048, 2048, 2048, 2048, 2048]","[2048, 2048, 2048, 2048, 2048, 2048, 2048]",302.0
1213,9118,77,47,2023-07-02T14:00:45.070000+00:00,17.595,31.253,21.23,294.0,228.0,False,70.078,"[None, 2048, 2048, 2048, 2048, 2048]","[2048, 2048, 2048, 2048, 2048, 2048, 2048]","[2048, 2048, 2048, 2048, 2048, 2048, 2048]",292.0
1213,9118,22,47,2023-07-02T14:00:47.398000+00:00,17.565,31.633,21.298,300.0,228.0,False,70.496,"[None, 2048, 2048, 2048, 2048, 2048]","[2048, 2048, 2048, 2048, 2048, 2048, 2048]","[2048, 2048, 2049, 2048, 2048, 2048, 2048]",312.0
1213,9118,81,47,2023-07-02T14:00:49.383000+00:00,17.636,31.166,21.206,302.0,229.0,False,70.008,"[None, 2048, 2048, 2048, 2048, 2048]","[2048, 2048, 2048, 2048, 2048, 2048, 2048]","[2048, 2048, 2049, 2048, 2048, 2048, 2048]",297.0
1213,9118,55,48,2023-07-02T14:00:56.148000+00:00,17.501,30.574,20.873,291.0,235.0,False,68.948,"[None, 2048, 2048, 2048, 2048, 2048]","[2048, 2048, 2048, 2048, 2049, 2048, 2049]","[2049, 2049, 2048, 2049, 2049, 2048, 2048]",292.0
1213,9118,4,48,2023-07-02T14:00:57.117000+00:00,17.166,30.84,20.733,318.0,233.0,False,68.739,"[2048, 2049, 2048, 2048, 2048, 2049]","[2048, 2048, 2048, 2048, 2048, 2048, 2048]","[2048, 2051, 2049, 2048, 2048, 2048, 2048]",310.0
1213,9118,14,48,2023-07-02T14:01:04.835000+00:00,17.534,30.939,21.161,300.0,232.0,False,69.634,"[None, 2048, 2048, 2048, 2048, 2048]","[2048, 2048, 2048, 2048, 2048, 2048, 2048]","[2048, 2048, 2048, 2048, 2048, 2048, 2048]",295.0
1213,9118,44,48,2023-07-02T14:01:07.929000+00:00,17.426,30.928,20.806,300.0,230.0,False,69.16,"[None, 2048, 2048, 2048, 2048, 2048]","[2048, 2048, 2048, 2048, 2048, 2049, 2049]","[2049, 2048, 2048, 2049, 2048, 2048]",292.0
1213,9118,63,48,2023-07-02T14:01:17.554000+00:00,17.479,31.139,21.116,296.0,226.0,False,69.734,"[None, 2048, 2049, 2048, 2048, 2048]","[2049, 2048, 2048, 2048, 2048, 2048, 2048]","[2048, 2048, 2048, 2048, 2048, 2048, 2048]",293.0
1213,9118,18,48,2023-07-02T14:01:19.835000+00:00,17.548,31.152,21.106,300.0,227.0,False,69.806,"[None, 2048, 2048, 2048, 2048, 2048]","[2048, 2048, 2048, 2048, 2048, 2048, 2048]","[2048, 2048, 2048, 2048, 2048, 2048, 2048]",296.0
1213,9118,1,49,2023-07-02T14:01:22.273000+00:00,17.481,31.25,24.445,300.0,230.0,False,73.176,"[None, 2048, 2048, 2048, 2048, 2048]","[2048, 2048, 2048, 2048, 2048, 2048, 2048]","[2048, 2048, 2048, 2048, 2064, 2064, 2064]",299.0
1213,9118,10,48,2023-07-02T14:01:26.023000+00:00,17.476,30.716,20.854,290.0,232.0,False,69.046,"[None, 2048, 2049, 2049, 2048, 2048]","[2048, 2048, 2048, 2048, 2048, 2048, 2049]","[2049, 2049, 2048, 2049, 2049, 2049, 2048]",291.0
1213,9118,23,48,2023-07-02T14:01:30.491000+00:00,17.48,31.226,21.126,305.0,230.0,False,69.832,"[None, 2048, 2048, 2048, 2048, 2048]","[2048, 2048, 2048, 2048, 2048, 2048, 2048]","[2048, 2048, 2048, 2048, 2048, 2048]",297.0
1213,9118,31,48,2023-07-02T14:01:38.819000+00:00,17.721,31.189,21.072,287.0,232.0,False,69.982,"[None, 2048, 2048, 2048, 2048, 2048]","[2048, 2048, 2048, 2048, 2048, 2048, 2049]","[2048, 2048, 2048, 2048, 2048, 2048, 2048]",288.0
1213,9118,2,48,2023-07-02T14:01:41.429000+00:00,17.489,31.366,21.192,,231.0,False,70.047,"[None, 2048, 2048, 2048, 2048, 2048]","[2048, 2048, 2048, 2048, 2048, 2049, 2048]","[2048, 2049, 2048, 2048, 2048, 2048, 2048]",299.0
1213,9118,24,48,2023-07-02T14:01:43.007000+00:00,17.651,31.188,21.024,292.0,225.0,False,69.863,"[None, 2048, 2048, 2048, 2048, 2048]","[2048, 2048, 2048, 2048, 2048, 2048, 2048]","[2048, 2048, 2048, 2049, 2048, 2048, 2048]",293.0
1213,9118,21,48,2023-07-02T14:01:44.132000+00:00,17.34,31.899,21.224,310.0,229.0,False,70.463,"[None, 2048, 2048, 2049, 2048, 2048]","[2048, 2048, 2048, 2048, 2048, 2048, 2048]","[2048, 2048, 2048, 2048, 2048, 2048, 2048]",314.0
1213,9118,11,49,2023-07-02T14:01:48.319000+00:00,17.477,31.002,20.946,,230.0,False,69.425,"[None, 2048, 2048, 2048, 2048, 2048]","[2048, 2048, 2048, 2048, 2048, 2048, 2048]","[2048, 2048, 2048, 2049, 2048, 2048]",297.0
1213,9118,20,48,2023-07-02T14:01:49.585000+00:00,17.321,31.66,21.414,319.0,222.0,False,70.395,"[None, 2048, 2048, 2048, 2048, 2048]","[2048, 2048, 2048, 2048, 2048, 2048, 2048]","[2048, 2048, 2049, 2048, 2048, 2048, 2048]",316.0
1213,9118,77,48,2023-07-02T14:01:55.147000+00:00,17.575,31.296,22.703,,225.0,False,71.574,"[None, 2048, 2048, 2048, 2048, 2048]","[2048, 2048, 2048, 2048, 2048, 2048, 2048]","[2048, 2048, 2048, 2048, 2048, 2048, 2048]",293.0
1213,9118,16,49,2023-07-02T14:01:56.538000+00:00,17.416,30.928,21.251,294.0,227.0,False,69.595,"[2048, 2048, 2048, 2049, 2049, 2048]","[2048, 2048, 2048, 2048, 2048, 2048, 2048]","[2048, 2048, 2048, 2048, 2048, 2048, 2048]",296.0
1213,9118,22,48,2023-07-02T14:01:57.944000+00:00,17.537,31.094,21.377,298.0,228.0,False,70.008,"[None, 2048, 2048, 2048, 2048, 2048]","[2048, 2048, 2048, 2048, 2048, 2049, 2048]","[2048, 2048, 2048, 2048, 2048, 2048, 2048]",299.0
1213,9118,81,48,2023-07-02T14:01:59.444000+00:00,17.618,31.38,21.181,301.0,229.0,False,70.179,"[None, 2048, 2048, 2048, 2048, 2048]","[2048, 2048, 2048, 2048, 2048, 2048, 2048]","[2048, 2048, 2048, 2048, 2048, 2048, 2048]",294.0
1213,9118,55,49,2023-07-02T14:02:05.084000+00:00,17.423,30.596,20.887,,232.0,False,68.906,"[None, 2048, 2049, 2048, 2048, 2048]","[2048, 2048, 2048, 2048, 2051, 2049, 2048]","[2048, 2048, 2048, 2049, 2051, 2048, 2048]",292.0
1213,9118,4,49,2023-07-02T14:02:05.866000+00:00,17.147,31.047,20.874,315.0,229.0,False,69.068,"[2049, 2048, 2048, 2049, 2048, 2048]","[2048, 2048, 2048, 2048, 2048, 2048, 2048]","[2048, 2048, 2048, 2048, 2048, 2048, 2048]",307.0
1213,9118,14,49,2023-07-02T14:02:14.459000+00:00,17.489,30.974,21.132,297.0,231.0,False,69.595,"[None, 2048, 2048, 2048, 2048, 2048]","[2048, 2048, 2048, 2048, 2048, 2048, 2048]","[2048, 2048, 2048, 2048, 2048, 2048]",294.0
1213,9118,44,49,2023-07-02T14:02:17.100000+00:00,17.493,31.157,21.085,296.0,228.0,False,69.735,"[None, 2048, 2048, 2048, 2048, 2048]","[2048, 2048, 2048, 2048, 2048, 2048, 2048]","[2048, 2048, 2048, 2048, 2048, 2048, 2048]",290.0
1213,9118,63,49,2023-07-02T14:02:27.287000+00:00,17.456,30.943,20.884,298.0,229.0,False,69.283,"[None, 2048, 2049, 2048, 2048, 2048]","[2048, 2048, 2048, 2048, 2049, 2048, 2048]","[2049, 2048, 2048, 2049, 2049, 2049, 2048]",295.0
1213,9118,18,49,2023-07-02T14:02:29.678000+00:00,17.508,31.198,21.106,301.0,225.0,False,69.812,"[None, 2048, 2048, 2048, 2048, 2048]","[2048, 2048, 2048, 2048, 2048, 2048, 2048]","[2048, 2048, 2048, 2048, 2048, 2048, 2048]",296.0
1213,9118,10,49,2023-07-02T14:02:35.115000+00:00,17.437,30.834,20.864,289.0,232.0,False,69.135,"[None, 2049, 2051, 2049, 2048, 2048]","[2048, 2048, 2048, 2048, 2048, 2048, 2048]","[2049, 2048, 2048, 2048, 2049, 2049, 2048]",290.0
1213,9118,1,50,2023-07-02T14:02:35.584000+00:00,34.771,30.872,20.625,294.0,233.0,True,86.268,"[2064, 2064, 2064, 2048, 2048, 2048]","[2048, 2048, 2048, 2048, 2048, 2051, 2048]","[2051, 2051, 2048, 2048, 2048, 2051, 2048]",300.0
1213,9118,23,49,2023-07-02T14:02:40.318000+00:00,17.399,31.123,21.126,304.0,227.0,False,69.648,"[None, 2048, 2048, 2048, 2048, 2048]","[2048, 2048, 2048, 2048, 2049, 2048, 2048]","[2048, 2048, 2048, 2049, 2048, 2048, 2049]",298.0
1213,9118,31,49,2023-07-02T14:02:48.787000+00:00,17.673,31.291,21.039,286.0,229.0,False,70.003,"[None, 2048, 2049, 2048, 2048, 2048]","[2048, 2048, 2048, 2048, 2048, 2048, 2048]","[2048, 2048, 2048, 2049, 2048, 2049, 2048]",288.0
1213,9118,2,49,2023-07-02T14:02:51.287000+00:00,17.425,33.061,21.166,,233.0,False,71.652,"[None, 2048, 2048, 2048, 2048, 2048]","[2048, 2048, 2048, 2048, 2048, 2049, 2048]","[2048, 2048, 2051, 2048, 2049, 2048, 2048]",247.0
1213,9118,24,49,2023-07-02T14:02:52.880000+00:00,17.68,31.775,21.189,295.0,224.0,False,70.644,"[None, 2048, 2048, 2048, 2048, 2048]","[2048, 2048, 2048, 2048, 2048, 2048, 2048]","[2048, 2048, 2048, 2048, 2048, 2048, 2049]",307.0
1213,9118,21,49,2023-07-02T14:02:54.912000+00:00,17.714,31.479,21.29,296.0,229.0,False,70.483,"[None, 2048, 2048, 2048, 2048, 2048]","[2048, 2048, 2048, 2048, 2048, 2048, 2048]","[2048, 2048, 2048, 2048, 2048, 2048, 2048]",300.0
1213,9118,11,50,2023-07-02T14:02:57.865000+00:00,17.488,31.053,24.726,303.0,227.0,False,73.267,"[None, 2048, 2048, 2048, 2048, 2048]","[2048, 2048, 2048, 2048, 2048, 2048, 2048]","[2048, 2048, 2048, 2048, 2064, 2064, 2064]",298.0
1213,9118,20,49,2023-07-02T14:02:59.787000+00:00,17.736,31.596,21.358,299.0,219.0,False,70.69,"[None, 2048, 2048, 2048, 2048, 2048]","[2048, 2048, 2048, 2048, 2048, 2048, 2048]","[2048, 2048, 2048, 2048, 2048, 2048, 2048]",301.0
1213,9118,16,50,2023-07-02T14:03:06.193000+00:00,17.383,30.664,20.816,299.0,235.0,False,68.863,"[None, 2048, 2048, 2048, 2048, 2048]","[2048, 2048, 2048, 2048, 2049, 2049, 2048]","[2048, 2048, 2048, 2049, 2049, 2049, 2049]",301.0
1213,9118,77,49,2023-07-02T14:03:06.740000+00:00,17.212,31.495,21.233,317.0,227.0,False,69.94,"[2049, 2048, 2048, 2049, 2048, 2048]","[2048, 2048, 2048, 2048, 2048, 2048, 2048]","[2048, 2048, 2048, 2048, 2048, 2048, 2048]",313.0
1213,9118,22,49,2023-07-02T14:03:07.927000+00:00,17.606,31.29,21.144,296.0,226.0,False,70.04,"[None, 2048, 2048, 2048, 2048, 2048]","[2048, 2048, 2048, 2048, 2048, 2048, 2048]","[2048, 2048, 2048, 2049, 2049, 2049]",297.0
1213,9118,81,49,2023-07-02T14:03:09.599000+00:00,17.641,31.158,21.097,,230.0,False,69.896,"[None, 2048, 2048, 2048, 2048, 2048]","[2048, 2048, 2048, 2048, 2049, 2048, 2048]","[2048, 2049, 2048, 2048, 2048, 2049, 2048]",297.0
1213,9118,55,50,2023-07-02T14:03:13.974000+00:00,17.397,30.687,20.796,292.0,229.0,False,68.88,"[None, 2048, 2048, 2048, 2048, 2048]","[2048, 2048, 2048, 2048, 2048, 2049, 2048]","[2048, 2048, 2048, 2049, 2048, 2048]",293.0
1213,9118,4,50,2023-07-02T14:03:14.911000+00:00,17.194,31.047,20.731,318.0,234.0,False,68.972,"[2048, 2049, 2048, 2048, 2048, 2049]","[2048, 2048, 2048, 2048, 2048, 2049, 2048]","[2048, 2048, 2049, 2048, 2048, 2048, 2048]",311.0
1213,9118,14,50,2023-07-02T14:03:24.052000+00:00,17.492,30.907,21.041,299.0,232.0,False,69.44,"[None, 2048, 2048, 2048, 2048, 2048]","[2049, 2048, 2048, 2048, 2048, 2048, 2048]","[2048, 2048, 2048, 2049, 2048, 2048, 2048]",293.0
1213,9118,44,50,2023-07-02T14:03:26.864000+00:00,17.415,31.128,20.828,298.0,228.0,False,69.371,"[None, 2048, 2048, 2048, 2048, 2048]","[2048, 2048, 2048, 2048, 2048, 2048, 2048]","[2048, 2048, 2048, 2049, 2048, 2048, 2048]",291.0
1213,9118,63,50,2023-07-02T14:03:36.567000+00:00,17.496,31.038,20.874,296.0,229.0,False,69.408,"[None, 2048, 2048, 2048, 2048, 2048]","[2048, 2048, 2048, 2048, 2048, 2048, 2048]","[2048, 2049, 2048, 2048, 2048, 2049]",292.0
1213,9118,18,50,2023-07-02T14:03:39.458000+00:00,17.542,31.063,21.018,,229.0,False,69.623,"[None, 2048, 2048, 2048, 2048, 2048]","[2048, 2048, 2048, 2048, 2048, 2048, 2048]","[2048, 2048, 2048, 2049, 2048, 2049, 2048]",296.0
1213,9118,10,50,2023-07-02T14:03:44.270000+00:00,17.611,30.853,20.849,,232.0,False,69.313,"[None, 2049, 2048, 2048, 2048, 2048]","[2048, 2048, 2048, 2048, 2048, 2048, 2048]","[2048, 2048, 2048, 2048, 2048, 2049, 2049]",290.0
1213,9118,23,50,2023-07-02T14:03:49.973000+00:00,17.392,31.339,21.018,301.0,229.0,False,69.749,"[None, 2048, 2049, 2048, 2048, 2048]","[2048, 2048, 2048, 2048, 2048, 2048, 2048]","[2049, 2049, 2048, 2049, 2049, 2049]",295.0
1213,9118,31,50,2023-07-02T14:03:58.832000+00:00,17.688,31.121,20.988,287.0,230.0,False,69.797,"[None, 2048, 2048, 2048, 2048, 2048]","[2048, 2048, 2048, 2048, 2048, 2048, 2048]","[2048, 2049, 2048, 2048, 2048, 2049, 2048]",288.0
1213,9118,1,51,2023-07-02T14:04:01.629000+00:00,17.267,30.365,20.518,297.0,236.0,False,68.15,"[2048, 2048, 2051, 2048, 2048, 2048]","[2048, 2048, 2048, 2048, 2051, 2051, 2051]","[2048, 2051, 2048, 2051, 2049, 2051]",297.0
1213,9118,2,50,2023-07-02T14:04:02.973000+00:00,17.378,31.279,21.103,306.0,230.0,False,69.76,"[None, 2048, 2048, 2048, 2048, 2048]","[2048, 2048, 2048, 2048, 2048, 2048, 2048]","[2049, 2049, 2048, 2049, 2048, 2048, 2048]",299.0
1213,9118,24,50,2023-07-02T14:04:03.520000+00:00,17.283,31.473,21.137,321.0,226.0,False,69.893,"[2049, 2048, 2048, 2049, 2049, 2048]","[2048, 2048, 2048, 2048, 2048, 2048, 2048]","[2048, 2048, 2048, 2048, 2048, 2048]",315.0
1213,9118,21,50,2023-07-02T14:04:05.067000+00:00,17.616,31.479,21.148,295.0,231.0,False,70.243,"[None, 2048, 2048, 2048, 2048, 2048]","[2048, 2048, 2048, 2048, 2048, 2048, 2048]","[2048, 2048, 2049, 2048, 2048, 2048, 2048]",303.0
1213,9118,20,50,2023-07-02T14:04:10.488000+00:00,17.708,31.588,21.329,295.0,226.0,False,70.625,"[None, 2048, 2048, 2048, 2048, 2048]","[2048, 2048, 2048, 2048, 2048, 2048, 2048]","[2048, 2049, 2048, 2048, 2048, 2048, 2048]",297.0
1213,9118,11,51,2023-07-02T14:04:11.098000+00:00,34.089,30.709,20.623,297.0,230.0,True,85.421,"[2064, 2064, 2064, 2048, 2048, 2048]","[2048, 2048, 2048, 2048, 2048, 2049, 2049]","[2049, 2049, 2048, 2049, 2049, 2048, 2048]",298.0
1213,9118,16,51,2023-07-02T14:04:15.082000+00:00,17.445,30.631,20.744,296.0,233.0,False,68.82,"[None, 2048, 2048, 2048, 2048, 2048]","[2048, 2048, 2048, 2048, 2049, 2049, 2048]","[2048, 2048, 2048, 2048, 2048, 2048]",299.0
1213,9118,77,50,2023-07-02T14:04:17.004000+00:00,17.651,31.245,21.25,297.0,225.0,False,70.146,"[2048, 2048, 2048, 2048, 2048, 2048]","[2048, 2048, 2048, 2048, 2048, 2048, 2048]","[2048, 2048, 2048, 2048, 2048, 2048, 2048]",297.0
1213,9118,22,50,2023-07-02T14:04:17.973000+00:00,17.629,31.223,21.286,,225.0,False,70.138,"[None, 2048, 2048, 2048, 2048, 2048]","[2048, 2048, 2048, 2048, 2048, 2048, 2048]","[2048, 2048, 2049, 2048, 2048, 2048, 2048]",298.0
1213,9118,81,50,2023-07-02T14:04:19.504000+00:00,17.679,31.165,21.149,299.0,228.0,False,69.993,"[None, 2048, 2048, 2048, 2048, 2048]","[2048, 2048, 2048, 2048, 2048, 2048, 2048]","[2048, 2048, 2048, 2048, 2048, 2048, 2048]",294.0
1213,9118,55,51,2023-07-02T14:04:22.863000+00:00,17.498,30.807,20.897,293.0,230.0,False,69.202,"[None, 2048, 2048, 2048, 2048, 2048]","[2048, 2048, 2048, 2048, 2048, 2049, 2048]","[2048, 2048, 2048, 2049, 2048, 2048]",293.0
1213,9118,4,51,2023-07-02T14:04:23.941000+00:00,17.085,31.045,20.829,316.0,229.0,False,68.959,"[None, 2049, 2048, 2048, 2048, 2049]","[2048, 2048, 2048, 2048, 2048, 2048, 2048]","[2048, 2048, 2048, 2048, 2048, 2048]",309.0
1213,9118,14,51,2023-07-02T14:04:33.488000+00:00,17.416,30.914,21.126,,230.0,False,69.456,"[None, 2048, 2048, 2048, 2049, 2048]","[2048, 2048, 2048, 2048, 2049, 2048, 2048]","[2048, 2048, 2048, 2048, 2048, 2048, 2048]",294.0
1213,9118,44,51,2023-07-02T14:04:36.207000+00:00,17.418,31.156,20.84,296.0,227.0,False,69.414,"[None, 2048, 2048, 2048, 2048, 2048]","[2048, 2048, 2048, 2048, 2048, 2048, 2048]","[2048, 2048, 2048, 2048, 2049, 2048, 2048]",289.0
1213,9118,63,51,2023-07-02T14:04:45.972000+00:00,17.495,31.256,20.959,297.0,228.0,False,69.71,"[None, 2049, 2048, 2048, 2048, 2048]","[2048, 2048, 2048, 2048, 2048, 2048, 2048]","[2048, 2048, 2048, 2049, 2048, 2048, 2048]",294.0
1213,9118,18,51,2023-07-02T14:04:49.113000+00:00,17.506,31.208,20.994,297.0,226.0,False,69.708,"[None, 2048, 2048, 2048, 2048, 2048]","[2048, 2048, 2048, 2048, 2048, 2048, 2048]","[2048, 2048, 2048, 2049, 2048, 2048]",294.0
1213,9118,10,51,2023-07-02T14:04:53.503000+00:00,17.533,30.949,20.883,290.0,233.0,False,69.365,"[None, 2048, 2048, 2048, 2048, 2048]","[2048, 2048, 2048, 2048, 2048, 2048, 2049]","[2048, 2049, 2048, 2048, 2048, 2048, 2048]",290.0
1213,9118,23,51,2023-07-02T14:04:59.722000+00:00,17.391,31.204,21.012,305.0,232.0,False,69.607,"[None, 2048, 2048, 2048, 2048, 2048]","[2048, 2048, 2048, 2048, 2048, 2048, 2048]","[2049, 2048, 2048, 2049, 2049, 2048, 2048]",298.0
1213,9118,31,51,2023-07-02T14:05:08.581000+00:00,18.658,31.528,20.955,266.0,233.0,False,71.141,"[None, 2048, 2048, 2048, 2048, 2048]","[2048, 2048, 2049, 2048, 2048, 2049, 2048]","[2048, 2049, 2049, 2049, 2048, 2048, 2048]",308.0
1213,9118,1,52,2023-07-02T14:05:09.706000+00:00,17.289,30.508,20.545,295.0,236.0,False,68.342,"[None, 2048, 2048, 2048, 2048, 2048]","[2048, 2048, 2048, 2048, 2048, 2048, 2051]","[2051, 2051, 2048, 2048, 2051, 2048, 2048]",296.0
1213,9118,2,51,2023-07-02T14:05:12.706000+00:00,17.351,31.275,21.07,303.0,231.0,False,69.696,"[None, 2049, 2048, 2048, 2048, 2048]","[2048, 2048, 2048, 2048, 2049, 2048, 2048]","[2048, 2048, 2048, 2049, 2048, 2048, 2048]",299.0
1213,9118,24,51,2023-07-02T14:05:13.409000+00:00,17.175,31.65,21.254,,227.0,False,70.079,"[None, 2048, 2048, 2049, 2049, 2048]","[2049, 2048, 2048, 2048, 2048, 2048, 2048]","[2048, 2048, 2048, 2048, 2048, 2048, 2048]",315.0
1213,9118,21,51,2023-07-02T14:05:15.315000+00:00,17.557,31.384,21.259,298.0,231.0,False,70.2,"[None, 2048, 2048, 2048, 2048, 2048]","[2048, 2048, 2048, 2048, 2048, 2048, 2048]","[2048, 2048, 2048, 2048, 2049, 2048, 2048]",299.0
1213,9118,20,51,2023-07-02T14:05:21.128000+00:00,17.693,31.639,21.353,293.0,225.0,False,70.685,"[None, 2048, 2048, 2048, 2048, 2048]","[2048, 2048, 2048, 2048, 2048, 2048, 2048]","[2048, 2048, 2048, 2048, 2048, 2048, 2048]",295.0
1213,9118,16,52,2023-07-02T14:05:23.737000+00:00,17.471,30.762,20.907,297.0,233.0,False,69.14,"[None, 2048, 2048, 2048, 2048, 2048]","[2048, 2048, 2048, 2048, 2048, 2048, 2048]","[2048, 2048, 2048, 2048, 2048, 2048]",299.0
1213,9118,77,51,2023-07-02T14:05:26.831000+00:00,17.642,31.312,21.195,296.0,229.0,False,70.149,"[None, 2048, 2048, 2048, 2048, 2048]","[2048, 2048, 2048, 2048, 2048, 2048, 2048]","[2048, 2048, 2048, 2048, 2048, 2048, 2048]",295.0
1213,9118,22,51,2023-07-02T14:05:28.143000+00:00,17.677,31.223,21.262,,225.0,False,70.162,"[None, 2048, 2048, 2048, 2048, 2048]","[2048, 2048, 2048, 2048, 2048, 2048, 2048]","[2048, 2048, 2049, 2048, 2048, 2048]",297.0
1213,9118,81,51,2023-07-02T14:05:29.487000+00:00,17.674,31.266,21.133,303.0,230.0,False,70.073,"[None, 2048, 2048, 2048, 2048, 2048]","[2049, 2048, 2048, 2048, 2048, 2048, 2048]","[2048, 2048, 2049, 2048, 2048, 2048]",297.0
1213,9118,55,52,2023-07-02T14:05:31.956000+00:00,17.43,30.748,20.984,295.0,233.0,False,69.162,"[None, 2048, 2048, 2048, 2048, 2048]","[2048, 2048, 2048, 2048, 2048, 2049, 2048]","[2048, 2048, 2048, 2048, 2048, 2048, 2048]",296.0
1213,9118,4,52,2023-07-02T14:05:32.799000+00:00,17.162,31.069,20.921,319.0,232.0,False,69.152,"[None, 2048, 2048, 2049, 2048, 2049]","[2048, 2048, 2049, 2048, 2048, 2048, 2048]","[2048, 2048, 2049, 2048, 2048, 2048, 2048]",313.0
1213,9118,11,52,2023-07-02T14:05:36.549000+00:00,17.268,30.275,20.568,304.0,233.0,False,68.111,"[2048, 2048, 2049, 2048, 2048, 2048]","[2048, 2051, 2048, 2048, 2049, 2049, 2049]","[2051, 2049, 2048, 2048, 2048, 2049]",301.0
1213,9118,14,52,2023-07-02T14:05:42.971000+00:00,17.422,30.995,20.944,,230.0,False,69.361,"[None, 2048, 2048, 2048, 2048, 2048]","[2048, 2048, 2048, 2048, 2048, 2048, 2048]","[2048, 2049, 2048, 2049, 2049, 2048, 2048]",294.0
1213,9118,44,52,2023-07-02T14:05:45.627000+00:00,17.353,30.953,20.914,298.0,230.0,False,69.22,"[None, 2049, 2048, 2048, 2048, 2048]","[2048, 2048, 2048, 2048, 2048, 2049, 2049]","[2049, 2049, 2048, 2048, 2049, 2048, 2048]",293.0
1213,9118,63,52,2023-07-02T14:05:55.705000+00:00,17.547,31.052,20.922,,229.0,False,69.521,"[None, 2048, 2048, 2048, 2048, 2048]","[2048, 2048, 2048, 2048, 2048, 2048, 2048]","[2049, 2048, 2048, 2049, 2049, 2048, 2048]",294.0
1213,9118,18,52,2023-07-02T14:05:58.924000+00:00,17.574,31.241,21.136,300.0,226.0,False,69.951,"[None, 2048, 2048, 2048, 2048, 2048]","[2048, 2048, 2048, 2048, 2048, 2049, 2048]","[2048, 2048, 2049, 2048, 2048, 2048, 2048]",294.0
1213,9118,10,52,2023-07-02T14:06:02.861000+00:00,17.531,30.806,20.964,,232.0,False,69.301,"[None, 2048, 2048, 2048, 2048, 2048]","[2048, 2048, 2048, 2048, 2048, 2048, 2048]","[2048, 2048, 2048, 2048, 2048, 2048, 2048]",291.0
1213,9118,23,52,2023-07-02T14:06:09.361000+00:00,17.444,31.206,21.101,303.0,230.0,False,69.751,"[None, 2048, 2048, 2048, 2048, 2048]","[2048, 2048, 2048, 2048, 2048, 2048, 2048]","[2048, 2048, 2048, 2049, 2048, 2048, 2048]",298.0
1213,9118,1,53,2023-07-02T14:06:18.096000+00:00,17.273,30.481,20.481,296.0,236.0,False,68.235,"[None, 2048, 2048, 2048, 2048, 2048]","[2048, 2048, 2048, 2048, 2048, 2048, 2051]","[2049, 2048, 2048, 2048, 2051, 2051, 2048]",296.0
1213,9118,31,52,2023-07-02T14:06:19.720000+00:00,17.619,31.318,21.01,289.0,229.0,False,69.947,"[None, 2048, 2048, 2048, 2048, 2048]","[2048, 2048, 2048, 2048, 2048, 2048, 2048]","[2048, 2048, 2048, 2048, 2048, 2048, 2048]",289.0
1213,9118,2,52,2023-07-02T14:06:22.455000+00:00,17.42,31.317,21.252,307.0,231.0,False,69.989,"[None, 2048, 2048, 2048, 2048, 2048]","[2048, 2048, 2048, 2048, 2048, 2048, 2048]","[2048, 2048, 2048, 2048, 2048, 2048, 2048]",302.0
1213,9118,24,52,2023-07-02T14:06:23.486000+00:00,17.262,31.558,21.141,311.0,230.0,False,69.961,"[2048, 2049, 2048, 2048, 2048, 2048]","[2048, 2048, 2048, 2048, 2048, 2048, 2048]","[2048, 2048, 2048, 2048, 2048, 2048, 2048]",295.0
1213,9118,21,52,2023-07-02T14:06:25.517000+00:00,17.578,31.682,21.279,297.0,227.0,False,70.539,"[None, 2048, 2048, 2048, 2048, 2048]","[2048, 2048, 2048, 2048, 2048, 2048, 2048]","[2048, 2048, 2048, 2048, 2048, 2048, 2048]",300.0
1213,9118,20,52,2023-07-02T14:06:31.814000+00:00,17.743,32.679,21.555,,224.0,False,71.977,"[None, 2048, 2048, 2048, 2048, 2048]","[2048, 2048, 2048, 2048, 2048, 2048, 2048]","[2048, 2048, 2048, 2048, 2048, 2048, 2048]",284.0
1213,9118,16,53,2023-07-02T14:06:32.923000+00:00,17.436,30.767,20.937,299.0,231.0,False,69.14,"[None, 2048, 2048, 2048, 2048, 2048]","[2048, 2048, 2048, 2049, 2048, 2048, 2048]","[2048, 2048, 2048, 2048, 2049, 2048]",311.0
1213,9118,77,52,2023-07-02T14:06:36.970000+00:00,17.694,31.366,21.305,290.0,224.0,False,70.365,"[None, 2048, 2048, 2048, 2048, 2048]","[2048, 2048, 2048, 2048, 2048, 2048, 2048]","[2048, 2048, 2048, 2048, 2048, 2048, 2048]",293.0
1213,9118,22,52,2023-07-02T14:06:38.283000+00:00,17.65,31.421,21.338,295.0,226.0,False,70.409,"[None, 2048, 2048, 2048, 2048, 2048]","[2048, 2048, 2048, 2048, 2048, 2048, 2048]","[2048, 2048, 2048, 2048, 2048, 2048, 2048]",299.0
1213,9118,81,52,2023-07-02T14:06:39.533000+00:00,17.677,33.786,21.315,300.0,232.0,False,72.778,"[None, 2048, 2048, 2048, 2048, 2048]","[2048, 2048, 2048, 2048, 2048, 2048, 2048]","[2048, 2048, 2049, 2048, 2048, 2048, 2049]",297.0
1213,9118,55,53,2023-07-02T14:06:41.204000+00:00,17.392,30.858,20.925,,233.0,False,69.175,"[None, 2048, 2048, 2048, 2048, 2048]","[2048, 2048, 2048, 2048, 2048, 2048, 2048]","[2048, 2048, 2048, 2049, 2048, 2048, 2048]",298.0
1213,9118,4,53,2023-07-02T14:06:42.017000+00:00,17.156,31.131,20.829,316.0,232.0,False,69.116,"[None, 2048, 2048, 2049, 2049, 2048]","[2048, 2048, 2048, 2048, 2048, 2048, 2048]","[2048, 2048, 2048, 2048, 2048, 2048, 2048]",312.0
1213,9118,11,53,2023-07-02T14:06:44.720000+00:00,17.339,30.647,20.74,303.0,231.0,False,68.726,"[None, 2048, 2048, 2048, 2048, 2048]","[2048, 2048, 2048, 2048, 2048, 2051, 2048]","[2048, 2048, 2048, 2048, 2048, 2048]",299.0
1213,9118,14,53,2023-07-02T14:06:52.736000+00:00,17.489,30.979,20.895,296.0,234.0,False,69.363,"[None, 2048, 2048, 2048, 2048, 2048]","[2048, 2048, 2048, 2048, 2048, 2048, 2048]","[2049, 2048, 2048, 2049, 2048, 2048]",294.0
1213,9118,44,53,2023-07-02T14:06:54.829000+00:00,17.544,31.175,20.819,295.0,227.0,False,69.538,"[None, 2048, 2048, 2048, 2048, 2048]","[2048, 2048, 2048, 2048, 2048, 2048, 2048]","[2048, 2048, 2048, 2048, 2048, 2048, 2048]",290.0
1213,9118,63,53,2023-07-02T14:07:05.173000+00:00,17.546,31.029,20.82,296.0,231.0,False,69.395,"[None, 2048, 2048, 2048, 2048, 2048]","[2048, 2048, 2048, 2048, 2049, 2048, 2049]","[2049, 2048, 2048, 2049, 2048, 2048, 2048]",294.0
1213,9118,18,53,2023-07-02T14:07:08.766000+00:00,17.585,31.192,21.118,299.0,229.0,False,69.895,"[None, 2048, 2048, 2048, 2048, 2048]","[2048, 2048, 2048, 2048, 2048, 2048, 2048]","[2048, 2048, 2048, 2049, 2049, 2048, 2048]",295.0
1213,9118,10,53,2023-07-02T14:07:12.313000+00:00,17.554,30.929,20.806,289.0,232.0,False,69.289,"[None, 2048, 2048, 2048, 2048, 2048]","[2048, 2048, 2048, 2048, 2048, 2048, 2048]","[2048, 2049, 2048, 2049, 2048, 2048, 2048]",291.0
1213,9118,23,53,2023-07-02T14:07:19.126000+00:00,17.391,31.218,20.951,,231.0,False,69.56,"[None, 2049, 2048, 2048, 2048, 2048]","[2048, 2048, 2048, 2048, 2048, 2048, 2048]","[2049, 2049, 2048, 2049, 2048, 2049]",299.0
1213,9118,1,54,2023-07-02T14:07:26.329000+00:00,17.302,30.491,20.457,293.0,236.0,False,68.25,"[None, 2048, 2048, 2048, 2048, 2048]","[2048, 2048, 2048, 2048, 2048, 2048, 2048]","[2051, 2048, 2048, 2051, 2051, 2048, 2048]",295.0
1213,9118,31,53,2023-07-02T14:07:29.688000+00:00,17.644,31.247,20.977,287.0,232.0,False,69.868,"[None, 2048, 2048, 2048, 2048, 2048]","[2048, 2048, 2048, 2048, 2048, 2048, 2049]","[2048, 2048, 2048, 2049, 2048, 2048, 2048]",289.0
1213,9118,2,53,2023-07-02T14:07:32.375000+00:00,17.423,31.369,21.18,304.0,231.0,False,69.972,"[None, 2048, 2048, 2048, 2048, 2048]","[2048, 2048, 2048, 2048, 2048, 2048, 2048]","[2048, 2048, 2048, 2048, 2048, 2048]",301.0
1213,9118,24,53,2023-07-02T14:07:33.438000+00:00,17.645,31.643,21.091,291.0,228.0,False,70.379,"[None, 2048, 2048, 2048, 2048, 2048]","[2048, 2048, 2048, 2048, 2048, 2048, 2048]","[2048, 2048, 2048, 2048, 2048, 2048]",291.0
1213,9118,21,53,2023-07-02T14:07:36.032000+00:00,17.653,31.485,21.137,294.0,228.0,False,70.275,"[None, 2048, 2048, 2048, 2048, 2048]","[2048, 2048, 2048, 2048, 2048, 2048, 2048]","[2048, 2048, 2048, 2048, 2048, 2048, 2048]",296.0
1213,9118,16,54,2023-07-02T14:07:42.078000+00:00,17.416,30.732,20.73,,236.0,False,68.878,"[None, 2048, 2048, 2048, 2048, 2048]","[2048, 2048, 2048, 2048, 2048, 2048, 2049]","[2049, 2048, 2049, 2048, 2048, 2048]",302.0
1213,9118,20,53,2023-07-02T14:07:43.766000+00:00,17.731,31.559,21.238,302.0,226.0,False,70.528,"[None, 2048, 2048, 2048, 2048, 2048]","[2048, 2048, 2048, 2048, 2048, 2048, 2048]","[2048, 2048, 2049, 2048, 2048, 2048, 2048]",302.0
1213,9118,77,53,2023-07-02T14:07:47.375000+00:00,17.627,31.326,21.122,296.0,230.0,False,70.075,"[None, 2048, 2048, 2048, 2048, 2048]","[2048, 2048, 2048, 2048, 2048, 2048, 2048]","[2048, 2049, 2048, 2049, 2048, 2048, 2048]",298.0
1213,9118,22,53,2023-07-02T14:07:48.672000+00:00,17.602,31.28,21.237,293.0,227.0,False,70.119,"[None, 2048, 2048, 2048, 2048, 2048]","[2048, 2048, 2048, 2048, 2048, 2048, 2048]","[2048, 2048, 2048, 2048, 2048, 2048, 2048]",296.0
1213,9118,55,54,2023-07-02T14:07:50.406000+00:00,17.385,30.847,20.857,299.0,234.0,False,69.089,"[None, 2048, 2048, 2048, 2048, 2048]","[2048, 2048, 2048, 2048, 2048, 2049, 2048]","[2048, 2048, 2049, 2048, 2048, 2048, 2051]",300.0
1213,9118,4,54,2023-07-02T14:07:51.172000+00:00,17.152,31.228,20.919,317.0,229.0,False,69.299,"[None, 2048, 2048, 2049, 2049, 2048]","[2048, 2048, 2048, 2048, 2048, 2048, 2048]","[2048, 2048, 2048, 2048, 2048, 2048, 2048]",310.0
1213,9118,81,53,2023-07-02T14:07:52.313000+00:00,18.321,32.061,21.13,256.0,231.0,False,71.512,"[None, 2048, 2048, 2048, 2048, 2048]","[2048, 2048, 2048, 2048, 2048, 2048, 2048]","[2048, 2048, 2048, 2048, 2048, 2048, 2048]",314.0
1213,9118,11,54,2023-07-02T14:07:53.391000+00:00,17.268,30.63,20.627,304.0,230.0,False,68.525,"[None, 2048, 2048, 2048, 2048, 2048]","[2048, 2048, 2048, 2048, 2048, 2048, 2048]","[2048, 2051, 2048, 2048, 2048, 2048, 2048]",302.0
1213,9118,14,54,2023-07-02T14:08:01.672000+00:00,17.392,30.876,20.84,294.0,233.0,False,69.108,"[None, 2048, 2048, 2048, 2048, 2048]","[2048, 2048, 2048, 2048, 2048, 2048, 2048]","[2048, 2049, 2048, 2049, 2049, 2048, 2048]",295.0
1213,9118,44,54,2023-07-02T14:08:04.390000+00:00,17.513,31.015,20.789,296.0,228.0,False,69.317,"[None, 2048, 2048, 2048, 2048, 2048]","[2048, 2048, 2048, 2048, 2048, 2048, 2048]","[2048, 2048, 2048, 2049, 2048, 2048, 2048]",293.0
1213,9118,63,54,2023-07-02T14:08:14.625000+00:00,17.512,31.181,20.895,,229.0,False,69.588,"[None, 2048, 2048, 2048, 2048, 2048]","[2048, 2048, 2048, 2048, 2048, 2049, 2048]","[2048, 2048, 2048, 2048, 2048, 2048, 2048]",295.0
1213,9118,18,54,2023-07-02T14:08:18.656000+00:00,17.606,31.371,24.853,297.0,225.0,False,73.83,"[None, 2048, 2048, 2048, 2048, 2048]","[2048, 2048, 2048, 2048, 2048, 2048, 2048]","[2048, 2048, 2048, 2048, 2064, 2064, 2064]",297.0
1213,9118,10,54,2023-07-02T14:08:21.468000+00:00,17.491,30.965,20.935,,232.0,False,69.391,"[None, 2048, 2048, 2048, 2048, 2048]","[2048, 2048, 2048, 2048, 2048, 2048, 2048]","[2048, 2048, 2048, 2048, 2048, 2048, 2048]",292.0
1213,9118,23,54,2023-07-02T14:08:28.671000+00:00,17.377,31.33,20.971,302.0,231.0,False,69.678,"[None, 2048, 2048, 2048, 2048, 2048]","[2048, 2048, 2048, 2048, 2048, 2048, 2048]","[2049, 2048, 2048, 2049, 2049, 2048, 2048]",296.0
1213,9118,1,55,2023-07-02T14:08:34.577000+00:00,17.272,30.556,20.445,294.0,236.0,False,68.273,"[None, 2049, 2048, 2048, 2048, 2048]","[2048, 2048, 2048, 2048, 2048, 2048, 2048]","[2051, 2049, 2048, 2048, 2051, 2048, 2048]",298.0
1213,9118,31,54,2023-07-02T14:08:39.546000+00:00,17.642,31.223,20.984,,231.0,False,69.849,"[None, 2048, 2048, 2048, 2048, 2048]","[2048, 2048, 2048, 2048, 2048, 2048, 2048]","[2049, 2048, 2048, 2049, 2049, 2048, 2048]",289.0
1213,9118,2,54,2023-07-02T14:08:42.359000+00:00,17.463,31.286,21.252,,232.0,False,70.001,"[None, 2048, 2048, 2048, 2048, 2048]","[2048, 2048, 2048, 2048, 2048, 2048, 2048]","[2048, 2048, 2048, 2048, 2048, 2048, 2048]",301.0
1213,9118,24,54,2023-07-02T14:08:43.859000+00:00,17.714,31.553,21.119,290.0,229.0,False,70.386,"[None, 2048, 2048, 2048, 2048, 2048]","[2048, 2048, 2048, 2048, 2048, 2048, 2048]","[2048, 2048, 2048, 2048, 2048, 2048, 2048]",292.0
1213,9118,21,54,2023-07-02T14:08:46.702000+00:00,17.626,31.382,21.328,,230.0,False,70.336,"[None, 2048, 2048, 2048, 2048, 2048]","[2048, 2048, 2048, 2048, 2048, 2048, 2048]","[2048, 2048, 2048, 2048, 2048, 2048, 2048]",297.0
1213,9118,16,55,2023-07-02T14:08:50.952000+00:00,17.422,30.708,20.817,295.0,235.0,False,68.947,"[None, 2048, 2048, 2048, 2048, 2048]","[2048, 2048, 2048, 2048, 2048, 2048, 2048]","[2048, 2048, 2048, 2048, 2048, 2048, 2048]",298.0
1213,9118,20,54,2023-07-02T14:08:54.327000+00:00,17.667,31.542,21.314,295.0,225.0,False,70.523,"[None, 2048, 2048, 2048, 2048, 2048]","[2048, 2048, 2048, 2048, 2048, 2048, 2048]","[2048, 2048, 2048, 2048, 2048, 2048, 2048]",297.0
1213,9118,77,54,2023-07-02T14:08:57.390000+00:00,17.682,31.404,21.196,293.0,228.0,False,70.282,"[None, 2048, 2048, 2048, 2048, 2048]","[2048, 2048, 2048, 2048, 2048, 2048, 2048]","[2048, 2048, 2048, 2048, 2048, 2048, 2048]",294.0
1213,9118,22,54,2023-07-02T14:08:58.780000+00:00,17.844,34.087,21.471,285.0,226.0,False,73.402,"[None, 2048, 2048, 2049, 2048, 2048]","[2048, 2048, 2048, 2048, 2048, 2048, 2048]","[2048, 2048, 2048, 2048, 2048, 2048, 2048]",258.0
1213,9118,55,55,2023-07-02T14:08:59.483000+00:00,17.155,31.263,20.975,313.0,230.0,False,69.393,"[2049, 2048, 2048, 2048, 2049, 2048]","[2048, 2048, 2048, 2048, 2048, 2048, 2048]","[2048, 2048, 2048, 2048, 2048, 2048, 2048]",295.0
1213,9118,4,55,2023-07-02T14:09:00.499000+00:00,17.179,31.09,20.942,319.0,232.0,False,69.211,"[2049, 2048, 2048, 2049, 2049, 2049]","[2048, 2048, 2048, 2048, 2048, 2048, 2048]","[2048, 2048, 2048, 2048, 2048, 2048]",313.0
1213,9118,11,55,2023-07-02T14:09:01.905000+00:00,17.27,30.639,20.695,306.0,233.0,False,68.604,"[None, 2048, 2048, 2048, 2048, 2048]","[2048, 2048, 2048, 2048, 2048, 2048, 2048]","[2048, 2048, 2051, 2048, 2048, 2048, 2049]",306.0
1213,9118,81,54,2023-07-02T14:09:03.921000+00:00,17.652,31.447,21.201,295.0,227.0,False,70.3,"[None, 2049, 2048, 2048, 2048, 2048]","[2048, 2048, 2048, 2048, 2048, 2048, 2048]","[2048, 2048, 2048, 2048, 2048, 2048, 2048]",293.0
1213,9118,14,55,2023-07-02T14:09:10.780000+00:00,17.465,30.886,20.987,292.0,233.0,False,69.338,"[None, 2048, 2048, 2048, 2048, 2048]","[2048, 2048, 2048, 2048, 2048, 2048, 2048]","[2049, 2048, 2048, 2048, 2048, 2048, 2048]",293.0
1213,9118,44,55,2023-07-02T14:09:13.670000+00:00,17.443,30.977,20.807,298.0,229.0,False,69.227,"[None, 2048, 2048, 2048, 2048, 2048]","[2048, 2048, 2048, 2048, 2048, 2048, 2049]","[2048, 2048, 2048, 2049, 2049, 2048]",294.0
1213,9118,63,55,2023-07-02T14:09:24.170000+00:00,17.561,31.284,20.804,,229.0,False,69.649,"[None, 2048, 2048, 2048, 2048, 2048]","[2048, 2048, 2048, 2048, 2048, 2048, 2048]","[2048, 2048, 2048, 2049, 2048, 2048, 2048]",293.0
1213,9118,10,55,2023-07-02T14:09:30.889000+00:00,17.607,30.993,20.901,287.0,231.0,False,69.501,"[None, 2048, 2048, 2048, 2048, 2048]","[2048, 2048, 2048, 2048, 2048, 2048, 2048]","[2048, 2048, 2048, 2048, 2049, 2048, 2048]",290.0
1213,9118,18,55,2023-07-02T14:09:32.420000+00:00,34.722,30.679,20.679,304.0,233.0,True,86.08,"[2064, 2064, 2064, 2048, 2048, 2048]","[2048, 2048, 2048, 2048, 2051, 2049, 2049]","[2051, 2049, 2048, 2049, 2048, 2049, 2049]",305.0
1213,9118,23,55,2023-07-02T14:09:38.358000+00:00,17.395,31.313,21.033,304.0,232.0,False,69.741,"[None, 2048, 2048, 2048, 2048, 2048]","[2048, 2048, 2048, 2048, 2048, 2048, 2048]","[2048, 2048, 2048, 2048, 2048, 2048]",299.0
1213,9118,1,56,2023-07-02T14:09:42.889000+00:00,17.235,30.532,20.583,295.0,236.0,False,68.35,"[None, 2048, 2048, 2048, 2048, 2048]","[2048, 2048, 2048, 2048, 2048, 2048, 2048]","[2048, 2048, 2048, 2051, 2048, 2048, 2048]",296.0
1213,9118,31,55,2023-07-02T14:09:49.404000+00:00,17.719,32.088,21.24,288.0,228.0,False,71.047,"[None, 2048, 2048, 2048, 2048, 2048]","[2048, 2048, 2048, 2048, 2048, 2048, 2048]","[2048, 2048, 2048, 2048, 2048, 2048, 2048]",296.0
1213,9118,2,55,2023-07-02T14:09:52.420000+00:00,17.504,31.543,21.29,302.0,229.0,False,70.337,"[None, 2048, 2048, 2048, 2048, 2048]","[2048, 2048, 2048, 2048, 2048, 2048, 2048]","[2048, 2048, 2048, 2048, 2048, 2048, 2048]",300.0
1213,9118,24,55,2023-07-02T14:09:54.232000+00:00,17.756,31.547,21.127,,228.0,False,70.43,"[None, 2048, 2048, 2048, 2048, 2048]","[2048, 2048, 2048, 2048, 2048, 2048, 2048]","[2048, 2048, 2048, 2048, 2048, 2048, 2048]",291.0
1213,9118,21,55,2023-07-02T14:09:56.717000+00:00,17.622,31.587,21.328,295.0,228.0,False,70.537,"[None, 2048, 2048, 2048, 2048, 2048]","[2048, 2048, 2048, 2048, 2048, 2048, 2048]","[2048, 2048, 2048, 2048, 2048, 2048, 2048]",299.0
1213,9118,16,56,2023-07-02T14:09:59.888000+00:00,17.445,30.735,20.894,296.0,234.0,False,69.074,"[None, 2048, 2048, 2048, 2048, 2048]","[2048, 2048, 2048, 2048, 2048, 2048, 2048]","[2048, 2048, 2048, 2048, 2048, 2048, 2048]",297.0
1213,9118,20,55,2023-07-02T14:10:04.826000+00:00,17.695,31.705,21.459,294.0,225.0,False,70.859,"[None, 2048, 2048, 2048, 2048, 2048]","[2048, 2048, 2048, 2048, 2048, 2048, 2048]","[2048, 2049, 2048, 2048, 2048, 2048, 2048]",294.0
1213,9118,77,55,2023-07-02T14:10:07.701000+00:00,17.632,34.255,21.663,294.0,224.0,False,73.55,"[None, 2048, 2048, 2048, 2048, 2048]","[2048, 2048, 2048, 2048, 2048, 2048, 2048]","[2048, 2048, 2048, 2048, 2048, 2048, 2048]",247.0
1213,9118,55,56,2023-07-02T14:10:09.076000+00:00,17.401,30.833,21.008,307.0,231.0,False,69.242,"[2048, 2048, 2048, 2048, 2048, 2048]","[2048, 2048, 2048, 2048, 2048, 2048, 2048]","[2048, 2048, 2048, 2048, 2048, 2048, 2048]",308.0
1213,9118,4,56,2023-07-02T14:10:09.763000+00:00,17.228,31.934,21.046,,228.0,False,70.208,"[2048, 2048, 2048, 2048, 2048, 2048]","[2048, 2048, 2048, 2048, 2048, 2048, 2048]","[2048, 2048, 2048, 2048, 2048, 2048]",307.0
1213,9118,11,56,2023-07-02T14:10:10.513000+00:00,16.835,30.778,20.711,328.0,232.0,False,68.324,"[2051, 2049, 2048, 2051, 2051, 2048]","[2048, 2048, 2051, 2051, 2048, 2048, 2048]","[2048, 2048, 2051, 2048, 2049, 2048, 2048]",325.0
1213,9118,22,55,2023-07-02T14:10:12.201000+00:00,17.597,31.373,21.477,298.0,226.0,False,70.447,"[None, 2048, 2048, 2048, 2048, 2048]","[2048, 2048, 2048, 2048, 2048, 2048, 2048]","[2048, 2048, 2048, 2048, 2048, 2048, 2048]",299.0
1213,9118,81,55,2023-07-02T14:10:14.138000+00:00,17.659,31.392,21.094,301.0,231.0,False,70.145,"[None, 2048, 2048, 2048, 2048, 2048]","[2048, 2048, 2048, 2048, 2048, 2048, 2048]","[2048, 2048, 2048, 2048, 2048, 2048, 2048]",298.0
1213,9118,14,56,2023-07-02T14:10:20.107000+00:00,17.432,30.973,20.896,296.0,234.0,False,69.301,"[None, 2048, 2048, 2048, 2049, 2048]","[2048, 2048, 2048, 2048, 2048, 2049, 2048]","[2049, 2048, 2048, 2048, 2048, 2048, 2048]",294.0
1213,9118,44,56,2023-07-02T14:10:22.919000+00:00,17.535,31.063,20.887,300.0,230.0,False,69.485,"[None, 2048, 2048, 2048, 2048, 2048]","[2048, 2048, 2048, 2048, 2048, 2048, 2049]","[2048, 2048, 2049, 2049, 2048, 2048, 2048]",291.0
1213,9118,63,56,2023-07-02T14:10:33.872000+00:00,17.502,31.196,20.83,297.0,229.0,False,69.528,"[None, 2048, 2048, 2048, 2048, 2048]","[2048, 2048, 2048, 2048, 2048, 2048, 2048]","[2048, 2048, 2048, 2049, 2048, 2048, 2048]",292.0
1213,9118,10,56,2023-07-02T14:10:40.356000+00:00,17.552,30.968,20.917,288.0,233.0,False,69.437,"[None, 2048, 2048, 2048, 2048, 2048]","[2048, 2048, 2048, 2048, 2048, 2048, 2049]","[2049, 2048, 2048, 2049, 2049, 2048]",288.0
1213,9118,23,56,2023-07-02T14:10:48.059000+00:00,17.414,31.341,21.105,305.0,231.0,False,69.86,"[None, 2048, 2048, 2048, 2048, 2048]","[2048, 2048, 2048, 2048, 2048, 2048, 2048]","[2048, 2048, 2048, 2048, 2049, 2048]",297.0
1213,9118,1,57,2023-07-02T14:10:51.216000+00:00,17.237,30.656,20.519,299.0,235.0,False,68.412,"[None, 2049, 2048, 2048, 2048, 2048]","[2048, 2048, 2048, 2048, 2048, 2048, 2048]","[2048, 2048, 2048, 2051, 2048, 2048, 2048]",297.0
1213,9118,18,56,2023-07-02T14:10:58.559000+00:00,17.393,30.401,20.735,295.0,231.0,False,68.529,"[2048, 2048, 2049, 2048, 2048, 2048]","[2048, 2049, 2048, 2048, 2048, 2048, 2049]","[2048, 2048, 2048, 2049, 2049, 2048, 2049]",290.0
1213,9118,31,56,2023-07-02T14:11:00.481000+00:00,17.614,31.34,21.081,292.0,232.0,False,70.035,"[None, 2048, 2048, 2048, 2048, 2048]","[2048, 2048, 2048, 2048, 2048, 2048, 2048]","[2048, 2048, 2048, 2048, 2048, 2048]",289.0
1213,9118,2,56,2023-07-02T14:11:02.700000+00:00,17.468,31.528,21.24,304.0,231.0,False,70.236,"[None, 2048, 2048, 2048, 2048, 2048]","[2048, 2048, 2048, 2048, 2048, 2048, 2048]","[2049, 2048, 2048, 2048, 2048, 2048]",298.0
1213,9118,24,56,2023-07-02T14:11:04.700000+00:00,17.67,31.562,21.176,300.0,231.0,False,70.408,"[None, 2048, 2048, 2048, 2048, 2048]","[2048, 2048, 2048, 2048, 2048, 2048, 2048]","[2048, 2048, 2049, 2048, 2048, 2048, 2048]",295.0
1213,9118,21,56,2023-07-02T14:11:07.231000+00:00,17.656,31.685,22.778,,230.0,False,72.119,"[None, 2048, 2048, 2048, 2048, 2048]","[2048, 2048, 2048, 2048, 2048, 2048, 2048]","[2048, 2048, 2048, 2048, 2048, 2048, 2048]",297.0
1213,9118,16,57,2023-07-02T14:11:09.418000+00:00,17.464,30.883,21.0,300.0,234.0,False,69.347,"[None, 2048, 2048, 2048, 2048, 2049]","[2048, 2048, 2048, 2048, 2048, 2048, 2048]","[2048, 2048, 2048, 2048, 2048, 2048]",300.0
1213,9118,20,56,2023-07-02T14:11:15.700000+00:00,17.746,31.693,21.422,293.0,225.0,False,70.861,"[None, 2048, 2048, 2048, 2048, 2048]","[2048, 2048, 2048, 2048, 2048, 2048, 2048]","[2048, 2048, 2048, 2048, 2048, 2048, 2048]",291.0
1213,9118,55,57,2023-07-02T14:11:18.090000+00:00,17.484,31.336,21.074,,233.0,False,69.894,"[None, 2048, 2048, 2048, 2048, 2048]","[2049, 2048, 2048, 2048, 2048, 2048, 2048]","[2048, 2048, 2048, 2048, 2048, 2048, 2048]",304.0
1213,9118,11,57,2023-07-02T14:11:18.715000+00:00,17.024,31.641,21.009,327.0,229.0,False,69.674,"[2048, 2048, 2048, 2048, 2048, 2048]","[2048, 2048, 2048, 2048, 2048, 2048, 2048]","[2048, 2048, 2048, 2048, 2048, 2048, 2049]",321.0
1213,9118,4,57,2023-07-02T14:11:19.825000+00:00,17.32,31.42,21.1,306.0,233.0,False,69.84,"[None, 2048, 2048, 2048, 2048, 2048]","[2048, 2048, 2048, 2048, 2048, 2048, 2048]","[2048, 2048, 2048, 2048, 2048, 2048, 2048]",297.0
1213,9118,77,56,2023-07-02T14:11:21.246000+00:00,17.628,31.725,21.585,302.0,226.0,False,70.938,"[None, 2048, 2048, 2048, 2048, 2048]","[2048, 2048, 2048, 2048, 2048, 2048, 2048]","[2048, 2048, 2048, 2048, 2048, 2048, 2048]",298.0
1213,9118,22,56,2023-07-02T14:11:22.887000+00:00,17.601,32.801,21.342,296.0,230.0,False,71.744,"[None, 2048, 2048, 2048, 2048, 2048]","[2048, 2048, 2048, 2048, 2048, 2048, 2048]","[2048, 2048, 2048, 2048, 2048, 2048, 2048]",292.0
1213,9118,81,56,2023-07-02T14:11:24.278000+00:00,17.73,31.702,21.291,300.0,229.0,False,70.723,"[None, 2048, 2048, 2048, 2048, 2048]","[2048, 2048, 2048, 2048, 2048, 2048, 2048]","[2048, 2048, 2048, 2048, 2048, 2048, 2049]",296.0
1213,9118,14,57,2023-07-02T14:11:29.402000+00:00,17.452,30.957,20.967,295.0,235.0,False,69.376,"[None, 2048, 2048, 2048, 2048, 2048]","[2048, 2048, 2048, 2048, 2048, 2048, 2048]","[2048, 2048, 2048, 2048, 2048, 2048]",292.0
1213,9118,44,57,2023-07-02T14:11:32.387000+00:00,17.492,31.395,21.101,299.0,228.0,False,69.988,"[None, 2048, 2048, 2048, 2048, 2048]","[2048, 2048, 2048, 2048, 2048, 2048, 2048]","[2048, 2048, 2048, 2048, 2048, 2048, 2048]",290.0
1213,9118,63,57,2023-07-02T14:11:43.371000+00:00,17.566,31.154,20.867,295.0,228.0,False,69.587,"[None, 2048, 2048, 2048, 2048, 2048]","[2048, 2048, 2048, 2048, 2048, 2048, 2048]","[2048, 2048, 2048, 2049, 2048, 2048]",290.0
1213,9118,10,57,2023-07-02T14:11:49.808000+00:00,17.608,30.953,20.946,289.0,233.0,False,69.507,"[None, 2048, 2048, 2048, 2048, 2048]","[2048, 2048, 2048, 2048, 2048, 2048, 2048]","[2048, 2048, 2048, 2048, 2048, 2048, 2048]",289.0
1213,9118,23,57,2023-07-02T14:11:57.964000+00:00,17.426,32.892,21.319,,232.0,False,71.637,"[None, 2049, 2048, 2048, 2048, 2048]","[2048, 2048, 2048, 2048, 2048, 2048, 2048]","[2048, 2048, 2049, 2048, 2048, 2048, 2048]",296.0
1213,9118,1,58,2023-07-02T14:11:59.589000+00:00,17.23,30.676,20.583,301.0,236.0,False,68.489,"[None, 2048, 2048, 2048, 2048, 2048]","[2048, 2048, 2048, 2048, 2048, 2048, 2048]","[2048, 2048, 2048, 2048, 2048, 2048]",299.0
1213,9118,18,57,2023-07-02T14:12:07.152000+00:00,17.387,30.414,20.662,298.0,233.0,False,68.463,"[None, 2048, 2049, 2048, 2048, 2048]","[2048, 2048, 2048, 2048, 2048, 2049, 2049]","[2048, 2049, 2048, 2049, 2049, 2048, 2048]",289.0
1213,9118,31,57,2023-07-02T14:12:10.495000+00:00,17.623,31.357,21.11,290.0,232.0,False,70.09,"[None, 2048, 2048, 2048, 2048, 2048]","[2048, 2048, 2048, 2048, 2048, 2048, 2048]","[2048, 2048, 2048, 2048, 2048, 2048, 2048]",288.0
1213,9118,2,57,2023-07-02T14:12:12.980000+00:00,17.443,31.427,21.214,307.0,232.0,False,70.084,"[None, 2048, 2048, 2048, 2048, 2048]","[2048, 2048, 2048, 2048, 2048, 2048, 2049]","[2049, 2048, 2048, 2048, 2048, 2048, 2048]",300.0
1213,9118,24,57,2023-07-02T14:12:15.058000+00:00,17.767,31.664,21.353,295.0,229.0,False,70.784,"[None, 2048, 2048, 2048, 2048, 2048]","[2048, 2048, 2048, 2048, 2048, 2048, 2048]","[2048, 2048, 2048, 2048, 2048, 2048, 2048]",289.0
1213,9118,16,58,2023-07-02T14:12:18.308000+00:00,17.433,30.821,20.968,299.0,235.0,False,69.222,"[None, 2048, 2048, 2048, 2048, 2048]","[2048, 2048, 2048, 2048, 2048, 2048, 2048]","[2048, 2048, 2048, 2048, 2048, 2048, 2048]",298.0
1213,9118,21,57,2023-07-02T14:12:19.292000+00:00,17.319,31.608,21.433,314.0,230.0,False,70.36,"[None, 2048, 2048, 2049, 2048, 2048]","[2048, 2048, 2048, 2048, 2048, 2048, 2048]","[2048, 2048, 2048, 2048, 2048, 2048, 2048]",314.0
1213,9118,20,57,2023-07-02T14:12:26.526000+00:00,17.724,33.713,22.71,294.0,219.0,False,74.147,"[None, 2048, 2048, 2048, 2048, 2048]","[2048, 2048, 2048, 2048, 2048, 2048, 2048]","[2048, 2048, 2048, 2048, 2048, 2048, 2048]",263.0
1213,9118,55,58,2023-07-02T14:12:28.042000+00:00,17.374,31.145,21.053,,229.0,False,69.572,"[None, 2048, 2048, 2048, 2048, 2048]","[2048, 2048, 2048, 2048, 2048, 2048, 2048]","[2048, 2048, 2048, 2048, 2048, 2048, 2048]",316.0
1213,9118,11,58,2023-07-02T14:12:28.542000+00:00,17.025,31.436,21.076,328.0,229.0,False,69.537,"[None, 2048, 2048, 2048, 2048, 2048]","[2048, 2048, 2048, 2048, 2048, 2048, 2048]","[2048, 2048, 2048, 2048, 2048, 2048, 2048]",315.0
1213,9118,4,58,2023-07-02T14:12:29.669000+00:00,17.53,31.474,21.106,305.0,234.0,False,70.11,"[None, 2048, 2048, 2048, 2048, 2048]","[2048, 2048, 2048, 2048, 2048, 2048, 2048]","[2048, 2048, 2048, 2048, 2048, 2048]",295.0
1213,9118,77,57,2023-07-02T14:12:32.183000+00:00,17.684,31.695,21.448,,230.0,False,70.827,"[None, 2048, 2048, 2048, 2048, 2048]","[2048, 2048, 2048, 2048, 2048, 2048, 2048]","[2048, 2048, 2048, 2048, 2048, 2048, 2048]",300.0
1213,9118,22,57,2023-07-02T14:12:34.386000+00:00,17.625,31.271,21.383,,230.0,False,70.279,"[None, 2048, 2048, 2048, 2048, 2048]","[2048, 2048, 2048, 2048, 2048, 2048, 2048]","[2048, 2048, 2048, 2048, 2048, 2048]",296.0
1213,9118,81,57,2023-07-02T14:12:34.979000+00:00,17.409,31.599,21.295,318.0,233.0,False,70.303,"[None, 2048, 2048, 2049, 2048, 2048]","[2048, 2048, 2048, 2048, 2048, 2048, 2048]","[2048, 2048, 2048, 2048, 2048, 2048, 2048]",310.0
1213,9118,14,58,2023-07-02T14:12:38.854000+00:00,17.466,31.115,21.034,296.0,235.0,False,69.615,"[None, 2048, 2048, 2048, 2049, 2048]","[2048, 2048, 2048, 2048, 2048, 2048, 2048]","[2048, 2048, 2048, 2048, 2048, 2048]",292.0
1213,9118,44,58,2023-07-02T14:12:42.401000+00:00,17.433,31.184,20.989,301.0,232.0,False,69.606,"[None, 2048, 2048, 2048, 2048, 2048]","[2048, 2048, 2048, 2048, 2048, 2048, 2048]","[2048, 2048, 2048, 2048, 2048, 2048, 2048]",291.0
1213,9118,63,58,2023-07-02T14:12:53.010000+00:00,17.515,31.341,20.884,297.0,228.0,False,69.74,"[None, 2048, 2048, 2048, 2048, 2048]","[2048, 2048, 2048, 2048, 2048, 2048, 2048]","[2048, 2048, 2048, 2048, 2048, 2049, 2049]",290.0
1213,9118,10,58,2023-07-02T14:12:59.323000+00:00,17.589,31.131,21.011,290.0,234.0,False,69.731,"[None, 2048, 2048, 2049, 2048, 2048]","[2048, 2048, 2048, 2048, 2048, 2048, 2048]","[2048, 2048, 2048, 2048, 2048, 2048, 2048]",288.0
1213,9118,1,59,2023-07-02T14:13:08.119000+00:00,17.342,30.743,20.524,298.0,234.0,False,68.609,"[None, 2048, 2048, 2048, 2048, 2048]","[2048, 2048, 2048, 2048, 2048, 2048, 2048]","[2048, 2048, 2048, 2048, 2048, 2048, 2048]",295.0
1213,9118,23,58,2023-07-02T14:13:09.619000+00:00,17.41,31.496,21.17,308.0,229.0,False,70.076,"[None, 2048, 2048, 2048, 2048, 2048]","[2048, 2048, 2048, 2048, 2048, 2048, 2048]","[2048, 2048, 2048, 2048, 2048, 2048, 2048]",300.0
1213,9118,18,58,2023-07-02T14:13:15.541000+00:00,17.43,30.463,20.74,302.0,235.0,False,68.633,"[None, 2048, 2048, 2048, 2048, 2048]","[2048, 2048, 2048, 2048, 2048, 2049, 2051]","[2048, 2048, 2049, 2049, 2048, 2048]",294.0
1213,9118,31,58,2023-07-02T14:13:20.541000+00:00,17.635,31.279,21.058,289.0,233.0,False,69.972,"[None, 2048, 2048, 2048, 2048, 2048]","[2048, 2048, 2048, 2048, 2048, 2048, 2048]","[2048, 2048, 2048, 2048, 2048, 2048, 2048]",288.0
1213,9118,2,58,2023-07-02T14:13:23.025000+00:00,17.397,31.614,21.361,308.0,232.0,False,70.372,"[None, 2048, 2048, 2048, 2048, 2048]","[2048, 2048, 2048, 2048, 2048, 2048, 2048]","[2048, 2048, 2048, 2048, 2048, 2048]",301.0
1213,9118,24,58,2023-07-02T14:13:25.838000+00:00,17.774,32.892,21.358,296.0,230.0,False,72.024,"[None, 2048, 2048, 2048, 2048, 2048]","[2048, 2048, 2048, 2048, 2048, 2048, 2048]","[2048, 2048, 2049, 2048, 2048, 2048, 2048]",293.0
1213,9118,16,59,2023-07-02T14:13:27.666000+00:00,17.369,30.97,20.843,302.0,236.0,False,69.182,"[None, 2048, 2048, 2049, 2049, 2049]","[2048, 2048, 2048, 2048, 2048, 2048, 2048]","[2048, 2048, 2048, 2049, 2048, 2048]",301.0
1213,9118,21,58,2023-07-02T14:13:29.666000+00:00,17.622,31.66,21.387,295.0,228.0,False,70.669,"[None, 2048, 2048, 2048, 2048, 2048]","[2048, 2048, 2048, 2048, 2048, 2048, 2048]","[2048, 2048, 2048, 2048, 2048, 2048]",295.0
1213,9118,55,59,2023-07-02T14:13:37.713000+00:00,17.595,31.773,20.958,288.0,228.0,False,70.326,"[None, 2048, 2048, 2048, 2048, 2048]","[2048, 2048, 2048, 2048, 2048, 2048, 2048]","[2048, 2048, 2048, 2048, 2048, 2048, 2048]",314.0
1213,9118,11,59,2023-07-02T14:13:38.088000+00:00,17.146,31.957,21.227,325.0,231.0,False,70.33,"[None, 2048, 2048, 2048, 2048, 2048]","[2048, 2048, 2048, 2048, 2048, 2048, 2048]","[2048, 2048, 2048, 2048, 2048, 2048, 2048]",301.0
1213,9118,4,59,2023-07-02T14:13:39.791000+00:00,,31.473,21.026,,233.0,False,70.029,"[None, 2048, 2048, 2048, 2048, 2048]","[2048, 2048, 2048, 2048, 2048, 2048, 2048]","[2048, 2048, 2048, 2048, 2048, 2048, 2048]",296.0
1213,9118,20,58,2023-07-02T14:13:40.697000+00:00,17.32,32.022,21.72,322.0,223.0,False,71.062,"[None, 2048, 2048, 2049, 2048, 2048]","[2048, 2048, 2048, 2048, 2048, 2048, 2048]","[2048, 2048, 2049, 2048, 2048, 2048, 2048]",317.0
1213,9118,77,58,2023-07-02T14:13:42.963000+00:00,17.623,31.442,21.452,303.0,228.0,False,70.517,"[None, 2048, 2048, 2048, 2048, 2048]","[2048, 2048, 2048, 2048, 2048, 2048, 2048]","[2048, 2048, 2048, 2048, 2048, 2048, 2048]",298.0
1213,9118,22,58,2023-07-02T14:13:44.697000+00:00,17.646,31.478,21.282,,227.0,False,70.406,"[None, 2048, 2048, 2048, 2048, 2048]","[2048, 2048, 2048, 2048, 2048, 2048, 2048]","[2048, 2048, 2048, 2048, 2048, 2048, 2049]",294.0
1213,9118,81,58,2023-07-02T14:13:45.306000+00:00,17.273,31.807,21.402,324.0,227.0,False,70.482,"[2049, 2049, 2048, 2049, 2049, 2049]","[2048, 2048, 2048, 2048, 2048, 2048, 2048]","[2048, 2048, 2048, 2048, 2048, 2048]",306.0
1213,9118,14,59,2023-07-02T14:13:48.416000+00:00,17.426,31.158,21.072,297.0,233.0,False,69.656,"[None, 2048, 2048, 2048, 2049, 2048]","[2048, 2048, 2048, 2048, 2048, 2048, 2048]","[2048, 2048, 2048, 2048, 2048, 2048, 2048]",293.0
1213,9118,44,59,2023-07-02T14:13:52.009000+00:00,17.552,31.263,21.054,304.0,230.0,False,69.869,"[None, 2048, 2048, 2048, 2048, 2048]","[2048, 2048, 2048, 2048, 2048, 2048, 2048]","[2048, 2048, 2048, 2048, 2048, 2048, 2048]",293.0
1213,9118,63,59,2023-07-02T14:14:02.743000+00:00,17.594,31.253,20.884,299.0,228.0,False,69.731,"[None, 2048, 2048, 2048, 2048, 2048]","[2048, 2048, 2048, 2048, 2048, 2048, 2048]","[2048, 2049, 2048, 2048, 2048, 2048]",293.0
1213,9118,10,59,2023-07-02T14:14:09.087000+00:00,17.552,31.018,21.049,,232.0,False,69.619,"[None, 2048, 2048, 2048, 2048, 2048]","[2048, 2048, 2048, 2048, 2048, 2048, 2048]","[2048, 2048, 2048, 2048, 2048, 2048, 2048]",290.0
1213,9118,1,60,2023-07-02T14:14:16.712000+00:00,17.297,30.657,20.581,299.0,236.0,False,68.535,"[None, 2048, 2048, 2048, 2048, 2048]","[2048, 2048, 2048, 2048, 2048, 2048, 2048]","[2051, 2048, 2048, 2048, 2048, 2048, 2048]",298.0
1213,9118,23,59,2023-07-02T14:14:19.618000+00:00,17.381,31.496,21.169,303.0,229.0,False,70.046,"[None, 2049, 2048, 2048, 2048, 2048]","[2048, 2048, 2048, 2048, 2048, 2048, 2048]","[2048, 2048, 2048, 2048, 2048, 2048]",296.0
1213,9118,18,59,2023-07-02T14:14:24.181000+00:00,17.279,30.657,20.733,299.0,231.0,False,68.669,"[None, 2048, 2048, 2048, 2048, 2048]","[2048, 2048, 2048, 2048, 2048, 2048, 2048]","[2048, 2048, 2048, 2048, 2048, 2048, 2048]",291.0
1213,9118,31,59,2023-07-02T14:14:30.602000+00:00,17.6,31.366,21.026,290.0,231.0,False,69.992,"[None, 2048, 2048, 2048, 2048, 2048]","[2048, 2048, 2048, 2048, 2048, 2048, 2048]","[2048, 2048, 2048, 2048, 2048, 2048, 2048]",288.0
1213,9118,2,59,2023-07-02T14:14:33.399000+00:00,17.447,31.473,21.189,303.0,228.0,False,70.109,"[None, 2048, 2048, 2048, 2048, 2048]","[2048, 2048, 2048, 2048, 2048, 2048, 2048]","[2048, 2048, 2048, 2048, 2048, 2049]",296.0
1213,9118,16,60,2023-07-02T14:14:36.712000+00:00,17.368,30.786,20.803,299.0,237.0,False,68.957,"[None, 2048, 2048, 2049, 2048, 2048]","[2048, 2048, 2048, 2048, 2048, 2048, 2048]","[2048, 2048, 2048, 2048, 2048, 2048, 2048]",299.0
1213,9118,24,59,2023-07-02T14:14:37.837000+00:00,17.534,31.577,21.183,303.0,233.0,False,70.294,"[2049, 2049, 2048, 2048, 2048, 2048]","[2048, 2048, 2048, 2048, 2048, 2049, 2048]","[2048, 2048, 2048, 2048, 2048, 2048]",300.0
1213,9118,21,59,2023-07-02T14:14:40.337000+00:00,17.655,31.665,21.304,296.0,226.0,False,70.624,"[None, 2048, 2048, 2048, 2048, 2048]","[2048, 2048, 2048, 2048, 2048, 2048, 2048]","[2048, 2048, 2048, 2048, 2048, 2048, 2048]",296.0
1213,9118,55,60,2023-07-02T14:14:48.055000+00:00,17.585,31.613,20.846,287.0,233.0,False,70.044,"[None, 2048, 2048, 2048, 2048, 2048]","[2048, 2048, 2048, 2048, 2048, 2048, 2048]","[2048, 2048, 2048, 2048, 2049, 2048, 2048]",301.0
1213,9118,11,60,2023-07-02T14:14:48.571000+00:00,17.188,31.973,20.934,,226.0,False,70.095,"[None, 2048, 2048, 2048, 2048, 2048]","[2049, 2048, 2048, 2048, 2048, 2048, 2048]","[2048, 2048, 2048, 2048, 2048, 2048, 2051]",308.0
1213,9118,4,60,2023-07-02T14:14:50.055000+00:00,17.516,31.478,20.947,304.0,233.0,False,69.941,"[None, 2048, 2048, 2048, 2048, 2048]","[2048, 2048, 2048, 2048, 2048, 2048, 2048]","[2048, 2048, 2048, 2048, 2048, 2048, 2048]",296.0
1213,9118,20,59,2023-07-02T14:14:51.774000+00:00,17.844,31.925,21.424,299.0,224.0,False,71.193,"[None, 2048, 2048, 2048, 2048, 2048]","[2048, 2048, 2048, 2048, 2048, 2048, 2048]","[2048, 2048, 2048, 2048, 2048, 2048]",300.0
1213,9118,77,59,2023-07-02T14:14:53.508000+00:00,17.549,31.715,21.435,301.0,226.0,False,70.699,"[None, 2048, 2048, 2048, 2048, 2048]","[2048, 2048, 2048, 2048, 2048, 2048, 2048]","[2048, 2048, 2048, 2048, 2048, 2048, 2048]",294.0
1213,9118,22,59,2023-07-02T14:14:55.118000+00:00,17.643,31.481,21.327,297.0,225.0,False,70.451,"[None, 2048, 2048, 2048, 2048, 2048]","[2048, 2048, 2048, 2048, 2048, 2048, 2048]","[2048, 2048, 2048, 2048, 2048, 2048]",296.0
1213,9118,81,59,2023-07-02T14:14:55.836000+00:00,17.354,31.759,21.409,314.0,227.0,False,70.522,"[2048, 2048, 2048, 2048, 2048, 2048]","[2048, 2048, 2048, 2048, 2048, 2048, 2048]","[2048, 2048, 2048, 2048, 2048, 2048, 2049]",308.0
1213,9118,14,60,2023-07-02T14:14:58.367000+00:00,17.394,31.181,21.195,,234.0,False,69.77,"[None, 2048, 2048, 2049, 2049, 2049]","[2048, 2048, 2048, 2048, 2048, 2049, 2048]","[2048, 2048, 2048, 2048, 2048, 2048]",297.0
1213,9118,44,60,2023-07-02T14:15:01.883000+00:00,17.651,31.453,20.925,300.0,232.0,False,70.029,"[None, 2048, 2048, 2048, 2048, 2048]","[2048, 2048, 2048, 2048, 2048, 2048, 2048]","[2048, 2048, 2048, 2048, 2048, 2048, 2048]",291.0
1213,9118,63,60,2023-07-02T14:15:12.398000+00:00,17.549,31.345,20.799,296.0,229.0,False,69.693,"[None, 2048, 2048, 2048, 2048, 2048]","[2048, 2048, 2048, 2048, 2048, 2048, 2048]","[2048, 2049, 2048, 2049, 2048, 2048, 2048]",292.0
1213,9118,10,60,2023-07-02T14:15:18.648000+00:00,17.52,31.11,20.923,,234.0,False,69.553,"[None, 2048, 2048, 2048, 2048, 2048]","[2048, 2048, 2048, 2048, 2048, 2048, 2048]","[2048, 2048, 2048, 2048, 2048, 2048, 2048]",290.0
1213,9118,1,61,2023-07-02T14:15:25.226000+00:00,17.369,30.652,20.464,296.0,237.0,False,68.485,"[None, 2048, 2048, 2048, 2048, 2048]","[2048, 2048, 2048, 2048, 2048, 2048, 2048]","[2048, 2048, 2048, 2051, 2048, 2048]",296.0
1213,9118,23,60,2023-07-02T14:15:29.711000+00:00,17.464,31.396,21.093,306.0,231.0,False,69.953,"[None, 2048, 2048, 2048, 2048, 2048]","[2048, 2048, 2048, 2048, 2048, 2048, 2048]","[2048, 2048, 2048, 2048, 2048, 2048, 2048]",298.0
1213,9118,18,60,2023-07-02T14:15:32.867000+00:00,17.351,30.761,20.695,303.0,230.0,False,68.807,"[None, 2048, 2048, 2049, 2048, 2048]","[2048, 2048, 2048, 2048, 2048, 2048, 2048]","[2048, 2048, 2049, 2048, 2048, 2048, 2048]",295.0
1213,9118,31,60,2023-07-02T14:15:40.539000+00:00,,31.378,21.003,289.0,231.0,False,69.981,"[None, 2048, 2048, 2048, 2048, 2048]","[2048, 2048, 2048, 2048, 2048, 2048, 2048]","[2049, 2048, 2048, 2049, 2048, 2048]",288.0
1213,9118,2,60,2023-07-02T14:15:43.507000+00:00,,31.437,21.178,307.0,230.0,False,70.062,"[None, 2048, 2048, 2048, 2048, 2048]","[2049, 2048, 2048, 2048, 2048, 2048, 2048]","[2048, 2048, 2048, 2048, 2048, 2048, 2048]",299.0
1213,9118,16,61,2023-07-02T14:15:45.695000+00:00,17.385,30.803,20.873,298.0,233.0,False,69.061,"[None, 2048, 2048, 2048, 2048, 2048]","[2048, 2048, 2048, 2048, 2048, 2049, 2048]","[2048, 2048, 2048, 2048, 2048, 2048, 2048]",299.0
1213,9118,24,60,2023-07-02T14:15:48.382000+00:00,17.668,31.669,21.15,294.0,229.0,False,70.487,"[2048, 2048, 2048, 2048, 2048, 2048]","[2048, 2048, 2048, 2048, 2048, 2048, 2048]","[2048, 2048, 2048, 2048, 2048, 2048, 2048]",291.0
1213,9118,21,60,2023-07-02T14:15:51.007000+00:00,17.665,31.654,21.26,295.0,227.0,False,70.579,"[None, 2048, 2048, 2048, 2048, 2048]","[2048, 2048, 2048, 2048, 2048, 2048, 2048]","[2048, 2048, 2048, 2048, 2048, 2048, 2048]",298.0
1213,9118,55,61,2023-07-02T14:15:57.960000+00:00,17.549,31.794,21.172,291.0,225.0,False,70.515,"[None, 2048, 2048, 2048, 2048, 2048]","[2048, 2048, 2048, 2048, 2048, 2048, 2048]","[2048, 2048, 2048, 2048, 2048, 2048]",302.0
1213,9118,11,61,2023-07-02T14:15:58.507000+00:00,17.133,31.337,20.718,304.0,228.0,False,69.188,"[None, 2048, 2048, 2048, 2048, 2048]","[2048, 2048, 2048, 2048, 2048, 2048, 2048]","[2048, 2048, 2048, 2049, 2048, 2048]",320.0
1213,9118,4,61,2023-07-02T14:15:59.741000+00:00,17.493,31.542,20.945,,231.0,False,69.98,"[None, 2048, 2048, 2048, 2048, 2048]","[2048, 2048, 2048, 2048, 2048, 2048, 2048]","[2048, 2048, 2048, 2048, 2048, 2048, 2048]",298.0
1213,9118,20,60,2023-07-02T14:16:02.976000+00:00,17.713,31.765,21.338,296.0,225.0,False,70.816,"[None, 2048, 2048, 2048, 2048, 2048]","[2048, 2048, 2048, 2048, 2048, 2048, 2048]","[2048, 2048, 2048, 2048, 2049, 2048, 2048]",302.0
1213,9118,77,60,2023-07-02T14:16:04.194000+00:00,17.666,31.627,21.387,297.0,225.0,False,70.68,"[None, 2048, 2048, 2048, 2048, 2048]","[2048, 2048, 2048, 2048, 2048, 2048, 2048]","[2048, 2048, 2048, 2048, 2048, 2048, 2048]",296.0
1213,9118,22,60,2023-07-02T14:16:05.554000+00:00,17.61,31.537,21.423,300.0,224.0,False,70.57,"[None, 2048, 2048, 2048, 2048, 2048]","[2048, 2048, 2048, 2048, 2048, 2048, 2048]","[2048, 2048, 2048, 2048, 2048, 2048, 2048]",299.0
1213,9118,81,60,2023-07-02T14:16:06.319000+00:00,17.329,31.528,21.387,317.0,227.0,False,70.244,"[None, 2048, 2048, 2048, 2048, 2048]","[2048, 2048, 2048, 2048, 2048, 2048, 2048]","[2048, 2048, 2048, 2048, 2048, 2048, 2048]",309.0
1213,9118,14,61,2023-07-02T14:16:07.882000+00:00,17.402,31.191,21.003,301.0,235.0,False,69.596,"[None, 2048, 2048, 2048, 2049, 2049]","[2048, 2048, 2048, 2048, 2048, 2048, 2048]","[2048, 2048, 2049, 2048, 2048, 2048, 2049]",298.0
1213,9118,44,61,2023-07-02T14:16:11.897000+00:00,17.557,31.271,21.028,302.0,231.0,False,69.856,"[None, 2048, 2048, 2048, 2048, 2048]","[2048, 2048, 2048, 2048, 2048, 2048, 2048]","[2048, 2048, 2048, 2048, 2048, 2048, 2048]",295.0
1213,9118,63,61,2023-07-02T14:16:22.163000+00:00,17.595,31.264,20.799,299.0,232.0,False,69.658,"[None, 2048, 2048, 2048, 2048, 2048]","[2048, 2048, 2048, 2048, 2048, 2048, 2048]","[2049, 2048, 2048, 2048, 2048, 2048, 2048]",294.0
1213,9118,10,61,2023-07-02T14:16:28.210000+00:00,17.598,31.115,21.003,,233.0,False,69.716,"[None, 2048, 2048, 2048, 2048, 2048]","[2048, 2048, 2048, 2048, 2048, 2048, 2048]","[2048, 2048, 2048, 2048, 2048, 2048, 2048]",289.0
1213,9118,1,62,2023-07-02T14:16:33.725000+00:00,17.36,30.638,20.569,,236.0,False,68.567,"[None, 2048, 2048, 2048, 2048, 2048]","[2048, 2048, 2048, 2048, 2048, 2048, 2048]","[2048, 2048, 2048, 2048, 2048, 2048]",295.0
1213,9118,23,61,2023-07-02T14:16:39.631000+00:00,17.395,31.485,20.988,307.0,230.0,False,69.868,"[None, 2048, 2048, 2048, 2048, 2048]","[2048, 2048, 2048, 2048, 2048, 2048, 2048]","[2048, 2049, 2048, 2048, 2048, 2048, 2048]",299.0
1213,9118,18,61,2023-07-02T14:16:41.647000+00:00,17.282,30.815,20.842,,229.0,False,68.939,"[None, 2048, 2048, 2048, 2048, 2048]","[2048, 2048, 2048, 2048, 2048, 2048, 2048]","[2048, 2048, 2048, 2048, 2048, 2048, 2048]",294.0
1213,9118,31,61,2023-07-02T14:16:50.537000+00:00,17.596,31.422,21.054,290.0,232.0,False,70.072,"[None, 2048, 2048, 2048, 2048, 2048]","[2049, 2048, 2048, 2048, 2048, 2048, 2048]","[2048, 2048, 2048, 2048, 2049, 2048, 2048]",288.0
1213,9118,2,61,2023-07-02T14:16:53.584000+00:00,18.262,32.448,21.422,268.0,229.0,False,72.132,"[None, 2048, 2048, 2048, 2048, 2048]","[2048, 2048, 2048, 2048, 2048, 2048, 2048]","[2048, 2048, 2048, 2048, 2048, 2048, 2048]",309.0
1213,9118,16,62,2023-07-02T14:16:54.756000+00:00,17.358,31.184,20.833,302.0,234.0,False,69.375,"[None, 2048, 2048, 2049, 2049, 2049]","[2048, 2048, 2048, 2048, 2048, 2048, 2049]","[2048, 2048, 2048, 2048, 2048, 2048, 2048]",311.0
1213,9118,24,61,2023-07-02T14:16:58.693000+00:00,17.725,31.651,21.175,,230.0,False,70.551,"[None, 2048, 2048, 2048, 2048, 2048]","[2048, 2048, 2048, 2048, 2048, 2048, 2048]","[2048, 2048, 2048, 2048, 2048, 2048, 2048]",292.0
1213,9118,21,61,2023-07-02T14:17:01.537000+00:00,17.671,31.745,21.232,,228.0,False,70.648,"[None, 2048, 2048, 2048, 2048, 2048]","[2048, 2048, 2048, 2048, 2048, 2048, 2048]","[2048, 2048, 2048, 2048, 2048, 2048, 2048]",301.0
1213,9118,11,62,2023-07-02T14:17:07.600000+00:00,17.384,30.929,20.574,303.0,229.0,False,68.887,"[None, 2048, 2048, 2048, 2048, 2048]","[2048, 2048, 2048, 2048, 2048, 2048, 2048]","[2048, 2048, 2048, 2049, 2049, 2048, 2048]",301.0
1213,9118,55,62,2023-07-02T14:17:08.490000+00:00,17.093,31.191,21.011,311.0,229.0,False,69.295,"[None, 2048, 2048, 2049, 2049, 2048]","[2048, 2048, 2048, 2048, 2048, 2048, 2048]","[2048, 2048, 2049, 2048, 2048, 2048]",307.0
1213,9118,4,62,2023-07-02T14:17:09.725000+00:00,17.489,31.418,20.945,,230.0,False,69.852,"[None, 2048, 2048, 2048, 2048, 2048]","[2048, 2048, 2048, 2048, 2048, 2049, 2048]","[2048, 2048, 2048, 2048, 2048, 2048, 2048]",295.0
1213,9118,20,61,2023-07-02T14:17:13.787000+00:00,17.685,31.86,21.535,295.0,224.0,False,71.08,"[None, 2048, 2048, 2048, 2048, 2048]","[2048, 2048, 2048, 2048, 2048, 2048, 2048]","[2048, 2048, 2048, 2048, 2048, 2048, 2048]",296.0
1213,9118,77,61,2023-07-02T14:17:14.881000+00:00,17.606,31.759,21.513,296.0,223.0,False,70.878,"[None, 2048, 2048, 2048, 2048, 2048]","[2048, 2048, 2048, 2048, 2048, 2048, 2048]","[2048, 2048, 2048, 2048, 2048, 2048, 2048]",295.0
1213,9118,22,61,2023-07-02T14:17:16.115000+00:00,17.615,31.682,22.364,299.0,223.0,False,71.661,"[None, 2048, 2048, 2048, 2048, 2048]","[2048, 2048, 2048, 2048, 2048, 2048, 2048]","[2048, 2048, 2048, 2048, 2048, 2048, 2049]",295.0
1213,9118,81,61,2023-07-02T14:17:16.568000+00:00,18.026,31.96,21.628,255.0,226.0,False,71.614,"[None, 2048, 2048, 2048, 2048, 2048]","[2048, 2048, 2048, 2049, 2048, 2048, 2048]","[2048, 2048, 2048, 2048, 2048, 2048]",316.0
1213,9118,14,62,2023-07-02T14:17:17.443000+00:00,17.071,31.201,21.383,309.0,230.0,False,69.655,"[2049, 2049, 2048, 2049, 2049, 2049]","[2049, 2048, 2048, 2049, 2048, 2048, 2048]","[2048, 2048, 2048, 2048, 2048, 2048, 2048]",307.0
1213,9118,44,62,2023-07-02T14:17:21.756000+00:00,17.435,31.194,21.07,300.0,229.0,False,69.699,"[None, 2048, 2048, 2048, 2048, 2048]","[2048, 2048, 2048, 2048, 2048, 2048, 2048]","[2048, 2048, 2048, 2048, 2048, 2048]",291.0
1213,9118,63,62,2023-07-02T14:17:31.818000+00:00,17.552,31.274,20.798,298.0,231.0,False,69.624,"[None, 2048, 2048, 2048, 2048, 2048]","[2048, 2048, 2048, 2048, 2048, 2048, 2048]","[2048, 2049, 2048, 2048, 2048, 2048, 2048]",292.0
1213,9118,10,62,2023-07-02T14:17:37.943000+00:00,17.672,31.18,21.056,,232.0,False,69.908,"[None, 2048, 2048, 2048, 2048, 2048]","[2048, 2048, 2048, 2048, 2048, 2048, 2048]","[2048, 2048, 2048, 2048, 2048, 2048, 2048]",289.0
1213,9118,1,63,2023-07-02T14:17:42.286000+00:00,17.356,30.691,20.577,301.0,236.0,False,68.624,"[None, 2048, 2048, 2048, 2048, 2048]","[2048, 2048, 2048, 2048, 2048, 2048, 2048]","[2048, 2048, 2048, 2048, 2048, 2048, 2048]",299.0
1213,9118,23,62,2023-07-02T14:17:49.489000+00:00,17.361,31.405,21.106,303.0,229.0,False,69.872,"[None, 2048, 2048, 2048, 2048, 2048]","[2048, 2048, 2048, 2048, 2048, 2048, 2048]","[2048, 2048, 2048, 2048, 2048, 2048, 2048]",295.0
1213,9118,18,62,2023-07-02T14:17:50.614000+00:00,17.348,30.866,21.03,306.0,230.0,False,69.244,"[None, 2048, 2048, 2048, 2048, 2048]","[2048, 2048, 2048, 2048, 2048, 2048, 2048]","[2048, 2048, 2048, 2048, 2048, 2048, 2049]",308.0
1213,9118,31,62,2023-07-02T14:18:00.567000+00:00,17.706,31.332,21.113,289.0,232.0,False,70.151,"[None, 2048, 2048, 2048, 2048, 2048]","[2049, 2048, 2048, 2048, 2048, 2048, 2048]","[2049, 2048, 2048, 2048, 2048, 2048]",288.0
1213,9118,16,63,2023-07-02T14:18:04.114000+00:00,17.398,30.781,20.841,300.0,236.0,False,69.02,"[None, 2048, 2048, 2048, 2048, 2048]","[2048, 2048, 2048, 2048, 2048, 2048, 2048]","[2048, 2048, 2048, 2048, 2049, 2048, 2048]",299.0
1213,9118,2,62,2023-07-02T14:18:05.770000+00:00,17.476,31.754,21.269,307.0,231.0,False,70.499,"[None, 2048, 2048, 2048, 2048, 2048]","[2048, 2048, 2048, 2048, 2048, 2048, 2048]","[2048, 2048, 2048, 2048, 2048, 2048, 2048]",301.0
1213,9118,24,62,2023-07-02T14:18:09.192000+00:00,17.721,31.691,21.231,295.0,229.0,False,70.643,"[None, 2048, 2048, 2048, 2048, 2048]","[2048, 2048, 2048, 2048, 2048, 2048, 2048]","[2048, 2048, 2048, 2048, 2048, 2048, 2048]",290.0
1213,9118,21,62,2023-07-02T14:18:12.161000+00:00,17.59,31.694,21.288,297.0,231.0,False,70.572,"[None, 2048, 2048, 2048, 2048, 2048]","[2048, 2048, 2048, 2048, 2048, 2048, 2048]","[2048, 2048, 2048, 2048, 2048, 2048]",298.0
1213,9118,11,63,2023-07-02T14:18:16.880000+00:00,17.381,31.0,20.723,305.0,229.0,False,69.104,"[None, 2048, 2048, 2048, 2048, 2048]","[2048, 2048, 2048, 2048, 2048, 2048, 2048]","[2048, 2048, 2048, 2048, 2048, 2048, 2048]",294.0
1213,9118,55,63,2023-07-02T14:18:17.786000+00:00,17.495,31.166,21.09,296.0,232.0,False,69.751,"[None, 2048, 2048, 2048, 2048, 2048]","[2048, 2048, 2048, 2048, 2048, 2048, 2048]","[2048, 2048, 2048, 2048, 2048, 2048, 2048]",293.0
1213,9118,4,63,2023-07-02T14:18:19.614000+00:00,17.523,31.363,20.882,305.0,232.0,False,69.768,"[None, 2048, 2048, 2048, 2048, 2048]","[2048, 2048, 2048, 2048, 2048, 2049, 2048]","[2048, 2048, 2048, 2049, 2048, 2048, 2048]",298.0
1213,9118,20,62,2023-07-02T14:18:24.864000+00:00,17.737,32.216,21.527,294.0,223.0,False,71.48,"[None, 2048, 2048, 2048, 2048, 2048]","[2048, 2048, 2048, 2048, 2048, 2048, 2048]","[2048, 2048, 2048, 2048, 2049, 2048, 2048]",300.0
1213,9118,77,62,2023-07-02T14:18:25.754000+00:00,17.248,32.284,22.455,314.0,220.0,False,71.987,"[None, 2048, 2048, 2049, 2048, 2048]","[2048, 2048, 2048, 2048, 2048, 2048, 2048]","[2048, 2048, 2048, 2048, 2048, 2048, 2048]",309.0
1213,9118,14,63,2023-07-02T14:18:27.473000+00:00,17.363,31.368,21.306,301.0,234.0,False,70.037,"[2048, 2048, 2048, 2048, 2048, 2048]","[2048, 2048, 2048, 2048, 2048, 2048, 2048]","[2048, 2048, 2048, 2048, 2048, 2048, 2048]",296.0
1213,9118,22,62,2023-07-02T14:18:27.770000+00:00,17.303,31.838,21.557,318.0,227.0,False,70.698,"[2049, 2049, 2048, 2049, 2049, 2049]","[2048, 2048, 2048, 2048, 2048, 2049, 2048]","[2048, 2048, 2048, 2048, 2048, 2048, 2048]",314.0
1213,9118,81,62,2023-07-02T14:18:28.161000+00:00,17.336,31.79,21.42,325.0,225.0,False,70.546,"[2049, 2048, 2048, 2048, 2049, 2049]","[2048, 2048, 2048, 2049, 2048, 2048, 2048]","[2048, 2048, 2049, 2048, 2048, 2048]",315.0
1213,9118,44,63,2023-07-02T14:18:31.426000+00:00,17.485,31.154,20.902,304.0,232.0,False,69.541,"[None, 2048, 2048, 2048, 2048, 2048]","[2048, 2048, 2048, 2048, 2048, 2049, 2048]","[2049, 2048, 2049, 2048, 2048, 2048, 2048]",294.0
1213,9118,63,63,2023-07-02T14:18:41.426000+00:00,17.551,31.269,20.83,302.0,233.0,False,69.65,"[None, 2048, 2048, 2048, 2048, 2048]","[2048, 2048, 2048, 2048, 2048, 2049, 2048]","[2049, 2048, 2048, 2048, 2048, 2048, 2048]",294.0
1213,9118,10,63,2023-07-02T14:18:47.832000+00:00,17.625,31.214,21.078,291.0,232.0,False,69.917,"[None, 2048, 2048, 2048, 2048, 2048]","[2048, 2048, 2048, 2048, 2048, 2048, 2048]","[2048, 2048, 2048, 2048, 2048, 2048, 2048]",289.0
1213,9118,1,64,2023-07-02T14:18:50.926000+00:00,17.311,30.768,20.613,298.0,236.0,False,68.692,"[None, 2048, 2048, 2048, 2048, 2048]","[2048, 2048, 2048, 2048, 2048, 2048, 2048]","[2048, 2048, 2048, 2048, 2048, 2048]",300.0
1213,9118,23,63,2023-07-02T14:18:59.379000+00:00,17.411,32.342,21.468,306.0,226.0,False,71.221,"[None, 2048, 2048, 2048, 2048, 2048]","[2048, 2048, 2048, 2048, 2048, 2048, 2048]","[2048, 2048, 2049, 2048, 2048, 2048, 2048]",295.0
1213,9118,18,63,2023-07-02T14:18:59.863000+00:00,17.269,31.28,20.721,320.0,229.0,False,69.27,"[2049, 2048, 2048, 2048, 2048, 2048]","[2048, 2048, 2048, 2048, 2048, 2048, 2048]","[2048, 2048, 2048, 2049, 2048, 2048]",317.0
1213,9118,31,63,2023-07-02T14:19:10.738000+00:00,17.616,31.547,21.081,,231.0,False,70.244,"[None, 2048, 2048, 2048, 2048, 2048]","[2048, 2048, 2048, 2048, 2048, 2048, 2048]","[2048, 2048, 2048, 2048, 2048, 2048, 2048]",287.0
1213,9118,16,64,2023-07-02T14:19:13.160000+00:00,17.38,30.886,20.82,301.0,236.0,False,69.086,"[None, 2048, 2048, 2048, 2048, 2048]","[2048, 2048, 2048, 2048, 2048, 2048, 2048]","[2048, 2048, 2049, 2048, 2048, 2048, 2048]",300.0
1213,9118,2,63,2023-07-02T14:19:16.191000+00:00,17.428,31.669,21.19,308.0,232.0,False,70.287,"[None, 2048, 2048, 2048, 2048, 2048]","[2048, 2048, 2048, 2048, 2048, 2048, 2048]","[2048, 2048, 2048, 2048, 2048, 2048, 2048]",299.0
1213,9118,24,63,2023-07-02T14:19:19.878000+00:00,17.747,31.592,21.108,294.0,231.0,False,70.447,"[None, 2048, 2048, 2048, 2048, 2048]","[2048, 2048, 2048, 2048, 2048, 2048, 2048]","[2048, 2048, 2048, 2048, 2048, 2048]",292.0
1213,9118,21,63,2023-07-02T14:19:22.925000+00:00,17.733,31.705,21.288,296.0,230.0,False,70.726,"[None, 2048, 2048, 2048, 2048, 2048]","[2048, 2048, 2048, 2048, 2048, 2048, 2048]","[2048, 2048, 2048, 2048, 2048, 2048, 2048]",296.0
1213,9118,11,64,2023-07-02T14:19:25.675000+00:00,17.384,30.927,20.803,302.0,231.0,False,69.114,"[None, 2048, 2048, 2048, 2048, 2048]","[2048, 2048, 2048, 2048, 2048, 2048, 2048]","[2048, 2048, 2048, 2048, 2048, 2048, 2048]",294.0
1213,9118,55,64,2023-07-02T14:19:27.488000+00:00,17.442,31.122,21.083,295.0,230.0,False,69.647,"[None, 2048, 2048, 2048, 2048, 2048]","[2048, 2048, 2048, 2048, 2048, 2048, 2048]","[2048, 2048, 2048, 2048, 2048, 2048, 2048]",293.0
1213,9118,4,64,2023-07-02T14:19:29.331000+00:00,17.471,31.292,20.895,302.0,230.0,False,69.658,"[None, 2048, 2048, 2048, 2048, 2048]","[2048, 2048, 2048, 2048, 2048, 2048, 2048]","[2048, 2048, 2048, 2049, 2048, 2048]",295.0
1213,9118,20,63,2023-07-02T14:19:36.300000+00:00,17.727,33.014,21.624,292.0,222.0,False,72.365,"[None, 2048, 2048, 2048, 2048, 2048]","[2048, 2048, 2048, 2048, 2048, 2048, 2048]","[2048, 2048, 2048, 2048, 2048, 2048, 2048]",306.0
1213,9118,14,64,2023-07-02T14:19:37.144000+00:00,17.185,31.26,21.119,311.0,232.0,False,69.564,"[None, 2048, 2048, 2048, 2048, 2048]","[2048, 2048, 2048, 2048, 2048, 2048, 2048]","[2048, 2048, 2048, 2048, 2048, 2048, 2048]",289.0
1213,9118,77,63,2023-07-02T14:19:37.738000+00:00,17.193,32.547,21.723,323.0,222.0,False,71.463,"[2049, 2048, 2048, 2048, 2049, 2049]","[2048, 2048, 2048, 2049, 2048, 2048, 2048]","[2048, 2048, 2048, 2048, 2048, 2048, 2048]",321.0
1213,9118,22,63,2023-07-02T14:19:38.487000+00:00,17.198,32.297,21.96,319.0,223.0,False,71.455,"[2048, 2049, 2048, 2049, 2049, 2049]","[2048, 2048, 2048, 2049, 2048, 2048, 2048]","[2048, 2048, 2048, 2048, 2048, 2048, 2048]",317.0
1213,9118,81,63,2023-07-02T14:19:38.769000+00:00,17.306,32.089,22.175,324.0,227.0,False,71.57,"[2051, 2048, 2048, 2048, 2049, 2049]","[2048, 2048, 2048, 2049, 2048, 2048, 2048]","[2048, 2048, 2048, 2048, 2048, 2048, 2048]",314.0
1213,9118,44,64,2023-07-02T14:19:40.972000+00:00,17.37,31.274,21.289,306.0,228.0,False,69.933,"[None, 2048, 2048, 2049, 2048, 2048]","[2048, 2048, 2048, 2048, 2048, 2048, 2048]","[2048, 2048, 2049, 2048, 2048, 2048, 2048]",298.0
1213,9118,63,64,2023-07-02T14:19:51.034000+00:00,17.509,31.476,20.795,298.0,230.0,False,69.78,"[None, 2048, 2048, 2048, 2048, 2048]","[2048, 2048, 2048, 2048, 2048, 2048, 2048]","[2049, 2048, 2048, 2048, 2048, 2048, 2048]",292.0
1213,9118,10,64,2023-07-02T14:19:57.768000+00:00,17.61,31.205,21.36,,230.0,False,70.175,"[None, 2048, 2048, 2049, 2048, 2048]","[2048, 2048, 2048, 2048, 2048, 2048, 2048]","[2048, 2048, 2048, 2048, 2048, 2048, 2048]",289.0
1213,9118,1,65,2023-07-02T14:19:59.643000+00:00,17.269,30.833,20.776,302.0,233.0,False,68.878,"[None, 2048, 2048, 2048, 2048, 2048]","[2048, 2048, 2048, 2048, 2048, 2048, 2048]","[2048, 2048, 2048, 2048, 2048, 2048, 2051]",299.0
1213,9118,18,64,2023-07-02T14:20:09.003000+00:00,17.489,30.885,20.755,298.0,230.0,False,69.129,"[2048, 2048, 2048, 2048, 2048, 2048]","[2048, 2048, 2048, 2048, 2048, 2048, 2048]","[2048, 2048, 2048, 2048, 2048, 2048, 2048]",289.0
1213,9118,23,64,2023-07-02T14:20:10.643000+00:00,17.428,31.504,21.214,304.0,230.0,False,70.146,"[None, 2048, 2048, 2048, 2048, 2048]","[2048, 2048, 2048, 2048, 2048, 2048, 2048]","[2048, 2048, 2048, 2048, 2048, 2048]",297.0
1213,9118,31,64,2023-07-02T14:20:21.034000+00:00,18.669,32.02,21.319,250.0,232.0,False,72.008,"[None, 2048, 2048, 2048, 2048, 2048]","[2048, 2048, 2048, 2048, 2048, 2048, 2048]","[2048, 2048, 2048, 2048, 2048, 2048, 2048]",304.0
1213,9118,16,65,2023-07-02T14:20:22.221000+00:00,17.42,31.03,20.885,296.0,234.0,False,69.335,"[None, 2048, 2048, 2048, 2048, 2048]","[2048, 2048, 2048, 2048, 2048, 2048, 2048]","[2048, 2048, 2048, 2048, 2048, 2048]",294.0
1213,9118,2,64,2023-07-02T14:20:26.487000+00:00,17.487,31.522,21.37,306.0,230.0,False,70.379,"[None, 2048, 2048, 2048, 2048, 2048]","[2048, 2048, 2048, 2048, 2048, 2048, 2048]","[2048, 2048, 2048, 2048, 2048, 2048]",299.0
1213,9118,24,64,2023-07-02T14:20:30.283000+00:00,17.715,31.573,21.22,297.0,232.0,False,70.508,"[None, 2048, 2048, 2048, 2048, 2048]","[2048, 2048, 2048, 2048, 2048, 2048, 2049]","[2048, 2048, 2048, 2048, 2048, 2048, 2048]",292.0
1213,9118,21,64,2023-07-02T14:20:33.486000+00:00,17.571,32.749,21.49,,228.0,False,71.81,"[None, 2048, 2048, 2048, 2048, 2048]","[2048, 2048, 2048, 2048, 2048, 2048, 2048]","[2048, 2048, 2049, 2048, 2048, 2048, 2048]",297.0
1213,9118,11,65,2023-07-02T14:20:34.768000+00:00,17.318,31.106,20.653,307.0,228.0,False,69.077,"[None, 2048, 2048, 2048, 2048, 2048]","[2048, 2048, 2048, 2048, 2048, 2048, 2048]","[2048, 2048, 2048, 2048, 2049, 2048]",315.0
1213,9118,55,65,2023-07-02T14:20:37.158000+00:00,17.473,30.954,20.987,296.0,232.0,False,69.414,"[None, 2048, 2048, 2048, 2048, 2048]","[2048, 2048, 2048, 2048, 2048, 2048, 2048]","[2048, 2048, 2048, 2048, 2048, 2048, 2048]",296.0
1213,9118,4,65,2023-07-02T14:20:39.018000+00:00,17.564,31.413,20.893,304.0,231.0,False,69.87,"[None, 2048, 2048, 2048, 2048, 2048]","[2048, 2048, 2048, 2048, 2048, 2048, 2048]","[2048, 2048, 2048, 2049, 2048, 2048]",298.0
1213,9118,14,65,2023-07-02T14:20:46.689000+00:00,17.495,31.062,21.002,297.0,234.0,False,69.559,"[None, 2048, 2048, 2048, 2048, 2048]","[2048, 2048, 2048, 2048, 2048, 2048, 2048]","[2048, 2048, 2048, 2048, 2048, 2048, 2048]",295.0
1213,9118,20,64,2023-07-02T14:20:48.721000+00:00,17.711,32.402,21.394,305.0,224.0,False,71.507,"[None, 2048, 2048, 2048, 2048, 2048]","[2048, 2048, 2048, 2048, 2048, 2048, 2048]","[2048, 2048, 2048, 2048, 2048, 2048, 2048]",318.0
1213,9118,77,64,2023-07-02T14:20:49.205000+00:00,17.34,32.538,21.731,321.0,211.0,False,71.609,"[2048, 2048, 2048, 2048, 2048, 2048]","[2048, 2048, 2048, 2048, 2048, 2049, 2048]","[2048, 2048, 2048, 2048, 2048, 2048, 2048]",299.0
1213,9118,22,64,2023-07-02T14:20:49.939000+00:00,17.308,32.266,22.495,320.0,226.0,False,72.069,"[None, 2048, 2048, 2048, 2048, 2048]","[2048, 2048, 2049, 2048, 2048, 2048, 2048]","[2048, 2048, 2048, 2048, 2048, 2048, 2048]",307.0
1213,9118,81,64,2023-07-02T14:20:50.267000+00:00,17.884,32.385,21.835,275.0,228.0,False,72.104,"[2048, 2048, 2048, 2048, 2048, 2048]","[2048, 2048, 2048, 2049, 2048, 2048, 2048]","[2048, 2048, 2048, 2048, 2048, 2048]",319.0
1213,9118,44,65,2023-07-02T14:20:50.971000+00:00,17.23,31.627,21.649,324.0,227.0,False,70.506,"[2049, 2048, 2048, 2048, 2049, 2049]","[2049, 2048, 2048, 2048, 2048, 2048, 2048]","[2048, 2048, 2048, 2048, 2048, 2048, 2049]",308.0
1213,9118,63,65,2023-07-02T14:21:00.814000+00:00,17.606,31.218,20.825,299.0,234.0,False,69.649,"[None, 2048, 2048, 2048, 2048, 2048]","[2048, 2048, 2048, 2048, 2048, 2049, 2048]","[2048, 2048, 2048, 2048, 2048, 2048, 2048]",297.0
1213,9118,10,65,2023-07-02T14:21:07.970000+00:00,18.167,31.431,21.298,310.0,232.0,False,70.896,"[None, 2048, 2048, 2049, 2049, 2048]","[2048, 2048, 2048, 2048, 2048, 2049, 2048]","[2048, 2048, 2049, 2048, 2048, 2048, 2048]",306.0
1213,9118,1,66,2023-07-02T14:21:08.517000+00:00,17.221,30.733,20.647,297.0,234.0,False,68.601,"[2049, 2048, 2048, 2048, 2048, 2048]","[2049, 2048, 2048, 2048, 2048, 2048, 2048]","[2048, 2048, 2048, 2048, 2048, 2048, 2048]",295.0
1213,9118,18,65,2023-07-02T14:21:18.236000+00:00,17.407,30.87,20.713,297.0,230.0,False,68.99,"[None, 2048, 2048, 2048, 2048, 2048]","[2048, 2048, 2048, 2048, 2048, 2048, 2048]","[2048, 2048, 2048, 2048, 2048, 2048, 2048]",290.0
1213,9118,23,65,2023-07-02T14:21:20.751000+00:00,17.434,31.324,21.191,308.0,231.0,False,69.949,"[None, 2048, 2048, 2048, 2048, 2048]","[2048, 2048, 2048, 2048, 2048, 2048, 2048]","[2048, 2048, 2048, 2048, 2048, 2048, 2048]",300.0
1213,9118,16,66,2023-07-02T14:21:31.595000+00:00,17.47,30.961,20.84,298.0,233.0,False,69.271,"[None, 2048, 2048, 2048, 2048, 2048]","[2048, 2048, 2048, 2048, 2048, 2048, 2048]","[2048, 2048, 2048, 2048, 2048, 2048, 2048]",296.0
1213,9118,31,65,2023-07-02T14:21:32.970000+00:00,17.603,31.615,21.217,292.0,231.0,False,70.435,"[None, 2048, 2048, 2048, 2048, 2048]","[2048, 2048, 2048, 2048, 2048, 2048, 2048]","[2048, 2048, 2048, 2048, 2048, 2048, 2048]",288.0
1213,9118,2,65,2023-07-02T14:21:36.876000+00:00,17.389,31.485,21.308,308.0,232.0,False,70.182,"[None, 2048, 2048, 2048, 2048, 2048]","[2048, 2048, 2048, 2048, 2048, 2048, 2048]","[2048, 2048, 2048, 2048, 2048, 2048, 2048]",301.0
1213,9118,24,65,2023-07-02T14:21:40.782000+00:00,17.677,31.608,21.17,299.0,230.0,False,70.455,"[None, 2048, 2048, 2048, 2048, 2048]","[2048, 2048, 2048, 2048, 2048, 2048, 2048]","[2048, 2048, 2048, 2048, 2048, 2048, 2048]",293.0
1213,9118,11,66,2023-07-02T14:21:43.845000+00:00,17.411,30.984,20.795,304.0,228.0,False,69.19,"[None, 2048, 2048, 2048, 2048, 2048]","[2048, 2048, 2048, 2048, 2048, 2048, 2048]","[2048, 2048, 2048, 2048, 2048, 2048, 2048]",292.0
1213,9118,21,65,2023-07-02T14:21:45.313000+00:00,17.652,32.85,21.663,299.0,222.0,False,72.165,"[None, 2048, 2048, 2048, 2048, 2048]","[2048, 2048, 2048, 2048, 2048, 2048, 2048]","[2048, 2048, 2048, 2048, 2048, 2048, 2048]",301.0
1213,9118,55,66,2023-07-02T14:21:46.579000+00:00,17.355,31.18,20.961,304.0,233.0,False,69.496,"[None, 2048, 2048, 2048, 2048, 2048]","[2048, 2048, 2048, 2048, 2048, 2048, 2048]","[2048, 2048, 2048, 2048, 2048, 2048, 2048]",307.0
1213,9118,4,66,2023-07-02T14:21:48.954000+00:00,17.562,31.298,21.111,305.0,232.0,False,69.971,"[None, 2048, 2048, 2048, 2048, 2048]","[2048, 2048, 2048, 2048, 2048, 2049, 2048]","[2048, 2048, 2048, 2048, 2048, 2048, 2048]",298.0
1213,9118,14,66,2023-07-02T14:21:56.251000+00:00,17.43,31.219,21.037,298.0,236.0,False,69.686,"[None, 2048, 2048, 2048, 2048, 2048]","[2048, 2048, 2048, 2048, 2048, 2048, 2048]","[2048, 2048, 2048, 2048, 2049, 2048, 2048]",293.0
1213,9118,20,65,2023-07-02T14:22:00.204000+00:00,17.721,32.783,21.94,297.0,222.0,False,72.444,"[None, 2048, 2048, 2048, 2048, 2048]","[2048, 2048, 2048, 2048, 2048, 2048, 2048]","[2048, 2048, 2048, 2048, 2048, 2048, 2048]",249.0
1213,9118,77,65,2023-07-02T14:22:00.813000+00:00,17.53,32.741,21.919,253.0,225.0,False,72.19,"[None, 2048, 2048, 2049, 2048, 2048]","[2048, 2048, 2048, 2048, 2048, 2048, 2048]","[2048, 2048, 2048, 2048, 2048, 2048, 2048]",314.0
1213,9118,44,66,2023-07-02T14:22:01.422000+00:00,17.149,31.237,21.104,319.0,228.0,False,69.49,"[2048, 2048, 2048, 2049, 2049, 2048]","[2048, 2048, 2048, 2048, 2048, 2048, 2048]","[2048, 2048, 2048, 2048, 2048, 2048, 2048]",304.0
1213,9118,22,65,2023-07-02T14:22:02.266000+00:00,17.216,32.334,21.861,324.0,225.0,False,71.411,"[2049, 2048, 2048, 2049, 2049, 2049]","[2048, 2048, 2048, 2049, 2048, 2049, 2048]","[2048, 2048, 2049, 2048, 2048, 2048, 2049]",318.0
1213,9118,81,65,2023-07-02T14:22:02.422000+00:00,17.409,32.126,21.866,322.0,228.0,False,71.401,"[None, 2048, 2048, 2048, 2048, 2048]","[2048, 2048, 2048, 2048, 2048, 2048, 2048]","[2048, 2048, 2048, 2048, 2048, 2048, 2048]",315.0
1213,9118,63,66,2023-07-02T14:22:10.500000+00:00,17.574,31.261,20.956,301.0,231.0,False,69.791,"[None, 2048, 2048, 2048, 2048, 2048]","[2048, 2048, 2048, 2048, 2048, 2048, 2048]","[2048, 2048, 2048, 2048, 2048, 2048, 2048]",296.0
1213,9118,1,67,2023-07-02T14:22:17.078000+00:00,17.289,30.872,20.693,298.0,237.0,False,68.854,"[2048, 2048, 2048, 2048, 2048, 2048]","[2048, 2048, 2048, 2048, 2048, 2048, 2048]","[2048, 2048, 2048, 2048, 2048, 2048, 2048]",298.0
1213,9118,10,66,2023-07-02T14:22:18.813000+00:00,17.67,31.27,21.171,291.0,233.0,False,70.111,"[None, 2048, 2048, 2048, 2048, 2048]","[2048, 2048, 2048, 2048, 2048, 2048, 2048]","[2048, 2048, 2048, 2048, 2048, 2048]",290.0
1213,9118,18,66,2023-07-02T14:22:27.203000+00:00,17.447,30.738,20.716,300.0,231.0,False,68.901,"[None, 2048, 2048, 2048, 2048, 2048]","[2048, 2048, 2048, 2048, 2048, 2048, 2048]","[2048, 2048, 2048, 2049, 2051, 2048, 2048]",290.0
1213,9118,23,66,2023-07-02T14:22:30.719000+00:00,17.395,31.537,21.191,307.0,230.0,False,70.123,"[None, 2048, 2048, 2048, 2048, 2048]","[2048, 2048, 2048, 2048, 2048, 2048, 2048]","[2048, 2048, 2048, 2048, 2048, 2048, 2048]",296.0
1213,9118,16,67,2023-07-02T14:22:40.859000+00:00,17.38,30.888,20.848,301.0,234.0,False,69.116,"[None, 2048, 2048, 2048, 2048, 2048]","[2049, 2048, 2048, 2048, 2048, 2048, 2048]","[2048, 2048, 2048, 2048, 2048, 2048, 2048]",299.0
1213,9118,31,66,2023-07-02T14:22:43.422000+00:00,17.614,31.449,21.204,,229.0,False,70.267,"[None, 2048, 2048, 2048, 2048, 2048]","[2048, 2048, 2048, 2048, 2048, 2048, 2048]","[2048, 2048, 2048, 2048, 2048, 2048, 2048]",288.0
1213,9118,2,66,2023-07-02T14:22:47.093000+00:00,17.43,31.626,21.238,307.0,231.0,False,70.294,"[None, 2048, 2048, 2048, 2048, 2048]","[2048, 2048, 2048, 2048, 2048, 2048, 2048]","[2048, 2048, 2048, 2048, 2048, 2048]",299.0
1213,9118,24,66,2023-07-02T14:22:51.265000+00:00,17.698,31.607,22.74,,230.0,False,72.045,"[None, 2048, 2048, 2048, 2048, 2048]","[2048, 2048, 2048, 2048, 2048, 2048, 2048]","[2048, 2048, 2048, 2048, 2048, 2048, 2048]",293.0
1213,9118,11,67,2023-07-02T14:22:53.062000+00:00,17.267,31.076,21.237,309.0,228.0,False,69.58,"[None, 2048, 2048, 2048, 2048, 2048]","[2048, 2048, 2048, 2048, 2048, 2048, 2048]","[2048, 2048, 2048, 2048, 2048, 2048, 2048]",298.0
1213,9118,55,67,2023-07-02T14:22:56.078000+00:00,17.477,31.146,21.005,294.0,231.0,False,69.628,"[None, 2048, 2048, 2048, 2048, 2048]","[2048, 2048, 2048, 2048, 2048, 2048, 2048]","[2048, 2048, 2048, 2048, 2048, 2048, 2048]",293.0
1213,9118,21,66,2023-07-02T14:22:57.437000+00:00,17.646,31.804,21.992,297.0,226.0,False,71.442,"[None, 2048, 2048, 2048, 2048, 2048]","[2048, 2048, 2048, 2048, 2048, 2048, 2048]","[2048, 2048, 2048, 2048, 2048, 2048, 2048]",301.0
1213,9118,4,67,2023-07-02T14:22:58.874000+00:00,17.469,31.571,21.174,309.0,233.0,False,70.214,"[None, 2048, 2048, 2048, 2048, 2048]","[2048, 2048, 2048, 2048, 2048, 2048, 2048]","[2048, 2048, 2048, 2048, 2048, 2048]",298.0
1213,9118,14,67,2023-07-02T14:23:05.952000+00:00,17.444,31.034,20.878,296.0,233.0,False,69.356,"[None, 2048, 2048, 2048, 2048, 2048]","[2048, 2048, 2048, 2048, 2048, 2048, 2048]","[2049, 2049, 2048, 2048, 2049, 2048, 2048]",291.0
1213,9118,44,67,2023-07-02T14:23:10.952000+00:00,17.54,31.325,21.109,303.0,231.0,False,69.974,"[None, 2048, 2048, 2048, 2048, 2048]","[2048, 2048, 2048, 2048, 2048, 2048, 2048]","[2048, 2048, 2048, 2048, 2048, 2048, 2048]",291.0
1213,9118,20,66,2023-07-02T14:23:12.640000+00:00,17.796,33.232,21.999,296.0,222.0,False,73.027,"[None, 2048, 2048, 2048, 2048, 2048]","[2048, 2048, 2048, 2048, 2048, 2048, 2048]","[2048, 2048, 2048, 2048, 2048, 2048, 2048]",309.0
1213,9118,77,66,2023-07-02T14:23:13.015000+00:00,17.524,32.074,21.15,319.0,229.0,False,70.748,"[None, 2048, 2048, 2048, 2048, 2048]","[2048, 2048, 2048, 2048, 2048, 2048, 2048]","[2048, 2048, 2048, 2049, 2048, 2048]",298.0
1213,9118,22,66,2023-07-02T14:23:13.468000+00:00,17.428,32.483,21.681,321.0,225.0,False,71.592,"[None, 2048, 2048, 2048, 2049, 2049]","[2048, 2048, 2049, 2049, 2048, 2048, 2048]","[2048, 2048, 2048, 2048, 2048, 2048, 2048]",320.0
1213,9118,81,66,2023-07-02T14:23:13.843000+00:00,17.428,32.768,22.036,324.0,222.0,False,72.232,"[None, 2048, 2048, 2048, 2048, 2048]","[2048, 2048, 2048, 2048, 2048, 2048, 2048]","[2048, 2048, 2048, 2048, 2048, 2048, 2048]",309.0
1213,9118,63,67,2023-07-02T14:23:20.265000+00:00,17.598,31.495,20.996,298.0,230.0,False,70.089,"[None, 2048, 2048, 2048, 2048, 2048]","[2048, 2048, 2048, 2048, 2048, 2048, 2048]","[2048, 2048, 2048, 2048, 2048, 2048, 2048]",291.0
1213,9118,1,68,2023-07-02T14:23:25.968000+00:00,17.653,30.863,20.7,297.0,235.0,False,69.216,"[None, 2048, 2048, 2048, 2048, 2048]","[2048, 2048, 2048, 2048, 2048, 2048, 2048]","[2048, 2048, 2048, 2048, 2048, 2048, 2048]",297.0
1213,9118,10,67,2023-07-02T14:23:28.952000+00:00,17.562,31.327,21.076,292.0,232.0,False,69.965,"[None, 2048, 2048, 2048, 2048, 2048]","[2048, 2048, 2048, 2048, 2048, 2048, 2048]","[2048, 2048, 2048, 2048, 2048, 2048, 2048]",289.0
1213,9118,18,67,2023-07-02T14:23:36.093000+00:00,17.367,30.822,20.666,303.0,231.0,False,68.855,"[None, 2048, 2048, 2048, 2048, 2048]","[2048, 2048, 2048, 2048, 2048, 2048, 2048]","[2048, 2048, 2048, 2048, 2048, 2048, 2048]",291.0
1213,9118,23,67,2023-07-02T14:23:40.811000+00:00,17.465,31.583,21.137,308.0,231.0,False,70.185,"[None, 2048, 2048, 2048, 2048, 2048]","[2048, 2048, 2048, 2048, 2048, 2048, 2048]","[2048, 2048, 2048, 2049, 2048, 2048, 2048]",297.0
1213,9118,16,68,2023-07-02T14:23:49.967000+00:00,17.35,30.824,20.798,304.0,236.0,False,68.972,"[None, 2048, 2048, 2048, 2048, 2048]","[2049, 2048, 2048, 2048, 2048, 2048, 2048]","[2048, 2048, 2048, 2048, 2048, 2048]",300.0
1213,9118,31,67,2023-07-02T14:23:53.686000+00:00,17.618,31.408,20.982,291.0,231.0,False,70.008,"[None, 2048, 2048, 2048, 2048, 2048]","[2048, 2048, 2048, 2048, 2048, 2048, 2048]","[2048, 2049, 2048, 2048, 2048, 2048, 2048]",288.0
1213,9118,2,67,2023-07-02T14:23:57.608000+00:00,17.473,31.551,21.171,308.0,232.0,False,70.195,"[None, 2048, 2048, 2048, 2048, 2048]","[2048, 2048, 2048, 2048, 2048, 2048, 2048]","[2048, 2048, 2048, 2048, 2048, 2048, 2048]",299.0
1213,9118,11,68,2023-07-02T14:24:02.670000+00:00,17.416,30.914,20.807,306.0,230.0,False,69.137,"[None, 2048, 2048, 2048, 2048, 2048]","[2048, 2048, 2048, 2048, 2048, 2048, 2048]","[2048, 2048, 2048, 2048, 2048, 2048, 2048]",293.0
1213,9118,24,67,2023-07-02T14:24:03.405000+00:00,17.345,31.614,21.294,321.0,233.0,False,70.253,"[None, 2048, 2048, 2048, 2049, 2048]","[2048, 2048, 2048, 2048, 2048, 2048, 2048]","[2048, 2048, 2048, 2048, 2048, 2048]",313.0
1213,9118,55,68,2023-07-02T14:24:05.717000+00:00,17.357,31.058,21.001,304.0,236.0,False,69.416,"[None, 2048, 2048, 2048, 2048, 2048]","[2048, 2048, 2048, 2048, 2048, 2048, 2048]","[2048, 2048, 2048, 2048, 2048, 2048, 2048]",302.0
1213,9118,21,67,2023-07-02T14:24:08.967000+00:00,17.917,32.033,21.444,312.0,228.0,False,71.394,"[None, 2048, 2048, 2048, 2049, 2048]","[2048, 2048, 2048, 2048, 2048, 2048, 2048]","[2048, 2048, 2048, 2048, 2048, 2048, 2048]",311.0
1213,9118,4,68,2023-07-02T14:24:09.201000+00:00,17.394,31.609,20.98,305.0,232.0,False,69.983,"[None, 2048, 2048, 2048, 2048, 2048]","[2048, 2048, 2048, 2048, 2048, 2048, 2048]","[2048, 2048, 2048, 2048, 2048, 2048, 2048]",295.0
1213,9118,14,68,2023-07-02T14:24:15.295000+00:00,17.468,31.033,20.769,,234.0,False,69.27,"[None, 2048, 2048, 2048, 2048, 2048]","[2048, 2048, 2048, 2048, 2048, 2048, 2048]","[2049, 2049, 2048, 2048, 2048, 2048, 2048]",290.0
1213,9118,44,68,2023-07-02T14:24:20.889000+00:00,17.48,31.37,20.916,302.0,232.0,False,69.766,"[None, 2048, 2048, 2048, 2048, 2048]","[2048, 2048, 2048, 2048, 2048, 2048, 2048]","[2048, 2048, 2048, 2048, 2048, 2048, 2048]",291.0
1213,9118,77,67,2023-07-02T14:24:23.685000+00:00,17.519,31.583,21.28,298.0,228.0,False,70.382,"[None, 2048, 2048, 2048, 2048, 2048]","[2048, 2048, 2048, 2048, 2048, 2048, 2048]","[2048, 2048, 2048, 2048, 2048, 2048]",293.0
1213,9118,22,67,2023-07-02T14:24:24.982000+00:00,17.684,31.723,21.432,297.0,225.0,False,70.839,"[2048, 2048, 2048, 2048, 2048, 2048]","[2048, 2048, 2048, 2048, 2048, 2048, 2048]","[2048, 2048, 2048, 2048, 2048, 2048, 2048]",293.0
1213,9118,20,67,2023-07-02T14:24:25.670000+00:00,17.483,32.161,21.769,313.0,222.0,False,71.413,"[None, 2048, 2048, 2048, 2048, 2048]","[2048, 2048, 2048, 2048, 2048, 2048, 2048]","[2048, 2048, 2048, 2048, 2048, 2048, 2048]",309.0
1213,9118,81,67,2023-07-02T14:24:26.014000+00:00,17.589,32.155,21.637,321.0,226.0,False,71.381,"[None, 2048, 2048, 2048, 2048, 2048]","[2048, 2048, 2048, 2048, 2048, 2048, 2048]","[2048, 2048, 2048, 2048, 2048, 2048, 2048]",307.0
1213,9118,63,68,2023-07-02T14:24:30.388000+00:00,17.554,31.419,20.979,302.0,233.0,False,69.952,"[None, 2048, 2048, 2048, 2048, 2048]","[2048, 2048, 2048, 2048, 2048, 2048, 2048]","[2048, 2048, 2048, 2048, 2048, 2048, 2048]",299.0
1213,9118,1,69,2023-07-02T14:24:35.201000+00:00,17.294,30.769,24.165,300.0,237.0,False,72.228,"[None, 2048, 2048, 2048, 2048, 2048]","[2048, 2048, 2048, 2048, 2048, 2048, 2048]","[2048, 2048, 2048, 2048, 2064, 2064, 2064]",298.0
1213,9118,10,68,2023-07-02T14:24:38.888000+00:00,17.59,31.925,21.166,,231.0,False,70.681,"[None, 2048, 2048, 2048, 2048, 2048]","[2048, 2048, 2048, 2048, 2048, 2048, 2048]","[2048, 2048, 2048, 2048, 2048, 2048]",289.0
1213,9118,18,68,2023-07-02T14:24:44.982000+00:00,17.291,30.846,20.718,,232.0,False,68.855,"[None, 2048, 2048, 2048, 2048, 2048]","[2048, 2048, 2048, 2048, 2048, 2048, 2048]","[2048, 2048, 2048, 2048, 2051, 2048, 2048]",292.0
1213,9118,23,68,2023-07-02T14:24:51.013000+00:00,17.377,31.428,21.095,,233.0,False,69.9,"[None, 2048, 2048, 2048, 2048, 2048]","[2048, 2048, 2048, 2048, 2048, 2048, 2048]","[2048, 2048, 2049, 2048, 2048, 2048, 2048]",303.0
1213,9118,16,69,2023-07-02T14:24:58.950000+00:00,17.382,30.801,20.913,,235.0,False,69.096,"[None, 2048, 2048, 2049, 2048, 2048]","[2048, 2048, 2048, 2048, 2048, 2048, 2048]","[2048, 2048, 2048, 2048, 2048, 2048]",302.0
1213,9118,31,68,2023-07-02T14:25:03.685000+00:00,17.578,31.558,21.221,,232.0,False,70.357,"[None, 2048, 2048, 2048, 2048, 2048]","[2048, 2048, 2048, 2048, 2048, 2048, 2048]","[2048, 2048, 2048, 2048, 2048, 2048, 2048]",288.0
1213,9118,2,68,2023-07-02T14:25:07.528000+00:00,17.429,31.56,21.204,307.0,232.0,False,70.193,"[None, 2048, 2048, 2048, 2048, 2048]","[2049, 2048, 2048, 2048, 2048, 2048, 2048]","[2048, 2048, 2048, 2048, 2048, 2048]",304.0
1213,9118,11,69,2023-07-02T14:25:11.778000+00:00,17.316,30.957,20.903,307.0,229.0,False,69.176,"[None, 2048, 2048, 2048, 2048, 2048]","[2048, 2048, 2048, 2048, 2048, 2048, 2048]","[2048, 2048, 2048, 2048, 2048, 2048, 2048]",297.0
1213,9118,24,68,2023-07-02T14:25:13.544000+00:00,17.653,33.069,21.532,303.0,231.0,False,72.254,"[None, 2048, 2048, 2048, 2048, 2048]","[2049, 2048, 2048, 2048, 2048, 2048, 2048]","[2048, 2048, 2048, 2048, 2048, 2048, 2048]",297.0
1213,9118,55,69,2023-07-02T14:25:15.169000+00:00,17.321,31.256,21.07,306.0,234.0,False,69.647,"[None, 2048, 2048, 2048, 2048, 2048]","[2048, 2048, 2048, 2048, 2048, 2048, 2048]","[2048, 2048, 2048, 2048, 2048, 2048]",304.0
1213,9118,4,69,2023-07-02T14:25:19.059000+00:00,17.546,31.489,20.923,304.0,233.0,False,69.958,"[None, 2048, 2048, 2048, 2048, 2048]","[2048, 2048, 2048, 2048, 2048, 2048, 2048]","[2048, 2048, 2048, 2048, 2048, 2048, 2048]",295.0
1213,9118,21,68,2023-07-02T14:25:20.309000+00:00,17.547,31.591,21.384,299.0,230.0,False,70.522,"[None, 2048, 2048, 2049, 2048, 2048]","[2048, 2048, 2048, 2048, 2048, 2048, 2048]","[2048, 2048, 2049, 2048, 2048, 2048]",302.0
1213,9118,14,69,2023-07-02T14:25:24.872000+00:00,17.424,30.971,20.861,303.0,236.0,False,69.256,"[None, 2048, 2048, 2048, 2048, 2048]","[2048, 2048, 2048, 2048, 2048, 2049, 2048]","[2048, 2048, 2048, 2048, 2049, 2048]",298.0
1213,9118,44,69,2023-07-02T14:25:30.622000+00:00,17.484,31.393,21.143,299.0,230.0,False,70.02,"[None, 2048, 2048, 2048, 2048, 2048]","[2048, 2048, 2048, 2048, 2048, 2048, 2048]","[2048, 2048, 2048, 2048, 2048, 2048, 2048]",289.0
1213,9118,77,68,2023-07-02T14:25:34.247000+00:00,17.684,31.515,21.278,297.0,229.0,False,70.477,"[None, 2048, 2048, 2048, 2048, 2048]","[2048, 2048, 2048, 2048, 2048, 2048, 2048]","[2048, 2048, 2048, 2048, 2048, 2048, 2048]",291.0
1213,9118,22,68,2023-07-02T14:25:35.840000+00:00,17.607,31.551,21.323,302.0,227.0,False,70.481,"[None, 2048, 2048, 2048, 2048, 2048]","[2048, 2048, 2048, 2048, 2048, 2048, 2048]","[2048, 2048, 2048, 2048, 2048, 2048, 2048]",296.0
1213,9118,20,68,2023-07-02T14:25:37.106000+00:00,17.667,32.88,21.905,300.0,227.0,False,72.452,"[None, 2048, 2048, 2048, 2048, 2048]","[2048, 2048, 2048, 2048, 2048, 2048, 2048]","[2048, 2048, 2048, 2048, 2048, 2048]",309.0
1213,9118,81,68,2023-07-02T14:25:37.403000+00:00,17.573,31.75,21.381,324.0,230.0,False,70.704,"[None, 2048, 2048, 2048, 2048, 2048]","[2048, 2048, 2048, 2048, 2048, 2048, 2048]","[2048, 2048, 2048, 2048, 2048, 2048]",309.0
1213,9118,63,69,2023-07-02T14:25:40.293000+00:00,17.576,31.698,21.052,300.0,229.0,False,70.326,"[None, 2048, 2048, 2048, 2048, 2048]","[2048, 2048, 2048, 2048, 2048, 2048, 2048]","[2048, 2048, 2048, 2048, 2048, 2048, 2049]",295.0
1213,9118,1,70,2023-07-02T14:25:47.340000+00:00,34.138,31.932,21.76,293.0,220.0,True,87.83,"[2064, 2064, 2064, 2048, 2048, 2048]","[2048, 2048, 2048, 2048, 2048, 2048, 2048]","[2048, 2048, 2048, 2048, 2048, 2048, 2048]",291.0
1213,9118,10,69,2023-07-02T14:25:49.621000+00:00,17.632,31.369,21.172,,232.0,False,70.173,"[None, 2048, 2048, 2048, 2048, 2048]","[2048, 2048, 2048, 2048, 2048, 2048, 2048]","[2048, 2048, 2048, 2048, 2048, 2048]",290.0
1213,9118,18,69,2023-07-02T14:25:53.903000+00:00,17.549,30.907,20.727,,233.0,False,69.183,"[None, 2048, 2048, 2048, 2048, 2048]","[2048, 2048, 2048, 2048, 2048, 2048, 2048]","[2048, 2048, 2048, 2048, 2048, 2048, 2048]",293.0
1213,9118,23,69,2023-07-02T14:26:00.918000+00:00,17.539,31.589,21.133,307.0,231.0,False,70.261,"[None, 2048, 2048, 2048, 2048, 2048]","[2048, 2048, 2048, 2048, 2048, 2048, 2048]","[2048, 2048, 2048, 2048, 2048, 2048]",296.0
1213,9118,16,70,2023-07-02T14:26:08.027000+00:00,17.48,30.974,20.911,305.0,236.0,False,69.365,"[None, 2048, 2048, 2048, 2048, 2048]","[2048, 2048, 2048, 2048, 2048, 2048, 2048]","[2048, 2048, 2049, 2048, 2048, 2048, 2048]",303.0
1213,9118,31,69,2023-07-02T14:26:14.058000+00:00,17.629,31.653,20.978,292.0,232.0,False,70.26,"[None, 2048, 2048, 2048, 2048, 2048]","[2048, 2048, 2048, 2048, 2048, 2048, 2048]","[2048, 2048, 2048, 2048, 2048, 2048]",288.0
1213,9118,2,69,2023-07-02T14:26:17.762000+00:00,17.436,31.638,21.283,308.0,234.0,False,70.357,"[None, 2048, 2048, 2048, 2048, 2048]","[2048, 2048, 2048, 2048, 2048, 2048, 2048]","[2048, 2048, 2048, 2048, 2048, 2048, 2048]",303.0
1213,9118,11,70,2023-07-02T14:26:20.918000+00:00,17.463,30.988,20.712,306.0,231.0,False,69.163,"[None, 2048, 2048, 2048, 2048, 2048]","[2048, 2048, 2048, 2048, 2048, 2048, 2048]","[2048, 2048, 2048, 2048, 2048, 2048, 2048]",293.0
1213,9118,55,70,2023-07-02T14:26:24.746000+00:00,17.45,31.125,20.917,303.0,236.0,False,69.492,"[None, 2048, 2048, 2048, 2048, 2048]","[2048, 2048, 2048, 2048, 2048, 2048, 2048]","[2048, 2048, 2048, 2048, 2048, 2048, 2048]",302.0
1213,9118,24,69,2023-07-02T14:26:25.808000+00:00,17.388,31.727,21.173,319.0,233.0,False,70.288,"[None, 2048, 2048, 2048, 2048, 2048]","[2048, 2048, 2048, 2048, 2048, 2048, 2048]","[2048, 2049, 2049, 2048, 2048, 2048]",314.0
1213,9118,4,70,2023-07-02T14:26:29.121000+00:00,17.577,31.227,20.845,,237.0,False,69.649,"[None, 2048, 2048, 2048, 2048, 2048]","[2048, 2048, 2048, 2048, 2048, 2048, 2048]","[2048, 2048, 2048, 2048, 2049, 2048, 2048]",301.0
1213,9118,21,69,2023-07-02T14:26:30.824000+00:00,17.56,31.624,21.217,298.0,231.0,False,70.401,"[None, 2048, 2048, 2048, 2048, 2048]","[2048, 2048, 2048, 2048, 2048, 2048, 2048]","[2048, 2048, 2048, 2048, 2048, 2048, 2048]",298.0
1213,9118,14,70,2023-07-02T14:26:33.839000+00:00,17.412,30.896,20.892,294.0,234.0,False,69.2,"[None, 2049, 2048, 2048, 2048, 2048]","[2048, 2048, 2048, 2048, 2048, 2048, 2048]","[2048, 2049, 2048, 2048, 2048, 2048]",291.0
1213,9118,44,70,2023-07-02T14:26:40.683000+00:00,17.581,31.554,21.15,296.0,230.0,False,70.285,"[None, 2048, 2048, 2048, 2048, 2048]","[2048, 2048, 2048, 2048, 2048, 2048, 2048]","[2048, 2048, 2048, 2048, 2048, 2048, 2048]",289.0
1213,9118,77,69,2023-07-02T14:26:44.933000+00:00,17.68,31.435,21.168,295.0,228.0,False,70.283,"[None, 2048, 2048, 2048, 2048, 2048]","[2048, 2048, 2048, 2048, 2048, 2048, 2049]","[2048, 2048, 2048, 2048, 2048, 2048, 2048]",291.0
1213,9118,22,69,2023-07-02T14:26:46.339000+00:00,17.655,31.493,21.261,298.0,230.0,False,70.409,"[None, 2048, 2048, 2048, 2048, 2048]","[2048, 2048, 2048, 2048, 2048, 2048, 2048]","[2048, 2048, 2048, 2048, 2048, 2048]",295.0
1213,9118,81,69,2023-07-02T14:26:48.073000+00:00,17.895,31.601,21.17,295.0,230.0,False,70.666,"[None, 2048, 2048, 2048, 2048, 2048]","[2048, 2048, 2048, 2048, 2048, 2048, 2048]","[2048, 2049, 2048, 2048, 2048, 2048, 2048]",290.0
1213,9118,20,69,2023-07-02T14:26:49.542000+00:00,17.802,33.368,21.648,298.0,227.0,False,72.818,"[None, 2048, 2048, 2048, 2048, 2048]","[2048, 2048, 2048, 2048, 2048, 2048, 2048]","[2048, 2048, 2048, 2048, 2048, 2048, 2048]",285.0
1213,9118,63,70,2023-07-02T14:26:50.652000+00:00,17.586,31.323,20.913,303.0,232.0,False,69.822,"[None, 2048, 2048, 2048, 2048, 2048]","[2048, 2048, 2048, 2048, 2048, 2049, 2048]","[2048, 2048, 2048, 2048, 2048, 2048]",313.0
1213,9118,10,70,2023-07-02T14:26:59.792000+00:00,17.6,31.188,20.993,291.0,234.0,False,69.781,"[None, 2048, 2048, 2048, 2048, 2048]","[2048, 2048, 2048, 2048, 2048, 2048, 2048]","[2048, 2048, 2048, 2048, 2048, 2048]",290.0
1213,9118,18,70,2023-07-02T14:27:03.042000+00:00,17.323,30.827,20.746,,233.0,False,68.896,"[None, 2051, 2048, 2048, 2048, 2048]","[2048, 2048, 2048, 2048, 2048, 2048, 2048]","[2048, 2048, 2048, 2048, 2048, 2048, 2048]",295.0
1213,9118,23,70,2023-07-02T14:27:11.167000+00:00,17.452,31.686,21.069,,232.0,False,70.207,"[None, 2048, 2048, 2049, 2048, 2048]","[2048, 2048, 2048, 2048, 2048, 2048, 2048]","[2048, 2048, 2048, 2049, 2048, 2048, 2048]",299.0
1213,9118,1,71,2023-07-02T14:27:15.229000+00:00,17.04,29.896,20.076,304.0,244.0,False,67.012,"[2048, 2049, 2051, 2051, 2048, 2048]","[2049, 2048, 2048, 2048, 2049, 2051, 2051]","[2051, 2051, 2049, 2048, 2048, 2051, 2048]",302.0
1213,9118,16,71,2023-07-02T14:27:17.542000+00:00,17.424,31.41,21.156,304.0,235.0,False,69.99,"[None, 2048, 2048, 2048, 2048, 2048]","[2048, 2048, 2048, 2048, 2048, 2048, 2048]","[2048, 2048, 2048, 2048, 2048, 2048]",303.0
1213,9118,31,70,2023-07-02T14:27:24.307000+00:00,17.608,31.464,20.971,290.0,233.0,False,70.043,"[None, 2048, 2048, 2048, 2048, 2048]","[2048, 2048, 2048, 2048, 2048, 2048, 2048]","[2049, 2049, 2048, 2048, 2048, 2048, 2048]",287.0
1213,9118,2,70,2023-07-02T14:27:28.135000+00:00,17.403,31.774,21.324,307.0,229.0,False,70.501,"[None, 2048, 2048, 2049, 2048, 2048]","[2048, 2048, 2048, 2048, 2048, 2048, 2048]","[2048, 2048, 2048, 2048, 2048, 2048, 2048]",300.0
1213,9118,11,71,2023-07-02T14:27:30.073000+00:00,17.33,31.089,20.898,305.0,234.0,False,69.317,"[None, 2048, 2048, 2048, 2048, 2048]","[2048, 2048, 2048, 2048, 2048, 2048, 2048]","[2048, 2048, 2048, 2048, 2048, 2048]",303.0
1213,9118,55,71,2023-07-02T14:27:34.245000+00:00,17.425,31.076,20.847,298.0,234.0,False,69.348,"[None, 2048, 2048, 2048, 2048, 2048]","[2048, 2048, 2048, 2048, 2048, 2048, 2048]","[2048, 2048, 2048, 2048, 2048, 2048, 2048]",303.0
1213,9118,24,70,2023-07-02T14:27:36.088000+00:00,17.768,31.885,21.1,300.0,232.0,False,70.753,"[None, 2048, 2048, 2048, 2048, 2048]","[2048, 2048, 2048, 2048, 2048, 2048, 2048]","[2048, 2048, 2048, 2048, 2048, 2048]",299.0
1213,9118,4,71,2023-07-02T14:27:38.666000+00:00,17.5,31.391,20.986,303.0,233.0,False,69.877,"[None, 2048, 2048, 2048, 2048, 2048]","[2048, 2048, 2048, 2048, 2048, 2048, 2048]","[2048, 2048, 2048, 2048, 2048, 2048, 2048]",297.0
1213,9118,21,70,2023-07-02T14:27:41.213000+00:00,17.679,31.726,21.292,295.0,231.0,False,70.697,"[None, 2048, 2048, 2048, 2048, 2048]","[2048, 2048, 2048, 2048, 2048, 2048, 2048]","[2048, 2048, 2048, 2048, 2048, 2048, 2048]",298.0
1213,9118,14,71,2023-07-02T14:27:43.026000+00:00,17.437,31.154,20.921,298.0,234.0,False,69.512,"[None, 2048, 2048, 2048, 2048, 2048]","[2048, 2048, 2049, 2048, 2048, 2049, 2048]","[2048, 2048, 2048, 2048, 2048, 2048, 2048]",296.0
1213,9118,44,71,2023-07-02T14:27:50.963000+00:00,17.652,31.525,21.28,300.0,230.0,False,70.457,"[None, 2048, 2048, 2048, 2048, 2048]","[2048, 2048, 2048, 2048, 2048, 2048, 2048]","[2048, 2048, 2048, 2048, 2048, 2048, 2048]",291.0
1213,9118,77,70,2023-07-02T14:27:54.947000+00:00,17.602,31.476,21.014,298.0,229.0,False,70.092,"[None, 2048, 2048, 2048, 2048, 2048]","[2048, 2048, 2048, 2048, 2048, 2048, 2048]","[2049, 2048, 2049, 2048, 2048, 2048, 2048]",295.0
1213,9118,22,70,2023-07-02T14:27:56.713000+00:00,17.643,31.473,21.256,294.0,229.0,False,70.372,"[None, 2048, 2048, 2048, 2048, 2048]","[2048, 2048, 2048, 2048, 2048, 2048, 2048]","[2048, 2048, 2048, 2049, 2048, 2048]",293.0
1213,9118,81,70,2023-07-02T14:27:58.791000+00:00,17.653,31.39,20.963,301.0,231.0,False,70.006,"[None, 2048, 2048, 2048, 2048, 2048]","[2048, 2048, 2048, 2048, 2048, 2048, 2048]","[2048, 2048, 2048, 2048, 2048, 2048]",298.0
1213,9118,63,71,2023-07-02T14:28:00.447000+00:00,17.477,31.649,21.034,302.0,230.0,False,70.16,"[None, 2048, 2048, 2048, 2048, 2048]","[2048, 2048, 2048, 2048, 2048, 2048, 2048]","[2048, 2048, 2048, 2048, 2048, 2048]",295.0
1213,9118,20,70,2023-07-02T14:28:02.807000+00:00,17.628,32.129,21.759,,225.0,False,71.516,"[None, 2048, 2048, 2048, 2048, 2048]","[2048, 2048, 2048, 2048, 2048, 2048, 2048]","[2048, 2048, 2048, 2048, 2048, 2048, 2048]",298.0
1213,9118,10,71,2023-07-02T14:28:09.713000+00:00,17.63,31.56,21.154,293.0,231.0,False,70.344,"[None, 2048, 2048, 2048, 2048, 2048]","[2048, 2048, 2048, 2048, 2048, 2048, 2048]","[2048, 2048, 2048, 2048, 2048, 2048, 2048]",293.0
1213,9118,18,71,2023-07-02T14:28:11.931000+00:00,17.33,31.143,20.867,302.0,229.0,False,69.34,"[None, 2048, 2048, 2048, 2048, 2048]","[2048, 2048, 2048, 2048, 2048, 2048, 2048]","[2048, 2048, 2049, 2048, 2048, 2048, 2048]",294.0
1213,9118,23,71,2023-07-02T14:28:21.369000+00:00,17.506,31.829,21.269,298.0,226.0,False,70.604,"[None, 2048, 2048, 2049, 2048, 2048]","[2048, 2048, 2048, 2048, 2048, 2048, 2048]","[2048, 2048, 2048, 2048, 2048, 2048, 2048]",293.0
1213,9118,1,72,2023-07-02T14:28:22.166000+00:00,,,,,,False,,"[None, 2048, 2048, 2048, 2048, 2048]","[2048, 2048, 2048, 2048, 2048, 2048, 2048]",[2048],
