meeting_key,session_key,driver_number,lap_number,date_start,duration_sector_1,duration_sector_2,duration_sector_3,i1_speed,i2_speed,is_pit_out_lap,lap_duration,segments_sector_1,segments_sector_2,segments_sector_3,st_speed
1142,7779,11,1,2023-03-19T17:03:50.717000+00:00,37.412,29.964,30.233,285.0,302.0,False,97.609,"[2048, 2049, 2049, 2049, 2051, 2049, 2049, 2049, 2051]","[2049, 2049, 2049, 2049, 2051, 2049, 2049]","[2049, 2049, 2049, 2049, 2049, 2049, 2051, 2051, 2051]",303.0
1142,7779,14,1,2023-03-19T17:03:50.717000+00:00,36.589,30.025,30.604,276.0,289.0,False,97.218,"[2048, 2049, 2051, 2051, 2049, 2051, 2051, 2051, 2049]","[2049, 2051, 2049, 2051, 2049, 2049, 2049]","[2049, 2049, 2049, 2049, 2049, 2049, 2049, 2049, 2051]",293.0
1142,7779,55,1,2023-03-19T17:03:50.717000+00:00,38.937,30.452,30.407,281.0,301.0,False,99.796,"[2048, 2049, 2049, 2049, 2049, 2049, 2049, 2049, 2049]","[2049, 2049, 2049, 2049, 2049, 2049, 2049]","[2049, 2049, 2049, 2049, 2049, 2049, 2049, 2049, 2048]",312.0
1142,7779,18,1,2023-03-19T17:03:50.717000+00:00,38.953,30.101,30.336,288.0,302.0,False,99.39,"[2048, 2049, 2049, 2049, 2049, 2049, 2049, 2049, 2049]","[2051, 2049, 2049, 2049, 2049, 2049, 2049]","[2049, 2049, 2049, 2049, 2049, 2049, 2049, 2049, 2048]",304.0
1142,7779,31,1,2023-03-19T17:03:50.717000+00:00,39.483,30.571,30.523,282.0,301.0,False,100.577,"[2048, 2049, 2049, 2049, 2049, 2049, 2049, 2049, 2049]","[2049, 2049, 2049, 2049, 2049, 2049, 2049]","[2049, 2049, 2049, 2049, 2049, 2049, 2049, 2049, 2049]",305.0
1142,7779,44,1,2023-03-19T17:03:50.717000+00:00,40.061,30.681,30.632,283.0,295.0,False,101.374,"[2048, 2049, 2049, 2049, 2049, 2049, 2049, 2049, 2049]","[2049, 2049, 2049, 2049, 2049, 2049, 2049]","[2049, 2049, 2049, 2049, 2049, 2049, 2049, 2049, 2049]",304.0
1142,7779,63,1,2023-03-19T17:03:50.717000+00:00,38.452,30.241,30.322,282.0,296.0,False,99.015,"[None, 2049, 2049, 2049, 2049, 2049, 2049, 2049, 2049]","[2049, 2049, 2049, 2049, 2049, 2049, 2049]","[2049, 2051, 2049, 2049, 2049, 2049, 2049, 2049, 2049]",310.0
1142,7779,81,1,2023-03-19T17:03:50.717000+00:00,41.443,31.81,34.34,277.0,298.0,False,107.593,"[2048, 2049, 2049, 2049, 2049, 2049, 2049, 2049, 2049]","[2049, 2049, 2049, 2049, 2049, 2049, 2049]","[2049, 2049, 2049, 2049, 2049, 2049, 2049, 2049, 2064]",301.0
1142,7779,10,1,2023-03-19T17:03:50.717000+00:00,41.515,30.518,30.388,280.0,298.0,False,102.421,"[2048, 2049, 2049, 2049, 2049, 2049, 2049, 2049, 2049]","[2049, 2049, 2049, 2049, 2049, 2049, 2049]","[2051, 2049, 2049, 2049, 2049, 2051, 2049, 2049, 2048]",300.0
1142,7779,27,1,2023-03-19T17:03:50.717000+00:00,42.046,31.654,31.362,288.0,273.0,False,105.062,"[2048, 2049, 2049, 2049, 2049, 2049, 2049, 2049, 2049]","[2049, 2049, 2049, 2049, 2049, 2049, 2049]","[2049, 2049, 2049, 2049, 2049, 2049, 2049, 2049, 2048]",322.0
1142,7779,24,1,2023-03-19T17:03:50.717000+00:00,41.749,31.695,31.399,277.0,291.0,False,104.843,"[2048, 2049, 2049, 2049, 2049, 2049, 2049, 2049, 2049]","[2049, 2049, 2049, 2049, 2049, 2049, 2049]","[2049, 2049, 2049, 2049, 2049, 2049, 2049, 2049, 2048]",308.0
1142,7779,16,1,2023-03-19T17:03:50.717000+00:00,41.644,31.542,30.391,278.0,298.0,False,103.577,"[2048, 2049, 2049, 2049, 2049, 2049, 2049, 2049, 2049]","[2049, 2049, 2049, 2049, 2049, 2049, 2049]","[2049, 2049, 2049, 2049, 2049, 2049, 2049, 2049, 2049]",306.0
1142,7779,20,1,2023-03-19T17:03:50.717000+00:00,42.293,31.327,31.317,287.0,293.0,False,104.937,"[2048, 2049, 2049, 2049, 2049, 2049, 2049, 2049, 2049]","[2049, 2049, 2049, 2049, 2049, 2049, 2051]","[2049, 2049, 2049, 2049, 2049, 2049, 2049, 2049, 2048]",323.0
1142,7779,77,1,2023-03-19T17:03:50.717000+00:00,42.857,31.285,31.935,283.0,290.0,False,106.077,"[2048, 2049, 2049, 2049, 2049, 2049, 2049, 2049, 2049]","[2049, 2049, 2049, 2049, 2049, 2049, 2049]","[2049, 2049, 2049, 2049, 2049, 2049, 2049, 2049, 2048]",304.0
1142,7779,1,1,2023-03-19T17:03:50.717000+00:00,42.923,31.408,31.152,287.0,289.0,False,105.483,"[2048, 2049, 2049, 2049, 2049, 2049, 2049, 2049, 2049]","[2049, 2049, 2051, 2049, 2049, 2049, 2049]","[2049, 2049, 2049, 2049, 2049, 2049, 2049, 2049, 2048]",326.0
1142,7779,22,1,2023-03-19T17:03:50.717000+00:00,43.462,31.516,31.021,283.0,301.0,False,105.999,"[2048, 2049, 2049, 2049, 2049, 2049, 2049, 2049, 2049]","[2049, 2049, 2049, 2049, 2049, 2049, 2049]","[2049, 2049, 2049, 2049, 2049, 2049, 2049, 2049, 2048]",321.0
1142,7779,23,1,2023-03-19T17:03:50.717000+00:00,43.553,31.629,31.192,289.0,288.0,False,106.374,"[2048, 2049, 2049, 2049, 2049, 2049, 2049, 2049, 2049]","[2049, 2049, 2049, 2049, 2049, 2049, 2049]","[2049, 2049, 2049, 2051, 2049, 2049, 2049, 2049, 2048]",321.0
1142,7779,21,1,2023-03-19T17:03:50.717000+00:00,44.265,31.513,31.237,282.0,291.0,False,107.015,"[2048, 2049, 2049, 2049, 2049, 2049, 2049, 2049, 2049]","[2049, 2049, 2049, 2049, 2049, 2049, 2049]","[2049, 2049, 2049, 2049, 2049, 2049, 2049, 2049, 2049]",313.0
1142,7779,4,1,2023-03-19T17:03:50.717000+00:00,43.947,31.462,31.199,281.0,281.0,False,106.608,"[2048, 2049, 2049, 2049, 2049, 2049, 2049, 2049, 2049]","[2049, 2049, 2049, 2049, 2049, 2049, 2049]","[2049, 2049, 2049, 2049, 2051, 2049, 2051, 2051, 2048]",311.0
1142,7779,2,1,2023-03-19T17:03:50.717000+00:00,44.672,31.376,31.592,286.0,266.0,False,107.64,"[None, 2049, 2049, 2049, 2049, 2049, 2049, 2049, 2049]","[2049, 2049, 2049, 2049, 2049, 2051, 2049]","[2049, 2049, 2051, 2049, 2049, 2049, 2049, 2049, 2049]",330.0
1142,7779,14,2,2023-03-19T17:05:27.934000+00:00,35.455,29.923,30.189,280.0,300.0,False,95.567,"[2049, 2049, 2049, 2049, 2048, 2048, 2049, 2051, 2049]","[2049, 2048, 2049, 2051, 2048, 2048, 2049]","[2049, 2051, 2049, 2049, 2051, 2051, 2049, 2049]",302.0
1142,7779,11,2,2023-03-19T17:05:28.325000+00:00,35.785,29.903,30.218,287.0,296.0,False,95.906,"[2049, 2051, 2049, 2048, 2048, 2049, 2049, 2049, 2051]","[2049, 2048, 2049, 2049, 2048, 2049, 2049]","[2048, 2049, 2049, 2049, 2049, 2048, 2048, 2048, 2048]",316.0
1142,7779,63,2,2023-03-19T17:05:29.731000+00:00,35.845,29.989,30.28,283.0,299.0,False,96.114,"[2049, 2049, 2049, 2049, 2049, 2049, 2049, 2049, 2049]","[2049, 2049, 2049, 2049, 2049, 2049, 2049]","[2049, 2048, 2048, 2048, 2048, 2049, 2048, 2048, 2048]",303.0
1142,7779,18,2,2023-03-19T17:05:30.106000+00:00,36.054,30.067,30.203,283.0,298.0,False,96.324,"[2049, 2049, 2049, 2049, 2049, 2049, 2049, 2049, 2048]","[2048, 2049, 2048, 2049, 2049, 2049, 2048]","[2049, 2049, 2049, 2048, 2049, 2049, 2048, 2048, 2048]",302.0
1142,7779,55,2,2023-03-19T17:05:30.512000+00:00,36.252,30.222,30.109,283.0,302.0,False,96.583,"[2049, 2049, 2049, 2049, 2049, 2049, 2049, 2049, 2049]","[2049, 2048, 2049, 2049, 2049, 2048, 2048]","[2049, 2049, 2049, 2048, 2049, 2049, 2048, 2048, 2048]",310.0
1142,7779,31,2,2023-03-19T17:05:31.293000+00:00,36.175,30.442,30.389,278.0,299.0,False,97.006,"[2049, 2049, 2049, 2049, 2049, 2049, 2049, 2049, 2048]","[2049, 2049, 2048, 2049, 2048, 2048, 2048]","[2049, 2049, 2048, 2048, 2049, 2048, 2048, 2048, 2048]",306.0
1142,7779,44,2,2023-03-19T17:05:32.090000+00:00,36.475,30.265,30.448,,298.0,False,97.188,"[2049, 2049, 2049, 2049, 2049, 2049, 2049, 2049, 2049]","[2049, 2049, 2049, 2049, 2048, 2049, 2049]","[2049, 2049, 2049, 2049, 2049, 2048, 2048, 2048, 2049]",310.0
1142,7779,10,2,2023-03-19T17:05:33.137000+00:00,36.017,30.638,30.401,276.0,298.0,False,97.056,"[2049, 2049, 2051, 2049, 2051, 2049, 2049, 2049, 2049]","[2049, 2048, 2049, 2048, 2049, 2049, 2048]","[2048, 2049, 2049, 2049, 2048, 2049, 2049, 2049, 2049]",301.0
1142,7779,16,2,2023-03-19T17:05:34.293000+00:00,35.938,30.589,30.38,283.0,299.0,False,96.907,"[2049, 2049, 2049, 2049, 2049, 2049, 2049, 2049, 2049]","[2049, 2049, 2049, 2049, 2049, 2049, 2049]","[2049, 2049, 2049, 2049, 2048, 2048, 2048, 2048]",308.0
1142,7779,24,2,2023-03-19T17:05:35.559000+00:00,35.883,30.28,30.452,279.0,297.0,False,96.615,"[2049, 2049, 2049, 2049, 2049, 2049, 2049, 2049, 2049]","[2049, 2049, 2048, 2049, 2049, 2049, 2049]","[2049, 2049, 2049, 2048, 2048, 2049, 2049, 2049, 2049]",304.0
1142,7779,20,2,2023-03-19T17:05:35.653000+00:00,36.351,30.551,30.317,279.0,300.0,False,97.219,"[2049, 2049, 2049, 2049, 2049, 2049, 2049, 2049, 2048]","[2049, 2049, 2049, 2049, 2049, 2048, 2048]","[2051, 2049, 2049, 2048, 2049, 2049, 2048, 2048, 2048]",310.0
1142,7779,27,2,2023-03-19T17:05:35.778000+00:00,36.72,30.49,30.46,282.0,302.0,False,97.67,"[2049, 2049, 2049, 2049, 2049, 2049, 2049, 2049, 2048]","[2049, 2049, 2049, 2049, 2049, 2049, 2049]","[2049, 2049, 2049, 2048, 2049, 2049, 2049, 2048, 2048]",312.0
1142,7779,1,2,2023-03-19T17:05:36.199000+00:00,36.595,30.654,30.431,284.0,307.0,False,97.68,"[2049, 2049, 2049, 2051, 2049, 2049, 2049, 2049, 2049]","[2049, 2049, 2048, 2049, 2049, 2048, 2049]","[2049, 2049, 2049, 2049, 2048, 2049, 2048, 2048, 2048]",318.0
1142,7779,22,2,2023-03-19T17:05:36.715000+00:00,36.882,30.821,30.468,281.0,301.0,False,98.171,"[2049, 2049, 2049, 2049, 2049, 2049, 2049, 2049, 2049]","[2048, 2049, 2048, 2049, 2049, 2049, 2048]","[2049, 2049, 2049, 2048, 2049, 2049, 2048, 2048, 2048]",308.0
1142,7779,77,2,2023-03-19T17:05:36.793000+00:00,37.285,30.801,30.677,278.0,300.0,False,98.763,"[2049, 2049, 2049, 2048, 2049, 2049, 2049, 2049, 2049]","[2048, 2049, 2048, 2049, 2049, 2048, 2048]","[2049, 2049, 2049, 2049, 2049, 2049, 2049, 2049, 2049]",313.0
1142,7779,23,2,2023-03-19T17:05:37.090000+00:00,37.229,30.754,30.933,,306.0,False,98.916,"[2051, 2049, 2049, 2049, 2048, 2049, 2049, 2049, 2049]","[2048, 2048, 2049, 2049, 2049, 2049, 2049]","[2049, 2049, 2048, 2048, 2049, 2049, 2048, 2048, 2048]",312.0
1142,7779,4,2,2023-03-19T17:05:37.324000+00:00,38.124,31.129,33.817,277.0,300.0,False,103.07,"[2049, 2049, 2049, 2049, 2049, 2049, 2049, 2048, 2048]","[2048, 2048, 2048, 2049, 2049, 2048, 2048]","[2049, 2049, 2048, 2048, 2048, 2049, 2048, 2048, 2064]",306.0
1142,7779,21,2,2023-03-19T17:05:37.731000+00:00,37.782,32.199,30.767,280.0,301.0,False,100.748,"[2049, 2049, 2049, 2049, 2049, 2049, 2049, 2049, 2049]","[2048, 2048, 2048, 2049, 2049, 2048, 2048]","[2049, 2048, 2048, 2048, 2051, 2049, 2048, 2048]",309.0
1142,7779,81,2,2023-03-19T17:05:38.309000+00:00,64.015,30.316,30.474,277.0,291.0,True,124.805,"[2064, 2064, 2064, 2048, 2048, 2049, 2049, 2049, 2049]","[2048, 2049, 2049, 2049, 2049, 2048, 2048]","[2049, 2049, 2048, 2048, 2049, 2051, 2049, 2049, 2049]",294.0
1142,7779,2,2,2023-03-19T17:05:38.356000+00:00,37.672,31.009,30.745,287.0,298.0,False,99.426,"[2049, 2049, 2049, 2049, 2049, 2049, 2049, 2049, 2049]","[2048, 2048, 2049, 2049, 2049, 2048, 2051]","[2049, 2049, 2051, 2048, 2048, 2049, 2048, 2048]",313.0
1142,7779,14,3,2023-03-19T17:07:03.432000+00:00,35.124,29.831,30.185,279.0,294.0,False,95.14,"[None, 2048, 2048, 2051, 2049, 2049, 2049, 2048, 2048]","[2048, 2048, 2048, 2051, 2048, 2049, 2048]","[2049, 2048, 2049, 2049, 2049, 2048, 2048, 2049]",297.0
1142,7779,11,3,2023-03-19T17:07:04.213000+00:00,35.34,29.825,29.664,,306.0,False,94.829,"[2048, 2048, 2049, 2049, 2049, 2049, 2049, 2049, 2048]","[2048, 2048, 2049, 2049, 2048, 2048, 2049]","[2049, 2049, 2049, 2049, 2049, 2048, 2049, 2049, 2051]",334.0
1142,7779,63,3,2023-03-19T17:07:05.823000+00:00,35.308,30.037,29.955,,308.0,False,95.3,"[2048, 2049, 2049, 2049, 2049, 2049, 2049, 2049, 2048]","[2049, 2048, 2049, 2048, 2048, 2048, 2049]","[2049, 2049, 2049, 2049, 2049, 2048, 2048, 2049]",314.0
1142,7779,18,3,2023-03-19T17:07:06.495000+00:00,35.585,29.803,29.851,,311.0,False,95.239,"[None, 2049, 2049, 2049, 2049, 2049, 2048, 2049, 2048]","[2048, 2048, 2048, 2049, 2049, 2049, 2049]","[2049, 2051, 2049, 2049, 2051, 2048, 2048, 2048, 2049]",317.0
1142,7779,55,3,2023-03-19T17:07:07.104000+00:00,35.683,29.962,29.709,281.0,316.0,False,95.354,"[2048, 2049, 2049, 2049, 2049, 2049, 2049, 2049, 2048]","[2048, 2048, 2049, 2049, 2048, 2049, 2049]","[2049, 2048, 2049, 2049, 2049, 2048, 2048, 2048, 2049]",326.0
1142,7779,31,3,2023-03-19T17:07:08.323000+00:00,35.611,30.21,30.245,279.0,304.0,False,96.066,"[None, 2049, 2048, 2049, 2049, 2049, 2049, 2049, 2048]","[2048, 2049, 2048, 2049, 2048, 2049, 2049]","[2049, 2049, 2048, 2049, 2049, 2048, 2048, 2048, 2049]",306.0
1142,7779,44,3,2023-03-19T17:07:09.307000+00:00,36.103,30.205,30.32,282.0,305.0,False,96.628,"[None, 2049, 2048, 2049, 2049, 2049, 2049, 2049, 2048]","[2049, 2048, 2048, 2049, 2049, 2048, 2049]","[2049, 2048, 2048, 2048, 2049, 2048, 2048, 2048, 2049]",306.0
1142,7779,10,3,2023-03-19T17:07:10.323000+00:00,35.901,30.121,30.022,275.0,313.0,False,96.044,"[2048, 2048, 2048, 2049, 2049, 2049, 2048, 2049, 2049]","[2049, 2049, 2049, 2049, 2048, 2049, 2049]","[2048, 2049, 2049, 2049, 2049, 2048, 2048, 2049]",317.0
1142,7779,16,3,2023-03-19T17:07:11.338000+00:00,35.648,30.205,29.972,,316.0,False,95.825,"[None, 2049, 2049, 2049, 2049, 2049, 2049, 2048, 2048]","[2049, 2049, 2049, 2048, 2049, 2049, 2049]","[2049, 2049, 2049, 2049, 2049, 2048, 2048, 2049, 2049]",328.0
1142,7779,24,3,2023-03-19T17:07:12.260000+00:00,35.622,30.344,30.294,281.0,314.0,False,96.26,"[None, 2048, 2049, 2049, 2049, 2049, 2049, 2049, 2049]","[2048, 2048, 2048, 2049, 2048, 2049, 2049]","[2049, 2049, 2049, 2048, 2048, 2048, 2048, 2048, 2049]",306.0
1142,7779,20,3,2023-03-19T17:07:13.026000+00:00,35.996,30.378,30.422,281.0,303.0,False,96.796,"[2048, 2048, 2049, 2049, 2049, 2049, 2048, 2048, 2048]","[2048, 2048, 2049, 2049, 2049, 2048, 2048]","[2048, 2048, 2048, 2048, 2049, 2048, 2048, 2048]",307.0
1142,7779,27,3,2023-03-19T17:07:13.495000+00:00,36.116,30.193,30.229,,318.0,False,96.538,"[2048, 2048, 2049, 2049, 2049, 2049, 2048, 2049, 2048]","[2049, 2049, 2048, 2049, 2049, 2049, 2049]","[2049, 2048, 2049, 2049, 2048, 2048, 2049, 2049, 2049]",336.0
1142,7779,1,3,2023-03-19T17:07:13.948000+00:00,36.02,30.417,30.089,288.0,325.0,False,96.526,"[2048, 2048, 2049, 2049, 2049, 2049, 2049, 2049, 2049]","[2049, 2048, 2048, 2049, 2049, 2049, 2051]","[2049, 2048, 2048, 2051, 2049, 2048, 2048, 2048, 2051]",342.0
1142,7779,22,3,2023-03-19T17:07:14.838000+00:00,36.148,30.536,30.466,,316.0,False,97.15,"[2048, 2048, 2049, 2049, 2049, 2049, 2049, 2049, 2049]","[2048, 2048, 2048, 2049, 2048, 2049, 2049]","[2049, 2048, 2048, 2048, 2048, 2049, 2048, 2048]",312.0
1142,7779,77,3,2023-03-19T17:07:15.463000+00:00,35.987,30.606,30.363,,315.0,False,96.956,"[2048, 2048, 2049, 2049, 2049, 2049, 2049, 2049, 2049]","[2048, 2048, 2048, 2049, 2048, 2049, 2049]","[2049, 2048, 2049, 2049, 2049, 2048, 2048, 2048, 2049]",320.0
1142,7779,23,3,2023-03-19T17:07:15.994000+00:00,36.292,30.373,30.4,285.0,311.0,False,97.065,"[2048, 2048, 2049, 2049, 2049, 2049, 2049, 2049, 2048]","[2049, 2049, 2048, 2049, 2048, 2049, 2049]","[2049, 2049, 2048, 2049, 2049, 2048, 2048, 2048, 2049]",329.0
1142,7779,2,3,2023-03-19T17:07:17.682000+00:00,36.195,30.357,30.445,284.0,311.0,False,96.997,"[2048, 2049, 2049, 2049, 2049, 2049, 2049, 2049, 2049]","[2049, 2049, 2048, 2049, 2048, 2048, 2049]","[2049, 2049, 2048, 2048, 2048, 2049, 2048, 2048, 2048]",311.0
1142,7779,21,3,2023-03-19T17:07:18.463000+00:00,36.176,30.405,30.364,282.0,316.0,False,96.945,"[2048, 2049, 2049, 2049, 2051, 2049, 2049, 2049, 2048]","[2049, 2049, 2049, 2049, 2048, 2049, 2049]","[2049, 2049, 2048, 2049, 2048, 2049, 2048, 2048, 2049]",320.0
1142,7779,4,3,2023-03-19T17:07:20.448000+00:00,61.889,30.814,30.831,271.0,286.0,True,123.534,"[2064, 2064, 2064, 2048, 2049, 2049, 2049, 2049, 2049]","[2048, 2049, 2048, 2049, 2049, 2048, 2048]","[2049, 2049, 2048, 2048, 2048, 2049, 2048, 2048, 2048]",287.0
1142,7779,81,3,2023-03-19T17:07:43.119000+00:00,35.048,30.082,30.504,279.0,294.0,False,95.634,"[2049, 2049, 2049, 2049, 2049, 2051, 2051, 2049, 2049]","[2049, 2049, 2048, 2049, 2049, 2049, 2048]","[2049, 2048, 2048, 2048, 2049, 2048, 2048, 2049, 2049]",295.0
1142,7779,14,4,2023-03-19T17:08:38.665000+00:00,36.573,30.03,30.061,283.0,304.0,False,96.664,"[None, 2048, 2048, 2048, 2048, 2048, 2048, 2048, 2049]","[2048, 2048, 2049, 2048, 2048, 2049, 2049]","[2048, 2048, 2049, 2049, 2049, 2048, 2048, 2048, 2049]",315.0
1142,7779,11,4,2023-03-19T17:08:39.165000+00:00,35.484,30.147,30.02,285.0,300.0,False,95.651,"[2049, 2051, 2048, 2048, 2048, 2048, 2048, 2049, 2051]","[2048, 2048, 2048, 2048, 2048, 2048, 2048]","[2049, 2051, 2048, 2048, 2048, 2049, 2048, 2048]",307.0
1142,7779,63,4,2023-03-19T17:08:41.165000+00:00,35.451,30.01,30.135,281.0,308.0,False,95.596,"[2049, 2049, 2048, 2048, 2048, 2048, 2048, 2049, 2049]","[2048, 2048, 2048, 2049, 2049, 2049, 2049]","[2048, 2048, 2049, 2048, 2048, 2048, 2048, 2048, 2049]",304.0
1142,7779,18,4,2023-03-19T17:08:41.744000+00:00,35.629,29.951,29.98,285.0,314.0,False,95.56,"[None, 2049, 2048, 2048, 2048, 2048, 2049, 2048, 2049]","[2048, 2048, 2048, 2049, 2049, 2049, 2049]","[2049, 2048, 2048, 2049, 2048, 2048, 2048, 2048, 2049]",316.0
1142,7779,55,4,2023-03-19T17:08:42.477000+00:00,35.562,30.086,29.78,,317.0,False,95.428,"[2049, 2049, 2049, 2048, 2048, 2048, 2048, 2049, 2048]","[2048, 2048, 2048, 2049, 2049, 2049, 2048]","[2049, 2049, 2049, 2049, 2049, 2048, 2049, 2049, 2049]",325.0
1142,7779,31,4,2023-03-19T17:08:44.415000+00:00,35.173,30.333,30.223,281.0,302.0,False,95.729,"[None, 2049, 2051, 2048, 2049, 2049, 2049, 2049, 2049]","[2049, 2048, 2048, 2049, 2048, 2049, 2048]","[2048, 2049, 2048, 2048, 2049, 2048, 2048, 2048, 2049]",307.0
1142,7779,44,4,2023-03-19T17:08:45.915000+00:00,35.85,30.138,30.275,283.0,303.0,False,96.263,"[None, 2049, 2048, 2048, 2049, 2049, 2049, 2049, 2049]","[2048, 2049, 2048, 2049, 2048, 2048, 2048]","[2049, 2049, 2048, 2048, 2048, 2048, 2049, 2049, 2048]",306.0
1142,7779,10,4,2023-03-19T17:08:46.415000+00:00,35.96,30.109,30.222,277.0,315.0,False,96.291,"[2049, 2049, 2048, 2048, 2048, 2048, 2048, 2049, 2049]","[2049, 2048, 2049, 2049, 2048, 2049, 2049]","[2048, 2049, 2049, 2049, 2048, 2048, 2048, 2049, 2048]",320.0
1142,7779,16,4,2023-03-19T17:08:47.118000+00:00,35.805,30.204,29.862,,316.0,False,95.871,"[None, 2049, 2048, 2049, 2048, 2048, 2048, 2048, 2049]","[2048, 2048, 2049, 2049, 2048, 2049, 2048]","[2049, 2049, 2049, 2049, 2051, 2048, 2051, 2051, 2049]",328.0
1142,7779,24,4,2023-03-19T17:08:48.508000+00:00,35.667,30.421,30.271,283.0,303.0,False,96.359,"[None, 2048, 2048, 2048, 2048, 2048, 2048, 2048, 2049]","[2049, 2048, 2048, 2049, 2048, 2048, 2048]","[2048, 2049, 2049, 2048, 2049, 2048, 2049, 2049, 2048]",306.0
1142,7779,20,4,2023-03-19T17:08:49.805000+00:00,36.293,30.445,30.36,,301.0,False,97.098,"[None, 2048, 2048, 2048, 2048, 2048, 2049, 2049, 2048]","[2048, 2048, 2049, 2049, 2048, 2048, 2048]","[2051, 2049, 2048, 2048, 2048, 2048, 2048, 2048, 2048]",305.0
1142,7779,27,4,2023-03-19T17:08:50.133000+00:00,37.098,30.267,30.228,281.0,320.0,False,97.593,"[2049, 2049, 2048, 2048, 2048, 2048, 2048, 2049, 2048]","[2048, 2049, 2049, 2048, 2048, 2048, 2049]","[2049, 2048, 2048, 2048, 2049, 2049, 2048, 2048, 2048]",326.0
1142,7779,1,4,2023-03-19T17:08:50.524000+00:00,36.021,30.177,30.305,286.0,293.0,False,96.503,"[2051, 2049, 2048, 2048, 2049, 2048, 2049, 2049, 2048]","[2049, 2049, 2048, 2049, 2049, 2051, 2048]","[2048, 2049, 2051, 2048, 2048, 2048, 2048, 2048]",321.0
1142,7779,22,4,2023-03-19T17:08:52.040000+00:00,36.013,30.739,30.254,,303.0,False,97.006,"[None, 2049, 2049, 2048, 2049, 2049, 2049, 2049, 2048]","[2048, 2048, 2048, 2048, 2048, 2048, 2048]","[2049, 2048, 2049, 2048, 2049, 2049, 2048, 2048]",312.0
1142,7779,77,4,2023-03-19T17:08:52.415000+00:00,36.134,30.653,30.424,277.0,312.0,False,97.211,"[2049, 2049, 2048, 2048, 2048, 2048, 2048, 2049, 2049]","[2048, 2048, 2048, 2049, 2049, 2048, 2048]","[2048, 2049, 2049, 2048, 2049, 2048, 2048, 2048, 2048]",321.0
1142,7779,23,4,2023-03-19T17:08:53.118000+00:00,36.096,30.377,30.44,287.0,311.0,False,96.913,"[2049, 2048, 2048, 2049, 2049, 2048, 2049, 2049, 2048]","[2049, 2049, 2048, 2048, 2049, 2049, 2048]","[2048, 2048, 2049, 2049, 2049, 2048, 2048, 2048, 2049]",334.0
1142,7779,2,4,2023-03-19T17:08:54.774000+00:00,36.08,30.345,30.419,,316.0,False,96.844,"[None, 2049, 2049, 2048, 2049, 2048, 2049, 2048, 2049]","[2049, 2048, 2049, 2049, 2048, 2048, 2049]","[2049, 2048, 2048, 2048, 2048, 2049, 2048, 2048, 2048]",312.0
1142,7779,21,4,2023-03-19T17:08:55.524000+00:00,36.114,30.516,30.217,281.0,314.0,False,96.847,"[2049, 2049, 2048, 2048, 2048, 2049, 2049, 2048, 2048]","[2048, 2049, 2048, 2049, 2049, 2049, 2048]","[2049, 2049, 2048, 2048, 2049, 2048, 2049, 2048]",319.0
1142,7779,81,4,2023-03-19T17:09:18.680000+00:00,35.088,30.084,30.34,281.0,294.0,False,95.512,"[2048, 2048, 2048, 2049, 2049, 2051, 2048, 2048, 2049]","[2049, 2048, 2048, 2049, 2049, 2049, 2048]","[2048, 2049, 2048, 2048, 2049, 2048, 2048, 2048, 2048]",296.0
1142,7779,4,4,2023-03-19T17:09:24.008000+00:00,36.023,30.224,30.38,279.0,297.0,False,96.627,"[2048, 2048, 2049, 2048, 2051, 2049, 2049, 2049, 2049]","[2049, 2049, 2048, 2049, 2049, 2048, 2048]","[2049, 2048, 2048, 2048, 2049, 2048, 2048, 2048, 2048]",299.0
1142,7779,11,5,2023-03-19T17:10:14.663000+00:00,35.024,29.903,29.946,284.0,303.0,False,94.873,"[2048, 2048, 2049, 2049, 2049, 2049, 2048, 2048, 2048]","[2049, 2048, 2048, 2049, 2048, 2048, 2048]","[2049, 2048, 2048, 2048, 2048, 2049, 2048, 2048, 2048]",312.0
1142,7779,14,5,2023-03-19T17:10:15.351000+00:00,35.148,29.797,29.975,,320.0,False,94.92,"[None, 2048, 2048, 2048, 2049, 2048, 2049, 2048, 2049]","[2049, 2048, 2048, 2048, 2048, 2049, 2049]","[2049, 2048, 2048, 2049, 2049, 2048, 2048, 2049]",320.0
1142,7779,63,5,2023-03-19T17:10:16.757000+00:00,35.261,30.013,30.149,285.0,304.0,False,95.423,"[2048, 2049, 2048, 2049, 2048, 2049, 2049, 2048, 2048]","[2048, 2048, 2048, 2048, 2048, 2048, 2048]","[2048, 2048, 2048, 2048, 2048, 2048, 2048, 2048, 2048]",313.0
1142,7779,18,5,2023-03-19T17:10:17.304000+00:00,35.541,29.912,30.018,284.0,316.0,False,95.471,"[None, 2048, 2048, 2048, 2048, 2049, 2049, 2049, 2048]","[2048, 2048, 2048, 2048, 2048, 2048, 2049]","[2049, 2048, 2048, 2049, 2048, 2048, 2048, 2048, 2049]",318.0
1142,7779,55,5,2023-03-19T17:10:17.882000+00:00,35.789,29.919,29.725,283.0,318.0,False,95.433,"[None, 2048, 2048, 2048, 2048, 2048, 2048, 2049, 2048]","[2049, 2048, 2049, 2049, 2048, 2048, 2049]","[2049, 2048, 2048, 2049, 2048, 2048, 2048, 2048, 2048]",328.0
1142,7779,31,5,2023-03-19T17:10:20.116000+00:00,35.198,30.387,30.264,280.0,303.0,False,95.849,"[2048, 2048, 2049, 2048, 2048, 2049, 2048, 2049, 2048]","[2048, 2048, 2048, 2048, 2048, 2048, 2048]","[2048, 2048, 2048, 2048, 2049, 2048, 2048, 2048, 2049]",305.0
1142,7779,44,5,2023-03-19T17:10:22.194000+00:00,35.612,30.02,30.235,284.0,307.0,False,95.867,"[2048, 2048, 2048, 2049, 2049, 2049, 2049, 2049, 2049]","[2048, 2048, 2048, 2049, 2048, 2048, 2049]","[2049, 2049, 2048, 2048, 2048, 2048, 2048, 2048]",306.0
1142,7779,10,5,2023-03-19T17:10:22.663000+00:00,35.92,30.07,29.983,276.0,314.0,False,95.973,"[2048, 2048, 2048, 2048, 2048, 2049, 2049, 2049, 2048]","[2048, 2048, 2048, 2049, 2049, 2048, 2048]","[2048, 2049, 2048, 2048, 2048, 2048, 2048, 2049, 2048]",317.0
1142,7779,16,5,2023-03-19T17:10:22.991000+00:00,36.017,30.274,29.984,,316.0,False,96.275,"[None, 2048, 2048, 2049, 2048, 2048, 2048, 2048, 2048]","[2048, 2048, 2048, 2048, 2048, 2048, 2048]","[2048, 2049, 2048, 2048, 2048, 2048, 2048, 2048, 2048]",325.0
1142,7779,24,5,2023-03-19T17:10:24.897000+00:00,35.647,30.329,30.338,284.0,305.0,False,96.314,"[2048, 2048, 2048, 2048, 2049, 2048, 2048, 2048, 2049]","[2049, 2048, 2048, 2049, 2048, 2048, 2048]","[2049, 2048, 2048, 2048, 2049, 2048, 2048, 2048, 2048]",311.0
1142,7779,20,5,2023-03-19T17:10:26.944000+00:00,36.328,30.464,30.506,280.0,303.0,False,97.298,"[None, 2048, 2049, 2048, 2048, 2048, 2048, 2049, 2048]","[2049, 2048, 2048, 2048, 2048, 2048, 2048]","[2048, 2048, 2048, 2048, 2048, 2048, 2049, 2048, 2048]",307.0
1142,7779,1,5,2023-03-19T17:10:26.944000+00:00,35.096,30.116,30.147,,308.0,False,95.359,"[2048, 2049, 2049, 2048, 2049, 2049, 2049, 2049, 2049]","[2049, 2049, 2048, 2049, 2048, 2048, 2048]","[2048, 2048, 2048, 2048, 2049, 2049, 2048, 2048]",318.0
1142,7779,27,5,2023-03-19T17:10:27.632000+00:00,36.077,30.149,30.527,283.0,303.0,False,96.753,"[2048, 2048, 2049, 2048, 2048, 2048, 2049, 2049, 2048]","[2049, 2048, 2048, 2049, 2049, 2049, 2048]","[2048, 2048, 2049, 2048, 2048, 2048, 2048, 2049]",329.0
1142,7779,22,5,2023-03-19T17:10:29.053000+00:00,35.7,30.622,30.383,,303.0,False,96.705,"[2049, 2049, 2049, 2048, 2048, 2049, 2049, 2048, 2049]","[2048, 2048, 2048, 2049, 2049, 2048, 2048]","[2048, 2048, 2048, 2048, 2049, 2048, 2048, 2048, 2048]",312.0
1142,7779,77,5,2023-03-19T17:10:29.647000+00:00,35.803,30.574,30.22,278.0,310.0,False,96.597,"[2048, 2049, 2049, 2048, 2049, 2048, 2048, 2049, 2049]","[2048, 2048, 2048, 2049, 2048, 2048, 2048]","[2048, 2049, 2049, 2048, 2049, 2048, 2048, 2048]",319.0
1142,7779,23,5,2023-03-19T17:10:29.975000+00:00,36.085,30.336,30.687,,322.0,False,97.108,"[2051, 2049, 2048, 2048, 2048, 2048, 2049, 2049, 2048]","[2049, 2048, 2048, 2049, 2048, 2048, 2049]","[2049, 2048, 2048, 2048, 2048, 2048, 2048, 2048, 2048]",327.0
1142,7779,2,5,2023-03-19T17:10:31.616000+00:00,36.17,30.386,30.325,285.0,315.0,False,96.881,"[None, 2048, 2048, 2049, 2048, 2048, 2048, 2048, 2049]","[2048, 2048, 2048, 2049, 2048, 2048, 2048]","[2049, 2048, 2048, 2048, 2048, 2048, 2048, 2048, 2048]",312.0
1142,7779,21,5,2023-03-19T17:10:32.350000+00:00,36.134,30.555,30.303,282.0,313.0,False,96.992,"[None, 2048, 2048, 2048, 2048, 2049, 2048, 2048, 2048]","[2048, 2048, 2048, 2049, 2048, 2048, 2048]","[2049, 2048, 2048, 2048, 2051, 2048, 2048, 2048, 2048]",321.0
1142,7779,81,5,2023-03-19T17:10:54.272000+00:00,35.127,30.127,30.408,,293.0,False,95.662,"[2049, 2048, 2048, 2048, 2048, 2051, 2048, 2049, 2048]","[2049, 2048, 2048, 2048, 2049, 2048, 2048]","[2048, 2049, 2049, 2048, 2048, 2048, 2048, 2049]",293.0
1142,7779,4,5,2023-03-19T17:11:00.662000+00:00,35.157,30.317,30.455,280.0,296.0,False,95.929,"[None, 2049, 2049, 2049, 2048, 2049, 2049, 2049, 2049]","[2048, 2048, 2048, 2049, 2048, 2048, 2048]","[2049, 2049, 2048, 2048, 2048, 2048, 2048, 2048, 2048]",296.0
1142,7779,11,6,2023-03-19T17:11:49.599000+00:00,34.934,29.815,29.872,281.0,302.0,False,94.621,"[None, 2048, 2051, 2048, 2049, 2048, 2049, 2049, 2051]","[2048, 2049, 2048, 2049, 2048, 2048, 2048]","[2049, 2048, 2048, 2048, 2048, 2049, 2048, 2048, 2048]",310.0
1142,7779,14,6,2023-03-19T17:11:50.255000+00:00,35.123,29.671,29.864,,314.0,False,94.658,"[None, 2048, 2048, 2048, 2048, 2048, 2048, 2048, 2049]","[2048, 2048, 2049, 2048, 2048, 2049, 2048]","[2049, 2048, 2049, 2049, 2048, 2048, 2048, 2048, 2048]",318.0
1142,7779,63,6,2023-03-19T17:11:52.161000+00:00,35.384,29.855,30.238,284.0,309.0,False,95.477,"[None, 2049, 2048, 2048, 2048, 2048, 2048, 2048, 2048]","[2048, 2048, 2049, 2049, 2049, 2049, 2049]","[2048, 2048, 2048, 2048, 2048, 2048, 2048, 2048, 2048]",302.0
1142,7779,18,6,2023-03-19T17:11:52.802000+00:00,35.592,29.883,30.076,283.0,313.0,False,95.551,"[None, 2048, 2048, 2048, 2048, 2049, 2048, 2048, 2048]","[2048, 2048, 2048, 2049, 2048, 2049, 2048]","[2048, 2048, 2048, 2048, 2048, 2048, 2048, 2048]",316.0
1142,7779,55,6,2023-03-19T17:11:53.302000+00:00,35.778,30.123,29.766,281.0,317.0,False,95.667,"[2048, 2048, 2048, 2048, 2048, 2048, 2049, 2048, 2048]","[2048, 2048, 2048, 2048, 2048, 2048, 2048]","[2049, 2049, 2048, 2048, 2049, 2048, 2048, 2048]",328.0
1142,7779,31,6,2023-03-19T17:11:55.989000+00:00,35.216,30.297,30.281,282.0,302.0,False,95.794,"[2049, 2048, 2048, 2048, 2048, 2048, 2049, 2048, 2049]","[2049, 2048, 2048, 2048, 2048, 2048, 2048]","[2048, 2049, 2048, 2048, 2048, 2048, 2048, 2048, 2048]",308.0
1142,7779,44,6,2023-03-19T17:11:58.036000+00:00,35.513,30.14,30.32,283.0,302.0,False,95.973,"[None, 2048, 2048, 2048, 2049, 2048, 2048, 2049, 2049]","[2048, 2048, 2048, 2048, 2049, 2048, 2048]","[2049, 2049, 2048, 2048, 2048, 2048, 2048, 2048, 2048]",302.0
1142,7779,10,6,2023-03-19T17:11:58.614000+00:00,35.678,30.09,30.069,278.0,315.0,False,95.837,"[2049, 2048, 2048, 2048, 2048, 2048, 2049, 2049, 2048]","[2048, 2048, 2048, 2048, 2048, 2049, 2049]","[2048, 2048, 2048, 2048, 2049, 2048, 2048, 2048]",317.0
1142,7779,16,6,2023-03-19T17:11:59.286000+00:00,35.591,30.106,29.65,285.0,317.0,False,95.347,"[2048, 2048, 2048, 2048, 2049, 2048, 2048, 2048, 2049]","[2048, 2048, 2048, 2049, 2049, 2049, 2048]","[2048, 2049, 2049, 2049, 2048, 2048, 2048, 2051, 2051]",327.0
1142,7779,24,6,2023-03-19T17:12:01.192000+00:00,35.515,30.277,30.136,283.0,303.0,False,95.928,"[None, 2048, 2048, 2048, 2049, 2048, 2048, 2049, 2049]","[2048, 2048, 2048, 2049, 2048, 2048, 2048]","[2048, 2049, 2049, 2049, 2048, 2048, 2048, 2048, 2048]",309.0
1142,7779,1,6,2023-03-19T17:12:02.286000+00:00,35.547,30.1,30.193,287.0,308.0,False,95.84,"[None, 2049, 2049, 2048, 2048, 2048, 2049, 2048, 2048]","[2049, 2048, 2048, 2048, 2048, 2048, 2048]","[2048, 2048, 2048, 2048, 2048, 2049, 2048, 2048, 2048]",313.0
1142,7779,20,6,2023-03-19T17:12:04.208000+00:00,36.686,30.223,30.101,282.0,317.0,False,97.01,"[None, 2048, 2048, 2048, 2048, 2048, 2048, 2048, 2048]","[2048, 2048, 2049, 2048, 2049, 2049, 2049]","[2048, 2048, 2049, 2049, 2049, 2048, 2049, 2048, 2049]",326.0
1142,7779,27,6,2023-03-19T17:12:04.380000+00:00,35.658,30.257,30.18,284.0,305.0,False,96.095,"[None, 2048, 2049, 2048, 2049, 2048, 2049, 2049, 2049]","[2048, 2049, 2048, 2049, 2048, 2048, 2048]","[2049, 2049, 2048, 2048, 2049, 2048, 2049, 2048]",310.0
1142,7779,22,6,2023-03-19T17:12:05.692000+00:00,35.977,30.504,30.307,282.0,313.0,False,96.788,"[2048, 2048, 2048, 2048, 2048, 2048, 2048, 2048, 2048]","[2048, 2049, 2048, 2048, 2048, 2049, 2048]","[2048, 2048, 2049, 2048, 2048, 2049, 2048, 2048, 2048]",313.0
1142,7779,77,6,2023-03-19T17:12:06.208000+00:00,36.112,30.698,30.608,277.0,310.0,False,97.418,"[None, 2048, 2048, 2048, 2048, 2048, 2048, 2048, 2048]","[2048, 2048, 2048, 2049, 2048, 2048, 2048]","[2048, 2048, 2048, 2048, 2048, 2048, 2048, 2048, 2048]",309.0
1142,7779,23,6,2023-03-19T17:12:07.052000+00:00,36.026,30.468,30.51,286.0,314.0,False,97.004,"[2048, 2049, 2049, 2048, 2048, 2048, 2048, 2049, 2048]","[2048, 2048, 2048, 2048, 2049, 2049, 2048]","[2048, 2049, 2048, 2048, 2048, 2048, 2048, 2048, 2048]",327.0
1142,7779,2,6,2023-03-19T17:12:08.505000+00:00,36.296,30.383,30.364,,314.0,False,97.043,"[None, 2048, 2048, 2048, 2048, 2048, 2048, 2048, 2048]","[2048, 2048, 2048, 2048, 2048, 2048, 2049]","[2048, 2048, 2048, 2048, 2049, 2048, 2048, 2048, 2048]",311.0
1142,7779,21,6,2023-03-19T17:12:09.333000+00:00,36.1,30.418,30.344,,316.0,False,96.862,"[2048, 2048, 2048, 2048, 2048, 2049, 2049, 2048, 2048]","[2048, 2048, 2048, 2048, 2049, 2049, 2049]","[2048, 2049, 2048, 2049, 2048, 2048, 2048, 2048]",321.0
1142,7779,81,6,2023-03-19T17:12:29.926000+00:00,35.077,30.012,30.27,,296.0,False,95.359,"[None, 2048, 2048, 2048, 2048, 2049, 2048, 2048, 2048]","[2049, 2048, 2049, 2048, 2048, 2049, 2048]","[2049, 2048, 2049, 2048, 2048, 2048, 2048, 2048]",295.0
1142,7779,4,6,2023-03-19T17:12:36.551000+00:00,35.238,30.39,30.335,,298.0,False,95.963,"[None, 2048, 2049, 2048, 2048, 2049, 2048, 2049, 2048]","[2048, 2048, 2048, 2048, 2048, 2048, 2048]","[2049, 2048, 2048, 2048, 2048, 2048, 2048, 2048, 2048]",296.0
1142,7779,11,7,2023-03-19T17:13:24.222000+00:00,34.729,29.78,29.768,283.0,303.0,False,94.277,"[None, 2048, 2048, 2048, 2048, 2051, 2049, 2048, 2048]","[2049, 2048, 2048, 2048, 2048, 2048, 2048]","[2048, 2051, 2048, 2048, 2048, 2048, 2048, 2048, 2048]",311.0
1142,7779,14,7,2023-03-19T17:13:24.863000+00:00,34.921,29.68,29.821,281.0,313.0,False,94.422,"[None, 2048, 2048, 2048, 2049, 2049, 2049, 2048, 2048]","[2048, 2048, 2049, 2048, 2048, 2048, 2048]","[2048, 2048, 2049, 2048, 2048, 2048, 2048, 2048, 2049]",317.0
1142,7779,63,7,2023-03-19T17:13:27.660000+00:00,35.248,29.896,30.112,,310.0,False,95.256,"[None, 2048, 2048, 2048, 2048, 2049, 2048, 2049, 2048]","[2048, 2048, 2048, 2048, 2048, 2048, 2048]","[2048, 2048, 2048, 2048, 2048, 2049, 2048, 2048]",299.0
1142,7779,18,7,2023-03-19T17:13:28.331000+00:00,35.344,29.925,29.871,284.0,314.0,False,95.14,"[2048, 2048, 2048, 2049, 2049, 2048, 2049, 2048, 2048]","[2048, 2048, 2048, 2048, 2048, 2048, 2048]","[2048, 2048, 2049, 2049, 2049, 2048, 2048, 2049, 2049]",328.0
1142,7779,55,7,2023-03-19T17:13:29.019000+00:00,35.49,30.054,29.672,286.0,317.0,False,95.216,"[None, 2048, 2048, 2048, 2048, 2048, 2049, 2049, 2049]","[2049, 2048, 2048, 2048, 2048, 2048, 2048]","[2048, 2048, 2048, 2048, 2048, 2048, 2048, 2048, 2048]",327.0
1142,7779,31,7,2023-03-19T17:13:31.753000+00:00,35.276,30.314,30.257,281.0,301.0,False,95.847,"[2048, 2049, 2048, 2048, 2048, 2048, 2048, 2048, 2048]","[2048, 2048, 2048, 2049, 2048, 2048, 2048]","[2048, 2048, 2048, 2048, 2048, 2048, 2048, 2048, 2048]",305.0
1142,7779,44,7,2023-03-19T17:13:34.003000+00:00,35.669,30.158,30.266,284.0,301.0,False,96.093,"[None, 2048, 2048, 2048, 2048, 2048, 2049, 2049, 2048]","[2048, 2048, 2048, 2048, 2048, 2048, 2048]","[2049, 2048, 2048, 2048, 2048, 2048, 2048, 2048, 2048]",303.0
1142,7779,10,7,2023-03-19T17:13:34.472000+00:00,36.83,30.282,30.025,,315.0,False,97.137,"[None, 2048, 2048, 2048, 2048, 2048, 2048, 2048, 2048]","[2048, 2048, 2049, 2048, 2048, 2048, 2049]","[2048, 2048, 2048, 2049, 2049, 2048, 2048, 2048]",319.0
1142,7779,16,7,2023-03-19T17:13:34.659000+00:00,35.938,30.273,29.906,279.0,314.0,False,96.117,"[2051, 2049, 2048, 2048, 2048, 2048, 2048, 2048, 2048]","[2048, 2048, 2048, 2049, 2048, 2048, 2048]","[2049, 2048, 2048, 2048, 2048, 2048, 2048, 2048, 2048]",322.0
1142,7779,24,7,2023-03-19T17:13:37.441000+00:00,35.59,30.571,30.345,281.0,299.0,False,96.506,"[None, 2048, 2048, 2049, 2048, 2049, 2048, 2048, 2048]","[2048, 2048, 2048, 2048, 2048, 2048, 2048]","[2048, 2049, 2049, 2048, 2048, 2048, 2048, 2048]",307.0
1142,7779,1,7,2023-03-19T17:13:38.238000+00:00,35.409,30.025,30.253,,321.0,False,95.687,"[None, 2049, 2048, 2048, 2048, 2048, 2049, 2048, 2048]","[2048, 2048, 2048, 2048, 2049, 2048, 2051]","[2048, 2048, 2048, 2048, 2048, 2048, 2048, 2048, 2048]",336.0
1142,7779,27,7,2023-03-19T17:13:40.425000+00:00,35.715,30.316,30.367,281.0,302.0,False,96.398,"[None, 2048, 2049, 2048, 2048, 2048, 2049, 2049, 2048]","[2048, 2048, 2048, 2049, 2049, 2048, 2048]","[2048, 2048, 2048, 2048, 2049, 2048, 2048, 2048]",307.0
1142,7779,20,7,2023-03-19T17:13:41.238000+00:00,35.909,30.32,30.075,281.0,317.0,False,96.304,"[2049, 2048, 2048, 2048, 2049, 2048, 2048, 2048, 2048]","[2048, 2048, 2048, 2049, 2048, 2048, 2048]","[2048, 2048, 2048, 2048, 2049, 2048, 2048, 2048, 2048]",325.0
1142,7779,22,7,2023-03-19T17:13:42.456000+00:00,35.728,30.569,30.358,,302.0,False,96.655,"[None, 2049, 2048, 2048, 2048, 2048, 2049, 2049, 2049]","[2048, 2048, 2048, 2049, 2048, 2048, 2048]","[2048, 2048, 2048, 2048, 2048, 2049, 2048, 2048, 2048]",311.0
1142,7779,77,7,2023-03-19T17:13:43.612000+00:00,36.095,30.642,30.937,279.0,296.0,False,97.674,"[None, 2049, 2048, 2048, 2049, 2048, 2049, 2049, 2049]","[2048, 2048, 2048, 2049, 2048, 2048, 2048]","[2048, 2048, 2048, 2048, 2048, 2048, 2048, 2048]",301.0
1142,7779,23,7,2023-03-19T17:13:44.050000+00:00,36.296,30.235,31.046,,314.0,False,97.577,"[None, 2049, 2048, 2048, 2048, 2048, 2049, 2048, 2049]","[2048, 2049, 2048, 2049, 2048, 2048, 2048]","[2048, 2048, 2048, 2048, 2048, 2048, 2049, 2049, 2049]",319.0
1142,7779,2,7,2023-03-19T17:13:45.519000+00:00,36.384,30.486,30.412,284.0,314.0,False,97.282,"[None, 2048, 2048, 2048, 2048, 2048, 2048, 2048, 2048]","[2048, 2048, 2048, 2049, 2048, 2048, 2048]","[2048, 2048, 2048, 2048, 2048, 2048, 2048, 2048, 2048]",311.0
1142,7779,21,7,2023-03-19T17:13:46.175000+00:00,36.26,30.407,30.42,283.0,317.0,False,97.087,"[None, 2048, 2048, 2048, 2048, 2048, 2048, 2048, 2048]","[2048, 2049, 2048, 2048, 2049, 2049, 2048]","[2048, 2049, 2048, 2049, 2048, 2048, 2048, 2048, 2049]",321.0
1142,7779,81,7,2023-03-19T17:14:05.300000+00:00,35.123,30.112,30.401,,295.0,False,95.636,"[None, 2048, 2048, 2048, 2049, 2048, 2048, 2048, 2048]","[2048, 2048, 2048, 2048, 2048, 2048, 2048]","[2049, 2048, 2048, 2048, 2048, 2048, 2048, 2048, 2049]",293.0
1142,7779,4,7,2023-03-19T17:14:12.518000+00:00,35.175,30.229,30.367,,295.0,False,95.771,"[None, 2049, 2051, 2048, 2048, 2049, 2048, 2049, 2049]","[2048, 2048, 2048, 2049, 2048, 2048, 2048]","[2048, 2049, 2048, 2048, 2048, 2048, 2048, 2048, 2048]",294.0
1142,7779,11,8,2023-03-19T17:14:58.517000+00:00,34.767,29.802,29.908,281.0,301.0,False,94.477,"[None, 2048, 2048, 2048, 2048, 2048, 2049, 2051, 2048]","[2048, 2048, 2048, 2049, 2048, 2048, 2048]","[2049, 2048, 2048, 2048, 2048, 2048, 2048, 2048, 2048]",307.0
1142,7779,14,8,2023-03-19T17:14:59.283000+00:00,34.912,29.621,29.865,283.0,312.0,False,94.398,"[None, 2049, 2048, 2048, 2049, 2048, 2048, 2048, 2048]","[2048, 2048, 2049, 2048, 2048, 2049, 2048]","[2048, 2048, 2049, 2048, 2048, 2048, 2048, 2049, 2049]",316.0
1142,7779,63,8,2023-03-19T17:15:02.908000+00:00,35.066,29.967,30.124,285.0,299.0,False,95.157,"[None, 2049, 2049, 2048, 2048, 2048, 2048, 2049, 2049]","[2048, 2048, 2048, 2048, 2048, 2048, 2048]","[2048, 2049, 2048, 2048, 2048, 2048, 2048, 2048]",298.0
1142,7779,18,8,2023-03-19T17:15:03.470000+00:00,35.337,30.179,30.1,281.0,302.0,False,95.616,"[2049, 2048, 2048, 2048, 2048, 2048, 2048, 2048, 2048]","[2048, 2048, 2048, 2048, 2048, 2048, 2048]","[2048, 2048, 2048, 2048, 2048, 2048, 2048, 2048, 2048]",300.0
1142,7779,55,8,2023-03-19T17:15:04.173000+00:00,35.571,29.929,29.821,283.0,316.0,False,95.321,"[None, 2049, 2048, 2048, 2048, 2048, 2048, 2048, 2048]","[2048, 2048, 2048, 2048, 2048, 2048, 2048]","[2048, 2048, 2048, 2049, 2049, 2048, 2048, 2048, 2048]",333.0
1142,7779,31,8,2023-03-19T17:15:07.611000+00:00,35.576,30.327,30.309,,299.0,False,96.212,"[None, 2049, 2048, 2048, 2048, 2048, 2048, 2048, 2048]","[2049, 2048, 2048, 2048, 2048, 2048, 2048]","[2048, 2049, 2048, 2048, 2048, 2048, 2048, 2048, 2049]",304.0
1142,7779,44,8,2023-03-19T17:15:10.142000+00:00,35.713,30.134,30.275,,304.0,False,96.122,"[None, 2048, 2048, 2048, 2048, 2048, 2049, 2049, 2048]","[2048, 2049, 2048, 2048, 2048, 2048, 2048]","[2048, 2049, 2049, 2048, 2048, 2048, 2048, 2048, 2049]",303.0
1142,7779,16,8,2023-03-19T17:15:10.658000+00:00,35.781,30.018,30.059,281.0,313.0,False,95.858,"[2048, 2048, 2048, 2048, 2048, 2048, 2049, 2048, 2048]","[2048, 2049, 2048, 2049, 2048, 2048, 2048]","[2048, 2048, 2048, 2048, 2048, 2048, 2048, 2048, 2048]",323.0
1142,7779,10,8,2023-03-19T17:15:11.595000+00:00,35.98,30.443,30.222,,300.0,False,96.645,"[None, 2049, 2048, 2048, 2048, 2048, 2048, 2048, 2048]","[2048, 2048, 2048, 2048, 2048, 2048, 2048]","[2048, 2049, 2048, 2048, 2048, 2048, 2048, 2048]",300.0
1142,7779,24,8,2023-03-19T17:15:13.611000+00:00,36.42,30.382,30.332,284.0,303.0,False,97.134,"[None, 2048, 2048, 2048, 2048, 2048, 2048, 2048, 2048]","[2048, 2048, 2048, 2048, 2048, 2048, 2048]","[2048, 2048, 2048, 2048, 2048, 2048, 2048, 2048, 2049]",308.0
1142,7779,1,8,2023-03-19T17:15:13.923000+00:00,35.091,30.143,29.895,284.0,304.0,False,95.129,"[None, 2049, 2048, 2048, 2049, 2048, 2049, 2048, 2048]","[2048, 2048, 2048, 2049, 2049, 2048, 2048]","[2048, 2049, 2048, 2048, 2049, 2048, 2048, 2048]",314.0
1142,7779,27,8,2023-03-19T17:15:16.908000+00:00,35.559,30.369,30.354,284.0,303.0,False,96.282,"[None, 2049, 2049, 2048, 2048, 2048, 2049, 2049, 2048]","[2048, 2048, 2048, 2048, 2048, 2048, 2048]","[2048, 2048, 2048, 2048, 2049, 2048, 2049, 2048]",310.0
1142,7779,20,8,2023-03-19T17:15:17.533000+00:00,36.11,30.215,32.862,282.0,308.0,False,99.187,"[None, 2048, 2049, 2048, 2048, 2048, 2048, 2048, 2048]","[2049, 2048, 2049, 2049, 2048, 2048, 2048]","[2048, 2048, 2048, 2049, 2051, 2048, 2049, 2048, 2064]",332.0
1142,7779,22,8,2023-03-19T17:15:19.173000+00:00,35.745,30.508,30.316,,300.0,False,96.569,"[None, 2048, 2048, 2048, 2048, 2048, 2049, 2048, 2049]","[2048, 2049, 2048, 2049, 2048, 2048, 2048]","[2048, 2048, 2048, 2048, 2049, 2048, 2048, 2048, 2048]",312.0
1142,7779,77,8,2023-03-19T17:15:21.314000+00:00,37.436,30.705,30.69,,294.0,False,98.831,"[None, 2049, 2048, 2048, 2048, 2048, 2048, 2048, 2048]","[2048, 2048, 2048, 2048, 2049, 2048, 2048]","[2048, 2048, 2048, 2048, 2048, 2048, 2048, 2048, 2048]",303.0
1142,7779,23,8,2023-03-19T17:15:21.642000+00:00,36.31,30.285,30.458,284.0,303.0,False,97.053,"[None, 2049, 2048, 2048, 2048, 2048, 2049, 2049, 2049]","[2048, 2049, 2048, 2049, 2048, 2048, 2048]","[2048, 2049, 2048, 2048, 2049, 2049, 2048, 2048, 2048]",305.0
1142,7779,2,8,2023-03-19T17:15:22.814000+00:00,37.555,30.393,30.311,286.0,328.0,False,98.259,"[None, 2049, 2048, 2048, 2048, 2048, 2048, 2048, 2049]","[2048, 2048, 2048, 2048, 2048, 2048, 2051]","[2048, 2048, 2048, 2049, 2048, 2048, 2048, 2048, 2049]",334.0
1142,7779,21,8,2023-03-19T17:15:23.298000+00:00,36.363,30.503,30.354,282.0,313.0,False,97.22,"[2049, 2048, 2048, 2048, 2048, 2048, 2048, 2048, 2048]","[2048, 2048, 2048, 2048, 2048, 2048, 2048]","[2048, 2049, 2048, 2048, 2048, 2048, 2048, 2048, 2049]",321.0
1142,7779,81,8,2023-03-19T17:15:40.907000+00:00,35.205,30.044,30.377,,296.0,False,95.626,"[2048, 2048, 2049, 2048, 2048, 2048, 2048, 2048, 2048]","[2048, 2048, 2049, 2048, 2048, 2049, 2048]","[2048, 2049, 2049, 2048, 2048, 2048, 2048, 2048, 2049]",294.0
1142,7779,4,8,2023-03-19T17:15:48.313000+00:00,35.054,30.118,30.351,281.0,296.0,False,95.523,"[None, 2049, 2048, 2048, 2048, 2049, 2049, 2049, 2048]","[2048, 2049, 2048, 2049, 2048, 2048, 2048]","[2049, 2048, 2048, 2048, 2048, 2048, 2048, 2048, 2048]",296.0
1142,7779,11,9,2023-03-19T17:16:33.359000+00:00,34.621,29.735,29.899,284.0,303.0,False,94.255,"[None, 2048, 2048, 2048, 2051, 2048, 2048, 2051, 2048]","[2049, 2048, 2048, 2048, 2048, 2048, 2048]","[2048, 2048, 2048, 2048, 2048, 2048, 2048, 2048, 2048]",311.0
1142,7779,14,9,2023-03-19T17:16:33.703000+00:00,34.878,29.666,29.856,282.0,311.0,False,94.4,"[None, 2048, 2048, 2048, 2049, 2049, 2049, 2048, 2048]","[2048, 2048, 2049, 2048, 2048, 2049, 2048]","[2049, 2048, 2048, 2048, 2048, 2048, 2048, 2048, 2049]",316.0
1142,7779,63,9,2023-03-19T17:16:38.031000+00:00,35.327,30.296,30.267,278.0,296.0,False,95.89,"[None, 2048, 2049, 2048, 2048, 2048, 2048, 2048, 2048]","[2048, 2048, 2048, 2048, 2048, 2048, 2048]","[2048, 2048, 2048, 2048, 2048, 2048, 2048, 2048, 2048]",300.0
1142,7779,18,9,2023-03-19T17:16:39.062000+00:00,35.905,30.115,30.098,,299.0,False,96.118,"[2048, 2049, 2048, 2048, 2049, 2048, 2048, 2048, 2048]","[2048, 2048, 2048, 2048, 2048, 2048, 2048]","[2048, 2049, 2048, 2048, 2048, 2048, 2048, 2048]",301.0
1142,7779,55,9,2023-03-19T17:16:39.516000+00:00,36.227,30.143,30.008,278.0,312.0,False,96.378,"[2049, 2049, 2048, 2048, 2048, 2048, 2049, 2048, 2048]","[2048, 2048, 2048, 2048, 2049, 2048, 2048]","[2048, 2048, 2048, 2048, 2048, 2048, 2048, 2048, 2048]",322.0
1142,7779,31,9,2023-03-19T17:16:43.875000+00:00,35.3,30.325,30.299,282.0,300.0,False,95.924,"[None, 2049, 2049, 2048, 2049, 2048, 2048, 2048, 2049]","[2048, 2048, 2048, 2049, 2048, 2048, 2048]","[2048, 2048, 2048, 2048, 2048, 2048, 2048, 2048, 2049]",304.0
1142,7779,44,9,2023-03-19T17:16:46.250000+00:00,36.517,30.175,30.286,,303.0,False,96.978,"[None, 2048, 2048, 2048, 2048, 2048, 2048, 2048, 2048]","[2048, 2048, 2048, 2048, 2048, 2049, 2048]","[2048, 2048, 2048, 2049, 2048, 2048, 2048, 2048, 2049]",306.0
1142,7779,16,9,2023-03-19T17:16:46.656000+00:00,35.033,30.283,30.048,,296.0,False,95.364,"[None, 2048, 2049, 2048, 2049, 2049, 2049, 2049, 2049]","[2049, 2048, 2048, 2049, 2048, 2048, 2048]","[2048, 2049, 2048, 2048, 2048, 2048, 2048, 2048, 2048]",313.0
1142,7779,10,9,2023-03-19T17:16:48.281000+00:00,35.675,30.349,30.525,,299.0,False,96.549,"[2048, 2048, 2048, 2048, 2048, 2049, 2049, 2049, 2048]","[2048, 2048, 2048, 2048, 2048, 2048, 2048]","[2048, 2048, 2048, 2048, 2048, 2048, 2048, 2049, 2049]",304.0
1142,7779,1,9,2023-03-19T17:16:48.937000+00:00,35.45,30.017,30.094,288.0,307.0,False,95.561,"[None, 2048, 2048, 2048, 2048, 2048, 2048, 2048, 2048]","[2048, 2048, 2048, 2048, 2048, 2048, 2048]","[2048, 2048, 2051, 2048, 2048, 2048, 2048, 2048]",325.0
1142,7779,24,9,2023-03-19T17:16:50.765000+00:00,35.535,30.439,30.477,283.0,299.0,False,96.451,"[None, 2048, 2048, 2048, 2048, 2049, 2048, 2048, 2049]","[2048, 2048, 2048, 2048, 2048, 2048, 2048]","[2048, 2048, 2048, 2048, 2048, 2048, 2048, 2048, 2048]",307.0
1142,7779,27,9,2023-03-19T17:16:53.156000+00:00,35.657,30.246,30.71,283.0,302.0,False,96.613,"[None, 2048, 2048, 2048, 2048, 2048, 2048, 2049, 2049]","[2049, 2049, 2048, 2048, 2048, 2048, 2048]","[2048, 2048, 2048, 2048, 2049, 2048, 2048, 2048, 2048]",309.0
1142,7779,22,9,2023-03-19T17:16:55.640000+00:00,35.557,30.381,30.347,,300.0,False,96.285,"[None, 2048, 2048, 2048, 2048, 2049, 2049, 2049, 2049]","[2049, 2049, 2048, 2049, 2049, 2048, 2048]","[2048, 2048, 2048, 2048, 2048, 2049, 2048, 2048, 2048]",308.0
1142,7779,20,9,2023-03-19T17:16:56.687000+00:00,52.627,30.14,30.197,280.0,295.0,True,112.964,"[2064, 2064, 2064, 2048, 2048, 2048, 2049, 2049, 2049]","[2048, 2049, 2048, 2049, 2049, 2048, 2048]","[2048, 2049, 2048, 2048, 2048, 2049, 2049, 2048, 2048]",298.0
1142,7779,23,9,2023-03-19T17:16:58.593000+00:00,35.551,30.19,30.385,287.0,305.0,False,96.126,"[None, 2048, 2049, 2048, 2049, 2049, 2049, 2049, 2049]","[2049, 2048, 2048, 2049, 2048, 2048, 2048]","[2049, 2048, 2048, 2048, 2049, 2049, 2048, 2048]",307.0
1142,7779,77,9,2023-03-19T17:17:00.125000+00:00,36.077,30.398,33.142,278.0,293.0,False,99.617,"[None, 2048, 2048, 2048, 2048, 2048, 2048, 2049, 2048]","[2049, 2049, 2048, 2049, 2049, 2048, 2048]","[2048, 2049, 2048, 2048, 2048, 2048, 2048, 2048, 2064]",299.0
1142,7779,21,9,2023-03-19T17:17:00.515000+00:00,36.536,30.325,30.388,283.0,315.0,False,97.249,"[None, 2048, 2048, 2048, 2048, 2048, 2048, 2048, 2048]","[2048, 2049, 2048, 2049, 2049, 2048, 2048]","[2048, 2048, 2048, 2048, 2048, 2049, 2048, 2048, 2048]",319.0
1142,7779,2,9,2023-03-19T17:17:01.078000+00:00,36.602,30.361,30.196,287.0,324.0,False,97.159,"[2049, 2048, 2048, 2048, 2048, 2048, 2048, 2048, 2049]","[2048, 2048, 2048, 2048, 2049, 2048, 2051]","[2048, 2048, 2048, 2048, 2048, 2048, 2048, 2048]",329.0
1142,7779,81,9,2023-03-19T17:17:16.749000+00:00,35.365,30.098,30.437,282.0,299.0,False,95.9,"[2049, 2048, 2048, 2048, 2048, 2048, 2048, 2048, 2048]","[2048, 2048, 2048, 2048, 2048, 2049, 2048]","[2048, 2048, 2049, 2048, 2048, 2048, 2048, 2048, 2049]",294.0
1142,7779,4,9,2023-03-19T17:17:23.812000+00:00,35.056,30.125,30.54,,296.0,False,95.721,"[None, 2049, 2048, 2048, 2048, 2049, 2048, 2048, 2049]","[2048, 2048, 2048, 2048, 2048, 2048, 2048]","[2048, 2049, 2048, 2048, 2048, 2048, 2048, 2048, 2048]",292.0
1142,7779,11,10,2023-03-19T17:18:07.248000+00:00,34.58,29.708,29.818,286.0,302.0,False,94.106,"[None, 2048, 2048, 2048, 2048, 2048, 2048, 2051, 2048]","[2048, 2048, 2048, 2049, 2048, 2048, 2048]","[2048, 2048, 2048, 2048, 2048, 2049, 2048, 2048, 2048]",308.0
1142,7779,14,10,2023-03-19T17:18:08.108000+00:00,34.913,29.739,30.183,283.0,299.0,False,94.835,"[None, 2049, 2048, 2048, 2048, 2048, 2048, 2048, 2048]","[2048, 2048, 2048, 2048, 2049, 2048, 2048]","[2048, 2048, 2048, 2048, 2048, 2048, 2048, 2048, 2048]",300.0
1142,7779,63,10,2023-03-19T17:18:13.951000+00:00,35.133,29.965,30.167,284.0,303.0,False,95.265,"[None, 2048, 2048, 2048, 2049, 2049, 2048, 2048, 2048]","[2048, 2048, 2048, 2049, 2048, 2048, 2048]","[2048, 2048, 2048, 2048, 2048, 2048, 2048, 2048, 2048]",303.0
1142,7779,18,10,2023-03-19T17:18:15.217000+00:00,35.28,30.108,30.055,,299.0,False,95.443,"[None, 2048, 2048, 2048, 2048, 2049, 2048, 2049, 2049]","[2048, 2048, 2048, 2048, 2048, 2048, 2048]","[2048, 2048, 2048, 2048, 2048, 2048, 2048, 2048, 2048]",298.0
1142,7779,55,10,2023-03-19T17:18:15.889000+00:00,35.619,30.202,30.235,279.0,299.0,False,96.056,"[2048, 2048, 2048, 2048, 2048, 2048, 2049, 2049, 2048]","[2048, 2048, 2048, 2048, 2048, 2048, 2048]","[2048, 2048, 2048, 2048, 2048, 2048, 2048, 2048]",305.0
1142,7779,31,10,2023-03-19T17:18:19.732000+00:00,35.371,30.247,30.337,,300.0,False,95.955,"[2049, 2048, 2048, 2048, 2048, 2048, 2048, 2048, 2048]","[2048, 2048, 2048, 2049, 2048, 2048, 2048]","[2048, 2048, 2048, 2048, 2048, 2048, 2048, 2048, 2048]",303.0
1142,7779,16,10,2023-03-19T17:18:21.873000+00:00,35.189,30.224,30.199,280.0,296.0,False,95.612,"[None, 2048, 2049, 2048, 2049, 2048, 2048, 2048, 2048]","[2049, 2048, 2048, 2049, 2048, 2048, 2048]","[2048, 2048, 2048, 2048, 2048, 2048, 2048, 2048, 2048]",301.0
1142,7779,44,10,2023-03-19T17:18:23.217000+00:00,35.711,30.071,30.194,285.0,300.0,False,95.976,"[None, 2048, 2048, 2048, 2048, 2049, 2048, 2048, 2048]","[2049, 2048, 2049, 2048, 2048, 2048, 2048]","[2048, 2048, 2049, 2048, 2048, 2048, 2048, 2048, 2049]",305.0
1142,7779,1,10,2023-03-19T17:18:24.529000+00:00,35.434,30.05,29.959,,307.0,False,95.443,"[None, 2048, 2048, 2048, 2048, 2048, 2048, 2048, 2049]","[2048, 2048, 2048, 2048, 2048, 2048, 2048]","[2048, 2048, 2048, 2048, 2048, 2048, 2048, 2048, 2048]",314.0
1142,7779,10,10,2023-03-19T17:18:24.779000+00:00,36.148,30.188,29.926,280.0,314.0,False,96.262,"[None, 2048, 2048, 2048, 2048, 2048, 2048, 2048, 2048]","[2048, 2048, 2048, 2048, 2048, 2048, 2048]","[2049, 2048, 2048, 2048, 2048, 2048, 2048, 2048, 2048]",317.0
1142,7779,24,10,2023-03-19T17:18:27.201000+00:00,35.578,30.376,30.299,282.0,298.0,False,96.253,"[None, 2048, 2048, 2048, 2048, 2048, 2048, 2048, 2048]","[2048, 2048, 2048, 2049, 2048, 2048, 2048]","[2048, 2048, 2048, 2048, 2048, 2048, 2048, 2048, 2049]",304.0
1142,7779,27,10,2023-03-19T17:18:29.764000+00:00,35.667,30.269,30.23,282.0,302.0,False,96.166,"[None, 2048, 2048, 2048, 2048, 2048, 2048, 2049, 2048]","[2048, 2048, 2048, 2048, 2048, 2048, 2048]","[2048, 2048, 2048, 2048, 2048, 2048, 2049, 2048, 2048]",308.0
1142,7779,22,10,2023-03-19T17:18:31.998000+00:00,35.502,30.397,30.288,283.0,300.0,False,96.187,"[None, 2048, 2048, 2048, 2049, 2049, 2048, 2048, 2048]","[2049, 2048, 2048, 2048, 2048, 2048, 2048]","[2048, 2049, 2048, 2048, 2048, 2048, 2048, 2048, 2048]",305.0
1142,7779,23,10,2023-03-19T17:18:34.732000+00:00,35.8,30.213,30.298,286.0,306.0,False,96.311,"[None, 2048, 2049, 2048, 2048, 2048, 2049, 2048, 2048]","[2048, 2048, 2048, 2048, 2048, 2048, 2048]","[2048, 2049, 2048, 2048, 2048, 2048, 2048, 2048, 2048]",307.0
1142,7779,21,10,2023-03-19T17:18:37.670000+00:00,35.515,30.551,30.526,281.0,299.0,False,96.592,"[2048, 2049, 2049, 2048, 2048, 2049, 2049, 2049, 2048]","[2048, 2049, 2048, 2049, 2048, 2048, 2048]","[2048, 2049, 2048, 2048, 2048, 2049, 2048, 2048]",300.0
1142,7779,2,10,2023-03-19T17:18:38.185000+00:00,36.189,30.339,30.229,,311.0,False,96.757,"[None, 2048, 2048, 2048, 2048, 2048, 2049, 2049, 2049]","[2048, 2048, 2048, 2048, 2048, 2048, 2048]","[2048, 2048, 2048, 2048, 2048, 2048, 2048, 2048, 2048]",325.0
1142,7779,77,10,2023-03-19T17:18:39.732000+00:00,53.557,30.453,30.479,274.0,289.0,True,114.489,"[2064, 2064, 2064, 2048, 2048, 2048, 2048, 2049, 2048]","[2048, 2049, 2048, 2049, 2048, 2048, 2048]","[2048, 2049, 2048, 2048, 2048, 2049, 2049, 2048, 0]",295.0
1142,7779,20,10,2023-03-19T17:18:49.654000+00:00,35.282,30.269,30.283,277.0,296.0,False,95.834,"[2048, 2048, 2051, 2048, 2048, 2049, 2048, 2049, 2048]","[2048, 2048, 2048, 2049, 2048, 2048, 2048]","[2048, 2048, 2048, 2048, 2048, 2048, 2048, 2048]",300.0
1142,7779,81,10,2023-03-19T17:18:52.435000+00:00,35.32,30.165,30.297,280.0,297.0,False,95.782,"[None, 2048, 2048, 2048, 2049, 2048, 2048, 2048, 2048]","[2048, 2048, 2049, 2048, 2048, 2048, 2048]","[2048, 2049, 2048, 2048, 2048, 2048, 2048, 2049]",296.0
1142,7779,4,10,2023-03-19T17:18:59.529000+00:00,35.339,30.3,30.502,282.0,302.0,False,96.141,"[None, 2048, 2048, 2048, 2048, 2048, 2048, 2048, 2048]","[2048, 2048, 2048, 2048, 2048, 2048, 2049]","[2048, 2048, 2048, 2048, 2048, 2048, 2048, 2048, 2048]",296.0
1142,7779,11,11,2023-03-19T17:19:41.356000+00:00,34.583,29.677,29.815,284.0,303.0,False,94.075,"[None, 2048, 2049, 2048, 2048, 2048, 2049, 2048, 2048]","[2049, 2048, 2048, 2048, 2048, 2048, 2048]","[2049, 2048, 2048, 2048, 2048, 2048, 2048, 2048, 2048]",310.0
1142,7779,14,11,2023-03-19T17:19:42.950000+00:00,35.137,29.742,30.103,282.0,299.0,False,94.982,"[2048, 2048, 2048, 2048, 2051, 2048, 2048, 2048, 2048]","[2048, 2048, 2048, 2048, 2049, 2048, 2048]","[2048, 2048, 2048, 2048, 2048, 2048, 2048, 2049, 2048]",300.0
1142,7779,63,11,2023-03-19T17:19:49.200000+00:00,35.215,30.009,30.176,,303.0,False,95.4,"[None, 2048, 2048, 2048, 2049, 2048, 2048, 2048, 2048]","[2048, 2048, 2048, 2048, 2048, 2048, 2048]","[2049, 2048, 2048, 2048, 2048, 2048, 2048, 2048, 2048]",299.0
1142,7779,18,11,2023-03-19T17:19:50.668000+00:00,35.319,30.173,30.02,280.0,301.0,False,95.512,"[None, 2048, 2048, 2048, 2049, 2048, 2048, 2048, 2048]","[2048, 2048, 2048, 2048, 2048, 2048, 2048]","[2048, 2048, 2048, 2048, 2048, 2048, 2048, 2048, 2048]",299.0
1142,7779,55,11,2023-03-19T17:19:51.996000+00:00,35.408,30.107,30.327,282.0,300.0,False,95.842,"[None, 2048, 2049, 2048, 2049, 2048, 2049, 2049, 2048]","[2048, 2048, 2048, 2048, 2048, 2048, 2048]","[2048, 2048, 2048, 2048, 2048, 2048, 2048, 2048, 2048]",304.0
1142,7779,31,11,2023-03-19T17:19:55.699000+00:00,35.334,30.261,30.306,,299.0,False,95.901,"[2048, 2048, 2048, 2048, 2048, 2048, 2048, 2048, 2048]","[2048, 2048, 2048, 2048, 2048, 2048, 2048]","[2048, 2049, 2048, 2048, 2048, 2048, 2048, 2048, 2048]",302.0
1142,7779,16,11,2023-03-19T17:19:57.606000+00:00,35.104,29.894,30.127,285.0,303.0,False,95.125,"[None, 2048, 2048, 2048, 2048, 2049, 2049, 2048, 2048]","[2049, 2049, 2049, 2049, 2049, 2048, 2048]","[2048, 2048, 2048, 2048, 2048, 2048, 2048, 2048]",311.0
1142,7779,44,11,2023-03-19T17:19:59.215000+00:00,35.495,30.128,30.286,284.0,303.0,False,95.909,"[None, 2048, 2048, 2048, 2049, 2048, 2049, 2048, 2048]","[2048, 2048, 2048, 2048, 2048, 2048, 2048]","[2048, 2048, 2048, 2048, 2048, 2048, 2048, 2048]",304.0
1142,7779,1,11,2023-03-19T17:20:00.043000+00:00,35.387,29.767,30.152,287.0,310.0,False,95.306,"[None, 2048, 2048, 2048, 2048, 2048, 2048, 2048, 2048]","[2049, 2048, 2048, 2048, 2049, 2048, 2048]","[2048, 2048, 2051, 2048, 2048, 2048, 2048, 2048, 2049]",295.0
1142,7779,10,11,2023-03-19T17:20:01.043000+00:00,35.527,30.305,30.19,,300.0,False,96.022,"[None, 2048, 2048, 2048, 2048, 2048, 2049, 2048, 2048]","[2049, 2048, 2048, 2048, 2048, 2048, 2048]","[2048, 2049, 2048, 2048, 2048, 2048, 2048, 2048, 2048]",301.0
1142,7779,24,11,2023-03-19T17:20:03.449000+00:00,35.683,30.315,33.249,281.0,300.0,False,99.247,"[None, 2048, 2048, 2048, 2048, 2048, 2049, 2048, 2048]","[2048, 2048, 2048, 2048, 2048, 2048, 2048]","[2048, 2048, 2048, 2048, 2048, 2048, 2048, 2048, 2064]",304.0
1142,7779,27,11,2023-03-19T17:20:05.949000+00:00,35.802,30.23,33.034,285.0,304.0,False,99.066,"[None, 2048, 2048, 2048, 2049, 2048, 2048, 2048, 2049]","[2049, 2048, 2049, 2049, 2048, 2048, 2048]","[2048, 2048, 2048, 2048, 2049, 2048, 2048, 2048, 2064]",309.0
1142,7779,22,11,2023-03-19T17:20:08.215000+00:00,35.469,30.352,30.379,,301.0,False,96.2,"[None, 2048, 2048, 2048, 2049, 2048, 2049, 2049, 2048]","[2049, 2048, 2048, 2049, 2048, 2048, 2048]","[2048, 2048, 2049, 2048, 2048, 2048, 2048, 2048]",304.0
1142,7779,23,11,2023-03-19T17:20:11.105000+00:00,35.469,30.055,30.387,287.0,308.0,False,95.911,"[None, 2048, 2049, 2048, 2049, 2048, 2048, 2048, 2048]","[2048, 2049, 2049, 2049, 2048, 2048, 2048]","[2048, 2049, 2048, 2048, 2048, 2048, 2048, 2048, 2048]",305.0
1142,7779,21,11,2023-03-19T17:20:14.371000+00:00,35.54,30.425,30.555,283.0,299.0,False,96.52,"[None, 2048, 2048, 2048, 2048, 2049, 2049, 2049, 2049]","[2048, 2049, 2048, 2049, 2048, 2048, 2048]","[2048, 2049, 2048, 2048, 2048, 2048, 2048, 2048, 2048]",299.0
1142,7779,2,11,2023-03-19T17:20:14.996000+00:00,36.03,30.337,30.368,,307.0,False,96.735,"[2048, 2048, 2048, 2048, 2048, 2048, 2049, 2048, 2049]","[2049, 2048, 2048, 2049, 2048, 2048, 2048]","[2048, 2048, 2048, 2048, 2048, 2048, 2048, 2048, 2048]",312.0
1142,7779,20,11,2023-03-19T17:20:25.402000+00:00,35.076,30.268,30.412,282.0,297.0,False,95.756,"[None, 2048, 2048, 2048, 2049, 2049, 2048, 2049, 2049]","[2048, 2048, 2048, 2048, 2048, 2048, 2048]","[2048, 2048, 2048, 2048, 2048, 2048, 2048, 2048, 2048]",301.0
1142,7779,81,11,2023-03-19T17:20:28.168000+00:00,35.286,30.264,30.349,281.0,297.0,False,95.899,"[None, 2048, 2048, 2048, 2048, 2048, 2048, 2048, 2048]","[2049, 2048, 2048, 2048, 2048, 2048, 2048]","[2048, 2048, 2049, 2048, 2048, 2048, 2048, 2048, 2048]",295.0
1142,7779,77,11,2023-03-19T17:20:34.277000+00:00,35.311,30.359,30.548,275.0,290.0,False,96.218,"[2048, 2048, 2049, 2048, 2048, 2049, 2048, 2048, 2048]","[2048, 2048, 2048, 2049, 2049, 2048, 2048]","[2048, 2048, 2048, 2048, 2048, 2048, 2048, 2048, 2048]",294.0
1142,7779,4,11,2023-03-19T17:20:35.683000+00:00,35.385,30.236,30.479,283.0,300.0,False,96.1,"[None, 2048, 2048, 2048, 2048, 2048, 2048, 2048, 2048]","[2049, 2048, 2048, 2048, 2048, 2048, 2048]","[2048, 2048, 2048, 2048, 2048, 2048, 2048, 2048]",297.0
1142,7779,11,12,2023-03-19T17:21:15.417000+00:00,34.494,29.695,29.971,286.0,301.0,False,94.16,"[None, 2048, 2048, 2049, 2048, 2048, 2049, 2048, 2048]","[2049, 2048, 2048, 2048, 2048, 2048, 2048]","[2048, 2048, 2048, 2048, 2048, 2048, 2048, 2048, 2048]",307.0
1142,7779,14,12,2023-03-19T17:21:17.917000+00:00,34.857,29.907,30.163,283.0,301.0,False,94.927,"[None, 2048, 2048, 2048, 2048, 2048, 2049, 2048, 2049]","[2048, 2048, 2048, 2048, 2048, 2048, 2048]","[2048, 2048, 2048, 2048, 2048, 2048, 2048, 2048, 2048]",300.0
1142,7779,63,12,2023-03-19T17:21:24.604000+00:00,35.173,29.953,30.157,,302.0,False,95.283,"[None, 2048, 2048, 2048, 2049, 2048, 2048, 2048, 2048]","[2048, 2048, 2048, 2049, 2048, 2048, 2048]","[2048, 2048, 2048, 2048, 2048, 2048, 2048, 2048, 2048]",298.0
1142,7779,18,12,2023-03-19T17:21:26.151000+00:00,35.894,30.346,30.282,278.0,296.0,False,96.522,"[None, 2048, 2048, 2048, 2051, 2048, 2048, 2048, 2048]","[2048, 2048, 2048, 2048, 2048, 2048, 2048]","[2048, 2048, 2048, 2048, 2048, 2048, 2048, 2048, 2048]",296.0
1142,7779,55,12,2023-03-19T17:21:27.776000+00:00,35.558,30.151,30.235,283.0,300.0,False,95.944,"[None, 2048, 2049, 2048, 2048, 2048, 2048, 2048, 2048]","[2048, 2048, 2048, 2048, 2048, 2048, 2048]","[2048, 2048, 2048, 2048, 2048, 2048, 2048, 2048, 2048]",308.0
1142,7779,31,12,2023-03-19T17:21:31.588000+00:00,35.496,30.356,30.414,,298.0,False,96.266,"[None, 2048, 2048, 2048, 2048, 2048, 2048, 2048, 2048]","[2048, 2048, 2048, 2048, 2048, 2048, 2048]","[2048, 2048, 2048, 2048, 2048, 2048, 2048, 2048]",302.0
1142,7779,16,12,2023-03-19T17:21:32.760000+00:00,35.281,29.92,30.237,286.0,315.0,False,95.438,"[None, 2048, 2049, 2048, 2048, 2048, 2048, 2048, 2048]","[2049, 2049, 2049, 2048, 2048, 2048, 2049]","[2048, 2048, 2048, 2048, 2048, 2048, 2048, 2048, 2048]",317.0
1142,7779,44,12,2023-03-19T17:21:35.088000+00:00,36.173,30.166,30.229,,306.0,False,96.568,"[None, 2048, 2048, 2048, 2048, 2048, 2048, 2048, 2048]","[2048, 2048, 2049, 2048, 2048, 2049, 2048]","[2048, 2048, 2049, 2049, 2048, 2048, 2048, 2048, 2048]",306.0
1142,7779,1,12,2023-03-19T17:21:35.291000+00:00,34.856,29.984,30.008,288.0,308.0,False,94.848,"[2049, 2049, 2048, 2048, 2048, 2048, 2049, 2049, 2049]","[2048, 2048, 2048, 2049, 2048, 2048, 2048]","[2048, 2048, 2048, 2048, 2048, 2048, 2048, 2048]",309.0
1142,7779,10,12,2023-03-19T17:21:37.073000+00:00,35.656,30.268,30.204,,300.0,False,96.128,"[None, 2048, 2048, 2048, 2048, 2048, 2049, 2049, 2048]","[2048, 2048, 2048, 2048, 2048, 2048, 2048]","[2048, 2048, 2048, 2048, 2049, 2048, 2048, 2048, 2048]",301.0
1142,7779,24,12,2023-03-19T17:21:42.698000+00:00,55.211,30.14,30.523,277.0,293.0,True,115.874,"[2064, 2064, 2064, 2048, 2048, 2048, 2048, 2048, 2048]","[2048, 2049, 2048, 2049, 2048, 2048, 2048]","[2049, 2048, 2048, 2048, 2048, 2048, 2051, 2049, 0]",298.0
1142,7779,22,12,2023-03-19T17:21:44.338000+00:00,35.255,30.232,30.352,,300.0,False,95.839,"[None, 2048, 2049, 2048, 2049, 2049, 2048, 2049, 2049]","[2048, 2049, 2048, 2049, 2048, 2048, 2048]","[2049, 2048, 2048, 2048, 2048, 2048, 2048, 2048]",303.0
1142,7779,27,12,2023-03-19T17:21:45.057000+00:00,53.513,29.925,30.015,285.0,311.0,True,113.453,"[2064, 2064, 2064, 2048, 2048, 2048, 2048, 2048, 2049]","[2048, 2049, 2049, 2048, 2048, 2048, 2048]","[2048, 2048, 2049, 2048, 2048, 2048, 2049, 2049, 2048]",324.0
1142,7779,23,12,2023-03-19T17:21:47.041000+00:00,35.463,30.255,30.348,288.0,304.0,False,96.066,"[None, 2048, 2048, 2048, 2048, 2049, 2048, 2049, 2049]","[2049, 2048, 2048, 2048, 2048, 2048, 2048]","[2048, 2048, 2048, 2048, 2048, 2048, 2048, 2048]",306.0
1142,7779,21,12,2023-03-19T17:21:50.885000+00:00,35.372,30.407,30.503,,297.0,False,96.282,"[None, 2048, 2049, 2048, 2049, 2049, 2049, 2049, 2048]","[2048, 2049, 2048, 2048, 2048, 2048, 2048]","[2048, 2048, 2048, 2048, 2048, 2048, 2048, 2048, 2048]",300.0
1142,7779,2,12,2023-03-19T17:21:51.713000+00:00,36.067,30.146,30.432,,310.0,False,96.645,"[None, 2048, 2048, 2048, 2048, 2048, 2048, 2048, 2049]","[2049, 2048, 2049, 2049, 2049, 2048, 2048]","[2048, 2048, 2048, 2048, 2048, 2048, 2048, 2048]",310.0
1142,7779,20,12,2023-03-19T17:22:01.260000+00:00,35.461,30.047,30.297,281.0,298.0,False,95.805,"[None, 2048, 2048, 2048, 2048, 2048, 2048, 2049, 2048]","[2048, 2048, 2048, 2049, 2048, 2048, 2048]","[2048, 2048, 2048, 2048, 2048, 2048, 2048, 2048]",302.0
1142,7779,81,12,2023-03-19T17:22:04.135000+00:00,35.515,30.381,30.468,282.0,301.0,False,96.364,"[2048, 2048, 2048, 2048, 2048, 2048, 2048, 2048, 2048]","[2048, 2048, 2048, 2048, 2048, 2049, 2049]","[2048, 2048, 2049, 2049, 2048, 2048, 2048, 2048, 2049]",298.0
1142,7779,77,12,2023-03-19T17:22:10.463000+00:00,35.129,30.366,30.432,276.0,292.0,False,95.927,"[None, 2048, 2048, 2049, 2049, 2048, 2049, 2049, 2048]","[2048, 2048, 2048, 2049, 2048, 2048, 2048]","[2049, 2048, 2048, 2048, 2048, 2048, 2048, 2048, 2048]",298.0
1142,7779,4,12,2023-03-19T17:22:11.775000+00:00,35.314,30.375,30.596,,300.0,False,96.285,"[None, 2048, 2048, 2048, 2048, 2048, 2048, 2048, 2049]","[2048, 2048, 2048, 2048, 2048, 2048, 2048]","[2048, 2048, 2048, 2048, 2048, 2048, 2048, 2048, 2048]",296.0
1142,7779,11,13,2023-03-19T17:22:49.603000+00:00,34.547,29.804,29.912,285.0,303.0,False,94.263,"[None, 2048, 2048, 2048, 2049, 2048, 2048, 2048, 2048]","[2048, 2048, 2048, 2048, 2048, 2048, 2048]","[2049, 2048, 2048, 2048, 2048, 2048, 2048, 2048, 2048]",309.0
1142,7779,14,13,2023-03-19T17:22:52.837000+00:00,34.975,29.846,30.097,282.0,301.0,False,94.918,"[None, 2048, 2049, 2048, 2048, 2048, 2048, 2048, 2048]","[2048, 2048, 2048, 2048, 2048, 2048, 2048]","[2048, 2048, 2048, 2048, 2048, 2048, 2048, 2048, 2048]",302.0
1142,7779,63,13,2023-03-19T17:22:59.899000+00:00,34.973,29.898,30.172,,305.0,False,95.043,"[None, 2048, 2048, 2048, 2051, 2048, 2048, 2049, 2048]","[2048, 2048, 2048, 2049, 2048, 2048, 2048]","[2049, 2048, 2048, 2048, 2048, 2048, 2048, 2048, 2048]",301.0
1142,7779,18,13,2023-03-19T17:23:02.649000+00:00,35.442,30.29,32.811,275.0,295.0,False,98.543,"[None, 2048, 2049, 2049, 2048, 2048, 2048, 2049, 2048]","[2048, 2048, 2048, 2048, 2048, 2048, 2048]","[2048, 2048, 2048, 2048, 2048, 2048, 2048, 2048, 2064]",294.0
1142,7779,55,13,2023-03-19T17:23:03.712000+00:00,35.376,29.991,29.889,284.0,317.0,False,95.256,"[None, 2048, 2048, 2048, 2048, 2048, 2048, 2048, 2048]","[2048, 2048, 2048, 2048, 2048, 2049, 2048]","[2048, 2048, 2048, 2048, 2048, 2048, 2048, 2048]",325.0
1142,7779,31,13,2023-03-19T17:23:07.868000+00:00,36.284,30.428,30.444,281.0,302.0,False,97.156,"[None, 2048, 2048, 2048, 2048, 2048, 2048, 2048, 2048]","[2048, 2048, 2048, 2048, 2048, 2048, 2048]","[2048, 2048, 2049, 2048, 2048, 2048, 2048, 2049]",305.0
1142,7779,16,13,2023-03-19T17:23:08.196000+00:00,34.84,30.104,30.282,282.0,296.0,False,95.226,"[None, 2049, 2048, 2048, 2048, 2048, 2049, 2048, 2049]","[2048, 2048, 2048, 2049, 2048, 2048, 2048]","[2048, 2048, 2048, 2048, 2048, 2048, 2048, 2048, 2048]",303.0
1142,7779,1,13,2023-03-19T17:23:10.102000+00:00,35.069,29.867,30.247,,323.0,False,95.183,"[2048, 2048, 2048, 2048, 2049, 2049, 2049, 2048, 2049]","[2049, 2048, 2048, 2048, 2048, 2048, 2048]","[2048, 2048, 2048, 2048, 2048, 2048, 2048, 2048, 2048]",334.0
1142,7779,44,13,2023-03-19T17:23:11.680000+00:00,35.518,30.056,30.248,283.0,303.0,False,95.822,"[None, 2048, 2048, 2048, 2048, 2048, 2048, 2048, 2048]","[2049, 2048, 2048, 2048, 2048, 2048, 2048]","[2048, 2048, 2049, 2048, 2048, 2048, 2048, 2048, 2049]",305.0
1142,7779,10,13,2023-03-19T17:23:13.180000+00:00,35.579,30.285,30.306,,300.0,False,96.17,"[None, 2048, 2049, 2048, 2049, 2048, 2048, 2049, 2048]","[2048, 2048, 2048, 2048, 2048, 2048, 2048]","[2048, 2048, 2048, 2048, 2048, 2048, 2048, 2048, 2048]",301.0
1142,7779,22,13,2023-03-19T17:23:20.133000+00:00,35.257,30.322,30.508,280.0,298.0,False,96.087,"[None, 2048, 2048, 2049, 2048, 2048, 2049, 2049, 2048]","[2048, 2049, 2048, 2048, 2048, 2048, 2048]","[2048, 2048, 2048, 2048, 2048, 2049, 2048, 2048, 2048]",300.0
1142,7779,23,13,2023-03-19T17:23:23.008000+00:00,35.39,30.282,30.354,286.0,305.0,False,96.026,"[None, 2048, 2048, 2048, 2048, 2049, 2048, 2048, 2048]","[2048, 2048, 2048, 2048, 2048, 2048, 2048]","[2049, 2048, 2048, 2048, 2049, 2048, 2048, 2048, 2048]",306.0
1142,7779,21,13,2023-03-19T17:23:27.086000+00:00,35.312,30.272,30.43,282.0,298.0,False,96.014,"[None, 2048, 2049, 2048, 2048, 2049, 2049, 2048, 2049]","[2048, 2049, 2049, 2049, 2049, 2048, 2048]","[2048, 2049, 2048, 2048, 2048, 2048, 2048, 2048, 2048]",300.0
1142,7779,2,13,2023-03-19T17:23:28.289000+00:00,35.752,30.021,30.353,286.0,308.0,False,96.126,"[None, 2048, 2048, 2049, 2048, 2049, 2049, 2048, 2049]","[2048, 2049, 2049, 2049, 2049, 2048, 2048]","[2048, 2048, 2048, 2048, 2048, 2048, 2048, 2048, 2048]",310.0
1142,7779,20,13,2023-03-19T17:23:36.945000+00:00,35.133,30.137,30.282,,298.0,False,95.552,"[None, 2048, 2048, 2048, 2048, 2049, 2049, 2049, 2049]","[2048, 2048, 2048, 2048, 2048, 2048, 2048]","[2048, 2048, 2048, 2048, 2048, 2048, 2048, 2048, 2048]",300.0
1142,7779,27,13,2023-03-19T17:23:38.399000+00:00,35.946,29.984,29.962,283.0,314.0,False,95.892,"[2048, 2048, 2048, 2048, 2048, 2048, 2049, 2048, 2048]","[2048, 2048, 2048, 2048, 2048, 2048, 2048]","[2049, 2048, 2048, 2048, 2048, 2048, 2048, 2049, 2048]",322.0
1142,7779,24,13,2023-03-19T17:23:38.602000+00:00,34.978,30.002,30.283,281.0,298.0,False,95.263,"[2049, 2049, 2048, 2048, 2048, 2049, 2049, 2049, 2048]","[2048, 2048, 2048, 2049, 2049, 2048, 2048]","[2049, 2048, 2048, 2048, 2048, 2049, 2048, 2048, 2048]",303.0
1142,7779,81,13,2023-03-19T17:23:40.492000+00:00,35.819,30.339,30.496,280.0,297.0,False,96.654,"[2049, 2049, 2048, 2048, 2048, 2048, 2048, 2048, 2048]","[2048, 2048, 2048, 2048, 2048, 2049, 2048]","[2048, 2048, 2049, 2048, 2048, 2048, 2048, 2048]",295.0
1142,7779,77,13,2023-03-19T17:23:46.367000+00:00,35.439,30.491,30.565,277.0,290.0,False,96.495,"[None, 2048, 2048, 2048, 2048, 2048, 2048, 2048, 2048]","[2048, 2048, 2048, 2048, 2048, 2048, 2048]","[2048, 2048, 2048, 2048, 2048, 2048, 2048, 2048]",295.0
1142,7779,4,13,2023-03-19T17:23:48.055000+00:00,35.484,30.298,30.487,,302.0,False,96.269,"[None, 2048, 2048, 2048, 2048, 2048, 2048, 2048, 2048]","[2048, 2048, 2048, 2048, 2048, 2048, 2048]","[2048, 2048, 2048, 2048, 2048, 2048, 2048, 2048, 2048]",298.0
1142,7779,11,14,2023-03-19T17:24:23.835000+00:00,34.688,29.793,29.928,286.0,302.0,False,94.409,"[None, 2048, 2048, 2048, 2048, 2048, 2048, 2048, 2048]","[2048, 2048, 2048, 2048, 2048, 2048, 2048]","[2048, 2048, 2048, 2048, 2048, 2048, 2048, 2048, 2048]",309.0
1142,7779,14,14,2023-03-19T17:24:27.851000+00:00,34.852,29.842,30.143,283.0,301.0,False,94.837,"[None, 2048, 2048, 2048, 2048, 2049, 2048, 2048, 2049]","[2048, 2048, 2048, 2048, 2048, 2048, 2048]","[2048, 2049, 2048, 2048, 2048, 2048, 2048, 2048, 2048]",301.0
1142,7779,63,14,2023-03-19T17:24:34.929000+00:00,34.925,29.864,30.151,,301.0,False,94.94,"[None, 2048, 2048, 2048, 2048, 2049, 2049, 2049, 2049]","[2048, 2048, 2048, 2049, 2048, 2048, 2048]","[2048, 2048, 2048, 2048, 2048, 2048, 2048, 2049, 2048]",298.0
1142,7779,55,14,2023-03-19T17:24:38.882000+00:00,34.772,30.131,30.098,282.0,296.0,False,95.001,"[None, 2048, 2048, 2048, 2048, 2049, 2049, 2049, 2049]","[2048, 2048, 2048, 2049, 2048, 2048, 2048]","[2048, 2049, 2048, 2048, 2048, 2048, 2048, 2048, 2048]",303.0
1142,7779,18,14,2023-03-19T17:24:41.194000+00:00,53.174,30.418,30.713,266.0,298.0,True,114.305,"[2064, 2064, 2064, 2048, 2048, 2048, 2048, 2048, 2048]","[2048, 2048, 2048, 2048, 2048, 2048, 2048]","[2049, 2048, 2048, 2048, 2048, 2048, 2048, 2048, 2048]",287.0
1142,7779,16,14,2023-03-19T17:24:43.272000+00:00,34.643,29.958,30.008,283.0,296.0,False,94.609,"[None, 2048, 2049, 2048, 2048, 2049, 2051, 2049, 2049]","[2048, 2049, 2048, 2049, 2048, 2048, 2048]","[2048, 2049, 2048, 2048, 2048, 2048, 2048, 2048, 2048]",304.0
1142,7779,31,14,2023-03-19T17:24:45.054000+00:00,36.085,30.298,30.196,282.0,301.0,False,96.579,"[None, 2048, 2048, 2048, 2048, 2048, 2048, 2048, 2048]","[2048, 2048, 2048, 2048, 2048, 2048, 2048]","[2049, 2048, 2048, 2048, 2049, 2048, 2048, 2048]",305.0
1142,7779,1,14,2023-03-19T17:24:45.350000+00:00,34.609,29.784,29.807,289.0,307.0,False,94.2,"[None, 2048, 2048, 2048, 2048, 2049, 2049, 2049, 2049]","[2049, 2049, 2048, 2049, 2048, 2048, 2048]","[2048, 2049, 2048, 2048, 2048, 2049, 2048, 2048]",309.0
1142,7779,44,14,2023-03-19T17:24:47.491000+00:00,35.503,30.038,30.167,285.0,303.0,False,95.708,"[2049, 2048, 2048, 2048, 2048, 2048, 2048, 2048, 2048]","[2048, 2048, 2048, 2048, 2049, 2048, 2048]","[2048, 2048, 2048, 2048, 2048, 2048, 2048, 2048]",304.0
1142,7779,10,14,2023-03-19T17:24:49.366000+00:00,35.478,30.21,32.863,279.0,297.0,False,98.551,"[None, 2048, 2048, 2048, 2048, 2049, 2049, 2049, 2048]","[2048, 2048, 2048, 2048, 2048, 2048, 2048]","[2048, 2049, 2048, 2048, 2048, 2048, 2049, 2048, 2064]",301.0
1142,7779,22,14,2023-03-19T17:24:56.350000+00:00,35.276,30.304,30.358,281.0,297.0,False,95.938,"[None, 2048, 2049, 2048, 2048, 2048, 2049, 2048, 2048]","[2048, 2048, 2048, 2048, 2048, 2048, 2048]","[2048, 2048, 2048, 2048, 2048, 2048, 2048, 2048]",302.0
1142,7779,23,14,2023-03-19T17:24:59.131000+00:00,35.841,30.332,30.705,287.0,320.0,False,96.878,"[None, 2048, 2048, 2048, 2048, 2048, 2048, 2048, 2048]","[2048, 2048, 2048, 2048, 2048, 2048, 2048]","[2048, 2048, 2048, 2048, 2048, 2048, 2048, 2048, 2048]",330.0
1142,7779,21,14,2023-03-19T17:25:03.178000+00:00,35.513,30.451,30.485,,299.0,False,96.449,"[None, 2048, 2048, 2048, 2048, 2048, 2048, 2048, 2048]","[2048, 2048, 2048, 2048, 2048, 2048, 2048]","[2048, 2048, 2048, 2048, 2048, 2048, 2048, 2048, 2048]",301.0
1142,7779,2,14,2023-03-19T17:25:04.491000+00:00,35.86,30.276,30.298,287.0,313.0,False,96.434,"[None, 2048, 2048, 2048, 2048, 2048, 2048, 2048, 2049]","[2049, 2048, 2048, 2048, 2048, 2048, 2048]","[2049, 2048, 2048, 2048, 2048, 2048, 2048, 2048, 2048]",312.0
1142,7779,20,14,2023-03-19T17:25:12.600000+00:00,35.071,29.963,30.165,282.0,300.0,False,95.199,"[None, 2048, 2048, 2048, 2048, 2049, 2049, 2048, 2048]","[2048, 2048, 2049, 2049, 2048, 2048, 2048]","[2048, 2048, 2048, 2048, 2048, 2048, 2048, 2048, 2048]",304.0
1142,7779,24,14,2023-03-19T17:25:13.772000+00:00,35.229,30.062,30.256,282.0,299.0,False,95.547,"[2048, 2048, 2048, 2048, 2048, 2049, 2049, 2048, 2049]","[2048, 2048, 2048, 2048, 2048, 2048, 2048]","[2048, 2048, 2048, 2048, 2048, 2048, 2048, 2048, 2048]",304.0
1142,7779,27,14,2023-03-19T17:25:14.366000+00:00,36.134,30.356,30.331,281.0,299.0,False,96.821,"[None, 2048, 2048, 2048, 2048, 2048, 2048, 2048, 2048]","[2048, 2048, 2048, 2048, 2048, 2048, 2048]","[2048, 2048, 2048, 2048, 2048, 2048, 2048, 2048, 2048]",306.0
1142,7779,81,14,2023-03-19T17:25:17.178000+00:00,35.622,30.213,30.44,,302.0,False,96.275,"[2048, 2048, 2048, 2048, 2048, 2048, 2048, 2048, 2048]","[2048, 2048, 2049, 2048, 2048, 2048, 2049]","[2048, 2048, 2048, 2048, 2048, 2048, 2048, 2049, 2048]",298.0
1142,7779,77,14,2023-03-19T17:25:22.865000+00:00,35.318,30.431,30.458,275.0,291.0,False,96.207,"[None, 2048, 2048, 2048, 2048, 2048, 2048, 2048, 2048]","[2048, 2048, 2048, 2048, 2048, 2048, 2048]","[2049, 2048, 2048, 2048, 2048, 2048, 2048, 2048, 2048]",297.0
1142,7779,4,14,2023-03-19T17:25:24.334000+00:00,35.394,30.282,30.613,281.0,301.0,False,96.289,"[None, 2048, 2048, 2048, 2048, 2048, 2048, 2048, 2048]","[2048, 2048, 2049, 2048, 2048, 2048, 2048]","[2048, 2048, 2048, 2048, 2048, 2048, 2048, 2048, 2048]",297.0
1142,7779,11,15,2023-03-19T17:25:58.271000+00:00,34.641,29.849,29.902,,303.0,False,94.392,"[None, 2048, 2048, 2048, 2048, 2048, 2048, 2048, 2048]","[2048, 2048, 2048, 2048, 2048, 2048, 2048]","[2048, 2048, 2048, 2048, 2049, 2048, 2048, 2048, 2048]",310.0
1142,7779,14,15,2023-03-19T17:26:02.662000+00:00,34.865,29.771,30.081,,299.0,False,94.717,"[None, 2048, 2048, 2048, 2048, 2048, 2049, 2049, 2049]","[2048, 2048, 2048, 2048, 2048, 2048, 2048]","[2048, 2049, 2048, 2048, 2048, 2048, 2048, 2049, 2048]",300.0
1142,7779,63,15,2023-03-19T17:26:09.849000+00:00,34.801,29.994,30.151,283.0,297.0,False,94.946,"[None, 2048, 2048, 2048, 2048, 2049, 2048, 2048, 2048]","[2048, 2048, 2048, 2048, 2048, 2048, 2048]","[2048, 2049, 2048, 2048, 2048, 2048, 2048, 2048, 2048]",295.0
1142,7779,55,15,2023-03-19T17:26:13.989000+00:00,34.916,30.053,32.554,281.0,296.0,False,97.523,"[None, 2048, 2049, 2048, 2048, 2049, 2049, 2048, 2048]","[2048, 2049, 2048, 2049, 2049, 2048, 2048]","[2048, 2049, 2048, 2048, 2048, 2049, 2048, 2048, 2064]",302.0
1142,7779,16,15,2023-03-19T17:26:17.864000+00:00,34.81,30.062,30.199,,296.0,False,95.071,"[None, 2048, 2048, 2048, 2048, 2048, 2048, 2048, 2048]","[2048, 2048, 2048, 2048, 2048, 2048, 2048]","[2048, 2048, 2048, 2048, 2048, 2048, 2048, 2048, 2048]",304.0
1142,7779,1,15,2023-03-19T17:26:19.489000+00:00,34.815,29.832,29.852,288.0,306.0,False,94.499,"[None, 2048, 2049, 2048, 2048, 2049, 2049, 2048, 2049]","[2049, 2048, 2048, 2048, 2048, 2048, 2048]","[2048, 2049, 2048, 2048, 2048, 2048, 2048, 2048, 2048]",313.0
1142,7779,31,15,2023-03-19T17:26:21.521000+00:00,35.355,30.376,30.478,,299.0,False,96.209,"[None, 2048, 2048, 2048, 2048, 2048, 2048, 2048, 2048]","[2048, 2048, 2048, 2048, 2048, 2048, 2048]","[2048, 2048, 2048, 2048, 2048, 2048, 2048, 2048, 2048]",302.0
1142,7779,44,15,2023-03-19T17:26:23.114000+00:00,35.337,30.139,30.217,284.0,302.0,False,95.693,"[2048, 2048, 2049, 2048, 2049, 2049, 2049, 2049, 2048]","[2049, 2048, 2048, 2048, 2048, 2048, 2048]","[2048, 2048, 2048, 2048, 2048, 2048, 2048, 2048]",303.0
1142,7779,10,15,2023-03-19T17:26:27.802000+00:00,52.805,30.262,30.061,276.0,298.0,True,113.128,"[2064, 2064, 2064, 2048, 2048, 2048, 2048, 2048, 2048]","[2048, 2049, 2048, 2048, 2048, 2048, 2048]","[2048, 2048, 2048, 2048, 2048, 2049, 2049, 2048, 2048]",301.0
1142,7779,22,15,2023-03-19T17:26:32.130000+00:00,35.075,30.191,30.35,282.0,298.0,False,95.616,"[None, 2048, 2048, 2048, 2048, 2049, 2049, 2049, 2048]","[2048, 2048, 2048, 2049, 2049, 2048, 2048]","[2048, 2048, 2048, 2048, 2048, 2049, 2048, 2048]",302.0
1142,7779,18,15,2023-03-19T17:26:35.552000+00:00,35.481,30.118,30.663,273.0,295.0,False,96.262,"[2048, 2048, 2048, 2048, 2048, 2049, 2049, 2049, 2048]","[2048, 2048, 2049, 2048, 2049, 2048, 2048]","[2049, 2048, 2048, 2048, 2048, 2049, 2048, 2048]",293.0
1142,7779,23,15,2023-03-19T17:26:36.020000+00:00,35.879,30.304,30.439,289.0,307.0,False,96.622,"[None, 2048, 2048, 2048, 2048, 2048, 2048, 2048, 2049]","[2048, 2048, 2048, 2048, 2048, 2048, 2048]","[2048, 2048, 2048, 2048, 2048, 2048, 2048, 2048, 2048]",310.0
1142,7779,21,15,2023-03-19T17:26:39.630000+00:00,35.384,30.208,30.425,283.0,300.0,False,96.017,"[None, 2048, 2048, 2048, 2049, 2048, 2048, 2048, 2048]","[2048, 2048, 2048, 2049, 2048, 2048, 2048]","[2048, 2049, 2048, 2048, 2048, 2048, 2048, 2048]",301.0
1142,7779,2,15,2023-03-19T17:26:40.926000+00:00,35.711,30.175,30.304,288.0,312.0,False,96.19,"[None, 2048, 2048, 2048, 2048, 2049, 2048, 2048, 2049]","[2048, 2048, 2048, 2048, 2048, 2048, 2048]","[2048, 2048, 2048, 2048, 2049, 2048, 2048, 2048]",309.0
1142,7779,20,15,2023-03-19T17:26:47.833000+00:00,34.977,29.959,30.243,285.0,302.0,False,95.179,"[None, 2048, 2048, 2048, 2048, 2048, 2048, 2048, 2048]","[2049, 2048, 2049, 2048, 2048, 2048, 2048]","[2048, 2048, 2048, 2048, 2048, 2048, 2048, 2048, 2048]",306.0
1142,7779,24,15,2023-03-19T17:26:49.395000+00:00,35.273,30.079,30.266,285.0,296.0,False,95.618,"[None, 2048, 2049, 2048, 2048, 2048, 2049, 2048, 2048]","[2049, 2048, 2049, 2048, 2048, 2048, 2048]","[2048, 2048, 2048, 2048, 2048, 2049, 2048, 2048, 2048]",301.0
1142,7779,27,15,2023-03-19T17:26:51.223000+00:00,35.472,30.268,30.264,282.0,298.0,False,96.004,"[None, 2048, 2049, 2048, 2049, 2048, 2048, 2049, 2048]","[2048, 2048, 2048, 2048, 2048, 2048, 2048]","[2048, 2049, 2048, 2048, 2048, 2048, 2048, 2048, 2048]",305.0
1142,7779,81,15,2023-03-19T17:26:53.442000+00:00,35.477,30.226,30.379,283.0,303.0,False,96.082,"[None, 2048, 2048, 2048, 2048, 2048, 2048, 2048, 2049]","[2048, 2048, 2048, 2048, 2048, 2049, 2049]","[2048, 2049, 2049, 2048, 2048, 2048, 2048, 2048, 2048]",297.0
1142,7779,77,15,2023-03-19T17:26:59.395000+00:00,35.342,30.451,30.466,277.0,293.0,False,96.259,"[None, 2048, 2048, 2048, 2048, 2048, 2048, 2048, 2048]","[2048, 2048, 2048, 2048, 2048, 2048, 2048]","[2049, 2048, 2048, 2048, 2048, 2048, 2048, 2048, 2048]",298.0
1142,7779,4,15,2023-03-19T17:27:00.645000+00:00,35.381,30.358,30.489,284.0,302.0,False,96.228,"[None, 2048, 2048, 2048, 2048, 2048, 2048, 2048, 2048]","[2049, 2048, 2048, 2048, 2048, 2048, 2049]","[2048, 2048, 2048, 2048, 2048, 2048, 2048, 2048, 2048]",297.0
1142,7779,11,16,2023-03-19T17:27:32.629000+00:00,34.554,29.775,29.861,,303.0,False,94.19,"[None, 2048, 2049, 2048, 2048, 2048, 2048, 2048, 2048]","[2048, 2048, 2049, 2048, 2048, 2048, 2048]","[2048, 2048, 2048, 2048, 2048, 2048, 2048, 2048, 2048]",310.0
1142,7779,14,16,2023-03-19T17:27:37.316000+00:00,34.872,29.77,30.2,,298.0,False,94.842,"[None, 2048, 2048, 2048, 2049, 2048, 2048, 2048, 2048]","[2048, 2048, 2048, 2048, 2048, 2048, 2048]","[2048, 2048, 2048, 2048, 2048, 2048, 2048, 2049, 2048]",299.0
1142,7779,63,16,2023-03-19T17:27:44.816000+00:00,34.954,29.958,30.208,,301.0,False,95.12,"[None, 2048, 2048, 2048, 2048, 2048, 2048, 2048, 2048]","[2048, 2048, 2048, 2048, 2048, 2048, 2048]","[2048, 2048, 2048, 2048, 2048, 2048, 2048, 2048, 2048]",299.0
1142,7779,55,16,2023-03-19T17:27:51.535000+00:00,53.073,30.196,30.13,279.0,296.0,True,113.399,"[2064, 2064, 2064, 2048, 2048, 2048, 2048, 2048, 2048]","[2048, 2048, 2048, 2048, 2049, 2048, 2048]","[2048, 2048, 2048, 2048, 2048, 2049, 2048, 2048, 2048]",303.0
1142,7779,16,16,2023-03-19T17:27:53.050000+00:00,34.837,30.099,32.745,,296.0,False,97.681,"[None, 2048, 2049, 2048, 2048, 2048, 2048, 2048, 2048]","[2048, 2048, 2048, 2048, 2048, 2048, 2048]","[2048, 2048, 2048, 2048, 2048, 2048, 2048, 2048, 2064]",306.0
1142,7779,1,16,2023-03-19T17:27:54.050000+00:00,34.863,29.584,29.996,,321.0,False,94.443,"[None, 2048, 2049, 2048, 2048, 2048, 2048, 2048, 2048]","[2048, 2049, 2048, 2048, 2048, 2048, 2048]","[2048, 2048, 2051, 2048, 2048, 2048, 2048, 2048]",310.0
1142,7779,31,16,2023-03-19T17:27:57.831000+00:00,35.207,30.273,33.087,280.0,299.0,False,98.567,"[None, 2048, 2048, 2048, 2048, 2049, 2048, 2049, 2048]","[2048, 2048, 2048, 2049, 2048, 2048, 2048]","[2048, 2048, 2048, 2048, 2049, 2048, 2048, 2048, 2064]",303.0
1142,7779,44,16,2023-03-19T17:27:58.894000+00:00,35.358,29.906,29.964,283.0,303.0,False,95.228,"[None, 2048, 2048, 2048, 2049, 2049, 2048, 2048, 2048]","[2048, 2049, 2049, 2048, 2049, 2049, 2048]","[2048, 2048, 2049, 2049, 2048, 2048, 2048, 2048]",323.0
1142,7779,22,16,2023-03-19T17:28:07.784000+00:00,35.036,30.265,30.337,281.0,297.0,False,95.638,"[None, 2048, 2049, 2049, 2049, 2048, 2048, 2049, 2048]","[2048, 2049, 2048, 2048, 2049, 2048, 2048]","[2048, 2048, 2048, 2048, 2048, 2048, 2048, 2048, 2048]",303.0
1142,7779,18,16,2023-03-19T17:28:11.675000+00:00,35.535,30.293,30.657,278.0,291.0,False,96.485,"[None, 2048, 2049, 2048, 2048, 2049, 2048, 2048, 2048]","[2048, 2048, 2048, 2048, 2048, 2048, 2048]","[2048, 2048, 2048, 2048, 2048, 2048, 2048, 2048]",288.0
1142,7779,23,16,2023-03-19T17:28:12.597000+00:00,35.979,30.354,30.497,287.0,306.0,False,96.83,"[None, 2048, 2048, 2048, 2049, 2048, 2048, 2048, 2048]","[2048, 2048, 2049, 2048, 2048, 2048, 2048]","[2048, 2048, 2048, 2048, 2049, 2048, 2048, 2048, 2048]",310.0
1142,7779,21,16,2023-03-19T17:28:15.565000+00:00,35.371,30.304,30.451,282.0,298.0,False,96.126,"[None, 2048, 2049, 2048, 2048, 2048, 2048, 2048, 2048]","[2048, 2048, 2049, 2048, 2049, 2048, 2048]","[2048, 2049, 2048, 2048, 2048, 2048, 2048, 2048]",303.0
1142,7779,2,16,2023-03-19T17:28:17.097000+00:00,35.625,30.226,30.303,,310.0,False,96.154,"[None, 2048, 2049, 2048, 2048, 2048, 2048, 2049, 2049]","[2048, 2048, 2048, 2048, 2048, 2048, 2048]","[2048, 2048, 2048, 2048, 2048, 2048, 2048, 2048, 2048]",309.0
1142,7779,10,16,2023-03-19T17:28:21.034000+00:00,35.156,30.244,30.136,277.0,294.0,False,95.536,"[2048, 2048, 2049, 2049, 2048, 2049, 2048, 2049, 2049]","[2048, 2048, 2048, 2048, 2048, 2048, 2048]","[2048, 2049, 2048, 2048, 2048, 2048, 2048, 2048, 2048]",302.0
1142,7779,20,16,2023-03-19T17:28:22.987000+00:00,35.258,30.085,30.218,282.0,302.0,False,95.561,"[None, 2048, 2048, 2048, 2048, 2048, 2048, 2048, 2048]","[2048, 2048, 2048, 2048, 2048, 2048, 2048]","[2048, 2048, 2048, 2048, 2048, 2048, 2048, 2048, 2048]",307.0
1142,7779,24,16,2023-03-19T17:28:25.003000+00:00,35.417,30.157,30.406,,296.0,False,95.98,"[None, 2048, 2048, 2048, 2048, 2048, 2048, 2048, 2049]","[2048, 2048, 2048, 2048, 2048, 2048, 2048]","[2048, 2048, 2048, 2048, 2048, 2048, 2048, 2048, 2048]",302.0
1142,7779,27,16,2023-03-19T17:28:27.175000+00:00,35.621,30.094,30.217,283.0,301.0,False,95.932,"[None, 2048, 2049, 2048, 2048, 2048, 2048, 2048, 2048]","[2048, 2048, 2048, 2048, 2048, 2048, 2048]","[2048, 2049, 2048, 2048, 2048, 2048, 2048, 2048, 2048]",309.0
1142,7779,81,16,2023-03-19T17:28:29.518000+00:00,35.595,30.252,30.457,282.0,301.0,False,96.304,"[None, 2048, 2048, 2048, 2048, 2048, 2048, 2048, 2048]","[2048, 2048, 2049, 2048, 2048, 2048, 2048]","[2048, 2048, 2048, 2048, 2048, 2048, 2048, 2049, 2049]",296.0
1142,7779,77,16,2023-03-19T17:28:35.346000+00:00,35.427,30.315,30.411,,293.0,False,96.153,"[None, 2048, 2048, 2048, 2048, 2048, 2048, 2048, 2048]","[2048, 2048, 2048, 2048, 2049, 2048, 2048]","[2048, 2048, 2048, 2048, 2048, 2048, 2048, 2048, 2048]",298.0
1142,7779,4,16,2023-03-19T17:28:36.846000+00:00,35.715,30.265,30.466,283.0,301.0,False,96.446,"[None, 2048, 2048, 2048, 2048, 2048, 2048, 2048, 2048]","[2048, 2048, 2048, 2048, 2048, 2048, 2048]","[2048, 2048, 2048, 2048, 2048, 2048, 2048, 2048]",297.0
1142,7779,11,17,2023-03-19T17:29:06.799000+00:00,34.468,29.688,29.805,,304.0,False,93.961,"[None, 2048, 2048, 2049, 2048, 2048, 2048, 2051, 2048]","[2048, 2048, 2048, 2048, 2048, 2048, 2048]","[2048, 2048, 2048, 2048, 2048, 2048, 2048, 2048, 2048]",311.0
1142,7779,14,17,2023-03-19T17:29:12.174000+00:00,34.856,29.735,30.004,,300.0,False,94.595,"[None, 2048, 2049, 2048, 2048, 2048, 2048, 2049, 2048]","[2048, 2048, 2048, 2048, 2048, 2048, 2048]","[2048, 2049, 2049, 2048, 2048, 2048, 2048, 2048, 2048]",300.0
1142,7779,63,17,2023-03-19T17:29:19.908000+00:00,34.825,29.893,30.174,,301.0,False,94.892,"[None, 2048, 2048, 2048, 2051, 2048, 2049, 2048, 2048]","[2048, 2048, 2048, 2048, 2049, 2048, 2048]","[2048, 2048, 2048, 2048, 2048, 2048, 2048, 2049, 2048]",300.0
1142,7779,1,17,2023-03-19T17:29:28.455000+00:00,34.315,29.711,29.764,287.0,304.0,False,93.79,"[None, 2048, 2049, 2048, 2049, 2049, 2049, 2049, 2051]","[2048, 2049, 2048, 2049, 2048, 2048, 2048]","[2048, 2049, 2048, 2048, 2049, 2049, 2048, 2048]",310.0
1142,7779,16,17,2023-03-19T17:29:30.595000+00:00,52.39,30.321,36.723,281.0,294.0,True,119.434,"[2064, 2064, 2064, 2048, 2048, 2048, 2048, 2048, 2048]","[2048, 2048, 2048, 2048, 2049, 2048, 2048]","[2048, 2048, 2048, 2048, 2048, 2048, 2048, 2048, 2048]",300.0
1142,7779,44,17,2023-03-19T17:29:34.048000+00:00,34.931,29.96,30.156,,299.0,False,95.047,"[2049, 2049, 2049, 2048, 2048, 2049, 2048, 2049, 2049]","[2048, 2049, 2048, 2048, 2049, 2048, 2048]","[2048, 2049, 2048, 2048, 2048, 2048, 2048, 2048]",302.0
1142,7779,31,17,2023-03-19T17:29:36.298000+00:00,53.492,30.809,41.667,282.0,302.0,True,125.968,"[2064, 2064, 2064, 2048, 2048, 2048, 2048, 2048, 2048]","[2048, 2048, 2048, 2048, 2048, 2049, 2048]","[2048, 2048, 2049, 2048, 2048, 2048, 2048, 2048, 2048]",128.0
1142,7779,22,17,2023-03-19T17:29:43.423000+00:00,35.124,30.278,37.008,,297.0,False,102.41,"[None, 2048, 2049, 2048, 2048, 2048, 2048, 2049, 2048]","[2048, 2048, 2048, 2048, 2048, 2048, 2048]","[2048, 2048, 2048, 2048, 2048, 2048, 2048, 2048, 2064]",302.0
1142,7779,55,17,2023-03-19T17:29:44.892000+00:00,35.116,29.946,37.049,282.0,296.0,False,102.111,"[2048, 2048, 2048, 2048, 2048, 2048, 2048, 2048, 2048]","[2048, 2049, 2048, 2048, 2049, 2048, 2048]","[2048, 2048, 2048, 2048, 2048, 2048, 2048, 2048]",304.0
1142,7779,18,17,2023-03-19T17:29:48.282000+00:00,35.728,,,284.0,,False,,"[None, 2048, 2048, 2048, 2048, 2048, 2048, 2048, 2048]",[2048],,
1142,7779,23,17,2023-03-19T17:29:49.454000+00:00,35.86,30.332,38.443,,304.0,False,104.635,"[None, 2048, 2048, 2048, 2048, 2048, 2048, 2048, 2048]","[2048, 2048, 2048, 2048, 2048, 2048, 2048]","[2048, 2048, 2048, 2048, 2048, 2048, 2048, 2048, 2064]",308.0
1142,7779,21,17,2023-03-19T17:29:51.782000+00:00,35.539,30.409,43.374,283.0,298.0,False,109.322,"[None, 2048, 2048, 2048, 2048, 2048, 2048, 2048, 2048]","[2048, 2048, 2048, 2048, 2048, 2048, 2048]","[2048, 2048, 2048, 2048, 2048, 2048, 2048, 2048, 2064]",169.0
1142,7779,2,17,2023-03-19T17:29:53.282000+00:00,35.942,30.296,41.041,287.0,309.0,False,107.279,"[None, 2048, 2049, 2048, 2048, 2048, 2048, 2048, 2048]","[2048, 2048, 2048, 2048, 2049, 2048, 2048]","[2048, 2048, 2048, 2048, 2048, 2048, 2048, 2048, 2048]",137.0
1142,7779,10,17,2023-03-19T17:29:56.595000+00:00,35.548,31.099,41.088,279.0,295.0,False,107.735,"[None, 2048, 2048, 2048, 2048, 2048, 2048, 2048, 2049]","[2048, 2048, 2048, 2048, 2048, 2048, 2048]","[2048, 2049, 2048, 2048, 2048, 2048, 2048, 2048, 2048]",145.0
1142,7779,20,17,2023-03-19T17:29:58.564000+00:00,35.336,30.792,42.142,283.0,302.0,False,108.27,"[None, 2048, 2048, 2048, 2048, 2048, 2048, 2048, 2048]","[2048, 2048, 2048, 2048, 2048, 2048, 2048]","[2048, 2048, 2048, 2048, 2048, 2048, 2048, 2048]",162.0
1142,7779,24,17,2023-03-19T17:30:00.986000+00:00,35.244,30.68,43.402,,296.0,False,109.326,"[None, 2048, 2049, 2048, 2048, 2048, 2048, 2048, 2049]","[2048, 2048, 2048, 2048, 2048, 2048, 2048]","[2048, 2048, 2048, 2048, 2048, 2048, 2048, 2048, 2048]",185.0
1142,7779,27,17,2023-03-19T17:30:03.126000+00:00,35.533,31.043,43.185,285.0,301.0,False,109.761,"[None, 2048, 2048, 2048, 2048, 2048, 2049, 2048, 2048]","[2048, 2048, 2048, 2048, 2048, 2048, 2048]","[2048, 2048, 2048, 2048, 2048, 2048, 2048, 2048]",235.0
1142,7779,81,17,2023-03-19T17:30:05.813000+00:00,35.446,30.996,44.828,283.0,297.0,False,111.27,"[None, 2048, 2048, 2048, 2048, 2048, 2048, 2048, 2048]","[2048, 2048, 2048, 2048, 2048, 2049, 2048]","[2048, 2048, 2048, 2048, 2048, 2048, 2048, 2048]",280.0
1142,7779,77,17,2023-03-19T17:30:11.501000+00:00,35.24,37.5,46.221,280.0,158.0,False,118.961,"[None, 2048, 2048, 2048, 2048, 2048, 2048, 2048, 2049]","[2048, 2048, 2048, 2048, 2048, 2048, 2048]","[2048, 2048, 2048, 2048, 2048, 2048, 2048, 2048, 2064]",169.0
1142,7779,4,17,2023-03-19T17:30:13.282000+00:00,35.293,40.028,40.687,284.0,109.0,False,116.008,"[None, 2048, 2048, 2048, 2048, 2048, 2048, 2048, 2049]","[2048, 2048, 2049, 2048, 2049, 2048, 2048]","[2048, 2048, 2048, 2048, 2048, 2048, 2048, 2048]",283.0
1142,7779,11,18,2023-03-19T17:30:40.797000+00:00,39.183,47.443,40.731,131.0,147.0,False,127.357,"[None, 2048, 2048, 2048, 2048, 2048, 2049, 2048, 2048]","[2048, 2048, 2048, 2048, 2048, 2048, 2048]","[2048, 2048, 2048, 2048, 2048, 2048, 2048, 2048, 2064]",282.0
1142,7779,14,18,2023-03-19T17:30:46.781000+00:00,39.863,43.937,45.823,199.0,185.0,False,129.623,"[None, 2048, 2048, 2048, 2048, 2048, 2048, 2048, 2048]","[2048, 2048, 2048, 2048, 2048, 2048, 2048]","[2048, 2048, 2048, 2048, 2048, 2048, 2048, 2048, 2064]",186.0
1142,7779,63,18,2023-03-19T17:30:54.828000+00:00,43.181,42.922,46.114,246.0,230.0,False,132.217,"[None, 2048, 2048, 2048, 2048, 2048, 2048, 2048, 2048]","[2048, 2048, 2048, 2048, 2048, 2048, 2048]","[2048, 2048, 2048, 2048, 2048, 2048, 2048, 2048, 2064]",241.0
1142,7779,1,18,2023-03-19T17:31:02.219000+00:00,48.991,40.059,45.298,188.0,149.0,False,134.348,"[None, 2048, 2048, 2048, 2048, 2048, 2048, 2048, 2048]","[2048, 2048, 2048, 2048, 2048, 2048, 2048]","[2048, 2048, 2048, 2048, 2048, 2048, 2048, 2048, 2064]",197.0
1142,7779,44,18,2023-03-19T17:31:09.094000+00:00,47.21,43.956,45.594,216.0,154.0,False,136.76,"[2048, 2048, 2048, 2048, 2048, 2048, 2048, 2048, 2048]","[2048, 2048, 2048, 2048, 2048, 2048, 2048]","[2048, 2048, 2048, 2048, 2048, 2048, 2048, 2048, 2064]",189.0
1142,7779,22,18,2023-03-19T17:31:25.812000+00:00,62.976,43.957,42.356,261.0,187.0,True,149.289,"[2064, 2064, 2064, 2048, 2048, 2048, 2048, 2048, 2048]","[2048, 2048, 2048, 2048, 2048, 2048, 2048]","[2048, 2048, 2048, 2048, 2048, 2048, 2048, 2048, 0]",212.0
1142,7779,55,18,2023-03-19T17:31:26.921000+00:00,44.914,43.977,44.005,237.0,156.0,False,132.896,"[None, 2048, 2048, 2048, 2048, 2048, 2048, 2048, 2048]","[2048, 2048, 2048, 2048, 2048, 2048, 2048]","[2048, 2048, 2048, 2048, 2048, 2048, 2048, 2048]",161.0
1142,7779,16,18,2023-03-19T17:31:30.140000+00:00,47.328,43.675,43.264,242.0,142.0,False,134.267,"[2048, 2048, 2048, 2048, 2048, 2048, 2048, 2048, 2048]","[2048, 2048, 2048, 2048, 2048, 2048, 2048]","[2048, 2048, 2048, 2048, 2048, 2048, 2048, 2048, 2048]",197.0
1142,7779,23,18,2023-03-19T17:31:34.109000+00:00,64.081,42.854,43.454,211.0,136.0,True,150.389,"[2064, 2064, 2064, 2048, 2048, 2048, 2048, 2048, 2048]","[2048, 2048, 2048, 2048, 2048, 2048, 2048]","[2048, 2048, 2048, 2048, 2048, 2048, 2048, 2048, 2048]",226.0
1142,7779,2,18,2023-03-19T17:31:40.468000+00:00,47.148,43.768,45.309,260.0,177.0,False,136.225,"[None, 2048, 2048, 2048, 2048, 2048, 2048, 2048, 2048]","[2048, 2048, 2048, 2048, 2048, 2048, 2048]","[2048, 2048, 2048, 2048, 2048, 2048, 2048, 2048, 2064]",213.0
1142,7779,21,18,2023-03-19T17:31:40.984000+00:00,62.125,43.231,44.151,233.0,176.0,True,149.507,"[2064, 2064, 2064, 2048, 2048, 2048, 2048, 2048, 2048]","[2048, 2048, 2048, 2048, 2048, 2048, 2048]","[2048, 2048, 2048, 2048, 2048, 2048, 2048, 2048, 2048]",168.0
1142,7779,31,18,2023-03-19T17:31:42.327000+00:00,48.193,43.987,41.995,234.0,172.0,False,134.175,"[2048, 2048, 2048, 2048, 2048, 2048, 2048, 2048, 2048]","[2048, 2048, 2048, 2048, 2048, 2048, 2048]","[2048, 2048, 2048, 2048, 2048, 2048, 2048, 2048, 2048]",208.0
1142,7779,10,18,2023-03-19T17:31:44.187000+00:00,48.952,43.951,42.309,250.0,153.0,False,135.212,"[None, 2048, 2048, 2048, 2048, 2048, 2048, 2048, 2048]","[2048, 2048, 2048, 2048, 2048, 2048, 2048]","[2048, 2048, 2048, 2048, 2048, 2048, 2048, 2048, 2048]",185.0
1142,7779,20,18,2023-03-19T17:31:46.702000+00:00,50.144,42.885,43.176,219.0,162.0,False,136.205,"[None, 2048, 2048, 2048, 2048, 2048, 2048, 2048, 2048]","[2048, 2048, 2048, 2048, 2048, 2048, 2048]","[2048, 2048, 2048, 2048, 2048, 2048, 2048, 2048]",165.0
1142,7779,24,18,2023-03-19T17:31:50.343000+00:00,49.47,42.617,45.626,234.0,141.0,False,137.713,"[None, 2048, 2048, 2048, 2048, 2048, 2048, 2048, 2048]","[2048, 2048, 2048, 2048, 2048, 2048, 2048]","[2048, 2048, 2048, 2048, 2048, 2048, 2048, 2048, 2064]",222.0
1142,7779,27,18,2023-03-19T17:31:52.765000+00:00,48.894,43.578,44.383,255.0,182.0,False,136.855,"[None, 2048, 2048, 2048, 2048, 2048, 2048, 2048, 2048]","[2048, 2048, 2048, 2048, 2048, 2048, 2048]","[2048, 2048, 2048, 2048, 2048, 2048, 2048, 2048]",157.0
1142,7779,81,18,2023-03-19T17:31:56.983000+00:00,49.867,42.495,44.065,255.0,188.0,False,136.427,"[None, 2048, 2048, 2048, 2048, 2048, 2048, 2048, 2048]","[2048, 2048, 2048, 2048, 2048, 2048, 2048]","[2048, 2048, 2048, 2048, 2048, 2048, 2048, 2048, 2048]",139.0
1142,7779,4,18,2023-03-19T17:32:09.217000+00:00,50.87,42.522,44.319,255.0,266.0,False,137.711,"[None, 2048, 2048, 2048, 2048, 2048, 2048, 2048, 2048]","[2048, 2048, 2048, 2048, 2048, 2048, 2048]","[2048, 2048, 2048, 2048, 2048, 2048, 2048, 2048, 2048]",154.0
1142,7779,77,18,2023-03-19T17:32:10.405000+00:00,63.337,44.781,43.032,240.0,199.0,True,151.15,"[2064, 2064, 2064, 2048, 2048, 2048, 2048, 2048, 2048]","[2048, 2048, 2048, 2048, 2048, 2048, 2048]","[2048, 2048, 2048, 2048, 2048, 2048, 2048, 2048, 2048]",221.0
1142,7779,11,19,2023-03-19T17:32:48.139000+00:00,76.74,59.741,53.853,123.0,133.0,True,190.334,"[2064, 2064, 2064, 2048, 2048, 2048, 2048, 2048, 2048]","[2048, 2048, 2048, 2048, 2048, 2048, 2048]","[2048, 2048, 2048, 2048, 2048, 2048, 2048, 2048, 2048]",135.0
1142,7779,14,19,2023-03-19T17:32:56.357000+00:00,71.379,58.365,54.412,130.0,115.0,True,184.156,"[2064, 2064, 2064, 2048, 2048, 2048, 2048, 2048, 2048]","[2048, 2048, 2048, 2048, 2048, 2048, 2048]","[2048, 2048, 2048, 2048, 2048, 2048, 2048, 2048, 2048]",150.0
1142,7779,63,19,2023-03-19T17:33:07.029000+00:00,62.374,57.74,55.374,95.0,117.0,True,175.488,"[2064, 2064, 2064, 2048, 2048, 2048, 2048, 2048, 2048]","[2048, 2048, 2048, 2048, 2048, 2048, 2048]","[2048, 2048, 2048, 2048, 2048, 2048, 2048, 2048, 2048]",117.0
1142,7779,1,19,2023-03-19T17:33:16.638000+00:00,63.956,47.565,55.738,263.0,113.0,True,167.259,"[2064, 2064, 2064, 2048, 2048, 2048, 2048, 2048, 2048]","[2048, 2048, 2048, 2048, 2048, 2048, 2048]","[2048, 2048, 2048, 2048, 2048, 2048, 2048, 2048, 2048]",106.0
1142,7779,44,19,2023-03-19T17:33:25.950000+00:00,61.749,44.841,53.838,207.0,191.0,True,160.428,"[2064, 2064, 2064, 2048, 2048, 2048, 2048, 2048, 2048]","[2048, 2048, 2048, 2048, 2048, 2048, 2048]","[2048, 2048, 2048, 2048, 2048, 2048, 2048, 2048, 2048]",98.0
1142,7779,55,19,2023-03-19T17:33:39.825000+00:00,42.02,46.951,56.352,252.0,145.0,False,145.323,"[None, 2048, 2048, 2048, 2048, 2048, 2048, 2048, 2048]","[2048, 2048, 2048, 2048, 2048, 2048, 2048]","[2048, 2048, 2048, 2048, 2048, 2048, 2048, 2048, 2048]",108.0
1142,7779,16,19,2023-03-19T17:33:44.356000+00:00,44.796,44.189,54.881,239.0,157.0,False,143.866,"[None, 2048, 2048, 2048, 2048, 2048, 2048, 2048, 2048]","[2048, 2048, 2048, 2048, 2048, 2048, 2048]","[2048, 2048, 2048, 2048, 2048, 2048, 2048, 2048, 2048]",99.0
1142,7779,22,19,2023-03-19T17:33:55.169000+00:00,38.333,41.681,54.643,259.0,146.0,False,134.657,"[2048, 2048, 2048, 2048, 2048, 2048, 2048, 2048, 2048]","[2048, 2048, 2048, 2048, 2048, 2048, 2048]","[2048, 2048, 2048, 2048, 2048, 2048, 2048, 2048, 2048]",99.0
1142,7779,31,19,2023-03-19T17:33:56.434000+00:00,37.776,41.996,54.443,225.0,152.0,False,134.215,"[None, 2048, 2048, 2048, 2048, 2048, 2048, 2048, 2048]","[2048, 2048, 2048, 2048, 2048, 2048, 2048]","[2048, 2048, 2048, 2048, 2048, 2048, 2048, 2048, 2048]",93.0
1142,7779,2,19,2023-03-19T17:33:56.669000+00:00,57.247,32.173,53.218,275.0,190.0,True,142.638,"[2064, 2064, 2064, 2048, 2048, 2048, 2048, 2048, 2048]","[2048, 2048, 2048, 2048, 2048, 2048, 2048]","[2048, 2048, 2048, 2048, 2048, 2048, 2048, 2048, 2048]",95.0
1142,7779,10,19,2023-03-19T17:33:59.419000+00:00,39.817,39.013,53.882,262.0,140.0,False,132.712,"[None, 2048, 2048, 2048, 2048, 2048, 2048, 2048, 2048]","[2048, 2048, 2048, 2048, 2048, 2048, 2048]","[2048, 2048, 2048, 2048, 2048, 2048, 2048, 2048]",100.0
1142,7779,20,19,2023-03-19T17:34:02.918000+00:00,38.936,37.863,54.287,259.0,131.0,False,131.086,"[None, 2048, 2048, 2048, 2048, 2048, 2048, 2048, 2048]","[2048, 2048, 2048, 2048, 2048, 2048, 2048]","[2048, 2048, 2048, 2048, 2048, 2048, 2048, 2048]",113.0
1142,7779,23,19,2023-03-19T17:34:04.497000+00:00,39.237,38.483,52.968,272.0,126.0,False,130.688,"[2048, 2048, 2048, 2048, 2048, 2048, 2048, 2048, 2048]","[2048, 2048, 2048, 2048, 2048, 2048, 2048]","[2048, 2048, 2048, 2048, 2048, 2048, 2048, 2048]",116.0
1142,7779,24,19,2023-03-19T17:34:07.950000+00:00,58.987,32.236,44.075,250.0,284.0,True,135.298,"[2064, 2064, 2064, 2048, 2048, 2048, 2048, 2048, 2048]","[2048, 2048, 2048, 2048, 2048, 2048, 2048]","[2048, 2048, 2048, 2048, 2048, 2048, 2048, 2048, 2048]",242.0
1142,7779,27,19,2023-03-19T17:34:09.653000+00:00,39.247,34.367,53.536,260.0,145.0,False,127.15,"[None, 2048, 2048, 2048, 2048, 2048, 2048, 2048, 2048]","[2048, 2048, 2048, 2048, 2048, 2048, 2048]","[2048, 2048, 2048, 2048, 2048, 2048, 2048, 2048]",116.0
1142,7779,21,19,2023-03-19T17:34:10.590000+00:00,39.253,34.672,53.718,268.0,151.0,False,127.643,"[2048, 2048, 2048, 2048, 2048, 2048, 2048, 2048, 2048]","[2048, 2048, 2048, 2048, 2048, 2048, 2048]","[2048, 2048, 2048, 2048, 2048, 2048, 2048, 2048]",113.0
1142,7779,81,19,2023-03-19T17:34:13.512000+00:00,43.384,32.011,52.193,264.0,251.0,False,127.588,"[None, 2048, 2048, 2048, 2048, 2048, 2048, 2048, 2048]","[2048, 2048, 2048, 2048, 2048, 2048, 2048]","[2048, 2048, 2048, 2048, 2048, 2048, 2048, 2048, 2048]",108.0
1142,7779,4,19,2023-03-19T17:34:27.027000+00:00,43.889,33.388,43.211,266.0,263.0,False,120.488,"[None, 2048, 2048, 2048, 2048, 2048, 2048, 2048, 2048]","[2048, 2048, 2048, 2048, 2048, 2048, 2048]","[2048, 2048, 2048, 2048, 2048, 2048, 2048, 2048, 2064]",254.0
1142,7779,77,19,2023-03-19T17:34:41.637000+00:00,41.452,36.714,37.604,248.0,270.0,False,115.77,"[2048, 2048, 2048, 2048, 2048, 2048, 2048, 2048, 2048]","[2048, 2048, 2048, 2048, 2048, 2048, 2048]","[2048, 2048, 2048, 2048, 2048, 2048, 2048, 2048, 2048]",256.0
1142,7779,11,20,2023-03-19T17:35:58.385000+00:00,57.869,49.019,53.911,169.0,132.0,False,160.799,"[2048, 2048, 2048, 2048, 2048, 2048, 2048, 2048, 2048]","[2048, 2048, 2048, 2048, 2048, 2048, 2048]","[2048, 2048, 2048, 2048, 2048, 2048, 2048, 2048, 2048]",165.0
1142,7779,14,20,2023-03-19T17:36:00.541000+00:00,57.396,48.719,53.229,210.0,175.0,False,159.344,"[2048, 2048, 2048, 2048, 2048, 2048, 2048, 2048, 2048]","[2048, 2048, 2048, 2048, 2048, 2048, 2048]","[2048, 2048, 2048, 2048, 2048, 2048, 2048, 2048, 2048]",146.0
1142,7779,63,20,2023-03-19T17:36:02.526000+00:00,56.645,49.07,51.86,177.0,189.0,False,157.575,"[2048, 2048, 2048, 2048, 2048, 2048, 2048, 2048, 2048]","[2048, 2048, 2048, 2048, 2048, 2048, 2048]","[2048, 2048, 2048, 2048, 2048, 2048, 2048, 2048, 2048]",162.0
1142,7779,1,20,2023-03-19T17:36:04.323000+00:00,56.723,49.419,50.369,155.0,135.0,False,156.511,"[2048, 2048, 2048, 2048, 2048, 2048, 2048, 2048, 2048]","[2048, 2048, 2048, 2048, 2048, 2048, 2048]","[2048, 2048, 2048, 2048, 2048, 2048, 2048, 2048, 2048]",195.0
1142,7779,55,20,2023-03-19T17:36:05.135000+00:00,56.071,49.731,49.695,156.0,147.0,False,155.497,"[None, 2048, 2048, 2048, 2048, 2048, 2048, 2048, 2048]","[2048, 2048, 2048, 2048, 2048, 2048, 2048]","[2048, 2048, 2048, 2048, 2048, 2048, 2048, 2048, 2048]",188.0
1142,7779,44,20,2023-03-19T17:36:06.369000+00:00,56.877,48.702,49.058,118.0,162.0,False,154.637,"[2048, 2048, 2048, 2048, 2048, 2048, 2048, 2048, 2048]","[2048, 2048, 2048, 2048, 2048, 2048, 2048]","[2048, 2048, 2048, 2048, 2048, 2048, 2048, 2048, 2048]",201.0
1142,7779,16,20,2023-03-19T17:36:08.291000+00:00,55.982,49.189,47.978,109.0,168.0,False,153.149,"[None, 2048, 2048, 2048, 2048, 2048, 2048, 2048, 2048]","[2048, 2048, 2048, 2048, 2048, 2048, 2048]","[2048, 2048, 2048, 2048, 2048, 2048, 2048, 2048, 2048]",212.0
1142,7779,22,20,2023-03-19T17:36:09.838000+00:00,55.882,49.118,47.401,177.0,141.0,False,152.401,"[None, 2048, 2048, 2048, 2048, 2048, 2048, 2048, 2048]","[2048, 2048, 2048, 2048, 2048, 2048, 2048]","[2048, 2048, 2048, 2048, 2048, 2048, 2048, 2048, 2048]",189.0
1142,7779,31,20,2023-03-19T17:36:10.729000+00:00,56.406,48.688,46.83,173.0,156.0,False,151.924,"[None, 2048, 2048, 2048, 2048, 2048, 2048, 2048, 2048]","[2048, 2048, 2048, 2048, 2048, 2048, 2048]","[2048, 2048, 2048, 2048, 2048, 2048, 2048, 2048, 2048]",186.0
1142,7779,10,20,2023-03-19T17:36:12.182000+00:00,56.309,48.658,45.665,172.0,121.0,False,150.632,"[None, 2048, 2048, 2048, 2048, 2048, 2048, 2048, 2048]","[2048, 2048, 2048, 2048, 2048, 2048, 2048]","[2048, 2048, 2048, 2048, 2048, 2048, 2048, 2048]",184.0
1142,7779,20,20,2023-03-19T17:36:14.010000+00:00,55.204,48.933,44.938,166.0,106.0,False,149.075,"[None, 2048, 2048, 2048, 2048, 2048, 2048, 2048, 2048]","[2048, 2048, 2048, 2048, 2048, 2048, 2048]","[2048, 2048, 2048, 2048, 2048, 2048, 2048, 2048, 2048]",195.0
1142,7779,23,20,2023-03-19T17:36:15.104000+00:00,54.761,49.276,44.423,202.0,93.0,False,148.46,"[None, 2048, 2048, 2048, 2048, 2048, 2048, 2048, 2048]","[2048, 2048, 2048, 2048, 2048, 2048, 2048]","[2048, 2048, 2048, 2048, 2048, 2048, 2048, 2048, 2048]",235.0
1142,7779,27,20,2023-03-19T17:36:16.775000+00:00,55.097,48.247,43.482,176.0,128.0,False,146.826,"[None, 2048, 2048, 2048, 2048, 2048, 2048, 2048, 2048]","[2048, 2048, 2048, 2048, 2048, 2048, 2048]","[2048, 2048, 2048, 2048, 2048, 2048, 2048, 2048, 2048]",234.0
1142,7779,21,20,2023-03-19T17:36:18.135000+00:00,54.556,49.266,42.209,160.0,115.0,False,146.031,"[None, 2048, 2048, 2048, 2048, 2048, 2048, 2048, 2048]","[2048, 2048, 2048, 2048, 2048, 2048, 2048]","[2048, 2048, 2048, 2048, 2048, 2048, 2048, 2048]",226.0
1142,7779,2,20,2023-03-19T17:36:19.432000+00:00,54.066,49.709,41.145,182.0,100.0,False,144.92,"[2048, 2048, 2048, 2048, 2048, 2048, 2048, 2048, 2048]","[2048, 2048, 2048, 2048, 2048, 2048, 2048]","[2048, 2048, 2048, 2048, 2048, 2048, 2048, 2048, 2048]",226.0
1142,7779,81,20,2023-03-19T17:36:21.041000+00:00,53.965,49.015,40.724,170.0,112.0,False,143.704,"[None, 2048, 2048, 2048, 2048, 2048, 2048, 2048, 2048]","[2048, 2048, 2048, 2048, 2048, 2048, 2048]","[2048, 2048, 2048, 2048, 2048, 2048, 2048, 2048, 2048]",217.0
1142,7779,24,20,2023-03-19T17:36:23.307000+00:00,53.529,48.283,39.805,160.0,107.0,False,141.617,"[2048, 2048, 2048, 2048, 2048, 2048, 2048, 2048, 2048]","[2048, 2048, 2048, 2048, 2048, 2048, 2048]","[2048, 2048, 2048, 2048, 2048, 2048, 2048, 2048]",256.0
1142,7779,4,20,2023-03-19T17:36:27.510000+00:00,53.844,46.022,38.482,272.0,151.0,True,138.348,"[2064, 2064, 2064, 2048, 2048, 2048, 2048, 2048, 2048]","[2048, 2048, 2048, 2048, 2048, 2048, 2048]","[2048, 2048, 2048, 2048, 2048, 2048, 2048, 2048, 2048]",249.0
1142,7779,77,20,2023-03-19T17:36:37.353000+00:00,40.69,48.009,39.406,148.0,134.0,False,128.105,"[None, 2048, 2048, 2048, 2048, 2048, 2048, 2048, 2048]","[2048, 2048, 2048, 2048, 2048, 2048, 2048]","[2048, 2048, 2048, 2048, 2048, 2048, 2048, 2048]",243.0
1142,7779,11,21,2023-03-19T17:38:39.320000+00:00,34.992,29.798,29.767,285.0,298.0,False,94.557,"[None, 2048, 2048, 2048, 2048, 2048, 2048, 2051, 2048]","[2048, 2048, 2048, 2048, 2048, 2048, 2048]","[2048, 2048, 2048, 2048, 2048, 2049, 2048, 2048, 2048]",306.0
1142,7779,14,21,2023-03-19T17:38:39.898000+00:00,36.023,29.89,30.12,283.0,297.0,False,96.033,"[None, 2048, 2048, 2048, 2048, 2048, 2048, 2048, 2049]","[2048, 2048, 2048, 2048, 2049, 2048, 2048]","[2048, 2049, 2048, 2048, 2048, 2049, 2048, 2049, 2048]",297.0
1142,7779,63,21,2023-03-19T17:38:40.101000+00:00,36.791,30.01,30.001,284.0,298.0,False,96.802,"[None, 2048, 2048, 2048, 2048, 2048, 2048, 2048, 2048]","[2048, 2048, 2048, 2048, 2049, 2049, 2048]","[2048, 2048, 2049, 2048, 2048, 2048, 2049, 2049, 2049]",311.0
1142,7779,1,21,2023-03-19T17:38:40.413000+00:00,36.872,29.989,30.085,289.0,303.0,False,96.946,"[None, 2048, 2048, 2048, 2048, 2048, 2048, 2048, 2048]","[2048, 2048, 2048, 2048, 2049, 2048, 2048]","[2048, 2048, 2048, 2048, 2048, 2048, 2049, 2049]",318.0
1142,7779,55,21,2023-03-19T17:38:40.742000+00:00,37.081,30.138,30.151,284.0,297.0,False,97.37,"[None, 2048, 2048, 2048, 2048, 2048, 2048, 2048, 2048]","[2048, 2048, 2048, 2048, 2048, 2048, 2048]","[2048, 2048, 2048, 2048, 2048, 2048, 2048, 2049]",307.0
1142,7779,44,21,2023-03-19T17:38:40.976000+00:00,37.212,29.993,30.029,287.0,293.0,False,97.234,"[None, 2048, 2048, 2048, 2048, 2048, 2048, 2048, 2049]","[2048, 2049, 2051, 2048, 2051, 2049, 2048]","[2048, 2048, 2049, 2048, 2048, 2048, 2051, 2051, 2049]",310.0
1142,7779,16,21,2023-03-19T17:38:41.429000+00:00,37.363,30.336,30.332,283.0,298.0,False,98.031,"[None, 2048, 2048, 2049, 2048, 2048, 2048, 2048, 2048]","[2048, 2048, 2048, 2048, 2049, 2048, 2048]","[2048, 2048, 2048, 2048, 2048, 2048, 2048, 2048]",305.0
1142,7779,22,21,2023-03-19T17:38:42.242000+00:00,37.266,30.53,30.356,281.0,299.0,False,98.152,"[None, 2048, 2048, 2048, 2048, 2048, 2048, 2048, 2048]","[2048, 2048, 2048, 2048, 2048, 2048, 2048]","[2048, 2049, 2049, 2048, 2048, 2048, 2048, 2048, 2048]",311.0
1142,7779,31,21,2023-03-19T17:38:42.679000+00:00,37.158,30.373,30.502,276.0,301.0,False,98.033,"[None, 2048, 2048, 2048, 2048, 2048, 2048, 2048, 2048]","[2048, 2048, 2049, 2048, 2048, 2049, 2049]","[2048, 2048, 2049, 2049, 2048, 2048, 2048, 2049, 2049]",311.0
1142,7779,10,21,2023-03-19T17:38:42.882000+00:00,37.458,30.381,30.535,281.0,302.0,False,98.374,"[None, 2048, 2048, 2048, 2048, 2048, 2048, 2048, 2048]","[2048, 2048, 2049, 2048, 2049, 2048, 2048]","[2048, 2048, 2048, 2048, 2048, 2048, 2048, 2048, 2048]",301.0
1142,7779,20,21,2023-03-19T17:38:43.210000+00:00,37.604,30.519,30.526,286.0,302.0,False,98.649,"[None, 2048, 2048, 2048, 2048, 2048, 2048, 2048, 2048]","[2048, 2048, 2048, 2048, 2048, 2048, 2048]","[2048, 2048, 2049, 2048, 2048, 2048, 2048, 2048, 2048]",314.0
1142,7779,23,21,2023-03-19T17:38:43.679000+00:00,37.749,30.516,30.746,291.0,311.0,False,99.011,"[None, 2048, 2048, 2048, 2048, 2048, 2048, 2048, 2048]","[2048, 2048, 2049, 2048, 2049, 2048, 2048]","[2048, 2048, 2048, 2048, 2048, 2048, 2049, 2049, 2048]",313.0
1142,7779,27,21,2023-03-19T17:38:43.820000+00:00,37.492,30.449,30.479,283.0,304.0,False,98.42,"[None, 2048, 2048, 2048, 2048, 2048, 2048, 2048, 2048]","[2048, 2048, 2048, 2048, 2049, 2048, 2048]","[2048, 2048, 2048, 2048, 2048, 2048, 2048, 2048]",313.0
1142,7779,21,21,2023-03-19T17:38:44.304000+00:00,37.986,30.664,30.738,284.0,301.0,False,99.388,"[None, 2048, 2048, 2048, 2048, 2048, 2048, 2048, 2048]","[2048, 2048, 2049, 2048, 2048, 2048, 2048]","[2048, 2048, 2049, 2048, 2048, 2048, 2048, 2049, 2048]",306.0
1142,7779,2,21,2023-03-19T17:38:44.429000+00:00,37.381,30.502,30.816,289.0,308.0,False,98.699,"[None, 2048, 2048, 2048, 2048, 2048, 2048, 2048, 2048]","[2048, 2048, 2049, 2048, 2049, 2048, 2048]","[2048, 2048, 2048, 2048, 2048, 2048, 2049, 2049]",316.0
1142,7779,81,21,2023-03-19T17:38:44.820000+00:00,38.186,30.77,30.707,283.0,301.0,False,99.663,"[2049, 2048, 2048, 2048, 2048, 2048, 2048, 2048, 2048]","[2048, 2048, 2049, 2048, 2048, 2049, 2048]","[2048, 2048, 2049, 2049, 2048, 2048, 2048, 2049, 2049]",302.0
1142,7779,24,21,2023-03-19T17:38:45.288000+00:00,37.616,30.496,30.657,286.0,287.0,False,98.769,"[None, 2048, 2048, 2048, 2048, 2048, 2048, 2048, 2048]","[2048, 2048, 2049, 2048, 2048, 2049, 2048]","[2048, 2048, 2049, 2049, 2048, 2048, 2048, 2049]",318.0
1142,7779,77,21,2023-03-19T17:38:45.398000+00:00,37.672,30.751,30.642,289.0,305.0,False,99.065,"[None, 2048, 2048, 2048, 2048, 2048, 2048, 2048, 2048]","[2048, 2048, 2049, 2048, 2048, 2049, 2048]","[2048, 2048, 2049, 2048, 2048, 2048, 2049, 2051, 2049]",318.0
1142,7779,4,21,2023-03-19T17:38:46.195000+00:00,37.85,30.643,30.807,284.0,293.0,False,99.3,"[2048, 2048, 2048, 2049, 2048, 2048, 2048, 2048, 2048]","[2048, 2048, 2048, 2048, 2049, 2049, 2049]","[2048, 2048, 2049, 2049, 2048, 2048, 2049, 2048, 2048]",317.0
1142,7779,11,22,2023-03-19T17:40:13.851000+00:00,34.515,29.661,29.719,284.0,301.0,False,93.895,"[None, 2048, 2048, 2049, 2048, 2048, 2049, 2048, 2048]","[2048, 2049, 2049, 2048, 2048, 2048, 2048]","[2048, 2048, 2048, 2048, 2048, 2048, 2049, 2048]",308.0
1142,7779,14,22,2023-03-19T17:40:15.912000+00:00,35.173,29.668,29.897,284.0,297.0,False,94.738,"[None, 2048, 2048, 2048, 2048, 2048, 2048, 2048, 2049]","[2049, 2048, 2049, 2048, 2048, 2048, 2048]","[2048, 2049, 2049, 2048, 2048, 2048, 2049, 2049]",304.0
1142,7779,63,22,2023-03-19T17:40:16.927000+00:00,35.387,29.805,29.878,286.0,297.0,False,95.07,"[2049, 2048, 2048, 2048, 2048, 2048, 2048, 2048, 2048]","[2048, 2049, 2048, 2048, 2049, 2049, 2048]","[2048, 2049, 2049, 2048, 2048, 2048, 2048, 2048]",312.0
1142,7779,1,22,2023-03-19T17:40:17.380000+00:00,35.462,29.71,29.801,288.0,307.0,False,94.973,"[None, 2048, 2048, 2048, 2048, 2048, 2048, 2048, 2048]","[2048, 2048, 2049, 2048, 2048, 2048, 2048]","[2048, 2048, 2048, 2048, 2048, 2048, 2049, 2049, 2048]",319.0
1142,7779,55,22,2023-03-19T17:40:18.130000+00:00,36.526,29.894,29.893,286.0,301.0,False,96.313,"[None, 2048, 2048, 2048, 2048, 2048, 2048, 2048, 2048]","[2048, 2048, 2049, 2048, 2048, 2048, 2048]","[2048, 2049, 2048, 2048, 2048, 2048, 2048, 2048]",310.0
1142,7779,44,22,2023-03-19T17:40:18.302000+00:00,35.454,29.8,29.928,285.0,305.0,False,95.182,"[None, 2048, 2048, 2051, 2049, 2048, 2048, 2048, 2049]","[2048, 2049, 2048, 2048, 2048, 2048, 2048]","[2048, 2048, 2048, 2048, 2048, 2049, 2048, 2048, 2048]",302.0
1142,7779,16,22,2023-03-19T17:40:19.490000+00:00,35.65,29.942,30.108,288.0,303.0,False,95.7,"[None, 2048, 2048, 2048, 2048, 2048, 2048, 2048, 2048]","[2048, 2048, 2049, 2048, 2049, 2048, 2048]","[2048, 2048, 2048, 2048, 2048, 2048, 2048, 2048]",311.0
1142,7779,22,22,2023-03-19T17:40:20.412000+00:00,35.785,30.243,30.169,283.0,298.0,False,96.197,"[None, 2048, 2048, 2048, 2048, 2048, 2048, 2048, 2048]","[2048, 2048, 2048, 2048, 2049, 2048, 2048]","[2048, 2049, 2049, 2048, 2048, 2048, 2048, 2048, 2048]",308.0
1142,7779,31,22,2023-03-19T17:40:20.709000+00:00,36.007,30.251,30.3,280.0,302.0,False,96.558,"[2049, 2048, 2048, 2048, 2048, 2048, 2048, 2048, 2048]","[2048, 2048, 2048, 2048, 2049, 2048, 2048]","[2048, 2049, 2049, 2048, 2048, 2048, 2048, 2048, 2048]",303.0
1142,7779,10,22,2023-03-19T17:40:21.255000+00:00,36.043,30.366,30.167,279.0,299.0,False,96.576,"[None, 2048, 2048, 2048, 2048, 2048, 2048, 2048, 2048]","[2048, 2048, 2048, 2048, 2049, 2048, 2048]","[2048, 2048, 2048, 2048, 2048, 2048, 2048, 2049, 2048]",300.0
1142,7779,20,22,2023-03-19T17:40:21.818000+00:00,36.005,30.499,30.376,282.0,301.0,False,96.88,"[None, 2048, 2048, 2048, 2048, 2048, 2048, 2048, 2048]","[2048, 2048, 2048, 2048, 2048, 2048, 2048]","[2048, 2048, 2048, 2048, 2048, 2048, 2048, 2048, 2048]",308.0
1142,7779,27,22,2023-03-19T17:40:22.068000+00:00,36.389,30.247,30.315,286.0,307.0,False,96.951,"[None, 2048, 2048, 2048, 2048, 2048, 2048, 2048, 2048]","[2048, 2048, 2048, 2048, 2048, 2048, 2048]","[2048, 2048, 2048, 2048, 2048, 2048, 2048, 2048, 2048]",315.0
1142,7779,23,22,2023-03-19T17:40:22.693000+00:00,36.191,30.205,30.568,,308.0,False,96.964,"[None, 2048, 2048, 2048, 2048, 2048, 2048, 2048, 2049]","[2048, 2048, 2049, 2048, 2049, 2048, 2048]","[2048, 2048, 2049, 2048, 2048, 2048, 2048, 2048, 2048]",310.0
1142,7779,2,22,2023-03-19T17:40:23.021000+00:00,36.372,30.302,30.436,288.0,310.0,False,97.11,"[None, 2048, 2048, 2048, 2048, 2048, 2048, 2048, 2048]","[2048, 2048, 2048, 2048, 2048, 2048, 2048]","[2048, 2048, 2049, 2048, 2048, 2048, 2048, 2048, 2048]",309.0
1142,7779,21,22,2023-03-19T17:40:23.677000+00:00,36.522,30.4,30.502,285.0,301.0,False,97.424,"[None, 2048, 2048, 2048, 2048, 2048, 2048, 2048, 2048]","[2048, 2048, 2048, 2048, 2048, 2048, 2048]","[2048, 2048, 2048, 2048, 2048, 2048, 2048, 2048, 2048]",302.0
1142,7779,24,22,2023-03-19T17:40:23.708000+00:00,36.854,30.292,30.245,287.0,305.0,False,97.391,"[None, 2048, 2048, 2048, 2048, 2048, 2048, 2048, 2048]","[2048, 2048, 2048, 2048, 2048, 2048, 2048]","[2048, 2048, 2049, 2049, 2048, 2048, 2048, 2051, 2048]",319.0
1142,7779,81,22,2023-03-19T17:40:24.474000+00:00,36.622,30.603,30.401,285.0,302.0,False,97.626,"[None, 2049, 2048, 2048, 2048, 2048, 2048, 2048, 2048]","[2048, 2048, 2048, 2048, 2048, 2049, 2048]","[2048, 2048, 2048, 2048, 2048, 2048, 2048, 2048, 2048]",300.0
1142,7779,77,22,2023-03-19T17:40:24.599000+00:00,36.934,30.723,30.709,279.0,298.0,False,98.366,"[None, 2048, 2048, 2048, 2048, 2048, 2048, 2048, 2048]","[2048, 2048, 2048, 2048, 2048, 2048, 2048]","[2048, 2048, 2048, 2048, 2048, 2048, 2049, 2048, 2048]",305.0
1142,7779,4,22,2023-03-19T17:40:25.146000+00:00,36.728,30.725,30.247,285.0,304.0,False,97.7,"[None, 2048, 2048, 2048, 2048, 2048, 2048, 2048, 2048]","[2048, 2048, 2049, 2048, 2048, 2048, 2048]","[2048, 2048, 2049, 2049, 2048, 2048, 2048, 2048]",315.0
1142,7779,11,23,2023-03-19T17:41:47.723000+00:00,34.361,29.544,29.559,287.0,302.0,False,93.464,"[None, 2048, 2048, 2048, 2049, 2048, 2049, 2048, 2048]","[2049, 2049, 2049, 2048, 2051, 2048, 2048]","[2049, 2048, 2048, 2048, 2049, 2049, 2048, 2048, 2048]",311.0
1142,7779,14,23,2023-03-19T17:41:50.676000+00:00,35.076,29.755,29.94,,299.0,False,94.771,"[None, 2048, 2048, 2048, 2048, 2048, 2048, 2048, 2048]","[2048, 2048, 2048, 2048, 2049, 2048, 2048]","[2048, 2048, 2048, 2048, 2048, 2048, 2048, 2048, 2048]",300.0
1142,7779,63,23,2023-03-19T17:41:52.019000+00:00,34.995,29.648,30.315,,307.0,False,94.958,"[None, 2049, 2048, 2048, 2048, 2048, 2048, 2048, 2048]","[2048, 2048, 2049, 2048, 2049, 2049, 2048]","[2048, 2048, 2049, 2048, 2048, 2048, 2048, 2048, 2049]",296.0
1142,7779,1,23,2023-03-19T17:41:52.332000+00:00,35.197,29.397,29.521,289.0,318.0,False,94.115,"[None, 2048, 2048, 2048, 2048, 2048, 2048, 2048, 2048]","[2049, 2049, 2051, 2048, 2049, 2051, 2048]","[2048, 2048, 2048, 2051, 2051, 2048, 2048, 2048]",334.0
1142,7779,44,23,2023-03-19T17:41:53.410000+00:00,35.111,29.694,29.91,286.0,307.0,False,94.715,"[None, 2048, 2049, 2048, 2049, 2048, 2048, 2048, 2048]","[2049, 2048, 2048, 2048, 2048, 2048, 2049]","[2049, 2048, 2048, 2048, 2049, 2048, 2048, 2048, 2048]",309.0
1142,7779,55,23,2023-03-19T17:41:54.410000+00:00,35.113,29.93,29.998,283.0,300.0,False,95.041,"[None, 2048, 2048, 2049, 2048, 2048, 2048, 2048, 2048]","[2048, 2048, 2048, 2048, 2049, 2048, 2048]","[2048, 2048, 2048, 2048, 2048, 2048, 2048, 2048, 2048]",307.0
1142,7779,16,23,2023-03-19T17:41:55.191000+00:00,35.369,29.747,29.737,286.0,316.0,False,94.853,"[None, 2048, 2048, 2048, 2048, 2048, 2048, 2048, 2048]","[2049, 2048, 2048, 2048, 2048, 2048, 2049]","[2048, 2048, 2049, 2048, 2048, 2048, 2048, 2048, 2048]",329.0
1142,7779,22,23,2023-03-19T17:41:56.676000+00:00,35.41,30.164,30.143,282.0,300.0,False,95.717,"[None, 2048, 2048, 2048, 2048, 2048, 2048, 2048, 2048]","[2048, 2049, 2048, 2048, 2048, 2048, 2048]","[2048, 2048, 2048, 2048, 2049, 2048, 2048, 2048, 2048]",309.0
1142,7779,31,23,2023-03-19T17:41:57.254000+00:00,35.385,29.942,29.885,284.0,319.0,False,95.212,"[2048, 2048, 2048, 2048, 2048, 2048, 2048, 2048, 2048]","[2048, 2048, 2048, 2048, 2049, 2049, 2049]","[2048, 2048, 2049, 2049, 2048, 2048, 2049, 2049, 2049]",316.0
1142,7779,10,23,2023-03-19T17:41:57.816000+00:00,35.633,30.159,30.126,280.0,315.0,False,95.918,"[None, 2048, 2048, 2048, 2048, 2048, 2048, 2048, 2048]","[2048, 2048, 2048, 2048, 2048, 2048, 2049]","[2049, 2048, 2048, 2049, 2048, 2048, 2048, 2048, 2048]",318.0
1142,7779,20,23,2023-03-19T17:41:58.707000+00:00,35.645,29.896,30.161,283.0,320.0,False,95.702,"[None, 2048, 2048, 2048, 2048, 2048, 2048, 2048, 2048]","[2048, 2048, 2049, 2048, 2049, 2049, 2049]","[2048, 2048, 2049, 2049, 2048, 2048, 2048, 2049]",328.0
1142,7779,27,23,2023-03-19T17:41:59.082000+00:00,35.998,29.791,29.744,,322.0,False,95.533,"[None, 2048, 2048, 2048, 2048, 2048, 2048, 2048, 2048]","[2049, 2048, 2049, 2049, 2048, 2049, 2049]","[2048, 2048, 2048, 2049, 2049, 2048, 2048, 2049]",334.0
1142,7779,23,23,2023-03-19T17:41:59.644000+00:00,35.895,29.943,29.818,,326.0,False,95.656,"[None, 2048, 2048, 2048, 2048, 2048, 2048, 2048, 2049]","[2048, 2048, 2049, 2048, 2048, 2048, 2049]","[2048, 2048, 2049, 2049, 2049, 2048, 2048, 2048, 2049]",334.0
1142,7779,2,23,2023-03-19T17:42:00.129000+00:00,36.024,29.862,29.936,289.0,327.0,False,95.822,"[None, 2048, 2048, 2048, 2048, 2048, 2048, 2048, 2049]","[2048, 2048, 2048, 2048, 2049, 2049, 2051]","[2049, 2048, 2049, 2049, 2049, 2048, 2048, 2048, 2049]",336.0
1142,7779,21,23,2023-03-19T17:42:01.160000+00:00,36.75,30.377,29.976,,304.0,False,97.103,"[None, 2048, 2048, 2048, 2048, 2048, 2048, 2048, 2048]","[2048, 2048, 2048, 2048, 2048, 2048, 2048]","[2048, 2049, 2049, 2049, 2049, 2048, 2048, 2048, 2049]",325.0
1142,7779,24,23,2023-03-19T17:42:01.316000+00:00,35.996,30.335,30.015,282.0,299.0,False,96.346,"[None, 2048, 2048, 2048, 2048, 2048, 2048, 2048, 2048]","[2048, 2048, 2048, 2048, 2049, 2048, 2048]","[2048, 2048, 2048, 2048, 2048, 2048, 2048, 2048]",308.0
1142,7779,81,23,2023-03-19T17:42:02.113000+00:00,36.136,30.38,30.046,,318.0,False,96.562,"[2048, 2048, 2048, 2048, 2048, 2048, 2048, 2048, 2048]","[2048, 2048, 2049, 2048, 2048, 2049, 2049]","[2048, 2048, 2049, 2049, 2049, 2048, 2048, 2048, 2049]",332.0
1142,7779,4,23,2023-03-19T17:42:02.785000+00:00,35.885,30.273,30.095,279.0,318.0,False,96.253,"[None, 2049, 2048, 2048, 2048, 2048, 2048, 2048, 2048]","[2048, 2048, 2048, 2048, 2049, 2049, 2049]","[2048, 2048, 2048, 2049, 2048, 2048, 2048, 2048, 2049]",330.0
1142,7779,77,23,2023-03-19T17:42:03.285000+00:00,36.947,30.803,30.468,276.0,295.0,False,98.218,"[None, 2048, 2048, 2048, 2048, 2048, 2048, 2048, 2048]","[2048, 2048, 2048, 2048, 2048, 2048, 2048]","[2048, 2048, 2048, 2048, 2048, 2048, 2048, 2048, 2048]",304.0
1142,7779,11,24,2023-03-19T17:43:21.237000+00:00,34.378,29.499,29.563,,302.0,False,93.44,"[None, 2048, 2049, 2048, 2048, 2048, 2049, 2048, 2051]","[2048, 2049, 2049, 2048, 2051, 2048, 2048]","[2048, 2048, 2048, 2048, 2049, 2048, 2048, 2049, 2048]",311.0
1142,7779,14,24,2023-03-19T17:43:25.424000+00:00,34.959,29.734,30.143,282.0,298.0,False,94.836,"[None, 2048, 2048, 2048, 2048, 2048, 2048, 2048, 2048]","[2048, 2048, 2049, 2048, 2048, 2048, 2048]","[2048, 2048, 2048, 2048, 2048, 2048, 2048, 2048, 2048]",301.0
1142,7779,1,24,2023-03-19T17:43:26.346000+00:00,34.754,29.349,30.043,288.0,322.0,False,94.146,"[None, 2048, 2048, 2049, 2049, 2048, 2048, 2048, 2048]","[2048, 2049, 2048, 2048, 2049, 2048, 2048]","[2049, 2048, 2048, 2048, 2048, 2048, 2048, 2049, 2049]",312.0
1142,7779,63,24,2023-03-19T17:43:26.908000+00:00,35.3,29.796,29.967,,298.0,False,95.063,"[None, 2048, 2048, 2048, 2048, 2048, 2048, 2048, 2048]","[2048, 2048, 2049, 2048, 2048, 2048, 2048]","[2048, 2048, 2049, 2048, 2048, 2048, 2048, 2048, 2048]",306.0
1142,7779,44,24,2023-03-19T17:43:28.127000+00:00,35.024,29.629,29.682,287.0,317.0,False,94.335,"[None, 2048, 2048, 2051, 2048, 2048, 2048, 2049, 2049]","[2048, 2048, 2048, 2048, 2048, 2049, 2049]","[2048, 2048, 2049, 2049, 2049, 2048, 2048, 2048, 2049]",326.0
1142,7779,55,24,2023-03-19T17:43:29.439000+00:00,35.005,29.826,29.825,284.0,301.0,False,94.656,"[None, 2048, 2048, 2049, 2049, 2048, 2048, 2048, 2048]","[2048, 2048, 2048, 2049, 2049, 2048, 2048]","[2048, 2048, 2048, 2048, 2048, 2048, 2048, 2048, 2048]",307.0
1142,7779,16,24,2023-03-19T17:43:30.018000+00:00,35.412,30.033,29.958,,301.0,False,95.403,"[None, 2048, 2048, 2048, 2048, 2048, 2048, 2048, 2048]","[2048, 2048, 2048, 2048, 2048, 2048, 2048]","[2048, 2048, 2048, 2048, 2048, 2048, 2048, 2048, 2048]",309.0
1142,7779,22,24,2023-03-19T17:43:32.314000+00:00,35.871,30.342,30.212,283.0,301.0,False,96.425,"[None, 2048, 2048, 2048, 2048, 2048, 2048, 2048, 2048]","[2048, 2048, 2048, 2048, 2049, 2048, 2048]","[2048, 2048, 2048, 2048, 2048, 2048, 2048, 2048]",311.0
1142,7779,31,24,2023-03-19T17:43:32.486000+00:00,34.703,30.04,30.139,283.0,300.0,False,94.882,"[2049, 2049, 2048, 2048, 2048, 2048, 2049, 2049, 2049]","[2048, 2049, 2048, 2048, 2048, 2048, 2048]","[2048, 2048, 2048, 2048, 2048, 2048, 2048, 2048, 2048]",303.0
1142,7779,10,24,2023-03-19T17:43:33.736000+00:00,35.264,29.957,30.101,281.0,318.0,False,95.322,"[None, 2049, 2048, 2048, 2048, 2048, 2048, 2048, 2048]","[2048, 2048, 2048, 2048, 2048, 2049, 2049]","[2048, 2048, 2049, 2049, 2048, 2048, 2048, 2049, 2049]",320.0
1142,7779,20,24,2023-03-19T17:43:34.393000+00:00,35.329,29.966,29.984,285.0,322.0,False,95.279,"[2049, 2048, 2048, 2048, 2048, 2048, 2048, 2048, 2048]","[2048, 2048, 2049, 2048, 2048, 2049, 2049]","[2048, 2048, 2048, 2048, 2048, 2048, 2048, 2049, 2049]",332.0
1142,7779,27,24,2023-03-19T17:43:34.596000+00:00,35.964,29.838,29.98,285.0,323.0,False,95.782,"[2051, 2048, 2048, 2048, 2048, 2048, 2048, 2048, 2048]","[2048, 2048, 2049, 2048, 2048, 2049, 2049]","[2048, 2048, 2048, 2048, 2048, 2048, 2048, 2048, 2048]",329.0
1142,7779,23,24,2023-03-19T17:43:35.268000+00:00,35.643,29.962,29.962,290.0,322.0,False,95.567,"[None, 2048, 2048, 2048, 2048, 2048, 2048, 2048, 2048]","[2048, 2048, 2048, 2048, 2048, 2051, 2049]","[2048, 2048, 2048, 2048, 2048, 2048, 2048, 2048]",333.0
1142,7779,2,24,2023-03-19T17:43:35.986000+00:00,35.579,30.017,29.961,,323.0,False,95.557,"[2049, 2048, 2048, 2049, 2048, 2048, 2048, 2048, 2048]","[2048, 2048, 2048, 2048, 2049, 2049, 2048]","[2048, 2048, 2049, 2048, 2048, 2048, 2048, 2048, 2049]",332.0
1142,7779,24,24,2023-03-19T17:43:37.377000+00:00,35.17,30.079,30.203,280.0,314.0,False,95.452,"[None, 2048, 2049, 2048, 2048, 2048, 2048, 2048, 2049]","[2048, 2048, 2048, 2048, 2048, 2048, 2049]","[2048, 2048, 2048, 2048, 2048, 2048, 2048, 2048, 2048]",305.0
1142,7779,21,24,2023-03-19T17:43:38.174000+00:00,35.436,30.062,29.888,,320.0,False,95.386,"[None, 2049, 2048, 2048, 2048, 2048, 2048, 2048, 2048]","[2048, 2048, 2048, 2049, 2048, 2048, 2049]","[2048, 2049, 2048, 2048, 2048, 2048, 2048, 2049, 2049]",325.0
1142,7779,81,24,2023-03-19T17:43:38.674000+00:00,35.778,30.316,30.311,,303.0,False,96.405,"[2049, 2048, 2048, 2048, 2048, 2048, 2048, 2048, 2048]","[2048, 2048, 2048, 2048, 2049, 2048, 2048]","[2048, 2048, 2049, 2048, 2048, 2048, 2048, 2048, 2048]",298.0
1142,7779,4,24,2023-03-19T17:43:39.142000+00:00,36.02,30.178,30.053,285.0,317.0,False,96.251,"[2049, 2048, 2048, 2048, 2048, 2048, 2048, 2048, 2048]","[2048, 2048, 2048, 2048, 2048, 2048, 2049]","[2048, 2048, 2048, 2048, 2048, 2048, 2048, 2048, 2048]",321.0
1142,7779,77,24,2023-03-19T17:43:41.127000+00:00,35.583,30.371,30.285,281.0,300.0,False,96.239,"[None, 2048, 2048, 2049, 2048, 2048, 2048, 2048, 2048]","[2048, 2048, 2048, 2048, 2048, 2048, 2048]","[2049, 2048, 2048, 2048, 2048, 2048, 2048, 2048, 2048]",306.0
1142,7779,11,25,2023-03-19T17:44:54.672000+00:00,34.297,29.514,29.615,,302.0,False,93.426,"[None, 2048, 2048, 2048, 2048, 2048, 2049, 2051, 2051]","[2048, 2049, 2048, 2048, 2048, 2048, 2048]","[2048, 2051, 2049, 2048, 2048, 2048, 2048, 2048, 2048]",310.0
1142,7779,14,25,2023-03-19T17:45:00.500000+00:00,35.384,29.245,29.507,285.0,316.0,False,94.136,"[None, 2048, 2048, 2048, 2048, 2048, 2048, 2048, 2048]","[2048, 2048, 2048, 2051, 2049, 2049, 2049]","[2051, 2048, 2049, 2049, 2049, 2048, 2048, 2049, 2049]",319.0
1142,7779,1,25,2023-03-19T17:45:00.625000+00:00,33.994,29.387,29.552,289.0,305.0,False,92.933,"[2049, 2048, 2048, 2048, 2051, 2051, 2051, 2049, 2049]","[2048, 2049, 2048, 2049, 2049, 2048, 2048]","[2049, 2048, 2048, 2048, 2048, 2049, 2048, 2048, 2048]",310.0
1142,7779,63,25,2023-03-19T17:45:02.016000+00:00,34.714,29.586,29.806,287.0,304.0,False,94.106,"[2048, 2048, 2048, 2048, 2048, 2048, 2048, 2048, 2049]","[2049, 2048, 2048, 2048, 2048, 2049, 2048]","[2048, 2048, 2049, 2049, 2048, 2048, 2048, 2048, 2048]",305.0
1142,7779,44,25,2023-03-19T17:45:02.485000+00:00,35.197,29.641,29.896,,305.0,False,94.734,"[2049, 2048, 2048, 2048, 2048, 2048, 2048, 2048, 2048]","[2048, 2048, 2048, 2049, 2048, 2048, 2048]","[2048, 2048, 2048, 2048, 2048, 2048, 2048, 2048, 2048]",306.0
1142,7779,55,25,2023-03-19T17:45:04.125000+00:00,34.965,29.917,29.932,283.0,297.0,False,94.814,"[None, 2048, 2048, 2048, 2048, 2048, 2048, 2048, 2048]","[2048, 2049, 2048, 2048, 2048, 2048, 2048]","[2048, 2048, 2048, 2048, 2048, 2048, 2048, 2048, 2048]",305.0
1142,7779,16,25,2023-03-19T17:45:05.407000+00:00,34.895,29.874,29.973,,300.0,False,94.742,"[None, 2048, 2048, 2048, 2048, 2048, 2048, 2048, 2048]","[2048, 2048, 2048, 2048, 2048, 2048, 2048]","[2048, 2048, 2048, 2048, 2048, 2048, 2048, 2048]",308.0
1142,7779,31,25,2023-03-19T17:45:07.266000+00:00,34.995,30.074,30.062,,297.0,False,95.131,"[2048, 2048, 2048, 2048, 2048, 2049, 2048, 2048, 2049]","[2049, 2048, 2048, 2049, 2048, 2048, 2048]","[2048, 2049, 2048, 2048, 2048, 2048, 2048, 2048, 2048]",303.0
1142,7779,22,25,2023-03-19T17:45:08.781000+00:00,36.443,30.251,30.139,,302.0,False,96.833,"[None, 2048, 2048, 2049, 2048, 2048, 2048, 2048, 2048]","[2048, 2048, 2048, 2048, 2048, 2048, 2048]","[2048, 2048, 2048, 2048, 2048, 2048, 2048, 2048, 2048]",310.0
1142,7779,10,25,2023-03-19T17:45:09.063000+00:00,35.223,30.027,30.02,280.0,299.0,False,95.27,"[2049, 2049, 2048, 2048, 2048, 2048, 2049, 2049, 2048]","[2048, 2048, 2048, 2048, 2048, 2048, 2048]","[2048, 2048, 2048, 2048, 2048, 2048, 2048, 2048, 2048]",300.0
1142,7779,20,25,2023-03-19T17:45:09.703000+00:00,36.118,29.969,30.23,288.0,320.0,False,96.317,"[None, 2049, 2048, 2048, 2049, 2048, 2048, 2048, 2048]","[2049, 2048, 2049, 2048, 2048, 2049, 2049]","[2048, 2048, 2048, 2048, 2048, 2048, 2048, 2048]",330.0
1142,7779,27,25,2023-03-19T17:45:10.391000+00:00,36.105,29.866,29.92,284.0,320.0,False,95.891,"[2048, 2048, 2048, 2048, 2048, 2048, 2048, 2048, 2048]","[2048, 2048, 2048, 2048, 2048, 2049, 2048]","[2048, 2048, 2049, 2048, 2048, 2048, 2048, 2048, 2048]",330.0
1142,7779,23,25,2023-03-19T17:45:10.844000+00:00,35.973,29.944,30.09,291.0,321.0,False,96.007,"[None, 2048, 2048, 2048, 2048, 2048, 2048, 2048, 2048]","[2048, 2049, 2048, 2048, 2048, 2051, 2049]","[2048, 2048, 2051, 2048, 2048, 2048, 2048, 2048, 2048]",333.0
1142,7779,2,25,2023-03-19T17:45:11.547000+00:00,35.844,30.003,29.891,290.0,330.0,False,95.738,"[2048, 2048, 2048, 2049, 2048, 2048, 2048, 2048, 2049]","[2048, 2048, 2048, 2048, 2048, 2048, 2051]","[2048, 2048, 2048, 2048, 2048, 2048, 2048, 2048, 2049]",331.0
1142,7779,24,25,2023-03-19T17:45:12.922000+00:00,35.476,30.044,30.04,282.0,316.0,False,95.56,"[None, 2048, 2048, 2048, 2048, 2048, 2048, 2048, 2048]","[2048, 2048, 2048, 2048, 2048, 2048, 2049]","[2048, 2048, 2048, 2048, 2049, 2048, 2048, 2048, 2048]",314.0
1142,7779,21,25,2023-03-19T17:45:13.578000+00:00,35.711,30.12,29.855,284.0,317.0,False,95.686,"[None, 2048, 2048, 2048, 2048, 2048, 2048, 2048, 2048]","[2048, 2048, 2048, 2048, 2049, 2049, 2048]","[2048, 2049, 2048, 2048, 2048, 2048, 2048, 2049, 2049]",321.0
1142,7779,81,25,2023-03-19T17:45:15.078000+00:00,36.32,30.286,30.129,,307.0,False,96.735,"[2048, 2048, 2048, 2048, 2048, 2048, 2048, 2048, 2048]","[2048, 2048, 2049, 2048, 2048, 2048, 2048]","[2048, 2048, 2048, 2048, 2048, 2048, 2048, 2048, 2048]",306.0
1142,7779,4,25,2023-03-19T17:45:15.375000+00:00,34.966,30.31,30.239,283.0,302.0,False,95.515,"[None, 2049, 2048, 2048, 2048, 2048, 2048, 2048, 2048]","[2048, 2048, 2048, 2048, 2048, 2048, 2048]","[2048, 2049, 2048, 2048, 2048, 2048, 2048, 2048, 2048]",301.0
1142,7779,77,25,2023-03-19T17:45:17.406000+00:00,35.765,30.36,30.287,,299.0,False,96.412,"[None, 2048, 2048, 2048, 2049, 2048, 2048, 2048, 2048]","[2049, 2048, 2048, 2048, 2048, 2048, 2048]","[2048, 2048, 2048, 2048, 2048, 2048, 2048, 2048, 2048]",307.0
1142,7779,11,26,2023-03-19T17:46:28.046000+00:00,34.241,29.351,29.48,288.0,302.0,False,93.072,"[None, 2048, 2048, 2048, 2048, 2049, 2051, 2048, 2048]","[2048, 2049, 2048, 2049, 2051, 2049, 2048]","[2048, 2048, 2048, 2048, 2049, 2051, 2048, 2048, 2048]",310.0
1142,7779,1,26,2023-03-19T17:46:33.499000+00:00,34.131,29.347,29.462,290.0,303.0,False,92.94,"[2048, 2048, 2048, 2049, 2048, 2051, 2048, 2048, 2051]","[2048, 2048, 2048, 2049, 2049, 2048, 2048]","[2048, 2051, 2048, 2048, 2048, 2049, 2049, 2048, 2048]",309.0
1142,7779,14,26,2023-03-19T17:46:34.421000+00:00,34.67,29.587,29.862,,302.0,False,94.119,"[2049, 2049, 2048, 2048, 2048, 2048, 2048, 2048, 2048]","[2048, 2048, 2048, 2048, 2048, 2048, 2048]","[2048, 2048, 2048, 2048, 2048, 2048, 2048, 2048, 2048]",304.0
1142,7779,63,26,2023-03-19T17:46:36.124000+00:00,34.954,29.744,29.795,282.0,303.0,False,94.493,"[None, 2048, 2048, 2048, 2048, 2048, 2048, 2048, 2048]","[2048, 2048, 2048, 2048, 2048, 2048, 2048]","[2048, 2048, 2048, 2048, 2048, 2049, 2048, 2048, 2048]",310.0
1142,7779,44,26,2023-03-19T17:46:37.280000+00:00,34.941,29.463,29.594,,320.0,False,93.998,"[2048, 2048, 2048, 2048, 2048, 2049, 2049, 2048, 2049]","[2049, 2048, 2048, 2049, 2048, 2049, 2049]","[2048, 2048, 2048, 2048, 2049, 2048, 2048, 2048, 2048]",325.0
1142,7779,55,26,2023-03-19T17:46:38.920000+00:00,34.872,29.823,29.72,284.0,299.0,False,94.415,"[None, 2048, 2048, 2048, 2048, 2048, 2048, 2048, 2049]","[2048, 2048, 2048, 2049, 2049, 2048, 2048]","[2048, 2049, 2048, 2048, 2048, 2048, 2048, 2048, 2048]",305.0
1142,7779,16,26,2023-03-19T17:46:40.202000+00:00,34.832,29.779,29.821,288.0,302.0,False,94.432,"[None, 2048, 2048, 2048, 2048, 2048, 2048, 2048, 2049]","[2048, 2049, 2049, 2048, 2048, 2048, 2048]","[2048, 2049, 2048, 2048, 2049, 2048, 2048, 2048, 2048]",308.0
1142,7779,31,26,2023-03-19T17:46:42.483000+00:00,34.762,29.881,29.966,284.0,299.0,False,94.609,"[None, 2048, 2048, 2048, 2049, 2049, 2049, 2049, 2049]","[2049, 2048, 2048, 2049, 2049, 2048, 2048]","[2049, 2049, 2048, 2048, 2048, 2048, 2048, 2048, 2048]",303.0
1142,7779,10,26,2023-03-19T17:46:44.264000+00:00,35.184,29.948,29.973,281.0,298.0,False,95.105,"[2048, 2048, 2048, 2048, 2049, 2048, 2048, 2048, 2048]","[2048, 2049, 2048, 2048, 2048, 2048, 2048]","[2048, 2049, 2048, 2048, 2049, 2048, 2048, 2048, 2048]",300.0
1142,7779,22,26,2023-03-19T17:46:45.577000+00:00,35.364,30.084,30.065,284.0,301.0,False,95.513,"[None, 2048, 2048, 2048, 2048, 2048, 2048, 2048, 2048]","[2049, 2048, 2048, 2049, 2049, 2048, 2048]","[2049, 2048, 2048, 2048, 2048, 2048, 2049, 2048, 2048]",310.0
1142,7779,20,26,2023-03-19T17:46:46.045000+00:00,35.626,29.977,29.941,285.0,319.0,False,95.544,"[2048, 2048, 2048, 2048, 2048, 2048, 2048, 2048, 2048]","[2048, 2048, 2048, 2048, 2048, 2048, 2048]","[2048, 2048, 2049, 2048, 2048, 2048, 2048, 2048, 2048]",329.0
1142,7779,27,26,2023-03-19T17:46:46.280000+00:00,36.101,30.023,29.919,283.0,318.0,False,96.043,"[None, 2048, 2048, 2048, 2048, 2048, 2048, 2048, 2048]","[2048, 2048, 2048, 2048, 2048, 2048, 2048]","[2048, 2048, 2048, 2048, 2048, 2048, 2048, 2048, 2048]",325.0
1142,7779,23,26,2023-03-19T17:46:46.889000+00:00,36.237,30.742,31.25,288.0,306.0,False,98.229,"[None, 2048, 2048, 2048, 2048, 2048, 2048, 2048, 2048]","[2048, 2048, 2048, 2048, 2048, 2048, 2048]","[2049, 2048, 2048, 2048, 2048, 2048, 2048, 2048, 2048]",315.0
1142,7779,2,26,2023-03-19T17:46:47.295000+00:00,36.356,30.448,30.108,,283.0,False,96.912,"[2049, 2048, 2048, 2048, 2048, 2048, 2048, 2048, 2048]","[2048, 2048, 2048, 2048, 2048, 2051, 2048]","[2048, 2049, 2051, 2048, 2049, 2048, 2048, 2049]",326.0
1142,7779,24,26,2023-03-19T17:46:48.467000+00:00,35.745,30.365,30.228,287.0,314.0,False,96.338,"[None, 2048, 2048, 2048, 2048, 2048, 2048, 2048, 2048]","[2048, 2048, 2049, 2048, 2048, 2049, 2049]","[2048, 2048, 2049, 2049, 2048, 2048, 2048, 2048]",327.0
1142,7779,21,26,2023-03-19T17:46:49.311000+00:00,35.792,30.185,30.097,286.0,315.0,False,96.074,"[2049, 2048, 2048, 2048, 2048, 2048, 2048, 2048, 2049]","[2048, 2048, 2048, 2048, 2049, 2049, 2049]","[2048, 2049, 2049, 2049, 2048, 2048, 2048, 2049, 2049]",330.0
1142,7779,4,26,2023-03-19T17:46:50.780000+00:00,35.187,30.037,30.091,285.0,318.0,False,95.315,"[2048, 2048, 2048, 2048, 2048, 2048, 2048, 2048, 2049]","[2048, 2048, 2048, 2048, 2048, 2048, 2049]","[2048, 2048, 2048, 2048, 2048, 2048, 2048, 2048, 2048]",325.0
1142,7779,81,26,2023-03-19T17:46:51.811000+00:00,35.472,30.039,30.241,286.0,305.0,False,95.752,"[None, 2048, 2048, 2048, 2048, 2048, 2048, 2048, 2048]","[2048, 2048, 2049, 2048, 2049, 2049, 2048]","[2048, 2049, 2049, 2048, 2048, 2048, 2048, 2048, 2048]",304.0
1142,7779,77,26,2023-03-19T17:46:53.795000+00:00,35.62,30.447,30.276,280.0,296.0,False,96.343,"[None, 2048, 2048, 2048, 2048, 2048, 2048, 2048, 2048]","[2048, 2048, 2048, 2048, 2048, 2048, 2048]","[2048, 2048, 2048, 2048, 2048, 2048, 2048, 2048]",303.0
1142,7779,11,27,2023-03-19T17:48:01.153000+00:00,34.112,29.284,29.495,286.0,302.0,False,92.891,"[None, 2048, 2048, 2048, 2049, 2051, 2051, 2051, 2048]","[2051, 2048, 2051, 2049, 2048, 2049, 2048]","[2048, 2051, 2048, 2048, 2048, 2048, 2048, 2048]",311.0
1142,7779,1,27,2023-03-19T17:48:06.466000+00:00,34.129,29.235,29.474,,304.0,False,92.838,"[None, 2048, 2049, 2048, 2048, 2049, 2048, 2048, 2048]","[2048, 2049, 2048, 2048, 2051, 2048, 2048]","[2049, 2048, 2048, 2048, 2048, 2048, 2048, 2048, 2048]",310.0
1142,7779,14,27,2023-03-19T17:48:08.544000+00:00,34.815,29.586,29.845,286.0,303.0,False,94.246,"[2048, 2048, 2048, 2048, 2048, 2048, 2048, 2048, 2049]","[2048, 2048, 2049, 2048, 2048, 2048, 2048]","[2048, 2049, 2049, 2048, 2048, 2048, 2048, 2048]",302.0
1142,7779,63,27,2023-03-19T17:48:10.606000+00:00,34.807,29.52,29.791,288.0,302.0,False,94.118,"[None, 2048, 2048, 2048, 2048, 2048, 2048, 2049, 2049]","[2048, 2049, 2048, 2051, 2049, 2048, 2048]","[2048, 2049, 2049, 2048, 2048, 2048, 2048, 2048, 2048]",306.0
1142,7779,44,27,2023-03-19T17:48:11.200000+00:00,35.029,29.402,29.554,289.0,320.0,False,93.985,"[None, 2048, 2048, 2048, 2048, 2048, 2049, 2049, 2049]","[2048, 2049, 2048, 2049, 2048, 2048, 2049]","[2048, 2048, 2049, 2048, 2048, 2048, 2048, 2048, 2048]",324.0
1142,7779,55,27,2023-03-19T17:48:13.731000+00:00,34.795,29.855,29.889,,298.0,False,94.539,"[None, 2048, 2049, 2048, 2048, 2048, 2048, 2049, 2048]","[2048, 2048, 2048, 2048, 2048, 2048, 2048]","[2048, 2048, 2048, 2048, 2048, 2048, 2048, 2048, 2048]",303.0
1142,7779,16,27,2023-03-19T17:48:14.606000+00:00,34.766,29.913,30.002,,300.0,False,94.681,"[None, 2048, 2048, 2048, 2049, 2048, 2048, 2048, 2049]","[2048, 2048, 2048, 2048, 2048, 2048, 2048]","[2048, 2048, 2048, 2048, 2048, 2048, 2048, 2048, 2048]",306.0
1142,7779,31,27,2023-03-19T17:48:17.153000+00:00,34.89,29.971,30.042,283.0,296.0,False,94.903,"[None, 2048, 2048, 2049, 2049, 2048, 2048, 2048, 2048]","[2048, 2049, 2048, 2048, 2048, 2048, 2048]","[2048, 2048, 2048, 2048, 2049, 2048, 2049, 2048, 2048]",307.0
1142,7779,10,27,2023-03-19T17:48:19.450000+00:00,35.158,29.873,29.969,,297.0,False,95.0,"[None, 2048, 2048, 2048, 2049, 2048, 2049, 2048, 2048]","[2049, 2048, 2048, 2049, 2048, 2048, 2048]","[2048, 2048, 2048, 2048, 2049, 2048, 2048, 2048, 2048]",301.0
1142,7779,22,27,2023-03-19T17:48:21.137000+00:00,35.318,30.085,29.989,283.0,300.0,False,95.392,"[None, 2048, 2048, 2048, 2048, 2048, 2049, 2048, 2048]","[2048, 2049, 2048, 2048, 2048, 2048, 2048]","[2049, 2048, 2048, 2048, 2048, 2048, 2048, 2048, 2048]",309.0
1142,7779,20,27,2023-03-19T17:48:21.559000+00:00,35.638,29.952,29.911,281.0,317.0,False,95.501,"[2049, 2048, 2048, 2048, 2048, 2048, 2048, 2048, 2048]","[2048, 2048, 2048, 2048, 2048, 2048, 2048]","[2048, 2048, 2048, 2048, 2048, 2048, 2048, 2048]",328.0
1142,7779,27,27,2023-03-19T17:48:22.340000+00:00,35.797,30.202,30.239,285.0,306.0,False,96.238,"[None, 2048, 2048, 2048, 2048, 2048, 2048, 2048, 2048]","[2048, 2048, 2048, 2048, 2048, 2048, 2048]","[2048, 2048, 2048, 2048, 2048, 2048, 2048, 2048, 2048]",313.0
1142,7779,2,27,2023-03-19T17:48:24.090000+00:00,35.532,29.868,30.204,288.0,308.0,False,95.604,"[2048, 2048, 2049, 2048, 2048, 2048, 2048, 2049, 2049]","[2048, 2049, 2048, 2049, 2049, 2048, 2048]","[2048, 2048, 2048, 2048, 2048, 2049, 2048, 2048, 2048]",306.0
1142,7779,24,27,2023-03-19T17:48:24.747000+00:00,35.716,29.879,30.034,285.0,316.0,False,95.629,"[None, 2048, 2048, 2048, 2048, 2048, 2048, 2048, 2048]","[2048, 2048, 2048, 2048, 2048, 2048, 2048]","[2048, 2048, 2048, 2048, 2048, 2048, 2048, 2048, 2048]",324.0
1142,7779,23,27,2023-03-19T17:48:25.325000+00:00,52.325,42.259,57.365,196.0,203.0,False,151.949,"[None, 2048, 2048, 2048, 2048, 2048, 2048, 2048, 2048]","[2048, 2048, 2048, 2048, 2048, 2048, 2048]","[2048, 2048, 2048, 2048, 2048, 2048, 2048, 2048, 2064]",193.0
1142,7779,21,27,2023-03-19T17:48:25.372000+00:00,35.889,30.023,29.854,,319.0,False,95.766,"[None, 2048, 2048, 2048, 2048, 2048, 2048, 2048, 2048]","[2048, 2048, 2048, 2048, 2048, 2048, 2048]","[2048, 2048, 2048, 2048, 2048, 2048, 2048, 2048]",323.0
1142,7779,4,27,2023-03-19T17:48:26.231000+00:00,35.49,29.991,30.093,288.0,323.0,False,95.574,"[None, 2048, 2048, 2048, 2048, 2048, 2048, 2048, 2048]","[2048, 2048, 2049, 2048, 2048, 2049, 2049]","[2048, 2048, 2048, 2048, 2048, 2048, 2048, 2048, 2048]",327.0
1142,7779,81,27,2023-03-19T17:48:27.590000+00:00,35.543,30.151,30.279,,304.0,False,95.973,"[None, 2048, 2048, 2048, 2048, 2048, 2048, 2048, 2049]","[2048, 2048, 2049, 2048, 2048, 2048, 2048]","[2048, 2048, 2048, 2048, 2048, 2048, 2048, 2048, 2048]",303.0
1142,7779,77,27,2023-03-19T17:48:30.137000+00:00,35.914,30.522,30.557,,296.0,False,96.993,"[None, 2048, 2048, 2048, 2048, 2048, 2048, 2048, 2048]","[2048, 2048, 2048, 2048, 2048, 2048, 2048]","[2048, 2048, 2048, 2048, 2048, 2048, 2048, 2048]",301.0
1142,7779,11,28,2023-03-19T17:49:34.027000+00:00,34.182,29.345,29.498,288.0,300.0,False,93.025,"[None, 2048, 2048, 2048, 2048, 2048, 2048, 2051, 2049]","[2048, 2048, 2048, 2051, 2048, 2049, 2048]","[2048, 2051, 2049, 2048, 2048, 2048, 2048, 2048, 2048]",309.0
1142,7779,1,28,2023-03-19T17:49:39.308000+00:00,34.108,29.273,29.488,,304.0,False,92.869,"[None, 2048, 2048, 2048, 2048, 2051, 2051, 2048, 2048]","[2049, 2048, 2048, 2049, 2048, 2048, 2048]","[2048, 2049, 2048, 2048, 2048, 2048, 2048, 2048, 2048]",311.0
1142,7779,14,28,2023-03-19T17:49:42.776000+00:00,34.679,29.571,29.812,284.0,303.0,False,94.062,"[None, 2048, 2049, 2048, 2049, 2048, 2049, 2048, 2048]","[2048, 2048, 2049, 2048, 2048, 2048, 2048]","[2048, 2049, 2048, 2048, 2048, 2048, 2048, 2048, 2048]",303.0
1142,7779,63,28,2023-03-19T17:49:44.714000+00:00,34.764,29.575,29.752,279.0,297.0,False,94.091,"[None, 2048, 2048, 2048, 2048, 2048, 2049, 2049, 2048]","[2048, 2049, 2048, 2048, 2048, 2048, 2048]","[2048, 2049, 2049, 2048, 2049, 2048, 2048, 2048, 2048]",303.0
1142,7779,44,28,2023-03-19T17:49:45.230000+00:00,35.118,29.541,29.575,286.0,316.0,False,94.234,"[None, 2048, 2048, 2051, 2048, 2048, 2049, 2048, 2048]","[2048, 2049, 2048, 2048, 2048, 2048, 2048]","[2048, 2049, 2049, 2048, 2048, 2048, 2048, 2048, 2048]",321.0
1142,7779,55,28,2023-03-19T17:49:47.886000+00:00,34.873,29.997,29.892,283.0,296.0,False,94.762,"[None, 2048, 2049, 2048, 2048, 2048, 2049, 2048, 2048]","[2048, 2048, 2048, 2048, 2048, 2048, 2048]","[2048, 2048, 2048, 2048, 2048, 2048, 2048, 2048, 2048]",302.0
1142,7779,16,28,2023-03-19T17:49:49.292000+00:00,35.019,29.957,29.91,287.0,300.0,False,94.886,"[None, 2048, 2048, 2048, 2048, 2048, 2048, 2048, 2048]","[2048, 2048, 2048, 2048, 2048, 2048, 2048]","[2048, 2048, 2048, 2048, 2048, 2048, 2048, 2048, 2048]",308.0
1142,7779,31,28,2023-03-19T17:49:52.011000+00:00,34.893,30.013,30.012,,296.0,False,94.918,"[None, 2048, 2048, 2048, 2048, 2048, 2048, 2048, 2048]","[2048, 2048, 2048, 2048, 2049, 2048, 2048]","[2048, 2048, 2048, 2048, 2048, 2048, 2048, 2048, 2048]",301.0
1142,7779,10,28,2023-03-19T17:49:54.511000+00:00,34.892,29.813,29.945,283.0,297.0,False,94.65,"[None, 2048, 2048, 2049, 2049, 2048, 2049, 2049, 2049]","[2049, 2048, 2048, 2049, 2049, 2048, 2048]","[2048, 2048, 2048, 2048, 2048, 2048, 2048, 2048, 2048]",301.0
1142,7779,22,28,2023-03-19T17:49:56.526000+00:00,35.162,30.021,29.972,284.0,300.0,False,95.155,"[None, 2048, 2048, 2048, 2048, 2048, 2048, 2048, 2048]","[2049, 2048, 2048, 2049, 2049, 2048, 2048]","[2048, 2048, 2049, 2048, 2048, 2048, 2048, 2048, 2048]",312.0
1142,7779,20,28,2023-03-19T17:49:57.057000+00:00,35.553,30.038,29.973,282.0,302.0,False,95.564,"[2048, 2048, 2048, 2048, 2048, 2048, 2048, 2048, 2048]","[2048, 2048, 2048, 2048, 2049, 2048, 2048]","[2048, 2048, 2048, 2048, 2051, 2048, 2049, 2049]",325.0
1142,7779,27,28,2023-03-19T17:49:58.589000+00:00,35.439,29.912,30.269,287.0,305.0,False,95.62,"[None, 2048, 2048, 2048, 2049, 2048, 2048, 2048, 2048]","[2049, 2048, 2048, 2049, 2048, 2048, 2048]","[2048, 2048, 2048, 2048, 2048, 2048, 2048, 2048, 2048]",310.0
1142,7779,2,28,2023-03-19T17:49:59.807000+00:00,35.382,29.886,29.94,290.0,310.0,False,95.208,"[None, 2048, 2048, 2048, 2048, 2049, 2049, 2049, 2049]","[2048, 2048, 2048, 2048, 2048, 2048, 2048]","[2048, 2049, 2048, 2048, 2048, 2049, 2048, 2048]",310.0
1142,7779,24,28,2023-03-19T17:50:00.464000+00:00,35.671,29.814,29.915,281.0,314.0,False,95.4,"[None, 2048, 2048, 2048, 2048, 2048, 2048, 2048, 2048]","[2048, 2048, 2048, 2048, 2049, 2048, 2048]","[2048, 2048, 2048, 2048, 2048, 2048, 2048, 2048, 2048]",322.0
1142,7779,21,28,2023-03-19T17:50:01.026000+00:00,35.646,30.064,29.798,287.0,318.0,False,95.508,"[2048, 2048, 2048, 2048, 2048, 2048, 2048, 2048, 2048]","[2048, 2048, 2048, 2048, 2048, 2048, 2048]","[2048, 2049, 2048, 2048, 2048, 2048, 2048, 2048, 2048]",321.0
1142,7779,4,28,2023-03-19T17:50:01.682000+00:00,35.616,30.057,30.051,287.0,323.0,False,95.724,"[None, 2048, 2048, 2048, 2048, 2048, 2048, 2048, 2048]","[2048, 2048, 2049, 2048, 2048, 2048, 2049]","[2048, 2048, 2048, 2048, 2048, 2048, 2048, 2048, 2048]",321.0
1142,7779,81,28,2023-03-19T17:50:03.432000+00:00,35.424,29.973,30.146,284.0,303.0,False,95.543,"[None, 2048, 2048, 2048, 2048, 2048, 2048, 2048, 2048]","[2048, 2048, 2049, 2048, 2048, 2048, 2048]","[2048, 2049, 2049, 2048, 2048, 2048, 2048, 2048, 2048]",301.0
1142,7779,77,28,2023-03-19T17:50:07.042000+00:00,35.502,30.351,30.275,,295.0,False,96.128,"[None, 2048, 2048, 2049, 2048, 2048, 2048, 2048, 2048]","[2049, 2048, 2048, 2048, 2048, 2048, 2048]","[2048, 2048, 2048, 2048, 2048, 2048, 2048, 2048]",302.0
1142,7779,23,28,2023-03-19T17:50:57.010000+00:00,,,,,,False,,,,,
1142,7779,11,29,2023-03-19T17:51:07.041000+00:00,34.043,29.262,29.421,289.0,304.0,False,92.726,"[None, 2048, 2048, 2049, 2049, 2048, 2051, 2048, 2051]","[2048, 2049, 2048, 2048, 2048, 2048, 2048]","[2048, 2048, 2049, 2048, 2048, 2048, 2048, 2049, 2048]",313.0
1142,7779,1,29,2023-03-19T17:51:12.165000+00:00,34.023,29.222,29.425,289.0,304.0,False,92.67,"[None, 2048, 2051, 2048, 2048, 2048, 2049, 2048, 2048]","[2048, 2048, 2048, 2051, 2048, 2048, 2048]","[2048, 2049, 2048, 2048, 2048, 2048, 2049, 2048]",309.0
1142,7779,14,29,2023-03-19T17:51:16.853000+00:00,34.661,29.501,29.826,285.0,300.0,False,93.988,"[None, 2048, 2048, 2048, 2048, 2049, 2048, 2048, 2049]","[2048, 2048, 2048, 2048, 2049, 2048, 2048]","[2048, 2048, 2048, 2048, 2048, 2048, 2048, 2049, 2048]",299.0
1142,7779,63,29,2023-03-19T17:51:18.790000+00:00,34.505,29.425,29.758,286.0,303.0,False,93.688,"[None, 2048, 2048, 2048, 2049, 2048, 2048, 2048, 2049]","[2048, 2048, 2048, 2048, 2049, 2048, 2048]","[2048, 2048, 2048, 2048, 2048, 2048, 2048, 2048, 2048]",298.0
1142,7779,44,29,2023-03-19T17:51:19.384000+00:00,34.887,29.487,29.812,,303.0,False,94.186,"[None, 2048, 2048, 2048, 2048, 2048, 2049, 2049, 2048]","[2048, 2049, 2049, 2049, 2049, 2048, 2048]","[2048, 2048, 2048, 2048, 2048, 2048, 2048, 2048, 2048]",305.0
1142,7779,55,29,2023-03-19T17:51:22.681000+00:00,34.597,29.842,29.892,285.0,297.0,False,94.331,"[None, 2048, 2048, 2048, 2048, 2049, 2049, 2049, 2049]","[2048, 2048, 2048, 2048, 2048, 2048, 2048]","[2048, 2048, 2048, 2048, 2048, 2048, 2048, 2048, 2048]",303.0
1142,7779,16,29,2023-03-19T17:51:24.165000+00:00,34.731,29.784,29.806,,300.0,False,94.321,"[None, 2048, 2048, 2048, 2048, 2048, 2048, 2048, 2048]","[2048, 2049, 2048, 2048, 2048, 2048, 2048]","[2048, 2048, 2048, 2048, 2048, 2048, 2048, 2048, 2048]",306.0
1142,7779,31,29,2023-03-19T17:51:26.946000+00:00,34.778,29.928,29.876,284.0,297.0,False,94.582,"[None, 2048, 2048, 2048, 2048, 2048, 2049, 2048, 2049]","[2048, 2048, 2048, 2049, 2049, 2048, 2048]","[2048, 2049, 2048, 2048, 2048, 2048, 2048, 2048, 2048]",304.0
1142,7779,10,29,2023-03-19T17:51:29.071000+00:00,34.831,29.864,29.906,282.0,297.0,False,94.601,"[None, 2048, 2048, 2048, 2048, 2048, 2049, 2048, 2048]","[2048, 2048, 2049, 2048, 2048, 2048, 2048]","[2048, 2048, 2048, 2048, 2048, 2048, 2048, 2048, 2048]",301.0
1142,7779,22,29,2023-03-19T17:51:31.665000+00:00,34.889,30.007,29.895,,301.0,False,94.791,"[None, 2048, 2048, 2048, 2048, 2048, 2049, 2048, 2049]","[2048, 2048, 2048, 2049, 2048, 2048, 2048]","[2049, 2049, 2049, 2048, 2048, 2048, 2048, 2048, 2048]",310.0
1142,7779,20,29,2023-03-19T17:51:32.618000+00:00,35.17,29.794,30.037,286.0,305.0,False,95.001,"[None, 2048, 2048, 2048, 2049, 2048, 2048, 2048, 2048]","[2048, 2048, 2049, 2048, 2048, 2048, 2048]","[2048, 2048, 2048, 2048, 2048, 2048, 2048, 2048, 2048]",309.0
1142,7779,27,29,2023-03-19T17:51:34.196000+00:00,35.171,29.875,30.13,286.0,306.0,False,95.176,"[None, 2048, 2049, 2048, 2049, 2049, 2049, 2049, 2048]","[2048, 2048, 2048, 2049, 2048, 2048, 2048]","[2048, 2048, 2048, 2048, 2048, 2048, 2048, 2048, 2048]",313.0
1142,7779,2,29,2023-03-19T17:51:35.009000+00:00,35.229,29.702,29.807,,319.0,False,94.738,"[None, 2048, 2048, 2048, 2048, 2049, 2048, 2048, 2048]","[2048, 2048, 2049, 2048, 2048, 2048, 2048]","[2048, 2048, 2048, 2048, 2048, 2048, 2048, 2049, 2048]",328.0
1142,7779,24,29,2023-03-19T17:51:35.821000+00:00,35.246,29.84,29.725,,315.0,False,94.811,"[None, 2048, 2048, 2049, 2048, 2048, 2048, 2048, 2048]","[2048, 2048, 2048, 2048, 2048, 2048, 2048]","[2049, 2048, 2048, 2048, 2049, 2048, 2048, 2048, 2048]",319.0
1142,7779,21,29,2023-03-19T17:51:36.696000+00:00,35.467,30.104,30.188,286.0,307.0,False,95.759,"[None, 2048, 2048, 2048, 2049, 2048, 2048, 2048, 2049]","[2048, 2048, 2048, 2048, 2049, 2048, 2048]","[2048, 2048, 2048, 2048, 2048, 2049, 2048, 2048, 2048]",303.0
1142,7779,4,29,2023-03-19T17:51:37.556000+00:00,35.382,30.191,30.156,,319.0,False,95.729,"[None, 2048, 2048, 2048, 2048, 2048, 2048, 2048, 2048]","[2048, 2048, 2048, 2048, 2048, 2048, 2048]","[2048, 2048, 2048, 2048, 2048, 2048, 2048, 2048, 2048]",317.0
1142,7779,81,29,2023-03-19T17:51:39.056000+00:00,35.499,30.21,30.24,,302.0,False,95.949,"[None, 2048, 2048, 2048, 2048, 2048, 2048, 2048, 2048]","[2048, 2048, 2049, 2048, 2048, 2048, 2048]","[2048, 2048, 2048, 2048, 2048, 2048, 2048, 2048, 2048]",304.0
1142,7779,77,29,2023-03-19T17:51:43.227000+00:00,35.363,30.388,30.415,281.0,297.0,False,96.166,"[None, 2048, 2048, 2048, 2048, 2048, 2048, 2048, 2048]","[2048, 2048, 2048, 2048, 2048, 2048, 2048]","[2048, 2048, 2048, 2048, 2048, 2048, 2048, 2048, 2048]",302.0
1142,7779,11,30,2023-03-19T17:52:39.789000+00:00,33.99,29.276,29.46,288.0,302.0,False,92.726,"[None, 2048, 2048, 2048, 2048, 2048, 2048, 2051, 2048]","[2048, 2048, 2051, 2049, 2048, 2048, 2048]","[2048, 2048, 2049, 2048, 2048, 2048, 2048, 2049, 2048]",309.0
1142,7779,1,30,2023-03-19T17:52:44.742000+00:00,34.18,29.228,29.469,290.0,304.0,False,92.877,"[None, 2048, 2048, 2048, 2048, 2048, 2048, 2048, 2049]","[2048, 2048, 2048, 2051, 2051, 2048, 2048]","[2049, 2048, 2048, 2048, 2048, 2048, 2048, 2048, 2048]",312.0
1142,7779,14,30,2023-03-19T17:52:50.820000+00:00,34.46,29.453,29.741,,300.0,False,93.654,"[None, 2048, 2049, 2048, 2048, 2049, 2049, 2049, 2049]","[2048, 2048, 2048, 2048, 2048, 2048, 2048]","[2048, 2048, 2048, 2048, 2048, 2048, 2048, 2048]",301.0
1142,7779,63,30,2023-03-19T17:52:52.492000+00:00,34.598,29.682,29.885,284.0,295.0,False,94.165,"[None, 2048, 2048, 2048, 2048, 2048, 2048, 2049, 2048]","[2048, 2048, 2048, 2048, 2048, 2048, 2048]","[2048, 2048, 2048, 2048, 2048, 2048, 2048, 2048, 2048]",301.0
1142,7779,44,30,2023-03-19T17:52:53.617000+00:00,35.012,29.603,29.832,287.0,301.0,False,94.447,"[None, 2048, 2048, 2048, 2048, 2049, 2048, 2049, 2048]","[2049, 2049, 2049, 2048, 2048, 2048, 2048]","[2048, 2049, 2048, 2048, 2048, 2048, 2048, 2048, 2048]",303.0
1142,7779,55,30,2023-03-19T17:52:57.007000+00:00,34.735,29.891,29.872,,297.0,False,94.498,"[None, 2048, 2048, 2048, 2049, 2048, 2048, 2048, 2048]","[2048, 2048, 2049, 2048, 2048, 2048, 2048]","[2049, 2048, 2048, 2048, 2048, 2048, 2048, 2048, 2048]",304.0
1142,7779,16,30,2023-03-19T17:52:58.492000+00:00,34.889,29.714,29.731,,300.0,False,94.334,"[None, 2048, 2048, 2048, 2048, 2048, 2048, 2048, 2049]","[2048, 2049, 2048, 2048, 2048, 2048, 2048]","[2048, 2049, 2048, 2048, 2048, 2049, 2048, 2048, 2048]",306.0
1142,7779,31,30,2023-03-19T17:53:01.507000+00:00,34.899,29.979,30.1,282.0,297.0,False,94.978,"[None, 2048, 2048, 2048, 2048, 2048, 2048, 2048, 2048]","[2048, 2048, 2048, 2048, 2048, 2048, 2048]","[2048, 2048, 2048, 2048, 2048, 2048, 2048, 2048, 2048]",301.0
1142,7779,10,30,2023-03-19T17:53:03.726000+00:00,35.08,29.883,29.906,281.0,297.0,False,94.869,"[None, 2048, 2048, 2048, 2048, 2048, 2048, 2049, 2048]","[2048, 2049, 2048, 2048, 2048, 2048, 2048]","[2048, 2048, 2048, 2048, 2048, 2048, 2048, 2048, 2048]",300.0
1142,7779,22,30,2023-03-19T17:53:06.429000+00:00,35.004,30.111,29.998,282.0,298.0,False,95.113,"[None, 2049, 2048, 2048, 2048, 2049, 2048, 2049, 2048]","[2048, 2048, 2048, 2048, 2048, 2048, 2048]","[2048, 2048, 2048, 2048, 2048, 2048, 2048, 2048, 2048]",308.0
1142,7779,20,30,2023-03-19T17:53:07.632000+00:00,35.163,29.854,30.122,,305.0,False,95.139,"[None, 2048, 2048, 2048, 2048, 2048, 2048, 2048, 2049]","[2048, 2048, 2049, 2048, 2048, 2048, 2048]","[2048, 2048, 2048, 2048, 2048, 2048, 2048, 2048, 2048]",309.0
1142,7779,27,30,2023-03-19T17:53:09.398000+00:00,36.309,29.923,30.031,284.0,301.0,False,96.263,"[None, 2049, 2048, 2048, 2048, 2048, 2048, 2048, 2049]","[2048, 2048, 2048, 2048, 2049, 2048, 2048]","[2048, 2049, 2048, 2048, 2048, 2048, 2048, 2048, 2048]",307.0
1142,7779,2,30,2023-03-19T17:53:09.757000+00:00,36.596,29.831,29.98,289.0,321.0,False,96.407,"[None, 2048, 2048, 2048, 2048, 2048, 2048, 2048, 2048]","[2048, 2049, 2048, 2048, 2048, 2048, 2048]","[2048, 2048, 2048, 2048, 2048, 2048, 2048, 2048, 2048]",324.0
1142,7779,24,30,2023-03-19T17:53:10.648000+00:00,36.055,30.021,30.077,,318.0,False,96.153,"[None, 2048, 2048, 2048, 2048, 2048, 2048, 2048, 2048]","[2048, 2048, 2048, 2048, 2048, 2048, 2048]","[2048, 2048, 2048, 2048, 2048, 2048, 2048, 2048, 2048]",320.0
1142,7779,21,30,2023-03-19T17:53:12.351000+00:00,35.577,30.186,30.015,284.0,305.0,False,95.778,"[None, 2048, 2048, 2048, 2048, 2048, 2048, 2048, 2048]","[2048, 2048, 2048, 2048, 2049, 2048, 2048]","[2048, 2049, 2048, 2048, 2048, 2049, 2048, 2048, 2048]",305.0
1142,7779,4,30,2023-03-19T17:53:13.226000+00:00,,30.043,30.021,,320.0,False,95.446,"[None, 2048, 2048, 2048, 2048, 2048, 2048, 2048, 2049]","[2048, 2048, 2049, 2048, 2048, 2048, 2048]","[2048, 2048, 2048, 2048, 2048, 2048, 2048, 2048, 2048]",327.0
1142,7779,81,30,2023-03-19T17:53:15.054000+00:00,35.46,30.04,30.173,,306.0,False,95.673,"[None, 2048, 2048, 2048, 2048, 2048, 2048, 2048, 2048]","[2048, 2048, 2048, 2048, 2048, 2048, 2048]","[2048, 2048, 2048, 2048, 2048, 2048, 2048, 2048]",301.0
1142,7779,77,30,2023-03-19T17:53:19.398000+00:00,35.357,30.207,30.282,279.0,296.0,False,95.846,"[None, 2048, 2048, 2048, 2048, 2048, 2048, 2048, 2048]","[2048, 2048, 2048, 2048, 2049, 2048, 2048]","[2048, 2048, 2048, 2048, 2048, 2048, 2048, 2048, 2048]",300.0
1142,7779,11,31,2023-03-19T17:54:12.506000+00:00,34.028,29.154,29.372,285.0,305.0,False,92.554,"[None, 2048, 2048, 2048, 2049, 2048, 2048, 2048, 2048]","[2051, 2048, 2051, 2049, 2048, 2049, 2048]","[2049, 2048, 2049, 2048, 2049, 2048, 2048, 2049, 2048]",313.0
1142,7779,1,31,2023-03-19T17:54:17.740000+00:00,33.896,29.086,29.4,291.0,306.0,False,92.382,"[None, 2048, 2048, 2048, 2051, 2048, 2049, 2049, 2051]","[2048, 2048, 2049, 2051, 2051, 2048, 2048]","[2048, 2048, 2048, 2048, 2048, 2048, 2048, 2048, 2048]",311.0
1142,7779,14,31,2023-03-19T17:54:24.459000+00:00,34.417,29.408,29.78,,303.0,False,93.605,"[None, 2048, 2048, 2048, 2048, 2048, 2049, 2049, 2049]","[2048, 2048, 2048, 2049, 2048, 2048, 2048]","[2048, 2048, 2048, 2048, 2048, 2048, 2048, 2048, 2048]",300.0
1142,7779,63,31,2023-03-19T17:54:26.662000+00:00,34.298,29.385,29.75,287.0,310.0,False,93.433,"[None, 2048, 2048, 2049, 2049, 2049, 2049, 2049, 2049]","[2048, 2048, 2048, 2049, 2048, 2048, 2049]","[2049, 2048, 2048, 2048, 2049, 2048, 2048, 2048, 2048]",306.0
1142,7779,44,31,2023-03-19T17:54:28.068000+00:00,34.637,29.429,29.78,286.0,306.0,False,93.846,"[None, 2048, 2048, 2048, 2049, 2048, 2049, 2049, 2048]","[2048, 2049, 2048, 2049, 2048, 2048, 2048]","[2048, 2049, 2048, 2048, 2048, 2048, 2048, 2048, 2048]",304.0
1142,7779,55,31,2023-03-19T17:54:31.474000+00:00,34.493,29.748,29.863,,297.0,False,94.104,"[None, 2048, 2048, 2048, 2049, 2049, 2049, 2049, 2048]","[2048, 2048, 2048, 2049, 2049, 2048, 2048]","[2048, 2048, 2048, 2048, 2048, 2048, 2048, 2048, 2048]",303.0
1142,7779,16,31,2023-03-19T17:54:32.818000+00:00,34.465,29.659,29.958,289.0,305.0,False,94.082,"[None, 2048, 2048, 2049, 2049, 2048, 2048, 2048, 2049]","[2048, 2048, 2048, 2048, 2048, 2048, 2048]","[2049, 2048, 2048, 2048, 2048, 2048, 2048, 2048, 2048]",311.0
1142,7779,31,31,2023-03-19T17:54:36.474000+00:00,34.741,29.95,30.099,283.0,297.0,False,94.79,"[None, 2048, 2048, 2048, 2048, 2048, 2049, 2049, 2048]","[2048, 2048, 2048, 2048, 2048, 2048, 2048]","[2048, 2048, 2048, 2048, 2048, 2048, 2048, 2048, 2048]",300.0
1142,7779,10,31,2023-03-19T17:54:38.552000+00:00,35.034,29.882,29.819,,296.0,False,94.735,"[None, 2048, 2048, 2048, 2048, 2048, 2048, 2048, 2049]","[2048, 2048, 2048, 2048, 2049, 2048, 2048]","[2048, 2049, 2048, 2048, 2048, 2048, 2048, 2048, 2048]",299.0
1142,7779,22,31,2023-03-19T17:54:41.646000+00:00,34.898,29.993,30.038,283.0,299.0,False,94.929,"[None, 2048, 2048, 2048, 2048, 2049, 2049, 2049, 2049]","[2048, 2048, 2048, 2049, 2048, 2048, 2048]","[2048, 2048, 2048, 2048, 2048, 2048, 2048, 2048, 2048]",308.0
1142,7779,20,31,2023-03-19T17:54:42.755000+00:00,35.146,29.775,30.136,287.0,305.0,False,95.057,"[None, 2048, 2048, 2048, 2049, 2048, 2048, 2048, 2049]","[2048, 2048, 2048, 2048, 2048, 2048, 2048]","[2048, 2048, 2048, 2048, 2048, 2048, 2048, 2048, 2048]",310.0
1142,7779,27,31,2023-03-19T17:54:45.646000+00:00,35.077,29.805,30.156,285.0,302.0,False,95.038,"[None, 2048, 2048, 2048, 2048, 2049, 2048, 2049, 2048]","[2048, 2048, 2048, 2049, 2049, 2048, 2048]","[2048, 2048, 2048, 2048, 2048, 2048, 2048, 2048, 2048]",306.0
1142,7779,2,31,2023-03-19T17:54:46.162000+00:00,35.385,29.724,29.93,290.0,324.0,False,95.039,"[None, 2048, 2048, 2048, 2048, 2048, 2048, 2049, 2049]","[2048, 2049, 2048, 2048, 2048, 2048, 2048]","[2048, 2048, 2048, 2048, 2048, 2048, 2048, 2048, 2048]",324.0
1142,7779,24,31,2023-03-19T17:54:46.787000+00:00,35.511,29.919,29.838,280.0,314.0,False,95.268,"[2049, 2048, 2048, 2048, 2048, 2048, 2048, 2048, 2048]","[2048, 2048, 2048, 2048, 2048, 2048, 2048]","[2048, 2048, 2048, 2048, 2048, 2048, 2048, 2048, 2048]",318.0
1142,7779,21,31,2023-03-19T17:54:48.146000+00:00,35.59,29.965,30.085,285.0,304.0,False,95.64,"[None, 2048, 2049, 2048, 2049, 2048, 2048, 2048, 2048]","[2048, 2048, 2048, 2049, 2049, 2048, 2048]","[2048, 2048, 2048, 2048, 2048, 2048, 2048, 2048, 2048]",306.0
1142,7779,4,31,2023-03-19T17:54:48.662000+00:00,35.572,30.102,30.02,284.0,315.0,False,95.694,"[None, 2048, 2048, 2048, 2048, 2048, 2048, 2048, 2048]","[2048, 2048, 2048, 2048, 2048, 2048, 2048]","[2048, 2048, 2048, 2048, 2048, 2048, 2048, 2048]",314.0
1142,7779,81,31,2023-03-19T17:54:50.724000+00:00,35.276,30.053,30.117,285.0,304.0,False,95.446,"[None, 2048, 2048, 2048, 2049, 2048, 2048, 2048, 2048]","[2048, 2048, 2049, 2048, 2048, 2048, 2048]","[2048, 2049, 2048, 2048, 2048, 2048, 2048, 2048, 2048]",304.0
1142,7779,77,31,2023-03-19T17:54:55.271000+00:00,35.449,30.406,30.393,280.0,295.0,False,96.248,"[None, 2048, 2048, 2048, 2048, 2048, 2048, 2048, 2048]","[2048, 2048, 2048, 2048, 2048, 2048, 2048]","[2048, 2048, 2048, 2048, 2048, 2048, 2048, 2048, 2048]",299.0
1142,7779,11,32,2023-03-19T17:55:45.082000+00:00,33.955,29.106,29.437,287.0,302.0,False,92.498,"[None, 2048, 2048, 2048, 2048, 2051, 2049, 2051, 2048]","[2051, 2048, 2048, 2049, 2051, 2049, 2048]","[2048, 2048, 2048, 2048, 2048, 2048, 2048, 2049]",312.0
1142,7779,1,32,2023-03-19T17:55:50.129000+00:00,33.879,29.152,29.369,,304.0,False,92.4,"[None, 2048, 2048, 2048, 2049, 2048, 2051, 2049, 2051]","[2048, 2048, 2048, 2048, 2048, 2048, 2048]","[2048, 2049, 2048, 2048, 2048, 2048, 2048, 2048, 2048]",312.0
1142,7779,14,32,2023-03-19T17:55:58.113000+00:00,34.257,29.397,29.747,,296.0,False,93.401,"[None, 2048, 2049, 2048, 2048, 2049, 2049, 2049, 2048]","[2048, 2048, 2049, 2049, 2049, 2048, 2048]","[2048, 2049, 2048, 2048, 2048, 2048, 2048, 2048, 2048]",300.0
1142,7779,63,32,2023-03-19T17:56:00.113000+00:00,34.355,29.513,29.765,,304.0,False,93.633,"[None, 2048, 2048, 2048, 2051, 2048, 2048, 2049, 2048]","[2048, 2048, 2048, 2048, 2048, 2048, 2048]","[2048, 2048, 2048, 2048, 2048, 2048, 2048, 2048, 2048]",303.0
1142,7779,44,32,2023-03-19T17:56:01.910000+00:00,34.726,29.598,29.747,,303.0,False,94.071,"[None, 2048, 2048, 2048, 2048, 2049, 2048, 2048, 2048]","[2048, 2048, 2048, 2048, 2048, 2048, 2048]","[2049, 2049, 2048, 2048, 2048, 2048, 2048, 2048, 2048]",304.0
1142,7779,55,32,2023-03-19T17:56:05.582000+00:00,34.447,29.646,29.774,286.0,297.0,False,93.867,"[None, 2048, 2048, 2048, 2048, 2049, 2049, 2048, 2049]","[2048, 2048, 2049, 2049, 2049, 2048, 2048]","[2048, 2048, 2048, 2048, 2048, 2048, 2048, 2048]",305.0
1142,7779,16,32,2023-03-19T17:56:06.895000+00:00,35.337,29.681,29.683,287.0,304.0,False,94.701,"[None, 2048, 2049, 2048, 2048, 2048, 2048, 2048, 2048]","[2048, 2048, 2048, 2048, 2048, 2048, 2048]","[2049, 2049, 2048, 2048, 2048, 2048, 2048, 2048, 2048]",312.0
1142,7779,31,32,2023-03-19T17:56:11.269000+00:00,34.841,29.891,29.909,284.0,298.0,False,94.641,"[None, 2048, 2048, 2048, 2048, 2048, 2049, 2048, 2048]","[2048, 2048, 2048, 2048, 2048, 2048, 2048]","[2048, 2048, 2048, 2048, 2048, 2048, 2048, 2048, 2048]",302.0
1142,7779,10,32,2023-03-19T17:56:13.316000+00:00,34.85,29.891,29.885,282.0,297.0,False,94.626,"[None, 2048, 2048, 2048, 2048, 2049, 2048, 2049, 2049]","[2048, 2048, 2048, 2048, 2048, 2048, 2048]","[2048, 2048, 2048, 2048, 2048, 2048, 2048, 2048]",301.0
1142,7779,22,32,2023-03-19T17:56:16.488000+00:00,35.056,30.198,29.992,281.0,298.0,False,95.246,"[None, 2049, 2048, 2048, 2048, 2048, 2049, 2048, 2048]","[2048, 2048, 2048, 2048, 2048, 2048, 2048]","[2048, 2048, 2048, 2048, 2048, 2048, 2048, 2048]",308.0
1142,7779,20,32,2023-03-19T17:56:17.816000+00:00,35.076,29.868,30.015,286.0,303.0,False,94.959,"[None, 2048, 2048, 2048, 2048, 2048, 2049, 2048, 2048]","[2048, 2048, 2048, 2048, 2048, 2048, 2048]","[2048, 2048, 2048, 2048, 2048, 2048, 2048, 2048, 2048]",327.0
1142,7779,27,32,2023-03-19T17:56:21.035000+00:00,35.335,29.936,30.097,283.0,301.0,False,95.368,"[None, 2048, 2048, 2048, 2048, 2048, 2049, 2048, 2048]","[2048, 2048, 2048, 2048, 2048, 2048, 2048]","[2048, 2048, 2048, 2048, 2048, 2048, 2048, 2048, 2048]",306.0
1142,7779,2,32,2023-03-19T17:56:21.238000+00:00,35.383,29.775,30.156,291.0,320.0,False,95.314,"[None, 2048, 2048, 2048, 2048, 2048, 2048, 2049, 2049]","[2048, 2048, 2048, 2048, 2048, 2048, 2048]","[2048, 2048, 2048, 2048, 2048, 2048, 2048, 2048]",331.0
1142,7779,24,32,2023-03-19T17:56:22.082000+00:00,35.313,29.99,29.833,,312.0,False,95.136,"[2048, 2048, 2048, 2048, 2048, 2048, 2048, 2048, 2048]","[2048, 2048, 2048, 2048, 2049, 2048, 2048]","[2048, 2048, 2048, 2048, 2048, 2048, 2048, 2048, 2048]",321.0
1142,7779,21,32,2023-03-19T17:56:23.785000+00:00,35.148,29.977,30.016,286.0,306.0,False,95.141,"[None, 2048, 2049, 2048, 2048, 2048, 2048, 2049, 2049]","[2048, 2048, 2049, 2048, 2048, 2048, 2048]","[2048, 2048, 2048, 2048, 2048, 2048, 2048, 2048, 2048]",306.0
1142,7779,4,32,2023-03-19T17:56:24.363000+00:00,35.286,30.003,30.189,286.0,319.0,False,95.478,"[None, 2048, 2048, 2048, 2048, 2048, 2048, 2048, 2048]","[2048, 2048, 2048, 2048, 2048, 2048, 2048]","[2049, 2048, 2048, 2048, 2048, 2048, 2048, 2048, 2048]",324.0
1142,7779,81,32,2023-03-19T17:56:26.160000+00:00,35.216,29.95,30.058,,305.0,False,95.224,"[None, 2048, 2048, 2048, 2048, 2048, 2048, 2048, 2048]","[2049, 2048, 2049, 2048, 2048, 2048, 2048]","[2048, 2048, 2048, 2048, 2048, 2048, 2048, 2048, 2048]",303.0
1142,7779,77,32,2023-03-19T17:56:31.519000+00:00,35.299,30.397,30.446,278.0,293.0,False,96.142,"[None, 2048, 2049, 2048, 2048, 2048, 2048, 2049, 2048]","[2048, 2048, 2048, 2048, 2048, 2048, 2048]","[2048, 2048, 2048, 2048, 2048, 2048, 2048, 2048]",299.0
1142,7779,11,33,2023-03-19T17:57:17.471000+00:00,34.073,29.135,29.342,288.0,301.0,False,92.55,"[None, 2048, 2048, 2048, 2049, 2048, 2048, 2048, 2048]","[2048, 2048, 2048, 2049, 2048, 2048, 2048]","[2048, 2051, 2049, 2048, 2048, 2048, 2049, 2049, 2048]",310.0
1142,7779,1,33,2023-03-19T17:57:22.518000+00:00,33.895,29.164,29.328,290.0,303.0,False,92.387,"[None, 2048, 2048, 2048, 2049, 2051, 2048, 2048, 2048]","[2048, 2048, 2048, 2051, 2048, 2048, 2048]","[2049, 2048, 2048, 2048, 2048, 2049, 2048, 2048, 2048]",312.0
1142,7779,14,33,2023-03-19T17:57:31.487000+00:00,34.253,29.39,29.694,286.0,296.0,False,93.337,"[None, 2049, 2049, 2048, 2048, 2048, 2048, 2049, 2049]","[2048, 2048, 2048, 2048, 2049, 2048, 2048]","[2048, 2048, 2048, 2048, 2048, 2049, 2048, 2048, 2048]",299.0
1142,7779,63,33,2023-03-19T17:57:33.737000+00:00,34.438,29.465,29.617,,308.0,False,93.52,"[None, 2048, 2048, 2048, 2048, 2048, 2049, 2048, 2048]","[2048, 2048, 2049, 2048, 2048, 2048, 2048]","[2049, 2048, 2048, 2048, 2048, 2049, 2048, 2048, 2048]",305.0
1142,7779,44,33,2023-03-19T17:57:35.987000+00:00,34.799,29.449,29.626,,306.0,False,93.874,"[None, 2049, 2049, 2048, 2048, 2048, 2048, 2049, 2048]","[2048, 2048, 2048, 2049, 2048, 2048, 2048]","[2049, 2049, 2048, 2048, 2048, 2048, 2048, 2048, 2048]",305.0
1142,7779,55,33,2023-03-19T17:57:39.471000+00:00,34.573,29.65,29.766,285.0,295.0,False,93.989,"[None, 2048, 2048, 2048, 2048, 2048, 2048, 2048, 2048]","[2048, 2049, 2048, 2048, 2048, 2048, 2048]","[2048, 2048, 2049, 2048, 2048, 2048, 2048, 2049, 2048]",303.0
1142,7779,16,33,2023-03-19T17:57:41.627000+00:00,34.53,29.582,29.675,288.0,302.0,False,93.787,"[None, 2048, 2048, 2048, 2048, 2048, 2049, 2049, 2049]","[2048, 2049, 2048, 2049, 2048, 2048, 2048]","[2048, 2048, 2049, 2048, 2048, 2048, 2048, 2048, 2048]",310.0
1142,7779,31,33,2023-03-19T17:57:45.908000+00:00,34.546,29.89,29.958,285.0,297.0,False,94.394,"[None, 2048, 2048, 2048, 2049, 2049, 2049, 2048, 2049]","[2048, 2048, 2048, 2048, 2048, 2048, 2048]","[2048, 2049, 2048, 2048, 2048, 2048, 2048, 2048, 2048]",302.0
1142,7779,10,33,2023-03-19T17:57:47.924000+00:00,34.827,29.903,29.786,,295.0,False,94.516,"[None, 2048, 2048, 2048, 2048, 2048, 2049, 2049, 2048]","[2048, 2048, 2048, 2048, 2048, 2048, 2048]","[2048, 2049, 2048, 2048, 2048, 2048, 2048, 2048, 2048]",300.0
1142,7779,22,33,2023-03-19T17:57:51.705000+00:00,34.937,29.998,29.862,284.0,298.0,False,94.797,"[None, 2048, 2048, 2048, 2048, 2049, 2048, 2049, 2048]","[2048, 2049, 2048, 2048, 2049, 2048, 2048]","[2048, 2049, 2049, 2048, 2048, 2049, 2048, 2049, 2048]",308.0
1142,7779,20,33,2023-03-19T17:57:52.768000+00:00,35.14,29.71,29.552,285.0,303.0,False,94.402,"[None, 2048, 2048, 2048, 2048, 2048, 2048, 2048, 2048]","[2049, 2048, 2048, 2048, 2048, 2048, 2048]","[2048, 2049, 2049, 2048, 2048, 2048, 2048, 2048, 2048]",334.0
1142,7779,27,33,2023-03-19T17:57:56.064000+00:00,35.177,29.928,29.923,,299.0,False,95.028,"[None, 2048, 2048, 2048, 2048, 2049, 2048, 2049, 2049]","[2048, 2048, 2048, 2048, 2048, 2048, 2048]","[2048, 2048, 2048, 2048, 2048, 2048, 2049, 2048, 2048]",307.0
1142,7779,2,33,2023-03-19T17:57:56.486000+00:00,35.608,29.899,29.818,289.0,305.0,False,95.325,"[None, 2048, 2048, 2048, 2048, 2049, 2048, 2048, 2048]","[2048, 2048, 2048, 2048, 2048, 2048, 2048]","[2048, 2048, 2048, 2048, 2048, 2048, 2048, 2048, 2048]",322.0
1142,7779,24,33,2023-03-19T17:57:57.205000+00:00,35.515,30.035,29.847,285.0,312.0,False,95.397,"[None, 2048, 2048, 2048, 2048, 2048, 2048, 2048, 2048]","[2048, 2048, 2048, 2048, 2048, 2048, 2048]","[2048, 2048, 2048, 2048, 2048, 2048, 2048, 2048, 2048]",326.0
1142,7779,21,33,2023-03-19T17:57:58.939000+00:00,35.186,30.066,29.936,285.0,303.0,False,95.188,"[None, 2048, 2048, 2048, 2048, 2048, 2048, 2048, 2048]","[2048, 2048, 2048, 2048, 2048, 2048, 2048]","[2048, 2048, 2048, 2048, 2048, 2048, 2049, 2048, 2048]",305.0
1142,7779,4,33,2023-03-19T17:57:59.877000+00:00,35.177,30.207,30.106,,304.0,False,95.49,"[None, 2048, 2048, 2048, 2048, 2048, 2048, 2048, 2048]","[2048, 2048, 2048, 2048, 2048, 2048, 2048]","[2048, 2049, 2048, 2048, 2048, 2048, 2048, 2048, 2048]",301.0
1142,7779,81,33,2023-03-19T17:58:01.408000+00:00,35.324,30.266,30.054,284.0,300.0,False,95.644,"[None, 2048, 2048, 2048, 2048, 2048, 2048, 2048, 2048]","[2048, 2048, 2048, 2048, 2048, 2048, 2048]","[2048, 2049, 2048, 2048, 2048, 2048, 2048, 2048, 2048]",303.0
1142,7779,77,33,2023-03-19T17:58:07.658000+00:00,35.29,30.37,30.337,,292.0,False,95.997,"[None, 2048, 2049, 2048, 2048, 2048, 2048, 2048, 2048]","[2048, 2048, 2048, 2048, 2049, 2048, 2048]","[2048, 2048, 2048, 2048, 2048, 2048, 2048, 2048, 2048]",299.0
1142,7779,11,34,2023-03-19T17:58:50.126000+00:00,33.89,29.064,29.34,289.0,303.0,False,92.294,"[None, 2048, 2048, 2048, 2049, 2048, 2051, 2048, 2048]","[2048, 2048, 2051, 2048, 2051, 2049, 2048]","[2048, 2051, 2049, 2048, 2049, 2048, 2048, 2048, 2048]",313.0
1142,7779,1,34,2023-03-19T17:58:54.907000+00:00,33.965,29.029,29.347,291.0,304.0,False,92.341,"[None, 2048, 2048, 2048, 2048, 2048, 2049, 2048, 2048]","[2049, 2048, 2049, 2051, 2049, 2048, 2048]","[2048, 2048, 2048, 2048, 2048, 2048, 2048, 2048, 2048]",311.0
1142,7779,14,34,2023-03-19T17:59:04.813000+00:00,34.337,29.274,29.609,,297.0,False,93.22,"[None, 2049, 2048, 2048, 2049, 2048, 2048, 2048, 2048]","[2048, 2048, 2049, 2048, 2049, 2048, 2048]","[2048, 2049, 2049, 2048, 2048, 2048, 2049, 2049, 2048]",300.0
1142,7779,63,34,2023-03-19T17:59:07.282000+00:00,34.527,29.491,29.74,,306.0,False,93.758,"[None, 2048, 2048, 2048, 2048, 2048, 2048, 2048, 2048]","[2048, 2049, 2049, 2048, 2048, 2048, 2048]","[2048, 2048, 2048, 2048, 2048, 2048, 2048, 2048, 2048]",303.0
1142,7779,44,34,2023-03-19T17:59:09.844000+00:00,34.579,29.516,29.769,,306.0,False,93.864,"[None, 2048, 2048, 2048, 2048, 2049, 2048, 2048, 2048]","[2048, 2048, 2048, 2048, 2048, 2048, 2048]","[2048, 2048, 2048, 2048, 2048, 2048, 2048, 2048, 2048]",304.0
1142,7779,55,34,2023-03-19T17:59:13.454000+00:00,34.467,29.626,29.768,,296.0,False,93.861,"[None, 2048, 2048, 2048, 2048, 2048, 2049, 2049, 2048]","[2048, 2048, 2049, 2048, 2049, 2048, 2048]","[2048, 2048, 2048, 2048, 2048, 2048, 2048, 2048, 2048]",303.0
1142,7779,16,34,2023-03-19T17:59:15.422000+00:00,34.467,29.612,29.637,289.0,302.0,False,93.716,"[None, 2048, 2048, 2048, 2048, 2048, 2048, 2048, 2049]","[2048, 2048, 2048, 2049, 2048, 2048, 2048]","[2048, 2049, 2049, 2048, 2049, 2049, 2048, 2048, 2048]",308.0
1142,7779,31,34,2023-03-19T17:59:20.313000+00:00,34.804,29.912,29.982,284.0,296.0,False,94.698,"[None, 2048, 2048, 2048, 2048, 2048, 2048, 2048, 2049]","[2048, 2048, 2048, 2049, 2048, 2048, 2048]","[2048, 2048, 2048, 2048, 2048, 2048, 2048, 2048, 2048]",305.0
1142,7779,10,34,2023-03-19T17:59:22.422000+00:00,34.792,29.848,29.754,,296.0,False,94.394,"[None, 2048, 2049, 2048, 2048, 2048, 2048, 2049, 2048]","[2048, 2048, 2048, 2048, 2048, 2048, 2048]","[2048, 2048, 2048, 2048, 2048, 2049, 2048, 2048, 2048]",300.0
1142,7779,22,34,2023-03-19T17:59:26.547000+00:00,34.895,30.036,29.994,282.0,299.0,False,94.925,"[None, 2048, 2048, 2048, 2048, 2049, 2048, 2049, 2049]","[2048, 2048, 2048, 2048, 2048, 2048, 2048]","[2048, 2048, 2048, 2048, 2048, 2048, 2048, 2048]",306.0
1142,7779,20,34,2023-03-19T17:59:27.469000+00:00,35.003,29.807,30.042,288.0,320.0,False,94.852,"[None, 2048, 2048, 2048, 2048, 2048, 2049, 2048, 2049]","[2049, 2048, 2049, 2048, 2048, 2048, 2048]","[2048, 2048, 2048, 2048, 2048, 2048, 2048, 2048, 2048]",335.0
1142,7779,27,34,2023-03-19T17:59:31.094000+00:00,35.447,30.029,30.002,284.0,302.0,False,95.478,"[None, 2048, 2048, 2048, 2048, 2048, 2048, 2049, 2049]","[2048, 2048, 2048, 2048, 2048, 2048, 2048]","[2048, 2048, 2048, 2048, 2048, 2048, 2048, 2048, 2048]",304.0
1142,7779,2,34,2023-03-19T17:59:31.813000+00:00,35.353,29.808,29.908,291.0,321.0,False,95.069,"[None, 2048, 2048, 2048, 2048, 2048, 2048, 2049, 2049]","[2048, 2048, 2048, 2048, 2048, 2048, 2048]","[2048, 2048, 2048, 2048, 2048, 2048, 2048, 2048, 2048]",327.0
1142,7779,24,34,2023-03-19T17:59:32.625000+00:00,35.442,30.021,29.898,284.0,316.0,False,95.361,"[None, 2048, 2048, 2048, 2048, 2048, 2048, 2048, 2048]","[2048, 2048, 2048, 2048, 2048, 2048, 2048]","[2048, 2048, 2048, 2048, 2048, 2048, 2048, 2048, 2048]",322.0
1142,7779,21,34,2023-03-19T17:59:34.094000+00:00,35.141,30.057,30.052,287.0,307.0,False,95.25,"[None, 2048, 2049, 2048, 2048, 2048, 2049, 2048, 2049]","[2048, 2048, 2048, 2048, 2048, 2048, 2048]","[2048, 2048, 2048, 2048, 2048, 2048, 2048, 2048, 2048]",304.0
1142,7779,4,34,2023-03-19T17:59:35.344000+00:00,35.0,30.235,30.246,,305.0,False,95.481,"[None, 2048, 2048, 2048, 2049, 2048, 2048, 2049, 2049]","[2049, 2048, 2048, 2048, 2048, 2048, 2048]","[2048, 2048, 2048, 2048, 2048, 2048, 2048, 2048, 2048]",300.0
1142,7779,81,34,2023-03-19T17:59:37.047000+00:00,35.19,30.047,30.233,,303.0,False,95.47,"[None, 2048, 2048, 2048, 2048, 2048, 2048, 2048, 2049]","[2048, 2048, 2049, 2048, 2048, 2048, 2048]","[2048, 2048, 2048, 2048, 2048, 2048, 2048, 2048, 2048]",301.0
1142,7779,77,34,2023-03-19T17:59:43.641000+00:00,35.404,30.385,30.359,279.0,291.0,False,96.148,"[None, 2048, 2048, 2048, 2048, 2048, 2048, 2048, 2049]","[2048, 2048, 2048, 2048, 2048, 2048, 2048]","[2048, 2048, 2048, 2048, 2048, 2048, 2048, 2048]",297.0
1142,7779,11,35,2023-03-19T18:00:22.406000+00:00,33.959,29.282,29.439,286.0,301.0,False,92.68,"[None, 2048, 2048, 2048, 2048, 2048, 2048, 2048, 2049]","[2048, 2048, 2048, 2048, 2048, 2048, 2048]","[2048, 2048, 2048, 2048, 2048, 2048, 2048, 2048, 2048]",309.0
1142,7779,1,35,2023-03-19T18:00:27.218000+00:00,33.736,29.176,29.337,,304.0,False,92.249,"[None, 2048, 2048, 2048, 2048, 2051, 2051, 2049, 2048]","[2048, 2048, 2048, 2048, 2048, 2048, 2048]","[2048, 2051, 2051, 2048, 2048, 2048, 2048, 2048, 2048]",309.0
1142,7779,14,35,2023-03-19T18:00:38.015000+00:00,34.29,29.458,29.766,,301.0,False,93.514,"[None, 2048, 2048, 2048, 2049, 2048, 2048, 2048, 2049]","[2048, 2048, 2048, 2048, 2048, 2048, 2048]","[2048, 2048, 2048, 2048, 2048, 2048, 2048, 2048, 2048]",299.0
1142,7779,63,35,2023-03-19T18:00:40.999000+00:00,34.486,29.535,29.735,286.0,306.0,False,93.756,"[None, 2048, 2048, 2048, 2048, 2048, 2048, 2048, 2048]","[2048, 2048, 2048, 2048, 2048, 2048, 2048]","[2048, 2048, 2048, 2048, 2049, 2048, 2048, 2048, 2048]",303.0
1142,7779,44,35,2023-03-19T18:00:43.718000+00:00,34.653,29.499,29.735,285.0,307.0,False,93.887,"[None, 2048, 2048, 2048, 2049, 2048, 2048, 2048, 2048]","[2048, 2048, 2048, 2048, 2048, 2048, 2048]","[2049, 2048, 2048, 2048, 2048, 2048, 2048, 2048, 2048]",304.0
1142,7779,55,35,2023-03-19T18:00:47.311000+00:00,34.441,29.663,29.758,,296.0,False,93.862,"[None, 2048, 2048, 2048, 2048, 2048, 2049, 2049, 2048]","[2048, 2048, 2048, 2049, 2048, 2048, 2048]","[2048, 2049, 2049, 2048, 2048, 2048, 2048, 2048, 2048]",303.0
1142,7779,16,35,2023-03-19T18:00:49.108000+00:00,34.747,29.702,29.892,286.0,301.0,False,94.341,"[None, 2048, 2048, 2048, 2048, 2048, 2048, 2048, 2048]","[2048, 2048, 2048, 2048, 2048, 2048, 2048]","[2049, 2048, 2048, 2048, 2048, 2049, 2048, 2048]",307.0
1142,7779,31,35,2023-03-19T18:00:54.999000+00:00,34.776,29.943,29.925,283.0,296.0,False,94.644,"[None, 2048, 2048, 2048, 2048, 2048, 2048, 2048, 2048]","[2048, 2048, 2048, 2048, 2048, 2048, 2048]","[2048, 2048, 2048, 2048, 2048, 2048, 2048, 2048, 2048]",301.0
1142,7779,10,35,2023-03-19T18:00:56.842000+00:00,34.819,29.842,29.839,,296.0,False,94.5,"[None, 2048, 2048, 2048, 2048, 2049, 2048, 2048, 2048]","[2048, 2049, 2048, 2048, 2048, 2048, 2048]","[2048, 2048, 2049, 2048, 2048, 2049, 2048, 2048, 2048]",300.0
1142,7779,22,35,2023-03-19T18:01:01.436000+00:00,34.829,29.986,30.063,,298.0,False,94.878,"[None, 2048, 2048, 2048, 2048, 2049, 2049, 2049, 2049]","[2048, 2049, 2048, 2049, 2048, 2048, 2048]","[2048, 2048, 2048, 2048, 2048, 2048, 2048, 2048, 2048]",305.0
1142,7779,20,35,2023-03-19T18:01:02.014000+00:00,35.872,29.77,30.017,285.0,301.0,False,95.659,"[None, 2048, 2048, 2048, 2048, 2048, 2049, 2048, 2048]","[2048, 2049, 2048, 2048, 2048, 2048, 2048]","[2048, 2049, 2048, 2048, 2048, 2048, 2048, 2048, 2048]",305.0
1142,7779,27,35,2023-03-19T18:01:06.561000+00:00,35.078,29.98,29.955,282.0,298.0,False,95.013,"[None, 2048, 2048, 2048, 2048, 2048, 2048, 2049, 2048]","[2048, 2048, 2048, 2048, 2048, 2048, 2048]","[2048, 2049, 2048, 2048, 2048, 2048, 2048, 2048, 2048]",302.0
1142,7779,2,35,2023-03-19T18:01:06.905000+00:00,35.628,29.965,29.93,289.0,308.0,False,95.523,"[None, 2048, 2048, 2048, 2048, 2048, 2048, 2048, 2048]","[2048, 2048, 2048, 2048, 2048, 2048, 2048]","[2048, 2048, 2048, 2048, 2048, 2048, 2048, 2048, 2048]",322.0
1142,7779,24,35,2023-03-19T18:01:07.952000+00:00,35.358,30.039,29.767,286.0,314.0,False,95.164,"[None, 2048, 2048, 2048, 2048, 2048, 2048, 2048, 2048]","[2048, 2048, 2048, 2048, 2048, 2048, 2048]","[2048, 2048, 2048, 2048, 2048, 2048, 2048, 2048, 2048]",327.0
1142,7779,21,35,2023-03-19T18:01:09.373000+00:00,34.996,30.021,30.01,,303.0,False,95.027,"[None, 2048, 2048, 2048, 2048, 2049, 2048, 2048, 2049]","[2048, 2048, 2048, 2048, 2049, 2048, 2048]","[2048, 2048, 2048, 2048, 2048, 2048, 2048, 2048, 2048]",310.0
1142,7779,4,35,2023-03-19T18:01:10.795000+00:00,34.781,30.195,30.285,,303.0,False,95.261,"[None, 2048, 2048, 2048, 2048, 2048, 2049, 2049, 2049]","[2048, 2048, 2048, 2048, 2048, 2048, 2048]","[2048, 2048, 2048, 2048, 2048, 2048, 2048, 2048, 2048]",301.0
1142,7779,81,35,2023-03-19T18:01:12.467000+00:00,35.171,30.058,30.048,285.0,301.0,False,95.277,"[None, 2048, 2048, 2048, 2048, 2048, 2048, 2048, 2048]","[2048, 2048, 2049, 2048, 2048, 2048, 2048]","[2048, 2049, 2049, 2048, 2048, 2048, 2048, 2048, 2048]",303.0
1142,7779,77,35,2023-03-19T18:01:19.795000+00:00,35.319,30.431,33.084,280.0,293.0,False,98.834,"[None, 2048, 2048, 2048, 2048, 2048, 2048, 2048, 2048]","[2048, 2048, 2048, 2048, 2048, 2048, 2048]","[2048, 2048, 2048, 2048, 2048, 2048, 2048, 2048, 2064]",298.0
1142,7779,11,36,2023-03-19T18:01:55.076000+00:00,33.794,29.133,29.365,290.0,304.0,False,92.292,"[None, 2048, 2048, 2048, 2048, 2048, 2048, 2051, 2049]","[2048, 2048, 2048, 2048, 2048, 2048, 2048]","[2048, 2048, 2049, 2048, 2048, 2048, 2048, 2048, 2048]",313.0
1142,7779,1,36,2023-03-19T18:01:59.498000+00:00,33.812,29.204,29.368,290.0,304.0,False,92.384,"[None, 2048, 2048, 2048, 2051, 2048, 2048, 2049, 2048]","[2048, 2048, 2048, 2048, 2048, 2048, 2048]","[2051, 2048, 2048, 2048, 2048, 2048, 2048, 2048, 2048]",311.0
1142,7779,14,36,2023-03-19T18:02:11.544000+00:00,34.262,29.348,29.713,285.0,299.0,False,93.323,"[None, 2048, 2048, 2048, 2048, 2049, 2048, 2048, 2048]","[2048, 2048, 2048, 2048, 2048, 2048, 2048]","[2048, 2048, 2048, 2048, 2048, 2048, 2048, 2048, 2048]",299.0
1142,7779,63,36,2023-03-19T18:02:14.794000+00:00,34.459,29.494,29.672,,304.0,False,93.625,"[None, 2048, 2049, 2048, 2048, 2048, 2048, 2048, 2048]","[2048, 2048, 2048, 2048, 2048, 2048, 2048]","[2048, 2049, 2049, 2048, 2049, 2048, 2048, 2048, 2048]",302.0
1142,7779,44,36,2023-03-19T18:02:17.622000+00:00,34.353,29.411,29.626,288.0,305.0,False,93.39,"[None, 2048, 2048, 2048, 2048, 2049, 2049, 2049, 2049]","[2048, 2049, 2048, 2049, 2048, 2048, 2048]","[2048, 2049, 2048, 2048, 2048, 2048, 2048, 2048, 2048]",303.0
1142,7779,55,36,2023-03-19T18:02:21.169000+00:00,34.29,29.568,29.681,287.0,298.0,False,93.539,"[None, 2048, 2048, 2048, 2049, 2048, 2048, 2048, 2049]","[2048, 2049, 2049, 2048, 2048, 2048, 2048]","[2048, 2049, 2049, 2048, 2048, 2048, 2048, 2048, 2048]",305.0
1142,7779,16,36,2023-03-19T18:02:23.450000+00:00,34.414,29.566,29.769,288.0,302.0,False,93.749,"[None, 2048, 2048, 2048, 2049, 2049, 2048, 2049, 2048]","[2048, 2048, 2048, 2048, 2049, 2048, 2048]","[2048, 2048, 2048, 2048, 2048, 2048, 2048, 2048, 2048]",307.0
1142,7779,31,36,2023-03-19T18:02:29.653000+00:00,34.537,29.797,29.952,285.0,297.0,False,94.286,"[None, 2048, 2048, 2048, 2049, 2049, 2048, 2049, 2049]","[2049, 2048, 2048, 2049, 2049, 2048, 2048]","[2049, 2048, 2048, 2048, 2048, 2049, 2048, 2048, 2048]",302.0
1142,7779,10,36,2023-03-19T18:02:31.309000+00:00,34.769,29.815,29.852,283.0,298.0,False,94.436,"[None, 2048, 2048, 2048, 2048, 2049, 2048, 2048, 2048]","[2048, 2048, 2048, 2048, 2048, 2048, 2048]","[2048, 2048, 2048, 2048, 2048, 2048, 2048, 2048]",301.0
1142,7779,22,36,2023-03-19T18:02:36.341000+00:00,34.693,30.002,29.915,,298.0,False,94.61,"[None, 2048, 2049, 2048, 2049, 2049, 2048, 2048, 2048]","[2048, 2048, 2048, 2048, 2049, 2048, 2048]","[2048, 2048, 2048, 2048, 2048, 2048, 2048, 2048]",307.0
1142,7779,20,36,2023-03-19T18:02:37.684000+00:00,34.756,29.828,30.078,286.0,303.0,False,94.662,"[None, 2048, 2048, 2048, 2048, 2049, 2049, 2049, 2048]","[2048, 2048, 2048, 2049, 2048, 2048, 2048]","[2048, 2048, 2048, 2048, 2048, 2048, 2048, 2048, 2048]",308.0
1142,7779,27,36,2023-03-19T18:02:41.590000+00:00,34.969,29.914,30.074,283.0,299.0,False,94.957,"[None, 2048, 2049, 2048, 2048, 2049, 2048, 2048, 2049]","[2048, 2048, 2048, 2049, 2048, 2048, 2048]","[2048, 2048, 2048, 2048, 2048, 2048, 2048, 2048, 2048]",305.0
1142,7779,2,36,2023-03-19T18:02:42.403000+00:00,35.293,30.024,30.217,,306.0,False,95.534,"[None, 2048, 2048, 2048, 2049, 2049, 2048, 2048, 2048]","[2048, 2048, 2048, 2048, 2048, 2048, 2048]","[2048, 2048, 2048, 2048, 2048, 2048, 2048, 2048, 2048]",307.0
1142,7779,24,36,2023-03-19T18:02:43.122000+00:00,35.337,29.963,29.933,,315.0,False,95.233,"[None, 2048, 2048, 2048, 2048, 2048, 2048, 2048, 2049]","[2048, 2048, 2049, 2048, 2048, 2048, 2048]","[2048, 2048, 2048, 2048, 2048, 2048, 2048, 2048, 2048]",329.0
1142,7779,21,36,2023-03-19T18:02:44.372000+00:00,35.199,29.894,29.67,286.0,307.0,False,94.763,"[None, 2048, 2048, 2048, 2048, 2048, 2048, 2048, 2048]","[2049, 2048, 2049, 2048, 2048, 2048, 2048]","[2048, 2049, 2049, 2048, 2048, 2048, 2048, 2048, 2048]",323.0
1142,7779,4,36,2023-03-19T18:02:46.059000+00:00,34.918,30.061,30.179,,302.0,False,95.158,"[None, 2048, 2048, 2048, 2048, 2049, 2049, 2048, 2048]","[2048, 2048, 2048, 2048, 2048, 2048, 2048]","[2048, 2049, 2048, 2048, 2048, 2048, 2048, 2048, 2048]",300.0
1142,7779,81,36,2023-03-19T18:02:47.778000+00:00,35.071,29.911,30.023,286.0,302.0,False,95.005,"[None, 2048, 2048, 2048, 2048, 2048, 2048, 2048, 2049]","[2049, 2048, 2048, 2048, 2048, 2048, 2048]","[2048, 2048, 2048, 2048, 2048, 2048, 2048, 2048, 2048]",304.0
1142,7779,77,36,2023-03-19T18:02:58.653000+00:00,53.574,30.333,30.202,274.0,285.0,True,114.109,"[2064, 2064, 2064, 2048, 2048, 2048, 2048, 2049, 2048]","[2048, 2049, 2048, 2048, 2048, 2048, 2048]","[2048, 2049, 2048, 2048, 2048, 2049, 2048, 2048, 2048]",293.0
1142,7779,11,37,2023-03-19T18:03:27.387000+00:00,33.821,29.069,29.748,291.0,304.0,False,92.638,"[None, 2048, 2048, 2048, 2048, 2048, 2051, 2051, 2051]","[2048, 2049, 2051, 2048, 2048, 2048, 2048]","[2049, 2048, 2048, 2048, 2048, 2048, 2048, 2048, 2048]",314.0
1142,7779,1,37,2023-03-19T18:03:31.855000+00:00,33.844,29.29,29.362,292.0,305.0,False,92.496,"[None, 2048, 2048, 2048, 2048, 2048, 2048, 2048, 2048]","[2049, 2048, 2048, 2048, 2048, 2048, 2048]","[2048, 2048, 2048, 2048, 2048, 2048, 2048, 2049, 2048]",312.0
1142,7779,14,37,2023-03-19T18:03:44.871000+00:00,34.266,29.261,29.648,286.0,296.0,False,93.175,"[None, 2048, 2048, 2048, 2048, 2049, 2049, 2048, 2048]","[2048, 2048, 2048, 2049, 2048, 2048, 2048]","[2048, 2048, 2048, 2048, 2048, 2048, 2048, 2048, 2048]",299.0
1142,7779,63,37,2023-03-19T18:03:48.417000+00:00,34.432,29.521,29.571,287.0,304.0,False,93.524,"[None, 2048, 2048, 2048, 2048, 2048, 2049, 2048, 2048]","[2048, 2048, 2049, 2048, 2048, 2048, 2048]","[2048, 2049, 2048, 2048, 2048, 2048, 2048, 2048, 2048]",303.0
1142,7779,44,37,2023-03-19T18:03:50.995000+00:00,34.3,29.476,29.849,,302.0,False,93.625,"[None, 2048, 2049, 2048, 2049, 2048, 2048, 2048, 2048]","[2048, 2048, 2048, 2049, 2048, 2048, 2048]","[2048, 2048, 2048, 2048, 2048, 2048, 2048, 2048]",305.0
1142,7779,55,37,2023-03-19T18:03:54.699000+00:00,34.365,29.664,29.774,286.0,295.0,False,93.803,"[None, 2048, 2048, 2048, 2048, 2049, 2048, 2049, 2048]","[2048, 2048, 2048, 2048, 2048, 2048, 2048]","[2048, 2048, 2048, 2048, 2048, 2048, 2048, 2048, 2048]",304.0
1142,7779,16,37,2023-03-19T18:03:57.277000+00:00,34.424,29.621,29.794,,300.0,False,93.839,"[None, 2048, 2048, 2048, 2048, 2049, 2049, 2048, 2048]","[2048, 2049, 2048, 2048, 2048, 2048, 2048]","[2049, 2048, 2048, 2048, 2048, 2048, 2048, 2048, 2048]",306.0
1142,7779,31,37,2023-03-19T18:04:03.933000+00:00,34.586,29.772,29.778,284.0,296.0,False,94.136,"[None, 2048, 2048, 2048, 2048, 2049, 2048, 2049, 2048]","[2048, 2049, 2048, 2049, 2048, 2048, 2048]","[2048, 2049, 2048, 2048, 2048, 2048, 2049, 2048, 2048]",306.0
1142,7779,10,37,2023-03-19T18:04:05.776000+00:00,34.698,29.776,29.815,282.0,296.0,False,94.289,"[None, 2048, 2048, 2048, 2048, 2049, 2048, 2048, 2048]","[2048, 2049, 2049, 2049, 2048, 2048, 2048]","[2048, 2048, 2048, 2048, 2048, 2048, 2048, 2048, 2048]",300.0
1142,7779,22,37,2023-03-19T18:04:10.933000+00:00,34.768,29.975,29.972,,297.0,False,94.715,"[None, 2048, 2048, 2048, 2049, 2048, 2048, 2048, 2048]","[2048, 2048, 2048, 2048, 2048, 2048, 2048]","[2048, 2048, 2048, 2048, 2048, 2048, 2048, 2048, 2048]",306.0
1142,7779,20,37,2023-03-19T18:04:12.339000+00:00,34.728,29.659,29.97,,302.0,False,94.357,"[None, 2048, 2048, 2048, 2048, 2049, 2049, 2048, 2048]","[2048, 2048, 2048, 2048, 2049, 2048, 2048]","[2048, 2048, 2048, 2048, 2048, 2048, 2048, 2048, 2048]",309.0
1142,7779,27,37,2023-03-19T18:04:16.511000+00:00,34.941,29.859,30.009,284.0,298.0,False,94.809,"[None, 2048, 2048, 2048, 2048, 2048, 2049, 2048, 2049]","[2048, 2048, 2048, 2048, 2048, 2048, 2048]","[2048, 2048, 2048, 2048, 2048, 2048, 2048, 2048, 2048]",304.0
1142,7779,2,37,2023-03-19T18:04:17.933000+00:00,35.36,29.984,30.093,290.0,308.0,False,95.437,"[None, 2049, 2048, 2048, 2048, 2049, 2049, 2048, 2048]","[2048, 2048, 2048, 2048, 2048, 2048, 2048]","[2048, 2048, 2048, 2048, 2048, 2048, 2048, 2048, 2048]",305.0
1142,7779,24,37,2023-03-19T18:04:18.386000+00:00,35.679,29.905,29.807,284.0,312.0,False,95.391,"[None, 2048, 2048, 2048, 2048, 2048, 2048, 2048, 2049]","[2048, 2048, 2048, 2048, 2048, 2048, 2048]","[2048, 2048, 2048, 2048, 2048, 2048, 2048, 2048, 2048]",329.0
1142,7779,21,37,2023-03-19T18:04:19.198000+00:00,35.485,29.869,29.773,288.0,321.0,False,95.127,"[None, 2048, 2048, 2048, 2048, 2048, 2048, 2048, 2049]","[2048, 2048, 2049, 2048, 2048, 2048, 2048]","[2048, 2048, 2048, 2048, 2048, 2048, 2048, 2049, 2048]",326.0
1142,7779,4,37,2023-03-19T18:04:21.214000+00:00,34.753,30.103,30.149,287.0,305.0,False,95.005,"[None, 2048, 2048, 2048, 2049, 2048, 2049, 2048, 2049]","[2048, 2048, 2048, 2048, 2048, 2048, 2048]","[2048, 2049, 2048, 2048, 2048, 2048, 2048, 2048, 2048]",300.0
1142,7779,81,37,2023-03-19T18:04:22.761000+00:00,34.976,29.888,29.995,,307.0,False,94.859,"[None, 2048, 2048, 2048, 2049, 2048, 2048, 2049, 2049]","[2048, 2048, 2048, 2048, 2048, 2048, 2048]","[2048, 2048, 2049, 2048, 2048, 2048, 2048, 2048, 2048]",301.0
1142,7779,77,37,2023-03-19T18:04:52.744000+00:00,34.584,29.88,29.92,279.0,291.0,False,94.384,"[2048, 2048, 2049, 2051, 2049, 2049, 2049, 2049, 2049]","[2048, 2049, 2048, 2049, 2049, 2048, 2048]","[2049, 2049, 2048, 2048, 2048, 2049, 2048, 2048, 2048]",298.0
1142,7779,11,38,2023-03-19T18:05:00.010000+00:00,33.721,29.122,29.345,292.0,306.0,False,92.188,"[None, 2048, 2048, 2048, 2049, 2048, 2051, 2051, 2051]","[2048, 2048, 2051, 2048, 2048, 2049, 2049]","[2049, 2048, 2049, 2048, 2048, 2048, 2048, 2049, 2048]",315.0
1142,7779,1,38,2023-03-19T18:05:04.369000+00:00,34.607,29.176,29.34,291.0,305.0,False,93.123,"[None, 2048, 2048, 2048, 2048, 2048, 2048, 2048, 2048]","[2048, 2048, 2048, 2048, 2048, 2048, 2048]","[2048, 2048, 2051, 2048, 2048, 2048, 2048, 2048, 2048]",312.0
1142,7779,14,38,2023-03-19T18:05:18.088000+00:00,34.168,29.302,29.704,,302.0,False,93.174,"[None, 2048, 2048, 2048, 2049, 2049, 2048, 2048, 2048]","[2048, 2048, 2049, 2048, 2048, 2048, 2048]","[2048, 2048, 2049, 2048, 2048, 2048, 2048, 2048, 2048]",299.0
1142,7779,63,38,2023-03-19T18:05:21.900000+00:00,34.261,29.407,29.752,288.0,306.0,False,93.42,"[None, 2048, 2048, 2049, 2048, 2048, 2049, 2049, 2048]","[2048, 2048, 2049, 2048, 2048, 2048, 2048]","[2049, 2048, 2048, 2048, 2048, 2048, 2048, 2048, 2048]",304.0
1142,7779,44,38,2023-03-19T18:05:24.588000+00:00,34.471,29.423,29.759,287.0,305.0,False,93.653,"[None, 2048, 2048, 2048, 2048, 2048, 2048, 2048, 2048]","[2049, 2048, 2048, 2048, 2048, 2048, 2048]","[2048, 2048, 2048, 2048, 2048, 2048, 2048, 2048, 2048]",305.0
1142,7779,55,38,2023-03-19T18:05:28.509000+00:00,34.618,29.541,29.754,284.0,296.0,False,93.913,"[None, 2048, 2048, 2048, 2048, 2048, 2048, 2048, 2048]","[2048, 2049, 2048, 2049, 2049, 2048, 2048]","[2048, 2048, 2048, 2048, 2048, 2048, 2048, 2048, 2048]",303.0
1142,7779,16,38,2023-03-19T18:05:31.041000+00:00,34.296,29.653,29.764,289.0,302.0,False,93.713,"[None, 2048, 2048, 2048, 2048, 2048, 2048, 2048, 2049]","[2048, 2048, 2049, 2048, 2048, 2048, 2048]","[2048, 2048, 2048, 2048, 2048, 2048, 2048, 2048, 2048]",308.0
1142,7779,31,38,2023-03-19T18:05:38.087000+00:00,34.542,29.84,29.834,286.0,297.0,False,94.216,"[None, 2048, 2048, 2048, 2048, 2048, 2048, 2049, 2049]","[2048, 2048, 2048, 2048, 2048, 2048, 2048]","[2049, 2048, 2048, 2048, 2048, 2048, 2048, 2048, 2048]",301.0
1142,7779,10,38,2023-03-19T18:05:40.103000+00:00,34.719,29.81,29.826,283.0,298.0,False,94.355,"[None, 2048, 2049, 2048, 2048, 2048, 2049, 2048, 2048]","[2048, 2049, 2048, 2048, 2048, 2048, 2048]","[2048, 2048, 2048, 2048, 2048, 2048, 2048, 2048, 2048]",301.0
1142,7779,22,38,2023-03-19T18:05:45.650000+00:00,34.665,29.928,29.895,284.0,297.0,False,94.488,"[None, 2048, 2048, 2048, 2049, 2048, 2048, 2048, 2049]","[2048, 2049, 2048, 2048, 2048, 2048, 2048]","[2048, 2048, 2048, 2048, 2048, 2048, 2049, 2049, 2048]",307.0
1142,7779,20,38,2023-03-19T18:05:46.697000+00:00,34.689,29.572,29.786,287.0,319.0,False,94.047,"[None, 2048, 2048, 2048, 2048, 2049, 2048, 2048, 2048]","[2048, 2048, 2049, 2048, 2048, 2048, 2048]","[2048, 2048, 2048, 2048, 2048, 2048, 2048, 2049, 2048]",327.0
1142,7779,27,38,2023-03-19T18:05:51.353000+00:00,34.547,29.644,29.839,287.0,303.0,False,94.03,"[None, 2048, 2049, 2048, 2048, 2049, 2049, 2049, 2048]","[2049, 2048, 2048, 2048, 2048, 2048, 2048]","[2048, 2048, 2048, 2048, 2048, 2048, 2048, 2048, 2048]",309.0
1142,7779,2,38,2023-03-19T18:05:53.400000+00:00,36.336,29.885,29.923,,311.0,False,96.144,"[None, 2049, 2048, 2048, 2048, 2048, 2048, 2048, 2048]","[2048, 2048, 2049, 2048, 2048, 2048, 2048]","[2048, 2048, 2048, 2048, 2048, 2048, 2048, 2048, 2048]",325.0
1142,7779,24,38,2023-03-19T18:05:53.743000+00:00,35.027,30.008,30.123,281.0,293.0,False,95.158,"[None, 2048, 2048, 2048, 2048, 2048, 2049, 2049, 2049]","[2048, 2048, 2048, 2049, 2048, 2048, 2048]","[2048, 2049, 2048, 2048, 2048, 2048, 2048, 2048]",298.0
1142,7779,21,38,2023-03-19T18:05:54.587000+00:00,36.087,29.76,29.744,287.0,317.0,False,95.591,"[None, 2048, 2048, 2048, 2048, 2048, 2048, 2048, 2048]","[2048, 2048, 2049, 2049, 2048, 2048, 2048]","[2048, 2048, 2048, 2048, 2048, 2048, 2048, 2049, 2048]",325.0
1142,7779,4,38,2023-03-19T18:05:56.212000+00:00,34.856,29.888,29.914,288.0,323.0,False,94.658,"[None, 2048, 2048, 2048, 2049, 2048, 2048, 2048, 2048]","[2048, 2048, 2048, 2048, 2048, 2048, 2048]","[2048, 2048, 2048, 2048, 2048, 2048, 2048, 2048, 2048]",322.0
1142,7779,81,38,2023-03-19T18:05:57.649000+00:00,34.928,29.896,30.003,,304.0,False,94.827,"[None, 2048, 2048, 2048, 2048, 2048, 2048, 2048, 2049]","[2048, 2048, 2049, 2048, 2048, 2048, 2048]","[2048, 2048, 2049, 2048, 2048, 2048, 2048, 2048, 2048]",305.0
1142,7779,77,38,2023-03-19T18:06:27.133000+00:00,34.741,30.081,30.154,278.0,290.0,False,94.976,"[None, 2048, 2049, 2048, 2048, 2048, 2049, 2048, 2049]","[2048, 2049, 2048, 2048, 2048, 2048, 2048]","[2048, 2048, 2048, 2048, 2048, 2048, 2051, 2048, 2048]",296.0
1142,7779,11,39,2023-03-19T18:06:32.211000+00:00,34.355,29.362,29.473,289.0,305.0,False,93.19,"[None, 2048, 2048, 2048, 2048, 2048, 2048, 2048, 2048]","[2048, 2048, 2048, 2048, 2048, 2049, 2048]","[2048, 2048, 2048, 2048, 2048, 2048, 2048, 2049, 2048]",312.0
1142,7779,1,39,2023-03-19T18:06:37.492000+00:00,33.87,29.263,29.299,,306.0,False,92.432,"[None, 2048, 2048, 2048, 2048, 2048, 2048, 2048, 2048]","[2048, 2048, 2048, 2048, 2048, 2048, 2048]","[2048, 2048, 2051, 2048, 2048, 2048, 2048, 2048, 2048]",314.0
1142,7779,14,39,2023-03-19T18:06:51.242000+00:00,34.242,29.35,29.657,285.0,300.0,False,93.249,"[None, 2048, 2048, 2048, 2048, 2048, 2048, 2048, 2049]","[2048, 2048, 2048, 2048, 2048, 2048, 2048]","[2048, 2048, 2049, 2048, 2048, 2048, 2048, 2049, 2048]",300.0
1142,7779,63,39,2023-03-19T18:06:55.336000+00:00,34.407,29.509,29.639,285.0,303.0,False,93.555,"[None, 2048, 2048, 2048, 2048, 2049, 2048, 2048, 2048]","[2048, 2048, 2048, 2048, 2048, 2048, 2048]","[2048, 2048, 2048, 2048, 2048, 2048, 2048, 2048, 2048]",302.0
1142,7779,44,39,2023-03-19T18:06:58.273000+00:00,34.304,29.429,29.65,286.0,305.0,False,93.383,"[None, 2048, 2048, 2048, 2048, 2048, 2049, 2049, 2048]","[2048, 2048, 2048, 2048, 2048, 2048, 2048]","[2048, 2048, 2048, 2048, 2048, 2048, 2048, 2048, 2048]",304.0
1142,7779,55,39,2023-03-19T18:07:02.398000+00:00,34.249,29.564,29.652,285.0,298.0,False,93.465,"[None, 2048, 2048, 2048, 2048, 2049, 2049, 2049, 2048]","[2048, 2049, 2048, 2048, 2048, 2048, 2048]","[2049, 2048, 2048, 2048, 2048, 2048, 2048, 2049, 2048]",305.0
1142,7779,16,39,2023-03-19T18:07:04.773000+00:00,34.277,29.608,29.594,288.0,302.0,False,93.479,"[None, 2048, 2048, 2048, 2048, 2049, 2048, 2049, 2048]","[2048, 2048, 2048, 2049, 2048, 2048, 2048]","[2048, 2048, 2048, 2048, 2048, 2049, 2048, 2048, 2048]",309.0
1142,7779,31,39,2023-03-19T18:07:12.289000+00:00,34.529,29.735,29.775,284.0,298.0,False,94.039,"[None, 2048, 2048, 2048, 2048, 2049, 2048, 2048, 2048]","[2048, 2049, 2049, 2048, 2048, 2048, 2048]","[2048, 2048, 2048, 2048, 2048, 2049, 2048, 2048, 2048]",303.0
1142,7779,10,39,2023-03-19T18:07:14.414000+00:00,34.556,29.662,29.711,282.0,297.0,False,93.929,"[None, 2048, 2048, 2048, 2048, 2048, 2049, 2049, 2048]","[2048, 2048, 2049, 2049, 2048, 2048, 2048]","[2048, 2049, 2049, 2048, 2049, 2048, 2049, 2049, 2048]",302.0
1142,7779,22,39,2023-03-19T18:07:20.132000+00:00,34.593,29.907,29.853,282.0,298.0,False,94.353,"[None, 2048, 2048, 2049, 2048, 2049, 2048, 2048, 2048]","[2048, 2048, 2048, 2049, 2048, 2048, 2048]","[2048, 2048, 2048, 2048, 2048, 2048, 2049, 2049, 2048]",308.0
1142,7779,20,39,2023-03-19T18:07:20.757000+00:00,34.822,29.514,29.853,285.0,321.0,False,94.189,"[None, 2048, 2048, 2048, 2048, 2048, 2048, 2048, 2048]","[2048, 2048, 2049, 2048, 2048, 2049, 2048]","[2048, 2048, 2048, 2048, 2048, 2048, 2049, 2049, 2049]",328.0
1142,7779,27,39,2023-03-19T18:07:25.398000+00:00,34.703,29.646,29.914,284.0,303.0,False,94.263,"[None, 2048, 2048, 2048, 2048, 2048, 2048, 2048, 2048]","[2048, 2048, 2048, 2049, 2048, 2048, 2048]","[2048, 2048, 2048, 2048, 2048, 2048, 2048, 2048, 2048]",308.0
1142,7779,24,39,2023-03-19T18:07:28.835000+00:00,34.718,29.924,30.004,280.0,293.0,False,94.646,"[None, 2048, 2048, 2049, 2049, 2049, 2049, 2049, 2049]","[2048, 2048, 2048, 2049, 2048, 2048, 2048]","[2048, 2049, 2048, 2048, 2048, 2049, 2048, 2048, 2048]",299.0
1142,7779,2,39,2023-03-19T18:07:29.554000+00:00,35.517,29.99,30.211,288.0,309.0,False,95.718,"[None, 2048, 2048, 2048, 2048, 2048, 2048, 2048, 2048]","[2048, 2048, 2048, 2048, 2048, 2048, 2048]","[2048, 2048, 2048, 2048, 2048, 2048, 2048, 2048, 2048]",308.0
1142,7779,21,39,2023-03-19T18:07:29.898000+00:00,35.687,29.775,30.307,286.0,320.0,False,95.769,"[None, 2048, 2048, 2048, 2048, 2048, 2048, 2048, 2048]","[2048, 2049, 2049, 2048, 2048, 2049, 2048]","[2048, 2048, 2048, 2048, 2048, 2048, 2048, 2048, 2048]",329.0
1142,7779,4,39,2023-03-19T18:07:30.867000+00:00,35.196,29.926,29.935,286.0,320.0,False,95.057,"[None, 2048, 2048, 2048, 2048, 2048, 2048, 2048, 2048]","[2048, 2048, 2049, 2048, 2049, 2048, 2048]","[2048, 2048, 2048, 2048, 2048, 2048, 2048, 2048, 2049]",324.0
1142,7779,81,39,2023-03-19T18:07:32.476000+00:00,35.029,29.864,30.056,285.0,306.0,False,94.949,"[None, 2048, 2048, 2048, 2048, 2048, 2048, 2048, 2048]","[2048, 2048, 2048, 2048, 2048, 2048, 2048]","[2048, 2049, 2049, 2048, 2048, 2048, 2048, 2048, 2048]",303.0
1142,7779,77,39,2023-03-19T18:08:02.116000+00:00,34.907,30.077,30.364,275.0,289.0,False,95.348,"[None, 2048, 2048, 2048, 2048, 2048, 2048, 2048, 2048]","[2048, 2048, 2048, 2048, 2048, 2048, 2048]","[2048, 2048, 2048, 2048, 2048, 2048, 2048, 2048, 2048]",296.0
1142,7779,11,40,2023-03-19T18:08:05.397000+00:00,34.138,29.218,29.474,290.0,312.0,False,92.83,"[None, 2048, 2048, 2048, 2049, 2048, 2048, 2048, 2048]","[2048, 2048, 2051, 2048, 2048, 2049, 2049]","[2048, 2048, 2049, 2048, 2048, 2048, 2048, 2048, 2049]",319.0
1142,7779,1,40,2023-03-19T18:08:09.928000+00:00,33.947,29.238,29.421,,307.0,False,92.606,"[None, 2048, 2048, 2048, 2048, 2048, 2048, 2048, 2048]","[2048, 2048, 2048, 2048, 2048, 2048, 2048]","[2048, 2048, 2048, 2048, 2048, 2048, 2048, 2048, 2048]",312.0
1142,7779,14,40,2023-03-19T18:08:24.459000+00:00,34.115,29.16,29.493,284.0,300.0,False,92.768,"[None, 2048, 2048, 2049, 2048, 2048, 2048, 2048, 2048]","[2048, 2051, 2049, 2049, 2048, 2048, 2048]","[2048, 2049, 2049, 2048, 2048, 2048, 2049, 2049]",301.0
1142,7779,63,40,2023-03-19T18:08:28.897000+00:00,34.44,29.352,29.667,284.0,304.0,False,93.459,"[None, 2048, 2048, 2048, 2048, 2048, 2048, 2048, 2048]","[2048, 2049, 2048, 2048, 2048, 2048, 2048]","[2048, 2048, 2048, 2048, 2049, 2048, 2048, 2048]",302.0
1142,7779,44,40,2023-03-19T18:08:31.647000+00:00,34.342,29.468,29.697,285.0,305.0,False,93.507,"[None, 2048, 2048, 2048, 2048, 2048, 2048, 2048, 2048]","[2048, 2048, 2048, 2048, 2048, 2048, 2048]","[2048, 2048, 2048, 2048, 2048, 2048, 2048, 2048, 2048]",304.0
1142,7779,55,40,2023-03-19T18:08:35.865000+00:00,34.251,29.511,29.641,286.0,297.0,False,93.403,"[None, 2048, 2048, 2048, 2049, 2048, 2048, 2048, 2048]","[2048, 2048, 2048, 2048, 2049, 2048, 2048]","[2049, 2048, 2048, 2048, 2048, 2048, 2048, 2048, 2048]",306.0
1142,7779,16,40,2023-03-19T18:08:38.240000+00:00,34.356,29.507,29.706,,300.0,False,93.569,"[None, 2048, 2048, 2048, 2049, 2048, 2048, 2049, 2048]","[2048, 2048, 2048, 2049, 2048, 2048, 2048]","[2048, 2048, 2048, 2048, 2048, 2048, 2048, 2048, 2048]",308.0
1142,7779,31,40,2023-03-19T18:08:46.334000+00:00,34.4,29.649,29.777,,297.0,False,93.826,"[None, 2048, 2048, 2049, 2048, 2049, 2048, 2049, 2048]","[2048, 2049, 2048, 2049, 2049, 2048, 2048]","[2048, 2048, 2048, 2048, 2048, 2049, 2049, 2048, 2048]",303.0
1142,7779,10,40,2023-03-19T18:08:48.365000+00:00,34.696,29.719,29.695,281.0,296.0,False,94.11,"[None, 2048, 2048, 2048, 2049, 2048, 2048, 2048, 2048]","[2049, 2048, 2048, 2048, 2049, 2048, 2048]","[2048, 2048, 2049, 2048, 2048, 2048, 2048, 2048, 2048]",302.0
1142,7779,22,40,2023-03-19T18:08:54.474000+00:00,34.694,29.881,29.798,,298.0,False,94.373,"[None, 2049, 2048, 2048, 2048, 2048, 2049, 2049, 2048]","[2048, 2048, 2048, 2049, 2048, 2048, 2048]","[2048, 2049, 2049, 2048, 2048, 2048, 2048, 2048, 2048]",308.0
1142,7779,20,40,2023-03-19T18:08:54.959000+00:00,35.513,29.885,30.051,281.0,299.0,False,95.449,"[2049, 2051, 2048, 2048, 2048, 2048, 2049, 2049, 2048]","[2048, 2048, 2048, 2048, 2048, 2048, 2048]","[2048, 2048, 2048, 2048, 2048, 2048, 2048, 2048]",305.0
1142,7779,27,40,2023-03-19T18:08:59.646000+00:00,34.772,29.663,29.93,285.0,302.0,False,94.365,"[None, 2048, 2048, 2048, 2048, 2048, 2048, 2049, 2048]","[2048, 2048, 2048, 2049, 2049, 2048, 2048]","[2048, 2048, 2048, 2048, 2048, 2048, 2048, 2048, 2048]",308.0
1142,7779,24,40,2023-03-19T18:09:03.552000+00:00,34.787,29.919,30.058,,293.0,False,94.764,"[None, 2048, 2049, 2048, 2048, 2048, 2048, 2048, 2048]","[2048, 2048, 2048, 2049, 2048, 2048, 2048]","[2048, 2048, 2048, 2048, 2048, 2048, 2048, 2048, 2048]",299.0
1142,7779,2,40,2023-03-19T18:09:05.255000+00:00,35.217,29.897,30.066,289.0,310.0,False,95.18,"[None, 2049, 2048, 2048, 2048, 2048, 2049, 2049, 2048]","[2048, 2048, 2048, 2048, 2048, 2048, 2048]","[2048, 2048, 2048, 2048, 2048, 2048, 2048, 2048, 2048]",307.0
1142,7779,21,40,2023-03-19T18:09:05.677000+00:00,35.505,29.7,29.886,284.0,315.0,False,95.091,"[None, 2048, 2048, 2048, 2048, 2048, 2048, 2048, 2048]","[2048, 2049, 2048, 2048, 2049, 2049, 2048]","[2048, 2048, 2048, 2048, 2048, 2048, 2048, 2048, 2048]",323.0
1142,7779,4,40,2023-03-19T18:09:05.927000+00:00,35.651,29.957,29.941,287.0,322.0,False,95.549,"[None, 2048, 2048, 2048, 2048, 2048, 2048, 2048, 2048]","[2048, 2048, 2048, 2048, 2048, 2048, 2048]","[2048, 2048, 2048, 2048, 2048, 2048, 2048, 2048]",321.0
1142,7779,81,40,2023-03-19T18:09:07.396000+00:00,35.162,29.669,29.598,286.0,328.0,False,94.429,"[None, 2048, 2048, 2048, 2048, 2048, 2048, 2048, 2048]","[2048, 2048, 2048, 2048, 2048, 2049, 2049]","[2048, 2048, 2049, 2049, 2049, 2048, 2048, 2049]",331.0
1142,7779,77,40,2023-03-19T18:09:37.442000+00:00,36.139,30.143,30.192,274.0,292.0,False,96.474,"[None, 2048, 2048, 2048, 2048, 2048, 2048, 2048, 2048]","[2048, 2048, 2048, 2048, 2048, 2048, 2048]","[2048, 2048, 2048, 2048, 2048, 2048, 2048, 2048, 2048]",296.0
1142,7779,11,41,2023-03-19T18:09:38.224000+00:00,33.911,29.329,29.397,289.0,305.0,False,92.637,"[2049, 2048, 2048, 2048, 2048, 2048, 2048, 2048, 2048]","[2048, 2048, 2048, 2048, 2048, 2048, 2048]","[2048, 2048, 2048, 2048, 2048, 2048, 2048, 2048, 2048]",311.0
1142,7779,1,41,2023-03-19T18:09:42.520000+00:00,34.131,29.221,29.286,290.0,310.0,False,92.638,"[None, 2048, 2048, 2048, 2048, 2048, 2048, 2048, 2048]","[2048, 2048, 2049, 2048, 2048, 2048, 2048]","[2048, 2048, 2051, 2048, 2048, 2048, 2048, 2048, 2048]",315.0
1142,7779,14,41,2023-03-19T18:09:57.223000+00:00,34.174,29.272,29.681,286.0,297.0,False,93.127,"[None, 2048, 2048, 2048, 2048, 2048, 2048, 2048, 2049]","[2048, 2048, 2048, 2048, 2049, 2048, 2048]","[2048, 2048, 2049, 2048, 2048, 2048, 2048, 2049, 2048]",299.0
1142,7779,63,41,2023-03-19T18:10:02.364000+00:00,34.181,29.273,29.544,286.0,306.0,False,92.998,"[None, 2048, 2048, 2048, 2048, 2049, 2049, 2048, 2048]","[2048, 2049, 2049, 2049, 2048, 2048, 2048]","[2049, 2048, 2048, 2048, 2049, 2048, 2048, 2048, 2048]",303.0
1142,7779,44,41,2023-03-19T18:10:05.129000+00:00,34.246,29.304,29.67,287.0,307.0,False,93.22,"[None, 2048, 2048, 2048, 2051, 2049, 2049, 2048, 2048]","[2048, 2049, 2049, 2048, 2048, 2048, 2048]","[2048, 2048, 2048, 2048, 2048, 2048, 2048, 2048, 2048]",305.0
1142,7779,55,41,2023-03-19T18:10:09.270000+00:00,34.22,29.557,29.634,,298.0,False,93.411,"[None, 2048, 2048, 2048, 2048, 2049, 2049, 2048, 2048]","[2048, 2048, 2048, 2048, 2048, 2048, 2048]","[2048, 2048, 2048, 2048, 2048, 2048, 2048, 2049, 2048]",304.0
1142,7779,16,41,2023-03-19T18:10:11.817000+00:00,34.129,29.437,29.589,,303.0,False,93.155,"[None, 2048, 2048, 2048, 2049, 2049, 2049, 2048, 2048]","[2048, 2049, 2049, 2048, 2048, 2048, 2048]","[2049, 2048, 2048, 2048, 2048, 2048, 2048, 2048, 2048]",308.0
1142,7779,31,41,2023-03-19T18:10:20.145000+00:00,34.432,29.658,29.825,,297.0,False,93.915,"[None, 2048, 2048, 2048, 2048, 2048, 2049, 2048, 2048]","[2048, 2048, 2048, 2048, 2049, 2048, 2048]","[2048, 2048, 2048, 2048, 2048, 2048, 2049, 2048, 2048]",301.0
1142,7779,10,41,2023-03-19T18:10:22.457000+00:00,34.495,29.676,29.658,283.0,297.0,False,93.829,"[None, 2048, 2049, 2048, 2048, 2049, 2048, 2048, 2048]","[2048, 2048, 2049, 2048, 2048, 2048, 2048]","[2048, 2048, 2048, 2048, 2048, 2048, 2048, 2048, 2048]",301.0
1142,7779,22,41,2023-03-19T18:10:28.863000+00:00,34.614,29.832,29.87,283.0,299.0,False,94.316,"[None, 2048, 2048, 2048, 2049, 2048, 2048, 2048, 2048]","[2048, 2049, 2048, 2048, 2048, 2048, 2048]","[2048, 2048, 2048, 2048, 2048, 2048, 2048, 2048, 2048]",307.0
1142,7779,20,41,2023-03-19T18:10:30.379000+00:00,34.55,29.591,30.129,284.0,300.0,False,94.27,"[2048, 2048, 2048, 2048, 2048, 2049, 2048, 2049, 2048]","[2048, 2048, 2048, 2049, 2049, 2048, 2048]","[2048, 2048, 2048, 2048, 2048, 2048, 2048, 2048, 2048]",304.0
1142,7779,27,41,2023-03-19T18:10:33.988000+00:00,34.647,29.544,29.856,286.0,304.0,False,94.047,"[None, 2048, 2048, 2048, 2049, 2048, 2049, 2048, 2048]","[2049, 2048, 2048, 2049, 2049, 2048, 2048]","[2048, 2048, 2048, 2048, 2048, 2048, 2048, 2048, 2048]",309.0
1142,7779,24,41,2023-03-19T18:10:38.316000+00:00,34.607,29.767,29.989,284.0,296.0,False,94.363,"[None, 2048, 2048, 2048, 2049, 2048, 2048, 2049, 2048]","[2048, 2048, 2048, 2048, 2049, 2048, 2048]","[2048, 2048, 2048, 2048, 2048, 2048, 2048, 2048, 2048]",302.0
1142,7779,2,41,2023-03-19T18:10:40.472000+00:00,35.177,29.779,31.018,,307.0,False,95.974,"[None, 2049, 2049, 2048, 2049, 2048, 2048, 2049, 2048]","[2048, 2048, 2048, 2048, 2049, 2048, 2048]","[2048, 2048, 2048, 2048, 2048, 2048, 2048, 2048, 2048]",305.0
1142,7779,21,41,2023-03-19T18:10:40.722000+00:00,35.508,29.746,30.065,286.0,313.0,False,95.319,"[None, 2048, 2048, 2048, 2048, 2048, 2048, 2048, 2048]","[2048, 2048, 2048, 2048, 2048, 2049, 2048]","[2048, 2048, 2049, 2048, 2048, 2048, 2048, 2048]",324.0
1142,7779,4,41,2023-03-19T18:10:41.519000+00:00,35.19,29.911,29.868,286.0,320.0,False,94.969,"[None, 2049, 2048, 2048, 2048, 2048, 2048, 2048, 2048]","[2048, 2048, 2049, 2048, 2048, 2049, 2048]","[2048, 2048, 2049, 2048, 2049, 2048, 2048, 2048, 2048]",323.0
1142,7779,81,41,2023-03-19T18:10:41.847000+00:00,35.756,29.899,29.646,283.0,321.0,False,95.301,"[2049, 2048, 2048, 2048, 2048, 2048, 2048, 2048, 2048]","[2048, 2048, 2048, 2048, 2048, 2048, 2048]","[2048, 2048, 2048, 2048, 2048, 2048, 2048, 2049]",323.0
1142,7779,11,42,2023-03-19T18:11:10.847000+00:00,33.851,29.083,29.301,290.0,306.0,False,92.235,"[2048, 2048, 2048, 2048, 2048, 2048, 2048, 2048, 2048]","[2048, 2048, 2048, 2048, 2048, 2048, 2048]","[2048, 2048, 2049, 2048, 2048, 2048, 2048, 2048, 2048]",314.0
1142,7779,77,41,2023-03-19T18:11:13.909000+00:00,36.656,29.954,30.09,281.0,294.0,False,96.7,"[None, 2048, 2048, 2048, 2048, 2048, 2048, 2048, 2049]","[2048, 2048, 2048, 2048, 2048, 2048, 2048]","[2048, 2048, 2048, 2048, 2048, 2048, 2048, 2048]",301.0
1142,7779,1,42,2023-03-19T18:11:15.159000+00:00,33.899,29.131,29.244,292.0,309.0,False,92.274,"[None, 2048, 2048, 2048, 2048, 2048, 2048, 2048, 2048]","[2048, 2048, 2049, 2048, 2048, 2048, 2048]","[2048, 2048, 2048, 2048, 2048, 2048, 2048, 2048]",317.0
1142,7779,14,42,2023-03-19T18:11:30.362000+00:00,34.288,29.155,29.713,287.0,300.0,False,93.156,"[None, 2048, 2048, 2048, 2051, 2048, 2048, 2048, 2049]","[2048, 2048, 2048, 2048, 2048, 2048, 2048]","[2048, 2048, 2048, 2048, 2048, 2048, 2049, 2048, 2048]",301.0
1142,7779,63,42,2023-03-19T18:11:35.362000+00:00,34.243,29.279,29.519,287.0,304.0,False,93.041,"[None, 2048, 2048, 2048, 2048, 2048, 2048, 2048, 2048]","[2048, 2048, 2048, 2048, 2049, 2048, 2048]","[2048, 2049, 2048, 2048, 2048, 2049, 2048, 2048, 2048]",303.0
1142,7779,44,42,2023-03-19T18:11:38.346000+00:00,34.295,29.309,29.71,,302.0,False,93.314,"[None, 2048, 2048, 2048, 2048, 2048, 2048, 2048, 2048]","[2048, 2048, 2048, 2049, 2049, 2048, 2048]","[2048, 2048, 2048, 2048, 2048, 2048, 2048, 2048, 2048]",302.0
1142,7779,55,42,2023-03-19T18:11:42.675000+00:00,34.319,29.445,29.668,,298.0,False,93.432,"[None, 2048, 2048, 2048, 2048, 2048, 2048, 2048, 2048]","[2048, 2048, 2049, 2048, 2049, 2048, 2048]","[2049, 2048, 2048, 2048, 2048, 2049, 2048, 2048, 2048]",305.0
1142,7779,16,42,2023-03-19T18:11:44.956000+00:00,34.237,29.412,29.735,,302.0,False,93.384,"[None, 2048, 2048, 2048, 2048, 2048, 2049, 2048, 2048]","[2048, 2048, 2048, 2048, 2048, 2048, 2048]","[2048, 2048, 2048, 2048, 2048, 2048, 2048, 2048, 2048]",308.0
1142,7779,31,42,2023-03-19T18:11:54.143000+00:00,34.38,29.702,29.882,285.0,295.0,False,93.964,"[None, 2048, 2048, 2048, 2048, 2048, 2049, 2048, 2048]","[2048, 2048, 2048, 2048, 2048, 2048, 2048]","[2048, 2048, 2048, 2048, 2048, 2048, 2048, 2048, 2048]",301.0
1142,7779,10,42,2023-03-19T18:11:56.284000+00:00,34.566,29.705,29.689,,297.0,False,93.96,"[None, 2048, 2048, 2048, 2048, 2048, 2048, 2048, 2048]","[2049, 2048, 2048, 2048, 2048, 2048, 2048]","[2048, 2048, 2048, 2048, 2048, 2048, 2048, 2048, 2048]",301.0
1142,7779,22,42,2023-03-19T18:12:03.190000+00:00,34.343,29.846,29.867,,299.0,False,94.056,"[None, 2048, 2048, 2048, 2048, 2049, 2049, 2049, 2048]","[2048, 2048, 2048, 2048, 2048, 2048, 2048]","[2048, 2048, 2048, 2048, 2048, 2048, 2048, 2048, 2048]",308.0
1142,7779,20,42,2023-03-19T18:12:04.705000+00:00,34.366,29.545,29.842,288.0,304.0,False,93.753,"[None, 2048, 2048, 2048, 2049, 2049, 2049, 2048, 2049]","[2049, 2048, 2048, 2048, 2048, 2048, 2048]","[2048, 2048, 2048, 2048, 2048, 2048, 2048, 2048, 2048]",308.0
1142,7779,27,42,2023-03-19T18:12:08.033000+00:00,34.752,29.642,29.957,287.0,303.0,False,94.351,"[None, 2048, 2048, 2048, 2048, 2048, 2048, 2048, 2048]","[2048, 2048, 2048, 2048, 2048, 2048, 2048]","[2048, 2048, 2048, 2048, 2048, 2048, 2048, 2048, 2048]",309.0
1142,7779,24,42,2023-03-19T18:12:12.768000+00:00,34.746,29.923,30.156,282.0,295.0,False,94.825,"[None, 2048, 2048, 2048, 2048, 2048, 2048, 2048, 2048]","[2048, 2048, 2048, 2048, 2048, 2048, 2048]","[2048, 2048, 2048, 2048, 2048, 2048, 2048, 2048, 2048]",301.0
1142,7779,21,42,2023-03-19T18:12:16.018000+00:00,35.22,29.669,30.079,,301.0,False,94.968,"[None, 2048, 2048, 2048, 2048, 2049, 2049, 2049, 2049]","[2048, 2049, 2048, 2049, 2048, 2048, 2048]","[2048, 2048, 2048, 2048, 2048, 2048, 2049, 2048, 2048]",305.0
1142,7779,2,42,2023-03-19T18:12:16.408000+00:00,35.852,29.839,30.229,,311.0,False,95.92,"[None, 2049, 2048, 2048, 2048, 2048, 2048, 2049, 2048]","[2048, 2048, 2048, 2049, 2048, 2048, 2048]","[2048, 2048, 2048, 2048, 2048, 2048, 2048, 2048]",310.0
1142,7779,4,42,2023-03-19T18:12:16.580000+00:00,36.194,29.941,30.048,282.0,317.0,False,96.183,"[None, 2048, 2048, 2048, 2048, 2048, 2048, 2048, 2048]","[2048, 2048, 2048, 2048, 2049, 2048, 2048]","[2048, 2048, 2048, 2048, 2048, 2048, 2048, 2048, 2048]",318.0
1142,7779,81,42,2023-03-19T18:12:17.189000+00:00,36.126,30.055,29.77,287.0,320.0,False,95.951,"[2048, 2048, 2048, 2048, 2048, 2048, 2048, 2048, 2048]","[2048, 2048, 2048, 2048, 2048, 2048, 2048]","[2048, 2048, 2049, 2048, 2049, 2048, 2048, 2048, 2048]",325.0
1142,7779,11,43,2023-03-19T18:12:43.095000+00:00,33.976,29.04,29.292,,308.0,False,92.308,"[None, 2048, 2048, 2048, 2048, 2048, 2048, 2048, 2048]","[2048, 2048, 2048, 2048, 2048, 2048, 2048]","[2048, 2051, 2049, 2048, 2048, 2048, 2048, 2048, 2048]",315.0
1142,7779,1,43,2023-03-19T18:12:47.439000+00:00,33.863,29.151,29.329,291.0,306.0,False,92.343,"[None, 2048, 2048, 2048, 2048, 2051, 2048, 2048, 2048]","[2048, 2048, 2048, 2048, 2048, 2048, 2048]","[2048, 2048, 2048, 2048, 2048, 2048, 2048, 2048, 2048]",311.0
1142,7779,77,42,2023-03-19T18:12:50.642000+00:00,35.091,30.048,30.186,282.0,294.0,False,95.325,"[None, 2048, 2048, 2048, 2048, 2048, 2048, 2048, 2048]","[2049, 2048, 2048, 2048, 2048, 2048, 2048]","[2048, 2048, 2048, 2048, 2048, 2048, 2048, 2048, 2048]",299.0
1142,7779,14,43,2023-03-19T18:13:03.501000+00:00,34.313,29.208,29.686,286.0,298.0,False,93.207,"[None, 2048, 2048, 2048, 2048, 2049, 2049, 2049, 2048]","[2048, 2048, 2048, 2048, 2049, 2048, 2048]","[2048, 2048, 2048, 2048, 2048, 2048, 2048, 2048, 2048]",299.0
1142,7779,63,43,2023-03-19T18:13:08.392000+00:00,34.195,29.25,29.638,288.0,306.0,False,93.083,"[None, 2048, 2049, 2048, 2048, 2048, 2049, 2048, 2049]","[2049, 2048, 2049, 2048, 2048, 2048, 2048]","[2048, 2048, 2048, 2048, 2048, 2048, 2048, 2048, 2048]",303.0
1142,7779,44,43,2023-03-19T18:13:11.704000+00:00,34.199,29.248,29.564,288.0,306.0,False,93.011,"[None, 2048, 2049, 2048, 2051, 2048, 2048, 2049, 2048]","[2048, 2048, 2049, 2049, 2048, 2048, 2048]","[2048, 2049, 2048, 2048, 2048, 2048, 2048, 2048, 2048]",304.0
1142,7779,55,43,2023-03-19T18:13:16.126000+00:00,34.156,29.532,29.6,287.0,297.0,False,93.288,"[None, 2048, 2048, 2048, 2048, 2048, 2049, 2049, 2049]","[2048, 2048, 2048, 2048, 2048, 2048, 2048]","[2048, 2048, 2049, 2048, 2048, 2049, 2048, 2048, 2048]",304.0
1142,7779,16,43,2023-03-19T18:13:18.345000+00:00,34.2,29.505,29.742,,302.0,False,93.447,"[None, 2048, 2049, 2048, 2048, 2048, 2048, 2048, 2048]","[2048, 2048, 2048, 2048, 2048, 2048, 2048]","[2048, 2049, 2049, 2048, 2048, 2048, 2048, 2048, 2048]",308.0
1142,7779,31,43,2023-03-19T18:13:28.048000+00:00,34.406,29.633,29.858,,295.0,False,93.897,"[None, 2048, 2048, 2048, 2048, 2048, 2048, 2048, 2049]","[2048, 2049, 2049, 2048, 2048, 2048, 2048]","[2048, 2048, 2048, 2048, 2048, 2048, 2048, 2048, 2048]",301.0
1142,7779,10,43,2023-03-19T18:13:30.266000+00:00,34.703,29.57,29.753,,296.0,False,94.026,"[None, 2048, 2048, 2048, 2048, 2048, 2048, 2048, 2048]","[2048, 2048, 2049, 2049, 2049, 2048, 2048]","[2048, 2048, 2048, 2048, 2048, 2048, 2048, 2048, 2048]",301.0
1142,7779,22,43,2023-03-19T18:13:37.266000+00:00,34.447,29.704,29.838,284.0,298.0,False,93.989,"[None, 2048, 2049, 2048, 2048, 2048, 2048, 2048, 2049]","[2048, 2049, 2048, 2049, 2049, 2048, 2048]","[2048, 2048, 2048, 2048, 2048, 2048, 2048, 2048, 2048]",307.0
1142,7779,20,43,2023-03-19T18:13:38.422000+00:00,34.537,29.527,30.044,287.0,303.0,False,94.108,"[None, 2048, 2048, 2048, 2048, 2048, 2048, 2048, 2048]","[2048, 2048, 2048, 2049, 2049, 2048, 2048]","[2048, 2048, 2048, 2048, 2048, 2048, 2048, 2048, 2048]",308.0
1142,7779,27,43,2023-03-19T18:13:42.391000+00:00,34.736,29.691,29.961,285.0,300.0,False,94.388,"[None, 2048, 2048, 2048, 2048, 2048, 2049, 2048, 2048]","[2048, 2048, 2048, 2048, 2048, 2048, 2048]","[2048, 2048, 2048, 2048, 2048, 2048, 2051, 2048, 2048]",306.0
1142,7779,24,43,2023-03-19T18:13:47.516000+00:00,34.732,29.784,29.998,285.0,297.0,False,94.514,"[None, 2048, 2048, 2048, 2048, 2048, 2048, 2048, 2048]","[2048, 2048, 2048, 2048, 2048, 2048, 2048]","[2048, 2048, 2048, 2048, 2048, 2048, 2048, 2048, 2048]",304.0
1142,7779,21,43,2023-03-19T18:13:51.016000+00:00,34.65,29.746,29.824,,299.0,False,94.22,"[None, 2048, 2048, 2049, 2049, 2049, 2049, 2049, 2049]","[2048, 2049, 2048, 2048, 2048, 2048, 2048]","[2048, 2049, 2048, 2048, 2048, 2049, 2048, 2048, 2048]",305.0
1142,7779,2,43,2023-03-19T18:13:52.328000+00:00,35.158,29.895,30.176,290.0,311.0,False,95.229,"[None, 2049, 2048, 2048, 2048, 2049, 2048, 2048, 2048]","[2048, 2048, 2048, 2049, 2048, 2048, 2048]","[2048, 2048, 2048, 2048, 2048, 2048, 2048, 2048]",307.0
1142,7779,4,43,2023-03-19T18:13:52.735000+00:00,35.213,29.94,30.075,283.0,316.0,False,95.228,"[None, 2048, 2048, 2048, 2048, 2048, 2048, 2048, 2048]","[2048, 2048, 2048, 2048, 2048, 2048, 2048]","[2048, 2048, 2048, 2048, 2048, 2048, 2048, 2048, 2048]",329.0
1142,7779,81,43,2023-03-19T18:13:53.094000+00:00,35.405,29.686,30.166,288.0,327.0,False,95.257,"[None, 2048, 2048, 2048, 2048, 2048, 2048, 2048, 2048]","[2049, 2048, 2049, 2048, 2049, 2049, 2048]","[2048, 2048, 2048, 2048, 2049, 2048, 2048, 2048, 2048]",323.0
1142,7779,11,44,2023-03-19T18:14:15.406000+00:00,33.81,29.112,29.345,291.0,306.0,False,92.267,"[None, 2048, 2048, 2048, 2048, 2048, 2048, 2048, 2048]","[2048, 2048, 2048, 2048, 2048, 2048, 2048]","[2048, 2048, 2048, 2048, 2048, 2048, 2048, 2049, 2048]",314.0
1142,7779,1,44,2023-03-19T18:14:19.765000+00:00,33.922,29.333,29.593,292.0,306.0,False,92.848,"[None, 2048, 2048, 2048, 2048, 2048, 2048, 2048, 2049]","[2048, 2048, 2048, 2048, 2048, 2048, 2048]","[2048, 2048, 2048, 2048, 2048, 2048, 2049, 2048, 2048]",312.0
1142,7779,77,43,2023-03-19T18:14:25.953000+00:00,35.137,30.003,30.148,279.0,292.0,False,95.288,"[None, 2048, 2048, 2048, 2048, 2048, 2048, 2048, 2048]","[2048, 2048, 2048, 2048, 2048, 2048, 2048]","[2048, 2048, 2048, 2048, 2048, 2048, 2048, 2048, 2048]",297.0
1142,7779,14,44,2023-03-19T18:14:36.734000+00:00,34.252,29.183,29.754,,298.0,False,93.189,"[None, 2048, 2048, 2048, 2048, 2048, 2049, 2048, 2048]","[2048, 2048, 2048, 2048, 2048, 2048, 2048]","[2048, 2048, 2048, 2048, 2048, 2048, 2048, 2048, 2048]",299.0
1142,7779,63,44,2023-03-19T18:14:41.499000+00:00,34.26,29.381,29.602,286.0,302.0,False,93.243,"[None, 2048, 2048, 2048, 2048, 2048, 2048, 2048, 2048]","[2048, 2048, 2048, 2048, 2048, 2048, 2048]","[2048, 2048, 2049, 2048, 2049, 2048, 2048, 2048, 2048]",301.0
1142,7779,44,44,2023-03-19T18:14:44.687000+00:00,34.196,29.277,29.626,287.0,302.0,False,93.099,"[None, 2048, 2048, 2048, 2048, 2048, 2048, 2048, 2048]","[2048, 2049, 2048, 2048, 2049, 2048, 2048]","[2048, 2049, 2049, 2048, 2048, 2048, 2048, 2048, 2048]",302.0
1142,7779,55,44,2023-03-19T18:14:49.405000+00:00,34.201,29.459,29.698,286.0,296.0,False,93.358,"[None, 2048, 2048, 2048, 2049, 2049, 2048, 2048, 2048]","[2048, 2049, 2048, 2048, 2049, 2048, 2048]","[2048, 2048, 2049, 2048, 2048, 2048, 2048, 2048, 2048]",302.0
1142,7779,16,44,2023-03-19T18:14:51.796000+00:00,34.086,29.571,29.665,289.0,301.0,False,93.322,"[None, 2048, 2049, 2048, 2049, 2048, 2048, 2048, 2049]","[2048, 2048, 2048, 2048, 2048, 2048, 2048]","[2048, 2048, 2048, 2048, 2048, 2048, 2048, 2048, 2048]",307.0
1142,7779,31,44,2023-03-19T18:15:01.937000+00:00,34.312,29.655,29.874,,294.0,False,93.841,"[None, 2048, 2048, 2048, 2048, 2049, 2049, 2048, 2048]","[2048, 2049, 2048, 2048, 2048, 2048, 2048]","[2048, 2048, 2048, 2048, 2048, 2048, 2048, 2048, 2048]",300.0
1142,7779,10,44,2023-03-19T18:15:04.249000+00:00,34.652,29.659,29.82,,294.0,False,94.131,"[None, 2048, 2048, 2048, 2048, 2048, 2048, 2048, 2048]","[2049, 2048, 2048, 2048, 2048, 2048, 2048]","[2048, 2048, 2048, 2048, 2048, 2048, 2048, 2048, 2048]",300.0
1142,7779,22,44,2023-03-19T18:15:11.280000+00:00,34.514,29.773,29.902,282.0,296.0,False,94.189,"[None, 2048, 2048, 2048, 2048, 2048, 2048, 2048, 2048]","[2048, 2049, 2048, 2048, 2049, 2048, 2048]","[2048, 2048, 2048, 2048, 2048, 2048, 2048, 2048, 2048]",306.0
1142,7779,20,44,2023-03-19T18:15:12.530000+00:00,34.389,29.287,29.698,,319.0,False,93.374,"[None, 2048, 2048, 2048, 2049, 2048, 2051, 2048, 2048]","[2048, 2049, 2049, 2048, 2048, 2049, 2048]","[2048, 2048, 2048, 2048, 2048, 2048, 2048, 2048, 2048]",326.0
1142,7779,27,44,2023-03-19T18:15:16.780000+00:00,34.616,29.635,29.917,286.0,301.0,False,94.168,"[None, 2048, 2048, 2048, 2048, 2048, 2048, 2048, 2049]","[2048, 2048, 2048, 2048, 2048, 2048, 2048]","[2048, 2049, 2048, 2048, 2048, 2048, 2048, 2048, 2048]",307.0
1142,7779,24,44,2023-03-19T18:15:21.999000+00:00,34.763,29.772,30.087,283.0,295.0,False,94.622,"[None, 2048, 2048, 2048, 2048, 2048, 2048, 2048, 2048]","[2048, 2048, 2048, 2049, 2049, 2048, 2048]","[2048, 2048, 2048, 2048, 2048, 2048, 2048, 2048, 2048]",301.0
1142,7779,21,44,2023-03-19T18:15:25.233000+00:00,34.556,29.667,29.813,287.0,301.0,False,94.036,"[None, 2048, 2048, 2048, 2049, 2048, 2048, 2049, 2049]","[2048, 2048, 2048, 2049, 2048, 2048, 2048]","[2048, 2049, 2048, 2048, 2048, 2048, 2048, 2048, 2048]",305.0
1142,7779,2,44,2023-03-19T18:15:27.561000+00:00,34.928,29.873,30.104,289.0,307.0,False,94.905,"[None, 2049, 2048, 2048, 2048, 2049, 2049, 2049, 2048]","[2048, 2048, 2048, 2049, 2048, 2048, 2048]","[2048, 2048, 2048, 2048, 2048, 2048, 2048, 2048, 2048]",308.0
1142,7779,4,44,2023-03-19T18:15:27.889000+00:00,35.243,30.024,30.252,282.0,311.0,False,95.519,"[None, 2048, 2048, 2048, 2048, 2048, 2048, 2048, 2048]","[2048, 2048, 2048, 2048, 2048, 2048, 2048]","[2048, 2048, 2048, 2048, 2048, 2048, 2048, 2049, 2051]",315.0
1142,7779,81,44,2023-03-19T18:15:28.342000+00:00,35.451,29.79,29.62,286.0,324.0,False,94.861,"[None, 2048, 2048, 2048, 2048, 2048, 2048, 2048, 2048]","[2048, 2048, 2048, 2048, 2048, 2048, 2048]","[2048, 2048, 2049, 2049, 2049, 2048, 2048, 2048, 2048]",330.0
1142,7779,11,45,2023-03-19T18:15:47.686000+00:00,33.903,29.16,29.356,289.0,305.0,False,92.419,"[None, 2048, 2048, 2048, 2048, 2048, 2048, 2048, 2048]","[2048, 2048, 2048, 2048, 2048, 2048, 2048]","[2048, 2048, 2048, 2048, 2048, 2048, 2048, 2049, 2048]",312.0
1142,7779,1,45,2023-03-19T18:15:52.623000+00:00,34.195,29.328,29.445,290.0,309.0,False,92.968,"[None, 2048, 2048, 2048, 2048, 2048, 2048, 2048, 2048]","[2048, 2048, 2048, 2048, 2048, 2048, 2048]","[2048, 2048, 2048, 2048, 2048, 2048, 2048, 2048, 2048]",315.0
1142,7779,77,44,2023-03-19T18:16:01.232000+00:00,34.932,29.918,30.154,,290.0,False,95.004,"[None, 2048, 2048, 2048, 2048, 2048, 2048, 2048, 2048]","[2048, 2048, 2048, 2049, 2048, 2048, 2048]","[2048, 2048, 2048, 2048, 2048, 2048, 2048, 2048, 2048]",298.0
1142,7779,14,45,2023-03-19T18:16:09.920000+00:00,34.293,29.216,29.566,287.0,295.0,False,93.075,"[None, 2049, 2049, 2048, 2048, 2048, 2049, 2048, 2049]","[2048, 2051, 2049, 2048, 2048, 2048, 2048]","[2048, 2048, 2048, 2048, 2048, 2048, 2048, 2049, 2048]",299.0
1142,7779,63,45,2023-03-19T18:16:14.701000+00:00,34.139,29.27,29.508,287.0,302.0,False,92.917,"[None, 2048, 2048, 2048, 2048, 2048, 2048, 2048, 2048]","[2049, 2048, 2048, 2048, 2049, 2048, 2048]","[2048, 2049, 2049, 2048, 2048, 2049, 2048, 2048, 2048]",303.0
1142,7779,44,45,2023-03-19T18:16:17.857000+00:00,34.154,29.26,29.64,288.0,301.0,False,93.054,"[None, 2048, 2048, 2048, 2048, 2048, 2049, 2048, 2049]","[2048, 2049, 2048, 2051, 2048, 2048, 2048]","[2049, 2048, 2048, 2048, 2048, 2048, 2048, 2048, 2048]",305.0
1142,7779,55,45,2023-03-19T18:16:22.779000+00:00,34.267,29.613,29.632,,294.0,False,93.512,"[None, 2048, 2048, 2048, 2048, 2048, 2048, 2048, 2049]","[2048, 2048, 2048, 2048, 2048, 2048, 2048]","[2048, 2048, 2048, 2048, 2048, 2048, 2049, 2049, 2048]",302.0
1142,7779,16,45,2023-03-19T18:16:25.123000+00:00,34.204,29.407,29.627,,302.0,False,93.238,"[None, 2048, 2049, 2048, 2048, 2048, 2048, 2048, 2048]","[2048, 2049, 2048, 2048, 2048, 2048, 2048]","[2048, 2048, 2049, 2048, 2048, 2048, 2048, 2048, 2048]",311.0
1142,7779,31,45,2023-03-19T18:16:35.810000+00:00,34.357,29.638,29.82,286.0,296.0,False,93.815,"[None, 2048, 2048, 2048, 2048, 2048, 2048, 2048, 2049]","[2048, 2049, 2048, 2048, 2048, 2048, 2048]","[2048, 2049, 2048, 2048, 2048, 2049, 2048, 2048, 2048]",300.0
1142,7779,10,45,2023-03-19T18:16:38.388000+00:00,34.515,29.636,29.669,,297.0,False,93.82,"[None, 2048, 2048, 2048, 2049, 2048, 2048, 2048, 2048]","[2048, 2049, 2048, 2048, 2048, 2048, 2048]","[2048, 2048, 2049, 2048, 2048, 2048, 2049, 2049, 2048]",300.0
1142,7779,22,45,2023-03-19T18:16:45.435000+00:00,34.674,29.754,30.171,284.0,297.0,False,94.599,"[None, 2048, 2048, 2048, 2048, 2048, 2049, 2049, 2049]","[2048, 2049, 2048, 2048, 2048, 2048, 2048]","[2048, 2048, 2048, 2048, 2048, 2048, 2049, 2051, 2049]",307.0
1142,7779,20,45,2023-03-19T18:16:45.888000+00:00,34.966,29.571,29.597,284.0,323.0,False,94.134,"[None, 2048, 2048, 2048, 2048, 2048, 2048, 2048, 2048]","[2048, 2048, 2048, 2048, 2048, 2048, 2049]","[2048, 2049, 2049, 2049, 2048, 2048, 2048, 2048, 2048]",336.0
1142,7779,27,45,2023-03-19T18:16:50.981000+00:00,35.204,29.635,29.983,,303.0,False,94.822,"[None, 2048, 2048, 2048, 2048, 2048, 2048, 2048, 2048]","[2048, 2048, 2048, 2048, 2048, 2048, 2048]","[2048, 2048, 2048, 2048, 2048, 2048, 2048, 2048, 2048]",308.0
1142,7779,24,45,2023-03-19T18:16:56.653000+00:00,34.749,29.846,29.946,,295.0,False,94.541,"[None, 2048, 2048, 2048, 2048, 2048, 2048, 2048, 2048]","[2048, 2048, 2048, 2048, 2048, 2048, 2048]","[2048, 2048, 2048, 2048, 2048, 2048, 2048, 2048, 2048]",301.0
1142,7779,21,45,2023-03-19T18:16:59.263000+00:00,34.689,29.687,29.75,285.0,300.0,False,94.126,"[None, 2048, 2049, 2048, 2048, 2049, 2048, 2048, 2048]","[2048, 2049, 2048, 2048, 2048, 2048, 2048]","[2048, 2049, 2048, 2048, 2048, 2049, 2048, 2048, 2048]",302.0
1142,7779,2,45,2023-03-19T18:17:02.481000+00:00,35.094,29.893,30.143,,307.0,False,95.13,"[None, 2048, 2048, 2048, 2048, 2049, 2048, 2049, 2048]","[2049, 2048, 2048, 2048, 2048, 2048, 2048]","[2048, 2048, 2048, 2048, 2048, 2048, 2048, 2048, 2048]",310.0
1142,7779,81,45,2023-03-19T18:17:03.106000+00:00,36.174,29.788,29.663,287.0,319.0,False,95.625,"[None, 2049, 2048, 2048, 2048, 2048, 2048, 2048, 2048]","[2048, 2048, 2048, 2048, 2048, 2048, 2048]","[2048, 2048, 2048, 2048, 2048, 2048, 2048, 2048, 2048]",322.0
1142,7779,4,45,2023-03-19T18:17:03.403000+00:00,35.037,29.846,29.988,,314.0,False,94.871,"[2049, 2048, 2048, 2048, 2048, 2048, 2048, 2048, 2048]","[2048, 2048, 2048, 2049, 2048, 2048, 2048]","[2048, 2048, 2048, 2048, 2048, 2048, 2048, 2048]",310.0
1142,7779,11,46,2023-03-19T18:17:20.090000+00:00,34.254,29.289,29.39,290.0,307.0,False,92.933,"[None, 2048, 2048, 2048, 2048, 2048, 2048, 2048, 2048]","[2048, 2048, 2048, 2048, 2048, 2048, 2048]","[2048, 2048, 2048, 2048, 2048, 2048, 2048, 2049, 2048]",314.0
1142,7779,1,46,2023-03-19T18:17:25.590000+00:00,34.3,29.362,29.486,291.0,307.0,False,93.148,"[None, 2048, 2048, 2048, 2048, 2048, 2048, 2048, 2048]","[2048, 2048, 2048, 2048, 2048, 2048, 2048]","[2048, 2048, 2048, 2048, 2048, 2048, 2049, 2049, 2048]",313.0
1142,7779,77,45,2023-03-19T18:17:36.231000+00:00,34.931,30.305,29.991,281.0,291.0,False,95.227,"[None, 2048, 2048, 2048, 2048, 2048, 2048, 2048, 2048]","[2048, 2048, 2048, 2048, 2048, 2048, 2048]","[2049, 2048, 2048, 2048, 2048, 2048, 2048, 2048, 2048]",297.0
1142,7779,14,46,2023-03-19T18:17:42.980000+00:00,34.213,29.201,29.565,,301.0,False,92.979,"[None, 2048, 2048, 2048, 2051, 2048, 2049, 2048, 2048]","[2048, 2048, 2049, 2048, 2048, 2048, 2048]","[2048, 2048, 2049, 2048, 2048, 2048, 2049, 2049, 2048]",300.0
1142,7779,63,46,2023-03-19T18:17:47.637000+00:00,34.188,29.299,29.495,,306.0,False,92.982,"[None, 2048, 2048, 2048, 2048, 2048, 2048, 2048, 2049]","[2048, 2048, 2048, 2049, 2048, 2048, 2048]","[2048, 2048, 2049, 2048, 2049, 2048, 2048, 2048, 2048]",303.0
1142,7779,44,46,2023-03-19T18:17:50.824000+00:00,34.257,29.363,29.696,286.0,302.0,False,93.316,"[None, 2048, 2048, 2048, 2048, 2048, 2049, 2048, 2048]","[2048, 2048, 2048, 2048, 2048, 2048, 2048]","[2048, 2048, 2048, 2048, 2048, 2048, 2048, 2048]",300.0
1142,7779,55,46,2023-03-19T18:17:56.277000+00:00,34.067,29.48,29.602,287.0,297.0,False,93.149,"[None, 2048, 2048, 2048, 2048, 2048, 2049, 2049, 2049]","[2048, 2049, 2048, 2048, 2048, 2048, 2048]","[2048, 2048, 2049, 2048, 2048, 2048, 2048, 2048, 2048]",303.0
1142,7779,16,46,2023-03-19T18:17:58.371000+00:00,34.307,29.518,29.594,,302.0,False,93.419,"[None, 2048, 2048, 2048, 2048, 2048, 2048, 2049, 2049]","[2048, 2048, 2048, 2048, 2048, 2048, 2048]","[2048, 2048, 2049, 2048, 2048, 2048, 2048, 2048, 2048]",308.0
1142,7779,31,46,2023-03-19T18:18:09.605000+00:00,34.47,29.723,29.783,283.0,296.0,False,93.976,"[None, 2048, 2049, 2048, 2048, 2048, 2048, 2048, 2048]","[2048, 2048, 2048, 2048, 2048, 2048, 2048]","[2048, 2048, 2048, 2048, 2048, 2048, 2048, 2048, 2048]",300.0
1142,7779,10,46,2023-03-19T18:18:12.214000+00:00,34.7,29.69,29.678,281.0,297.0,False,94.068,"[None, 2048, 2048, 2048, 2048, 2048, 2048, 2048, 2048]","[2048, 2049, 2048, 2048, 2048, 2048, 2048]","[2048, 2048, 2048, 2048, 2048, 2049, 2048, 2048, 2048]",300.0
1142,7779,22,46,2023-03-19T18:18:20.183000+00:00,36.789,30.256,29.957,282.0,299.0,False,97.002,"[2049, 2048, 2048, 2048, 2048, 2048, 2048, 2048, 2048]","[2048, 2048, 2048, 2048, 2048, 2048, 2048]","[2048, 2048, 2048, 2048, 2048, 2048, 2048, 2048, 2048]",307.0
1142,7779,20,46,2023-03-19T18:18:20.183000+00:00,35.812,29.658,29.859,285.0,299.0,False,95.329,"[None, 2048, 2048, 2048, 2048, 2048, 2048, 2049, 2049]","[2048, 2048, 2048, 2048, 2049, 2048, 2048]","[2048, 2048, 2048, 2048, 2048, 2048, 2048, 2048, 2048]",302.0
1142,7779,27,46,2023-03-19T18:18:25.761000+00:00,34.924,29.614,29.943,287.0,303.0,False,94.481,"[None, 2048, 2048, 2048, 2048, 2048, 2048, 2048, 2048]","[2048, 2048, 2049, 2048, 2048, 2048, 2048]","[2048, 2048, 2048, 2048, 2048, 2048, 2048, 2048, 2048]",309.0
1142,7779,24,46,2023-03-19T18:18:31.183000+00:00,34.688,29.765,30.085,282.0,296.0,False,94.538,"[None, 2048, 2048, 2048, 2048, 2048, 2048, 2048, 2048]","[2048, 2048, 2048, 2049, 2048, 2048, 2048]","[2048, 2048, 2048, 2048, 2048, 2048, 2048, 2048, 2048]",301.0
1142,7779,21,46,2023-03-19T18:18:33.401000+00:00,34.568,29.683,29.884,286.0,302.0,False,94.135,"[None, 2048, 2049, 2048, 2048, 2049, 2048, 2048, 2048]","[2048, 2048, 2048, 2048, 2048, 2048, 2048]","[2048, 2048, 2048, 2048, 2048, 2048, 2048, 2048, 2048]",305.0
1142,7779,2,46,2023-03-19T18:18:37.589000+00:00,34.835,29.692,30.042,,311.0,False,94.569,"[None, 2048, 2048, 2048, 2048, 2049, 2048, 2049, 2048]","[2048, 2049, 2048, 2049, 2048, 2048, 2048]","[2049, 2048, 2048, 2048, 2048, 2048, 2048, 2048]",307.0
1142,7779,4,46,2023-03-19T18:18:38.229000+00:00,34.728,29.781,30.023,,314.0,False,94.532,"[2048, 2048, 2048, 2048, 2048, 2048, 2048, 2048, 2048]","[2048, 2048, 2048, 2049, 2049, 2048, 2048]","[2048, 2048, 2048, 2048, 2048, 2048, 2048, 2048, 2048]",311.0
1142,7779,81,46,2023-03-19T18:18:38.839000+00:00,35.037,29.757,29.673,,318.0,False,94.467,"[None, 2048, 2048, 2048, 2048, 2048, 2048, 2048, 2048]","[2048, 2048, 2048, 2048, 2048, 2048, 2048]","[2048, 2048, 2048, 2048, 2049, 2048, 2048, 2048, 2048]",325.0
1142,7779,11,47,2023-03-19T18:18:53.042000+00:00,34.214,29.228,29.453,,309.0,False,92.895,"[None, 2048, 2048, 2048, 2048, 2048, 2048, 2048, 2048]","[2048, 2048, 2048, 2048, 2048, 2048, 2048]","[2048, 2048, 2048, 2048, 2048, 2048, 2048, 2048, 2048]",316.0
1142,7779,1,47,2023-03-19T18:18:58.776000+00:00,34.414,29.397,29.427,290.0,309.0,False,93.238,"[None, 2048, 2048, 2048, 2048, 2048, 2048, 2048, 2048]","[2048, 2048, 2048, 2048, 2048, 2048, 2048]","[2048, 2048, 2048, 2048, 2048, 2048, 2048, 2048, 2048]",314.0
1142,7779,77,46,2023-03-19T18:19:11.479000+00:00,35.124,30.066,30.093,278.0,291.0,False,95.283,"[None, 2048, 2048, 2048, 2048, 2048, 2048, 2048, 2048]","[2048, 2048, 2048, 2048, 2048, 2048, 2048]","[2048, 2048, 2048, 2048, 2048, 2048, 2048, 2048, 2048]",298.0
1142,7779,14,47,2023-03-19T18:19:15.979000+00:00,34.113,29.21,29.564,288.0,298.0,False,92.887,"[None, 2048, 2048, 2048, 2049, 2048, 2048, 2048, 2049]","[2048, 2048, 2048, 2048, 2048, 2048, 2048]","[2048, 2049, 2049, 2048, 2048, 2048, 2048, 2048, 2048]",300.0
1142,7779,63,47,2023-03-19T18:19:20.619000+00:00,34.167,29.235,29.499,286.0,301.0,False,92.901,"[None, 2048, 2049, 2048, 2048, 2048, 2049, 2049, 2048]","[2048, 2049, 2049, 2048, 2048, 2048, 2048]","[2048, 2049, 2048, 2048, 2049, 2048, 2048, 2048, 2048]",306.0
1142,7779,44,47,2023-03-19T18:19:24.166000+00:00,34.026,29.225,29.69,288.0,306.0,False,92.941,"[None, 2048, 2048, 2048, 2051, 2048, 2049, 2049, 2048]","[2048, 2048, 2048, 2048, 2048, 2048, 2048]","[2049, 2048, 2048, 2048, 2048, 2048, 2048, 2048, 2048]",303.0
1142,7779,55,47,2023-03-19T18:19:29.447000+00:00,34.152,29.386,29.59,286.0,296.0,False,93.128,"[None, 2048, 2048, 2048, 2049, 2048, 2048, 2048, 2048]","[2048, 2049, 2049, 2049, 2048, 2048, 2048]","[2048, 2048, 2048, 2048, 2048, 2048, 2048, 2048, 2048]",305.0
1142,7779,16,47,2023-03-19T18:19:31.760000+00:00,34.048,29.457,29.551,,302.0,False,93.056,"[None, 2048, 2048, 2048, 2049, 2048, 2048, 2048, 2048]","[2048, 2048, 2049, 2048, 2048, 2048, 2048]","[2048, 2048, 2048, 2048, 2049, 2048, 2048, 2048, 2048]",310.0
1142,7779,31,47,2023-03-19T18:19:43.556000+00:00,34.429,29.741,29.828,282.0,295.0,False,93.998,"[None, 2048, 2048, 2048, 2048, 2048, 2048, 2048, 2048]","[2048, 2048, 2048, 2048, 2048, 2048, 2048]","[2048, 2048, 2048, 2048, 2048, 2049, 2048, 2048, 2048]",301.0
1142,7779,10,47,2023-03-19T18:19:46.306000+00:00,34.507,29.595,29.708,,297.0,False,93.81,"[None, 2048, 2049, 2048, 2048, 2048, 2048, 2048, 2048]","[2048, 2048, 2048, 2048, 2048, 2048, 2048]","[2048, 2048, 2049, 2048, 2048, 2049, 2048, 2048, 2048]",300.0
1142,7779,20,47,2023-03-19T18:19:55.275000+00:00,34.389,29.581,29.863,284.0,296.0,False,93.833,"[None, 2048, 2048, 2048, 2048, 2049, 2048, 2049, 2049]","[2048, 2049, 2048, 2048, 2048, 2048, 2048]","[2048, 2049, 2048, 2048, 2048, 2048, 2048, 2048, 2048]",301.0
1142,7779,22,47,2023-03-19T18:19:56.994000+00:00,34.624,29.796,29.862,285.0,299.0,False,94.282,"[2048, 2048, 2048, 2048, 2048, 2048, 2048, 2048, 2048]","[2048, 2048, 2049, 2048, 2048, 2048, 2048]","[2048, 2048, 2048, 2048, 2049, 2048, 2048, 2048, 2048]",311.0
1142,7779,27,47,2023-03-19T18:20:00.275000+00:00,34.829,29.69,29.907,288.0,302.0,False,94.426,"[None, 2048, 2048, 2048, 2048, 2048, 2048, 2048, 2049]","[2048, 2048, 2048, 2048, 2048, 2048, 2048]","[2048, 2048, 2048, 2048, 2048, 2048, 2048, 2049, 2048]",307.0
1142,7779,24,47,2023-03-19T18:20:05.728000+00:00,34.556,29.679,29.945,284.0,295.0,False,94.18,"[None, 2048, 2048, 2048, 2048, 2048, 2048, 2049, 2048]","[2048, 2049, 2048, 2049, 2048, 2048, 2048]","[2048, 2049, 2048, 2048, 2048, 2048, 2048, 2048, 2048]",302.0
1142,7779,21,47,2023-03-19T18:20:07.556000+00:00,34.668,29.656,29.859,287.0,299.0,False,94.183,"[None, 2048, 2048, 2048, 2049, 2048, 2048, 2048, 2049]","[2048, 2048, 2048, 2048, 2049, 2048, 2048]","[2048, 2048, 2048, 2048, 2048, 2048, 2048, 2048, 2048]",305.0
1142,7779,2,47,2023-03-19T18:20:12.134000+00:00,35.019,29.88,29.997,288.0,312.0,False,94.896,"[None, 2048, 2048, 2048, 2049, 2048, 2049, 2048, 2048]","[2048, 2048, 2048, 2048, 2048, 2048, 2048]","[2048, 2048, 2048, 2048, 2048, 2048, 2048, 2048, 2048]",309.0
1142,7779,4,47,2023-03-19T18:20:12.790000+00:00,34.868,29.814,30.136,281.0,320.0,False,94.818,"[None, 2048, 2048, 2048, 2048, 2048, 2048, 2048, 2048]","[2048, 2048, 2048, 2048, 2048, 2048, 2048]","[2048, 2048, 2048, 2048, 2048, 2048, 2048, 2048, 2048]",318.0
1142,7779,81,47,2023-03-19T18:20:13.290000+00:00,35.003,29.835,29.671,286.0,321.0,False,94.509,"[None, 2049, 2048, 2048, 2048, 2048, 2048, 2048, 2049]","[2048, 2048, 2048, 2048, 2048, 2048, 2048]","[2048, 2048, 2048, 2048, 2048, 2048, 2048, 2048, 2051]",327.0
1142,7779,11,48,2023-03-19T18:20:25.946000+00:00,34.145,29.386,29.544,,306.0,False,93.075,"[None, 2048, 2048, 2048, 2048, 2048, 2048, 2048, 2048]","[2048, 2048, 2048, 2048, 2048, 2048, 2048]","[2048, 2048, 2048, 2048, 2048, 2048, 2048, 2048, 2048]",313.0
1142,7779,1,48,2023-03-19T18:20:32.274000+00:00,34.375,29.582,29.65,,306.0,False,93.607,"[None, 2048, 2048, 2048, 2048, 2048, 2048, 2048, 2048]","[2048, 2048, 2048, 2048, 2048, 2048, 2048]","[2048, 2048, 2048, 2048, 2048, 2048, 2048, 2048, 2048]",315.0
1142,7779,77,47,2023-03-19T18:20:46.743000+00:00,34.841,31.63,30.223,279.0,283.0,False,96.694,"[None, 2048, 2049, 2048, 2048, 2048, 2048, 2048, 2048]","[2048, 2048, 2048, 2048, 2048, 2048, 2048]","[2048, 2048, 2048, 2048, 2048, 2048, 2048, 2048]",304.0
1142,7779,14,48,2023-03-19T18:20:48.868000+00:00,34.118,29.146,29.538,289.0,313.0,False,92.802,"[None, 2048, 2048, 2048, 2048, 2048, 2049, 2049, 2049]","[2048, 2048, 2048, 2048, 2048, 2048, 2048]","[2048, 2048, 2048, 2048, 2048, 2048, 2048, 2048]",298.0
1142,7779,63,48,2023-03-19T18:20:53.571000+00:00,33.841,29.174,29.741,287.0,299.0,False,92.756,"[None, 2048, 2048, 2048, 2048, 2048, 2049, 2049, 2049]","[2048, 2049, 2048, 2049, 2051, 2049, 2048]","[2048, 2048, 2049, 2048, 2048, 2048, 2048, 2048, 2048]",299.0
1142,7779,44,48,2023-03-19T18:20:57.086000+00:00,34.147,29.442,29.778,286.0,303.0,False,93.367,"[None, 2048, 2048, 2048, 2048, 2048, 2048, 2048, 2048]","[2048, 2048, 2048, 2048, 2049, 2048, 2048]","[2048, 2048, 2048, 2048, 2048, 2048, 2048, 2048, 2048]",300.0
1142,7779,55,48,2023-03-19T18:21:02.539000+00:00,34.005,29.301,29.614,284.0,297.0,False,92.92,"[None, 2048, 2048, 2048, 2048, 2048, 2049, 2049, 2048]","[2048, 2049, 2048, 2049, 2049, 2048, 2048]","[2048, 2049, 2049, 2048, 2048, 2048, 2048, 2048, 2048]",303.0
1142,7779,16,48,2023-03-19T18:21:04.821000+00:00,34.298,29.78,30.041,287.0,302.0,False,94.119,"[None, 2048, 2048, 2048, 2048, 2048, 2048, 2048, 2048]","[2048, 2048, 2048, 2048, 2048, 2048, 2048]","[2048, 2048, 2048, 2048, 2048, 2048, 2048, 2048, 2048]",308.0
1142,7779,31,48,2023-03-19T18:21:17.680000+00:00,34.277,29.678,29.768,283.0,297.0,False,93.723,"[None, 2048, 2048, 2049, 2049, 2049, 2048, 2048, 2048]","[2048, 2049, 2049, 2048, 2048, 2048, 2048]","[2048, 2048, 2048, 2048, 2048, 2049, 2048, 2048, 2048]",301.0
1142,7779,10,48,2023-03-19T18:21:20.086000+00:00,34.412,29.528,29.684,282.0,297.0,False,93.624,"[None, 2048, 2048, 2048, 2049, 2048, 2049, 2048, 2049]","[2048, 2049, 2048, 2048, 2049, 2048, 2048]","[2048, 2049, 2049, 2048, 2048, 2048, 2048, 2048, 2048]",300.0
1142,7779,20,48,2023-03-19T18:21:29.195000+00:00,34.312,29.66,29.857,282.0,298.0,False,93.829,"[None, 2048, 2048, 2048, 2048, 2048, 2048, 2049, 2048]","[2048, 2048, 2048, 2048, 2048, 2048, 2048]","[2048, 2048, 2048, 2048, 2048, 2048, 2048, 2048, 2048]",302.0
1142,7779,22,48,2023-03-19T18:21:31.320000+00:00,34.541,29.711,29.873,284.0,300.0,False,94.125,"[None, 2048, 2048, 2048, 2049, 2048, 2048, 2048, 2048]","[2048, 2048, 2049, 2048, 2048, 2048, 2048]","[2048, 2048, 2048, 2048, 2048, 2048, 2048, 2048, 2048]",303.0
1142,7779,27,48,2023-03-19T18:21:34.695000+00:00,34.656,29.576,29.794,286.0,302.0,False,94.026,"[None, 2048, 2048, 2048, 2048, 2048, 2048, 2048, 2048]","[2048, 2048, 2048, 2048, 2049, 2048, 2048]","[2048, 2049, 2049, 2048, 2048, 2048, 2048, 2048, 2048]",308.0
1142,7779,24,48,2023-03-19T18:21:39.976000+00:00,34.551,29.714,29.873,285.0,297.0,False,94.138,"[None, 2048, 2048, 2048, 2048, 2049, 2048, 2048, 2049]","[2049, 2048, 2049, 2048, 2048, 2048, 2048]","[2048, 2048, 2048, 2048, 2048, 2048, 2048, 2048, 2048]",305.0
1142,7779,21,48,2023-03-19T18:21:41.695000+00:00,34.627,29.688,29.884,284.0,297.0,False,94.199,"[None, 2048, 2048, 2048, 2048, 2049, 2049, 2048, 2048]","[2048, 2049, 2048, 2048, 2048, 2048, 2048]","[2048, 2048, 2048, 2048, 2048, 2048, 2048, 2048, 2048]",304.0
1142,7779,2,48,2023-03-19T18:21:47.039000+00:00,34.942,29.695,29.947,,309.0,False,94.584,"[None, 2048, 2048, 2048, 2048, 2048, 2049, 2049, 2048]","[2049, 2048, 2049, 2048, 2048, 2048, 2048]","[2048, 2049, 2048, 2048, 2048, 2048, 2048, 2048, 2048]",308.0
1142,7779,4,48,2023-03-19T18:21:47.617000+00:00,35.632,29.909,29.837,287.0,321.0,False,95.378,"[None, 2048, 2048, 2048, 2048, 2048, 2048, 2048, 2048]","[2048, 2048, 2048, 2048, 2048, 2048, 2048]","[2048, 2048, 2048, 2048, 2048, 2048, 2048, 2048, 2048]",316.0
1142,7779,81,48,2023-03-19T18:21:47.804000+00:00,34.907,29.686,29.694,,316.0,False,94.287,"[2049, 2049, 2048, 2048, 2048, 2048, 2048, 2048, 2048]","[2048, 2048, 2048, 2048, 2049, 2048, 2048]","[2048, 2049, 2048, 2048, 2048, 2048, 2048, 2048, 2048]",317.0
1142,7779,11,49,2023-03-19T18:21:58.991000+00:00,34.169,29.538,29.599,,310.0,False,93.306,"[None, 2048, 2048, 2048, 2048, 2048, 2048, 2048, 2048]","[2048, 2048, 2048, 2048, 2048, 2048, 2048]","[2048, 2048, 2048, 2048, 2048, 2048, 2048, 2048, 2048]",318.0
1142,7779,1,49,2023-03-19T18:22:05.570000+00:00,34.363,29.448,30.024,291.0,305.0,False,93.835,"[None, 2048, 2048, 2048, 2048, 2048, 2048, 2048, 2048]","[2048, 2048, 2048, 2048, 2048, 2048, 2048]","[2048, 2048, 2048, 2048, 2048, 2048, 2048, 2048, 2048]",299.0
1142,7779,14,49,2023-03-19T18:22:21.679000+00:00,34.046,29.224,29.545,287.0,308.0,False,92.815,"[None, 2048, 2049, 2048, 2048, 2048, 2048, 2051, 2049]","[2048, 2051, 2048, 2048, 2048, 2048, 2048]","[2048, 2049, 2048, 2048, 2048, 2048, 2048, 2048, 2048]",299.0
1142,7779,77,48,2023-03-19T18:22:23.460000+00:00,35.366,29.877,31.364,282.0,295.0,False,96.607,"[None, 2048, 2048, 2048, 2048, 2048, 2048, 2048, 2048]","[2048, 2048, 2048, 2048, 2048, 2048, 2048]","[2049, 2048, 2048, 2048, 2048, 2048, 2048, 2048]",301.0
1142,7779,63,49,2023-03-19T18:22:26.272000+00:00,34.245,29.248,29.642,288.0,309.0,False,93.135,"[None, 2048, 2048, 2048, 2049, 2048, 2048, 2048, 2048]","[2049, 2048, 2048, 2048, 2048, 2048, 2048]","[2048, 2048, 2048, 2049, 2048, 2048, 2048, 2048, 2048]",305.0
1142,7779,44,49,2023-03-19T18:22:30.475000+00:00,34.37,29.437,29.73,285.0,306.0,False,93.537,"[None, 2048, 2048, 2048, 2048, 2048, 2048, 2048, 2048]","[2048, 2048, 2048, 2048, 2048, 2048, 2048]","[2048, 2048, 2048, 2048, 2048, 2048, 2048, 2048, 2048]",302.0
1142,7779,55,49,2023-03-19T18:22:35.475000+00:00,34.465,29.499,29.6,287.0,299.0,False,93.564,"[None, 2048, 2048, 2048, 2049, 2048, 2048, 2048, 2048]","[2048, 2048, 2049, 2048, 2048, 2048, 2048]","[2048, 2048, 2048, 2048, 2048, 2048, 2048, 2048, 2048]",307.0
1142,7779,16,49,2023-03-19T18:22:39.006000+00:00,34.45,29.716,29.776,,301.0,False,93.942,"[None, 2048, 2048, 2048, 2048, 2048, 2048, 2048, 2048]","[2048, 2048, 2048, 2048, 2048, 2048, 2048]","[2048, 2048, 2048, 2048, 2048, 2048, 2048, 2048, 2048]",310.0
1142,7779,31,49,2023-03-19T18:22:51.303000+00:00,34.178,29.49,29.554,,296.0,False,93.222,"[None, 2048, 2048, 2048, 2049, 2049, 2048, 2049, 2048]","[2048, 2049, 2049, 2049, 2049, 2048, 2048]","[2048, 2049, 2048, 2048, 2048, 2048, 2048, 2048, 2048]",311.0
1142,7779,10,49,2023-03-19T18:22:53.709000+00:00,34.487,29.493,29.634,281.0,297.0,False,93.614,"[None, 2048, 2048, 2048, 2048, 2048, 2048, 2049, 2048]","[2048, 2049, 2049, 2049, 2048, 2048, 2048]","[2048, 2048, 2049, 2048, 2048, 2048, 2048, 2048, 2048]",299.0
1142,7779,20,49,2023-03-19T18:23:03.068000+00:00,34.26,29.484,30.002,284.0,298.0,False,93.746,"[None, 2048, 2048, 2048, 2049, 2048, 2048, 2048, 2048]","[2048, 2049, 2048, 2049, 2048, 2048, 2048]","[2048, 2048, 2048, 2048, 2048, 2048, 2048, 2048, 2048]",303.0
1142,7779,22,49,2023-03-19T18:23:05.459000+00:00,34.572,29.706,29.839,285.0,298.0,False,94.117,"[None, 2048, 2048, 2048, 2049, 2048, 2048, 2048, 2048]","[2048, 2048, 2049, 2048, 2048, 2048, 2048]","[2048, 2049, 2049, 2048, 2048, 2048, 2048, 2048, 2048]",304.0
1142,7779,27,49,2023-03-19T18:23:08.740000+00:00,34.666,29.577,29.863,,302.0,False,94.106,"[None, 2048, 2048, 2048, 2048, 2048, 2048, 2049, 2048]","[2049, 2048, 2048, 2048, 2048, 2048, 2048]","[2048, 2048, 2048, 2048, 2048, 2048, 2048, 2048, 2048]",308.0
1142,7779,24,49,2023-03-19T18:23:14.037000+00:00,34.426,29.505,29.963,,299.0,False,93.894,"[None, 2048, 2048, 2048, 2048, 2048, 2049, 2048, 2048]","[2048, 2049, 2049, 2049, 2049, 2048, 2048]","[2048, 2048, 2048, 2048, 2048, 2048, 2048, 2048, 2048]",306.0
1142,7779,21,49,2023-03-19T18:23:15.943000+00:00,34.354,29.506,29.749,286.0,300.0,False,93.609,"[None, 2048, 2048, 2048, 2049, 2049, 2049, 2048, 2048]","[2048, 2049, 2048, 2048, 2049, 2048, 2048]","[2048, 2048, 2048, 2048, 2048, 2048, 2049, 2048, 2048]",305.0
1142,7779,2,49,2023-03-19T18:23:21.662000+00:00,34.76,29.761,29.948,,312.0,False,94.469,"[None, 2048, 2048, 2048, 2048, 2049, 2048, 2049, 2048]","[2048, 2048, 2048, 2048, 2048, 2048, 2048]","[2049, 2049, 2048, 2048, 2048, 2048, 2048, 2048, 2048]",311.0
1142,7779,81,49,2023-03-19T18:23:22.006000+00:00,34.952,29.607,29.732,287.0,318.0,False,94.291,"[2048, 2048, 2048, 2048, 2048, 2048, 2048, 2049, 2048]","[2048, 2048, 2049, 2048, 2049, 2048, 2048]","[2048, 2048, 2048, 2048, 2048, 2048, 2049, 2049, 2048]",321.0
1142,7779,4,49,2023-03-19T18:23:23.021000+00:00,34.58,29.678,29.864,,322.0,False,94.122,"[None, 2048, 2048, 2048, 2048, 2048, 2049, 2048, 2048]","[2049, 2048, 2048, 2048, 2049, 2049, 2048]","[2048, 2048, 2048, 2048, 2048, 2048, 2048, 2048, 2048]",317.0
1142,7779,11,50,2023-03-19T18:23:32.318000+00:00,34.337,29.466,29.888,,306.0,False,93.691,"[None, 2048, 2048, 2048, 2048, 2048, 2048, 2048, 2048]","[2048, 2048, 2048, 2048, 2048, 2048, 2048]","[2048, 2048, 2048, 2048, 2048, 2048, 2048, 2048]",314.0
1142,7779,1,50,2023-03-19T18:23:39.412000+00:00,33.543,29.045,29.318,292.0,310.0,False,91.906,"[None, 2048, 2048, 2048, 2051, 2051, 2051, 2049, 2049]","[2049, 2048, 2051, 2048, 2048, 2048, 2048]","[2048, 2048, 2048, 2048, 2048, 2048, 2048, 2048]",316.0
1142,7779,14,50,2023-03-19T18:23:54.489000+00:00,33.731,29.096,29.413,284.0,297.0,False,92.24,"[None, 2049, 2048, 2048, 2048, 2049, 2049, 2048, 2048]","[2048, 2051, 2048, 2049, 2049, 2048, 2048]","[2048, 2048, 2048, 2048, 2049, 2048, 2048, 2048]",311.0
1142,7779,63,50,2023-03-19T18:23:59.380000+00:00,33.785,29.221,29.427,286.0,296.0,False,92.433,"[None, 2048, 2048, 2048, 2048, 2049, 2049, 2051, 2049]","[2048, 2049, 2049, 2048, 2048, 2048, 2048]","[2048, 2049, 2048, 2048, 2049, 2048, 2049, 2049, 2048]",311.0
1142,7779,77,49,2023-03-19T18:24:00.052000+00:00,35.029,30.147,30.325,284.0,297.0,False,95.501,"[2049, 2048, 2048, 2048, 2048, 2048, 2048, 2048, 2049]","[2049, 2048, 2048, 2048, 2048, 2048, 2048]","[2048, 2048, 2048, 2048, 2048, 2048, 2048, 2048, 2048]",303.0
1142,7779,44,50,2023-03-19T18:24:04.020000+00:00,34.212,29.21,29.602,288.0,306.0,False,93.024,"[None, 2048, 2048, 2048, 2048, 2048, 2048, 2048, 2048]","[2049, 2048, 2049, 2048, 2049, 2048, 2048]","[2048, 2048, 2049, 2048, 2048, 2048, 2048, 2048, 2048]",305.0
1142,7779,55,50,2023-03-19T18:24:09.083000+00:00,33.929,29.367,29.526,289.0,302.0,False,92.822,"[None, 2048, 2048, 2049, 2049, 2048, 2048, 2048, 2048]","[2049, 2048, 2049, 2048, 2048, 2048, 2048]","[2048, 2048, 2048, 2048, 2048, 2048, 2048, 2049, 2048]",310.0
1142,7779,16,50,2023-03-19T18:24:12.895000+00:00,35.322,30.056,30.889,286.0,282.0,False,96.267,"[None, 2048, 2048, 2048, 2048, 2048, 2048, 2048, 2048]","[2048, 2048, 2048, 2048, 2048, 2048, 2048]","[2048, 2048, 2048, 2048, 2048, 2048, 2048, 2048, 2048]",297.0
1142,7779,31,50,2023-03-19T18:24:24.520000+00:00,34.565,29.852,29.895,282.0,296.0,False,94.312,"[None, 2048, 2048, 2048, 2048, 2048, 2048, 2048, 2048]","[2048, 2048, 2048, 2048, 2048, 2048, 2048]","[2048, 2048, 2048, 2048, 2048, 2048, 2048, 2048, 2048]",304.0
1142,7779,10,50,2023-03-19T18:24:27.333000+00:00,34.284,29.499,29.609,282.0,297.0,False,93.392,"[None, 2048, 2048, 2049, 2049, 2049, 2048, 2048, 2048]","[2049, 2048, 2049, 2048, 2048, 2048, 2048]","[2048, 2048, 2048, 2048, 2048, 2048, 2048, 2048, 2048]",301.0
1142,7779,20,50,2023-03-19T18:24:36.770000+00:00,34.471,29.664,29.908,,300.0,False,94.043,"[None, 2048, 2048, 2048, 2048, 2048, 2048, 2048, 2048]","[2048, 2048, 2048, 2048, 2048, 2048, 2048]","[2048, 2048, 2048, 2048, 2048, 2048, 2048, 2048, 2048]",313.0
1142,7779,22,50,2023-03-19T18:24:39.535000+00:00,34.408,29.737,29.786,,300.0,False,93.931,"[None, 2048, 2048, 2048, 2049, 2048, 2048, 2048, 2048]","[2048, 2048, 2049, 2048, 2048, 2048, 2048]","[2048, 2048, 2049, 2048, 2048, 2048, 2048, 2048, 2048]",306.0
1142,7779,27,50,2023-03-19T18:24:42.817000+00:00,34.597,29.415,29.768,,312.0,False,93.78,"[None, 2048, 2048, 2048, 2049, 2048, 2048, 2048, 2048]","[2049, 2048, 2049, 2048, 2048, 2048, 2048]","[2048, 2048, 2048, 2048, 2048, 2048, 2048, 2048, 2048]",317.0
1142,7779,24,50,2023-03-19T18:24:47.926000+00:00,34.322,29.732,30.051,,297.0,False,94.105,"[None, 2048, 2048, 2049, 2049, 2049, 2049, 2049, 2049]","[2048, 2048, 2048, 2048, 2048, 2048, 2048]","[2048, 2048, 2048, 2048, 2048, 2048, 2048, 2048, 2048]",304.0
1142,7779,21,50,2023-03-19T18:24:49.535000+00:00,34.467,29.59,29.868,285.0,300.0,False,93.925,"[None, 2048, 2048, 2048, 2048, 2048, 2048, 2048, 2048]","[2048, 2048, 2049, 2048, 2048, 2048, 2048]","[2048, 2048, 2048, 2048, 2048, 2048, 2049, 2048, 2048]",306.0
1142,7779,2,50,2023-03-19T18:24:56.113000+00:00,36.176,29.877,30.122,287.0,311.0,False,96.175,"[None, 2048, 2048, 2048, 2048, 2048, 2048, 2048, 2048]","[2048, 2048, 2048, 2048, 2048, 2048, 2048]","[2048, 2048, 2048, 2048, 2048, 2048, 2048, 2048, 2048]",309.0
1142,7779,81,50,2023-03-19T18:24:56.410000+00:00,34.664,29.716,30.238,281.0,298.0,False,94.618,"[None, 2049, 2048, 2048, 2048, 2048, 2048, 2049, 2049]","[2048, 2048, 2048, 2049, 2048, 2048, 2048]","[2048, 2048, 2048, 2048, 2048, 2048, 2048, 2048, 2048]",296.0
1142,7779,4,50,2023-03-19T18:24:57.191000+00:00,35.462,30.019,29.826,,324.0,False,95.307,"[None, 2048, 2048, 2048, 2048, 2048, 2048, 2048, 2048]","[2048, 2048, 2049, 2048, 2048, 2048, 2048]","[2048, 2048, 2049, 2048, 2049, 2048, 2048, 2048, 2048]",330.0
1142,7779,11,51,2023-03-19T18:25:05.910000+00:00,,,,,,False,,"[None, 2048, 2048, 2048, 2048, 2048, 2048, 2048, 2048]","[2048, 2048, 2048, 2048, 2048, 2048, 2048]",[2048],
