meeting_key,session_key,driver_number,lap_number,date_start,duration_sector_1,duration_sector_2,duration_sector_3,i1_speed,i2_speed,is_pit_out_lap,lap_duration,segments_sector_1,segments_sector_2,segments_sector_3,st_speed
1225,9189,16,1,2023-11-19T06:04:05.009000+00:00,34.915,34.387,38.54,167.0,206.0,False,107.842,"[2048, 2049, 2049, 2051, 2049, 2049]","[2049, 2049, 2049, 2049, 2049, 2049, 2049]","[2049, 2049, 2049, 2049, 2049, 2049, 2051, 2049]",290.0
1225,9189,1,1,2023-11-19T06:04:05.009000+00:00,34.284,33.497,38.249,176.0,204.0,False,106.03,"[2048, 2049, 2051, 2049, 2051, 2051]","[2051, 2051, 2051, 2051, 2049, 2051, 2051]","[2049, 2049, 2049, 2049, 2049, 2049, 2049, 2051]",278.0
1225,9189,3,1,2023-11-19T06:04:05.009000+00:00,41.978,36.848,58.328,162.0,203.0,False,137.154,"[2049, 2049, 2049, 2049, 2049, 2049]","[2049, 2049, 2049, 2049, 2049, 2049, 2049]","[2049, 2049, 2049, 2049, 2049, 2049, 2049, 2049]",255.0
1225,9189,27,1,2023-11-19T06:04:05.009000+00:00,40.043,36.12,46.695,163.0,205.0,False,122.858,"[2049, 2049, 2049, 2049, 2049, 2049]","[2049, 2049, 2049, 2049, 2049, 2049, 2049]","[2049, 2049, 2049, 2049, 2049, 2049, 2049, 2049]",262.0
1225,9189,4,1,2023-11-19T06:04:05.009000+00:00,42.267,35.875,52.606,169.0,203.0,False,130.748,"[2049, 2049, 2049, 2049, 2049, 2049]","[2049, 2049, 2049, 2049, 2049, 2049, 2049]","[2049, 2049, 2049, 2051, 2049, 2049, 2049, 2049]",251.0
1225,9189,31,1,2023-11-19T06:04:05.009000+00:00,38.452,35.428,45.431,164.0,202.0,False,119.311,"[2049, 2051, 2049, 2049, 2049, 2049]","[2049, 2049, 2049, 2049, 2049, 2049, 2049]","[2049, 2049, 2049, 2049, 2049, 2049, 2049, 2049]",250.0
1225,9189,81,1,2023-11-19T06:04:05.009000+00:00,40.484,36.999,49.734,167.0,200.0,False,127.217,"[2049, 2049, 2049, 2049, 2049, 2049]","[2049, 2049, 2049, 2049, 2049, 2049, 2049]","[2049, 2049, 2049, 2049, 2049, 2049, 2049, 2049]",248.0
1225,9189,63,1,2023-11-19T06:04:05.009000+00:00,35.641,34.813,38.966,172.0,206.0,False,109.42,"[None, 2049, 2049, 2049, 2049, 2049]","[2049, 2049, 2049, 2049, 2049, 2049, 2049]","[2049, 2049, 2049, 2049, 2049, 2049, 2049, 2049]",285.0
1225,9189,24,1,2023-11-19T06:04:05.009000+00:00,42.328,36.98,59.253,165.0,205.0,False,138.561,"[2049, 2049, 2049, 2049, 2049, 2049]","[2049, 2049, 2049, 2049, 2049, 2049, 2049]","[2049, 2049, 2049, 2049, 2049, 2049, 2049, 2049]",245.0
1225,9189,10,1,2023-11-19T06:04:05.009000+00:00,36.352,34.683,39.87,168.0,206.0,False,110.905,"[None, 2049, 2049, 2049, 2049, 2049]","[2049, 2049, 2049, 2049, 2049, 2049, 2049]","[2049, 2049, 2049, 2049, 2049, 2049, 2049, 2049]",252.0
1225,9189,18,1,2023-11-19T06:04:05.009000+00:00,38.931,35.29,45.949,165.0,205.0,False,120.17,"[2051, 2049, 2049, 2049, 2049, 2049]","[2049, 2049, 2049, 2049, 2049, 2049, 2049]","[2049, 2049, 2049, 2049, 2049, 2049, 2049, 2049]",246.0
1225,9189,44,1,2023-11-19T06:04:05.009000+00:00,41.339,36.477,57.245,164.0,201.0,False,135.061,"[2048, 2049, 2049, 2049, 2049, 2049]","[2049, 2049, 2049, 2049, 2049, 2049, 2049]","[2049, 2051, 2051, 2049, 2049, 2049, 2049, 2049]",229.0
1225,9189,23,1,2023-11-19T06:04:05.009000+00:00,36.944,34.851,40.922,165.0,206.0,False,112.717,"[None, 2049, 2049, 2049, 2049, 2049]","[2049, 2049, 2049, 2049, 2051, 2049, 2049]","[2049, 2049, 2049, 2049, 2049, 2049, 2049, 2049]",259.0
1225,9189,22,1,2023-11-19T06:04:05.009000+00:00,40.492,36.473,48.736,169.0,202.0,False,125.701,"[2049, 2049, 2049, 2049, 2049, 2049]","[2049, 2049, 2049, 2049, 2049, 2049, 2049]","[2049, 2049, 2049, 2049, 2049, 2049, 2049, 2049]",267.0
1225,9189,11,1,2023-11-19T06:04:05.009000+00:00,39.758,36.193,49.25,165.0,201.0,False,125.201,"[2048, 2049, 2049, 2049, 2049, 2049]","[2049, 2049, 2049, 2049, 2049, 2049, 2049]","[2049, 2049, 2049, 2049, 2049, 2049, 2049, 2064]",282.0
1225,9189,2,1,2023-11-19T06:04:05.009000+00:00,37.66,35.567,42.615,168.0,206.0,False,115.842,"[None, 2049, 2049, 2049, 2049, 2049]","[2049, 2049, 2049, 2049, 2049, 2049, 2049]","[2051, 2049, 2049, 2049, 2051, 2051, 2049, 2049]",311.0
1225,9189,55,1,2023-11-19T06:04:05.009000+00:00,43.838,35.786,61.296,158.0,205.0,False,140.92,"[2048, 2049, 2049, 2049, 2049, 2049]","[2049, 2049, 2049, 2049, 2049, 2049, 2049]","[2049, 2049, 2049, 2049, 2049, 2049, 2049, 2049]",249.0
1225,9189,77,1,2023-11-19T06:04:05.009000+00:00,60.586,34.964,53.339,154.0,202.0,False,148.889,"[None, 2049, 2049, 2049, 2049, 2049]","[2049, 2049, 2049, 2049, 2049, 2049, 2049]","[2049, 2049, 2049, 2049, 2049, 2049, 2049, 2064]",239.0
1225,9189,20,1,2023-11-19T06:04:05.009000+00:00,37.368,35.629,44.158,159.0,201.0,False,117.155,"[None, 2049, 2049, 2049, 2049, 2049]","[2049, 2049, 2049, 2049, 2049, 2049, 2049]","[2049, 2049, 2049, 2049, 2049, 2049, 2049, 2049]",243.0
1225,9189,14,1,2023-11-19T06:04:05.009000+00:00,55.911,35.942,53.457,168.0,202.0,False,145.31,"[None, 2049, 2049, 2049, 2049, 2049]","[2049, 2049, 2049, 2049, 2049, 2049, 2049]","[2049, 2049, 2049, 2049, 2049, 2049, 2049, 2064]",210.0
1225,9189,1,2,2023-11-19T06:05:51.038000+00:00,39.773,44.45,48.788,158.0,186.0,False,133.011,"[2049, 2048, 2048, 2048, 2048, 2048]","[2048, 2048, 2048, 2048, 2048, 2048, 2048]","[2048, 2048, 2048, 2048, 2048, 2048, 2048, 2048]",197.0
1225,9189,16,2,2023-11-19T06:05:52.850000+00:00,40.355,44.833,47.785,150.0,165.0,False,132.973,"[2049, 2049, 2048, 2048, 2048, 2048]","[2048, 2048, 2048, 2048, 2048, 2048, 2048]","[2048, 2048, 2048, 2048, 2048, 2048, 2048, 2049]",198.0
1225,9189,63,2,2023-11-19T06:05:54.428000+00:00,39.441,45.288,47.553,164.0,168.0,False,132.282,"[2049, 2048, 2048, 2048, 2048, 2048]","[2048, 2048, 2048, 2048, 2048, 2048, 2048]","[2048, 2048, 2048, 2048, 2048, 2048, 2048]",230.0
1225,9189,10,2,2023-11-19T06:05:55.913000+00:00,39.785,44.76,47.144,160.0,161.0,False,131.689,"[2049, 2049, 2048, 2048, 2048, 2048]","[2048, 2048, 2048, 2048, 2048, 2048, 2048]","[2048, 2048, 2048, 2048, 2048, 2048, 2048]",231.0
1225,9189,23,2,2023-11-19T06:05:57.725000+00:00,40.025,43.759,47.043,131.0,168.0,False,130.827,"[2049, 2049, 2048, 2048, 2048, 2048]","[2048, 2048, 2048, 2048, 2048, 2048, 2048]","[2048, 2048, 2048, 2048, 2048, 2048, 2049]",193.0
1225,9189,2,2,2023-11-19T06:06:00.850000+00:00,38.737,43.087,46.393,130.0,157.0,False,128.217,"[2049, 2049, 2048, 2048, 2048, 2048]","[2048, 2048, 2048, 2048, 2048, 2048, 2048]","[2048, 2048, 2048, 2048, 2048, 2048, 2051]",242.0
1225,9189,20,2,2023-11-19T06:06:02.163000+00:00,39.19,42.259,46.788,157.0,173.0,False,128.237,"[2049, 2049, 2048, 2048, 2048, 2049]","[2049, 2048, 2048, 2048, 2048, 2048, 2048]","[2048, 2048, 2048, 2048, 2048, 2049, 2049, 2051]",230.0
1225,9189,31,2,2023-11-19T06:06:04.319000+00:00,38.527,41.743,46.691,159.0,161.0,False,126.961,"[2048, 2049, 2048, 2048, 2048, 2049]","[2048, 2048, 2048, 2048, 2048, 2048, 2048]","[2048, 2048, 2048, 2048, 2049, 2049, 2049]",224.0
1225,9189,18,2,2023-11-19T06:06:05.178000+00:00,39.171,41.537,46.313,158.0,186.0,False,127.021,"[2048, 2049, 2048, 2048, 2048, 2049]","[2049, 2048, 2048, 2048, 2048, 2048, 2048]","[2048, 2048, 2048, 2048, 2048, 2049, 2049, 2049]",222.0
1225,9189,27,2,2023-11-19T06:06:07.866000+00:00,37.392,42.36,45.1,161.0,151.0,False,124.852,"[2049, 2049, 2048, 2048, 2048, 2049]","[2049, 2049, 2048, 2048, 2048, 2048, 2048]","[2048, 2048, 2048, 2048, 2048, 2049, 2049]",226.0
1225,9189,11,2,2023-11-19T06:06:10.209000+00:00,60.516,45.287,39.286,137.0,188.0,True,145.089,"[2064, 2064, 2048, 2048, 2048, 2048]","[2048, 2048, 2048, 2048, 2048, 2048, 2048]","[2048, 2048, 2048, 2048, 2049, 2049, 2049, 2049]",288.0
1225,9189,22,2,2023-11-19T06:06:10.709000+00:00,36.092,41.45,45.286,159.0,148.0,False,122.828,"[2049, 2049, 2049, 2048, 2048, 2049]","[2049, 2049, 2049, 2048, 2048, 2048, 2048]","[2048, 2048, 2048, 2048, 2048, 2049, 2051]",232.0
1225,9189,81,2,2023-11-19T06:06:12.225000+00:00,38.61,38.189,45.045,156.0,171.0,False,121.844,"[None, 2049, 2048, 2048, 2048, 2049]","[2048, 2049, 2049, 2048, 2048, 2048, 2048]","[2048, 2048, 2048, 2048, 2049, 2049, 2049]",231.0
1225,9189,4,2,2023-11-19T06:06:15.756000+00:00,35.472,39.001,44.854,164.0,177.0,False,119.327,"[2049, 2049, 2049, 2048, 2048, 2049]","[2048, 2049, 2049, 2048, 2048, 2048, 2048]","[2048, 2048, 2048, 2048, 2049, 2049, 2049]",224.0
1225,9189,44,2,2023-11-19T06:06:20.069000+00:00,33.469,37.617,45.286,168.0,184.0,False,116.372,"[2049, 2049, 2049, 2048, 2048, 2049]","[2049, 2049, 2049, 2048, 2048, 2048, 2049]","[2048, 2048, 2048, 2048, 2051, 2049, 2051]",276.0
1225,9189,3,2,2023-11-19T06:06:22.162000+00:00,32.638,37.887,45.82,168.0,179.0,False,116.345,"[None, 2049, 2049, 2049, 2048, 2049]","[2049, 2049, 2049, 2049, 2048, 2048, 2048]","[2048, 2048, 2048, 2048, 2049, 2049, 2049]",241.0
1225,9189,24,2,2023-11-19T06:06:23.569000+00:00,33.857,36.941,45.308,,181.0,False,116.106,"[None, 2049, 2049, 2048, 2048, 2049]","[2049, 2049, 2049, 2049, 2049, 2048, 2048]","[2048, 2048, 2048, 2048, 2049, 2049, 2049, 2049]",235.0
1225,9189,55,2,2023-11-19T06:06:25.928000+00:00,32.003,36.92,45.027,,195.0,False,113.95,"[2049, 2049, 2049, 2049, 2048, 2049]","[2048, 2049, 2049, 2048, 2048, 2048, 2048]","[2048, 2048, 2048, 2048, 2049, 2049, 2051]",246.0
1225,9189,14,2,2023-11-19T06:06:30.318000+00:00,55.981,41.952,38.125,161.0,203.0,True,136.058,"[None, 2064, 2049, 2049, 2048, 2048]","[2048, 2048, 2048, 2048, 2048, 2049, 2049]","[2048, 2048, 2049, 2049, 2049, 2049, 2049, 2049]",306.0
1225,9189,77,2,2023-11-19T06:06:33.897000+00:00,72.534,37.085,38.362,122.0,203.0,True,147.981,"[None, 2064, 2048, 2048, 2048, 2048]","[2048, 2048, 2048, 2048, 2048, 2048, 2049]","[2048, 2049, 2049, 2049, 2049, 2049, 2049, 2049]",292.0
1225,9189,1,3,2023-11-19T06:08:04.082000+00:00,29.413,33.294,47.281,176.0,203.0,False,109.988,"[2049, 2049, 2049, 2049, 2049, 2051]","[2048, 2049, 2049, 2048, 2049, 2049, 2048]","[2049, 2049, 2049, 2048, 2048, 2048, 2048]",279.0
1225,9189,16,3,2023-11-19T06:08:05.692000+00:00,29.663,33.84,45.76,167.0,202.0,False,109.263,"[2049, 2049, 2049, 2049, 2051, 2049]","[2049, 2049, 2049, 2049, 2049, 2051, 2048]","[2048, 2049, 2049, 2049, 2048, 2048, 2048]",288.0
1225,9189,63,3,2023-11-19T06:08:06.582000+00:00,29.875,34.227,45.64,173.0,206.0,False,109.742,"[None, 2049, 2049, 2049, 2049, 2049]","[2049, 2049, 2049, 2048, 2049, 2049, 2049]","[2049, 2049, 2049, 2048, 2048, 2048, 2048, 2048]",230.0
1225,9189,10,3,2023-11-19T06:08:07.676000+00:00,30.28,33.828,46.273,171.0,204.0,False,110.381,"[None, 2049, 2049, 2049, 2049, 2049]","[2049, 2051, 2049, 2049, 2049, 2049, 2048]","[2048, 2048, 2049, 2048, 2048, 2048, 2048, 2048]",188.0
1225,9189,23,3,2023-11-19T06:08:08.614000+00:00,30.182,34.018,46.564,171.0,207.0,False,110.764,"[None, 2049, 2049, 2049, 2049, 2049]","[2049, 2049, 2049, 2049, 2049, 2049, 2049]","[2048, 2048, 2049, 2048, 2048, 2048, 2048, 2048]",180.0
1225,9189,2,3,2023-11-19T06:08:09.145000+00:00,30.456,34.271,48.044,169.0,206.0,False,112.771,"[None, 2049, 2049, 2049, 2049, 2049]","[2049, 2049, 2049, 2049, 2048, 2049, 2049]","[2048, 2048, 2049, 2048, 2048, 2048, 2048, 2048]",187.0
1225,9189,20,3,2023-11-19T06:08:10.379000+00:00,30.188,34.823,50.225,,200.0,False,115.236,"[None, 2049, 2049, 2049, 2049, 2049]","[2049, 2049, 2049, 2049, 2049, 2049, 2049]","[2048, 2048, 2048, 2048, 2048, 2048, 2048, 2048]",153.0
1225,9189,31,3,2023-11-19T06:08:11.270000+00:00,29.937,34.52,48.236,174.0,203.0,False,112.693,"[2049, 2049, 2049, 2049, 2049, 2049]","[2049, 2049, 2049, 2049, 2048, 2049, 2049]","[2049, 2049, 2048, 2048, 2048, 2048, 2048, 2048]",162.0
1225,9189,18,3,2023-11-19T06:08:12.254000+00:00,29.713,34.19,53.959,170.0,207.0,False,117.862,"[2049, 2049, 2049, 2049, 2049, 2049]","[2049, 2049, 2049, 2049, 2049, 2049, 2049]","[2049, 2048, 2048, 2048, 2048, 2048, 2048, 2064]",134.0
1225,9189,27,3,2023-11-19T06:08:12.692000+00:00,29.96,34.387,51.317,171.0,207.0,False,115.664,"[None, 2049, 2049, 2049, 2049, 2049]","[2049, 2049, 2049, 2049, 2049, 2049, 2049]","[2048, 2048, 2048, 2048, 2048, 2048, 2048]",128.0
1225,9189,22,3,2023-11-19T06:08:13.332000+00:00,30.5,34.001,53.777,173.0,203.0,False,118.278,"[None, 2048, 2049, 2049, 2049, 2049]","[2049, 2049, 2049, 2049, 2049, 2049, 2049]","[2049, 2048, 2048, 2048, 2048, 2048, 2048, 2048]",139.0
1225,9189,81,3,2023-11-19T06:08:14.004000+00:00,30.407,34.059,54.021,170.0,205.0,False,118.487,"[None, 2049, 2049, 2049, 2049, 2049]","[2049, 2049, 2049, 2049, 2049, 2049, 2049]","[2049, 2048, 2048, 2048, 2048, 2048, 2048, 2048]",123.0
1225,9189,4,3,2023-11-19T06:08:15.098000+00:00,29.696,,,170.0,,False,,"[None, 2048, 2049, 2049, 2049, 2049]",[2048],,
1225,9189,44,3,2023-11-19T06:08:16.379000+00:00,29.236,35.931,52.307,176.0,158.0,False,117.474,"[None, 2051, 2049, 2051, 2049, 2049]","[2049, 2049, 2049, 2049, 2049, 2048, 2048]","[2048, 2048, 2048, 2048, 2048, 2048, 2048, 2048]",170.0
1225,9189,3,3,2023-11-19T06:08:18.363000+00:00,29.788,34.584,54.179,177.0,165.0,False,118.551,"[None, 2049, 2049, 2049, 2049, 2049]","[2049, 2049, 2049, 2049, 2049, 2049, 2048]","[2048, 2048, 2048, 2048, 2048, 2048, 2048]",154.0
1225,9189,24,3,2023-11-19T06:08:19.707000+00:00,29.513,34.759,54.803,173.0,201.0,False,119.075,"[None, 2049, 2049, 2049, 2049, 2049]","[2049, 2049, 2049, 2051, 2051, 2049, 2048]","[2048, 2048, 2048, 2048, 2048, 2048, 2048]",155.0
1225,9189,55,3,2023-11-19T06:08:19.895000+00:00,29.632,34.661,59.094,176.0,202.0,False,123.387,"[None, 2049, 2049, 2049, 2049, 2049]","[2049, 2049, 2049, 2049, 2049, 2049, 2048]","[2048, 2048, 2048, 2048, 2048, 2048, 2048, 2064]",170.0
1225,9189,11,3,2023-11-19T06:08:35.285000+00:00,29.895,40.812,48.566,177.0,126.0,False,119.273,"[2049, 2049, 2049, 2049, 2049, 2049]","[2049, 2049, 2051, 2049, 2048, 2048, 2048]","[2048, 2048, 2048, 2048, 2048, 2048, 2048]",222.0
1225,9189,14,3,2023-11-19T06:08:46.535000+00:00,28.951,43.891,48.111,177.0,155.0,False,120.953,"[2049, 2049, 2051, 2049, 2049, 2049]","[2049, 2049, 2048, 2048, 2048, 2048, 2048]","[2048, 2048, 2048, 2048, 2048, 2048, 2048, 2048]",228.0
1225,9189,77,3,2023-11-19T06:09:01.925000+00:00,31.823,53.07,43.446,100.0,158.0,False,128.339,"[2051, 2049, 2049, 2049, 2049, 2048]","[2048, 2048, 2048, 2048, 2048, 2048, 2048]","[2048, 2048, 2048, 2048, 2048, 2048, 2048, 2048]",265.0
1225,9189,1,4,2023-11-19T06:09:54.065000+00:00,42.603,65.458,77.77,135.0,85.0,False,185.831,"[2048, 2048, 2048, 2048, 2048, 2048]","[2048, 2048, 2048, 2048, 2048, 2048, 2048]","[2048, 2048, 2048, 2048, 2048, 2048, 2048, 2048]",109.0
1225,9189,16,4,2023-11-19T06:09:54.971000+00:00,43.348,65.924,76.789,142.0,156.0,False,186.061,"[2048, 2048, 2048, 2048, 2048, 2048]","[2048, 2048, 2048, 2048, 2048, 2048, 2048]","[2048, 2048, 2048, 2048, 2048, 2048, 2048, 2048]",114.0
1225,9189,63,4,2023-11-19T06:09:56.518000+00:00,44.159,66.615,74.55,139.0,128.0,False,185.324,"[2048, 2048, 2048, 2048, 2048, 2048]","[2048, 2048, 2048, 2048, 2048, 2048, 2048]","[2048, 2048, 2048, 2048, 2048, 2048, 2048, 2048]",157.0
1225,9189,10,4,2023-11-19T06:09:58.127000+00:00,43.479,66.602,74.674,133.0,139.0,False,184.755,"[2048, 2049, 2048, 2048, 2048, 2048]","[2048, 2048, 2048, 2048, 2048, 2048, 2048]","[2048, 2048, 2048, 2048, 2048, 2048, 2048, 2048]",179.0
1225,9189,23,4,2023-11-19T06:09:59.440000+00:00,43.437,66.748,74.495,133.0,132.0,False,184.68,"[2048, 2048, 2048, 2048, 2048, 2048]","[2048, 2048, 2048, 2048, 2048, 2048, 2048]","[2048, 2048, 2048, 2048, 2048, 2048, 2048, 2048]",131.0
1225,9189,2,4,2023-11-19T06:10:01.955000+00:00,42.152,66.497,74.805,130.0,122.0,False,183.454,"[2048, 2048, 2048, 2048, 2048, 2048]","[2048, 2048, 2048, 2048, 2048, 2048, 2048]","[2048, 2048, 2048, 2048, 2048, 2048, 2048, 2048]",116.0
1225,9189,31,4,2023-11-19T06:10:03.955000+00:00,41.009,67.434,74.284,133.0,165.0,False,182.727,"[2048, 2048, 2048, 2048, 2048, 2048]","[2048, 2048, 2048, 2048, 2048, 2048, 2048]","[2048, 2048, 2048, 2048, 2048, 2048, 2048, 2048]",122.0
1225,9189,20,4,2023-11-19T06:10:05.721000+00:00,40.553,67.991,74.116,120.0,156.0,False,182.66,"[2048, 2048, 2048, 2048, 2048, 2048]","[2048, 2048, 2048, 2048, 2048, 2048, 2048]","[2048, 2048, 2048, 2048, 2048, 2048, 2048, 2048]",127.0
1225,9189,27,4,2023-11-19T06:10:08.408000+00:00,38.64,69.764,72.323,133.0,138.0,False,180.727,"[2048, 2049, 2048, 2048, 2048, 2048]","[2048, 2048, 2048, 2048, 2048, 2048, 2048]","[2048, 2048, 2048, 2048, 2048, 2048, 2048, 2048]",134.0
1225,9189,18,4,2023-11-19T06:10:10.049000+00:00,48.935,68.875,69.769,152.0,152.0,True,187.579,"[2064, 2064, 2048, 2048, 2048, 2048]","[2048, 2048, 2048, 2048, 2048, 2048, 2048]","[2048, 2048, 2048, 2048, 2048, 2048, 2048, 2048]",148.0
1225,9189,22,4,2023-11-19T06:10:11.846000+00:00,37.435,69.516,71.655,128.0,140.0,False,178.606,"[2048, 2049, 2048, 2048, 2048, 2048]","[2048, 2048, 2048, 2048, 2048, 2048, 2048]","[2048, 2048, 2048, 2048, 2048, 2048, 2048, 2048]",120.0
1225,9189,81,4,2023-11-19T06:10:12.658000+00:00,39.057,70.285,69.951,131.0,133.0,False,179.293,"[2048, 2048, 2048, 2048, 2048, 2048]","[2048, 2048, 2048, 2048, 2048, 2048, 2048]","[2048, 2048, 2048, 2048, 2048, 2048, 2048, 2048]",121.0
1225,9189,44,4,2023-11-19T06:10:13.908000+00:00,39.17,69.766,70.025,166.0,164.0,False,178.961,"[2048, 2048, 2048, 2048, 2048, 2048]","[2048, 2048, 2048, 2048, 2048, 2048, 2048]","[2048, 2048, 2048, 2048, 2048, 2048, 2048, 2048]",195.0
1225,9189,3,4,2023-11-19T06:10:16.877000+00:00,38.698,68.7,69.779,138.0,151.0,False,177.177,"[2048, 2049, 2048, 2048, 2048, 2048]","[2048, 2048, 2048, 2048, 2048, 2048, 2048]","[2048, 2048, 2048, 2048, 2048, 2048, 2048, 2048]",182.0
1225,9189,24,4,2023-11-19T06:10:18.549000+00:00,38.884,68.929,69.476,138.0,167.0,False,177.289,"[2048, 2048, 2048, 2048, 2048, 2048]","[2048, 2048, 2048, 2048, 2048, 2048, 2048]","[2048, 2048, 2048, 2048, 2048, 2048, 2048, 2048]",140.0
1225,9189,55,4,2023-11-19T06:10:23.267000+00:00,49.016,61.521,67.463,135.0,163.0,True,178.0,"[2064, 2064, 2048, 2048, 2048, 2048]","[2048, 2048, 2048, 2048, 2048, 2048, 2048]","[2048, 2048, 2048, 2048, 2048, 2048, 2048, 2048]",157.0
1225,9189,11,4,2023-11-19T06:10:34.486000+00:00,36.973,60.052,68.38,149.0,167.0,False,165.405,"[2048, 2048, 2048, 2048, 2048, 2048]","[2048, 2048, 2048, 2048, 2048, 2048, 2048]","[2048, 2048, 2048, 2048, 2048, 2048, 2048, 2048]",132.0
1225,9189,14,4,2023-11-19T06:10:47.423000+00:00,40.186,49.147,66.534,109.0,171.0,False,155.867,"[2048, 2048, 2048, 2048, 2048, 2048]","[2048, 2048, 2048, 2048, 2048, 2048, 2048]","[2048, 2048, 2048, 2048, 2048, 2048, 2048, 2048]",210.0
1225,9189,77,4,2023-11-19T06:11:10.173000+00:00,38.864,50.898,47.241,136.0,172.0,False,137.003,"[2048, 2049, 2048, 2048, 2048, 2049]","[2048, 2048, 2048, 2048, 2048, 2048, 2048]","[2048, 2048, 2048, 2048, 2048, 2048, 2048, 2048]",211.0
1225,9189,1,5,2023-11-19T06:13:00.015000+00:00,46.136,58.36,63.062,138.0,172.0,False,167.558,"[None, 2048, 2048, 2048, 2048, 2048]","[2048, 2048, 2048, 2048, 2048, 2048, 2048]","[2048, 2048, 2048, 2048, 2048, 2048, 2048, 2048]",129.0
1225,9189,16,5,2023-11-19T06:13:01.140000+00:00,46.741,59.482,61.299,102.0,170.0,False,167.522,"[None, 2048, 2048, 2048, 2048, 2048]","[2048, 2048, 2048, 2048, 2048, 2048, 2048]","[2048, 2048, 2048, 2048, 2048, 2048, 2048, 2048]",161.0
1225,9189,63,5,2023-11-19T06:13:01.780000+00:00,46.745,61.431,59.73,109.0,136.0,False,167.906,"[None, 2048, 2048, 2048, 2048, 2048]","[2048, 2048, 2048, 2048, 2048, 2048, 2048]","[2048, 2048, 2048, 2048, 2048, 2048, 2048, 2048]",158.0
1225,9189,10,5,2023-11-19T06:13:02.765000+00:00,46.567,61.361,60.538,142.0,149.0,False,168.466,"[None, 2048, 2048, 2048, 2048, 2048]","[2048, 2048, 2048, 2048, 2048, 2048, 2048]","[2048, 2048, 2048, 2048, 2048, 2048, 2048, 2048]",168.0
1225,9189,23,5,2023-11-19T06:13:04.046000+00:00,46.4,62.02,59.872,146.0,154.0,False,168.292,"[None, 2048, 2048, 2048, 2048, 2048]","[2048, 2048, 2048, 2048, 2048, 2048, 2048]","[2048, 2048, 2048, 2048, 2048, 2048, 2048, 2048]",144.0
1225,9189,2,5,2023-11-19T06:13:05.421000+00:00,46.003,62.368,59.584,138.0,134.0,False,167.955,"[None, 2048, 2048, 2048, 2048, 2048]","[2048, 2048, 2048, 2048, 2048, 2048, 2048]","[2048, 2048, 2048, 2048, 2048, 2048, 2048, 2048]",147.0
1225,9189,31,5,2023-11-19T06:13:06.780000+00:00,45.626,63.212,59.002,164.0,122.0,False,167.84,"[None, 2048, 2048, 2048, 2048, 2048]","[2048, 2048, 2048, 2048, 2048, 2048, 2048]","[2048, 2048, 2048, 2048, 2048, 2048, 2048]",138.0
1225,9189,20,5,2023-11-19T06:13:08.233000+00:00,45.743,62.689,59.851,140.0,120.0,False,168.283,"[None, 2048, 2048, 2048, 2048, 2048]","[2048, 2048, 2048, 2048, 2048, 2048, 2048]","[2048, 2048, 2048, 2048, 2048, 2048, 2048, 2048]",105.0
1225,9189,27,5,2023-11-19T06:13:09.108000+00:00,46.103,63.07,59.116,143.0,117.0,False,168.289,"[None, 2048, 2048, 2048, 2048, 2048]","[2048, 2048, 2048, 2048, 2048, 2048, 2048]","[2048, 2048, 2048, 2048, 2048, 2048, 2048, 2048]",150.0
1225,9189,22,5,2023-11-19T06:13:10.311000+00:00,46.563,62.89,58.856,133.0,123.0,False,168.309,"[None, 2048, 2048, 2048, 2048, 2048]","[2048, 2048, 2048, 2048, 2048, 2048, 2048]","[2048, 2048, 2048, 2048, 2048, 2048, 2048, 2048]",138.0
1225,9189,81,5,2023-11-19T06:13:11.811000+00:00,46.369,62.3,59.216,154.0,162.0,False,167.885,"[None, 2048, 2048, 2048, 2048, 2048]","[2048, 2048, 2048, 2048, 2048, 2048, 2048]","[2048, 2048, 2048, 2048, 2048, 2048, 2048, 2048]",146.0
1225,9189,44,5,2023-11-19T06:13:12.889000+00:00,46.055,62.628,61.001,162.0,154.0,False,169.684,"[None, 2048, 2048, 2048, 2048, 2048]","[2048, 2048, 2048, 2048, 2048, 2048, 2048]","[2048, 2048, 2048, 2048, 2048, 2048, 2048, 2048]",131.0
1225,9189,3,5,2023-11-19T06:13:14.093000+00:00,47.329,63.973,58.661,101.0,96.0,False,169.963,"[None, 2048, 2048, 2048, 2048, 2048]","[2048, 2048, 2048, 2048, 2048, 2048, 2048]","[2048, 2048, 2048, 2048, 2048, 2048, 2048, 2048]",149.0
1225,9189,24,5,2023-11-19T06:13:15.936000+00:00,47.036,63.386,59.965,150.0,104.0,False,170.387,"[None, 2048, 2048, 2048, 2048, 2048]","[2048, 2048, 2048, 2048, 2048, 2048, 2048]","[2048, 2048, 2048, 2048, 2048, 2048, 2048, 2048]",144.0
1225,9189,18,5,2023-11-19T06:13:17.655000+00:00,47.001,63.125,60.34,150.0,112.0,False,170.466,"[2048, 2048, 2048, 2048, 2048, 2048]","[2048, 2048, 2048, 2048, 2048, 2048, 2048]","[2048, 2048, 2048, 2048, 2048, 2048, 2048, 2048]",138.0
1225,9189,11,5,2023-11-19T06:13:19.889000+00:00,46.841,63.346,60.748,122.0,125.0,False,170.935,"[None, 2048, 2048, 2048, 2048, 2048]","[2048, 2048, 2048, 2048, 2048, 2048, 2048]","[2048, 2048, 2048, 2048, 2048, 2048, 2048, 2048]",143.0
1225,9189,55,5,2023-11-19T06:13:21.327000+00:00,46.354,64.767,59.253,124.0,122.0,False,170.374,"[2048, 2048, 2048, 2048, 2048, 2048]","[2048, 2048, 2048, 2048, 2048, 2048, 2048]","[2048, 2048, 2048, 2048, 2048, 2048, 2048, 2048]",148.0
1225,9189,14,5,2023-11-19T06:13:23.264000+00:00,45.705,64.656,59.903,146.0,108.0,False,170.264,"[None, 2048, 2048, 2048, 2048, 2048]","[2048, 2048, 2048, 2048, 2048, 2048, 2048]","[2048, 2048, 2048, 2048, 2048, 2048, 2048, 2048]",142.0
1225,9189,77,5,2023-11-19T06:13:27.342000+00:00,43.328,66.357,59.05,157.0,136.0,False,168.735,"[None, 2049, 2048, 2048, 2048, 2049]","[2048, 2048, 2048, 2048, 2048, 2048, 2048]","[2048, 2048, 2048, 2048, 2048, 2048, 2048, 2048]",140.0
1225,9189,1,6,2023-11-19T06:15:47.621000+00:00,42.228,48.874,70.412,142.0,177.0,False,161.514,"[None, 2048, 2048, 2048, 2048, 2048]","[2048, 2048, 2048, 2048, 2048, 2048, 2048]","[2048, 2048, 2048, 2048, 2048, 2051, 2049, 2049]",108.0
1225,9189,16,6,2023-11-19T06:15:48.668000+00:00,42.995,48.354,70.17,134.0,166.0,False,161.519,"[None, 2048, 2048, 2048, 2048, 2048]","[2048, 2048, 2048, 2048, 2048, 2048, 2048]","[2048, 2048, 2048, 2048, 2048, 2049, 2049, 2049]",107.0
1225,9189,63,6,2023-11-19T06:15:49.684000+00:00,43.553,48.344,69.057,115.0,181.0,False,160.954,"[None, 2048, 2048, 2048, 2048, 2048]","[2048, 2048, 2048, 2048, 2048, 2048, 2048]","[2048, 2048, 2048, 2048, 2048, 2048, 2049]",108.0
1225,9189,10,6,2023-11-19T06:15:51.324000+00:00,43.279,47.875,68.721,149.0,174.0,False,159.875,"[None, 2048, 2048, 2048, 2048, 2048]","[2048, 2048, 2048, 2048, 2048, 2048, 2048]","[2048, 2048, 2048, 2048, 2048, 2048, 2049, 2049]",100.0
1225,9189,23,6,2023-11-19T06:15:52.387000+00:00,43.325,48.457,67.44,156.0,174.0,False,159.222,"[None, 2048, 2048, 2048, 2048, 2048]","[2048, 2048, 2048, 2048, 2048, 2048, 2048]","[2048, 2048, 2048, 2048, 2048, 2048, 2049, 2049]",110.0
1225,9189,2,6,2023-11-19T06:15:53.387000+00:00,43.273,48.467,67.107,145.0,176.0,False,158.847,"[None, 2048, 2048, 2048, 2048, 2048]","[2048, 2048, 2048, 2048, 2048, 2048, 2048]","[2048, 2048, 2048, 2048, 2048, 2048, 2049, 2049]",92.0
1225,9189,31,6,2023-11-19T06:15:54.652000+00:00,43.061,48.829,66.795,139.0,177.0,False,158.685,"[None, 2048, 2048, 2048, 2048, 2048]","[2048, 2048, 2048, 2048, 2048, 2048, 2048]","[2048, 2048, 2048, 2048, 2048, 2048, 2049, 2049]",94.0
1225,9189,20,6,2023-11-19T06:15:56.590000+00:00,42.041,47.339,66.887,138.0,172.0,False,156.267,"[None, 2048, 2048, 2048, 2048, 2048]","[2048, 2048, 2048, 2048, 2048, 2048, 2048]","[2048, 2048, 2048, 2048, 2048, 2048, 2049, 2049]",96.0
1225,9189,27,6,2023-11-19T06:15:57.465000+00:00,42.399,48.227,65.873,151.0,181.0,False,156.499,"[None, 2048, 2048, 2048, 2048, 2048]","[2048, 2048, 2048, 2048, 2048, 2048, 2048]","[2048, 2048, 2048, 2048, 2048, 2048, 2048, 2048]",96.0
1225,9189,22,6,2023-11-19T06:15:58.730000+00:00,42.935,48.477,64.401,158.0,176.0,False,155.813,"[None, 2048, 2048, 2048, 2048, 2048]","[2048, 2048, 2048, 2048, 2048, 2048, 2048]","[2048, 2048, 2048, 2048, 2048, 2048, 2048, 2048]",98.0
1225,9189,81,6,2023-11-19T06:15:59.730000+00:00,43.122,48.521,63.216,156.0,171.0,False,154.859,"[None, 2048, 2048, 2048, 2048, 2048]","[2048, 2048, 2048, 2048, 2048, 2048, 2048]","[2048, 2048, 2048, 2048, 2048, 2048, 2051, 2048]",94.0
1225,9189,44,6,2023-11-19T06:16:02.543000+00:00,41.545,48.25,62.719,171.0,175.0,False,152.514,"[None, 2048, 2048, 2048, 2048, 2048]","[2048, 2048, 2048, 2048, 2048, 2048, 2048]","[2048, 2048, 2048, 2048, 2048, 2048, 2049, 2048]",100.0
1225,9189,3,6,2023-11-19T06:16:04.136000+00:00,42.105,48.014,61.989,165.0,142.0,False,152.108,"[None, 2048, 2048, 2048, 2048, 2048]","[2048, 2048, 2048, 2048, 2048, 2048, 2048]","[2048, 2048, 2048, 2048, 2048, 2048, 2048, 2048]",112.0
1225,9189,24,6,2023-11-19T06:16:06.340000+00:00,41.623,47.218,61.374,158.0,179.0,False,150.215,"[None, 2048, 2048, 2048, 2048, 2048]","[2048, 2048, 2048, 2048, 2048, 2048, 2048]","[2048, 2048, 2048, 2048, 2048, 2048, 2049, 2048]",127.0
1225,9189,18,6,2023-11-19T06:16:08.215000+00:00,41.466,47.473,60.434,157.0,161.0,False,149.373,"[None, 2048, 2048, 2048, 2048, 2048]","[2048, 2048, 2048, 2048, 2048, 2048, 2048]","[2048, 2048, 2048, 2048, 2048, 2048, 2048, 2048]",131.0
1225,9189,11,6,2023-11-19T06:16:10.871000+00:00,41.422,46.234,59.475,149.0,171.0,False,147.131,"[None, 2049, 2048, 2048, 2048, 2048]","[2048, 2048, 2048, 2048, 2048, 2048, 2048]","[2048, 2048, 2048, 2048, 2048, 2048, 2049]",152.0
1225,9189,55,6,2023-11-19T06:16:11.636000+00:00,42.994,44.461,59.197,136.0,193.0,False,146.652,"[None, 2048, 2048, 2048, 2048, 2048]","[2048, 2048, 2048, 2048, 2048, 2048, 2048]","[2048, 2048, 2048, 2048, 2048, 2048, 2048]",155.0
1225,9189,14,6,2023-11-19T06:16:13.589000+00:00,43.862,43.917,57.192,110.0,181.0,False,144.971,"[None, 2048, 2048, 2048, 2048, 2048]","[2048, 2048, 2048, 2048, 2048, 2048, 2048]","[2048, 2048, 2048, 2048, 2048, 2048, 2049, 2048]",192.0
1225,9189,77,6,2023-11-19T06:16:16.027000+00:00,42.828,44.62,56.407,86.0,154.0,False,143.855,"[None, 2048, 2048, 2048, 2048, 2048]","[2048, 2048, 2048, 2048, 2048, 2048, 2048]","[2048, 2048, 2048, 2048, 2048, 2048, 2049, 2048]",195.0
1225,9189,1,7,2023-11-19T06:18:29.056000+00:00,29.256,33.44,38.089,174.0,205.0,False,100.785,"[None, 2049, 2051, 2049, 2048, 2048]","[2048, 2048, 2051, 2049, 2048, 2049, 2048]","[2049, 2048, 2049, 2048, 2049, 2051, 2049]",285.0
1225,9189,16,7,2023-11-19T06:18:30.118000+00:00,29.695,33.749,38.044,171.0,205.0,False,101.488,"[2049, 2049, 2048, 2048, 2048, 2049]","[2049, 2048, 2049, 2049, 2048, 2048, 2048]","[2049, 2049, 2049, 2048, 2048, 2049, 2048, 2048]",292.0
1225,9189,63,7,2023-11-19T06:18:30.603000+00:00,30.287,34.03,37.74,175.0,207.0,False,102.057,"[None, 2048, 2049, 2049, 2048, 2048]","[2049, 2049, 2049, 2049, 2049, 2048, 2048]","[2049, 2049, 2049, 2049, 2049, 2049, 2049, 2049]",297.0
1225,9189,10,7,2023-11-19T06:18:31.118000+00:00,30.526,34.069,37.751,175.0,207.0,False,102.346,"[None, 2049, 2048, 2048, 2049, 2048]","[2048, 2048, 2048, 2048, 2048, 2048, 2049]","[2049, 2049, 2048, 2049, 2049, 2049, 2049, 2048]",271.0
1225,9189,23,7,2023-11-19T06:18:31.665000+00:00,30.656,34.128,37.7,172.0,207.0,False,102.484,"[None, 2049, 2048, 2049, 2048, 2048]","[2049, 2048, 2048, 2049, 2051, 2048, 2048]","[2049, 2049, 2048, 2049, 2049, 2049, 2049, 2051]",256.0
1225,9189,2,7,2023-11-19T06:18:32.290000+00:00,30.628,34.273,37.836,172.0,206.0,False,102.737,"[2049, 2048, 2048, 2048, 2049, 2049]","[2049, 2048, 2048, 2049, 2049, 2048, 2048]","[2048, 2048, 2048, 2048, 2048, 2049, 2049, 2049]",256.0
1225,9189,20,7,2023-11-19T06:18:32.946000+00:00,30.561,34.503,38.251,163.0,202.0,False,103.315,"[None, 2049, 2048, 2049, 2048, 2048]","[2049, 2049, 2049, 2049, 2049, 2049, 2048]","[2049, 2049, 2049, 2049, 2049, 2048, 2048, 2049]",263.0
1225,9189,31,7,2023-11-19T06:18:33.259000+00:00,30.884,34.584,37.927,171.0,205.0,False,103.395,"[None, 2048, 2048, 2048, 2048, 2048]","[2048, 2048, 2049, 2049, 2049, 2048, 2048]","[2048, 2048, 2048, 2048, 2049, 2049, 2048, 2048]",259.0
1225,9189,27,7,2023-11-19T06:18:33.899000+00:00,30.72,34.527,37.985,171.0,208.0,False,103.232,"[None, 2048, 2048, 2048, 2048, 2048]","[2048, 2049, 2049, 2049, 2048, 2049, 2048]","[2049, 2048, 2048, 2048, 2049, 2048, 2049, 2049]",270.0
1225,9189,22,7,2023-11-19T06:18:34.524000+00:00,31.217,34.801,37.845,172.0,205.0,False,103.863,"[None, 2048, 2048, 2049, 2048, 2048]","[2048, 2048, 2048, 2049, 2048, 2048, 2049]","[2049, 2048, 2048, 2048, 2049, 2048, 2048, 2049]",265.0
1225,9189,81,7,2023-11-19T06:18:34.571000+00:00,30.53,34.544,37.757,172.0,205.0,False,102.831,"[2049, 2048, 2049, 2048, 2048, 2049]","[2049, 2048, 2048, 2048, 2048, 2048, 2048]","[2049, 2048, 2049, 2049, 2049, 2049, 2049]",252.0
1225,9189,44,7,2023-11-19T06:18:35.056000+00:00,31.1,34.851,37.44,,205.0,False,103.391,"[None, 2048, 2048, 2048, 2048, 2048]","[2048, 2048, 2048, 2048, 2049, 2049, 2049]","[2049, 2048, 2048, 2049, 2048, 2049, 2051, 2051]",276.0
1225,9189,3,7,2023-11-19T06:18:36.228000+00:00,31.601,34.921,38.222,170.0,206.0,False,104.744,"[None, 2048, 2048, 2048, 2048, 2048]","[2048, 2048, 2048, 2048, 2048, 2048, 2049]","[2049, 2048, 2048, 2048, 2048, 2049, 2049]",258.0
1225,9189,24,7,2023-11-19T06:18:36.509000+00:00,30.669,34.589,37.805,173.0,208.0,False,103.063,"[None, 2048, 2048, 2048, 2049, 2048]","[2048, 2048, 2048, 2048, 2048, 2048, 2049]","[2049, 2048, 2048, 2049, 2049, 2051, 2049]",255.0
1225,9189,18,7,2023-11-19T06:18:37.571000+00:00,31.064,34.632,38.094,168.0,207.0,False,103.79,"[None, 2048, 2048, 2048, 2048, 2048]","[2048, 2049, 2048, 2049, 2048, 2048, 2048]","[2049, 2048, 2048, 2049, 2049, 2049, 2049, 2048]",265.0
1225,9189,11,7,2023-11-19T06:18:38.056000+00:00,31.041,34.803,38.389,172.0,204.0,False,104.233,"[None, 2048, 2048, 2048, 2048, 2048]","[2048, 2048, 2048, 2048, 2049, 2049, 2049]","[2049, 2049, 2049, 2049, 2048, 2048, 2049, 2049]",299.0
1225,9189,55,7,2023-11-19T06:18:38.415000+00:00,31.289,34.562,38.699,168.0,207.0,False,104.55,"[None, 2048, 2048, 2049, 2048, 2048]","[2048, 2048, 2048, 2048, 2048, 2048, 2049]","[2049, 2049, 2049, 2051, 2049, 2048, 2048, 2048]",296.0
1225,9189,14,7,2023-11-19T06:18:38.477000+00:00,31.294,35.043,37.78,177.0,205.0,False,104.117,"[None, 2048, 2048, 2048, 2048, 2048]","[2048, 2048, 2048, 2048, 2049, 2049, 2048]","[2049, 2049, 2049, 2049, 2048, 2049, 2048]",302.0
1225,9189,77,7,2023-11-19T06:18:39.774000+00:00,31.105,35.059,38.287,171.0,202.0,False,104.451,"[None, 2048, 2048, 2048, 2048, 2049]","[2049, 2049, 2049, 2048, 2048, 2048, 2048]","[2049, 2049, 2049, 2049, 2048, 2048, 2049, 2048]",258.0
1225,9189,1,8,2023-11-19T06:20:09.757000+00:00,29.033,33.306,37.803,176.0,206.0,False,100.142,"[None, 2049, 2048, 2049, 2049, 2051]","[2048, 2049, 2048, 2048, 2048, 2048, 2051]","[2049, 2049, 2049, 2048, 2049, 2049, 2049, 2049]",293.0
1225,9189,16,8,2023-11-19T06:20:11.585000+00:00,29.178,33.539,37.676,170.0,206.0,False,100.393,"[2048, 2049, 2049, 2048, 2051, 2049]","[2048, 2049, 2049, 2048, 2048, 2048, 2049]","[2049, 2049, 2049, 2048, 2049, 2049, 2049, 2048]",305.0
1225,9189,63,8,2023-11-19T06:20:12.710000+00:00,29.401,33.692,37.594,172.0,207.0,False,100.687,"[None, 2049, 2049, 2048, 2049, 2049]","[2048, 2049, 2049, 2049, 2049, 2049, 2049]","[2048, 2049, 2049, 2048, 2049, 2049, 2049, 2049]",280.0
1225,9189,10,8,2023-11-19T06:20:13.491000+00:00,29.429,33.494,37.637,177.0,208.0,False,100.56,"[None, 2051, 2049, 2048, 2049, 2049]","[2049, 2049, 2051, 2051, 2048, 2049, 2048]","[2049, 2049, 2048, 2048, 2049, 2049, 2049]",274.0
1225,9189,23,8,2023-11-19T06:20:14.054000+00:00,29.44,33.705,37.537,174.0,207.0,False,100.682,"[2049, 2049, 2049, 2049, 2048, 2049]","[2049, 2049, 2049, 2048, 2048, 2049, 2048]","[2048, 2049, 2048, 2049, 2049, 2048, 2049, 2049]",262.0
1225,9189,2,8,2023-11-19T06:20:15.007000+00:00,29.415,33.767,37.635,173.0,205.0,False,100.817,"[None, 2049, 2049, 2049, 2049, 2049]","[2049, 2049, 2049, 2049, 2049, 2049, 2048]","[2048, 2048, 2049, 2048, 2048, 2048, 2048, 2048]",263.0
1225,9189,20,8,2023-11-19T06:20:16.194000+00:00,29.529,34.145,37.705,166.0,203.0,False,101.379,"[2049, 2049, 2049, 2049, 2049, 2049]","[2048, 2049, 2048, 2049, 2048, 2051, 2049]","[2048, 2048, 2049, 2049, 2051, 2048, 2048, 2048]",326.0
1225,9189,31,8,2023-11-19T06:20:16.648000+00:00,29.515,34.205,37.293,176.0,206.0,False,101.013,"[2049, 2049, 2048, 2049, 2049, 2049]","[2048, 2049, 2049, 2048, 2048, 2049, 2049]","[2048, 2048, 2049, 2051, 2049, 2049, 2049, 2048]",284.0
1225,9189,27,8,2023-11-19T06:20:17.210000+00:00,30.276,34.113,37.621,174.0,207.0,False,102.01,"[2049, 2048, 2048, 2049, 2048, 2048]","[2048, 2049, 2049, 2049, 2048, 2049, 2049]","[2048, 2048, 2048, 2048, 2049, 2049, 2049]",278.0
1225,9189,81,8,2023-11-19T06:20:17.382000+00:00,29.544,33.952,37.428,174.0,206.0,False,100.924,"[2048, 2049, 2049, 2051, 2049, 2049]","[2049, 2049, 2048, 2048, 2048, 2048, 2049]","[2049, 2049, 2049, 2048, 2049, 2048, 2048]",275.0
1225,9189,22,8,2023-11-19T06:20:18.366000+00:00,30.596,34.24,37.467,173.0,204.0,False,102.303,"[2049, 2048, 2048, 2048, 2048, 2049]","[2048, 2048, 2048, 2048, 2049, 2048, 2049]","[2048, 2049, 2049, 2049, 2049, 2049, 2049, 2049]",280.0
1225,9189,44,8,2023-11-19T06:20:18.507000+00:00,29.768,34.08,37.356,174.0,206.0,False,101.204,"[None, 2048, 2048, 2048, 2049, 2048]","[2049, 2048, 2048, 2049, 2048, 2049, 2049]","[2048, 2048, 2048, 2048, 2048, 2049, 2048, 2048]",271.0
1225,9189,24,8,2023-11-19T06:20:19.491000+00:00,30.108,34.193,37.695,175.0,209.0,False,101.996,"[2049, 2049, 2048, 2049, 2048, 2048]","[2048, 2051, 2049, 2049, 2048, 2048, 2049]","[2049, 2048, 2048, 2048, 2049, 2049, 2048, 2048]",277.0
1225,9189,3,8,2023-11-19T06:20:20.929000+00:00,30.048,33.949,37.636,174.0,207.0,False,101.633,"[2049, 2048, 2048, 2048, 2049, 2048]","[2048, 2048, 2048, 2049, 2049, 2048, 2049]","[2049, 2049, 2048, 2048, 2049, 2049, 2049, 2049]",284.0
1225,9189,18,8,2023-11-19T06:20:21.273000+00:00,30.128,33.984,37.656,172.0,209.0,False,101.768,"[None, 2049, 2048, 2049, 2048, 2048]","[2048, 2049, 2048, 2049, 2048, 2049, 2049]","[2049, 2049, 2048, 2048, 2049, 2049, 2049, 2049]",289.0
1225,9189,11,8,2023-11-19T06:20:22.273000+00:00,29.532,34.177,37.686,175.0,206.0,False,101.395,"[None, 2049, 2049, 2049, 2049, 2048]","[2048, 2048, 2048, 2048, 2049, 2049, 2049]","[2049, 2049, 2049, 2048, 2048, 2049, 2049, 2048]",286.0
1225,9189,14,8,2023-11-19T06:20:22.569000+00:00,29.707,34.05,37.49,175.0,206.0,False,101.247,"[None, 2048, 2048, 2048, 2048, 2048]","[2048, 2048, 2049, 2049, 2049, 2049, 2048]","[2049, 2049, 2049, 2049, 2048, 2051, 2049]",274.0
1225,9189,55,8,2023-11-19T06:20:22.851000+00:00,29.82,34.096,37.788,171.0,208.0,False,101.704,"[None, 2048, 2048, 2049, 2048, 2048]","[2048, 2048, 2048, 2048, 2048, 2048, 2049]","[2048, 2048, 2048, 2048, 2049, 2049, 2048, 2049]",247.0
1225,9189,77,8,2023-11-19T06:20:24.335000+00:00,29.838,34.395,37.926,,202.0,False,102.159,"[None, 2049, 2049, 2049, 2048, 2049]","[2049, 2049, 2049, 2049, 2049, 2049, 2048]","[2048, 2049, 2049, 2048, 2048, 2049, 2048, 2049]",285.0
1225,9189,1,9,2023-11-19T06:21:50.052000+00:00,28.653,33.163,37.853,177.0,205.0,False,99.669,"[None, 2049, 2051, 2049, 2049, 2051]","[2048, 2051, 2048, 2049, 2048, 2049, 2048]","[2048, 2049, 2049, 2049, 2048, 2048, 2048, 2048]",293.0
1225,9189,16,9,2023-11-19T06:21:51.974000+00:00,28.817,33.333,37.605,173.0,206.0,False,99.755,"[None, 2049, 2049, 2049, 2051, 2049]","[2051, 2048, 2048, 2048, 2048, 2049, 2049]","[2048, 2049, 2049, 2049, 2049, 2048, 2048, 2048]",310.0
1225,9189,63,9,2023-11-19T06:21:53.458000+00:00,28.695,33.505,37.361,175.0,209.0,False,99.561,"[2049, 2049, 2049, 2049, 2049, 2049]","[2048, 2049, 2048, 2048, 2048, 2049, 2049]","[2049, 2049, 2049, 2048, 2049, 2048, 2049, 2048]",304.0
1225,9189,10,9,2023-11-19T06:21:54.052000+00:00,29.0,33.258,37.419,,208.0,False,99.677,"[None, 2049, 2049, 2049, 2049, 2049]","[2049, 2049, 2048, 2048, 2048, 2049, 2049]","[2048, 2049, 2049, 2049, 2049, 2049, 2049, 2048]",277.0
1225,9189,23,9,2023-11-19T06:21:54.740000+00:00,29.246,33.613,37.511,172.0,207.0,False,100.37,"[None, 2048, 2048, 2048, 2049, 2048]","[2049, 2048, 2049, 2048, 2048, 2048, 2048]","[2048, 2048, 2048, 2049, 2049, 2048, 2048, 2048]",278.0
1225,9189,2,9,2023-11-19T06:21:55.802000+00:00,29.113,33.733,37.383,172.0,207.0,False,100.229,"[None, 2048, 2049, 2049, 2049, 2048]","[2049, 2049, 2048, 2049, 2049, 2048, 2049]","[2048, 2048, 2049, 2049, 2048, 2048, 2048, 2048]",279.0
1225,9189,20,9,2023-11-19T06:21:57.646000+00:00,29.256,33.79,38.033,168.0,205.0,False,101.079,"[None, 2049, 2049, 2049, 2049, 2049]","[2049, 2049, 2049, 2049, 2048, 2048, 2048]","[2049, 2049, 2049, 2049, 2048, 2049, 2049, 2048]",298.0
1225,9189,31,9,2023-11-19T06:21:57.724000+00:00,29.491,33.783,37.042,179.0,206.0,False,100.316,"[None, 2048, 2048, 2049, 2049, 2049]","[2048, 2049, 2049, 2049, 2048, 2049, 2048]","[2049, 2051, 2049, 2049, 2049, 2049, 2048]",296.0
1225,9189,81,9,2023-11-19T06:21:58.318000+00:00,29.614,33.393,37.332,175.0,208.0,False,100.339,"[None, 2051, 2049, 2048, 2049, 2049]","[2049, 2049, 2049, 2049, 2049, 2049, 2049]","[2049, 2049, 2049, 2049, 2048, 2048, 2049, 2049]",276.0
1225,9189,27,9,2023-11-19T06:21:59.130000+00:00,29.385,33.714,37.323,173.0,208.0,False,100.422,"[None, 2049, 2049, 2049, 2048, 2049]","[2048, 2049, 2048, 2049, 2048, 2049, 2049]","[2048, 2048, 2049, 2049, 2049, 2048, 2048, 2048]",287.0
1225,9189,44,9,2023-11-19T06:21:59.630000+00:00,29.402,33.914,36.8,170.0,208.0,False,100.116,"[None, 2049, 2048, 2049, 2048, 2048]","[2048, 2048, 2049, 2049, 2048, 2048, 2049]","[2049, 2048, 2049, 2051, 2048, 2049, 2048, 2051]",285.0
1225,9189,22,9,2023-11-19T06:22:00.755000+00:00,29.66,33.992,37.909,176.0,205.0,False,101.561,"[2048, 2049, 2049, 2049, 2049, 2049]","[2048, 2048, 2048, 2048, 2049, 2049, 2049]","[2048, 2049, 2049, 2049, 2048, 2049, 2048, 2048]",274.0
1225,9189,24,9,2023-11-19T06:22:01.615000+00:00,29.351,33.767,37.695,178.0,209.0,False,100.813,"[2048, 2049, 2048, 2051, 2048, 2049]","[2048, 2048, 2048, 2048, 2048, 2048, 2049]","[2051, 2049, 2049, 2049, 2048, 2048, 2048, 2048]",261.0
1225,9189,3,9,2023-11-19T06:22:02.614000+00:00,29.348,33.449,37.638,177.0,206.0,False,100.435,"[2048, 2049, 2048, 2049, 2049, 2048]","[2048, 2049, 2049, 2049, 2049, 2049, 2048]","[2049, 2049, 2049, 2049, 2048, 2048, 2049, 2048]",290.0
1225,9189,18,9,2023-11-19T06:22:03.130000+00:00,29.454,33.478,37.414,174.0,207.0,False,100.346,"[None, 2049, 2049, 2049, 2048, 2049]","[2049, 2049, 2049, 2049, 2048, 2049, 2048]","[2048, 2048, 2049, 2049, 2049, 2048, 2048, 2049]",289.0
1225,9189,11,9,2023-11-19T06:22:03.583000+00:00,29.26,33.751,37.001,,206.0,False,100.012,"[None, 2049, 2049, 2049, 2048, 2048]","[2049, 2048, 2048, 2049, 2049, 2049, 2049]","[2048, 2049, 2049, 2049, 2049, 2048, 2049, 2049]",286.0
1225,9189,14,9,2023-11-19T06:22:03.833000+00:00,29.51,33.832,37.135,172.0,206.0,False,100.477,"[None, 2048, 2048, 2049, 2049, 2048]","[2048, 2048, 2049, 2048, 2048, 2049, 2049]","[2048, 2049, 2049, 2049, 2049, 2048, 2048]",291.0
1225,9189,55,9,2023-11-19T06:22:04.693000+00:00,29.136,33.893,37.305,173.0,208.0,False,100.334,"[2049, 2049, 2049, 2049, 2049, 2048]","[2048, 2048, 2049, 2049, 2048, 2048, 2049]","[2049, 2049, 2051, 2049, 2049, 2048, 2049, 2048]",255.0
1225,9189,77,9,2023-11-19T06:22:06.427000+00:00,29.83,33.897,37.65,168.0,199.0,False,101.377,"[None, 2049, 2048, 2049, 2048, 2048]","[2049, 2049, 2048, 2049, 2049, 2049, 2049]","[2048, 2048, 2049, 2049, 2049, 2049, 2049, 2049]",304.0
1225,9189,1,10,2023-11-19T06:23:29.582000+00:00,28.549,33.175,37.76,,206.0,False,99.484,"[None, 2048, 2051, 2049, 2049, 2048]","[2048, 2048, 2049, 2049, 2048, 2048, 2051]","[2049, 2049, 2048, 2048, 2049, 2048, 2048]",297.0
1225,9189,16,10,2023-11-19T06:23:31.738000+00:00,28.58,33.053,37.474,177.0,204.0,False,99.107,"[None, 2049, 2048, 2048, 2049, 2049]","[2048, 2049, 2048, 2049, 2049, 2051, 2048]","[2049, 2049, 2048, 2048, 2051, 2049, 2048]",309.0
1225,9189,63,10,2023-11-19T06:23:32.894000+00:00,28.737,33.403,37.376,176.0,209.0,False,99.516,"[None, 2051, 2048, 2048, 2049, 2048]","[2049, 2048, 2048, 2048, 2049, 2049, 2049]","[2049, 2049, 2048, 2049, 2048, 2048, 2048, 2049]",310.0
1225,9189,10,10,2023-11-19T06:23:33.800000+00:00,28.837,32.995,37.173,178.0,208.0,False,99.005,"[None, 2049, 2049, 2048, 2048, 2049]","[2049, 2051, 2051, 2051, 2048, 2049, 2049]","[2049, 2049, 2049, 2049, 2049, 2049, 2051]",272.0
1225,9189,23,10,2023-11-19T06:23:35.097000+00:00,29.277,33.335,37.485,174.0,207.0,False,100.097,"[2048, 2048, 2049, 2048, 2048, 2049]","[2048, 2049, 2048, 2049, 2051, 2049, 2049]","[2048, 2048, 2048, 2048, 2049, 2048, 2048, 2048]",300.0
1225,9189,2,10,2023-11-19T06:23:36.003000+00:00,29.346,33.622,37.203,,207.0,False,100.171,"[2048, 2048, 2048, 2048, 2048, 2048]","[2048, 2049, 2048, 2048, 2049, 2049, 2049]","[2048, 2048, 2048, 2048, 2049, 2049, 2048, 2049]",287.0
1225,9189,31,10,2023-11-19T06:23:37.847000+00:00,28.906,33.5,37.322,,207.0,False,99.728,"[None, 2049, 2049, 2048, 2049, 2049]","[2049, 2049, 2049, 2049, 2049, 2048, 2049]","[2048, 2048, 2048, 2048, 2049, 2049, 2048, 2048]",298.0
1225,9189,20,10,2023-11-19T06:23:38.738000+00:00,29.026,33.976,38.087,167.0,205.0,False,101.089,"[2048, 2049, 2048, 2049, 2051, 2048]","[2048, 2049, 2048, 2049, 2048, 2048, 2048]","[2049, 2049, 2048, 2048, 2048, 2049, 2048, 2048]",277.0
1225,9189,81,10,2023-11-19T06:23:38.753000+00:00,29.325,33.889,37.134,164.0,206.0,False,100.348,"[None, 2048, 2049, 2048, 2049, 2048]","[2048, 2048, 2048, 2048, 2048, 2049, 2048]","[2051, 2049, 2048, 2048, 2049, 2048, 2048, 2048]",289.0
1225,9189,27,10,2023-11-19T06:23:39.691000+00:00,29.365,34.004,38.299,171.0,206.0,False,101.668,"[2048, 2048, 2048, 2048, 2049, 2049]","[2048, 2049, 2048, 2048, 2048, 2048, 2048]","[2048, 2048, 2048, 2048, 2048, 2048, 2048, 2048]",249.0
1225,9189,44,10,2023-11-19T06:23:39.816000+00:00,29.472,34.096,36.542,174.0,207.0,False,100.11,"[None, 2048, 2048, 2048, 2049, 2048]","[2048, 2048, 2048, 2049, 2048, 2049, 2048]","[2049, 2051, 2051, 2048, 2049, 2048, 2048, 2051]",295.0
1225,9189,22,10,2023-11-19T06:23:42.285000+00:00,30.226,34.257,43.784,174.0,204.0,False,108.267,"[None, 2048, 2048, 2049, 2049, 2048]","[2049, 2048, 2048, 2048, 2048, 2048, 2048]","[2049, 2048, 2048, 2048, 2048, 2048, 2048, 2064]",269.0
1225,9189,24,10,2023-11-19T06:23:42.503000+00:00,28.919,33.481,37.333,176.0,208.0,False,99.733,"[None, 2049, 2049, 2048, 2049, 2049]","[2048, 2048, 2048, 2048, 2048, 2049, 2049]","[2048, 2048, 2048, 2048, 2048, 2051, 2049]",276.0
1225,9189,3,10,2023-11-19T06:23:42.956000+00:00,29.935,34.241,37.412,175.0,206.0,False,101.588,"[None, 2048, 2048, 2048, 2048, 2048]","[2048, 2048, 2048, 2048, 2048, 2048, 2048]","[2049, 2049, 2049, 2049, 2048, 2049, 2048]",282.0
1225,9189,18,10,2023-11-19T06:23:43.472000+00:00,29.931,34.198,38.231,177.0,208.0,False,102.36,"[None, 2048, 2048, 2048, 2049, 2048]","[2048, 2048, 2048, 2048, 2048, 2048, 2048]","[2049, 2049, 2049, 2049, 2048, 2048, 2048, 2048]",282.0
1225,9189,11,10,2023-11-19T06:23:43.613000+00:00,30.276,34.164,37.548,173.0,206.0,False,101.988,"[None, 2048, 2048, 2051, 2048, 2048]","[2048, 2048, 2048, 2048, 2048, 2048, 2048]","[2049, 2049, 2049, 2049, 2048, 2049, 2048]",292.0
1225,9189,14,10,2023-11-19T06:23:44.394000+00:00,29.587,34.488,37.605,,206.0,False,101.68,"[None, 2048, 2048, 2049, 2049, 2048]","[2048, 2048, 2048, 2048, 2048, 2048, 2048]","[2049, 2049, 2049, 2048, 2048, 2048, 2048, 2048]",290.0
1225,9189,55,10,2023-11-19T06:23:44.956000+00:00,29.302,34.688,37.355,174.0,204.0,False,101.345,"[2048, 2048, 2048, 2049, 2049, 2048]","[2048, 2048, 2048, 2048, 2049, 2048, 2048]","[2048, 2048, 2048, 2048, 2049, 2049, 2049, 2049]",273.0
1225,9189,77,10,2023-11-19T06:23:47.878000+00:00,29.267,34.909,37.678,171.0,188.0,False,101.854,"[None, 2049, 2049, 2049, 2049, 2048]","[2048, 2048, 2049, 2049, 2049, 2049, 2048]","[2048, 2048, 2048, 2049, 2049, 2048, 2048, 2049]",309.0
1225,9189,1,11,2023-11-19T06:25:09.002000+00:00,28.393,32.747,37.623,,207.0,False,98.763,"[None, 2049, 2051, 2049, 2048, 2048]","[2048, 2049, 2048, 2049, 2049, 2049, 2051]","[2049, 2049, 2049, 2049, 2049, 2048, 2048]",299.0
1225,9189,16,11,2023-11-19T06:25:10.799000+00:00,28.491,32.971,37.381,,205.0,False,98.843,"[2049, 2048, 2049, 2049, 2048, 2051]","[2048, 2049, 2049, 2049, 2048, 2048, 2049]","[2049, 2049, 2049, 2048, 2051, 2049, 2049, 2048]",311.0
1225,9189,63,11,2023-11-19T06:25:12.439000+00:00,28.591,33.286,37.233,177.0,210.0,False,99.11,"[None, 2048, 2048, 2048, 2048, 2049]","[2048, 2048, 2048, 2049, 2049, 2049, 2049]","[2049, 2049, 2048, 2048, 2049, 2049, 2049, 2048]",297.0
1225,9189,10,11,2023-11-19T06:25:12.736000+00:00,29.076,33.124,37.246,,208.0,False,99.446,"[None, 2048, 2048, 2049, 2049, 2049]","[2048, 2048, 2048, 2048, 2048, 2049, 2049]","[2049, 2048, 2048, 2048, 2049, 2048, 2048, 2048]",274.0
1225,9189,23,11,2023-11-19T06:25:15.236000+00:00,29.175,33.272,37.517,,207.0,False,99.964,"[2049, 2048, 2048, 2048, 2049, 2049]","[2049, 2049, 2049, 2048, 2048, 2049, 2048]","[2048, 2048, 2048, 2048, 2048, 2048, 2048, 2048]",300.0
1225,9189,2,11,2023-11-19T06:25:16.205000+00:00,29.202,33.495,37.19,175.0,206.0,False,99.887,"[None, 2048, 2048, 2048, 2048, 2049]","[2049, 2048, 2048, 2049, 2049, 2048, 2048]","[2048, 2048, 2048, 2048, 2048, 2048, 2049, 2049]",291.0
1225,9189,31,11,2023-11-19T06:25:17.845000+00:00,28.751,33.558,37.204,180.0,207.0,False,99.513,"[None, 2048, 2049, 2049, 2049, 2049]","[2049, 2048, 2048, 2048, 2049, 2048, 2048]","[2048, 2048, 2048, 2048, 2049, 2048, 2048, 2049]",300.0
1225,9189,81,11,2023-11-19T06:25:19.080000+00:00,29.309,33.289,37.405,174.0,206.0,False,100.003,"[None, 2048, 2048, 2048, 2048, 2048]","[2048, 2048, 2049, 2049, 2048, 2049, 2048]","[2048, 2048, 2048, 2048, 2049, 2048, 2048, 2048]",291.0
1225,9189,20,11,2023-11-19T06:25:19.689000+00:00,29.348,33.672,37.783,171.0,207.0,False,100.803,"[None, 2049, 2048, 2048, 2048, 2049]","[2048, 2049, 2049, 2049, 2048, 2048, 2049]","[2049, 2049, 2049, 2048, 2048, 2049, 2049, 2048]",323.0
1225,9189,44,11,2023-11-19T06:25:19.861000+00:00,29.475,33.888,36.748,175.0,207.0,False,100.111,"[None, 2049, 2048, 2048, 2048, 2048]","[2048, 2048, 2049, 2049, 2048, 2048, 2049]","[2048, 2048, 2048, 2048, 2048, 2048, 2048]",310.0
1225,9189,27,11,2023-11-19T06:25:21.220000+00:00,29.462,33.942,38.517,173.0,206.0,False,101.921,"[2049, 2048, 2048, 2048, 2048, 2049]","[2049, 2048, 2048, 2048, 2048, 2049, 2048]","[2048, 2048, 2048, 2048, 2048, 2048, 2048, 2048]",255.0
1225,9189,24,11,2023-11-19T06:25:22.064000+00:00,29.115,33.873,37.076,173.0,209.0,False,100.064,"[None, 2048, 2048, 2051, 2048, 2048]","[2048, 2048, 2048, 2048, 2048, 2048, 2048]","[2049, 2049, 2048, 2048, 2048, 2048, 2048]",258.0
1225,9189,3,11,2023-11-19T06:25:24.439000+00:00,29.182,33.379,38.301,177.0,206.0,False,100.862,"[None, 2049, 2048, 2048, 2049, 2048]","[2048, 2049, 2049, 2049, 2049, 2048, 2048]","[2048, 2048, 2048, 2048, 2048, 2048, 2048]",280.0
1225,9189,11,11,2023-11-19T06:25:25.611000+00:00,29.08,33.088,37.143,177.0,206.0,False,99.311,"[None, 2048, 2049, 2048, 2049, 2049]","[2049, 2049, 2049, 2049, 2049, 2049, 2049]","[2048, 2048, 2048, 2049, 2049, 2048, 2048]",321.0
1225,9189,18,11,2023-11-19T06:25:25.798000+00:00,29.497,33.228,37.284,179.0,208.0,False,100.009,"[None, 2048, 2048, 2049, 2049, 2049]","[2049, 2048, 2048, 2049, 2048, 2049, 2049]","[2048, 2048, 2048, 2048, 2049, 2048, 2048, 2049]",308.0
1225,9189,14,11,2023-11-19T06:25:26.002000+00:00,29.953,33.676,37.15,182.0,208.0,False,100.779,"[None, 2049, 2048, 2048, 2048, 2048]","[2048, 2048, 2048, 2049, 2049, 2048, 2049]","[2049, 2048, 2048, 2048, 2048, 2048, 2048, 2048]",287.0
1225,9189,55,11,2023-11-19T06:25:26.220000+00:00,29.553,33.372,37.028,173.0,208.0,False,99.953,"[None, 2048, 2048, 2049, 2049, 2048]","[2048, 2048, 2049, 2048, 2048, 2049, 2049]","[2048, 2048, 2048, 2048, 2049, 2049, 2048]",289.0
1225,9189,77,11,2023-11-19T06:25:29.752000+00:00,29.574,33.793,37.396,175.0,203.0,False,100.763,"[None, 2049, 2048, 2048, 2048, 2049]","[2049, 2048, 2048, 2048, 2049, 2048, 2049]","[2049, 2048, 2048, 2049, 2049, 2048, 2048, 2049]",311.0
1225,9189,22,11,2023-11-19T06:25:30.517000+00:00,46.271,34.983,37.926,169.0,203.0,True,119.18,"[2064, 2064, 2048, 2048, 2048, 2048]","[2048, 2048, 2048, 2048, 2048, 2048, 2048]","[2048, 2048, 2048, 2048, 2048, 2048, 2048, 2048]",290.0
1225,9189,1,12,2023-11-19T06:26:47.781000+00:00,28.375,32.794,37.604,179.0,206.0,False,98.773,"[None, 2049, 2051, 2048, 2048, 2051]","[2051, 2048, 2048, 2049, 2048, 2048, 2048]","[2048, 2049, 2048, 2048, 2049, 2049, 2049, 2049]",297.0
1225,9189,16,12,2023-11-19T06:26:49.750000+00:00,28.454,33.166,37.335,175.0,205.0,False,98.955,"[2051, 2048, 2049, 2048, 2049, 2048]","[2048, 2048, 2048, 2048, 2049, 2048, 2049]","[2048, 2048, 2048, 2048, 2051, 2049, 2049, 2048]",311.0
1225,9189,63,12,2023-11-19T06:26:51.641000+00:00,28.422,33.28,37.077,178.0,208.0,False,98.779,"[2048, 2048, 2049, 2049, 2049, 2049]","[2048, 2048, 2048, 2048, 2049, 2048, 2048]","[2048, 2049, 2049, 2048, 2049, 2049, 2048, 2048]",318.0
1225,9189,10,12,2023-11-19T06:26:52.156000+00:00,28.746,33.163,37.179,179.0,208.0,False,99.088,"[2049, 2048, 2049, 2049, 2049, 2049]","[2049, 2048, 2048, 2048, 2048, 2048, 2048]","[2048, 2048, 2048, 2048, 2049, 2048, 2048, 2048]",290.0
1225,9189,23,12,2023-11-19T06:26:55.172000+00:00,28.564,33.37,37.349,,206.0,False,99.283,"[None, 2049, 2049, 2049, 2049, 2048]","[2048, 2049, 2048, 2048, 2048, 2049, 2048]","[2048, 2048, 2048, 2048, 2049, 2048, 2048]",306.0
1225,9189,2,12,2023-11-19T06:26:56.141000+00:00,28.973,33.267,37.117,176.0,207.0,False,99.357,"[None, 2048, 2049, 2049, 2049, 2049]","[2049, 2049, 2048, 2049, 2049, 2049, 2048]","[2048, 2048, 2048, 2048, 2049, 2049, 2049, 2049]",293.0
1225,9189,31,12,2023-11-19T06:26:57.281000+00:00,28.784,33.351,37.214,,207.0,False,99.349,"[2048, 2048, 2048, 2048, 2049, 2048]","[2048, 2049, 2048, 2048, 2049, 2049, 2049]","[2048, 2048, 2048, 2048, 2048, 2048, 2048, 2049]",307.0
1225,9189,81,12,2023-11-19T06:26:59.015000+00:00,28.746,33.114,37.17,176.0,206.0,False,99.03,"[None, 2048, 2048, 2048, 2049, 2049]","[2049, 2049, 2049, 2049, 2048, 2048, 2048]","[2048, 2048, 2048, 2048, 2049, 2049, 2048, 2048]",309.0
1225,9189,44,12,2023-11-19T06:26:59.969000+00:00,28.84,33.222,36.838,174.0,207.0,False,98.9,"[None, 2048, 2049, 2049, 2048, 2049]","[2049, 2048, 2049, 2049, 2049, 2049, 2048]","[2048, 2048, 2048, 2048, 2049, 2049, 2048, 2048]",308.0
1225,9189,20,12,2023-11-19T06:27:00.578000+00:00,28.851,33.567,37.499,168.0,205.0,False,99.917,"[None, 2049, 2049, 2048, 2048, 2048]","[2048, 2049, 2048, 2049, 2049, 2048, 2049]","[2048, 2049, 2049, 2049, 2048, 2048, 2048, 2048]",287.0
1225,9189,24,12,2023-11-19T06:27:02.125000+00:00,28.77,33.464,37.421,180.0,209.0,False,99.655,"[None, 2048, 2049, 2048, 2049, 2049]","[2048, 2048, 2048, 2048, 2048, 2048, 2049]","[2048, 2048, 2048, 2048, 2049, 2048, 2048, 2048]",288.0
1225,9189,27,12,2023-11-19T06:27:03.203000+00:00,29.205,34.067,42.53,,205.0,False,105.802,"[2048, 2048, 2048, 2048, 2048, 2048]","[2048, 2048, 2048, 2048, 2048, 2049, 2048]","[2048, 2048, 2048, 2048, 2048, 2048, 2048, 2064]",240.0
1225,9189,11,12,2023-11-19T06:27:04.890000+00:00,28.814,33.127,37.233,176.0,207.0,False,99.174,"[None, 2049, 2049, 2048, 2049, 2048]","[2048, 2049, 2049, 2048, 2048, 2049, 2049]","[2049, 2049, 2049, 2048, 2048, 2048, 2048, 2048]",258.0
1225,9189,3,12,2023-11-19T06:27:05.562000+00:00,29.065,33.484,38.255,179.0,207.0,False,100.804,"[None, 2048, 2049, 2049, 2048, 2049]","[2048, 2048, 2048, 2048, 2048, 2049, 2049]","[2048, 2048, 2048, 2048, 2048, 2048, 2048, 2048]",250.0
1225,9189,18,12,2023-11-19T06:27:05.812000+00:00,29.25,33.466,37.016,178.0,209.0,False,99.732,"[None, 2049, 2048, 2048, 2049, 2048]","[2048, 2048, 2048, 2048, 2049, 2048, 2049]","[2049, 2048, 2048, 2049, 2049, 2048, 2048, 2048]",301.0
1225,9189,55,12,2023-11-19T06:27:06.140000+00:00,29.254,33.511,37.467,174.0,208.0,False,100.232,"[None, 2049, 2049, 2051, 2048, 2048]","[2048, 2048, 2048, 2048, 2048, 2048, 2048]","[2048, 2048, 2048, 2049, 2048, 2048, 2048, 2048]",286.0
1225,9189,14,12,2023-11-19T06:27:06.843000+00:00,29.278,33.649,37.107,177.0,207.0,False,100.034,"[None, 2049, 2048, 2048, 2048, 2048]","[2048, 2048, 2048, 2048, 2048, 2048, 2049]","[2048, 2048, 2048, 2048, 2048, 2049, 2049]",306.0
1225,9189,77,12,2023-11-19T06:27:10.531000+00:00,29.192,33.828,37.49,177.0,203.0,False,100.51,"[None, 2048, 2049, 2048, 2049, 2049]","[2048, 2048, 2049, 2049, 2048, 2048, 2048]","[2049, 2048, 2048, 2048, 2048, 2049, 2048, 2048]",303.0
1225,9189,22,12,2023-11-19T06:27:29.687000+00:00,29.342,33.159,37.68,176.0,206.0,False,100.181,"[2049, 2048, 2049, 2049, 2048, 2049]","[2049, 2048, 2049, 2049, 2048, 2049, 2049]","[2048, 2048, 2048, 2048, 2049, 2049, 2048, 2048]",286.0
1225,9189,1,13,2023-11-19T06:28:26.702000+00:00,28.319,32.875,37.565,,207.0,False,98.759,"[None, 2048, 2051, 2049, 2048, 2048]","[2048, 2048, 2048, 2049, 2049, 2048, 2049]","[2049, 2049, 2049, 2048, 2048, 2049, 2049, 2048]",293.0
1225,9189,16,13,2023-11-19T06:28:28.733000+00:00,28.222,33.18,37.202,178.0,206.0,False,98.604,"[2048, 2048, 2049, 2049, 2049, 2049]","[2048, 2048, 2048, 2048, 2048, 2048, 2049]","[2049, 2049, 2049, 2049, 2051, 2049, 2049]",312.0
1225,9189,63,13,2023-11-19T06:28:30.451000+00:00,28.638,33.198,37.168,,209.0,False,99.004,"[None, 2048, 2048, 2049, 2048, 2048]","[2048, 2048, 2048, 2049, 2049, 2048, 2048]","[2049, 2048, 2048, 2048, 2048, 2048, 2048, 2048]",322.0
1225,9189,10,13,2023-11-19T06:28:31.248000+00:00,28.639,33.456,37.315,178.0,207.0,False,99.41,"[None, 2048, 2049, 2048, 2049, 2049]","[2048, 2048, 2048, 2048, 2048, 2048, 2048]","[2048, 2048, 2048, 2048, 2049, 2048, 2048]",305.0
1225,9189,23,13,2023-11-19T06:28:34.498000+00:00,28.778,33.512,37.443,177.0,206.0,False,99.733,"[2048, 2048, 2049, 2049, 2048, 2049]","[2048, 2048, 2048, 2048, 2048, 2048, 2049]","[2048, 2048, 2048, 2048, 2048, 2048, 2048, 2048]",299.0
1225,9189,2,13,2023-11-19T06:28:35.467000+00:00,28.906,33.497,37.29,175.0,206.0,False,99.693,"[2049, 2048, 2049, 2049, 2048, 2048]","[2048, 2048, 2048, 2048, 2051, 2049, 2048]","[2048, 2048, 2048, 2048, 2048, 2048, 2048, 2048]",301.0
1225,9189,31,13,2023-11-19T06:28:36.608000+00:00,28.575,33.495,37.193,,206.0,False,99.263,"[2049, 2048, 2049, 2049, 2049, 2048]","[2048, 2048, 2048, 2048, 2049, 2048, 2048]","[2048, 2048, 2048, 2048, 2048, 2049, 2048, 2049]",286.0
1225,9189,81,13,2023-11-19T06:28:38.092000+00:00,28.446,33.094,37.095,178.0,206.0,False,98.635,"[2049, 2048, 2049, 2049, 2049, 2049]","[2049, 2048, 2048, 2049, 2049, 2049, 2048]","[2048, 2048, 2048, 2048, 2048, 2048, 2048, 2048]",298.0
1225,9189,44,13,2023-11-19T06:28:39.029000+00:00,28.521,33.232,36.742,177.0,207.0,False,98.495,"[2049, 2048, 2049, 2049, 2049, 2049]","[2048, 2049, 2048, 2048, 2049, 2048, 2049]","[2048, 2048, 2048, 2048, 2049, 2049, 2048, 2048]",311.0
1225,9189,20,13,2023-11-19T06:28:40.420000+00:00,28.936,33.079,37.777,170.0,204.0,False,99.792,"[None, 2048, 2049, 2048, 2048, 2049]","[2049, 2051, 2048, 2048, 2049, 2048, 2048]","[2048, 2048, 2048, 2048, 2048, 2048, 2048, 2048]",317.0
1225,9189,24,13,2023-11-19T06:28:41.857000+00:00,28.842,33.307,37.317,179.0,207.0,False,99.466,"[2049, 2048, 2048, 2048, 2048, 2049]","[2048, 2048, 2048, 2048, 2048, 2049, 2049]","[2048, 2048, 2048, 2048, 2049, 2048, 2048]",275.0
1225,9189,11,13,2023-11-19T06:28:44.076000+00:00,28.444,32.613,37.262,180.0,207.0,False,98.319,"[None, 2049, 2049, 2048, 2049, 2049]","[2051, 2048, 2051, 2049, 2048, 2049, 2051]","[2048, 2048, 2048, 2048, 2049, 2049, 2048, 2048]",299.0
1225,9189,18,13,2023-11-19T06:28:45.451000+00:00,28.645,33.119,37.292,,207.0,False,99.056,"[None, 2048, 2049, 2049, 2048, 2049]","[2048, 2049, 2048, 2049, 2048, 2049, 2049]","[2048, 2048, 2048, 2048, 2049, 2049, 2048]",314.0
1225,9189,3,13,2023-11-19T06:28:46.264000+00:00,29.845,34.031,38.083,175.0,206.0,False,101.959,"[None, 2048, 2048, 2048, 2048, 2048]","[2048, 2048, 2048, 2048, 2048, 2048, 2048]","[2048, 2048, 2048, 2048, 2048, 2048, 2048, 2048]",258.0
1225,9189,55,13,2023-11-19T06:28:46.373000+00:00,29.185,33.28,37.272,175.0,205.0,False,99.737,"[None, 2049, 2048, 2048, 2048, 2049]","[2048, 2049, 2049, 2048, 2048, 2049, 2048]","[2048, 2048, 2048, 2048, 2049, 2048, 2048, 2048]",303.0
1225,9189,14,13,2023-11-19T06:28:46.920000+00:00,29.509,34.114,36.786,180.0,207.0,False,100.409,"[None, 2048, 2048, 2049, 2048, 2048]","[2048, 2048, 2048, 2048, 2048, 2048, 2048]","[2049, 2049, 2049, 2048, 2049, 2048, 2048, 2049]",295.0
1225,9189,27,13,2023-11-19T06:28:48.904000+00:00,46.036,33.676,37.701,171.0,205.0,True,117.413,"[2064, 2064, 2048, 2048, 2048, 2048]","[2049, 2048, 2049, 2049, 2048, 2048, 2048]","[2048, 2048, 2048, 2048, 2049, 2049, 2048, 2048]",311.0
1225,9189,77,13,2023-11-19T06:28:50.967000+00:00,29.19,33.559,37.514,172.0,203.0,False,100.263,"[None, 2048, 2048, 2049, 2048, 2049]","[2049, 2048, 2049, 2049, 2048, 2048, 2048]","[2049, 2049, 2048, 2048, 2048, 2049, 2048]",302.0
1225,9189,22,13,2023-11-19T06:29:09.904000+00:00,29.274,33.18,37.474,177.0,204.0,False,99.928,"[2048, 2049, 2048, 2049, 2048, 2049]","[2048, 2049, 2048, 2048, 2048, 2049, 2048]","[2048, 2048, 2048, 2048, 2049, 2048, 2048]",296.0
1225,9189,1,14,2023-11-19T06:30:05.356000+00:00,28.376,32.926,37.64,180.0,206.0,False,98.942,"[2049, 2048, 2051, 2049, 2048, 2048]","[2048, 2048, 2048, 2049, 2048, 2048, 2049]","[2048, 2048, 2049, 2048, 2048, 2048, 2048, 2048]",298.0
1225,9189,16,14,2023-11-19T06:30:07.293000+00:00,28.121,33.139,37.229,179.0,207.0,False,98.489,"[None, 2049, 2049, 2049, 2049, 2048]","[2048, 2048, 2048, 2048, 2048, 2048, 2048]","[2049, 2049, 2049, 2049, 2048, 2048, 2049, 2049]",313.0
1225,9189,63,14,2023-11-19T06:30:09.340000+00:00,28.473,33.465,37.196,,208.0,False,99.134,"[2049, 2048, 2048, 2049, 2049, 2048]","[2048, 2048, 2048, 2048, 2048, 2048, 2048]","[2048, 2048, 2048, 2048, 2048, 2048, 2048, 2048]",324.0
1225,9189,10,14,2023-11-19T06:30:10.668000+00:00,28.677,33.58,37.519,179.0,206.0,False,99.776,"[2048, 2048, 2048, 2048, 2048, 2048]","[2048, 2048, 2048, 2048, 2048, 2048, 2048]","[2048, 2048, 2048, 2048, 2048, 2048, 2048, 2048]",301.0
1225,9189,23,14,2023-11-19T06:30:14.200000+00:00,28.836,33.639,37.567,176.0,205.0,False,100.042,"[2049, 2048, 2048, 2048, 2048, 2048]","[2048, 2048, 2048, 2048, 2048, 2048, 2048]","[2048, 2048, 2048, 2048, 2048, 2048, 2048, 2048]",311.0
1225,9189,2,14,2023-11-19T06:30:15.262000+00:00,29.266,34.654,38.244,174.0,206.0,False,102.164,"[2048, 2048, 2048, 2048, 2049, 2048]","[2048, 2048, 2048, 2048, 2048, 2048, 2048]","[2048, 2048, 2049, 2048, 2048, 2048, 2048, 2048]",286.0
1225,9189,31,14,2023-11-19T06:30:15.856000+00:00,28.801,33.535,37.177,,207.0,False,99.513,"[2048, 2048, 2048, 2049, 2048, 2048]","[2049, 2048, 2048, 2048, 2048, 2048, 2049]","[2048, 2048, 2048, 2048, 2049, 2048, 2048, 2048]",309.0
1225,9189,81,14,2023-11-19T06:30:16.746000+00:00,28.581,34.166,36.988,179.0,204.0,False,99.735,"[2048, 2048, 2048, 2049, 2048, 2048]","[2048, 2048, 2048, 2048, 2049, 2048, 2048]","[2048, 2048, 2048, 2051, 2048, 2048, 2048, 2048]",327.0
1225,9189,44,14,2023-11-19T06:30:17.418000+00:00,28.543,33.915,37.174,175.0,208.0,False,99.632,"[2048, 2049, 2048, 2048, 2049, 2048]","[2048, 2048, 2048, 2048, 2048, 2048, 2048]","[2049, 2048, 2048, 2049, 2048, 2048, 2048]",297.0
1225,9189,20,14,2023-11-19T06:30:20.262000+00:00,29.205,34.445,42.311,171.0,192.0,False,105.961,"[2049, 2048, 2048, 2048, 2048, 2048]","[2048, 2048, 2048, 2048, 2048, 2049, 2048]","[2048, 2049, 2048, 2049, 2048, 2048, 2048, 2064]",314.0
1225,9189,24,14,2023-11-19T06:30:21.324000+00:00,28.817,33.745,38.131,178.0,204.0,False,100.693,"[None, 2048, 2048, 2048, 2048, 2048]","[2048, 2048, 2048, 2048, 2048, 2049, 2048]","[2048, 2048, 2048, 2048, 2048, 2048, 2049, 2048]",266.0
1225,9189,11,14,2023-11-19T06:30:22.324000+00:00,28.587,33.321,37.427,,207.0,False,99.335,"[2049, 2048, 2049, 2048, 2048, 2048]","[2048, 2048, 2048, 2049, 2051, 2048, 2048]","[2049, 2049, 2048, 2048, 2048, 2048, 2048]",271.0
1225,9189,18,14,2023-11-19T06:30:24.621000+00:00,28.452,33.078,37.269,,207.0,False,98.799,"[2049, 2049, 2049, 2049, 2049, 2048]","[2049, 2048, 2048, 2048, 2048, 2049, 2048]","[2048, 2048, 2048, 2048, 2048, 2048, 2048]",316.0
1225,9189,55,14,2023-11-19T06:30:26.137000+00:00,28.235,33.024,36.931,178.0,206.0,False,98.19,"[2049, 2049, 2049, 2048, 2048, 2049]","[2049, 2049, 2048, 2048, 2049, 2049, 2048]","[2048, 2048, 2048, 2048, 2049, 2048, 2048]",309.0
1225,9189,14,14,2023-11-19T06:30:27.137000+00:00,28.213,32.873,36.878,179.0,206.0,False,97.964,"[2049, 2049, 2049, 2048, 2049, 2049]","[2049, 2049, 2049, 2049, 2049, 2051, 2049]","[2048, 2048, 2048, 2048, 2049, 2048, 2048, 2049]",302.0
1225,9189,3,14,2023-11-19T06:30:28.184000+00:00,29.456,33.729,37.686,179.0,207.0,False,100.871,"[None, 2048, 2048, 2048, 2048, 2048]","[2048, 2048, 2048, 2048, 2048, 2048, 2048]","[2048, 2048, 2048, 2048, 2048, 2049, 2048, 2048]",270.0
1225,9189,77,14,2023-11-19T06:30:31.090000+00:00,32.078,33.975,37.918,,203.0,False,103.971,"[2051, 2048, 2048, 2048, 2048, 2048]","[2048, 2048, 2048, 2049, 2048, 2048, 2049]","[2048, 2048, 2048, 2048, 2048, 2048, 2048, 2048]",299.0
1225,9189,27,14,2023-11-19T06:30:46.371000+00:00,28.767,33.204,37.501,176.0,210.0,False,99.472,"[2049, 2049, 2049, 2048, 2048, 2049]","[2048, 2049, 2049, 2049, 2048, 2048, 2049]","[2048, 2048, 2048, 2048, 2049, 2049, 2048, 2048]",316.0
1225,9189,22,14,2023-11-19T06:30:49.746000+00:00,29.411,33.529,37.394,175.0,206.0,False,100.334,"[None, 2048, 2048, 2048, 2048, 2048]","[2049, 2048, 2049, 2049, 2048, 2048, 2049]","[2049, 2048, 2048, 2048, 2049, 2048, 2048, 2048]",298.0
1225,9189,1,15,2023-11-19T06:31:44.354000+00:00,28.525,33.315,37.637,177.0,207.0,False,99.477,"[2048, 2048, 2048, 2048, 2048, 2048]","[2048, 2048, 2048, 2048, 2048, 2048, 2048]","[2048, 2049, 2049, 2048, 2048, 2048, 2048]",294.0
1225,9189,16,15,2023-11-19T06:31:45.745000+00:00,28.204,33.136,37.247,180.0,206.0,False,98.587,"[None, 2048, 2048, 2049, 2048, 2048]","[2048, 2048, 2048, 2048, 2049, 2048, 2048]","[2049, 2049, 2049, 2049, 2048, 2048, 2049, 2049]",295.0
1225,9189,63,15,2023-11-19T06:31:48.510000+00:00,28.702,33.763,41.641,177.0,207.0,False,104.106,"[2048, 2048, 2048, 2048, 2048, 2048]","[2048, 2048, 2048, 2048, 2048, 2048, 2048]","[2048, 2048, 2048, 2048, 2048, 2048, 2048, 2064]",320.0
1225,9189,10,15,2023-11-19T06:31:50.432000+00:00,29.001,33.79,37.542,176.0,204.0,False,100.333,"[None, 2048, 2048, 2048, 2048, 2048]","[2048, 2048, 2048, 2048, 2048, 2048, 2048]","[2048, 2048, 2048, 2048, 2048, 2048, 2048, 2048]",304.0
1225,9189,23,15,2023-11-19T06:31:54.182000+00:00,28.922,33.887,37.706,174.0,204.0,False,100.515,"[2048, 2048, 2048, 2048, 2048, 2048]","[2048, 2048, 2048, 2048, 2048, 2048, 2048]","[2048, 2048, 2048, 2048, 2048, 2048, 2048, 2048]",304.0
1225,9189,31,15,2023-11-19T06:31:55.354000+00:00,28.701,33.713,37.271,179.0,204.0,False,99.685,"[None, 2048, 2048, 2048, 2048, 2049]","[2048, 2048, 2048, 2048, 2048, 2048, 2048]","[2048, 2048, 2048, 2048, 2048, 2048, 2048]",300.0
1225,9189,81,15,2023-11-19T06:31:56.370000+00:00,28.608,33.642,37.102,176.0,205.0,False,99.352,"[2049, 2048, 2048, 2048, 2048, 2048]","[2048, 2048, 2048, 2048, 2048, 2048, 2048]","[2048, 2048, 2048, 2048, 2048, 2048, 2048, 2048]",311.0
1225,9189,44,15,2023-11-19T06:31:56.963000+00:00,28.721,33.677,36.634,177.0,207.0,False,99.032,"[None, 2048, 2048, 2048, 2048, 2049]","[2048, 2048, 2048, 2048, 2049, 2048, 2048]","[2048, 2048, 2048, 2048, 2048, 2049, 2048, 2051]",306.0
1225,9189,2,15,2023-11-19T06:31:57.385000+00:00,30.444,34.031,42.311,172.0,205.0,False,106.786,"[None, 2048, 2048, 2048, 2048, 2048]","[2048, 2048, 2048, 2048, 2048, 2048, 2048]","[2048, 2048, 2048, 2048, 2048, 2048, 2048, 2064]",299.0
1225,9189,11,15,2023-11-19T06:32:01.729000+00:00,28.318,32.77,37.135,,207.0,False,98.223,"[2048, 2049, 2049, 2048, 2048, 2048]","[2048, 2048, 2048, 2048, 2048, 2049, 2048]","[2048, 2048, 2048, 2048, 2049, 2049, 2048]",300.0
1225,9189,24,15,2023-11-19T06:32:02.057000+00:00,29.148,33.704,38.354,181.0,206.0,False,101.206,"[2048, 2048, 2048, 2048, 2048, 2048]","[2048, 2048, 2048, 2048, 2048, 2049, 2048]","[2048, 2048, 2048, 2048, 2048, 2048, 2048]",278.0
1225,9189,18,15,2023-11-19T06:32:03.276000+00:00,28.646,33.423,37.497,179.0,208.0,False,99.566,"[2048, 2048, 2048, 2048, 2048, 2048]","[2048, 2048, 2048, 2048, 2049, 2048, 2048]","[2048, 2048, 2048, 2048, 2048, 2048, 2048]",297.0
1225,9189,55,15,2023-11-19T06:32:04.323000+00:00,28.35,33.402,37.253,176.0,205.0,False,99.005,"[None, 2048, 2049, 2049, 2048, 2048]","[2048, 2048, 2048, 2048, 2048, 2048, 2048]","[2048, 2048, 2048, 2048, 2048, 2048, 2048, 2048]",290.0
1225,9189,14,15,2023-11-19T06:32:05.166000+00:00,28.431,33.204,36.912,177.0,206.0,False,98.547,"[2048, 2048, 2049, 2049, 2048, 2048]","[2048, 2048, 2048, 2048, 2048, 2048, 2048]","[2048, 2048, 2048, 2048, 2048, 2048, 2048, 2049]",305.0
1225,9189,20,15,2023-11-19T06:32:06.229000+00:00,44.726,33.38,38.005,170.0,205.0,True,116.111,"[2064, 2064, 2048, 2048, 2048, 2048]","[2048, 2048, 2048, 2049, 2049, 2048, 2048]","[2048, 2048, 2048, 2048, 2048, 2048, 2048, 2048]",309.0
1225,9189,3,15,2023-11-19T06:32:09.135000+00:00,29.124,33.572,37.59,178.0,204.0,False,100.286,"[None, 2048, 2048, 2048, 2049, 2048]","[2051, 2048, 2048, 2048, 2048, 2049, 2048]","[2048, 2048, 2048, 2048, 2049, 2048, 2048, 2048]",290.0
1225,9189,77,15,2023-11-19T06:32:15.276000+00:00,29.425,33.675,37.628,173.0,202.0,False,100.728,"[2048, 2048, 2048, 2048, 2048, 2049]","[2048, 2049, 2048, 2048, 2048, 2048, 2048]","[2048, 2048, 2048, 2048, 2048, 2048, 2048]",309.0
1225,9189,27,15,2023-11-19T06:32:25.853000+00:00,28.53,32.91,37.261,181.0,209.0,False,98.701,"[None, 2048, 2049, 2048, 2048, 2049]","[2049, 2049, 2048, 2049, 2048, 2048, 2048]","[2048, 2048, 2048, 2048, 2051, 2049, 2048, 2048]",319.0
1225,9189,22,15,2023-11-19T06:32:30.213000+00:00,29.197,33.372,37.296,,205.0,False,99.865,"[2049, 2048, 2049, 2048, 2048, 2049]","[2048, 2048, 2048, 2048, 2048, 2048, 2048]","[2048, 2048, 2048, 2048, 2049, 2049, 2048, 2048]",293.0
1225,9189,1,16,2023-11-19T06:33:23.681000+00:00,28.87,33.442,42.415,,208.0,False,104.727,"[None, 2048, 2048, 2048, 2048, 2048]","[2048, 2048, 2048, 2048, 2048, 2048, 2048]","[2049, 2049, 2049, 2048, 2048, 2048, 2048, 2064]",273.0
1225,9189,16,16,2023-11-19T06:33:24.384000+00:00,28.666,33.658,37.164,174.0,207.0,False,99.488,"[None, 2048, 2048, 2051, 2048, 2048]","[2048, 2048, 2048, 2048, 2049, 2048, 2048]","[2049, 2049, 2049, 2049, 2048, 2049, 2048]",302.0
1225,9189,10,16,2023-11-19T06:33:30.743000+00:00,29.135,33.87,37.809,177.0,206.0,False,100.814,"[None, 2048, 2048, 2048, 2048, 2048]","[2048, 2048, 2048, 2048, 2048, 2048, 2048]","[2048, 2048, 2048, 2048, 2048, 2048, 2048, 2048]",305.0
1225,9189,63,16,2023-11-19T06:33:32.665000+00:00,45.237,33.334,36.899,178.0,209.0,True,115.47,"[2064, 2064, 2048, 2048, 2048, 2048]","[2048, 2048, 2048, 2048, 2048, 2048, 2048]","[2049, 2049, 2049, 2049, 2049, 2049, 2049, 2049]",320.0
1225,9189,23,16,2023-11-19T06:33:34.774000+00:00,29.055,34.194,42.593,175.0,202.0,False,105.842,"[None, 2048, 2048, 2048, 2048, 2048]","[2049, 2048, 2048, 2048, 2048, 2049, 2048]","[2048, 2048, 2048, 2048, 2048, 2048, 2048, 2064]",283.0
1225,9189,31,16,2023-11-19T06:33:35.008000+00:00,29.23,34.102,36.859,177.0,204.0,False,100.191,"[None, 2048, 2048, 2048, 2048, 2048]","[2048, 2048, 2048, 2048, 2048, 2048, 2048]","[2048, 2048, 2049, 2049, 2048, 2049, 2048, 2048]",329.0
1225,9189,81,16,2023-11-19T06:33:35.805000+00:00,28.93,34.215,44.188,171.0,200.0,False,107.333,"[2048, 2048, 2048, 2048, 2048, 2048]","[2048, 2048, 2048, 2048, 2048, 2048, 2048]","[2048, 2048, 2048, 2048, 2048, 2048, 2048, 2064]",312.0
1225,9189,44,16,2023-11-19T06:33:36.102000+00:00,29.152,34.071,38.019,175.0,207.0,False,101.242,"[None, 2048, 2048, 2048, 2048, 2048]","[2048, 2048, 2048, 2048, 2048, 2048, 2048]","[2051, 2051, 2051, 2051, 2048, 2048, 2048]",308.0
1225,9189,11,16,2023-11-19T06:33:39.821000+00:00,28.309,32.663,37.151,181.0,207.0,False,98.123,"[None, 2048, 2049, 2048, 2048, 2048]","[2048, 2048, 2048, 2048, 2048, 2049, 2051]","[2048, 2048, 2048, 2048, 2049, 2048, 2048]",313.0
1225,9189,18,16,2023-11-19T06:33:42.883000+00:00,28.39,32.907,37.404,181.0,208.0,False,98.701,"[2049, 2049, 2049, 2048, 2048, 2048]","[2048, 2049, 2048, 2049, 2048, 2048, 2049]","[2048, 2048, 2048, 2048, 2048, 2049, 2048, 2048]",314.0
1225,9189,24,16,2023-11-19T06:33:43.149000+00:00,29.919,33.801,37.307,176.0,206.0,False,101.027,"[None, 2048, 2048, 2048, 2048, 2048]","[2049, 2048, 2048, 2048, 2049, 2049, 2048]","[2048, 2048, 2048, 2048, 2048, 2048, 2049, 2049]",259.0
1225,9189,55,16,2023-11-19T06:33:43.321000+00:00,29.274,33.703,37.205,177.0,198.0,False,100.182,"[2048, 2048, 2048, 2048, 2049, 2048]","[2048, 2048, 2048, 2048, 2049, 2051, 2048]","[2048, 2048, 2048, 2048, 2048, 2048, 2048, 2048]",320.0
1225,9189,14,16,2023-11-19T06:33:43.743000+00:00,29.47,34.674,37.549,176.0,198.0,False,101.693,"[None, 2048, 2048, 2048, 2048, 2048]","[2048, 2048, 2048, 2048, 2049, 2048, 2048]","[2048, 2048, 2048, 2048, 2048, 2048, 2048, 2048]",289.0
1225,9189,2,16,2023-11-19T06:33:44.118000+00:00,45.664,33.434,37.412,173.0,208.0,True,116.51,"[2064, 2064, 2048, 2048, 2048, 2048]","[2048, 2048, 2048, 2048, 2048, 2048, 2048]","[2048, 2048, 2048, 2048, 2049, 2048, 2048, 2048]",311.0
1225,9189,3,16,2023-11-19T06:33:49.352000+00:00,29.517,34.101,37.604,179.0,206.0,False,101.222,"[2049, 2048, 2048, 2048, 2048, 2048]","[2048, 2048, 2048, 2048, 2048, 2048, 2048]","[2048, 2048, 2048, 2048, 2048, 2048, 2048, 2048]",293.0
1225,9189,77,16,2023-11-19T06:33:55.821000+00:00,29.257,33.818,37.699,177.0,201.0,False,100.774,"[None, 2049, 2048, 2049, 2048, 2049]","[2048, 2048, 2048, 2048, 2049, 2048, 2048]","[2048, 2048, 2048, 2048, 2048, 2048, 2048, 2048]",309.0
1225,9189,20,16,2023-11-19T06:34:02.289000+00:00,28.723,33.623,37.589,173.0,206.0,False,99.935,"[2048, 2049, 2049, 2048, 2048, 2048]","[2048, 2048, 2048, 2048, 2048, 2048, 2048]","[2049, 2048, 2048, 2048, 2049, 2048, 2048, 2048]",314.0
1225,9189,27,16,2023-11-19T06:34:05.008000+00:00,28.296,33.013,37.326,178.0,209.0,False,98.635,"[2048, 2049, 2049, 2049, 2048, 2048]","[2049, 2048, 2048, 2048, 2048, 2048, 2048]","[2049, 2048, 2048, 2048, 2048, 2048, 2048, 2048]",303.0
1225,9189,22,16,2023-11-19T06:34:09.977000+00:00,29.151,33.256,37.488,177.0,205.0,False,99.895,"[2048, 2048, 2048, 2048, 2049, 2049]","[2048, 2049, 2048, 2048, 2048, 2048, 2048]","[2048, 2048, 2048, 2048, 2048, 2048, 2048, 2048]",294.0
1225,9189,16,17,2023-11-19T06:35:03.882000+00:00,28.023,32.817,37.267,180.0,207.0,False,98.107,"[None, 2048, 2051, 2048, 2048, 2048]","[2048, 2049, 2048, 2048, 2048, 2048, 2049]","[2048, 2048, 2048, 2048, 2051, 2048, 2048, 2048]",314.0
1225,9189,1,17,2023-11-19T06:35:08.491000+00:00,49.957,33.146,38.915,178.0,207.0,True,122.018,"[2064, 2064, 2048, 2048, 2048, 2048]","[2048, 2048, 2048, 2048, 2049, 2048, 2048]","[2049, 2049, 2049, 2049, 2048, 2048, 2048, 2049]",276.0
1225,9189,10,17,2023-11-19T06:35:11.601000+00:00,29.201,34.0,42.571,173.0,205.0,False,105.772,"[None, 2048, 2048, 2048, 2048, 2048]","[2048, 2048, 2048, 2048, 2048, 2048, 2048]","[2048, 2048, 2048, 2048, 2048, 2048, 2048, 2064]",290.0
1225,9189,31,17,2023-11-19T06:35:15.163000+00:00,28.838,33.807,37.435,176.0,206.0,False,100.08,"[None, 2048, 2048, 2048, 2048, 2048]","[2048, 2048, 2048, 2048, 2048, 2048, 2048]","[2048, 2048, 2048, 2048, 2049, 2048, 2048, 2048]",312.0
1225,9189,44,17,2023-11-19T06:35:17.210000+00:00,33.766,37.297,47.074,158.0,180.0,False,118.137,"[None, 2048, 2048, 2048, 2048, 2048]","[2048, 2049, 2048, 2048, 2048, 2048, 2048]","[2048, 2048, 2048, 2048, 2048, 2048, 2048, 2064]",222.0
1225,9189,11,17,2023-11-19T06:35:17.975000+00:00,28.673,32.77,37.125,,208.0,False,98.568,"[None, 2048, 2049, 2048, 2048, 2048]","[2048, 2048, 2048, 2048, 2048, 2048, 2051]","[2048, 2048, 2048, 2048, 2049, 2048, 2048]",311.0
1225,9189,23,17,2023-11-19T06:35:20.569000+00:00,45.519,34.19,37.475,168.0,205.0,True,117.184,"[2064, 2064, 2048, 2048, 2048, 2048]","[2048, 2048, 2048, 2048, 2048, 2048, 2048]","[2048, 2048, 2048, 2048, 2048, 2048, 2048, 2048]",299.0
1225,9189,18,17,2023-11-19T06:35:21.507000+00:00,28.621,33.117,37.634,176.0,207.0,False,99.372,"[2048, 2048, 2049, 2049, 2049, 2048]","[2048, 2048, 2048, 2048, 2048, 2049, 2048]","[2048, 2048, 2048, 2048, 2048, 2048, 2048]",308.0
1225,9189,81,17,2023-11-19T06:35:23.147000+00:00,47.154,33.936,37.177,172.0,207.0,True,118.267,"[2064, 2064, 2048, 2048, 2048, 2048]","[2048, 2048, 2048, 2048, 2048, 2048, 2048]","[2048, 2048, 2048, 2048, 2048, 2049, 2048, 2048]",309.0
1225,9189,55,17,2023-11-19T06:35:23.507000+00:00,28.533,34.367,37.447,170.0,206.0,False,100.347,"[None, 2049, 2048, 2048, 2048, 2048]","[2048, 2048, 2048, 2048, 2048, 2048, 2048]","[2048, 2048, 2048, 2048, 2048, 2048, 2048, 2048]",317.0
1225,9189,24,17,2023-11-19T06:35:24.241000+00:00,28.882,34.164,37.29,181.0,205.0,False,100.336,"[None, 2048, 2048, 2048, 2049, 2048]","[2048, 2048, 2048, 2048, 2048, 2048, 2048]","[2048, 2048, 2048, 2048, 2048, 2048, 2049, 2048]",275.0
1225,9189,14,17,2023-11-19T06:35:25.413000+00:00,28.563,34.195,37.325,179.0,206.0,False,100.083,"[2049, 2048, 2048, 2048, 2048, 2048]","[2048, 2048, 2048, 2048, 2048, 2048, 2048]","[2048, 2048, 2048, 2048, 2048, 2048, 2048, 2048]",312.0
1225,9189,63,17,2023-11-19T06:35:28.132000+00:00,28.557,33.237,36.985,182.0,209.0,False,98.779,"[2049, 2048, 2048, 2049, 2048, 2049]","[2048, 2049, 2049, 2051, 2048, 2048, 2048]","[2049, 2049, 2049, 2049, 2048, 2049, 2049, 2048]",299.0
1225,9189,3,17,2023-11-19T06:35:30.538000+00:00,29.439,34.255,42.839,178.0,206.0,False,106.533,"[2048, 2048, 2048, 2048, 2048, 2048]","[2048, 2048, 2048, 2048, 2048, 2048, 2048]","[2048, 2048, 2048, 2048, 2048, 2048, 2048, 2064]",281.0
1225,9189,77,17,2023-11-19T06:35:36.569000+00:00,29.865,34.346,37.486,173.0,204.0,False,101.697,"[None, 2048, 2048, 2048, 2048, 2048]","[2048, 2048, 2048, 2048, 2048, 2048, 2048]","[2049, 2049, 2049, 2049, 2048, 2049, 2049]",280.0
1225,9189,2,17,2023-11-19T06:35:40.694000+00:00,29.262,33.541,37.142,,208.0,False,99.945,"[2049, 2048, 2048, 2048, 2049, 2048]","[2048, 2048, 2048, 2048, 2048, 2048, 2048]","[2048, 2048, 2048, 2048, 2048, 2048, 2049, 2048]",309.0
1225,9189,20,17,2023-11-19T06:35:42.178000+00:00,28.759,33.945,37.097,170.0,208.0,False,99.801,"[None, 2048, 2049, 2048, 2048, 2048]","[2048, 2048, 2048, 2048, 2049, 2048, 2048]","[2049, 2049, 2049, 2049, 2048, 2048, 2049, 2048]",320.0
1225,9189,27,17,2023-11-19T06:35:43.241000+00:00,28.503,33.967,37.374,175.0,208.0,False,99.844,"[None, 2048, 2048, 2049, 2049, 2048]","[2048, 2048, 2048, 2048, 2048, 2048, 2048]","[2048, 2048, 2049, 2048, 2048, 2048, 2049, 2048]",298.0
1225,9189,22,17,2023-11-19T06:35:49.897000+00:00,29.289,33.355,37.498,176.0,205.0,False,100.142,"[None, 2048, 2048, 2048, 2049, 2048]","[2048, 2048, 2048, 2048, 2048, 2049, 2048]","[2048, 2048, 2048, 2048, 2048, 2048, 2048, 2048]",303.0
1225,9189,16,18,2023-11-19T06:36:41.896000+00:00,28.304,33.229,37.461,177.0,206.0,False,98.994,"[None, 2048, 2048, 2048, 2048, 2048]","[2048, 2048, 2048, 2048, 2048, 2048, 2048]","[2048, 2048, 2048, 2048, 2048, 2048, 2048, 2048]",308.0
1225,9189,31,18,2023-11-19T06:36:55.255000+00:00,28.696,33.921,38.084,179.0,205.0,False,100.701,"[None, 2048, 2049, 2048, 2048, 2048]","[2048, 2048, 2048, 2048, 2048, 2048, 2048]","[2048, 2048, 2048, 2048, 2048, 2048, 2048, 2048]",259.0
1225,9189,11,18,2023-11-19T06:36:56.599000+00:00,28.329,33.397,37.04,182.0,207.0,False,98.766,"[None, 2048, 2049, 2048, 2048, 2048]","[2048, 2048, 2048, 2048, 2048, 2048, 2048]","[2048, 2048, 2048, 2048, 2048, 2048, 2048]",322.0
1225,9189,10,18,2023-11-19T06:36:57.302000+00:00,46.163,33.77,37.399,172.0,208.0,True,117.332,"[2064, 2064, 2048, 2048, 2048, 2048]","[2048, 2048, 2048, 2048, 2048, 2048, 2048]","[2048, 2048, 2048, 2048, 2049, 2049, 2048, 2048]",307.0
1225,9189,18,18,2023-11-19T06:37:00.958000+00:00,28.429,32.895,37.595,181.0,207.0,False,98.919,"[None, 2049, 2049, 2048, 2048, 2048]","[2051, 2048, 2048, 2048, 2048, 2048, 2048]","[2048, 2048, 2048, 2048, 2048, 2049, 2048]",307.0
1225,9189,55,18,2023-11-19T06:37:03.833000+00:00,28.551,33.228,37.346,178.0,205.0,False,99.125,"[2049, 2048, 2048, 2048, 2048, 2048]","[2048, 2048, 2048, 2048, 2048, 2048, 2048]","[2048, 2048, 2048, 2048, 2049, 2048, 2048, 2048]",317.0
1225,9189,24,18,2023-11-19T06:37:04.505000+00:00,29.038,33.768,38.107,179.0,207.0,False,100.913,"[None, 2048, 2048, 2048, 2048, 2048]","[2048, 2048, 2048, 2048, 2048, 2048, 2048]","[2048, 2048, 2048, 2048, 2048, 2048, 2049, 2048]",290.0
1225,9189,14,18,2023-11-19T06:37:05.442000+00:00,28.729,33.706,37.168,177.0,207.0,False,99.603,"[2048, 2048, 2048, 2048, 2048, 2048]","[2048, 2048, 2048, 2048, 2048, 2048, 2048]","[2048, 2048, 2048, 2048, 2048, 2048, 2048]",324.0
1225,9189,63,18,2023-11-19T06:37:06.723000+00:00,28.742,33.429,36.83,180.0,209.0,False,99.001,"[2048, 2048, 2048, 2048, 2048, 2048]","[2048, 2048, 2048, 2048, 2048, 2048, 2048]","[2048, 2049, 2049, 2049, 2048, 2051, 2049, 2049]",308.0
1225,9189,1,18,2023-11-19T06:37:10.630000+00:00,28.642,32.568,37.138,179.0,210.0,False,98.348,"[2048, 2048, 2048, 2048, 2048, 2048]","[2048, 2048, 2049, 2049, 2049, 2049, 2049]","[2049, 2048, 2048, 2048, 2049, 2049, 2049]",300.0
1225,9189,44,18,2023-11-19T06:37:15.505000+00:00,49.267,33.728,36.936,165.0,209.0,True,119.931,"[2064, 2064, 2048, 2048, 2048, 2048]","[2049, 2048, 2048, 2048, 2048, 2048, 2048]","[2048, 2048, 2048, 2048, 2048, 2048, 2048, 2048]",287.0
1225,9189,3,18,2023-11-19T06:37:17.083000+00:00,46.723,33.934,38.335,172.0,206.0,True,118.992,"[2064, 2064, 2048, 2048, 2048, 2048]","[2048, 2048, 2048, 2048, 2048, 2048, 2048]","[2048, 2048, 2048, 2048, 2048, 2048, 2049, 2048]",252.0
1225,9189,23,18,2023-11-19T06:37:17.833000+00:00,28.909,33.272,37.367,172.0,207.0,False,99.548,"[2048, 2048, 2048, 2048, 2049, 2048]","[2049, 2048, 2048, 2048, 2051, 2048, 2049]","[2048, 2048, 2048, 2048, 2048, 2048, 2048]",298.0
1225,9189,77,18,2023-11-19T06:37:18.333000+00:00,29.164,33.998,37.698,176.0,203.0,False,100.86,"[None, 2048, 2048, 2049, 2049, 2048]","[2048, 2048, 2048, 2048, 2048, 2048, 2048]","[2048, 2048, 2048, 2048, 2048, 2048, 2048, 2048]",301.0
1225,9189,2,18,2023-11-19T06:37:20.583000+00:00,29.011,33.337,37.784,172.0,206.0,False,100.132,"[2048, 2048, 2048, 2048, 2048, 2048]","[2048, 2048, 2049, 2049, 2048, 2048, 2048]","[2048, 2048, 2048, 2048, 2048, 2048, 2049, 2049]",287.0
1225,9189,81,18,2023-11-19T06:37:21.520000+00:00,28.475,33.387,36.75,178.0,208.0,False,98.612,"[2048, 2051, 2049, 2049, 2048, 2048]","[2048, 2048, 2048, 2048, 2048, 2048, 2048]","[2048, 2049, 2048, 2048, 2048, 2049, 2048, 2048]",318.0
1225,9189,20,18,2023-11-19T06:37:22.036000+00:00,28.61,33.763,37.562,168.0,206.0,False,99.935,"[None, 2048, 2049, 2049, 2048, 2048]","[2048, 2048, 2048, 2048, 2048, 2048, 2048]","[2048, 2048, 2048, 2048, 2048, 2048, 2048, 2048]",312.0
1225,9189,27,18,2023-11-19T06:37:23.145000+00:00,29.343,33.94,37.732,176.0,207.0,False,101.015,"[None, 2048, 2048, 2048, 2048, 2048]","[2048, 2048, 2048, 2048, 2048, 2048, 2048]","[2048, 2048, 2048, 2048, 2048, 2048, 2048, 2048]",300.0
1225,9189,22,18,2023-11-19T06:37:30.067000+00:00,29.19,33.527,37.454,,205.0,False,100.171,"[None, 2048, 2048, 2049, 2048, 2048]","[2048, 2048, 2048, 2048, 2049, 2048, 2048]","[2048, 2048, 2048, 2048, 2048, 2049, 2048, 2048]",299.0
1225,9189,16,19,2023-11-19T06:38:20.925000+00:00,28.063,32.984,37.471,179.0,207.0,False,98.518,"[None, 2049, 2048, 2048, 2048, 2048]","[2048, 2048, 2048, 2048, 2048, 2048, 2048]","[2048, 2048, 2048, 2048, 2048, 2048, 2048, 2048]",312.0
1225,9189,11,19,2023-11-19T06:38:35.347000+00:00,28.207,32.691,37.5,181.0,209.0,False,98.398,"[None, 2048, 2049, 2048, 2048, 2048]","[2048, 2048, 2048, 2048, 2048, 2048, 2051]","[2048, 2048, 2048, 2048, 2048, 2048, 2048, 2048]",311.0
1225,9189,31,19,2023-11-19T06:38:35.988000+00:00,28.646,34.08,37.553,178.0,206.0,False,100.279,"[None, 2048, 2048, 2049, 2048, 2048]","[2048, 2048, 2048, 2048, 2048, 2048, 2048]","[2048, 2048, 2048, 2048, 2048, 2048, 2048, 2048]",309.0
1225,9189,18,19,2023-11-19T06:38:39.847000+00:00,28.465,32.988,37.38,,208.0,False,98.833,"[2049, 2048, 2048, 2048, 2048, 2048]","[2048, 2048, 2048, 2048, 2048, 2048, 2048]","[2048, 2048, 2048, 2048, 2048, 2048, 2048, 2048]",310.0
1225,9189,55,19,2023-11-19T06:38:43.066000+00:00,28.37,33.291,37.366,,205.0,False,99.027,"[2048, 2049, 2048, 2048, 2048, 2048]","[2048, 2048, 2048, 2048, 2048, 2048, 2048]","[2048, 2048, 2048, 2048, 2048, 2048, 2048]",311.0
1225,9189,14,19,2023-11-19T06:38:45.050000+00:00,28.366,33.389,37.501,179.0,206.0,False,99.256,"[None, 2048, 2049, 2048, 2048, 2048]","[2048, 2049, 2048, 2048, 2048, 2048, 2048]","[2048, 2048, 2048, 2048, 2048, 2048, 2048, 2048]",309.0
1225,9189,24,19,2023-11-19T06:38:45.472000+00:00,29.275,33.989,37.9,,205.0,False,101.164,"[None, 2048, 2048, 2048, 2049, 2048]","[2048, 2048, 2048, 2048, 2048, 2049, 2048]","[2048, 2048, 2048, 2048, 2048, 2048, 2048, 2048]",256.0
1225,9189,63,19,2023-11-19T06:38:45.690000+00:00,29.403,33.83,36.861,175.0,211.0,False,100.094,"[None, 2048, 2048, 2049, 2048, 2048]","[2048, 2048, 2048, 2048, 2048, 2048, 2048]","[2051, 2049, 2048, 2049, 2048, 2048, 2048, 2048]",310.0
1225,9189,1,19,2023-11-19T06:38:48.815000+00:00,28.252,32.76,37.323,181.0,210.0,False,98.335,"[None, 2048, 2049, 2048, 2049, 2048]","[2048, 2048, 2049, 2048, 2049, 2048, 2048]","[2049, 2049, 2049, 2049, 2048, 2048, 2049, 2049]",275.0
1225,9189,10,19,2023-11-19T06:38:54.722000+00:00,28.845,33.254,37.216,177.0,205.0,False,99.315,"[2048, 2048, 2048, 2048, 2048, 2048]","[2048, 2048, 2048, 2048, 2048, 2049, 2048]","[2048, 2048, 2048, 2048, 2049, 2049, 2048, 2048]",314.0
1225,9189,23,19,2023-11-19T06:38:57.284000+00:00,28.826,33.465,37.543,171.0,207.0,False,99.834,"[None, 2049, 2048, 2048, 2048, 2048]","[2048, 2049, 2048, 2048, 2051, 2048, 2049]","[2049, 2049, 2048, 2048, 2048, 2048, 2048, 2048]",283.0
1225,9189,77,19,2023-11-19T06:38:59.268000+00:00,29.517,33.735,38.018,170.0,203.0,False,101.27,"[None, 2048, 2049, 2048, 2049, 2048]","[2049, 2048, 2048, 2049, 2049, 2049, 2048]","[2048, 2048, 2048, 2048, 2048, 2048, 2048, 2049]",307.0
1225,9189,81,19,2023-11-19T06:38:59.987000+00:00,29.019,33.994,36.47,170.0,210.0,False,99.483,"[None, 2048, 2048, 2049, 2049, 2048]","[2048, 2048, 2048, 2048, 2048, 2048, 2049]","[2048, 2048, 2048, 2048, 2049, 2048, 2048]",336.0
1225,9189,2,19,2023-11-19T06:39:00.722000+00:00,29.359,33.862,36.892,,208.0,False,100.113,"[None, 2048, 2048, 2048, 2048, 2048]","[2048, 2048, 2048, 2048, 2048, 2048, 2048]","[2049, 2048, 2049, 2049, 2048, 2049, 2051, 2051]",288.0
1225,9189,20,19,2023-11-19T06:39:01.909000+00:00,28.828,33.741,37.311,169.0,207.0,False,99.88,"[None, 2048, 2048, 2048, 2048, 2048]","[2048, 2048, 2048, 2048, 2048, 2048, 2048]","[2048, 2048, 2049, 2048, 2048, 2048, 2048, 2048]",318.0
1225,9189,27,19,2023-11-19T06:39:03.971000+00:00,29.186,33.767,37.518,177.0,206.0,False,100.471,"[None, 2048, 2048, 2048, 2048, 2048]","[2049, 2048, 2048, 2048, 2048, 2048, 2048]","[2048, 2048, 2048, 2048, 2048, 2048, 2048, 2048]",306.0
1225,9189,22,19,2023-11-19T06:39:10.159000+00:00,29.306,33.903,37.616,175.0,203.0,False,100.825,"[None, 2048, 2048, 2049, 2048, 2048]","[2048, 2048, 2048, 2048, 2048, 2048, 2048]","[2048, 2048, 2048, 2048, 2048, 2048, 2048, 2048]",296.0
1225,9189,44,19,2023-11-19T06:39:15.456000+00:00,28.606,33.466,37.052,177.0,207.0,False,99.124,"[2049, 2048, 2048, 2048, 2049, 2048]","[2048, 2048, 2048, 2048, 2048, 2048, 2048]","[2048, 2048, 2048, 2048, 2048, 2048, 2048, 2048]",309.0
1225,9189,3,19,2023-11-19T06:39:16.159000+00:00,29.134,33.7,37.558,181.0,206.0,False,100.392,"[2048, 2049, 2048, 2048, 2048, 2049]","[2048, 2048, 2048, 2049, 2048, 2048, 2048]","[2048, 2048, 2048, 2048, 2048, 2049, 2048, 2049]",275.0
1225,9189,16,20,2023-11-19T06:39:59.549000+00:00,28.277,33.225,37.554,,205.0,False,99.056,"[None, 2048, 2048, 2048, 2048, 2048]","[2049, 2048, 2048, 2048, 2048, 2048, 2048]","[2048, 2048, 2048, 2048, 2048, 2048, 2048, 2048]",307.0
1225,9189,11,20,2023-11-19T06:40:13.861000+00:00,28.093,32.793,37.527,179.0,207.0,False,98.413,"[None, 2048, 2051, 2048, 2048, 2048]","[2049, 2048, 2048, 2048, 2048, 2049, 2048]","[2048, 2048, 2048, 2048, 2048, 2048, 2048, 2048]",311.0
1225,9189,31,20,2023-11-19T06:40:16.376000+00:00,28.734,34.312,42.295,,206.0,False,105.341,"[None, 2048, 2048, 2048, 2048, 2048]","[2048, 2048, 2048, 2048, 2048, 2048, 2048]","[2048, 2048, 2048, 2048, 2048, 2049, 2048, 2064]",312.0
1225,9189,18,20,2023-11-19T06:40:18.783000+00:00,28.6,33.805,37.548,180.0,208.0,False,99.953,"[2048, 2048, 2048, 2048, 2048, 2048]","[2051, 2048, 2048, 2048, 2048, 2048, 2048]","[2048, 2048, 2048, 2048, 2048, 2048, 2048]",308.0
1225,9189,55,20,2023-11-19T06:40:22.017000+00:00,28.421,33.657,37.404,174.0,205.0,False,99.482,"[None, 2048, 2048, 2048, 2048, 2048]","[2048, 2048, 2048, 2048, 2048, 2048, 2048]","[2048, 2048, 2048, 2048, 2048, 2048, 2048]",311.0
1225,9189,14,20,2023-11-19T06:40:24.454000+00:00,28.315,33.463,37.407,178.0,206.0,False,99.185,"[2049, 2048, 2049, 2048, 2048, 2049]","[2049, 2048, 2048, 2048, 2048, 2048, 2048]","[2048, 2048, 2048, 2048, 2048, 2048, 2048, 2048]",315.0
1225,9189,63,20,2023-11-19T06:40:25.970000+00:00,28.582,33.103,36.994,181.0,210.0,False,98.679,"[None, 2048, 2048, 2048, 2049, 2048]","[2048, 2048, 2048, 2048, 2048, 2048, 2049]","[2048, 2048, 2048, 2048, 2048, 2048, 2048, 2049]",314.0
1225,9189,24,20,2023-11-19T06:40:26.767000+00:00,29.509,34.278,37.559,,206.0,False,101.346,"[None, 2048, 2048, 2048, 2048, 2048]","[2049, 2048, 2048, 2048, 2048, 2048, 2048]","[2048, 2048, 2048, 2048, 2048, 2048, 2048, 2048]",267.0
1225,9189,1,20,2023-11-19T06:40:27.282000+00:00,29.303,33.196,37.112,,209.0,False,99.611,"[None, 2049, 2048, 2048, 2048, 2048]","[2048, 2048, 2048, 2048, 2048, 2048, 2049]","[2048, 2048, 2048, 2048, 2048, 2048, 2048, 2048]",300.0
1225,9189,10,20,2023-11-19T06:40:34.017000+00:00,28.772,33.265,37.181,,208.0,False,99.218,"[None, 2049, 2048, 2048, 2048, 2048]","[2048, 2048, 2048, 2048, 2048, 2048, 2049]","[2048, 2048, 2048, 2048, 2049, 2048, 2048, 2048]",312.0
1225,9189,23,20,2023-11-19T06:40:37.220000+00:00,28.78,33.195,37.334,179.0,207.0,False,99.309,"[None, 2048, 2048, 2048, 2048, 2049]","[2048, 2049, 2049, 2049, 2051, 2048, 2048]","[2048, 2048, 2048, 2048, 2048, 2048, 2048, 2048]",303.0
1225,9189,81,20,2023-11-19T06:40:39.423000+00:00,28.195,32.896,36.975,177.0,206.0,False,98.066,"[2049, 2048, 2049, 2048, 2048, 2049]","[2049, 2049, 2048, 2048, 2048, 2049, 2048]","[2048, 2048, 2048, 2048, 2048, 2048, 2048]",320.0
1225,9189,77,20,2023-11-19T06:40:40.532000+00:00,29.137,33.607,38.009,174.0,201.0,False,100.753,"[None, 2048, 2048, 2048, 2048, 2048]","[2048, 2048, 2048, 2048, 2049, 2049, 2048]","[2048, 2048, 2048, 2048, 2048, 2048, 2048, 2048]",262.0
1225,9189,2,20,2023-11-19T06:40:40.751000+00:00,29.415,33.491,36.548,176.0,208.0,False,99.454,"[None, 2048, 2048, 2049, 2048, 2048]","[2048, 2049, 2048, 2049, 2048, 2048, 2049]","[2049, 2051, 2049, 2048, 2049, 2048, 2048, 2048]",316.0
1225,9189,20,20,2023-11-19T06:40:41.923000+00:00,28.838,33.752,37.216,174.0,206.0,False,99.806,"[None, 2048, 2048, 2048, 2048, 2048]","[2048, 2048, 2048, 2049, 2048, 2048, 2048]","[2048, 2049, 2048, 2048, 2048, 2049, 2049, 2049]",317.0
1225,9189,27,20,2023-11-19T06:40:44.563000+00:00,28.668,33.635,37.502,,206.0,False,99.805,"[None, 2048, 2048, 2048, 2048, 2048]","[2048, 2048, 2048, 2048, 2048, 2048, 2048]","[2048, 2048, 2048, 2048, 2048, 2048, 2048, 2048]",297.0
1225,9189,22,20,2023-11-19T06:40:51.032000+00:00,29.442,33.959,37.858,177.0,205.0,False,101.259,"[None, 2048, 2048, 2048, 2049, 2048]","[2048, 2048, 2048, 2048, 2048, 2048, 2048]","[2048, 2048, 2048, 2048, 2048, 2048, 2048, 2048]",301.0
1225,9189,44,20,2023-11-19T06:40:54.516000+00:00,28.583,33.598,36.943,176.0,207.0,False,99.124,"[2048, 2048, 2049, 2048, 2048, 2048]","[2048, 2048, 2048, 2048, 2048, 2048, 2048]","[2048, 2048, 2048, 2048, 2048, 2049, 2048, 2048]",314.0
1225,9189,3,20,2023-11-19T06:40:56.532000+00:00,28.882,33.47,37.378,180.0,206.0,False,99.73,"[None, 2048, 2049, 2048, 2048, 2049]","[2048, 2048, 2048, 2048, 2048, 2048, 2048]","[2048, 2048, 2048, 2048, 2049, 2048, 2048, 2048]",297.0
1225,9189,16,21,2023-11-19T06:41:38.531000+00:00,28.241,33.11,42.029,177.0,207.0,False,103.38,"[2049, 2048, 2048, 2048, 2049, 2048]","[2049, 2048, 2048, 2048, 2048, 2048, 2048]","[2048, 2048, 2048, 2048, 2048, 2048, 2048, 2064]",313.0
1225,9189,11,21,2023-11-19T06:41:52.312000+00:00,28.108,32.839,37.4,181.0,208.0,False,98.347,"[None, 2049, 2048, 2048, 2048, 2048]","[2048, 2048, 2048, 2048, 2048, 2048, 2048]","[2048, 2048, 2048, 2048, 2048, 2048, 2048, 2048]",312.0
1225,9189,18,21,2023-11-19T06:41:58.640000+00:00,28.346,33.461,37.695,,206.0,False,99.502,"[None, 2048, 2049, 2049, 2048, 2049]","[2048, 2048, 2048, 2048, 2048, 2048, 2048]","[2048, 2048, 2048, 2048, 2048, 2048, 2048, 2048]",305.0
1225,9189,55,21,2023-11-19T06:42:01.421000+00:00,28.544,33.526,37.269,172.0,205.0,False,99.339,"[None, 2048, 2048, 2048, 2048, 2048]","[2048, 2048, 2048, 2048, 2048, 2048, 2048]","[2048, 2048, 2048, 2048, 2048, 2048, 2048, 2048]",316.0
1225,9189,31,21,2023-11-19T06:42:01.734000+00:00,45.731,33.622,37.02,175.0,209.0,True,116.373,"[2064, 2064, 2048, 2048, 2048, 2048]","[2048, 2048, 2048, 2048, 2048, 2048, 2049]","[2049, 2048, 2048, 2048, 2049, 2049, 2048, 2048]",315.0
1225,9189,14,21,2023-11-19T06:42:03.578000+00:00,28.349,33.525,37.728,,206.0,False,99.602,"[2048, 2048, 2049, 2048, 2048, 2048]","[2048, 2048, 2048, 2048, 2048, 2048, 2048]","[2048, 2048, 2048, 2048, 2048, 2048, 2048]",301.0
1225,9189,63,21,2023-11-19T06:42:04.718000+00:00,28.322,33.22,37.195,180.0,212.0,False,98.737,"[None, 2048, 2048, 2048, 2049, 2048]","[2048, 2048, 2048, 2048, 2048, 2048, 2049]","[2048, 2049, 2049, 2049, 2048, 2048, 2048, 2048]",295.0
1225,9189,1,21,2023-11-19T06:42:06.781000+00:00,28.124,32.695,37.061,,209.0,False,97.88,"[None, 2048, 2048, 2049, 2049, 2048]","[2048, 2048, 2048, 2048, 2049, 2048, 2048]","[2048, 2048, 2048, 2048, 2048, 2048, 2049, 2048]",300.0
1225,9189,24,21,2023-11-19T06:42:08.015000+00:00,29.075,33.702,37.426,182.0,206.0,False,100.203,"[None, 2048, 2048, 2048, 2048, 2048]","[2048, 2048, 2048, 2048, 2048, 2049, 2048]","[2048, 2048, 2048, 2048, 2048, 2048, 2048, 2048]",298.0
1225,9189,10,21,2023-11-19T06:42:13.327000+00:00,28.59,33.059,37.125,178.0,208.0,False,98.774,"[None, 2048, 2049, 2048, 2048, 2048]","[2049, 2048, 2048, 2049, 2048, 2048, 2048]","[2048, 2048, 2048, 2048, 2048, 2048, 2048]",309.0
1225,9189,23,21,2023-11-19T06:42:16.484000+00:00,28.45,33.185,37.053,177.0,208.0,False,98.688,"[None, 2048, 2048, 2048, 2048, 2049]","[2048, 2049, 2048, 2048, 2048, 2048, 2049]","[2049, 2049, 2048, 2048, 2049, 2049, 2049, 2048]",312.0
1225,9189,81,21,2023-11-19T06:42:17.531000+00:00,28.267,32.898,36.876,,210.0,False,98.041,"[2048, 2048, 2048, 2049, 2048, 2048]","[2048, 2049, 2048, 2048, 2048, 2048, 2048]","[2049, 2048, 2048, 2048, 2048, 2049, 2048]",310.0
1225,9189,2,21,2023-11-19T06:42:20.202000+00:00,29.191,33.246,36.925,177.0,207.0,False,99.362,"[None, 2048, 2048, 2048, 2048, 2049]","[2048, 2048, 2048, 2048, 2051, 2048, 2049]","[2048, 2048, 2048, 2048, 2048, 2048, 2048, 2048]",306.0
1225,9189,77,21,2023-11-19T06:42:21.327000+00:00,29.901,34.715,37.529,169.0,192.0,False,102.145,"[None, 2048, 2048, 2048, 2048, 2048]","[2048, 2048, 2048, 2048, 2048, 2048, 2048]","[2048, 2048, 2048, 2048, 2048, 2048, 2048, 2048]",316.0
1225,9189,20,21,2023-11-19T06:42:21.577000+00:00,29.006,33.586,37.286,170.0,207.0,False,99.878,"[None, 2048, 2048, 2048, 2051, 2048]","[2048, 2048, 2048, 2048, 2048, 2048, 2049]","[2048, 2048, 2048, 2048, 2049, 2049, 2048, 2048]",317.0
1225,9189,27,21,2023-11-19T06:42:24.312000+00:00,28.961,33.477,37.431,179.0,208.0,False,99.869,"[None, 2048, 2048, 2048, 2048, 2048]","[2048, 2048, 2048, 2048, 2048, 2048, 2048]","[2049, 2049, 2048, 2048, 2048, 2048, 2049, 2048]",276.0
1225,9189,22,21,2023-11-19T06:42:32.374000+00:00,29.973,34.789,43.487,176.0,204.0,False,108.249,"[None, 2048, 2048, 2048, 2048, 2048]","[2048, 2048, 2048, 2048, 2048, 2048, 2048]","[2048, 2048, 2048, 2048, 2048, 2048, 2048, 2064]",250.0
1225,9189,44,21,2023-11-19T06:42:33.608000+00:00,29.031,34.759,36.624,174.0,209.0,False,100.414,"[None, 2048, 2048, 2048, 2048, 2048]","[2048, 2048, 2048, 2048, 2048, 2048, 2048]","[2048, 2048, 2048, 2048, 2048, 2048, 2048, 2048]",310.0
1225,9189,3,21,2023-11-19T06:42:36.311000+00:00,29.002,33.39,37.316,176.0,207.0,False,99.708,"[None, 2049, 2048, 2048, 2048, 2048]","[2048, 2048, 2048, 2051, 2048, 2048, 2048]","[2049, 2048, 2048, 2048, 2048, 2049, 2049]",290.0
1225,9189,16,22,2023-11-19T06:43:21.873000+00:00,46.515,33.464,37.552,169.0,206.0,True,117.531,"[2064, 2064, 2048, 2048, 2048, 2048]","[2048, 2048, 2048, 2048, 2048, 2048, 2048]","[2048, 2048, 2048, 2048, 2048, 2048, 2048, 2048]",296.0
1225,9189,11,22,2023-11-19T06:43:30.545000+00:00,28.049,32.83,37.312,180.0,206.0,False,98.191,"[None, 2048, 2048, 2048, 2048, 2048]","[2048, 2048, 2048, 2048, 2048, 2048, 2048]","[2048, 2048, 2048, 2048, 2051, 2048, 2048, 2048]",312.0
1225,9189,18,22,2023-11-19T06:43:38.248000+00:00,28.337,33.3,37.598,,208.0,False,99.235,"[None, 2048, 2048, 2049, 2048, 2048]","[2048, 2048, 2048, 2048, 2048, 2048, 2048]","[2048, 2048, 2048, 2048, 2048, 2048, 2048]",307.0
1225,9189,55,22,2023-11-19T06:43:40.904000+00:00,28.462,33.809,37.323,175.0,202.0,False,99.594,"[None, 2048, 2048, 2048, 2048, 2048]","[2048, 2048, 2048, 2048, 2048, 2048, 2048]","[2048, 2048, 2048, 2048, 2048, 2048, 2048, 2048]",311.0
1225,9189,14,22,2023-11-19T06:43:43.091000+00:00,28.538,33.876,37.618,176.0,203.0,False,100.032,"[None, 2048, 2048, 2048, 2048, 2048]","[2048, 2048, 2048, 2048, 2048, 2048, 2048]","[2048, 2048, 2048, 2048, 2048, 2048, 2048]",272.0
1225,9189,63,22,2023-11-19T06:43:43.326000+00:00,28.915,33.614,36.975,178.0,209.0,False,99.504,"[None, 2048, 2048, 2048, 2048, 2048]","[2048, 2048, 2048, 2048, 2048, 2048, 2048]","[2051, 2048, 2048, 2048, 2048, 2048, 2048]",311.0
1225,9189,1,22,2023-11-19T06:43:44.732000+00:00,28.321,33.275,37.009,,209.0,False,98.605,"[None, 2049, 2048, 2048, 2048, 2048]","[2048, 2048, 2048, 2048, 2049, 2048, 2048]","[2049, 2049, 2049, 2049, 2048, 2048, 2049]",265.0
1225,9189,24,22,2023-11-19T06:43:48.154000+00:00,29.127,33.545,37.574,176.0,204.0,False,100.246,"[2049, 2048, 2048, 2048, 2048, 2048]","[2048, 2048, 2048, 2048, 2048, 2049, 2048]","[2048, 2048, 2048, 2048, 2048, 2048, 2048, 2048]",299.0
1225,9189,10,22,2023-11-19T06:43:51.919000+00:00,28.658,33.06,36.965,173.0,208.0,False,98.683,"[None, 2049, 2048, 2048, 2049, 2048]","[2048, 2048, 2048, 2049, 2048, 2049, 2048]","[2048, 2048, 2048, 2048, 2049, 2049, 2048, 2048]",314.0
1225,9189,23,22,2023-11-19T06:43:55.123000+00:00,28.888,33.293,36.88,172.0,208.0,False,99.061,"[None, 2049, 2048, 2049, 2048, 2048]","[2048, 2048, 2049, 2048, 2051, 2048, 2048]","[2049, 2049, 2049, 2049, 2048, 2048, 2049, 2048]",296.0
1225,9189,81,22,2023-11-19T06:43:55.498000+00:00,28.002,32.713,37.048,179.0,206.0,False,97.763,"[None, 2051, 2048, 2051, 2049, 2048]","[2049, 2049, 2049, 2048, 2048, 2048, 2048]","[2048, 2048, 2048, 2048, 2048, 2048, 2048, 2048]",320.0
1225,9189,31,22,2023-11-19T06:43:58.091000+00:00,28.361,32.867,36.835,180.0,208.0,False,98.063,"[2048, 2048, 2049, 2048, 2048, 2048]","[2048, 2049, 2049, 2051, 2048, 2049, 2048]","[2048, 2048, 2048, 2048, 2049, 2049, 2048, 2048]",318.0
1225,9189,2,22,2023-11-19T06:43:59.529000+00:00,28.772,32.895,36.843,178.0,208.0,False,98.51,"[None, 2048, 2049, 2048, 2048, 2049]","[2049, 2048, 2049, 2049, 2048, 2049, 2049]","[2048, 2048, 2048, 2048, 2048, 2048, 2048]",314.0
1225,9189,20,22,2023-11-19T06:44:01.466000+00:00,28.531,33.213,37.465,174.0,208.0,False,99.209,"[None, 2048, 2048, 2048, 2048, 2049]","[2048, 2048, 2048, 2048, 2048, 2048, 2049]","[2048, 2048, 2048, 2048, 2048, 2048, 2048]",314.0
1225,9189,77,22,2023-11-19T06:44:03.419000+00:00,29.626,34.355,38.561,171.0,202.0,False,102.542,"[None, 2048, 2048, 2048, 2048, 2048]","[2049, 2048, 2048, 2048, 2048, 2048, 2048]","[2048, 2048, 2048, 2048, 2048, 2048, 2048, 2048]",265.0
1225,9189,27,22,2023-11-19T06:44:04.185000+00:00,28.931,34.546,37.029,,209.0,False,100.506,"[None, 2048, 2048, 2049, 2048, 2048]","[2048, 2048, 2048, 2048, 2048, 2048, 2048]","[2049, 2049, 2048, 2048, 2048, 2048, 2048, 2048]",307.0
1225,9189,44,22,2023-11-19T06:44:14.044000+00:00,28.366,33.514,36.903,178.0,208.0,False,98.783,"[None, 2048, 2049, 2048, 2049, 2049]","[2048, 2048, 2048, 2049, 2048, 2048, 2048]","[2048, 2048, 2048, 2048, 2049, 2049, 2048, 2048]",317.0
1225,9189,3,22,2023-11-19T06:44:15.935000+00:00,28.974,33.614,37.284,180.0,207.0,False,99.872,"[None, 2048, 2048, 2048, 2048, 2048]","[2049, 2048, 2048, 2048, 2048, 2048, 2048]","[2048, 2048, 2048, 2048, 2049, 2048, 2048, 2048]",301.0
1225,9189,22,22,2023-11-19T06:44:20.466000+00:00,46.571,35.555,38.09,166.0,204.0,True,120.216,"[2064, 2064, 2048, 2048, 2048, 2048]","[2048, 2048, 2048, 2048, 2048, 2048, 2048]","[2048, 2048, 2048, 2048, 2048, 2048, 2048, 2048]",285.0
1225,9189,11,23,2023-11-19T06:45:08.699000+00:00,28.066,32.839,37.412,,207.0,False,98.317,"[None, 2048, 2048, 2048, 2048, 2048]","[2048, 2048, 2048, 2048, 2048, 2049, 2048]","[2048, 2048, 2048, 2048, 2048, 2048, 2048, 2048]",312.0
1225,9189,18,23,2023-11-19T06:45:17.387000+00:00,28.204,33.323,37.498,178.0,208.0,False,99.025,"[None, 2048, 2051, 2049, 2048, 2048]","[2048, 2048, 2048, 2048, 2048, 2048, 2048]","[2048, 2048, 2048, 2048, 2049, 2049, 2048, 2048]",308.0
1225,9189,16,23,2023-11-19T06:45:19.387000+00:00,28.732,33.309,37.192,174.0,208.0,False,99.233,"[2048, 2048, 2048, 2048, 2048, 2048]","[2048, 2048, 2048, 2048, 2048, 2048, 2048]","[2049, 2048, 2048, 2048, 2048, 2048, 2049, 2048]",307.0
1225,9189,55,23,2023-11-19T06:45:20.527000+00:00,28.57,33.667,37.249,174.0,206.0,False,99.486,"[None, 2048, 2048, 2048, 2048, 2048]","[2048, 2048, 2048, 2048, 2048, 2048, 2048]","[2048, 2048, 2048, 2048, 2048, 2048, 2048, 2048]",309.0
1225,9189,63,23,2023-11-19T06:45:22.824000+00:00,28.23,32.958,36.742,179.0,211.0,False,97.93,"[2049, 2048, 2049, 2051, 2048, 2048]","[2048, 2048, 2048, 2048, 2049, 2048, 2048]","[2048, 2048, 2048, 2048, 2048, 2048, 2048, 2049]",315.0
1225,9189,14,23,2023-11-19T06:45:23.215000+00:00,29.288,34.024,37.617,174.0,204.0,False,100.929,"[None, 2048, 2048, 2048, 2048, 2048]","[2048, 2048, 2048, 2048, 2048, 2048, 2048]","[2048, 2048, 2048, 2048, 2048, 2048, 2048, 2048]",306.0
1225,9189,1,23,2023-11-19T06:45:23.355000+00:00,28.265,32.91,36.813,,209.0,False,97.988,"[None, 2048, 2048, 2049, 2048, 2048]","[2048, 2048, 2048, 2048, 2048, 2048, 2048]","[2048, 2048, 2048, 2048, 2048, 2048, 2048]",290.0
1225,9189,24,23,2023-11-19T06:45:28.543000+00:00,28.928,33.713,37.673,178.0,208.0,False,100.314,"[2048, 2048, 2048, 2048, 2048, 2048]","[2048, 2048, 2048, 2048, 2048, 2048, 2048]","[2048, 2048, 2048, 2048, 2048, 2048, 2048, 2048]",294.0
1225,9189,10,23,2023-11-19T06:45:30.793000+00:00,28.333,32.947,37.305,180.0,210.0,False,98.585,"[None, 2048, 2048, 2049, 2048, 2049]","[2048, 2048, 2048, 2048, 2048, 2048, 2049]","[2049, 2049, 2048, 2049, 2048, 2048, 2048, 2048]",306.0
1225,9189,81,23,2023-11-19T06:45:33.355000+00:00,28.06,33.321,36.857,177.0,208.0,False,98.238,"[None, 2048, 2049, 2048, 2048, 2048]","[2049, 2048, 2048, 2049, 2048, 2049, 2048]","[2048, 2048, 2048, 2048, 2048, 2049, 2048, 2048]",322.0
1225,9189,23,23,2023-11-19T06:45:34.261000+00:00,28.347,33.336,36.926,176.0,207.0,False,98.609,"[None, 2049, 2049, 2049, 2048, 2048]","[2049, 2048, 2048, 2048, 2051, 2048, 2048]","[2048, 2048, 2048, 2048, 2048, 2048, 2049]",320.0
1225,9189,31,23,2023-11-19T06:45:36.105000+00:00,28.171,32.94,36.676,182.0,210.0,False,97.787,"[2049, 2048, 2049, 2048, 2048, 2049]","[2049, 2048, 2048, 2048, 2048, 2048, 2049]","[2049, 2048, 2048, 2048, 2048, 2049, 2049, 2049]",321.0
1225,9189,2,23,2023-11-19T06:45:38.074000+00:00,28.783,33.029,36.859,176.0,209.0,False,98.671,"[None, 2049, 2049, 2048, 2048, 2048]","[2048, 2048, 2048, 2048, 2049, 2048, 2048]","[2048, 2048, 2048, 2048, 2048, 2048, 2048, 2048]",320.0
1225,9189,20,23,2023-11-19T06:45:40.793000+00:00,28.641,33.323,37.613,,206.0,False,99.577,"[None, 2048, 2049, 2048, 2048, 2048]","[2048, 2048, 2048, 2048, 2048, 2048, 2048]","[2048, 2048, 2048, 2048, 2048, 2048, 2048]",315.0
1225,9189,27,23,2023-11-19T06:45:44.699000+00:00,28.738,33.32,37.212,180.0,209.0,False,99.27,"[None, 2048, 2048, 2048, 2048, 2048]","[2048, 2048, 2048, 2048, 2048, 2048, 2049]","[2048, 2048, 2048, 2048, 2049, 2049, 2048, 2048]",307.0
1225,9189,77,23,2023-11-19T06:45:46.042000+00:00,29.334,34.174,37.716,170.0,200.0,False,101.224,"[None, 2048, 2048, 2048, 2048, 2048]","[2048, 2048, 2048, 2048, 2048, 2048, 2048]","[2048, 2048, 2048, 2048, 2048, 2048, 2048, 2048]",308.0
1225,9189,44,23,2023-11-19T06:45:52.886000+00:00,28.242,33.433,36.776,180.0,205.0,False,98.451,"[None, 2048, 2049, 2048, 2049, 2048]","[2048, 2048, 2048, 2048, 2048, 2048, 2048]","[2048, 2048, 2048, 2048, 2049, 2049, 2048, 2048]",319.0
1225,9189,3,23,2023-11-19T06:45:55.855000+00:00,28.822,33.428,37.275,179.0,207.0,False,99.525,"[2049, 2048, 2049, 2048, 2048, 2048]","[2048, 2048, 2048, 2048, 2048, 2048, 2048]","[2048, 2048, 2048, 2048, 2048, 2048, 2048, 2048]",304.0
1225,9189,22,23,2023-11-19T06:46:20.729000+00:00,29.856,33.46,37.662,177.0,208.0,False,100.978,"[2048, 2048, 2048, 2048, 2048, 2048]","[2048, 2048, 2048, 2048, 2048, 2048, 2048]","[2049, 2048, 2048, 2048, 2048, 2049, 2048, 2048]",298.0
1225,9189,11,24,2023-11-19T06:46:47.088000+00:00,28.072,32.641,37.256,181.0,207.0,False,97.969,"[None, 2048, 2051, 2049, 2048, 2048]","[2048, 2048, 2048, 2048, 2048, 2048, 2048]","[2048, 2048, 2048, 2048, 2048, 2049, 2048, 2048]",313.0
1225,9189,18,24,2023-11-19T06:46:56.463000+00:00,28.218,33.45,37.481,180.0,206.0,False,99.149,"[None, 2048, 2048, 2048, 2048, 2048]","[2048, 2048, 2048, 2048, 2048, 2048, 2048]","[2048, 2048, 2048, 2048, 2049, 2049, 2048, 2048]",309.0
1225,9189,16,24,2023-11-19T06:46:58.666000+00:00,28.149,32.885,36.999,179.0,208.0,False,98.033,"[2049, 2048, 2048, 2048, 2049, 2048]","[2048, 2048, 2048, 2049, 2049, 2048, 2048]","[2049, 2049, 2048, 2048, 2048, 2049, 2049, 2049]",315.0
1225,9189,55,24,2023-11-19T06:47:00.026000+00:00,28.564,33.83,38.122,176.0,203.0,False,100.516,"[None, 2048, 2048, 2048, 2048, 2048]","[2048, 2048, 2048, 2048, 2048, 2048, 2048]","[2048, 2048, 2048, 2048, 2048, 2048, 2048, 2048]",268.0
1225,9189,63,24,2023-11-19T06:47:00.744000+00:00,28.326,33.527,36.53,177.0,209.0,False,98.383,"[2048, 2048, 2048, 2048, 2049, 2048]","[2048, 2048, 2048, 2048, 2048, 2048, 2048]","[2048, 2048, 2048, 2048, 2049, 2048, 2048, 2048]",343.0
1225,9189,1,24,2023-11-19T06:47:01.322000+00:00,28.259,33.422,36.801,180.0,208.0,False,98.482,"[2049, 2048, 2048, 2049, 2049, 2048]","[2048, 2048, 2048, 2049, 2048, 2048, 2048]","[2049, 2049, 2049, 2049, 2048, 2049, 2048, 2048]",280.0
1225,9189,14,24,2023-11-19T06:47:04.198000+00:00,28.665,33.77,37.392,177.0,204.0,False,99.827,"[None, 2048, 2048, 2048, 2048, 2048]","[2048, 2048, 2048, 2048, 2048, 2048, 2048]","[2048, 2048, 2048, 2048, 2048, 2048, 2048, 2048]",313.0
1225,9189,24,24,2023-11-19T06:47:08.807000+00:00,29.009,33.689,37.683,177.0,206.0,False,100.381,"[None, 2048, 2048, 2048, 2048, 2048]","[2048, 2048, 2048, 2048, 2048, 2048, 2048]","[2048, 2048, 2048, 2048, 2048, 2048, 2048, 2048]",269.0
1225,9189,10,24,2023-11-19T06:47:09.244000+00:00,28.955,33.606,36.648,179.0,210.0,False,99.209,"[None, 2048, 2048, 2048, 2048, 2048]","[2048, 2048, 2048, 2048, 2048, 2048, 2048]","[2049, 2049, 2048, 2048, 2048, 2049, 2048, 2048]",302.0
1225,9189,81,24,2023-11-19T06:47:11.588000+00:00,27.911,33.003,36.998,179.0,208.0,False,97.912,"[2049, 2048, 2049, 2048, 2048, 2048]","[2048, 2048, 2048, 2048, 2048, 2048, 2048]","[2048, 2048, 2048, 2048, 2048, 2049, 2049, 2048]",290.0
1225,9189,23,24,2023-11-19T06:47:12.776000+00:00,28.528,33.332,37.306,,207.0,False,99.166,"[None, 2048, 2048, 2048, 2048, 2048]","[2048, 2048, 2048, 2048, 2048, 2048, 2048]","[2048, 2048, 2048, 2048, 2048, 2048, 2049, 2048]",319.0
1225,9189,31,24,2023-11-19T06:47:13.869000+00:00,28.15,33.08,36.447,181.0,210.0,False,97.677,"[2048, 2049, 2048, 2048, 2049, 2048]","[2048, 2048, 2048, 2048, 2051, 2048, 2048]","[2049, 2049, 2049, 2051, 2048, 2048, 2048, 2048]",337.0
1225,9189,2,24,2023-11-19T06:47:16.791000+00:00,28.596,33.075,36.777,177.0,208.0,False,98.448,"[None, 2049, 2049, 2049, 2048, 2049]","[2048, 2048, 2048, 2048, 2048, 2048, 2048]","[2048, 2048, 2048, 2048, 2048, 2048, 2048, 2048]",321.0
1225,9189,20,24,2023-11-19T06:47:20.260000+00:00,28.58,33.231,37.642,175.0,206.0,False,99.453,"[None, 2048, 2048, 2048, 2048, 2048]","[2049, 2048, 2048, 2048, 2048, 2048, 2048]","[2048, 2048, 2048, 2048, 2048, 2048, 2048, 2048]",316.0
1225,9189,27,24,2023-11-19T06:47:24.009000+00:00,28.462,33.147,37.225,179.0,209.0,False,98.834,"[2049, 2048, 2048, 2048, 2048, 2049]","[2048, 2048, 2048, 2048, 2048, 2048, 2048]","[2048, 2048, 2048, 2048, 2048, 2048, 2048, 2048]",307.0
1225,9189,77,24,2023-11-19T06:47:27.119000+00:00,29.486,34.228,42.864,173.0,199.0,False,106.578,"[None, 2048, 2048, 2048, 2048, 2048]","[2048, 2048, 2048, 2048, 2048, 2048, 2048]","[2048, 2048, 2048, 2048, 2048, 2048, 2048, 2064]",306.0
1225,9189,44,24,2023-11-19T06:47:31.244000+00:00,28.156,33.542,36.684,178.0,208.0,False,98.382,"[None, 2049, 2049, 2048, 2048, 2049]","[2048, 2048, 2049, 2048, 2048, 2048, 2048]","[2048, 2048, 2048, 2048, 2048, 2048, 2048, 2048]",306.0
1225,9189,3,24,2023-11-19T06:47:35.384000+00:00,28.848,33.339,37.176,181.0,208.0,False,99.363,"[2048, 2049, 2048, 2048, 2048, 2048]","[2048, 2048, 2048, 2048, 2048, 2048, 2048]","[2048, 2048, 2048, 2048, 2049, 2049, 2048, 2048]",304.0
1225,9189,22,24,2023-11-19T06:48:01.743000+00:00,29.273,33.704,37.455,180.0,208.0,False,100.432,"[None, 2048, 2049, 2048, 2048, 2048]","[2049, 2048, 2048, 2049, 2048, 2048, 2049]","[2048, 2048, 2048, 2048, 2048, 2049, 2048, 2048]",296.0
1225,9189,11,25,2023-11-19T06:48:25.133000+00:00,28.165,32.872,37.322,180.0,207.0,False,98.359,"[None, 2048, 2048, 2048, 2048, 2048]","[2048, 2048, 2048, 2048, 2048, 2048, 2048]","[2048, 2048, 2048, 2048, 2048, 2048, 2048, 2048]",312.0
1225,9189,18,25,2023-11-19T06:48:35.555000+00:00,28.443,33.299,38.037,,207.0,False,99.779,"[None, 2048, 2048, 2048, 2048, 2048]","[2048, 2048, 2048, 2048, 2048, 2048, 2048]","[2048, 2048, 2048, 2048, 2048, 2048, 2048, 2048]",275.0
1225,9189,16,25,2023-11-19T06:48:36.758000+00:00,28.33,33.037,36.751,178.0,211.0,False,98.118,"[2048, 2048, 2048, 2048, 2048, 2048]","[2048, 2048, 2048, 2048, 2048, 2048, 2048]","[2049, 2049, 2049, 2049, 2048, 2049, 2048, 2048]",328.0
1225,9189,63,25,2023-11-19T06:48:39.149000+00:00,28.591,34.844,37.17,179.0,189.0,False,100.605,"[None, 2048, 2048, 2048, 2048, 2048]","[2048, 2048, 2048, 2048, 2048, 2048, 2048]","[2048, 2048, 2048, 2048, 2048, 2048, 2048, 2048]",298.0
1225,9189,1,25,2023-11-19T06:48:39.727000+00:00,28.343,33.334,37.266,181.0,201.0,False,98.943,"[2048, 2048, 2048, 2048, 2048, 2048]","[2048, 2048, 2049, 2048, 2049, 2048, 2048]","[2048, 2048, 2048, 2048, 2048, 2048, 2048, 2048]",293.0
1225,9189,55,25,2023-11-19T06:48:40.477000+00:00,28.971,33.83,37.419,,201.0,False,100.22,"[None, 2048, 2048, 2048, 2048, 2048]","[2048, 2048, 2048, 2048, 2048, 2048, 2048]","[2048, 2048, 2048, 2048, 2048, 2048, 2048, 2048]",282.0
1225,9189,14,25,2023-11-19T06:48:44.024000+00:00,28.439,33.984,37.354,,204.0,False,99.777,"[None, 2048, 2048, 2048, 2048, 2048]","[2048, 2048, 2048, 2048, 2048, 2048, 2048]","[2048, 2048, 2048, 2048, 2048, 2048, 2048, 2048]",315.0
1225,9189,10,25,2023-11-19T06:48:48.477000+00:00,28.597,32.786,37.111,178.0,210.0,False,98.494,"[None, 2048, 2048, 2048, 2048, 2048]","[2048, 2048, 2051, 2049, 2048, 2049, 2048]","[2048, 2048, 2048, 2048, 2048, 2048, 2048, 2048]",308.0
1225,9189,24,25,2023-11-19T06:48:49.274000+00:00,29.512,34.385,37.594,176.0,205.0,False,101.491,"[None, 2048, 2048, 2048, 2048, 2048]","[2048, 2048, 2048, 2048, 2048, 2048, 2048]","[2048, 2048, 2048, 2048, 2048, 2048, 2049, 2049]",298.0
1225,9189,81,25,2023-11-19T06:48:49.602000+00:00,28.639,33.341,36.993,176.0,205.0,False,98.973,"[2048, 2048, 2048, 2048, 2049, 2048]","[2048, 2048, 2048, 2048, 2049, 2049, 2048]","[2048, 2048, 2048, 2048, 2048, 2048, 2048, 2048]",321.0
1225,9189,31,25,2023-11-19T06:48:51.461000+00:00,28.195,33.801,36.432,,207.0,False,98.428,"[None, 2049, 2048, 2048, 2048, 2049]","[2048, 2048, 2048, 2048, 2048, 2048, 2048]","[2048, 2048, 2048, 2048, 2049, 2048, 2048]",325.0
1225,9189,23,25,2023-11-19T06:48:52.102000+00:00,28.767,33.737,36.775,175.0,207.0,False,99.279,"[None, 2048, 2048, 2048, 2048, 2048]","[2048, 2048, 2048, 2048, 2049, 2048, 2048]","[2048, 2048, 2048, 2049, 2048, 2048, 2049, 2049]",296.0
1225,9189,2,25,2023-11-19T06:48:55.258000+00:00,28.762,33.622,36.952,176.0,206.0,False,99.336,"[None, 2048, 2048, 2048, 2048, 2048]","[2049, 2048, 2048, 2048, 2048, 2048, 2048]","[2048, 2048, 2048, 2048, 2048, 2048, 2048, 2048]",317.0
1225,9189,20,25,2023-11-19T06:48:59.758000+00:00,28.727,33.651,37.489,174.0,204.0,False,99.867,"[None, 2048, 2048, 2048, 2048, 2048]","[2048, 2048, 2048, 2048, 2048, 2048, 2048]","[2048, 2048, 2048, 2048, 2049, 2049, 2048, 2048]",304.0
1225,9189,27,25,2023-11-19T06:49:02.805000+00:00,28.554,33.685,37.401,178.0,206.0,False,99.64,"[2048, 2048, 2048, 2048, 2048, 2048]","[2049, 2048, 2048, 2048, 2048, 2048, 2048]","[2048, 2048, 2048, 2048, 2048, 2048, 2048, 2048]",303.0
1225,9189,44,25,2023-11-19T06:49:09.633000+00:00,27.998,33.438,36.798,179.0,206.0,False,98.234,"[2049, 2049, 2049, 2048, 2049, 2048]","[2049, 2048, 2048, 2048, 2048, 2048, 2048]","[2048, 2048, 2048, 2048, 2048, 2051, 2048, 2048]",311.0
1225,9189,77,25,2023-11-19T06:49:13.789000+00:00,45.724,35.093,38.084,167.0,196.0,True,118.901,"[2064, 2064, 2048, 2048, 2048, 2048]","[2048, 2048, 2048, 2048, 2048, 2048, 2048]","[2048, 2048, 2048, 2048, 2048, 2048, 2048, 2048]",306.0
1225,9189,3,25,2023-11-19T06:49:14.695000+00:00,28.795,33.701,37.16,180.0,205.0,False,99.656,"[None, 2048, 2048, 2048, 2048, 2048]","[2049, 2048, 2048, 2048, 2048, 2048, 2048]","[2048, 2048, 2048, 2048, 2049, 2049, 2048, 2048]",303.0
1225,9189,22,25,2023-11-19T06:49:42.226000+00:00,29.09,33.541,37.463,179.0,207.0,False,100.094,"[None, 2048, 2049, 2049, 2048, 2048]","[2048, 2048, 2048, 2048, 2048, 2048, 2048]","[2048, 2048, 2048, 2048, 2048, 2048, 2048, 2048]",301.0
1225,9189,11,26,2023-11-19T06:50:03.429000+00:00,28.195,33.445,51.179,,203.0,False,112.819,"[None, 2048, 2048, 2048, 2048, 2048]","[2048, 2048, 2048, 2048, 2048, 2048, 2048]","[2048, 2048, 2048, 2048, 2048, 2048, 2048, 2064]",311.0
1225,9189,16,26,2023-11-19T06:50:14.741000+00:00,28.138,32.971,48.376,179.0,208.0,False,109.485,"[None, 2049, 2048, 2048, 2048, 2048]","[2049, 2048, 2048, 2048, 2048, 2048, 2048]","[2048, 2048, 2048, 2048, 2048, 2048, 2048, 2048]",245.0
1225,9189,18,26,2023-11-19T06:50:15.381000+00:00,28.517,33.81,53.589,178.0,205.0,False,115.916,"[None, 2048, 2048, 2048, 2048, 2048]","[2048, 2048, 2048, 2048, 2048, 2048, 2048]","[2048, 2048, 2048, 2048, 2048, 2048, 2048, 2064]",225.0
1225,9189,1,26,2023-11-19T06:50:18.756000+00:00,28.098,32.402,52.826,182.0,208.0,False,113.326,"[None, 2048, 2049, 2048, 2048, 2048]","[2049, 2048, 2051, 2048, 2048, 2049, 2048]","[2048, 2048, 2048, 2048, 2048, 2048, 2048, 2064]",242.0
1225,9189,63,26,2023-11-19T06:50:19.850000+00:00,28.371,33.271,53.592,180.0,210.0,False,115.234,"[None, 2048, 2048, 2048, 2049, 2048]","[2048, 2048, 2048, 2048, 2048, 2048, 2048]","[2048, 2048, 2048, 2048, 2048, 2048, 2048, 2064]",223.0
1225,9189,55,26,2023-11-19T06:50:20.725000+00:00,28.661,33.897,54.016,,204.0,False,116.574,"[None, 2048, 2048, 2049, 2048, 2048]","[2048, 2048, 2048, 2048, 2048, 2048, 2048]","[2048, 2048, 2048, 2048, 2048, 2048, 2048, 2064]",232.0
1225,9189,14,26,2023-11-19T06:50:23.803000+00:00,28.48,33.798,55.335,176.0,205.0,False,117.613,"[None, 2048, 2048, 2049, 2048, 2048]","[2048, 2048, 2048, 2048, 2048, 2048, 2048]","[2048, 2048, 2048, 2048, 2048, 2048, 2048, 2064]",264.0
1225,9189,10,26,2023-11-19T06:50:27.037000+00:00,28.405,32.827,53.243,180.0,201.0,False,114.475,"[None, 2051, 2048, 2048, 2048, 2048]","[2048, 2048, 2048, 2051, 2048, 2048, 2048]","[2048, 2048, 2048, 2048, 2048, 2048, 2048, 2048]",295.0
1225,9189,81,26,2023-11-19T06:50:28.475000+00:00,27.912,35.953,50.191,177.0,90.0,False,114.056,"[2049, 2048, 2049, 2048, 2048, 2048]","[2048, 2048, 2048, 2048, 2048, 2048, 2048]","[2048, 2048, 2048, 2048, 2048, 2048, 2048, 2048]",239.0
1225,9189,31,26,2023-11-19T06:50:29.959000+00:00,28.183,36.264,49.952,179.0,96.0,False,114.399,"[2049, 2048, 2048, 2048, 2049, 2048]","[2048, 2048, 2048, 2048, 2048, 2048, 2048]","[2048, 2048, 2048, 2048, 2048, 2048, 2048, 2048]",248.0
1225,9189,24,26,2023-11-19T06:50:30.741000+00:00,28.632,36.49,54.658,177.0,114.0,False,119.78,"[2049, 2048, 2048, 2049, 2049, 2048]","[2048, 2048, 2048, 2048, 2049, 2048, 2048]","[2048, 2048, 2048, 2048, 2048, 2048, 2048, 2064]",225.0
1225,9189,23,26,2023-11-19T06:50:31.272000+00:00,28.634,37.435,49.701,173.0,107.0,False,115.77,"[None, 2048, 2048, 2048, 2048, 2048]","[2048, 2048, 2049, 2048, 2051, 2048, 2048]","[2048, 2048, 2048, 2048, 2048, 2048, 2048, 2048]",228.0
1225,9189,2,26,2023-11-19T06:50:34.569000+00:00,28.82,38.974,50.116,,167.0,False,117.91,"[None, 2048, 2048, 2048, 2048, 2048]","[2048, 2048, 2049, 2048, 2048, 2048, 2048]","[2048, 2048, 2048, 2048, 2048, 2048, 2048, 2048]",208.0
1225,9189,20,26,2023-11-19T06:50:39.647000+00:00,28.152,40.574,54.118,178.0,166.0,False,122.844,"[None, 2049, 2049, 2048, 2048, 2049]","[2048, 2048, 2049, 2048, 2048, 2048, 2048]","[2048, 2048, 2048, 2048, 2048, 2048, 2048, 2064]",246.0
1225,9189,27,26,2023-11-19T06:50:42.443000+00:00,28.375,43.09,52.143,179.0,188.0,False,123.608,"[None, 2048, 2048, 2048, 2048, 2048]","[2048, 2048, 2048, 2048, 2048, 2048, 2048]","[2048, 2048, 2048, 2048, 2048, 2048, 2048, 2064]",225.0
1225,9189,44,26,2023-11-19T06:50:47.975000+00:00,28.141,43.564,53.482,181.0,183.0,False,125.187,"[2048, 2049, 2048, 2049, 2048, 2049]","[2048, 2048, 2048, 2048, 2048, 2048, 2048]","[2048, 2048, 2048, 2048, 2048, 2048, 2048, 2064]",223.0
1225,9189,3,26,2023-11-19T06:50:54.365000+00:00,28.785,46.637,48.066,182.0,169.0,False,123.488,"[None, 2048, 2048, 2048, 2048, 2049]","[2048, 2048, 2048, 2048, 2048, 2048, 2048]","[2048, 2048, 2048, 2048, 2048, 2048, 2048, 2048]",256.0
1225,9189,77,26,2023-11-19T06:51:12.630000+00:00,38.71,43.696,48.499,125.0,173.0,False,130.905,"[2048, 2048, 2048, 2048, 2048, 2048]","[2048, 2048, 2048, 2048, 2048, 2048, 2048]","[2048, 2048, 2048, 2048, 2048, 2048, 2048, 2048]",224.0
1225,9189,22,26,2023-11-19T06:51:22.271000+00:00,39.082,44.342,50.368,142.0,104.0,False,133.792,"[None, 2048, 2048, 2048, 2048, 2048]","[2048, 2048, 2048, 2048, 2048, 2048, 2048]","[2048, 2048, 2048, 2048, 2048, 2048, 2048, 2048]",245.0
1225,9189,11,27,2023-11-19T06:51:56.302000+00:00,53.61,62.19,67.785,128.0,108.0,True,183.585,"[2064, 2064, 2048, 2048, 2048, 2048]","[2048, 2048, 2048, 2048, 2048, 2048, 2048]","[2048, 2048, 2048, 2048, 2048, 2048, 2048, 2048]",161.0
1225,9189,16,27,2023-11-19T06:52:04.333000+00:00,43.779,61.431,69.254,154.0,141.0,False,174.464,"[None, 2048, 2048, 2048, 2048, 2048]","[2048, 2048, 2048, 2048, 2048, 2048, 2048]","[2048, 2048, 2048, 2048, 2048, 2048, 2048, 2048]",165.0
1225,9189,18,27,2023-11-19T06:52:11.286000+00:00,53.024,54.118,67.148,161.0,103.0,True,174.29,"[2064, 2064, 2048, 2048, 2048, 2048]","[2048, 2048, 2048, 2048, 2048, 2048, 2048]","[2048, 2048, 2048, 2048, 2048, 2048, 2048, 0]",162.0
1225,9189,1,27,2023-11-19T06:52:12.114000+00:00,49.604,54.015,67.983,129.0,101.0,True,171.602,"[2064, 2064, 2048, 2048, 2048, 2048]","[2048, 2048, 2048, 2048, 2048, 2048, 2048]","[2048, 2048, 2048, 2048, 2048, 2048, 2048, 2048]",202.0
1225,9189,63,27,2023-11-19T06:52:15.051000+00:00,54.558,53.135,65.152,163.0,93.0,True,172.845,"[2064, 2064, 2048, 2048, 2048, 2048]","[2048, 2048, 2048, 2048, 2048, 2048, 2048]","[2048, 2048, 2048, 2048, 2048, 2048, 2048, 2048]",217.0
1225,9189,55,27,2023-11-19T06:52:17.239000+00:00,54.736,51.848,64.643,133.0,93.0,True,171.227,"[2064, 2064, 2048, 2048, 2048, 2048]","[2048, 2048, 2048, 2048, 2048, 2048, 2048]","[2048, 2048, 2048, 2048, 2048, 2048, 2048, 2048]",196.0
1225,9189,14,27,2023-11-19T06:52:21.317000+00:00,53.95,51.13,64.06,143.0,77.0,True,169.14,"[2064, 2064, 2048, 2048, 2048, 2048]","[2048, 2048, 2048, 2048, 2048, 2048, 2048]","[2048, 2048, 2048, 2048, 2048, 2048, 2048, 2048]",208.0
1225,9189,10,27,2023-11-19T06:52:21.442000+00:00,37.094,55.006,67.551,140.0,94.0,False,159.651,"[None, 2048, 2048, 2048, 2048, 2048]","[2048, 2048, 2048, 2048, 2048, 2048, 2048]","[2048, 2048, 2048, 2048, 2048, 2048, 2048, 2048]",182.0
1225,9189,81,27,2023-11-19T06:52:22.598000+00:00,37.702,54.64,67.471,159.0,88.0,False,159.813,"[2048, 2048, 2048, 2048, 2048, 2048]","[2048, 2048, 2048, 2048, 2048, 2048, 2048]","[2048, 2048, 2048, 2048, 2048, 2048, 2048, 2048]",180.0
1225,9189,31,27,2023-11-19T06:52:24.426000+00:00,38.195,54.337,67.513,151.0,102.0,False,160.045,"[2048, 2048, 2048, 2048, 2048, 2048]","[2048, 2048, 2048, 2048, 2048, 2048, 2048]","[2048, 2048, 2048, 2048, 2048, 2048, 2048]",186.0
1225,9189,23,27,2023-11-19T06:52:26.926000+00:00,38.525,54.003,67.034,149.0,106.0,False,159.562,"[None, 2048, 2048, 2048, 2048, 2048]","[2048, 2048, 2048, 2048, 2048, 2048, 2048]","[2048, 2048, 2048, 2048, 2048, 2048, 2048]",147.0
1225,9189,24,27,2023-11-19T06:52:30.488000+00:00,52.745,46.152,62.777,153.0,109.0,True,161.674,"[2064, 2064, 2048, 2048, 2048, 2048]","[2048, 2048, 2048, 2048, 2048, 2048, 2048]","[2048, 2048, 2048, 2048, 2048, 2048, 2048, 2048]",190.0
1225,9189,2,27,2023-11-19T06:52:32.520000+00:00,41.262,51.192,64.492,149.0,90.0,False,156.946,"[None, 2048, 2048, 2048, 2048, 2048]","[2048, 2048, 2048, 2048, 2048, 2048, 2048]","[2048, 2048, 2048, 2048, 2048, 2048, 2048, 2048]",189.0
1225,9189,20,27,2023-11-19T06:52:42.426000+00:00,50.555,44.309,55.589,161.0,142.0,True,150.453,"[2064, 2064, 2048, 2048, 2048, 2048]","[2048, 2048, 2048, 2048, 2048, 2048, 2048]","[2048, 2048, 2048, 2048, 2048, 2048, 2048, 2048]",217.0
1225,9189,27,27,2023-11-19T06:52:46.004000+00:00,56.068,44.709,48.078,147.0,111.0,True,148.855,"[2064, 2064, 2048, 2048, 2048, 2048]","[2048, 2048, 2048, 2048, 2048, 2048, 2048]","[2048, 2048, 2048, 2048, 2048, 2048, 2048, 2048]",230.0
1225,9189,44,27,2023-11-19T06:52:53.051000+00:00,53.632,45.555,48.392,164.0,163.0,True,147.579,"[2064, 2064, 2048, 2048, 2048, 2048]","[2048, 2048, 2048, 2048, 2048, 2048, 2048]","[2048, 2048, 2048, 2048, 2048, 2048, 2048, 2048]",273.0
1225,9189,3,27,2023-11-19T06:52:57.957000+00:00,38.871,48.158,49.349,138.0,86.0,False,136.378,"[None, 2048, 2048, 2048, 2048, 2048]","[2048, 2048, 2048, 2048, 2048, 2048, 2048]","[2048, 2048, 2048, 2048, 2048, 2048, 2048]",243.0
1225,9189,77,27,2023-11-19T06:53:23.659000+00:00,38.677,48.792,45.35,135.0,121.0,False,132.819,"[None, 2048, 2048, 2048, 2048, 2048]","[2048, 2048, 2048, 2048, 2048, 2048, 2048]","[2048, 2048, 2048, 2048, 2048, 2048, 2048, 2048]",259.0
1225,9189,22,27,2023-11-19T06:53:36.034000+00:00,36.939,46.785,49.202,104.0,115.0,False,132.926,"[None, 2048, 2048, 2048, 2048, 2048]","[2048, 2048, 2048, 2048, 2048, 2048, 2048]","[2048, 2048, 2048, 2048, 2048, 2048, 2048]",236.0
1225,9189,16,28,2023-11-19T06:54:58.689000+00:00,46.82,51.852,67.985,150.0,174.0,False,166.657,"[None, 2048, 2048, 2048, 2048, 2048]","[2048, 2048, 2048, 2048, 2048, 2048, 2048]","[2048, 2048, 2048, 2048, 2048, 2048, 2048, 2048]",74.0
1225,9189,11,28,2023-11-19T06:54:59.814000+00:00,46.614,51.865,67.927,148.0,173.0,False,166.406,"[2048, 2048, 2048, 2048, 2048, 2048]","[2048, 2048, 2048, 2048, 2048, 2048, 2048]","[2048, 2048, 2048, 2048, 2048, 2048, 2048, 2048]",76.0
1225,9189,10,28,2023-11-19T06:55:01.001000+00:00,46.902,51.321,67.068,142.0,182.0,False,165.291,"[None, 2048, 2048, 2048, 2048, 2048]","[2048, 2048, 2048, 2048, 2048, 2048, 2048]","[2048, 2048, 2048, 2048, 2048, 2048, 2048, 2048]",85.0
1225,9189,81,28,2023-11-19T06:55:02.329000+00:00,46.442,51.809,66.341,147.0,172.0,False,164.592,"[None, 2048, 2048, 2048, 2048, 2048]","[2048, 2048, 2048, 2048, 2048, 2048, 2048]","[2048, 2048, 2048, 2048, 2048, 2048, 2048, 2048]",77.0
1225,9189,1,28,2023-11-19T06:55:03.642000+00:00,46.367,51.54,65.773,141.0,186.0,False,163.68,"[2048, 2048, 2048, 2048, 2048, 2048]","[2048, 2048, 2048, 2048, 2048, 2048, 2048]","[2048, 2048, 2048, 2048, 2048, 2048, 2048, 2048]",69.0
1225,9189,31,28,2023-11-19T06:55:04.314000+00:00,46.494,51.498,65.468,138.0,181.0,False,163.46,"[None, 2048, 2048, 2048, 2048, 2048]","[2048, 2048, 2048, 2048, 2048, 2048, 2048]","[2048, 2048, 2048, 2048, 2048, 2048, 2048, 2048]",73.0
1225,9189,18,28,2023-11-19T06:55:05.548000+00:00,46.615,51.424,65.095,118.0,172.0,False,163.134,"[2048, 2048, 2048, 2048, 2048, 2048]","[2048, 2048, 2048, 2048, 2048, 2048, 2048]","[2048, 2048, 2048, 2048, 2048, 2048, 2048, 2048]",70.0
1225,9189,23,28,2023-11-19T06:55:06.470000+00:00,46.324,51.541,64.431,156.0,190.0,False,162.296,"[None, 2048, 2048, 2048, 2048, 2048]","[2048, 2048, 2048, 2048, 2048, 2048, 2048]","[2048, 2048, 2048, 2048, 2048, 2048, 2048, 2049]",67.0
1225,9189,63,28,2023-11-19T06:55:07.908000+00:00,46.987,51.734,62.788,150.0,178.0,False,161.509,"[2048, 2048, 2048, 2048, 2048, 2048]","[2048, 2048, 2048, 2048, 2048, 2048, 2048]","[2048, 2048, 2048, 2048, 2048, 2048, 2048, 2049]",71.0
1225,9189,55,28,2023-11-19T06:55:08.454000+00:00,47.8,51.814,61.728,122.0,177.0,False,161.342,"[2048, 2048, 2048, 2048, 2048, 2048]","[2048, 2048, 2048, 2048, 2048, 2048, 2048]","[2048, 2048, 2048, 2048, 2048, 2048, 2048]",74.0
1225,9189,2,28,2023-11-19T06:55:09.345000+00:00,47.695,52.111,61.139,131.0,178.0,False,160.945,"[None, 2048, 2048, 2048, 2048, 2048]","[2048, 2048, 2048, 2048, 2048, 2048, 2048]","[2048, 2048, 2048, 2048, 2048, 2048, 2048, 2048]",81.0
1225,9189,14,28,2023-11-19T06:55:10.579000+00:00,48.758,51.835,59.405,139.0,182.0,False,159.998,"[2048, 2048, 2048, 2048, 2048, 2048]","[2048, 2048, 2048, 2048, 2048, 2048, 2048]","[2048, 2048, 2048, 2048, 2048, 2048, 2049, 2049]",102.0
1225,9189,24,28,2023-11-19T06:55:12.189000+00:00,48.578,51.398,59.064,121.0,164.0,False,159.04,"[2048, 2048, 2048, 2048, 2048, 2048]","[2048, 2048, 2048, 2048, 2048, 2048, 2048]","[2048, 2048, 2048, 2048, 2048, 2048, 2048, 2048]",91.0
1225,9189,20,28,2023-11-19T06:55:12.986000+00:00,49.213,50.593,59.065,99.0,168.0,False,158.871,"[2048, 2048, 2048, 2048, 2048, 2048]","[2048, 2048, 2048, 2048, 2048, 2048, 2048]","[2048, 2048, 2048, 2048, 2048, 2048, 2048, 2048]",109.0
1225,9189,3,28,2023-11-19T06:55:14.173000+00:00,49.973,50.679,57.399,150.0,173.0,False,158.051,"[None, 2048, 2048, 2048, 2048, 2048]","[2048, 2048, 2048, 2048, 2048, 2048, 2048]","[2048, 2048, 2048, 2048, 2048, 2048, 2049, 2048]",111.0
1225,9189,27,28,2023-11-19T06:55:14.876000+00:00,50.78,50.771,56.115,,166.0,False,157.666,"[2048, 2048, 2048, 2048, 2048, 2048]","[2048, 2048, 2048, 2048, 2048, 2048, 2048]","[2048, 2048, 2048, 2048, 2048, 2048, 2049, 2049]",122.0
1225,9189,44,28,2023-11-19T06:55:20.782000+00:00,47.332,49.163,55.671,167.0,157.0,False,152.166,"[2048, 2048, 2048, 2048, 2048, 2048]","[2048, 2048, 2048, 2048, 2048, 2048, 2048]","[2048, 2048, 2048, 2048, 2048, 2048, 2048]",116.0
1225,9189,77,28,2023-11-19T06:55:36.376000+00:00,35.081,46.919,55.195,147.0,142.0,False,137.195,"[None, 2048, 2048, 2048, 2048, 2048]","[2048, 2048, 2048, 2048, 2048, 2048, 2048]","[2048, 2048, 2048, 2048, 2048, 2048, 2048, 2048]",131.0
1225,9189,22,28,2023-11-19T06:55:48.954000+00:00,31.67,41.538,52.906,156.0,174.0,False,126.114,"[None, 2048, 2048, 2048, 2048, 2048]","[2048, 2048, 2048, 2048, 2048, 2048, 2048]","[2048, 2048, 2048, 2048, 2048, 2048, 2048, 2048]",150.0
1225,9189,16,29,2023-11-19T06:57:45.405000+00:00,28.962,33.314,37.396,173.0,209.0,False,99.672,"[None, 2048, 2048, 2048, 2048, 2048]","[2048, 2048, 2048, 2048, 2048, 2048, 2048]","[2048, 2048, 2048, 2048, 2048, 2048, 2048, 2048]",307.0
1225,9189,11,29,2023-11-19T06:57:46.217000+00:00,29.343,32.798,37.316,180.0,207.0,False,99.457,"[None, 2048, 2048, 2048, 2049, 2048]","[2048, 2048, 2048, 2048, 2048, 2048, 2048]","[2048, 2048, 2048, 2048, 2048, 2048, 2048, 2048]",306.0
1225,9189,10,29,2023-11-19T06:57:46.483000+00:00,30.733,33.386,37.132,176.0,209.0,False,101.251,"[None, 2048, 2048, 2048, 2048, 2048]","[2048, 2048, 2048, 2048, 2049, 2049, 2048]","[2048, 2048, 2048, 2048, 2048, 2048, 2048, 2048]",291.0
1225,9189,81,29,2023-11-19T06:57:46.936000+00:00,29.882,33.025,37.232,172.0,209.0,False,100.139,"[None, 2048, 2048, 2048, 2048, 2048]","[2048, 2048, 2048, 2049, 2048, 2048, 2048]","[2048, 2048, 2048, 2048, 2048, 2048, 2048, 2048]",310.0
1225,9189,1,29,2023-11-19T06:57:47.420000+00:00,29.952,33.716,37.27,182.0,210.0,False,100.938,"[None, 2048, 2048, 2048, 2048, 2048]","[2048, 2048, 2048, 2048, 2048, 2048, 2048]","[2048, 2048, 2048, 2048, 2048, 2048, 2048, 2048]",286.0
1225,9189,31,29,2023-11-19T06:57:47.952000+00:00,30.008,33.759,37.377,177.0,209.0,False,101.144,"[None, 2048, 2048, 2048, 2048, 2048]","[2048, 2048, 2048, 2048, 2048, 2048, 2048]","[2048, 2048, 2048, 2048, 2048, 2048, 2048, 2048]",279.0
1225,9189,18,29,2023-11-19T06:57:48.827000+00:00,30.364,33.913,37.446,176.0,210.0,False,101.723,"[None, 2048, 2048, 2048, 2048, 2048]","[2048, 2048, 2048, 2048, 2049, 2048, 2048]","[2049, 2048, 2048, 2048, 2048, 2049, 2048, 2048]",304.0
1225,9189,23,29,2023-11-19T06:57:48.952000+00:00,29.691,33.795,37.179,174.0,209.0,False,100.665,"[None, 2048, 2048, 2048, 2048, 2048]","[2048, 2048, 2048, 2049, 2048, 2048, 2048]","[2048, 2048, 2048, 2048, 2048, 2049, 2048]",281.0
1225,9189,63,29,2023-11-19T06:57:49.389000+00:00,30.146,34.002,37.261,174.0,212.0,False,101.409,"[None, 2048, 2048, 2048, 2048, 2048]","[2048, 2048, 2048, 2048, 2049, 2048, 2048]","[2048, 2048, 2048, 2048, 2048, 2048, 2048, 2048]",279.0
1225,9189,55,29,2023-11-19T06:57:49.811000+00:00,30.17,34.199,37.162,167.0,210.0,False,101.531,"[None, 2048, 2048, 2048, 2048, 2048]","[2048, 2048, 2048, 2048, 2048, 2048, 2048]","[2049, 2048, 2048, 2048, 2048, 2049, 2049, 2048]",276.0
1225,9189,2,29,2023-11-19T06:57:50.342000+00:00,30.821,34.591,37.219,172.0,208.0,False,102.631,"[None, 2048, 2048, 2048, 2048, 2048]","[2048, 2048, 2048, 2048, 2049, 2048, 2048]","[2049, 2048, 2048, 2048, 2048, 2048, 2048, 2048]",275.0
1225,9189,14,29,2023-11-19T06:57:50.577000+00:00,29.788,34.321,37.104,175.0,210.0,False,101.213,"[None, 2048, 2048, 2048, 2048, 2048]","[2048, 2048, 2048, 2049, 2049, 2048, 2048]","[2049, 2048, 2048, 2048, 2048, 2051, 2048, 2048]",298.0
1225,9189,24,29,2023-11-19T06:57:51.264000+00:00,29.648,34.247,37.284,172.0,209.0,False,101.179,"[None, 2048, 2048, 2048, 2049, 2048]","[2048, 2048, 2048, 2048, 2049, 2048, 2048]","[2049, 2048, 2048, 2048, 2048, 2048, 2048, 2049]",269.0
1225,9189,20,29,2023-11-19T06:57:51.826000+00:00,29.832,34.518,37.347,171.0,208.0,False,101.697,"[None, 2048, 2048, 2048, 2048, 2048]","[2048, 2048, 2048, 2048, 2049, 2048, 2048]","[2049, 2048, 2048, 2048, 2048, 2049, 2049, 2049]",302.0
1225,9189,3,29,2023-11-19T06:57:52.373000+00:00,30.418,34.574,37.327,174.0,208.0,False,102.319,"[None, 2048, 2048, 2048, 2048, 2048]","[2048, 2048, 2048, 2048, 2048, 2048, 2048]","[2049, 2048, 2048, 2048, 2048, 2048, 2049, 2049]",269.0
1225,9189,27,29,2023-11-19T06:57:52.608000+00:00,29.624,34.45,37.436,176.0,210.0,False,101.51,"[None, 2048, 2048, 2048, 2048, 2048]","[2048, 2048, 2048, 2048, 2048, 2048, 2048]","[2048, 2048, 2048, 2048, 2048, 2048, 2048]",282.0
1225,9189,44,29,2023-11-19T06:57:52.889000+00:00,30.123,34.767,37.07,175.0,209.0,False,101.96,"[None, 2048, 2048, 2048, 2048, 2048]","[2048, 2048, 2048, 2048, 2048, 2048, 2048]","[2049, 2048, 2048, 2048, 2048, 2049, 2051, 2049]",257.0
1225,9189,77,29,2023-11-19T06:57:53.514000+00:00,30.554,34.364,37.566,169.0,203.0,False,102.484,"[None, 2048, 2048, 2048, 2048, 2048]","[2048, 2048, 2048, 2048, 2048, 2048, 2048]","[2049, 2049, 2048, 2048, 2048, 2048, 2049, 2048]",286.0
1225,9189,22,29,2023-11-19T06:57:55.123000+00:00,30.878,34.816,37.639,173.0,205.0,False,103.333,"[None, 2048, 2048, 2048, 2048, 2048]","[2048, 2048, 2048, 2048, 2048, 2048, 2048]","[2049, 2049, 2048, 2048, 2048, 2048, 2049, 2048]",272.0
1225,9189,16,30,2023-11-19T06:59:25.122000+00:00,28.024,32.819,37.385,177.0,210.0,False,98.228,"[None, 2049, 2048, 2048, 2049, 2048]","[2048, 2048, 2049, 2049, 2048, 2049, 2049]","[2048, 2048, 2048, 2048, 2048, 2048, 2048, 2048]",306.0
1225,9189,11,30,2023-11-19T06:59:25.715000+00:00,28.183,32.665,37.193,181.0,209.0,False,98.041,"[None, 2049, 2048, 2048, 2048, 2048]","[2048, 2048, 2048, 2048, 2049, 2048, 2048]","[2048, 2048, 2048, 2048, 2048, 2048, 2048, 2048]",310.0
1225,9189,81,30,2023-11-19T06:59:27.059000+00:00,28.117,32.667,37.136,179.0,211.0,False,97.92,"[None, 2048, 2048, 2048, 2048, 2048]","[2048, 2048, 2049, 2049, 2048, 2048, 2051]","[2048, 2048, 2048, 2048, 2048, 2048, 2048, 2048]",316.0
1225,9189,10,30,2023-11-19T06:59:27.684000+00:00,28.728,32.864,37.128,178.0,211.0,False,98.72,"[None, 2048, 2048, 2048, 2049, 2048]","[2048, 2048, 2048, 2051, 2048, 2048, 2049]","[2048, 2048, 2048, 2048, 2048, 2048, 2048, 2048]",302.0
1225,9189,1,30,2023-11-19T06:59:28.325000+00:00,28.556,32.814,37.099,183.0,211.0,False,98.469,"[None, 2049, 2048, 2048, 2048, 2048]","[2048, 2049, 2048, 2049, 2049, 2048, 2048]","[2049, 2048, 2048, 2048, 2048, 2049, 2048, 2048]",292.0
1225,9189,31,30,2023-11-19T06:59:29.075000+00:00,28.748,32.8,36.966,181.0,211.0,False,98.514,"[None, 2048, 2048, 2048, 2048, 2048]","[2048, 2048, 2048, 2048, 2048, 2048, 2049]","[2048, 2048, 2048, 2048, 2048, 2049, 2048, 2048]",311.0
1225,9189,23,30,2023-11-19T06:59:29.419000+00:00,29.003,32.948,36.914,177.0,210.0,False,98.865,"[None, 2048, 2048, 2048, 2048, 2048]","[2048, 2049, 2048, 2048, 2048, 2048, 2049]","[2049, 2048, 2048, 2048, 2048, 2049, 2048, 2048]",286.0
1225,9189,18,30,2023-11-19T06:59:30.450000+00:00,28.71,33.064,37.028,178.0,211.0,False,98.802,"[None, 2048, 2048, 2048, 2048, 2048]","[2048, 2048, 2049, 2049, 2048, 2048, 2048]","[2049, 2048, 2048, 2048, 2048, 2049, 2049, 2048]",318.0
1225,9189,63,30,2023-11-19T06:59:30.825000+00:00,29.045,33.096,37.018,178.0,211.0,False,99.159,"[None, 2048, 2048, 2048, 2048, 2048]","[2048, 2048, 2048, 2048, 2048, 2049, 2048]","[2048, 2048, 2048, 2048, 2048, 2048, 2048, 2049]",293.0
1225,9189,55,30,2023-11-19T06:59:31.403000+00:00,28.869,33.358,36.919,175.0,209.0,False,99.146,"[None, 2049, 2048, 2048, 2048, 2048]","[2048, 2048, 2048, 2048, 2049, 2048, 2048]","[2048, 2048, 2048, 2048, 2048, 2048, 2049, 2048]",304.0
1225,9189,14,30,2023-11-19T06:59:31.684000+00:00,29.151,33.345,37.149,179.0,210.0,False,99.645,"[None, 2048, 2048, 2048, 2048, 2048]","[2048, 2048, 2048, 2048, 2048, 2048, 2048]","[2048, 2048, 2048, 2048, 2048, 2048, 2048, 2048]",300.0
1225,9189,24,30,2023-11-19T06:59:32.356000+00:00,28.986,33.446,37.158,171.0,209.0,False,99.59,"[None, 2048, 2048, 2049, 2048, 2048]","[2048, 2048, 2048, 2048, 2048, 2048, 2048]","[2049, 2048, 2048, 2048, 2048, 2048, 2048]",276.0
1225,9189,2,30,2023-11-19T06:59:32.965000+00:00,28.943,33.365,37.139,176.0,210.0,False,99.447,"[None, 2048, 2048, 2049, 2048, 2048]","[2048, 2048, 2048, 2049, 2048, 2048, 2048]","[2049, 2048, 2048, 2048, 2048, 2048, 2048, 2048]",262.0
1225,9189,20,30,2023-11-19T06:59:33.512000+00:00,29.02,33.349,37.332,174.0,208.0,False,99.701,"[None, 2048, 2048, 2048, 2048, 2048]","[2048, 2048, 2048, 2049, 2048, 2048, 2048]","[2048, 2048, 2048, 2048, 2048, 2049, 2048, 2048]",301.0
1225,9189,27,30,2023-11-19T06:59:33.965000+00:00,29.02,33.426,37.144,,210.0,False,99.59,"[None, 2048, 2048, 2048, 2048, 2048]","[2048, 2048, 2048, 2048, 2049, 2048, 2048]","[2048, 2048, 2048, 2048, 2048, 2049, 2049, 2048]",306.0
1225,9189,3,30,2023-11-19T06:59:34.700000+00:00,29.544,34.034,37.22,178.0,207.0,False,100.798,"[None, 2048, 2048, 2048, 2048, 2048]","[2048, 2048, 2048, 2048, 2048, 2048, 2048]","[2048, 2048, 2048, 2048, 2048, 2048, 2048, 2048]",283.0
1225,9189,44,30,2023-11-19T06:59:34.778000+00:00,28.743,33.632,36.79,179.0,210.0,False,99.165,"[None, 2048, 2048, 2048, 2048, 2048]","[2048, 2048, 2048, 2048, 2048, 2048, 2048]","[2048, 2048, 2048, 2048, 2048, 2051, 2048]",267.0
1225,9189,77,30,2023-11-19T06:59:36.122000+00:00,29.536,33.957,37.459,173.0,204.0,False,100.952,"[None, 2048, 2048, 2048, 2048, 2048]","[2048, 2048, 2048, 2048, 2049, 2048, 2048]","[2049, 2049, 2048, 2048, 2048, 2048, 2048, 2048]",302.0
1225,9189,22,30,2023-11-19T06:59:38.465000+00:00,29.89,34.022,37.367,177.0,207.0,False,101.279,"[None, 2048, 2048, 2048, 2048, 2048]","[2048, 2048, 2048, 2048, 2048, 2048, 2048]","[2049, 2049, 2048, 2048, 2048, 2048, 2048, 2049]",288.0
1225,9189,16,31,2023-11-19T07:01:03.386000+00:00,27.983,32.216,37.028,179.0,210.0,False,97.227,"[None, 2048, 2048, 2049, 2048, 2048]","[2048, 2049, 2049, 2049, 2049, 2051, 2049]","[2048, 2048, 2048, 2048, 2048, 2049, 2048, 2048]",324.0
1225,9189,11,31,2023-11-19T07:01:03.699000+00:00,28.029,32.366,36.919,180.0,210.0,False,97.314,"[None, 2049, 2048, 2049, 2049, 2048]","[2048, 2049, 2048, 2048, 2048, 2049, 2049]","[2048, 2048, 2048, 2048, 2048, 2048, 2048]",306.0
1225,9189,81,31,2023-11-19T07:01:05.026000+00:00,27.891,32.511,36.726,,210.0,False,97.128,"[None, 2048, 2048, 2049, 2048, 2048]","[2048, 2048, 2048, 2049, 2049, 2049, 2048]","[2048, 2048, 2048, 2048, 2048, 2048, 2048]",323.0
1225,9189,10,31,2023-11-19T07:01:06.401000+00:00,28.571,32.809,37.392,180.0,211.0,False,98.772,"[None, 2048, 2048, 2048, 2048, 2048]","[2048, 2048, 2048, 2051, 2048, 2048, 2049]","[2048, 2048, 2048, 2048, 2048, 2048, 2048, 2048]",276.0
1225,9189,1,31,2023-11-19T07:01:06.792000+00:00,28.515,32.897,36.336,185.0,212.0,False,97.748,"[None, 2048, 2048, 2049, 2048, 2048]","[2048, 2048, 2048, 2049, 2049, 2048, 2048]","[2049, 2048, 2049, 2048, 2049, 2049, 2048, 2048]",304.0
1225,9189,31,31,2023-11-19T07:01:07.604000+00:00,28.506,32.926,36.742,183.0,209.0,False,98.174,"[None, 2048, 2048, 2048, 2048, 2048]","[2048, 2048, 2048, 2049, 2048, 2048, 2048]","[2048, 2048, 2048, 2048, 2048, 2048, 2049, 2048]",297.0
1225,9189,23,31,2023-11-19T07:01:08.511000+00:00,28.489,32.976,36.531,175.0,209.0,False,97.996,"[None, 2048, 2048, 2048, 2049, 2048]","[2048, 2048, 2049, 2049, 2049, 2048, 2048]","[2049, 2048, 2049, 2049, 2049, 2048, 2049, 2048]",300.0
1225,9189,18,31,2023-11-19T07:01:09.323000+00:00,28.362,32.997,36.725,,211.0,False,98.084,"[None, 2048, 2048, 2049, 2048, 2048]","[2048, 2048, 2049, 2049, 2049, 2049, 2048]","[2049, 2048, 2048, 2048, 2048, 2049, 2049, 2048]",320.0
1225,9189,63,31,2023-11-19T07:01:09.964000+00:00,28.402,33.143,36.71,,212.0,False,98.255,"[None, 2048, 2048, 2049, 2048, 2048]","[2048, 2048, 2048, 2048, 2048, 2048, 2048]","[2048, 2048, 2048, 2048, 2048, 2048, 2048, 2048]",304.0
1225,9189,55,31,2023-11-19T07:01:10.589000+00:00,28.454,33.172,36.772,174.0,208.0,False,98.398,"[None, 2048, 2048, 2048, 2048, 2048]","[2048, 2049, 2048, 2048, 2049, 2048, 2048]","[2048, 2048, 2048, 2048, 2048, 2048, 2048]",298.0
1225,9189,14,31,2023-11-19T07:01:11.370000+00:00,28.365,33.185,36.661,,210.0,False,98.211,"[None, 2048, 2048, 2049, 2048, 2049]","[2048, 2048, 2049, 2049, 2049, 2048, 2048]","[2049, 2048, 2048, 2048, 2048, 2048, 2048, 2048]",309.0
1225,9189,24,31,2023-11-19T07:01:11.901000+00:00,28.674,33.152,37.038,175.0,211.0,False,98.864,"[None, 2048, 2048, 2051, 2048, 2048]","[2048, 2048, 2049, 2048, 2048, 2048, 2048]","[2049, 2048, 2048, 2048, 2049, 2049, 2048, 2048]",281.0
1225,9189,2,31,2023-11-19T07:01:12.370000+00:00,28.606,33.315,36.836,178.0,210.0,False,98.757,"[None, 2049, 2048, 2049, 2048, 2048]","[2048, 2048, 2049, 2049, 2051, 2048, 2048]","[2049, 2048, 2049, 2049, 2048, 2048, 2048, 2048]",276.0
1225,9189,20,31,2023-11-19T07:01:13.151000+00:00,28.453,33.338,36.966,176.0,208.0,False,98.757,"[None, 2048, 2048, 2049, 2048, 2048]","[2048, 2048, 2048, 2049, 2048, 2048, 2048]","[2048, 2049, 2049, 2049, 2048, 2049, 2048, 2048]",293.0
1225,9189,27,31,2023-11-19T07:01:13.760000+00:00,29.448,33.565,36.889,172.0,211.0,False,99.902,"[None, 2048, 2048, 2048, 2048, 2048]","[2048, 2048, 2048, 2049, 2048, 2048, 2048]","[2048, 2048, 2049, 2049, 2048, 2048, 2048, 2048]",294.0
1225,9189,44,31,2023-11-19T07:01:13.932000+00:00,28.697,33.129,36.291,178.0,211.0,False,98.117,"[None, 2048, 2048, 2049, 2048, 2048]","[2048, 2048, 2049, 2048, 2048, 2048, 2049]","[2049, 2048, 2048, 2048, 2048, 2048, 2051]",302.0
1225,9189,3,31,2023-11-19T07:01:15.354000+00:00,28.892,33.609,36.881,,208.0,False,99.382,"[None, 2048, 2048, 2049, 2048, 2048]","[2048, 2048, 2048, 2049, 2048, 2048, 2048]","[2048, 2048, 2048, 2048, 2048, 2048, 2048, 2048]",303.0
1225,9189,77,31,2023-11-19T07:01:17.104000+00:00,29.412,33.927,37.477,172.0,201.0,False,100.816,"[None, 2048, 2048, 2048, 2048, 2048]","[2048, 2048, 2048, 2048, 2048, 2048, 2048]","[2048, 2048, 2048, 2048, 2048, 2048, 2048, 2048]",295.0
1225,9189,22,31,2023-11-19T07:01:19.713000+00:00,29.822,33.75,37.115,175.0,209.0,False,100.687,"[None, 2048, 2048, 2048, 2048, 2048]","[2048, 2048, 2048, 2049, 2048, 2048, 2048]","[2049, 2049, 2048, 2048, 2048, 2048, 2049, 2049]",300.0
1225,9189,16,32,2023-11-19T07:02:40.665000+00:00,28.109,32.366,37.66,,211.0,False,98.135,"[None, 2048, 2048, 2048, 2048, 2049]","[2048, 2048, 2048, 2049, 2048, 2048, 2051]","[2048, 2048, 2048, 2048, 2048, 2049, 2049, 2049]",310.0
1225,9189,11,32,2023-11-19T07:02:41.118000+00:00,28.083,32.431,36.662,182.0,210.0,False,97.176,"[None, 2049, 2048, 2048, 2048, 2048]","[2048, 2049, 2048, 2049, 2048, 2048, 2048]","[2049, 2048, 2048, 2048, 2048, 2049, 2048]",340.0
1225,9189,81,32,2023-11-19T07:02:42.212000+00:00,28.075,32.609,36.762,180.0,210.0,False,97.446,"[None, 2048, 2048, 2048, 2048, 2048]","[2048, 2048, 2048, 2048, 2048, 2048, 2048]","[2048, 2048, 2048, 2048, 2048, 2049, 2048, 2048]",322.0
1225,9189,1,32,2023-11-19T07:02:44.556000+00:00,27.789,32.032,36.782,182.0,211.0,False,96.603,"[None, 2049, 2048, 2048, 2049, 2051]","[2049, 2049, 2048, 2048, 2048, 2049, 2049]","[2048, 2048, 2048, 2048, 2048, 2049, 2048, 2048]",303.0
1225,9189,10,32,2023-11-19T07:02:45.134000+00:00,28.45,32.554,36.732,182.0,210.0,False,97.736,"[None, 2048, 2048, 2049, 2049, 2048]","[2048, 2049, 2048, 2048, 2048, 2048, 2048]","[2048, 2048, 2048, 2048, 2048, 2049, 2048, 2048]",323.0
1225,9189,31,32,2023-11-19T07:02:45.806000+00:00,28.448,32.549,36.632,,210.0,False,97.629,"[None, 2048, 2048, 2049, 2048, 2048]","[2048, 2048, 2049, 2051, 2049, 2049, 2048]","[2048, 2048, 2048, 2048, 2048, 2048, 2049]",290.0
1225,9189,23,32,2023-11-19T07:02:46.462000+00:00,28.549,32.823,36.698,176.0,210.0,False,98.07,"[None, 2048, 2048, 2049, 2048, 2048]","[2048, 2048, 2048, 2048, 2048, 2048, 2049]","[2049, 2048, 2048, 2048, 2049, 2049, 2049, 2048]",307.0
1225,9189,18,32,2023-11-19T07:02:47.431000+00:00,28.173,32.909,36.801,181.0,212.0,False,97.883,"[None, 2049, 2048, 2049, 2049, 2048]","[2048, 2048, 2048, 2048, 2048, 2048, 2049]","[2049, 2048, 2048, 2048, 2048, 2049, 2049, 2048]",320.0
1225,9189,63,32,2023-11-19T07:02:48.212000+00:00,28.208,32.932,36.694,175.0,212.0,False,97.834,"[None, 2049, 2048, 2048, 2049, 2048]","[2048, 2048, 2048, 2048, 2048, 2048, 2049]","[2048, 2048, 2048, 2048, 2048, 2048, 2048, 2049]",300.0
1225,9189,55,32,2023-11-19T07:02:48.868000+00:00,28.107,33.057,36.836,177.0,209.0,False,98.0,"[None, 2049, 2048, 2049, 2049, 2048]","[2048, 2048, 2048, 2049, 2049, 2048, 2048]","[2048, 2048, 2048, 2048, 2048, 2048, 2048, 2049]",300.0
1225,9189,14,32,2023-11-19T07:02:49.696000+00:00,28.125,33.023,36.621,180.0,211.0,False,97.769,"[None, 2048, 2048, 2049, 2048, 2049]","[2048, 2048, 2048, 2049, 2048, 2048, 2048]","[2049, 2048, 2048, 2048, 2048, 2048, 2048, 2048]",316.0
1225,9189,24,32,2023-11-19T07:02:50.868000+00:00,28.061,32.733,36.581,182.0,212.0,False,97.375,"[None, 2048, 2049, 2051, 2049, 2049]","[2048, 2049, 2049, 2049, 2049, 2048, 2049]","[2049, 2048, 2048, 2048, 2049, 2048, 2049]",306.0
1225,9189,2,32,2023-11-19T07:02:51.165000+00:00,28.436,32.88,36.424,179.0,210.0,False,97.74,"[None, 2048, 2048, 2049, 2049, 2048]","[2048, 2049, 2048, 2048, 2048, 2048, 2048]","[2048, 2048, 2048, 2048, 2048, 2049, 2049, 2048]",308.0
1225,9189,20,32,2023-11-19T07:02:51.977000+00:00,28.318,32.959,36.897,178.0,210.0,False,98.174,"[None, 2048, 2048, 2049, 2048, 2048]","[2048, 2048, 2049, 2049, 2048, 2048, 2049]","[2049, 2049, 2048, 2048, 2049, 2049, 2048, 2048]",318.0
1225,9189,44,32,2023-11-19T07:02:51.977000+00:00,28.867,33.201,36.211,181.0,211.0,False,98.279,"[None, 2048, 2048, 2048, 2048, 2048]","[2048, 2048, 2048, 2049, 2048, 2048, 2048]","[2049, 2048, 2048, 2048, 2048, 2051, 2048, 2051]",292.0
1225,9189,27,32,2023-11-19T07:02:53.556000+00:00,28.814,32.97,36.899,180.0,210.0,False,98.683,"[None, 2048, 2048, 2048, 2048, 2048]","[2049, 2048, 2048, 2048, 2048, 2048, 2048]","[2048, 2048, 2048, 2048, 2048, 2048, 2048, 2048]",304.0
1225,9189,3,32,2023-11-19T07:02:54.868000+00:00,28.719,33.37,36.908,181.0,209.0,False,98.997,"[None, 2048, 2048, 2048, 2048, 2049]","[2048, 2049, 2048, 2048, 2048, 2048, 2048]","[2049, 2048, 2048, 2048, 2048, 2048, 2048, 2049]",306.0
1225,9189,77,32,2023-11-19T07:02:57.837000+00:00,28.976,33.738,37.543,175.0,203.0,False,100.257,"[None, 2048, 2048, 2049, 2049, 2048]","[2048, 2048, 2048, 2049, 2048, 2048, 2048]","[2048, 2048, 2048, 2048, 2048, 2048, 2048, 2049]",308.0
1225,9189,22,32,2023-11-19T07:03:00.430000+00:00,29.415,33.851,37.13,177.0,209.0,False,100.396,"[None, 2048, 2048, 2049, 2048, 2048]","[2048, 2048, 2048, 2049, 2048, 2048, 2048]","[2049, 2048, 2048, 2048, 2048, 2049, 2049, 2049]",304.0
1225,9189,11,33,2023-11-19T07:04:18.117000+00:00,27.805,32.12,37.087,184.0,212.0,False,97.012,"[None, 2048, 2051, 2048, 2048, 2051]","[2049, 2048, 2051, 2048, 2048, 2048, 2051]","[2048, 2048, 2048, 2048, 2051, 2049, 2048, 2048]",312.0
1225,9189,16,33,2023-11-19T07:04:18.757000+00:00,28.214,32.38,36.743,181.0,212.0,False,97.337,"[None, 2048, 2048, 2049, 2048, 2048]","[2048, 2048, 2049, 2048, 2048, 2048, 2048]","[2048, 2048, 2048, 2048, 2049, 2049, 2048, 2048]",314.0
1225,9189,81,33,2023-11-19T07:04:19.554000+00:00,28.231,32.882,37.776,181.0,207.0,False,98.889,"[None, 2048, 2048, 2048, 2048, 2048]","[2048, 2048, 2048, 2048, 2048, 2048, 2048]","[2048, 2048, 2048, 2048, 2048, 2048, 2048, 2048]",314.0
1225,9189,1,33,2023-11-19T07:04:21.163000+00:00,27.595,32.505,36.496,181.0,211.0,False,96.596,"[None, 2049, 2049, 2049, 2049, 2048]","[2048, 2048, 2048, 2048, 2048, 2048, 2048]","[2048, 2048, 2048, 2048, 2048, 2048, 2048, 2048]",295.0
1225,9189,10,33,2023-11-19T07:04:22.851000+00:00,28.374,32.581,36.85,,211.0,False,97.805,"[None, 2048, 2048, 2048, 2049, 2048]","[2048, 2048, 2048, 2049, 2048, 2049, 2048]","[2048, 2048, 2048, 2048, 2048, 2048, 2048, 2048]",323.0
1225,9189,31,33,2023-11-19T07:04:23.429000+00:00,28.325,32.675,36.458,,209.0,False,97.458,"[None, 2048, 2048, 2049, 2048, 2048]","[2048, 2048, 2048, 2048, 2048, 2049, 2048]","[2049, 2048, 2048, 2048, 2048, 2048, 2049, 2049]",304.0
1225,9189,23,33,2023-11-19T07:04:24.585000+00:00,28.306,32.853,36.63,179.0,209.0,False,97.789,"[None, 2048, 2048, 2048, 2048, 2049]","[2048, 2049, 2048, 2048, 2048, 2049, 2048]","[2048, 2048, 2048, 2048, 2049, 2048, 2048, 2048]",319.0
1225,9189,18,33,2023-11-19T07:04:25.195000+00:00,28.153,32.825,36.644,180.0,212.0,False,97.622,"[None, 2049, 2048, 2048, 2049, 2048]","[2048, 2048, 2049, 2049, 2048, 2048, 2048]","[2048, 2048, 2048, 2048, 2048, 2048, 2049, 2048]",316.0
1225,9189,63,33,2023-11-19T07:04:25.991000+00:00,28.305,33.034,36.694,178.0,212.0,False,98.033,"[None, 2048, 2048, 2048, 2048, 2048]","[2048, 2048, 2048, 2048, 2048, 2048, 2049]","[2048, 2048, 2048, 2048, 2048, 2048, 2048, 2048]",318.0
1225,9189,55,33,2023-11-19T07:04:26.991000+00:00,,33.14,36.802,,208.0,False,98.049,"[2049, 2048, 2048, 2048, 2048, 2048]","[2048, 2048, 2048, 2048, 2048, 2048, 2048]","[2048, 2048, 2048, 2048, 2048, 2048, 2048, 2048]",310.0
1225,9189,14,33,2023-11-19T07:04:27.366000+00:00,28.276,33.215,36.8,181.0,210.0,False,98.291,"[None, 2048, 2048, 2048, 2048, 2049]","[2048, 2048, 2048, 2048, 2048, 2048, 2048]","[2048, 2048, 2048, 2048, 2048, 2048, 2048, 2048]",318.0
1225,9189,24,33,2023-11-19T07:04:28.148000+00:00,28.306,33.152,36.585,180.0,209.0,False,98.043,"[None, 2049, 2048, 2048, 2048, 2048]","[2048, 2048, 2048, 2048, 2048, 2048, 2048]","[2048, 2048, 2048, 2049, 2049, 2048, 2049, 2048]",298.0
1225,9189,2,33,2023-11-19T07:04:29.023000+00:00,28.683,32.978,36.592,177.0,210.0,False,98.253,"[None, 2048, 2048, 2048, 2048, 2048]","[2048, 2048, 2048, 2048, 2048, 2048, 2048]","[2048, 2048, 2048, 2048, 2048, 2048, 2048, 2048]",295.0
1225,9189,20,33,2023-11-19T07:04:30.163000+00:00,28.039,33.023,36.97,175.0,209.0,False,98.032,"[None, 2048, 2048, 2049, 2048, 2048]","[2048, 2048, 2048, 2048, 2048, 2048, 2048]","[2048, 2048, 2049, 2049, 2048, 2049, 2049, 2049]",328.0
1225,9189,44,33,2023-11-19T07:04:30.444000+00:00,28.221,33.032,36.184,180.0,212.0,False,97.437,"[None, 2048, 2048, 2049, 2048, 2048]","[2048, 2048, 2048, 2049, 2049, 2048, 2048]","[2051, 2051, 2051, 2048, 2048, 2048, 2048]",324.0
1225,9189,27,33,2023-11-19T07:04:32.304000+00:00,28.399,32.951,36.779,181.0,211.0,False,98.129,"[None, 2048, 2048, 2048, 2048, 2049]","[2048, 2048, 2048, 2049, 2048, 2048, 2048]","[2048, 2048, 2048, 2048, 2049, 2048, 2048, 2048]",314.0
1225,9189,3,33,2023-11-19T07:04:33.866000+00:00,28.706,32.974,36.85,182.0,209.0,False,98.53,"[None, 2049, 2048, 2048, 2048, 2048]","[2048, 2048, 2049, 2048, 2048, 2048, 2049]","[2049, 2048, 2048, 2048, 2048, 2048, 2048, 2048]",307.0
1225,9189,77,33,2023-11-19T07:04:38.147000+00:00,29.199,34.504,37.589,167.0,204.0,False,101.292,"[None, 2048, 2048, 2048, 2048, 2048]","[2048, 2048, 2048, 2048, 2048, 2048, 2048]","[2048, 2048, 2048, 2048, 2048, 2048, 2048, 2048]",310.0
1225,9189,22,33,2023-11-19T07:04:40.835000+00:00,29.248,33.666,37.376,179.0,209.0,False,100.29,"[None, 2048, 2048, 2048, 2048, 2048]","[2048, 2048, 2048, 2048, 2048, 2048, 2048]","[2049, 2048, 2048, 2048, 2048, 2048, 2048, 2049]",297.0
1225,9189,11,34,2023-11-19T07:05:55.209000+00:00,27.795,32.066,36.965,,210.0,False,96.826,"[2049, 2048, 2051, 2048, 2048, 2048]","[2048, 2049, 2048, 2049, 2048, 2048, 2048]","[2048, 2048, 2048, 2048, 2051, 2049, 2048, 2048]",310.0
1225,9189,16,34,2023-11-19T07:05:55.974000+00:00,27.667,32.43,36.59,,211.0,False,96.687,"[None, 2049, 2049, 2051, 2048, 2048]","[2048, 2048, 2048, 2048, 2049, 2048, 2048]","[2049, 2048, 2048, 2048, 2048, 2049, 2048, 2048]",302.0
1225,9189,1,34,2023-11-19T07:05:57.630000+00:00,27.603,31.967,36.789,183.0,211.0,False,96.359,"[2049, 2048, 2049, 2048, 2048, 2049]","[2048, 2049, 2048, 2048, 2048, 2049, 2049]","[2048, 2048, 2048, 2048, 2048, 2049, 2048, 2048]",302.0
1225,9189,81,34,2023-11-19T07:05:58.459000+00:00,28.053,32.625,36.654,180.0,208.0,False,97.332,"[None, 2048, 2048, 2049, 2048, 2048]","[2048, 2048, 2048, 2048, 2048, 2049, 2048]","[2048, 2048, 2048, 2048, 2048, 2048, 2048, 2048]",325.0
1225,9189,10,34,2023-11-19T07:06:00.755000+00:00,28.838,32.928,36.82,181.0,210.0,False,98.586,"[None, 2048, 2048, 2048, 2048, 2048]","[2048, 2048, 2048, 2048, 2048, 2048, 2048]","[2048, 2048, 2048, 2048, 2048, 2049, 2048, 2048]",288.0
1225,9189,31,34,2023-11-19T07:06:00.880000+00:00,28.346,32.644,36.82,181.0,210.0,False,97.81,"[2051, 2048, 2048, 2048, 2049, 2049]","[2048, 2048, 2048, 2051, 2048, 2048, 2048]","[2048, 2048, 2048, 2048, 2049, 2049, 2048, 2048]",313.0
1225,9189,23,34,2023-11-19T07:06:02.349000+00:00,28.17,33.036,36.754,,210.0,False,97.96,"[None, 2048, 2049, 2048, 2049, 2048]","[2048, 2048, 2048, 2048, 2048, 2048, 2048]","[2049, 2048, 2048, 2048, 2048, 2048, 2048, 2048]",300.0
1225,9189,18,34,2023-11-19T07:06:02.833000+00:00,28.074,33.038,36.671,181.0,213.0,False,97.783,"[None, 2048, 2048, 2049, 2048, 2048]","[2048, 2048, 2048, 2048, 2048, 2048, 2048]","[2049, 2049, 2048, 2048, 2048, 2049, 2049, 2049]",312.0
1225,9189,63,34,2023-11-19T07:06:04.083000+00:00,28.007,33.001,36.569,,212.0,False,97.577,"[None, 2049, 2048, 2048, 2049, 2048]","[2048, 2048, 2049, 2049, 2048, 2048, 2048]","[2048, 2048, 2048, 2048, 2048, 2048, 2048, 2048]",320.0
1225,9189,55,34,2023-11-19T07:06:04.927000+00:00,27.92,33.023,36.546,175.0,208.0,False,97.489,"[2048, 2049, 2048, 2049, 2048, 2048]","[2048, 2049, 2048, 2049, 2048, 2048, 2048]","[2049, 2048, 2048, 2048, 2049, 2048, 2048, 2048]",316.0
1225,9189,14,34,2023-11-19T07:06:05.615000+00:00,28.062,33.049,36.646,179.0,210.0,False,97.757,"[None, 2048, 2048, 2048, 2049, 2048]","[2048, 2049, 2048, 2048, 2048, 2048, 2048]","[2048, 2048, 2048, 2048, 2049, 2048, 2048, 2048]",311.0
1225,9189,24,34,2023-11-19T07:06:06.271000+00:00,28.34,32.987,36.52,179.0,210.0,False,97.847,"[None, 2048, 2048, 2048, 2049, 2048]","[2048, 2048, 2048, 2049, 2048, 2048, 2048]","[2048, 2048, 2048, 2048, 2049, 2049, 2048, 2048]",288.0
1225,9189,2,34,2023-11-19T07:06:07.255000+00:00,29.115,33.19,36.498,176.0,209.0,False,98.803,"[None, 2048, 2048, 2048, 2048, 2048]","[2048, 2048, 2048, 2048, 2048, 2048, 2048]","[2048, 2048, 2048, 2048, 2048, 2049, 2048, 2048]",301.0
1225,9189,44,34,2023-11-19T07:06:07.724000+00:00,28.083,32.753,36.304,182.0,211.0,False,97.14,"[None, 2048, 2048, 2049, 2048, 2048]","[2049, 2048, 2049, 2048, 2048, 2048, 2049]","[2048, 2048, 2048, 2048, 2049, 2048, 2048, 2048]",307.0
1225,9189,20,34,2023-11-19T07:06:08.177000+00:00,28.425,33.508,36.801,178.0,209.0,False,98.734,"[None, 2048, 2048, 2048, 2048, 2048]","[2048, 2048, 2048, 2048, 2048, 2048, 2048]","[2048, 2049, 2048, 2048, 2048, 2048, 2048, 2048]",330.0
1225,9189,27,34,2023-11-19T07:06:10.380000+00:00,28.24,33.08,36.714,179.0,211.0,False,98.034,"[None, 2048, 2048, 2048, 2049, 2048]","[2048, 2048, 2048, 2048, 2048, 2048, 2048]","[2048, 2048, 2048, 2048, 2049, 2049, 2048, 2048]",311.0
1225,9189,3,34,2023-11-19T07:06:12.318000+00:00,28.542,32.818,36.767,181.0,209.0,False,98.127,"[None, 2048, 2049, 2049, 2048, 2048]","[2048, 2049, 2049, 2049, 2048, 2048, 2049]","[2048, 2048, 2048, 2048, 2048, 2048, 2048, 2048]",309.0
1225,9189,77,34,2023-11-19T07:06:19.364000+00:00,29.296,34.185,37.733,,203.0,False,101.214,"[None, 2048, 2048, 2048, 2048, 2048]","[2048, 2048, 2048, 2048, 2048, 2048, 2048]","[2048, 2048, 2048, 2048, 2048, 2048, 2048, 2048]",306.0
1225,9189,22,34,2023-11-19T07:06:21.099000+00:00,29.218,33.888,37.228,181.0,209.0,False,100.334,"[None, 2048, 2048, 2049, 2048, 2048]","[2048, 2048, 2048, 2048, 2048, 2048, 2048]","[2048, 2049, 2048, 2048, 2048, 2049, 2049, 2049]",293.0
1225,9189,11,35,2023-11-19T07:07:32.051000+00:00,27.624,32.038,38.044,,210.0,False,97.706,"[2048, 2049, 2048, 2048, 2048, 2049]","[2049, 2048, 2048, 2048, 2048, 2048, 2048]","[2048, 2048, 2048, 2048, 2048, 2048, 2048, 2048]",322.0
1225,9189,16,35,2023-11-19T07:07:32.691000+00:00,27.684,32.122,36.841,183.0,211.0,False,96.647,"[None, 2048, 2048, 2048, 2048, 2049]","[2048, 2048, 2049, 2049, 2049, 2048, 2048]","[2049, 2048, 2048, 2048, 2048, 2048, 2048, 2048]",341.0
1225,9189,1,35,2023-11-19T07:07:34.097000+00:00,27.448,32.016,36.775,,210.0,False,96.239,"[2048, 2048, 2051, 2049, 2048, 2051]","[2048, 2048, 2051, 2049, 2048, 2048, 2048]","[2048, 2048, 2048, 2048, 2048, 2049, 2048, 2048]",298.0
1225,9189,81,35,2023-11-19T07:07:35.894000+00:00,27.723,32.477,36.8,181.0,208.0,False,97.0,"[None, 2048, 2049, 2048, 2048, 2049]","[2048, 2048, 2048, 2048, 2048, 2048, 2048]","[2048, 2048, 2048, 2048, 2048, 2048, 2048, 2048]",321.0
1225,9189,31,35,2023-11-19T07:07:38.472000+00:00,28.006,32.625,36.818,183.0,210.0,False,97.449,"[2048, 2048, 2049, 2048, 2048, 2049]","[2048, 2049, 2048, 2048, 2048, 2048, 2048]","[2048, 2048, 2048, 2048, 2049, 2049, 2048, 2048]",313.0
1225,9189,10,35,2023-11-19T07:07:39.254000+00:00,28.198,32.528,36.802,183.0,209.0,False,97.528,"[None, 2051, 2048, 2048, 2048, 2049]","[2049, 2048, 2048, 2048, 2048, 2048, 2048]","[2048, 2048, 2048, 2048, 2048, 2048, 2048, 2049]",303.0
1225,9189,23,35,2023-11-19T07:07:40.300000+00:00,28.118,32.942,37.334,,208.0,False,98.394,"[None, 2049, 2049, 2049, 2048, 2048]","[2048, 2049, 2048, 2048, 2048, 2048, 2048]","[2048, 2048, 2048, 2048, 2048, 2048, 2049, 2049]",309.0
1225,9189,18,35,2023-11-19T07:07:40.707000+00:00,28.239,32.841,36.807,183.0,209.0,False,97.887,"[None, 2048, 2048, 2048, 2048, 2048]","[2048, 2049, 2048, 2049, 2049, 2048, 2048]","[2048, 2048, 2048, 2048, 2048, 2048, 2048]",324.0
1225,9189,63,35,2023-11-19T07:07:41.722000+00:00,28.179,32.922,36.753,179.0,211.0,False,97.854,"[None, 2048, 2048, 2049, 2048, 2048]","[2048, 2048, 2048, 2048, 2048, 2048, 2048]","[2048, 2048, 2048, 2048, 2048, 2048, 2048, 2049]",309.0
1225,9189,55,35,2023-11-19T07:07:42.457000+00:00,27.929,33.138,36.548,,208.0,False,97.615,"[None, 2049, 2048, 2048, 2048, 2048]","[2048, 2048, 2048, 2048, 2048, 2048, 2048]","[2048, 2048, 2048, 2048, 2048, 2049, 2049, 2048]",320.0
1225,9189,14,35,2023-11-19T07:07:43.394000+00:00,28.035,32.929,36.65,180.0,209.0,False,97.614,"[None, 2049, 2048, 2048, 2048, 2049]","[2048, 2049, 2048, 2048, 2048, 2048, 2048]","[2048, 2048, 2048, 2048, 2049, 2048, 2048, 2048]",324.0
1225,9189,24,35,2023-11-19T07:07:44.097000+00:00,28.179,32.871,36.532,180.0,209.0,False,97.582,"[None, 2048, 2048, 2048, 2049, 2048]","[2048, 2048, 2048, 2048, 2049, 2048, 2048]","[2048, 2048, 2048, 2049, 2048, 2048, 2048, 2048]",322.0
1225,9189,44,35,2023-11-19T07:07:44.972000+00:00,27.904,32.735,36.236,181.0,211.0,False,96.875,"[None, 2049, 2048, 2048, 2049, 2049]","[2048, 2048, 2049, 2048, 2049, 2048, 2048]","[2048, 2048, 2048, 2051, 2048, 2048, 2048, 2048]",304.0
1225,9189,2,35,2023-11-19T07:07:45.988000+00:00,28.495,32.696,36.724,177.0,206.0,False,97.915,"[None, 2048, 2048, 2048, 2048, 2048]","[2048, 2049, 2048, 2048, 2048, 2049, 2048]","[2048, 2048, 2048, 2048, 2048, 2048, 2048, 2048]",322.0
1225,9189,20,35,2023-11-19T07:07:46.925000+00:00,28.254,32.919,36.985,175.0,208.0,False,98.158,"[None, 2048, 2048, 2048, 2048, 2048]","[2048, 2048, 2048, 2048, 2048, 2048, 2048]","[2048, 2048, 2048, 2048, 2048, 2048, 2048, 2048]",315.0
1225,9189,27,35,2023-11-19T07:07:48.519000+00:00,28.4,32.693,36.804,,210.0,False,97.897,"[None, 2048, 2048, 2048, 2048, 2048]","[2049, 2048, 2048, 2049, 2048, 2048, 2048]","[2048, 2048, 2048, 2048, 2048, 2049, 2048, 2048]",317.0
1225,9189,3,35,2023-11-19T07:07:50.535000+00:00,28.444,32.643,36.806,182.0,208.0,False,97.893,"[None, 2048, 2048, 2048, 2048, 2048]","[2048, 2049, 2049, 2049, 2048, 2048, 2048]","[2048, 2048, 2048, 2048, 2048, 2049, 2048, 2048]",309.0
1225,9189,77,35,2023-11-19T07:08:00.566000+00:00,29.336,33.82,37.864,171.0,204.0,False,101.02,"[None, 2048, 2048, 2048, 2048, 2048]","[2048, 2048, 2048, 2049, 2049, 2048, 2048]","[2048, 2048, 2048, 2048, 2048, 2048, 2048, 2048]",312.0
1225,9189,22,35,2023-11-19T07:08:01.472000+00:00,29.388,33.525,37.654,182.0,209.0,False,100.567,"[None, 2048, 2048, 2048, 2048, 2048]","[2048, 2048, 2048, 2049, 2049, 2048, 2048]","[2049, 2049, 2049, 2049, 2048, 2048, 2048, 2048]",312.0
1225,9189,16,36,2023-11-19T07:09:09.315000+00:00,27.472,32.048,37.042,180.0,211.0,False,96.562,"[None, 2048, 2051, 2048, 2048, 2049]","[2048, 2049, 2048, 2048, 2048, 2049, 2048]","[2048, 2048, 2048, 2048, 2048, 2048, 2048, 2048]",312.0
1225,9189,11,36,2023-11-19T07:09:09.736000+00:00,27.639,32.467,37.464,181.0,205.0,False,97.57,"[None, 2049, 2048, 2049, 2049, 2048]","[2048, 2048, 2048, 2048, 2048, 2051, 2048]","[2048, 2048, 2048, 2048, 2048, 2048, 2048, 2048]",280.0
1225,9189,1,36,2023-11-19T07:09:10.377000+00:00,27.628,32.277,36.371,182.0,212.0,False,96.276,"[None, 2048, 2048, 2051, 2049, 2048]","[2048, 2048, 2048, 2049, 2048, 2048, 2048]","[2049, 2049, 2048, 2048, 2048, 2048, 2048]",317.0
1225,9189,81,36,2023-11-19T07:09:12.893000+00:00,27.541,32.521,36.787,,209.0,False,96.849,"[None, 2048, 2049, 2049, 2048, 2049]","[2049, 2048, 2048, 2048, 2048, 2048, 2048]","[2048, 2048, 2048, 2048, 2048, 2048, 2048, 2048]",322.0
1225,9189,31,36,2023-11-19T07:09:16.064000+00:00,27.748,32.662,36.652,184.0,210.0,False,97.062,"[None, 2048, 2049, 2049, 2048, 2049]","[2048, 2048, 2048, 2048, 2048, 2048, 2048]","[2048, 2048, 2048, 2048, 2049, 2048, 2048, 2048]",317.0
1225,9189,10,36,2023-11-19T07:09:16.877000+00:00,28.047,32.489,36.59,182.0,210.0,False,97.126,"[2049, 2048, 2049, 2049, 2048, 2048]","[2049, 2048, 2048, 2048, 2048, 2048, 2048]","[2048, 2048, 2048, 2048, 2048, 2048, 2048, 2049]",306.0
1225,9189,18,36,2023-11-19T07:09:18.439000+00:00,27.973,32.492,36.893,182.0,210.0,False,97.358,"[None, 2048, 2048, 2048, 2048, 2049]","[2048, 2049, 2048, 2048, 2048, 2048, 2049]","[2048, 2048, 2048, 2048, 2049, 2048, 2048, 2048]",315.0
1225,9189,23,36,2023-11-19T07:09:18.768000+00:00,28.523,33.113,36.855,178.0,208.0,False,98.491,"[None, 2048, 2048, 2048, 2048, 2048]","[2048, 2048, 2048, 2048, 2048, 2049, 2048]","[2048, 2048, 2048, 2048, 2048, 2048, 2048, 2048]",307.0
1225,9189,63,36,2023-11-19T07:09:19.517000+00:00,28.374,32.954,36.786,,212.0,False,98.114,"[None, 2048, 2048, 2049, 2048, 2048]","[2048, 2048, 2048, 2048, 2049, 2048, 2048]","[2049, 2049, 2049, 2048, 2048, 2048, 2049, 2049]",285.0
1225,9189,55,36,2023-11-19T07:09:20.142000+00:00,28.285,32.999,36.61,176.0,208.0,False,97.894,"[None, 2048, 2048, 2048, 2048, 2048]","[2048, 2049, 2048, 2048, 2049, 2048, 2048]","[2049, 2048, 2048, 2048, 2048, 2049, 2049, 2048]",302.0
1225,9189,14,36,2023-11-19T07:09:21.064000+00:00,28.105,32.967,36.725,,209.0,False,97.797,"[None, 2049, 2048, 2048, 2048, 2048]","[2048, 2048, 2048, 2048, 2048, 2048, 2048]","[2048, 2048, 2048, 2048, 2048, 2048, 2048, 2048]",304.0
1225,9189,24,36,2023-11-19T07:09:21.689000+00:00,28.361,32.925,36.611,,211.0,False,97.897,"[None, 2048, 2048, 2049, 2048, 2048]","[2048, 2048, 2048, 2048, 2048, 2048, 2048]","[2048, 2048, 2048, 2048, 2048, 2049, 2048, 2048]",297.0
1225,9189,44,36,2023-11-19T07:09:21.861000+00:00,28.732,32.959,36.275,179.0,212.0,False,97.966,"[None, 2048, 2048, 2048, 2048, 2048]","[2048, 2048, 2048, 2048, 2048, 2048, 2048]","[2048, 2048, 2048, 2048, 2048, 2048, 2048, 2051]",309.0
1225,9189,2,36,2023-11-19T07:09:23.877000+00:00,28.592,32.947,36.659,,208.0,False,98.198,"[None, 2048, 2048, 2048, 2048, 2048]","[2049, 2048, 2048, 2048, 2048, 2049, 2048]","[2048, 2048, 2048, 2048, 2048, 2048, 2048, 2048]",315.0
1225,9189,20,36,2023-11-19T07:09:25.174000+00:00,28.05,32.858,36.813,176.0,209.0,False,97.721,"[2049, 2048, 2048, 2048, 2048, 2048]","[2048, 2048, 2048, 2048, 2049, 2049, 2048]","[2049, 2049, 2048, 2048, 2048, 2048, 2048, 2048]",314.0
1225,9189,27,36,2023-11-19T07:09:26.408000+00:00,28.169,32.876,36.711,180.0,211.0,False,97.756,"[None, 2048, 2048, 2048, 2049, 2048]","[2048, 2048, 2048, 2048, 2048, 2049, 2049]","[2048, 2048, 2048, 2048, 2048, 2049, 2048, 2048]",311.0
1225,9189,3,36,2023-11-19T07:09:28.424000+00:00,28.212,32.747,36.802,184.0,208.0,False,97.761,"[None, 2049, 2049, 2049, 2048, 2049]","[2048, 2048, 2048, 2048, 2048, 2048, 2048]","[2048, 2048, 2048, 2048, 2048, 2049, 2048, 2048]",312.0
1225,9189,77,36,2023-11-19T07:09:41.595000+00:00,29.872,33.593,38.276,169.0,206.0,False,101.741,"[None, 2048, 2048, 2048, 2048, 2048]","[2049, 2048, 2048, 2048, 2048, 2048, 2048]","[2048, 2048, 2048, 2048, 2048, 2048, 2048, 2048]",252.0
1225,9189,22,36,2023-11-19T07:09:42.048000+00:00,29.817,33.766,36.626,,208.0,False,100.209,"[None, 2049, 2048, 2048, 2048, 2048]","[2048, 2048, 2048, 2048, 2048, 2048, 2048]","[2049, 2049, 2049, 2048, 2049, 2049, 2048]",316.0
1225,9189,16,37,2023-11-19T07:10:45.953000+00:00,27.576,32.387,37.966,179.0,209.0,False,97.929,"[None, 2048, 2048, 2048, 2048, 2048]","[2048, 2048, 2048, 2048, 2048, 2048, 2048]","[2048, 2048, 2048, 2048, 2048, 2048, 2048, 2048]",302.0
1225,9189,1,37,2023-11-19T07:10:46.532000+00:00,27.488,32.259,36.913,184.0,211.0,False,96.66,"[None, 2048, 2048, 2051, 2048, 2048]","[2048, 2048, 2048, 2048, 2048, 2048, 2048]","[2048, 2048, 2048, 2048, 2048, 2048, 2048, 2048]",259.0
1225,9189,11,37,2023-11-19T07:10:47.297000+00:00,27.495,32.524,37.036,183.0,209.0,False,97.055,"[None, 2048, 2048, 2049, 2049, 2048]","[2048, 2048, 2048, 2048, 2048, 2048, 2048]","[2048, 2048, 2048, 2048, 2048, 2048, 2048, 2048]",317.0
1225,9189,81,37,2023-11-19T07:10:49.703000+00:00,27.812,32.791,36.881,180.0,208.0,False,97.484,"[None, 2048, 2048, 2048, 2048, 2048]","[2048, 2048, 2048, 2048, 2048, 2048, 2048]","[2048, 2048, 2048, 2048, 2048, 2048, 2048, 2048]",324.0
1225,9189,31,37,2023-11-19T07:10:53.188000+00:00,27.723,32.646,36.675,183.0,208.0,False,97.044,"[None, 2048, 2048, 2048, 2048, 2048]","[2049, 2048, 2048, 2048, 2048, 2048, 2048]","[2048, 2048, 2048, 2048, 2048, 2049, 2048, 2048]",319.0
1225,9189,10,37,2023-11-19T07:10:53.906000+00:00,27.898,32.564,36.451,181.0,210.0,False,96.913,"[2048, 2048, 2049, 2049, 2049, 2048]","[2048, 2048, 2048, 2048, 2048, 2049, 2048]","[2048, 2048, 2048, 2048, 2049, 2049, 2048, 2049]",324.0
1225,9189,18,37,2023-11-19T07:10:55.953000+00:00,27.783,32.539,36.912,184.0,210.0,False,97.234,"[None, 2049, 2048, 2048, 2048, 2048]","[2048, 2048, 2048, 2048, 2048, 2049, 2048]","[2048, 2048, 2048, 2048, 2048, 2048, 2048, 2048]",317.0
1225,9189,23,37,2023-11-19T07:10:57.188000+00:00,28.149,33.017,36.933,179.0,208.0,False,98.099,"[None, 2048, 2049, 2048, 2048, 2048]","[2048, 2048, 2048, 2048, 2048, 2048, 2048]","[2048, 2048, 2048, 2048, 2048, 2049, 2048, 2048]",326.0
1225,9189,63,37,2023-11-19T07:10:57.625000+00:00,28.251,32.871,36.888,177.0,211.0,False,98.01,"[None, 2048, 2048, 2048, 2048, 2048]","[2048, 2048, 2048, 2049, 2048, 2049, 2048]","[2048, 2049, 2049, 2049, 2048, 2048, 2048, 2049]",303.0
1225,9189,55,37,2023-11-19T07:10:57.969000+00:00,28.338,32.959,36.561,180.0,209.0,False,97.858,"[None, 2048, 2048, 2049, 2048, 2048]","[2048, 2048, 2048, 2048, 2049, 2048, 2048]","[2048, 2048, 2048, 2048, 2048, 2049, 2051, 2049]",308.0
1225,9189,14,37,2023-11-19T07:10:58.891000+00:00,28.061,33.116,36.702,179.0,211.0,False,97.879,"[None, 2048, 2048, 2048, 2048, 2048]","[2048, 2048, 2048, 2048, 2048, 2048, 2048]","[2048, 2048, 2048, 2048, 2048, 2049, 2048, 2048]",307.0
1225,9189,24,37,2023-11-19T07:10:59.625000+00:00,28.329,32.894,37.197,176.0,209.0,False,98.42,"[2049, 2048, 2048, 2048, 2049, 2048]","[2048, 2048, 2048, 2048, 2048, 2048, 2048]","[2048, 2048, 2048, 2048, 2048, 2048, 2048, 2048]",253.0
1225,9189,44,37,2023-11-19T07:10:59.750000+00:00,28.416,32.997,35.976,,212.0,False,97.389,"[None, 2048, 2048, 2048, 2048, 2048]","[2048, 2048, 2048, 2048, 2049, 2049, 2048]","[2051, 2051, 2051, 2051, 2048, 2048, 2048, 2048]",314.0
1225,9189,2,37,2023-11-19T07:11:02.141000+00:00,28.721,33.356,36.617,178.0,208.0,False,98.694,"[None, 2048, 2048, 2048, 2048, 2048]","[2048, 2048, 2048, 2048, 2048, 2048, 2048]","[2048, 2048, 2048, 2048, 2049, 2048, 2048, 2048]",329.0
1225,9189,20,37,2023-11-19T07:11:02.781000+00:00,28.328,33.428,36.859,180.0,209.0,False,98.615,"[2048, 2049, 2048, 2048, 2048, 2048]","[2048, 2048, 2048, 2049, 2048, 2048, 2048]","[2049, 2049, 2049, 2048, 2048, 2048, 2048, 2048]",313.0
1225,9189,27,37,2023-11-19T07:11:04.078000+00:00,28.259,32.935,36.683,184.0,211.0,False,97.877,"[None, 2049, 2048, 2048, 2048, 2049]","[2048, 2048, 2048, 2048, 2049, 2048, 2048]","[2049, 2048, 2048, 2048, 2048, 2048, 2049, 2048]",306.0
1225,9189,3,37,2023-11-19T07:11:06.109000+00:00,28.12,32.689,36.591,183.0,209.0,False,97.4,"[None, 2049, 2048, 2049, 2049, 2049]","[2048, 2049, 2048, 2048, 2048, 2048, 2049]","[2049, 2048, 2048, 2048, 2049, 2049, 2048, 2049]",310.0
1225,9189,22,37,2023-11-19T07:11:22.156000+00:00,28.775,32.915,37.146,,210.0,False,98.836,"[None, 2049, 2049, 2049, 2048, 2049]","[2048, 2049, 2049, 2049, 2048, 2048, 2049]","[2048, 2048, 2048, 2048, 2048, 2048, 2048, 2048]",312.0
1225,9189,77,37,2023-11-19T07:11:23.390000+00:00,29.591,34.311,37.73,172.0,204.0,False,101.632,"[None, 2048, 2048, 2048, 2048, 2048]","[2048, 2048, 2048, 2048, 2048, 2048, 2048]","[2048, 2048, 2048, 2048, 2048, 2049, 2048, 2048]",303.0
1225,9189,1,38,2023-11-19T07:12:23.202000+00:00,27.371,31.78,36.949,,211.0,False,96.1,"[None, 2048, 2051, 2048, 2048, 2051]","[2049, 2048, 2048, 2049, 2048, 2049, 2049]","[2048, 2048, 2048, 2048, 2049, 2051, 2048, 2048]",301.0
1225,9189,16,38,2023-11-19T07:12:23.842000+00:00,27.629,32.022,36.605,181.0,211.0,False,96.256,"[None, 2048, 2048, 2049, 2048, 2048]","[2048, 2049, 2048, 2049, 2049, 2051, 2048]","[2048, 2048, 2048, 2048, 2048, 2049, 2049, 2049]",317.0
1225,9189,11,38,2023-11-19T07:12:24.405000+00:00,27.635,32.42,36.455,185.0,210.0,False,96.51,"[None, 2048, 2048, 2048, 2048, 2048]","[2048, 2048, 2048, 2048, 2049, 2048, 2048]","[2048, 2048, 2048, 2048, 2048, 2048, 2048, 2048]",327.0
1225,9189,81,38,2023-11-19T07:12:27.108000+00:00,27.822,32.678,36.702,179.0,208.0,False,97.202,"[None, 2048, 2048, 2048, 2048, 2048]","[2048, 2048, 2048, 2048, 2048, 2049, 2048]","[2048, 2048, 2048, 2048, 2048, 2048, 2048, 2048]",324.0
1225,9189,31,38,2023-11-19T07:12:30.108000+00:00,27.755,32.676,36.533,181.0,210.0,False,96.964,"[None, 2048, 2048, 2049, 2048, 2048]","[2048, 2048, 2048, 2048, 2048, 2048, 2048]","[2048, 2048, 2048, 2048, 2049, 2049, 2048, 2048]",320.0
1225,9189,10,38,2023-11-19T07:12:30.842000+00:00,27.894,32.634,36.476,184.0,210.0,False,97.004,"[None, 2048, 2048, 2048, 2048, 2049]","[2048, 2048, 2048, 2048, 2048, 2048, 2048]","[2048, 2048, 2048, 2048, 2048, 2048, 2048, 2048]",330.0
1225,9189,18,38,2023-11-19T07:12:33.077000+00:00,27.776,32.348,36.729,185.0,210.0,False,96.853,"[None, 2048, 2048, 2048, 2049, 2048]","[2048, 2048, 2048, 2048, 2048, 2048, 2049]","[2048, 2048, 2048, 2048, 2049, 2049, 2048, 2048]",317.0
1225,9189,23,38,2023-11-19T07:12:35.264000+00:00,27.98,33.047,36.761,180.0,208.0,False,97.788,"[None, 2048, 2049, 2049, 2048, 2049]","[2049, 2048, 2048, 2048, 2048, 2048, 2048]","[2048, 2048, 2048, 2048, 2048, 2048, 2048, 2048]",323.0
1225,9189,63,38,2023-11-19T07:12:35.670000+00:00,28.527,32.745,36.674,180.0,211.0,False,97.946,"[None, 2048, 2048, 2049, 2048, 2048]","[2048, 2048, 2048, 2049, 2048, 2049, 2048]","[2048, 2048, 2048, 2048, 2048, 2049, 2048, 2048]",309.0
1225,9189,55,38,2023-11-19T07:12:35.858000+00:00,28.554,33.116,36.628,177.0,208.0,False,98.298,"[None, 2048, 2048, 2051, 2049, 2048]","[2048, 2049, 2048, 2048, 2048, 2048, 2048]","[2049, 2048, 2048, 2048, 2048, 2048, 2048, 2048]",288.0
1225,9189,14,38,2023-11-19T07:12:36.748000+00:00,28.183,33.026,36.55,183.0,210.0,False,97.759,"[None, 2048, 2048, 2048, 2048, 2048]","[2048, 2048, 2048, 2049, 2049, 2048, 2048]","[2048, 2048, 2048, 2049, 2048, 2051, 2049, 2048]",306.0
1225,9189,44,38,2023-11-19T07:12:37.123000+00:00,28.273,33.207,36.347,177.0,210.0,False,97.827,"[None, 2048, 2048, 2048, 2049, 2048]","[2048, 2048, 2048, 2048, 2048, 2048, 2048]","[2048, 2048, 2048, 2048, 2048, 2048, 2048, 2048]",303.0
1225,9189,24,38,2023-11-19T07:12:38.045000+00:00,28.284,33.284,36.816,181.0,210.0,False,98.384,"[2048, 2048, 2048, 2049, 2048, 2048]","[2048, 2048, 2048, 2048, 2048, 2048, 2048]","[2048, 2048, 2048, 2048, 2048, 2049, 2048, 2048]",283.0
1225,9189,2,38,2023-11-19T07:12:40.764000+00:00,28.654,33.094,36.863,177.0,208.0,False,98.611,"[None, 2048, 2049, 2048, 2048, 2048]","[2048, 2048, 2048, 2048, 2048, 2049, 2048]","[2048, 2048, 2048, 2048, 2048, 2049, 2048, 2048]",311.0
1225,9189,20,38,2023-11-19T07:12:41.389000+00:00,28.405,33.35,36.929,179.0,208.0,False,98.684,"[None, 2048, 2048, 2049, 2048, 2048]","[2048, 2048, 2048, 2048, 2048, 2048, 2048]","[2048, 2048, 2048, 2048, 2048, 2048, 2048, 2048]",319.0
1225,9189,27,38,2023-11-19T07:12:41.967000+00:00,28.656,33.103,36.783,180.0,209.0,False,98.542,"[None, 2048, 2048, 2048, 2048, 2048]","[2048, 2048, 2048, 2048, 2048, 2048, 2048]","[2048, 2048, 2049, 2048, 2048, 2048, 2049, 2048]",297.0
1225,9189,3,38,2023-11-19T07:12:43.545000+00:00,28.09,33.195,36.848,182.0,210.0,False,98.133,"[2049, 2048, 2049, 2049, 2049, 2048]","[2048, 2048, 2048, 2048, 2048, 2048, 2048]","[2049, 2049, 2048, 2048, 2048, 2048, 2049, 2049]",290.0
1225,9189,22,38,2023-11-19T07:13:01.076000+00:00,28.733,33.181,37.043,180.0,205.0,False,98.957,"[None, 2049, 2049, 2049, 2049, 2048]","[2048, 2048, 2048, 2049, 2048, 2049, 2048]","[2048, 2048, 2048, 2048, 2049, 2049, 2048, 2048]",309.0
1225,9189,77,38,2023-11-19T07:13:05.092000+00:00,29.067,33.692,37.74,178.0,205.0,False,100.499,"[None, 2048, 2048, 2048, 2048, 2049]","[2048, 2048, 2048, 2048, 2048, 2048, 2048]","[2048, 2048, 2048, 2048, 2048, 2049, 2048, 2048]",302.0
1225,9189,1,39,2023-11-19T07:13:59.450000+00:00,27.395,31.711,36.832,186.0,211.0,False,95.938,"[None, 2049, 2051, 2048, 2048, 2048]","[2049, 2048, 2051, 2049, 2048, 2048, 2048]","[2048, 2048, 2048, 2048, 2049, 2051, 2048, 2048]",304.0
1225,9189,16,39,2023-11-19T07:14:00.122000+00:00,27.47,32.056,36.615,183.0,211.0,False,96.141,"[None, 2048, 2048, 2049, 2048, 2048]","[2049, 2048, 2048, 2049, 2048, 2048, 2048]","[2048, 2048, 2048, 2048, 2049, 2048, 2048, 2049]",314.0
1225,9189,11,39,2023-11-19T07:14:00.997000+00:00,27.442,32.187,36.49,183.0,211.0,False,96.119,"[None, 2049, 2048, 2049, 2048, 2048]","[2048, 2048, 2048, 2048, 2049, 2048, 2048]","[2049, 2048, 2048, 2048, 2048, 2048, 2048, 2048]",324.0
1225,9189,81,39,2023-11-19T07:14:04.419000+00:00,27.703,32.669,36.779,182.0,208.0,False,97.151,"[None, 2048, 2048, 2048, 2048, 2049]","[2048, 2048, 2048, 2048, 2048, 2048, 2048]","[2048, 2048, 2048, 2048, 2048, 2049, 2048, 2048]",321.0
1225,9189,31,39,2023-11-19T07:14:07.200000+00:00,27.764,32.531,36.61,184.0,208.0,False,96.905,"[None, 2048, 2048, 2049, 2048, 2049]","[2048, 2049, 2048, 2048, 2048, 2049, 2048]","[2048, 2048, 2048, 2048, 2048, 2048, 2048, 2048]",319.0
1225,9189,10,39,2023-11-19T07:14:07.903000+00:00,27.941,33.012,36.65,181.0,209.0,False,97.603,"[None, 2048, 2048, 2048, 2048, 2048]","[2048, 2048, 2048, 2048, 2048, 2048, 2048]","[2048, 2048, 2048, 2048, 2049, 2048, 2048, 2048]",323.0
1225,9189,18,39,2023-11-19T07:14:09.919000+00:00,27.675,32.365,36.776,184.0,210.0,False,96.816,"[None, 2048, 2049, 2048, 2049, 2049]","[2048, 2048, 2048, 2049, 2049, 2049, 2048]","[2048, 2048, 2048, 2048, 2048, 2049, 2048, 2048]",317.0
1225,9189,23,39,2023-11-19T07:14:13.028000+00:00,28.32,33.083,37.249,179.0,208.0,False,98.652,"[None, 2048, 2048, 2049, 2048, 2048]","[2049, 2048, 2048, 2048, 2048, 2049, 2048]","[2048, 2048, 2048, 2048, 2048, 2048, 2048, 2048]",295.0
1225,9189,63,39,2023-11-19T07:14:13.622000+00:00,28.113,33.147,36.149,,213.0,False,97.409,"[None, 2048, 2049, 2051, 2049, 2048]","[2048, 2048, 2048, 2048, 2048, 2048, 2048]","[2049, 2049, 2049, 2048, 2048, 2049, 2048]",314.0
1225,9189,55,39,2023-11-19T07:14:14.169000+00:00,27.861,33.391,36.89,181.0,209.0,False,98.142,"[None, 2048, 2048, 2048, 2048, 2048]","[2048, 2048, 2048, 2048, 2048, 2048, 2048]","[2049, 2049, 2048, 2049, 2048, 2048, 2048, 2048]",310.0
1225,9189,14,39,2023-11-19T07:14:14.465000+00:00,28.181,33.163,36.704,181.0,210.0,False,98.048,"[None, 2048, 2048, 2048, 2048, 2048]","[2048, 2048, 2048, 2048, 2048, 2048, 2048]","[2049, 2048, 2048, 2049, 2048, 2048, 2048]",342.0
1225,9189,44,39,2023-11-19T07:14:15.059000+00:00,28.238,33.018,36.491,178.0,210.0,False,97.747,"[None, 2048, 2048, 2048, 2048, 2048]","[2048, 2048, 2048, 2048, 2048, 2048, 2048]","[2048, 2048, 2048, 2048, 2048, 2048, 2051]",281.0
1225,9189,24,39,2023-11-19T07:14:16.403000+00:00,28.357,33.615,36.918,180.0,210.0,False,98.89,"[None, 2048, 2048, 2048, 2048, 2048]","[2048, 2048, 2048, 2048, 2048, 2048, 2048]","[2048, 2048, 2048, 2048, 2048, 2049, 2048, 2048]",298.0
1225,9189,2,39,2023-11-19T07:14:19.403000+00:00,28.444,33.153,36.707,,209.0,False,98.304,"[None, 2048, 2049, 2048, 2048, 2048]","[2048, 2048, 2048, 2048, 2048, 2048, 2048]","[2048, 2048, 2048, 2048, 2048, 2048, 2048, 2048]",326.0
1225,9189,20,39,2023-11-19T07:14:20.200000+00:00,28.081,33.305,36.777,,210.0,False,98.163,"[None, 2048, 2048, 2048, 2048, 2048]","[2048, 2048, 2048, 2048, 2049, 2048, 2048]","[2049, 2049, 2048, 2048, 2048, 2048, 2048, 2048]",331.0
1225,9189,27,39,2023-11-19T07:14:20.497000+00:00,28.433,33.078,36.711,181.0,210.0,False,98.222,"[None, 2048, 2048, 2048, 2048, 2048]","[2048, 2048, 2048, 2048, 2048, 2048, 2048]","[2049, 2048, 2048, 2048, 2048, 2048, 2048, 2049]",307.0
1225,9189,3,39,2023-11-19T07:14:21.684000+00:00,28.416,32.968,36.704,183.0,210.0,False,98.088,"[2048, 2048, 2048, 2048, 2048, 2048]","[2048, 2048, 2048, 2048, 2048, 2048, 2048]","[2049, 2049, 2048, 2048, 2048, 2048, 2049, 2049]",285.0
1225,9189,22,39,2023-11-19T07:14:39.996000+00:00,28.669,33.04,36.98,182.0,210.0,False,98.689,"[None, 2048, 2048, 2049, 2049, 2049]","[2048, 2048, 2048, 2048, 2048, 2048, 2048]","[2048, 2048, 2048, 2048, 2049, 2048, 2048, 2048]",313.0
1225,9189,77,39,2023-11-19T07:14:45.496000+00:00,29.166,34.179,37.624,173.0,204.0,False,100.969,"[None, 2048, 2048, 2048, 2048, 2048]","[2048, 2048, 2048, 2048, 2048, 2048, 2048]","[2048, 2048, 2048, 2048, 2048, 2049, 2048, 2048]",306.0
1225,9189,1,40,2023-11-19T07:15:35.292000+00:00,27.335,31.748,36.914,,211.0,False,95.997,"[None, 2048, 2051, 2048, 2048, 2051]","[2048, 2049, 2051, 2048, 2048, 2048, 2048]","[2048, 2048, 2048, 2048, 2048, 2048, 2048, 2048]",305.0
1225,9189,16,40,2023-11-19T07:15:36.230000+00:00,27.393,32.095,36.633,181.0,210.0,False,96.121,"[2049, 2048, 2048, 2048, 2049, 2048]","[2048, 2048, 2048, 2048, 2048, 2048, 2048]","[2049, 2049, 2048, 2048, 2048, 2048, 2048, 2048]",319.0
1225,9189,11,40,2023-11-19T07:15:37.058000+00:00,27.372,32.048,36.519,182.0,210.0,False,95.939,"[None, 2048, 2048, 2049, 2049, 2048]","[2048, 2048, 2048, 2049, 2049, 2048, 2048]","[2049, 2048, 2048, 2048, 2048, 2048, 2048, 2048]",310.0
1225,9189,81,40,2023-11-19T07:15:41.526000+00:00,27.668,32.748,36.807,181.0,208.0,False,97.223,"[None, 2048, 2048, 2048, 2048, 2048]","[2048, 2048, 2048, 2048, 2048, 2048, 2048]","[2048, 2048, 2048, 2048, 2048, 2048, 2048, 2048]",320.0
1225,9189,31,40,2023-11-19T07:15:44.026000+00:00,27.985,32.527,36.678,,208.0,False,97.19,"[None, 2048, 2048, 2048, 2048, 2049]","[2048, 2049, 2048, 2048, 2048, 2048, 2048]","[2048, 2048, 2048, 2048, 2048, 2048, 2048, 2048]",318.0
1225,9189,10,40,2023-11-19T07:15:45.479000+00:00,27.913,33.049,36.827,182.0,208.0,False,97.789,"[None, 2048, 2049, 2048, 2048, 2048]","[2048, 2048, 2048, 2048, 2048, 2048, 2048]","[2048, 2048, 2048, 2048, 2048, 2048, 2048, 2048]",320.0
1225,9189,18,40,2023-11-19T07:15:46.823000+00:00,27.778,32.483,36.671,183.0,210.0,False,96.932,"[None, 2048, 2049, 2048, 2048, 2048]","[2048, 2048, 2048, 2048, 2049, 2048, 2048]","[2048, 2048, 2048, 2048, 2048, 2048, 2048, 2048]",322.0
1225,9189,63,40,2023-11-19T07:15:50.854000+00:00,27.589,32.523,36.542,184.0,211.0,False,96.654,"[None, 2048, 2049, 2048, 2048, 2049]","[2049, 2049, 2049, 2048, 2048, 2048, 2049]","[2048, 2048, 2048, 2048, 2049, 2048, 2048, 2048]",322.0
1225,9189,23,40,2023-11-19T07:15:51.667000+00:00,29.348,34.789,37.033,171.0,205.0,False,101.17,"[None, 2048, 2048, 2048, 2049, 2048]","[2048, 2048, 2048, 2048, 2048, 2048, 2048]","[2048, 2049, 2048, 2048, 2048, 2048, 2048, 2048]",294.0
1225,9189,55,40,2023-11-19T07:15:52.339000+00:00,27.907,32.576,36.758,182.0,211.0,False,97.241,"[None, 2048, 2048, 2048, 2048, 2048]","[2048, 2049, 2049, 2049, 2048, 2048, 2049]","[2048, 2048, 2048, 2048, 2049, 2049, 2048]",314.0
1225,9189,14,40,2023-11-19T07:15:52.432000+00:00,28.323,32.574,36.731,182.0,211.0,False,97.628,"[None, 2048, 2048, 2048, 2048, 2048]","[2048, 2049, 2049, 2049, 2048, 2048, 2049]","[2048, 2048, 2048, 2048, 2048, 2048, 2048, 2048]",295.0
1225,9189,44,40,2023-11-19T07:15:52.761000+00:00,28.608,33.414,36.502,180.0,211.0,False,98.524,"[None, 2048, 2048, 2048, 2048, 2048]","[2048, 2048, 2048, 2048, 2048, 2048, 2049]","[2048, 2048, 2048, 2048, 2048, 2048, 2048]",308.0
1225,9189,24,40,2023-11-19T07:15:55.245000+00:00,28.438,33.23,37.083,183.0,210.0,False,98.751,"[None, 2048, 2048, 2048, 2048, 2048]","[2049, 2048, 2048, 2048, 2048, 2048, 2048]","[2048, 2048, 2048, 2048, 2048, 2048, 2048]",278.0
1225,9189,2,40,2023-11-19T07:15:57.729000+00:00,28.474,34.397,36.91,,203.0,False,99.781,"[None, 2048, 2049, 2048, 2048, 2048]","[2049, 2048, 2048, 2048, 2048, 2048, 2048]","[2048, 2048, 2048, 2048, 2048, 2048, 2048, 2048]",274.0
1225,9189,20,40,2023-11-19T07:15:58.292000+00:00,28.196,33.355,37.136,181.0,209.0,False,98.687,"[None, 2048, 2048, 2048, 2048, 2048]","[2051, 2048, 2048, 2048, 2048, 2048, 2049]","[2048, 2048, 2048, 2048, 2049, 2048, 2048, 2048]",321.0
1225,9189,27,40,2023-11-19T07:15:58.761000+00:00,28.434,33.705,37.035,,210.0,False,99.174,"[None, 2048, 2048, 2048, 2048, 2048]","[2049, 2048, 2048, 2049, 2048, 2048, 2048]","[2049, 2048, 2049, 2048, 2048, 2048, 2048, 2048]",284.0
1225,9189,3,40,2023-11-19T07:15:59.792000+00:00,28.738,33.049,36.899,,209.0,False,98.686,"[None, 2048, 2048, 2048, 2048, 2048]","[2049, 2048, 2048, 2048, 2048, 2048, 2048]","[2049, 2049, 2049, 2048, 2048, 2048, 2049, 2048]",271.0
1225,9189,22,40,2023-11-19T07:16:18.651000+00:00,28.562,32.794,37.035,,209.0,False,98.391,"[None, 2049, 2049, 2048, 2048, 2049]","[2048, 2048, 2049, 2048, 2048, 2048, 2048]","[2048, 2048, 2048, 2048, 2049, 2048, 2048, 2048]",312.0
1225,9189,77,40,2023-11-19T07:16:26.510000+00:00,29.162,33.603,37.582,172.0,203.0,False,100.347,"[None, 2049, 2048, 2048, 2048, 2048]","[2048, 2049, 2048, 2048, 2049, 2048, 2048]","[2048, 2048, 2048, 2048, 2048, 2048, 2048, 2048]",310.0
1225,9189,1,41,2023-11-19T07:17:11.369000+00:00,27.312,31.803,36.805,,211.0,False,95.92,"[None, 2049, 2048, 2048, 2048, 2048]","[2048, 2049, 2048, 2051, 2048, 2048, 2048]","[2048, 2048, 2048, 2048, 2049, 2048, 2048, 2048]",308.0
1225,9189,16,41,2023-11-19T07:17:12.337000+00:00,27.648,32.144,36.665,182.0,211.0,False,96.457,"[2048, 2048, 2048, 2048, 2048, 2048]","[2048, 2048, 2048, 2049, 2048, 2048, 2048]","[2048, 2048, 2048, 2048, 2049, 2048, 2048, 2048]",318.0
1225,9189,11,41,2023-11-19T07:17:12.915000+00:00,27.627,32.257,36.404,181.0,209.0,False,96.288,"[None, 2048, 2048, 2048, 2048, 2048]","[2048, 2048, 2048, 2048, 2048, 2051, 2048]","[2048, 2048, 2048, 2048, 2048, 2049, 2049, 2048]",308.0
1225,9189,81,41,2023-11-19T07:17:18.822000+00:00,27.674,32.832,36.902,180.0,208.0,False,97.408,"[None, 2048, 2048, 2048, 2048, 2048]","[2048, 2048, 2048, 2048, 2048, 2048, 2048]","[2048, 2048, 2048, 2048, 2048, 2048, 2048, 2048]",320.0
1225,9189,31,41,2023-11-19T07:17:21.275000+00:00,27.911,32.893,36.803,182.0,210.0,False,97.607,"[None, 2048, 2048, 2048, 2048, 2048]","[2048, 2048, 2048, 2048, 2048, 2048, 2048]","[2048, 2048, 2048, 2048, 2048, 2048, 2048, 2048]",317.0
1225,9189,10,41,2023-11-19T07:17:23.228000+00:00,28.39,33.12,37.25,,207.0,False,98.76,"[None, 2048, 2048, 2048, 2048, 2048]","[2048, 2048, 2048, 2048, 2048, 2048, 2048]","[2048, 2048, 2048, 2048, 2048, 2048, 2048, 2048]",296.0
1225,9189,18,41,2023-11-19T07:17:23.650000+00:00,28.367,32.977,36.397,182.0,212.0,False,97.741,"[None, 2048, 2048, 2048, 2048, 2048]","[2048, 2048, 2048, 2048, 2049, 2048, 2048]","[2049, 2049, 2048, 2048, 2048, 2048, 2048]",326.0
1225,9189,63,41,2023-11-19T07:17:27.665000+00:00,27.624,32.579,36.489,181.0,211.0,False,96.692,"[None, 2048, 2048, 2048, 2049, 2049]","[2049, 2048, 2048, 2048, 2048, 2048, 2048]","[2048, 2048, 2048, 2048, 2048, 2048, 2048, 2048]",327.0
1225,9189,55,41,2023-11-19T07:17:29.337000+00:00,27.632,32.42,36.752,183.0,209.0,False,96.804,"[None, 2048, 2049, 2048, 2048, 2049]","[2049, 2049, 2048, 2048, 2048, 2048, 2048]","[2048, 2048, 2048, 2048, 2049, 2048, 2048]",319.0
1225,9189,14,41,2023-11-19T07:17:29.978000+00:00,27.744,32.474,36.486,183.0,210.0,False,96.704,"[None, 2048, 2049, 2048, 2048, 2049]","[2049, 2048, 2049, 2048, 2048, 2049, 2048]","[2048, 2048, 2048, 2048, 2049, 2048, 2048, 2048]",316.0
1225,9189,44,41,2023-11-19T07:17:31.259000+00:00,27.62,32.706,36.223,181.0,209.0,False,96.549,"[2049, 2048, 2049, 2049, 2048, 2049]","[2048, 2048, 2049, 2049, 2048, 2048, 2048]","[2048, 2048, 2048, 2048, 2049, 2048, 2048, 2048]",321.0
1225,9189,23,41,2023-11-19T07:17:32.853000+00:00,28.702,33.508,37.139,177.0,206.0,False,99.349,"[None, 2048, 2048, 2048, 2048, 2048]","[2048, 2048, 2048, 2048, 2048, 2048, 2048]","[2048, 2048, 2048, 2048, 2048, 2048, 2048]",312.0
1225,9189,24,41,2023-11-19T07:17:33.977000+00:00,28.574,33.354,36.69,181.0,211.0,False,98.618,"[None, 2048, 2048, 2048, 2048, 2048]","[2048, 2048, 2048, 2048, 2048, 2048, 2048]","[2048, 2048, 2048, 2048, 2048, 2049, 2048, 2049]",298.0
1225,9189,20,41,2023-11-19T07:17:36.837000+00:00,28.026,33.028,37.401,178.0,207.0,False,98.455,"[2049, 2048, 2049, 2048, 2048, 2049]","[2048, 2048, 2048, 2048, 2048, 2048, 2048]","[2048, 2048, 2048, 2048, 2048, 2048, 2048, 2048]",310.0
1225,9189,2,41,2023-11-19T07:17:37.524000+00:00,28.633,33.387,36.675,,207.0,False,98.695,"[None, 2048, 2048, 2048, 2048, 2048]","[2048, 2048, 2048, 2048, 2048, 2048, 2048]","[2048, 2048, 2048, 2048, 2048, 2048, 2048, 2048]",313.0
1225,9189,27,41,2023-11-19T07:17:37.915000+00:00,28.617,33.335,36.81,,211.0,False,98.762,"[None, 2048, 2048, 2049, 2048, 2048]","[2048, 2048, 2048, 2048, 2048, 2048, 2048]","[2049, 2048, 2048, 2048, 2048, 2048, 2048, 2048]",292.0
1225,9189,3,41,2023-11-19T07:17:38.446000+00:00,28.59,33.539,36.831,182.0,209.0,False,98.96,"[None, 2048, 2048, 2049, 2048, 2048]","[2048, 2048, 2048, 2048, 2048, 2048, 2048]","[2049, 2049, 2048, 2048, 2048, 2048, 2048, 2048]",274.0
1225,9189,22,41,2023-11-19T07:17:57.133000+00:00,28.454,32.611,36.939,183.0,210.0,False,98.004,"[None, 2048, 2049, 2049, 2049, 2049]","[2048, 2049, 2048, 2049, 2048, 2048, 2048]","[2048, 2048, 2048, 2048, 2048, 2049, 2048, 2048]",310.0
1225,9189,77,41,2023-11-19T07:18:06.836000+00:00,29.32,33.568,37.705,169.0,206.0,False,100.593,"[None, 2048, 2048, 2049, 2048, 2048]","[2048, 2048, 2049, 2049, 2048, 2048, 2048]","[2048, 2048, 2048, 2048, 2048, 2048, 2048]",305.0
1225,9189,1,42,2023-11-19T07:18:47.226000+00:00,27.426,31.936,36.85,185.0,212.0,False,96.212,"[None, 2048, 2048, 2048, 2048, 2048]","[2048, 2048, 2048, 2048, 2048, 2048, 2048]","[2048, 2048, 2048, 2048, 2048, 2048, 2048, 2048]",307.0
1225,9189,16,42,2023-11-19T07:18:48.789000+00:00,27.794,32.027,36.706,,211.0,False,96.527,"[None, 2048, 2048, 2048, 2048, 2049]","[2048, 2048, 2048, 2048, 2048, 2051, 2048]","[2048, 2048, 2048, 2048, 2048, 2048, 2048, 2048]",320.0
1225,9189,11,42,2023-11-19T07:18:49.320000+00:00,28.081,32.15,36.406,183.0,212.0,False,96.637,"[None, 2048, 2048, 2048, 2048, 2048]","[2048, 2048, 2048, 2048, 2048, 2048, 2048]","[2049, 2048, 2048, 2048, 2048, 2049, 2048, 2048]",320.0
1225,9189,81,42,2023-11-19T07:18:56.164000+00:00,27.706,32.913,36.816,179.0,210.0,False,97.435,"[None, 2048, 2048, 2049, 2048, 2048]","[2048, 2048, 2048, 2048, 2048, 2048, 2048]","[2048, 2048, 2048, 2048, 2048, 2048, 2048, 2048]",321.0
1225,9189,31,42,2023-11-19T07:18:58.820000+00:00,27.891,32.74,36.622,185.0,210.0,False,97.253,"[None, 2048, 2048, 2048, 2048, 2049]","[2048, 2048, 2048, 2048, 2048, 2048, 2048]","[2048, 2048, 2048, 2048, 2048, 2048, 2048, 2048]",318.0
1225,9189,18,42,2023-11-19T07:19:01.538000+00:00,27.719,32.453,36.906,184.0,212.0,False,97.078,"[None, 2048, 2048, 2048, 2048, 2049]","[2048, 2048, 2048, 2048, 2048, 2048, 2048]","[2048, 2048, 2048, 2048, 2049, 2048, 2048, 2048]",314.0
1225,9189,10,42,2023-11-19T07:19:02.054000+00:00,28.329,33.036,36.729,,210.0,False,98.094,"[None, 2048, 2048, 2048, 2049, 2048]","[2048, 2048, 2048, 2048, 2048, 2048, 2048]","[2048, 2048, 2048, 2048, 2048, 2048, 2048, 2048]",324.0
1225,9189,63,42,2023-11-19T07:19:04.367000+00:00,27.931,32.586,36.594,182.0,213.0,False,97.111,"[None, 2048, 2048, 2048, 2048, 2048]","[2048, 2048, 2048, 2048, 2048, 2048, 2048]","[2048, 2048, 2048, 2048, 2048, 2048, 2048, 2048]",302.0
1225,9189,55,42,2023-11-19T07:19:06.335000+00:00,27.568,32.272,36.634,180.0,211.0,False,96.474,"[None, 2048, 2049, 2048, 2048, 2048]","[2049, 2048, 2048, 2048, 2048, 2049, 2049]","[2048, 2048, 2048, 2048, 2049, 2048, 2048, 2048]",318.0
1225,9189,14,42,2023-11-19T07:19:06.804000+00:00,27.769,32.304,36.486,184.0,212.0,False,96.559,"[None, 2048, 2048, 2048, 2048, 2049]","[2049, 2048, 2048, 2048, 2048, 2048, 2049]","[2049, 2048, 2048, 2048, 2048, 2048, 2048, 2048]",316.0
1225,9189,44,42,2023-11-19T07:19:07.820000+00:00,27.685,32.341,36.011,,212.0,False,96.037,"[None, 2048, 2048, 2048, 2048, 2048]","[2049, 2048, 2048, 2048, 2048, 2049, 2048]","[2048, 2048, 2048, 2048, 2048, 2049, 2048, 2048]",320.0
1225,9189,23,42,2023-11-19T07:19:12.179000+00:00,28.468,33.319,36.931,179.0,209.0,False,98.718,"[None, 2048, 2048, 2048, 2048, 2048]","[2048, 2048, 2048, 2048, 2048, 2048, 2048]","[2048, 2048, 2048, 2048, 2048, 2048, 2048, 2048]",319.0
1225,9189,24,42,2023-11-19T07:19:12.648000+00:00,28.702,33.423,36.901,182.0,211.0,False,99.026,"[None, 2048, 2048, 2048, 2048, 2048]","[2048, 2048, 2048, 2048, 2048, 2048, 2048]","[2049, 2048, 2048, 2048, 2048, 2049, 2048, 2048]",269.0
1225,9189,20,42,2023-11-19T07:19:15.444000+00:00,28.05,32.981,37.103,176.0,209.0,False,98.134,"[2048, 2048, 2048, 2048, 2048, 2048]","[2048, 2048, 2048, 2048, 2048, 2048, 2048]","[2048, 2048, 2048, 2048, 2048, 2048, 2048, 2048]",313.0
1225,9189,2,42,2023-11-19T07:19:16.194000+00:00,28.816,34.399,36.842,174.0,205.0,False,100.057,"[None, 2048, 2048, 2048, 2048, 2048]","[2048, 2048, 2048, 2048, 2048, 2048, 2048]","[2048, 2048, 2048, 2048, 2048, 2048, 2048]",320.0
1225,9189,27,42,2023-11-19T07:19:16.632000+00:00,28.542,33.09,36.854,184.0,212.0,False,98.486,"[None, 2048, 2048, 2049, 2048, 2048]","[2048, 2048, 2048, 2048, 2048, 2049, 2049]","[2048, 2048, 2048, 2048, 2048, 2048, 2048]",309.0
1225,9189,3,42,2023-11-19T07:19:17.413000+00:00,28.478,34.005,36.972,181.0,208.0,False,99.455,"[None, 2048, 2048, 2048, 2048, 2048]","[2048, 2048, 2048, 2048, 2048, 2048, 2048]","[2049, 2048, 2048, 2048, 2048, 2048, 2048, 2048]",262.0
1225,9189,22,42,2023-11-19T07:19:35.038000+00:00,28.404,32.783,36.968,,210.0,False,98.155,"[None, 2048, 2049, 2048, 2049, 2048]","[2048, 2048, 2048, 2049, 2048, 2048, 2048]","[2048, 2048, 2048, 2048, 2048, 2048, 2048, 2048]",315.0
1225,9189,77,42,2023-11-19T07:19:47.350000+00:00,28.91,33.549,37.543,175.0,204.0,False,100.002,"[None, 2049, 2049, 2048, 2048, 2048]","[2048, 2049, 2048, 2048, 2048, 2048, 2048]","[2048, 2048, 2048, 2048, 2048, 2049, 2048, 2048]",307.0
1225,9189,1,43,2023-11-19T07:20:23.459000+00:00,27.295,31.865,36.823,186.0,211.0,False,95.983,"[None, 2048, 2051, 2048, 2048, 2048]","[2048, 2048, 2048, 2048, 2048, 2049, 2048]","[2048, 2048, 2048, 2048, 2048, 2048, 2048, 2048]",309.0
1225,9189,16,43,2023-11-19T07:20:25.349000+00:00,27.354,34.24,36.855,,189.0,False,98.449,"[None, 2049, 2048, 2048, 2048, 2048]","[2048, 2048, 2048, 2048, 2049, 2051, 2048]","[2048, 2048, 2048, 2048, 2048, 2048, 2048, 2048]",314.0
1225,9189,11,43,2023-11-19T07:20:25.896000+00:00,27.452,32.181,36.781,184.0,210.0,False,96.414,"[None, 2048, 2048, 2049, 2048, 2048]","[2048, 2048, 2048, 2048, 2048, 2048, 2048]","[2048, 2048, 2048, 2048, 2048, 2049, 2048, 2048]",318.0
1225,9189,81,43,2023-11-19T07:20:33.615000+00:00,27.713,32.712,41.223,182.0,209.0,False,101.648,"[None, 2048, 2048, 2048, 2048, 2048]","[2048, 2048, 2048, 2048, 2048, 2048, 2048]","[2048, 2048, 2048, 2048, 2048, 2048, 2048, 2064]",320.0
1225,9189,31,43,2023-11-19T07:20:36.146000+00:00,27.79,32.706,36.796,186.0,210.0,False,97.292,"[None, 2048, 2048, 2048, 2048, 2048]","[2049, 2048, 2048, 2048, 2048, 2048, 2048]","[2048, 2048, 2048, 2048, 2048, 2048, 2048]",316.0
1225,9189,18,43,2023-11-19T07:20:38.505000+00:00,27.611,32.505,36.825,185.0,211.0,False,96.941,"[None, 2048, 2049, 2048, 2049, 2049]","[2048, 2048, 2048, 2048, 2048, 2048, 2048]","[2048, 2048, 2048, 2048, 2048, 2048, 2048, 2048]",315.0
1225,9189,10,43,2023-11-19T07:20:40.162000+00:00,28.519,32.949,37.198,180.0,209.0,False,98.666,"[None, 2048, 2048, 2048, 2048, 2048]","[2048, 2048, 2048, 2048, 2048, 2048, 2048]","[2048, 2048, 2048, 2048, 2048, 2048, 2048, 2048]",304.0
1225,9189,63,43,2023-11-19T07:20:41.459000+00:00,27.853,32.641,36.087,184.0,213.0,False,96.581,"[None, 2049, 2048, 2048, 2048, 2048]","[2048, 2048, 2048, 2048, 2049, 2048, 2048]","[2051, 2049, 2048, 2048, 2048, 2048, 2048, 2048]",309.0
1225,9189,55,43,2023-11-19T07:20:42.755000+00:00,27.646,32.462,36.408,181.0,211.0,False,96.516,"[None, 2048, 2048, 2048, 2048, 2048]","[2049, 2048, 2048, 2048, 2048, 2048, 2048]","[2049, 2048, 2048, 2048, 2049, 2051, 2048, 2048]",322.0
1225,9189,14,43,2023-11-19T07:20:43.365000+00:00,27.72,32.607,36.474,183.0,209.0,False,96.801,"[None, 2048, 2048, 2049, 2048, 2048]","[2049, 2048, 2048, 2048, 2048, 2048, 2048]","[2048, 2048, 2048, 2048, 2049, 2048, 2048, 2048]",320.0
1225,9189,44,43,2023-11-19T07:20:43.849000+00:00,27.945,33.066,36.406,182.0,202.0,False,97.417,"[None, 2048, 2048, 2048, 2048, 2048]","[2048, 2048, 2048, 2048, 2048, 2048, 2048]","[2048, 2048, 2048, 2048, 2048, 2048, 2048, 2048]",311.0
1225,9189,23,43,2023-11-19T07:20:50.896000+00:00,28.577,33.122,36.866,,208.0,False,98.565,"[None, 2048, 2048, 2048, 2048, 2048]","[2048, 2048, 2048, 2048, 2048, 2049, 2048]","[2048, 2048, 2048, 2048, 2048, 2048, 2048, 2048]",320.0
1225,9189,24,43,2023-11-19T07:20:51.615000+00:00,28.42,33.199,36.702,183.0,211.0,False,98.321,"[None, 2048, 2048, 2049, 2048, 2048]","[2048, 2048, 2048, 2048, 2048, 2049, 2048]","[2048, 2048, 2048, 2048, 2048, 2049, 2048, 2048]",289.0
1225,9189,20,43,2023-11-19T07:20:53.615000+00:00,28.174,32.741,37.0,178.0,210.0,False,97.915,"[None, 2048, 2048, 2048, 2048, 2048]","[2048, 2048, 2048, 2048, 2048, 2048, 2048]","[2048, 2048, 2048, 2048, 2048, 2049, 2048, 2048]",312.0
1225,9189,27,43,2023-11-19T07:20:55.130000+00:00,27.803,32.754,37.008,183.0,208.0,False,97.565,"[None, 2049, 2049, 2048, 2048, 2048]","[2048, 2048, 2048, 2048, 2048, 2049, 2048]","[2048, 2048, 2048, 2048, 2048, 2048, 2048, 2048]",315.0
1225,9189,2,43,2023-11-19T07:20:56.208000+00:00,28.734,33.256,36.66,176.0,207.0,False,98.65,"[2049, 2048, 2049, 2048, 2048, 2048]","[2048, 2048, 2048, 2048, 2048, 2048, 2048]","[2048, 2048, 2048, 2048, 2048, 2048, 2048, 2048]",327.0
1225,9189,3,43,2023-11-19T07:20:56.896000+00:00,28.483,33.426,36.68,183.0,211.0,False,98.589,"[None, 2048, 2048, 2048, 2048, 2048]","[2048, 2048, 2048, 2048, 2048, 2048, 2048]","[2049, 2048, 2048, 2048, 2048, 2048, 2048, 2048]",300.0
1225,9189,22,43,2023-11-19T07:21:13.208000+00:00,28.435,32.621,36.889,,211.0,False,97.945,"[None, 2048, 2049, 2049, 2048, 2048]","[2048, 2048, 2048, 2048, 2048, 2048, 2049]","[2048, 2048, 2048, 2048, 2049, 2048, 2048, 2048]",315.0
1225,9189,77,43,2023-11-19T07:21:27.395000+00:00,28.88,33.484,37.467,178.0,206.0,False,99.831,"[None, 2048, 2049, 2049, 2048, 2048]","[2048, 2048, 2048, 2048, 2048, 2048, 2049]","[2048, 2048, 2048, 2048, 2048, 2048, 2048, 2048]",311.0
1225,9189,1,44,2023-11-19T07:21:59.348000+00:00,27.135,31.801,36.678,,213.0,False,95.614,"[None, 2049, 2051, 2048, 2048, 2048]","[2048, 2049, 2048, 2048, 2048, 2048, 2051]","[2048, 2048, 2048, 2048, 2049, 2048, 2048, 2048]",311.0
1225,9189,11,44,2023-11-19T07:22:02.207000+00:00,27.449,31.99,37.147,185.0,209.0,False,96.586,"[None, 2049, 2049, 2048, 2048, 2048]","[2048, 2048, 2048, 2048, 2048, 2048, 2048]","[2048, 2048, 2048, 2048, 2048, 2048, 2048, 2048]",320.0
1225,9189,16,44,2023-11-19T07:22:03.848000+00:00,27.566,32.078,36.482,183.0,212.0,False,96.126,"[None, 2048, 2048, 2048, 2048, 2048]","[2049, 2048, 2048, 2048, 2049, 2048, 2048]","[2049, 2049, 2048, 2048, 2048, 2048, 2049, 2048]",322.0
1225,9189,31,44,2023-11-19T07:22:13.301000+00:00,27.826,32.562,36.803,185.0,211.0,False,97.191,"[None, 2048, 2048, 2048, 2048, 2049]","[2048, 2048, 2048, 2048, 2048, 2048, 2048]","[2048, 2048, 2048, 2048, 2048, 2049, 2048, 2048]",314.0
1225,9189,81,44,2023-11-19T07:22:15.191000+00:00,43.634,33.016,36.289,174.0,213.0,True,112.939,"[2064, 2064, 2048, 2048, 2048, 2048]","[2048, 2048, 2048, 2048, 2048, 2048, 2048]","[2049, 2049, 2048, 2048, 2048, 2048, 2048, 2048]",339.0
1225,9189,18,44,2023-11-19T07:22:15.441000+00:00,27.597,32.383,36.783,,212.0,False,96.763,"[None, 2049, 2049, 2048, 2048, 2048]","[2048, 2048, 2048, 2049, 2048, 2048, 2049]","[2048, 2048, 2048, 2048, 2048, 2049, 2048, 2048]",314.0
1225,9189,63,44,2023-11-19T07:22:17.926000+00:00,27.315,32.18,36.576,186.0,213.0,False,96.071,"[None, 2051, 2049, 2048, 2048, 2049]","[2049, 2049, 2049, 2048, 2048, 2048, 2049]","[2048, 2048, 2048, 2048, 2048, 2048, 2048]",303.0
1225,9189,10,44,2023-11-19T07:22:18.832000+00:00,28.782,33.508,37.653,181.0,210.0,False,99.943,"[None, 2048, 2048, 2048, 2048, 2048]","[2048, 2048, 2048, 2048, 2048, 2048, 2048]","[2049, 2048, 2048, 2048, 2048, 2048, 2048, 2048]",306.0
1225,9189,55,44,2023-11-19T07:22:19.316000+00:00,27.891,32.934,36.677,182.0,202.0,False,97.502,"[None, 2048, 2048, 2048, 2048, 2048]","[2048, 2048, 2048, 2049, 2048, 2049, 2048]","[2048, 2048, 2048, 2048, 2049, 2048, 2048]",320.0
1225,9189,14,44,2023-11-19T07:22:20.144000+00:00,27.877,33.235,36.88,180.0,212.0,False,97.992,"[None, 2049, 2048, 2048, 2048, 2048]","[2048, 2048, 2048, 2048, 2049, 2048, 2048]","[2049, 2049, 2048, 2048, 2048, 2048, 2048]",323.0
1225,9189,44,44,2023-11-19T07:22:21.301000+00:00,28.001,32.661,36.654,180.0,212.0,False,97.316,"[2048, 2048, 2048, 2048, 2048, 2048]","[2048, 2048, 2048, 2048, 2049, 2048, 2048]","[2048, 2048, 2048, 2048, 2048, 2048, 2048, 2048]",297.0
1225,9189,23,44,2023-11-19T07:22:29.535000+00:00,28.796,33.148,37.187,180.0,209.0,False,99.131,"[None, 2048, 2048, 2048, 2048, 2048]","[2048, 2048, 2048, 2048, 2048, 2049, 2048]","[2048, 2048, 2048, 2048, 2048, 2048, 2048, 2048]",308.0
1225,9189,24,44,2023-11-19T07:22:29.988000+00:00,29.072,33.903,36.766,181.0,210.0,False,99.741,"[None, 2048, 2048, 2049, 2048, 2048]","[2048, 2048, 2048, 2048, 2048, 2048, 2048]","[2048, 2048, 2048, 2048, 2048, 2048, 2048, 2048]",302.0
1225,9189,20,44,2023-11-19T07:22:31.457000+00:00,28.109,33.843,36.741,176.0,210.0,False,98.693,"[None, 2048, 2048, 2048, 2048, 2048]","[2048, 2048, 2048, 2048, 2048, 2048, 2048]","[2049, 2048, 2048, 2048, 2048, 2048, 2048, 2048]",317.0
1225,9189,27,44,2023-11-19T07:22:32.753000+00:00,28.065,33.231,36.681,180.0,209.0,False,97.977,"[None, 2048, 2048, 2048, 2048, 2048]","[2048, 2048, 2048, 2048, 2049, 2048, 2048]","[2048, 2048, 2048, 2048, 2048, 2048, 2048, 2048]",310.0
1225,9189,2,44,2023-11-19T07:22:34.910000+00:00,28.938,33.328,36.676,169.0,208.0,False,98.942,"[2048, 2048, 2048, 2048, 2048, 2048]","[2048, 2048, 2048, 2048, 2048, 2048, 2048]","[2048, 2048, 2048, 2048, 2048, 2048, 2048, 2048]",328.0
1225,9189,3,44,2023-11-19T07:22:35.441000+00:00,28.485,33.672,36.677,,210.0,False,98.834,"[None, 2048, 2048, 2048, 2048, 2048]","[2048, 2048, 2048, 2048, 2049, 2048, 2048]","[2048, 2048, 2048, 2049, 2048, 2048, 2049, 2049]",296.0
1225,9189,22,44,2023-11-19T07:22:51.191000+00:00,28.385,32.401,36.944,184.0,211.0,False,97.73,"[None, 2048, 2048, 2049, 2048, 2048]","[2049, 2048, 2048, 2048, 2048, 2049, 2048]","[2048, 2048, 2048, 2048, 2048, 2049, 2048, 2048]",315.0
1225,9189,77,44,2023-11-19T07:23:07.222000+00:00,28.775,33.054,37.475,177.0,206.0,False,99.304,"[None, 2048, 2049, 2048, 2048, 2048]","[2048, 2049, 2049, 2049, 2049, 2048, 2049]","[2048, 2048, 2048, 2048, 2048, 2049, 2048, 2048]",304.0
1225,9189,1,45,2023-11-19T07:23:34.987000+00:00,27.315,31.8,36.752,,212.0,False,95.867,"[None, 2048, 2048, 2048, 2048, 2048]","[2048, 2048, 2048, 2048, 2048, 2049, 2048]","[2048, 2048, 2048, 2048, 2048, 2048, 2048, 2048]",309.0
1225,9189,11,45,2023-11-19T07:23:38.893000+00:00,27.484,31.855,36.771,184.0,212.0,False,96.11,"[None, 2049, 2048, 2048, 2048, 2048]","[2048, 2049, 2049, 2048, 2048, 2048, 2051]","[2048, 2048, 2048, 2048, 2048, 2049, 2048, 2048]",319.0
1225,9189,16,45,2023-11-19T07:23:40.018000+00:00,27.509,31.917,36.287,184.0,213.0,False,95.713,"[None, 2048, 2048, 2048, 2048, 2048]","[2048, 2049, 2048, 2049, 2049, 2048, 2048]","[2049, 2049, 2048, 2048, 2049, 2051, 2049, 2049]",323.0
1225,9189,31,45,2023-11-19T07:23:50.549000+00:00,27.892,32.357,36.68,,211.0,False,96.929,"[None, 2048, 2048, 2048, 2048, 2048]","[2048, 2049, 2048, 2048, 2048, 2048, 2048]","[2048, 2048, 2048, 2048, 2048, 2048, 2048, 2048]",315.0
1225,9189,18,45,2023-11-19T07:23:52.174000+00:00,27.623,32.249,36.712,184.0,211.0,False,96.584,"[2049, 2048, 2048, 2048, 2048, 2048]","[2048, 2048, 2048, 2048, 2048, 2048, 2048]","[2048, 2048, 2048, 2048, 2049, 2048, 2048, 2048]",315.0
1225,9189,63,45,2023-11-19T07:23:53.971000+00:00,27.458,32.342,36.491,182.0,213.0,False,96.291,"[None, 2048, 2048, 2048, 2049, 2048]","[2049, 2048, 2048, 2048, 2049, 2048, 2048]","[2048, 2048, 2048, 2048, 2048, 2048, 2048, 2048]",312.0
1225,9189,55,45,2023-11-19T07:23:56.705000+00:00,27.546,31.95,36.568,,211.0,False,96.064,"[None, 2048, 2048, 2048, 2048, 2049]","[2049, 2048, 2048, 2049, 2048, 2048, 2049]","[2048, 2048, 2048, 2048, 2049, 2048, 2048, 2048]",322.0
1225,9189,14,45,2023-11-19T07:23:58.049000+00:00,27.738,32.115,36.827,183.0,213.0,False,96.68,"[None, 2049, 2049, 2048, 2048, 2049]","[2049, 2049, 2049, 2049, 2048, 2048, 2049]","[2048, 2048, 2048, 2048, 2048, 2048, 2048, 2048]",315.0
1225,9189,44,45,2023-11-19T07:23:58.580000+00:00,27.994,32.219,36.258,183.0,214.0,False,96.471,"[None, 2048, 2048, 2048, 2048, 2049]","[2048, 2049, 2048, 2048, 2051, 2049, 2048]","[2048, 2048, 2048, 2048, 2048, 2051, 2051, 2051]",290.0
1225,9189,10,45,2023-11-19T07:23:58.689000+00:00,28.891,33.13,36.808,182.0,209.0,False,98.829,"[None, 2048, 2048, 2048, 2048, 2048]","[2048, 2048, 2048, 2048, 2048, 2048, 2048]","[2048, 2048, 2048, 2048, 2048, 2048, 2048, 2048]",317.0
1225,9189,81,45,2023-11-19T07:24:08.252000+00:00,27.499,32.067,36.689,184.0,214.0,False,96.255,"[2048, 2049, 2048, 2048, 2048, 2049]","[2048, 2049, 2049, 2049, 2048, 2048, 2049]","[2048, 2048, 2048, 2048, 2049, 2049, 2048]",320.0
1225,9189,23,45,2023-11-19T07:24:08.674000+00:00,28.389,33.291,36.828,,209.0,False,98.508,"[None, 2048, 2048, 2048, 2048, 2048]","[2048, 2048, 2048, 2048, 2048, 2048, 2048]","[2048, 2048, 2048, 2048, 2048, 2048, 2048, 2048]",322.0
1225,9189,24,45,2023-11-19T07:24:09.674000+00:00,28.446,33.306,36.782,183.0,212.0,False,98.534,"[None, 2048, 2048, 2048, 2048, 2048]","[2048, 2048, 2048, 2048, 2048, 2048, 2048]","[2049, 2048, 2048, 2048, 2048, 2048, 2048, 2048]",305.0
1225,9189,20,45,2023-11-19T07:24:10.080000+00:00,28.49,33.369,36.738,,209.0,False,98.597,"[None, 2048, 2048, 2048, 2048, 2048]","[2048, 2048, 2048, 2048, 2048, 2048, 2048]","[2048, 2048, 2048, 2048, 2048, 2048, 2048, 2048]",323.0
1225,9189,27,45,2023-11-19T07:24:10.705000+00:00,28.555,33.281,36.699,,210.0,False,98.535,"[None, 2048, 2048, 2048, 2048, 2048]","[2048, 2048, 2048, 2048, 2049, 2048, 2048]","[2048, 2048, 2048, 2048, 2048, 2048, 2048, 2048]",299.0
1225,9189,2,45,2023-11-19T07:24:13.845000+00:00,28.516,33.094,36.959,179.0,207.0,False,98.569,"[None, 2048, 2048, 2048, 2048, 2048]","[2048, 2048, 2048, 2048, 2048, 2048, 2048]","[2048, 2048, 2048, 2048, 2048, 2048, 2049, 2048]",296.0
1225,9189,3,45,2023-11-19T07:24:14.314000+00:00,28.415,33.025,36.07,185.0,210.0,False,97.51,"[None, 2048, 2048, 2048, 2048, 2048]","[2048, 2048, 2048, 2048, 2049, 2048, 2048]","[2049, 2049, 2049, 2049, 2049, 2048, 2048]",329.0
1225,9189,22,45,2023-11-19T07:24:28.908000+00:00,28.419,32.531,36.637,185.0,212.0,False,97.587,"[None, 2048, 2048, 2048, 2048, 2048]","[2048, 2048, 2048, 2048, 2048, 2048, 2048]","[2049, 2048, 2048, 2048, 2049, 2049, 2049, 2048]",318.0
1225,9189,77,45,2023-11-19T07:24:46.579000+00:00,28.76,32.917,37.398,175.0,209.0,False,99.075,"[None, 2049, 2048, 2049, 2048, 2048]","[2048, 2049, 2048, 2048, 2048, 2048, 2049]","[2049, 2048, 2048, 2048, 2048, 2048, 2048, 2048]",309.0
1225,9189,1,46,2023-11-19T07:25:10.969000+00:00,27.267,31.877,36.752,187.0,210.0,False,95.896,"[2049, 2048, 2048, 2048, 2048, 2051]","[2048, 2048, 2048, 2048, 2048, 2048, 2048]","[2048, 2048, 2048, 2048, 2048, 2048, 2048, 2048]",309.0
1225,9189,11,46,2023-11-19T07:25:14.985000+00:00,27.338,31.952,36.874,185.0,211.0,False,96.164,"[2049, 2048, 2049, 2048, 2048, 2049]","[2048, 2048, 2048, 2048, 2048, 2048, 2048]","[2048, 2048, 2048, 2048, 2048, 2049, 2048]",318.0
1225,9189,16,46,2023-11-19T07:25:15.594000+00:00,27.518,32.116,36.457,182.0,212.0,False,96.091,"[None, 2048, 2048, 2049, 2048, 2048]","[2049, 2048, 2048, 2048, 2048, 2048, 2048]","[2048, 2049, 2049, 2048, 2048, 2048, 2049, 2048]",322.0
1225,9189,31,46,2023-11-19T07:25:27.547000+00:00,27.727,32.545,36.645,184.0,211.0,False,96.917,"[None, 2049, 2049, 2048, 2048, 2048]","[2048, 2048, 2048, 2048, 2048, 2048, 2048]","[2048, 2048, 2048, 2048, 2048, 2051, 2048, 2048]",315.0
1225,9189,18,46,2023-11-19T07:25:28.860000+00:00,27.658,32.442,36.768,,210.0,False,96.868,"[2048, 2048, 2048, 2048, 2048, 2048]","[2048, 2048, 2048, 2048, 2048, 2049, 2048]","[2048, 2048, 2048, 2048, 2048, 2048, 2048, 2048]",316.0
1225,9189,63,46,2023-11-19T07:25:30.375000+00:00,27.438,32.379,36.508,183.0,212.0,False,96.325,"[None, 2048, 2049, 2051, 2048, 2048]","[2048, 2048, 2048, 2048, 2049, 2048, 2048]","[2048, 2048, 2048, 2048, 2048, 2048, 2049, 2048]",304.0
1225,9189,55,46,2023-11-19T07:25:32.860000+00:00,27.565,32.096,36.525,180.0,210.0,False,96.186,"[None, 2048, 2049, 2048, 2048, 2048]","[2048, 2049, 2049, 2048, 2048, 2048, 2048]","[2048, 2048, 2048, 2048, 2048, 2048, 2048, 2048]",322.0
1225,9189,14,46,2023-11-19T07:25:34.828000+00:00,27.7,32.365,37.113,,211.0,False,97.178,"[None, 2049, 2049, 2048, 2048, 2048]","[2048, 2049, 2048, 2048, 2048, 2048, 2048]","[2048, 2048, 2048, 2048, 2048, 2048, 2048, 2048]",284.0
1225,9189,44,46,2023-11-19T07:25:35.110000+00:00,28.11,32.256,35.851,182.0,212.0,False,96.217,"[None, 2048, 2048, 2048, 2048, 2048]","[2049, 2048, 2048, 2049, 2048, 2049, 2048]","[2051, 2048, 2048, 2048, 2049, 2051, 2048, 2048]",325.0
1225,9189,10,46,2023-11-19T07:25:37.594000+00:00,28.325,33.016,36.738,,210.0,False,98.079,"[None, 2048, 2048, 2048, 2048, 2048]","[2048, 2048, 2048, 2048, 2048, 2048, 2048]","[2048, 2048, 2048, 2048, 2048, 2048, 2048, 2048]",316.0
1225,9189,81,46,2023-11-19T07:25:44.422000+00:00,27.218,31.967,36.4,,213.0,False,95.585,"[2049, 2049, 2049, 2049, 2048, 2048]","[2048, 2049, 2048, 2049, 2049, 2048, 2048]","[2048, 2048, 2048, 2048, 2049, 2051, 2049]",320.0
1225,9189,23,46,2023-11-19T07:25:47.172000+00:00,28.287,33.112,36.885,,208.0,False,98.284,"[None, 2048, 2048, 2048, 2048, 2049]","[2048, 2048, 2048, 2048, 2048, 2048, 2048]","[2048, 2048, 2048, 2048, 2048, 2048, 2048, 2048]",320.0
1225,9189,24,46,2023-11-19T07:25:48.391000+00:00,28.719,33.899,37.279,178.0,205.0,False,99.897,"[None, 2048, 2048, 2048, 2048, 2048]","[2049, 2048, 2048, 2048, 2048, 2049, 2048]","[2048, 2048, 2048, 2048, 2048, 2048, 2048, 2048]",288.0
1225,9189,20,46,2023-11-19T07:25:48.797000+00:00,28.437,33.891,36.59,185.0,208.0,False,98.918,"[None, 2048, 2048, 2048, 2048, 2048]","[2048, 2048, 2048, 2049, 2049, 2048, 2048]","[2049, 2049, 2048, 2048, 2048, 2049, 2048, 2048]",329.0
1225,9189,27,46,2023-11-19T07:25:49.234000+00:00,28.363,33.972,,,209.0,False,,"[None, 2048, 2048, 2048, 2048, 2048]","[2048, 2048, 2048, 2048, 2048, 2048, 2048]","[2048, 2048, 2048, 2048]",285.0
1225,9189,3,46,2023-11-19T07:25:51.656000+00:00,27.899,32.818,36.63,,210.0,False,97.347,"[2049, 2048, 2049, 2048, 2048, 2049]","[2049, 2048, 2048, 2048, 2048, 2048, 2048]","[2048, 2048, 2048, 2048, 2048, 2048, 2048, 2048]",286.0
1225,9189,2,46,2023-11-19T07:25:52.469000+00:00,28.711,33.395,36.708,177.0,204.0,False,98.814,"[None, 2048, 2048, 2048, 2048, 2048]","[2048, 2048, 2048, 2048, 2048, 2048, 2048]","[2048, 2048, 2048, 2048, 2048, 2048, 2048, 2048]",326.0
1225,9189,22,46,2023-11-19T07:26:06.453000+00:00,28.429,32.648,36.829,,210.0,False,97.906,"[None, 2048, 2048, 2049, 2048, 2048]","[2048, 2048, 2048, 2048, 2049, 2048, 2048]","[2048, 2048, 2048, 2048, 2048, 2048, 2048]",317.0
1225,9189,77,46,2023-11-19T07:26:25.593000+00:00,28.694,32.685,37.293,179.0,209.0,False,98.672,"[None, 2048, 2048, 2048, 2048, 2049]","[2048, 2048, 2049, 2049, 2049, 2049, 2048]","[2049, 2048, 2048, 2048, 2049, 2048, 2048]",311.0
1225,9189,1,47,2023-11-19T07:26:46.858000+00:00,27.318,31.842,36.719,186.0,212.0,False,95.879,"[None, 2048, 2048, 2048, 2048, 2048]","[2048, 2048, 2048, 2048, 2048, 2049, 2048]","[2048, 2048, 2048, 2048, 2048, 2048, 2048, 2048]",309.0
1225,9189,11,47,2023-11-19T07:26:51.108000+00:00,27.412,31.903,36.701,181.0,212.0,False,96.016,"[None, 2049, 2048, 2048, 2048, 2048]","[2048, 2048, 2049, 2049, 2048, 2048, 2051]","[2048, 2048, 2048, 2048, 2048, 2049, 2048, 2048]",312.0
1225,9189,16,47,2023-11-19T07:26:51.671000+00:00,27.553,32.124,36.318,183.0,212.0,False,95.995,"[None, 2048, 2048, 2048, 2048, 2048]","[2048, 2048, 2048, 2049, 2049, 2048, 2048]","[2049, 2048, 2049, 2048, 2048, 2048, 2049, 2048]",318.0
1225,9189,31,47,2023-11-19T07:27:04.389000+00:00,27.494,32.549,36.594,185.0,211.0,False,96.637,"[None, 2049, 2049, 2048, 2048, 2049]","[2048, 2048, 2048, 2048, 2048, 2048, 2048]","[2048, 2048, 2048, 2048, 2049, 2048, 2048, 2048]",314.0
1225,9189,18,47,2023-11-19T07:27:05.671000+00:00,27.789,32.188,36.814,,211.0,False,96.791,"[None, 2048, 2048, 2048, 2048, 2048]","[2048, 2048, 2048, 2048, 2049, 2049, 2048]","[2048, 2048, 2048, 2048, 2048, 2048, 2048, 2048]",315.0
1225,9189,63,47,2023-11-19T07:27:06.811000+00:00,27.728,32.219,36.404,,213.0,False,96.351,"[None, 2048, 2048, 2048, 2048, 2048]","[2048, 2048, 2048, 2048, 2049, 2049, 2048]","[2048, 2048, 2048, 2048, 2048, 2048, 2049]",301.0
1225,9189,55,47,2023-11-19T07:27:08.999000+00:00,27.404,32.071,36.509,182.0,210.0,False,95.984,"[2049, 2048, 2048, 2048, 2048, 2049]","[2048, 2048, 2048, 2048, 2049, 2048, 2048]","[2048, 2048, 2048, 2048, 2048, 2048, 2048, 2048]",326.0
1225,9189,44,47,2023-11-19T07:27:11.280000+00:00,27.576,32.57,36.279,186.0,212.0,False,96.425,"[None, 2049, 2049, 2048, 2048, 2049]","[2049, 2048, 2048, 2048, 2048, 2048, 2049]","[2048, 2048, 2048, 2048, 2049, 2051, 2048, 2048]",321.0
1225,9189,14,47,2023-11-19T07:27:12.014000+00:00,27.658,32.656,36.404,,213.0,False,96.718,"[None, 2048, 2048, 2048, 2048, 2048]","[2049, 2048, 2048, 2048, 2048, 2048, 2048]","[2048, 2048, 2048, 2048, 2049, 2048, 2048, 2048]",331.0
1225,9189,10,47,2023-11-19T07:27:15.561000+00:00,28.34,32.929,36.638,184.0,209.0,False,97.907,"[2049, 2048, 2048, 2048, 2048, 2048]","[2049, 2048, 2048, 2048, 2048, 2048, 2048]","[2048, 2048, 2048, 2048, 2049, 2048, 2048, 2048]",325.0
1225,9189,81,47,2023-11-19T07:27:20.108000+00:00,27.213,31.921,36.356,185.0,213.0,False,95.49,"[None, 2048, 2051, 2049, 2048, 2049]","[2048, 2048, 2048, 2048, 2048, 2049, 2049]","[2048, 2048, 2048, 2048, 2048, 2048, 2048, 2048]",324.0
1225,9189,23,47,2023-11-19T07:27:25.389000+00:00,28.339,33.233,36.826,178.0,208.0,False,98.398,"[None, 2048, 2048, 2048, 2048, 2048]","[2048, 2048, 2048, 2048, 2048, 2048, 2048]","[2048, 2048, 2048, 2048, 2048, 2048, 2048, 2048]",321.0
1225,9189,20,47,2023-11-19T07:27:27.592000+00:00,27.898,33.258,37.059,179.0,210.0,False,98.215,"[None, 2049, 2048, 2048, 2048, 2048]","[2051, 2048, 2048, 2048, 2048, 2048, 2048]","[2048, 2048, 2048, 2048, 2049, 2048, 2048, 2048]",317.0
1225,9189,24,47,2023-11-19T07:27:28.092000+00:00,28.487,33.37,36.862,182.0,210.0,False,98.719,"[None, 2048, 2048, 2048, 2048, 2048]","[2048, 2048, 2048, 2048, 2048, 2048, 2048]","[2048, 2048, 2048, 2048, 2048, 2048, 2048, 2048]",301.0
1225,9189,3,47,2023-11-19T07:27:29.154000+00:00,28.165,33.284,36.687,183.0,211.0,False,98.136,"[2048, 2048, 2048, 2048, 2048, 2048]","[2048, 2048, 2048, 2048, 2048, 2048, 2048]","[2048, 2048, 2048, 2048, 2048, 2049, 2049, 2048]",279.0
1225,9189,2,47,2023-11-19T07:27:31.170000+00:00,28.657,33.104,36.636,180.0,206.0,False,98.397,"[None, 2048, 2048, 2048, 2048, 2048]","[2048, 2048, 2048, 2048, 2048, 2048, 2048]","[2048, 2048, 2048, 2048, 2049, 2048, 2048, 2048]",326.0
1225,9189,22,47,2023-11-19T07:27:44.326000+00:00,31.856,44.463,,125.0,113.0,False,,"[None, 2048, 2049, 2048, 2048, 2048]","[2048, 2048, 2048, 2048, 2048, 2048, 2048]","[2048, 2048, 2048, 2048]",154.0
1225,9189,77,47,2023-11-19T07:28:04.169000+00:00,28.512,33.141,37.584,170.0,206.0,False,99.237,"[None, 2049, 2049, 2048, 2048, 2048]","[2048, 2048, 2048, 2048, 2048, 2048, 2048]","[2048, 2048, 2048, 2048, 2048, 2048, 2048, 2048]",312.0
1225,9189,1,48,2023-11-19T07:28:22.654000+00:00,27.337,31.893,37.267,,213.0,False,96.497,"[2048, 2048, 2048, 2048, 2048, 2048]","[2048, 2048, 2048, 2048, 2048, 2048, 2048]","[2048, 2048, 2048, 2048, 2048, 2048, 2048, 2048]",305.0
1225,9189,11,48,2023-11-19T07:28:27.153000+00:00,27.496,31.819,36.972,186.0,213.0,False,96.287,"[None, 2048, 2048, 2048, 2048, 2048]","[2048, 2048, 2048, 2048, 2048, 2048, 2051]","[2048, 2048, 2048, 2048, 2048, 2048, 2048, 2048]",298.0
1225,9189,16,48,2023-11-19T07:28:27.841000+00:00,27.605,32.259,36.688,182.0,214.0,False,96.552,"[None, 2048, 2048, 2048, 2048, 2048]","[2049, 2048, 2048, 2048, 2048, 2048, 2048]","[2048, 2048, 2049, 2048, 2048, 2048, 2048, 2048]",302.0
1225,9189,31,48,2023-11-19T07:28:41.028000+00:00,27.571,32.518,36.756,182.0,211.0,False,96.845,"[None, 2048, 2049, 2048, 2048, 2048]","[2048, 2048, 2048, 2048, 2048, 2048, 2048]","[2048, 2048, 2048, 2048, 2048, 2048, 2048, 2048]",313.0
1225,9189,18,48,2023-11-19T07:28:42.450000+00:00,28.052,32.45,37.19,183.0,211.0,False,97.692,"[None, 2048, 2049, 2048, 2048, 2048]","[2048, 2048, 2048, 2048, 2048, 2048, 2048]","[2048, 2048, 2048, 2048, 2048, 2048, 2048, 2048]",299.0
1225,9189,63,48,2023-11-19T07:28:43.028000+00:00,27.829,32.536,36.078,181.0,215.0,False,96.443,"[None, 2048, 2048, 2048, 2048, 2048]","[2048, 2048, 2048, 2049, 2051, 2048, 2048]","[2051, 2048, 2048, 2048, 2048, 2048, 2048, 2048]",327.0
1225,9189,55,48,2023-11-19T07:28:45.091000+00:00,27.607,32.396,36.479,,210.0,False,96.482,"[2048, 2048, 2048, 2048, 2048, 2048]","[2048, 2048, 2048, 2048, 2048, 2048, 2048]","[2048, 2048, 2048, 2048, 2048, 2048, 2048, 2048]",327.0
1225,9189,44,48,2023-11-19T07:28:47.716000+00:00,27.351,32.1,36.265,185.0,212.0,False,95.716,"[None, 2049, 2049, 2048, 2048, 2049]","[2048, 2049, 2048, 2048, 2048, 2048, 2049]","[2048, 2048, 2048, 2048, 2048, 2048, 2048, 2048]",324.0
1225,9189,14,48,2023-11-19T07:28:48.856000+00:00,27.75,32.633,36.905,185.0,206.0,False,97.288,"[2049, 2048, 2048, 2048, 2048, 2048]","[2048, 2048, 2048, 2048, 2048, 2048, 2048]","[2048, 2048, 2048, 2048, 2048, 2048, 2048, 2048]",293.0
1225,9189,10,48,2023-11-19T07:28:53.512000+00:00,28.211,32.897,37.109,183.0,210.0,False,98.217,"[2048, 2048, 2048, 2048, 2048, 2048]","[2048, 2048, 2048, 2048, 2048, 2048, 2048]","[2048, 2048, 2048, 2048, 2048, 2048, 2048, 2048]",281.0
1225,9189,81,48,2023-11-19T07:28:55.481000+00:00,27.209,32.284,36.102,,210.0,False,95.595,"[2048, 2048, 2048, 2048, 2049, 2048]","[2048, 2048, 2048, 2048, 2049, 2048, 2048]","[2049, 2049, 2048, 2048, 2048, 2048, 2048, 2048]",338.0
1225,9189,23,48,2023-11-19T07:29:03.825000+00:00,28.179,33.089,36.828,181.0,209.0,False,98.096,"[None, 2048, 2048, 2048, 2048, 2049]","[2048, 2048, 2048, 2048, 2048, 2048, 2048]","[2048, 2048, 2048, 2048, 2048, 2049, 2048, 2048]",320.0
1225,9189,20,48,2023-11-19T07:29:05.825000+00:00,27.697,32.929,37.148,178.0,207.0,False,97.774,"[None, 2048, 2049, 2048, 2048, 2049]","[2048, 2048, 2048, 2048, 2048, 2048, 2048]","[2048, 2048, 2048, 2048, 2048, 2048, 2048, 2048]",314.0
1225,9189,24,48,2023-11-19T07:29:06.887000+00:00,28.708,33.379,37.216,181.0,210.0,False,99.303,"[None, 2048, 2048, 2048, 2048, 2048]","[2048, 2048, 2048, 2048, 2048, 2048, 2048]","[2048, 2048, 2048, 2048, 2048, 2048, 2048, 2048]",297.0
1225,9189,3,48,2023-11-19T07:29:07.340000+00:00,28.502,33.655,37.346,184.0,211.0,False,99.503,"[None, 2048, 2048, 2048, 2048, 2048]","[2048, 2048, 2048, 2048, 2048, 2048, 2048]","[2048, 2048, 2048, 2048, 2048, 2048, 2048, 2048]",312.0
1225,9189,2,48,2023-11-19T07:29:09.621000+00:00,28.564,33.107,36.617,179.0,208.0,False,98.288,"[None, 2048, 2048, 2048, 2048, 2048]","[2048, 2048, 2048, 2048, 2048, 2048, 2048]","[2048, 2048, 2048, 2048, 2048, 2048, 2048, 2048]",326.0
1225,9189,77,48,2023-11-19T07:29:43.402000+00:00,28.635,32.788,37.503,176.0,208.0,False,98.926,"[None, 2048, 2048, 2048, 2048, 2048]","[2049, 2048, 2049, 2048, 2049, 2048, 2048]","[2048, 2048, 2048, 2048, 2048, 2048, 2048, 2048]",309.0
1225,9189,1,49,2023-11-19T07:29:59.230000+00:00,27.244,32.031,37.675,187.0,210.0,False,96.95,"[None, 2048, 2048, 2048, 2048, 2048]","[2048, 2048, 2048, 2051, 2048, 2048, 2048]","[2048, 2048, 2048, 2048, 2048, 2048, 2048, 2048]",286.0
1225,9189,11,49,2023-11-19T07:30:03.542000+00:00,27.442,31.921,36.762,,212.0,False,96.125,"[2048, 2048, 2048, 2048, 2048, 2048]","[2048, 2049, 2048, 2049, 2048, 2048, 2048]","[2048, 2048, 2048, 2048, 2048, 2048, 2048, 2048]",315.0
1225,9189,16,49,2023-11-19T07:30:04.339000+00:00,27.371,32.061,36.436,184.0,212.0,False,95.868,"[None, 2048, 2048, 2048, 2049, 2048]","[2048, 2049, 2048, 2048, 2048, 2048, 2048]","[2048, 2048, 2049, 2048, 2048, 2048, 2048, 2048]",317.0
1225,9189,31,49,2023-11-19T07:30:17.980000+00:00,27.731,32.448,36.757,185.0,211.0,False,96.936,"[None, 2048, 2048, 2048, 2048, 2048]","[2048, 2048, 2048, 2048, 2048, 2048, 2048]","[2048, 2048, 2048, 2048, 2048, 2048, 2048, 2048]",313.0
1225,9189,63,49,2023-11-19T07:30:19.464000+00:00,27.273,32.244,36.644,184.0,212.0,False,96.161,"[2049, 2048, 2049, 2048, 2048, 2048]","[2048, 2048, 2048, 2048, 2048, 2049, 2048]","[2048, 2048, 2048, 2048, 2048, 2048, 2048, 2048]",299.0
1225,9189,18,49,2023-11-19T07:30:20.230000+00:00,27.899,32.329,36.762,,212.0,False,96.99,"[2049, 2048, 2048, 2048, 2049, 2048]","[2048, 2048, 2048, 2049, 2048, 2048, 2048]","[2048, 2048, 2048, 2048, 2048, 2048, 2048, 2048]",314.0
1225,9189,55,49,2023-11-19T07:30:21.526000+00:00,27.601,32.406,36.539,180.0,210.0,False,96.546,"[None, 2048, 2048, 2048, 2048, 2048]","[2048, 2048, 2048, 2048, 2049, 2048, 2048]","[2048, 2048, 2048, 2048, 2048, 2048, 2048, 2048]",321.0
1225,9189,44,49,2023-11-19T07:30:23.448000+00:00,27.942,32.042,36.142,182.0,211.0,False,96.126,"[None, 2048, 2048, 2048, 2048, 2048]","[2048, 2048, 2048, 2048, 2048, 2048, 2049]","[2048, 2048, 2048, 2048, 2049, 2048, 2048, 2048]",325.0
1225,9189,14,49,2023-11-19T07:30:25.995000+00:00,27.505,32.37,36.828,184.0,210.0,False,96.703,"[None, 2048, 2048, 2048, 2048, 2048]","[2048, 2048, 2048, 2049, 2048, 2048, 2048]","[2048, 2048, 2048, 2048, 2048, 2048, 2048]",317.0
1225,9189,81,49,2023-11-19T07:30:31.058000+00:00,27.296,32.182,36.536,183.0,210.0,False,96.014,"[None, 2048, 2048, 2048, 2048, 2048]","[2048, 2048, 2048, 2048, 2048, 2048, 2048]","[2048, 2048, 2048, 2048, 2048, 2048, 2048, 2048]",321.0
1225,9189,10,49,2023-11-19T07:30:31.808000+00:00,28.337,32.94,36.675,,209.0,False,97.952,"[None, 2048, 2048, 2049, 2048, 2048]","[2048, 2048, 2048, 2048, 2048, 2048, 2048]","[2048, 2048, 2048, 2048, 2048, 2048, 2048, 2048]",322.0
1225,9189,23,49,2023-11-19T07:30:41.901000+00:00,28.073,33.011,36.791,183.0,208.0,False,97.875,"[None, 2048, 2048, 2048, 2048, 2049]","[2048, 2048, 2048, 2048, 2048, 2048, 2048]","[2048, 2048, 2048, 2048, 2049, 2049, 2048, 2048]",324.0
1225,9189,20,49,2023-11-19T07:30:43.604000+00:00,27.637,32.729,37.11,180.0,209.0,False,97.476,"[None, 2048, 2049, 2048, 2048, 2048]","[2048, 2048, 2048, 2048, 2048, 2048, 2048]","[2048, 2048, 2048, 2048, 2048, 2048, 2048, 2048]",318.0
1225,9189,24,49,2023-11-19T07:30:46.260000+00:00,28.76,33.309,37.356,180.0,209.0,False,99.425,"[2049, 2048, 2048, 2048, 2048, 2048]","[2048, 2048, 2048, 2048, 2048, 2048, 2048]","[2048, 2048, 2048, 2048, 2048, 2048, 2048, 2048]",279.0
1225,9189,3,49,2023-11-19T07:30:46.760000+00:00,28.472,33.304,36.613,180.0,210.0,False,98.389,"[None, 2048, 2048, 2048, 2048, 2048]","[2048, 2048, 2048, 2048, 2049, 2048, 2048]","[2048, 2048, 2048, 2048, 2048, 2048, 2048]",305.0
1225,9189,2,49,2023-11-19T07:30:47.917000+00:00,28.63,33.395,36.606,178.0,208.0,False,98.631,"[None, 2048, 2048, 2048, 2048, 2048]","[2048, 2048, 2048, 2048, 2049, 2048, 2048]","[2048, 2048, 2048, 2048, 2048, 2048, 2048, 2048]",325.0
1225,9189,77,49,2023-11-19T07:31:22.463000+00:00,28.029,32.439,37.094,181.0,209.0,False,97.562,"[None, 2049, 2049, 2048, 2048, 2049]","[2048, 2049, 2049, 2049, 2049, 2049, 2049]","[2048, 2048, 2048, 2048, 2049, 2049, 2048, 2048]",312.0
1225,9189,1,50,2023-11-19T07:31:36.103000+00:00,28.321,32.275,37.041,184.0,212.0,False,97.637,"[None, 2048, 2048, 2048, 2048, 2048]","[2048, 2048, 2048, 2048, 2048, 2048, 2048]","[2048, 2048, 2048, 2048, 2048, 2048, 2048, 2048]",304.0
1225,9189,11,50,2023-11-19T07:31:39.650000+00:00,27.153,31.948,37.293,,212.0,False,96.394,"[None, 2048, 2051, 2048, 2048, 2049]","[2048, 2048, 2048, 2048, 2049, 2048, 2048]","[2048, 2048, 2048, 2048, 2048, 2048, 2049, 2048]",323.0
1225,9189,16,50,2023-11-19T07:31:40.228000+00:00,27.43,31.875,36.364,183.0,212.0,False,95.669,"[None, 2048, 2048, 2051, 2049, 2048]","[2048, 2049, 2048, 2049, 2049, 2048, 2048]","[2049, 2049, 2049, 2049, 2048, 2048, 2048]",350.0
1225,9189,31,50,2023-11-19T07:31:54.869000+00:00,27.768,32.437,37.362,186.0,212.0,False,97.567,"[None, 2048, 2048, 2048, 2048, 2048]","[2049, 2048, 2048, 2048, 2048, 2048, 2048]","[2048, 2048, 2048, 2048, 2048, 2048, 2048, 2048]",282.0
1225,9189,63,50,2023-11-19T07:31:55.712000+00:00,27.578,32.353,36.247,183.0,213.0,False,96.178,"[2048, 2051, 2048, 2048, 2048, 2048]","[2048, 2048, 2048, 2048, 2048, 2048, 2048]","[2048, 2048, 2048, 2048, 2048, 2048, 2048]",313.0
1225,9189,18,50,2023-11-19T07:31:57.165000+00:00,27.741,32.197,36.704,,212.0,False,96.642,"[2048, 2048, 2048, 2048, 2048, 2048]","[2048, 2048, 2048, 2048, 2048, 2048, 2048]","[2048, 2048, 2048, 2048, 2048, 2048, 2048]",327.0
1225,9189,55,50,2023-11-19T07:31:58.150000+00:00,27.603,32.444,36.46,179.0,211.0,False,96.507,"[None, 2048, 2048, 2048, 2049, 2048]","[2048, 2048, 2048, 2048, 2049, 2048, 2048]","[2048, 2048, 2048, 2048, 2048, 2048, 2048, 2048]",310.0
1225,9189,44,50,2023-11-19T07:31:59.525000+00:00,27.436,32.187,36.31,184.0,212.0,False,95.933,"[2051, 2048, 2048, 2048, 2048, 2048]","[2048, 2048, 2048, 2048, 2048, 2048, 2048]","[2048, 2048, 2048, 2048, 2048, 2048, 2048]",321.0
1225,9189,14,50,2023-11-19T07:32:02.681000+00:00,27.533,32.658,36.775,,211.0,False,96.966,"[2048, 2048, 2049, 2048, 2048, 2048]","[2048, 2048, 2048, 2049, 2048, 2048, 2048]","[2048, 2048, 2048, 2048, 2048, 2048, 2048, 2048]",322.0
1225,9189,81,50,2023-11-19T07:32:07.056000+00:00,27.427,32.149,36.552,181.0,212.0,False,96.128,"[None, 2048, 2048, 2048, 2048, 2048]","[2048, 2048, 2048, 2048, 2048, 2048, 2048]","[2048, 2048, 2048, 2048, 2048, 2048, 2048, 2048]",324.0
1225,9189,10,50,2023-11-19T07:32:09.712000+00:00,28.269,33.048,36.999,,208.0,False,98.316,"[None, 2048, 2048, 2048, 2048, 2048]","[2048, 2048, 2048, 2048, 2049, 2048, 2048]","[2048, 2048, 2048, 2048, 2048, 2048, 2048, 2048]",318.0
1225,9189,23,50,2023-11-19T07:32:19.806000+00:00,27.937,32.815,36.605,180.0,209.0,False,97.357,"[2049, 2048, 2049, 2049, 2048, 2048]","[2048, 2048, 2048, 2048, 2048, 2049, 2048]","[2048, 2048, 2048, 2048, 2049, 2049, 2048, 2048]",335.0
1225,9189,20,50,2023-11-19T07:32:21.118000+00:00,27.676,32.766,37.013,179.0,209.0,False,97.455,"[None, 2048, 2048, 2048, 2048, 2048]","[2048, 2048, 2048, 2048, 2048, 2049, 2048]","[2048, 2048, 2048, 2048, 2048, 2048, 2048, 2048]",325.0
1225,9189,3,50,2023-11-19T07:32:25.009000+00:00,27.823,32.369,36.916,188.0,210.0,False,97.108,"[None, 2048, 2049, 2048, 2048, 2049]","[2049, 2048, 2048, 2048, 2048, 2048, 2049]","[2048, 2048, 2048, 2048, 2048, 2049, 2048, 2048]",313.0
1225,9189,24,50,2023-11-19T07:32:25.555000+00:00,28.463,33.083,36.769,183.0,211.0,False,98.315,"[2048, 2048, 2048, 2048, 2048, 2048]","[2048, 2048, 2048, 2048, 2048, 2048, 2048]","[2048, 2048, 2048, 2048, 2049, 2048, 2048, 2048]",302.0
1225,9189,2,50,2023-11-19T07:32:26.524000+00:00,28.25,33.137,36.699,180.0,209.0,False,98.086,"[None, 2048, 2048, 2048, 2048, 2048]","[2048, 2048, 2048, 2048, 2049, 2049, 2048]","[2048, 2048, 2048, 2048, 2048, 2048, 2048, 2048]",316.0
1225,9189,77,50,2023-11-19T07:33:00.102000+00:00,28.397,33.103,37.568,179.0,205.0,False,99.068,"[None, 2048, 2048, 2049, 2048, 2048]","[2048, 2048, 2048, 2048, 2048, 2048, 2048]","[2048, 2048, 2048, 2048, 2048, 2048, 2048]",303.0
1225,9189,1,51,2023-11-19T07:33:13.695000+00:00,,,,,,False,,"[None, 2048, 2048, 2048, 2048, 2048]","[2048, 2048, 2048, 2048, 2048, 2048, 2048]",[2048],
1225,9189,16,51,2023-11-19T07:33:15.742000+00:00,,,,,,False,,"[None, 2048, 2048, 2048, 2048, 2048]","[2048, 2048, 2048, 2048, 2048, 2048, 2048]",[2048],
1225,9189,11,51,2023-11-19T07:33:15.961000+00:00,,,,,,False,,"[None, 2048, 2048, 2048, 2048, 2048]","[2048, 2048, 2048, 2048, 2048, 2048, 2048]",[2048],
