meeting_key,session_key,driver_number,lap_number,date_start,duration_sector_1,duration_sector_2,duration_sector_3,i1_speed,i2_speed,is_pit_out_lap,lap_duration,segments_sector_1,segments_sector_2,segments_sector_3,st_speed
1220,9173,2,1,,,70.508,27.853,276.0,157.0,False,,"[None, 2064, 2049, 2049, 2049, 2049, 2049, 2049, 2049]","[2049, 2049, 2049, 2049, 2049, 2049, 2049, 2049, 2049, 2049, 2049]","[2049, 2051, 2049, 2051, 0]",157.0
1220,9173,1,1,2023-09-24T05:04:05.252000+00:00,36.225,49.276,35.061,278.0,124.0,False,120.562,"[2048, 2049, 2049, 2051, 2051, 2051, 2051, 2051, 2051]","[2051, 2051, 2049, 2051, 2049, 2049, 2049, 2049, 2051, 2049, 2049]","[2049, 2049, 2049, 2051, 2051]",122.0
1220,9173,81,1,2023-09-24T05:04:05.252000+00:00,37.716,53.066,34.514,276.0,108.0,False,125.296,"[2048, 2049, 2049, 2049, 2049, 2049, 2049, 2049, 2049]","[2049, 2049, 2049, 2049, 2049, 2049, 2049, 2049, 2049, 2049, 2049]","[2049, 2049, 2049, 2049, 2049]",151.0
1220,9173,16,1,2023-09-24T05:04:05.252000+00:00,38.432,55.77,32.985,274.0,106.0,False,127.187,"[2048, 2049, 2049, 2049, 2049, 2049, 2049, 2049, 2049]","[2049, 2049, 2049, 2049, 2049, 2049, 2049, 2049, 2049, 2049, 2049]","[2049, 2049, 2049, 2051, 2049]",158.0
1220,9173,4,1,2023-09-24T05:04:05.252000+00:00,37.249,51.197,35.256,272.0,96.0,False,123.702,"[2048, 2049, 2051, 2049, 2049, 2049, 2049, 2049, 2049]","[2049, 2049, 2049, 2049, 2049, 2049, 2049, 2051, 2049, 2051, 2049]","[2049, 2049, 2049, 2049, 2049]",163.0
1220,9173,11,1,2023-09-24T05:04:05.252000+00:00,39.993,59.375,31.834,273.0,177.0,False,131.202,"[2048, 2049, 2049, 2049, 2049, 2049, 2049, 2049, 2049]","[2049, 2049, 2049, 2049, 2049, 2049, 2049, 2049, 2049, 2049, 2049]","[2049, 2049, 2049, 2049, 2049]",204.0
1220,9173,55,1,2023-09-24T05:04:05.252000+00:00,38.957,56.733,32.606,277.0,149.0,False,128.296,"[2048, 2049, 2049, 2049, 2049, 2049, 2049, 2049, 2049]","[2049, 2049, 2049, 2049, 2049, 2049, 2049, 2049, 2049, 2049, 2049]","[2049, 2049, 2049, 2049, 2049]",208.0
1220,9173,44,1,2023-09-24T05:04:05.252000+00:00,40.204,61.711,29.99,275.0,160.0,False,131.905,"[2048, 2049, 2049, 2049, 2049, 2049, 2049, 2049, 2049]","[2049, 2049, 2049, 2049, 2049, 2049, 2049, 2049, 2049, 2049, 2049]","[2049, 2049, 2051, 2049, 2048]",195.0
1220,9173,63,1,2023-09-24T05:04:05.252000+00:00,40.729,64.185,29.601,271.0,186.0,False,134.515,"[2048, 2049, 2049, 2049, 2049, 2049, 2049, 2049, 2049]","[2049, 2049, 2049, 2049, 2049, 2049, 2049, 2049, 2049, 2049, 2049]","[2049, 2049, 2049, 2049, 2051]",169.0
1220,9173,22,1,2023-09-24T05:04:05.252000+00:00,41.361,67.53,29.748,273.0,173.0,False,138.639,"[2048, 2049, 2049, 2049, 2049, 2049, 2049, 2049, 2049]","[2049, 2049, 2051, 2049, 2051, 2051, 2051, 2049, 2049, 2049, 2049]","[2049, 2049, 2049, 2049, 2049]",158.0
1220,9173,14,1,2023-09-24T05:04:05.252000+00:00,39.354,58.215,31.977,265.0,170.0,False,129.546,"[2048, 2049, 2049, 2049, 2049, 2049, 2049, 2049, 2049]","[2049, 2049, 2049, 2049, 2049, 2049, 2049, 2049, 2049, 2049, 2051]","[2049, 2049, 2049, 2049, 2048]",186.0
1220,9173,40,1,2023-09-24T05:04:05.252000+00:00,41.267,66.413,29.288,277.0,183.0,False,136.968,"[2048, 2049, 2049, 2049, 2049, 2049, 2049, 2049, 2049]","[2049, 2049, 2049, 2049, 2049, 2049, 2049, 2049, 2049, 2049, 2049]","[2049, 2049, 2049, 2051, 2048]",158.0
1220,9173,10,1,2023-09-24T05:04:05.252000+00:00,42.036,72.048,28.712,270.0,161.0,False,142.796,"[2048, 2049, 2049, 2049, 2049, 2049, 2049, 2049, 2049]","[2049, 2049, 2049, 2049, 2049, 2049, 2049, 2049, 2049, 2049, 2049]","[2049, 2049, 2049, 2051, 2049]",167.0
1220,9173,23,1,2023-09-24T05:04:05.252000+00:00,44.72,71.816,29.713,273.0,142.0,False,146.249,"[2048, 2049, 2049, 2049, 2049, 2049, 2049, 2049, 2049]","[2049, 2049, 2049, 2049, 2049, 2049, 2049, 2049, 2049, 2049, 2049]","[2049, 2049, 2051, 2064, 2064]",184.0
1220,9173,31,1,2023-09-24T05:04:05.252000+00:00,50.622,76.272,35.229,196.0,123.0,False,162.123,"[2048, 2049, 2049, 2049, 2049, 2049, 2049, 2049, 2049]","[2049, 2049, 2049, 2049, 2049, 2049, 2049, 2049, 2049, 2049, 2049]","[2049, 2049, 2049, 2064, 2064]",143.0
1220,9173,20,1,2023-09-24T05:04:05.252000+00:00,42.282,72.761,28.8,259.0,156.0,False,143.843,"[2048, 2049, 2049, 2049, 2049, 2049, 2049, 2049, 2049]","[2049, 2049, 2049, 2049, 2049, 2049, 2049, 2049, 2049, 2049, 2049]","[2051, 2049, 2049, 2049, 2049]",187.0
1220,9173,77,1,2023-09-24T05:04:05.252000+00:00,57.079,80.547,37.325,151.0,127.0,False,174.951,"[2048, 2049, 2049, 2049, 2049, 2049, 2049, 2049, 2049]","[2049, 2049, 2049, 2049, 2049, 2049, 2049, 2049, 2049, 2049, 2049]","[2049, 2049, 2049, 2064, 2064]",120.0
1220,9173,27,1,2023-09-24T05:04:05.252000+00:00,41.936,70.005,29.933,271.0,172.0,False,141.874,"[2048, 2051, 2049, 2049, 2049, 2049, 2049, 2049, 2049]","[2049, 2049, 2049, 2049, 2049, 2049, 2049, 2049, 2049, 2049, 2049]","[2049, 2049, 2049, 2049, 0]",169.0
1220,9173,18,1,2023-09-24T05:04:05.252000+00:00,41.935,68.163,29.776,273.0,195.0,False,139.874,"[2048, 2049, 2049, 2049, 2049, 2049, 2049, 2049, 2049]","[2049, 2049, 2049, 2049, 2049, 2049, 2049, 2049, 2049, 2049, 2049]","[2049, 2049, 2049, 2049, 2049]",152.0
1220,9173,24,1,2023-09-24T05:04:05.252000+00:00,49.859,69.261,31.676,201.0,148.0,False,150.796,"[2048, 2049, 2049, 2049, 2049, 2049, 2049, 2049, 2049]","[2049, 2049, 2049, 2049, 2049, 2049, 2049, 2049, 2049, 2049, 2049]","[2049, 2049, 2049, 2064, 2064]",159.0
1220,9173,1,2,2023-09-24T05:06:05.813000+00:00,65.251,68.6,30.466,119.0,214.0,False,164.317,"[2049, 2048, 2048, 2048, 2048, 2048, 2048, 2048, 2048]","[2048, 2048, 2048, 2048, 2048, 2048, 2048, 2048, 2048, 2048, 2049]","[2049, 2049, 2049, 2049]",129.0
1220,9173,4,2,2023-09-24T05:06:08.953000+00:00,64.471,68.019,30.933,128.0,159.0,False,163.423,"[2051, 2048, 2048, 2048, 2048, 2048, 2048, 2048, 2048]","[2048, 2048, 2048, 2048, 2048, 2048, 2048, 2048, 2048, 2048, 2049]","[2049, 2049, 2049, 2049]",187.0
1220,9173,81,2,2023-09-24T05:06:10.547000+00:00,63.884,67.794,31.623,137.0,165.0,False,163.301,"[2049, 2048, 2048, 2048, 2048, 2048, 2048, 2048, 2048]","[2048, 2048, 2048, 2048, 2048, 2048, 2048, 2048, 2048, 2049, 2049]","[2049, 2049, 2049, 2049, 2049]",202.0
1220,9173,16,2,2023-09-24T05:06:12.438000+00:00,63.233,67.904,31.713,171.0,180.0,False,162.85,"[2049, 2048, 2048, 2048, 2048, 2048, 2048, 2048, 2048]","[2048, 2048, 2048, 2048, 2048, 2048, 2048, 2048, 2048, 2049, 2049]","[2049, 2048, 2048, 2048]",161.0
1220,9173,55,2,2023-09-24T05:06:13.547000+00:00,63.068,67.679,32.446,189.0,200.0,False,163.193,"[2049, 2048, 2048, 2048, 2048, 2048, 2048, 2048, 2048]","[2048, 2048, 2048, 2048, 2048, 2048, 2048, 2048, 2048, 2049, 2049]","[2049, 2048, 2048, 2048, 2049]",167.0
1220,9173,14,2,2023-09-24T05:06:14.797000+00:00,62.537,68.306,32.138,178.0,187.0,False,162.981,"[2049, 2048, 2048, 2048, 2048, 2048, 2048, 2048, 2048]","[2048, 2048, 2048, 2048, 2048, 2048, 2048, 2048, 2048, 2049, 2049]","[2049, 2048, 2049, 2048, 2049]",156.0
1220,9173,11,2,2023-09-24T05:06:16.453000+00:00,61.971,69.703,29.935,190.0,138.0,False,161.609,"[2049, 2048, 2048, 2048, 2048, 2048, 2048, 2048, 2048]","[2048, 2048, 2048, 2048, 2048, 2048, 2048, 2048, 2048, 2049, 2049]","[2049, 2048, 2051, 2064, 2064]",132.0
1220,9173,44,2,2023-09-24T05:06:17.156000+00:00,62.861,69.132,29.431,131.0,189.0,False,161.424,"[2049, 2048, 2048, 2048, 2048, 2048, 2048, 2048, 2048]","[2048, 2048, 2048, 2048, 2048, 2048, 2048, 2048, 2048, 2049, 2049]","[2049, 2048, 2049, 2049, 2049]",122.0
1220,9173,63,2,2023-09-24T05:06:19.766000+00:00,61.299,69.35,30.009,186.0,201.0,False,160.658,"[2049, 2048, 2048, 2048, 2048, 2048, 2048, 2048, 2048]","[2048, 2048, 2048, 2048, 2048, 2048, 2048, 2048, 2048, 2049, 2049]","[2048, 2048, 2049, 2051, 0]",182.0
1220,9173,40,2,2023-09-24T05:06:22.219000+00:00,61.199,70.01,29.241,157.0,241.0,False,160.45,"[2049, 2048, 2048, 2048, 2048, 2048, 2048, 2048, 2048]","[2048, 2048, 2048, 2048, 2048, 2048, 2048, 2048, 2049, 2049, 2049]","[2048, 2048, 2048, 2049, 2049]",162.0
1220,9173,22,2,2023-09-24T05:06:23.890000+00:00,61.048,70.762,29.954,211.0,209.0,False,161.764,"[2049, 2048, 2048, 2048, 2048, 2048, 2048, 2048, 2048]","[2048, 2048, 2048, 2048, 2048, 2048, 2048, 2048, 2049, 2049, 2049]","[2048, 2048, 2049, 2049, 2049]",134.0
1220,9173,18,2,2023-09-24T05:06:25.125000+00:00,61.006,70.787,29.983,206.0,237.0,False,161.776,"[2049, 2048, 2048, 2048, 2048, 2048, 2048, 2048, 2048]","[2048, 2048, 2048, 2048, 2048, 2048, 2048, 2048, 2049, 2049, 2049]","[2048, 2048, 2049, 2049, 2049]",107.0
1220,9173,27,2,2023-09-24T05:06:27.125000+00:00,62.43,68.164,31.021,237.0,257.0,False,161.615,"[2049, 2048, 2048, 2048, 2048, 2048, 2048, 2048, 2048]","[2048, 2048, 2048, 2048, 2048, 2048, 2048, 2048, 2049, 2049, 2049]","[2048, 2048, 2049, 2049, 2049]",135.0
1220,9173,10,2,2023-09-24T05:06:28.047000+00:00,63.63,68.698,29.658,229.0,226.0,False,161.986,"[2049, 2048, 2048, 2048, 2048, 2048, 2048, 2048, 2048]","[2049, 2048, 2048, 2048, 2048, 2048, 2048, 2048, 2049, 2049, 2049]","[2048, 2048, 2048, 2049, 2049]",135.0
1220,9173,20,2,2023-09-24T05:06:29.094000+00:00,64.67,67.868,29.325,227.0,229.0,False,161.863,"[2049, 2048, 2048, 2048, 2048, 2048, 2048, 2048, 2048]","[2049, 2048, 2048, 2048, 2048, 2048, 2048, 2048, 2049, 2049, 2049]","[2048, 2048, 2048, 2049, 2049]",106.0
1220,9173,2,2,2023-09-24T05:06:30.328000+00:00,64.538,67.89,30.234,245.0,198.0,False,162.662,"[2049, 2049, 2048, 2048, 2048, 2048, 2048, 2048, 2048]","[2048, 2048, 2048, 2048, 2048, 2048, 2048, 2049, 2049, 2049, 2049]","[2049, 2048, 2048, 2064, 2064]",117.0
1220,9173,23,2,2023-09-24T05:06:31.500000+00:00,92.612,48.043,26.277,256.0,287.0,True,166.932,"[2064, 2064, 2048, 2048, 2048, 2049, 2049, 2048, 2048]","[2048, 2048, 2048, 2048, 2048, 2048, 2048, 2049, 2049, 2051, 2051]","[2051, 2048, 2048, 2049, 2049]",206.0
1220,9173,24,2,2023-09-24T05:06:36.047000+00:00,84.282,48.459,26.955,243.0,259.0,True,159.696,"[2064, 2064, 2048, 2048, 2049, 2049, 2049, 2049, 2049]","[2049, 2049, 2049, 2049, 2049, 2049, 2049, 2049, 2049, 2049, 2049]","[2049, 2048, 2048, 2049, 2049]",197.0
1220,9173,31,2,2023-09-24T05:06:47.374000+00:00,68.474,48.151,27.894,251.0,229.0,True,144.519,"[2064, 2064, 2048, 2048, 2049, 2049, 2049, 2049, 2049]","[2049, 2049, 2049, 2049, 2049, 2049, 2049, 2049, 2049, 2049, 2049]","[2049, 2048, 2049, 2051, 0]",117.0
1220,9173,77,2,2023-09-24T05:07:00.202000+00:00,96.832,48.868,21.876,239.0,258.0,True,167.576,"[2064, 2064, 2048, 2048, 2048, 2049, 2049, 2049, 2049]","[2049, 2049, 2049, 2049, 2049, 2049, 2049, 2049, 2049, 2049, 2049]","[2051, 2051, 2049, 2049, 2049]",252.0
1220,9173,1,3,2023-09-24T05:08:50.107000+00:00,68.931,68.363,28.07,132.0,233.0,False,165.364,"[2048, 2048, 2048, 2048, 2048, 2048, 2048, 2048, 2048]","[2048, 2048, 2048, 2048, 2048, 2048, 2048, 2048, 2048, 2048, 2049]","[2049, 2049, 2049, 2049, 2049]",192.0
1220,9173,4,3,2023-09-24T05:08:52.294000+00:00,67.602,68.917,28.51,138.0,182.0,False,165.029,"[2048, 2048, 2048, 2048, 2048, 2048, 2048, 2048, 2048]","[2048, 2048, 2048, 2048, 2048, 2048, 2048, 2048, 2048, 2048, 2049]","[2048, 2049, 2048, 2049, 0]",185.0
1220,9173,81,3,2023-09-24T05:08:53.872000+00:00,67.167,69.173,29.192,139.0,168.0,False,165.532,"[2048, 2048, 2048, 2048, 2048, 2048, 2048, 2048, 2048]","[2048, 2048, 2048, 2048, 2048, 2048, 2048, 2048, 2048, 2048, 2048]","[2049, 2048, 2049, 2049, 2049]",147.0
1220,9173,16,3,2023-09-24T05:08:55.263000+00:00,66.782,69.507,30.037,172.0,242.0,False,166.326,"[2048, 2048, 2048, 2048, 2048, 2048, 2048, 2048, 2048]","[2048, 2048, 2048, 2048, 2048, 2048, 2048, 2048, 2048, 2048, 2049]","[2049, 2048, 2048, 2049, 2049]",124.0
1220,9173,55,3,2023-09-24T05:08:56.778000+00:00,66.271,70.395,29.774,191.0,244.0,False,166.44,"[2048, 2048, 2048, 2048, 2048, 2048, 2048, 2048, 2048]","[2048, 2048, 2048, 2048, 2048, 2048, 2048, 2048, 2048, 2048, 2048]","[2049, 2048, 2049, 2048, 2049]",123.0
1220,9173,14,3,2023-09-24T05:08:57.825000+00:00,66.509,69.995,30.442,211.0,264.0,False,166.946,"[2048, 2048, 2048, 2048, 2048, 2048, 2048, 2048, 2048]","[2048, 2048, 2048, 2048, 2048, 2048, 2048, 2048, 2048, 2048, 2049]","[2049, 2048, 2049, 2049, 2048]",139.0
1220,9173,11,3,2023-09-24T05:08:58.013000+00:00,84.685,70.365,31.808,243.0,235.0,True,186.858,"[2064, 2064, 2048, 2048, 2048, 2048, 2048, 2048, 2048]","[2048, 2048, 2048, 2048, 2048, 2048, 2048, 2048, 2048, 2048, 2048]","[2049, 2048, 2048, 2048, 2048]",184.0
1220,9173,44,3,2023-09-24T05:08:58.528000+00:00,67.202,70.667,30.469,126.0,219.0,False,168.338,"[2048, 2048, 2048, 2048, 2048, 2048, 2048, 2048, 2048]","[2048, 2048, 2048, 2048, 2048, 2048, 2048, 2048, 2049, 2048, 2048]","[2049, 2048, 2048, 2048, 2048]",148.0
1220,9173,63,3,2023-09-24T05:09:00.481000+00:00,65.839,71.371,30.384,163.0,258.0,False,167.594,"[None, 2048, 2048, 2048, 2048, 2048, 2048, 2048, 2048]","[2048, 2048, 2048, 2048, 2048, 2048, 2048, 2048, 2049, 2048, 2048]","[2049, 2048, 2048, 2048, 2048]",130.0
1220,9173,40,3,2023-09-24T05:09:02.653000+00:00,65.156,72.894,29.694,155.0,240.0,False,167.744,"[None, 2048, 2048, 2048, 2048, 2048, 2048, 2048, 2048]","[2048, 2048, 2048, 2048, 2048, 2048, 2048, 2048, 2049, 2048, 2048]","[2049, 2049, 2048, 2048, 2048]",171.0
1220,9173,22,3,2023-09-24T05:09:05.638000+00:00,64.666,72.158,30.374,,208.0,False,167.198,"[None, 2048, 2048, 2048, 2048, 2048, 2048, 2048, 2048]","[2048, 2048, 2048, 2048, 2048, 2048, 2048, 2048, 2049, 2048, 2048]","[2049, 2048, 2048, 2048]",132.0
1220,9173,18,3,2023-09-24T05:09:06.888000+00:00,64.338,72.336,31.869,205.0,255.0,False,168.543,"[None, 2048, 2048, 2048, 2048, 2048, 2049, 2048, 2048]","[2048, 2048, 2048, 2048, 2048, 2048, 2048, 2048, 2048, 2048, 2049]","[2049, 2048, 2048, 2048]",176.0
1220,9173,27,3,2023-09-24T05:09:08.872000+00:00,65.911,70.695,31.694,249.0,243.0,False,168.3,"[None, 2048, 2048, 2048, 2048, 2048, 2048, 2048, 2048]","[2048, 2048, 2048, 2048, 2048, 2048, 2048, 2048, 2048, 2048, 2048]","[2049, 2048, 2048, 2048]",154.0
1220,9173,10,3,2023-09-24T05:09:10.075000+00:00,66.772,70.235,31.455,240.0,224.0,False,168.462,"[2049, 2048, 2048, 2048, 2048, 2048, 2048, 2048, 2048]","[2049, 2048, 2048, 2048, 2048, 2048, 2048, 2048, 2048, 2048, 2048]","[2049, 2048, 2048, 2048]",199.0
1220,9173,20,3,2023-09-24T05:09:10.966000+00:00,67.349,70.53,31.248,215.0,192.0,False,169.127,"[None, 2048, 2048, 2048, 2048, 2048, 2048, 2048, 2048]","[2049, 2048, 2048, 2048, 2048, 2048, 2048, 2048, 2048, 2048, 2048]","[2049, 2048, 2048, 2048, 2048]",197.0
1220,9173,31,3,2023-09-24T05:09:11.872000+00:00,66.932,70.61,31.511,193.0,185.0,False,169.053,"[2049, 2048, 2048, 2048, 2049, 2048, 2048, 2048, 2048]","[2048, 2048, 2048, 2048, 2048, 2048, 2048, 2048, 2048, 2048, 2048]","[2049, 2048, 2048, 2048]",173.0
1220,9173,2,3,2023-09-24T05:09:13.387000+00:00,74.785,66.489,31.608,249.0,233.0,True,172.882,"[2064, 2064, 2048, 2048, 2048, 2048, 2048, 2048, 2048]","[2048, 2048, 2048, 2048, 2048, 2048, 2048, 2048, 2048, 2048, 2049]","[2049, 2048, 2048, 2048, 2048]",202.0
1220,9173,24,3,2023-09-24T05:09:15.700000+00:00,64.147,70.752,31.709,206.0,229.0,False,166.608,"[2049, 2048, 2048, 2048, 2048, 2048, 2048, 2048, 2048]","[2048, 2048, 2048, 2048, 2048, 2048, 2048, 2048, 2048, 2048, 2048]","[2048, 2048, 2048, 2048]",186.0
1220,9173,23,3,2023-09-24T05:09:18.419000+00:00,62.948,70.342,31.802,250.0,247.0,False,165.092,"[2051, 2048, 2048, 2048, 2048, 2048, 2048, 2048, 2048]","[2048, 2048, 2048, 2048, 2048, 2048, 2048, 2048, 2048, 2048, 2048]","[2048, 2048, 2048, 2048]",223.0
1220,9173,77,3,2023-09-24T05:09:47.871000+00:00,52.496,55.724,32.395,242.0,210.0,False,140.615,"[2049, 2048, 2048, 2048, 2049, 2048, 2048, 2048, 2049]","[2049, 2048, 2048, 2048, 2048, 2048, 2048, 2048, 2048, 2048, 2048]","[2048, 2048, 2048, 2048]",192.0
1220,9173,1,4,2023-09-24T05:11:35.494000+00:00,60.867,66.499,48.366,170.0,76.0,False,175.732,"[None, 2048, 2048, 2048, 2048, 2048, 2048, 2048, 2048]","[2048, 2048, 2048, 2048, 2048, 2048, 2048, 2048, 2048, 2049, 2048]","[2048, 2048, 2049, 2051, 2051]",70.0
1220,9173,4,4,2023-09-24T05:11:37.416000+00:00,59.584,66.56,48.427,163.0,81.0,False,174.571,"[None, 2048, 2048, 2048, 2048, 2048, 2048, 2048, 2048]","[2048, 2048, 2048, 2048, 2048, 2048, 2048, 2048, 2048, 2049, 2048]","[2048, 2048, 2049, 2049, 2049]",70.0
1220,9173,81,4,2023-09-24T05:11:39.385000+00:00,58.821,66.024,48.342,219.0,95.0,False,173.187,"[None, 2048, 2048, 2048, 2048, 2048, 2048, 2048, 2048]","[2048, 2048, 2048, 2048, 2048, 2048, 2048, 2048, 2048, 2048, 2048]","[2048, 2048, 2049, 2049, 2051]",70.0
1220,9173,16,4,2023-09-24T05:11:41.682000+00:00,57.96,66.148,47.297,228.0,84.0,False,171.405,"[None, 2048, 2048, 2048, 2048, 2048, 2048, 2048, 2048]","[2048, 2048, 2048, 2048, 2048, 2048, 2048, 2048, 2048, 2049, 2048]","[2048, 2048, 2049, 2049, 2049]",75.0
1220,9173,55,4,2023-09-24T05:11:43.229000+00:00,57.545,65.916,46.825,224.0,97.0,False,170.286,"[None, 2048, 2048, 2048, 2048, 2048, 2048, 2048, 2048]","[2048, 2048, 2048, 2048, 2048, 2048, 2048, 2048, 2048, 2048, 2048]","[2048, 2048, 2049, 2049, 2051]",75.0
1220,9173,14,4,2023-09-24T05:11:44.744000+00:00,58.553,64.875,45.544,224.0,77.0,False,168.972,"[None, 2048, 2048, 2048, 2048, 2048, 2048, 2048, 2048]","[2048, 2048, 2048, 2048, 2048, 2048, 2048, 2048, 2048, 2048, 2048]","[2048, 2048, 2051, 2051, 2051]",73.0
1220,9173,44,4,2023-09-24T05:11:46.932000+00:00,58.294,63.642,45.66,201.0,82.0,False,167.596,"[2049, 2048, 2048, 2048, 2048, 2049, 2048, 2048, 2048]","[2048, 2048, 2048, 2048, 2048, 2048, 2048, 2048, 2048, 2049, 2048]","[2048, 2048, 2049, 2049, 2049]",71.0
1220,9173,63,4,2023-09-24T05:11:47.978000+00:00,58.471,63.72,44.856,183.0,80.0,False,167.047,"[None, 2048, 2048, 2048, 2048, 2048, 2048, 2048, 2048]","[2048, 2048, 2048, 2048, 2048, 2048, 2048, 2048, 2048, 2049, 2048]","[2048, 2048, 2049, 2049, 2049]",69.0
1220,9173,40,4,2023-09-24T05:11:50.447000+00:00,57.611,63.312,44.137,192.0,105.0,False,165.06,"[None, 2048, 2048, 2048, 2048, 2049, 2048, 2048, 2048]","[2048, 2048, 2048, 2048, 2048, 2048, 2048, 2048, 2049, 2049, 2048]","[2048, 2048, 2049, 2049, 2049]",68.0
1220,9173,22,4,2023-09-24T05:11:52.728000+00:00,57.594,62.831,42.812,150.0,98.0,False,163.237,"[None, 2048, 2048, 2048, 2048, 2048, 2048, 2048, 2048]","[2048, 2048, 2048, 2048, 2048, 2048, 2048, 2048, 2049, 2049, 2048]","[2048, 2048, 2049, 2049, 2049]",70.0
1220,9173,18,4,2023-09-24T05:11:55.306000+00:00,56.428,62.062,42.766,130.0,87.0,False,161.256,"[None, 2048, 2048, 2048, 2048, 2048, 2048, 2048, 2048]","[2048, 2048, 2048, 2048, 2048, 2048, 2048, 2048, 2049, 2049, 2048]","[2048, 2048, 2049, 2049, 2049]",68.0
1220,9173,27,4,2023-09-24T05:11:57.056000+00:00,55.773,61.842,42.221,112.0,88.0,False,159.836,"[2048, 2048, 2048, 2048, 2048, 2048, 2048, 2048, 2048]","[2048, 2048, 2048, 2048, 2048, 2048, 2048, 2048, 2049, 2049, 2048]","[2048, 2048, 2051, 2049, 2049]",62.0
1220,9173,10,4,2023-09-24T05:11:58.385000+00:00,55.196,61.698,42.35,132.0,89.0,False,159.244,"[2048, 2048, 2048, 2048, 2048, 2049, 2048, 2048, 2048]","[2048, 2048, 2048, 2048, 2048, 2048, 2048, 2048, 2049, 2049, 2048]","[2048, 2048, 2049, 2049, 2049]",56.0
1220,9173,20,4,2023-09-24T05:12:00.010000+00:00,54.832,63.204,40.173,130.0,103.0,False,158.209,"[2048, 2048, 2048, 2048, 2048, 2048, 2048, 2048, 2048]","[2048, 2048, 2048, 2048, 2048, 2048, 2048, 2048, 2049, 2049, 2048]","[2048, 2048, 2049, 2049, 2049]",56.0
1220,9173,31,4,2023-09-24T05:12:00.900000+00:00,55.052,63.005,40.015,116.0,102.0,False,158.072,"[2048, 2048, 2048, 2049, 2049, 2049, 2048, 2048, 2048]","[2048, 2048, 2048, 2048, 2048, 2048, 2048, 2048, 2048, 2048, 2048]","[2048, 2048, 2049, 2049, 2049]",56.0
1220,9173,24,4,2023-09-24T05:12:02.306000+00:00,54.838,62.36,39.616,116.0,97.0,False,156.814,"[2048, 2048, 2049, 2048, 2049, 2049, 2049, 2048, 2048]","[2048, 2048, 2048, 2048, 2048, 2048, 2048, 2048, 2048, 2048, 2048]","[2048, 2048, 2049, 2049]",57.0
1220,9173,23,4,2023-09-24T05:12:03.369000+00:00,54.786,61.908,39.613,140.0,98.0,False,156.307,"[2048, 2048, 2048, 2049, 2049, 2049, 2048, 2048, 2048]","[2048, 2049, 2048, 2048, 2048, 2048, 2048, 2048, 2048, 2048, 2048]","[2048, 2048, 2049, 2049, 2049]",57.0
1220,9173,11,4,2023-09-24T05:12:04.916000+00:00,54.276,61.984,39.265,133.0,101.0,False,155.525,"[2048, 2048, 2048, 2048, 2048, 2049, 2049, 2048, 2048]","[2048, 2048, 2048, 2048, 2048, 2048, 2048, 2048, 2048, 2048, 2048]","[2048, 2048, 2049, 2049, 2049]",61.0
1220,9173,2,4,2023-09-24T05:12:05.978000+00:00,54.47,61.658,38.962,182.0,102.0,False,155.09,"[2048, 2048, 2048, 2048, 2048, 2049, 2049, 2048, 2048]","[2048, 2048, 2048, 2048, 2048, 2048, 2048, 2049, 2049, 2049, 2048]","[2048, 2048, 2049, 2049, 2049]",62.0
1220,9173,77,4,2023-09-24T05:12:08.462000+00:00,53.577,61.454,37.793,177.0,108.0,False,152.824,"[2048, 2048, 2048, 2048, 2048, 2048, 2048, 2048, 2048]","[2048, 2048, 2048, 2048, 2048, 2048, 2048, 2048, 2048, 2048, 2048]","[2048, 2048, 2049, 2049, 0]",62.0
1220,9173,1,5,2023-09-24T05:14:31.241000+00:00,34.9,42.96,18.888,276.0,294.0,False,96.748,"[2049, 2049, 2051, 2051, 2051, 2051, 2051, 2048, 2048]","[2048, 2048, 2049, 2048, 2049, 2049, 2049, 2051, 2051, 2049, 2049]","[2049, 2049, 2051, 2048]",286.0
1220,9173,4,5,2023-09-24T05:14:32.007000+00:00,35.358,43.164,19.138,274.0,297.0,False,97.66,"[2049, 2049, 2049, 2049, 2049, 2049, 2049, 2049, 2049]","[2049, 2049, 2049, 2049, 2049, 2049, 2049, 2049, 2048, 2049, 2049]","[2049, 2049, 2049, 2048, 2049]",289.0
1220,9173,81,5,2023-09-24T05:14:32.616000+00:00,35.721,43.657,19.298,275.0,300.0,False,98.676,"[2049, 2049, 2049, 2049, 2049, 2049, 2049, 2049, 2048]","[2049, 2049, 2049, 2049, 2049, 2049, 2048, 2049, 2049, 2049, 2049]","[2049, 2049, 2049, 2048, 2048]",288.0
1220,9173,16,5,2023-09-24T05:14:33.069000+00:00,35.991,43.804,19.01,276.0,298.0,False,98.805,"[2049, 2049, 2049, 2049, 2049, 2049, 2049, 2049, 2049]","[2049, 2049, 2049, 2048, 2049, 2049, 2049, 2049, 2049, 2049, 2049]","[2049, 2049, 2049, 2048, 2048]",300.0
1220,9173,55,5,2023-09-24T05:14:33.522000+00:00,36.189,43.792,18.981,276.0,298.0,False,98.962,"[2049, 2049, 2049, 2049, 2049, 2049, 2049, 2049, 2048]","[2049, 2049, 2051, 2048, 2049, 2049, 2049, 2049, 2049, 2049, 2049]","[2049, 2049, 2049, 2048, 2048]",301.0
1220,9173,14,5,2023-09-24T05:14:33.772000+00:00,36.254,44.078,19.176,273.0,296.0,False,99.508,"[2049, 2049, 2049, 2049, 2049, 2049, 2049, 2049, 2049]","[2049, 2049, 2049, 2048, 2049, 2049, 2049, 2049, 2049, 2049, 2049]","[2049, 2049, 2049, 2048, 2048]",299.0
1220,9173,44,5,2023-09-24T05:14:34.554000+00:00,36.342,43.921,19.913,274.0,297.0,False,100.176,"[None, 2049, 2049, 2049, 2049, 2049, 2049, 2049, 2048]","[2049, 2049, 2049, 2049, 2049, 2049, 2049, 2049, 2049, 2049, 2049]","[2049, 2049, 2048, 2048]",300.0
1220,9173,63,5,2023-09-24T05:14:35.085000+00:00,36.058,43.849,19.558,280.0,304.0,False,99.465,"[None, 2049, 2049, 2049, 2049, 2049, 2049, 2049, 2051]","[2049, 2049, 2049, 2048, 2049, 2048, 2049, 2049, 2049, 2049, 2049]","[2049, 2051, 2048, 2048]",301.0
1220,9173,40,5,2023-09-24T05:14:35.585000+00:00,36.379,43.964,19.129,275.0,296.0,False,99.472,"[None, 2049, 2049, 2049, 2049, 2049, 2049, 2049, 2048]","[2049, 2049, 2049, 2048, 2049, 2049, 2049, 2049, 2049, 2049, 2049]","[2049, 2049, 2049, 2049, 2049]",297.0
1220,9173,22,5,2023-09-24T05:14:36.100000+00:00,36.72,44.408,19.257,274.0,295.0,False,100.385,"[None, 2049, 2049, 2049, 2049, 2049, 2049, 2049, 2049]","[2049, 2049, 2048, 2049, 2048, 2048, 2048, 2049, 2049, 2049, 2049]","[2049, 2049, 2049, 2048]",299.0
1220,9173,18,5,2023-09-24T05:14:36.710000+00:00,36.486,44.54,19.353,273.0,297.0,False,100.379,"[None, 2049, 2049, 2049, 2049, 2049, 2049, 2049, 2049]","[2049, 2049, 2049, 2048, 2049, 2049, 2048, 2049, 2049, 2049, 2049]","[2049, 2049, 2049, 2048]",301.0
1220,9173,27,5,2023-09-24T05:14:37.007000+00:00,36.65,44.619,19.283,277.0,301.0,False,100.552,"[2049, 2049, 2049, 2049, 2049, 2049, 2049, 2049, 2049]","[2049, 2049, 2049, 2049, 2049, 2049, 2048, 2049, 2049, 2049, 2049]","[2049, 2049, 2048, 2048, 2048]",302.0
1220,9173,10,5,2023-09-24T05:14:37.788000+00:00,36.665,44.34,19.265,279.0,302.0,False,100.27,"[2049, 2049, 2049, 2049, 2049, 2049, 2049, 2049, 2049]","[2049, 2049, 2049, 2048, 2048, 2048, 2048, 2049, 2049, 2049, 2049]","[2049, 2049, 2049, 2048, 2049]",301.0
1220,9173,20,5,2023-09-24T05:14:38.616000+00:00,36.604,44.397,19.347,274.0,301.0,False,100.348,"[2049, 2049, 2049, 2049, 2049, 2049, 2049, 2049, 2049]","[2049, 2049, 2049, 2049, 2049, 2049, 2049, 2049, 2049, 2049, 2049]","[2051, 2049, 2049, 2048, 2048]",304.0
1220,9173,31,5,2023-09-24T05:14:39.132000+00:00,36.282,44.389,19.345,268.0,303.0,False,100.016,"[2049, 2049, 2049, 2049, 2049, 2049, 2049, 2049, 2049]","[2049, 2049, 2049, 2048, 2049, 2049, 2049, 2048, 2049, 2049, 2049]","[2049, 2049, 2049, 2049, 2049]",298.0
1220,9173,24,5,2023-09-24T05:14:39.257000+00:00,36.47,44.567,19.17,272.0,299.0,False,100.207,"[2049, 2049, 2049, 2049, 2049, 2049, 2049, 2049, 2049]","[2049, 2049, 2049, 2048, 2049, 2049, 2049, 2049, 2049, 2049, 2049]","[2049, 2049, 2049, 2049]",302.0
1220,9173,23,5,2023-09-24T05:14:39.819000+00:00,36.376,44.831,20.229,277.0,304.0,False,101.436,"[2049, 2049, 2049, 2049, 2049, 2049, 2049, 2049, 2049]","[2049, 2049, 2049, 2049, 2049, 2051, 2051, 2049, 2048, 2049, 2049]","[2049, 2049, 2048, 2048, 2048]",263.0
1220,9173,11,5,2023-09-24T05:14:40.444000+00:00,36.125,44.595,19.265,278.0,309.0,False,99.985,"[2049, 2049, 2049, 2049, 2049, 2049, 2048, 2049, 2049]","[2049, 2049, 2049, 2048, 2048, 2049, 2049, 2048, 2049, 2051, 2051]","[2049, 2049, 2049, 2049]",294.0
1220,9173,2,5,2023-09-24T05:14:41.147000+00:00,35.973,46.71,22.278,280.0,303.0,False,104.961,"[2049, 2049, 2049, 2048, 2049, 2049, 2049, 2049, 2049]","[2049, 2049, 2049, 2048, 2048, 2048, 2049, 2049, 2049, 2049, 2049]","[2049, 2049, 2049, 2064, 2064]",260.0
1220,9173,77,5,2023-09-24T05:14:41.288000+00:00,36.181,66.534,20.04,275.0,292.0,False,122.755,"[2051, 2051, 2049, 2049, 2049, 2049, 2049, 2049, 2049]","[2049, 2049, 2049, 2048, 2049, 2049, 2049, 2048, 2049, 2049, 2049]","[2049, 2049, 2049, 2048, 2048]",251.0
1220,9173,1,6,2023-09-24T05:16:07.927000+00:00,35.176,43.659,19.002,274.0,295.0,False,97.837,"[None, 2049, 2048, 2051, 2048, 2048, 2051, 2048, 2048]","[2048, 2048, 2048, 2048, 2048, 2048, 2048, 2048, 2048, 2048, 2049]","[2048, 2048, 2048, 2048, 2048]",285.0
1220,9173,4,6,2023-09-24T05:16:09.630000+00:00,35.531,43.573,19.054,276.0,299.0,False,98.158,"[None, 2048, 2048, 2049, 2048, 2048, 2048, 2048, 2049]","[2049, 2048, 2048, 2048, 2048, 2048, 2049, 2048, 2048, 2049, 2049]","[2049, 2049, 2048, 2048, 2049]",293.0
1220,9173,81,6,2023-09-24T05:16:11.271000+00:00,35.897,43.503,19.42,276.0,300.0,False,98.82,"[2048, 2048, 2049, 2049, 2048, 2048, 2049, 2048, 2049]","[2049, 2049, 2049, 2048, 2049, 2049, 2048, 2049, 2049, 2048, 2049]","[2048, 2048, 2048, 2048, 2048]",285.0
1220,9173,16,6,2023-09-24T05:16:11.927000+00:00,35.945,43.957,19.022,275.0,298.0,False,98.924,"[2048, 2048, 2048, 2048, 2048, 2049, 2049, 2049, 2048]","[2049, 2048, 2048, 2048, 2048, 2048, 2048, 2048, 2048, 2049, 2049]","[2049, 2049, 2048, 2048, 2048]",299.0
1220,9173,55,6,2023-09-24T05:16:12.521000+00:00,36.036,44.081,19.053,273.0,298.0,False,99.17,"[2048, 2048, 2049, 2048, 2049, 2049, 2049, 2048, 2048]","[2049, 2048, 2048, 2048, 2048, 2048, 2048, 2048, 2049, 2048, 2049]","[2049, 2048, 2048, 2048, 2048]",301.0
1220,9173,14,6,2023-09-24T05:16:13.239000+00:00,36.354,44.111,19.023,267.0,296.0,False,99.488,"[2048, 2048, 2049, 2049, 2048, 2048, 2048, 2048, 2048]","[2049, 2048, 2048, 2048, 2048, 2048, 2048, 2048, 2049, 2048, 2048]","[2048, 2049, 2049, 2048, 2048]",297.0
1220,9173,63,6,2023-09-24T05:16:14.474000+00:00,36.514,43.996,19.008,272.0,300.0,False,99.518,"[2048, 2048, 2048, 2048, 2048, 2049, 2048, 2048, 2048]","[2049, 2048, 2048, 2048, 2048, 2048, 2048, 2049, 2048, 2048, 2048]","[2048, 2048, 2049, 2049, 2048]",301.0
1220,9173,44,6,2023-09-24T05:16:14.724000+00:00,35.682,44.049,19.055,,299.0,False,98.786,"[None, 2049, 2049, 2048, 2049, 2049, 2049, 2049, 2048]","[2048, 2048, 2048, 2049, 2048, 2048, 2048, 2049, 2049, 2048, 2049]","[2049, 2048, 2049, 2048]",298.0
1220,9173,40,6,2023-09-24T05:16:15.067000+00:00,36.685,44.196,19.044,272.0,297.0,False,99.925,"[None, 2049, 2048, 2048, 2048, 2048, 2048, 2049, 2048]","[2049, 2048, 2048, 2048, 2048, 2048, 2048, 2048, 2049, 2049, 2049]","[2049, 2049, 2048, 2048, 2048]",298.0
1220,9173,22,6,2023-09-24T05:16:16.474000+00:00,36.466,44.34,19.16,270.0,296.0,False,99.966,"[2048, 2048, 2049, 2049, 2049, 2049, 2049, 2049, 2048]","[2049, 2049, 2048, 2048, 2048, 2048, 2048, 2049, 2049, 2049, 2049]","[2049, 2049, 2049, 2048, 2048]",299.0
1220,9173,18,6,2023-09-24T05:16:17.083000+00:00,36.276,44.367,19.206,266.0,300.0,False,99.849,"[2048, 2049, 2048, 2049, 2049, 2049, 2048, 2049, 2048]","[2048, 2049, 2049, 2048, 2049, 2049, 2048, 2049, 2048, 2049, 2049]","[2049, 2048, 2049, 2048]",297.0
1220,9173,27,6,2023-09-24T05:16:17.552000+00:00,36.195,44.716,19.203,276.0,301.0,False,100.114,"[2048, 2049, 2049, 2048, 2048, 2049, 2049, 2049, 2048]","[2048, 2049, 2049, 2048, 2048, 2048, 2048, 2049, 2049, 2048, 2049]","[2049, 2049, 2049, 2048, 2048]",302.0
1220,9173,10,6,2023-09-24T05:16:18.021000+00:00,36.531,44.56,19.193,270.0,302.0,False,100.284,"[None, 2048, 2049, 2049, 2048, 2048, 2049, 2049, 2048]","[2048, 2048, 2048, 2048, 2048, 2048, 2048, 2049, 2049, 2049, 2049]","[2049, 2049, 2049, 2048, 2048]",300.0
1220,9173,20,6,2023-09-24T05:16:18.677000+00:00,36.581,44.482,19.304,269.0,301.0,False,100.367,"[None, 2048, 2048, 2048, 2048, 2048, 2049, 2049, 2048]","[2049, 2048, 2048, 2048, 2048, 2048, 2048, 2049, 2049, 2048, 2049]","[2048, 2049, 2049, 2048, 2048]",300.0
1220,9173,31,6,2023-09-24T05:16:19.130000+00:00,36.63,44.498,19.35,270.0,305.0,False,100.478,"[None, 2049, 2048, 2048, 2048, 2048, 2048, 2048, 2049]","[2049, 2048, 2048, 2048, 2048, 2048, 2048, 2049, 2048, 2049, 2049]","[2049, 2048, 2048, 2048]",301.0
1220,9173,24,6,2023-09-24T05:16:19.458000+00:00,36.732,45.094,19.511,262.0,297.0,False,101.337,"[2048, 2048, 2049, 2048, 2048, 2048, 2049, 2048, 2048]","[2049, 2048, 2048, 2048, 2048, 2048, 2048, 2049, 2048, 2048, 2048]","[2048, 2049, 2048, 2048]",288.0
1220,9173,11,6,2023-09-24T05:16:20.349000+00:00,36.123,45.08,19.556,277.0,304.0,False,100.759,"[2048, 2048, 2049, 2049, 2049, 2048, 2048, 2048, 2048]","[2048, 2048, 2048, 2048, 2048, 2048, 2048, 2048, 2048, 2048, 2048]","[2051, 2048, 2048, 2049]",309.0
1220,9173,23,6,2023-09-24T05:16:21.270000+00:00,36.694,44.862,19.717,269.0,305.0,False,101.273,"[None, 2048, 2048, 2049, 2048, 2049, 2049, 2048, 2048]","[2048, 2048, 2048, 2049, 2048, 2048, 2048, 2049, 2049, 2048, 2049]","[2048, 2049, 2049, 2048]",281.0
1220,9173,2,6,2023-09-24T05:16:25.989000+00:00,76.65,43.93,18.862,276.0,301.0,True,139.442,"[2064, 2064, 2048, 2049, 2049, 2049, 2049, 2049, 2048]","[2049, 2049, 2049, 2048, 2049, 2048, 2048, 2049, 2049, 2049, 2048]","[2049, 2049, 2049, 2048, 2048]",295.0
1220,9173,77,6,2023-09-24T05:16:44.051000+00:00,37.907,45.889,23.056,258.0,292.0,False,106.852,"[2048, 2048, 2048, 2049, 2048, 2048, 2048, 2048, 2048]","[2048, 2048, 2048, 2048, 2049, 2049, 2049, 2048, 2048, 2048, 2048]","[2049, 2048, 2048, 2064, 2064]",250.0
1220,9173,1,7,2023-09-24T05:17:45.847000+00:00,35.395,43.518,19.12,277.0,296.0,False,98.033,"[None, 2049, 2048, 2048, 2048, 2048, 2048, 2048, 2048]","[2048, 2048, 2048, 2048, 2048, 2048, 2048, 2048, 2048, 2048, 2049]","[2048, 2048, 2048, 2048, 2048]",283.0
1220,9173,4,7,2023-09-24T05:17:47.769000+00:00,35.661,43.761,18.972,,299.0,False,98.394,"[2048, 2048, 2048, 2048, 2048, 2049, 2048, 2048, 2049]","[2048, 2048, 2049, 2048, 2048, 2049, 2048, 2048, 2048, 2048, 2048]","[2049, 2049, 2049, 2048, 2049]",293.0
1220,9173,81,7,2023-09-24T05:17:50.081000+00:00,35.765,43.908,19.114,278.0,300.0,False,98.787,"[None, 2048, 2049, 2048, 2048, 2049, 2048, 2048, 2049]","[2048, 2048, 2051, 2048, 2048, 2048, 2048, 2048, 2048, 2048, 2048]","[2049, 2049, 2049, 2048]",295.0
1220,9173,16,7,2023-09-24T05:17:50.816000+00:00,36.044,44.165,18.884,274.0,299.0,False,99.093,"[None, 2048, 2048, 2048, 2049, 2049, 2048, 2048, 2048]","[2048, 2048, 2048, 2048, 2048, 2048, 2048, 2049, 2048, 2048, 2049]","[2049, 2049, 2049, 2048, 2048]",298.0
1220,9173,55,7,2023-09-24T05:17:51.659000+00:00,36.116,44.088,18.985,272.0,299.0,False,99.189,"[None, 2048, 2049, 2048, 2048, 2049, 2048, 2049, 2048]","[2049, 2048, 2048, 2048, 2048, 2048, 2048, 2048, 2048, 2049, 2049]","[2049, 2049, 2048, 2048]",303.0
1220,9173,14,7,2023-09-24T05:17:52.691000+00:00,36.104,43.934,19.1,271.0,298.0,False,99.138,"[None, 2048, 2049, 2049, 2049, 2049, 2048, 2048, 2048]","[2049, 2048, 2048, 2048, 2048, 2048, 2049, 2049, 2048, 2049, 2049]","[2049, 2048, 2048, 2048, 2048]",299.0
1220,9173,44,7,2023-09-24T05:17:53.378000+00:00,36.204,43.941,19.129,271.0,299.0,False,99.274,"[2048, 2048, 2048, 2048, 2048, 2048, 2048, 2048, 2048]","[2049, 2048, 2048, 2048, 2048, 2048, 2048, 2048, 2049, 2049, 2049]","[2048, 2048, 2048, 2048, 2049]",293.0
1220,9173,63,7,2023-09-24T05:17:54.066000+00:00,36.591,44.038,18.953,274.0,299.0,False,99.582,"[2049, 2048, 2048, 2048, 2048, 2048, 2048, 2048, 2048]","[2048, 2048, 2048, 2048, 2048, 2048, 2048, 2049, 2048, 2048, 2048]","[2048, 2048, 2049, 2048]",301.0
1220,9173,40,7,2023-09-24T05:17:54.972000+00:00,36.624,44.231,19.094,273.0,296.0,False,99.949,"[2048, 2048, 2049, 2048, 2048, 2048, 2048, 2048, 2048]","[2049, 2048, 2048, 2048, 2048, 2048, 2048, 2049, 2048, 2048, 2048]","[2048, 2048, 2048, 2048, 2048]",298.0
1220,9173,22,7,2023-09-24T05:17:56.456000+00:00,36.672,44.345,18.924,268.0,296.0,False,99.941,"[None, 2048, 2048, 2048, 2048, 2049, 2049, 2048, 2048]","[2048, 2048, 2048, 2048, 2048, 2048, 2048, 2048, 2048, 2048, 2049]","[2048, 2049, 2049, 2048, 2048]",299.0
1220,9173,18,7,2023-09-24T05:17:56.956000+00:00,36.486,44.493,19.073,263.0,301.0,False,100.052,"[None, 2049, 2048, 2048, 2048, 2048, 2049, 2048, 2048]","[2048, 2048, 2048, 2048, 2048, 2048, 2049, 2049, 2048, 2049, 2049]","[2049, 2049, 2048, 2048, 2048]",304.0
1220,9173,27,7,2023-09-24T05:17:57.675000+00:00,36.685,44.563,18.961,272.0,301.0,False,100.209,"[None, 2048, 2049, 2048, 2048, 2048, 2048, 2048, 2048]","[2049, 2048, 2048, 2048, 2048, 2048, 2048, 2049, 2048, 2048, 2048]","[2049, 2049, 2049, 2048, 2048]",305.0
1220,9173,10,7,2023-09-24T05:17:58.300000+00:00,36.815,44.23,19.109,266.0,304.0,False,100.154,"[2048, 2048, 2049, 2049, 2049, 2048, 2048, 2048, 2048]","[2049, 2048, 2049, 2048, 2049, 2049, 2048, 2049, 2049, 2049, 2049]","[2049, 2049, 2048, 2048, 2048]",308.0
1220,9173,20,7,2023-09-24T05:17:59.003000+00:00,36.754,44.562,19.255,270.0,302.0,False,100.571,"[2048, 2048, 2049, 2048, 2048, 2049, 2048, 2048, 2048]","[2049, 2048, 2048, 2048, 2048, 2048, 2048, 2049, 2048, 2048, 2049]","[2048, 2049, 2049, 2048, 2048]",299.0
1220,9173,31,7,2023-09-24T05:17:59.597000+00:00,36.601,44.651,19.283,,305.0,False,100.535,"[2048, 2048, 2048, 2048, 2048, 2048, 2048, 2048, 2049]","[2049, 2048, 2048, 2048, 2048, 2049, 2048, 2049, 2048, 2048, 2049]","[2051, 2049, 2048, 2048, 2049]",306.0
1220,9173,24,7,2023-09-24T05:18:00.816000+00:00,36.373,44.822,19.833,266.0,299.0,False,101.028,"[None, 2048, 2049, 2048, 2048, 2049, 2049, 2049, 2048]","[2049, 2048, 2048, 2048, 2048, 2048, 2048, 2049, 2048, 2048, 2048]","[2048, 2048, 2048, 2048]",293.0
1220,9173,11,7,2023-09-24T05:18:01.175000+00:00,36.644,44.415,19.075,273.0,306.0,False,100.134,"[None, 2048, 2048, 2048, 2048, 2048, 2048, 2048, 2048]","[2049, 2049, 2048, 2048, 2049, 2049, 2048, 2049, 2048, 2048, 2048]","[2049, 2049, 2048, 2048, 2049]",306.0
1220,9173,23,7,2023-09-24T05:18:02.519000+00:00,36.727,44.747,19.43,271.0,305.0,False,100.904,"[2048, 2048, 2049, 2048, 2048, 2049, 2048, 2048, 2048]","[2049, 2048, 2049, 2048, 2048, 2048, 2048, 2049, 2048, 2048, 2049]","[2049, 2049, 2049, 2048, 2048]",289.0
1220,9173,77,7,2023-09-24T05:18:30.768000+00:00,87.293,47.108,23.876,262.0,216.0,True,158.277,"[2064, 2064, 2048, 2048, 2049, 2049, 2048, 2048, 2048]","[2048, 2048, 2048, 2048, 2048, 2048, 2049, 2049, 2049, 2048, 2048]","[2048, 2049, 2048, 2064, 2064]",246.0
1220,9173,2,7,2023-09-24T05:18:45.487000+00:00,35.655,44.089,19.104,277.0,300.0,False,98.848,"[2048, 2048, 2048, 2049, 2049, 2049, 2048, 2049, 2048]","[2049, 2049, 2048, 2048, 2048, 2048, 2048, 2049, 2048, 2049, 2048]","[2048, 2048, 2048, 2048]",294.0
1220,9173,1,8,2023-09-24T05:19:23.845000+00:00,35.547,43.697,18.904,,295.0,False,98.148,"[None, 2049, 2048, 2048, 2048, 2048, 2048, 2048, 2048]","[2048, 2048, 2048, 2048, 2048, 2048, 2048, 2048, 2048, 2048, 2048]","[2049, 2049, 2048, 2048, 2048]",288.0
1220,9173,4,8,2023-09-24T05:19:26.205000+00:00,35.648,43.861,18.997,273.0,299.0,False,98.506,"[2049, 2048, 2049, 2048, 2048, 2048, 2048, 2048, 2048]","[2048, 2048, 2048, 2048, 2048, 2048, 2048, 2048, 2048, 2048, 2049]","[2049, 2049, 2048, 2048, 2048]",296.0
1220,9173,81,8,2023-09-24T05:19:28.892000+00:00,35.736,43.924,19.216,275.0,300.0,False,98.876,"[None, 2048, 2049, 2048, 2049, 2049, 2048, 2048, 2048]","[2049, 2048, 2048, 2048, 2048, 2048, 2049, 2048, 2048, 2048, 2048]","[2048, 2048, 2048, 2048, 2048]",293.0
1220,9173,16,8,2023-09-24T05:19:29.892000+00:00,35.928,44.195,18.963,272.0,298.0,False,99.086,"[None, 2048, 2049, 2049, 2049, 2049, 2048, 2048, 2048]","[2049, 2048, 2048, 2048, 2048, 2048, 2048, 2048, 2048, 2048, 2048]","[2049, 2048, 2048, 2048, 2048]",299.0
1220,9173,55,8,2023-09-24T05:19:30.814000+00:00,36.003,44.181,18.924,,299.0,False,99.108,"[2049, 2049, 2048, 2048, 2049, 2048, 2048, 2048, 2048]","[2049, 2048, 2048, 2048, 2048, 2048, 2048, 2049, 2048, 2048, 2048]","[2049, 2049, 2048, 2048]",302.0
1220,9173,14,8,2023-09-24T05:19:31.845000+00:00,35.856,44.199,19.095,272.0,298.0,False,99.15,"[2049, 2049, 2049, 2048, 2048, 2048, 2048, 2048, 2048]","[2048, 2048, 2048, 2048, 2048, 2048, 2049, 2048, 2048, 2049, 2048]","[2049, 2049, 2048, 2048, 2048]",299.0
1220,9173,44,8,2023-09-24T05:19:32.767000+00:00,35.81,44.17,19.097,275.0,298.0,False,99.077,"[2049, 2049, 2048, 2048, 2048, 2048, 2048, 2049, 2049]","[2048, 2048, 2048, 2048, 2048, 2048, 2048, 2048, 2048, 2049, 2048]","[2048, 2048, 2049, 2048, 2049]",292.0
1220,9173,63,8,2023-09-24T05:19:33.673000+00:00,36.361,44.261,19.05,,298.0,False,99.672,"[None, 2049, 2048, 2048, 2048, 2049, 2048, 2048, 2048]","[2048, 2048, 2048, 2048, 2048, 2048, 2048, 2049, 2048, 2048, 2048]","[2048, 2048, 2049, 2048, 2048]",293.0
1220,9173,40,8,2023-09-24T05:19:34.955000+00:00,36.446,44.27,19.095,269.0,296.0,False,99.811,"[None, 2048, 2049, 2049, 2049, 2048, 2048, 2048, 2048]","[2049, 2048, 2048, 2048, 2048, 2048, 2048, 2048, 2048, 2048, 2048]","[2048, 2048, 2048, 2048, 2048]",300.0
1220,9173,22,8,2023-09-24T05:19:36.392000+00:00,36.474,44.479,19.162,270.0,296.0,False,100.115,"[None, 2048, 2049, 2048, 2048, 2048, 2048, 2048, 2048]","[2048, 2048, 2048, 2048, 2048, 2048, 2048, 2049, 2048, 2048, 2048]","[2049, 2048, 2048, 2048]",300.0
1220,9173,18,8,2023-09-24T05:19:36.955000+00:00,36.528,44.4,19.213,269.0,300.0,False,100.141,"[2049, 2049, 2048, 2048, 2048, 2048, 2048, 2048, 2048]","[2049, 2048, 2048, 2048, 2048, 2049, 2048, 2048, 2048, 2048, 2048]","[2048, 2048, 2048, 2048, 2049]",305.0
1220,9173,27,8,2023-09-24T05:19:37.861000+00:00,36.602,44.497,21.402,271.0,301.0,False,102.501,"[2051, 2049, 2049, 2048, 2048, 2048, 2048, 2048, 2048]","[2048, 2049, 2048, 2048, 2048, 2048, 2048, 2048, 2048, 2048, 2048]","[2048, 2048, 2048, 2064, 2064]",297.0
1220,9173,10,8,2023-09-24T05:19:38.439000+00:00,36.517,44.627,19.112,269.0,302.0,False,100.256,"[2049, 2049, 2049, 2048, 2048, 2048, 2048, 2048, 2048]","[2048, 2048, 2049, 2048, 2048, 2048, 2048, 2049, 2048, 2048, 2048]","[2048, 2049, 2049, 2048]",301.0
1220,9173,20,8,2023-09-24T05:19:39.595000+00:00,36.781,44.468,19.285,271.0,299.0,False,100.534,"[None, 2048, 2048, 2048, 2048, 2048, 2048, 2048, 2048]","[2049, 2048, 2048, 2048, 2048, 2048, 2048, 2048, 2048, 2048, 2048]","[2048, 2049, 2048, 2048]",301.0
1220,9173,31,8,2023-09-24T05:19:40.173000+00:00,36.508,44.459,19.434,272.0,304.0,False,100.401,"[2049, 2051, 2048, 2048, 2048, 2048, 2048, 2048, 2049]","[2048, 2048, 2049, 2048, 2049, 2048, 2049, 2049, 2049, 2049, 2049]","[2048, 2049, 2048, 2048]",303.0
1220,9173,11,8,2023-09-24T05:19:41.251000+00:00,35.974,44.497,19.233,268.0,303.0,False,99.704,"[2049, 2049, 2049, 2048, 2048, 2049, 2048, 2048, 2048]","[2048, 2048, 2049, 2048, 2048, 2048, 2048, 2049, 2049, 2048, 2048]","[2048, 2048, 2048, 2048, 2049]",301.0
1220,9173,24,8,2023-09-24T05:19:41.798000+00:00,36.508,44.868,19.353,267.0,297.0,False,100.729,"[None, 2049, 2049, 2048, 2048, 2048, 2048, 2048, 2048]","[2048, 2048, 2048, 2048, 2048, 2048, 2048, 2049, 2048, 2048, 2048]","[2048, 2049, 2048, 2048]",296.0
1220,9173,23,8,2023-09-24T05:19:43.470000+00:00,36.71,45.048,19.41,270.0,303.0,False,101.168,"[None, 2048, 2049, 2048, 2048, 2048, 2048, 2048, 2048]","[2049, 2048, 2048, 2048, 2048, 2048, 2048, 2048, 2048, 2048, 2048]","[2048, 2049, 2048, 2048, 2048]",287.0
1220,9173,2,8,2023-09-24T05:20:24.266000+00:00,35.996,44.379,19.346,276.0,300.0,False,99.721,"[None, 2048, 2048, 2048, 2048, 2048, 2048, 2048, 2048]","[2048, 2048, 2049, 2048, 2048, 2048, 2049, 2048, 2048, 2048, 2048]","[2048, 2048, 2048, 2048, 2048]",287.0
1220,9173,1,9,2023-09-24T05:21:02+00:00,35.535,43.764,18.942,275.0,296.0,False,98.241,"[2048, 2049, 2048, 2048, 2048, 2048, 2048, 2048, 2048]","[2048, 2048, 2048, 2048, 2048, 2048, 2048, 2048, 2048, 2048, 2048]","[2048, 2048, 2048, 2048, 2048]",285.0
1220,9173,4,9,2023-09-24T05:21:04.672000+00:00,35.555,43.866,19.157,274.0,299.0,False,98.578,"[2048, 2048, 2049, 2048, 2048, 2049, 2048, 2048, 2048]","[2049, 2048, 2049, 2048, 2048, 2048, 2049, 2048, 2048, 2048, 2048]","[2048, 2048, 2048, 2048, 2048]",287.0
1220,9173,81,9,2023-09-24T05:21:07.765000+00:00,35.992,44.003,19.155,277.0,299.0,False,99.15,"[None, 2048, 2048, 2048, 2048, 2048, 2048, 2048, 2048]","[2048, 2048, 2048, 2048, 2048, 2048, 2048, 2048, 2048, 2048, 2048]","[2048, 2048, 2049, 2048, 2048]",289.0
1220,9173,16,9,2023-09-24T05:21:09.031000+00:00,35.969,44.07,19.044,,298.0,False,99.083,"[None, 2048, 2049, 2049, 2048, 2048, 2048, 2048, 2048]","[2049, 2048, 2048, 2048, 2048, 2048, 2049, 2048, 2048, 2049, 2048]","[2048, 2048, 2048, 2048, 2048]",299.0
1220,9173,77,8,2023-09-24T05:21:09.156000+00:00,,,,,,False,,,,,
1220,9173,55,9,2023-09-24T05:21:09.953000+00:00,36.015,44.132,19.021,270.0,300.0,False,99.168,"[2048, 2048, 2049, 2048, 2048, 2048, 2048, 2048, 2048]","[2048, 2048, 2048, 2048, 2048, 2048, 2048, 2049, 2048, 2049, 2048]","[2049, 2049, 2048, 2048]",302.0
1220,9173,14,9,2023-09-24T05:21:11+00:00,35.916,44.798,19.17,,296.0,False,99.884,"[None, 2049, 2049, 2048, 2048, 2048, 2048, 2048, 2048]","[2048, 2048, 2048, 2048, 2048, 2048, 2048, 2048, 2048, 2048, 2048]","[2048, 2048, 2048, 2048, 2048]",297.0
1220,9173,44,9,2023-09-24T05:21:11.843000+00:00,35.924,44.579,19.203,274.0,300.0,False,99.706,"[None, 2049, 2048, 2048, 2048, 2048, 2048, 2048, 2048]","[2048, 2048, 2048, 2048, 2048, 2049, 2048, 2048, 2048, 2048, 2049]","[2048, 2048, 2048, 2048, 2049]",293.0
1220,9173,63,9,2023-09-24T05:21:13.359000+00:00,36.338,44.239,19.19,270.0,299.0,False,99.767,"[2048, 2048, 2049, 2048, 2048, 2049, 2048, 2048, 2048]","[2048, 2048, 2048, 2048, 2048, 2048, 2048, 2048, 2048, 2048, 2048]","[2048, 2048, 2048, 2048]",283.0
1220,9173,40,9,2023-09-24T05:21:14.718000+00:00,36.735,44.346,19.164,273.0,295.0,False,100.245,"[None, 2048, 2049, 2048, 2048, 2048, 2048, 2048, 2048]","[2048, 2048, 2048, 2048, 2048, 2048, 2048, 2049, 2048, 2048, 2048]","[2048, 2048, 2048, 2048]",297.0
1220,9173,22,9,2023-09-24T05:21:16.453000+00:00,36.529,44.429,21.438,271.0,296.0,False,102.396,"[None, 2048, 2049, 2048, 2049, 2049, 2048, 2048, 2048]","[2049, 2048, 2048, 2048, 2048, 2048, 2048, 2049, 2048, 2048, 2048]","[2049, 2048, 2048, 2064, 2064]",300.0
1220,9173,18,9,2023-09-24T05:21:17.093000+00:00,36.51,44.417,19.449,271.0,301.0,False,100.376,"[None, 2048, 2048, 2048, 2048, 2049, 2048, 2048, 2048]","[2049, 2048, 2048, 2048, 2048, 2049, 2049, 2048, 2049, 2048, 2048]","[2049, 2048, 2048, 2048]",306.0
1220,9173,10,9,2023-09-24T05:21:18.640000+00:00,36.321,44.516,19.123,268.0,300.0,False,99.96,"[2048, 2048, 2049, 2049, 2048, 2049, 2048, 2048, 2048]","[2048, 2048, 2048, 2048, 2048, 2048, 2048, 2048, 2049, 2048, 2048]","[2048, 2049, 2049, 2048, 2048]",298.0
1220,9173,20,9,2023-09-24T05:21:20.125000+00:00,36.882,44.202,19.234,268.0,299.0,False,100.318,"[None, 2049, 2048, 2048, 2048, 2048, 2048, 2048, 2048]","[2049, 2049, 2049, 2048, 2048, 2048, 2048, 2048, 2049, 2048, 2048]","[2048, 2048, 2049, 2048, 2048]",295.0
1220,9173,27,9,2023-09-24T05:21:20.328000+00:00,56.519,43.779,18.787,272.0,296.0,True,119.085,"[2064, 2064, 2048, 2048, 2048, 2048, 2048, 2048, 2048]","[2049, 2049, 2048, 2049, 2048, 2048, 2048, 2049, 2049, 2048, 2048]","[2048, 2048, 2049, 2048, 2048]",293.0
1220,9173,31,9,2023-09-24T05:21:20.500000+00:00,36.948,44.336,19.213,266.0,304.0,False,100.497,"[None, 2051, 2048, 2048, 2048, 2048, 2048, 2048, 2048]","[2049, 2048, 2048, 2048, 2048, 2048, 2048, 2049, 2048, 2048, 2048]","[2048, 2048, 2048, 2048]",303.0
1220,9173,11,9,2023-09-24T05:21:21.062000+00:00,36.936,44.353,19.177,263.0,303.0,False,100.466,"[2051, 2049, 2048, 2048, 2048, 2048, 2048, 2048, 2048]","[2048, 2048, 2049, 2048, 2049, 2048, 2048, 2049, 2049, 2048, 2048]","[2048, 2048, 2048, 2048]",304.0
1220,9173,24,9,2023-09-24T05:21:22.500000+00:00,36.438,45.085,19.392,,297.0,False,100.915,"[None, 2048, 2049, 2048, 2049, 2048, 2048, 2048, 2048]","[2048, 2048, 2048, 2048, 2048, 2048, 2048, 2049, 2048, 2048, 2048]","[2048, 2048, 2048, 2048, 2048]",292.0
1220,9173,23,9,2023-09-24T05:21:24.609000+00:00,36.753,44.742,19.269,,304.0,False,100.764,"[None, 2048, 2048, 2048, 2048, 2048, 2048, 2048, 2048]","[2048, 2049, 2048, 2048, 2048, 2048, 2048, 2048, 2048, 2048, 2048]","[2048, 2049, 2049, 2048]",287.0
1220,9173,2,9,2023-09-24T05:22:04.046000+00:00,36.406,44.53,19.381,275.0,301.0,False,100.317,"[None, 2048, 2048, 2048, 2048, 2048, 2048, 2048, 2048]","[2049, 2048, 2049, 2048, 2048, 2048, 2049, 2048, 2048, 2048, 2048]","[2048, 2048, 2048, 2048, 2048]",291.0
1220,9173,1,10,2023-09-24T05:22:40.233000+00:00,35.544,43.76,18.997,274.0,296.0,False,98.301,"[None, 2049, 2048, 2048, 2048, 2048, 2048, 2048, 2048]","[2048, 2048, 2048, 2048, 2048, 2048, 2048, 2048, 2048, 2048, 2048]","[2048, 2048, 2048, 2048, 2048]",285.0
1220,9173,4,10,2023-09-24T05:22:43.295000+00:00,35.912,43.832,19.268,277.0,299.0,False,99.012,"[None, 2049, 2048, 2048, 2048, 2048, 2048, 2048, 2049]","[2049, 2048, 2048, 2048, 2048, 2048, 2049, 2048, 2048, 2048, 2048]","[2048, 2048, 2048, 2048, 2049]",286.0
1220,9173,81,10,2023-09-24T05:22:46.889000+00:00,36.036,43.963,19.232,276.0,300.0,False,99.231,"[None, 2049, 2049, 2048, 2049, 2048, 2048, 2048, 2048]","[2049, 2048, 2048, 2048, 2048, 2048, 2048, 2048, 2048, 2048, 2048]","[2048, 2049, 2048, 2048, 2048]",289.0
1220,9173,16,10,2023-09-24T05:22:48.060000+00:00,36.064,44.211,19.035,274.0,300.0,False,99.31,"[None, 2048, 2048, 2048, 2049, 2048, 2048, 2048, 2048]","[2048, 2048, 2048, 2048, 2048, 2048, 2048, 2048, 2048, 2048, 2049]","[2049, 2049, 2048, 2048, 2048]",300.0
1220,9173,55,10,2023-09-24T05:22:49.123000+00:00,36.135,44.22,19.086,271.0,300.0,False,99.441,"[None, 2048, 2048, 2048, 2049, 2049, 2048, 2048, 2048]","[2049, 2048, 2048, 2048, 2048, 2048, 2048, 2048, 2048, 2048, 2048]","[2048, 2048, 2048, 2048, 2048]",297.0
1220,9173,14,10,2023-09-24T05:22:50.873000+00:00,36.276,44.287,19.134,271.0,297.0,False,99.697,"[2048, 2048, 2048, 2048, 2049, 2048, 2048, 2048, 2048]","[2048, 2048, 2049, 2048, 2048, 2048, 2048, 2048, 2048, 2048, 2048]","[2048, 2049, 2048, 2048]",297.0
1220,9173,44,10,2023-09-24T05:22:51.529000+00:00,36.382,44.431,19.139,276.0,300.0,False,99.952,"[2048, 2048, 2048, 2048, 2048, 2048, 2048, 2048, 2049]","[2048, 2048, 2048, 2048, 2048, 2048, 2048, 2048, 2048, 2048, 2049]","[2048, 2048, 2048, 2048, 2048]",292.0
1220,9173,63,10,2023-09-24T05:22:53.092000+00:00,36.356,44.345,19.193,274.0,300.0,False,99.894,"[None, 2048, 2049, 2048, 2048, 2048, 2048, 2048, 2048]","[2049, 2048, 2048, 2048, 2048, 2048, 2048, 2048, 2048, 2048, 2048]","[2048, 2048, 2048, 2048, 2048]",282.0
1220,9173,40,10,2023-09-24T05:22:54.982000+00:00,36.416,44.352,21.663,269.0,297.0,False,102.431,"[None, 2048, 2049, 2048, 2048, 2048, 2048, 2048, 2048]","[2049, 2048, 2048, 2048, 2048, 2048, 2048, 2048, 2048, 2048, 2048]","[2048, 2048, 2048, 2064, 2064]",295.0
1220,9173,18,10,2023-09-24T05:22:57.404000+00:00,36.11,44.384,19.335,269.0,299.0,False,99.829,"[2048, 2048, 2049, 2049, 2049, 2048, 2048, 2048, 2048]","[2048, 2048, 2048, 2048, 2048, 2048, 2048, 2049, 2049, 2048, 2048]","[2048, 2048, 2048, 2048, 2048]",301.0
1220,9173,10,10,2023-09-24T05:22:58.592000+00:00,36.662,44.493,19.093,267.0,301.0,False,100.248,"[None, 2048, 2048, 2049, 2048, 2048, 2048, 2048, 2048]","[2048, 2048, 2048, 2048, 2048, 2048, 2048, 2048, 2049, 2049, 2048]","[2048, 2049, 2048, 2048, 2048]",300.0
1220,9173,22,10,2023-09-24T05:22:58.889000+00:00,55.004,43.567,18.809,267.0,295.0,True,117.38,"[2064, 2064, 2048, 2049, 2049, 2049, 2049, 2049, 2048]","[2049, 2049, 2049, 2049, 2048, 2048, 2048, 2049, 2049, 2049, 2048]","[2048, 2049, 2049, 2048, 2048]",294.0
1220,9173,20,10,2023-09-24T05:23:00.513000+00:00,36.546,45.137,19.273,269.0,300.0,False,100.956,"[None, 2048, 2049, 2049, 2049, 2049, 2048, 2048, 2048]","[2048, 2048, 2048, 2048, 2048, 2048, 2048, 2048, 2048, 2048, 2048]","[2048, 2048, 2048, 2048]",302.0
1220,9173,31,10,2023-09-24T05:23:00.920000+00:00,36.36,45.029,19.3,269.0,307.0,False,100.689,"[2048, 2048, 2048, 2048, 2048, 2048, 2048, 2048, 2048]","[2049, 2048, 2048, 2048, 2048, 2049, 2048, 2048, 2048, 2049, 2049]","[2051, 2048, 2048, 2048]",305.0
1220,9173,11,10,2023-09-24T05:23:01.482000+00:00,36.33,45.025,19.389,274.0,305.0,False,100.744,"[None, 2048, 2048, 2048, 2048, 2048, 2048, 2048, 2048]","[2048, 2048, 2048, 2048, 2048, 2049, 2048, 2048, 2048, 2048, 2048]","[2048, 2048, 2048, 2048]",302.0
1220,9173,24,10,2023-09-24T05:23:03.435000+00:00,36.164,44.901,21.948,,298.0,False,103.013,"[None, 2048, 2049, 2048, 2049, 2048, 2048, 2048, 2048]","[2048, 2048, 2049, 2048, 2048, 2048, 2048, 2049, 2048, 2048, 2048]","[2048, 2048, 2048, 2064, 2064]",294.0
1220,9173,23,10,2023-09-24T05:23:05.266000+00:00,36.417,44.731,19.302,275.0,305.0,False,100.45,"[2049, 2048, 2049, 2048, 2049, 2049, 2048, 2048, 2048]","[2048, 2048, 2049, 2048, 2048, 2048, 2048, 2049, 2048, 2048, 2048]","[2048, 2049, 2048, 2048]",292.0
1220,9173,27,10,2023-09-24T05:23:19.810000+00:00,36.218,43.888,18.618,273.0,302.0,False,98.724,"[2048, 2048, 2049, 2049, 2048, 2048, 2048, 2048, 2048]","[2048, 2048, 2048, 2048, 2048, 2048, 2048, 2048, 2048, 2049, 2048]","[2048, 2049, 2048, 2048, 2048]",300.0
1220,9173,2,10,2023-09-24T05:23:44.388000+00:00,36.619,44.737,19.263,278.0,301.0,False,100.619,"[None, 2048, 2048, 2048, 2048, 2048, 2048, 2048, 2048]","[2049, 2048, 2048, 2048, 2048, 2048, 2048, 2048, 2048, 2048, 2048]","[2048, 2048, 2048, 2048, 2048]",289.0
1220,9173,1,11,2023-09-24T05:24:18.543000+00:00,35.704,43.81,19.005,273.0,296.0,False,98.519,"[2049, 2049, 2048, 2048, 2048, 2048, 2048, 2048, 2048]","[2048, 2048, 2048, 2048, 2048, 2048, 2048, 2048, 2048, 2048, 2048]","[2048, 2048, 2048, 2048, 2048]",283.0
1220,9173,4,11,2023-09-24T05:24:22.293000+00:00,35.949,43.998,19.122,276.0,299.0,False,99.069,"[2049, 2049, 2049, 2048, 2048, 2048, 2048, 2048, 2048]","[2049, 2048, 2048, 2048, 2048, 2048, 2048, 2048, 2048, 2048, 2048]","[2048, 2048, 2048, 2048, 2048]",287.0
1220,9173,81,11,2023-09-24T05:24:26.121000+00:00,35.95,44.121,19.262,,300.0,False,99.333,"[None, 2048, 2049, 2048, 2048, 2048, 2048, 2048, 2048]","[2048, 2048, 2048, 2048, 2048, 2048, 2049, 2048, 2048, 2048, 2048]","[2048, 2048, 2048, 2048, 2048]",290.0
1220,9173,16,11,2023-09-24T05:24:27.387000+00:00,36.147,44.282,19.133,275.0,299.0,False,99.562,"[2049, 2048, 2048, 2048, 2048, 2048, 2048, 2048, 2048]","[2048, 2048, 2049, 2048, 2048, 2048, 2048, 2048, 2048, 2048, 2048]","[2048, 2048, 2048, 2048, 2048]",300.0
1220,9173,55,11,2023-09-24T05:24:28.543000+00:00,36.364,44.248,19.065,272.0,299.0,False,99.677,"[None, 2048, 2048, 2048, 2048, 2048, 2048, 2048, 2048]","[2048, 2048, 2049, 2048, 2049, 2048, 2048, 2048, 2049, 2048, 2048]","[2048, 2049, 2048, 2048, 2048]",299.0
1220,9173,14,11,2023-09-24T05:24:30.574000+00:00,36.239,44.489,21.592,270.0,297.0,False,102.32,"[None, 2048, 2048, 2048, 2049, 2048, 2048, 2048, 2048]","[2048, 2048, 2048, 2048, 2048, 2048, 2048, 2048, 2048, 2048, 2048]","[2048, 2048, 2048, 2064, 2064]",296.0
1220,9173,44,11,2023-09-24T05:24:31.496000+00:00,36.247,44.213,19.19,272.0,301.0,False,99.65,"[None, 2048, 2048, 2048, 2048, 2048, 2048, 2048, 2048]","[2048, 2048, 2048, 2048, 2048, 2048, 2048, 2048, 2048, 2048, 2049]","[2049, 2049, 2048, 2048]",301.0
1220,9173,63,11,2023-09-24T05:24:32.996000+00:00,36.361,44.412,19.239,271.0,300.0,False,100.012,"[None, 2048, 2048, 2049, 2048, 2048, 2048, 2048, 2048]","[2048, 2048, 2048, 2048, 2048, 2048, 2048, 2048, 2048, 2048, 2048]","[2048, 2048, 2048, 2048, 2048]",288.0
1220,9173,18,11,2023-09-24T05:24:37.340000+00:00,36.232,44.615,19.304,271.0,298.0,False,100.151,"[None, 2048, 2049, 2048, 2049, 2049, 2048, 2048, 2048]","[2049, 2048, 2048, 2048, 2048, 2048, 2048, 2048, 2048, 2048, 2048]","[2048, 2048, 2048, 2048, 2048]",300.0
1220,9173,40,11,2023-09-24T05:24:37.449000+00:00,55.841,43.841,18.886,273.0,297.0,True,118.568,"[2064, 2064, 2048, 2048, 2048, 2049, 2049, 2049, 2048]","[2048, 2049, 2048, 2049, 2048, 2048, 2048, 2048, 2049, 2049, 2049]","[2049, 2048, 2049, 2048, 2048]",296.0
1220,9173,10,11,2023-09-24T05:24:38.934000+00:00,36.589,44.56,19.134,268.0,300.0,False,100.283,"[None, 2048, 2048, 2049, 2048, 2048, 2048, 2048, 2048]","[2049, 2048, 2048, 2048, 2048, 2048, 2048, 2048, 2048, 2048, 2048]","[2048, 2049, 2048, 2048, 2048]",299.0
1220,9173,20,11,2023-09-24T05:24:41.355000+00:00,37.193,44.678,19.171,,302.0,False,101.042,"[None, 2048, 2048, 2048, 2048, 2048, 2048, 2048, 2048]","[2048, 2048, 2048, 2048, 2048, 2048, 2048, 2048, 2048, 2048, 2048]","[2048, 2048, 2049, 2048]",298.0
1220,9173,31,11,2023-09-24T05:24:41.605000+00:00,35.946,44.681,19.198,267.0,302.0,False,99.825,"[2049, 2048, 2051, 2048, 2048, 2048, 2048, 2048, 2048]","[2049, 2048, 2048, 2048, 2048, 2048, 2048, 2048, 2048, 2048, 2048]","[2048, 2049, 2048, 2048]",301.0
1220,9173,11,11,2023-09-24T05:24:42.152000+00:00,36.574,45.088,19.234,270.0,304.0,False,100.896,"[2048, 2048, 2048, 2048, 2048, 2048, 2048, 2048, 2048]","[2048, 2048, 2048, 2048, 2048, 2048, 2048, 2048, 2048, 2051, 2048]","[2048, 2048, 2048, 2048]",303.0
1220,9173,23,11,2023-09-24T05:24:45.715000+00:00,36.525,45.179,19.436,273.0,304.0,False,101.14,"[2048, 2048, 2049, 2048, 2048, 2049, 2048, 2048, 2048]","[2048, 2048, 2048, 2048, 2048, 2048, 2048, 2048, 2048, 2048, 2048]","[2049, 2049, 2048, 2048]",292.0
1220,9173,24,11,2023-09-24T05:24:46.355000+00:00,55.654,43.464,19.102,271.0,294.0,True,118.22,"[2064, 2064, 2048, 2049, 2051, 2051, 2051, 2049, 2048]","[2049, 2049, 2051, 2049, 2048, 2048, 2048, 2049, 2049, 2048, 2048]","[2048, 2049, 2049, 2048, 2048]",292.0
1220,9173,22,11,2023-09-24T05:24:56.277000+00:00,35.784,43.929,19.024,272.0,294.0,False,98.737,"[2048, 2048, 2049, 2048, 2048, 2048, 2048, 2048, 2048]","[2048, 2048, 2048, 2048, 2048, 2048, 2048, 2048, 2048, 2048, 2048]","[2048, 2049, 2048, 2048]",296.0
1220,9173,27,11,2023-09-24T05:24:58.214000+00:00,36.625,44.132,19.092,272.0,301.0,False,99.849,"[None, 2048, 2048, 2048, 2048, 2048, 2048, 2048, 2048]","[2049, 2048, 2048, 2048, 2048, 2048, 2048, 2048, 2048, 2048, 2048]","[2048, 2048, 2048, 2048, 2048]",296.0
1220,9173,2,11,2023-09-24T05:25:24.980000+00:00,36.911,44.971,19.181,276.0,302.0,False,101.063,"[None, 2048, 2048, 2048, 2048, 2048, 2048, 2048, 2048]","[2049, 2048, 2048, 2048, 2048, 2048, 2048, 2048, 2048, 2048, 2048]","[2049, 2049, 2048, 2048]",296.0
1220,9173,1,12,2023-09-24T05:25:57.104000+00:00,35.709,43.95,18.992,,297.0,False,98.651,"[2048, 2048, 2048, 2048, 2048, 2048, 2048, 2048, 2048]","[2048, 2048, 2048, 2048, 2048, 2048, 2048, 2048, 2048, 2048, 2049]","[2049, 2048, 2048, 2048, 2049]",287.0
1220,9173,4,12,2023-09-24T05:26:01.370000+00:00,35.842,44.12,19.251,277.0,300.0,False,99.213,"[2048, 2048, 2049, 2048, 2048, 2048, 2048, 2048, 2048]","[2049, 2048, 2048, 2048, 2048, 2048, 2048, 2048, 2048, 2048, 2048]","[2048, 2048, 2048, 2048, 2049]",287.0
1220,9173,81,12,2023-09-24T05:26:05.448000+00:00,36.133,44.223,19.359,,301.0,False,99.715,"[None, 2049, 2048, 2048, 2048, 2048, 2048, 2048, 2048]","[2048, 2048, 2048, 2048, 2048, 2048, 2048, 2048, 2048, 2048, 2048]","[2049, 2048, 2048, 2048]",291.0
1220,9173,16,12,2023-09-24T05:26:06.916000+00:00,36.22,44.345,19.076,274.0,300.0,False,99.641,"[2048, 2048, 2049, 2048, 2048, 2048, 2048, 2048, 2048]","[2048, 2048, 2048, 2048, 2048, 2048, 2048, 2048, 2048, 2048, 2049]","[2049, 2049, 2048, 2048, 2048]",301.0
1220,9173,55,12,2023-09-24T05:26:08.291000+00:00,36.357,44.311,18.946,273.0,300.0,False,99.614,"[None, 2048, 2048, 2048, 2048, 2048, 2048, 2048, 2048]","[2048, 2048, 2048, 2048, 2048, 2048, 2048, 2048, 2048, 2048, 2048]","[2049, 2051, 2048, 2048, 2048]",302.0
1220,9173,44,12,2023-09-24T05:26:11.151000+00:00,35.89,44.294,18.945,,298.0,False,99.129,"[None, 2048, 2049, 2048, 2048, 2049, 2048, 2048, 2048]","[2049, 2048, 2048, 2048, 2048, 2048, 2048, 2049, 2048, 2048, 2048]","[2048, 2049, 2048, 2048, 2048]",299.0
1220,9173,14,12,2023-09-24T05:26:12.854000+00:00,55.438,44.157,18.927,269.0,297.0,True,118.522,"[2064, 2064, 2048, 2049, 2049, 2049, 2049, 2049, 2048]","[2048, 2049, 2048, 2049, 2048, 2048, 2048, 2048, 2049, 2048, 2048]","[2048, 2048, 2048, 2048, 0]",297.0
1220,9173,63,12,2023-09-24T05:26:13.010000+00:00,36.145,44.089,19.002,273.0,300.0,False,99.236,"[None, 2048, 2048, 2048, 2049, 2049, 2048, 2048, 2048]","[2049, 2048, 2049, 2048, 2048, 2048, 2048, 2049, 2048, 2048, 2048]","[2048, 2048, 2048, 2048]",300.0
1220,9173,18,12,2023-09-24T05:26:17.479000+00:00,36.403,44.73,19.217,270.0,299.0,False,100.35,"[None, 2048, 2048, 2048, 2048, 2048, 2048, 2048, 2048]","[2048, 2048, 2048, 2048, 2048, 2048, 2048, 2049, 2048, 2048, 2048]","[2048, 2049, 2048, 2048]",299.0
1220,9173,10,12,2023-09-24T05:26:19.150000+00:00,36.63,44.613,19.092,267.0,301.0,False,100.335,"[None, 2048, 2048, 2048, 2048, 2048, 2048, 2048, 2048]","[2048, 2048, 2049, 2048, 2048, 2048, 2048, 2048, 2048, 2048, 2048]","[2048, 2048, 2048, 2048]",301.0
1220,9173,31,12,2023-09-24T05:26:21.416000+00:00,36.406,44.975,19.171,268.0,302.0,False,100.552,"[2048, 2048, 2048, 2048, 2049, 2049, 2049, 2048, 2048]","[2048, 2048, 2048, 2048, 2048, 2048, 2048, 2048, 2048, 2048, 2048]","[2048, 2049, 2048, 2048]",301.0
1220,9173,20,12,2023-09-24T05:26:22.338000+00:00,36.653,64.283,22.0,267.0,298.0,False,122.936,"[2049, 2049, 2048, 2048, 2048, 2048, 2048, 2048, 2048]","[2048, 2048, 2048, 2048, 2048, 2048, 2048, 2048, 2048, 2048, 2048]","[2048, 2048, 2048, 2064, 2064]",290.0
1220,9173,11,12,2023-09-24T05:26:23.057000+00:00,36.307,53.811,30.927,,283.0,False,121.045,"[None, 2048, 2048, 2048, 2048, 2048, 2048, 2048, 2048]","[2048, 2048, 2049, 2048, 2048, 2048, 2048, 2048, 2048, 2048, 2048]","[2048, 2048, 2048, 2064, 2064]",160.0
1220,9173,23,12,2023-09-24T05:26:26.869000+00:00,36.797,45.904,19.579,275.0,303.0,False,102.28,"[None, 2048, 2048, 2048, 2048, 2049, 2048, 2048, 2048]","[2049, 2048, 2048, 2048, 2048, 2048, 2048, 2048, 2048, 2048, 2048]","[2048, 2048, 2048, 2048]",283.0
1220,9173,22,12,2023-09-24T05:26:34.900000+00:00,36.044,44.485,18.944,274.0,297.0,False,99.473,"[None, 2048, 2048, 2048, 2048, 2048, 2048, 2048, 2049]","[2048, 2048, 2048, 2048, 2048, 2048, 2048, 2048, 2048, 2048, 2048]","[2048, 2048, 2048, 2048, 2049]",294.0
1220,9173,40,12,2023-09-24T05:26:35.978000+00:00,36.097,44.14,18.975,,300.0,False,99.212,"[2048, 2048, 2048, 2048, 2049, 2048, 2048, 2048, 2048]","[2048, 2048, 2048, 2048, 2048, 2048, 2048, 2048, 2048, 2049, 2049]","[2049, 2048, 2048, 2048, 2049]",298.0
1220,9173,27,12,2023-09-24T05:26:37.931000+00:00,36.045,44.544,19.607,,301.0,False,100.196,"[None, 2048, 2049, 2048, 2048, 2049, 2049, 2048, 2048]","[2048, 2048, 2048, 2048, 2048, 2048, 2048, 2049, 2048, 2048, 2048]","[2048, 2048, 2048, 2048]",298.0
1220,9173,24,12,2023-09-24T05:26:44.681000+00:00,35.646,44.404,19.155,269.0,298.0,False,99.205,"[2048, 2048, 2048, 2048, 2048, 2048, 2048, 2048, 2048]","[2048, 2048, 2048, 2048, 2048, 2048, 2048, 2048, 2048, 2048, 2048]","[2048, 2048, 2048, 2048]",297.0
1220,9173,2,12,2023-09-24T05:27:06.087000+00:00,36.544,44.919,19.253,277.0,303.0,False,100.716,"[None, 2048, 2048, 2048, 2048, 2048, 2048, 2048, 2048]","[2048, 2048, 2048, 2048, 2048, 2048, 2048, 2048, 2048, 2048, 2048]","[2049, 2048, 2048, 2048]",297.0
1220,9173,1,13,2023-09-24T05:27:35.696000+00:00,35.715,43.93,19.044,277.0,298.0,False,98.689,"[2049, 2049, 2048, 2048, 2048, 2048, 2048, 2048, 2048]","[2048, 2048, 2048, 2048, 2048, 2048, 2048, 2048, 2048, 2048, 2049]","[2049, 2048, 2048, 2048, 2048]",288.0
1220,9173,4,13,2023-09-24T05:27:40.571000+00:00,35.877,44.08,19.199,278.0,300.0,False,99.156,"[None, 2049, 2048, 2048, 2048, 2048, 2048, 2048, 2049]","[2051, 2048, 2048, 2048, 2048, 2048, 2048, 2048, 2048, 2048, 2049]","[2048, 2048, 2048, 2048, 2048]",289.0
1220,9173,81,13,2023-09-24T05:27:45.180000+00:00,35.915,44.342,21.143,277.0,301.0,False,101.4,"[None, 2049, 2048, 2048, 2048, 2048, 2048, 2048, 2048]","[2048, 2048, 2048, 2048, 2048, 2048, 2048, 2048, 2048, 2048, 2048]","[2048, 2049, 2048, 2064, 2064]",287.0
1220,9173,16,13,2023-09-24T05:27:46.571000+00:00,36.03,44.27,19.075,277.0,300.0,False,99.375,"[2049, 2048, 2049, 2048, 2048, 2048, 2048, 2048, 2049]","[2048, 2048, 2048, 2048, 2048, 2048, 2048, 2048, 2048, 2048, 2049]","[2049, 2048, 2048, 2048]",302.0
1220,9173,55,13,2023-09-24T05:27:47.852000+00:00,36.272,44.284,19.023,274.0,300.0,False,99.579,"[None, 2048, 2048, 2048, 2048, 2049, 2048, 2048, 2048]","[2048, 2048, 2048, 2048, 2048, 2048, 2048, 2048, 2048, 2048, 2049]","[2048, 2048, 2048, 2048]",302.0
1220,9173,44,13,2023-09-24T05:27:50.290000+00:00,36.116,44.432,18.984,273.0,298.0,False,99.532,"[None, 2048, 2048, 2048, 2049, 2049, 2048, 2048, 2048]","[2049, 2048, 2048, 2048, 2048, 2048, 2048, 2049, 2048, 2048, 2048]","[2048, 2049, 2048, 2048, 2048]",299.0
1220,9173,63,13,2023-09-24T05:27:52.164000+00:00,36.046,44.201,18.966,271.0,300.0,False,99.213,"[None, 2048, 2049, 2048, 2048, 2048, 2048, 2048, 2048]","[2048, 2048, 2048, 2048, 2048, 2048, 2048, 2048, 2048, 2048, 2048]","[2048, 2048, 2048, 2048, 2048]",301.0
1220,9173,18,13,2023-09-24T05:27:57.774000+00:00,36.303,44.808,19.646,272.0,297.0,False,100.757,"[None, 2048, 2048, 2048, 2049, 2049, 2048, 2048, 2048]","[2048, 2048, 2048, 2048, 2048, 2048, 2048, 2049, 2048, 2048, 2048]","[2048, 2049, 2048, 2048, 2048]",298.0
1220,9173,10,13,2023-09-24T05:27:59.430000+00:00,36.591,44.508,22.054,268.0,300.0,False,103.153,"[None, 2048, 2048, 2048, 2048, 2048, 2048, 2048, 2048]","[2048, 2048, 2048, 2048, 2048, 2048, 2048, 2049, 2048, 2048, 2048]","[2048, 2048, 2048, 2048]",301.0
1220,9173,31,13,2023-09-24T05:28:02.102000+00:00,36.2,44.755,26.939,270.0,302.0,False,107.894,"[None, 2048, 2048, 2048, 2049, 2049, 2048, 2048, 2048]","[2048, 2048, 2048, 2048, 2048, 2048, 2048, 2048, 2048, 2048, 2048]","[2048, 2049, 2048, 2048, 2048]",302.0
1220,9173,23,13,2023-09-24T05:28:09.149000+00:00,37.205,45.856,27.843,,304.0,False,110.904,"[None, 2048, 2048, 2048, 2048, 2048, 2048, 2048, 2048]","[2048, 2048, 2048, 2048, 2048, 2048, 2048, 2048, 2048, 2048, 2048]","[2048, 2048, 2048, 2064, 2064]",241.0
1220,9173,14,13,2023-09-24T05:28:11.430000+00:00,35.753,43.844,25.132,271.0,297.0,False,104.729,"[2048, 2048, 2048, 2048, 2048, 2048, 2048, 2048, 2048]","[2048, 2048, 2048, 2048, 2048, 2048, 2048, 2049, 2051, 2049, 2048]","[2048, 2048, 2048, 2048]",295.0
1220,9173,22,13,2023-09-24T05:28:14.461000+00:00,35.911,44.521,26.844,273.0,297.0,False,107.276,"[2049, 2049, 2048, 2048, 2048, 2048, 2048, 2048, 2049]","[2048, 2048, 2048, 2048, 2048, 2048, 2048, 2048, 2048, 2048, 2049]","[2048, 2048, 2048, 2048, 2048]",139.0
1220,9173,40,13,2023-09-24T05:28:15.086000+00:00,36.178,44.514,28.27,,299.0,False,108.962,"[2049, 2049, 2048, 2048, 2048, 2048, 2048, 2048, 2048]","[2048, 2048, 2048, 2048, 2048, 2048, 2048, 2048, 2048, 2048, 2048]","[2048, 2048, 2048, 2048]",155.0
1220,9173,27,13,2023-09-24T05:28:18.133000+00:00,36.057,46.119,26.01,271.0,115.0,False,108.186,"[None, 2048, 2049, 2048, 2048, 2049, 2048, 2048, 2048]","[2048, 2048, 2048, 2048, 2048, 2048, 2048, 2049, 2048, 2048, 2048]","[2048, 2048, 2048, 2048, 2048]",228.0
1220,9173,24,13,2023-09-24T05:28:23.867000+00:00,35.99,49.28,25.071,263.0,215.0,False,110.341,"[None, 2048, 2048, 2048, 2048, 2048, 2048, 2048, 2048]","[2048, 2048, 2048, 2048, 2048, 2048, 2048, 2048, 2048, 2048, 2048]","[2048, 2048, 2048, 2048, 2048]",230.0
1220,9173,11,13,2023-09-24T05:28:24.101000+00:00,,65.514,41.846,142.0,174.0,True,208.286,"[2064, 2064, 2048, 2048, 2048, 2048, 2048, 2048, 2048]","[2048, 2048, 2048, 2048, 2048, 2048, 2048, 2048, 2048, 2048, 2048]","[2048, 2048, 2048, 2064, 2064]",126.0
1220,9173,20,13,2023-09-24T05:28:25.320000+00:00,56.61,56.248,25.193,271.0,201.0,True,138.051,"[2064, 2064, 2048, 2049, 2049, 2048, 2049, 2049, 2048]","[2049, 2049, 2049, 2048, 2048, 2048, 2048, 2048, 2048, 2048, 2048]","[2048, 2048, 2048, 2048, 0]",191.0
1220,9173,2,13,2023-09-24T05:28:46.773000+00:00,37.094,57.545,24.938,,142.0,False,119.577,"[None, 2048, 2048, 2048, 2048, 2048, 2048, 2048, 2048]","[2048, 2048, 2048, 2048, 2048, 2048, 2048, 2048, 2048, 2048, 2048]","[2048, 2048, 2048, 2048]",242.0
1220,9173,1,14,2023-09-24T05:29:14.397000+00:00,43.967,56.351,19.436,231.0,254.0,False,119.754,"[2048, 2048, 2048, 2048, 2048, 2048, 2048, 2048, 2048]","[2048, 2048, 2048, 2048, 2048, 2048, 2048, 2048, 2048, 2048, 2048]","[2048, 2048, 2048, 2048, 2048]",288.0
1220,9173,4,14,2023-09-24T05:29:19.725000+00:00,46.117,58.262,19.218,149.0,298.0,False,123.597,"[None, 2049, 2048, 2048, 2048, 2048, 2048, 2048, 2048]","[2048, 2048, 2048, 2048, 2048, 2048, 2048, 2048, 2048, 2048, 2048]","[2048, 2049, 2048, 2048]",296.0
1220,9173,16,14,2023-09-24T05:29:25.850000+00:00,46.115,53.562,19.035,195.0,299.0,False,118.712,"[2048, 2048, 2048, 2048, 2048, 2048, 2048, 2048, 2048]","[2048, 2048, 2048, 2048, 2048, 2048, 2048, 2048, 2048, 2049, 2048]","[2048, 2049, 2048, 2048, 2048]",301.0
1220,9173,81,14,2023-09-24T05:29:26.538000+00:00,66.531,48.349,18.967,189.0,301.0,True,133.847,"[2064, 2064, 2048, 2048, 2048, 2048, 2048, 2048, 2048]","[2048, 2048, 2048, 2048, 2048, 2048, 2048, 2048, 2048, 2048, 2049]","[2049, 2048, 2049, 2049, 2049]",300.0
1220,9173,55,14,2023-09-24T05:29:27.428000+00:00,45.932,53.655,19.096,175.0,297.0,False,118.683,"[None, 2048, 2048, 2048, 2048, 2048, 2048, 2048, 2048]","[2048, 2048, 2048, 2048, 2048, 2048, 2048, 2048, 2048, 2048, 2048]","[2048, 2048, 2048, 2048]",300.0
1220,9173,44,14,2023-09-24T05:29:29.803000+00:00,46.166,53.512,19.085,199.0,297.0,False,118.763,"[None, 2048, 2048, 2048, 2048, 2048, 2048, 2048, 2048]","[2048, 2048, 2048, 2048, 2048, 2048, 2048, 2048, 2048, 2048, 2048]","[2048, 2049, 2048, 2048]",298.0
1220,9173,63,14,2023-09-24T05:29:31.460000+00:00,46.193,53.51,18.896,232.0,299.0,False,118.599,"[None, 2048, 2048, 2048, 2048, 2048, 2048, 2048, 2048]","[2048, 2048, 2048, 2048, 2048, 2048, 2048, 2048, 2049, 2048, 2048]","[2048, 2048, 2049, 2048, 2048]",298.0
1220,9173,18,14,2023-09-24T05:29:38.553000+00:00,48.852,50.562,21.717,141.0,297.0,False,121.131,"[None, 2048, 2048, 2048, 2048, 2048, 2048, 2048, 2048]","[2048, 2048, 2048, 2048, 2048, 2048, 2048, 2048, 2048, 2048, 2048]","[2048, 2048, 2048, 2064, 2064]",298.0
1220,9173,10,14,2023-09-24T05:29:42.663000+00:00,46.972,49.511,19.294,166.0,301.0,False,115.777,"[None, 2048, 2048, 2048, 2048, 2048, 2048, 2048, 2048]","[2048, 2048, 2048, 2048, 2048, 2048, 2048, 2048, 2048, 2048, 2048]","[2048, 2048, 2048, 2048]",301.0
1220,9173,31,14,2023-09-24T05:29:49.991000+00:00,44.05,48.115,19.297,185.0,303.0,False,111.462,"[None, 2048, 2048, 2048, 2048, 2048, 2048, 2048, 2048]","[2048, 2048, 2048, 2048, 2048, 2048, 2048, 2048, 2048, 2048, 2048]","[2048, 2048, 2048, 2048]",303.0
1220,9173,14,14,2023-09-24T05:29:56.100000+00:00,47.385,45.756,18.903,218.0,296.0,False,112.044,"[None, 2048, 2048, 2048, 2048, 2048, 2048, 2048, 2048]","[2048, 2048, 2048, 2048, 2048, 2048, 2048, 2048, 2048, 2049, 2048]","[2048, 2049, 2049, 2048, 2048]",295.0
1220,9173,23,14,2023-09-24T05:30:00.147000+00:00,85.475,43.786,19.057,278.0,302.0,True,148.318,"[2064, 2064, 2048, 2048, 2048, 2049, 2049, 2048, 2049]","[2048, 2049, 2049, 2049, 2048, 2048, 2048, 2049, 2049, 2048, 2048]","[2048, 2048, 2049, 2048, 2048]",283.0
1220,9173,22,14,2023-09-24T05:30:01.725000+00:00,46.903,45.517,19.153,207.0,294.0,False,111.573,"[2048, 2048, 2048, 2048, 2048, 2048, 2048, 2048, 2048]","[2048, 2048, 2048, 2048, 2048, 2048, 2048, 2048, 2048, 2048, 2048]","[2048, 2048, 2048, 2048, 2048]",295.0
1220,9173,40,14,2023-09-24T05:30:04.146000+00:00,45.94,45.404,19.215,209.0,297.0,False,110.559,"[2048, 2048, 2048, 2048, 2048, 2048, 2048, 2048, 2048]","[2048, 2048, 2048, 2048, 2048, 2048, 2048, 2048, 2048, 2048, 2048]","[2048, 2048, 2048, 2048]",298.0
1220,9173,27,14,2023-09-24T05:30:06.412000+00:00,47.527,44.272,19.067,226.0,300.0,False,110.866,"[None, 2048, 2048, 2048, 2048, 2048, 2048, 2048, 2048]","[2048, 2048, 2049, 2048, 2048, 2048, 2048, 2049, 2048, 2048, 2048]","[2048, 2048, 2048, 2048, 2048]",299.0
1220,9173,24,14,2023-09-24T05:30:14.209000+00:00,45.581,44.167,19.157,267.0,294.0,False,108.905,"[None, 2048, 2048, 2048, 2048, 2048, 2048, 2048, 2048]","[2048, 2048, 2048, 2048, 2048, 2048, 2048, 2048, 2048, 2048, 2048]","[2048, 2049, 2048, 2048, 2048]",293.0
1220,9173,20,14,2023-09-24T05:30:43.318000+00:00,38.35,43.265,18.945,275.0,296.0,False,100.56,"[2048, 2048, 2048, 2049, 2049, 2049, 2049, 2048, 2049]","[2049, 2049, 2051, 2049, 2049, 2048, 2048, 2049, 2049, 2048, 2048]","[2048, 2049, 2049, 2048]",294.0
1220,9173,2,14,2023-09-24T05:30:46.255000+00:00,40.438,44.524,19.209,279.0,304.0,False,104.171,"[None, 2048, 2048, 2048, 2048, 2048, 2048, 2048, 2048]","[2048, 2048, 2048, 2048, 2048, 2048, 2049, 2048, 2048, 2049, 2049]","[2049, 2048, 2048, 2048, 2048]",303.0
1220,9173,1,15,2023-09-24T05:31:14.177000+00:00,35.566,43.781,19.026,277.0,297.0,False,98.373,"[None, 2048, 2048, 2048, 2048, 2048, 2048, 2048, 2048]","[2048, 2048, 2048, 2048, 2048, 2049, 2048, 2048, 2048, 2048, 2048]","[2048, 2048, 2048, 2048]",286.0
1220,9173,4,15,2023-09-24T05:31:23.317000+00:00,36.084,43.94,19.083,273.0,299.0,False,99.107,"[None, 2048, 2048, 2048, 2048, 2048, 2048, 2048, 2048]","[2048, 2048, 2048, 2048, 2048, 2048, 2048, 2048, 2048, 2048, 2048]","[2048, 2049, 2048, 2048, 2048]",296.0
1220,9173,16,15,2023-09-24T05:31:24.692000+00:00,36.19,44.23,19.059,276.0,299.0,False,99.479,"[None, 2048, 2048, 2048, 2048, 2048, 2048, 2048, 2048]","[2049, 2048, 2049, 2048, 2049, 2049, 2048, 2048, 2048, 2048, 2048]","[2048, 2048, 2048, 2048]",300.0
1220,9173,55,15,2023-09-24T05:31:26.004000+00:00,36.223,44.214,18.961,274.0,299.0,False,99.398,"[None, 2048, 2048, 2048, 2048, 2049, 2048, 2048, 2048]","[2049, 2048, 2048, 2048, 2048, 2048, 2048, 2048, 2048, 2048, 2048]","[2048, 2048, 2048, 2048]",300.0
1220,9173,44,15,2023-09-24T05:31:28.473000+00:00,35.924,44.21,18.921,273.0,297.0,False,99.055,"[None, 2048, 2049, 2048, 2049, 2048, 2048, 2048, 2048]","[2049, 2048, 2048, 2048, 2048, 2048, 2048, 2049, 2048, 2048, 2048]","[2048, 2048, 2049, 2048]",298.0
1220,9173,63,15,2023-09-24T05:31:30.051000+00:00,35.815,44.006,18.947,277.0,300.0,False,98.768,"[None, 2048, 2049, 2048, 2049, 2048, 2048, 2048, 2048]","[2049, 2048, 2049, 2048, 2048, 2048, 2048, 2048, 2048, 2048, 2048]","[2048, 2048, 2048, 2048]",300.0
1220,9173,10,15,2023-09-24T05:31:38.395000+00:00,36.499,44.54,19.847,266.0,298.0,False,100.886,"[None, 2048, 2048, 2048, 2048, 2049, 2048, 2048, 2048]","[2048, 2049, 2048, 2048, 2048, 2048, 2048, 2048, 2048, 2048, 2048]","[2048, 2048, 2048, 2048]",294.0
1220,9173,18,15,2023-09-24T05:31:39.707000+00:00,55.365,43.843,18.922,270.0,301.0,True,118.13,"[2064, 2064, 2048, 2049, 2049, 2049, 2048, 2049, 2048]","[2048, 2049, 2048, 2048, 2049, 2048, 2048, 2048, 2049, 2048, 2048]","[2048, 2048, 2049, 2048, 2048]",302.0
1220,9173,81,15,2023-09-24T05:31:40.426000+00:00,35.251,44.103,19.051,279.0,305.0,False,98.405,"[2049, 2048, 2048, 2049, 2048, 2049, 2049, 2049, 2049]","[2048, 2048, 2048, 2049, 2048, 2048, 2049, 2048, 2048, 2048, 2049]","[2049, 2049, 2048, 2048]",306.0
1220,9173,31,15,2023-09-24T05:31:41.426000+00:00,35.995,44.506,19.13,271.0,302.0,False,99.631,"[None, 2048, 2048, 2048, 2048, 2048, 2048, 2048, 2049]","[2049, 2048, 2048, 2048, 2048, 2048, 2048, 2048, 2048, 2048, 2048]","[2048, 2048, 2049, 2048]",300.0
1220,9173,14,15,2023-09-24T05:31:48.207000+00:00,35.477,43.655,18.994,270.0,297.0,False,98.126,"[None, 2048, 2049, 2048, 2048, 2048, 2048, 2048, 2048]","[2048, 2048, 2048, 2048, 2048, 2048, 2048, 2048, 2048, 2048, 2048]","[2048, 2048, 2048, 2048]",295.0
1220,9173,11,14,2023-09-24T05:31:52.488000+00:00,,43.773,21.98,271.0,297.0,True,2588.523,"[None, 2064, 2048, 2048, 2048, 2048, 2049, 2049, 2048]","[2048, 2049, 2048, 2049, 2048, 2048, 2048, 2049, 2049, 2048, 2048]","[2048, 2049, 2048, 2064, 2064]",296.0
1220,9173,22,15,2023-09-24T05:31:53.207000+00:00,36.281,44.284,19.119,271.0,295.0,False,99.684,"[None, 2048, 2048, 2048, 2048, 2048, 2048, 2048, 2048]","[2048, 2048, 2048, 2048, 2048, 2048, 2048, 2048, 2048, 2048, 2048]","[2048, 2048, 2048, 2048, 2048]",295.0
1220,9173,40,15,2023-09-24T05:31:54.613000+00:00,36.367,44.365,19.139,271.0,297.0,False,99.871,"[None, 2048, 2048, 2048, 2048, 2048, 2048, 2048, 2048]","[2048, 2048, 2048, 2048, 2048, 2048, 2048, 2048, 2048, 2048, 2048]","[2048, 2048, 2048, 2048, 2048]",298.0
1220,9173,27,15,2023-09-24T05:31:57.160000+00:00,36.043,44.285,19.3,275.0,301.0,False,99.628,"[None, 2048, 2049, 2048, 2048, 2048, 2048, 2048, 2048]","[2048, 2048, 2048, 2048, 2048, 2048, 2049, 2048, 2048, 2048, 2048]","[2048, 2048, 2048, 2048]",303.0
1220,9173,24,15,2023-09-24T05:32:03.019000+00:00,35.637,44.287,19.182,268.0,296.0,False,99.106,"[None, 2048, 2049, 2048, 2048, 2048, 2048, 2048, 2048]","[2048, 2048, 2048, 2048, 2048, 2048, 2048, 2048, 2048, 2048, 2048]","[2048, 2049, 2048, 2048, 2048]",295.0
1220,9173,20,15,2023-09-24T05:32:23.972000+00:00,35.559,43.705,19.109,271.0,296.0,False,98.373,"[None, 2048, 2049, 2048, 2048, 2049, 2048, 2048, 2048]","[2048, 2048, 2048, 2048, 2048, 2048, 2048, 2048, 2048, 2048, 2048]","[2048, 2048, 2048, 2048]",295.0
1220,9173,23,15,2023-09-24T05:32:28.441000+00:00,36.027,44.128,19.03,275.0,302.0,False,99.185,"[2048, 2048, 2048, 2049, 2048, 2048, 2048, 2048, 2048]","[2048, 2048, 2048, 2048, 2048, 2048, 2048, 2048, 2048, 2048, 2048]","[2048, 2048, 2048, 2048, 2048]",288.0
1220,9173,2,15,2023-09-24T05:32:30.535000+00:00,36.765,44.804,19.284,277.0,304.0,False,100.853,"[None, 2048, 2048, 2048, 2048, 2048, 2048, 2048, 2048]","[2048, 2048, 2048, 2048, 2048, 2048, 2048, 2048, 2048, 2048, 2048]","[2048, 2049, 2048, 2048, 2048]",298.0
1220,9173,1,16,2023-09-24T05:32:52.425000+00:00,35.811,43.803,21.558,276.0,297.0,False,101.172,"[2049, 2049, 2048, 2048, 2048, 2048, 2048, 2048, 2048]","[2048, 2048, 2048, 2048, 2048, 2049, 2048, 2048, 2048, 2048, 2048]","[2049, 2048, 2048, 2064, 2064]",289.0
1220,9173,4,16,2023-09-24T05:33:02.440000+00:00,35.937,44.152,19.137,276.0,299.0,False,99.226,"[None, 2048, 2048, 2048, 2048, 2048, 2048, 2048, 2048]","[2048, 2048, 2048, 2048, 2048, 2048, 2048, 2048, 2048, 2048, 2048]","[2049, 2049, 2048, 2048, 2048]",296.0
1220,9173,16,16,2023-09-24T05:33:04.128000+00:00,36.28,44.361,19.007,275.0,299.0,False,99.648,"[None, 2048, 2048, 2048, 2048, 2048, 2048, 2048, 2048]","[2048, 2048, 2048, 2048, 2048, 2048, 2048, 2048, 2048, 2048, 2048]","[2048, 2048, 2048, 2048, 2048]",300.0
1220,9173,55,16,2023-09-24T05:33:05.503000+00:00,36.304,44.241,18.968,273.0,300.0,False,99.513,"[None, 2048, 2048, 2048, 2048, 2048, 2048, 2048, 2048]","[2048, 2048, 2048, 2048, 2048, 2048, 2049, 2048, 2048, 2048, 2048]","[2049, 2048, 2048, 2048]",302.0
1220,9173,44,16,2023-09-24T05:33:07.674000+00:00,35.985,46.01,21.798,274.0,297.0,False,103.793,"[None, 2048, 2048, 2048, 2048, 2048, 2048, 2048, 2048]","[2049, 2048, 2048, 2048, 2048, 2048, 2048, 2048, 2048, 2048, 2048]","[2048, 2048, 2048, 2064, 2064]",297.0
1220,9173,63,16,2023-09-24T05:33:08.862000+00:00,35.976,45.199,19.325,276.0,303.0,False,100.5,"[None, 2048, 2048, 2049, 2048, 2049, 2048, 2048, 2048]","[2049, 2048, 2048, 2048, 2048, 2051, 2049, 2048, 2048, 2048, 2048]","[2049, 2048, 2048, 2048]",303.0
1220,9173,81,16,2023-09-24T05:33:18.737000+00:00,35.229,44.102,19.109,277.0,300.0,False,98.44,"[None, 2049, 2049, 2048, 2048, 2048, 2048, 2048, 2048]","[2048, 2048, 2048, 2048, 2048, 2048, 2048, 2048, 2048, 2048, 2048]","[2048, 2048, 2048, 2048, 2048]",291.0
1220,9173,10,16,2023-09-24T05:33:19.346000+00:00,36.675,44.573,19.203,268.0,299.0,False,100.451,"[None, 2048, 2048, 2048, 2048, 2048, 2048, 2048, 2048]","[2049, 2048, 2048, 2048, 2048, 2048, 2048, 2048, 2048, 2048, 2048]","[2048, 2048, 2048, 2048, 2048]",297.0
1220,9173,31,16,2023-09-24T05:33:20.956000+00:00,36.329,44.592,19.108,269.0,302.0,False,100.029,"[None, 2048, 2048, 2048, 2048, 2048, 2048, 2048, 2048]","[2048, 2048, 2048, 2048, 2048, 2048, 2048, 2048, 2048, 2048, 2048]","[2048, 2048, 2048, 2048]",301.0
1220,9173,14,16,2023-09-24T05:33:26.237000+00:00,35.647,43.841,19.163,269.0,297.0,False,98.651,"[None, 2048, 2048, 2048, 2048, 2048, 2048, 2048, 2048]","[2048, 2048, 2048, 2048, 2048, 2048, 2048, 2048, 2048, 2049, 2048]","[2048, 2048, 2048, 2048, 2048]",296.0
1220,9173,22,16,2023-09-24T05:33:33.283000+00:00,36.223,44.491,19.16,272.0,294.0,False,99.874,"[None, 2048, 2048, 2048, 2048, 2048, 2048, 2048, 2048]","[2048, 2048, 2048, 2048, 2048, 2048, 2048, 2049, 2048, 2048, 2048]","[2048, 2048, 2048, 2048, 2048]",295.0
1220,9173,40,16,2023-09-24T05:33:34.502000+00:00,36.244,44.346,19.125,273.0,297.0,False,99.715,"[None, 2048, 2048, 2048, 2048, 2048, 2048, 2048, 2048]","[2049, 2048, 2048, 2048, 2048, 2048, 2048, 2048, 2048, 2048, 2048]","[2048, 2048, 2048, 2048, 2048]",299.0
1220,9173,27,16,2023-09-24T05:33:36.830000+00:00,36.096,44.426,19.113,273.0,301.0,False,99.635,"[None, 2048, 2049, 2048, 2049, 2048, 2048, 2048, 2048]","[2048, 2048, 2049, 2048, 2048, 2048, 2048, 2048, 2048, 2048, 2048]","[2048, 2048, 2048, 2048, 2048]",301.0
1220,9173,18,16,2023-09-24T05:33:37.861000+00:00,35.862,44.033,19.155,271.0,304.0,False,99.05,"[2048, 2048, 2048, 2049, 2048, 2048, 2048, 2048, 2048]","[2048, 2048, 2048, 2048, 2049, 2049, 2049, 2048, 2048, 2049, 2049]","[2049, 2048, 2048, 2048, 2049]",308.0
1220,9173,24,16,2023-09-24T05:33:42.252000+00:00,36.103,44.691,19.365,265.0,296.0,False,100.159,"[None, 2048, 2048, 2048, 2048, 2048, 2048, 2048, 2048]","[2048, 2048, 2048, 2048, 2048, 2048, 2048, 2048, 2048, 2048, 2048]","[2048, 2048, 2048, 2048, 2048]",290.0
1220,9173,20,16,2023-09-24T05:34:02.361000+00:00,35.869,44.076,19.119,270.0,296.0,False,99.064,"[None, 2048, 2048, 2048, 2048, 2048, 2048, 2048, 2048]","[2048, 2048, 2048, 2048, 2048, 2048, 2048, 2048, 2048, 2048, 2048]","[2048, 2048, 2048, 2048, 2048]",294.0
1220,9173,23,16,2023-09-24T05:34:07.673000+00:00,36.208,44.183,19.158,,302.0,False,99.549,"[None, 2048, 2048, 2048, 2048, 2048, 2048, 2048, 2048]","[2048, 2048, 2049, 2048, 2048, 2048, 2048, 2048, 2048, 2048, 2048]","[2048, 2048, 2048, 2048]",287.0
1220,9173,2,16,2023-09-24T05:34:11.361000+00:00,36.658,44.709,19.105,,304.0,False,100.472,"[None, 2048, 2048, 2048, 2048, 2048, 2048, 2048, 2048]","[2049, 2048, 2048, 2048, 2048, 2048, 2048, 2048, 2048, 2048, 2048]","[2048, 2048, 2048, 2048]",301.0
1220,9173,1,17,2023-09-24T05:34:33.548000+00:00,55.875,43.296,18.854,274.0,298.0,True,118.025,"[2064, 2064, 2048, 2048, 2048, 2048, 2049, 2048, 2048]","[2048, 2048, 2048, 2051, 2048, 2049, 2048, 2048, 2048, 2049, 2049]","[2048, 2048, 2051, 2048, 2049]",286.0
1220,9173,4,17,2023-09-24T05:34:41.688000+00:00,35.929,44.078,21.233,274.0,298.0,False,101.24,"[None, 2048, 2049, 2048, 2048, 2048, 2048, 2048, 2048]","[2048, 2048, 2048, 2048, 2048, 2048, 2048, 2048, 2048, 2048, 2048]","[2048, 2048, 2048, 2064, 2064]",297.0
1220,9173,16,17,2023-09-24T05:34:43.782000+00:00,36.214,44.207,21.404,274.0,298.0,False,101.825,"[None, 2048, 2048, 2048, 2048, 2048, 2048, 2048, 2048]","[2049, 2048, 2049, 2048, 2048, 2048, 2049, 2048, 2048, 2048, 2048]","[2048, 2048, 2048, 2064, 2064]",301.0
1220,9173,55,17,2023-09-24T05:34:45.017000+00:00,36.196,44.29,19.062,276.0,300.0,False,99.548,"[None, 2048, 2048, 2048, 2049, 2048, 2048, 2048, 2048]","[2048, 2048, 2048, 2048, 2048, 2048, 2049, 2048, 2048, 2048, 2048]","[2048, 2048, 2048, 2048]",303.0
1220,9173,63,17,2023-09-24T05:34:49.235000+00:00,35.773,44.208,19.149,270.0,298.0,False,99.13,"[2049, 2049, 2048, 2048, 2048, 2048, 2048, 2048, 2048]","[2048, 2048, 2048, 2048, 2048, 2048, 2048, 2049, 2048, 2048, 2048]","[2048, 2048, 2048, 2048]",293.0
1220,9173,44,17,2023-09-24T05:34:51.376000+00:00,56.9,43.386,18.768,273.0,296.0,True,119.054,"[2064, 2064, 2048, 2048, 2048, 2048, 2049, 2049, 2048]","[2048, 2049, 2048, 2049, 2049, 2048, 2048, 2049, 2051, 2049, 2048]","[2048, 2048, 2049, 2049, 2049]",296.0
1220,9173,81,17,2023-09-24T05:34:57.282000+00:00,35.734,43.855,19.08,,301.0,False,98.669,"[2048, 2048, 2048, 2048, 2048, 2048, 2048, 2048, 2048]","[2048, 2048, 2048, 2048, 2048, 2048, 2048, 2048, 2048, 2049, 2048]","[2048, 2049, 2048, 2048]",292.0
1220,9173,10,17,2023-09-24T05:34:59.797000+00:00,36.446,44.429,19.157,269.0,299.0,False,100.032,"[None, 2048, 2048, 2048, 2049, 2048, 2048, 2048, 2048]","[2048, 2048, 2048, 2048, 2048, 2048, 2048, 2048, 2048, 2048, 2048]","[2048, 2049, 2048, 2048]",299.0
1220,9173,31,17,2023-09-24T05:35:01.094000+00:00,36.405,44.412,19.107,270.0,302.0,False,99.924,"[None, 2048, 2048, 2048, 2048, 2048, 2048, 2048, 2048]","[2048, 2048, 2048, 2048, 2048, 2048, 2048, 2048, 2048, 2048, 2048]","[2048, 2049, 2048, 2048]",304.0
1220,9173,14,17,2023-09-24T05:35:04.985000+00:00,35.616,43.726,19.07,272.0,298.0,False,98.412,"[None, 2048, 2048, 2048, 2048, 2048, 2048, 2048, 2048]","[2049, 2048, 2048, 2048, 2048, 2049, 2049, 2048, 2048, 2048, 2049]","[2048, 2049, 2048, 2048]",299.0
1220,9173,22,17,2023-09-24T05:35:12.860000+00:00,37.038,44.517,19.109,271.0,296.0,False,100.664,"[None, 2048, 2048, 2048, 2048, 2048, 2048, 2048, 2048]","[2048, 2048, 2048, 2048, 2048, 2048, 2048, 2048, 2048, 2048, 2048]","[2048, 2048, 2048, 2048, 2048]",298.0
1220,9173,40,17,2023-09-24T05:35:14.313000+00:00,36.778,44.49,19.124,275.0,298.0,False,100.392,"[None, 2048, 2048, 2048, 2048, 2048, 2048, 2048, 2048]","[2048, 2048, 2048, 2048, 2048, 2048, 2048, 2048, 2048, 2048, 2048]","[2048, 2048, 2048, 2048, 2048]",298.0
1220,9173,27,17,2023-09-24T05:35:16.547000+00:00,36.296,44.625,19.212,272.0,301.0,False,100.133,"[None, 2048, 2048, 2048, 2048, 2048, 2048, 2048, 2048]","[2048, 2048, 2048, 2048, 2048, 2048, 2048, 2048, 2048, 2048, 2048]","[2048, 2048, 2048, 2048, 2048]",299.0
1220,9173,18,17,2023-09-24T05:35:16.907000+00:00,36.39,44.523,19.169,272.0,303.0,False,100.082,"[2049, 2049, 2048, 2048, 2048, 2048, 2048, 2048, 2048]","[2048, 2048, 2048, 2048, 2048, 2049, 2048, 2048, 2048, 2048, 2048]","[2048, 2048, 2048, 2048, 2048]",304.0
1220,9173,24,17,2023-09-24T05:35:22.391000+00:00,35.894,44.609,19.364,,296.0,False,99.867,"[None, 2048, 2048, 2048, 2048, 2048, 2048, 2048, 2048]","[2048, 2048, 2048, 2048, 2048, 2048, 2048, 2048, 2048, 2048, 2048]","[2048, 2048, 2048, 2048, 2048]",288.0
1220,9173,20,17,2023-09-24T05:35:41.406000+00:00,36.101,43.897,19.21,,297.0,False,99.208,"[None, 2048, 2048, 2048, 2048, 2048, 2048, 2048, 2048]","[2048, 2048, 2048, 2048, 2048, 2048, 2048, 2048, 2048, 2048, 2048]","[2048, 2048, 2048, 2048, 2048]",293.0
1220,9173,23,17,2023-09-24T05:35:47.187000+00:00,36.482,44.197,19.251,276.0,302.0,False,99.93,"[None, 2048, 2048, 2048, 2048, 2048, 2048, 2048, 2048]","[2049, 2048, 2048, 2048, 2048, 2048, 2048, 2048, 2048, 2048, 2048]","[2048, 2048, 2048, 2048, 2048]",284.0
1220,9173,2,17,2023-09-24T05:35:51.828000+00:00,36.761,44.53,19.455,278.0,304.0,False,100.746,"[None, 2048, 2049, 2048, 2048, 2048, 2048, 2048, 2048]","[2049, 2048, 2048, 2048, 2048, 2048, 2048, 2048, 2048, 2048, 2048]","[2048, 2049, 2048, 2048]",302.0
1220,9173,4,18,2023-09-24T05:36:22.859000+00:00,55.501,43.644,18.978,273.0,307.0,True,118.123,"[2064, 2064, 2048, 2048, 2048, 2048, 2049, 2048, 2048]","[2048, 2048, 2048, 2048, 2049, 2049, 2048, 2048, 2048, 2051, 2049]","[2049, 2051, 2048, 2048, 2049]",303.0
1220,9173,55,18,2023-09-24T05:36:24.577000+00:00,36.005,44.067,21.732,275.0,296.0,False,101.804,"[None, 2048, 2048, 2048, 2049, 2049, 2048, 2048, 2048]","[2049, 2048, 2048, 2048, 2048, 2048, 2048, 2049, 2048, 2048, 2048]","[2048, 2048, 2048, 2064, 2064]",297.0
1220,9173,16,18,2023-09-24T05:36:25.624000+00:00,55.015,43.489,18.752,279.0,302.0,True,117.256,"[2064, 2064, 2048, 2049, 2049, 2049, 2049, 2049, 2049]","[2048, 2049, 2048, 2048, 2048, 2049, 2049, 2049, 2049, 2049, 2049]","[2049, 2048, 2049, 2048, 0]",306.0
1220,9173,63,18,2023-09-24T05:36:28.358000+00:00,36.082,44.248,19.223,274.0,297.0,False,99.553,"[2048, 2048, 2048, 2048, 2048, 2049, 2048, 2048, 2048]","[2049, 2048, 2048, 2048, 2048, 2048, 2048, 2048, 2048, 2048, 2048]","[2048, 2048, 2048, 2048]",295.0
1220,9173,1,18,2023-09-24T05:36:31.765000+00:00,35.205,43.259,18.935,278.0,299.0,False,97.399,"[2049, 2049, 2048, 2048, 2048, 2048, 2048, 2048, 2049]","[2048, 2048, 2048, 2048, 2048, 2049, 2049, 2048, 2048, 2048, 2049]","[2048, 2048, 2048, 2048, 2049]",286.0
1220,9173,81,18,2023-09-24T05:36:35.827000+00:00,35.584,43.76,19.278,276.0,300.0,False,98.622,"[None, 2048, 2048, 2048, 2048, 2048, 2048, 2048, 2048]","[2049, 2048, 2048, 2048, 2048, 2048, 2048, 2048, 2048, 2048, 2048]","[2048, 2048, 2048, 2048]",286.0
1220,9173,10,18,2023-09-24T05:36:39.764000+00:00,36.466,44.493,21.989,268.0,298.0,False,102.948,"[None, 2048, 2048, 2048, 2048, 2049, 2048, 2048, 2048]","[2048, 2048, 2048, 2048, 2048, 2048, 2048, 2048, 2048, 2048, 2048]","[2048, 2048, 2048, 2064, 2064]",296.0
1220,9173,31,18,2023-09-24T05:36:41.030000+00:00,36.315,44.511,19.92,,302.0,False,100.746,"[None, 2048, 2048, 2048, 2048, 2048, 2048, 2048, 2048]","[2048, 2048, 2048, 2048, 2048, 2048, 2048, 2048, 2048, 2048, 2048]","[2048, 2048, 2048, 2048, 2048]",305.0
1220,9173,14,18,2023-09-24T05:36:43.296000+00:00,36.347,43.755,19.161,273.0,299.0,False,99.263,"[None, 2048, 2048, 2048, 2048, 2048, 2048, 2048, 2048]","[2048, 2048, 2048, 2049, 2048, 2049, 2049, 2048, 2048, 2048, 2049]","[2049, 2048, 2048, 2048]",300.0
1220,9173,44,18,2023-09-24T05:36:50.483000+00:00,35.418,43.274,18.797,270.0,297.0,False,97.489,"[2048, 2048, 2048, 2049, 2049, 2048, 2048, 2048, 2048]","[2048, 2048, 2049, 2049, 2048, 2048, 2048, 2048, 2051, 2049, 2048]","[2048, 2048, 2048, 2048, 2048]",297.0
1220,9173,22,18,2023-09-24T05:36:53.530000+00:00,36.406,44.505,19.231,273.0,295.0,False,100.142,"[None, 2048, 2048, 2048, 2048, 2048, 2048, 2048, 2048]","[2048, 2048, 2048, 2048, 2048, 2048, 2048, 2048, 2048, 2048, 2048]","[2048, 2048, 2048, 2048, 2048]",297.0
1220,9173,40,18,2023-09-24T05:36:54.686000+00:00,36.404,44.601,19.274,271.0,298.0,False,100.279,"[None, 2048, 2048, 2048, 2048, 2048, 2048, 2048, 2048]","[2048, 2048, 2048, 2048, 2048, 2048, 2048, 2048, 2048, 2048, 2048]","[2048, 2048, 2048, 2048, 2048]",296.0
1220,9173,27,18,2023-09-24T05:36:56.686000+00:00,37.083,45.075,19.24,273.0,301.0,False,101.398,"[None, 2048, 2048, 2048, 2048, 2048, 2048, 2048, 2048]","[2048, 2048, 2048, 2048, 2048, 2048, 2048, 2048, 2048, 2048, 2048]","[2048, 2048, 2048, 2048, 2048]",299.0
1220,9173,18,18,2023-09-24T05:36:56.983000+00:00,35.842,44.15,19.12,271.0,301.0,False,99.112,"[2048, 2049, 2048, 2048, 2048, 2048, 2048, 2048, 2048]","[2048, 2048, 2048, 2048, 2048, 2049, 2048, 2048, 2048, 2048, 2048]","[2048, 2048, 2048, 2048]",304.0
1220,9173,24,18,2023-09-24T05:37:02.280000+00:00,36.117,44.569,19.33,,297.0,False,100.016,"[None, 2048, 2048, 2048, 2048, 2048, 2048, 2048, 2048]","[2048, 2048, 2048, 2048, 2048, 2048, 2048, 2048, 2048, 2048, 2048]","[2048, 2048, 2048, 2048, 2048]",288.0
1220,9173,20,18,2023-09-24T05:37:20.623000+00:00,35.939,44.101,19.245,,298.0,False,99.285,"[None, 2048, 2048, 2048, 2048, 2048, 2048, 2048, 2048]","[2048, 2048, 2048, 2048, 2048, 2048, 2048, 2048, 2048, 2048, 2048]","[2048, 2048, 2048, 2048]",294.0
1220,9173,23,18,2023-09-24T05:37:27.107000+00:00,36.765,44.099,19.475,,302.0,False,100.339,"[None, 2048, 2048, 2048, 2048, 2048, 2048, 2048, 2048]","[2049, 2048, 2049, 2048, 2048, 2048, 2048, 2048, 2048, 2048, 2048]","[2048, 2048, 2048, 2048, 2048]",279.0
1220,9173,2,18,2023-09-24T05:37:32.654000+00:00,36.475,44.723,19.37,,304.0,False,100.568,"[None, 2048, 2049, 2048, 2048, 2048, 2048, 2048, 2048]","[2048, 2048, 2048, 2048, 2048, 2048, 2048, 2048, 2048, 2048, 2048]","[2048, 2048, 2048, 2048, 2048]",304.0
1220,9173,55,19,2023-09-24T05:38:06.247000+00:00,55.036,43.461,18.869,276.0,300.0,True,117.366,"[2064, 2064, 2048, 2049, 2049, 2048, 2049, 2049, 2048]","[2048, 2049, 2049, 2048, 2049, 2049, 2049, 2048, 2049, 2049, 2048]","[2049, 2048, 2048, 2048, 2048]",303.0
1220,9173,63,19,2023-09-24T05:38:07.904000+00:00,36.076,44.842,19.098,273.0,301.0,False,100.016,"[None, 2048, 2048, 2048, 2048, 2048, 2048, 2048, 2048]","[2048, 2048, 2048, 2048, 2048, 2048, 2048, 2048, 2048, 2048, 2048]","[2048, 2048, 2048, 2048]",299.0
1220,9173,1,19,2023-09-24T05:38:09.138000+00:00,35.312,43.573,18.884,280.0,297.0,False,97.769,"[None, 2049, 2048, 2048, 2048, 2048, 2048, 2048, 2051]","[2048, 2048, 2048, 2048, 2048, 2048, 2048, 2051, 2049, 2048, 2048]","[2048, 2048, 2048, 2048, 2048]",287.0
1220,9173,81,19,2023-09-24T05:38:14.466000+00:00,35.612,43.845,19.117,279.0,301.0,False,98.574,"[None, 2048, 2048, 2048, 2048, 2049, 2048, 2048, 2048]","[2048, 2048, 2048, 2048, 2048, 2048, 2048, 2048, 2048, 2048, 2048]","[2048, 2048, 2048, 2048]",293.0
1220,9173,4,19,2023-09-24T05:38:21.028000+00:00,34.771,43.065,18.853,277.0,300.0,False,96.689,"[2049, 2049, 2048, 2048, 2048, 2048, 2049, 2049, 2048]","[2048, 2048, 2049, 2048, 2048, 2048, 2048, 2049, 2049, 2048, 2048]","[2048, 2048, 2049, 2048]",295.0
1220,9173,31,19,2023-09-24T05:38:21.669000+00:00,36.293,45.052,19.276,272.0,303.0,False,100.621,"[None, 2048, 2048, 2048, 2048, 2048, 2048, 2048, 2049]","[2048, 2048, 2048, 2048, 2048, 2048, 2048, 2048, 2048, 2048, 2048]","[2048, 2048, 2048, 2048, 2048]",306.0
1220,9173,14,19,2023-09-24T05:38:22.575000+00:00,36.681,44.257,19.154,272.0,302.0,False,100.092,"[None, 2048, 2048, 2048, 2048, 2048, 2048, 2048, 2048]","[2048, 2048, 2048, 2048, 2048, 2049, 2049, 2048, 2048, 2049, 2049]","[2049, 2048, 2048, 2048]",303.0
1220,9173,10,19,2023-09-24T05:38:22.685000+00:00,57.273,43.757,18.598,270.0,304.0,True,119.628,"[2064, 2064, 2048, 2048, 2048, 2048, 2049, 2048, 2048]","[2048, 2049, 2048, 2048, 2048, 2048, 2048, 2049, 2049, 2049, 2048]","[2048, 2051, 2049, 2049, 2049]",307.0
1220,9173,16,19,2023-09-24T05:38:22.888000+00:00,35.625,43.894,19.055,274.0,299.0,False,98.574,"[2051, 2049, 2048, 2048, 2048, 2048, 2048, 2048, 2048]","[2048, 2048, 2048, 2048, 2049, 2051, 2049, 2048, 2048, 2048, 2048]","[2048, 2048, 2048, 2048, 2048]",299.0
1220,9173,44,19,2023-09-24T05:38:28.044000+00:00,35.441,43.604,18.833,272.0,299.0,False,97.878,"[None, 2048, 2048, 2049, 2049, 2048, 2048, 2048, 2048]","[2048, 2048, 2048, 2048, 2048, 2048, 2048, 2048, 2048, 2048, 2048]","[2048, 2048, 2048, 2048, 2048]",298.0
1220,9173,22,19,2023-09-24T05:38:33.669000+00:00,36.323,44.655,19.238,272.0,295.0,False,100.216,"[None, 2048, 2048, 2048, 2048, 2048, 2048, 2048, 2048]","[2048, 2048, 2048, 2048, 2048, 2048, 2048, 2048, 2048, 2048, 2048]","[2048, 2049, 2048, 2048, 2048]",298.0
1220,9173,40,19,2023-09-24T05:38:34.966000+00:00,36.42,44.66,19.098,273.0,298.0,False,100.178,"[None, 2048, 2048, 2048, 2048, 2048, 2048, 2048, 2048]","[2048, 2048, 2048, 2048, 2048, 2048, 2048, 2048, 2048, 2048, 2048]","[2048, 2048, 2048, 2048]",302.0
1220,9173,18,19,2023-09-24T05:38:35.997000+00:00,35.925,44.238,19.388,273.0,305.0,False,99.551,"[None, 2048, 2048, 2048, 2048, 2048, 2048, 2048, 2048]","[2048, 2048, 2049, 2048, 2048, 2049, 2049, 2048, 2048, 2049, 2049]","[2048, 2048, 2048, 2048]",298.0
1220,9173,27,19,2023-09-24T05:38:38.075000+00:00,36.32,44.887,19.118,270.0,302.0,False,100.325,"[None, 2048, 2048, 2048, 2048, 2048, 2048, 2048, 2048]","[2048, 2048, 2048, 2048, 2048, 2048, 2048, 2048, 2048, 2048, 2048]","[2048, 2048, 2048, 2048]",299.0
1220,9173,24,19,2023-09-24T05:38:42.262000+00:00,,44.583,19.109,266.0,298.0,False,99.809,"[None, 2048, 2048, 2048, 2048, 2048, 2048, 2048, 2048]","[2048, 2048, 2048, 2048, 2048, 2048, 2048, 2048, 2048, 2048, 2048]","[2048, 2049, 2048, 2048]",291.0
1220,9173,20,19,2023-09-24T05:38:59.965000+00:00,36.123,44.137,19.177,271.0,299.0,False,99.437,"[None, 2048, 2048, 2048, 2048, 2048, 2048, 2048, 2048]","[2049, 2048, 2048, 2048, 2048, 2048, 2048, 2048, 2048, 2048, 2048]","[2048, 2048, 2048, 2048, 2048]",296.0
1220,9173,23,19,2023-09-24T05:39:07.449000+00:00,36.478,44.277,19.117,278.0,303.0,False,99.872,"[None, 2048, 2048, 2048, 2048, 2048, 2048, 2048, 2049]","[2048, 2048, 2049, 2048, 2048, 2048, 2048, 2048, 2048, 2048, 2048]","[2049, 2049, 2048, 2048, 2048]",294.0
1220,9173,2,19,2023-09-24T05:39:13.137000+00:00,36.507,44.784,19.172,279.0,305.0,False,100.463,"[None, 2048, 2049, 2048, 2048, 2048, 2048, 2048, 2048]","[2048, 2048, 2048, 2048, 2048, 2048, 2048, 2048, 2048, 2048, 2049]","[2048, 2048, 2048, 2048, 2048]",304.0
1220,9173,1,20,2023-09-24T05:39:46.902000+00:00,35.182,43.275,18.887,277.0,297.0,False,97.344,"[2048, 2048, 2048, 2048, 2048, 2048, 2048, 2048, 2048]","[2048, 2048, 2048, 2048, 2048, 2048, 2048, 2048, 2048, 2048, 2048]","[2048, 2048, 2048, 2048, 2048]",284.0
1220,9173,63,20,2023-09-24T05:39:47.949000+00:00,36.069,44.115,19.235,275.0,299.0,False,99.419,"[None, 2048, 2048, 2048, 2048, 2048, 2048, 2048, 2048]","[2049, 2048, 2048, 2048, 2048, 2048, 2048, 2049, 2048, 2048, 2048]","[2048, 2048, 2048, 2048, 2048]",291.0
1220,9173,81,20,2023-09-24T05:39:53.027000+00:00,35.633,43.86,19.213,278.0,302.0,False,98.706,"[None, 2048, 2048, 2048, 2048, 2048, 2048, 2048, 2048]","[2048, 2048, 2048, 2048, 2048, 2048, 2048, 2048, 2048, 2048, 2048]","[2048, 2048, 2048, 2048]",292.0
1220,9173,4,20,2023-09-24T05:39:57.652000+00:00,35.242,43.462,19.072,274.0,301.0,False,97.776,"[2048, 2048, 2048, 2048, 2048, 2048, 2048, 2048, 2048]","[2048, 2048, 2048, 2048, 2048, 2048, 2048, 2048, 2048, 2048, 2048]","[2048, 2048, 2048, 2049, 2048]",290.0
1220,9173,16,20,2023-09-24T05:40:01.339000+00:00,35.641,43.571,18.957,272.0,300.0,False,98.169,"[2048, 2048, 2048, 2048, 2048, 2049, 2048, 2048, 2048]","[2048, 2049, 2048, 2048, 2048, 2048, 2048, 2048, 2048, 2048, 2048]","[2048, 2048, 2048, 2048, 2048]",294.0
1220,9173,31,20,2023-09-24T05:40:02.402000+00:00,36.508,44.685,19.224,,302.0,False,100.417,"[None, 2048, 2048, 2048, 2048, 2048, 2048, 2048, 2049]","[2048, 2048, 2048, 2048, 2048, 2048, 2048, 2048, 2048, 2048, 2048]","[2048, 2049, 2048, 2048, 2048]",303.0
1220,9173,14,20,2023-09-24T05:40:02.667000+00:00,36.54,45.349,19.244,274.0,300.0,False,101.133,"[2049, 2049, 2048, 2048, 2048, 2048, 2048, 2048, 2048]","[2048, 2048, 2048, 2048, 2048, 2048, 2048, 2048, 2048, 2048, 2048]","[2048, 2048, 2048, 2048, 2048]",302.0
1220,9173,55,20,2023-09-24T05:40:03.761000+00:00,35.961,44.31,18.917,275.0,304.0,False,99.188,"[2048, 2048, 2048, 2049, 2048, 2048, 2048, 2048, 2048]","[2048, 2048, 2048, 2048, 2048, 2048, 2048, 2048, 2048, 2049, 2049]","[2049, 2048, 2048, 2048]",302.0
1220,9173,44,20,2023-09-24T05:40:05.839000+00:00,35.71,43.808,19.001,271.0,302.0,False,98.519,"[None, 2048, 2048, 2048, 2048, 2048, 2048, 2048, 2048]","[2048, 2048, 2048, 2048, 2048, 2049, 2048, 2048, 2048, 2049, 2049]","[2049, 2048, 2048, 2048, 2049]",303.0
1220,9173,22,20,2023-09-24T05:40:13.933000+00:00,36.611,44.654,19.222,273.0,295.0,False,100.487,"[None, 2048, 2048, 2048, 2048, 2048, 2048, 2048, 2048]","[2048, 2048, 2048, 2048, 2048, 2048, 2048, 2048, 2048, 2048, 2048]","[2048, 2048, 2048, 2048, 2048]",297.0
1220,9173,40,20,2023-09-24T05:40:15.042000+00:00,36.678,44.66,19.248,,298.0,False,100.586,"[None, 2048, 2048, 2048, 2048, 2048, 2048, 2048, 2048]","[2048, 2048, 2048, 2048, 2048, 2048, 2048, 2048, 2048, 2048, 2048]","[2048, 2048, 2048, 2048, 2048]",300.0
1220,9173,18,20,2023-09-24T05:40:15.542000+00:00,36.737,44.474,22.084,272.0,304.0,False,103.295,"[None, 2048, 2048, 2048, 2048, 2048, 2048, 2048, 2048]","[2048, 2048, 2048, 2048, 2048, 2048, 2048, 2048, 2048, 2048, 2048]","[2048, 2048, 2048, 2064, 2064]",292.0
1220,9173,27,20,2023-09-24T05:40:18.401000+00:00,36.637,44.672,19.268,271.0,303.0,False,100.577,"[None, 2048, 2048, 2048, 2048, 2048, 2048, 2048, 2048]","[2048, 2048, 2048, 2048, 2048, 2048, 2048, 2048, 2048, 2048, 2049]","[2048, 2048, 2048, 2048, 2048]",299.0
1220,9173,24,20,2023-09-24T05:40:22.026000+00:00,36.827,44.586,19.328,263.0,297.0,False,100.741,"[None, 2048, 2048, 2048, 2048, 2048, 2048, 2048, 2048]","[2048, 2048, 2048, 2048, 2048, 2048, 2048, 2048, 2048, 2048, 2048]","[2048, 2048, 2048, 2048]",289.0
1220,9173,10,20,2023-09-24T05:40:22.417000+00:00,34.951,43.512,18.816,268.0,303.0,False,97.279,"[2049, 2049, 2051, 2049, 2049, 2049, 2048, 2049, 2048]","[2048, 2049, 2048, 2049, 2049, 2048, 2048, 2049, 2049, 2048, 2048]","[2048, 2048, 2048, 2048, 2048]",303.0
1220,9173,20,20,2023-09-24T05:40:39.354000+00:00,35.993,44.044,19.231,272.0,298.0,False,99.268,"[None, 2048, 2048, 2048, 2048, 2048, 2048, 2048, 2048]","[2048, 2048, 2048, 2048, 2048, 2048, 2048, 2048, 2048, 2048, 2048]","[2048, 2048, 2048, 2048, 2048]",298.0
1220,9173,23,20,2023-09-24T05:40:47.338000+00:00,36.626,44.206,19.266,277.0,303.0,False,100.098,"[None, 2048, 2048, 2048, 2048, 2048, 2048, 2048, 2048]","[2048, 2048, 2049, 2048, 2048, 2048, 2048, 2048, 2048, 2048, 2048]","[2048, 2048, 2048, 2048, 2048]",284.0
1220,9173,2,20,2023-09-24T05:40:53.651000+00:00,36.632,44.879,19.657,277.0,304.0,False,101.168,"[None, 2048, 2048, 2048, 2048, 2048, 2048, 2048, 2048]","[2048, 2048, 2048, 2048, 2048, 2048, 2048, 2048, 2048, 2048, 2048]","[2048, 2048, 2048, 2048, 2048]",303.0
1220,9173,1,21,2023-09-24T05:41:24.306000+00:00,35.243,43.4,18.922,278.0,297.0,False,97.565,"[None, 2048, 2048, 2048, 2048, 2048, 2048, 2048, 2048]","[2048, 2048, 2048, 2048, 2048, 2048, 2048, 2048, 2048, 2048, 2048]","[2048, 2048, 2048, 2048]",287.0
1220,9173,63,21,2023-09-24T05:41:27.447000+00:00,36.166,44.259,19.134,,297.0,False,99.559,"[None, 2048, 2048, 2048, 2048, 2048, 2048, 2048, 2048]","[2049, 2048, 2048, 2048, 2048, 2048, 2048, 2048, 2048, 2048, 2048]","[2048, 2048, 2048, 2048, 2048]",296.0
1220,9173,81,21,2023-09-24T05:41:31.837000+00:00,35.629,43.555,19.079,279.0,302.0,False,98.263,"[None, 2048, 2048, 2048, 2048, 2048, 2048, 2048, 2048]","[2049, 2048, 2049, 2048, 2048, 2049, 2049, 2049, 2048, 2049, 2048]","[2048, 2048, 2048, 2048, 2048]",290.0
1220,9173,4,21,2023-09-24T05:41:35.478000+00:00,35.345,43.226,18.982,278.0,301.0,False,97.553,"[None, 2048, 2048, 2048, 2048, 2049, 2048, 2048, 2049]","[2051, 2048, 2049, 2048, 2048, 2049, 2049, 2048, 2048, 2048, 2048]","[2048, 2048, 2048, 2048, 2048]",289.0
1220,9173,16,21,2023-09-24T05:41:39.634000+00:00,35.519,43.668,18.979,274.0,298.0,False,98.166,"[None, 2048, 2049, 2048, 2048, 2048, 2048, 2048, 2048]","[2049, 2049, 2048, 2048, 2048, 2048, 2048, 2049, 2048, 2048, 2048]","[2048, 2048, 2048, 2048, 2048]",295.0
1220,9173,55,21,2023-09-24T05:41:42.853000+00:00,35.435,43.647,18.905,271.0,299.0,False,97.987,"[2049, 2048, 2048, 2048, 2048, 2048, 2048, 2048, 2048]","[2048, 2048, 2048, 2048, 2048, 2048, 2048, 2048, 2049, 2048, 2048]","[2048, 2048, 2049, 2048]",295.0
1220,9173,31,21,2023-09-24T05:41:42.853000+00:00,36.968,44.689,19.259,270.0,301.0,False,100.916,"[None, 2048, 2048, 2048, 2048, 2048, 2048, 2048, 2048]","[2048, 2048, 2049, 2048, 2048, 2048, 2048, 2048, 2048, 2048, 2048]","[2048, 2048, 2048, 2048]",301.0
1220,9173,14,21,2023-09-24T05:41:43.931000+00:00,36.36,44.769,19.976,272.0,301.0,False,101.105,"[2048, 2049, 2048, 2048, 2048, 2048, 2048, 2048, 2048]","[2048, 2048, 2048, 2048, 2048, 2049, 2048, 2048, 2048, 2048, 2048]","[2048, 2048, 2048, 2048, 2048]",269.0
1220,9173,44,21,2023-09-24T05:41:44.384000+00:00,36.212,44.512,19.028,277.0,314.0,False,99.752,"[2049, 2049, 2049, 2048, 2048, 2048, 2048, 2048, 2049]","[2048, 2048, 2048, 2048, 2048, 2049, 2049, 2048, 2048, 2051, 2051]","[2049, 2048, 2048, 2048]",294.0
1220,9173,22,21,2023-09-24T05:41:54.368000+00:00,36.675,44.632,19.185,271.0,295.0,False,100.492,"[None, 2048, 2048, 2048, 2048, 2048, 2048, 2048, 2048]","[2048, 2048, 2048, 2048, 2048, 2048, 2048, 2048, 2048, 2048, 2048]","[2048, 2048, 2048, 2048, 2048]",297.0
1220,9173,40,21,2023-09-24T05:41:55.712000+00:00,36.903,44.796,19.316,272.0,297.0,False,101.015,"[None, 2048, 2048, 2048, 2048, 2048, 2048, 2048, 2048]","[2048, 2048, 2048, 2048, 2048, 2048, 2048, 2048, 2048, 2048, 2048]","[2048, 2048, 2048, 2048, 2048]",295.0
1220,9173,18,21,2023-09-24T05:41:58.868000+00:00,,,,,,False,,,,,
1220,9173,27,21,2023-09-24T05:41:58.962000+00:00,36.57,44.711,21.356,,303.0,False,102.637,"[None, 2048, 2048, 2048, 2048, 2048, 2048, 2048, 2048]","[2048, 2048, 2048, 2048, 2048, 2048, 2049, 2048, 2048, 2048, 2049]","[2048, 2048, 2048, 2064, 2064]",298.0
1220,9173,10,21,2023-09-24T05:41:59.743000+00:00,36.261,44.531,19.306,270.0,308.0,False,100.098,"[2048, 2048, 2048, 2048, 2048, 2048, 2048, 2048, 2048]","[2048, 2048, 2048, 2048, 2048, 2049, 2048, 2048, 2048, 2048, 2049]","[2048, 2048, 2048, 2048, 2048]",304.0
1220,9173,24,21,2023-09-24T05:42:02.837000+00:00,36.268,44.921,19.436,264.0,297.0,False,100.625,"[None, 2048, 2048, 2048, 2048, 2048, 2048, 2048, 2048]","[2048, 2048, 2048, 2048, 2048, 2048, 2048, 2048, 2048, 2048, 2048]","[2048, 2048, 2048, 2048]",288.0
1220,9173,20,21,2023-09-24T05:42:18.618000+00:00,36.06,44.371,19.203,,298.0,False,99.634,"[None, 2048, 2048, 2048, 2048, 2048, 2048, 2048, 2048]","[2049, 2048, 2048, 2048, 2048, 2048, 2048, 2048, 2048, 2048, 2048]","[2048, 2048, 2048, 2048, 2048]",298.0
1220,9173,23,21,2023-09-24T05:42:27.415000+00:00,36.645,44.41,19.366,,302.0,False,100.421,"[None, 2048, 2048, 2048, 2048, 2048, 2048, 2048, 2048]","[2049, 2048, 2048, 2048, 2048, 2048, 2048, 2048, 2048, 2048, 2048]","[2048, 2048, 2048, 2048, 2048]",288.0
1220,9173,2,21,2023-09-24T05:42:34.805000+00:00,36.434,44.872,22.065,278.0,303.0,False,103.371,"[None, 2048, 2049, 2048, 2048, 2048, 2048, 2048, 2048]","[2048, 2048, 2048, 2048, 2048, 2048, 2048, 2048, 2048, 2048, 2048]","[2048, 2048, 2048, 2064, 2064]",303.0
1220,9173,1,22,2023-09-24T05:43:01.836000+00:00,35.387,43.333,18.872,276.0,298.0,False,97.592,"[None, 2048, 2048, 2048, 2048, 2048, 2048, 2048, 2048]","[2048, 2048, 2048, 2048, 2048, 2048, 2048, 2048, 2048, 2048, 2048]","[2048, 2049, 2048, 2048]",289.0
1220,9173,63,22,2023-09-24T05:43:06.992000+00:00,36.107,44.275,19.183,,298.0,False,99.565,"[None, 2048, 2048, 2048, 2048, 2049, 2048, 2048, 2048]","[2048, 2048, 2048, 2048, 2048, 2048, 2048, 2048, 2048, 2048, 2048]","[2048, 2048, 2048, 2048, 2048]",297.0
1220,9173,81,22,2023-09-24T05:43:10.101000+00:00,35.601,43.573,19.091,,303.0,False,98.265,"[None, 2048, 2048, 2048, 2048, 2048, 2048, 2048, 2049]","[2048, 2048, 2049, 2048, 2048, 2049, 2049, 2048, 2048, 2048, 2048]","[2048, 2048, 2048, 2048, 2048]",291.0
1220,9173,4,22,2023-09-24T05:43:13.039000+00:00,35.194,43.327,19.125,277.0,303.0,False,97.646,"[None, 2048, 2049, 2048, 2048, 2048, 2048, 2048, 2048]","[2051, 2048, 2048, 2048, 2048, 2049, 2048, 2048, 2048, 2048, 2048]","[2048, 2048, 2048, 2049]",279.0
1220,9173,16,22,2023-09-24T05:43:17.804000+00:00,35.266,43.629,19.05,275.0,299.0,False,97.945,"[None, 2048, 2049, 2048, 2048, 2049, 2048, 2048, 2048]","[2049, 2048, 2048, 2048, 2048, 2048, 2048, 2049, 2048, 2048, 2048]","[2048, 2049, 2048, 2048, 2048]",300.0
1220,9173,55,22,2023-09-24T05:43:20.835000+00:00,35.631,43.443,18.805,272.0,300.0,False,97.879,"[2048, 2048, 2048, 2048, 2049, 2048, 2048, 2048, 2048]","[2049, 2048, 2048, 2048, 2048, 2048, 2048, 2049, 2049, 2048, 2048]","[2048, 2048, 2049, 2048, 2048]",299.0
1220,9173,31,22,2023-09-24T05:43:23.742000+00:00,37.056,44.662,19.224,272.0,302.0,False,100.942,"[None, 2048, 2048, 2048, 2048, 2048, 2048, 2048, 2049]","[2048, 2048, 2048, 2048, 2048, 2048, 2048, 2048, 2048, 2048, 2048]","[2048, 2048, 2048, 2048, 2048]",304.0
1220,9173,44,22,2023-09-24T05:43:24.007000+00:00,35.314,43.862,18.944,270.0,298.0,False,98.12,"[2048, 2048, 2048, 2048, 2048, 2048, 2048, 2048, 2048]","[2048, 2048, 2048, 2048, 2048, 2048, 2048, 2048, 2048, 2048, 2048]","[2048, 2048, 2048, 2048]",296.0
1220,9173,14,22,2023-09-24T05:43:24.976000+00:00,36.516,44.432,19.093,270.0,301.0,False,100.041,"[None, 2048, 2049, 2048, 2048, 2048, 2048, 2048, 2048]","[2048, 2048, 2049, 2048, 2048, 2048, 2049, 2048, 2048, 2048, 2049]","[2049, 2048, 2048, 2048, 2049]",304.0
1220,9173,22,22,2023-09-24T05:43:34.913000+00:00,36.574,44.801,19.276,273.0,295.0,False,100.651,"[None, 2048, 2048, 2048, 2048, 2048, 2048, 2048, 2048]","[2048, 2048, 2048, 2048, 2048, 2048, 2048, 2048, 2048, 2048, 2048]","[2048, 2048, 2048, 2048]",296.0
1220,9173,40,22,2023-09-24T05:43:36.757000+00:00,36.762,44.799,19.248,270.0,297.0,False,100.809,"[None, 2048, 2048, 2048, 2048, 2048, 2048, 2048, 2048]","[2048, 2048, 2048, 2048, 2048, 2048, 2048, 2048, 2048, 2048, 2048]","[2048, 2048, 2048, 2048, 2048]",295.0
1220,9173,10,22,2023-09-24T05:43:39.820000+00:00,35.497,43.729,18.955,271.0,304.0,False,98.181,"[None, 2048, 2048, 2048, 2049, 2048, 2048, 2048, 2048]","[2049, 2048, 2048, 2048, 2048, 2048, 2048, 2048, 2048, 2049, 2048]","[2048, 2048, 2048, 2048, 2048]",303.0
1220,9173,27,22,2023-09-24T05:43:41.569000+00:00,56.872,44.249,18.963,271.0,300.0,True,120.084,"[2064, 2064, 2048, 2048, 2048, 2048, 2048, 2048, 2048]","[2048, 2048, 2048, 2048, 2048, 2048, 2048, 2048, 2048, 2048, 2048]","[2048, 2048, 2048, 2048, 2048]",295.0
1220,9173,24,22,2023-09-24T05:43:43.335000+00:00,36.244,44.823,19.348,267.0,296.0,False,100.415,"[None, 2048, 2048, 2048, 2048, 2048, 2048, 2048, 2048]","[2048, 2048, 2048, 2048, 2048, 2048, 2048, 2048, 2048, 2048, 2048]","[2048, 2048, 2048, 2048, 2048]",292.0
1220,9173,20,22,2023-09-24T05:43:58.147000+00:00,36.231,44.359,19.165,271.0,298.0,False,99.755,"[None, 2048, 2048, 2048, 2048, 2048, 2048, 2048, 2048]","[2048, 2048, 2048, 2048, 2048, 2048, 2048, 2048, 2048, 2048, 2048]","[2048, 2048, 2048, 2048, 2048]",295.0
1220,9173,23,22,2023-09-24T05:44:07.772000+00:00,36.89,44.071,19.11,276.0,304.0,False,100.071,"[None, 2048, 2048, 2048, 2048, 2048, 2048, 2048, 2048]","[2048, 2048, 2049, 2048, 2048, 2048, 2048, 2048, 2048, 2048, 2048]","[2049, 2048, 2048, 2048, 2048]",292.0
1220,9173,2,22,2023-09-24T05:44:18.100000+00:00,69.886,44.312,22.841,280.0,304.0,True,137.039,"[2064, 2064, 2048, 2048, 2048, 2048, 2048, 2048, 2048]","[2048, 2048, 2048, 2048, 2048, 2049, 2048, 2048, 2048, 2048, 2048]","[2048, 2048, 2048, 2064, 2064]",304.0
1220,9173,1,23,2023-09-24T05:44:39.381000+00:00,35.268,43.546,18.908,,298.0,False,97.722,"[None, 2048, 2048, 2048, 2048, 2048, 2048, 2048, 2048]","[2048, 2048, 2048, 2048, 2048, 2048, 2048, 2048, 2048, 2048, 2048]","[2048, 2048, 2048, 2048, 2048]",287.0
1220,9173,63,23,2023-09-24T05:44:46.568000+00:00,36.101,44.314,19.024,,298.0,False,99.439,"[None, 2048, 2048, 2048, 2048, 2048, 2048, 2048, 2048]","[2051, 2048, 2048, 2048, 2048, 2048, 2048, 2048, 2048, 2048, 2048]","[2048, 2048, 2048, 2048, 2048]",297.0
1220,9173,81,23,2023-09-24T05:44:48.381000+00:00,35.647,43.86,19.225,281.0,304.0,False,98.732,"[None, 2048, 2048, 2048, 2048, 2048, 2048, 2048, 2051]","[2048, 2048, 2048, 2048, 2048, 2049, 2049, 2048, 2048, 2048, 2048]","[2048, 2048, 2048, 2048, 2049]",296.0
1220,9173,4,23,2023-09-24T05:44:50.693000+00:00,35.341,43.593,19.13,276.0,303.0,False,98.064,"[None, 2048, 2049, 2048, 2048, 2048, 2048, 2048, 2048]","[2048, 2048, 2048, 2048, 2048, 2048, 2048, 2048, 2048, 2048, 2048]","[2048, 2048, 2048, 2049, 2048]",285.0
1220,9173,16,23,2023-09-24T05:44:55.756000+00:00,35.44,43.652,18.913,,301.0,False,98.005,"[None, 2048, 2048, 2048, 2048, 2048, 2048, 2048, 2048]","[2048, 2048, 2048, 2048, 2048, 2048, 2048, 2048, 2048, 2048, 2048]","[2048, 2048, 2048, 2048]",301.0
1220,9173,55,23,2023-09-24T05:44:58.787000+00:00,35.593,43.505,18.761,274.0,300.0,False,97.859,"[None, 2048, 2048, 2048, 2048, 2049, 2048, 2048, 2048]","[2049, 2048, 2048, 2048, 2048, 2048, 2048, 2048, 2048, 2048, 2048]","[2048, 2048, 2049, 2048]",300.0
1220,9173,44,23,2023-09-24T05:45:02.131000+00:00,35.867,43.8,18.901,272.0,298.0,False,98.568,"[None, 2048, 2048, 2048, 2048, 2048, 2048, 2048, 2048]","[2048, 2048, 2048, 2048, 2048, 2048, 2048, 2048, 2048, 2048, 2048]","[2048, 2048, 2048, 2048, 2048]",298.0
1220,9173,31,23,2023-09-24T05:45:04.662000+00:00,36.664,44.509,19.09,271.0,302.0,False,100.263,"[None, 2048, 2048, 2048, 2049, 2048, 2048, 2048, 2048]","[2048, 2048, 2048, 2048, 2048, 2048, 2048, 2048, 2048, 2048, 2048]","[2048, 2048, 2048, 2048, 2048]",304.0
1220,9173,14,23,2023-09-24T05:45:05.037000+00:00,36.624,44.762,19.637,,301.0,False,101.023,"[None, 2048, 2048, 2048, 2048, 2048, 2048, 2048, 2048]","[2048, 2048, 2049, 2048, 2049, 2048, 2048, 2048, 2048, 2048, 2048]","[2048, 2049, 2048, 2048]",302.0
1220,9173,22,23,2023-09-24T05:45:15.521000+00:00,36.465,44.967,19.329,,295.0,False,100.761,"[None, 2048, 2048, 2048, 2048, 2048, 2048, 2048, 2048]","[2048, 2048, 2048, 2048, 2048, 2048, 2048, 2048, 2048, 2048, 2048]","[2048, 2048, 2048, 2048, 2048]",297.0
1220,9173,40,23,2023-09-24T05:45:17.568000+00:00,37.636,44.712,19.217,274.0,298.0,False,101.565,"[None, 2048, 2048, 2048, 2048, 2048, 2048, 2048, 2048]","[2048, 2048, 2048, 2048, 2048, 2048, 2048, 2048, 2048, 2048, 2048]","[2048, 2048, 2048, 2048, 2048]",297.0
1220,9173,10,23,2023-09-24T05:45:17.990000+00:00,35.419,44.009,19.228,269.0,304.0,False,98.656,"[None, 2049, 2048, 2048, 2048, 2048, 2048, 2049, 2048]","[2048, 2048, 2048, 2048, 2048, 2048, 2048, 2048, 2048, 2048, 2048]","[2048, 2048, 2048, 2048, 2048]",299.0
1220,9173,24,23,2023-09-24T05:45:23.880000+00:00,36.161,44.68,19.293,,297.0,False,100.134,"[None, 2048, 2048, 2048, 2048, 2048, 2048, 2048, 2048]","[2048, 2048, 2048, 2048, 2048, 2048, 2048, 2048, 2048, 2048, 2048]","[2048, 2048, 2048, 2048, 2048]",294.0
1220,9173,20,23,2023-09-24T05:45:37.927000+00:00,36.163,44.217,19.15,272.0,299.0,False,99.53,"[None, 2048, 2049, 2048, 2048, 2048, 2048, 2048, 2048]","[2048, 2048, 2048, 2048, 2048, 2048, 2048, 2048, 2048, 2048, 2048]","[2048, 2048, 2048, 2048, 2048]",298.0
1220,9173,27,23,2023-09-24T05:45:41.692000+00:00,36.292,44.116,18.919,272.0,300.0,False,99.327,"[2048, 2048, 2048, 2049, 2048, 2048, 2048, 2048, 2048]","[2048, 2048, 2048, 2048, 2048, 2048, 2048, 2048, 2048, 2048, 2048]","[2048, 2048, 2048, 2048, 2048]",297.0
1220,9173,23,23,2023-09-24T05:45:47.911000+00:00,36.604,44.123,19.192,277.0,304.0,False,99.919,"[None, 2048, 2048, 2048, 2048, 2048, 2048, 2048, 2049]","[2049, 2048, 2049, 2048, 2048, 2048, 2048, 2048, 2048, 2048, 2048]","[2048, 2048, 2048, 2048, 2048]",293.0
1220,9173,1,24,2023-09-24T05:46:17.129000+00:00,35.295,43.465,18.954,277.0,299.0,False,97.714,"[None, 2048, 2048, 2048, 2048, 2048, 2048, 2048, 2048]","[2048, 2048, 2048, 2048, 2048, 2048, 2048, 2048, 2048, 2049, 2048]","[2048, 2048, 2048, 2048]",286.0
1220,9173,63,24,2023-09-24T05:46:26.035000+00:00,35.949,44.228,21.225,,298.0,False,101.402,"[None, 2048, 2048, 2048, 2048, 2048, 2048, 2048, 2048]","[2048, 2048, 2048, 2048, 2048, 2048, 2048, 2048, 2048, 2048, 2048]","[2048, 2048, 2048, 2064, 2064]",296.0
1220,9173,81,24,2023-09-24T05:46:27.113000+00:00,35.626,44.119,19.367,,306.0,False,99.112,"[2049, 2049, 2049, 2048, 2048, 2048, 2048, 2048, 2051]","[2048, 2048, 2048, 2048, 2048, 2048, 2048, 2048, 2048, 2049, 2049]","[2048, 2048, 2048, 2048]",306.0
1220,9173,4,24,2023-09-24T05:46:28.754000+00:00,35.366,43.691,19.08,278.0,304.0,False,98.137,"[None, 2048, 2048, 2048, 2048, 2048, 2048, 2048, 2048]","[2048, 2048, 2048, 2048, 2048, 2048, 2049, 2048, 2048, 2048, 2048]","[2048, 2048, 2048, 2048]",296.0
1220,9173,16,24,2023-09-24T05:46:33.738000+00:00,35.357,43.593,18.93,276.0,300.0,False,97.88,"[None, 2048, 2049, 2049, 2048, 2048, 2048, 2048, 2048]","[2048, 2048, 2048, 2048, 2048, 2048, 2048, 2049, 2048, 2048, 2048]","[2048, 2048, 2048, 2048, 2048]",298.0
1220,9173,2,23,2023-09-24T05:46:35.176000+00:00,,,,,,False,,,,,
1220,9173,55,24,2023-09-24T05:46:36.660000+00:00,35.599,43.503,18.787,,301.0,False,97.889,"[None, 2048, 2048, 2048, 2049, 2048, 2048, 2048, 2048]","[2049, 2048, 2048, 2048, 2048, 2048, 2048, 2049, 2049, 2048, 2048]","[2048, 2048, 2048, 2048, 2048]",299.0
1220,9173,44,24,2023-09-24T05:46:40.801000+00:00,35.597,43.698,18.93,273.0,299.0,False,98.225,"[None, 2048, 2048, 2048, 2048, 2049, 2048, 2048, 2048]","[2048, 2048, 2048, 2048, 2048, 2048, 2048, 2048, 2048, 2048, 2048]","[2048, 2048, 2048, 2048, 2048]",298.0
1220,9173,31,24,2023-09-24T05:46:44.941000+00:00,36.435,44.711,19.331,,301.0,False,100.477,"[None, 2048, 2048, 2048, 2048, 2048, 2048, 2048, 2048]","[2048, 2048, 2048, 2048, 2048, 2048, 2048, 2048, 2048, 2048, 2048]","[2048, 2048, 2048, 2048, 2048]",301.0
1220,9173,14,24,2023-09-24T05:46:46.066000+00:00,35.994,44.566,19.194,271.0,301.0,False,99.754,"[None, 2048, 2048, 2048, 2048, 2048, 2048, 2048, 2048]","[2048, 2048, 2048, 2048, 2048, 2048, 2048, 2048, 2048, 2048, 2048]","[2048, 2048, 2048, 2048, 2048]",301.0
1220,9173,22,24,2023-09-24T05:46:56.269000+00:00,37.135,44.781,19.323,,296.0,False,101.239,"[None, 2048, 2048, 2048, 2048, 2048, 2048, 2048, 2048]","[2048, 2048, 2048, 2048, 2048, 2048, 2048, 2048, 2048, 2048, 2048]","[2048, 2048, 2048, 2048, 2048]",299.0
1220,9173,10,24,2023-09-24T05:46:56.629000+00:00,35.263,43.971,19.009,267.0,299.0,False,98.243,"[2049, 2048, 2048, 2048, 2048, 2049, 2048, 2049, 2048]","[2048, 2049, 2048, 2048, 2048, 2048, 2048, 2048, 2048, 2048, 2048]","[2048, 2048, 2048, 2048]",300.0
1220,9173,40,24,2023-09-24T05:46:59.144000+00:00,36.573,44.753,19.27,270.0,298.0,False,100.596,"[None, 2048, 2048, 2048, 2048, 2048, 2048, 2048, 2048]","[2048, 2048, 2048, 2048, 2048, 2048, 2048, 2048, 2048, 2048, 2048]","[2048, 2048, 2048, 2048, 2048]",295.0
1220,9173,24,24,2023-09-24T05:47:04.019000+00:00,36.019,44.64,19.312,,297.0,False,99.971,"[None, 2048, 2048, 2048, 2048, 2048, 2048, 2048, 2048]","[2048, 2048, 2048, 2048, 2048, 2048, 2048, 2048, 2048, 2048, 2048]","[2048, 2048, 2048, 2048, 2048]",294.0
1220,9173,20,24,2023-09-24T05:47:17.550000+00:00,36.348,44.343,19.15,,299.0,False,99.841,"[None, 2048, 2048, 2048, 2048, 2048, 2048, 2048, 2048]","[2048, 2048, 2048, 2048, 2048, 2048, 2048, 2048, 2048, 2048, 2048]","[2048, 2048, 2048, 2048, 2048]",297.0
1220,9173,27,24,2023-09-24T05:47:21.019000+00:00,35.629,43.878,18.821,,302.0,False,98.328,"[None, 2048, 2048, 2048, 2049, 2049, 2049, 2049, 2048]","[2048, 2048, 2048, 2048, 2048, 2048, 2048, 2048, 2048, 2049, 2048]","[2048, 2048, 2048, 2048, 2048]",302.0
1220,9173,23,24,2023-09-24T05:47:27.831000+00:00,36.749,44.245,19.153,278.0,303.0,False,100.147,"[None, 2048, 2048, 2048, 2048, 2048, 2048, 2048, 2048]","[2048, 2048, 2048, 2048, 2048, 2048, 2048, 2048, 2048, 2048, 2048]","[2048, 2049, 2048, 2048, 2048]",294.0
1220,9173,1,25,2023-09-24T05:47:54.737000+00:00,35.443,43.553,18.95,,297.0,False,97.946,"[None, 2048, 2048, 2048, 2048, 2048, 2048, 2048, 2048]","[2048, 2048, 2048, 2048, 2048, 2048, 2048, 2048, 2048, 2048, 2048]","[2049, 2048, 2048, 2048, 2048]",288.0
1220,9173,81,25,2023-09-24T05:48:06.127000+00:00,35.194,43.937,19.41,278.0,300.0,False,98.541,"[2048, 2048, 2049, 2048, 2048, 2048, 2048, 2048, 2048]","[2048, 2048, 2048, 2048, 2048, 2048, 2048, 2048, 2048, 2048, 2048]","[2048, 2048, 2048, 2048, 2048]",291.0
1220,9173,4,25,2023-09-24T05:48:06.784000+00:00,35.226,43.733,19.413,281.0,304.0,False,98.372,"[2049, 2049, 2048, 2048, 2048, 2048, 2048, 2048, 2051]","[2048, 2048, 2048, 2048, 2048, 2048, 2049, 2048, 2048, 2048, 2048]","[2048, 2048, 2048, 2048, 2049]",294.0
1220,9173,63,25,2023-09-24T05:48:07.362000+00:00,55.627,43.715,18.772,279.0,306.0,True,118.114,"[2064, 2064, 2048, 2049, 2049, 2049, 2049, 2049, 2048]","[2048, 2049, 2048, 2048, 2048, 2048, 2048, 2048, 2048, 2051, 2049]","[2048, 2048, 2049, 2049, 2049]",287.0
1220,9173,16,25,2023-09-24T05:48:11.643000+00:00,35.459,43.675,18.986,275.0,299.0,False,98.12,"[None, 2048, 2048, 2048, 2048, 2048, 2048, 2048, 2048]","[2049, 2048, 2048, 2048, 2048, 2048, 2048, 2048, 2048, 2048, 2048]","[2048, 2048, 2048, 2048]",300.0
1220,9173,55,25,2023-09-24T05:48:14.518000+00:00,35.455,43.569,18.729,,300.0,False,97.753,"[None, 2048, 2049, 2048, 2048, 2048, 2048, 2048, 2048]","[2049, 2048, 2048, 2048, 2048, 2048, 2048, 2049, 2048, 2048, 2048]","[2048, 2051, 2048, 2048]",300.0
1220,9173,44,25,2023-09-24T05:48:19.033000+00:00,35.492,43.613,18.8,,298.0,False,97.905,"[None, 2048, 2048, 2048, 2048, 2049, 2048, 2048, 2048]","[2048, 2048, 2048, 2048, 2048, 2048, 2048, 2049, 2048, 2048, 2048]","[2048, 2049, 2048, 2048]",299.0
1220,9173,31,25,2023-09-24T05:48:25.439000+00:00,36.443,44.845,19.964,,283.0,False,101.252,"[None, 2048, 2048, 2048, 2048, 2048, 2048, 2048, 2048]","[2048, 2048, 2048, 2048, 2048, 2048, 2048, 2048, 2048, 2048, 2048]","[2048, 2048, 2048, 2048, 2048]",281.0
1220,9173,14,25,2023-09-24T05:48:25.846000+00:00,36.47,45.364,21.846,270.0,300.0,False,103.68,"[None, 2049, 2048, 2048, 2048, 2048, 2048, 2048, 2048]","[2048, 2048, 2048, 2048, 2048, 2048, 2048, 2048, 2048, 2048, 2048]","[2048, 2048, 2048, 2064, 2064]",303.0
1220,9173,10,25,2023-09-24T05:48:34.767000+00:00,35.925,43.973,19.114,266.0,299.0,False,99.012,"[2048, 2048, 2048, 2048, 2048, 2048, 2048, 2048, 2048]","[2048, 2048, 2048, 2048, 2048, 2048, 2048, 2049, 2048, 2048, 2048]","[2048, 2048, 2048, 2048, 2048]",294.0
1220,9173,22,25,2023-09-24T05:48:37.533000+00:00,36.638,44.528,19.183,,296.0,False,100.349,"[None, 2048, 2048, 2048, 2048, 2048, 2048, 2048, 2049]","[2048, 2048, 2048, 2048, 2048, 2048, 2048, 2048, 2048, 2048, 2048]","[2048, 2048, 2048, 2048, 2048]",298.0
1220,9173,40,25,2023-09-24T05:48:39.736000+00:00,36.56,44.689,21.606,,297.0,False,102.855,"[None, 2048, 2048, 2048, 2048, 2048, 2048, 2048, 2048]","[2048, 2048, 2048, 2048, 2048, 2048, 2048, 2048, 2048, 2048, 2048]","[2048, 2048, 2048, 2064, 2064]",297.0
1220,9173,24,25,2023-09-24T05:48:43.955000+00:00,36.152,44.538,19.309,269.0,296.0,False,99.999,"[None, 2048, 2048, 2048, 2048, 2048, 2048, 2048, 2048]","[2048, 2048, 2048, 2048, 2048, 2048, 2048, 2048, 2048, 2048, 2048]","[2048, 2048, 2048, 2048, 2048]",293.0
1220,9173,20,25,2023-09-24T05:48:57.392000+00:00,36.026,44.268,19.207,271.0,298.0,False,99.501,"[None, 2048, 2048, 2048, 2048, 2049, 2048, 2048, 2048]","[2048, 2048, 2048, 2048, 2048, 2048, 2048, 2048, 2048, 2048, 2048]","[2048, 2048, 2048, 2048, 2048]",295.0
1220,9173,27,25,2023-09-24T05:48:59.361000+00:00,35.792,43.917,18.878,271.0,302.0,False,98.587,"[None, 2048, 2048, 2048, 2048, 2048, 2048, 2048, 2048]","[2048, 2048, 2049, 2048, 2048, 2048, 2048, 2048, 2048, 2048, 2048]","[2048, 2048, 2048, 2048, 2048]",298.0
1220,9173,23,25,2023-09-24T05:49:08.001000+00:00,36.825,44.188,19.273,,302.0,False,100.286,"[None, 2048, 2048, 2048, 2048, 2048, 2048, 2048, 2049]","[2048, 2048, 2049, 2048, 2048, 2048, 2048, 2048, 2048, 2048, 2048]","[2048, 2048, 2048, 2048, 2048]",289.0
1220,9173,1,26,2023-09-24T05:49:32.782000+00:00,35.391,43.568,18.944,278.0,298.0,False,97.903,"[None, 2048, 2048, 2048, 2048, 2048, 2048, 2048, 2048]","[2048, 2048, 2048, 2048, 2048, 2048, 2048, 2048, 2048, 2048, 2048]","[2048, 2048, 2048, 2048, 2048]",288.0
1220,9173,81,26,2023-09-24T05:49:44.797000+00:00,35.72,43.839,19.376,280.0,300.0,False,98.935,"[None, 2048, 2048, 2048, 2048, 2048, 2048, 2048, 2048]","[2049, 2048, 2048, 2048, 2048, 2048, 2048, 2048, 2048, 2048, 2048]","[2048, 2048, 2048, 2048]",295.0
1220,9173,4,26,2023-09-24T05:49:45.251000+00:00,35.931,43.73,19.132,278.0,303.0,False,98.793,"[2048, 2048, 2048, 2048, 2048, 2048, 2048, 2048, 2048]","[2048, 2048, 2049, 2048, 2048, 2048, 2048, 2048, 2048, 2048, 2048]","[2048, 2048, 2048, 2048]",303.0
1220,9173,16,26,2023-09-24T05:49:49.625000+00:00,35.722,43.775,18.888,,299.0,False,98.385,"[None, 2048, 2048, 2048, 2048, 2048, 2048, 2048, 2048]","[2048, 2048, 2048, 2048, 2048, 2048, 2048, 2048, 2048, 2048, 2048]","[2048, 2049, 2048, 2048, 2048]",300.0
1220,9173,55,26,2023-09-24T05:49:52.204000+00:00,35.57,43.679,18.928,275.0,300.0,False,98.177,"[None, 2048, 2049, 2048, 2048, 2048, 2048, 2048, 2048]","[2048, 2048, 2048, 2048, 2048, 2048, 2048, 2048, 2048, 2048, 2048]","[2048, 2048, 2048, 2048, 2048]",301.0
1220,9173,44,26,2023-09-24T05:49:56.828000+00:00,35.632,43.719,18.945,275.0,298.0,False,98.296,"[None, 2048, 2048, 2048, 2049, 2048, 2048, 2048, 2048]","[2049, 2048, 2048, 2048, 2048, 2048, 2048, 2048, 2048, 2048, 2048]","[2048, 2048, 2048, 2048, 2048]",298.0
1220,9173,63,26,2023-09-24T05:50:05.563000+00:00,35.779,43.43,18.805,272.0,298.0,False,98.014,"[2048, 2048, 2048, 2048, 2048, 2048, 2048, 2048, 2048]","[2048, 2049, 2048, 2049, 2048, 2048, 2048, 2049, 2049, 2048, 2048]","[2048, 2048, 2048, 2048, 2048]",296.0
1220,9173,31,26,2023-09-24T05:50:06.656000+00:00,36.546,44.778,19.228,275.0,302.0,False,100.552,"[None, 2048, 2048, 2048, 2048, 2048, 2048, 2048, 2049]","[2048, 2048, 2048, 2048, 2048, 2048, 2048, 2048, 2048, 2048, 2048]","[2048, 2048, 2048, 2048, 2048]",305.0
1220,9173,14,26,2023-09-24T05:50:09.453000+00:00,55.092,42.804,18.739,272.0,300.0,True,116.635,"[2064, 2064, 2048, 2051, 2051, 2049, 2049, 2049, 2048]","[2049, 2049, 2051, 2049, 2049, 2048, 2048, 2048, 2051, 2049, 2048]","[2048, 2048, 2049, 2048, 2048]",298.0
1220,9173,10,26,2023-09-24T05:50:13.953000+00:00,35.908,43.773,19.011,268.0,300.0,False,98.692,"[None, 2048, 2048, 2048, 2048, 2049, 2048, 2048, 2048]","[2048, 2049, 2049, 2048, 2048, 2048, 2048, 2048, 2048, 2048, 2048]","[2048, 2048, 2048, 2048, 2048]",297.0
1220,9173,22,26,2023-09-24T05:50:17.875000+00:00,36.619,44.759,19.294,,296.0,False,100.672,"[None, 2048, 2048, 2048, 2048, 2048, 2048, 2048, 2048]","[2048, 2048, 2048, 2048, 2048, 2048, 2048, 2048, 2048, 2048, 2048]","[2048, 2048, 2048, 2048]",297.0
1220,9173,40,26,2023-09-24T05:50:22.516000+00:00,56.178,43.733,18.916,274.0,296.0,True,118.827,"[2064, 2064, 2048, 2048, 2048, 2048, 2049, 2049, 2048]","[2048, 2049, 2048, 2048, 2048, 2048, 2048, 2049, 2049, 2048, 2048]","[2048, 2048, 2048, 2048, 2048]",292.0
1220,9173,24,26,2023-09-24T05:50:23.969000+00:00,36.177,44.874,19.372,266.0,296.0,False,100.423,"[None, 2048, 2048, 2048, 2048, 2048, 2048, 2048, 2048]","[2048, 2048, 2048, 2048, 2048, 2048, 2048, 2048, 2048, 2048, 2048]","[2048, 2048, 2048, 2048]",290.0
1220,9173,20,26,2023-09-24T05:50:36.890000+00:00,36.118,45.308,19.255,272.0,302.0,False,100.681,"[None, 2048, 2048, 2048, 2048, 2048, 2048, 2048, 2048]","[2048, 2048, 2048, 2048, 2048, 2048, 2048, 2048, 2048, 2048, 2049]","[2048, 2048, 2048, 2048]",301.0
1220,9173,27,26,2023-09-24T05:50:37.921000+00:00,35.696,43.898,18.824,273.0,300.0,False,98.418,"[None, 2048, 2049, 2048, 2048, 2048, 2048, 2048, 2048]","[2048, 2048, 2048, 2048, 2048, 2048, 2048, 2048, 2049, 2048, 2048]","[2048, 2048, 2048, 2048]",296.0
1220,9173,23,26,2023-09-24T05:50:48.265000+00:00,36.835,44.345,27.257,,266.0,False,108.437,"[None, 2048, 2048, 2048, 2048, 2048, 2048, 2048, 2048]","[2048, 2048, 2048, 2048, 2048, 2048, 2048, 2048, 2048, 2048, 2048]","[2048, 2048, 2048, 2064, 2064]",214.0
1220,9173,1,27,2023-09-24T05:51:10.702000+00:00,35.465,43.54,18.86,274.0,297.0,False,97.865,"[None, 2048, 2048, 2048, 2048, 2048, 2048, 2048, 2048]","[2048, 2048, 2048, 2048, 2048, 2048, 2048, 2048, 2048, 2048, 2048]","[2048, 2049, 2048, 2048, 2048]",289.0
1220,9173,81,27,2023-09-24T05:51:23.686000+00:00,36.613,43.983,19.183,,302.0,False,99.779,"[None, 2048, 2048, 2048, 2048, 2048, 2048, 2048, 2048]","[2048, 2048, 2048, 2048, 2048, 2048, 2048, 2048, 2048, 2048, 2048]","[2048, 2048, 2048, 2048, 2048]",295.0
1220,9173,4,27,2023-09-24T05:51:24.061000+00:00,34.87,43.571,18.961,275.0,299.0,False,97.402,"[None, 2048, 2049, 2048, 2048, 2049, 2048, 2048, 2048]","[2048, 2048, 2048, 2048, 2048, 2048, 2048, 2049, 2048, 2048, 2048]","[2048, 2048, 2048, 2048]",300.0
1220,9173,16,27,2023-09-24T05:51:28.139000+00:00,35.68,43.803,19.834,,299.0,False,99.317,"[None, 2048, 2048, 2048, 2048, 2048, 2048, 2048, 2048]","[2048, 2048, 2048, 2048, 2048, 2048, 2048, 2048, 2048, 2048, 2048]","[2048, 2049, 2048, 2048, 2048]",299.0
1220,9173,55,27,2023-09-24T05:51:30.467000+00:00,35.916,43.788,19.115,273.0,299.0,False,98.819,"[None, 2048, 2048, 2048, 2048, 2048, 2048, 2048, 2048]","[2048, 2048, 2048, 2048, 2048, 2048, 2048, 2048, 2048, 2048, 2048]","[2048, 2048, 2048, 2048, 2048]",301.0
1220,9173,44,27,2023-09-24T05:51:35.280000+00:00,35.612,43.783,18.942,273.0,298.0,False,98.337,"[None, 2048, 2048, 2048, 2048, 2049, 2048, 2048, 2048]","[2048, 2048, 2049, 2048, 2048, 2048, 2048, 2048, 2048, 2048, 2048]","[2048, 2048, 2048, 2048, 2048]",298.0
1220,9173,63,27,2023-09-24T05:51:43.530000+00:00,35.505,43.289,18.859,274.0,298.0,False,97.653,"[None, 2048, 2048, 2048, 2048, 2048, 2048, 2048, 2048]","[2048, 2049, 2048, 2049, 2048, 2048, 2048, 2048, 2048, 2048, 2048]","[2048, 2048, 2048, 2048, 2048]",290.0
1220,9173,31,27,2023-09-24T05:51:47.202000+00:00,36.416,44.762,19.311,271.0,301.0,False,100.489,"[None, 2048, 2048, 2048, 2048, 2048, 2048, 2048, 2048]","[2048, 2048, 2048, 2048, 2048, 2048, 2048, 2048, 2048, 2048, 2048]","[2048, 2048, 2048, 2048]",302.0
1220,9173,10,27,2023-09-24T05:51:52.467000+00:00,35.757,43.899,18.951,269.0,299.0,False,98.607,"[None, 2048, 2048, 2048, 2049, 2049, 2048, 2048, 2048]","[2048, 2048, 2048, 2048, 2048, 2048, 2048, 2048, 2048, 2048, 2048]","[2048, 2048, 2048, 2048, 2048]",300.0
1220,9173,22,27,2023-09-24T05:51:58.467000+00:00,36.611,44.624,19.251,,294.0,False,100.486,"[None, 2048, 2048, 2048, 2048, 2048, 2048, 2048, 2048]","[2048, 2048, 2048, 2048, 2048, 2048, 2048, 2048, 2048, 2048, 2048]","[2048, 2048, 2048, 2048, 2048]",297.0
1220,9173,24,27,2023-09-24T05:52:04.264000+00:00,36.312,45.051,19.459,268.0,298.0,False,100.822,"[None, 2048, 2048, 2048, 2048, 2048, 2048, 2048, 2048]","[2048, 2048, 2048, 2048, 2048, 2048, 2048, 2048, 2048, 2048, 2048]","[2048, 2048, 2048, 2048, 2048]",297.0
1220,9173,14,27,2023-09-24T05:52:06.154000+00:00,35.098,43.381,18.829,275.0,297.0,False,97.308,"[2048, 2048, 2049, 2048, 2048, 2048, 2048, 2048, 2049]","[2048, 2048, 2048, 2048, 2048, 2048, 2048, 2051, 2051, 2048, 2048]","[2048, 2048, 2048, 2048, 2048]",298.0
1220,9173,27,27,2023-09-24T05:52:16.248000+00:00,35.639,43.824,18.859,271.0,300.0,False,98.322,"[None, 2048, 2048, 2049, 2049, 2049, 2049, 2048, 2048]","[2048, 2049, 2048, 2048, 2048, 2048, 2048, 2049, 2049, 2048, 2048]","[2048, 2048, 2048, 2048, 2048]",296.0
1220,9173,20,27,2023-09-24T05:52:17.451000+00:00,36.344,44.255,19.057,277.0,300.0,False,99.656,"[None, 2049, 2048, 2048, 2048, 2048, 2048, 2048, 2049]","[2048, 2048, 2048, 2048, 2048, 2048, 2048, 2048, 2048, 2048, 2048]","[2048, 2049, 2048, 2048, 2048]",303.0
1220,9173,40,27,2023-09-24T05:52:21.420000+00:00,35.781,43.885,19.001,271.0,297.0,False,98.667,"[2048, 2048, 2048, 2049, 2048, 2049, 2048, 2049, 2048]","[2048, 2048, 2048, 2048, 2048, 2049, 2048, 2048, 2048, 2048, 2048]","[2048, 2048, 2048, 2048, 2048]",296.0
1220,9173,23,27,2023-09-24T05:52:36.779000+00:00,,,,,,False,,,,,
1220,9173,1,28,2023-09-24T05:52:48.544000+00:00,35.321,43.411,18.826,275.0,298.0,False,97.558,"[None, 2048, 2048, 2048, 2048, 2049, 2048, 2048, 2048]","[2048, 2048, 2048, 2048, 2048, 2049, 2048, 2051, 2048, 2048, 2048]","[2049, 2049, 2048, 2048, 2048]",294.0
1220,9173,4,28,2023-09-24T05:53:01.356000+00:00,35.45,43.564,19.005,278.0,300.0,False,98.019,"[None, 2048, 2048, 2048, 2048, 2049, 2048, 2048, 2048]","[2048, 2048, 2048, 2048, 2048, 2048, 2048, 2049, 2048, 2048, 2048]","[2048, 2048, 2048, 2048, 2048]",300.0
1220,9173,81,28,2023-09-24T05:53:03.450000+00:00,35.837,43.696,19.164,,302.0,False,98.697,"[None, 2048, 2048, 2048, 2048, 2048, 2048, 2048, 2048]","[2048, 2048, 2049, 2048, 2048, 2048, 2048, 2048, 2048, 2048, 2048]","[2048, 2048, 2048, 2048, 2048]",293.0
1220,9173,16,28,2023-09-24T05:53:07.434000+00:00,35.73,43.85,19.006,277.0,299.0,False,98.586,"[None, 2048, 2048, 2048, 2048, 2048, 2048, 2048, 2048]","[2048, 2048, 2048, 2048, 2048, 2048, 2048, 2048, 2048, 2048, 2048]","[2048, 2048, 2048, 2048, 2048]",302.0
1220,9173,55,28,2023-09-24T05:53:09.294000+00:00,35.914,43.817,18.95,,300.0,False,98.681,"[None, 2048, 2048, 2048, 2048, 2048, 2048, 2048, 2048]","[2048, 2048, 2048, 2048, 2048, 2048, 2048, 2048, 2048, 2048, 2048]","[2048, 2048, 2048, 2048, 2048]",302.0
1220,9173,44,28,2023-09-24T05:53:13.575000+00:00,35.759,43.952,18.954,276.0,297.0,False,98.665,"[None, 2048, 2048, 2048, 2048, 2048, 2048, 2048, 2048]","[2048, 2048, 2048, 2048, 2048, 2048, 2048, 2048, 2048, 2048, 2048]","[2048, 2048, 2048, 2048, 2048]",299.0
1220,9173,63,28,2023-09-24T05:53:21.200000+00:00,35.542,43.332,18.804,,299.0,False,97.678,"[None, 2048, 2048, 2048, 2048, 2048, 2048, 2048, 2048]","[2048, 2049, 2048, 2048, 2048, 2048, 2048, 2049, 2048, 2048, 2048]","[2048, 2048, 2048, 2049, 2049]",293.0
1220,9173,31,28,2023-09-24T05:53:27.700000+00:00,36.545,44.72,21.636,,301.0,False,102.901,"[None, 2048, 2048, 2048, 2048, 2048, 2048, 2048, 2048]","[2048, 2048, 2048, 2048, 2048, 2048, 2048, 2048, 2048, 2048, 2048]","[2048, 2048, 2048, 2064, 2064]",302.0
1220,9173,10,28,2023-09-24T05:53:31.184000+00:00,35.863,43.902,19.093,270.0,301.0,False,98.858,"[None, 2048, 2048, 2048, 2048, 2048, 2048, 2048, 2048]","[2048, 2048, 2048, 2048, 2048, 2048, 2048, 2049, 2048, 2048, 2048]","[2048, 2048, 2048, 2048]",302.0
1220,9173,22,28,2023-09-24T05:53:39.262000+00:00,36.614,44.722,19.242,272.0,295.0,False,100.578,"[None, 2048, 2048, 2048, 2048, 2048, 2048, 2048, 2048]","[2048, 2048, 2048, 2048, 2048, 2048, 2048, 2048, 2048, 2048, 2048]","[2048, 2048, 2048, 2048, 2048]",297.0
1220,9173,14,28,2023-09-24T05:53:43.449000+00:00,35.31,42.991,18.902,271.0,300.0,False,97.203,"[None, 2048, 2048, 2048, 2048, 2048, 2048, 2048, 2048]","[2048, 2048, 2048, 2048, 2048, 2048, 2048, 2048, 2048, 2048, 2048]","[2048, 2048, 2048, 2048, 2048]",301.0
1220,9173,24,28,2023-09-24T05:53:45.246000+00:00,36.345,44.544,19.375,267.0,297.0,False,100.264,"[None, 2048, 2048, 2048, 2048, 2048, 2048, 2048, 2048]","[2048, 2048, 2048, 2048, 2048, 2048, 2048, 2048, 2048, 2048, 2048]","[2048, 2048, 2048, 2048, 2048]",294.0
1220,9173,27,28,2023-09-24T05:53:54.668000+00:00,35.813,43.983,19.013,273.0,301.0,False,98.809,"[None, 2048, 2048, 2048, 2048, 2048, 2048, 2048, 2048]","[2048, 2048, 2048, 2048, 2048, 2048, 2048, 2048, 2048, 2048, 2048]","[2048, 2048, 2048, 2048, 2048]",298.0
1220,9173,20,28,2023-09-24T05:53:57.230000+00:00,36.493,44.567,19.219,273.0,301.0,False,100.279,"[None, 2048, 2049, 2048, 2048, 2048, 2048, 2048, 2048]","[2048, 2048, 2048, 2048, 2048, 2048, 2048, 2048, 2048, 2048, 2048]","[2048, 2048, 2048, 2048, 2048]",301.0
1220,9173,40,28,2023-09-24T05:54:00.090000+00:00,35.817,43.951,19.064,275.0,298.0,False,98.832,"[None, 2048, 2049, 2048, 2048, 2048, 2048, 2048, 2048]","[2048, 2048, 2048, 2048, 2048, 2049, 2048, 2049, 2048, 2048, 2048]","[2048, 2048, 2048, 2048, 2048]",298.0
1220,9173,1,29,2023-09-24T05:54:26.152000+00:00,35.048,43.439,18.937,,298.0,False,97.424,"[None, 2048, 2048, 2048, 2048, 2049, 2048, 2048, 2048]","[2049, 2048, 2048, 2048, 2048, 2048, 2048, 2048, 2048, 2048, 2048]","[2048, 2048, 2048, 2048]",293.0
1220,9173,4,29,2023-09-24T05:54:39.480000+00:00,35.276,43.531,18.95,277.0,300.0,False,97.757,"[None, 2048, 2048, 2048, 2048, 2049, 2048, 2048, 2048]","[2048, 2048, 2048, 2048, 2048, 2048, 2048, 2049, 2048, 2048, 2048]","[2048, 2048, 2048, 2049, 2048]",300.0
1220,9173,81,29,2023-09-24T05:54:42.214000+00:00,35.654,43.867,19.177,279.0,302.0,False,98.698,"[None, 2048, 2048, 2048, 2048, 2048, 2048, 2048, 2048]","[2048, 2048, 2048, 2048, 2048, 2048, 2048, 2048, 2048, 2048, 2048]","[2048, 2048, 2048, 2048, 2048]",293.0
1220,9173,16,29,2023-09-24T05:54:46.011000+00:00,35.679,43.921,18.923,276.0,299.0,False,98.523,"[None, 2048, 2048, 2048, 2049, 2048, 2048, 2048, 2048]","[2048, 2048, 2048, 2048, 2048, 2048, 2048, 2048, 2048, 2048, 2048]","[2048, 2048, 2048, 2048, 2048]",302.0
1220,9173,55,29,2023-09-24T05:54:47.964000+00:00,35.802,43.863,18.872,275.0,300.0,False,98.537,"[None, 2048, 2048, 2048, 2048, 2048, 2048, 2048, 2048]","[2048, 2048, 2048, 2048, 2048, 2048, 2048, 2048, 2048, 2048, 2048]","[2048, 2048, 2048, 2048, 2048]",303.0
1220,9173,44,29,2023-09-24T05:54:52.245000+00:00,35.724,43.903,18.915,274.0,298.0,False,98.542,"[None, 2048, 2048, 2048, 2048, 2048, 2048, 2048, 2048]","[2048, 2048, 2048, 2048, 2048, 2048, 2048, 2048, 2048, 2048, 2048]","[2048, 2048, 2048, 2048, 2048]",299.0
1220,9173,63,29,2023-09-24T05:54:58.870000+00:00,35.46,43.609,18.772,277.0,299.0,False,97.841,"[None, 2048, 2048, 2048, 2048, 2048, 2048, 2048, 2048]","[2048, 2048, 2048, 2048, 2048, 2048, 2048, 2048, 2048, 2048, 2048]","[2048, 2048, 2048, 2048, 2049]",295.0
1220,9173,10,29,2023-09-24T05:55:09.964000+00:00,35.859,44.13,19.052,,298.0,False,99.041,"[None, 2048, 2048, 2048, 2048, 2048, 2048, 2048, 2048]","[2048, 2048, 2048, 2048, 2048, 2048, 2048, 2048, 2048, 2048, 2048]","[2048, 2048, 2048, 2048, 2048]",299.0
1220,9173,31,29,2023-09-24T05:55:10.542000+00:00,55.775,43.261,18.835,274.0,302.0,True,117.871,"[2064, 2064, 2048, 2049, 2049, 2049, 2049, 2049, 2048]","[2048, 2049, 2048, 2049, 2049, 2048, 2048, 2049, 2049, 2049, 2048]","[2048, 2048, 2049, 2049, 0]",302.0
1220,9173,22,29,2023-09-24T05:55:19.620000+00:00,36.635,45.297,19.287,273.0,297.0,False,101.219,"[None, 2048, 2048, 2048, 2048, 2048, 2048, 2048, 2048]","[2048, 2048, 2048, 2048, 2048, 2048, 2048, 2048, 2048, 2048, 2048]","[2049, 2048, 2048, 2048]",301.0
1220,9173,14,29,2023-09-24T05:55:20.635000+00:00,36.182,43.704,18.863,267.0,296.0,False,98.749,"[None, 2048, 2048, 2048, 2048, 2048, 2048, 2048, 2048]","[2048, 2048, 2048, 2048, 2048, 2048, 2048, 2048, 2048, 2048, 2048]","[2048, 2048, 2048, 2048]",296.0
1220,9173,24,29,2023-09-24T05:55:25.463000+00:00,36.293,44.581,21.859,268.0,295.0,False,102.733,"[None, 2048, 2048, 2048, 2048, 2048, 2048, 2048, 2048]","[2048, 2048, 2048, 2048, 2048, 2048, 2048, 2048, 2048, 2048, 2048]","[2048, 2048, 2048, 2064, 2064]",291.0
1220,9173,27,29,2023-09-24T05:55:33.494000+00:00,35.802,43.798,18.941,275.0,301.0,False,98.541,"[None, 2048, 2048, 2048, 2048, 2048, 2048, 2048, 2048]","[2048, 2048, 2048, 2048, 2048, 2048, 2048, 2048, 2048, 2048, 2048]","[2048, 2048, 2048, 2048, 2048]",302.0
1220,9173,20,29,2023-09-24T05:55:37.494000+00:00,36.576,44.49,19.278,271.0,299.0,False,100.344,"[None, 2048, 2048, 2048, 2048, 2048, 2048, 2048, 2048]","[2048, 2048, 2048, 2048, 2048, 2048, 2048, 2048, 2048, 2048, 2048]","[2048, 2048, 2048, 2048, 2048]",297.0
1220,9173,40,29,2023-09-24T05:55:38.916000+00:00,35.933,44.231,18.96,274.0,299.0,False,99.124,"[None, 2048, 2048, 2048, 2048, 2048, 2048, 2048, 2048]","[2049, 2048, 2048, 2048, 2048, 2049, 2048, 2048, 2048, 2048, 2048]","[2048, 2048, 2048, 2049, 2049]",301.0
1220,9173,1,30,2023-09-24T05:56:03.525000+00:00,35.259,43.4,18.94,276.0,298.0,False,97.599,"[None, 2048, 2048, 2048, 2048, 2048, 2048, 2048, 2048]","[2051, 2048, 2048, 2048, 2048, 2048, 2048, 2048, 2048, 2048, 2048]","[2049, 2049, 2048, 2048, 2048]",295.0
1220,9173,4,30,2023-09-24T05:56:17.228000+00:00,35.33,43.554,19.153,276.0,300.0,False,98.037,"[None, 2048, 2048, 2048, 2049, 2048, 2048, 2048, 2048]","[2048, 2048, 2048, 2048, 2048, 2048, 2048, 2048, 2048, 2048, 2048]","[2048, 2048, 2048, 2048]",290.0
1220,9173,81,30,2023-09-24T05:56:20.884000+00:00,35.665,43.718,19.174,,301.0,False,98.557,"[None, 2048, 2048, 2048, 2049, 2048, 2048, 2048, 2048]","[2049, 2048, 2048, 2048, 2048, 2048, 2048, 2048, 2048, 2048, 2048]","[2048, 2048, 2048, 2048, 2048]",290.0
1220,9173,16,30,2023-09-24T05:56:24.556000+00:00,35.761,43.745,18.97,275.0,299.0,False,98.476,"[None, 2048, 2048, 2048, 2048, 2048, 2048, 2048, 2048]","[2049, 2048, 2048, 2048, 2048, 2048, 2048, 2048, 2048, 2048, 2048]","[2048, 2048, 2048, 2048, 2048]",302.0
1220,9173,55,30,2023-09-24T05:56:26.478000+00:00,35.903,43.869,18.943,,301.0,False,98.715,"[None, 2048, 2048, 2048, 2048, 2048, 2048, 2048, 2048]","[2048, 2048, 2048, 2048, 2048, 2048, 2048, 2048, 2048, 2048, 2048]","[2048, 2048, 2048, 2048, 2048]",302.0
1220,9173,44,30,2023-09-24T05:56:30.837000+00:00,35.683,43.739,18.911,273.0,298.0,False,98.333,"[None, 2048, 2048, 2048, 2048, 2048, 2048, 2048, 2048]","[2048, 2048, 2048, 2048, 2048, 2048, 2048, 2048, 2048, 2048, 2048]","[2048, 2048, 2048, 2048, 2048]",299.0
1220,9173,63,30,2023-09-24T05:56:36.712000+00:00,35.584,43.484,18.883,275.0,299.0,False,97.951,"[None, 2048, 2048, 2048, 2048, 2048, 2048, 2048, 2048]","[2048, 2048, 2048, 2048, 2048, 2048, 2048, 2048, 2048, 2048, 2048]","[2048, 2048, 2048, 2048, 2048]",298.0
1220,9173,10,30,2023-09-24T05:56:49.149000+00:00,35.832,43.956,19.031,269.0,298.0,False,98.819,"[None, 2048, 2048, 2048, 2048, 2048, 2048, 2048, 2048]","[2048, 2048, 2048, 2048, 2048, 2048, 2048, 2048, 2048, 2048, 2048]","[2048, 2048, 2048, 2048, 2048]",298.0
1220,9173,14,30,2023-09-24T05:56:59.274000+00:00,35.16,43.289,18.824,271.0,297.0,False,97.273,"[None, 2048, 2049, 2048, 2048, 2048, 2048, 2048, 2048]","[2048, 2048, 2048, 2048, 2048, 2048, 2048, 2048, 2048, 2048, 2048]","[2048, 2048, 2048, 2048]",296.0
1220,9173,22,30,2023-09-24T05:57:00.743000+00:00,36.431,44.65,21.616,271.0,295.0,False,102.697,"[2049, 2049, 2048, 2048, 2048, 2048, 2048, 2048, 2048]","[2048, 2048, 2048, 2048, 2048, 2048, 2048, 2048, 2048, 2048, 2048]","[2048, 2048, 2048, 2064, 2064]",297.0
1220,9173,24,30,2023-09-24T05:57:08.133000+00:00,56.192,43.122,18.814,270.0,295.0,True,118.128,"[2064, 2064, 2048, 2048, 2048, 2048, 2048, 2048, 2048]","[2049, 2049, 2048, 2049, 2048, 2048, 2048, 2049, 2049, 2049, 2048]","[2048, 2048, 2049, 2051, 2049]",294.0
1220,9173,31,30,2023-09-24T05:57:08.508000+00:00,35.29,43.467,18.815,271.0,301.0,False,97.572,"[2048, 2048, 2048, 2049, 2049, 2049, 2048, 2049, 2048]","[2049, 2048, 2049, 2048, 2048, 2048, 2048, 2049, 2048, 2048, 2048]","[2048, 2048, 2049, 2049]",299.0
1220,9173,27,30,2023-09-24T05:57:12.024000+00:00,35.773,43.862,18.988,274.0,301.0,False,98.623,"[None, 2048, 2048, 2048, 2048, 2048, 2048, 2048, 2048]","[2048, 2048, 2048, 2048, 2048, 2048, 2048, 2048, 2048, 2048, 2048]","[2048, 2048, 2048, 2048]",299.0
1220,9173,20,30,2023-09-24T05:57:17.821000+00:00,37.317,44.643,19.162,274.0,301.0,False,101.122,"[None, 2048, 2048, 2048, 2048, 2048, 2048, 2048, 2048]","[2048, 2048, 2048, 2048, 2048, 2048, 2048, 2048, 2048, 2048, 2048]","[2048, 2048, 2048, 2048, 2048]",300.0
1220,9173,40,30,2023-09-24T05:57:18.039000+00:00,35.704,44.072,19.043,273.0,296.0,False,98.819,"[2049, 2048, 2048, 2048, 2048, 2048, 2048, 2048, 2048]","[2049, 2048, 2048, 2048, 2048, 2048, 2048, 2048, 2048, 2048, 2048]","[2048, 2048, 2048, 2048]",295.0
1220,9173,1,31,2023-09-24T05:57:41.070000+00:00,35.352,43.368,18.879,279.0,299.0,False,97.599,"[None, 2048, 2048, 2048, 2048, 2048, 2048, 2048, 2048]","[2048, 2048, 2048, 2048, 2048, 2049, 2049, 2048, 2048, 2048, 2049]","[2049, 2048, 2048, 2048, 2048]",295.0
1220,9173,4,31,2023-09-24T05:57:55.273000+00:00,35.46,43.376,18.864,280.0,300.0,False,97.7,"[None, 2048, 2048, 2048, 2048, 2049, 2048, 2048, 2048]","[2049, 2048, 2048, 2048, 2048, 2048, 2048, 2048, 2048, 2048, 2048]","[2048, 2048, 2048, 2048, 2048]",299.0
1220,9173,81,31,2023-09-24T05:57:59.414000+00:00,35.788,43.896,18.937,280.0,301.0,False,98.621,"[None, 2048, 2048, 2048, 2048, 2048, 2048, 2048, 2048]","[2049, 2048, 2048, 2048, 2048, 2048, 2048, 2048, 2048, 2048, 2048]","[2048, 2049, 2048, 2048]",302.0
1220,9173,16,31,2023-09-24T05:58:03.007000+00:00,35.849,44.03,19.01,276.0,300.0,False,98.889,"[None, 2048, 2048, 2048, 2048, 2048, 2048, 2048, 2048]","[2048, 2048, 2048, 2048, 2048, 2048, 2048, 2048, 2048, 2048, 2048]","[2048, 2048, 2048, 2048, 2048]",301.0
1220,9173,55,31,2023-09-24T05:58:05.210000+00:00,35.937,43.857,18.922,,300.0,False,98.716,"[None, 2048, 2049, 2048, 2048, 2048, 2048, 2048, 2048]","[2048, 2048, 2048, 2048, 2048, 2049, 2048, 2048, 2048, 2048, 2048]","[2048, 2048, 2048, 2048]",302.0
1220,9173,44,31,2023-09-24T05:58:09.132000+00:00,35.978,43.919,18.969,,298.0,False,98.866,"[None, 2048, 2048, 2048, 2048, 2048, 2048, 2048, 2048]","[2048, 2048, 2048, 2048, 2048, 2048, 2048, 2048, 2048, 2048, 2048]","[2048, 2048, 2048, 2048, 2048]",298.0
1220,9173,63,31,2023-09-24T05:58:14.663000+00:00,35.541,43.491,18.97,277.0,299.0,False,98.002,"[None, 2048, 2048, 2048, 2048, 2048, 2048, 2048, 2048]","[2048, 2048, 2049, 2048, 2048, 2048, 2048, 2048, 2048, 2048, 2048]","[2048, 2048, 2048, 2048, 2048]",293.0
1220,9173,10,31,2023-09-24T05:58:27.913000+00:00,35.812,43.94,19.074,270.0,298.0,False,98.826,"[None, 2048, 2048, 2048, 2048, 2048, 2048, 2048, 2048]","[2048, 2048, 2048, 2048, 2048, 2048, 2048, 2048, 2048, 2048, 2048]","[2048, 2048, 2048, 2048, 2048]",298.0
1220,9173,14,31,2023-09-24T05:58:36.663000+00:00,35.104,43.472,19.006,274.0,297.0,False,97.582,"[None, 2048, 2048, 2048, 2048, 2049, 2048, 2048, 2048]","[2051, 2048, 2048, 2048, 2048, 2048, 2048, 2048, 2048, 2048, 2048]","[2048, 2048, 2048, 2048, 2048]",296.0
1220,9173,22,31,2023-09-24T05:58:43.491000+00:00,56.218,43.734,18.956,275.0,295.0,True,118.908,"[2064, 2064, 2048, 2048, 2048, 2048, 2048, 2048, 2049]","[2048, 2049, 2048, 2048, 2048, 2048, 2048, 2048, 2048, 2049, 2048]","[2048, 2049, 2048, 2048, 2048]",297.0
1220,9173,31,31,2023-09-24T05:58:45.944000+00:00,35.511,43.618,18.849,272.0,300.0,False,97.978,"[None, 2048, 2048, 2049, 2048, 2048, 2048, 2048, 2048]","[2049, 2048, 2048, 2048, 2048, 2048, 2048, 2049, 2048, 2048, 2048]","[2048, 2048, 2048, 2048]",298.0
1220,9173,27,31,2023-09-24T05:58:50.569000+00:00,35.962,44.026,19.044,273.0,300.0,False,99.032,"[None, 2048, 2048, 2048, 2048, 2048, 2048, 2048, 2048]","[2048, 2048, 2048, 2048, 2048, 2048, 2048, 2048, 2048, 2048, 2048]","[2048, 2048, 2048, 2048, 2048]",296.0
1220,9173,40,31,2023-09-24T05:58:56.756000+00:00,36.074,44.125,19.128,275.0,296.0,False,99.327,"[2048, 2048, 2048, 2048, 2049, 2049, 2048, 2048, 2048]","[2048, 2048, 2048, 2048, 2048, 2048, 2048, 2049, 2048, 2048, 2048]","[2048, 2048, 2048, 2048]",292.0
1220,9173,20,31,2023-09-24T05:58:58.866000+00:00,36.466,44.438,21.6,277.0,300.0,False,102.504,"[None, 2048, 2048, 2048, 2048, 2048, 2048, 2048, 2049]","[2048, 2048, 2048, 2048, 2048, 2048, 2048, 2048, 2048, 2048, 2048]","[2048, 2048, 2048, 2064, 2064]",300.0
1220,9173,24,31,2023-09-24T05:59:06.319000+00:00,35.322,43.749,19.207,273.0,297.0,False,98.278,"[2048, 2048, 2048, 2048, 2048, 2048, 2048, 2048, 2049]","[2048, 2048, 2048, 2048, 2048, 2048, 2048, 2048, 2048, 2049, 2048]","[2048, 2048, 2048, 2048, 2048]",296.0
1220,9173,1,32,2023-09-24T05:59:18.756000+00:00,35.434,43.455,19.031,,298.0,False,97.92,"[None, 2048, 2049, 2048, 2048, 2049, 2048, 2048, 2048]","[2048, 2048, 2048, 2048, 2048, 2049, 2048, 2048, 2048, 2049, 2048]","[2048, 2048, 2048, 2048, 2048]",294.0
1220,9173,4,32,2023-09-24T05:59:32.943000+00:00,35.57,43.705,19.17,275.0,299.0,False,98.445,"[None, 2048, 2048, 2048, 2048, 2049, 2048, 2048, 2048]","[2048, 2048, 2048, 2048, 2048, 2048, 2048, 2048, 2048, 2048, 2048]","[2048, 2048, 2048, 2048]",288.0
1220,9173,81,32,2023-09-24T05:59:38.053000+00:00,35.703,43.785,18.97,,300.0,False,98.458,"[None, 2048, 2048, 2048, 2048, 2049, 2048, 2048, 2048]","[2049, 2048, 2048, 2048, 2048, 2048, 2048, 2049, 2048, 2048, 2048]","[2048, 2048, 2048, 2048, 2048]",301.0
1220,9173,16,32,2023-09-24T05:59:41.927000+00:00,35.839,43.803,19.019,,298.0,False,98.661,"[None, 2048, 2048, 2048, 2048, 2048, 2048, 2048, 2048]","[2048, 2048, 2049, 2048, 2048, 2048, 2048, 2048, 2048, 2048, 2048]","[2048, 2048, 2048, 2048, 2048]",300.0
1220,9173,55,32,2023-09-24T05:59:43.927000+00:00,35.882,43.889,18.955,276.0,299.0,False,98.726,"[None, 2048, 2048, 2048, 2048, 2048, 2048, 2048, 2048]","[2048, 2048, 2048, 2048, 2048, 2048, 2048, 2048, 2048, 2048, 2048]","[2048, 2048, 2048, 2048, 2048]",301.0
1220,9173,44,32,2023-09-24T05:59:48.005000+00:00,35.747,43.887,18.971,276.0,297.0,False,98.605,"[None, 2048, 2048, 2048, 2048, 2048, 2048, 2048, 2048]","[2048, 2048, 2048, 2048, 2048, 2048, 2048, 2048, 2048, 2048, 2048]","[2048, 2049, 2048, 2048, 2048]",298.0
1220,9173,63,32,2023-09-24T05:59:52.646000+00:00,35.586,43.693,18.917,276.0,298.0,False,98.196,"[None, 2048, 2048, 2048, 2048, 2048, 2048, 2048, 2048]","[2048, 2048, 2048, 2048, 2048, 2048, 2048, 2048, 2048, 2048, 2048]","[2048, 2048, 2048, 2048, 2048]",295.0
1220,9173,10,32,2023-09-24T06:00:06.740000+00:00,35.935,43.97,18.989,269.0,297.0,False,98.894,"[None, 2048, 2048, 2048, 2048, 2048, 2048, 2048, 2048]","[2048, 2048, 2048, 2048, 2048, 2048, 2048, 2048, 2048, 2048, 2048]","[2048, 2048, 2048, 2048, 2048]",298.0
1220,9173,14,32,2023-09-24T06:00:14.239000+00:00,35.375,43.318,18.935,276.0,296.0,False,97.628,"[None, 2048, 2048, 2048, 2048, 2048, 2048, 2048, 2049]","[2048, 2048, 2048, 2048, 2048, 2048, 2048, 2048, 2048, 2048, 2048]","[2048, 2048, 2048, 2048]",297.0
1220,9173,31,32,2023-09-24T06:00:23.942000+00:00,35.454,43.469,18.91,,300.0,False,97.833,"[None, 2048, 2048, 2048, 2048, 2048, 2048, 2048, 2048]","[2049, 2049, 2048, 2048, 2048, 2048, 2048, 2048, 2048, 2048, 2048]","[2048, 2049, 2048, 2048]",301.0
1220,9173,27,32,2023-09-24T06:00:29.552000+00:00,35.791,43.864,18.837,275.0,299.0,False,98.492,"[None, 2048, 2049, 2048, 2048, 2049, 2048, 2048, 2048]","[2048, 2048, 2049, 2048, 2048, 2048, 2048, 2048, 2049, 2048, 2048]","[2048, 2048, 2048, 2048, 2048]",301.0
1220,9173,40,32,2023-09-24T06:00:36.083000+00:00,35.855,43.941,19.006,274.0,295.0,False,98.802,"[None, 2048, 2048, 2048, 2048, 2048, 2048, 2048, 2048]","[2048, 2048, 2048, 2048, 2048, 2048, 2048, 2049, 2048, 2048, 2048]","[2048, 2048, 2048, 2048, 2048]",295.0
1220,9173,20,32,2023-09-24T06:00:41.380000+00:00,56.0,43.547,18.929,272.0,297.0,True,118.476,"[2064, 2064, 2048, 2049, 2048, 2048, 2049, 2048, 2048]","[2048, 2048, 2048, 2048, 2048, 2048, 2048, 2048, 2049, 2049, 2048]","[2048, 2048, 2048, 2048, 0]",294.0
1220,9173,22,32,2023-09-24T06:00:42.426000+00:00,35.46,43.574,18.819,,295.0,False,97.853,"[2048, 2048, 2049, 2049, 2049, 2049, 2049, 2048, 2049]","[2048, 2049, 2049, 2048, 2048, 2048, 2048, 2049, 2048, 2048, 2048]","[2048, 2048, 2048, 2048]",297.0
1220,9173,24,32,2023-09-24T06:00:44.598000+00:00,35.616,43.744,19.105,268.0,297.0,False,98.465,"[None, 2048, 2048, 2048, 2048, 2048, 2048, 2048, 2048]","[2048, 2048, 2048, 2048, 2048, 2048, 2048, 2048, 2048, 2049, 2048]","[2048, 2048, 2048, 2048]",292.0
1220,9173,1,33,2023-09-24T06:00:56.661000+00:00,35.356,43.454,18.845,278.0,298.0,False,97.655,"[None, 2048, 2048, 2048, 2048, 2048, 2048, 2048, 2048]","[2048, 2048, 2048, 2048, 2049, 2049, 2049, 2048, 2048, 2049, 2048]","[2048, 2048, 2048, 2048, 2048]",295.0
1220,9173,4,33,2023-09-24T06:01:11.410000+00:00,35.59,43.491,18.871,279.0,300.0,False,97.952,"[None, 2048, 2048, 2048, 2048, 2048, 2048, 2048, 2048]","[2049, 2048, 2049, 2048, 2048, 2048, 2049, 2048, 2048, 2048, 2048]","[2048, 2048, 2048, 2048, 2048]",300.0
1220,9173,81,33,2023-09-24T06:01:16.488000+00:00,35.778,43.796,18.932,279.0,301.0,False,98.506,"[None, 2048, 2048, 2048, 2048, 2048, 2048, 2048, 2048]","[2048, 2048, 2048, 2048, 2048, 2048, 2048, 2048, 2048, 2048, 2048]","[2048, 2048, 2048, 2048, 2048]",302.0
1220,9173,16,33,2023-09-24T06:01:20.582000+00:00,35.847,43.851,19.005,,299.0,False,98.703,"[None, 2048, 2048, 2048, 2048, 2048, 2048, 2048, 2048]","[2049, 2048, 2048, 2048, 2048, 2048, 2048, 2048, 2048, 2048, 2048]","[2048, 2048, 2048, 2048, 2048]",301.0
1220,9173,55,33,2023-09-24T06:01:22.660000+00:00,35.893,43.868,18.873,275.0,300.0,False,98.634,"[None, 2048, 2048, 2048, 2048, 2048, 2048, 2048, 2048]","[2048, 2048, 2048, 2048, 2048, 2048, 2049, 2048, 2048, 2048, 2048]","[2048, 2048, 2048, 2048]",302.0
1220,9173,44,33,2023-09-24T06:01:26.566000+00:00,35.69,43.874,18.813,274.0,298.0,False,98.377,"[None, 2048, 2048, 2048, 2048, 2049, 2048, 2048, 2048]","[2049, 2048, 2048, 2048, 2048, 2048, 2048, 2048, 2048, 2048, 2048]","[2048, 2048, 2048, 2048, 2048]",299.0
1220,9173,63,33,2023-09-24T06:01:30.894000+00:00,35.588,43.7,18.841,,299.0,False,98.129,"[None, 2048, 2048, 2048, 2048, 2048, 2048, 2048, 2048]","[2048, 2048, 2048, 2048, 2048, 2048, 2048, 2048, 2048, 2048, 2048]","[2048, 2048, 2048, 2048, 2048]",294.0
1220,9173,10,33,2023-09-24T06:01:45.597000+00:00,35.846,44.017,18.986,,298.0,False,98.849,"[None, 2048, 2048, 2048, 2048, 2048, 2048, 2048, 2048]","[2048, 2048, 2048, 2048, 2048, 2048, 2048, 2048, 2048, 2048, 2048]","[2048, 2048, 2048, 2048, 2048]",297.0
1220,9173,14,33,2023-09-24T06:01:51.863000+00:00,35.114,43.335,18.886,275.0,297.0,False,97.335,"[None, 2048, 2049, 2048, 2048, 2048, 2048, 2048, 2048]","[2051, 2048, 2048, 2048, 2048, 2048, 2048, 2048, 2048, 2048, 2048]","[2048, 2048, 2048, 2048, 2048]",297.0
1220,9173,31,33,2023-09-24T06:02:01.878000+00:00,35.507,43.517,18.829,273.0,300.0,False,97.853,"[None, 2048, 2048, 2048, 2048, 2048, 2048, 2048, 2048]","[2048, 2048, 2049, 2048, 2048, 2048, 2048, 2048, 2048, 2048, 2048]","[2048, 2048, 2048, 2049, 2048]",301.0
1220,9173,27,33,2023-09-24T06:02:08.175000+00:00,35.703,43.891,18.956,,299.0,False,98.55,"[None, 2048, 2048, 2048, 2049, 2048, 2048, 2048, 2048]","[2049, 2048, 2048, 2048, 2048, 2048, 2048, 2048, 2048, 2048, 2048]","[2048, 2048, 2048, 2048, 2048]",298.0
1220,9173,40,33,2023-09-24T06:02:14.972000+00:00,35.646,44.01,18.986,276.0,296.0,False,98.642,"[None, 2048, 2048, 2048, 2049, 2049, 2048, 2048, 2048]","[2048, 2048, 2048, 2048, 2048, 2048, 2048, 2048, 2048, 2048, 2048]","[2048, 2048, 2048, 2048, 2048]",294.0
1220,9173,22,33,2023-09-24T06:02:20.206000+00:00,35.499,43.677,18.917,277.0,295.0,False,98.093,"[None, 2048, 2048, 2048, 2048, 2049, 2048, 2048, 2049]","[2049, 2048, 2048, 2048, 2048, 2048, 2048, 2048, 2048, 2049, 2048]","[2048, 2048, 2048, 2048, 2048]",296.0
1220,9173,24,33,2023-09-24T06:02:22.971000+00:00,35.441,43.978,19.224,269.0,296.0,False,98.643,"[None, 2048, 2048, 2048, 2048, 2048, 2048, 2048, 2048]","[2048, 2048, 2048, 2048, 2048, 2048, 2048, 2048, 2048, 2049, 2048]","[2048, 2048, 2048, 2048, 2048]",291.0
1220,9173,1,34,2023-09-24T06:02:34.315000+00:00,35.256,43.649,18.828,,298.0,False,97.733,"[None, 2048, 2048, 2048, 2048, 2048, 2048, 2048, 2048]","[2048, 2048, 2048, 2048, 2048, 2048, 2048, 2048, 2048, 2049, 2048]","[2049, 2048, 2048, 2048, 2048]",294.0
1220,9173,20,33,2023-09-24T06:02:39.940000+00:00,35.593,43.743,18.941,,298.0,False,98.277,"[2048, 2048, 2048, 2048, 2048, 2048, 2048, 2048, 2048]","[2048, 2048, 2048, 2048, 2048, 2048, 2048, 2048, 2048, 2049, 2048]","[2048, 2048, 2049, 2048, 2049]",293.0
1220,9173,4,34,2023-09-24T06:02:49.362000+00:00,35.387,43.717,18.899,276.0,301.0,False,98.003,"[None, 2048, 2048, 2048, 2048, 2048, 2048, 2048, 2048]","[2048, 2048, 2048, 2048, 2048, 2048, 2048, 2048, 2048, 2048, 2048]","[2048, 2048, 2048, 2048]",300.0
1220,9173,81,34,2023-09-24T06:02:55.002000+00:00,35.468,43.66,18.989,281.0,302.0,False,98.117,"[None, 2048, 2048, 2048, 2048, 2049, 2048, 2048, 2051]","[2048, 2048, 2048, 2048, 2048, 2048, 2048, 2048, 2048, 2048, 2048]","[2048, 2048, 2048, 2048, 2048]",301.0
1220,9173,16,34,2023-09-24T06:02:59.268000+00:00,35.85,44.014,21.265,277.0,299.0,False,101.129,"[None, 2048, 2048, 2048, 2048, 2048, 2048, 2048, 2048]","[2048, 2048, 2048, 2048, 2048, 2048, 2048, 2048, 2048, 2048, 2048]","[2048, 2048, 2048, 2064, 2064]",299.0
1220,9173,55,34,2023-09-24T06:03:01.283000+00:00,35.842,43.907,18.839,277.0,300.0,False,98.588,"[None, 2048, 2048, 2048, 2048, 2049, 2048, 2048, 2049]","[2048, 2048, 2048, 2048, 2048, 2048, 2049, 2048, 2048, 2048, 2048]","[2048, 2048, 2048, 2048]",302.0
1220,9173,44,34,2023-09-24T06:03:04.955000+00:00,35.518,43.92,21.415,276.0,299.0,False,100.853,"[None, 2048, 2048, 2048, 2048, 2049, 2048, 2048, 2048]","[2049, 2048, 2048, 2048, 2048, 2048, 2048, 2048, 2048, 2048, 2048]","[2048, 2049, 2048, 2064, 2064]",299.0
1220,9173,63,34,2023-09-24T06:03:09.002000+00:00,35.525,43.829,18.743,,300.0,False,98.097,"[None, 2048, 2048, 2048, 2048, 2049, 2048, 2048, 2048]","[2048, 2048, 2048, 2048, 2048, 2048, 2048, 2048, 2048, 2048, 2048]","[2048, 2048, 2048, 2048, 2048]",298.0
1220,9173,10,34,2023-09-24T06:03:24.470000+00:00,35.779,44.087,21.512,270.0,299.0,False,101.378,"[None, 2048, 2048, 2048, 2048, 2048, 2048, 2048, 2048]","[2048, 2048, 2048, 2048, 2048, 2048, 2048, 2048, 2048, 2048, 2048]","[2048, 2048, 2048, 2064, 2064]",297.0
1220,9173,14,34,2023-09-24T06:03:29.174000+00:00,35.194,43.482,18.785,276.0,298.0,False,97.461,"[None, 2048, 2048, 2048, 2048, 2048, 2048, 2048, 2049]","[2051, 2048, 2048, 2048, 2048, 2048, 2048, 2048, 2048, 2048, 2048]","[2048, 2049, 2048, 2048, 2048]",298.0
1220,9173,31,34,2023-09-24T06:03:39.736000+00:00,35.053,43.503,18.842,274.0,301.0,False,97.398,"[None, 2048, 2048, 2048, 2049, 2049, 2048, 2048, 2048]","[2048, 2048, 2049, 2048, 2048, 2048, 2048, 2048, 2048, 2048, 2048]","[2048, 2051, 2048, 2048]",300.0
1220,9173,27,34,2023-09-24T06:03:46.736000+00:00,35.683,43.998,18.98,,300.0,False,98.661,"[None, 2048, 2049, 2048, 2048, 2048, 2048, 2048, 2048]","[2048, 2048, 2049, 2048, 2048, 2048, 2048, 2048, 2048, 2048, 2048]","[2048, 2048, 2048, 2048]",297.0
1220,9173,40,34,2023-09-24T06:03:53.626000+00:00,35.585,43.932,18.88,275.0,297.0,False,98.397,"[None, 2048, 2049, 2048, 2049, 2048, 2048, 2048, 2048]","[2048, 2048, 2048, 2048, 2048, 2048, 2048, 2049, 2048, 2048, 2048]","[2048, 2048, 2048, 2048, 2048]",295.0
1220,9173,22,34,2023-09-24T06:03:58.360000+00:00,35.353,43.615,18.93,,298.0,False,97.898,"[None, 2048, 2049, 2049, 2048, 2048, 2049, 2048, 2049]","[2048, 2048, 2049, 2048, 2048, 2048, 2048, 2048, 2048, 2049, 2049]","[2048, 2049, 2048, 2048, 2048]",298.0
1220,9173,24,34,2023-09-24T06:04:01.720000+00:00,35.481,43.981,19.187,268.0,298.0,False,98.649,"[None, 2048, 2048, 2048, 2048, 2048, 2048, 2048, 2048]","[2048, 2048, 2048, 2048, 2048, 2048, 2048, 2048, 2048, 2048, 2048]","[2048, 2048, 2048, 2048, 2048]",290.0
1220,9173,1,35,2023-09-24T06:04:12.016000+00:00,35.29,43.599,18.899,274.0,301.0,False,97.788,"[None, 2048, 2048, 2048, 2048, 2048, 2048, 2048, 2048]","[2048, 2048, 2048, 2048, 2048, 2048, 2049, 2048, 2048, 2048, 2049]","[2049, 2048, 2048, 2048]",296.0
1220,9173,20,34,2023-09-24T06:04:18.219000+00:00,35.615,43.705,18.944,,299.0,False,98.264,"[None, 2048, 2048, 2048, 2048, 2048, 2048, 2048, 2048]","[2048, 2048, 2048, 2048, 2048, 2048, 2048, 2048, 2048, 2049, 2048]","[2048, 2048, 2048, 2048]",296.0
1220,9173,4,35,2023-09-24T06:04:27.376000+00:00,35.47,43.531,18.859,279.0,302.0,False,97.86,"[None, 2048, 2048, 2048, 2048, 2048, 2048, 2048, 2048]","[2048, 2048, 2048, 2048, 2048, 2048, 2048, 2048, 2048, 2048, 2048]","[2048, 2048, 2048, 2049, 2049]",299.0
1220,9173,81,35,2023-09-24T06:04:33.172000+00:00,35.553,43.655,21.367,280.0,303.0,False,100.575,"[None, 2048, 2048, 2048, 2048, 2049, 2048, 2048, 2048]","[2048, 2048, 2049, 2048, 2049, 2048, 2048, 2048, 2048, 2048, 2048]","[2048, 2048, 2048, 2064, 2064]",300.0
1220,9173,55,35,2023-09-24T06:04:39.766000+00:00,35.725,44.06,18.917,278.0,299.0,False,98.702,"[None, 2048, 2048, 2048, 2048, 2049, 2048, 2048, 2049]","[2048, 2048, 2048, 2048, 2048, 2048, 2048, 2048, 2048, 2048, 2048]","[2048, 2048, 2048, 2048, 2048]",298.0
1220,9173,16,35,2023-09-24T06:04:40.391000+00:00,54.305,42.802,18.724,277.0,298.0,True,115.831,"[2064, 2064, 2048, 2048, 2049, 2048, 2049, 2049, 2048]","[2048, 2051, 2051, 2049, 2048, 2048, 2048, 2049, 2049, 2048, 2048]","[2048, 2048, 2049, 2049, 2048]",293.0
1220,9173,44,35,2023-09-24T06:04:45.766000+00:00,54.313,42.909,18.494,280.0,298.0,True,115.716,"[2064, 2064, 2048, 2049, 2051, 2051, 2051, 2051, 2049]","[2051, 2049, 2048, 2048, 2048, 2048, 2048, 2051, 2051, 2048, 2048]","[2048, 2048, 2051, 2049, 2048]",295.0
1220,9173,63,35,2023-09-24T06:04:47.078000+00:00,35.566,43.82,18.811,,299.0,False,98.197,"[None, 2048, 2048, 2048, 2048, 2048, 2048, 2048, 2048]","[2048, 2048, 2048, 2048, 2048, 2048, 2048, 2048, 2048, 2048, 2048]","[2048, 2048, 2048, 2048]",296.0
1220,9173,10,35,2023-09-24T06:05:05.797000+00:00,56.456,43.308,19.01,273.0,300.0,True,118.774,"[2064, 2064, 2048, 2049, 2049, 2048, 2049, 2049, 2048]","[2048, 2049, 2048, 2049, 2049, 2048, 2048, 2048, 2048, 2048, 2048]","[2048, 2048, 2048, 2049, 2048]",304.0
1220,9173,14,35,2023-09-24T06:05:06.656000+00:00,35.729,43.678,18.863,277.0,298.0,False,98.27,"[None, 2048, 2048, 2048, 2048, 2048, 2048, 2048, 2049]","[2048, 2048, 2048, 2048, 2048, 2048, 2048, 2048, 2048, 2048, 2048]","[2048, 2051, 2048, 2048, 2048]",298.0
1220,9173,31,35,2023-09-24T06:05:17.125000+00:00,35.292,43.58,18.976,273.0,300.0,False,97.848,"[None, 2048, 2048, 2048, 2048, 2048, 2048, 2048, 2048]","[2049, 2048, 2048, 2048, 2048, 2048, 2048, 2048, 2048, 2048, 2048]","[2048, 2048, 2048, 2048]",300.0
1220,9173,27,35,2023-09-24T06:05:25.406000+00:00,35.811,44.196,19.021,274.0,300.0,False,99.028,"[None, 2048, 2048, 2048, 2048, 2048, 2048, 2048, 2048]","[2048, 2048, 2048, 2048, 2048, 2048, 2048, 2048, 2048, 2048, 2048]","[2048, 2048, 2048, 2048]",298.0
1220,9173,40,35,2023-09-24T06:05:32.015000+00:00,35.545,43.915,18.909,276.0,296.0,False,98.369,"[None, 2048, 2049, 2048, 2049, 2048, 2048, 2048, 2048]","[2049, 2048, 2049, 2048, 2048, 2048, 2048, 2048, 2048, 2048, 2048]","[2048, 2048, 2048, 2049, 2048]",295.0
1220,9173,22,35,2023-09-24T06:05:36.327000+00:00,35.437,43.657,18.883,,296.0,False,97.977,"[None, 2048, 2048, 2048, 2048, 2048, 2048, 2048, 2049]","[2048, 2048, 2048, 2048, 2048, 2048, 2048, 2048, 2048, 2048, 2048]","[2048, 2048, 2048, 2048, 2048]",298.0
1220,9173,24,35,2023-09-24T06:05:40.359000+00:00,35.497,43.921,19.223,,297.0,False,98.641,"[None, 2048, 2048, 2048, 2048, 2048, 2048, 2048, 2048]","[2048, 2048, 2048, 2048, 2048, 2048, 2048, 2048, 2048, 2048, 2048]","[2048, 2048, 2048, 2048]",291.0
1220,9173,1,36,2023-09-24T06:05:49.827000+00:00,35.333,43.591,18.896,277.0,299.0,False,97.82,"[None, 2048, 2049, 2048, 2048, 2048, 2048, 2048, 2048]","[2048, 2048, 2048, 2048, 2048, 2049, 2049, 2048, 2048, 2048, 2048]","[2049, 2049, 2048, 2048, 2048]",298.0
1220,9173,20,35,2023-09-24T06:05:56.468000+00:00,35.841,43.762,19.074,271.0,298.0,False,98.677,"[None, 2048, 2048, 2048, 2048, 2048, 2048, 2048, 2048]","[2048, 2048, 2048, 2048, 2048, 2048, 2048, 2048, 2048, 2048, 2048]","[2048, 2048, 2048, 2048, 2048]",294.0
1220,9173,4,36,2023-09-24T06:06:05.264000+00:00,35.398,43.53,21.178,277.0,300.0,False,100.106,"[None, 2048, 2048, 2048, 2048, 2048, 2048, 2048, 2048]","[2048, 2048, 2049, 2048, 2049, 2049, 2048, 2048, 2048, 2048, 2048]","[2048, 2048, 2048, 2064, 2064]",300.0
1220,9173,81,36,2023-09-24T06:06:13.671000+00:00,55.046,43.113,18.937,280.0,300.0,True,117.096,"[2064, 2064, 2048, 2048, 2048, 2048, 2049, 2049, 2051]","[2048, 2049, 2048, 2049, 2048, 2048, 2048, 2048, 2048, 2049, 2048]","[2048, 2048, 2049, 2048, 2048]",289.0
1220,9173,55,36,2023-09-24T06:06:18.608000+00:00,35.662,43.894,18.896,276.0,297.0,False,98.452,"[None, 2048, 2048, 2048, 2048, 2049, 2048, 2048, 2048]","[2048, 2048, 2048, 2048, 2048, 2048, 2048, 2048, 2048, 2048, 2048]","[2048, 2048, 2048, 2048]",299.0
1220,9173,63,36,2023-09-24T06:06:25.202000+00:00,35.506,43.709,18.782,,298.0,False,97.997,"[None, 2048, 2048, 2048, 2048, 2048, 2048, 2048, 2048]","[2048, 2048, 2048, 2048, 2048, 2048, 2048, 2048, 2048, 2048, 2048]","[2048, 2049, 2048, 2048, 2048]",296.0
1220,9173,16,36,2023-09-24T06:06:36.248000+00:00,34.861,43.094,18.826,275.0,300.0,False,96.781,"[2048, 2048, 2048, 2049, 2049, 2049, 2048, 2049, 2048]","[2048, 2048, 2048, 2048, 2048, 2048, 2048, 2049, 2049, 2049, 2048]","[2048, 2048, 2048, 2048, 2048]",298.0
1220,9173,44,36,2023-09-24T06:06:41.529000+00:00,34.391,42.705,18.515,274.0,297.0,False,95.611,"[2048, 2048, 2049, 2049, 2048, 2048, 2048, 2048, 2048]","[2048, 2049, 2049, 2048, 2048, 2048, 2048, 2051, 2048, 2048, 2048]","[2048, 2049, 2048, 2049, 2049]",299.0
1220,9173,14,36,2023-09-24T06:06:44.936000+00:00,35.449,43.595,18.965,274.0,297.0,False,98.009,"[None, 2048, 2048, 2048, 2048, 2048, 2048, 2048, 2048]","[2048, 2048, 2048, 2048, 2048, 2048, 2048, 2048, 2048, 2048, 2048]","[2048, 2048, 2048, 2048, 2048]",298.0
1220,9173,31,36,2023-09-24T06:06:54.857000+00:00,35.184,43.594,18.838,275.0,300.0,False,97.616,"[None, 2048, 2048, 2048, 2048, 2048, 2048, 2048, 2048]","[2049, 2048, 2048, 2048, 2048, 2048, 2048, 2048, 2048, 2048, 2048]","[2048, 2048, 2048, 2048]",302.0
1220,9173,27,36,2023-09-24T06:07:04.326000+00:00,36.537,44.15,19.274,276.0,300.0,False,99.961,"[None, 2048, 2048, 2048, 2048, 2048, 2048, 2048, 2048]","[2048, 2048, 2048, 2048, 2048, 2048, 2048, 2048, 2048, 2048, 2048]","[2048, 2048, 2048, 2048, 2048]",302.0
1220,9173,10,36,2023-09-24T06:07:04.638000+00:00,34.663,43.062,18.646,271.0,298.0,False,96.371,"[2049, 2048, 2048, 2049, 2049, 2049, 2048, 2049, 2048]","[2049, 2049, 2049, 2048, 2049, 2048, 2048, 2049, 2049, 2048, 2048]","[2048, 2048, 2049, 2048]",300.0
1220,9173,40,36,2023-09-24T06:07:10.388000+00:00,35.52,43.873,18.875,277.0,296.0,False,98.268,"[None, 2048, 2048, 2048, 2049, 2049, 2048, 2048, 2049]","[2049, 2048, 2048, 2048, 2048, 2049, 2048, 2048, 2048, 2048, 2048]","[2048, 2048, 2048, 2048, 2048]",296.0
1220,9173,22,36,2023-09-24T06:07:14.263000+00:00,35.446,43.431,18.891,,297.0,False,97.768,"[None, 2048, 2048, 2048, 2048, 2048, 2048, 2048, 2049]","[2048, 2048, 2049, 2048, 2048, 2048, 2048, 2049, 2048, 2048, 2048]","[2048, 2048, 2048, 2048, 2048]",298.0
1220,9173,24,36,2023-09-24T06:07:19.044000+00:00,35.328,43.891,19.036,271.0,295.0,False,98.255,"[None, 2048, 2048, 2048, 2048, 2048, 2048, 2048, 2048]","[2048, 2048, 2048, 2048, 2048, 2048, 2048, 2048, 2048, 2048, 2048]","[2048, 2048, 2048, 2048, 2049]",291.0
1220,9173,1,37,2023-09-24T06:07:27.638000+00:00,35.253,43.61,21.401,275.0,298.0,False,100.264,"[None, 2048, 2049, 2048, 2048, 2048, 2048, 2048, 2048]","[2048, 2048, 2048, 2048, 2049, 2049, 2048, 2048, 2048, 2048, 2048]","[2048, 2048, 2048, 2064, 2064]",296.0
1220,9173,20,36,2023-09-24T06:07:35.185000+00:00,35.445,43.56,19.013,276.0,296.0,False,98.018,"[None, 2048, 2049, 2048, 2049, 2049, 2048, 2048, 2048]","[2049, 2048, 2048, 2048, 2048, 2048, 2048, 2049, 2048, 2048, 2048]","[2048, 2048, 2048, 2048, 2048]",297.0
1220,9173,4,37,2023-09-24T06:07:45.294000+00:00,54.811,42.866,19.104,278.0,290.0,True,116.781,"[2064, 2064, 2048, 2048, 2048, 2048, 2049, 2048, 2048]","[2048, 2048, 2048, 2051, 2051, 2049, 2048, 2048, 2048, 2051, 2048]","[2048, 2048, 2048, 2051, 0]",298.0
1220,9173,55,37,2023-09-24T06:07:56.934000+00:00,35.812,44.35,18.936,275.0,295.0,False,99.098,"[None, 2048, 2048, 2048, 2049, 2048, 2048, 2048, 2048]","[2048, 2048, 2048, 2048, 2048, 2048, 2048, 2048, 2048, 2048, 2048]","[2048, 2048, 2048, 2048]",296.0
1220,9173,63,37,2023-09-24T06:08:03.294000+00:00,35.498,44.025,18.957,278.0,291.0,False,98.48,"[None, 2048, 2048, 2048, 2048, 2048, 2048, 2048, 2048]","[2048, 2048, 2048, 2048, 2048, 2048, 2048, 2049, 2048, 2048, 2048]","[2048, 2048, 2048, 2048]",295.0
1220,9173,81,37,2023-09-24T06:08:10.809000+00:00,34.766,43.079,18.787,282.0,301.0,False,96.632,"[2048, 2048, 2048, 2049, 2049, 2048, 2048, 2049, 2051]","[2049, 2048, 2048, 2048, 2048, 2048, 2048, 2049, 2049, 2049, 2048]","[2048, 2048, 2049, 2048, 2048]",292.0
1220,9173,16,37,2023-09-24T06:08:13.028000+00:00,34.937,43.082,18.872,277.0,299.0,False,96.891,"[None, 2048, 2048, 2049, 2048, 2049, 2048, 2048, 2048]","[2049, 2048, 2048, 2048, 2048, 2048, 2048, 2049, 2048, 2048, 2048]","[2048, 2048, 2048, 2048, 2048]",299.0
1220,9173,44,37,2023-09-24T06:08:17.075000+00:00,34.571,42.969,18.642,277.0,298.0,False,96.182,"[None, 2048, 2048, 2048, 2048, 2048, 2048, 2048, 2048]","[2048, 2048, 2048, 2048, 2049, 2048, 2048, 2048, 2048, 2048, 2048]","[2048, 2048, 2048, 2048, 2048]",297.0
1220,9173,14,37,2023-09-24T06:08:22.918000+00:00,35.421,43.727,18.991,,297.0,False,98.139,"[None, 2048, 2048, 2048, 2048, 2048, 2048, 2048, 2048]","[2048, 2048, 2048, 2048, 2048, 2048, 2048, 2048, 2048, 2048, 2048]","[2048, 2048, 2048, 2048, 2048]",296.0
1220,9173,31,37,2023-09-24T06:08:32.559000+00:00,35.409,43.636,19.049,,299.0,False,98.094,"[None, 2048, 2048, 2048, 2048, 2048, 2048, 2048, 2049]","[2048, 2048, 2049, 2048, 2048, 2048, 2048, 2048, 2048, 2048, 2048]","[2048, 2048, 2048, 2048, 2048]",300.0
1220,9173,10,37,2023-09-24T06:08:40.887000+00:00,34.998,43.258,18.744,269.0,298.0,False,97.0,"[2048, 2048, 2048, 2048, 2049, 2049, 2049, 2048, 2048]","[2049, 2048, 2049, 2048, 2049, 2048, 2048, 2048, 2048, 2048, 2048]","[2048, 2048, 2048, 2048, 2048]",292.0
1220,9173,27,37,2023-09-24T06:08:44.371000+00:00,35.879,44.127,21.414,275.0,300.0,False,101.42,"[None, 2048, 2049, 2048, 2048, 2049, 2048, 2048, 2048]","[2049, 2048, 2048, 2048, 2048, 2048, 2048, 2048, 2048, 2049, 2048]","[2048, 2048, 2048, 2064, 2064]",298.0
1220,9173,40,37,2023-09-24T06:08:48.652000+00:00,35.684,43.853,18.952,,296.0,False,98.489,"[None, 2048, 2048, 2048, 2048, 2048, 2048, 2048, 2049]","[2048, 2048, 2048, 2048, 2049, 2049, 2048, 2049, 2048, 2048, 2048]","[2048, 2048, 2048, 2048, 2048]",296.0
1220,9173,22,37,2023-09-24T06:08:52.011000+00:00,35.511,43.55,18.952,278.0,297.0,False,98.013,"[None, 2048, 2048, 2048, 2048, 2048, 2048, 2048, 2049]","[2048, 2048, 2049, 2048, 2048, 2048, 2048, 2048, 2048, 2048, 2049]","[2048, 2048, 2048, 2048, 2048]",298.0
1220,9173,24,37,2023-09-24T06:08:57.558000+00:00,35.454,43.882,19.094,269.0,296.0,False,98.43,"[None, 2048, 2048, 2048, 2048, 2048, 2048, 2048, 2048]","[2048, 2048, 2048, 2048, 2048, 2048, 2048, 2048, 2048, 2048, 2048]","[2048, 2048, 2048, 2048, 2048]",289.0
1220,9173,1,38,2023-09-24T06:09:07.871000+00:00,54.736,42.835,18.507,281.0,298.0,True,116.078,"[2064, 2064, 2048, 2048, 2048, 2049, 2049, 2049, 2049]","[2048, 2048, 2048, 2048, 2048, 2048, 2048, 2049, 2049, 2049, 2048]","[2048, 2048, 2051, 2051, 2049]",287.0
1220,9173,20,37,2023-09-24T06:09:13.167000+00:00,35.6,43.565,19.007,271.0,298.0,False,98.172,"[None, 2048, 2048, 2048, 2049, 2049, 2048, 2048, 2048]","[2048, 2048, 2048, 2048, 2048, 2048, 2048, 2048, 2048, 2048, 2048]","[2048, 2048, 2048, 2048, 2049]",292.0
1220,9173,55,38,2023-09-24T06:09:36.042000+00:00,35.836,44.017,21.567,,297.0,False,101.42,"[None, 2048, 2048, 2048, 2048, 2048, 2048, 2048, 2048]","[2048, 2048, 2048, 2048, 2048, 2048, 2048, 2048, 2048, 2048, 2048]","[2048, 2048, 2048, 2064, 2064]",296.0
1220,9173,63,38,2023-09-24T06:09:41.667000+00:00,36.226,43.855,18.962,,299.0,False,99.043,"[None, 2048, 2048, 2048, 2048, 2048, 2048, 2048, 2048]","[2048, 2048, 2048, 2048, 2048, 2048, 2048, 2049, 2048, 2048, 2048]","[2048, 2048, 2048, 2048, 2048]",298.0
1220,9173,4,38,2023-09-24T06:09:42.120000+00:00,34.335,42.795,18.873,274.0,301.0,False,96.003,"[2051, 2048, 2048, 2049, 2048, 2048, 2049, 2048, 2048]","[2048, 2049, 2048, 2048, 2048, 2048, 2048, 2049, 2049, 2048, 2048]","[2048, 2048, 2049, 2048, 2048]",287.0
1220,9173,81,38,2023-09-24T06:09:47.479000+00:00,34.707,42.967,18.654,279.0,303.0,False,96.328,"[None, 2048, 2048, 2049, 2049, 2048, 2048, 2048, 2048]","[2048, 2048, 2049, 2048, 2048, 2049, 2048, 2048, 2048, 2049, 2048]","[2048, 2051, 2048, 2048, 2048]",301.0
1220,9173,16,38,2023-09-24T06:09:49.917000+00:00,34.794,43.003,18.696,279.0,301.0,False,96.493,"[None, 2048, 2048, 2048, 2049, 2048, 2048, 2048, 2049]","[2049, 2048, 2048, 2048, 2048, 2048, 2048, 2049, 2048, 2048, 2048]","[2048, 2049, 2048, 2048, 2048]",300.0
1220,9173,44,38,2023-09-24T06:09:53.307000+00:00,34.843,43.243,18.65,274.0,299.0,False,96.736,"[None, 2048, 2048, 2048, 2048, 2048, 2048, 2048, 2048]","[2048, 2048, 2048, 2048, 2049, 2048, 2048, 2048, 2048, 2048, 2048]","[2048, 2049, 2048, 2048, 2048]",297.0
1220,9173,14,38,2023-09-24T06:10:01.088000+00:00,35.387,43.695,18.918,276.0,297.0,False,98.0,"[None, 2048, 2048, 2048, 2048, 2048, 2048, 2048, 2048]","[2048, 2048, 2048, 2048, 2048, 2048, 2048, 2048, 2048, 2048, 2048]","[2048, 2048, 2048, 2048]",296.0
1220,9173,31,38,2023-09-24T06:10:10.635000+00:00,35.441,43.654,18.785,274.0,301.0,False,97.88,"[None, 2048, 2048, 2048, 2048, 2048, 2048, 2048, 2048]","[2048, 2048, 2048, 2048, 2048, 2048, 2048, 2048, 2048, 2048, 2048]","[2048, 2048, 2049, 2049, 2049]",301.0
1220,9173,10,38,2023-09-24T06:10:17.994000+00:00,35.176,43.281,18.746,270.0,299.0,False,97.203,"[None, 2048, 2048, 2048, 2048, 2048, 2048, 2048, 2048]","[2049, 2048, 2049, 2048, 2049, 2048, 2048, 2049, 2048, 2048, 2048]","[2048, 2048, 2048, 2048, 2048]",293.0
1220,9173,27,38,2023-09-24T06:10:25.729000+00:00,56.222,43.789,18.923,273.0,298.0,True,118.934,"[2064, 2064, 2048, 2048, 2048, 2048, 2048, 2048, 2048]","[2048, 2048, 2048, 2048, 2049, 2048, 2048, 2048, 2049, 2048, 2048]","[2048, 2048, 2048, 2049, 0]",294.0
1220,9173,40,38,2023-09-24T06:10:27.150000+00:00,35.429,43.892,19.022,,296.0,False,98.343,"[None, 2048, 2048, 2048, 2049, 2049, 2048, 2048, 2049]","[2048, 2048, 2048, 2048, 2048, 2048, 2048, 2048, 2048, 2048, 2048]","[2048, 2048, 2048, 2048]",296.0
1220,9173,22,38,2023-09-24T06:10:30.072000+00:00,35.444,43.516,18.856,277.0,298.0,False,97.816,"[None, 2048, 2048, 2048, 2049, 2049, 2048, 2048, 2049]","[2049, 2048, 2048, 2048, 2048, 2048, 2048, 2048, 2048, 2049, 2049]","[2048, 2049, 2048, 2048, 2048]",298.0
1220,9173,24,38,2023-09-24T06:10:35.682000+00:00,35.261,43.771,19.179,271.0,296.0,False,98.211,"[None, 2048, 2048, 2048, 2048, 2048, 2048, 2048, 2048]","[2048, 2048, 2049, 2048, 2048, 2048, 2048, 2048, 2048, 2048, 2048]","[2048, 2048, 2048, 2048, 2048]",292.0
1220,9173,20,38,2023-09-24T06:10:51.353000+00:00,35.567,43.635,19.019,273.0,299.0,False,98.221,"[None, 2048, 2048, 2048, 2048, 2048, 2048, 2048, 2048]","[2048, 2048, 2048, 2048, 2048, 2048, 2048, 2048, 2048, 2049, 2048]","[2048, 2048, 2048, 2048]",295.0
1220,9173,1,39,2023-09-24T06:11:04.025000+00:00,33.72,42.118,18.345,280.0,300.0,False,94.183,"[2048, 2048, 2049, 2051, 2051, 2051, 2049, 2051, 2048]","[2051, 2051, 2049, 2049, 2049, 2048, 2048, 2051, 2051, 2049, 2049]","[2048, 2049, 2048, 2048]",297.0
1220,9173,55,39,2023-09-24T06:11:17.525000+00:00,54.696,42.805,18.663,278.0,298.0,True,116.164,"[2064, 2064, 2048, 2049, 2049, 2049, 2049, 2049, 2048]","[2048, 2049, 2049, 2049, 2048, 2048, 2048, 2049, 2049, 2049, 2048]","[2048, 2048, 2049, 2049, 2048]",296.0
1220,9173,4,39,2023-09-24T06:11:18.025000+00:00,34.45,42.719,18.803,279.0,300.0,False,95.972,"[2048, 2048, 2048, 2049, 2049, 2049, 2049, 2049, 2048]","[2049, 2048, 2048, 2048, 2048, 2048, 2048, 2049, 2048, 2048, 2048]","[2048, 2048, 2049, 2048]",286.0
1220,9173,63,39,2023-09-24T06:11:20.821000+00:00,35.597,43.57,18.849,,299.0,False,98.016,"[None, 2048, 2048, 2048, 2048, 2048, 2048, 2048, 2048]","[2048, 2048, 2048, 2048, 2048, 2048, 2048, 2049, 2048, 2048, 2048]","[2048, 2048, 2048, 2048]",297.0
1220,9173,81,39,2023-09-24T06:11:23.743000+00:00,34.859,43.07,18.668,282.0,305.0,False,96.597,"[None, 2048, 2048, 2048, 2049, 2048, 2048, 2048, 2048]","[2049, 2048, 2048, 2048, 2048, 2049, 2049, 2048, 2048, 2049, 2048]","[2048, 2051, 2048, 2048, 2048]",304.0
1220,9173,16,39,2023-09-24T06:11:26.399000+00:00,34.915,43.025,18.732,280.0,302.0,False,96.672,"[None, 2048, 2048, 2048, 2048, 2048, 2048, 2048, 2049]","[2048, 2048, 2048, 2048, 2048, 2048, 2048, 2049, 2048, 2049, 2048]","[2048, 2048, 2048, 2048]",302.0
1220,9173,44,39,2023-09-24T06:11:30.056000+00:00,34.968,42.908,18.633,276.0,300.0,False,96.509,"[None, 2048, 2048, 2048, 2048, 2048, 2048, 2048, 2048]","[2048, 2048, 2049, 2048, 2048, 2048, 2048, 2048, 2048, 2048, 2048]","[2048, 2049, 2048, 2048, 2048]",299.0
1220,9173,14,39,2023-09-24T06:11:39.055000+00:00,35.411,43.518,19.107,,299.0,False,98.036,"[None, 2048, 2048, 2048, 2048, 2048, 2048, 2048, 2048]","[2048, 2048, 2048, 2048, 2048, 2048, 2048, 2048, 2048, 2048, 2048]","[2048, 2048, 2048, 2048, 2048]",298.0
1220,9173,31,39,2023-09-24T06:11:48.524000+00:00,,43.631,18.954,273.0,301.0,False,98.026,"[None, 2048, 2048, 2048, 2048, 2048, 2048, 2048, 2048]","[2049, 2048, 2048, 2048, 2048, 2048, 2048, 2048, 2048, 2048, 2048]","[2048, 2048, 2048, 2048, 2048]",300.0
1220,9173,10,39,2023-09-24T06:11:55.196000+00:00,35.086,43.175,18.719,271.0,300.0,False,96.98,"[None, 2048, 2048, 2048, 2048, 2049, 2048, 2048, 2048]","[2048, 2048, 2049, 2048, 2051, 2048, 2048, 2049, 2048, 2048, 2048]","[2048, 2048, 2048, 2048, 2048]",295.0
1220,9173,40,39,2023-09-24T06:12:05.414000+00:00,35.533,43.898,19.047,276.0,295.0,False,98.478,"[None, 2048, 2048, 2048, 2048, 2048, 2048, 2048, 2048]","[2048, 2048, 2048, 2048, 2048, 2048, 2048, 2049, 2048, 2048, 2048]","[2048, 2048, 2048, 2048, 2048]",294.0
1220,9173,22,39,2023-09-24T06:12:07.742000+00:00,35.543,43.647,18.907,278.0,298.0,False,98.097,"[None, 2048, 2048, 2048, 2048, 2048, 2048, 2048, 2049]","[2048, 2048, 2049, 2048, 2048, 2048, 2048, 2049, 2048, 2048, 2049]","[2048, 2048, 2048, 2048]",298.0
1220,9173,24,39,2023-09-24T06:12:13.883000+00:00,35.118,43.872,19.002,,297.0,False,97.992,"[None, 2048, 2048, 2048, 2048, 2048, 2048, 2048, 2048]","[2048, 2048, 2048, 2048, 2048, 2048, 2048, 2048, 2048, 2048, 2048]","[2048, 2048, 2048, 2048, 2049]",291.0
1220,9173,27,39,2023-09-24T06:12:24.742000+00:00,35.79,43.682,18.918,275.0,298.0,False,98.39,"[2048, 2048, 2048, 2049, 2049, 2048, 2048, 2048, 2048]","[2048, 2048, 2048, 2048, 2048, 2048, 2048, 2048, 2049, 2049, 2048]","[2048, 2048, 2048, 2049, 2049]",295.0
1220,9173,20,39,2023-09-24T06:12:29.601000+00:00,35.489,43.607,18.909,274.0,299.0,False,98.005,"[None, 2048, 2048, 2048, 2048, 2048, 2048, 2048, 2048]","[2048, 2048, 2048, 2048, 2048, 2049, 2048, 2048, 2048, 2049, 2048]","[2048, 2048, 2048, 2049, 2049]",298.0
1220,9173,1,40,2023-09-24T06:12:38.070000+00:00,34.693,42.582,18.639,278.0,300.0,False,95.914,"[None, 2048, 2048, 2048, 2048, 2048, 2048, 2048, 2048]","[2048, 2048, 2048, 2048, 2048, 2048, 2048, 2048, 2048, 2049, 2049]","[2048, 2048, 2048, 2048, 2048]",287.0
1220,9173,4,40,2023-09-24T06:12:53.992000+00:00,34.269,42.423,18.555,282.0,301.0,False,95.247,"[None, 2048, 2048, 2049, 2049, 2049, 2049, 2048, 2049]","[2049, 2049, 2049, 2048, 2048, 2048, 2048, 2049, 2049, 2048, 2048]","[2048, 2048, 2049, 2048, 2048]",297.0
1220,9173,63,40,2023-09-24T06:12:58.695000+00:00,35.402,43.499,18.791,277.0,299.0,False,97.692,"[None, 2048, 2048, 2048, 2048, 2049, 2048, 2048, 2048]","[2048, 2048, 2048, 2048, 2048, 2048, 2048, 2049, 2048, 2048, 2048]","[2048, 2048, 2048, 2049, 2049]",297.0
1220,9173,81,40,2023-09-24T06:13:00.320000+00:00,34.846,42.96,18.935,281.0,307.0,False,96.741,"[None, 2048, 2048, 2048, 2048, 2048, 2048, 2048, 2048]","[2048, 2048, 2048, 2048, 2048, 2049, 2049, 2049, 2049, 2051, 2049]","[2048, 2048, 2048, 2049, 2051]",297.0
1220,9173,16,40,2023-09-24T06:13:02.976000+00:00,34.761,42.921,18.68,279.0,301.0,False,96.362,"[None, 2048, 2049, 2048, 2048, 2049, 2048, 2048, 2048]","[2048, 2048, 2048, 2048, 2048, 2048, 2048, 2048, 2048, 2049, 2048]","[2048, 2048, 2048, 2048, 2048]",302.0
1220,9173,44,40,2023-09-24T06:13:06.585000+00:00,35.18,43.254,18.684,274.0,299.0,False,97.118,"[None, 2048, 2048, 2048, 2048, 2048, 2048, 2048, 2048]","[2048, 2048, 2048, 2048, 2048, 2048, 2048, 2048, 2048, 2048, 2048]","[2048, 2048, 2048, 2048, 2048]",298.0
1220,9173,55,40,2023-09-24T06:13:13.741000+00:00,34.768,42.779,18.64,276.0,298.0,False,96.187,"[2048, 2048, 2048, 2049, 2049, 2048, 2048, 2049, 2048]","[2048, 2048, 2048, 2049, 2048, 2048, 2048, 2049, 2049, 2049, 2048]","[2048, 2048, 2048, 2049, 2048]",296.0
1220,9173,14,40,2023-09-24T06:13:17.163000+00:00,35.394,43.658,19.007,275.0,297.0,False,98.059,"[None, 2048, 2048, 2048, 2048, 2048, 2048, 2048, 2048]","[2048, 2048, 2048, 2048, 2048, 2048, 2048, 2048, 2048, 2048, 2048]","[2048, 2048, 2048, 2048, 2048]",296.0
1220,9173,31,40,2023-09-24T06:13:26.569000+00:00,35.515,43.522,18.867,275.0,301.0,False,97.904,"[None, 2048, 2048, 2048, 2048, 2048, 2048, 2048, 2049]","[2048, 2048, 2049, 2048, 2049, 2048, 2048, 2048, 2048, 2048, 2048]","[2048, 2048, 2048, 2048, 2048]",302.0
1220,9173,10,40,2023-09-24T06:13:32.178000+00:00,35.06,43.17,18.73,273.0,300.0,False,96.96,"[None, 2048, 2048, 2048, 2048, 2048, 2048, 2049, 2048]","[2048, 2048, 2048, 2048, 2048, 2048, 2048, 2048, 2048, 2048, 2048]","[2048, 2048, 2048, 2048, 2048]",298.0
1220,9173,40,40,2023-09-24T06:13:43.959000+00:00,35.593,43.812,19.018,,294.0,False,98.423,"[None, 2048, 2048, 2048, 2048, 2049, 2048, 2048, 2048]","[2048, 2048, 2048, 2048, 2048, 2048, 2048, 2049, 2048, 2048, 2048]","[2048, 2049, 2048, 2048, 2048]",295.0
1220,9173,22,40,2023-09-24T06:13:45.944000+00:00,35.455,43.595,18.87,275.0,298.0,False,97.92,"[None, 2048, 2049, 2048, 2048, 2048, 2048, 2048, 2048]","[2048, 2048, 2048, 2048, 2048, 2048, 2048, 2049, 2048, 2049, 2049]","[2048, 2049, 2048, 2048, 2048]",299.0
1220,9173,24,40,2023-09-24T06:13:51.897000+00:00,35.445,43.813,19.074,,296.0,False,98.332,"[None, 2048, 2049, 2048, 2048, 2048, 2048, 2048, 2048]","[2048, 2048, 2048, 2048, 2048, 2048, 2048, 2048, 2048, 2048, 2048]","[2048, 2048, 2048, 2048, 2049]",292.0
1220,9173,27,40,2023-09-24T06:14:03.100000+00:00,35.473,43.366,18.817,273.0,299.0,False,97.656,"[None, 2048, 2048, 2048, 2049, 2049, 2048, 2048, 2048]","[2048, 2049, 2049, 2048, 2048, 2048, 2048, 2048, 2049, 2049, 2048]","[2048, 2048, 2048, 2048, 2049]",293.0
1220,9173,20,40,2023-09-24T06:14:07.631000+00:00,35.475,43.606,18.877,275.0,299.0,False,97.958,"[None, 2048, 2049, 2048, 2048, 2048, 2048, 2048, 2048]","[2048, 2048, 2048, 2048, 2048, 2049, 2048, 2048, 2048, 2048, 2048]","[2048, 2048, 2048, 2048, 2048]",298.0
1220,9173,1,41,2023-09-24T06:14:14.115000+00:00,34.366,42.49,18.577,277.0,300.0,False,95.433,"[None, 2048, 2048, 2048, 2048, 2048, 2048, 2048, 2048]","[2048, 2051, 2048, 2048, 2048, 2048, 2048, 2048, 2048, 2048, 2049]","[2048, 2048, 2048, 2048, 2048]",294.0
1220,9173,4,41,2023-09-24T06:14:29.443000+00:00,34.43,42.727,18.666,279.0,300.0,False,95.823,"[None, 2048, 2048, 2048, 2048, 2049, 2048, 2048, 2048]","[2048, 2048, 2048, 2048, 2048, 2048, 2048, 2048, 2048, 2048, 2048]","[2048, 2048, 2048, 2048, 2048]",299.0
1220,9173,63,41,2023-09-24T06:14:36.505000+00:00,35.534,43.465,19.023,270.0,297.0,False,98.022,"[None, 2048, 2048, 2048, 2048, 2048, 2048, 2048, 2048]","[2048, 2048, 2048, 2048, 2048, 2048, 2048, 2049, 2048, 2048, 2048]","[2048, 2048, 2048, 2049, 2048]",298.0
1220,9173,81,41,2023-09-24T06:14:37.115000+00:00,35.302,43.421,19.159,280.0,309.0,False,97.882,"[2049, 2051, 2048, 2048, 2048, 2048, 2048, 2048, 2048]","[2048, 2048, 2048, 2048, 2048, 2049, 2048, 2048, 2048, 2051, 2049]","[2051, 2048, 2048, 2048, 2048]",312.0
1220,9173,16,41,2023-09-24T06:14:39.427000+00:00,34.95,43.174,18.797,278.0,301.0,False,96.921,"[None, 2048, 2048, 2048, 2048, 2049, 2048, 2048, 2048]","[2048, 2048, 2048, 2048, 2048, 2048, 2048, 2048, 2048, 2049, 2048]","[2048, 2048, 2048, 2048, 2048]",304.0
1220,9173,44,41,2023-09-24T06:14:43.708000+00:00,35.024,43.335,18.884,276.0,298.0,False,97.243,"[None, 2048, 2048, 2048, 2048, 2048, 2048, 2048, 2048]","[2048, 2048, 2048, 2048, 2048, 2048, 2048, 2048, 2048, 2048, 2048]","[2048, 2048, 2048, 2048, 2048]",299.0
1220,9173,55,41,2023-09-24T06:14:49.943000+00:00,34.756,42.893,18.715,277.0,299.0,False,96.364,"[None, 2048, 2048, 2048, 2048, 2048, 2048, 2049, 2048]","[2048, 2048, 2048, 2048, 2048, 2049, 2048, 2048, 2048, 2049, 2048]","[2048, 2048, 2048, 2048, 2048]",298.0
1220,9173,14,41,2023-09-24T06:14:55.177000+00:00,35.414,43.676,19.092,,297.0,False,98.182,"[None, 2048, 2048, 2048, 2048, 2048, 2048, 2048, 2048]","[2048, 2048, 2048, 2048, 2048, 2048, 2048, 2048, 2048, 2048, 2048]","[2048, 2048, 2048, 2048]",296.0
1220,9173,11,15,2023-09-24T06:15:00.958000+00:00,66.867,43.374,22.294,274.0,298.0,True,132.535,"[None, 2064, 2048, 2048, 2048, 2049, 2049, 2049, 2048]","[2049, 2049, 2049, 2049, 2048, 2048, 2048, 2049, 2048, 2048, 2048]","[2048, 2048, 2049, 2064, 2064]",298.0
1220,9173,31,41,2023-09-24T06:15:04.474000+00:00,35.402,43.493,18.878,274.0,300.0,False,97.773,"[None, 2048, 2048, 2048, 2048, 2049, 2048, 2048, 2048]","[2048, 2048, 2048, 2048, 2048, 2048, 2048, 2048, 2048, 2048, 2048]","[2048, 2049, 2048, 2048, 2048]",301.0
1220,9173,10,41,2023-09-24T06:15:09.145000+00:00,35.184,43.283,18.782,272.0,300.0,False,97.249,"[None, 2048, 2048, 2048, 2048, 2048, 2048, 2048, 2048]","[2048, 2048, 2048, 2048, 2048, 2048, 2048, 2048, 2048, 2048, 2048]","[2048, 2048, 2048, 2048, 2048]",298.0
1220,9173,40,41,2023-09-24T06:15:22.411000+00:00,35.693,43.895,18.924,,295.0,False,98.512,"[None, 2048, 2048, 2048, 2048, 2049, 2048, 2048, 2048]","[2048, 2048, 2049, 2048, 2048, 2048, 2048, 2048, 2048, 2048, 2048]","[2048, 2048, 2048, 2049, 2048]",294.0
1220,9173,22,41,2023-09-24T06:15:23.880000+00:00,35.656,43.625,18.937,279.0,298.0,False,98.218,"[None, 2048, 2049, 2048, 2048, 2048, 2048, 2048, 2049]","[2049, 2048, 2049, 2048, 2048, 2048, 2048, 2048, 2048, 2048, 2049]","[2049, 2049, 2048, 2048, 2048]",300.0
1220,9173,24,41,2023-09-24T06:15:30.301000+00:00,35.301,43.818,19.072,,296.0,False,98.191,"[None, 2048, 2048, 2048, 2048, 2049, 2048, 2048, 2048]","[2048, 2048, 2048, 2048, 2048, 2048, 2048, 2049, 2048, 2048, 2048]","[2048, 2048, 2048, 2048, 2049]",292.0
1220,9173,27,41,2023-09-24T06:15:40.801000+00:00,35.291,43.355,18.749,275.0,300.0,False,97.395,"[None, 2048, 2048, 2049, 2048, 2049, 2049, 2048, 2048]","[2049, 2049, 2048, 2048, 2048, 2048, 2048, 2049, 2049, 2049, 2048]","[2048, 2048, 2048, 2048]",297.0
1220,9173,20,41,2023-09-24T06:15:45.535000+00:00,35.495,43.528,18.819,276.0,299.0,False,97.842,"[None, 2048, 2048, 2048, 2049, 2049, 2048, 2048, 2049]","[2048, 2048, 2048, 2048, 2049, 2049, 2048, 2048, 2048, 2048, 2048]","[2048, 2048, 2049, 2048, 2048]",299.0
1220,9173,1,42,2023-09-24T06:15:49.535000+00:00,34.235,42.444,18.569,280.0,302.0,False,95.248,"[2049, 2048, 2048, 2048, 2048, 2048, 2048, 2048, 2048]","[2048, 2048, 2048, 2048, 2049, 2049, 2049, 2048, 2048, 2048, 2049]","[2049, 2048, 2048, 2048, 2048]",298.0
1220,9173,4,42,2023-09-24T06:16:05.160000+00:00,34.424,42.682,18.738,278.0,300.0,False,95.844,"[None, 2048, 2048, 2048, 2049, 2049, 2048, 2048, 2048]","[2048, 2048, 2048, 2048, 2048, 2048, 2048, 2048, 2048, 2048, 2048]","[2048, 2048, 2048, 2048]",299.0
1220,9173,63,42,2023-09-24T06:16:14.535000+00:00,35.969,43.765,18.845,277.0,299.0,False,98.579,"[None, 2048, 2048, 2048, 2048, 2048, 2048, 2048, 2048]","[2048, 2048, 2048, 2048, 2048, 2048, 2048, 2048, 2048, 2048, 2048]","[2048, 2048, 2048, 2048, 2048]",300.0
1220,9173,81,42,2023-09-24T06:16:14.988000+00:00,34.477,43.508,18.863,277.0,300.0,False,96.848,"[2048, 2048, 2048, 2048, 2048, 2049, 2048, 2048, 2048]","[2048, 2048, 2048, 2048, 2048, 2048, 2048, 2048, 2048, 2048, 2048]","[2048, 2048, 2048, 2048]",300.0
1220,9173,16,42,2023-09-24T06:16:16.363000+00:00,35.38,43.314,18.661,277.0,303.0,False,97.355,"[None, 2048, 2048, 2048, 2048, 2048, 2048, 2048, 2048]","[2048, 2048, 2048, 2048, 2048, 2048, 2049, 2048, 2048, 2049, 2049]","[2049, 2048, 2048, 2049, 2048]",306.0
1220,9173,44,42,2023-09-24T06:16:20.957000+00:00,35.327,43.392,18.751,,297.0,False,97.47,"[None, 2048, 2048, 2048, 2048, 2048, 2048, 2048, 2048]","[2048, 2048, 2048, 2048, 2048, 2048, 2048, 2048, 2048, 2048, 2048]","[2048, 2048, 2048, 2048, 2048]",298.0
1220,9173,55,42,2023-09-24T06:16:26.286000+00:00,34.864,42.969,18.545,,298.0,False,96.378,"[None, 2048, 2048, 2048, 2049, 2048, 2048, 2048, 2048]","[2048, 2048, 2048, 2048, 2048, 2048, 2048, 2048, 2048, 2049, 2048]","[2048, 2049, 2049, 2049, 2048]",299.0
1220,9173,14,42,2023-09-24T06:16:33.347000+00:00,35.666,43.613,19.078,276.0,296.0,False,98.357,"[None, 2048, 2048, 2048, 2048, 2048, 2048, 2048, 2048]","[2048, 2048, 2048, 2048, 2048, 2048, 2048, 2048, 2048, 2048, 2048]","[2048, 2048, 2048, 2048, 2048]",296.0
1220,9173,31,42,2023-09-24T06:16:42.300000+00:00,35.398,43.613,18.809,,300.0,False,97.82,"[None, 2048, 2048, 2048, 2048, 2048, 2048, 2048, 2048]","[2048, 2048, 2048, 2048, 2048, 2048, 2048, 2048, 2048, 2048, 2048]","[2048, 2048, 2049, 2048, 2048]",301.0
1220,9173,10,42,2023-09-24T06:16:46.425000+00:00,35.212,43.284,18.704,,300.0,False,97.2,"[None, 2048, 2048, 2048, 2048, 2048, 2048, 2048, 2048]","[2048, 2048, 2048, 2048, 2048, 2048, 2048, 2049, 2048, 2049, 2048]","[2048, 2048, 2048, 2048, 2048]",298.0
1220,9173,40,42,2023-09-24T06:17:00.893000+00:00,35.74,43.864,19.039,277.0,294.0,False,98.643,"[None, 2048, 2048, 2048, 2048, 2048, 2048, 2048, 2049]","[2048, 2048, 2048, 2048, 2048, 2048, 2048, 2048, 2048, 2048, 2048]","[2048, 2048, 2048, 2048, 2048]",294.0
1220,9173,22,42,2023-09-24T06:17:02.112000+00:00,35.854,43.669,18.896,278.0,298.0,False,98.419,"[None, 2048, 2048, 2048, 2048, 2048, 2048, 2048, 2048]","[2049, 2048, 2048, 2048, 2048, 2048, 2048, 2048, 2048, 2048, 2048]","[2048, 2049, 2048, 2048, 2048]",299.0
1220,9173,24,42,2023-09-24T06:17:08.456000+00:00,35.228,43.654,19.024,272.0,296.0,False,97.906,"[None, 2048, 2048, 2048, 2048, 2049, 2048, 2048, 2048]","[2048, 2048, 2048, 2048, 2048, 2048, 2048, 2049, 2048, 2048, 2048]","[2048, 2048, 2048, 2048, 2048]",293.0
1220,9173,11,16,2023-09-24T06:17:13.471000+00:00,,,,,,False,,,,,
1220,9173,27,42,2023-09-24T06:17:18.174000+00:00,35.199,43.31,18.8,276.0,300.0,False,97.309,"[None, 2048, 2048, 2048, 2049, 2049, 2048, 2048, 2048]","[2049, 2049, 2049, 2048, 2048, 2048, 2048, 2049, 2048, 2048, 2048]","[2048, 2048, 2048, 2049, 2049]",297.0
1220,9173,20,42,2023-09-24T06:17:23.362000+00:00,35.394,44.851,18.984,274.0,300.0,False,99.229,"[None, 2048, 2048, 2048, 2049, 2049, 2048, 2048, 2048]","[2048, 2048, 2048, 2048, 2048, 2048, 2048, 2048, 2048, 2048, 2048]","[2048, 2048, 2048, 2048, 2048]",299.0
1220,9173,1,43,2023-09-24T06:17:24.768000+00:00,34.687,42.795,18.487,277.0,300.0,False,95.969,"[None, 2049, 2048, 2048, 2048, 2048, 2048, 2048, 2048]","[2048, 2048, 2048, 2048, 2051, 2048, 2048, 2048, 2048, 2048, 2048]","[2048, 2048, 2048, 2048, 2048]",298.0
1220,9173,4,43,2023-09-24T06:17:41.002000+00:00,34.614,42.687,18.751,279.0,300.0,False,96.052,"[None, 2048, 2048, 2048, 2048, 2048, 2048, 2048, 2048]","[2048, 2048, 2048, 2048, 2048, 2048, 2048, 2048, 2048, 2048, 2048]","[2048, 2048, 2048, 2048, 2048]",299.0
1220,9173,81,43,2023-09-24T06:17:51.736000+00:00,35.065,43.33,18.856,279.0,301.0,False,97.251,"[None, 2048, 2048, 2048, 2048, 2049, 2048, 2048, 2048]","[2048, 2048, 2048, 2048, 2048, 2048, 2048, 2048, 2048, 2048, 2048]","[2048, 2048, 2048, 2048, 2048]",300.0
1220,9173,63,43,2023-09-24T06:17:53.111000+00:00,35.488,43.776,18.836,271.0,300.0,False,98.1,"[None, 2048, 2049, 2048, 2048, 2048, 2048, 2048, 2048]","[2048, 2048, 2048, 2048, 2048, 2048, 2048, 2048, 2048, 2048, 2048]","[2048, 2048, 2048, 2048]",299.0
1220,9173,16,43,2023-09-24T06:17:53.705000+00:00,35.421,43.793,18.842,278.0,304.0,False,98.056,"[None, 2049, 2048, 2048, 2048, 2048, 2048, 2048, 2048]","[2048, 2048, 2048, 2048, 2048, 2048, 2048, 2048, 2048, 2048, 2049]","[2049, 2048, 2048, 2048, 2048]",307.0
1220,9173,44,43,2023-09-24T06:17:58.392000+00:00,35.103,43.397,18.793,278.0,299.0,False,97.293,"[None, 2048, 2048, 2048, 2048, 2048, 2048, 2048, 2048]","[2048, 2048, 2048, 2048, 2049, 2048, 2048, 2048, 2048, 2048, 2048]","[2048, 2048, 2048, 2048, 2048]",299.0
1220,9173,55,43,2023-09-24T06:18:02.674000+00:00,34.888,43.121,18.668,278.0,300.0,False,96.677,"[None, 2048, 2049, 2048, 2049, 2048, 2048, 2048, 2048]","[2049, 2048, 2048, 2048, 2048, 2048, 2048, 2048, 2048, 2049, 2048]","[2048, 2049, 2048, 2048, 2048]",300.0
1220,9173,14,43,2023-09-24T06:18:11.690000+00:00,35.621,43.842,18.95,277.0,297.0,False,98.413,"[None, 2048, 2048, 2048, 2048, 2048, 2048, 2048, 2049]","[2048, 2048, 2048, 2048, 2048, 2048, 2048, 2048, 2048, 2048, 2048]","[2048, 2048, 2048, 2048, 2048]",296.0
1220,9173,31,43,2023-09-24T06:18:20.064000+00:00,35.459,43.557,18.777,275.0,302.0,False,97.793,"[None, 2048, 2048, 2048, 2048, 2048, 2048, 2048, 2048]","[2048, 2048, 2049, 2048, 2048, 2048, 2048, 2048, 2048, 2048, 2048]","[2048, 2049, 2048, 2048, 2048]",301.0
1220,9173,10,43,2023-09-24T06:18:23.642000+00:00,35.268,43.512,18.771,,302.0,False,97.551,"[None, 2048, 2048, 2048, 2049, 2048, 2048, 2048, 2048]","[2048, 2048, 2048, 2048, 2048, 2048, 2048, 2048, 2048, 2049, 2048]","[2048, 2048, 2048, 2048, 2048]",299.0
1220,9173,40,43,2023-09-24T06:18:39.517000+00:00,35.703,43.923,19.07,,296.0,False,98.696,"[None, 2048, 2048, 2048, 2048, 2048, 2048, 2048, 2049]","[2048, 2048, 2048, 2048, 2048, 2048, 2048, 2048, 2048, 2048, 2048]","[2048, 2048, 2048, 2048, 2048]",294.0
1220,9173,22,43,2023-09-24T06:18:40.517000+00:00,35.946,43.807,19.015,277.0,300.0,False,98.768,"[None, 2048, 2048, 2048, 2048, 2048, 2048, 2048, 2048]","[2048, 2048, 2049, 2048, 2048, 2048, 2048, 2048, 2048, 2048, 2049]","[2049, 2048, 2048, 2048, 2048]",299.0
1220,9173,24,43,2023-09-24T06:18:46.313000+00:00,35.306,43.884,19.023,273.0,298.0,False,98.213,"[None, 2048, 2049, 2048, 2048, 2048, 2048, 2048, 2049]","[2048, 2048, 2048, 2048, 2048, 2048, 2048, 2049, 2048, 2048, 2048]","[2048, 2048, 2048, 2048]",293.0
1220,9173,27,43,2023-09-24T06:18:55.485000+00:00,35.317,43.388,18.74,,301.0,False,97.445,"[None, 2048, 2049, 2048, 2048, 2048, 2048, 2049, 2048]","[2048, 2048, 2048, 2048, 2048, 2048, 2048, 2048, 2048, 2049, 2048]","[2048, 2048, 2048, 2048, 2048]",297.0
1220,9173,1,44,2023-09-24T06:19:00.735000+00:00,34.395,42.636,18.431,280.0,302.0,False,95.462,"[2048, 2048, 2048, 2048, 2048, 2048, 2048, 2048, 2048]","[2048, 2048, 2048, 2048, 2048, 2048, 2048, 2048, 2048, 2048, 2048]","[2049, 2049, 2048, 2048, 2048]",298.0
1220,9173,20,43,2023-09-24T06:19:02.610000+00:00,35.704,43.633,18.869,276.0,301.0,False,98.206,"[None, 2048, 2048, 2048, 2048, 2048, 2048, 2048, 2048]","[2049, 2048, 2048, 2048, 2048, 2049, 2048, 2048, 2048, 2048, 2048]","[2048, 2048, 2048, 2048, 2048]",299.0
1220,9173,4,44,2023-09-24T06:19:17.063000+00:00,34.611,42.794,18.654,280.0,301.0,False,96.059,"[None, 2048, 2048, 2048, 2048, 2048, 2048, 2048, 2048]","[2048, 2048, 2048, 2048, 2048, 2048, 2048, 2048, 2048, 2048, 2048]","[2048, 2048, 2048, 2048, 2048]",299.0
1220,9173,81,44,2023-09-24T06:19:29.078000+00:00,35.104,43.984,18.755,281.0,302.0,False,97.843,"[None, 2048, 2048, 2048, 2049, 2048, 2048, 2048, 2048]","[2048, 2048, 2048, 2048, 2048, 2048, 2048, 2048, 2048, 2048, 2048]","[2048, 2048, 2048, 2048, 2048]",299.0
1220,9173,63,44,2023-09-24T06:19:31.203000+00:00,35.732,43.899,18.823,,300.0,False,98.454,"[None, 2048, 2048, 2048, 2048, 2048, 2048, 2048, 2048]","[2048, 2048, 2048, 2048, 2048, 2048, 2048, 2048, 2048, 2048, 2048]","[2048, 2048, 2048, 2049]",299.0
1220,9173,16,44,2023-09-24T06:19:31.750000+00:00,35.787,43.748,18.866,,306.0,False,98.401,"[None, 2049, 2048, 2048, 2048, 2048, 2048, 2048, 2048]","[2048, 2048, 2048, 2048, 2048, 2048, 2048, 2048, 2048, 2049, 2049]","[2049, 2048, 2048, 2049]",308.0
1220,9173,44,44,2023-09-24T06:19:35.719000+00:00,35.228,43.39,18.647,276.0,300.0,False,97.265,"[None, 2048, 2048, 2048, 2048, 2048, 2048, 2048, 2048]","[2048, 2048, 2048, 2048, 2048, 2048, 2048, 2048, 2048, 2048, 2048]","[2048, 2048, 2048, 2048, 2048]",300.0
1220,9173,55,44,2023-09-24T06:19:39.328000+00:00,35.034,43.096,18.594,276.0,301.0,False,96.724,"[None, 2048, 2048, 2048, 2048, 2049, 2048, 2048, 2048]","[2048, 2048, 2048, 2048, 2048, 2049, 2049, 2048, 2048, 2048, 2048]","[2048, 2049, 2048, 2048, 2048]",301.0
1220,9173,14,44,2023-09-24T06:19:50.140000+00:00,35.744,43.878,19.077,276.0,297.0,False,98.699,"[None, 2048, 2048, 2048, 2048, 2048, 2048, 2048, 2048]","[2048, 2048, 2048, 2048, 2048, 2048, 2048, 2048, 2048, 2048, 2048]","[2048, 2048, 2048, 2048, 2048]",296.0
1220,9173,31,44,2023-09-24T06:19:57.859000+00:00,35.616,43.794,18.906,,301.0,False,98.316,"[None, 2048, 2048, 2048, 2048, 2048, 2048, 2048, 2049]","[2048, 2048, 2048, 2048, 2048, 2048, 2048, 2048, 2048, 2048, 2048]","[2048, 2048, 2048, 2048, 2048]",302.0
1220,9173,10,44,2023-09-24T06:20:01.140000+00:00,35.251,43.713,18.769,273.0,300.0,False,97.733,"[None, 2048, 2048, 2048, 2049, 2048, 2048, 2048, 2048]","[2048, 2048, 2048, 2048, 2048, 2048, 2048, 2048, 2048, 2048, 2048]","[2048, 2048, 2048, 2048, 2048]",300.0
1220,9173,40,44,2023-09-24T06:20:18.234000+00:00,35.754,44.01,19.036,,294.0,False,98.8,"[None, 2048, 2048, 2048, 2048, 2048, 2048, 2048, 2049]","[2048, 2048, 2049, 2048, 2048, 2048, 2048, 2048, 2048, 2048, 2048]","[2048, 2048, 2048, 2048, 2048]",294.0
1220,9173,22,44,2023-09-24T06:20:19.265000+00:00,35.926,43.762,18.822,,299.0,False,98.51,"[None, 2048, 2048, 2048, 2048, 2048, 2048, 2048, 2048]","[2048, 2048, 2048, 2048, 2048, 2048, 2048, 2048, 2048, 2049, 2049]","[2048, 2049, 2048, 2049]",301.0
1220,9173,24,44,2023-09-24T06:20:24.546000+00:00,35.278,43.83,19.094,270.0,296.0,False,98.202,"[None, 2048, 2049, 2048, 2048, 2048, 2048, 2048, 2048]","[2048, 2048, 2048, 2048, 2048, 2048, 2048, 2048, 2048, 2048, 2048]","[2048, 2048, 2048, 2048, 2048]",292.0
1220,9173,27,44,2023-09-24T06:20:32.983000+00:00,35.091,43.363,18.796,,300.0,False,97.25,"[None, 2048, 2048, 2048, 2048, 2049, 2048, 2049, 2048]","[2049, 2048, 2048, 2048, 2048, 2048, 2048, 2048, 2048, 2048, 2048]","[2048, 2048, 2048, 2049, 2048]",297.0
1220,9173,1,45,2023-09-24T06:20:36.218000+00:00,34.521,42.808,18.586,279.0,302.0,False,95.915,"[None, 2048, 2048, 2048, 2048, 2048, 2048, 2048, 2048]","[2048, 2048, 2048, 2048, 2048, 2049, 2049, 2048, 2048, 2048, 2048]","[2049, 2048, 2048, 2048, 2048]",301.0
1220,9173,20,44,2023-09-24T06:20:40.811000+00:00,35.602,43.685,18.779,273.0,299.0,False,98.066,"[None, 2048, 2048, 2048, 2048, 2049, 2048, 2048, 2048]","[2048, 2048, 2048, 2048, 2048, 2048, 2048, 2048, 2048, 2048, 2048]","[2048, 2049, 2049, 2048, 2048]",295.0
1220,9173,4,45,2023-09-24T06:20:53.139000+00:00,34.59,42.843,18.645,,301.0,False,96.078,"[None, 2048, 2048, 2048, 2048, 2048, 2048, 2048, 2048]","[2048, 2048, 2048, 2048, 2049, 2049, 2048, 2048, 2048, 2048, 2048]","[2048, 2048, 2048, 2048, 2048]",300.0
1220,9173,81,45,2023-09-24T06:21:06.936000+00:00,35.055,43.388,18.853,280.0,300.0,False,97.296,"[None, 2048, 2048, 2048, 2048, 2048, 2048, 2048, 2048]","[2048, 2048, 2048, 2048, 2048, 2048, 2048, 2048, 2048, 2048, 2048]","[2048, 2048, 2048, 2048, 2048]",300.0
1220,9173,63,45,2023-09-24T06:21:09.702000+00:00,36.199,44.032,19.007,278.0,300.0,False,99.238,"[None, 2048, 2048, 2048, 2048, 2048, 2048, 2048, 2048]","[2048, 2048, 2048, 2048, 2048, 2048, 2048, 2048, 2048, 2048, 2048]","[2048, 2048, 2048, 2048, 2048]",296.0
1220,9173,16,45,2023-09-24T06:21:10.170000+00:00,35.038,43.349,18.847,273.0,299.0,False,97.234,"[2049, 2048, 2048, 2048, 2048, 2048, 2048, 2048, 2048]","[2048, 2048, 2048, 2048, 2048, 2048, 2048, 2048, 2048, 2048, 2048]","[2048, 2048, 2048, 2048, 2048]",292.0
1220,9173,44,45,2023-09-24T06:21:12.967000+00:00,35.15,43.443,18.624,279.0,300.0,False,97.217,"[None, 2048, 2049, 2048, 2048, 2048, 2048, 2048, 2048]","[2048, 2048, 2048, 2048, 2049, 2048, 2048, 2048, 2048, 2048, 2048]","[2048, 2049, 2048, 2048, 2048]",300.0
1220,9173,55,45,2023-09-24T06:21:16.045000+00:00,34.952,43.234,18.612,279.0,300.0,False,96.798,"[None, 2048, 2049, 2048, 2048, 2048, 2048, 2048, 2049]","[2048, 2048, 2048, 2048, 2048, 2049, 2049, 2048, 2048, 2048, 2048]","[2048, 2049, 2048, 2048, 2048]",300.0
1220,9173,14,45,2023-09-24T06:21:28.795000+00:00,35.52,43.782,19.13,,296.0,False,98.432,"[None, 2048, 2048, 2048, 2048, 2048, 2048, 2048, 2048]","[2048, 2048, 2048, 2048, 2048, 2048, 2048, 2048, 2048, 2048, 2048]","[2048, 2048, 2048, 2048, 2048]",295.0
1220,9173,31,45,2023-09-24T06:21:36.154000+00:00,35.56,43.721,18.917,,301.0,False,98.198,"[None, 2048, 2048, 2048, 2048, 2048, 2048, 2048, 2048]","[2048, 2048, 2048, 2048, 2048, 2048, 2048, 2048, 2048, 2048, 2048]","[2048, 2048, 2048, 2048, 2048]",302.0
1220,9173,10,45,2023-09-24T06:21:38.873000+00:00,35.385,43.582,18.825,,301.0,False,97.792,"[None, 2048, 2048, 2048, 2048, 2048, 2048, 2048, 2048]","[2048, 2048, 2048, 2048, 2048, 2048, 2048, 2048, 2048, 2048, 2048]","[2048, 2048, 2048, 2048]",299.0
1220,9173,40,45,2023-09-24T06:21:57.013000+00:00,35.661,43.819,19.103,278.0,294.0,False,98.583,"[None, 2048, 2048, 2048, 2048, 2048, 2048, 2048, 2049]","[2049, 2048, 2048, 2048, 2048, 2048, 2048, 2048, 2048, 2048, 2048]","[2048, 2048, 2048, 2048, 2048]",293.0
1220,9173,22,45,2023-09-24T06:21:57.810000+00:00,35.817,43.855,18.866,276.0,298.0,False,98.538,"[2049, 2049, 2048, 2048, 2048, 2048, 2048, 2048, 2048]","[2048, 2048, 2048, 2048, 2048, 2048, 2048, 2048, 2048, 2048, 2048]","[2048, 2048, 2048, 2048, 2048]",299.0
1220,9173,24,45,2023-09-24T06:22:02.779000+00:00,35.122,43.623,19.046,272.0,296.0,False,97.791,"[None, 2048, 2048, 2048, 2048, 2048, 2048, 2048, 2048]","[2049, 2048, 2048, 2048, 2048, 2048, 2048, 2048, 2048, 2048, 2048]","[2048, 2048, 2048, 2048, 2049]",294.0
1220,9173,27,45,2023-09-24T06:22:10.200000+00:00,35.245,44.803,19.088,275.0,303.0,False,99.136,"[None, 2048, 2048, 2049, 2048, 2048, 2048, 2048, 2048]","[2048, 2048, 2048, 2048, 2048, 2048, 2048, 2048, 2048, 2049, 2049]","[2049, 2048, 2048, 2048, 2049]",300.0
1220,9173,1,46,2023-09-24T06:22:12.091000+00:00,34.541,42.877,18.565,278.0,300.0,False,95.983,"[2049, 2049, 2049, 2048, 2048, 2048, 2048, 2048, 2048]","[2048, 2048, 2048, 2048, 2048, 2049, 2049, 2048, 2048, 2048, 2048]","[2048, 2048, 2048, 2048, 2048]",298.0
1220,9173,20,45,2023-09-24T06:22:18.857000+00:00,35.587,43.801,19.119,,298.0,False,98.507,"[None, 2048, 2048, 2048, 2048, 2048, 2048, 2048, 2048]","[2048, 2048, 2048, 2048, 2048, 2048, 2048, 2048, 2048, 2048, 2048]","[2048, 2048, 2048, 2048, 2048]",295.0
1220,9173,4,46,2023-09-24T06:22:29.216000+00:00,34.69,42.945,18.743,278.0,300.0,False,96.378,"[None, 2048, 2048, 2048, 2048, 2048, 2048, 2048, 2048]","[2048, 2048, 2048, 2048, 2048, 2049, 2048, 2048, 2048, 2048, 2048]","[2048, 2048, 2048, 2048, 2048]",300.0
1220,9173,81,46,2023-09-24T06:22:44.247000+00:00,34.718,43.049,18.692,283.0,300.0,False,96.459,"[None, 2048, 2048, 2049, 2049, 2049, 2048, 2048, 2051]","[2048, 2048, 2051, 2048, 2049, 2048, 2048, 2049, 2048, 2048, 2048]","[2048, 2048, 2048, 2048, 2048]",300.0
1220,9173,16,46,2023-09-24T06:22:47.387000+00:00,35.166,43.289,18.741,275.0,299.0,False,97.196,"[2048, 2048, 2048, 2048, 2048, 2049, 2048, 2048, 2048]","[2048, 2048, 2048, 2048, 2049, 2048, 2048, 2048, 2048, 2048, 2048]","[2048, 2048, 2048, 2048, 2048]",297.0
1220,9173,63,46,2023-09-24T06:22:48.903000+00:00,35.592,43.988,18.86,,300.0,False,98.44,"[None, 2048, 2048, 2048, 2048, 2049, 2048, 2049, 2048]","[2048, 2048, 2048, 2048, 2048, 2048, 2048, 2048, 2048, 2048, 2048]","[2048, 2048, 2048, 2048, 2048]",298.0
1220,9173,44,46,2023-09-24T06:22:50.169000+00:00,35.25,43.724,19.025,278.0,302.0,False,97.999,"[None, 2048, 2048, 2048, 2048, 2048, 2048, 2048, 2048]","[2048, 2048, 2048, 2048, 2048, 2048, 2048, 2048, 2048, 2048, 2048]","[2048, 2048, 2048, 2048, 2048]",304.0
1220,9173,55,46,2023-09-24T06:22:52.856000+00:00,34.97,43.087,18.726,278.0,301.0,False,96.783,"[None, 2048, 2048, 2048, 2048, 2048, 2048, 2048, 2048]","[2048, 2048, 2048, 2048, 2049, 2049, 2049, 2048, 2048, 2048, 2048]","[2048, 2048, 2048, 2048]",303.0
1220,9173,14,46,2023-09-24T06:23:07.246000+00:00,35.505,43.853,19.055,277.0,296.0,False,98.413,"[None, 2048, 2048, 2048, 2048, 2048, 2048, 2048, 2048]","[2048, 2048, 2048, 2048, 2048, 2049, 2049, 2048, 2048, 2048, 2048]","[2048, 2048, 2048, 2048, 2048]",295.0
1220,9173,31,46,2023-09-24T06:23:14.387000+00:00,35.629,43.657,21.49,276.0,300.0,False,100.776,"[None, 2048, 2048, 2048, 2048, 2048, 2048, 2048, 2049]","[2048, 2048, 2049, 2048, 2048, 2048, 2048, 2048, 2048, 2048, 2048]","[2048, 2048, 2048, 2048, 2049]",293.0
1220,9173,10,46,2023-09-24T06:23:16.684000+00:00,35.362,43.633,18.766,274.0,300.0,False,97.761,"[None, 2048, 2048, 2048, 2048, 2048, 2048, 2048, 2048]","[2048, 2048, 2048, 2048, 2048, 2048, 2048, 2048, 2048, 2048, 2048]","[2048, 2049, 2048, 2048]",300.0
1220,9173,40,46,2023-09-24T06:23:35.621000+00:00,35.811,43.879,18.973,277.0,294.0,False,98.663,"[None, 2048, 2048, 2048, 2048, 2048, 2048, 2048, 2048]","[2048, 2048, 2049, 2048, 2048, 2049, 2048, 2049, 2048, 2048, 2048]","[2048, 2048, 2048, 2048, 2048]",294.0
1220,9173,22,46,2023-09-24T06:23:36.324000+00:00,35.968,43.779,18.936,278.0,298.0,False,98.683,"[2048, 2049, 2048, 2048, 2048, 2048, 2048, 2048, 2048]","[2048, 2048, 2049, 2048, 2048, 2048, 2048, 2048, 2048, 2048, 2048]","[2048, 2048, 2048, 2048, 2048]",299.0
1220,9173,24,46,2023-09-24T06:23:40.543000+00:00,35.303,43.866,19.095,273.0,297.0,False,98.264,"[None, 2048, 2048, 2048, 2048, 2048, 2048, 2048, 2049]","[2049, 2048, 2049, 2048, 2048, 2048, 2048, 2048, 2048, 2048, 2048]","[2048, 2048, 2048, 2048, 2048]",292.0
1220,9173,1,47,2023-09-24T06:23:48.089000+00:00,34.598,43.001,18.621,,300.0,False,96.22,"[2048, 2048, 2048, 2048, 2048, 2048, 2048, 2048, 2048]","[2048, 2048, 2048, 2048, 2048, 2048, 2048, 2048, 2048, 2048, 2048]","[2048, 2048, 2048, 2048, 2048]",295.0
1220,9173,27,46,2023-09-24T06:23:49.308000+00:00,35.499,43.524,18.788,277.0,300.0,False,97.811,"[2049, 2049, 2048, 2048, 2048, 2048, 2048, 2048, 2049]","[2049, 2048, 2048, 2048, 2048, 2048, 2048, 2048, 2048, 2048, 2048]","[2048, 2048, 2048, 2048, 2048]",301.0
1220,9173,20,46,2023-09-24T06:23:57.370000+00:00,35.721,43.976,19.201,,298.0,False,98.898,"[None, 2048, 2048, 2048, 2048, 2048, 2048, 2048, 2048]","[2048, 2048, 2048, 2048, 2048, 2048, 2048, 2048, 2048, 2048, 2048]","[2048, 2048, 2048, 2048, 2048]",295.0
1220,9173,4,47,2023-09-24T06:24:05.573000+00:00,34.784,42.942,18.685,281.0,300.0,False,96.411,"[None, 2048, 2048, 2048, 2048, 2048, 2048, 2048, 2049]","[2048, 2048, 2048, 2048, 2048, 2049, 2049, 2048, 2048, 2048, 2048]","[2048, 2048, 2048, 2048, 2048]",300.0
1220,9173,81,47,2023-09-24T06:24:20.683000+00:00,34.83,43.224,18.65,282.0,300.0,False,96.704,"[None, 2048, 2048, 2048, 2049, 2048, 2048, 2048, 2048]","[2048, 2048, 2048, 2048, 2048, 2048, 2048, 2048, 2048, 2048, 2048]","[2048, 2048, 2048, 2048, 2048]",300.0
1220,9173,16,47,2023-09-24T06:24:24.589000+00:00,35.205,43.337,18.798,276.0,299.0,False,97.34,"[None, 2048, 2048, 2048, 2048, 2048, 2048, 2048, 2048]","[2048, 2048, 2048, 2048, 2048, 2048, 2048, 2048, 2048, 2048, 2048]","[2048, 2048, 2048, 2048, 2048]",299.0
1220,9173,63,47,2023-09-24T06:24:27.324000+00:00,35.725,44.081,18.933,269.0,299.0,False,98.739,"[None, 2048, 2048, 2048, 2048, 2048, 2048, 2048, 2048]","[2048, 2048, 2048, 2048, 2048, 2048, 2048, 2048, 2048, 2048, 2048]","[2048, 2048, 2048, 2048, 2048]",298.0
1220,9173,44,47,2023-09-24T06:24:28.198000+00:00,35.284,44.143,19.024,277.0,303.0,False,98.451,"[None, 2048, 2048, 2048, 2048, 2048, 2048, 2048, 2048]","[2048, 2048, 2048, 2048, 2049, 2048, 2049, 2048, 2048, 2048, 2048]","[2048, 2048, 2048, 2048, 2049]",305.0
1220,9173,55,47,2023-09-24T06:24:29.682000+00:00,35.185,43.426,18.905,279.0,304.0,False,97.516,"[None, 2048, 2049, 2048, 2048, 2048, 2048, 2048, 2049]","[2048, 2048, 2048, 2048, 2048, 2049, 2049, 2048, 2048, 2049, 2049]","[2049, 2048, 2048, 2048]",308.0
1220,9173,14,47,2023-09-24T06:24:45.682000+00:00,35.761,43.819,19.057,276.0,296.0,False,98.637,"[None, 2048, 2048, 2048, 2048, 2048, 2048, 2048, 2048]","[2048, 2048, 2048, 2048, 2049, 2049, 2048, 2048, 2048, 2048, 2048]","[2048, 2048, 2048, 2048]",296.0
1220,9173,10,47,2023-09-24T06:24:54.432000+00:00,35.51,43.709,18.847,272.0,299.0,False,98.066,"[None, 2048, 2048, 2048, 2048, 2048, 2048, 2048, 2048]","[2048, 2048, 2048, 2048, 2048, 2048, 2048, 2048, 2048, 2048, 2048]","[2048, 2048, 2048, 2048]",299.0
1220,9173,31,47,2023-09-24T06:24:55.166000+00:00,35.857,43.94,18.961,277.0,303.0,False,98.758,"[None, 2048, 2048, 2048, 2048, 2048, 2048, 2048, 2049]","[2048, 2048, 2048, 2048, 2048, 2048, 2048, 2048, 2048, 2048, 2048]","[2048, 2048, 2048, 2048, 2048]",307.0
1220,9173,40,47,2023-09-24T06:25:14.307000+00:00,35.625,43.947,19.093,276.0,294.0,False,98.665,"[None, 2048, 2048, 2048, 2049, 2048, 2048, 2048, 2048]","[2048, 2048, 2049, 2048, 2048, 2048, 2048, 2048, 2048, 2048, 2048]","[2048, 2048, 2048, 2048, 2048]",290.0
1220,9173,22,47,2023-09-24T06:25:15.010000+00:00,35.833,43.905,18.866,275.0,298.0,False,98.604,"[None, 2048, 2048, 2048, 2048, 2048, 2048, 2048, 2048]","[2048, 2048, 2049, 2048, 2048, 2048, 2048, 2048, 2048, 2048, 2048]","[2048, 2049, 2048, 2048, 2048]",300.0
1220,9173,24,47,2023-09-24T06:25:18.775000+00:00,35.251,43.863,19.118,,296.0,False,98.232,"[None, 2048, 2048, 2048, 2048, 2048, 2048, 2048, 2048]","[2048, 2048, 2048, 2048, 2048, 2048, 2048, 2048, 2048, 2048, 2048]","[2048, 2049, 2048, 2048, 2048]",294.0
1220,9173,1,48,2023-09-24T06:25:24.306000+00:00,34.643,42.894,18.661,280.0,300.0,False,96.198,"[None, 2048, 2048, 2048, 2048, 2048, 2048, 2048, 2048]","[2048, 2048, 2048, 2048, 2048, 2048, 2048, 2048, 2048, 2048, 2048]","[2048, 2048, 2048, 2048, 2048]",299.0
1220,9173,27,47,2023-09-24T06:25:27.103000+00:00,35.265,43.522,18.841,,300.0,False,97.628,"[2048, 2048, 2049, 2048, 2048, 2048, 2048, 2048, 2049]","[2049, 2048, 2048, 2048, 2048, 2048, 2048, 2048, 2048, 2048, 2048]","[2048, 2048, 2048, 2048, 2048]",299.0
1220,9173,20,47,2023-09-24T06:25:36.275000+00:00,35.677,43.945,19.18,274.0,298.0,False,98.802,"[None, 2048, 2048, 2048, 2048, 2048, 2048, 2048, 2048]","[2048, 2048, 2048, 2048, 2048, 2048, 2048, 2048, 2048, 2048, 2048]","[2048, 2048, 2048, 2048, 2048]",297.0
1220,9173,4,48,2023-09-24T06:25:41.978000+00:00,34.683,43.035,18.869,,301.0,False,96.587,"[None, 2048, 2048, 2048, 2048, 2048, 2048, 2048, 2049]","[2048, 2048, 2048, 2048, 2048, 2048, 2049, 2048, 2048, 2048, 2048]","[2048, 2048, 2048, 2048, 2048]",300.0
1220,9173,81,48,2023-09-24T06:25:57.368000+00:00,34.854,43.311,18.715,283.0,300.0,False,96.88,"[None, 2048, 2048, 2048, 2048, 2048, 2048, 2048, 2048]","[2048, 2048, 2048, 2048, 2048, 2048, 2048, 2048, 2048, 2048, 2048]","[2048, 2048, 2048, 2048, 2048]",300.0
1220,9173,16,48,2023-09-24T06:26:02.056000+00:00,35.303,43.342,18.873,277.0,298.0,False,97.518,"[None, 2048, 2048, 2048, 2048, 2048, 2048, 2048, 2048]","[2049, 2048, 2048, 2048, 2048, 2048, 2048, 2048, 2048, 2048, 2048]","[2048, 2048, 2048, 2048, 2048]",299.0
1220,9173,63,48,2023-09-24T06:26:06.087000+00:00,35.489,43.918,18.949,270.0,298.0,False,98.356,"[None, 2048, 2048, 2048, 2048, 2048, 2048, 2048, 2048]","[2048, 2048, 2048, 2048, 2048, 2048, 2048, 2048, 2048, 2048, 2048]","[2048, 2048, 2048, 2048, 2048]",298.0
1220,9173,44,48,2023-09-24T06:26:06.634000+00:00,35.597,43.897,18.922,278.0,302.0,False,98.416,"[None, 2048, 2048, 2048, 2048, 2048, 2048, 2048, 2048]","[2048, 2048, 2048, 2048, 2048, 2048, 2049, 2048, 2048, 2048, 2048]","[2048, 2048, 2048, 2048]",303.0
1220,9173,55,48,2023-09-24T06:26:07.181000+00:00,35.547,43.944,18.855,280.0,304.0,False,98.346,"[2049, 2049, 2048, 2048, 2048, 2048, 2048, 2048, 2049]","[2048, 2048, 2048, 2048, 2049, 2049, 2051, 2048, 2048, 2049, 2049]","[2049, 2048, 2048, 2048, 2049]",309.0
1220,9173,14,48,2023-09-24T06:26:24.321000+00:00,35.567,43.789,19.05,,296.0,False,98.406,"[None, 2048, 2048, 2048, 2048, 2048, 2048, 2048, 2048]","[2048, 2048, 2049, 2048, 2048, 2048, 2048, 2048, 2048, 2048, 2048]","[2048, 2048, 2048, 2048, 2048]",295.0
1220,9173,10,48,2023-09-24T06:26:32.493000+00:00,35.397,43.806,18.931,273.0,298.0,False,98.134,"[None, 2048, 2048, 2048, 2048, 2048, 2048, 2048, 2048]","[2048, 2048, 2048, 2048, 2048, 2048, 2048, 2048, 2048, 2048, 2048]","[2048, 2048, 2048, 2048]",298.0
1220,9173,31,48,2023-09-24T06:26:33.930000+00:00,35.636,43.813,18.943,274.0,303.0,False,98.392,"[None, 2048, 2048, 2048, 2048, 2048, 2048, 2048, 2048]","[2048, 2048, 2048, 2048, 2048, 2048, 2048, 2048, 2048, 2049, 2048]","[2048, 2048, 2048, 2048]",302.0
1220,9173,40,48,2023-09-24T06:26:52.977000+00:00,35.685,43.888,19.1,275.0,294.0,False,98.673,"[None, 2048, 2048, 2048, 2048, 2048, 2048, 2048, 2048]","[2048, 2048, 2048, 2048, 2048, 2048, 2048, 2048, 2048, 2048, 2048]","[2048, 2048, 2048, 2048]",289.0
1220,9173,22,48,2023-09-24T06:26:53.602000+00:00,35.86,43.801,19.026,278.0,298.0,False,98.687,"[None, 2048, 2048, 2048, 2048, 2048, 2048, 2048, 2048]","[2048, 2048, 2048, 2048, 2048, 2048, 2048, 2048, 2048, 2049, 2048]","[2048, 2048, 2048, 2048, 2048]",299.0
1220,9173,24,48,2023-09-24T06:26:57.024000+00:00,35.373,44.112,19.1,272.0,297.0,False,98.585,"[None, 2048, 2048, 2048, 2048, 2048, 2048, 2048, 2048]","[2048, 2048, 2048, 2048, 2048, 2048, 2048, 2048, 2048, 2048, 2048]","[2048, 2048, 2048, 2048, 2048]",293.0
1220,9173,1,49,2023-09-24T06:27:00.508000+00:00,34.857,43.114,18.718,275.0,301.0,False,96.689,"[None, 2048, 2048, 2048, 2048, 2048, 2048, 2048, 2048]","[2048, 2048, 2048, 2048, 2048, 2048, 2049, 2048, 2048, 2048, 2048]","[2048, 2048, 2048, 2048]",300.0
1220,9173,27,48,2023-09-24T06:27:04.789000+00:00,35.417,43.517,18.926,275.0,300.0,False,97.86,"[None, 2048, 2048, 2048, 2048, 2048, 2048, 2048, 2048]","[2048, 2048, 2048, 2048, 2048, 2048, 2048, 2048, 2048, 2048, 2048]","[2048, 2048, 2048, 2048, 2048]",295.0
1220,9173,20,48,2023-09-24T06:27:15.070000+00:00,35.771,43.906,23.007,275.0,298.0,False,102.684,"[None, 2048, 2048, 2048, 2048, 2048, 2048, 2048, 2048]","[2048, 2048, 2048, 2048, 2048, 2048, 2048, 2048, 2048, 2048, 2048]","[2048, 2048, 2048, 2048]",296.0
1220,9173,4,49,2023-09-24T06:27:18.601000+00:00,35.003,43.387,19.338,278.0,302.0,False,97.728,"[None, 2048, 2048, 2048, 2048, 2048, 2048, 2048, 2048]","[2048, 2048, 2048, 2048, 2048, 2048, 2048, 2048, 2048, 2048, 2048]","[2048, 2048, 2048, 2048, 2048]",302.0
1220,9173,81,49,2023-09-24T06:27:34.242000+00:00,34.986,43.319,18.812,282.0,301.0,False,97.117,"[None, 2048, 2048, 2048, 2048, 2048, 2048, 2048, 2048]","[2048, 2048, 2048, 2048, 2048, 2048, 2048, 2048, 2048, 2048, 2048]","[2048, 2048, 2048, 2048, 2048]",299.0
1220,9173,16,49,2023-09-24T06:27:39.460000+00:00,35.199,43.583,18.826,278.0,298.0,False,97.608,"[None, 2048, 2048, 2048, 2048, 2048, 2048, 2048, 2048]","[2048, 2048, 2048, 2048, 2048, 2048, 2048, 2048, 2048, 2048, 2048]","[2048, 2049, 2048, 2048]",299.0
1220,9173,63,49,2023-09-24T06:27:44.429000+00:00,36.752,44.443,19.397,273.0,300.0,False,100.592,"[None, 2048, 2048, 2048, 2048, 2048, 2048, 2048, 2048]","[2048, 2048, 2048, 2048, 2048, 2048, 2048, 2048, 2048, 2048, 2048]","[2048, 2048, 2048, 2048, 2048]",301.0
1220,9173,44,49,2023-09-24T06:27:45.070000+00:00,34.908,44.802,19.03,277.0,284.0,False,98.74,"[None, 2048, 2048, 2048, 2048, 2048, 2048, 2048, 2048]","[2048, 2048, 2048, 2048, 2048, 2048, 2048, 2048, 2048, 2048, 2048]","[2048, 2048, 2048, 2048]",293.0
1220,9173,55,49,2023-09-24T06:27:45.491000+00:00,36.064,44.374,19.23,278.0,305.0,False,99.668,"[None, 2049, 2048, 2048, 2048, 2048, 2048, 2048, 2048]","[2048, 2048, 2048, 2048, 2051, 2051, 2051, 2048, 2048, 2048, 2049]","[2049, 2048, 2048, 2048, 2049]",311.0
1220,9173,14,49,2023-09-24T06:28:02.757000+00:00,35.509,44.167,19.133,,297.0,False,98.809,"[None, 2048, 2048, 2048, 2048, 2048, 2048, 2048, 2048]","[2048, 2048, 2048, 2048, 2048, 2048, 2048, 2048, 2048, 2048, 2048]","[2048, 2048, 2048, 2048, 2048]",295.0
1220,9173,10,49,2023-09-24T06:28:10.647000+00:00,35.445,43.702,18.83,272.0,299.0,False,97.977,"[None, 2048, 2048, 2048, 2048, 2048, 2048, 2048, 2048]","[2048, 2048, 2048, 2048, 2048, 2048, 2048, 2048, 2048, 2048, 2048]","[2048, 2048, 2048, 2048, 2048]",298.0
1220,9173,31,49,2023-09-24T06:28:12.288000+00:00,35.631,43.86,18.89,,303.0,False,98.381,"[None, 2048, 2048, 2048, 2048, 2048, 2048, 2048, 2048]","[2048, 2048, 2049, 2048, 2048, 2049, 2048, 2048, 2048, 2048, 2048]","[2048, 2048, 2048, 2048, 2049]",303.0
1220,9173,40,49,2023-09-24T06:28:31.616000+00:00,35.497,43.84,19.011,,295.0,False,98.348,"[None, 2048, 2049, 2048, 2049, 2048, 2048, 2048, 2048]","[2048, 2048, 2048, 2048, 2048, 2048, 2048, 2048, 2048, 2048, 2048]","[2048, 2048, 2048, 2049, 2048]",292.0
1220,9173,22,49,2023-09-24T06:28:32.303000+00:00,35.884,43.844,18.771,275.0,299.0,False,98.499,"[None, 2049, 2048, 2048, 2048, 2048, 2048, 2048, 2048]","[2048, 2048, 2048, 2048, 2048, 2048, 2048, 2048, 2048, 2048, 2049]","[2048, 2049, 2048, 2048]",300.0
1220,9173,24,49,2023-09-24T06:28:35.600000+00:00,35.374,45.243,19.113,,301.0,False,99.73,"[None, 2048, 2048, 2048, 2048, 2048, 2048, 2048, 2048]","[2048, 2048, 2048, 2048, 2048, 2048, 2048, 2048, 2048, 2049, 2049]","[2049, 2048, 2048, 2048, 2049]",300.0
1220,9173,1,50,2023-09-24T06:28:37.209000+00:00,34.934,43.288,18.655,281.0,301.0,False,96.877,"[2049, 2049, 2048, 2048, 2048, 2048, 2048, 2048, 2049]","[2048, 2048, 2048, 2048, 2048, 2048, 2048, 2048, 2048, 2048, 2048]","[2048, 2048, 2048, 2048, 2048]",300.0
1220,9173,27,49,2023-09-24T06:28:42.600000+00:00,35.291,43.577,18.845,276.0,302.0,False,97.713,"[None, 2048, 2048, 2048, 2048, 2048, 2048, 2048, 2048]","[2048, 2048, 2048, 2048, 2048, 2048, 2048, 2048, 2048, 2048, 2048]","[2048, 2048, 2048, 2048]",298.0
1220,9173,4,50,2023-09-24T06:28:56.287000+00:00,35.006,43.133,18.803,281.0,300.0,False,96.942,"[None, 2048, 2048, 2048, 2048, 2048, 2048, 2048, 2048]","[2048, 2048, 2048, 2048, 2048, 2048, 2048, 2048, 2048, 2048, 2048]","[2048, 2048, 2048, 2048, 2048]",300.0
1220,9173,20,49,2023-09-24T06:28:57.756000+00:00,36.353,44.011,19.075,276.0,300.0,False,99.439,"[None, 2048, 2048, 2048, 2048, 2048, 2048, 2048, 2049]","[2048, 2048, 2048, 2048, 2048, 2048, 2048, 2048, 2048, 2048, 2048]","[2048, 2048, 2048, 2048, 2048]",301.0
1220,9173,81,50,2023-09-24T06:29:11.381000+00:00,34.94,43.403,18.788,,302.0,False,97.131,"[None, 2048, 2048, 2048, 2048, 2048, 2048, 2048, 2048]","[2048, 2048, 2048, 2048, 2048, 2048, 2048, 2048, 2048, 2048, 2048]","[2048, 2048, 2048, 2048, 2048]",301.0
1220,9173,16,50,2023-09-24T06:29:17.068000+00:00,35.302,43.516,18.786,280.0,299.0,False,97.604,"[None, 2048, 2048, 2048, 2048, 2048, 2048, 2048, 2048]","[2048, 2048, 2048, 2048, 2048, 2048, 2048, 2048, 2048, 2048, 2048]","[2048, 2048, 2048, 2048, 2048]",300.0
1220,9173,44,50,2023-09-24T06:29:23.677000+00:00,35.298,43.349,18.77,278.0,297.0,False,97.417,"[None, 2048, 2048, 2048, 2048, 2048, 2048, 2048, 2048]","[2048, 2048, 2049, 2048, 2048, 2048, 2048, 2048, 2048, 2048, 2048]","[2048, 2048, 2048, 2048, 2048]",297.0
1220,9173,63,50,2023-09-24T06:29:25.037000+00:00,36.328,44.276,19.075,269.0,301.0,False,99.679,"[2049, 2049, 2048, 2048, 2048, 2048, 2048, 2048, 2048]","[2048, 2048, 2048, 2048, 2048, 2048, 2048, 2048, 2048, 2048, 2048]","[2048, 2048, 2048, 2048]",301.0
1220,9173,55,50,2023-09-24T06:29:25.193000+00:00,35.173,43.429,18.747,277.0,301.0,False,97.349,"[2051, 2048, 2048, 2048, 2048, 2048, 2048, 2048, 2048]","[2048, 2048, 2048, 2048, 2048, 2048, 2048, 2048, 2048, 2048, 2048]","[2048, 2048, 2048, 2048, 2048]",303.0
1220,9173,14,50,2023-09-24T06:29:41.505000+00:00,35.743,44.249,19.163,277.0,297.0,False,99.155,"[None, 2048, 2048, 2048, 2048, 2048, 2048, 2048, 2048]","[2048, 2048, 2048, 2048, 2048, 2048, 2048, 2048, 2048, 2048, 2048]","[2048, 2048, 2048, 2048, 2048]",296.0
1220,9173,10,50,2023-09-24T06:29:48.599000+00:00,35.634,43.658,18.857,273.0,299.0,False,98.149,"[None, 2048, 2048, 2048, 2048, 2048, 2048, 2048, 2048]","[2048, 2048, 2048, 2048, 2048, 2048, 2048, 2048, 2048, 2048, 2048]","[2048, 2048, 2048, 2048, 2048]",299.0
1220,9173,31,50,2023-09-24T06:29:50.661000+00:00,35.68,43.834,18.816,275.0,303.0,False,98.33,"[None, 2048, 2048, 2048, 2048, 2048, 2048, 2048, 2048]","[2048, 2048, 2048, 2048, 2048, 2049, 2048, 2048, 2048, 2048, 2048]","[2048, 2049, 2048, 2048, 2048]",304.0
1220,9173,40,50,2023-09-24T06:30:09.973000+00:00,35.55,43.726,18.991,,295.0,False,98.267,"[None, 2048, 2048, 2048, 2048, 2048, 2048, 2048, 2048]","[2048, 2049, 2048, 2048, 2048, 2048, 2048, 2049, 2048, 2048, 2048]","[2048, 2048, 2048, 2048, 2048]",291.0
1220,9173,22,50,2023-09-24T06:30:10.801000+00:00,35.637,43.833,18.794,280.0,299.0,False,98.264,"[2049, 2048, 2049, 2048, 2048, 2048, 2048, 2048, 2049]","[2048, 2048, 2048, 2048, 2048, 2048, 2048, 2048, 2048, 2048, 2048]","[2048, 2049, 2048, 2048, 2048]",300.0
1220,9173,1,51,2023-09-24T06:30:14.083000+00:00,34.955,43.057,18.628,,302.0,False,96.64,"[2048, 2048, 2048, 2048, 2048, 2048, 2048, 2048, 2049]","[2048, 2048, 2048, 2048, 2048, 2048, 2048, 2048, 2048, 2048, 2048]","[2049, 2048, 2048, 2048, 2048]",302.0
1220,9173,24,50,2023-09-24T06:30:15.333000+00:00,35.243,43.85,19.005,275.0,298.0,False,98.098,"[2049, 2049, 2048, 2048, 2048, 2048, 2048, 2048, 2049]","[2048, 2048, 2048, 2048, 2048, 2048, 2048, 2048, 2048, 2048, 2048]","[2048, 2048, 2048, 2048, 2048]",297.0
1220,9173,27,50,2023-09-24T06:30:20.332000+00:00,35.36,43.408,18.887,277.0,301.0,False,97.655,"[None, 2048, 2049, 2048, 2048, 2048, 2048, 2048, 2048]","[2048, 2048, 2048, 2048, 2048, 2048, 2048, 2049, 2048, 2048, 2048]","[2048, 2049, 2048, 2048, 2048]",300.0
1220,9173,4,51,2023-09-24T06:30:33.285000+00:00,34.818,43.215,18.708,278.0,300.0,False,96.741,"[None, 2048, 2048, 2048, 2048, 2048, 2048, 2048, 2048]","[2048, 2048, 2048, 2048, 2048, 2048, 2048, 2048, 2048, 2048, 2048]","[2048, 2048, 2048, 2048, 2048]",301.0
1220,9173,20,50,2023-09-24T06:30:37.176000+00:00,35.844,44.048,19.008,274.0,299.0,False,98.9,"[None, 2048, 2048, 2048, 2048, 2048, 2048, 2048, 2048]","[2048, 2048, 2048, 2048, 2048, 2048, 2048, 2048, 2048, 2048, 2048]","[2048, 2048, 2048, 2048, 2049]",295.0
1220,9173,81,51,2023-09-24T06:30:48.488000+00:00,35.131,43.352,18.748,,302.0,False,97.231,"[None, 2048, 2048, 2048, 2048, 2048, 2048, 2048, 2048]","[2048, 2048, 2048, 2048, 2048, 2048, 2048, 2048, 2048, 2048, 2048]","[2048, 2048, 2048, 2048, 2048]",301.0
1220,9173,16,51,2023-09-24T06:30:54.707000+00:00,35.346,43.414,18.803,279.0,299.0,False,97.563,"[None, 2048, 2048, 2048, 2048, 2048, 2048, 2048, 2048]","[2048, 2048, 2048, 2048, 2048, 2048, 2048, 2048, 2048, 2048, 2048]","[2048, 2048, 2048, 2048]",300.0
1220,9173,44,51,2023-09-24T06:31:01.191000+00:00,35.27,43.498,18.763,276.0,298.0,False,97.531,"[None, 2048, 2048, 2048, 2048, 2048, 2048, 2048, 2048]","[2048, 2048, 2048, 2048, 2048, 2048, 2048, 2048, 2048, 2048, 2048]","[2048, 2048, 2048, 2048, 2048]",297.0
1220,9173,55,51,2023-09-24T06:31:02.519000+00:00,35.101,43.321,18.696,278.0,302.0,False,97.118,"[2048, 2048, 2048, 2048, 2048, 2048, 2048, 2048, 2048]","[2048, 2048, 2048, 2048, 2048, 2048, 2048, 2048, 2048, 2048, 2048]","[2048, 2048, 2048, 2048, 2048]",304.0
1220,9173,63,51,2023-09-24T06:31:04.707000+00:00,35.866,44.098,19.107,275.0,299.0,False,99.071,"[2048, 2048, 2048, 2048, 2048, 2048, 2048, 2048, 2048]","[2048, 2048, 2048, 2048, 2048, 2048, 2048, 2048, 2048, 2048, 2048]","[2048, 2048, 2048, 2048, 2048]",297.0
1220,9173,14,51,2023-09-24T06:31:20.675000+00:00,35.814,44.188,19.219,275.0,296.0,False,99.221,"[None, 2048, 2048, 2048, 2048, 2048, 2048, 2048, 2048]","[2048, 2048, 2048, 2048, 2048, 2049, 2048, 2048, 2048, 2048, 2048]","[2048, 2048, 2048, 2048, 2048]",295.0
1220,9173,10,51,2023-09-24T06:31:26.738000+00:00,35.429,43.7,18.82,,300.0,False,97.949,"[None, 2048, 2048, 2048, 2048, 2048, 2048, 2048, 2048]","[2048, 2048, 2048, 2048, 2048, 2048, 2048, 2048, 2048, 2048, 2048]","[2048, 2048, 2048, 2048, 2048]",299.0
1220,9173,31,51,2023-09-24T06:31:29.003000+00:00,35.615,43.848,18.923,,304.0,False,98.386,"[None, 2048, 2048, 2048, 2048, 2048, 2048, 2048, 2048]","[2048, 2048, 2048, 2048, 2048, 2048, 2048, 2048, 2048, 2048, 2048]","[2048, 2048, 2048, 2048, 2048]",303.0
1220,9173,40,51,2023-09-24T06:31:48.222000+00:00,35.536,43.94,19.039,277.0,295.0,False,98.515,"[None, 2048, 2048, 2048, 2049, 2049, 2048, 2048, 2048]","[2048, 2048, 2048, 2048, 2048, 2048, 2048, 2048, 2048, 2049, 2048]","[2048, 2048, 2048, 2048]",291.0
1220,9173,22,51,2023-09-24T06:31:49.050000+00:00,35.692,45.237,18.938,277.0,298.0,False,99.867,"[2048, 2048, 2049, 2048, 2048, 2048, 2048, 2048, 2048]","[2048, 2048, 2048, 2048, 2048, 2048, 2048, 2048, 2048, 2048, 2048]","[2048, 2048, 2048, 2048, 2048]",300.0
1220,9173,1,52,2023-09-24T06:31:50.722000+00:00,35.115,43.223,18.712,282.0,302.0,False,97.05,"[2049, 2049, 2048, 2048, 2048, 2048, 2048, 2048, 2049]","[2048, 2048, 2048, 2048, 2048, 2049, 2049, 2048, 2048, 2048, 2049]","[2048, 2048, 2048, 2048, 2048]",300.0
1220,9173,24,51,2023-09-24T06:31:53.456000+00:00,35.455,43.869,19.12,274.0,297.0,False,98.444,"[2048, 2048, 2048, 2048, 2048, 2048, 2048, 2048, 2048]","[2048, 2048, 2048, 2048, 2048, 2048, 2048, 2048, 2048, 2048, 2048]","[2048, 2048, 2048, 2048, 2048]",295.0
1220,9173,27,51,2023-09-24T06:31:57.971000+00:00,35.331,43.473,18.94,276.0,301.0,False,97.744,"[None, 2048, 2048, 2048, 2048, 2048, 2048, 2048, 2048]","[2049, 2048, 2048, 2048, 2048, 2049, 2048, 2048, 2048, 2048, 2048]","[2048, 2048, 2048, 2048, 2048]",296.0
1220,9173,4,52,2023-09-24T06:32:10.018000+00:00,34.804,43.16,18.746,280.0,300.0,False,96.71,"[None, 2048, 2048, 2048, 2048, 2048, 2048, 2048, 2048]","[2048, 2048, 2049, 2048, 2049, 2049, 2048, 2048, 2048, 2048, 2048]","[2048, 2048, 2048, 2048, 2048]",298.0
1220,9173,20,51,2023-09-24T06:32:16.112000+00:00,35.833,43.955,19.104,,298.0,False,98.892,"[None, 2048, 2048, 2048, 2048, 2048, 2048, 2048, 2048]","[2048, 2048, 2048, 2048, 2048, 2048, 2048, 2048, 2048, 2048, 2048]","[2048, 2048, 2048, 2048, 2048]",295.0
1220,9173,81,52,2023-09-24T06:32:26.143000+00:00,35.255,43.688,18.852,280.0,302.0,False,97.795,"[None, 2048, 2048, 2048, 2048, 2048, 2048, 2048, 2048]","[2048, 2048, 2048, 2048, 2048, 2048, 2048, 2048, 2048, 2048, 2048]","[2048, 2048, 2048, 2048, 2048]",300.0
1220,9173,16,52,2023-09-24T06:32:32.236000+00:00,35.352,43.633,18.788,280.0,299.0,False,97.773,"[None, 2048, 2048, 2048, 2048, 2048, 2048, 2048, 2049]","[2048, 2048, 2049, 2048, 2049, 2048, 2048, 2048, 2048, 2048, 2048]","[2048, 2048, 2048, 2048, 2048]",299.0
1220,9173,44,52,2023-09-24T06:32:38.736000+00:00,35.205,43.36,18.787,279.0,298.0,False,97.352,"[None, 2048, 2048, 2048, 2048, 2048, 2048, 2048, 2048]","[2048, 2048, 2048, 2048, 2048, 2048, 2048, 2048, 2048, 2048, 2048]","[2048, 2048, 2048, 2048, 2048]",296.0
1220,9173,55,52,2023-09-24T06:32:39.627000+00:00,35.169,43.545,18.675,274.0,301.0,False,97.389,"[None, 2048, 2048, 2048, 2048, 2048, 2048, 2048, 2048]","[2048, 2048, 2048, 2048, 2048, 2048, 2048, 2048, 2048, 2049, 2048]","[2048, 2049, 2048, 2048, 2048]",303.0
1220,9173,63,52,2023-09-24T06:32:43.783000+00:00,35.732,44.103,19.22,276.0,299.0,False,99.055,"[None, 2048, 2048, 2048, 2048, 2048, 2048, 2048, 2048]","[2048, 2048, 2048, 2048, 2048, 2048, 2048, 2048, 2048, 2048, 2048]","[2048, 2048, 2048, 2048]",297.0
1220,9173,14,52,2023-09-24T06:32:59.908000+00:00,35.774,44.037,19.421,,296.0,False,99.232,"[None, 2048, 2048, 2048, 2048, 2048, 2048, 2048, 2048]","[2048, 2048, 2048, 2048, 2048, 2048, 2048, 2048, 2048, 2048, 2048]","[2048, 2048, 2048, 2048, 2048]",295.0
1220,9173,10,52,2023-09-24T06:33:04.689000+00:00,35.424,43.798,19.02,,299.0,False,98.242,"[None, 2048, 2048, 2048, 2048, 2048, 2048, 2048, 2048]","[2048, 2048, 2048, 2048, 2048, 2048, 2048, 2048, 2048, 2048, 2048]","[2048, 2048, 2048, 2048, 2048]",298.0
1220,9173,31,52,2023-09-24T06:33:07.408000+00:00,35.361,43.733,18.951,,303.0,False,98.045,"[None, 2048, 2048, 2048, 2048, 2048, 2048, 2048, 2048]","[2048, 2048, 2048, 2048, 2049, 2049, 2048, 2048, 2048, 2048, 2048]","[2048, 2048, 2048, 2048, 2048]",304.0
1220,9173,40,52,2023-09-24T06:33:26.782000+00:00,37.32,43.938,19.131,276.0,298.0,False,100.389,"[None, 2048, 2048, 2048, 2048, 2048, 2048, 2048, 2048]","[2048, 2048, 2048, 2048, 2049, 2049, 2048, 2048, 2048, 2049, 2048]","[2048, 2049, 2048, 2048, 2048]",298.0
1220,9173,1,53,2023-09-24T06:33:27.782000+00:00,34.649,42.899,18.752,279.0,299.0,False,96.3,"[2048, 2048, 2048, 2048, 2048, 2048, 2048, 2048, 2048]","[2048, 2048, 2048, 2048, 2048, 2048, 2048, 2048, 2048, 2048, 2048]","[2048, 2048, 2048, 2048]",296.0
1220,9173,22,52,2023-09-24T06:33:28.939000+00:00,35.806,44.192,19.102,,299.0,False,99.1,"[None, 2048, 2049, 2048, 2048, 2048, 2048, 2048, 2048]","[2048, 2048, 2048, 2048, 2048, 2048, 2048, 2048, 2048, 2048, 2049]","[2048, 2048, 2048, 2048, 2048]",301.0
1220,9173,24,52,2023-09-24T06:33:31.892000+00:00,35.403,43.989,19.121,,297.0,False,98.513,"[None, 2048, 2048, 2048, 2048, 2048, 2048, 2048, 2048]","[2048, 2048, 2048, 2048, 2048, 2048, 2048, 2048, 2048, 2048, 2048]","[2048, 2049, 2048, 2048]",296.0
1220,9173,27,52,2023-09-24T06:33:35.720000+00:00,35.36,43.622,18.947,277.0,300.0,False,97.929,"[None, 2048, 2048, 2048, 2048, 2048, 2048, 2048, 2048]","[2048, 2048, 2048, 2048, 2048, 2048, 2048, 2048, 2048, 2048, 2048]","[2048, 2048, 2048, 2048, 2048]",300.0
1220,9173,4,53,2023-09-24T06:33:46.688000+00:00,,43.055,18.896,,299.0,False,96.755,"[None, 2048, 2048, 2048, 2048, 2048, 2048, 2048, 2048]","[2048, 2048, 2048, 2048, 2048, 2048, 2048, 2048, 2048, 2048, 2048]","[2048, 2048, 2048, 2048, 2048]",300.0
1220,9173,20,52,2023-09-24T06:33:54.985000+00:00,35.726,43.847,19.055,,297.0,False,98.628,"[None, 2048, 2048, 2048, 2048, 2048, 2048, 2048, 2048]","[2048, 2048, 2048, 2048, 2048, 2048, 2048, 2048, 2048, 2048, 2048]","[2048, 2048, 2048, 2048, 2048]",297.0
1220,9173,81,53,2023-09-24T06:34:03.532000+00:00,34.841,43.29,18.886,281.0,300.0,False,97.017,"[None, 2048, 2048, 2048, 2048, 2048, 2048, 2048, 2048]","[2048, 2048, 2048, 2048, 2048, 2048, 2048, 2048, 2048, 2048, 2048]","[2048, 2048, 2048, 2048, 2048]",301.0
1220,9173,16,53,2023-09-24T06:34:10.047000+00:00,35.417,43.669,18.963,,297.0,False,98.049,"[None, 2048, 2048, 2048, 2048, 2048, 2048, 2048, 2049]","[2048, 2048, 2048, 2048, 2048, 2048, 2048, 2048, 2048, 2048, 2048]","[2048, 2048, 2048, 2048, 2048]",299.0
1220,9173,44,53,2023-09-24T06:34:16.078000+00:00,35.269,43.309,18.775,,297.0,False,97.353,"[None, 2048, 2049, 2048, 2048, 2048, 2048, 2048, 2048]","[2048, 2048, 2048, 2048, 2048, 2049, 2048, 2048, 2048, 2048, 2048]","[2048, 2048, 2048, 2048, 2048]",298.0
1220,9173,55,53,2023-09-24T06:34:17.016000+00:00,35.17,43.444,18.645,276.0,300.0,False,97.259,"[None, 2048, 2048, 2048, 2048, 2048, 2048, 2048, 2048]","[2048, 2048, 2048, 2048, 2048, 2048, 2048, 2048, 2048, 2048, 2048]","[2048, 2048, 2048, 2048, 2048]",304.0
1220,9173,63,53,2023-09-24T06:34:22.828000+00:00,35.742,44.039,19.099,278.0,298.0,False,98.88,"[None, 2048, 2048, 2048, 2048, 2048, 2048, 2048, 2048]","[2048, 2048, 2048, 2048, 2048, 2048, 2048, 2048, 2048, 2048, 2048]","[2048, 2048, 2048, 2048, 2048]",297.0
1220,9173,14,53,2023-09-24T06:34:39.125000+00:00,35.846,43.988,19.816,276.0,295.0,False,99.65,"[None, 2048, 2048, 2048, 2048, 2048, 2048, 2048, 2048]","[2048, 2048, 2048, 2048, 2048, 2049, 2049, 2048, 2048, 2048, 2048]","[2048, 2048, 2048, 2048, 2048]",296.0
1220,9173,10,53,2023-09-24T06:34:42.937000+00:00,35.862,43.945,24.46,272.0,298.0,False,104.267,"[None, 2048, 2048, 2048, 2048, 2048, 2048, 2048, 2048]","[2048, 2048, 2048, 2048, 2048, 2048, 2048, 2048, 2048, 2048, 2048]","[2048, 2048, 2048, 2048, 2048]",300.0
1220,9173,31,53,2023-09-24T06:34:45.484000+00:00,35.535,43.813,18.944,276.0,302.0,False,98.292,"[None, 2048, 2048, 2048, 2048, 2048, 2048, 2048, 2048]","[2048, 2048, 2049, 2048, 2048, 2048, 2048, 2048, 2048, 2048, 2048]","[2048, 2048, 2048, 2048, 2048]",306.0
1220,9173,1,54,2023-09-24T06:35:03.999000+00:00,,,,,,False,,"[None, 2048, 2048, 2048, 2048, 2048, 2048, 2048, 2048]","[2048, 2048, 2048, 2048, 2048, 2048, 2048, 2048, 2048, 2048, 2048]",[2048],
